image_relpath,domain,chart_gt,path_gt,chart_pred,path_pred,q_pred_w,q_pred_x,q_pred_y,q_pred_z,err_deg
synthetic/images/img000014.jpg,synthetic_val,1,46211,1,46411,-0.5001,0.640128,-0.30006,0.5001,22.1229
synthetic/images/img000022.jpg,synthetic_val,2,30413,2,30412,0.125511,0.0753066,0.80327,-0.57735,5.06078
synthetic/images/img000026.jpg,synthetic_val,0,56625,0,56464,0.697136,0.0217855,-0.239641,0.675351,23.7545
synthetic/images/img000033.jpg,synthetic_val,3,61442,3,60553,-0.440261,0.0776931,0.33667,0.828726,7.98547
synthetic/images/img000088.jpg,synthetic_val,1,37541,1,35514,0.666887,0.735875,0.0229961,-0.114981,40.9144
synthetic/images/img000132.jpg,synthetic_val,1,53161,1,53251,0.570209,0.793334,-0.173542,0.123958,13.8608
synthetic/images/img000139.jpg,synthetic_val,1,05217,1,01656,-0.254034,0.739008,-0.484974,-0.392598,10.9269
synthetic/images/img000200.jpg,synthetic_val,1,35045,1,35443,0.507253,0.854321,0.0800926,-0.0800926,18.1544
synthetic/images/img000209.jpg,synthetic_val,0,61577,0,65103,0.871899,-0.136234,0.0817405,0.463196,19.1692
synthetic/images/img000228.jpg,synthetic_val,0,12451,0,10623,0.743784,0.0697297,-0.395135,-0.534595,15.7479
synthetic/images/img000230.jpg,synthetic_val,3,05714,3,05542,-0.159628,-0.661315,-0.0684119,0.729727,18.109
synthetic/images/img000282.jpg,synthetic_val,0,37502,0,37505,0.703849,0.593873,0.37392,-0.109976,10.9604
synthetic/images/img000343.jpg,synthetic_val,1,25773,1,27547,-0.133109,0.851896,0.505813,-0.0266217,15.5885
synthetic/images/img000344.jpg,synthetic_val,3,65542,3,65714,-0.0698809,0.209643,0.628928,0.745396,17.5555
synthetic/images/img000435.jpg,synthetic_val,0,03030,0,03027,0.695817,-0.282675,-0.195698,-0.630584,7.90081
synthetic/images/img000448.jpg,synthetic_val,2,34402,2,34525,0.318206,0.144639,0.925691,-0.144639,32.9366
synthetic/images/img000462.jpg,synthetic_val,2,14347,2,14234,0.125828,-0.478148,0.805302,-0.327154,20.1572
synthetic/images/img000482.jpg,synthetic_val,2,35200,2,30717,0.352478,0.258484,0.751953,-0.493469,17.6762
synthetic/images/img000507.jpg,synthetic_val,2,25675,2,25676,-0.29708,0.40511,0.864234,-0.0270073,10.4168
synthetic/images/img000523.jpg,synthetic_val,1,71405,1,71401,0.496065,0.835478,0.0261087,0.234978,6.3174
synthetic/images/img000524.jpg,synthetic_val,3,43200,3,42374,-0.500173,-0.0789747,0.184274,0.842397,22.1804
synthetic/images/img000533.jpg,synthetic_val,2,21526,2,16233,0.19422,-0.0277457,0.887862,-0.416185,52.7693
synthetic/images/img000637.jpg,synthetic_val,0,14423,0,14274,0.828726,0.129488,-0.492056,-0.233079,17.5668
synthetic/images/img000655.jpg,synthetic_val,2,43635,1,43722,-0.205971,0.941584,-0.0294245,0.26482,179.019
synthetic/images/img000669.jpg,synthetic_val,3,23333,2,54065,0.0626771,-0.564094,0.668555,0.480524,128.613
synthetic/images/img000741.jpg,synthetic_val,3,43352,0,43307,0.972379,-0.151934,-0.151934,0.0911606,177.194
synthetic/images/img000753.jpg,synthetic_val,3,07511,3,17060,0.431106,-0.278951,-0.278951,0.811493,56.7617
synthetic/images/img000782.jpg,synthetic_val,1,35306,2,31472,0.484974,0.161658,0.739008,-0.438786,89.5342
synthetic/images/img000857.jpg,synthetic_val,2,34612,2,34403,0.0908257,0.0908257,0.968808,-0.211927,26.6451
synthetic/images/img000907.jpg,synthetic_val,3,15540,0,16000,0.833209,0.0260378,-0.390567,-0.390567,160.216
synthetic/images/img000915.jpg,synthetic_val,3,53030,3,53245,0.493382,-0.181772,0.181772,0.830959,20.7573
synthetic/images/img000990.jpg,synthetic_val,3,16300,3,16221,0.0842816,-0.0842816,-0.421408,0.899004,23.0948
synthetic/images/img000991.jpg,synthetic_val,2,52360,2,52621,0.0895223,-0.0895223,0.954905,0.268567,24.3886
synthetic/images/img001002.jpg,synthetic_val,2,52316,2,52323,0.324796,-0.0295269,0.944862,0.0295269,12.9852
synthetic/images/img001047.jpg,synthetic_val,0,70533,0,71405,0.824315,0.489437,0.0257599,0.283358,24.0987
synthetic/images/img001069.jpg,synthetic_val,0,70335,0,71032,0.822136,0.539527,0.179842,0.0256917,27.0219
synthetic/images/img001193.jpg,synthetic_val,0,36313,0,36353,0.698464,0.327405,0.589329,-0.240097,10.745
synthetic/images/img001244.jpg,synthetic_val,0,14466,0,45423,0.647423,-0.263016,-0.505799,0.505799,74.1787
synthetic/images/img001262.jpg,synthetic_val,1,25422,1,25623,-0.339413,0.835478,0.39163,-0.182761,24.6617
synthetic/images/img001290.jpg,synthetic_val,1,36564,1,36542,0.23434,0.833209,0.494718,-0.0781133,6.7951
synthetic/images/img001291.jpg,synthetic_val,3,06572,3,06753,-0.463196,-0.136234,-0.0817405,0.871899,13.671
synthetic/images/img001292.jpg,synthetic_val,0,06523,0,06203,0.695817,-0.630584,-0.108721,-0.326164,28.0476
synthetic/images/img001322.jpg,synthetic_val,3,37304,0,32556,0.745396,0.302817,0.442579,-0.395992,160.565
synthetic/images/img001362.jpg,synthetic_val,1,25057,1,25140,-0.202495,0.925691,0.0289278,-0.318206,9.75315
synthetic/images/img001371.jpg,synthetic_val,3,16756,3,16716,0.368729,-0.141819,-0.141819,0.907642,12.9568
synthetic/images/img001443.jpg,synthetic_val,2,21627,2,20343,-0.436459,0.228622,0.665081,-0.561162,23.2928
synthetic/images/img001487.jpg,synthetic_val,1,06711,1,06720,-0.573034,0.797264,-0.0747435,-0.174402,21.9521
synthetic/images/img001513.jpg,synthetic_val,3,40345,3,40035,-0.511698,-0.552634,0.0614038,0.654974,13.2941
synthetic/images/img001522.jpg,synthetic_val,3,33144,0,31641,0.748653,0.444513,0.210559,-0.444513,165.375
synthetic/images/img001552.jpg,synthetic_val,2,17344,2,24304,-0.541664,0.211955,0.753619,-0.306158,146.657
synthetic/images/img001554.jpg,synthetic_val,3,25064,3,36034,0.122757,0.51558,-0.319169,0.785646,80.0711
synthetic/images/img001564.jpg,synthetic_val,0,47742,0,14656,0.828726,0.129488,-0.543852,-0.0258977,103.522
synthetic/images/img001567.jpg,synthetic_val,0,54135,2,51565,0.518943,-0.518943,0.615044,0.288302,177.091
synthetic/images/img001588.jpg,synthetic_val,3,65153,3,65553,-0.023094,0.069282,0.669726,0.739008,18.0848
synthetic/images/img001589.jpg,synthetic_val,0,75446,0,74530,0.745396,0.302817,0.116468,0.582341,11.8815
synthetic/images/img001621.jpg,synthetic_val,2,16703,2,16763,0.323669,-0.0294245,0.941584,-0.0882735,20.662
synthetic/images/img001664.jpg,synthetic_val,2,23150,2,21713,-0.0244339,0.268773,0.781884,-0.561979,17.1187
synthetic/images/img001665.jpg,synthetic_val,3,14024,3,05150,-0.0652328,-0.674072,-0.239187,0.695817,16.2932
synthetic/images/img001692.jpg,synthetic_val,2,75757,0,16716,0.907642,0.368729,-0.141819,-0.141819,129.534
synthetic/images/img001733.jpg,synthetic_val,3,57026,3,52756,0.342224,-0.131625,0.394874,0.842397,16.6714
synthetic/images/img001747.jpg,synthetic_val,0,42540,0,40605,0.638089,-0.578268,-0.458626,0.219343,18.458
synthetic/images/img001785.jpg,synthetic_val,0,14333,0,16154,0.826512,0.33577,-0.387427,-0.232456,14.7282
synthetic/images/img001786.jpg,synthetic_val,1,10576,1,15044,0.350311,0.659408,-0.638802,-0.185459,25.348
synthetic/images/img001848.jpg,synthetic_val,2,32401,2,32542,0.210559,0.444513,0.748653,-0.444513,18.6372
synthetic/images/img001891.jpg,synthetic_val,0,25522,0,25502,0.951522,-0.208145,0.0892052,-0.208145,13.4782
synthetic/images/img001935.jpg,synthetic_val,2,53627,1,75012,0.500142,0.762121,0.0714488,0.404877,131.604
synthetic/images/img001937.jpg,synthetic_val,2,20433,2,20450,-0.587095,0.0217443,0.695817,-0.413141,18.5669
synthetic/images/img001953.jpg,synthetic_val,0,52142,0,07355,0.941584,-0.0294245,-0.205971,-0.26482,59.5186
synthetic/images/img002019.jpg,synthetic_val,0,15441,2,16116,0.332243,-0.332243,0.817829,-0.332243,132.226
synthetic/images/img002040.jpg,synthetic_val,2,05657,2,05770,-0.0800926,-0.507253,0.854321,-0.0800926,18.1964
synthetic/images/img002111.jpg,synthetic_val,2,33260,2,32344,0.185459,0.515163,0.659408,-0.515163,17.2581
synthetic/images/img002128.jpg,synthetic_val,3,47036,3,43477,-0.239596,-0.239596,0.399326,0.851896,8.92926
synthetic/images/img002184.jpg,synthetic_val,1,56314,1,56133,0.372793,0.795292,-0.223676,0.422499,9.17395
synthetic/images/img002210.jpg,synthetic_val,3,33112,0,01111,0.589468,-0.0184209,-0.571047,-0.571047,147.994
synthetic/images/img002261.jpg,synthetic_val,0,03717,0,12446,0.830959,0.0259675,-0.337577,-0.441447,26.1117
synthetic/images/img002317.jpg,synthetic_val,3,06671,3,24521,-0.535303,0.127453,-0.178434,0.8157,26.374
synthetic/images/img002513.jpg,synthetic_val,2,43374,2,47211,-0.236924,-0.184274,0.842397,0.447523,33.3823
synthetic/images/img002526.jpg,synthetic_val,1,10522,1,10634,0.116216,0.743784,-0.441622,-0.488108,15.5198
synthetic/images/img002546.jpg,synthetic_val,0,21767,0,23475,0.74702,-0.210099,0.490232,-0.396854,16.1933
synthetic/images/img002607.jpg,synthetic_val,3,26406,0,20610,0.658291,-0.555433,0.185144,-0.473147,28.8969
synthetic/images/img002637.jpg,synthetic_val,3,75476,3,75675,0.444035,0.250976,0.598482,0.617788,14.7712
synthetic/images/img002681.jpg,synthetic_val,1,35424,1,35402,0.459124,0.864234,0.0810219,-0.189051,12.818
synthetic/images/img002702.jpg,synthetic_val,1,44336,1,24114,-0.481824,0.811493,0.0253592,-0.329669,102.263
synthetic/images/img002708.jpg,synthetic_val,0,67430,0,67430,0.680543,-0.233937,0.446606,0.531674,1.67893
synthetic/images/img002744.jpg,synthetic_val,0,22274,0,22773,0.62339,-0.331176,0.603909,-0.370138,22.8306
synthetic/images/img002756.jpg,synthetic_val,3,52435,3,52740,0.247436,-0.19245,0.357407,0.879772,15.6882
synthetic/images/img002786.jpg,synthetic_val,0,60047,0,06626,0.713582,-0.691283,-0.0222994,-0.111497,32.1468
synthetic/images/img002790.jpg,synthetic_val,3,07160,3,07512,-0.0848189,-0.367549,-0.197911,0.904735,17.8481
synthetic/images/img002914.jpg,synthetic_val,0,30030,3,60027,-0.661315,0.159628,0.0684119,0.729727,39.1482
synthetic/images/img003032.jpg,synthetic_val,0,72612,0,72302,0.74702,0.210099,0.630298,0.0233444,24.373
synthetic/images/img003033.jpg,synthetic_val,1,35215,1,31662,0.390109,0.734324,0.344214,-0.436005,26.8611
synthetic/images/img003084.jpg,synthetic_val,0,54260,0,41543,0.705215,-0.11019,-0.639101,0.286494,34.0441
synthetic/images/img003123.jpg,synthetic_val,0,51566,2,33503,0.525188,0.369577,0.622446,-0.447383,171.731
synthetic/images/img003138.jpg,synthetic_val,0,47035,0,47070,0.774521,-0.266242,-0.266242,0.508279,7.97049
synthetic/images/img003139.jpg,synthetic_val,0,42237,0,60134,0.849491,-0.504385,0.132733,0.0796398,22.5767
synthetic/images/img003170.jpg,synthetic_val,2,23576,2,23744,-0.157036,0.560843,0.717879,-0.381373,11.3708
synthetic/images/img003285.jpg,synthetic_val,0,24341,0,24724,0.765603,-0.550277,0.311026,-0.119625,20.0749
synthetic/images/img003304.jpg,synthetic_val,0,13522,0,13026,0.676879,0.359592,-0.190372,-0.613422,24.6215
synthetic/images/img003328.jpg,synthetic_val,2,25340,2,06517,-0.437917,-0.334878,0.824315,-0.128799,75.2874
synthetic/images/img003377.jpg,synthetic_val,3,56512,3,56705,0.250844,-0.159628,0.615707,0.729727,17.955
synthetic/images/img003378.jpg,synthetic_val,3,61520,3,61412,-0.313011,0.0853666,0.2561,0.910577,12.4194
synthetic/images/img003401.jpg,synthetic_val,3,43731,3,43717,-0.0292228,-0.146114,0.321451,0.935129,9.21218
synthetic/images/img003584.jpg,synthetic_val,0,12027,0,12033,0.695817,0.15221,-0.195698,-0.674072,13.6198
synthetic/images/img003639.jpg,synthetic_val,1,40302,1,60700,-0.555387,0.772712,0.217325,0.217325,84.4691
synthetic/images/img003649.jpg,synthetic_val,0,47236,0,65073,0.801253,-0.225352,0.175274,0.525822,22.8052
synthetic/images/img003707.jpg,synthetic_val,3,71601,3,71244,0.447523,0.236924,0.184274,0.842397,6.56325
synthetic/images/img003736.jpg,synthetic_val,3,50746,3,54253,0.158316,-0.474948,0.474948,0.72373,13.8825
synthetic/images/img003783.jpg,synthetic_val,3,42054,3,40632,-0.585988,-0.368955,0.195329,0.694504,7.03511
synthetic/images/img003795.jpg,synthetic_val,1,43471,1,43617,-0.254457,0.904735,-0.141365,0.311003,17.0463
synthetic/images/img003805.jpg,synthetic_val,3,24451,3,24741,-0.532542,0.228232,-0.0760775,0.811493,24.1855
synthetic/images/img003830.jpg,synthetic_val,0,50374,0,50636,0.837765,0.130901,-0.445063,0.287982,22.6124
synthetic/images/img003864.jpg,synthetic_val,2,70261,2,70264,0.0283638,0.368729,0.907642,0.198547,7.81225
synthetic/images/img003870.jpg,synthetic_val,3,34032,3,30506,0.228232,0.0760775,-0.532542,0.811493,23.7075
synthetic/images/img003877.jpg,synthetic_val,3,14351,3,17412,0.511891,-0.316885,-0.17063,0.780024,31.6468
synthetic/images/img003878.jpg,synthetic_val,0,06313,0,60707,0.774521,-0.508279,0.266242,0.266242,89.3783
synthetic/images/img003880.jpg,synthetic_val,2,40377,2,41706,-0.173117,-0.51935,0.791391,0.272041,34.2136
synthetic/images/img003901.jpg,synthetic_val,3,34251,3,34344,0.252845,0.252845,-0.252845,0.899004,10.4451
synthetic/images/img003987.jpg,synthetic_val,1,65624,1,65616,-0.246276,0.716438,0.246276,0.604494,9.87755
synthetic/images/img004110.jpg,synthetic_val,0,02715,0,03266,0.739008,-0.34641,-0.023094,-0.57735,16.6209
synthetic/images/img004258.jpg,synthetic_val,1,02715,2,04766,-0.535754,-0.395992,0.745396,-0.0232936,158.77
synthetic/images/img004429.jpg,synthetic_val,3,35702,3,35403,0.500173,0.0789747,-0.184274,0.842397,26.8124
synthetic/images/img004489.jpg,synthetic_val,0,14460,0,14652,0.826512,0.129142,-0.542398,-0.0774855,18.3522
synthetic/images/img004509.jpg,synthetic_val,2,27562,2,27475,-0.228822,0.533917,0.813589,-0.0254246,8.66652
synthetic/images/img004586.jpg,synthetic_val,0,74361,0,74260,0.791391,0.024731,0.321503,0.51935,26.6854
synthetic/images/img004672.jpg,synthetic_val,1,16173,1,16136,0.342224,0.842397,-0.236924,-0.342224,10.1094
synthetic/images/img004684.jpg,synthetic_val,0,35426,0,35461,0.849491,0.504385,0.132733,-0.0796398,11.7991
synthetic/images/img004686.jpg,synthetic_val,2,71602,2,74113,0.38137,0.0762739,0.813589,0.432219,35.0812
synthetic/images/img004707.jpg,synthetic_val,2,13623,2,31040,0.37611,0.0221241,0.707972,-0.597351,14.0819
synthetic/images/img004738.jpg,synthetic_val,1,42637,1,42421,-0.637864,0.703849,-0.241948,0.197958,27.7105
synthetic/images/img004784.jpg,synthetic_val,0,66565,0,00025,0.545992,-0.494806,-0.460681,-0.494806,174.095
synthetic/images/img004815.jpg,synthetic_val,3,60376,3,62537,-0.383697,0.51912,0.248275,0.722254,24.9221
synthetic/images/img004848.jpg,synthetic_val,0,71074,0,71007,0.854321,0.507253,0.0800926,0.0800926,12.6802
synthetic/images/img005045.jpg,synthetic_val,0,16421,0,16447,0.922608,0.0864945,-0.374809,-0.0288315,22.5949
synthetic/images/img005049.jpg,synthetic_val,1,26504,1,26527,-0.46736,0.712167,0.51187,-0.111276,18.2936
synthetic/images/img005080.jpg,synthetic_val,3,47333,3,65130,-0.0817405,0.136234,0.463196,0.871899,18.663
synthetic/images/img005103.jpg,synthetic_val,0,07662,0,60767,0.73125,-0.479882,0.342773,0.342773,68.4345
synthetic/images/img005113.jpg,synthetic_val,2,04075,1,52165,0.30334,0.882444,-0.30334,0.193035,60.9547
synthetic/images/img005155.jpg,synthetic_val,1,70151,1,70132,0.368729,0.907642,0.198547,0.0283638,26.52
synthetic/images/img005184.jpg,synthetic_val,3,61260,3,62135,-0.404877,0.500142,0.0714488,0.762121,21.5105
synthetic/images/img005334.jpg,synthetic_val,1,34526,1,34653,0.20182,0.922608,0.317146,-0.0864945,15.6504
synthetic/images/img005335.jpg,synthetic_val,3,40305,3,40314,-0.433275,-0.524491,0.0684119,0.729727,4.09683
synthetic/images/img005381.jpg,synthetic_val,1,67527,2,61755,-0.0274101,0.246691,0.877124,0.411152,70.0985
synthetic/images/img005452.jpg,synthetic_val,3,74113,3,71710,0.644126,0.199901,0.199901,0.71076,41.2693
synthetic/images/img005483.jpg,synthetic_val,2,74304,2,76005,0.0731272,0.414388,0.780024,0.463139,29.6304
synthetic/images/img005528.jpg,synthetic_val,3,21575,3,30421,0.0753066,0.125511,-0.57735,0.80327,21.7199
synthetic/images/img005529.jpg,synthetic_val,0,50423,0,05542,0.729727,-0.159628,-0.661315,-0.0684119,41.9807
synthetic/images/img005542.jpg,synthetic_val,1,34066,1,34054,0.148675,0.951522,0.0297351,-0.267615,22.2754
synthetic/images/img005617.jpg,synthetic_val,0,36017,0,34224,0.866766,0.0270864,0.352124,-0.352124,21.5318
synthetic/images/img005646.jpg,synthetic_val,0,02067,0,02646,0.667391,-0.646535,-0.10428,-0.354552,20.8843
synthetic/images/img005668.jpg,synthetic_val,3,05226,3,02556,-0.442579,-0.302817,-0.395992,0.745396,17.0767
synthetic/images/img005800.jpg,synthetic_val,2,13466,2,17003,0.45047,-0.308216,0.758686,-0.355634,10.5357
synthetic/images/img005805.jpg,synthetic_val,3,43457,3,43431,-0.248946,-0.304267,0.248946,0.88514,17.1329
synthetic/images/img005828.jpg,synthetic_val,2,56231,2,52651,0.194821,-0.194821,0.890609,0.36181,17.1161
synthetic/images/img005871.jpg,synthetic_val,0,16017,0,16514,0.842397,0.342224,-0.394874,-0.131625,30.8834
synthetic/images/img005967.jpg,synthetic_val,2,07515,2,14624,0.0266217,-0.505813,0.851896,-0.133109,11.3135
synthetic/images/img006003.jpg,synthetic_val,1,36740,1,36500,0.236924,0.842397,0.447523,-0.184274,21.9502
synthetic/images/img006099.jpg,synthetic_val,3,43741,3,43745,-0.137464,-0.19245,0.412393,0.879772,4.03158
synthetic/images/img006184.jpg,synthetic_val,2,57253,3,57206,0.412432,-0.121303,0.460953,0.776342,45.556
synthetic/images/img006210.jpg,synthetic_val,1,12105,1,11033,0.410518,0.571155,-0.446215,-0.553307,28.2914
synthetic/images/img006221.jpg,synthetic_val,1,75652,1,74177,0.350931,0.748653,0.163768,0.538095,17.1151
synthetic/images/img006421.jpg,synthetic_val,1,43345,1,43343,-0.150824,0.965275,-0.150824,0.150824,5.72195
synthetic/images/img006587.jpg,synthetic_val,3,30024,2,30070,0.117753,0.117753,0.753619,-0.635866,32.1921
synthetic/images/img006641.jpg,synthetic_val,3,40701,3,40316,-0.443543,-0.490232,0.0700331,0.74702,16.9693
synthetic/images/img006682.jpg,synthetic_val,2,05567,2,50063,0.0731272,-0.609394,0.780024,0.121879,26.6773
synthetic/images/img006689.jpg,synthetic_val,1,34602,1,25356,-0.0853666,0.910577,0.313011,-0.2561,13.4444
synthetic/images/img006716.jpg,synthetic_val,3,64130,3,60552,-0.480589,0.0758825,0.328824,0.809414,11.1198
synthetic/images/img006781.jpg,synthetic_val,1,71647,1,73414,0.484974,0.739008,0.392598,0.254034,20.3879
synthetic/images/img006795.jpg,synthetic_val,3,35141,3,35501,0.635866,0.0235506,-0.164854,0.753619,12.3171
synthetic/images/img006865.jpg,synthetic_val,0,05553,0,41435,0.72373,-0.203549,-0.610647,0.248782,41.4312
synthetic/images/img006877.jpg,synthetic_val,3,44123,3,45240,-0.318429,-0.488258,0.445801,0.679315,16.3581
synthetic/images/img006926.jpg,synthetic_val,0,52222,0,07774,0.99085,-0.0928922,-0.0928922,-0.0309641,14.2026
synthetic/images/img006943.jpg,synthetic_val,2,25723,2,25367,-0.135831,0.407494,0.869321,-0.244497,5.91234
synthetic/images/img006945.jpg,synthetic_val,0,74110,0,75003,0.780024,0.463139,0.0731272,0.414388,14.2676
synthetic/images/img006959.jpg,synthetic_val,1,73421,1,73624,0.356417,0.670902,0.608005,0.230623,18.3936
synthetic/images/img007056.jpg,synthetic_val,2,61312,2,25750,-0.0895223,0.268567,0.954905,-0.0895223,14.5202
synthetic/images/img007093.jpg,synthetic_val,0,20554,0,20644,0.659408,-0.638802,0.185459,-0.350311,31.758
synthetic/images/img007102.jpg,synthetic_val,2,42062,0,21422,0.748653,-0.350931,0.163768,-0.538095,135.587
synthetic/images/img007118.jpg,synthetic_val,1,17564,1,17461,0.488143,0.822136,-0.282609,-0.0770752,15.3197
synthetic/images/img007134.jpg,synthetic_val,1,14112,1,14022,0.023094,0.739008,-0.57735,-0.34641,29.4008
synthetic/images/img007190.jpg,synthetic_val,3,63511,3,70622,0.0274101,0.411152,0.246691,0.877124,6.11186
synthetic/images/img007200.jpg,synthetic_val,1,62004,1,06266,-0.681854,0.703849,-0.0219953,-0.197958,54.1979
synthetic/images/img007226.jpg,synthetic_val,1,70561,1,70733,0.380387,0.811493,0.380387,0.228232,34.8734
synthetic/images/img007259.jpg,synthetic_val,1,03633,1,03327,-0.114981,0.735875,-0.0229961,-0.666887,18.3558
synthetic/images/img007277.jpg,synthetic_val,1,20070,3,10537,0.311757,-0.519594,-0.436459,0.665081,50.8831
synthetic/images/img007304.jpg,synthetic_val,1,67607,2,50707,0.266242,-0.508279,0.774521,0.266242,160.035
synthetic/images/img007368.jpg,synthetic_val,0,15601,0,15254,0.702491,0.46101,-0.504916,-0.197576,6.57332
synthetic/images/img007375.jpg,synthetic_val,3,60355,3,60335,-0.440261,0.33667,0.0776931,0.828726,16.5062
synthetic/images/img007457.jpg,synthetic_val,1,24716,1,24640,-0.680538,0.702491,0.197576,-0.0658586,27.5196
synthetic/images/img007647.jpg,synthetic_val,1,40131,1,41477,-0.203549,0.72373,-0.565414,0.339248,41.7253
synthetic/images/img007698.jpg,synthetic_val,3,51607,3,51641,0.416302,-0.503945,0.284839,0.701141,7.82703
synthetic/images/img007753.jpg,synthetic_val,1,06367,1,06727,-0.543852,0.828726,-0.0258977,-0.129488,9.50776
synthetic/images/img007805.jpg,synthetic_val,3,50362,3,52405,0.0807866,-0.403933,0.296217,0.861723,28.7053
synthetic/images/img007914.jpg,synthetic_val,0,23163,0,23312,0.613234,-0.0574907,0.517416,-0.59407,10.3409
synthetic/images/img007917.jpg,synthetic_val,3,43063,3,42304,-0.573034,-0.174402,0.0747435,0.797264,28.4725
synthetic/images/img007921.jpg,synthetic_val,1,76027,1,76215,0.154266,0.705215,0.55095,0.418722,13.5412
synthetic/images/img007928.jpg,synthetic_val,0,11115,1,77167,0.509253,0.603559,0.433808,0.433808,163.041
synthetic/images/img007932.jpg,synthetic_val,3,05105,1,31600,0.387667,0.729727,0.205236,-0.524491,38.9981
synthetic/images/img007937.jpg,synthetic_val,3,21733,3,21257,-0.209189,0.255676,-0.581081,0.743784,27.0658
synthetic/images/img007966.jpg,synthetic_val,1,43050,1,43104,-0.193624,0.88514,-0.41491,0.0829819,12.0934
synthetic/images/img007975.jpg,synthetic_val,0,73476,0,27322,0.673274,-0.147279,0.652234,-0.315597,102.976
synthetic/images/img008000.jpg,synthetic_val,1,03651,1,03434,-0.266242,0.774521,-0.266242,-0.508279,12.4002
synthetic/images/img008053.jpg,synthetic_val,3,53223,3,51273,0.532299,-0.393438,0.115717,0.74059,44.6262
synthetic/images/img008078.jpg,synthetic_val,2,42321,2,27421,-0.316885,0.511891,0.780024,-0.17063,76.9232
synthetic/images/img008083.jpg,synthetic_val,1,74277,1,74143,0.275431,0.801253,0.0751175,0.525822,33.5961
synthetic/images/img008181.jpg,synthetic_val,0,44545,0,23623,0.617788,-0.250976,0.598482,-0.444035,164.658
synthetic/images/img008191.jpg,synthetic_val,2,72471,2,72044,0.0270864,0.46047,0.866766,0.189605,26.4024
synthetic/images/img008253.jpg,synthetic_val,1,20437,0,40443,0.596803,-0.540853,-0.540853,0.242451,52.9993
synthetic/images/img008398.jpg,synthetic_val,2,15315,2,26005,-0.601691,0.352715,0.663935,-0.269723,175.829
synthetic/images/img008493.jpg,synthetic_val,0,65574,3,60171,-0.46047,0.135432,0.135432,0.866766,149.494
synthetic/images/img008515.jpg,synthetic_val,0,01263,0,03045,0.707972,-0.287613,-0.331862,-0.553103,3.60967
synthetic/images/img008562.jpg,synthetic_val,1,45005,2,15067,0.415505,-0.546718,0.699798,-0.196818,30.3124
synthetic/images/img008609.jpg,synthetic_val,3,03405,3,03263,-0.296452,-0.022804,-0.615707,0.729727,38.4129
synthetic/images/img008715.jpg,synthetic_val,3,64036,3,60661,-0.617861,0.276972,0.276972,0.681778,19.6977
synthetic/images/img008747.jpg,synthetic_val,1,61574,1,65100,-0.189605,0.866766,0.0270864,0.46047,17.6362
synthetic/images/img008812.jpg,synthetic_val,1,06347,1,06621,-0.661315,0.729727,-0.0684119,-0.159628,20.3202
synthetic/images/img008856.jpg,synthetic_val,2,63174,2,63530,-0.0760775,0.532542,0.811493,0.228232,4.30222
synthetic/images/img008863.jpg,synthetic_val,0,75464,3,73277,0.454311,0.612333,0.138269,0.632085,38.7196
synthetic/images/img008866.jpg,synthetic_val,2,07551,2,07551,-0.028183,-0.422745,0.901856,-0.084549,1.93132
synthetic/images/img008868.jpg,synthetic_val,2,47124,2,47160,-0.173117,-0.272041,0.791391,0.51935,4.3219
synthetic/images/img008947.jpg,synthetic_val,3,60163,3,60305,-0.532542,0.228232,0.0760775,0.811493,7.87352
synthetic/images/img008965.jpg,synthetic_val,0,56410,0,34161,0.890609,0.306147,0.139158,-0.306147,123.25
synthetic/images/img008968.jpg,synthetic_val,3,60055,3,60142,-0.57735,0.0753066,0.125511,0.80327,7.49605
synthetic/images/img008999.jpg,synthetic_val,0,70053,0,25156,0.954905,-0.0895223,0.0895223,-0.268567,60.2008
synthetic/images/img009018.jpg,synthetic_val,1,63131,1,16466,0.0300557,0.961781,-0.270501,-0.0300557,96.5743
synthetic/images/img009103.jpg,synthetic_val,0,04336,0,00675,0.667391,-0.521399,-0.396264,-0.354552,12.6491
synthetic/images/img009175.jpg,synthetic_val,3,70172,3,70126,0.263908,0.205262,0.0879694,0.93834,13.4092
synthetic/images/img009184.jpg,synthetic_val,1,46770,1,46753,-0.364184,0.685522,-0.107113,0.621254,5.21138
synthetic/images/img009259.jpg,synthetic_val,1,63606,2,60737,-0.417374,0.368271,0.785646,0.270066,45.9001
synthetic/images/img009270.jpg,synthetic_val,3,34252,3,34142,0.2561,0.0853666,-0.313011,0.910577,28.6456
synthetic/images/img009280.jpg,synthetic_val,3,53536,3,03747,-0.135432,-0.135432,-0.46047,0.866766,126.115
synthetic/images/img009318.jpg,synthetic_val,2,45224,2,77014,0.45663,0.369653,0.695817,0.413141,137.564
synthetic/images/img009384.jpg,synthetic_val,1,54703,1,57146,0.51604,0.660531,-0.268341,0.474757,40.6331
synthetic/images/img009414.jpg,synthetic_val,3,24153,3,24503,-0.538108,0.0768726,-0.179369,0.819974,18.6313
synthetic/images/img009443.jpg,synthetic_val,0,54316,0,56255,0.787547,0.172276,-0.172276,0.566049,40.5841
synthetic/images/img009640.jpg,synthetic_val,3,17026,3,16175,0.393784,-0.288775,-0.23627,0.840072,13.594
synthetic/images/img009666.jpg,synthetic_val,1,35055,0,35145,0.74702,0.630298,0.0233444,-0.210099,27.4441
synthetic/images/img009693.jpg,synthetic_val,0,73150,0,71543,0.728214,0.61443,0.06827,0.295837,39.9933
synthetic/images/img009720.jpg,synthetic_val,2,13415,3,23121,-0.100995,0.424178,-0.626167,0.646366,54.4101
synthetic/images/img009801.jpg,synthetic_val,2,73033,2,73031,0.51494,0.470162,0.716438,0.0223887,6.48426
synthetic/images/img009880.jpg,synthetic_val,1,15775,0,15352,0.649554,0.588658,-0.42627,-0.223284,23.948
synthetic/images/img009887.jpg,synthetic_val,2,45507,1,43647,-0.342224,0.842397,-0.131625,0.394874,144.776
synthetic/images/img009916.jpg,synthetic_val,3,07357,3,07710,-0.0892052,-0.208145,-0.208145,0.951522,12.6172
synthetic/images/img009933.jpg,synthetic_val,0,13450,0,11662,0.722254,0.383697,-0.383697,-0.428838,12.9057
synthetic/images/img009943.jpg,synthetic_val,0,63331,3,05521,-0.116977,-0.631676,-0.163768,0.748653,162.557
synthetic/images/img010030.jpg,synthetic_val,2,06433,1,06111,-0.404877,0.762121,-0.357244,-0.357244,162.534
synthetic/images/img010063.jpg,synthetic_val,3,24700,3,24725,-0.51558,0.319169,-0.122757,0.785646,12.681
synthetic/images/img010079.jpg,synthetic_val,2,70124,2,70100,0.270501,0.0300557,0.961781,0.0300557,14.6736
synthetic/images/img010088.jpg,synthetic_val,2,41463,2,41665,-0.308216,-0.45047,0.758686,0.355634,14.8395
synthetic/images/img010124.jpg,synthetic_val,3,52104,3,52171,0.40161,-0.294514,0.13387,0.856767,21.9425
synthetic/images/img010133.jpg,synthetic_val,2,43434,2,43476,-0.288775,-0.23627,0.840072,0.393784,14.9066
synthetic/images/img010151.jpg,synthetic_val,2,30273,2,30003,0.0670318,0.0670318,0.715006,-0.692662,33.6458
synthetic/images/img010177.jpg,synthetic_val,1,37471,2,37405,0.460953,0.412432,0.776342,-0.121303,51.9412
synthetic/images/img010220.jpg,synthetic_val,0,55012,1,55156,0.509872,0.562617,-0.509872,0.404381,25.4771
synthetic/images/img010238.jpg,synthetic_val,2,12623,2,12626,0.0261087,-0.0261087,0.835478,-0.548282,10.0308
synthetic/images/img010321.jpg,synthetic_val,0,74725,0,74767,0.662794,0.227836,0.310685,0.642082,8.25243
synthetic/images/img010413.jpg,synthetic_val,2,67233,2,63747,-0.11172,0.603286,0.715006,0.335159,11.8688
synthetic/images/img010451.jpg,synthetic_val,2,41625,2,41174,-0.0704956,-0.63446,0.751953,0.16449,35.3117
synthetic/images/img010453.jpg,synthetic_val,1,47655,1,47645,-0.276972,0.681778,-0.149139,0.660472,8.82383
synthetic/images/img010478.jpg,synthetic_val,1,05530,1,05516,-0.0688428,0.734324,-0.665481,-0.114738,5.28426
synthetic/images/img010504.jpg,synthetic_val,0,05705,0,05677,0.856767,-0.240966,-0.455158,-0.026774,23.7389
synthetic/images/img010547.jpg,synthetic_val,3,57502,3,62154,-0.457732,0.409549,0.168638,0.770916,154.062
synthetic/images/img010583.jpg,synthetic_val,3,50604,0,16047,0.893381,0.0837545,-0.362936,-0.251263,142.316
synthetic/images/img010589.jpg,synthetic_val,2,56350,1,60555,-0.433341,0.8157,0.0254906,0.38236,171.642
synthetic/images/img010628.jpg,synthetic_val,1,26746,1,62520,-0.504916,0.702491,0.46101,0.197576,27.7347
synthetic/images/img010644.jpg,synthetic_val,0,01216,0,01141,0.61144,-0.0955375,-0.592333,-0.515903,23.6182
synthetic/images/img010697.jpg,synthetic_val,0,47626,0,65645,0.676879,-0.274982,0.190372,0.655727,27.4818
synthetic/images/img010700.jpg,synthetic_val,1,63160,1,07526,-0.203864,0.931951,-0.262111,-0.145617,101.609
synthetic/images/img010701.jpg,synthetic_val,2,67235,2,67336,-0.0618195,0.638802,0.659408,0.391524,15.0452
synthetic/images/img010723.jpg,synthetic_val,2,74242,2,76010,0.123958,0.421459,0.793334,0.421459,24.4217
synthetic/images/img010791.jpg,synthetic_val,1,63535,1,72426,0.0244339,0.781884,0.561979,0.268773,7.79581
synthetic/images/img010813.jpg,synthetic_val,2,12763,2,12273,0.164854,-0.0235506,0.753619,-0.635866,22.8793
synthetic/images/img010897.jpg,synthetic_val,0,21057,0,21143,0.756986,-0.118279,0.0709674,-0.638707,11.0401
synthetic/images/img010934.jpg,synthetic_val,2,63444,2,62725,-0.42627,0.588658,0.649554,0.223284,30.5604
synthetic/images/img010974.jpg,synthetic_val,3,57527,3,57742,0.498507,-0.0997013,0.578268,0.638089,9.78121
synthetic/images/img011010.jpg,synthetic_val,3,07476,3,07645,-0.368729,-0.198547,-0.0283638,0.907642,11.6977
synthetic/images/img011172.jpg,synthetic_val,1,56765,3,36746,0.210099,0.630298,-0.0233444,0.74702,11.5877
synthetic/images/img011177.jpg,synthetic_val,0,37124,0,37573,0.637076,0.617168,0.457898,-0.0597259,28.3887
synthetic/images/img011247.jpg,synthetic_val,2,52225,2,70003,0.0928922,0.0928922,0.99085,0.0309641,21.2778
synthetic/images/img011311.jpg,synthetic_val,1,50235,1,50233,0.189605,0.866766,-0.46047,0.0270864,7.75976
synthetic/images/img011323.jpg,synthetic_val,2,12574,1,70703,0.299715,0.871899,0.299715,0.245222,179.1
synthetic/images/img011339.jpg,synthetic_val,0,61125,0,61115,0.994672,-0.0310835,0.0310835,0.0932505,18.0568
synthetic/images/img011342.jpg,synthetic_val,3,13767,3,07242,-0.40161,-0.13387,-0.294514,0.856767,123.834
synthetic/images/img011364.jpg,synthetic_val,2,40050,1,15271,0.509854,0.709362,-0.421184,-0.243843,29.9805
synthetic/images/img011368.jpg,synthetic_val,2,07540,2,07550,-0.0842816,-0.421408,0.899004,-0.0842816,13.0632
synthetic/images/img011395.jpg,synthetic_val,2,61733,2,61176,-0.0892052,0.208145,0.951522,0.208145,26.7728
synthetic/images/img011490.jpg,synthetic_val,2,34564,2,34451,0.212708,0.0303869,0.972379,-0.0911606,14.1529
synthetic/images/img011513.jpg,synthetic_val,3,26561,3,72422,0.024731,0.568812,0.222579,0.791391,68.0949
synthetic/images/img011565.jpg,synthetic_val,2,56343,2,56523,0.255676,-0.209189,0.743784,0.581081,12.6982
synthetic/images/img011611.jpg,synthetic_val,0,23675,0,25322,0.819974,-0.179369,0.384363,-0.384363,30.1119
synthetic/images/img011612.jpg,synthetic_val,3,57721,3,67174,-0.0670318,0.469222,0.51391,0.715006,95.3069
synthetic/images/img011614.jpg,synthetic_val,1,41713,1,50610,0.122757,0.785646,-0.564683,0.220963,15.7841
synthetic/images/img011683.jpg,synthetic_val,1,05774,1,27546,-0.184787,0.844742,0.501565,-0.0263982,122.491
synthetic/images/img011853.jpg,synthetic_val,3,12777,3,16332,0.345106,-0.0265466,-0.398199,0.849491,9.93902
synthetic/images/img011894.jpg,synthetic_val,3,77735,3,77553,0.549124,0.33656,0.513697,0.566838,19.3214
synthetic/images/img011957.jpg,synthetic_val,3,24136,3,20553,-0.414388,0.0731272,-0.463139,0.780024,21.3813
synthetic/images/img011966.jpg,synthetic_val,0,51015,0,51220,0.781884,0.415376,-0.464244,0.0244339,24.6942
synthetic/images/img011990.jpg,synthetic_val,0,16430,0,16616,0.965275,0.150824,-0.150824,-0.150824,19.2551
synthetic/images/img012043.jpg,synthetic_val,2,60752,1,60756,-0.456673,0.769133,0.264389,0.360531,85.6735
synthetic/images/img012076.jpg,synthetic_val,0,17326,0,17712,0.72671,0.658581,-0.113548,-0.158968,22.3723
synthetic/images/img012085.jpg,synthetic_val,1,34225,1,34066,0.0294245,0.941584,0.205971,-0.26482,22.8584
synthetic/images/img012124.jpg,synthetic_val,3,31052,3,01616,-0.244324,-0.466436,-0.466436,0.71076,103.42
synthetic/images/img012300.jpg,synthetic_val,1,27034,1,23704,-0.151354,0.691902,0.540548,-0.454061,25.6643
synthetic/images/img012407.jpg,synthetic_val,1,06465,1,60303,-0.527146,0.80327,0.276124,0.0251022,64.9971
synthetic/images/img012415.jpg,synthetic_val,0,03631,0,03742,0.837765,-0.183261,-0.130901,-0.497423,13.0055
synthetic/images/img012425.jpg,synthetic_val,1,17647,1,16735,0.418772,0.893381,-0.0837545,-0.139591,16.6545
synthetic/images/img012434.jpg,synthetic_val,3,42500,3,16017,0.186352,-0.346083,-0.346083,0.851896,108.119
synthetic/images/img012461.jpg,synthetic_val,3,76462,2,74461,0.0688428,0.114738,0.734324,0.665481,44.2618
synthetic/images/img012476.jpg,synthetic_val,0,70423,0,70071,0.954905,0.208885,0.149204,0.149204,20.1648
synthetic/images/img012509.jpg,synthetic_val,1,31527,0,51572,0.62057,0.562392,-0.48482,0.252107,113.599
synthetic/images/img012532.jpg,synthetic_val,3,76157,3,77434,0.4091,0.4091,0.525985,0.62339,13.5985
synthetic/images/img012620.jpg,synthetic_val,3,04267,3,04363,-0.484974,-0.392598,-0.254034,0.739008,17.8304
synthetic/images/img012662.jpg,synthetic_val,2,67121,2,63545,-0.126471,0.430001,0.809414,0.379413,10.7579
synthetic/images/img012670.jpg,synthetic_val,1,43613,1,43613,-0.258625,0.919555,-0.143681,0.258625,3.6409
synthetic/images/img012676.jpg,synthetic_val,3,03410,3,30002,0.0223887,0.067166,-0.694049,0.716438,59.0516
synthetic/images/img012733.jpg,synthetic_val,0,32406,0,23506,0.739008,-0.161658,0.438786,-0.484974,22.1932
synthetic/images/img012758.jpg,synthetic_val,0,40710,0,25606,0.856767,-0.40161,0.294514,-0.13387,107.741
synthetic/images/img012817.jpg,synthetic_val,2,11424,2,14361,0.272709,-0.471042,0.793334,-0.272709,26.3473
synthetic/images/img012842.jpg,synthetic_val,3,24543,3,24751,-0.453858,0.240278,-0.0800926,0.854321,21.207
synthetic/images/img012919.jpg,synthetic_val,0,23237,3,20703,-0.45663,0.239187,-0.500118,0.695817,27.1198
synthetic/images/img012954.jpg,synthetic_val,1,62331,2,63244,-0.342059,0.570099,0.729727,0.159628,26.1335
synthetic/images/img013020.jpg,synthetic_val,3,56063,3,54263,0.0714488,-0.404877,0.500142,0.762121,19.9337
synthetic/images/img013044.jpg,synthetic_val,2,20201,3,20625,-0.582922,0.26131,-0.422116,0.643224,149.247
synthetic/images/img013062.jpg,synthetic_val,3,36630,1,34014,0.143208,0.916533,0.0286417,-0.372342,139.225
synthetic/images/img013143.jpg,synthetic_val,3,42172,3,42523,-0.520626,-0.223125,0.223125,0.793334,13.3879
synthetic/images/img013152.jpg,synthetic_val,1,74551,1,74145,0.268773,0.781884,0.0244339,0.561979,14.9586
synthetic/images/img013197.jpg,synthetic_val,3,50725,3,52531,0.393784,-0.288775,0.23627,0.840072,26.0012
synthetic/images/img013218.jpg,synthetic_val,2,14753,2,15654,0.470162,-0.51494,0.716438,-0.0223887,13.4872
synthetic/images/img013315.jpg,synthetic_val,3,43126,3,43203,-0.372342,-0.143208,0.0286417,0.916533,24.683
synthetic/images/img013407.jpg,synthetic_val,2,30144,2,12213,0.154266,-0.11019,0.705215,-0.683177,19.9545
synthetic/images/img013470.jpg,synthetic_val,1,43710,1,70061,0.0911606,0.972379,0.151934,0.151934,46.9477
synthetic/images/img013476.jpg,synthetic_val,0,43160,0,43124,0.922608,-0.20182,-0.317146,0.0864945,5.6997
synthetic/images/img013486.jpg,synthetic_val,0,62612,2,64170,-0.441622,0.116216,0.743784,0.488108,164.337
synthetic/images/img013503.jpg,synthetic_val,3,63101,3,61334,-0.0862083,0.373569,0.0862083,0.919555,10.9715
synthetic/images/img013515.jpg,synthetic_val,0,31041,0,53607,0.817829,0.485586,-0.127786,0.281129,104.242
synthetic/images/img013572.jpg,synthetic_val,2,47376,2,47740,-0.157993,-0.157993,0.722254,0.654542,19.8054
synthetic/images/img013589.jpg,synthetic_val,0,50767,0,55620,0.667391,0.354552,-0.396264,0.521399,23.6252
synthetic/images/img013712.jpg,synthetic_val,1,55515,2,00344,-0.442063,-0.442063,0.615044,-0.480503,18.0926
synthetic/images/img013719.jpg,synthetic_val,0,51434,2,51366,0.560843,-0.381373,0.717879,0.157036,163.377
synthetic/images/img013815.jpg,synthetic_val,3,46167,3,46530,-0.411587,-0.238287,0.541562,0.6932,11.2796
synthetic/images/img013823.jpg,synthetic_val,3,71607,3,71217,0.560642,0.268133,0.0731272,0.780024,26.3578
synthetic/images/img013853.jpg,synthetic_val,2,04136,2,04355,-0.387667,-0.524491,0.729727,-0.205236,8.51629
synthetic/images/img013871.jpg,synthetic_val,0,47136,0,16242,0.935129,0.0292228,-0.146114,-0.321451,96.621
synthetic/images/img013907.jpg,synthetic_val,3,52670,3,52660,0.0288315,-0.0864945,0.374809,0.922608,10.1379
synthetic/images/img013966.jpg,synthetic_val,2,66607,2,55642,0.333718,-0.41224,0.628176,0.569284,150.629
synthetic/images/img013984.jpg,synthetic_val,0,42757,0,46372,0.748653,-0.444513,-0.0233954,0.491304,17.9475
synthetic/images/img014020.jpg,synthetic_val,1,71716,1,71077,0.566049,0.787547,0.172276,0.172276,15.9122
synthetic/images/img014052.jpg,synthetic_val,0,46540,3,40611,-0.525995,-0.483916,0.189358,0.673274,157.053
synthetic/images/img014089.jpg,synthetic_val,1,50161,1,50360,0.233079,0.828726,-0.492056,0.129488,17.4658
synthetic/images/img014092.jpg,synthetic_val,3,21620,3,23064,-0.311757,0.436459,-0.519594,0.665081,16.1513
synthetic/images/img014104.jpg,synthetic_val,2,40267,2,42642,-0.664099,-0.107113,0.685522,0.278493,32.9311
synthetic/images/img014162.jpg,synthetic_val,0,71751,0,71353,0.6932,0.671537,0.238287,0.108312,18.3117
synthetic/images/img014177.jpg,synthetic_val,3,30677,3,32642,0.0217443,0.587095,-0.413141,0.695817,33.7166
synthetic/images/img014238.jpg,synthetic_val,1,44112,1,44067,-0.527796,0.582396,-0.454997,0.418597,24.2878
synthetic/images/img014248.jpg,synthetic_val,2,61523,2,61501,-0.148675,0.0297351,0.951522,0.267615,20.2128
synthetic/images/img014260.jpg,synthetic_val,2,25544,2,25457,-0.269529,0.0898429,0.958324,-0.0299476,9.13841
synthetic/images/img014276.jpg,synthetic_val,2,07107,2,07341,-0.143208,-0.200492,0.916533,-0.315058,18.7837
synthetic/images/img014339.jpg,synthetic_val,3,46454,2,40747,-0.454912,-0.454912,0.6932,0.324937,39.5567
synthetic/images/img014368.jpg,synthetic_val,3,36133,3,37062,0.383697,0.51912,-0.248275,0.722254,13.5786
synthetic/images/img014379.jpg,synthetic_val,1,35676,1,34351,0.393784,0.840072,0.23627,-0.288775,40.1908
synthetic/images/img014435.jpg,synthetic_val,3,35560,3,35065,0.492056,0.129488,-0.233079,0.828726,22.2175
synthetic/images/img014462.jpg,synthetic_val,3,10212,3,21030,-0.238287,0.108312,-0.671537,0.6932,72.7504
synthetic/images/img014567.jpg,synthetic_val,0,60337,0,62356,0.688053,-0.408531,0.580544,0.150512,26.1252
synthetic/images/img014596.jpg,synthetic_val,2,07171,2,07315,-0.0283638,-0.198547,0.907642,-0.368729,11.5982
synthetic/images/img014635.jpg,synthetic_val,1,47764,3,71207,0.488143,0.282609,0.0770752,0.822136,94.9144
synthetic/images/img014660.jpg,synthetic_val,0,34472,0,34547,0.941584,0.323669,0.0882735,-0.0294245,23.3188
synthetic/images/img014742.jpg,synthetic_val,1,51633,2,35405,0.505813,0.0266217,0.851896,-0.133109,170.84
synthetic/images/img014764.jpg,synthetic_val,0,42043,1,24434,-0.635866,0.753619,0.117753,-0.117753,22.0153
synthetic/images/img014900.jpg,synthetic_val,1,50345,1,50166,0.21338,0.758686,-0.592723,0.165963,7.40653
synthetic/images/img014918.jpg,synthetic_val,1,14061,1,14410,0.11019,0.705215,-0.683177,-0.154266,15.9377
synthetic/images/img014964.jpg,synthetic_val,3,17356,3,17717,0.687194,-0.110838,-0.110838,0.709362,8.90095
synthetic/images/img014971.jpg,synthetic_val,0,61517,0,61471,0.887862,-0.249711,0.138728,0.360694,28.4794
synthetic/images/img014977.jpg,synthetic_val,0,52355,0,52756,0.842397,0.342224,-0.131625,0.394874,24.3751
synthetic/images/img014979.jpg,synthetic_val,2,36472,2,36473,0.174402,0.573034,0.797264,-0.0747435,4.55537
synthetic/images/img015000.jpg,synthetic_val,2,25563,2,25453,-0.268567,0.0895223,0.954905,-0.0895223,17.0368
synthetic/images/img015038.jpg,synthetic_val,3,52112,3,52105,0.296217,-0.403933,0.0807866,0.861723,13.0381
synthetic/images/img015041.jpg,synthetic_val,1,12606,2,41723,-0.132733,-0.451292,0.849491,0.238919,103.893
synthetic/images/img015061.jpg,synthetic_val,0,52176,0,52175,0.849491,0.398199,-0.292013,0.185826,6.21804
synthetic/images/img015080.jpg,synthetic_val,2,57250,2,57124,0.541562,-0.238287,0.6932,0.411587,14.2767
synthetic/images/img015096.jpg,synthetic_val,3,45772,3,47541,-0.108721,-0.326164,0.630584,0.695817,9.13249
synthetic/images/img015163.jpg,synthetic_val,0,52665,0,65112,0.877124,-0.0822304,0.0822304,0.465972,31.3248
synthetic/images/img015229.jpg,synthetic_val,2,24563,1,24577,-0.46047,0.866766,0.189605,-0.0270864,114.931
synthetic/images/img015299.jpg,synthetic_val,3,75227,3,75235,0.503945,0.284839,0.416302,0.701141,12.3335
synthetic/images/img015322.jpg,synthetic_val,0,65005,0,65072,0.791391,-0.272041,0.173117,0.51935,21.5858
synthetic/images/img015382.jpg,synthetic_val,2,10230,2,12273,0.164854,-0.0235506,0.753619,-0.635866,44.2635
synthetic/images/img015482.jpg,synthetic_val,0,50454,0,50412,0.720787,0.112623,-0.653213,0.202721,13.1954
synthetic/images/img015599.jpg,synthetic_val,0,24176,0,25026,0.835478,-0.39163,0.182761,-0.339413,15.0214
synthetic/images/img015688.jpg,synthetic_val,1,52125,1,52131,0.40511,0.864234,-0.29708,0.0270073,10.3556
synthetic/images/img015793.jpg,synthetic_val,3,74375,2,75224,0.395992,0.302817,0.745396,0.442579,41.9872
synthetic/images/img015833.jpg,synthetic_val,2,63743,2,63736,-0.0652328,0.674072,0.695817,0.239187,12.5789
synthetic/images/img015875.jpg,synthetic_val,1,46110,1,41661,-0.313185,0.770916,-0.457732,0.313185,24.061
synthetic/images/img015910.jpg,synthetic_val,0,16372,0,34354,0.869321,0.353162,0.244497,-0.244497,35.1651
synthetic/images/img015926.jpg,synthetic_val,3,36437,3,36463,0.0756891,0.580283,-0.0756891,0.80735,13.6039
synthetic/images/img015985.jpg,synthetic_val,1,71726,1,71744,0.565414,0.72373,0.203549,0.339248,18.4511
synthetic/images/img016003.jpg,synthetic_val,2,60712,2,60310,-0.496065,0.234978,0.835478,0.0261087,23.5737
synthetic/images/img016016.jpg,synthetic_val,1,71430,1,71403,0.494718,0.833209,0.0781133,0.23434,9.38918
synthetic/images/img016029.jpg,synthetic_val,1,36426,1,36623,0.0663723,0.707972,0.685847,-0.154869,14.7868
synthetic/images/img016040.jpg,synthetic_val,3,37006,3,35203,0.456673,0.264389,-0.360531,0.769133,20.8943
synthetic/images/img016063.jpg,synthetic_val,2,52755,2,57236,0.491304,-0.0233954,0.748653,0.444513,23.8664
synthetic/images/img016081.jpg,synthetic_val,0,14273,0,14233,0.80327,0.175715,-0.426737,-0.376533,11.7869
synthetic/images/img016252.jpg,synthetic_val,3,56465,3,56560,0.197958,-0.241948,0.637864,0.703849,14.3636
synthetic/images/img016403.jpg,synthetic_val,2,34344,2,34711,0.403933,0.24236,0.861723,-0.188502,16.661
synthetic/images/img016411.jpg,synthetic_val,3,25006,3,21474,-0.287982,0.130901,-0.445063,0.837765,18.932
synthetic/images/img016431.jpg,synthetic_val,3,42631,3,42702,-0.564683,-0.122757,0.220963,0.785646,9.42239
synthetic/images/img016509.jpg,synthetic_val,3,71320,3,71237,0.544084,0.354837,0.0709674,0.756986,10.5037
synthetic/images/img016539.jpg,synthetic_val,2,05242,2,04372,-0.448458,-0.401252,0.755297,-0.259633,16.1517
synthetic/images/img016611.jpg,synthetic_val,1,40710,1,43434,-0.295362,0.859235,-0.295362,0.295362,33.4531
synthetic/images/img016691.jpg,synthetic_val,2,52116,2,52136,0.362936,-0.251263,0.893381,0.0837545,14.0549
synthetic/images/img016749.jpg,synthetic_val,0,30724,0,30742,0.80327,0.22592,0.276124,-0.476942,6.0962
synthetic/images/img016763.jpg,synthetic_val,2,72136,2,72055,0.186352,0.45257,0.851896,0.186352,25.2692
synthetic/images/img016774.jpg,synthetic_val,1,76021,1,76015,0.168638,0.770916,0.409549,0.457732,16.0505
synthetic/images/img016778.jpg,synthetic_val,1,71624,1,73411,0.524491,0.729727,0.387667,0.205236,17.4366
synthetic/images/img016831.jpg,synthetic_val,3,35677,3,35664,0.441447,0.337577,-0.0259675,0.830959,15.9308
synthetic/images/img016856.jpg,synthetic_val,1,01123,1,01212,-0.217961,0.634068,-0.416107,-0.614253,15.2235
synthetic/images/img016885.jpg,synthetic_val,3,07411,3,07512,-0.0848189,-0.367549,-0.197911,0.904735,21.2314
synthetic/images/img016952.jpg,synthetic_val,3,42246,0,12200,0.709362,0.0221676,-0.155173,-0.687194,12.7726
synthetic/images/img016966.jpg,synthetic_val,0,42305,0,42265,0.729727,-0.661315,-0.0684119,0.159628,23.614
synthetic/images/img017010.jpg,synthetic_val,3,44410,3,77134,0.561547,0.406638,0.36791,0.619639,178.227
synthetic/images/img017049.jpg,synthetic_val,2,60047,2,60702,-0.549021,0.262575,0.763856,0.214834,25.3997
synthetic/images/img017062.jpg,synthetic_val,1,32512,1,32735,0.298157,0.636069,0.576437,-0.41742,21.0269
synthetic/images/img017087.jpg,synthetic_val,1,31204,0,04700,0.6932,-0.498237,-0.498237,-0.151637,170.715
synthetic/images/img017294.jpg,synthetic_val,0,02621,0,02666,0.670902,-0.649937,-0.0209657,-0.356417,15.1565
synthetic/images/img017298.jpg,synthetic_val,0,61747,0,65435,0.742182,-0.208739,0.115966,0.626216,36.2522
synthetic/images/img017324.jpg,synthetic_val,0,65121,0,61575,0.896179,-0.0280056,0.140028,0.420084,14.1993
synthetic/images/img017371.jpg,synthetic_val,0,25122,0,21506,0.819974,-0.179369,0.0768726,-0.538108,21.9127
synthetic/images/img017421.jpg,synthetic_val,2,36010,2,25037,-0.247436,0.19245,0.879772,-0.357407,48.7217
synthetic/images/img017432.jpg,synthetic_val,1,52444,1,52640,0.0283638,0.907642,-0.198547,0.368729,23.5686
synthetic/images/img017434.jpg,synthetic_val,0,17211,0,17070,0.774521,0.508279,-0.266242,-0.266242,17.5829
synthetic/images/img017456.jpg,synthetic_val,0,62170,1,64210,-0.585988,0.694504,0.195329,0.368955,105.197
synthetic/images/img017534.jpg,synthetic_val,2,63475,2,67030,-0.254034,0.484974,0.739008,0.392598,7.99768
synthetic/images/img017688.jpg,synthetic_val,3,56707,3,56707,0.252424,-0.114738,0.619586,0.734324,3.30631
synthetic/images/img017740.jpg,synthetic_val,0,74423,0,74401,0.785646,0.0736543,0.0245514,0.613786,15.1138
synthetic/images/img017768.jpg,synthetic_val,0,07245,0,61651,0.869321,-0.244497,0.244497,0.353162,85.9774
synthetic/images/img017772.jpg,synthetic_val,2,21432,2,21171,-0.0237089,0.118545,0.758686,-0.640141,29.2466
synthetic/images/img017791.jpg,synthetic_val,1,52507,1,52144,0.24236,0.861723,-0.403933,0.188502,14.9051
synthetic/images/img017812.jpg,synthetic_val,1,71602,1,71607,0.471042,0.793334,0.272709,0.272709,8.75889
synthetic/images/img017844.jpg,synthetic_val,1,74614,1,74241,0.0760775,0.811493,0.228232,0.532542,14.2516
synthetic/images/img017859.jpg,synthetic_val,0,77023,3,14370,0.317641,-0.464244,-0.268773,0.781884,159.207
synthetic/images/img017864.jpg,synthetic_val,1,66224,1,02636,-0.576297,0.683019,-0.0213443,-0.448231,112.75
synthetic/images/img017872.jpg,synthetic_val,2,15115,0,16144,0.851896,0.239596,-0.399326,-0.239596,158.991
synthetic/images/img017892.jpg,synthetic_val,3,12454,3,16041,0.0807866,-0.403933,-0.296217,0.861723,16.459
synthetic/images/img017925.jpg,synthetic_val,3,61320,3,27450,-0.289574,0.447523,-0.0789747,0.842397,20.1905
synthetic/images/img017932.jpg,synthetic_val,0,07044,0,04370,0.74059,-0.439725,-0.439725,-0.254578,14.2914
synthetic/images/img017954.jpg,synthetic_val,2,51623,2,51306,0.545675,-0.458367,0.698464,0.065481,22.8269
synthetic/images/img017988.jpg,synthetic_val,1,15406,2,14044,0.0219953,-0.681854,0.703849,-0.197958,55.7444
synthetic/images/img018006.jpg,synthetic_val,0,21661,0,21742,0.811493,-0.177514,0.278951,-0.481824,15.861
synthetic/images/img018016.jpg,synthetic_val,0,64746,0,64735,0.680543,-0.361538,0.276471,0.574208,15.4044
synthetic/images/img018080.jpg,synthetic_val,1,17624,1,16735,0.418772,0.893381,-0.0837545,-0.139591,6.03677
synthetic/images/img018093.jpg,synthetic_val,0,36745,0,36116,0.770916,0.313185,0.457732,-0.313185,38.2315
synthetic/images/img018111.jpg,synthetic_val,1,61564,1,61677,-0.228232,0.811493,0.380387,0.380387,31.2451
synthetic/images/img018118.jpg,synthetic_val,2,71067,2,71254,0.525822,0.225352,0.801253,0.175274,7.63263
synthetic/images/img018130.jpg,synthetic_val,1,62173,1,62175,-0.40036,0.753619,0.494563,0.164854,4.97743
synthetic/images/img018134.jpg,synthetic_val,1,25506,1,25503,-0.150278,0.961781,0.090167,-0.21039,10.9347
synthetic/images/img018173.jpg,synthetic_val,1,70616,1,70641,0.0837545,0.893381,0.251263,0.362936,12.1068
synthetic/images/img018314.jpg,synthetic_val,1,26347,1,26523,-0.464606,0.707972,0.508855,-0.154869,9.32284
synthetic/images/img018385.jpg,synthetic_val,3,41220,3,50303,0.276124,-0.527146,0.0251022,0.80327,76.0421
synthetic/images/img018492.jpg,synthetic_val,0,17142,0,17025,0.781884,0.464244,-0.268773,-0.317641,15.9819
synthetic/images/img018494.jpg,synthetic_val,0,74474,0,47753,0.735875,-0.0229961,-0.114981,0.666887,31.1582
synthetic/images/img018507.jpg,synthetic_val,3,46537,3,46530,-0.411587,-0.238287,0.541562,0.6932,7.46547
synthetic/images/img018547.jpg,synthetic_val,0,44204,0,44001,0.573351,-0.5196,-0.555434,0.304593,17.0499
synthetic/images/img018629.jpg,synthetic_val,1,44774,1,47247,-0.311026,0.765603,-0.119625,0.550277,35.1615
synthetic/images/img018690.jpg,synthetic_val,2,25743,2,25740,-0.205262,0.263908,0.93834,-0.0879694,10.4686
synthetic/images/img018700.jpg,synthetic_val,2,23443,2,25063,-0.352124,0.189605,0.866766,-0.297951,34.9094
synthetic/images/img018716.jpg,synthetic_val,2,72573,2,73632,0.419413,0.619134,0.639106,0.179749,21.0746
synthetic/images/img018721.jpg,synthetic_val,1,41632,1,41634,-0.272709,0.793334,-0.471042,0.272709,9.13237
synthetic/images/img018743.jpg,synthetic_val,3,72013,3,70235,0.197911,0.367549,0.0848189,0.904735,17.6908
synthetic/images/img018785.jpg,synthetic_val,3,40017,3,15240,0.383697,-0.51912,-0.248275,0.722254,113.262
synthetic/images/img018830.jpg,synthetic_val,1,47222,1,43407,-0.337577,0.830959,-0.337577,0.285642,41.4338
synthetic/images/img018845.jpg,synthetic_val,2,41104,2,41054,-0.236957,-0.667787,0.689329,0.150791,13.0273
synthetic/images/img018880.jpg,synthetic_val,3,26733,3,27423,-0.308911,0.546536,-0.166337,0.760398,17.2318
synthetic/images/img018894.jpg,synthetic_val,1,06625,1,06227,-0.642859,0.709362,-0.0221676,-0.288178,18.4927
synthetic/images/img018903.jpg,synthetic_val,2,52424,2,52066,0.0294245,-0.26482,0.941584,0.205971,10.5984
synthetic/images/img018936.jpg,synthetic_val,1,42315,1,52402,0.0280056,0.896179,-0.364073,0.25205,62.3073
synthetic/images/img018946.jpg,synthetic_val,2,73136,2,34355,0.399326,0.239596,0.851896,-0.239596,55.4299
synthetic/images/img018981.jpg,synthetic_val,3,14500,3,14114,0.269723,-0.643187,-0.269723,0.663935,16.7042
synthetic/images/img019003.jpg,synthetic_val,1,56124,1,56102,0.227648,0.809414,-0.328824,0.430001,9.46015
synthetic/images/img019020.jpg,synthetic_val,2,60304,2,60555,-0.433341,0.0254906,0.8157,0.38236,46.9159
synthetic/images/img019039.jpg,synthetic_val,1,53164,1,53166,0.592723,0.758686,-0.21338,0.165963,4.76906
synthetic/images/img019047.jpg,synthetic_val,3,27150,3,36530,0.316885,0.511891,-0.17063,0.780024,45.5213
synthetic/images/img019075.jpg,synthetic_val,0,50204,0,50312,0.791391,0.321503,-0.51935,0.024731,32.9037
synthetic/images/img019235.jpg,synthetic_val,1,21645,1,25035,-0.249711,0.887862,0.138728,-0.360694,18.0556
synthetic/images/img019238.jpg,synthetic_val,3,25204,3,21474,-0.287982,0.130901,-0.445063,0.837765,17.2476
synthetic/images/img019243.jpg,synthetic_val,2,16260,2,16261,0.0879694,-0.0879694,0.93834,-0.322554,7.63632
synthetic/images/img019269.jpg,synthetic_val,3,15376,3,15704,0.532639,-0.490028,-0.106528,0.681778,19.169
synthetic/images/img019310.jpg,synthetic_val,2,16542,2,16473,0.205262,-0.263908,0.93834,-0.0879694,12.3485
synthetic/images/img019348.jpg,synthetic_val,3,63060,3,63257,-0.207404,0.622212,0.161314,0.737437,20.0737
synthetic/images/img019359.jpg,synthetic_val,1,67663,2,67002,-0.344214,0.436005,0.734324,0.390109,31.2843
synthetic/images/img019430.jpg,synthetic_val,3,12566,3,16341,0.30334,-0.193035,-0.30334,0.882444,19.2044
synthetic/images/img019444.jpg,synthetic_val,3,52213,3,16653,0.21039,-0.150278,-0.090167,0.961781,13.0553
synthetic/images/img019480.jpg,synthetic_val,1,26000,1,26003,-0.585769,0.646366,0.38378,-0.302984,6.91205
synthetic/images/img019493.jpg,synthetic_val,3,57257,3,57427,0.405542,-0.192099,0.576297,0.683019,16.2493
synthetic/images/img019495.jpg,synthetic_val,3,14703,3,14612,0.127453,-0.535303,-0.178434,0.8157,14.9025
synthetic/images/img019508.jpg,synthetic_val,1,26555,1,26557,-0.415376,0.781884,0.464244,-0.0244339,5.784
synthetic/images/img019544.jpg,synthetic_val,0,72414,0,72522,0.772712,0.217325,0.555387,0.217325,20.3005
synthetic/images/img019545.jpg,synthetic_val,0,07103,0,03456,0.799251,-0.274743,-0.324696,-0.424602,15.3669
synthetic/images/img019572.jpg,synthetic_val,3,24764,3,26545,-0.50128,0.405798,-0.0238705,0.763856,12.7532
synthetic/images/img019583.jpg,synthetic_val,1,03071,1,03704,-0.177059,0.809414,-0.177059,-0.531178,15.3362
synthetic/images/img019637.jpg,synthetic_val,0,00147,0,03404,0.73125,-0.342773,-0.342773,-0.479882,27.9785
synthetic/images/img019664.jpg,synthetic_val,2,60202,0,05402,0.691902,-0.324329,-0.627036,-0.151354,19.1224
synthetic/images/img019680.jpg,synthetic_val,3,73057,3,71207,0.488143,0.282609,0.0770752,0.822136,21.7022
synthetic/images/img019717.jpg,synthetic_val,0,70100,0,71001,0.859235,0.510171,0.0268511,0.0268511,32.485
synthetic/images/img019754.jpg,synthetic_val,3,67353,3,63776,-0.0636858,0.658087,0.318429,0.679315,18.0638
synthetic/images/img019755.jpg,synthetic_val,2,34464,2,25573,-0.0303869,0.212708,0.972379,-0.0911606,9.78399
synthetic/images/img019807.jpg,synthetic_val,1,65707,1,65342,-0.173117,0.791391,0.272041,0.51935,16.0736
synthetic/images/img019855.jpg,synthetic_val,3,25326,3,25275,-0.244497,0.353162,-0.244497,0.869321,10.7039
synthetic/images/img019971.jpg,synthetic_val,1,56677,1,56774,0.279521,0.688053,-0.0645049,0.666551,13.3313
synthetic/images/img020011.jpg,synthetic_val,2,43133,2,16465,0.0882735,-0.323669,0.941584,-0.0294245,17.4022
synthetic/images/img020038.jpg,synthetic_val,3,65560,3,65716,-0.0691347,0.253494,0.622212,0.737437,19.0834
synthetic/images/img020052.jpg,synthetic_val,1,54373,1,54155,0.286613,0.61144,-0.592333,0.439473,26.539
synthetic/images/img020080.jpg,synthetic_val,3,34023,3,30562,0.231226,0.179842,-0.488143,0.822136,19.5321
synthetic/images/img020102.jpg,synthetic_val,1,52202,1,52203,0.0921878,0.983336,-0.153646,0.0307293,9.36555
synthetic/images/img020179.jpg,synthetic_val,3,12373,3,30052,0.118279,0.0709674,-0.638707,0.756986,28.6942
synthetic/images/img020198.jpg,synthetic_val,1,62253,1,62136,-0.433275,0.729727,0.524491,0.0684119,14.6111
synthetic/images/img020252.jpg,synthetic_val,2,52262,2,52261,0.0918415,-0.0918415,0.979643,0.153069,8.44896
synthetic/images/img020344.jpg,synthetic_val,0,56230,0,54262,0.763856,0.0238705,-0.405798,0.50128,43.6779
synthetic/images/img020416.jpg,synthetic_val,3,31772,3,33771,0.549124,0.513697,-0.33656,0.566838,27.465
synthetic/images/img020451.jpg,synthetic_val,1,62125,1,06623,-0.662695,0.73125,-0.0228515,-0.159961,68.4656
synthetic/images/img020500.jpg,synthetic_val,0,16711,0,16711,0.871899,0.408703,-0.190728,-0.190728,3.24592
synthetic/images/img020520.jpg,synthetic_val,1,12526,1,12743,0.281129,0.817829,-0.127786,-0.485586,12.4835
synthetic/images/img020553.jpg,synthetic_val,0,50047,0,50677,0.80327,0.175715,-0.426737,0.376533,39.9498
synthetic/images/img020561.jpg,synthetic_val,3,53202,3,52136,0.362936,-0.251263,0.0837545,0.893381,16.981
synthetic/images/img020568.jpg,synthetic_val,2,53751,3,53736,0.650578,-0.0224337,0.246771,0.717879,75.9174
synthetic/images/img020607.jpg,synthetic_val,2,27576,2,27567,-0.125828,0.578811,0.805302,-0.0251657,4.38955
synthetic/images/img020675.jpg,synthetic_val,0,50006,3,41170,-0.0709674,-0.638707,0.118279,0.756986,170.553
synthetic/images/img020747.jpg,synthetic_val,3,72250,3,72051,0.187958,0.456468,0.134255,0.859235,22.5985
synthetic/images/img020767.jpg,synthetic_val,0,21336,0,23313,0.614137,-0.0191918,0.518178,-0.594945,22.2299
synthetic/images/img020777.jpg,synthetic_val,1,23362,1,13472,0.480888,0.732782,-0.206095,-0.435089,121.413
synthetic/images/img020824.jpg,synthetic_val,0,40305,0,40260,0.65718,-0.636643,-0.390201,0.102684,22.5392
synthetic/images/img020904.jpg,synthetic_val,3,54574,2,07506,-0.196657,-0.36522,0.899004,-0.140469,111.076
synthetic/images/img021012.jpg,synthetic_val,2,51672,2,54117,0.302984,-0.585769,0.646366,0.38378,31.2175
synthetic/images/img021090.jpg,synthetic_val,3,06052,3,04215,-0.51604,-0.474757,-0.268341,0.660531,25.3974
synthetic/images/img021128.jpg,synthetic_val,2,47670,3,47542,-0.153375,-0.284839,0.635409,0.701141,27.9568
synthetic/images/img021133.jpg,synthetic_val,1,25757,1,25776,-0.084549,0.901856,0.422745,-0.028183,14.0002
synthetic/images/img021170.jpg,synthetic_val,3,53763,0,61355,0.941584,-0.0294245,0.26482,0.205971,72.6272
synthetic/images/img021177.jpg,synthetic_val,1,60351,1,61266,-0.384363,0.819974,0.384363,0.179369,18.4372
synthetic/images/img021178.jpg,synthetic_val,1,16717,1,16536,0.360694,0.887862,-0.249711,-0.138728,15.949
synthetic/images/img021233.jpg,synthetic_val,0,62320,0,63416,0.793334,-0.272709,0.471042,0.272709,40.3011
synthetic/images/img021263.jpg,synthetic_val,1,01063,1,01037,-0.177497,0.631101,-0.493048,-0.571935,8.47865
synthetic/images/img021266.jpg,synthetic_val,3,26463,3,46237,-0.557486,-0.0222994,0.423689,0.713582,79.6799
synthetic/images/img021391.jpg,synthetic_val,0,43403,0,43416,0.844742,-0.29038,-0.343176,0.29038,7.95761
synthetic/images/img021392.jpg,synthetic_val,3,16057,3,16073,0.196039,-0.25205,-0.308062,0.896179,12.7675
synthetic/images/img021394.jpg,synthetic_val,1,61777,1,56206,0.0266217,0.851896,-0.133109,0.505813,62.9264
synthetic/images/img021438.jpg,synthetic_val,2,20164,2,20500,-0.503945,0.0219107,0.701141,-0.503945,12.3838
synthetic/images/img021469.jpg,synthetic_val,3,64163,3,64111,-0.424602,0.0249766,0.424602,0.799251,19.91
synthetic/images/img021473.jpg,synthetic_val,1,52757,1,57402,0.370354,0.697136,-0.283212,0.544638,30.0914
synthetic/images/img021577.jpg,synthetic_val,3,34612,3,34433,0.204559,0.204559,-0.204559,0.935129,11.9035
synthetic/images/img021704.jpg,synthetic_val,3,21044,3,21472,-0.278951,0.177514,-0.481824,0.811493,25.5195
synthetic/images/img021724.jpg,synthetic_val,1,40632,1,24267,-0.622398,0.686784,0.32193,-0.193158,91.7982
synthetic/images/img021806.jpg,synthetic_val,1,30462,1,34025,0.0856444,0.91354,0.142741,-0.371126,17.9577
synthetic/images/img021841.jpg,synthetic_val,1,10654,1,10414,0.100995,0.646366,-0.626167,-0.424178,15.1901
synthetic/images/img021879.jpg,synthetic_val,1,60270,1,06617,-0.606517,0.776342,-0.121303,-0.121303,56.5566
synthetic/images/img021883.jpg,synthetic_val,2,25514,2,25503,-0.150278,0.090167,0.961781,-0.21039,10.3877
synthetic/images/img021893.jpg,synthetic_val,0,45213,0,45613,0.686784,-0.193158,-0.450702,0.53655,19.599
synthetic/images/img021986.jpg,synthetic_val,1,41676,1,47050,-0.258484,0.751953,-0.352478,0.493469,15.9115
synthetic/images/img022004.jpg,synthetic_val,3,25257,3,25720,-0.194821,0.36181,-0.194821,0.890609,9.61228
synthetic/images/img022009.jpg,synthetic_val,2,36025,2,34263,0.0807866,0.403933,0.861723,-0.296217,16.8537
synthetic/images/img022065.jpg,synthetic_val,2,34523,2,34611,0.20182,0.259483,0.922608,-0.20182,14.5137
synthetic/images/img022067.jpg,synthetic_val,1,50353,1,50360,0.233079,0.828726,-0.492056,0.129488,15.5392
synthetic/images/img022104.jpg,synthetic_val,2,13765,2,20470,-0.583792,0.10811,0.691902,-0.410817,148.032
synthetic/images/img022115.jpg,synthetic_val,0,23756,0,27300,0.729727,-0.159628,0.570099,-0.342059,10.272
synthetic/images/img022137.jpg,synthetic_val,0,70770,0,70772,0.80327,0.326328,0.376533,0.326328,4.34071
synthetic/images/img022231.jpg,synthetic_val,3,13642,3,13644,0.418384,-0.172276,-0.418384,0.787547,7.07912
synthetic/images/img022412.jpg,synthetic_val,1,37735,1,57432,0.450702,0.686784,-0.193158,0.53655,117.884
synthetic/images/img022425.jpg,synthetic_val,0,61177,0,61513,0.958324,-0.0299476,0.0898429,0.269529,18.5691
synthetic/images/img022541.jpg,synthetic_val,2,76702,1,76421,0.065481,0.698464,0.458367,0.545675,29.8698
synthetic/images/img022562.jpg,synthetic_val,3,03561,3,03522,-0.17063,-0.219382,-0.560642,0.780024,11.3345
synthetic/images/img022580.jpg,synthetic_val,3,26355,0,23335,0.615044,-0.0192201,0.557383,-0.557383,82.8328
synthetic/images/img022612.jpg,synthetic_val,1,15672,1,17456,0.51935,0.791391,-0.321503,-0.024731,10.55
synthetic/images/img022635.jpg,synthetic_val,0,63731,0,34362,0.840072,0.23627,0.393784,-0.288775,73.3018
synthetic/images/img022651.jpg,synthetic_val,0,01473,3,51211,0.503945,-0.503945,0.0219107,0.701141,162.974
synthetic/images/img022679.jpg,synthetic_val,1,23713,1,32460,0.0233954,0.748653,0.491304,-0.444513,12.9823
synthetic/images/img022689.jpg,synthetic_val,2,27532,2,27147,-0.129488,0.492056,0.828726,-0.233079,13.7389
synthetic/images/img022746.jpg,synthetic_val,1,25726,1,27500,-0.186352,0.851896,0.45257,-0.186352,4.98314
synthetic/images/img022750.jpg,synthetic_val,1,14775,1,16433,0.20182,0.922608,-0.259483,-0.20182,38.7367
synthetic/images/img022807.jpg,synthetic_val,1,12721,1,32040,0.0221241,0.707972,0.37611,-0.597351,59.8267
synthetic/images/img022845.jpg,synthetic_val,3,34544,3,16366,0.261226,-0.0290252,-0.261226,0.928805,27.7151
synthetic/images/img022867.jpg,synthetic_val,3,41207,3,41217,-0.228232,-0.532542,0.0760775,0.811493,8.7725
synthetic/images/img022870.jpg,synthetic_val,0,74003,0,74002,0.879772,0.0274929,0.0824786,0.467379,7.24617
synthetic/images/img022888.jpg,synthetic_val,0,16343,0,16305,0.866766,0.297951,-0.189605,-0.352124,5.99258
synthetic/images/img022929.jpg,synthetic_val,2,33542,2,33504,0.512558,0.348539,0.656074,-0.430548,5.31272
synthetic/images/img022945.jpg,synthetic_val,0,24445,0,60220,0.689329,-0.667787,0.28004,0.0215415,29.455
synthetic/images/img023082.jpg,synthetic_val,3,43070,3,43200,-0.416185,-0.19422,0.0277457,0.887862,24.7528
synthetic/images/img023085.jpg,synthetic_val,0,61365,0,61356,0.922608,-0.0864945,0.317146,0.20182,7.85276
synthetic/images/img023117.jpg,synthetic_val,1,52076,1,52215,0.208145,0.951522,-0.208145,0.0892052,12.0779
synthetic/images/img023135.jpg,synthetic_val,2,63742,2,63736,-0.0652328,0.674072,0.695817,0.239187,14.0185
synthetic/images/img023210.jpg,synthetic_val,2,32061,1,30154,0.304808,0.750298,0.0234468,-0.58617,91.1248
synthetic/images/img023249.jpg,synthetic_val,0,74135,0,74361,0.763856,0.262575,0.310316,0.50128,28.0729
synthetic/images/img023254.jpg,synthetic_val,3,32554,3,31661,0.434179,0.29707,-0.434179,0.73125,19.1769
synthetic/images/img023274.jpg,synthetic_val,1,16376,1,35601,0.488143,0.822136,0.231226,-0.179842,34.1275
synthetic/images/img023358.jpg,synthetic_val,3,47140,3,47037,-0.228822,-0.228822,0.483068,0.813589,19.2475
synthetic/images/img023402.jpg,synthetic_val,3,01650,3,01156,-0.060012,-0.580116,-0.5001,0.640128,25.1404
synthetic/images/img023432.jpg,synthetic_val,0,34507,0,14767,0.844742,0.29038,-0.448769,-0.0263982,64.2649
synthetic/images/img023447.jpg,synthetic_val,3,35035,3,33471,0.47395,0.432737,-0.391524,0.659408,37.8876
synthetic/images/img023472.jpg,synthetic_val,3,47330,3,43760,-0.197911,-0.0848189,0.367549,0.904735,16.0635
synthetic/images/img023609.jpg,synthetic_val,1,35242,1,30576,0.332243,0.817829,0.1789,-0.434472,22.8051
synthetic/images/img023614.jpg,synthetic_val,1,61356,1,61136,-0.0908257,0.968808,0.211927,0.0908257,18.0002
synthetic/images/img023617.jpg,synthetic_val,3,14210,3,14234,0.125828,-0.478148,-0.327154,0.805302,7.65103
synthetic/images/img023619.jpg,synthetic_val,2,71062,2,70743,0.29038,0.29038,0.844742,0.343176,29.5905
synthetic/images/img023626.jpg,synthetic_val,0,16475,0,16550,0.847106,0.344137,-0.397081,-0.0794162,18.2185
synthetic/images/img023672.jpg,synthetic_val,3,61352,3,61134,-0.0918415,0.153069,0.0918415,0.979643,18.3974
synthetic/images/img023705.jpg,synthetic_val,1,06406,0,62244,0.62057,-0.601177,0.48482,0.13575,27.528
synthetic/images/img023733.jpg,synthetic_val,2,72652,2,72641,0.0701862,0.584885,0.748653,0.30414,5.09266
synthetic/images/img023754.jpg,synthetic_val,2,42744,2,46363,-0.480888,-0.0228994,0.732782,0.480888,23.2845
synthetic/images/img023819.jpg,synthetic_val,3,43310,3,43343,-0.150824,-0.150824,0.150824,0.965275,18.2759
synthetic/images/img023852.jpg,synthetic_val,0,36036,0,36043,0.822136,0.0770752,0.488143,-0.282609,12.229
synthetic/images/img023869.jpg,synthetic_val,3,43401,3,43626,-0.40511,-0.0270073,0.29708,0.864234,41.3621
synthetic/images/img023880.jpg,synthetic_val,2,61477,2,61657,-0.23627,0.288775,0.840072,0.393784,13.1033
synthetic/images/img023900.jpg,synthetic_val,2,65530,2,65235,-0.222579,0.321503,0.791391,0.469888,32.6751
synthetic/images/img023903.jpg,synthetic_val,3,36727,3,52373,0.420084,-0.0280056,0.140028,0.896179,92.6474
synthetic/images/img023927.jpg,synthetic_val,3,06350,3,02755,-0.418384,-0.172276,-0.418384,0.787547,14.3674
synthetic/images/img023953.jpg,synthetic_val,2,27765,2,27727,-0.110838,0.687194,0.709362,-0.110838,11.2749
synthetic/images/img023973.jpg,synthetic_val,3,26550,3,26172,-0.421184,0.509854,-0.243843,0.709362,22.1145
synthetic/images/img023994.jpg,synthetic_val,1,21521,0,14022,0.739008,0.023094,-0.57735,-0.34641,173.862
synthetic/images/img024016.jpg,synthetic_val,0,43137,0,43317,0.983336,-0.0307293,-0.153646,0.0921878,13.7728
synthetic/images/img024030.jpg,synthetic_val,1,46023,0,24227,0.673274,-0.610155,0.315597,-0.273518,20.0852
synthetic/images/img024071.jpg,synthetic_val,1,32672,2,32637,0.140705,0.623123,0.643224,-0.422116,7.33068
synthetic/images/img024117.jpg,synthetic_val,3,13465,3,13634,0.479882,-0.0685546,-0.479882,0.73125,24.8673
synthetic/images/img024207.jpg,synthetic_val,1,72253,1,72205,0.0734773,0.783758,0.612311,0.0734773,11.7724
synthetic/images/img024215.jpg,synthetic_val,2,07356,2,07522,-0.20182,-0.259483,0.922608,-0.20182,22.0811
synthetic/images/img024216.jpg,synthetic_val,3,76635,3,76254,0.106528,0.532639,0.490028,0.681778,8.45176
synthetic/images/img024285.jpg,synthetic_val,0,47234,0,46373,0.763856,-0.405798,-0.0238705,0.50128,14.9491
synthetic/images/img024313.jpg,synthetic_val,0,66350,3,60776,-0.443543,0.350165,0.350165,0.74702,170.574
synthetic/images/img024370.jpg,synthetic_val,1,74007,1,70465,0.0837545,0.893381,0.139591,0.418772,12.0876
synthetic/images/img024441.jpg,synthetic_val,2,76161,2,76051,0.164854,0.40036,0.753619,0.494563,13.6396
synthetic/images/img024455.jpg,synthetic_val,2,53041,1,67057,-0.201498,0.716438,0.425385,0.51494,177.136
synthetic/images/img024536.jpg,synthetic_val,0,42161,0,42224,0.715006,-0.692662,-0.0670318,0.0670318,32.0693
synthetic/images/img024596.jpg,synthetic_val,1,31261,2,31442,0.414388,0.0731272,0.780024,-0.463139,91.4425
synthetic/images/img024615.jpg,synthetic_val,3,60654,3,60744,-0.533443,0.208739,0.347898,0.742182,6.91686
synthetic/images/img024625.jpg,synthetic_val,2,14752,2,14561,0.253494,-0.622212,0.737437,-0.0691347,16.1567
synthetic/images/img024654.jpg,synthetic_val,0,65010,0,61474,0.856767,-0.294514,0.13387,0.40161,14.3276
synthetic/images/img024663.jpg,synthetic_val,1,35231,1,35053,0.560642,0.780024,0.0731272,-0.268133,29.4765
synthetic/images/img024709.jpg,synthetic_val,1,05357,1,14060,0.023094,0.739008,-0.623538,-0.254034,13.9362
synthetic/images/img024717.jpg,synthetic_val,0,04640,1,04254,-0.555433,0.658291,-0.473147,-0.185144,116.608
synthetic/images/img024799.jpg,synthetic_val,1,10374,1,44127,-0.424178,0.646366,-0.504973,0.38378,143.104
synthetic/images/img024835.jpg,synthetic_val,3,73517,3,73530,0.59357,0.429826,0.184211,0.654974,7.89533
synthetic/images/img024836.jpg,synthetic_val,1,33545,1,35316,0.624704,0.689329,0.236957,-0.28004,15.5753
synthetic/images/img024897.jpg,synthetic_val,2,73655,2,77037,0.465335,0.465335,0.647423,0.384408,9.74328
synthetic/images/img024940.jpg,synthetic_val,3,03531,3,02312,-0.390201,-0.102684,-0.636643,0.65718,48.3753
synthetic/images/img024955.jpg,synthetic_val,0,73415,0,75420,0.722254,0.383697,0.112852,0.564261,49.8585
synthetic/images/img024969.jpg,synthetic_val,3,47537,3,47562,-0.156721,-0.201498,0.649272,0.716438,17.5025
synthetic/images/img024999.jpg,synthetic_val,1,25641,1,43233,-0.270501,0.961781,-0.0300557,0.0300557,36.1323
synthetic/images/img025050.jpg,synthetic_val,2,61251,2,61130,-0.0921878,0.153646,0.983336,0.0307293,26.6649
synthetic/images/img025105.jpg,synthetic_val,1,61345,1,61700,-0.199189,0.910577,0.2561,0.2561,9.53387
synthetic/images/img025287.jpg,synthetic_val,2,17356,1,12717,0.362209,0.772712,-0.120736,-0.507093,158.486
synthetic/images/img025317.jpg,synthetic_val,1,52530,1,52155,0.384363,0.819974,-0.384363,0.179369,13.464
synthetic/images/img025325.jpg,synthetic_val,0,42257,0,42262,0.713582,-0.691283,-0.0222994,0.111497,17.9728
synthetic/images/img025341.jpg,synthetic_val,1,72043,1,72423,0.0740121,0.789462,0.567426,0.222036,14.7848
synthetic/images/img025343.jpg,synthetic_val,0,44051,0,44016,0.588669,-0.49669,-0.533481,0.349522,5.22014
synthetic/images/img025360.jpg,synthetic_val,2,23332,3,20555,-0.424602,0.0249766,-0.424602,0.799251,96.5545
synthetic/images/img025443.jpg,synthetic_val,2,72142,2,72050,0.135432,0.46047,0.866766,0.135432,12.6325
synthetic/images/img025451.jpg,synthetic_val,3,77014,3,71732,0.622398,0.32193,0.193158,0.686784,29.7796
synthetic/images/img025460.jpg,synthetic_val,0,13027,0,13002,0.647423,0.343944,-0.263016,-0.627191,10.681
synthetic/images/img025520.jpg,synthetic_val,3,04261,3,04116,-0.388241,-0.592578,-0.265638,0.653879,34.6677
synthetic/images/img025535.jpg,synthetic_val,0,24141,0,24426,0.705215,-0.683177,0.154266,-0.11019,30.9362
synthetic/images/img025550.jpg,synthetic_val,1,01654,1,01047,-0.252107,0.62057,-0.562392,-0.48482,17.6029
synthetic/images/img025621.jpg,synthetic_val,0,25465,0,61053,0.948174,-0.266674,0.0888913,0.148152,27.1797
synthetic/images/img025663.jpg,synthetic_val,2,50106,2,50053,0.158968,-0.658581,0.72671,0.113548,8.79465
synthetic/images/img025672.jpg,synthetic_val,2,25756,2,61170,-0.0911606,0.151934,0.972379,0.151934,29.0477
synthetic/images/img025700.jpg,synthetic_val,1,16410,1,14066,0.0240354,0.769133,-0.600885,-0.216319,25.3145
synthetic/images/img025773.jpg,synthetic_val,0,25702,0,25532,0.951522,-0.0892052,0.208145,-0.208145,15.9363
synthetic/images/img025827.jpg,synthetic_val,3,45463,2,45365,-0.113548,-0.431484,0.72671,0.522323,26.4498
synthetic/images/img025854.jpg,synthetic_val,2,34537,2,34513,0.41491,0.0829819,0.88514,-0.193624,15.3415
synthetic/images/img025877.jpg,synthetic_val,3,05125,3,05251,-0.214834,-0.549021,-0.262575,0.763856,15.7251
synthetic/images/img025889.jpg,synthetic_val,0,35247,0,35523,0.743784,0.627568,0.162703,-0.162703,26.6506
synthetic/images/img026031.jpg,synthetic_val,2,30543,2,34124,0.249711,0.138728,0.887862,-0.360694,20.5342
synthetic/images/img026076.jpg,synthetic_val,0,00766,0,00446,0.573351,-0.555434,-0.5196,-0.304593,23.4633
synthetic/images/img026107.jpg,synthetic_val,2,15447,1,40177,-0.381373,0.717879,-0.560843,0.157036,23.1453
synthetic/images/img026156.jpg,synthetic_val,1,34223,1,34265,0.0837545,0.893381,0.362936,-0.251263,18.5446
synthetic/images/img026161.jpg,synthetic_val,2,41747,2,41766,-0.175715,-0.426737,0.80327,0.376533,10.6428
synthetic/images/img026244.jpg,synthetic_val,0,03011,0,03011,0.668555,-0.188031,-0.313385,-0.647663,0.6916
synthetic/images/img026259.jpg,synthetic_val,1,25771,1,34666,0.028273,0.904735,0.424094,-0.028273,11.1888
synthetic/images/img026288.jpg,synthetic_val,1,55735,1,33745,0.52282,0.619639,0.484093,-0.329183,139.954
synthetic/images/img026383.jpg,synthetic_val,0,35754,0,71007,0.854321,0.507253,0.0800926,0.0800926,29.6817
synthetic/images/img026418.jpg,synthetic_val,0,35117,1,35502,0.605095,0.774521,0.0726113,-0.169426,22.3104
synthetic/images/img026443.jpg,synthetic_val,1,04667,1,62505,-0.484974,0.739008,0.392598,0.254034,97.7022
synthetic/images/img026461.jpg,synthetic_val,2,70643,2,70065,0.090167,0.150278,0.961781,0.21039,25.5772
synthetic/images/img026465.jpg,synthetic_val,2,50114,1,41011,-0.197958,0.703849,-0.681854,0.0219953,13.4566
synthetic/images/img026560.jpg,synthetic_val,3,47503,3,47567,-0.109344,-0.196818,0.67793,0.699798,16.5844
synthetic/images/img026608.jpg,synthetic_val,2,36213,2,36232,0.105762,0.655727,0.676879,-0.317287,7.71734
synthetic/images/img026641.jpg,synthetic_val,1,26726,2,25020,-0.387427,0.129142,0.826512,-0.387427,71.1747
synthetic/images/img026769.jpg,synthetic_val,0,70367,0,70707,0.859235,0.295362,0.295362,0.295362,20.4645
synthetic/images/img026806.jpg,synthetic_val,0,30514,0,53605,0.811493,0.481824,-0.177514,0.278951,97.248
synthetic/images/img026853.jpg,synthetic_val,2,73400,0,14767,0.844742,0.29038,-0.448769,-0.0263982,165.002
synthetic/images/img026898.jpg,synthetic_val,1,30465,1,34026,0.0283638,0.907642,0.198547,-0.368729,16.0712
synthetic/images/img026910.jpg,synthetic_val,3,00306,3,00334,-0.373556,-0.373556,-0.570164,0.629146,9.21679
synthetic/images/img027037.jpg,synthetic_val,0,36206,0,23572,0.729727,-0.0684119,0.524491,-0.433275,20.1752
synthetic/images/img027064.jpg,synthetic_val,0,61027,0,61124,0.961781,-0.21039,0.150278,0.090167,20.3433
synthetic/images/img027065.jpg,synthetic_val,3,20011,3,20363,-0.426974,0.304981,-0.548966,0.650627,33.7796
synthetic/images/img027095.jpg,synthetic_val,2,72525,2,72532,0.306158,0.541664,0.753619,0.211955,6.93275
synthetic/images/img027107.jpg,synthetic_val,0,05373,0,14234,0.805302,0.125828,-0.478148,-0.327154,17.9419
synthetic/images/img027178.jpg,synthetic_val,2,62221,2,62525,-0.466436,0.466436,0.71076,0.244324,33.6508
synthetic/images/img027202.jpg,synthetic_val,3,07116,3,51222,0.424602,-0.424602,0.0249766,0.799251,75.3438
synthetic/images/img027219.jpg,synthetic_val,3,00354,3,00356,-0.38378,-0.424178,-0.504973,0.646366,4.06089
synthetic/images/img027236.jpg,synthetic_val,2,60137,2,60310,-0.496065,0.234978,0.835478,0.0261087,11.1964
synthetic/images/img027244.jpg,synthetic_val,2,12255,2,21447,-0.33667,0.0776931,0.828726,-0.440261,68.3208
synthetic/images/img027319.jpg,synthetic_val,0,13606,0,13427,0.732782,0.435089,-0.206095,-0.480888,11.1977
synthetic/images/img027327.jpg,synthetic_val,0,40640,0,40041,0.59931,-0.543124,-0.580581,0.0936422,22.2908
synthetic/images/img027343.jpg,synthetic_val,2,24501,1,24352,-0.471042,0.793334,0.272709,-0.272709,112.936
synthetic/images/img027470.jpg,synthetic_val,2,37703,1,31764,0.544638,0.697136,0.283212,-0.370354,53.4655
synthetic/images/img027473.jpg,synthetic_val,1,52145,1,50413,0.156721,0.716438,-0.649272,0.201498,35.7234
synthetic/images/img027492.jpg,synthetic_val,0,27101,0,25323,0.826512,-0.129142,0.387427,-0.387427,3.86147
synthetic/images/img027551.jpg,synthetic_val,1,50513,1,05152,-0.067166,0.716438,-0.649272,-0.246276,70.0179
synthetic/images/img027572.jpg,synthetic_val,1,07515,1,07147,-0.138728,0.887862,-0.360694,-0.249711,17.5697
synthetic/images/img027611.jpg,synthetic_val,0,00023,3,00147,-0.387893,-0.535661,-0.461777,0.591074,172.146
synthetic/images/img027620.jpg,synthetic_val,0,05547,0,55242,0.683019,0.362854,-0.448231,0.448231,82.2919
synthetic/images/img027659.jpg,synthetic_val,1,35647,1,53031,0.561979,0.781884,-0.268773,0.0244339,64.4964
synthetic/images/img027810.jpg,synthetic_val,2,12274,1,30474,0.135432,0.866766,0.135432,-0.46047,138.312
synthetic/images/img027905.jpg,synthetic_val,3,36443,3,36406,0.0266217,0.505813,-0.133109,0.851896,8.8106
synthetic/images/img027923.jpg,synthetic_val,1,57105,1,53565,0.589329,0.698464,-0.240097,0.327405,15.6487
synthetic/images/img027970.jpg,synthetic_val,1,64731,1,66140,-0.481365,0.669726,0.355792,0.439508,20.9745
synthetic/images/img028119.jpg,synthetic_val,0,14624,0,14666,0.882444,0.0275764,-0.468798,-0.0275764,14.4006
synthetic/images/img028144.jpg,synthetic_val,1,07260,1,06343,-0.523205,0.797264,-0.124573,-0.27406,14.3394
synthetic/images/img028176.jpg,synthetic_val,0,21445,0,03656,0.837765,-0.287982,-0.130901,-0.445063,18.9147
synthetic/images/img028238.jpg,synthetic_val,1,05723,1,05726,-0.187958,0.859235,-0.456468,-0.134255,7.29533
synthetic/images/img028244.jpg,synthetic_val,2,46056,2,40745,-0.445801,-0.488258,0.679315,0.318429,31.5168
synthetic/images/img028264.jpg,synthetic_val,2,27321,2,27432,-0.265003,0.554096,0.770916,-0.168638,27.9215
synthetic/images/img028305.jpg,synthetic_val,0,30241,0,30063,0.751953,0.0704956,0.16449,-0.63446,3.59107
synthetic/images/img028328.jpg,synthetic_val,1,03415,1,01707,-0.113783,0.728214,-0.47789,-0.47789,16.6483
synthetic/images/img028340.jpg,synthetic_val,2,23227,1,23210,-0.21049,0.612335,0.478387,-0.5932,14.1694
synthetic/images/img028392.jpg,synthetic_val,1,55226,1,55203,0.413141,0.695817,-0.45663,0.369653,11.8563
synthetic/images/img028454.jpg,synthetic_val,2,60075,2,60710,-0.483068,0.228822,0.813589,0.228822,20.559
synthetic/images/img028462.jpg,synthetic_val,0,61121,0,61035,0.948174,-0.266674,0.148152,0.0888913,16.914
synthetic/images/img028512.jpg,synthetic_val,1,30111,1,35206,0.424602,0.799251,0.274743,-0.324696,52.5031
synthetic/images/img028552.jpg,synthetic_val,1,30217,1,03006,-0.315597,0.673274,-0.273518,-0.610155,83.3768
synthetic/images/img028553.jpg,synthetic_val,0,60435,0,06663,0.739008,-0.669726,-0.023094,-0.069282,43.2324
synthetic/images/img028593.jpg,synthetic_val,1,12114,1,11064,0.329183,0.619639,-0.52282,-0.484093,31.1539
synthetic/images/img028614.jpg,synthetic_val,1,42320,1,60200,-0.681854,0.703849,0.197958,0.0219953,37.1948
synthetic/images/img028671.jpg,synthetic_val,2,71337,2,75011,0.535754,0.0232936,0.745396,0.395992,54.7949
synthetic/images/img028682.jpg,synthetic_val,3,61007,3,61106,-0.211927,0.0908257,0.0908257,0.968808,16.5627
synthetic/images/img028710.jpg,synthetic_val,3,16131,3,16135,0.38236,-0.280397,-0.331378,0.8157,5.07563
synthetic/images/img028711.jpg,synthetic_val,2,74232,2,74221,0.0776931,0.33667,0.828726,0.440261,6.7431
synthetic/images/img028724.jpg,synthetic_val,1,03566,1,07306,-0.196657,0.899004,-0.140469,-0.36522,17.1444
synthetic/images/img028888.jpg,synthetic_val,1,04356,1,01666,-0.350931,0.748653,-0.397722,-0.397722,25.4948
synthetic/images/img028921.jpg,synthetic_val,0,71073,0,71002,0.879772,0.467379,0.0824786,0.0274929,19.9452
synthetic/images/img028940.jpg,synthetic_val,0,02623,0,60416,0.737437,-0.622212,0.0691347,0.253494,85.7008
synthetic/images/img028985.jpg,synthetic_val,3,43027,3,43214,-0.317146,-0.20182,0.0864945,0.922608,8.83224
synthetic/images/img029009.jpg,synthetic_val,1,55241,1,50573,0.331862,0.707972,-0.553103,0.287613,22.6112
synthetic/images/img029027.jpg,synthetic_val,3,53535,0,65167,0.793334,-0.123958,0.173542,0.570209,22.9358
synthetic/images/img029045.jpg,synthetic_val,0,64101,0,60407,0.716438,-0.649272,0.067166,0.246276,25.1204
synthetic/images/img029053.jpg,synthetic_val,1,40764,1,42430,-0.610647,0.72373,-0.248782,0.203549,24.7348
synthetic/images/img029096.jpg,synthetic_val,2,00362,2,02342,-0.478855,-0.104099,0.666233,-0.562134,28.0291
synthetic/images/img029133.jpg,synthetic_val,1,71305,1,71717,0.656904,0.678094,0.233095,0.233095,18.7379
synthetic/images/img029253.jpg,synthetic_val,2,07750,2,07756,-0.0921878,-0.153646,0.983336,-0.0307293,7.6823
synthetic/images/img029259.jpg,synthetic_val,3,60256,3,60037,-0.605095,0.169426,0.0726113,0.774521,15.2425
synthetic/images/img029275.jpg,synthetic_val,1,15243,1,15226,0.403961,0.760398,-0.403961,-0.308911,13.5064
synthetic/images/img029279.jpg,synthetic_val,1,12350,2,17033,0.533443,-0.208739,0.742182,-0.347898,169.8
synthetic/images/img029307.jpg,synthetic_val,1,27461,1,27420,-0.359701,0.767362,0.503581,-0.16786,11.1467
synthetic/images/img029339.jpg,synthetic_val,0,07675,0,07675,0.958324,-0.269529,-0.0898429,-0.0299476,1.88104
synthetic/images/img029407.jpg,synthetic_val,2,70723,2,70614,0.141365,0.254457,0.904735,0.311003,24.0713
synthetic/images/img029430.jpg,synthetic_val,1,16523,1,16523,0.308062,0.896179,-0.25205,-0.196039,2.6268
synthetic/images/img029610.jpg,synthetic_val,1,62714,1,62745,-0.436459,0.665081,0.519594,0.311757,10.777
synthetic/images/img029628.jpg,synthetic_val,1,34335,1,34376,0.33577,0.826512,0.387427,-0.232456,13.5368
synthetic/images/img029648.jpg,synthetic_val,1,15711,1,15636,0.497888,0.758686,-0.403052,-0.118545,20.5119
synthetic/images/img029658.jpg,synthetic_val,1,70063,1,70025,0.0918415,0.979643,0.153069,0.0918415,11.2643
synthetic/images/img029703.jpg,synthetic_val,1,47124,1,47147,-0.119625,0.765603,-0.311026,0.550277,9.79939
synthetic/images/img029714.jpg,synthetic_val,1,46224,0,06716,0.844742,-0.501565,-0.131991,-0.131991,46.559
synthetic/images/img029716.jpg,synthetic_val,2,51753,2,53465,0.456673,-0.264389,0.769133,0.360531,32.5465
synthetic/images/img029760.jpg,synthetic_val,1,35000,1,35006,0.440261,0.828726,0.0776931,-0.33667,6.18363
synthetic/images/img029768.jpg,synthetic_val,0,23143,0,72102,0.835478,0.234978,0.496065,0.0261087,82.2474
synthetic/images/img029808.jpg,synthetic_val,0,42651,0,42524,0.755297,-0.54287,-0.259633,0.259633,11.5823
synthetic/images/img029830.jpg,synthetic_val,0,25474,0,25425,0.907642,-0.368729,0.141819,-0.141819,14.3329
synthetic/images/img029931.jpg,synthetic_val,3,56765,3,50661,0.0758825,-0.480589,0.328824,0.809414,67.2023
synthetic/images/img029982.jpg,synthetic_val,0,53260,0,51227,0.780024,0.463139,-0.414388,0.0731272,37.9777
synthetic/images/img029995.jpg,synthetic_val,1,65324,1,61742,-0.189605,0.866766,0.297951,0.352124,16.2027
synthetic/images/img030030.jpg,synthetic_val,0,41032,2,17210,0.503581,-0.16786,0.767362,-0.359701,175.325
synthetic/images/img030033.jpg,synthetic_val,1,45573,3,63160,-0.178434,0.535303,0.127453,0.8157,82.9673
synthetic/images/img030041.jpg,synthetic_val,0,54073,0,61762,0.835478,-0.182761,0.39163,0.339413,120.35
synthetic/images/img030088.jpg,synthetic_val,0,52622,0,70051,0.965275,0.211154,0.0301648,0.150824,28.1213
synthetic/images/img030110.jpg,synthetic_val,2,36320,2,55220,0.383697,-0.428838,0.722254,0.383697,159.333
synthetic/images/img030137.jpg,synthetic_val,2,13252,2,03743,-0.131991,-0.131991,0.844742,-0.501565,69.9802
synthetic/images/img030209.jpg,synthetic_val,0,74602,3,74172,0.316885,0.17063,0.511891,0.780024,64.3198
synthetic/images/img030230.jpg,synthetic_val,1,03064,1,02737,-0.405798,0.763856,-0.0238705,-0.50128,28.4907
synthetic/images/img030342.jpg,synthetic_val,0,61147,0,25035,0.887862,-0.249711,0.138728,-0.360694,66.5295
synthetic/images/img030367.jpg,synthetic_val,1,16363,1,16234,0.142741,0.91354,-0.0856444,-0.371126,22.0165
synthetic/images/img030417.jpg,synthetic_val,3,36714,3,30066,0.0242607,0.169825,-0.606517,0.776342,82.8602
synthetic/images/img030435.jpg,synthetic_val,3,44064,2,75507,0.540975,0.0601083,0.641155,0.540975,150.154
synthetic/images/img030437.jpg,synthetic_val,0,03306,0,07176,0.925691,-0.0867835,-0.260351,-0.260351,54.4173
synthetic/images/img030445.jpg,synthetic_val,1,07710,1,50222,0.0275764,0.882444,-0.468798,0.0275764,45.6481
synthetic/images/img030535.jpg,synthetic_val,0,35423,0,61713,0.91354,-0.0285481,0.314029,0.256933,80.9012
synthetic/images/img030606.jpg,synthetic_val,2,56033,2,65307,-0.127786,0.281129,0.817829,0.485586,67.4734
synthetic/images/img030610.jpg,synthetic_val,3,35445,0,12700,0.780024,0.219382,-0.17063,-0.560642,173.069
synthetic/images/img030637.jpg,synthetic_val,1,35224,1,35044,0.455158,0.856767,0.026774,-0.240966,34.4225
synthetic/images/img030750.jpg,synthetic_val,2,17331,1,22546,-0.490028,0.681778,0.404805,-0.362194,176.03
synthetic/images/img030899.jpg,synthetic_val,1,41266,1,40733,-0.414388,0.780024,-0.414388,0.219382,9.15114
synthetic/images/img030974.jpg,synthetic_val,1,01723,1,12542,0.222579,0.791391,-0.321503,-0.469888,40.3143
synthetic/images/img031002.jpg,synthetic_val,3,76071,1,16210,0.137464,0.879772,-0.19245,-0.412393,175.013
synthetic/images/img031029.jpg,synthetic_val,0,73160,0,37102,0.676879,0.528812,0.401897,-0.317287,49.7761
synthetic/images/img031045.jpg,synthetic_val,3,07442,3,07531,-0.0289278,-0.318206,-0.202495,0.925691,44.7007
synthetic/images/img031080.jpg,synthetic_val,0,46250,3,25222,-0.36391,0.36391,-0.36391,0.776342,171.739
synthetic/images/img031218.jpg,synthetic_val,2,63153,2,72212,0.118545,0.640141,0.758686,0.0237089,28.309
synthetic/images/img031245.jpg,synthetic_val,2,15727,3,73060,0.403052,0.497888,0.118545,0.758686,176.495
synthetic/images/img031304.jpg,synthetic_val,1,25654,1,34422,0.0298408,0.954905,0.208885,-0.208885,44.9639
synthetic/images/img031323.jpg,synthetic_val,1,34602,1,07552,-0.0862083,0.919555,-0.373569,-0.0862083,82.3665
synthetic/images/img031365.jpg,synthetic_val,1,61503,1,61170,-0.0911606,0.972379,0.151934,0.151934,17.6811
synthetic/images/img031457.jpg,synthetic_val,2,10154,2,41620,-0.36477,-0.462042,0.778177,0.218862,111.197
synthetic/images/img031546.jpg,synthetic_val,1,53033,1,17066,0.442642,0.833209,-0.23434,-0.23434,35.2844
synthetic/images/img031608.jpg,synthetic_val,1,71423,1,70651,0.19245,0.879772,0.247436,0.357407,41.0769
synthetic/images/img031640.jpg,synthetic_val,2,14767,2,14452,0.114738,-0.665481,0.734324,-0.0688428,34.296
synthetic/images/img031646.jpg,synthetic_val,0,63024,3,62541,-0.478883,0.387667,0.296452,0.729727,142.874
synthetic/images/img031689.jpg,synthetic_val,1,32516,1,50665,0.0745586,0.795292,-0.472205,0.372793,156.535
synthetic/images/img031700.jpg,synthetic_val,0,03263,0,61651,0.869321,-0.244497,0.244497,0.353162,119.997
synthetic/images/img031702.jpg,synthetic_val,2,34127,2,07217,-0.249711,-0.138728,0.887862,-0.360694,73.9108
synthetic/images/img031729.jpg,synthetic_val,0,20146,3,24725,-0.51558,0.319169,-0.122757,0.785646,42.0127
synthetic/images/img031737.jpg,synthetic_val,3,54574,0,04354,0.716438,-0.425385,-0.51494,-0.201498,175.94
synthetic/images/img031791.jpg,synthetic_val,2,15711,1,21641,-0.321503,0.791391,0.222579,-0.469888,139.286
synthetic/images/img031804.jpg,synthetic_val,2,06117,1,50722,0.23434,0.833209,-0.442642,0.23434,74.2536
synthetic/images/img031806.jpg,synthetic_val,3,37544,3,71312,0.650578,0.246771,0.0224337,0.717879,17.3044
synthetic/images/img031931.jpg,synthetic_val,0,51410,1,31055,0.492719,0.685522,0.0214226,-0.535564,120.349
synthetic/images/img031940.jpg,synthetic_val,0,56015,0,56024,0.824315,0.0257599,-0.283358,0.489437,19.315
synthetic/images/img031979.jpg,synthetic_val,3,21761,0,43710,0.93834,-0.0879694,-0.205262,0.263908,163.869
synthetic/images/img031991.jpg,synthetic_val,2,43705,2,43321,-0.153646,-0.0921878,0.983336,0.0307293,36.8787
synthetic/images/img032000.jpg,synthetic_val,2,73254,2,73055,0.52891,0.390934,0.735875,0.160973,19.452
synthetic/images/img032002.jpg,synthetic_val,0,67015,0,64160,0.712167,-0.51187,0.111276,0.46736,48.911
synthetic/images/img032051.jpg,synthetic_val,0,43173,0,03716,0.826512,-0.0774855,-0.129142,-0.542398,86.6303
synthetic/images/img032273.jpg,synthetic_val,3,70055,3,52670,0.142741,-0.0856444,0.371126,0.91354,26.5601
synthetic/images/img032286.jpg,synthetic_val,3,52230,3,70076,0.147635,0.206689,0.206689,0.944862,37.3657
synthetic/images/img032307.jpg,synthetic_val,0,61652,0,63570,0.789462,-0.0740121,0.518084,0.320719,37.6836
synthetic/images/img032343.jpg,synthetic_val,0,72067,0,72076,0.793334,0.123958,0.570209,0.173542,8.15664
synthetic/images/img032388.jpg,synthetic_val,3,75147,3,70776,0.320719,0.37006,0.37006,0.789462,49.5576
synthetic/images/img032401.jpg,synthetic_val,3,03203,1,30772,0.308216,0.758686,0.355634,-0.45047,91.8072
synthetic/images/img032404.jpg,synthetic_val,1,34361,1,52316,0.371126,0.91354,-0.142741,0.0856444,72.0437
synthetic/images/img032469.jpg,synthetic_val,1,11250,1,47225,-0.328824,0.809414,-0.0758825,0.480589,163.077
synthetic/images/img032513.jpg,synthetic_val,1,71161,0,17617,0.799251,0.574462,-0.124883,-0.124883,51.6798
synthetic/images/img032542.jpg,synthetic_val,0,07633,0,07732,0.972379,-0.0911606,-0.0303869,-0.212708,18.3669
synthetic/images/img032587.jpg,synthetic_val,1,06351,1,60767,-0.479882,0.73125,0.342773,0.342773,98.954
synthetic/images/img032698.jpg,synthetic_val,2,75172,2,75340,0.53655,0.193158,0.686784,0.450702,8.29476
synthetic/images/img032702.jpg,synthetic_val,0,26014,0,07052,0.844742,-0.29038,-0.343176,-0.29038,89.4871
synthetic/images/img032826.jpg,synthetic_val,2,22752,1,10772,0.302817,0.745396,-0.395992,-0.442579,156.679
synthetic/images/img032858.jpg,synthetic_val,1,44610,1,21322,-0.147279,0.673274,0.315597,-0.652234,176.23
synthetic/images/img032926.jpg,synthetic_val,0,43100,0,43671,0.893381,-0.251263,-0.0837545,0.362936,55.1309
synthetic/images/img032972.jpg,synthetic_val,1,52577,1,56133,0.372793,0.795292,-0.223676,0.422499,6.29474
synthetic/images/img032988.jpg,synthetic_val,3,42113,3,34074,0.147122,0.147122,-0.26482,0.941584,97.2744
synthetic/images/img033037.jpg,synthetic_val,0,56112,0,67242,0.650627,-0.304981,0.548966,0.426974,128.46
synthetic/images/img033094.jpg,synthetic_val,3,00652,3,55232,0.464606,-0.37611,0.37611,0.707972,157.178
synthetic/images/img033123.jpg,synthetic_val,1,06705,2,60310,-0.496065,0.234978,0.835478,0.0261087,141.769
synthetic/images/img033157.jpg,synthetic_val,3,74246,1,60776,-0.443543,0.74702,0.350165,0.350165,95.1772
synthetic/images/img033170.jpg,synthetic_val,1,73443,1,73644,0.365528,0.688053,0.537541,0.322525,16.1666
synthetic/images/img033186.jpg,synthetic_val,0,07613,0,07322,0.887862,-0.19422,-0.0277457,-0.416185,26.713
synthetic/images/img033208.jpg,synthetic_val,0,35525,1,53035,0.560642,0.780024,-0.268133,0.0731272,59.4902
synthetic/images/img033285.jpg,synthetic_val,1,72534,1,72150,0.334878,0.824315,0.437917,0.128799,16.897
synthetic/images/img033352.jpg,synthetic_val,0,12354,0,13422,0.729727,0.387667,-0.205236,-0.524491,10.2559
synthetic/images/img033356.jpg,synthetic_val,1,13605,1,13433,0.494538,0.688053,-0.193515,-0.494538,7.92149
synthetic/images/img033366.jpg,synthetic_val,3,63050,0,61730,0.893381,-0.0837545,0.362936,0.251263,176.234
synthetic/images/img033412.jpg,synthetic_val,0,67422,0,65712,0.758686,-0.0711268,0.260798,0.592723,37.5049
synthetic/images/img033440.jpg,synthetic_val,1,36436,1,52253,0.208885,0.954905,-0.149204,0.149204,92.9741
synthetic/images/img033472.jpg,synthetic_val,0,03107,0,07103,0.842397,-0.131625,-0.342224,-0.394874,31.4298
synthetic/images/img033493.jpg,synthetic_val,3,64554,3,47511,-0.023094,-0.34641,0.57735,0.739008,62.2202
synthetic/images/img033543.jpg,synthetic_val,0,06150,0,02562,0.716438,-0.51494,-0.201498,-0.425385,27.6595
synthetic/images/img033550.jpg,synthetic_val,3,43333,3,53222,0.468798,-0.0275764,0.0275764,0.882444,57.5454
synthetic/images/img033611.jpg,synthetic_val,0,01343,0,01507,0.662794,-0.103562,-0.600657,-0.434959,21.9984
synthetic/images/img033628.jpg,synthetic_val,1,04703,1,03650,-0.278951,0.811493,-0.177514,-0.481824,57.693
synthetic/images/img033635.jpg,synthetic_val,2,45474,1,43444,-0.36391,0.776342,-0.36391,0.36391,142.66
synthetic/images/img033725.jpg,synthetic_val,1,56367,2,52275,0.208145,-0.0892052,0.951522,0.208145,170.475
synthetic/images/img033732.jpg,synthetic_val,2,56470,2,65464,-0.317287,0.105762,0.676879,0.655727,65.778
synthetic/images/img033763.jpg,synthetic_val,2,67150,2,67015,-0.214834,0.405798,0.763856,0.453539,19.4471
synthetic/images/img033800.jpg,synthetic_val,3,65273,0,57167,0.658291,0.555433,-0.185144,0.473147,139.746
synthetic/images/img033831.jpg,synthetic_val,2,23052,2,12375,0.345674,-0.0691347,0.737437,-0.576123,87.1026
synthetic/images/img033878.jpg,synthetic_val,0,66025,3,66110,-0.428838,0.383697,0.383697,0.722254,174.007
synthetic/images/img033889.jpg,synthetic_val,1,13503,0,15366,0.712167,0.55638,-0.378339,-0.200297,37.1121
synthetic/images/img033911.jpg,synthetic_val,0,73446,0,76146,0.716438,0.201498,0.425385,0.51494,29.9466
synthetic/images/img033982.jpg,synthetic_val,1,74651,2,71155,0.687194,0.0221676,0.709362,0.155173,136.398
synthetic/images/img033987.jpg,synthetic_val,0,32155,0,07373,0.944862,-0.0295269,-0.0295269,-0.324796,74.1511
synthetic/images/img034061.jpg,synthetic_val,3,64254,0,04466,0.626248,-0.606678,-0.489256,-0.0195703,89.984
synthetic/images/img034124.jpg,synthetic_val,1,25167,1,25722,-0.190728,0.871899,0.408703,-0.190728,25.1491
synthetic/images/img034217.jpg,synthetic_val,2,34465,1,70252,0.144639,0.925691,0.318206,0.144639,121.683
synthetic/images/img034230.jpg,synthetic_val,1,16722,2,25144,-0.205971,0.0294245,0.941584,-0.26482,177.773
synthetic/images/img034355.jpg,synthetic_val,3,42770,3,60451,-0.58617,0.0234468,0.304808,0.750298,15.7946
synthetic/images/img034447.jpg,synthetic_val,2,43211,2,27506,-0.183261,0.497423,0.837765,-0.130901,83.3889
synthetic/images/img034491.jpg,synthetic_val,3,72145,0,27710,0.774521,-0.0726113,0.605095,-0.169426,162.847
synthetic/images/img034526.jpg,synthetic_val,3,70401,3,70064,0.0301648,0.150824,0.211154,0.965275,16.3409
synthetic/images/img034552.jpg,synthetic_val,1,07372,1,16066,0.0290252,0.928805,-0.261226,-0.261226,29.7559
synthetic/images/img034582.jpg,synthetic_val,0,24207,3,25676,-0.29708,0.40511,-0.0270073,0.864234,87.9438
synthetic/images/img034633.jpg,synthetic_val,0,72422,0,72245,0.774521,0.0726113,0.605095,0.169426,10.3457
synthetic/images/img034688.jpg,synthetic_val,1,62716,2,65356,-0.0731272,0.268133,0.780024,0.560642,75.4795
synthetic/images/img034784.jpg,synthetic_val,1,24047,1,21245,-0.298319,0.734324,0.206529,-0.57369,63.5847
synthetic/images/img034788.jpg,synthetic_val,2,03241,3,03500,-0.163768,-0.350931,-0.538095,0.748653,83.3897
synthetic/images/img034792.jpg,synthetic_val,1,26545,1,07054,-0.288775,0.840072,-0.393784,-0.23627,103.201
synthetic/images/img034828.jpg,synthetic_val,0,35440,0,34653,0.922608,0.20182,0.317146,-0.0864945,45.1965
synthetic/images/img034884.jpg,synthetic_val,2,01363,2,03653,-0.233079,-0.129488,0.828726,-0.492056,38.1851
synthetic/images/img034926.jpg,synthetic_val,0,56701,0,54464,0.614137,0.0191918,-0.518178,0.594945,53.2269
synthetic/images/img034928.jpg,synthetic_val,0,43110,3,70022,0.0304997,0.213498,0.0304997,0.975991,176.596
synthetic/images/img034950.jpg,synthetic_val,3,16640,3,07660,-0.421408,-0.0842816,-0.0842816,0.899004,52.2393
synthetic/images/img034959.jpg,synthetic_val,3,24471,3,24164,-0.564683,0.122757,-0.220963,0.785646,20.3715
synthetic/images/img035004.jpg,synthetic_val,0,16453,0,14656,0.828726,0.129488,-0.543852,-0.0258977,25.4496
synthetic/images/img035083.jpg,synthetic_val,0,70432,0,70076,0.944862,0.147635,0.206689,0.206689,6.78116
synthetic/images/img035109.jpg,synthetic_val,3,23645,3,27624,-0.326164,0.630584,-0.108721,0.695817,30.4542
synthetic/images/img035117.jpg,synthetic_val,3,46106,3,46112,-0.442579,-0.302817,0.395992,0.745396,8.53015
synthetic/images/img035323.jpg,synthetic_val,3,11643,3,40631,-0.546718,-0.415505,0.196818,0.699798,140.164
synthetic/images/img035360.jpg,synthetic_val,2,35475,2,52303,0.321451,-0.146114,0.935129,0.0292228,44.8484
synthetic/images/img035363.jpg,synthetic_val,2,52735,2,52707,0.306147,-0.139158,0.890609,0.306147,11.877
synthetic/images/img035420.jpg,synthetic_val,1,11665,1,73065,0.438786,0.739008,0.484974,0.161658,128.531
synthetic/images/img035463.jpg,synthetic_val,0,45412,0,40660,0.638089,-0.618148,-0.378865,0.259223,58.8516
synthetic/images/img035471.jpg,synthetic_val,1,77615,2,42525,-0.508279,-0.266242,0.774521,0.266242,166.368
synthetic/images/img035480.jpg,synthetic_val,1,14067,2,41116,-0.0691347,-0.668302,0.737437,0.0691347,24.1551
synthetic/images/img035529.jpg,synthetic_val,2,05607,2,07047,-0.342224,-0.342224,0.842397,-0.236924,23.9467
synthetic/images/img035542.jpg,synthetic_val,2,26556,2,26512,-0.448458,0.448458,0.755297,-0.165221,17.2929
synthetic/images/img035593.jpg,synthetic_val,2,04270,1,30335,0.315597,0.673274,0.273518,-0.610155,167.893
synthetic/images/img035633.jpg,synthetic_val,1,34241,1,34255,0.199189,0.910577,0.2561,-0.2561,14.7524
synthetic/images/img035646.jpg,synthetic_val,1,17343,1,17176,0.644126,0.71076,-0.199901,-0.199901,13.9447
synthetic/images/img035697.jpg,synthetic_val,2,12625,2,07506,-0.196657,-0.36522,0.899004,-0.140469,65.2894
synthetic/images/img035716.jpg,synthetic_val,3,47145,3,45772,-0.0645049,-0.365528,0.623548,0.688053,14.4323
synthetic/images/img035721.jpg,synthetic_val,1,65345,1,70746,0.23627,0.840072,0.288775,0.393784,45.1284
synthetic/images/img035738.jpg,synthetic_val,3,60506,0,50545,0.662794,0.227836,-0.642082,0.310685,147.174
synthetic/images/img035865.jpg,synthetic_val,2,47251,2,47307,-0.131991,-0.131991,0.844742,0.501565,11.8909
synthetic/images/img035878.jpg,synthetic_val,0,31624,3,53772,0.642859,-0.0221676,0.288178,0.709362,156.379
synthetic/images/img035889.jpg,synthetic_val,1,34466,1,61115,-0.0310835,0.994672,0.0310835,0.0932505,28.6229
synthetic/images/img035905.jpg,synthetic_val,2,03032,2,06344,-0.560642,-0.17063,0.780024,-0.219382,63.1247
synthetic/images/img035941.jpg,synthetic_val,0,61446,0,61574,0.893381,-0.0837545,0.139591,0.418772,37.8465
synthetic/images/img035944.jpg,synthetic_val,0,24000,0,02766,0.745396,-0.535754,-0.0232936,-0.395992,18.6548
synthetic/images/img035980.jpg,synthetic_val,3,44670,1,44507,-0.381189,0.580859,-0.526403,0.4901,178.707
synthetic/images/img035984.jpg,synthetic_val,0,26542,0,25676,0.864234,-0.29708,0.40511,-0.0270073,29.4029
synthetic/images/img036016.jpg,synthetic_val,2,72177,1,72553,0.355634,0.758686,0.45047,0.308216,45.6577
synthetic/images/img036050.jpg,synthetic_val,0,11336,0,76076,0.697136,0.108928,0.501067,0.501067,174.66
synthetic/images/img036090.jpg,synthetic_val,1,47514,3,45320,-0.168638,-0.457732,0.409549,0.770916,178.855
synthetic/images/img036117.jpg,synthetic_val,0,60271,3,60333,-0.433341,0.38236,0.0254906,0.8157,129.145
synthetic/images/img036168.jpg,synthetic_val,2,31320,3,32177,0.305995,0.469192,-0.509992,0.652789,129.556
synthetic/images/img036230.jpg,synthetic_val,2,72145,2,72074,0.127453,0.535303,0.8157,0.178434,19.7237
synthetic/images/img036263.jpg,synthetic_val,0,42105,0,07042,0.8157,-0.38236,-0.331378,-0.280397,40.9661
synthetic/images/img036315.jpg,synthetic_val,0,61276,3,61653,-0.240966,0.294514,0.348062,0.856767,179.128
synthetic/images/img036342.jpg,synthetic_val,3,34275,0,25631,0.879772,-0.247436,0.357407,-0.19245,161.574
synthetic/images/img036380.jpg,synthetic_val,2,13407,0,14064,0.74702,0.0233444,-0.630298,-0.210099,175.395
synthetic/images/img036421.jpg,synthetic_val,3,23166,2,21404,-0.36477,0.024318,0.778177,-0.510678,93.7756
synthetic/images/img036436.jpg,synthetic_val,1,65320,1,65132,-0.0810219,0.864234,0.189051,0.459124,20.6447
synthetic/images/img036506.jpg,synthetic_val,3,35131,3,35413,0.573034,0.0747435,-0.174402,0.797264,21.9009
synthetic/images/img036521.jpg,synthetic_val,3,62142,3,64110,-0.464244,0.0244339,0.415376,0.781884,59.4632
synthetic/images/img036537.jpg,synthetic_val,2,14403,2,14672,0.136234,-0.463196,0.871899,-0.0817405,31.2478
synthetic/images/img036551.jpg,synthetic_val,1,56350,1,54067,0.06415,0.684267,-0.534584,0.491817,53.6864
synthetic/images/img036576.jpg,synthetic_val,3,10762,3,16017,0.186352,-0.346083,-0.346083,0.851896,18.1619
synthetic/images/img036737.jpg,synthetic_val,1,21643,1,23444,-0.350931,0.748653,0.397722,-0.397722,18.4326
synthetic/images/img036770.jpg,synthetic_val,0,16012,3,16077,0.199189,-0.2561,-0.2561,0.910577,165.71
synthetic/images/img036772.jpg,synthetic_val,2,21027,1,12472,0.129488,0.828726,-0.233079,-0.492056,154.305
synthetic/images/img036781.jpg,synthetic_val,2,51537,0,42254,0.743784,-0.627568,-0.162703,0.162703,94.2671
synthetic/images/img036846.jpg,synthetic_val,1,52242,1,72012,0.133109,0.851896,0.505813,0.0266217,81.1914
synthetic/images/img036879.jpg,synthetic_val,1,43723,1,43766,-0.19422,0.887862,-0.0277457,0.416185,17.6643
synthetic/images/img036891.jpg,synthetic_val,1,60351,1,62505,-0.484974,0.739008,0.392598,0.254034,27.8229
synthetic/images/img036892.jpg,synthetic_val,2,23512,2,12771,0.372793,-0.0745586,0.795292,-0.472205,79.7457
synthetic/images/img036908.jpg,synthetic_val,2,47376,2,47733,-0.0246108,-0.0246108,0.787547,0.615271,8.39609
synthetic/images/img036985.jpg,synthetic_val,1,30444,1,27032,-0.252424,0.734324,0.527795,-0.344214,71.3178
synthetic/images/img037098.jpg,synthetic_val,3,06436,3,07700,-0.204559,-0.204559,-0.204559,0.935129,53.7362
synthetic/images/img037184.jpg,synthetic_val,3,50323,3,50327,0.289574,-0.447523,0.0789747,0.842397,6.00935
synthetic/images/img037240.jpg,synthetic_val,0,75001,0,31407,0.74702,0.443543,0.0700331,-0.490232,109.956
synthetic/images/img037270.jpg,synthetic_val,0,25502,0,14667,0.879772,0.0824786,-0.467379,-0.0274929,73.0456
synthetic/images/img037296.jpg,synthetic_val,2,66270,2,04746,-0.51494,-0.470162,0.716438,-0.0223887,131.142
synthetic/images/img037335.jpg,synthetic_val,0,32031,3,32145,0.242418,0.374646,-0.55095,0.705215,123.713
synthetic/images/img037351.jpg,synthetic_val,2,07014,2,03434,-0.266242,-0.266242,0.774521,-0.508279,26.138
synthetic/images/img037362.jpg,synthetic_val,2,70200,2,50224,0.026774,-0.508706,0.856767,0.0803219,91.2625
synthetic/images/img037501.jpg,synthetic_val,2,17651,1,74027,0.0789747,0.842397,0.184274,0.500173,179.484
synthetic/images/img037527.jpg,synthetic_val,1,60063,1,22411,-0.503333,0.644266,0.342266,-0.463066,73.9156
synthetic/images/img037596.jpg,synthetic_val,1,45324,1,14322,0.223676,0.795292,-0.422499,-0.372793,107.32
synthetic/images/img037627.jpg,synthetic_val,3,62732,3,02727,-0.480888,-0.0228994,-0.480888,0.732782,111.426
synthetic/images/img037634.jpg,synthetic_val,1,72714,1,72513,0.36477,0.778177,0.462042,0.218862,15.7172
synthetic/images/img037688.jpg,synthetic_val,1,60132,2,65003,-0.33667,0.0776931,0.828726,0.440261,134.091
synthetic/images/img037698.jpg,synthetic_val,1,32772,2,05234,-0.268773,-0.464244,0.781884,-0.317641,153.626
synthetic/images/img037719.jpg,synthetic_val,0,56106,0,61645,0.826512,-0.33577,0.232456,0.387427,95.5024
synthetic/images/img037815.jpg,synthetic_val,0,40223,1,26444,-0.649937,0.670902,0.356417,-0.0209657,7.56189
synthetic/images/img037871.jpg,synthetic_val,1,52274,1,72324,0.203549,0.72373,0.65588,0.0678497,93.1349
synthetic/images/img037909.jpg,synthetic_val,3,15453,3,22527,-0.425569,0.466099,-0.425569,0.648486,178.142
synthetic/images/img037913.jpg,synthetic_val,0,07047,0,07304,0.890609,-0.194821,-0.194821,-0.36181,28.8541
synthetic/images/img037944.jpg,synthetic_val,3,02772,1,02533,-0.387667,0.729727,-0.205236,-0.524491,161.751
synthetic/images/img037970.jpg,synthetic_val,2,16640,2,43132,-0.0898429,-0.269529,0.958324,0.0299476,20.3324
synthetic/images/img038078.jpg,synthetic_val,0,41571,0,14235,0.799251,0.174836,-0.474555,-0.324696,79.5604
synthetic/images/img038101.jpg,synthetic_val,2,34656,2,25572,-0.0908257,0.211927,0.968808,-0.0908257,29.3886
synthetic/images/img038105.jpg,synthetic_val,0,70127,0,70052,0.972379,0.151934,0.0911606,0.151934,25.6679
synthetic/images/img038122.jpg,synthetic_val,2,34670,2,34450,0.153646,0.0307293,0.983336,-0.0921878,39.9937
synthetic/images/img038164.jpg,synthetic_val,2,13475,1,24333,-0.404877,0.762121,0.357244,-0.357244,179.86
synthetic/images/img038191.jpg,synthetic_val,2,72245,2,70622,0.0274101,0.411152,0.877124,0.246691,25.5389
synthetic/images/img038212.jpg,synthetic_val,0,14426,0,74213,0.830959,0.181772,0.285642,0.441447,127.87
synthetic/images/img038276.jpg,synthetic_val,3,74555,0,17064,0.822136,0.43676,-0.282609,-0.231226,170.36
synthetic/images/img038281.jpg,synthetic_val,1,40673,1,23456,-0.259633,0.755297,0.448458,-0.401252,136.21
synthetic/images/img038314.jpg,synthetic_val,3,10732,3,41707,-0.124573,-0.523205,0.27406,0.797264,105.291
synthetic/images/img038448.jpg,synthetic_val,0,32175,0,31404,0.763856,0.405798,0.0238705,-0.50128,50.4968
synthetic/images/img038540.jpg,synthetic_val,0,56507,3,06510,-0.466477,-0.368271,-0.17186,0.785646,169.124
synthetic/images/img038588.jpg,synthetic_val,3,62460,3,60202,-0.675351,0.239641,0.0217855,0.697136,34.5287
synthetic/images/img038649.jpg,synthetic_val,1,41572,1,16051,0.185826,0.849491,-0.398199,-0.292013,77.895
synthetic/images/img038680.jpg,synthetic_val,2,67321,2,50166,0.21338,-0.592723,0.758686,0.165963,156.803
synthetic/images/img038752.jpg,synthetic_val,0,16276,0,16274,0.948174,0.148152,-0.0888913,-0.266674,7.26817
synthetic/images/img038758.jpg,synthetic_val,2,33254,1,55077,0.442063,0.615044,-0.480503,0.442063,175.314
synthetic/images/img038773.jpg,synthetic_val,0,70017,0,61131,0.987072,-0.030846,0.15423,0.030846,27.2108
synthetic/images/img038791.jpg,synthetic_val,2,12755,2,25221,-0.326328,0.326328,0.80327,-0.376533,100.674
synthetic/images/img038795.jpg,synthetic_val,0,61744,0,61545,0.896179,-0.140028,0.0280056,0.420084,27.9159
synthetic/images/img038871.jpg,synthetic_val,3,34647,3,36404,0.0273281,0.464578,-0.136641,0.8745,24.1581
synthetic/images/img038882.jpg,synthetic_val,1,76204,1,76266,0.0199403,0.638089,0.618148,0.458626,11.6193
synthetic/images/img038909.jpg,synthetic_val,1,40276,1,40317,-0.404877,0.762121,-0.500142,0.0714488,28.0698
synthetic/images/img038990.jpg,synthetic_val,0,02234,3,64450,-0.530023,0.0196305,0.569284,0.628176,85.6966
synthetic/images/img039018.jpg,synthetic_val,3,26470,3,24406,-0.689912,0.0667657,-0.111276,0.712167,44.6865
synthetic/images/img039049.jpg,synthetic_val,2,50611,2,61346,-0.198547,0.312002,0.907642,0.198547,113.013
synthetic/images/img039065.jpg,synthetic_val,0,06705,0,00667,0.647423,-0.586727,-0.343944,-0.343944,35.9214
synthetic/images/img039069.jpg,synthetic_val,3,10644,3,01707,-0.113783,-0.47789,-0.47789,0.728214,16.7977
synthetic/images/img039103.jpg,synthetic_val,1,56023,1,34702,0.25205,0.896179,0.308062,-0.196039,99.6452
synthetic/images/img039122.jpg,synthetic_val,3,60745,3,60564,-0.541664,0.117753,0.353259,0.753619,12.7536
synthetic/images/img039196.jpg,synthetic_val,0,12274,3,07776,-0.0932505,-0.0310835,-0.0310835,0.994672,93.6863
synthetic/images/img039259.jpg,synthetic_val,0,52105,3,50213,0.179842,-0.539527,0.0256917,0.822136,174.898
synthetic/images/img039268.jpg,synthetic_val,1,61364,1,12572,0.321503,0.791391,-0.222579,-0.469888,123.298
synthetic/images/img039371.jpg,synthetic_val,2,70167,2,43771,-0.0288315,-0.0864945,0.922608,0.374809,53.9747
synthetic/images/img039383.jpg,synthetic_val,0,31114,3,53047,0.474555,-0.324696,0.174836,0.799251,141.94
synthetic/images/img039505.jpg,synthetic_val,3,12630,3,30742,0.22592,0.276124,-0.476942,0.80327,46.4272
synthetic/images/img039575.jpg,synthetic_val,3,51120,0,25212,0.828726,-0.284875,0.284875,-0.388465,140.962
synthetic/images/img039604.jpg,synthetic_val,0,55750,0,35030,0.772712,0.507093,0.120736,-0.362209,123.441
synthetic/images/img039614.jpg,synthetic_val,3,14103,0,41046,0.691902,-0.324329,-0.627036,0.151354,98.1357
synthetic/images/img039645.jpg,synthetic_val,2,76103,2,76511,0.322525,0.365528,0.688053,0.537541,20.608
synthetic/images/img039691.jpg,synthetic_val,3,50250,0,14661,0.854321,0.0800926,-0.507253,-0.0800926,171.056
synthetic/images/img039693.jpg,synthetic_val,2,41123,1,41175,-0.0235506,0.753619,-0.635866,0.164854,32.4562
synthetic/images/img039715.jpg,synthetic_val,2,40323,2,70514,0.358493,0.0275764,0.882444,0.30334,119.634
synthetic/images/img039779.jpg,synthetic_val,2,23115,2,12573,0.36477,-0.218862,0.778177,-0.462042,85.0005
synthetic/images/img039785.jpg,synthetic_val,1,16302,1,72051,0.187958,0.859235,0.456468,0.134255,93.8216
synthetic/images/img039798.jpg,synthetic_val,0,53312,1,65130,-0.0817405,0.871899,0.136234,0.463196,117.496
synthetic/images/img039801.jpg,synthetic_val,2,34447,1,25701,-0.145617,0.931951,0.262111,-0.203864,142.16
synthetic/images/img039823.jpg,synthetic_val,3,63506,0,61616,0.859235,-0.295362,0.295362,0.295362,178.121
synthetic/images/img039897.jpg,synthetic_val,0,61025,0,61700,0.910577,-0.199189,0.2561,0.2561,32.0047
synthetic/images/img039902.jpg,synthetic_val,1,37765,1,30503,0.268133,0.780024,0.0731272,-0.560642,91.4764
synthetic/images/img039965.jpg,synthetic_val,1,23674,1,23606,-0.304981,0.650627,0.548966,-0.426974,14.5543
synthetic/images/img039989.jpg,synthetic_val,1,43272,1,43256,-0.315058,0.916533,-0.143208,0.200492,14.3325
synthetic/images/img039993.jpg,synthetic_val,0,50532,0,05057,0.71076,-0.199901,-0.644126,-0.199901,73.3786
synthetic/images/img040008.jpg,synthetic_val,0,15433,1,75126,0.55095,0.705215,0.154266,0.418722,108.503
synthetic/images/img040043.jpg,synthetic_val,1,47176,1,47037,-0.228822,0.813589,-0.228822,0.483068,21.9013
synthetic/images/img040047.jpg,synthetic_val,1,26013,2,26121,-0.454912,0.454912,0.6932,-0.324937,43.2034
synthetic/images/img040056.jpg,synthetic_val,2,22504,1,24343,-0.508279,0.774521,0.266242,-0.266242,72.3589
synthetic/images/img040058.jpg,synthetic_val,3,17732,3,43070,-0.306147,-0.306147,0.139158,0.890609,129.396
synthetic/images/img040066.jpg,synthetic_val,3,60646,3,61067,-0.36181,0.194821,0.194821,0.890609,44.8506
synthetic/images/img040100.jpg,synthetic_val,1,03471,1,54272,0.118545,0.758686,-0.403052,0.497888,125.87
synthetic/images/img040134.jpg,synthetic_val,2,50346,1,50262,0.0273281,0.8745,-0.464578,0.136641,70.6819
synthetic/images/img040165.jpg,synthetic_val,0,11341,1,45146,-0.141624,0.647423,-0.586727,0.465335,149.975
synthetic/images/img040211.jpg,synthetic_val,1,43307,1,43352,-0.0911606,0.972379,-0.151934,0.151934,11.3376
synthetic/images/img040227.jpg,synthetic_val,2,52300,2,43170,-0.0873704,-0.320358,0.931951,0.145617,44.0727
synthetic/images/img040231.jpg,synthetic_val,1,50571,2,32655,0.157036,0.560843,0.717879,-0.381373,169.13
synthetic/images/img040237.jpg,synthetic_val,2,04234,2,51600,0.387667,-0.524491,0.729727,0.205236,130.784
synthetic/images/img040240.jpg,synthetic_val,3,25557,0,52230,0.983336,0.153646,-0.0921878,0.0307293,174.812
synthetic/images/img040272.jpg,synthetic_val,3,30677,3,05301,-0.117753,-0.541664,-0.353259,0.753619,117.575
synthetic/images/img040315.jpg,synthetic_val,2,14372,2,43624,-0.403933,-0.0807866,0.861723,0.296217,117.92
synthetic/images/img040461.jpg,synthetic_val,1,52216,1,52224,0.0309641,0.99085,-0.0928922,0.0928922,14.741
synthetic/images/img040505.jpg,synthetic_val,3,67015,3,65207,-0.317641,0.268773,0.464244,0.781884,19.4437
synthetic/images/img040619.jpg,synthetic_val,2,47167,2,63510,-0.0800926,0.453858,0.854321,0.240278,87.0923
synthetic/images/img040683.jpg,synthetic_val,2,40173,2,40277,-0.560843,-0.381373,0.717879,0.157036,28.3762
synthetic/images/img040709.jpg,synthetic_val,0,64517,0,07435,0.904735,-0.254457,-0.311003,-0.141365,104.196
synthetic/images/img040764.jpg,synthetic_val,0,64552,3,06567,-0.533917,-0.228822,-0.0254246,0.813589,154.521
synthetic/images/img040861.jpg,synthetic_val,0,01217,3,07643,-0.371126,-0.142741,-0.0856444,0.91354,86.3679
synthetic/images/img040894.jpg,synthetic_val,0,34516,1,72051,0.187958,0.859235,0.456468,0.134255,117.52
synthetic/images/img040899.jpg,synthetic_val,0,35242,0,35271,0.745396,0.535754,0.302817,-0.25623,16.0805
synthetic/images/img041039.jpg,synthetic_val,3,52347,3,47234,-0.282609,-0.0770752,0.488143,0.822136,77.7109
synthetic/images/img041082.jpg,synthetic_val,2,44510,1,44277,-0.503333,0.644266,-0.342266,0.463066,160.388
synthetic/images/img041126.jpg,synthetic_val,0,03751,0,07336,0.922608,-0.0864945,-0.0288315,-0.374809,25.0223
synthetic/images/img041213.jpg,synthetic_val,1,27312,2,27566,-0.174836,0.574462,0.799251,-0.0249766,46.3748
synthetic/images/img041258.jpg,synthetic_val,2,52062,2,72050,0.135432,0.46047,0.866766,0.135432,88.4118
synthetic/images/img041268.jpg,synthetic_val,2,03705,1,33414,0.448231,0.683019,0.362854,-0.448231,140.876
synthetic/images/img041312.jpg,synthetic_val,3,50237,3,52342,0.26482,-0.147122,0.147122,0.941584,37.2232
synthetic/images/img041372.jpg,synthetic_val,1,47276,2,47604,-0.333169,-0.155479,0.71076,0.599704,144.907
synthetic/images/img041438.jpg,synthetic_val,0,06373,0,25616,0.890609,-0.306147,0.306147,-0.139158,47.0883
synthetic/images/img041484.jpg,synthetic_val,0,00500,2,60665,-0.610155,0.273518,0.673274,0.315597,25.1798
synthetic/images/img041490.jpg,synthetic_val,2,52776,2,52547,0.280397,-0.331378,0.8157,0.38236,33.1214
synthetic/images/img041516.jpg,synthetic_val,0,01553,3,76140,0.210099,0.396854,0.490232,0.74702,124.936
synthetic/images/img041528.jpg,synthetic_val,2,65131,2,47134,-0.0770752,-0.282609,0.822136,0.488143,47.888
synthetic/images/img041542.jpg,synthetic_val,3,42306,3,74001,0.0824786,0.0274929,0.467379,0.879772,94.3868
synthetic/images/img041593.jpg,synthetic_val,3,34211,0,07223,0.849491,-0.345106,-0.0265466,-0.398199,149.668
synthetic/images/img041612.jpg,synthetic_val,3,16256,3,07671,-0.268567,-0.0895223,-0.0895223,0.954905,52.1653
synthetic/images/img041614.jpg,synthetic_val,3,56305,3,60555,-0.433341,0.0254906,0.38236,0.8157,88.156
synthetic/images/img041766.jpg,synthetic_val,0,20562,0,26514,0.776342,-0.460953,0.412432,-0.121303,44.2061
synthetic/images/img041937.jpg,synthetic_val,1,55605,3,33103,0.486902,0.342634,-0.559035,0.577069,36.5491
synthetic/images/img041957.jpg,synthetic_val,1,63746,1,63070,-0.27406,0.797264,0.523205,0.124573,31.6689
synthetic/images/img041970.jpg,synthetic_val,0,22065,0,72161,0.797264,0.27406,0.523205,0.124573,123.978
synthetic/images/img041987.jpg,synthetic_val,3,23153,3,21506,-0.179369,0.0768726,-0.538108,0.819974,46.7567
synthetic/images/img042058.jpg,synthetic_val,1,12663,1,14025,0.06827,0.728214,-0.61443,-0.295837,76.3698
synthetic/images/img042077.jpg,synthetic_val,1,10763,1,47621,-0.30414,0.748653,-0.0701862,0.584885,149.982
synthetic/images/img042148.jpg,synthetic_val,2,12024,1,30471,0.183261,0.837765,0.130901,-0.497423,154.412
synthetic/images/img042158.jpg,synthetic_val,2,72365,2,14670,0.132733,-0.504385,0.849491,-0.0796398,146.507
synthetic/images/img042207.jpg,synthetic_val,0,14664,3,42170,-0.485586,-0.281129,0.127786,0.817829,121.366
synthetic/images/img042224.jpg,synthetic_val,1,26422,1,40127,-0.458367,0.698464,-0.545675,0.065481,125.61
synthetic/images/img042240.jpg,synthetic_val,1,04265,0,04663,0.688053,-0.623548,-0.365528,-0.0645049,94.6271
synthetic/images/img042262.jpg,synthetic_val,3,46575,2,43647,-0.342224,-0.131625,0.842397,0.394874,38.0977
synthetic/images/img042304.jpg,synthetic_val,1,52226,1,34404,0.030846,0.987072,0.030846,-0.15423,31.1109
synthetic/images/img042342.jpg,synthetic_val,2,31204,1,02631,-0.534584,0.684267,-0.06415,-0.491817,158.257
synthetic/images/img042362.jpg,synthetic_val,0,53223,0,07355,0.941584,-0.0294245,-0.205971,-0.26482,75.8701
synthetic/images/img042375.jpg,synthetic_val,2,25521,1,16621,0.0908257,0.968808,-0.0908257,-0.211927,168.005
synthetic/images/img042417.jpg,synthetic_val,0,23315,3,34362,0.23627,0.393784,-0.288775,0.840072,122.2
synthetic/images/img042464.jpg,synthetic_val,0,56326,3,60310,-0.496065,0.234978,0.0261087,0.835478,170.955
synthetic/images/img042511.jpg,synthetic_val,2,34322,2,30570,0.327154,0.125828,0.805302,-0.478148,33.519
synthetic/images/img042547.jpg,synthetic_val,3,16735,3,53603,0.492056,-0.129488,0.233079,0.828726,44.5055
synthetic/images/img042637.jpg,synthetic_val,2,13754,3,14140,0.19245,-0.662884,-0.235217,0.684267,157.077
synthetic/images/img042717.jpg,synthetic_val,3,71166,3,71552,0.641599,0.0663723,0.287613,0.707972,18.5055
synthetic/images/img042757.jpg,synthetic_val,0,17352,0,17025,0.781884,0.464244,-0.268773,-0.317641,30.5842
synthetic/images/img042797.jpg,synthetic_val,1,37713,1,31737,0.602084,0.621506,0.291331,-0.407863,42.714
synthetic/images/img042810.jpg,synthetic_val,0,32464,0,32442,0.765603,0.0239251,0.454577,-0.454577,9.29781
synthetic/images/img042899.jpg,synthetic_val,3,73511,3,73511,0.638802,0.350311,0.185459,0.659408,0.76909
synthetic/images/img042943.jpg,synthetic_val,0,24256,0,24742,0.780024,-0.560642,0.268133,-0.0731272,19.72
synthetic/images/img042996.jpg,synthetic_val,3,40214,3,40216,-0.57525,-0.447417,0.0639167,0.681778,2.56098
synthetic/images/img042998.jpg,synthetic_val,1,67631,2,67512,-0.0667657,0.422849,0.712167,0.55638,34.2551
synthetic/images/img043046.jpg,synthetic_val,3,43316,3,43177,-0.0294245,-0.26482,0.205971,0.941584,21.0583
synthetic/images/img043062.jpg,synthetic_val,3,16621,3,34600,0.0294245,0.26482,-0.205971,0.941584,40.7955
synthetic/images/img043067.jpg,synthetic_val,3,70540,3,56360,0.228232,-0.0760775,0.532542,0.811493,22.0587
synthetic/images/img043078.jpg,synthetic_val,2,70337,2,70414,0.146114,0.0292228,0.935129,0.321451,62.5
synthetic/images/img043079.jpg,synthetic_val,1,53113,0,17514,0.695817,0.630584,-0.326164,-0.108721,17.6782
synthetic/images/img043137.jpg,synthetic_val,1,72316,1,72102,0.234978,0.835478,0.496065,0.0261087,20.1892
synthetic/images/img043209.jpg,synthetic_val,2,02375,2,12066,0.0240354,-0.216319,0.769133,-0.600885,51.5815
synthetic/images/img043253.jpg,synthetic_val,1,32003,1,54315,0.324329,0.691902,-0.497305,0.410817,178.308
synthetic/images/img043270.jpg,synthetic_val,2,35606,2,52334,0.373569,-0.0862083,0.919555,0.0862083,51.7807
synthetic/images/img043309.jpg,synthetic_val,3,54136,0,52006,0.922608,0.0288315,-0.374809,0.0864945,163.317
synthetic/images/img043360.jpg,synthetic_val,2,24543,2,16335,0.397081,-0.0794162,0.847106,-0.344137,117.405
synthetic/images/img043370.jpg,synthetic_val,0,04226,1,06027,-0.630584,0.695817,-0.195698,-0.282675,90.1754
synthetic/images/img043404.jpg,synthetic_val,3,25507,3,70173,0.412393,0.19245,0.137464,0.879772,74.9669
synthetic/images/img043545.jpg,synthetic_val,2,52640,2,61640,-0.387427,0.232456,0.826512,0.33577,70.487
synthetic/images/img043552.jpg,synthetic_val,0,47133,0,25171,0.935129,-0.0292228,0.146114,-0.321451,105.229
synthetic/images/img043634.jpg,synthetic_val,2,52332,2,70726,0.23627,0.393784,0.840072,0.288775,60.2853
synthetic/images/img043651.jpg,synthetic_val,2,27344,1,27525,-0.128459,0.822136,0.539527,-0.128459,36.9891
synthetic/images/img043686.jpg,synthetic_val,2,06263,1,34112,0.344137,0.847106,0.0794162,-0.397081,172.08
synthetic/images/img043794.jpg,synthetic_val,3,51254,3,51607,0.430597,-0.475923,0.249293,0.725215,12.847
synthetic/images/img043823.jpg,synthetic_val,0,03754,0,61571,0.916533,-0.0286417,0.143208,0.372342,106.999
synthetic/images/img043871.jpg,synthetic_val,1,35076,1,03517,-0.024731,0.791391,-0.321503,-0.51935,97.8987
synthetic/images/img043969.jpg,synthetic_val,0,30306,0,30164,0.763856,0.214834,0.119352,-0.596762,15.9985
synthetic/images/img043984.jpg,synthetic_val,1,01554,1,05746,-0.179842,0.822136,-0.539527,-0.0256917,46.4269
synthetic/images/img044163.jpg,synthetic_val,0,76256,0,76146,0.716438,0.201498,0.425385,0.51494,19.8956
synthetic/images/img044210.jpg,synthetic_val,0,43356,0,43347,0.954905,-0.149204,-0.149204,0.208885,5.56808
synthetic/images/img044262.jpg,synthetic_val,0,75235,0,77140,0.656074,0.512558,0.348539,0.430548,11.0633
synthetic/images/img044274.jpg,synthetic_val,0,56560,0,65516,0.760398,-0.0712873,0.0712873,0.641585,51.3909
synthetic/images/img044289.jpg,synthetic_val,1,30305,2,33156,0.543124,0.35584,0.59931,-0.468211,74.2753
synthetic/images/img044456.jpg,synthetic_val,0,06654,0,06463,0.72373,-0.65588,-0.203549,-0.0678497,9.37815
synthetic/images/img044489.jpg,synthetic_val,0,50770,0,56160,0.783758,0.220432,-0.269417,0.514341,34.2805
synthetic/images/img044568.jpg,synthetic_val,2,77622,1,77072,0.425569,0.648486,0.466099,0.425569,22.5432
synthetic/images/img044597.jpg,synthetic_val,2,67362,2,61637,-0.23627,0.393784,0.840072,0.288775,37.6011
synthetic/images/img044607.jpg,synthetic_val,3,56755,0,52664,0.901856,0.028183,-0.084549,0.422745,120.454
synthetic/images/img044635.jpg,synthetic_val,0,43536,0,07453,0.893381,-0.251263,-0.362936,-0.0837545,47.4565
synthetic/images/img044728.jpg,synthetic_val,1,01362,1,54217,0.161658,0.739008,-0.484974,0.438786,130.113
synthetic/images/img044747.jpg,synthetic_val,0,51175,1,33541,0.550791,0.652789,0.346794,-0.387594,121.478
synthetic/images/img044752.jpg,synthetic_val,1,34751,1,07437,-0.258625,0.919555,-0.258625,-0.143681,101.728
synthetic/images/img044771.jpg,synthetic_val,3,73775,0,45066,0.652789,-0.305995,-0.509992,0.469192,140.087
synthetic/images/img044799.jpg,synthetic_val,1,62544,3,65701,-0.119352,0.214834,0.596762,0.763856,92.1335
synthetic/images/img044806.jpg,synthetic_val,0,52524,3,47537,-0.0233444,-0.210099,0.630298,0.74702,175.166
synthetic/images/img044817.jpg,synthetic_val,3,27512,3,26433,-0.529761,0.48738,-0.148333,0.678094,58.3069
synthetic/images/img044822.jpg,synthetic_val,0,56255,0,54662,0.689329,0.0215415,-0.366206,0.624704,33.4029
synthetic/images/img044848.jpg,synthetic_val,2,04472,2,07042,-0.38236,-0.331378,0.8157,-0.280397,42.8047
synthetic/images/img044900.jpg,synthetic_val,3,14332,0,14667,0.879772,0.0824786,-0.467379,-0.0274929,132.605
synthetic/images/img045019.jpg,synthetic_val,1,56354,1,03657,-0.238919,0.849491,-0.132733,-0.451292,137.703
synthetic/images/img045041.jpg,synthetic_val,3,53617,0,61572,0.904735,-0.0848189,0.197911,0.367549,61.9782
synthetic/images/img045055.jpg,synthetic_val,3,07236,3,34422,0.0298408,0.208885,-0.208885,0.954905,51.0926
synthetic/images/img045094.jpg,synthetic_val,0,26530,0,72424,0.80327,0.0251022,0.527146,0.276124,75.4924
synthetic/images/img045229.jpg,synthetic_val,1,27434,1,41277,-0.236924,0.842397,-0.447523,0.184274,123.048
synthetic/images/img045341.jpg,synthetic_val,3,24627,0,25363,0.856767,-0.13387,0.40161,-0.294514,66.9364
synthetic/images/img045435.jpg,synthetic_val,1,61774,1,61575,-0.0280056,0.896179,0.140028,0.420084,23.2486
synthetic/images/img045454.jpg,synthetic_val,1,74412,1,72117,0.372793,0.795292,0.472205,0.0745586,83.6068
synthetic/images/img045462.jpg,synthetic_val,3,61646,0,02605,0.659408,-0.597589,-0.144246,-0.432737,69.8848
synthetic/images/img045465.jpg,synthetic_val,1,23576,1,27321,-0.108721,0.695817,0.630584,-0.326164,14.319
synthetic/images/img045497.jpg,synthetic_val,3,25660,3,26535,-0.403052,0.497888,-0.118545,0.758686,22.621
synthetic/images/img045510.jpg,synthetic_val,0,65760,0,65264,0.725215,-0.339945,0.294619,0.521249,23.2354
synthetic/images/img045517.jpg,synthetic_val,1,17026,1,16775,0.422745,0.901856,-0.084549,-0.028183,38.5685
synthetic/images/img045578.jpg,synthetic_val,1,43536,1,43174,-0.0864945,0.922608,-0.317146,0.20182,11.0422
synthetic/images/img045639.jpg,synthetic_val,1,36710,1,07314,-0.0848189,0.904735,-0.197911,-0.367549,107.509
synthetic/images/img045709.jpg,synthetic_val,3,30620,3,31462,0.409549,0.168638,-0.457732,0.770916,49.7035
synthetic/images/img045763.jpg,synthetic_val,2,23007,2,24003,-0.632983,0.065481,0.698464,-0.327405,62.8205
synthetic/images/img045775.jpg,synthetic_val,2,63253,1,41710,-0.0740121,0.789462,-0.567426,0.222036,167.261
synthetic/images/img045806.jpg,synthetic_val,1,26257,1,26526,-0.501067,0.697136,0.501067,-0.108928,10.548
synthetic/images/img045906.jpg,synthetic_val,2,42203,2,01653,-0.206095,-0.480888,0.732782,-0.435089,87.4264
synthetic/images/img045908.jpg,synthetic_val,0,01572,0,01633,0.729727,-0.205236,-0.387667,-0.524491,28.3133
synthetic/images/img045939.jpg,synthetic_val,0,46601,0,20507,0.73125,-0.479882,0.0685546,-0.479882,122.349
synthetic/images/img045985.jpg,synthetic_val,3,34035,3,34164,0.258625,0.143681,-0.258625,0.919555,13.5649
synthetic/images/img045988.jpg,synthetic_val,2,72670,2,72661,0.0663723,0.641599,0.707972,0.287613,4.47134
synthetic/images/img046073.jpg,synthetic_val,1,70341,2,70035,0.21039,0.150278,0.961781,0.090167,127.614
synthetic/images/img046184.jpg,synthetic_val,1,16703,1,16421,0.0864945,0.922608,-0.317146,-0.20182,35.7614
synthetic/images/img046213.jpg,synthetic_val,0,57612,3,75100,0.567742,0.0227097,0.386065,0.72671,82.0027
synthetic/images/img046223.jpg,synthetic_val,2,65355,2,43245,-0.36181,-0.194821,0.890609,0.194821,76.2418
synthetic/images/img046244.jpg,synthetic_val,2,13423,2,20340,-0.473147,0.185144,0.658291,-0.555433,118.155
synthetic/images/img046251.jpg,synthetic_val,3,23565,0,40767,0.719328,-0.472059,-0.382143,0.337185,171.341
synthetic/images/img046265.jpg,synthetic_val,1,75721,1,75667,0.374716,0.631101,0.295829,0.611379,23.2683
synthetic/images/img046280.jpg,synthetic_val,2,27462,2,25647,-0.358493,0.30334,0.882444,-0.0275764,33.1195
synthetic/images/img046316.jpg,synthetic_val,1,50034,1,70017,0.211927,0.968808,0.0908257,0.0908257,89.719
synthetic/images/img046341.jpg,synthetic_val,1,52200,1,43334,-0.092538,0.987072,-0.092538,0.092538,21.6905
synthetic/images/img046345.jpg,synthetic_val,3,62177,0,63650,0.72671,-0.249807,0.567742,0.295226,167.4
synthetic/images/img046357.jpg,synthetic_val,1,74576,1,76046,0.0228515,0.73125,0.434179,0.525586,46.2588
synthetic/images/img046404.jpg,synthetic_val,3,41255,3,41730,-0.0781133,-0.494718,0.23434,0.833209,18.9576
synthetic/images/img046414.jpg,synthetic_val,3,25556,3,61115,-0.0310835,0.0310835,0.0932505,0.994672,17.2302
synthetic/images/img046484.jpg,synthetic_val,2,77215,2,77122,0.503333,0.463066,0.644266,0.342266,8.86836
synthetic/images/img046488.jpg,synthetic_val,2,64162,2,64307,-0.475923,0.249293,0.725215,0.430597,11.7018
synthetic/images/img046539.jpg,synthetic_val,0,45347,3,16717,0.416185,-0.138728,-0.138728,0.887862,69.6874
synthetic/images/img046555.jpg,synthetic_val,3,27752,3,33416,0.441056,0.39905,-0.441056,0.672085,81.0134
synthetic/images/img046570.jpg,synthetic_val,0,12245,0,12245,0.774521,0.0726113,-0.169426,-0.605095,3.23538
synthetic/images/img046574.jpg,synthetic_val,1,43643,2,43625,-0.357407,-0.0824786,0.879772,0.302422,172.754
synthetic/images/img046608.jpg,synthetic_val,2,60217,1,64153,-0.404877,0.762121,0.0714488,0.500142,117.547
synthetic/images/img046629.jpg,synthetic_val,1,54126,1,54440,0.0188078,0.601848,-0.583041,0.545425,29.2755
synthetic/images/img046697.jpg,synthetic_val,0,37075,2,37520,0.540548,0.454061,0.691902,-0.151354,31.0179
synthetic/images/img046763.jpg,synthetic_val,0,57645,3,64124,-0.522323,0.113548,0.431484,0.72671,170.239
synthetic/images/img046828.jpg,synthetic_val,1,05654,1,61742,-0.189605,0.866766,0.297951,0.352124,113.583
synthetic/images/img046831.jpg,synthetic_val,1,45610,1,23461,-0.291053,0.716438,0.470162,-0.425385,167.299
synthetic/images/img046836.jpg,synthetic_val,3,06714,3,06563,-0.532542,-0.228232,-0.0760775,0.811493,11.5937
synthetic/images/img046849.jpg,synthetic_val,2,74347,2,70511,0.411152,0.0274101,0.877124,0.246691,46.7795
synthetic/images/img046882.jpg,synthetic_val,3,35601,3,30574,0.334878,0.128799,-0.437917,0.824315,36.2808
synthetic/images/img046929.jpg,synthetic_val,2,66656,3,65620,-0.331862,0.287613,0.553103,0.707972,31.6688
synthetic/images/img046951.jpg,synthetic_val,1,70430,1,70601,0.0867835,0.925691,0.260351,0.260351,13.3712
synthetic/images/img047033.jpg,synthetic_val,2,74763,1,77441,0.378865,0.638089,0.338985,0.578268,54.5584
synthetic/images/img047037.jpg,synthetic_val,3,63150,0,53002,0.830959,0.441447,-0.337577,0.0259675,165.482
synthetic/images/img047050.jpg,synthetic_val,0,16200,0,16072,0.904735,0.141365,-0.254457,-0.311003,16.7911
synthetic/images/img047075.jpg,synthetic_val,0,50757,0,51564,0.62721,0.490008,-0.529208,0.294005,20.0403
synthetic/images/img047092.jpg,synthetic_val,2,37037,2,37222,0.340068,0.620124,0.640128,-0.30006,22.9175
synthetic/images/img047104.jpg,synthetic_val,2,44313,1,14322,0.223676,0.795292,-0.422499,-0.372793,55.775
synthetic/images/img047126.jpg,synthetic_val,3,10344,1,20576,-0.457732,0.770916,0.168638,-0.409549,66.9448
synthetic/images/img047128.jpg,synthetic_val,2,25517,1,34404,0.030846,0.987072,0.030846,-0.15423,161.038
synthetic/images/img047136.jpg,synthetic_val,0,36070,0,30645,0.854321,0.0800926,0.240278,-0.453858,37.8572
synthetic/images/img047242.jpg,synthetic_val,1,63100,1,43171,-0.0292228,0.935129,-0.321451,0.146114,97.642
synthetic/images/img047245.jpg,synthetic_val,0,25407,3,60133,-0.46047,0.189605,0.0270864,0.866766,103.647
synthetic/images/img047371.jpg,synthetic_val,3,46142,0,75066,0.735875,0.390934,0.160973,0.52891,177.668
synthetic/images/img047373.jpg,synthetic_val,3,71166,3,60342,-0.557996,0.266868,0.121303,0.776342,142.741
synthetic/images/img047467.jpg,synthetic_val,0,24634,0,24775,0.830959,-0.441447,0.337577,-0.0259675,23.5764
synthetic/images/img047492.jpg,synthetic_val,0,16653,0,16656,0.975991,0.152499,-0.152499,-0.0304997,9.90501
synthetic/images/img047538.jpg,synthetic_val,3,40556,2,42076,-0.622212,-0.207404,0.737437,0.161314,95.0442
synthetic/images/img047552.jpg,synthetic_val,1,05421,1,61070,-0.318206,0.925691,0.144639,0.144639,100.031
synthetic/images/img047705.jpg,synthetic_val,2,70547,1,36055,0.184274,0.842397,0.447523,-0.236924,130.63
synthetic/images/img047712.jpg,synthetic_val,1,62073,1,04166,-0.483916,0.673274,-0.525995,-0.189358,126.099
synthetic/images/img047772.jpg,synthetic_val,3,34367,3,37164,0.53655,0.450702,-0.193158,0.686784,32.266
synthetic/images/img047864.jpg,synthetic_val,3,01601,3,33007,0.373556,0.373556,-0.570164,0.629146,128.044
synthetic/images/img047868.jpg,synthetic_val,1,33536,1,33021,0.359903,0.606152,0.397787,-0.58721,33.6446
synthetic/images/img047872.jpg,synthetic_val,2,10356,3,43426,-0.393784,-0.23627,0.288775,0.840072,150.245
synthetic/images/img047873.jpg,synthetic_val,2,71161,3,72305,0.260798,0.592723,0.0711268,0.758686,136.823
synthetic/images/img047946.jpg,synthetic_val,1,34250,1,34274,0.138728,0.887862,0.360694,-0.249711,13.3602
synthetic/images/img047953.jpg,synthetic_val,3,05742,3,05637,-0.238919,-0.451292,-0.132733,0.849491,11.7772
synthetic/images/img048130.jpg,synthetic_val,2,12345,0,17026,0.809414,0.430001,-0.227648,-0.328824,161.402
synthetic/images/img048200.jpg,synthetic_val,2,26232,0,40661,0.653879,-0.592578,-0.388241,0.265638,29.1271
synthetic/images/img048220.jpg,synthetic_val,0,27103,0,27553,0.856767,-0.026774,0.508706,-0.0803219,36.6501
synthetic/images/img048250.jpg,synthetic_val,1,42116,1,24371,-0.424602,0.799251,0.324696,-0.274743,89.1836
synthetic/images/img048264.jpg,synthetic_val,1,53430,1,53461,0.464244,0.781884,-0.268773,0.317641,12.9597
synthetic/images/img048272.jpg,synthetic_val,1,03222,1,14362,0.231226,0.822136,-0.43676,-0.282609,94.387
synthetic/images/img048374.jpg,synthetic_val,1,03254,1,01534,-0.0639167,0.681778,-0.57525,-0.447417,56.7196
synthetic/images/img048420.jpg,synthetic_val,2,37532,2,37533,0.612333,0.454311,0.632085,-0.138269,3.79208
synthetic/images/img048426.jpg,synthetic_val,1,14125,1,14417,0.158968,0.72671,-0.658581,-0.113548,22.3529
synthetic/images/img048431.jpg,synthetic_val,0,30745,3,34373,0.375587,0.375587,-0.275431,0.801253,179.895
synthetic/images/img048459.jpg,synthetic_val,1,66627,2,00041,-0.486383,-0.519926,0.536698,-0.452839,176.185
synthetic/images/img048492.jpg,synthetic_val,3,40016,3,16562,0.260351,-0.260351,-0.0867835,0.925691,107.945
synthetic/images/img048566.jpg,synthetic_val,1,06056,1,56435,0.159628,0.729727,-0.250844,0.615707,133.807
synthetic/images/img048619.jpg,synthetic_val,1,25255,1,21516,-0.0779024,0.830959,0.0779024,-0.545317,45.0929
synthetic/images/img048626.jpg,synthetic_val,0,52126,0,30652,0.817829,0.127786,0.281129,-0.485586,91.5717
synthetic/images/img048641.jpg,synthetic_val,2,05261,2,07217,-0.249711,-0.138728,0.887862,-0.360694,42.0786
synthetic/images/img048685.jpg,synthetic_val,3,12753,3,12777,0.38236,-0.0254906,-0.433341,0.8157,13.4542
synthetic/images/img048880.jpg,synthetic_val,0,53447,0,53034,0.801253,0.525822,-0.275431,0.0751175,35.7312
synthetic/images/img048903.jpg,synthetic_val,2,47533,2,45622,-0.322525,-0.365528,0.688053,0.537541,40.4586
synthetic/images/img048905.jpg,synthetic_val,2,65433,2,65550,-0.069282,0.023094,0.739008,0.669726,24.3402
synthetic/images/img049028.jpg,synthetic_val,0,70111,0,35144,0.769133,0.600885,0.0240354,-0.216319,40.8773
synthetic/images/img049048.jpg,synthetic_val,0,70207,0,70036,0.961781,0.150278,0.21039,0.090167,13.7908
synthetic/images/img049099.jpg,synthetic_val,2,04102,1,01176,-0.0627868,0.669726,-0.523223,-0.523223,117.703
synthetic/images/img049133.jpg,synthetic_val,1,01142,1,54127,0.238287,0.6932,-0.541562,0.411587,122.304
synthetic/images/img049150.jpg,synthetic_val,3,35470,3,35615,0.564683,0.220963,-0.122757,0.785646,14.4642
synthetic/images/img049207.jpg,synthetic_val,2,42130,1,70011,0.213498,0.975991,0.0304997,0.0304997,135.982
synthetic/images/img049276.jpg,synthetic_val,2,73073,2,76101,0.265003,0.409549,0.770916,0.409549,47.201
synthetic/images/img049289.jpg,synthetic_val,3,25515,3,35550,0.669726,0.023094,-0.069282,0.739008,85.1145
synthetic/images/img049310.jpg,synthetic_val,0,61560,0,61571,0.916533,-0.0286417,0.143208,0.372342,19.6475
synthetic/images/img049452.jpg,synthetic_val,0,00605,3,55142,0.461777,-0.535661,0.387893,0.591074,160.984
synthetic/images/img049464.jpg,synthetic_val,2,50267,2,61334,-0.0862083,0.373569,0.919555,0.0862083,103.996
synthetic/images/img049481.jpg,synthetic_val,2,16324,2,74023,0.0810219,0.189051,0.864234,0.459124,105.748
synthetic/images/img049506.jpg,synthetic_val,2,03535,2,30552,0.328824,0.0758825,0.809414,-0.480589,59.4649
synthetic/images/img049536.jpg,synthetic_val,2,46360,2,43662,-0.398199,-0.0265466,0.849491,0.345106,25.8015
synthetic/images/img049540.jpg,synthetic_val,1,02275,0,04262,0.653879,-0.633445,-0.347373,-0.224771,103.027
synthetic/images/img049639.jpg,synthetic_val,0,53435,0,53665,0.795292,0.472205,-0.0745586,0.372793,29.4222
synthetic/images/img049717.jpg,synthetic_val,2,50420,1,61142,-0.21039,0.961781,0.090167,0.150278,118.31
synthetic/images/img049727.jpg,synthetic_val,3,15627,0,76016,0.760398,0.118812,0.451486,0.451486,105.376
synthetic/images/img049793.jpg,synthetic_val,0,34035,0,34012,0.893381,0.139591,0.0837545,-0.418772,10.0206
synthetic/images/img049818.jpg,synthetic_val,3,52531,3,53434,0.508279,-0.266242,0.266242,0.774521,18.4442
synthetic/images/img049943.jpg,synthetic_val,2,33015,3,30123,0.236957,0.150791,-0.667787,0.689329,98.6255
synthetic/images/img049962.jpg,synthetic_val,0,51110,1,45053,-0.184211,0.654974,-0.59357,0.429826,105.085
synthetic/images/img050038.jpg,synthetic_val,2,35625,1,34143,0.308062,0.896179,0.0840168,-0.308062,116.515
synthetic/images/img050084.jpg,synthetic_val,2,65701,1,60577,-0.426737,0.80327,0.175715,0.376533,108.754
synthetic/images/img050086.jpg,synthetic_val,0,34404,0,07673,0.958324,-0.269529,-0.0299476,-0.0898429,34.465
synthetic/images/img050100.jpg,synthetic_val,1,12064,1,45325,-0.118812,0.760398,-0.451486,0.451486,128.592
synthetic/images/img050179.jpg,synthetic_val,3,41537,3,27205,-0.291638,0.560843,-0.291638,0.717879,162.476
synthetic/images/img050198.jpg,synthetic_val,3,75264,0,72542,0.791391,0.222579,0.469888,0.321503,68.174
synthetic/images/img050208.jpg,synthetic_val,0,57463,0,52147,0.866766,0.297951,-0.352124,0.189605,59.2928
synthetic/images/img050261.jpg,synthetic_val,3,45653,2,46525,-0.436459,-0.228622,0.665081,0.561162,41.5998
synthetic/images/img050270.jpg,synthetic_val,1,53356,1,53700,0.592723,0.758686,-0.165963,0.21338,9.40011
synthetic/images/img050288.jpg,synthetic_val,1,17473,2,53060,0.445063,-0.287982,0.837765,0.130901,158.376
synthetic/images/img050360.jpg,synthetic_val,1,52055,1,52170,0.355266,0.8745,-0.300609,0.136641,21.8387
synthetic/images/img050371.jpg,synthetic_val,2,46053,1,10674,0.121303,0.776342,-0.460953,-0.412432,79.6527
synthetic/images/img050543.jpg,synthetic_val,2,70223,2,70213,0.202495,0.318206,0.925691,0.0289278,16.3505
synthetic/images/img050602.jpg,synthetic_val,3,61006,3,64110,-0.464244,0.0244339,0.415376,0.781884,43.0304
synthetic/images/img050626.jpg,synthetic_val,3,41437,3,71627,0.456673,0.360531,0.264389,0.769133,139.376
synthetic/images/img050635.jpg,synthetic_val,3,52420,3,43573,-0.0280056,-0.25205,0.364073,0.896179,18.5761
synthetic/images/img050661.jpg,synthetic_val,0,73076,2,46120,-0.51912,-0.248275,0.722254,0.383697,175.413
synthetic/images/img050729.jpg,synthetic_val,0,73210,0,35143,0.737437,0.622212,0.0691347,-0.253494,66.6797
synthetic/images/img050749.jpg,synthetic_val,3,71026,3,43173,-0.0297351,-0.267615,0.148675,0.951522,80.8193
synthetic/images/img050834.jpg,synthetic_val,2,75452,1,46137,-0.405798,0.763856,-0.214834,0.453539,177.329
synthetic/images/img050858.jpg,synthetic_val,0,74073,0,74072,0.8157,0.127453,0.178434,0.535303,6.52953
synthetic/images/img050916.jpg,synthetic_val,1,61350,1,61375,-0.0283638,0.907642,0.368729,0.198547,18.0344
synthetic/images/img051019.jpg,synthetic_val,3,47127,3,43741,-0.140469,-0.196657,0.36522,0.899004,16.3781
synthetic/images/img051020.jpg,synthetic_val,3,12647,3,25021,-0.342224,0.131625,-0.394874,0.842397,60.6569
synthetic/images/img051045.jpg,synthetic_val,2,03434,3,03522,-0.17063,-0.219382,-0.560642,0.780024,89.1764
synthetic/images/img051051.jpg,synthetic_val,3,61445,0,61677,0.811493,-0.228232,0.380387,0.380387,159.87
synthetic/images/img051064.jpg,synthetic_val,1,51623,2,56106,0.222579,-0.321503,0.791391,0.469888,137.271
synthetic/images/img051065.jpg,synthetic_val,2,47500,2,45621,-0.278493,-0.407029,0.685522,0.535564,15.4545
synthetic/images/img051123.jpg,synthetic_val,0,75634,0,73545,0.672085,0.567072,0.357045,0.31504,32.9958
synthetic/images/img051254.jpg,synthetic_val,1,61706,1,61347,-0.143208,0.916533,0.315058,0.200492,15.1298
synthetic/images/img051255.jpg,synthetic_val,1,35576,1,35533,0.67923,0.701141,0.153375,-0.153375,17.4078
synthetic/images/img051263.jpg,synthetic_val,3,14766,3,60135,-0.463196,0.136234,0.0817405,0.871899,108.573
synthetic/images/img051272.jpg,synthetic_val,1,45027,1,24335,-0.418384,0.787547,0.319941,-0.319941,141.026
synthetic/images/img051391.jpg,synthetic_val,1,71010,2,70070,0.150824,0.150824,0.965275,0.150824,149.937
synthetic/images/img051394.jpg,synthetic_val,0,05517,2,27224,-0.315597,0.610155,0.673274,-0.273518,98.4524
synthetic/images/img051489.jpg,synthetic_val,2,00671,2,56116,0.313185,-0.313185,0.770916,0.457732,144.647
synthetic/images/img051501.jpg,synthetic_val,2,70611,2,70257,0.198547,0.312002,0.907642,0.198547,10.4984
synthetic/images/img051540.jpg,synthetic_val,1,34060,1,07352,-0.0873704,0.931951,-0.145617,-0.320358,33.5781
synthetic/images/img051627.jpg,synthetic_val,0,52615,0,07233,0.877124,-0.246691,-0.0274101,-0.411152,104.761
synthetic/images/img051634.jpg,synthetic_val,3,61513,3,70046,0.0303869,0.0911606,0.212708,0.972379,7.03169
synthetic/images/img051661.jpg,synthetic_val,0,22731,3,72345,0.257915,0.58617,0.164128,0.750298,147.674
synthetic/images/img051710.jpg,synthetic_val,2,64566,2,47534,-0.0691347,-0.253494,0.737437,0.622212,66.6407
synthetic/images/img051732.jpg,synthetic_val,1,32527,2,06312,-0.469888,-0.123655,0.791391,-0.370965,137.729
synthetic/images/img051765.jpg,synthetic_val,0,02212,3,62162,-0.501067,0.501067,0.108928,0.697136,17.2761
synthetic/images/img051867.jpg,synthetic_val,2,44101,1,43567,-0.135831,0.869321,-0.244497,0.407494,122.918
synthetic/images/img051915.jpg,synthetic_val,1,60137,3,30002,0.0223887,0.067166,-0.694049,0.716438,179.108
synthetic/images/img051973.jpg,synthetic_val,0,07106,0,54260,0.748653,0.0233954,-0.444513,0.491304,102.238
synthetic/images/img051985.jpg,synthetic_val,1,43225,2,50270,0.131991,-0.501565,0.844742,0.131991,111.787
synthetic/images/img052004.jpg,synthetic_val,2,24521,2,24724,-0.550277,0.311026,0.765603,-0.119625,20.2011
synthetic/images/img052117.jpg,synthetic_val,3,46434,3,46166,-0.494538,-0.193515,0.494538,0.688053,9.4609
synthetic/images/img052125.jpg,synthetic_val,0,03123,0,03016,0.689329,-0.236957,-0.28004,-0.624704,18.6672
synthetic/images/img052140.jpg,synthetic_val,3,34344,3,34366,0.239596,0.399326,-0.239596,0.851896,15.8788
synthetic/images/img052297.jpg,synthetic_val,3,63105,3,60131,-0.464578,0.136641,0.0273281,0.8745,52.8654
synthetic/images/img052399.jpg,synthetic_val,2,12574,2,10773,0.344214,-0.390109,0.734324,-0.436005,14.2889
synthetic/images/img052412.jpg,synthetic_val,0,15530,1,16553,0.397081,0.847106,-0.344137,-0.0794162,46.0346
synthetic/images/img052431.jpg,synthetic_val,1,15505,0,11717,0.597635,0.578959,-0.392198,-0.392198,41.8805
synthetic/images/img052468.jpg,synthetic_val,1,37155,2,33507,0.534156,0.375888,0.633074,-0.415455,56.5439
synthetic/images/img052494.jpg,synthetic_val,1,53004,2,52212,0.152499,-0.152499,0.975991,0.0304997,132.135
synthetic/images/img052503.jpg,synthetic_val,1,42515,1,40735,-0.401252,0.755297,-0.448458,0.259633,10.3218
synthetic/images/img052580.jpg,synthetic_val,3,17314,3,17351,0.667787,-0.150791,-0.236957,0.689329,4.44601
synthetic/images/img052635.jpg,synthetic_val,0,00473,0,02472,0.683019,-0.576297,-0.192099,-0.405542,35.3431
synthetic/images/img052700.jpg,synthetic_val,2,43075,2,07476,-0.314029,-0.256933,0.91354,-0.0285481,27.8129
synthetic/images/img052798.jpg,synthetic_val,3,34156,0,31667,0.734324,0.436005,0.344214,-0.390109,168.07
synthetic/images/img052807.jpg,synthetic_val,1,71112,2,50260,0.0266217,-0.505813,0.851896,0.133109,145.272
synthetic/images/img052838.jpg,synthetic_val,3,21640,3,25205,-0.342224,0.236924,-0.342224,0.842397,13.86
synthetic/images/img052927.jpg,synthetic_val,1,73526,2,75066,0.390934,0.160973,0.735875,0.52891,75.9476
synthetic/images/img052985.jpg,synthetic_val,2,03073,2,33071,0.440762,0.402435,0.613234,-0.517416,109.386
synthetic/images/img053014.jpg,synthetic_val,2,77520,2,75157,0.617168,0.0597259,0.637076,0.457898,41.4839
synthetic/images/img053035.jpg,synthetic_val,2,43601,1,74402,0.0245514,0.785646,0.0736543,0.613786,173.64
synthetic/images/img053052.jpg,synthetic_val,3,70176,3,43575,-0.0270073,-0.29708,0.40511,0.864234,78.5553
synthetic/images/img053083.jpg,synthetic_val,3,43670,3,43701,-0.145617,-0.203864,0.262111,0.931951,23.5238
synthetic/images/img053094.jpg,synthetic_val,0,70504,0,17426,0.849491,0.451292,-0.238919,-0.132733,67.7799
synthetic/images/img053099.jpg,synthetic_val,0,15234,3,40134,-0.412362,-0.585988,0.0651098,0.694504,74.1323
synthetic/images/img053122.jpg,synthetic_val,2,47646,3,75532,0.575528,0.138921,0.496145,0.635066,114.163
synthetic/images/img053167.jpg,synthetic_val,1,06527,2,60113,-0.467379,0.0824786,0.879772,0.0274929,164.665
synthetic/images/img053204.jpg,synthetic_val,1,60751,1,60767,-0.479882,0.73125,0.342773,0.342773,15.4987
synthetic/images/img053272.jpg,synthetic_val,2,65220,1,42455,-0.545675,0.698464,-0.327405,0.327405,144.988
synthetic/images/img053274.jpg,synthetic_val,2,13645,1,53644,0.426737,0.80327,-0.175715,0.376533,155.259
synthetic/images/img053334.jpg,synthetic_val,1,46153,2,26016,-0.565081,0.39765,0.669726,-0.272076,160.665
synthetic/images/img053361.jpg,synthetic_val,0,72350,2,42234,-0.641585,-0.0712873,0.760398,0.0712873,173.926
synthetic/images/img053402.jpg,synthetic_val,3,63072,0,05673,0.854321,-0.240278,-0.453858,-0.0800926,122.897
synthetic/images/img053436.jpg,synthetic_val,1,74400,1,74141,0.276124,0.80327,0.0251022,0.527146,32.7397
synthetic/images/img053485.jpg,synthetic_val,0,55361,2,06323,-0.510678,-0.024318,0.778177,-0.36477,78.0997
synthetic/images/img053496.jpg,synthetic_val,0,16157,0,16456,0.916533,0.143208,-0.372342,-0.0286417,38.2902
synthetic/images/img053558.jpg,synthetic_val,3,16554,3,16573,0.409922,-0.245953,-0.0819844,0.8745,22.3102
synthetic/images/img053726.jpg,synthetic_val,3,02246,3,07443,-0.351095,-0.351095,-0.0810219,0.864234,68.1427
synthetic/images/img053733.jpg,synthetic_val,1,07421,2,52607,0.0873704,-0.145617,0.931951,0.320358,121.094
synthetic/images/img053753.jpg,synthetic_val,1,24722,2,42521,-0.514341,-0.269417,0.783758,0.220432,143.926
synthetic/images/img053923.jpg,synthetic_val,1,71406,1,71404,0.448769,0.844742,0.0263982,0.29038,5.06367
synthetic/images/img053927.jpg,synthetic_val,1,42716,1,40363,-0.497888,0.758686,-0.403052,0.118545,39.8593
synthetic/images/img054060.jpg,synthetic_val,3,62060,0,05672,0.842397,-0.289574,-0.447523,-0.0789747,83.9458
synthetic/images/img054083.jpg,synthetic_val,0,25637,3,70022,0.0304997,0.213498,0.0304997,0.975991,165.892
synthetic/images/img054106.jpg,synthetic_val,2,53715,2,60647,-0.616742,0.233937,0.680543,0.319005,169.21
synthetic/images/img054146.jpg,synthetic_val,0,52462,0,07110,0.830959,-0.0779024,-0.389512,-0.389512,89.0335
synthetic/images/img054198.jpg,synthetic_val,1,43643,1,76015,0.168638,0.770916,0.409549,0.457732,89.622
synthetic/images/img054270.jpg,synthetic_val,1,54240,1,52143,0.300609,0.8745,-0.355266,0.136641,55.6315
synthetic/images/img054329.jpg,synthetic_val,2,01477,1,34511,0.416185,0.887862,0.0277457,-0.19422,122.205
synthetic/images/img054354.jpg,synthetic_val,1,30716,1,53021,0.489437,0.824315,-0.283358,0.0257599,92.796
synthetic/images/img054359.jpg,synthetic_val,1,40014,1,41425,-0.287613,0.707972,-0.597351,0.243365,36.0938
synthetic/images/img054384.jpg,synthetic_val,3,70041,3,17666,0.468798,-0.0275764,-0.0275764,0.882444,52.2865
synthetic/images/img054419.jpg,synthetic_val,3,62527,3,62167,-0.464606,0.508855,0.154869,0.707972,9.68077
synthetic/images/img054428.jpg,synthetic_val,2,24335,1,25126,-0.194821,0.890609,0.194821,-0.36181,99.503
synthetic/images/img054432.jpg,synthetic_val,0,51265,0,57421,0.6932,0.411587,-0.238287,0.541562,49.3012
synthetic/images/img054446.jpg,synthetic_val,0,07254,3,60102,-0.581766,0.0758825,0.0252942,0.809414,81.7127
synthetic/images/img054462.jpg,synthetic_val,3,37770,0,73011,0.745396,0.535754,0.395992,0.0232936,90.698
synthetic/images/img054510.jpg,synthetic_val,1,21651,1,24363,-0.493469,0.751953,0.352478,-0.258484,42.3893
synthetic/images/img054524.jpg,synthetic_val,2,34207,2,07007,-0.332243,-0.332243,0.817829,-0.332243,87.8228
synthetic/images/img054536.jpg,synthetic_val,2,60635,2,56125,0.272709,-0.272709,0.793334,0.471042,124.884
synthetic/images/img054558.jpg,synthetic_val,3,45435,2,45151,-0.0202986,-0.629255,0.649554,0.42627,33.7389
synthetic/images/img054639.jpg,synthetic_val,0,53417,0,53313,0.713582,0.691283,-0.111497,0.0222994,40.8726
synthetic/images/img054660.jpg,synthetic_val,1,25261,1,25652,-0.308062,0.896179,0.308062,-0.0840168,22.923
synthetic/images/img054693.jpg,synthetic_val,1,16044,2,43061,-0.355266,-0.300609,0.8745,0.136641,96.4741
synthetic/images/img054709.jpg,synthetic_val,1,65656,2,01776,-0.0747435,-0.423547,0.797264,-0.423547,136.113
synthetic/images/img054750.jpg,synthetic_val,1,24166,1,07434,-0.306147,0.890609,-0.306147,-0.139158,65.8201
synthetic/images/img054779.jpg,synthetic_val,3,50362,3,52611,0.20182,-0.20182,0.259483,0.922608,36.0944
synthetic/images/img054797.jpg,synthetic_val,3,63210,0,67201,0.697136,-0.283212,0.544638,0.370354,173.137
synthetic/images/img054835.jpg,synthetic_val,2,16535,2,17646,0.464578,-0.136641,0.8745,-0.0273281,21.2888
synthetic/images/img054933.jpg,synthetic_val,3,41333,0,07357,0.951522,-0.0297351,-0.148675,-0.267615,148.903
synthetic/images/img054934.jpg,synthetic_val,0,41325,3,27441,-0.33667,0.440261,-0.0776931,0.828726,153.043
synthetic/images/img055129.jpg,synthetic_val,0,41557,3,27410,-0.285642,0.441447,-0.181772,0.830959,158.986
synthetic/images/img055132.jpg,synthetic_val,2,31034,3,03033,-0.194235,-0.194235,-0.66903,0.690612,30.8611
synthetic/images/img055242.jpg,synthetic_val,0,71611,0,71045,0.844742,0.501565,0.0263982,0.184787,24.9681
synthetic/images/img055287.jpg,synthetic_val,3,34424,3,70020,0.030846,0.15423,0.030846,0.987072,21.6424
synthetic/images/img055295.jpg,synthetic_val,1,72225,1,72227,0.0670318,0.715006,0.692662,0.0670318,2.7179
synthetic/images/img055337.jpg,synthetic_val,1,50150,1,05546,-0.159961,0.73125,-0.662695,-0.0228515,54.6165
synthetic/images/img055348.jpg,synthetic_val,0,52320,0,70033,0.954905,0.208885,0.208885,0.0298408,33.9387
synthetic/images/img055356.jpg,synthetic_val,2,56452,3,54661,0.0634574,-0.401897,0.613422,0.676879,16.8319
synthetic/images/img055439.jpg,synthetic_val,2,04526,1,16034,0.136641,0.8745,-0.300609,-0.355266,91.2023
synthetic/images/img055495.jpg,synthetic_val,2,27721,2,43364,-0.208145,-0.0892052,0.951522,0.208145,101.949
synthetic/images/img055513.jpg,synthetic_val,1,71444,1,50667,0.0762739,0.813589,-0.432219,0.38137,64.5101
synthetic/images/img055515.jpg,synthetic_val,1,57332,0,53643,0.805302,0.478148,-0.125828,0.327154,35.5205
synthetic/images/img055550.jpg,synthetic_val,2,07706,1,16722,0.26482,0.941584,-0.0294245,-0.205971,159.707
synthetic/images/img055568.jpg,synthetic_val,0,37762,2,32161,0.228622,0.436459,0.665081,-0.561162,74.0449
synthetic/images/img055632.jpg,synthetic_val,3,12700,3,12065,0.0711268,-0.260798,-0.592723,0.758686,23.1987
synthetic/images/img055645.jpg,synthetic_val,2,07614,2,43130,-0.0882735,-0.323669,0.941584,0.0294245,34.0443
synthetic/images/img055648.jpg,synthetic_val,2,03236,1,03470,-0.272709,0.793334,-0.272709,-0.471042,162.003
synthetic/images/img055658.jpg,synthetic_val,3,63051,0,31622,0.703849,0.37392,0.329929,-0.505892,135.772
synthetic/images/img055663.jpg,synthetic_val,0,70160,3,70122,0.26482,0.205971,0.0294245,0.941584,128.754
synthetic/images/img055702.jpg,synthetic_val,1,21342,2,21613,-0.214834,0.262575,0.763856,-0.549021,83.6595
synthetic/images/img055710.jpg,synthetic_val,3,36310,1,32552,0.29707,0.73125,0.434179,-0.434179,175.887
synthetic/images/img055713.jpg,synthetic_val,1,42675,1,42072,-0.626216,0.742182,-0.208739,0.115966,32.2396
synthetic/images/img055714.jpg,synthetic_val,2,52146,2,50234,0.132733,-0.504385,0.849491,0.0796398,25.3278
synthetic/images/img055841.jpg,synthetic_val,1,17223,1,13421,0.421184,0.709362,-0.243843,-0.509854,30.6757
synthetic/images/img055859.jpg,synthetic_val,3,32126,3,31226,0.348539,0.307535,-0.594567,0.656074,24.6116
synthetic/images/img055892.jpg,synthetic_val,1,40123,1,07076,-0.304267,0.88514,-0.248946,-0.248946,54.1262
synthetic/images/img055903.jpg,synthetic_val,3,11756,0,45600,0.652789,-0.305995,-0.469192,0.509992,26.0227
synthetic/images/img055921.jpg,synthetic_val,1,07745,1,16677,0.213498,0.975991,-0.0304997,-0.0304997,44.6607
synthetic/images/img056021.jpg,synthetic_val,0,71713,1,07307,-0.141819,0.907642,-0.141819,-0.368729,133.429
synthetic/images/img056036.jpg,synthetic_val,1,43152,1,52027,0.0895223,0.954905,-0.268567,0.0895223,23.4559
synthetic/images/img056076.jpg,synthetic_val,0,35522,0,35746,0.760398,0.594061,0.261387,-0.0237624,19.0717
synthetic/images/img056156.jpg,synthetic_val,0,34012,0,15624,0.776342,0.412432,-0.460953,-0.121303,78.9023
synthetic/images/img056181.jpg,synthetic_val,3,74035,0,52256,0.954905,0.149204,-0.149204,0.208885,146.469
synthetic/images/img056229.jpg,synthetic_val,2,25520,2,25354,-0.0867835,0.260351,0.925691,-0.260351,17.2726
synthetic/images/img056288.jpg,synthetic_val,3,65015,3,65451,-0.203967,0.022663,0.657226,0.725215,21.3522
synthetic/images/img056335.jpg,synthetic_val,3,65555,2,56361,0.275431,-0.0751175,0.801253,0.525822,42.5297
synthetic/images/img056391.jpg,synthetic_val,1,31340,0,02715,0.753619,-0.40036,-0.164854,-0.494563,138.164
synthetic/images/img056526.jpg,synthetic_val,3,43156,0,43563,0.887862,-0.138728,-0.249711,0.360694,149.4
synthetic/images/img056530.jpg,synthetic_val,2,35255,2,07057,-0.244497,-0.353162,0.869321,-0.244497,117.954
synthetic/images/img056602.jpg,synthetic_val,3,60555,0,07273,0.91354,-0.256933,-0.0285481,-0.314029,94.7099
synthetic/images/img056609.jpg,synthetic_val,3,34420,0,07337,0.925691,-0.0289278,-0.0289278,-0.376062,140.919
synthetic/images/img056791.jpg,synthetic_val,3,71537,0,74547,0.695817,0.239187,0.0652328,0.674072,21.1037
synthetic/images/img056843.jpg,synthetic_val,2,03636,2,07030,-0.284875,-0.284875,0.828726,-0.388465,35.4237
synthetic/images/img056895.jpg,synthetic_val,1,42172,1,43222,-0.424094,0.904735,-0.028273,0.028273,30.0993
synthetic/images/img056941.jpg,synthetic_val,0,52302,0,52354,0.890609,0.36181,-0.194821,0.194821,21.6504
synthetic/images/img056945.jpg,synthetic_val,1,21360,1,12315,0.324329,0.691902,-0.151354,-0.627036,75.2159
synthetic/images/img056957.jpg,synthetic_val,0,45541,3,26310,-0.401897,0.528812,-0.317287,0.676879,150.402
synthetic/images/img057004.jpg,synthetic_val,0,55327,0,53003,0.811493,0.481824,-0.329669,0.0253592,44.5652
synthetic/images/img057033.jpg,synthetic_val,0,40216,3,07507,-0.141819,-0.368729,-0.141819,0.907642,153.5
synthetic/images/img057041.jpg,synthetic_val,1,77547,1,74161,0.27406,0.797264,0.124573,0.523205,43.7234
synthetic/images/img057079.jpg,synthetic_val,1,71362,1,53277,0.574462,0.799251,-0.0249766,0.174836,41.9827
synthetic/images/img057086.jpg,synthetic_val,3,73173,3,70355,0.403933,0.24236,0.188502,0.861723,45.2262
synthetic/images/img057125.jpg,synthetic_val,1,12655,1,47132,-0.0800926,0.854321,-0.240278,0.453858,113.108
synthetic/images/img057146.jpg,synthetic_val,3,74265,0,17167,0.73125,0.616992,-0.205664,-0.205664,179.263
synthetic/images/img057193.jpg,synthetic_val,1,43776,1,43766,-0.19422,0.887862,-0.0277457,0.416185,12.2079
synthetic/images/img057199.jpg,synthetic_val,2,43112,2,16677,0.213498,-0.0304997,0.975991,-0.0304997,55.5291
synthetic/images/img057302.jpg,synthetic_val,2,07677,2,25455,-0.270501,0.0300557,0.961781,-0.0300557,4.60283
synthetic/images/img057316.jpg,synthetic_val,0,34536,0,34753,0.861723,0.403933,0.296217,-0.0807866,13.8773
synthetic/images/img057331.jpg,synthetic_val,1,74422,1,74141,0.276124,0.80327,0.0251022,0.527146,37.4496
synthetic/images/img057338.jpg,synthetic_val,3,10545,1,21373,-0.022479,0.719328,0.337185,-0.606933,24.5574
synthetic/images/img057360.jpg,synthetic_val,2,25013,1,20537,-0.40036,0.753619,0.164854,-0.494563,118.363
synthetic/images/img057380.jpg,synthetic_val,3,73631,3,72375,0.324329,0.627036,0.151354,0.691902,17.4324
synthetic/images/img057411.jpg,synthetic_val,0,51271,0,57173,0.639106,0.619134,-0.179749,0.419413,49.8656
synthetic/images/img057494.jpg,synthetic_val,1,37074,1,37404,0.421459,0.793334,0.421459,-0.123958,15.2821
synthetic/images/img057502.jpg,synthetic_val,1,07517,1,43372,-0.0921878,0.983336,-0.0307293,0.153646,52.1728
synthetic/images/img057505.jpg,synthetic_val,3,50031,3,41256,-0.272041,-0.51935,0.173117,0.791391,53.6416
synthetic/images/img057554.jpg,synthetic_val,3,56620,0,07757,0.987072,-0.030846,-0.15423,-0.030846,166.595
synthetic/images/img057561.jpg,synthetic_val,1,65624,1,64711,-0.378339,0.712167,0.200297,0.55638,12.0798
synthetic/images/img057613.jpg,synthetic_val,1,04513,1,65166,-0.172276,0.787547,0.172276,0.566049,131.125
synthetic/images/img057614.jpg,synthetic_val,2,31411,0,04766,0.745396,-0.535754,-0.395992,-0.0232936,167.428
synthetic/images/img057648.jpg,synthetic_val,1,34136,2,30466,0.0270864,0.189605,0.866766,-0.46047,120.934
synthetic/images/img057670.jpg,synthetic_val,1,52026,1,72304,0.215821,0.767362,0.599501,0.0719402,106.136
synthetic/images/img057718.jpg,synthetic_val,1,20653,0,46401,0.614137,-0.556561,-0.287877,0.479794,20.1138
synthetic/images/img057732.jpg,synthetic_val,1,70041,1,72051,0.187958,0.859235,0.456468,0.134255,50.8112
synthetic/images/img057747.jpg,synthetic_val,2,43267,2,43257,-0.262111,-0.145617,0.931951,0.203864,17.2425
synthetic/images/img057778.jpg,synthetic_val,2,61411,2,43136,-0.0895223,-0.268567,0.954905,0.0895223,39.8607
synthetic/images/img057782.jpg,synthetic_val,3,12072,1,42234,-0.641585,0.760398,-0.0712873,0.0712873,165.653
synthetic/images/img057810.jpg,synthetic_val,0,64746,1,53433,0.555387,0.772712,-0.217325,0.217325,170.237
synthetic/images/img057816.jpg,synthetic_val,0,35417,0,35412,0.819974,0.538108,0.0768726,-0.179369,7.8386
synthetic/images/img057914.jpg,synthetic_val,3,40144,0,14032,0.734324,0.114738,-0.57369,-0.344214,90.3784
synthetic/images/img057935.jpg,synthetic_val,1,22403,1,72455,0.175715,0.80327,0.426737,0.376533,134.404
synthetic/images/img057966.jpg,synthetic_val,3,42562,3,42661,-0.641599,-0.0663723,0.287613,0.707972,20.9677
synthetic/images/img057992.jpg,synthetic_val,0,65133,0,25701,0.931951,-0.145617,0.262111,-0.203864,81.5616
synthetic/images/img058001.jpg,synthetic_val,0,57456,3,37104,0.544638,0.370354,-0.283212,0.697136,15.0977
synthetic/images/img058007.jpg,synthetic_val,1,17314,1,17022,0.422499,0.795292,-0.223676,-0.372793,28.5757
synthetic/images/img058074.jpg,synthetic_val,1,17433,1,07507,-0.141819,0.907642,-0.368729,-0.141819,88.0786
synthetic/images/img058102.jpg,synthetic_val,1,07207,1,07251,-0.25205,0.896179,-0.196039,-0.308062,15.2566
synthetic/images/img058131.jpg,synthetic_val,3,61627,3,65225,-0.313185,0.313185,0.457732,0.770916,23.9648
synthetic/images/img058193.jpg,synthetic_val,1,65327,2,70700,0.252845,0.252845,0.899004,0.252845,100.094
synthetic/images/img058312.jpg,synthetic_val,0,31162,0,31601,0.716438,0.425385,0.201498,-0.51494,13.4704
synthetic/images/img058321.jpg,synthetic_val,3,57462,3,56570,0.28004,-0.236957,0.624704,0.689329,12.6168
synthetic/images/img058392.jpg,synthetic_val,1,73505,1,71661,0.457732,0.770916,0.313185,0.313185,18.215
synthetic/images/img058427.jpg,synthetic_val,1,71345,1,71443,0.480589,0.809414,0.0758825,0.328824,31.6989
synthetic/images/img058463.jpg,synthetic_val,2,61464,1,66117,-0.376848,0.709362,0.421184,0.421184,85.833
synthetic/images/img058465.jpg,synthetic_val,3,70275,3,25423,-0.36181,0.194821,-0.194821,0.890609,81.2355
synthetic/images/img058470.jpg,synthetic_val,1,03137,1,21375,-0.0234468,0.750298,0.304808,-0.58617,61.2252
synthetic/images/img058479.jpg,synthetic_val,1,43021,1,16302,0.244497,0.869321,-0.135831,-0.407494,91.6738
synthetic/images/img058541.jpg,synthetic_val,1,62236,1,02760,-0.524491,0.729727,-0.0684119,-0.433275,98.6082
synthetic/images/img058603.jpg,synthetic_val,3,07522,0,57024,0.755297,0.401252,-0.259633,0.448458,157.683
synthetic/images/img058622.jpg,synthetic_val,0,50122,0,14477,0.776342,0.169825,-0.606517,-0.0242607,9.70511
synthetic/images/img058673.jpg,synthetic_val,0,34626,0,25532,0.951522,-0.0892052,0.208145,-0.208145,29.155
synthetic/images/img058682.jpg,synthetic_val,2,72352,2,72100,0.240966,0.455158,0.856767,0.026774,26.0819
synthetic/images/img058719.jpg,synthetic_val,3,11651,3,42332,-0.510171,-0.0268511,0.0268511,0.859235,142.918
synthetic/images/img058720.jpg,synthetic_val,0,62657,3,36301,0.246276,0.559717,-0.33583,0.716438,170.748
synthetic/images/img058866.jpg,synthetic_val,0,17605,0,16715,0.879772,0.412393,-0.19245,-0.137464,10.5428
synthetic/images/img058889.jpg,synthetic_val,1,47762,1,62125,-0.479882,0.73125,0.479882,0.0685546,99.3733
synthetic/images/img058919.jpg,synthetic_val,0,65705,0,56216,0.844742,0.131991,-0.131991,0.501565,52.9813
synthetic/images/img058927.jpg,synthetic_val,0,14613,0,14242,0.80327,0.0251022,-0.527146,-0.276124,22.1285
synthetic/images/img058934.jpg,synthetic_val,2,57606,2,60304,-0.567426,0.222036,0.789462,0.0740121,137.406
synthetic/images/img058996.jpg,synthetic_val,1,54152,2,54335,0.337869,-0.427967,0.720787,0.427967,129.631
synthetic/images/img059030.jpg,synthetic_val,2,66321,2,50563,0.249807,-0.567742,0.72671,0.295226,165.33
synthetic/images/img059049.jpg,synthetic_val,2,50117,2,52146,0.247436,-0.357407,0.879772,0.19245,42.3971
synthetic/images/img059189.jpg,synthetic_val,2,76233,1,71021,0.505813,0.851896,0.133109,0.0266217,88.4039
synthetic/images/img059245.jpg,synthetic_val,1,25206,3,27232,-0.227836,0.642082,-0.310685,0.662794,145.685
synthetic/images/img059279.jpg,synthetic_val,2,30360,2,00363,-0.421435,-0.341162,0.642187,-0.541845,105.725
synthetic/images/img059359.jpg,synthetic_val,1,60341,1,05667,-0.337577,0.830959,-0.441447,-0.0259675,81.7225
synthetic/images/img059396.jpg,synthetic_val,3,27131,0,14214,0.765603,0.119625,-0.550277,-0.311026,179.33
synthetic/images/img059514.jpg,synthetic_val,1,50460,2,34636,0.138728,0.416185,0.887862,-0.138728,146.009
synthetic/images/img059541.jpg,synthetic_val,3,67425,2,66150,-0.413141,0.369653,0.695817,0.45663,34.3861
synthetic/images/img059612.jpg,synthetic_val,1,43073,1,43252,-0.318206,0.925691,-0.144639,0.144639,15.1939
synthetic/images/img059714.jpg,synthetic_val,3,01135,2,16113,0.37006,-0.320719,0.789462,-0.37006,115.023
synthetic/images/img059729.jpg,synthetic_val,0,24122,0,24774,0.811493,-0.481824,0.329669,-0.0253592,43.4829
synthetic/images/img059741.jpg,synthetic_val,2,67351,2,63765,-0.108721,0.630584,0.695817,0.326164,22.4839
synthetic/images/img059763.jpg,synthetic_val,1,55743,0,33174,0.591074,0.535661,0.387893,-0.461777,155.455
synthetic/images/img059775.jpg,synthetic_val,1,25314,1,16421,0.0864945,0.922608,-0.317146,-0.20182,70.8511
synthetic/images/img059828.jpg,synthetic_val,3,32455,3,34353,0.388465,0.284875,-0.284875,0.828726,34.2362
synthetic/images/img059835.jpg,synthetic_val,0,14645,0,45036,0.6932,-0.238287,-0.541562,0.411587,64.0226
synthetic/images/img059910.jpg,synthetic_val,3,25404,3,42325,-0.545317,-0.0779024,0.0779024,0.830959,33.4952
synthetic/images/img059929.jpg,synthetic_val,1,21675,1,21454,-0.29038,0.844742,0.0263982,-0.448769,35.9989
synthetic/images/img059935.jpg,synthetic_val,2,65247,1,02655,-0.560843,0.717879,-0.157036,-0.381373,176.035
lightbox/images/img000002.jpg,lightbox,3,35253,2,53035,0.560642,-0.268133,0.780024,0.0731272,167.194
lightbox/images/img000003.jpg,lightbox,2,52540,1,70343,0.306147,0.890609,0.306147,0.139158,178.587
lightbox/images/img000008.jpg,lightbox,1,07334,1,16215,0.194821,0.890609,-0.194821,-0.36181,35.2365
lightbox/images/img000009.jpg,lightbox,1,02263,2,37436,0.46736,0.51187,0.712167,-0.111276,166.922
lightbox/images/img000024.jpg,lightbox,2,51245,1,67105,-0.121303,0.776342,0.412432,0.460953,171.549
lightbox/images/img000035.jpg,lightbox,2,64401,2,61646,-0.375587,0.275431,0.801253,0.375587,44.4362
lightbox/images/img000057.jpg,lightbox,2,65002,2,60747,-0.493469,0.258484,0.751953,0.352478,28.7405
lightbox/images/img000058.jpg,lightbox,0,53502,2,53705,0.615707,-0.159628,0.729727,0.250844,158.478
lightbox/images/img000061.jpg,lightbox,0,17326,0,16252,0.925691,0.144639,-0.144639,-0.318206,54.3543
lightbox/images/img000063.jpg,lightbox,1,74143,2,61737,-0.0270073,0.40511,0.864234,0.29708,114.406
lightbox/images/img000066.jpg,lightbox,2,70267,1,70251,0.203864,0.931951,0.262111,0.145617,98.1501
lightbox/images/img000086.jpg,lightbox,0,25214,0,52637,0.925691,0.202495,-0.0289278,0.318206,102.609
lightbox/images/img000099.jpg,lightbox,0,61573,2,60715,-0.43676,0.231226,0.822136,0.282609,164.347
lightbox/images/img000124.jpg,lightbox,0,53301,2,53247,0.497423,-0.130901,0.837765,0.183261,163.859
lightbox/images/img000130.jpg,lightbox,2,26351,1,27465,-0.321503,0.791391,0.51935,-0.024731,42.171
lightbox/images/img000133.jpg,lightbox,2,34422,2,70424,0.0292228,0.146114,0.935129,0.321451,64.9427
lightbox/images/img000140.jpg,lightbox,2,74231,2,70615,0.196039,0.25205,0.896179,0.308062,20.9546
lightbox/images/img000141.jpg,lightbox,3,25756,3,16754,0.368729,-0.198547,-0.0283638,0.907642,83.6373
lightbox/images/img000164.jpg,lightbox,1,25727,1,43343,-0.150824,0.965275,-0.150824,0.150824,74.6481
lightbox/images/img000169.jpg,lightbox,1,46570,2,42723,-0.533917,-0.0254246,0.813589,0.228822,162.224
lightbox/images/img000176.jpg,lightbox,3,41646,2,10735,0.331214,-0.419537,0.706589,-0.463699,179.231
lightbox/images/img000177.jpg,lightbox,1,70142,2,73024,0.404877,0.500142,0.762121,0.0714488,96.9967
lightbox/images/img000178.jpg,lightbox,2,37641,2,52536,0.348062,-0.240966,0.856767,0.294514,103.306
lightbox/images/img000182.jpg,lightbox,1,36024,1,25354,-0.0867835,0.925691,0.260351,-0.260351,36.9254
lightbox/images/img000188.jpg,lightbox,3,16404,1,25256,-0.299715,0.871899,0.299715,-0.245222,99.6518
lightbox/images/img000199.jpg,lightbox,2,42316,2,34046,0.0299476,0.0898429,0.958324,-0.269529,78.4462
lightbox/images/img000203.jpg,lightbox,0,07043,1,51265,0.448458,0.755297,-0.448458,0.165221,155.298
lightbox/images/img000209.jpg,lightbox,1,00566,0,60373,0.809414,-0.430001,0.379413,0.126471,55.4501
lightbox/images/img000213.jpg,lightbox,1,21631,1,47415,-0.198342,0.705215,-0.33057,0.595026,164.749
lightbox/images/img000226.jpg,lightbox,0,32564,0,31556,0.688053,0.623548,0.0645049,-0.365528,68.3536
lightbox/images/img000239.jpg,lightbox,1,55020,1,35766,0.57735,0.739008,0.34641,-0.023094,120.486
lightbox/images/img000245.jpg,lightbox,0,25143,2,01776,-0.0747435,-0.423547,0.797264,-0.423547,158.252
lightbox/images/img000248.jpg,lightbox,1,12551,1,14344,0.217325,0.772712,-0.555387,-0.217325,37.8766
lightbox/images/img000251.jpg,lightbox,3,25270,2,17457,0.554096,-0.313185,0.770916,-0.0240911,116.323
lightbox/images/img000261.jpg,lightbox,3,07134,1,52445,0.0779024,0.830959,-0.389512,0.389512,153.93
lightbox/images/img000264.jpg,lightbox,2,16520,1,61724,-0.189605,0.866766,0.352124,0.297951,174.418
lightbox/images/img000267.jpg,lightbox,0,73206,2,07617,-0.26482,-0.147122,0.941584,-0.147122,144.059
lightbox/images/img000275.jpg,lightbox,3,50374,2,42707,-0.523205,-0.124573,0.797264,0.27406,149.906
lightbox/images/img000280.jpg,lightbox,2,16374,1,16733,0.416185,0.887862,-0.0277457,-0.19422,171.547
lightbox/images/img000290.jpg,lightbox,1,65625,3,53641,0.474555,-0.174836,0.324696,0.799251,142.477
lightbox/images/img000298.jpg,lightbox,0,70401,1,30647,0.0789747,0.842397,0.289574,-0.447523,178.803
lightbox/images/img000315.jpg,lightbox,0,16364,2,34356,0.348062,0.294514,0.856767,-0.240966,132.889
lightbox/images/img000318.jpg,lightbox,0,45166,2,71560,0.582341,0.116468,0.745396,0.302817,163.167
lightbox/images/img000319.jpg,lightbox,2,44027,1,17354,0.649272,0.716438,-0.156721,-0.201498,62.1577
lightbox/images/img000320.jpg,lightbox,0,61072,0,61433,0.910577,-0.2561,0.199189,0.2561,15.7805
lightbox/images/img000321.jpg,lightbox,1,62051,2,60467,-0.627036,0.151354,0.691902,0.324329,78.6908
lightbox/images/img000334.jpg,lightbox,0,43572,0,25276,0.840072,-0.288775,0.393784,-0.23627,107.729
lightbox/images/img000340.jpg,lightbox,0,74101,1,25675,-0.25205,0.896179,0.364073,-0.0280056,175.314
lightbox/images/img000345.jpg,lightbox,2,53373,1,30643,0.0770752,0.822136,0.282609,-0.488143,160.031
lightbox/images/img000349.jpg,lightbox,2,61321,1,61237,-0.245953,0.8745,0.409922,0.0819844,84.4658
lightbox/images/img000351.jpg,lightbox,1,52007,1,70611,0.199189,0.910577,0.2561,0.2561,78.844
lightbox/images/img000359.jpg,lightbox,0,21457,2,53116,0.641599,-0.287613,0.707972,0.0663723,102.21
lightbox/images/img000363.jpg,lightbox,3,74131,2,53235,0.580283,-0.0756891,0.80735,0.0756891,104.425
lightbox/images/img000366.jpg,lightbox,3,26640,1,20145,-0.459243,0.699798,0.0218687,-0.546718,148.914
lightbox/images/img000367.jpg,lightbox,2,70261,2,70414,0.146114,0.0292228,0.935129,0.321451,46.1599
lightbox/images/img000376.jpg,lightbox,2,31245,2,06216,-0.6119,-0.113315,0.725215,-0.294619,135.498
lightbox/images/img000377.jpg,lightbox,2,67146,2,50735,0.360531,-0.456673,0.769133,0.264389,126.978
lightbox/images/img000401.jpg,lightbox,2,13671,1,41424,-0.327405,0.698464,-0.589329,0.240097,80.3392
lightbox/images/img000403.jpg,lightbox,3,63417,1,60715,-0.43676,0.822136,0.231226,0.282609,76.0847
lightbox/images/img000410.jpg,lightbox,0,25733,2,34154,0.364073,0.0280056,0.896179,-0.25205,86.3296
lightbox/images/img000430.jpg,lightbox,2,57530,1,53016,0.518084,0.789462,-0.320719,0.0740121,173.153
lightbox/images/img000434.jpg,lightbox,0,73374,1,34347,0.299715,0.871899,0.299715,-0.245222,74.6659
lightbox/images/img000449.jpg,lightbox,3,72507,3,24537,-0.456468,0.187958,-0.134255,0.859235,103.791
lightbox/images/img000450.jpg,lightbox,1,13505,1,74077,0.172276,0.787547,0.172276,0.566049,144.637
lightbox/images/img000458.jpg,lightbox,2,36110,2,35415,0.578811,0.0251657,0.805302,-0.125828,61.8435
lightbox/images/img000460.jpg,lightbox,1,74056,2,42554,-0.443543,-0.350165,0.74702,0.350165,171.012
lightbox/images/img000472.jpg,lightbox,1,06224,2,53145,0.599704,-0.333169,0.71076,0.155479,89.0513
lightbox/images/img000479.jpg,lightbox,3,67106,1,65313,-0.0263982,0.844742,0.29038,0.448769,64.4857
lightbox/images/img000481.jpg,lightbox,2,27166,2,27561,-0.129142,0.542398,0.826512,-0.0774855,16.9542
lightbox/images/img000493.jpg,lightbox,2,34116,1,52743,0.300609,0.8745,-0.136641,0.355266,176.479
lightbox/images/img000496.jpg,lightbox,2,61007,2,62151,-0.421459,0.421459,0.793334,0.123958,43.4932
lightbox/images/img000497.jpg,lightbox,3,17762,1,70145,0.318206,0.925691,0.0289278,0.202495,140.793
lightbox/images/img000499.jpg,lightbox,3,14612,2,15355,0.608545,-0.451501,0.628176,-0.176674,176.418
lightbox/images/img000503.jpg,lightbox,0,05534,2,53330,0.669726,-0.069282,0.739008,0.023094,175.874
lightbox/images/img000507.jpg,lightbox,2,34231,2,52513,0.387427,-0.33577,0.826512,0.232456,113.499
lightbox/images/img000510.jpg,lightbox,3,55003,1,61347,-0.143208,0.916533,0.315058,0.200492,138.3
lightbox/images/img000512.jpg,lightbox,3,35023,1,60745,-0.499011,0.760398,0.213862,0.356436,170.901
lightbox/images/img000514.jpg,lightbox,3,70021,2,53215,0.573034,-0.174402,0.797264,0.0747435,163.166
lightbox/images/img000518.jpg,lightbox,2,30347,2,13247,0.421184,-0.110838,0.709362,-0.554189,47.2028
lightbox/images/img000525.jpg,lightbox,1,43567,1,43655,-0.24236,0.861723,-0.188502,0.403933,14.3577
lightbox/images/img000528.jpg,lightbox,2,47044,1,16232,0.140028,0.896179,-0.0280056,-0.420084,110.783
lightbox/images/img000532.jpg,lightbox,3,07501,0,07317,0.916533,-0.0286417,-0.143208,-0.372342,129.713
lightbox/images/img000538.jpg,lightbox,2,34163,1,51667,0.436005,0.734324,-0.390109,0.344214,158.837
lightbox/images/img000539.jpg,lightbox,2,70001,2,43346,-0.206689,-0.147635,0.944862,0.206689,47.3097
lightbox/images/img000542.jpg,lightbox,2,01675,1,30557,0.38137,0.813589,0.0762739,-0.432219,152.45
lightbox/images/img000554.jpg,lightbox,3,17347,1,55222,0.390934,0.735875,-0.390934,0.390934,116.007
lightbox/images/img000555.jpg,lightbox,0,26432,1,60705,-0.514341,0.783758,0.220432,0.269417,88.0612
lightbox/images/img000564.jpg,lightbox,2,05161,1,70312,0.358493,0.882444,0.30334,0.0275764,134.637
lightbox/images/img000571.jpg,lightbox,1,63045,1,61236,-0.296217,0.861723,0.403933,0.0807866,12.3024
lightbox/images/img000583.jpg,lightbox,1,43261,1,43775,-0.028183,0.901856,-0.084549,0.422745,53.5367
lightbox/images/img000587.jpg,lightbox,3,16614,2,56315,0.368271,-0.17186,0.785646,0.466477,130.946
lightbox/images/img000605.jpg,lightbox,2,72377,2,73231,0.469975,0.592578,0.653879,0.0204337,23.5684
lightbox/images/img000620.jpg,lightbox,2,16627,2,73224,0.365528,0.623548,0.688053,0.0645049,92.1714
lightbox/images/img000628.jpg,lightbox,0,52142,1,34737,0.387427,0.826512,0.387427,-0.129142,135.533
lightbox/images/img000629.jpg,lightbox,2,05542,2,34432,0.147635,0.206689,0.944862,-0.206689,115.095
lightbox/images/img000643.jpg,lightbox,2,07366,1,16251,0.198547,0.907642,-0.198547,-0.312002,159.154
lightbox/images/img000645.jpg,lightbox,0,52660,3,43637,-0.256933,-0.0285481,0.314029,0.91354,171.515
lightbox/images/img000646.jpg,lightbox,0,71670,2,53546,0.553103,-0.287613,0.707972,0.331862,106.737
lightbox/images/img000655.jpg,lightbox,2,31247,1,31740,0.546718,0.699798,0.196818,-0.415505,80.5059
lightbox/images/img000666.jpg,lightbox,1,07327,2,41715,-0.0244339,-0.561979,0.781884,0.268773,101.447
lightbox/images/img000667.jpg,lightbox,1,61065,1,61631,-0.244497,0.869321,0.353162,0.244497,27.4534
lightbox/images/img000671.jpg,lightbox,0,61226,2,60560,-0.550277,0.119625,0.765603,0.311026,159.842
lightbox/images/img000678.jpg,lightbox,3,72237,1,24357,-0.43676,0.822136,0.282609,-0.231226,139.657
lightbox/images/img000690.jpg,lightbox,0,55666,2,55136,0.543124,-0.468211,0.59931,0.35584,158.978
lightbox/images/img000695.jpg,lightbox,0,52077,1,52655,0.190728,0.871899,-0.190728,0.408703,119.708
lightbox/images/img000696.jpg,lightbox,1,35432,2,53035,0.560642,-0.268133,0.780024,0.0731272,156.546
lightbox/images/img000700.jpg,lightbox,3,65365,2,60577,-0.426737,0.175715,0.80327,0.376533,66.8623
lightbox/images/img000708.jpg,lightbox,1,53026,1,70565,0.294514,0.856767,0.13387,0.40161,62.8166
lightbox/images/img000711.jpg,lightbox,1,23576,1,27435,-0.227067,0.80735,0.529823,-0.126148,36.8494
lightbox/images/img000719.jpg,lightbox,1,53631,1,35235,0.52891,0.735875,0.298949,-0.298949,74.5268
lightbox/images/img000727.jpg,lightbox,1,43645,2,76053,0.161658,0.438786,0.739008,0.484974,134.713
lightbox/images/img000737.jpg,lightbox,3,14261,1,54435,0.13914,0.636069,-0.536683,0.536683,146.048
lightbox/images/img000744.jpg,lightbox,1,21615,1,47335,-0.026774,0.856767,-0.0803219,0.508706,133.542
lightbox/images/img000745.jpg,lightbox,3,25770,0,27557,0.859235,-0.0268511,0.510171,-0.0268511,159.292
lightbox/images/img000746.jpg,lightbox,1,11607,1,75044,0.395992,0.745396,0.0232936,0.535754,129.125
lightbox/images/img000773.jpg,lightbox,3,26511,1,51643,0.425385,0.716438,-0.470162,0.291053,130.727
lightbox/images/img000794.jpg,lightbox,1,30371,1,15257,0.504916,0.702491,-0.46101,-0.197576,101.206
lightbox/images/img000797.jpg,lightbox,1,43153,2,16167,0.304267,-0.248946,0.88514,-0.248946,106.551
lightbox/images/img000808.jpg,lightbox,1,67425,1,63445,-0.314649,0.774521,0.411464,0.363057,28.2883
lightbox/images/img000818.jpg,lightbox,0,25525,0,34636,0.887862,0.138728,0.416185,-0.138728,42.8521
lightbox/images/img000823.jpg,lightbox,3,30124,1,60765,-0.487057,0.742182,0.301511,0.347898,175.167
lightbox/images/img000845.jpg,lightbox,2,47324,2,41746,-0.16786,-0.503581,0.767362,0.359701,53.3148
lightbox/images/img000849.jpg,lightbox,2,63533,2,61742,-0.189605,0.297951,0.866766,0.352124,42.4622
lightbox/images/img000856.jpg,lightbox,2,02743,1,51237,0.534595,0.743784,-0.395135,0.0697297,95.1342
lightbox/images/img000858.jpg,lightbox,1,35606,1,51264,0.409549,0.770916,-0.457732,0.168638,96.1175
lightbox/images/img000861.jpg,lightbox,1,71657,1,35645,0.496065,0.835478,0.234978,-0.0261087,45.2464
lightbox/images/img000867.jpg,lightbox,2,70351,2,52325,0.322554,-0.0879694,0.93834,0.0879694,39.3756
lightbox/images/img000871.jpg,lightbox,3,75207,2,16513,0.39163,-0.339413,0.835478,-0.182761,143.372
lightbox/images/img000878.jpg,lightbox,1,27555,1,70642,0.0275764,0.882444,0.30334,0.358493,47.0127
lightbox/images/img000888.jpg,lightbox,2,54155,2,65125,-0.131991,0.131991,0.844742,0.501565,102.378
lightbox/images/img000892.jpg,lightbox,0,56465,3,71123,0.635866,0.164854,0.0235506,0.753619,36.1465
lightbox/images/img000893.jpg,lightbox,1,15071,1,27552,-0.0800926,0.854321,0.507253,-0.0800926,149.457
lightbox/images/img000894.jpg,lightbox,2,36604,2,71244,0.447523,0.236924,0.842397,0.184274,73.9912
lightbox/images/img000895.jpg,lightbox,0,43770,2,73403,0.444513,0.444513,0.748653,0.210559,135.858
lightbox/images/img000904.jpg,lightbox,1,37600,2,37206,0.361538,0.574208,0.680543,-0.276471,24.0105
lightbox/images/img000911.jpg,lightbox,3,36100,0,35147,0.745396,0.628928,0.0698809,-0.209643,154.521
lightbox/images/img000915.jpg,lightbox,0,36607,2,15316,0.582922,-0.422116,0.643224,-0.26131,62.7147
lightbox/images/img000919.jpg,lightbox,2,06336,1,53245,0.493382,0.830959,-0.181772,0.181772,122.688
lightbox/images/img000930.jpg,lightbox,0,70706,3,70645,0.0819844,0.245953,0.409922,0.8745,115.835
lightbox/images/img000932.jpg,lightbox,1,13307,2,13257,0.490028,-0.106528,0.681778,-0.532639,127.937
lightbox/images/img000933.jpg,lightbox,1,56001,1,43257,-0.262111,0.931951,-0.145617,0.203864,57.0215
lightbox/images/img000937.jpg,lightbox,0,12401,2,60535,-0.445063,0.130901,0.837765,0.287982,75.2383
lightbox/images/img000950.jpg,lightbox,3,24457,1,70637,0.185826,0.849491,0.398199,0.292013,162.129
lightbox/images/img000951.jpg,lightbox,3,56720,1,56007,0.0758825,0.809414,-0.328824,0.480589,166.905
lightbox/images/img000956.jpg,lightbox,2,40524,1,41565,-0.11172,0.715006,-0.603286,0.335159,96.6606
lightbox/images/img000957.jpg,lightbox,0,33366,2,60206,-0.674072,0.239187,0.695817,0.0652328,172.203
lightbox/images/img000962.jpg,lightbox,3,15711,1,75045,0.434179,0.73125,0.0228515,0.525586,151.661
lightbox/images/img000974.jpg,lightbox,2,65757,1,60775,-0.411464,0.774521,0.314649,0.363057,98.498
lightbox/images/img000982.jpg,lightbox,0,25323,0,25335,0.866766,-0.0270864,0.352124,-0.352124,12.2628
lightbox/images/img000988.jpg,lightbox,1,72150,1,43314,-0.0908257,0.968808,-0.211927,0.0908257,91.8836
lightbox/images/img000992.jpg,lightbox,2,01267,1,50617,0.173117,0.791391,-0.51935,0.272041,62.1437
lightbox/images/img000995.jpg,lightbox,3,44307,1,55245,0.384408,0.647423,-0.465335,0.465335,142.149
lightbox/images/img001003.jpg,lightbox,1,34216,1,34245,0.0867835,0.925691,0.260351,-0.260351,16.7063
lightbox/images/img001007.jpg,lightbox,3,00701,1,65315,-0.0261087,0.835478,0.234978,0.496065,160.751
lightbox/images/img001013.jpg,lightbox,3,07171,0,70745,0.840072,0.288775,0.23627,0.393784,161.727
lightbox/images/img001018.jpg,lightbox,3,10403,1,34745,0.314029,0.91354,0.256933,-0.0285481,96.9112
lightbox/images/img001026.jpg,lightbox,0,51040,1,56106,0.222579,0.791391,-0.321503,0.469888,90.8324
lightbox/images/img001030.jpg,lightbox,3,65340,0,50277,0.851896,0.186352,-0.45257,0.186352,161.088
lightbox/images/img001042.jpg,lightbox,0,14030,1,12531,0.344214,0.734324,-0.252424,-0.527795,97.489
lightbox/images/img001044.jpg,lightbox,1,41072,2,43675,-0.245953,-0.0819844,0.8745,0.409922,124.186
lightbox/images/img001045.jpg,lightbox,2,65313,2,61425,-0.355266,0.136641,0.8745,0.300609,45.1339
lightbox/images/img001050.jpg,lightbox,3,66167,1,60725,-0.50128,0.763856,0.310316,0.262575,59.6477
lightbox/images/img001051.jpg,lightbox,0,73527,2,63555,-0.0254906,0.433341,0.8157,0.38236,92.8503
lightbox/images/img001070.jpg,lightbox,3,56320,3,61625,-0.337577,0.337577,0.285642,0.830959,87.7176
lightbox/images/img001087.jpg,lightbox,2,67026,2,51051,0.456453,-0.61522,0.635066,0.099229,176.373
lightbox/images/img001094.jpg,lightbox,0,67534,3,54233,0.172276,-0.418384,0.418384,0.787547,78.831
lightbox/images/img001105.jpg,lightbox,0,07157,2,71052,0.542398,0.0774855,0.826512,0.129142,161.827
lightbox/images/img001106.jpg,lightbox,0,27417,2,42301,-0.539527,-0.179842,0.822136,0.0256917,178.815
lightbox/images/img001107.jpg,lightbox,3,36524,1,60705,-0.514341,0.783758,0.220432,0.269417,123.231
lightbox/images/img001108.jpg,lightbox,0,61367,2,53205,0.500173,-0.184274,0.842397,0.0789747,70.6304
lightbox/images/img001109.jpg,lightbox,3,71071,2,35436,0.535303,0.178434,0.8157,-0.127453,142.86
lightbox/images/img001111.jpg,lightbox,0,20226,0,27033,0.742182,-0.208739,0.533443,-0.347898,56.8973
lightbox/images/img001119.jpg,lightbox,1,27364,1,16654,0.150824,0.965275,-0.211154,-0.0301648,116.341
lightbox/images/img001125.jpg,lightbox,3,20770,3,22733,-0.321098,0.585531,-0.434426,0.604419,39.6616
lightbox/images/img001129.jpg,lightbox,2,43044,1,43651,-0.247436,0.879772,-0.19245,0.357407,138.225
lightbox/images/img001139.jpg,lightbox,3,16632,1,60775,-0.411464,0.774521,0.314649,0.363057,157.34
lightbox/images/img001145.jpg,lightbox,3,02411,1,60537,-0.441447,0.830959,0.181772,0.285642,171.369
lightbox/images/img001148.jpg,lightbox,2,07674,2,25751,-0.0299476,0.269529,0.958324,-0.0898429,50.1654
lightbox/images/img001150.jpg,lightbox,1,22163,2,07064,-0.393784,-0.288775,0.840072,-0.23627,124.276
lightbox/images/img001154.jpg,lightbox,3,01461,0,52373,0.896179,0.420084,-0.0280056,0.140028,136.251
lightbox/images/img001155.jpg,lightbox,3,65234,2,53265,0.500173,-0.0789747,0.842397,0.184274,138.019
lightbox/images/img001159.jpg,lightbox,1,12266,1,65536,-0.0704956,0.751953,0.16449,0.63446,157.947
lightbox/images/img001176.jpg,lightbox,2,20730,2,53615,0.554096,-0.168638,0.770916,0.265003,166.512
lightbox/images/img001184.jpg,lightbox,2,07465,2,25352,-0.0840168,0.308062,0.896179,-0.308062,87.0794
lightbox/images/img001187.jpg,lightbox,3,57116,2,53645,0.466477,-0.17186,0.785646,0.368271,59.6894
lightbox/images/img001196.jpg,lightbox,1,71714,1,34275,0.19245,0.879772,0.357407,-0.247436,83.5524
lightbox/images/img001199.jpg,lightbox,1,07763,2,61145,-0.150824,0.0301648,0.965275,0.211154,179.332
lightbox/images/img001201.jpg,lightbox,1,20502,1,60775,-0.411464,0.774521,0.314649,0.363057,109.815
lightbox/images/img001209.jpg,lightbox,2,54676,1,04266,-0.638802,0.659408,-0.350311,-0.185459,96.0177
lightbox/images/img001216.jpg,lightbox,1,12522,1,74435,0.163768,0.748653,0.116977,0.631676,152.198
lightbox/images/img001220.jpg,lightbox,3,77455,2,70355,0.403933,0.24236,0.861723,0.188502,58.239
lightbox/images/img001234.jpg,lightbox,2,42677,1,76055,0.160973,0.735875,0.390934,0.52891,136.135
lightbox/images/img001236.jpg,lightbox,0,14207,2,60535,-0.445063,0.130901,0.837765,0.287982,57.6575
lightbox/images/img001246.jpg,lightbox,1,07473,1,70326,0.245953,0.8745,0.409922,0.0819844,100.055
lightbox/images/img001253.jpg,lightbox,2,05552,1,43271,-0.266674,0.948174,-0.0888913,0.148152,93.0439
lightbox/images/img001255.jpg,lightbox,2,71225,1,70655,0.188502,0.861723,0.24236,0.403933,105.318
lightbox/images/img001264.jpg,lightbox,2,27665,1,27706,-0.163768,0.748653,0.631676,-0.116977,23.8482
lightbox/images/img001268.jpg,lightbox,1,64577,2,40727,-0.484974,-0.392598,0.739008,0.254034,158.784
lightbox/images/img001280.jpg,lightbox,1,36524,1,72015,0.189051,0.864234,0.459124,0.0810219,29.2994
lightbox/images/img001287.jpg,lightbox,3,12476,0,02552,0.73125,-0.434179,-0.29707,-0.434179,171.992
lightbox/images/img001288.jpg,lightbox,3,45712,2,60455,-0.57735,0.023094,0.739008,0.34641,96.9256
lightbox/images/img001295.jpg,lightbox,1,77157,2,70745,0.288775,0.23627,0.840072,0.393784,79.0089
lightbox/images/img001299.jpg,lightbox,0,66244,0,06306,0.765603,-0.550277,-0.119625,-0.311026,111.767
lightbox/images/img001308.jpg,lightbox,2,07526,2,24755,-0.455158,0.240966,0.856767,-0.026774,64.8747
lightbox/images/img001314.jpg,lightbox,0,57275,2,65237,-0.218862,0.36477,0.778177,0.462042,153.513
lightbox/images/img001319.jpg,lightbox,1,43373,2,70522,0.2561,0.199189,0.910577,0.2561,156.594
lightbox/images/img001323.jpg,lightbox,1,26444,1,02706,-0.51187,0.712167,-0.111276,-0.46736,77.7614
lightbox/images/img001331.jpg,lightbox,2,62342,1,61727,-0.13387,0.856767,0.40161,0.294514,63.0978
lightbox/images/img001344.jpg,lightbox,0,72010,1,65305,-0.129488,0.828726,0.233079,0.492056,164.262
lightbox/images/img001350.jpg,lightbox,2,02653,2,60523,-0.525822,0.175274,0.801253,0.225352,83.8895
lightbox/images/img001355.jpg,lightbox,3,25754,0,63045,0.817829,-0.332243,0.434472,0.1789,177.179
lightbox/images/img001365.jpg,lightbox,0,42042,1,42001,-0.634192,0.699798,-0.328031,0.0218687,72.2959
lightbox/images/img001366.jpg,lightbox,0,76122,1,72565,0.258484,0.751953,0.493469,0.352478,84.484
lightbox/images/img001371.jpg,lightbox,2,12651,2,71136,0.661315,0.159628,0.729727,0.0684119,97.0558
lightbox/images/img001379.jpg,lightbox,0,77514,2,70345,0.308062,0.25205,0.896179,0.196039,89.5636
lightbox/images/img001382.jpg,lightbox,3,16561,1,14341,0.259633,0.755297,-0.54287,-0.259633,141.007
lightbox/images/img001387.jpg,lightbox,0,65727,2,25562,-0.208145,0.208145,0.951522,-0.0892052,171.692
lightbox/images/img001396.jpg,lightbox,3,16054,1,53433,0.555387,0.772712,-0.217325,0.217325,178.624
lightbox/images/img001400.jpg,lightbox,3,43711,2,53236,0.546793,-0.0260378,0.833209,0.0781133,146.775
lightbox/images/img001414.jpg,lightbox,2,24640,2,53643,0.478148,-0.125828,0.805302,0.327154,156.389
lightbox/images/img001419.jpg,lightbox,0,56126,0,56207,0.849491,0.0796398,-0.132733,0.504385,21.4006
lightbox/images/img001432.jpg,lightbox,1,31224,1,16547,0.30334,0.882444,-0.358493,-0.0275764,105.383
lightbox/images/img001435.jpg,lightbox,3,47221,0,63443,0.770916,-0.313185,0.457732,0.313185,154.88
lightbox/images/img001436.jpg,lightbox,2,25752,2,43362,-0.211154,-0.0301648,0.965275,0.150824,47.8682
lightbox/images/img001440.jpg,lightbox,3,66006,1,47552,-0.0663723,0.707972,-0.287613,0.641599,107.4
lightbox/images/img001450.jpg,lightbox,1,17620,1,16231,0.193624,0.88514,-0.0829819,-0.41491,38.3705
lightbox/images/img001472.jpg,lightbox,3,32533,1,33446,0.383697,0.722254,0.428838,-0.383697,177.977
lightbox/images/img001474.jpg,lightbox,1,71141,3,71022,0.46047,0.189605,0.0270864,0.866766,116.15
lightbox/images/img001482.jpg,lightbox,2,42334,2,61266,-0.384363,0.384363,0.819974,0.179369,57.5233
lightbox/images/img001485.jpg,lightbox,0,61745,2,53135,0.674072,-0.239187,0.695817,0.0652328,70.6965
lightbox/images/img001493.jpg,lightbox,0,25523,0,61651,0.869321,-0.244497,0.244497,0.353162,64.5725
lightbox/images/img001496.jpg,lightbox,2,12236,2,16324,0.251263,-0.0837545,0.893381,-0.362936,44.2575
lightbox/images/img001500.jpg,lightbox,0,56754,1,65566,-0.153375,0.701141,0.153375,0.67923,117.25
lightbox/images/img001506.jpg,lightbox,2,30427,2,60415,-0.594061,0.0237624,0.760398,0.261387,126.811
lightbox/images/img001520.jpg,lightbox,3,14045,2,35435,0.574462,0.124883,0.799251,-0.124883,144.95
lightbox/images/img001526.jpg,lightbox,2,64503,1,50435,0.159628,0.729727,-0.615707,0.250844,143.433
lightbox/images/img001532.jpg,lightbox,0,13542,1,76141,0.254034,0.739008,0.392598,0.484974,148.849
lightbox/images/img001542.jpg,lightbox,0,14722,1,14755,0.355634,0.758686,-0.545305,-0.0237089,84.6487
lightbox/images/img001557.jpg,lightbox,2,32016,0,27202,0.681778,-0.319583,0.57525,-0.319583,114.194
lightbox/images/img001559.jpg,lightbox,1,35101,1,12744,0.236924,0.842397,-0.184274,-0.447523,49.9979
lightbox/images/img001567.jpg,lightbox,1,53040,1,51277,0.52891,0.735875,-0.390934,0.160973,14.6349
lightbox/images/img001571.jpg,lightbox,0,63334,2,75045,0.434179,0.0228515,0.73125,0.525586,65.3906
lightbox/images/img001588.jpg,lightbox,1,76356,1,72465,0.0727821,0.776342,0.509475,0.36391,29.7859
lightbox/images/img001599.jpg,lightbox,0,15370,2,24357,-0.43676,0.282609,0.822136,-0.231226,132.042
lightbox/images/img001603.jpg,lightbox,1,61764,1,63405,-0.324696,0.799251,0.424602,0.274743,24.4117
lightbox/images/img001608.jpg,lightbox,1,25675,1,61617,-0.245222,0.871899,0.299715,0.299715,41.2502
lightbox/images/img001620.jpg,lightbox,2,61600,2,60705,-0.514341,0.220432,0.783758,0.269417,17.9625
lightbox/images/img001624.jpg,lightbox,3,12675,3,12225,0.0691347,-0.0691347,-0.668302,0.737437,30.9714
lightbox/images/img001625.jpg,lightbox,2,71467,2,15545,0.518178,-0.594945,0.614137,-0.0191918,105.183
lightbox/images/img001626.jpg,lightbox,3,72032,0,27555,0.882444,-0.0275764,0.468798,-0.0275764,170.27
lightbox/images/img001632.jpg,lightbox,2,43736,2,43732,-0.0898429,-0.0299476,0.958324,0.269529,5.26304
lightbox/images/img001635.jpg,lightbox,0,61224,1,30455,0.189605,0.866766,0.0270864,-0.46047,155.855
lightbox/images/img001642.jpg,lightbox,1,36702,2,36451,0.189051,0.459124,0.864234,-0.0810219,43.0757
lightbox/images/img001654.jpg,lightbox,3,02475,1,52545,0.275431,0.801253,-0.375587,0.375587,175.508
lightbox/images/img001662.jpg,lightbox,2,16070,2,07516,-0.0856444,-0.371126,0.91354,-0.142741,33.8257
lightbox/images/img001664.jpg,lightbox,3,33656,0,30766,0.795292,0.223676,0.372793,-0.422499,173.57
lightbox/images/img001675.jpg,lightbox,2,56673,2,63170,-0.0774855,0.542398,0.826512,0.129142,97.0466
lightbox/images/img001682.jpg,lightbox,3,56427,2,60557,-0.432219,0.0762739,0.813589,0.38137,81.5617
lightbox/images/img001684.jpg,lightbox,3,50303,1,24341,-0.514341,0.783758,0.220432,-0.269417,81.0813
lightbox/images/img001687.jpg,lightbox,2,71235,1,70673,0.182761,0.835478,0.39163,0.339413,90.9412
lightbox/images/img001688.jpg,lightbox,3,70526,2,17646,0.464578,-0.136641,0.8745,-0.0273281,140.352
lightbox/images/img001713.jpg,lightbox,1,54314,2,51262,0.421459,-0.421459,0.793334,0.123958,114.283
lightbox/images/img001721.jpg,lightbox,2,75457,0,24256,0.72373,-0.610647,0.248782,-0.203549,142.381
lightbox/images/img001726.jpg,lightbox,1,05244,2,65237,-0.218862,0.36477,0.778177,0.462042,160.852
lightbox/images/img001731.jpg,lightbox,2,70234,1,70224,0.0288315,0.922608,0.374809,0.0864945,93.525
lightbox/images/img001733.jpg,lightbox,3,53002,2,35416,0.542398,0.0774855,0.826512,-0.129142,165.462
lightbox/images/img001734.jpg,lightbox,2,03720,1,60745,-0.499011,0.760398,0.213862,0.356436,177.453
lightbox/images/img001735.jpg,lightbox,1,25460,2,63433,-0.217325,0.555387,0.772712,0.217325,95.9167
lightbox/images/img001751.jpg,lightbox,0,65310,2,61421,-0.360694,0.138728,0.887862,0.249711,179.664
lightbox/images/img001771.jpg,lightbox,2,07172,2,70344,0.2561,0.2561,0.910577,0.199189,93.3276
lightbox/images/img001781.jpg,lightbox,1,73315,1,50767,0.270066,0.785646,-0.417374,0.368271,123.24
lightbox/images/img001784.jpg,lightbox,2,12375,1,17211,0.538095,0.748653,-0.163768,-0.350931,155.828
lightbox/images/img001792.jpg,lightbox,0,16203,2,60747,-0.493469,0.258484,0.751953,0.352478,97.7508
lightbox/images/img001800.jpg,lightbox,0,25726,1,15222,0.397722,0.748653,-0.397722,-0.350931,171.575
lightbox/images/img001812.jpg,lightbox,3,15703,1,71445,0.473376,0.797264,0.0249145,0.373718,162.689
lightbox/images/img001813.jpg,lightbox,1,47310,2,51035,0.480524,-0.564094,0.668555,0.0626771,104.763
lightbox/images/img001817.jpg,lightbox,1,35034,2,36112,0.308216,0.45047,0.758686,-0.355634,85.3284
lightbox/images/img001828.jpg,lightbox,0,50135,2,15356,0.59357,-0.429826,0.654974,-0.184211,162.884
lightbox/images/img001831.jpg,lightbox,3,17132,3,53337,0.694049,-0.0223887,0.067166,0.716438,49.0236
lightbox/images/img001837.jpg,lightbox,3,16710,2,53615,0.554096,-0.168638,0.770916,0.265003,142.806
lightbox/images/img001839.jpg,lightbox,1,22574,1,72405,0.0789747,0.842397,0.447523,0.289574,97.3116
lightbox/images/img001869.jpg,lightbox,2,52715,2,65235,-0.222579,0.321503,0.791391,0.469888,97.6059
lightbox/images/img001875.jpg,lightbox,1,62252,1,60774,-0.45047,0.758686,0.308216,0.355634,43.7266
lightbox/images/img001876.jpg,lightbox,0,74555,2,71233,0.545305,0.355634,0.758686,0.0237089,116.858
lightbox/images/img001884.jpg,lightbox,1,45174,3,03523,-0.122757,-0.220963,-0.564683,0.785646,111.374
lightbox/images/img001886.jpg,lightbox,0,32457,2,21457,-0.240278,0.0800926,0.854321,-0.453858,130.358
lightbox/images/img001887.jpg,lightbox,1,71750,1,47575,-0.0217855,0.697136,-0.239641,0.675351,107.712
lightbox/images/img001889.jpg,lightbox,3,52611,2,07257,-0.258625,-0.143681,0.919555,-0.258625,179.581
lightbox/images/img001893.jpg,lightbox,1,54375,1,35716,0.646684,0.713582,0.245294,-0.111497,112.163
lightbox/images/img001908.jpg,lightbox,1,03705,3,72077,0.172276,0.566049,0.172276,0.787547,178.868
lightbox/images/img001937.jpg,lightbox,0,77552,1,74145,0.268773,0.781884,0.0244339,0.561979,60.5059
lightbox/images/img001948.jpg,lightbox,3,42312,1,52245,0.0892052,0.951522,-0.208145,0.208145,178.484
lightbox/images/img001957.jpg,lightbox,3,52036,2,71067,0.493382,0.181772,0.830959,0.181772,149.209
lightbox/images/img001958.jpg,lightbox,3,76073,2,61745,-0.135831,0.244497,0.869321,0.407494,75.0301
lightbox/images/img001976.jpg,lightbox,2,31177,1,04737,-0.421459,0.793334,-0.421459,-0.123958,137.781
lightbox/images/img001984.jpg,lightbox,3,66615,1,53011,0.545305,0.758686,-0.355634,0.0237089,174.949
lightbox/images/img001987.jpg,lightbox,1,46315,1,47225,-0.328824,0.809414,-0.0758825,0.480589,15.5264
lightbox/images/img001991.jpg,lightbox,1,56207,2,70777,0.36391,0.36391,0.776342,0.36391,129.283
lightbox/images/img002000.jpg,lightbox,2,71734,2,71136,0.661315,0.159628,0.729727,0.0684119,24.3326
lightbox/images/img002017.jpg,lightbox,2,56314,2,51265,0.448458,-0.448458,0.755297,0.165221,47.945
lightbox/images/img002018.jpg,lightbox,1,74200,2,16012,0.131625,-0.342224,0.842397,-0.394874,148.87
lightbox/images/img002019.jpg,lightbox,1,30532,1,53650,0.511891,0.780024,-0.17063,0.316885,113.099
lightbox/images/img002025.jpg,lightbox,1,22557,1,17222,0.433341,0.8157,-0.0254906,-0.38236,111.824
lightbox/images/img002032.jpg,lightbox,0,66303,0,53007,0.809414,0.480589,-0.328824,0.0758825,160.393
lightbox/images/img002034.jpg,lightbox,0,41074,0,40367,0.753619,-0.494563,-0.40036,0.164854,35.695
lightbox/images/img002035.jpg,lightbox,0,72000,2,15357,0.619134,-0.419413,0.639106,-0.179749,69.2113
lightbox/images/img002036.jpg,lightbox,1,44600,2,17305,0.608164,-0.157672,0.720787,-0.29282,64.0425
lightbox/images/img002050.jpg,lightbox,1,25147,1,25561,-0.151934,0.972379,0.151934,-0.0911606,23.312
lightbox/images/img002058.jpg,lightbox,2,55245,1,53617,0.557996,0.776342,-0.121303,0.266868,168.647
lightbox/images/img002065.jpg,lightbox,3,37654,3,70746,0.23627,0.288775,0.393784,0.840072,64.6799
lightbox/images/img002067.jpg,lightbox,0,74322,1,65305,-0.129488,0.828726,0.233079,0.492056,136.695
lightbox/images/img002070.jpg,lightbox,2,26402,1,74062,0.0256917,0.822136,0.179842,0.539527,141.73
lightbox/images/img002071.jpg,lightbox,0,03571,2,53245,0.493382,-0.181772,0.830959,0.181772,169.831
lightbox/images/img002076.jpg,lightbox,0,46225,1,42351,-0.456468,0.859235,-0.187958,0.134255,75.8954
lightbox/images/img002082.jpg,lightbox,2,02107,2,06133,-0.422499,-0.223676,0.795292,-0.372793,30.8259
lightbox/images/img002083.jpg,lightbox,2,35472,2,53372,0.666887,-0.0229961,0.735875,0.114981,36.9089
lightbox/images/img002089.jpg,lightbox,0,53174,1,31447,0.463139,0.780024,0.0731272,-0.414388,83.5614
lightbox/images/img002102.jpg,lightbox,3,03172,1,53245,0.493382,0.830959,-0.181772,0.181772,174.191
lightbox/images/img002105.jpg,lightbox,3,56400,2,60745,-0.499011,0.213862,0.760398,0.356436,105.287
lightbox/images/img002111.jpg,lightbox,2,50550,1,63546,-0.17186,0.785646,0.466477,0.368271,164.871
lightbox/images/img002114.jpg,lightbox,1,12746,1,14255,0.17063,0.780024,-0.560642,-0.219382,59.8113
lightbox/images/img002117.jpg,lightbox,2,06574,2,53635,0.560642,-0.0731272,0.780024,0.268133,136.231
lightbox/images/img002121.jpg,lightbox,2,21254,1,06337,-0.441447,0.830959,-0.0259675,-0.337577,122.201
lightbox/images/img002130.jpg,lightbox,0,66201,0,50246,0.822136,0.0256917,-0.539527,0.179842,148.108
lightbox/images/img002135.jpg,lightbox,1,11663,1,37441,0.463139,0.780024,0.414388,-0.0731272,104.192
lightbox/images/img002136.jpg,lightbox,1,34256,1,25352,-0.0840168,0.896179,0.308062,-0.308062,25.6637
lightbox/images/img002138.jpg,lightbox,2,56007,1,65207,-0.317641,0.781884,0.268773,0.464244,161.86
lightbox/images/img002146.jpg,lightbox,2,34507,2,74221,0.0776931,0.33667,0.828726,0.440261,81.7218
lightbox/images/img002149.jpg,lightbox,2,47072,2,71265,0.474555,0.324696,0.799251,0.174836,119.674
lightbox/images/img002154.jpg,lightbox,1,07643,2,65311,-0.026774,0.240966,0.856767,0.455158,172.39
lightbox/images/img002163.jpg,lightbox,2,70155,2,71055,0.574462,0.0249766,0.799251,0.174836,19.7797
lightbox/images/img002164.jpg,lightbox,2,15463,1,70645,0.0819844,0.8745,0.245953,0.409922,143.552
lightbox/images/img002165.jpg,lightbox,0,06347,0,06257,0.763856,-0.596762,-0.119352,-0.214834,10.7203
lightbox/images/img002170.jpg,lightbox,2,16154,2,61755,-0.0274101,0.246691,0.877124,0.411152,113.851
lightbox/images/img002171.jpg,lightbox,3,74174,1,52126,0.260351,0.925691,-0.260351,0.0867835,168.154
lightbox/images/img002175.jpg,lightbox,1,12775,2,12772,0.329669,-0.0253592,0.811493,-0.481824,150.414
lightbox/images/img002176.jpg,lightbox,0,06422,1,60707,-0.508279,0.774521,0.266242,0.266242,29.1788
lightbox/images/img002178.jpg,lightbox,0,61573,0,43742,0.899004,-0.196657,-0.140469,0.36522,42.8471
lightbox/images/img002179.jpg,lightbox,2,51242,1,60775,-0.411464,0.774521,0.314649,0.363057,146.253
lightbox/images/img002181.jpg,lightbox,0,16222,2,17415,0.541664,-0.353259,0.753619,-0.117753,121.331
lightbox/images/img002183.jpg,lightbox,3,37526,0,74000,0.882444,0.0275764,0.0275764,0.468798,75.3902
lightbox/images/img002215.jpg,lightbox,3,34466,2,05731,-0.0263982,-0.501565,0.844742,-0.184787,142.97
lightbox/images/img002238.jpg,lightbox,2,35700,1,42757,-0.430001,0.809414,-0.126471,0.379413,150.854
lightbox/images/img002241.jpg,lightbox,0,66514,2,55115,0.539069,-0.539069,0.556459,0.330397,41.6676
lightbox/images/img002245.jpg,lightbox,0,25177,2,35152,0.649272,0.067166,0.716438,-0.246276,69.0139
lightbox/images/img002250.jpg,lightbox,2,50235,2,16402,0.0283638,-0.368729,0.907642,-0.198547,37.8433
lightbox/images/img002256.jpg,lightbox,1,42173,1,42721,-0.532542,0.811493,-0.0760775,0.228232,24.9849
lightbox/images/img002257.jpg,lightbox,0,75452,2,14353,0.352478,-0.493469,0.751953,-0.258484,169.345
lightbox/images/img002262.jpg,lightbox,1,06154,1,06736,-0.505813,0.851896,-0.0266217,-0.133109,39.9824
lightbox/images/img002298.jpg,lightbox,0,12570,2,16757,0.420084,-0.140028,0.896179,-0.0280056,171.282
lightbox/images/img002310.jpg,lightbox,1,10347,1,14536,0.302817,0.745396,-0.582341,-0.116468,54.2089
lightbox/images/img002313.jpg,lightbox,0,21164,0,61373,0.896179,-0.0280056,0.420084,0.140028,94.9785
lightbox/images/img002320.jpg,lightbox,1,61557,1,61551,-0.0289278,0.925691,0.0289278,0.376062,6.82584
lightbox/images/img002330.jpg,lightbox,3,06774,1,16031,0.185826,0.849491,-0.292013,-0.398199,121.996
lightbox/images/img002333.jpg,lightbox,0,72705,2,60735,-0.424602,0.324696,0.799251,0.274743,146.544
lightbox/images/img002344.jpg,lightbox,1,63054,1,43214,-0.317146,0.922608,-0.20182,0.0864945,77.1431
lightbox/images/img002353.jpg,lightbox,3,57453,2,53415,0.527795,-0.344214,0.734324,0.252424,48.9306
lightbox/images/img002368.jpg,lightbox,1,47205,1,24745,-0.533917,0.813589,0.228822,-0.0254246,77.7339
lightbox/images/img002370.jpg,lightbox,2,52463,1,17426,0.451292,0.849491,-0.238919,-0.132733,128.106
lightbox/images/img002390.jpg,lightbox,0,16035,1,21576,-0.0810219,0.864234,0.189051,-0.459124,157.57
lightbox/images/img002394.jpg,lightbox,3,52442,1,42344,-0.566049,0.787547,-0.172276,0.172276,153.406
lightbox/images/img002396.jpg,lightbox,2,17267,2,17257,0.564683,-0.122757,0.785646,-0.220963,16.1309
lightbox/images/img002397.jpg,lightbox,3,06044,1,21744,-0.184274,0.842397,0.236924,-0.447523,121.864
lightbox/images/img002411.jpg,lightbox,0,75026,2,41727,-0.130901,-0.445063,0.837765,0.287982,178.998
lightbox/images/img002415.jpg,lightbox,3,43377,2,43033,-0.261226,-0.261226,0.928805,0.0290252,154.018
lightbox/images/img002417.jpg,lightbox,2,25051,1,16555,0.390567,0.833209,-0.390567,-0.0260378,129.302
lightbox/images/img002421.jpg,lightbox,0,60261,2,60745,-0.499011,0.213862,0.760398,0.356436,154.536
lightbox/images/img002422.jpg,lightbox,3,53647,2,05707,-0.128459,-0.539527,0.822136,-0.128459,155.018
lightbox/images/img002430.jpg,lightbox,3,36612,2,35436,0.535303,0.178434,0.8157,-0.127453,172.128
lightbox/images/img002444.jpg,lightbox,3,12744,1,61334,-0.0862083,0.919555,0.373569,0.0862083,148.669
lightbox/images/img002447.jpg,lightbox,3,62361,1,52745,0.292013,0.849491,-0.185826,0.398199,102.559
lightbox/images/img002452.jpg,lightbox,1,25767,1,70657,0.185826,0.849491,0.292013,0.398199,59.8992
lightbox/images/img002454.jpg,lightbox,0,21257,2,70477,0.190728,0.190728,0.871899,0.408703,171.624
lightbox/images/img002468.jpg,lightbox,3,51212,3,43666,-0.390567,-0.0260378,0.390567,0.833209,126.229
lightbox/images/img002477.jpg,lightbox,1,34236,1,25257,-0.248946,0.88514,0.304267,-0.248946,47.1181
lightbox/images/img002505.jpg,lightbox,0,71332,2,06337,-0.441447,-0.0259675,0.830959,-0.337577,171.535
lightbox/images/img002507.jpg,lightbox,0,72226,1,72645,0.0691347,0.737437,0.576123,0.345674,120.644
lightbox/images/img002509.jpg,lightbox,3,46574,1,24755,-0.455158,0.856767,0.240966,-0.026774,165.926
lightbox/images/img002516.jpg,lightbox,3,25424,1,71644,0.422499,0.795292,0.223676,0.372793,153.232
lightbox/images/img002517.jpg,lightbox,1,14725,2,16061,0.0840168,-0.308062,0.896179,-0.308062,104.495
lightbox/images/img002526.jpg,lightbox,0,01437,2,17026,0.430001,-0.227648,0.809414,-0.328824,175.676
lightbox/images/img002542.jpg,lightbox,2,07004,2,34652,0.145617,0.320358,0.931951,-0.0873704,109.469
lightbox/images/img002547.jpg,lightbox,3,70720,1,74245,0.0740121,0.789462,0.222036,0.567426,61.8162
lightbox/images/img002550.jpg,lightbox,1,14704,1,70225,0.0862083,0.919555,0.373569,0.0862083,115.527
lightbox/images/img002560.jpg,lightbox,3,24456,1,72441,0.0776931,0.828726,0.440261,0.33667,148.216
lightbox/images/img002572.jpg,lightbox,2,32341,0,16235,0.904735,0.197911,-0.0848189,-0.367549,126.369
lightbox/images/img002591.jpg,lightbox,0,67767,2,51700,0.525995,-0.483916,0.673274,0.189358,62.363
lightbox/images/img002600.jpg,lightbox,0,63511,2,47715,-0.0235506,-0.164854,0.753619,0.635866,121.445
lightbox/images/img002603.jpg,lightbox,0,31742,1,64347,-0.45663,0.695817,0.239187,0.500118,171.302
lightbox/images/img002607.jpg,lightbox,0,42103,1,60770,-0.457732,0.770916,0.313185,0.313185,61.4087
lightbox/images/img002610.jpg,lightbox,0,46205,0,40333,0.799251,-0.424602,-0.424602,0.0249766,59.5076
lightbox/images/img002612.jpg,lightbox,0,71021,2,06331,-0.432219,-0.0762739,0.813589,-0.38137,146.818
lightbox/images/img002626.jpg,lightbox,1,35215,1,51245,0.428838,0.722254,-0.51912,0.157993,104.885
lightbox/images/img002649.jpg,lightbox,0,10267,1,72652,0.113315,0.725215,0.6119,0.294619,150.133
lightbox/images/img002654.jpg,lightbox,2,07235,1,07335,-0.0288315,0.922608,-0.0864945,-0.374809,178.364
lightbox/images/img002656.jpg,lightbox,0,03334,2,67325,-0.105386,0.611238,0.674469,0.400466,131.359
lightbox/images/img002660.jpg,lightbox,0,30233,3,57257,0.501067,-0.108928,0.501067,0.697136,177.969
lightbox/images/img002663.jpg,lightbox,1,70343,2,43102,-0.198547,-0.368729,0.907642,0.0283638,169.636
lightbox/images/img002666.jpg,lightbox,0,11634,2,12355,0.342059,-0.159628,0.729727,-0.570099,167.426
lightbox/images/img002669.jpg,lightbox,0,63154,2,53247,0.497423,-0.130901,0.837765,0.183261,63.8218
lightbox/images/img002686.jpg,lightbox,3,62424,1,51236,0.500142,0.762121,-0.404877,0.0714488,177.828
lightbox/images/img002695.jpg,lightbox,1,02122,2,51236,0.500142,-0.404877,0.762121,0.0714488,99.0317
lightbox/images/img002696.jpg,lightbox,3,71220,3,27457,-0.234978,0.496065,-0.0261087,0.835478,81.1579
lightbox/images/img002700.jpg,lightbox,0,25144,2,61645,-0.33577,0.232456,0.826512,0.387427,127.738
lightbox/images/img002702.jpg,lightbox,3,63400,0,64211,0.712167,-0.55638,0.200297,0.378339,162.759
lightbox/images/img002705.jpg,lightbox,2,02075,0,07315,0.907642,-0.0283638,-0.198547,-0.368729,131.906
lightbox/images/img002733.jpg,lightbox,1,41552,1,34513,0.41491,0.88514,0.0829819,-0.193624,120.577
lightbox/images/img002734.jpg,lightbox,2,77371,1,74075,0.173542,0.793334,0.123958,0.570209,79.1722
lightbox/images/img002749.jpg,lightbox,0,34061,0,70643,0.879772,0.0824786,0.302422,0.357407,81.9409
lightbox/images/img002758.jpg,lightbox,3,56530,2,60757,-0.417374,0.270066,0.785646,0.368271,114.929
lightbox/images/img002760.jpg,lightbox,1,10457,1,25616,-0.306147,0.890609,0.306147,-0.139158,131.809
lightbox/images/img002768.jpg,lightbox,0,20161,2,56237,0.184787,-0.0263982,0.844742,0.501565,171.409
lightbox/images/img002770.jpg,lightbox,0,00034,2,03556,-0.0776931,-0.33667,0.828726,-0.440261,172.165
lightbox/images/img002801.jpg,lightbox,0,61715,2,16516,0.349064,-0.349064,0.859235,-0.134255,120.323
lightbox/images/img002803.jpg,lightbox,2,71260,2,34153,0.403933,0.0807866,0.861723,-0.296217,56.1269
lightbox/images/img002805.jpg,lightbox,1,16355,1,16221,0.0842816,0.899004,-0.0842816,-0.421408,42.5977
lightbox/images/img002808.jpg,lightbox,3,02633,3,02777,-0.424602,-0.0249766,-0.424602,0.799251,19.6405
lightbox/images/img002828.jpg,lightbox,2,22630,2,71152,0.665481,0.0688428,0.734324,0.114738,169.182
lightbox/images/img002831.jpg,lightbox,3,21740,3,21716,-0.0751175,0.275431,-0.525822,0.801253,11.6323
lightbox/images/img002832.jpg,lightbox,2,25430,1,47211,-0.236924,0.842397,-0.184274,0.447523,170.162
lightbox/images/img002839.jpg,lightbox,1,36214,1,70355,0.403933,0.861723,0.24236,0.188502,78.4585
lightbox/images/img002841.jpg,lightbox,3,46135,2,46161,-0.466436,-0.244324,0.71076,0.466436,45.9266
lightbox/images/img002843.jpg,lightbox,0,05227,0,05677,0.856767,-0.240966,-0.455158,-0.026774,33.8032
lightbox/images/img002852.jpg,lightbox,1,63417,2,63515,-0.0263982,0.448769,0.844742,0.29038,63.8168
lightbox/images/img002858.jpg,lightbox,2,43547,2,61237,-0.245953,0.409922,0.8745,0.0819844,95.424
lightbox/images/img002868.jpg,lightbox,0,20732,2,71645,0.462042,0.218862,0.778177,0.36477,146.286
lightbox/images/img002869.jpg,lightbox,3,07365,2,71004,0.467379,0.0274929,0.879772,0.0824786,151.825
lightbox/images/img002879.jpg,lightbox,1,54776,2,34356,0.348062,0.294514,0.856767,-0.240966,162.541
lightbox/images/img002885.jpg,lightbox,0,11141,1,72435,0.173117,0.791391,0.51935,0.272041,170.877
lightbox/images/img002917.jpg,lightbox,2,72334,2,37525,0.573172,0.445801,0.679315,-0.106143,47.0872
lightbox/images/img002918.jpg,lightbox,1,42665,1,61745,-0.135831,0.869321,0.244497,0.407494,70.9507
lightbox/images/img002932.jpg,lightbox,1,66220,2,60525,-0.523205,0.124573,0.797264,0.27406,60.3504
lightbox/images/img002960.jpg,lightbox,2,26717,1,77046,0.362194,0.681778,0.404805,0.490028,121.818
lightbox/images/img002963.jpg,lightbox,0,02522,0,50236,0.871899,0.136234,-0.463196,0.0817405,108.61
lightbox/images/img002976.jpg,lightbox,0,22364,2,47346,-0.173542,-0.123958,0.793334,0.570209,165.131
lightbox/images/img002978.jpg,lightbox,2,36135,0,06733,0.866766,-0.46047,-0.0270864,-0.189605,163.828
lightbox/images/img002980.jpg,lightbox,2,07467,2,21556,-0.0822304,0.0822304,0.877124,-0.465972,70.6952
lightbox/images/img002988.jpg,lightbox,1,43036,1,61673,-0.232456,0.826512,0.387427,0.33577,82.7468
lightbox/images/img002996.jpg,lightbox,0,67410,2,60155,-0.46047,0.0270864,0.866766,0.189605,167.472
lightbox/images/img002999.jpg,lightbox,3,73030,1,75045,0.434179,0.73125,0.0228515,0.525586,36.5724
lightbox/images/img003010.jpg,lightbox,0,25317,0,52304,0.93834,0.263908,-0.205262,0.0879694,86.6271
lightbox/images/img003030.jpg,lightbox,2,65367,2,51265,0.448458,-0.448458,0.755297,0.165221,129.335
lightbox/images/img003033.jpg,lightbox,0,07752,0,27541,0.871899,-0.136234,0.463196,-0.0817405,72.774
lightbox/images/img003038.jpg,lightbox,3,13621,2,36405,0.0817405,0.463196,0.871899,-0.136234,114.708
lightbox/images/img003043.jpg,lightbox,2,35047,1,71631,0.541664,0.753619,0.306158,0.211955,115.779
lightbox/images/img003052.jpg,lightbox,0,02766,1,65315,-0.0261087,0.835478,0.234978,0.496065,97.7397
lightbox/images/img003062.jpg,lightbox,1,11202,2,51235,0.524491,-0.433275,0.729727,0.0684119,131.041
lightbox/images/img003063.jpg,lightbox,3,42604,2,75205,0.444513,0.210559,0.748653,0.444513,164.25
lightbox/images/img003081.jpg,lightbox,2,41531,2,16566,0.261226,-0.261226,0.928805,-0.0290252,66.1163
lightbox/images/img003090.jpg,lightbox,3,70672,2,70455,0.19422,0.0277457,0.887862,0.416185,90.5605
lightbox/images/img003094.jpg,lightbox,0,55230,2,52265,0.0908257,-0.0908257,0.968808,0.211927,146.763
lightbox/images/img003096.jpg,lightbox,0,16420,2,21554,-0.0824786,0.0274929,0.879772,-0.467379,148.62
lightbox/images/img003106.jpg,lightbox,1,07743,1,43251,-0.262111,0.931951,-0.203864,0.145617,31.6574
lightbox/images/img003113.jpg,lightbox,0,17625,1,71700,0.587463,0.751953,0.211487,0.211487,68.1348
lightbox/images/img003114.jpg,lightbox,0,12625,1,71645,0.462042,0.778177,0.218862,0.36477,156.749
lightbox/images/img003119.jpg,lightbox,2,70534,2,60705,-0.514341,0.220432,0.783758,0.269417,105.473
lightbox/images/img003129.jpg,lightbox,0,44752,1,55235,0.482211,0.670902,-0.398348,0.398348,126.608
lightbox/images/img003146.jpg,lightbox,3,71635,1,51255,0.498237,0.6932,-0.498237,0.151637,125.692
lightbox/images/img003153.jpg,lightbox,3,02716,1,07244,-0.403933,0.861723,-0.188502,-0.24236,179
lightbox/images/img003157.jpg,lightbox,2,51610,1,67105,-0.121303,0.776342,0.412432,0.460953,173.499
lightbox/images/img003166.jpg,lightbox,3,07353,0,35641,0.833209,0.494718,0.23434,-0.0781133,154.753
lightbox/images/img003174.jpg,lightbox,0,51074,1,64137,-0.409549,0.770916,0.168638,0.457732,174.409
lightbox/images/img003177.jpg,lightbox,2,46022,2,41224,-0.372793,-0.472205,0.795292,0.0745586,55.6542
lightbox/images/img003181.jpg,lightbox,2,50362,2,61035,-0.266674,0.148152,0.948174,0.0888913,92.4208
lightbox/images/img003184.jpg,lightbox,0,06073,1,50765,0.264389,0.769133,-0.456673,0.360531,153.46
lightbox/images/img003186.jpg,lightbox,2,43035,2,61142,-0.21039,0.090167,0.961781,0.150278,46.048
lightbox/images/img003187.jpg,lightbox,0,10045,2,60745,-0.499011,0.213862,0.760398,0.356436,41.0869
lightbox/images/img003199.jpg,lightbox,0,07513,2,15704,0.532639,-0.490028,0.681778,-0.106528,147.407
lightbox/images/img003213.jpg,lightbox,0,13515,1,16352,0.355266,0.8745,-0.136641,-0.300609,48.1585
lightbox/images/img003215.jpg,lightbox,3,15464,1,35645,0.496065,0.835478,0.234978,-0.0261087,139.562
lightbox/images/img003217.jpg,lightbox,1,60725,1,50265,0.0789747,0.842397,-0.500173,0.184274,119.518
lightbox/images/img003220.jpg,lightbox,0,56702,1,72425,0.0751175,0.801253,0.525822,0.275431,141.171
lightbox/images/img003221.jpg,lightbox,2,46341,1,56205,0.0789747,0.842397,-0.184274,0.500173,174.328
lightbox/images/img003224.jpg,lightbox,1,21671,2,17454,0.510678,-0.36477,0.778177,-0.024318,164.852
lightbox/images/img003228.jpg,lightbox,2,56651,2,06333,-0.433341,-0.0254906,0.8157,-0.38236,147.135
lightbox/images/img003229.jpg,lightbox,2,27014,0,63237,0.702491,-0.197576,0.680538,0.0658586,154.73
lightbox/images/img003246.jpg,lightbox,3,21524,3,54732,0.283212,-0.370354,0.544638,0.697136,158.925
lightbox/images/img003256.jpg,lightbox,0,52750,1,51267,0.457732,0.770916,-0.409549,0.168638,75.743
lightbox/images/img003263.jpg,lightbox,0,63064,2,52533,0.399326,-0.239596,0.851896,0.239596,61.2268
lightbox/images/img003266.jpg,lightbox,0,63455,0,63145,0.859235,-0.134255,0.456468,0.187958,25.0382
lightbox/images/img003286.jpg,lightbox,1,56645,2,65135,-0.0266217,0.133109,0.851896,0.505813,145.812
lightbox/images/img003298.jpg,lightbox,2,37443,0,71476,0.767362,0.503581,0.16786,0.359701,95.4407
lightbox/images/img003301.jpg,lightbox,1,16264,1,43756,-0.0837545,0.893381,-0.139591,0.418772,81.9663
lightbox/images/img003302.jpg,lightbox,1,10466,2,71044,0.46047,0.0270864,0.866766,0.189605,113.938
lightbox/images/img003309.jpg,lightbox,0,24766,1,12742,0.233079,0.828726,-0.129488,-0.492056,143.712
lightbox/images/img003313.jpg,lightbox,1,35614,2,35420,0.456468,0.134255,0.859235,-0.187958,112.613
lightbox/images/img003317.jpg,lightbox,1,50240,2,16743,0.320358,-0.145617,0.931951,-0.0873704,97.8076
lightbox/images/img003338.jpg,lightbox,1,47137,1,72467,0.0709674,0.756986,0.544084,0.354837,91.9942
lightbox/images/img003361.jpg,lightbox,1,06011,1,60535,-0.445063,0.837765,0.130901,0.287982,93.7637
lightbox/images/img003364.jpg,lightbox,1,34351,2,61636,-0.284875,0.388465,0.828726,0.284875,145.19
lightbox/images/img003366.jpg,lightbox,3,21725,3,16253,0.200492,-0.143208,-0.315058,0.916533,70.2878
lightbox/images/img003374.jpg,lightbox,0,07764,2,34536,0.36522,0.196657,0.899004,-0.140469,152.767
lightbox/images/img003385.jpg,lightbox,3,52027,2,07505,-0.138728,-0.416185,0.887862,-0.138728,173.599
lightbox/images/img003389.jpg,lightbox,0,51503,2,51215,0.50298,-0.50298,0.699798,0.0656061,141.319
lightbox/images/img003392.jpg,lightbox,0,75300,1,16110,0.320719,0.789462,-0.37006,-0.37006,128.568
lightbox/images/img003395.jpg,lightbox,2,71004,2,71015,0.581766,0.0252942,0.809414,0.0758825,18.4896
lightbox/images/img003397.jpg,lightbox,2,03053,2,03377,-0.0246108,-0.0246108,0.787547,-0.615271,38.0771
lightbox/images/img003403.jpg,lightbox,0,54326,1,61745,-0.135831,0.869321,0.244497,0.407494,161.985
lightbox/images/img003425.jpg,lightbox,1,23106,1,16356,0.360694,0.887862,-0.138728,-0.249711,101.348
lightbox/images/img003426.jpg,lightbox,0,70046,3,47512,-0.0701862,-0.30414,0.584885,0.748653,161.287
lightbox/images/img003429.jpg,lightbox,1,40624,1,76411,0.157036,0.717879,0.381373,0.560843,138.152
lightbox/images/img003440.jpg,lightbox,0,36276,2,15306,0.525995,-0.441836,0.673274,-0.273518,68.4449
lightbox/images/img003445.jpg,lightbox,2,07775,2,43332,-0.0932505,-0.0310835,0.994672,0.0310835,13.6931
lightbox/images/img003449.jpg,lightbox,0,61163,2,27556,-0.0803219,0.508706,0.856767,-0.026774,178.362
lightbox/images/img003465.jpg,lightbox,0,35120,1,51036,0.458367,0.698464,-0.545675,0.065481,99.5634
lightbox/images/img003469.jpg,lightbox,1,52272,1,16656,0.152499,0.975991,-0.152499,-0.0304997,25.4087
lightbox/images/img003473.jpg,lightbox,1,04232,2,00565,-0.421435,-0.541845,0.642187,-0.341162,150.582
lightbox/images/img003475.jpg,lightbox,2,50064,2,17666,0.468798,-0.0275764,0.882444,-0.0275764,94.4006
lightbox/images/img003476.jpg,lightbox,1,55624,1,50677,0.175715,0.80327,-0.426737,0.376533,33.3798
lightbox/images/img003477.jpg,lightbox,3,61703,1,61275,-0.247436,0.879772,0.357407,0.19245,108.273
lightbox/images/img003481.jpg,lightbox,1,20066,1,43626,-0.40511,0.864234,-0.0270073,0.29708,102.95
lightbox/images/img003484.jpg,lightbox,0,73467,1,74362,0.213862,0.760398,0.356436,0.499011,75.1919
lightbox/images/img003487.jpg,lightbox,1,70421,1,41711,-0.024731,0.791391,-0.568812,0.222579,86.9096
lightbox/images/img003492.jpg,lightbox,0,14232,2,71045,0.501565,0.0263982,0.844742,0.184787,176.321
lightbox/images/img003497.jpg,lightbox,1,23065,1,74255,0.17063,0.780024,0.219382,0.560642,147.482
lightbox/images/img003518.jpg,lightbox,1,60142,1,62133,-0.395992,0.745396,0.535754,0.0232936,59.5637
lightbox/images/img003520.jpg,lightbox,1,61713,1,70641,0.0837545,0.893381,0.251263,0.362936,19.9904
lightbox/images/img003529.jpg,lightbox,2,55704,1,50635,0.177514,0.811493,-0.481824,0.278951,132.299
lightbox/images/img003536.jpg,lightbox,0,72056,2,43645,-0.339413,-0.182761,0.835478,0.39163,158.156
lightbox/images/img003544.jpg,lightbox,2,24614,1,65245,-0.306158,0.753619,0.211955,0.541664,128.917
lightbox/images/img003555.jpg,lightbox,0,76622,2,65135,-0.0266217,0.133109,0.851896,0.505813,81.4829
lightbox/images/img003567.jpg,lightbox,0,05737,1,43353,-0.0304997,0.975991,-0.152499,0.152499,177.111
lightbox/images/img003571.jpg,lightbox,2,57067,1,60235,-0.584885,0.748653,0.30414,0.0701862,162.901
lightbox/images/img003572.jpg,lightbox,3,54142,2,61265,-0.346083,0.346083,0.851896,0.186352,155.822
lightbox/images/img003580.jpg,lightbox,0,50214,2,71365,0.608164,0.29282,0.720787,0.157672,166.124
lightbox/images/img003583.jpg,lightbox,1,71212,1,34357,0.393784,0.840072,0.288775,-0.23627,33.0289
lightbox/images/img003593.jpg,lightbox,2,11253,1,13634,0.479882,0.73125,-0.0685546,-0.479882,166.704
lightbox/images/img003595.jpg,lightbox,2,36500,2,34344,0.252845,0.252845,0.899004,-0.252845,26.6902
lightbox/images/img003602.jpg,lightbox,0,10730,2,71045,0.501565,0.0263982,0.844742,0.184787,168.989
lightbox/images/img003605.jpg,lightbox,3,57600,2,60725,-0.50128,0.310316,0.763856,0.262575,134.28
lightbox/images/img003607.jpg,lightbox,1,12405,1,70545,0.29708,0.864234,0.0270073,0.40511,121.922
lightbox/images/img003622.jpg,lightbox,0,21514,3,43332,-0.0932505,-0.0310835,0.0310835,0.994672,101.311
lightbox/images/img003624.jpg,lightbox,2,07344,2,16403,0.0848189,-0.367549,0.904735,-0.197911,39.1301
lightbox/images/img003627.jpg,lightbox,1,15774,1,51267,0.457732,0.770916,-0.409549,0.168638,29.8833
lightbox/images/img003643.jpg,lightbox,3,22654,1,72305,0.260798,0.758686,0.592723,0.0711268,171.059
lightbox/images/img003647.jpg,lightbox,3,61742,1,52653,0.196657,0.899004,-0.140469,0.36522,121.831
lightbox/images/img003651.jpg,lightbox,0,53126,0,06236,0.729727,-0.615707,-0.022804,-0.296452,158.751
lightbox/images/img003652.jpg,lightbox,1,74343,1,34533,0.408703,0.871899,0.190728,-0.190728,86.9313
lightbox/images/img003660.jpg,lightbox,2,66145,2,60745,-0.499011,0.213862,0.760398,0.356436,25.5382
lightbox/images/img003664.jpg,lightbox,1,71504,2,74333,0.357244,0.357244,0.762121,0.404877,104.203
lightbox/images/img003671.jpg,lightbox,3,50157,1,60545,-0.510678,0.778177,0.024318,0.36477,132.343
lightbox/images/img003684.jpg,lightbox,3,65671,2,50725,0.272709,-0.471042,0.793334,0.272709,118.028
lightbox/images/img003687.jpg,lightbox,0,23317,1,64355,-0.387667,0.729727,0.205236,0.524491,125.131
lightbox/images/img003688.jpg,lightbox,0,40676,2,54232,0.123958,-0.421459,0.793334,0.421459,158.682
lightbox/images/img003690.jpg,lightbox,0,34440,1,72425,0.0751175,0.801253,0.525822,0.275431,167.047
lightbox/images/img003706.jpg,lightbox,2,21142,1,07333,-0.028273,0.904735,-0.028273,-0.424094,144.425
lightbox/images/img003710.jpg,lightbox,1,70507,1,54235,0.165221,0.755297,-0.448458,0.448458,71.0748
lightbox/images/img003726.jpg,lightbox,3,16055,1,44345,-0.418081,0.637076,-0.457898,0.457898,157.695
lightbox/images/img003731.jpg,lightbox,0,34757,1,35702,0.58617,0.750298,0.257915,-0.164128,55.1109
lightbox/images/img003737.jpg,lightbox,0,06533,2,52356,0.36522,-0.140469,0.899004,0.196657,166.538
lightbox/images/img003739.jpg,lightbox,2,63115,2,71007,0.507253,0.0800926,0.854321,0.0800926,74.3102
lightbox/images/img003742.jpg,lightbox,1,71341,1,35716,0.646684,0.713582,0.245294,-0.111497,25.5574
lightbox/images/img003743.jpg,lightbox,3,75003,1,53466,0.422499,0.795292,-0.223676,0.372793,125.661
lightbox/images/img003749.jpg,lightbox,0,56107,1,61562,-0.194821,0.890609,0.194821,0.36181,158.035
lightbox/images/img003750.jpg,lightbox,0,62404,0,06776,0.859235,-0.510171,-0.0268511,-0.0268511,58.531
lightbox/images/img003767.jpg,lightbox,2,31766,2,71240,0.451292,0.238919,0.849491,0.132733,60.3384
lightbox/images/img003769.jpg,lightbox,0,64527,3,64153,-0.404877,0.0714488,0.500142,0.762121,157.521
lightbox/images/img003772.jpg,lightbox,1,04335,2,51345,0.559233,-0.476383,0.662794,0.144986,45.9093
lightbox/images/img003776.jpg,lightbox,2,34513,1,50726,0.231226,0.822136,-0.43676,0.282609,146.275
lightbox/images/img003790.jpg,lightbox,1,56641,3,07506,-0.196657,-0.36522,-0.140469,0.899004,142.008
lightbox/images/img003805.jpg,lightbox,1,71472,1,71444,0.433341,0.8157,0.0254906,0.38236,22.7928
lightbox/images/img003807.jpg,lightbox,3,02363,3,65034,-0.281129,0.127786,0.485586,0.817829,133.004
lightbox/images/img003817.jpg,lightbox,3,35277,0,53516,0.689329,0.624704,-0.28004,0.236957,70.0186
lightbox/images/img003822.jpg,lightbox,1,72445,1,74245,0.0740121,0.789462,0.222036,0.567426,31.5608
lightbox/images/img003823.jpg,lightbox,0,65363,0,65231,0.809414,-0.227648,0.328824,0.430001,17.0228
lightbox/images/img003824.jpg,lightbox,0,71462,2,70614,0.141365,0.254457,0.904735,0.311003,122.743
lightbox/images/img003832.jpg,lightbox,1,34266,1,51232,0.50128,0.763856,-0.405798,0.0238705,115.526
lightbox/images/img003836.jpg,lightbox,0,27053,1,54255,0.151637,0.6932,-0.498237,0.498237,133.611
lightbox/images/img003845.jpg,lightbox,1,31551,2,24351,-0.43676,0.231226,0.822136,-0.282609,179.991
lightbox/images/img003846.jpg,lightbox,0,40120,0,42303,0.828726,-0.543852,-0.129488,0.0258977,53.2415
lightbox/images/img003848.jpg,lightbox,0,16661,1,70625,0.0824786,0.879772,0.357407,0.302422,167.946
lightbox/images/img003853.jpg,lightbox,2,30376,2,30771,0.355634,0.308216,0.758686,-0.45047,15.7645
lightbox/images/img003867.jpg,lightbox,1,56422,1,72405,0.0789747,0.842397,0.447523,0.289574,86.4835
lightbox/images/img003868.jpg,lightbox,0,41272,2,45055,-0.176674,-0.608545,0.628176,0.451501,157.79
lightbox/images/img003870.jpg,lightbox,0,75242,0,34676,0.896179,0.140028,0.420084,-0.0280056,73.148
lightbox/images/img003889.jpg,lightbox,3,15612,0,27732,0.707972,-0.0663723,0.685847,-0.154869,161.796
lightbox/images/img003893.jpg,lightbox,0,77246,2,75255,0.494538,0.193515,0.688053,0.494538,30.1378
lightbox/images/img003897.jpg,lightbox,3,61641,2,54235,0.165221,-0.448458,0.755297,0.448458,121.285
lightbox/images/img003900.jpg,lightbox,1,10223,1,24335,-0.418384,0.787547,0.319941,-0.319941,105.937
lightbox/images/img003904.jpg,lightbox,3,00213,0,06236,0.729727,-0.615707,-0.022804,-0.296452,153.105
lightbox/images/img003907.jpg,lightbox,0,70626,1,24575,-0.464578,0.8745,0.136641,-0.0273281,142.461
lightbox/images/img003922.jpg,lightbox,1,65217,2,61726,-0.185826,0.398199,0.849491,0.292013,83.3385
lightbox/images/img003928.jpg,lightbox,1,75665,1,65345,-0.122757,0.785646,0.220963,0.564683,62.4599
lightbox/images/img003936.jpg,lightbox,3,10245,3,12747,0.287982,-0.130901,-0.445063,0.837765,53.5316
lightbox/images/img003944.jpg,lightbox,1,47671,1,51646,0.382143,0.719328,-0.472059,0.337185,93.102
lightbox/images/img003946.jpg,lightbox,0,10744,2,12524,0.220432,-0.269417,0.783758,-0.514341,167.408
lightbox/images/img003963.jpg,lightbox,0,06027,0,50277,0.851896,0.186352,-0.45257,0.186352,118.582
lightbox/images/img003970.jpg,lightbox,2,43303,1,70647,0.0807866,0.861723,0.296217,0.403933,163.157
lightbox/images/img003973.jpg,lightbox,0,53201,0,07330,0.899004,-0.0842816,-0.0842816,-0.421408,87.6638
lightbox/images/img003976.jpg,lightbox,0,01252,3,64103,-0.500142,0.0714488,0.404877,0.762121,35.2259
lightbox/images/img003977.jpg,lightbox,1,35776,1,61447,-0.344137,0.847106,0.0794162,0.397081,135.067
lightbox/images/img003983.jpg,lightbox,3,35672,3,07257,-0.258625,-0.143681,-0.258625,0.919555,114.225
lightbox/images/img003995.jpg,lightbox,0,63253,1,34345,0.304267,0.88514,0.248946,-0.248946,161.911
lightbox/images/img003997.jpg,lightbox,0,47225,0,05235,0.791391,-0.222579,-0.469888,-0.321503,110.089
lightbox/images/img003998.jpg,lightbox,1,70303,1,70641,0.0837545,0.893381,0.251263,0.362936,47.2188
lightbox/images/img004004.jpg,lightbox,1,14625,1,70257,0.198547,0.907642,0.312002,0.198547,105.683
lightbox/images/img004031.jpg,lightbox,1,25203,2,61745,-0.135831,0.244497,0.869321,0.407494,140.441
lightbox/images/img004033.jpg,lightbox,1,42431,1,24352,-0.471042,0.793334,0.272709,-0.272709,85.4528
lightbox/images/img004042.jpg,lightbox,2,50534,2,61354,-0.0879694,0.263908,0.93834,0.205262,116.759
lightbox/images/img004047.jpg,lightbox,0,22642,1,26355,-0.378339,0.712167,0.55638,-0.200297,145.945
lightbox/images/img004053.jpg,lightbox,3,34567,1,61705,-0.141365,0.904735,0.254457,0.311003,134.467
lightbox/images/img004055.jpg,lightbox,3,30274,1,60535,-0.445063,0.837765,0.130901,0.287982,141.456
lightbox/images/img004058.jpg,lightbox,0,27747,2,64127,-0.484974,0.161658,0.739008,0.438786,172.535
lightbox/images/img004062.jpg,lightbox,2,72644,2,63735,-0.0224337,0.650578,0.717879,0.246771,14.7568
lightbox/images/img004076.jpg,lightbox,3,00555,1,52545,0.275431,0.801253,-0.375587,0.375587,155.083
lightbox/images/img004081.jpg,lightbox,1,56663,1,64735,-0.361538,0.680543,0.276471,0.574208,63.5709
lightbox/images/img004088.jpg,lightbox,0,13437,0,03436,0.783758,-0.269417,-0.220432,-0.514341,90.3095
lightbox/images/img004095.jpg,lightbox,2,71323,1,54225,0.0716115,0.763856,-0.453539,0.453539,177.098
lightbox/images/img004096.jpg,lightbox,0,33522,0,53516,0.689329,0.624704,-0.28004,0.236957,120.643
lightbox/images/img004099.jpg,lightbox,1,37645,1,52733,0.411152,0.877124,-0.0274101,0.246691,75.8527
lightbox/images/img004100.jpg,lightbox,2,70762,1,41334,-0.0800926,0.854321,-0.507253,0.0800926,169.346
lightbox/images/img004110.jpg,lightbox,3,64240,1,04337,-0.403961,0.760398,-0.403961,-0.308911,179.876
lightbox/images/img004112.jpg,lightbox,2,45732,2,06776,-0.510171,-0.0268511,0.859235,-0.0268511,98.3428
lightbox/images/img004121.jpg,lightbox,2,34520,2,34077,0.20182,0.20182,0.922608,-0.259483,11.8017
lightbox/images/img004127.jpg,lightbox,2,43375,2,17446,0.441447,-0.337577,0.830959,-0.0259675,68.5372
lightbox/images/img004128.jpg,lightbox,3,74001,2,53237,0.581766,-0.0252942,0.809414,0.0758825,121.732
lightbox/images/img004131.jpg,lightbox,1,47356,1,70255,0.20182,0.922608,0.259483,0.20182,72.987
lightbox/images/img004139.jpg,lightbox,0,25574,3,07763,-0.153646,-0.0307293,-0.0921878,0.983336,156.313
lightbox/images/img004147.jpg,lightbox,3,63030,0,34236,0.842397,0.131625,0.394874,-0.342224,126.893
lightbox/images/img004152.jpg,lightbox,1,42656,1,42354,-0.493382,0.830959,-0.181772,0.181772,27.3046
lightbox/images/img004159.jpg,lightbox,2,25604,3,70646,0.0270073,0.29708,0.40511,0.864234,143.296
lightbox/images/img004162.jpg,lightbox,3,34763,3,32664,0.0215415,0.624704,-0.366206,0.689329,56.4079
lightbox/images/img004168.jpg,lightbox,3,06135,1,21456,-0.289574,0.842397,0.0789747,-0.447523,122.523
lightbox/images/img004172.jpg,lightbox,0,16764,2,53532,0.644126,-0.199901,0.71076,0.199901,121.671
lightbox/images/img004182.jpg,lightbox,3,25670,1,47246,-0.353259,0.753619,-0.117753,0.541664,60.9919
lightbox/images/img004185.jpg,lightbox,2,07073,1,70316,0.357407,0.879772,0.302422,0.0824786,171.059
lightbox/images/img004186.jpg,lightbox,1,07271,1,60737,-0.417374,0.785646,0.368271,0.270066,87.6339
lightbox/images/img004191.jpg,lightbox,0,71204,0,71032,0.822136,0.539527,0.179842,0.0256917,17.9746
lightbox/images/img004192.jpg,lightbox,3,75634,1,24157,-0.453858,0.854321,0.0800926,-0.240278,168.999
lightbox/images/img004198.jpg,lightbox,1,43475,2,43675,-0.245953,-0.0819844,0.8745,0.409922,168.011
lightbox/images/img004210.jpg,lightbox,3,57311,2,53217,0.57735,-0.125511,0.80327,0.0753066,87.6321
lightbox/images/img004237.jpg,lightbox,3,25551,0,71012,0.833209,0.546793,0.0781133,0.0260378,179.568
lightbox/images/img004238.jpg,lightbox,3,52337,0,16307,0.8745,0.300609,-0.136641,-0.355266,176.196
lightbox/images/img004243.jpg,lightbox,3,32204,1,34356,0.348062,0.856767,0.294514,-0.240966,169.42
lightbox/images/img004251.jpg,lightbox,3,06755,1,34035,0.196657,0.899004,0.140469,-0.36522,109.972
lightbox/images/img004260.jpg,lightbox,3,36606,2,71164,0.602279,0.120456,0.770916,0.168638,163.855
lightbox/images/img004264.jpg,lightbox,1,51641,1,34637,0.19245,0.879772,0.412393,-0.137464,126.823
lightbox/images/img004265.jpg,lightbox,3,02552,2,02737,-0.405798,-0.0238705,0.763856,-0.50128,118.818
lightbox/images/img004267.jpg,lightbox,0,70105,2,61534,-0.0873704,0.145617,0.931951,0.320358,177.93
lightbox/images/img004274.jpg,lightbox,3,65224,2,65430,-0.259633,0.118015,0.755297,0.590076,48.7325
lightbox/images/img004277.jpg,lightbox,2,25123,1,27116,-0.0758825,0.809414,0.480589,-0.328824,89.8536
lightbox/images/img004278.jpg,lightbox,3,61501,2,61547,-0.139591,0.0837545,0.893381,0.418772,95.5343
lightbox/images/img004281.jpg,lightbox,1,61272,1,67101,-0.123958,0.793334,0.421459,0.421459,39.9688
lightbox/images/img004282.jpg,lightbox,1,70753,1,70715,0.393784,0.840072,0.23627,0.288775,9.01063
lightbox/images/img004288.jpg,lightbox,2,64065,2,65235,-0.222579,0.321503,0.791391,0.469888,52.1117
lightbox/images/img004296.jpg,lightbox,1,62762,2,67115,-0.0244339,0.415376,0.781884,0.464244,62.0504
lightbox/images/img004297.jpg,lightbox,0,01567,1,60745,-0.499011,0.760398,0.213862,0.356436,88.547
lightbox/images/img004300.jpg,lightbox,0,65575,1,65335,-0.0253592,0.811493,0.329669,0.481824,139.14
lightbox/images/img004306.jpg,lightbox,3,67017,2,51336,0.623548,-0.365528,0.688053,0.0645049,172.75
lightbox/images/img004308.jpg,lightbox,1,22445,1,74102,0.240278,0.854321,0.0800926,0.453858,146.295
lightbox/images/img004316.jpg,lightbox,2,52135,1,65536,-0.0704956,0.751953,0.16449,0.63446,173.513
lightbox/images/img004324.jpg,lightbox,1,14711,2,17024,0.424602,-0.274743,0.799251,-0.324696,128.798
lightbox/images/img004327.jpg,lightbox,3,63444,1,60775,-0.411464,0.774521,0.314649,0.363057,63.0708
lightbox/images/img004336.jpg,lightbox,1,70475,2,71424,0.445063,0.130901,0.837765,0.287982,131.912
lightbox/images/img004337.jpg,lightbox,0,21436,0,71007,0.854321,0.507253,0.0800926,0.0800926,118.273
lightbox/images/img004362.jpg,lightbox,2,21553,2,03532,-0.0740121,-0.222036,0.789462,-0.567426,39.1763
lightbox/images/img004399.jpg,lightbox,1,66124,1,60755,-0.422499,0.795292,0.223676,0.372793,27.9132
lightbox/images/img004402.jpg,lightbox,2,52331,1,70152,0.371126,0.91354,0.0856444,0.142741,160.537
lightbox/images/img004412.jpg,lightbox,1,65657,1,65703,-0.118015,0.755297,0.259633,0.590076,12.5182
lightbox/images/img004417.jpg,lightbox,0,25656,0,34741,0.910577,0.313011,0.2561,-0.0853666,71.145
lightbox/images/img004419.jpg,lightbox,3,51517,2,52561,0.29038,-0.29038,0.844742,0.343176,94.0933
lightbox/images/img004421.jpg,lightbox,1,25275,1,25277,-0.239596,0.851896,0.399326,-0.239596,4.58137
lightbox/images/img004436.jpg,lightbox,2,36125,2,14411,0.153375,-0.67923,0.701141,-0.153375,146.671
lightbox/images/img004437.jpg,lightbox,0,30361,1,01732,-0.0697297,0.743784,-0.395135,-0.534595,140.27
lightbox/images/img004451.jpg,lightbox,3,24762,1,47646,-0.317287,0.676879,-0.105762,0.655727,48.8798
lightbox/images/img004458.jpg,lightbox,3,07147,1,60735,-0.424602,0.799251,0.324696,0.274743,173.704
lightbox/images/img004464.jpg,lightbox,2,14340,1,43354,-0.0892052,0.951522,-0.208145,0.208145,81.692
lightbox/images/img004472.jpg,lightbox,1,24033,1,42344,-0.566049,0.787547,-0.172276,0.172276,73.6078
lightbox/images/img004477.jpg,lightbox,1,07567,1,43311,-0.0304997,0.975991,-0.213498,0.0304997,13.5745
lightbox/images/img004478.jpg,lightbox,0,57206,0,06736,0.851896,-0.505813,-0.0266217,-0.133109,134.703
lightbox/images/img004483.jpg,lightbox,2,25434,1,25414,-0.321451,0.935129,0.0292228,-0.146114,145.681
lightbox/images/img004487.jpg,lightbox,0,56533,3,50736,0.324696,-0.424602,0.274743,0.799251,120.864
lightbox/images/img004488.jpg,lightbox,2,07001,2,51231,0.525586,-0.434179,0.73125,0.0228515,113.254
lightbox/images/img004494.jpg,lightbox,3,47341,1,71231,0.554096,0.770916,0.313185,0.0240911,174.396
lightbox/images/img004508.jpg,lightbox,0,14157,1,54417,0.13616,0.622446,-0.564091,0.525188,113.083
lightbox/images/img004510.jpg,lightbox,0,27171,2,60135,-0.463196,0.136234,0.871899,0.0817405,173.008
lightbox/images/img004511.jpg,lightbox,2,53425,2,52127,0.313011,-0.2561,0.910577,0.0853666,32.4018
lightbox/images/img004520.jpg,lightbox,1,50251,1,61121,-0.152499,0.975991,0.152499,0.0304997,98.1145
lightbox/images/img004526.jpg,lightbox,3,75012,2,52516,0.337577,-0.337577,0.830959,0.285642,90.3294
lightbox/images/img004534.jpg,lightbox,1,50606,1,70611,0.199189,0.910577,0.2561,0.2561,94.4905
lightbox/images/img004540.jpg,lightbox,0,37456,2,51235,0.524491,-0.433275,0.729727,0.0684119,119.433
lightbox/images/img004561.jpg,lightbox,3,52010,1,60755,-0.422499,0.795292,0.223676,0.372793,171.494
lightbox/images/img004572.jpg,lightbox,2,16743,1,74022,0.0270864,0.866766,0.189605,0.46047,176.726
lightbox/images/img004578.jpg,lightbox,0,60663,2,53245,0.493382,-0.181772,0.830959,0.181772,82.3802
lightbox/images/img004579.jpg,lightbox,0,03263,3,61522,-0.20182,0.20182,0.259483,0.922608,79.0804
lightbox/images/img004580.jpg,lightbox,3,33335,2,51536,0.567537,-0.489256,0.626248,0.215273,165.377
lightbox/images/img004581.jpg,lightbox,1,61127,1,25755,-0.0300557,0.961781,0.270501,-0.0300557,25.9992
lightbox/images/img004607.jpg,lightbox,1,05430,1,65430,-0.259633,0.755297,0.118015,0.590076,127.52
lightbox/images/img004613.jpg,lightbox,3,43526,3,34433,0.204559,0.204559,-0.204559,0.935129,95.9782
lightbox/images/img004617.jpg,lightbox,0,35056,0,35504,0.781884,0.610847,0.0244339,-0.122169,16.5008
lightbox/images/img004626.jpg,lightbox,3,36062,1,42747,-0.507093,0.772712,-0.120736,0.362209,85.6617
lightbox/images/img004627.jpg,lightbox,0,11163,2,74333,0.357244,0.357244,0.762121,0.404877,161.978
lightbox/images/img004633.jpg,lightbox,0,63473,2,15155,0.56345,-0.56345,0.581626,-0.163582,71.8729
lightbox/images/img004636.jpg,lightbox,3,74647,2,60715,-0.43676,0.231226,0.822136,0.282609,77.8735
lightbox/images/img004654.jpg,lightbox,1,73106,1,56747,0.238287,0.6932,-0.108312,0.671537,101.827
lightbox/images/img004657.jpg,lightbox,3,52233,1,34654,0.148675,0.951522,0.267615,-0.0297351,178.493
lightbox/images/img004660.jpg,lightbox,2,14345,2,51205,0.433275,-0.524491,0.729727,0.0684119,35.9645
lightbox/images/img004664.jpg,lightbox,1,60740,1,60521,-0.529823,0.80735,0.126148,0.227067,12.4701
lightbox/images/img004672.jpg,lightbox,0,42637,2,65430,-0.259633,0.118015,0.755297,0.590076,166.553
lightbox/images/img004688.jpg,lightbox,3,40714,3,27000,-0.357244,0.404877,-0.357244,0.762121,132.525
lightbox/images/img004698.jpg,lightbox,2,35540,1,35424,0.46047,0.866766,0.135432,-0.135432,132.061
lightbox/images/img004704.jpg,lightbox,0,03202,2,76245,0.06415,0.534584,0.684267,0.491817,118.293
lightbox/images/img004710.jpg,lightbox,2,57307,0,52215,0.951522,0.208145,-0.208145,0.0892052,128.599
lightbox/images/img004713.jpg,lightbox,2,51211,1,71665,0.45047,0.758686,0.308216,0.355634,170.762
lightbox/images/img004719.jpg,lightbox,2,30463,2,31465,0.460953,0.121303,0.776342,-0.412432,45.0932
lightbox/images/img004727.jpg,lightbox,3,25210,1,74102,0.240278,0.854321,0.0800926,0.453858,121.543
lightbox/images/img004737.jpg,lightbox,3,13552,1,45245,-0.274003,0.674469,-0.484775,0.484775,161.245
lightbox/images/img004740.jpg,lightbox,0,31216,1,51246,0.40036,0.753619,-0.494563,0.164854,137.597
lightbox/images/img004743.jpg,lightbox,3,56272,2,71007,0.507253,0.0800926,0.854321,0.0800926,104.171
lightbox/images/img004749.jpg,lightbox,3,27132,3,34743,0.308062,0.308062,-0.0840168,0.896179,64.1176
lightbox/images/img004752.jpg,lightbox,1,54625,1,56707,0.252424,0.734324,-0.114738,0.619586,42.0513
lightbox/images/img004773.jpg,lightbox,1,60316,1,60535,-0.445063,0.837765,0.130901,0.287982,31.0867
lightbox/images/img004774.jpg,lightbox,0,36070,2,35416,0.542398,0.0774855,0.826512,-0.129142,48.1514
lightbox/images/img004777.jpg,lightbox,1,06313,1,60771,-0.418384,0.787547,0.319941,0.319941,95.6431
lightbox/images/img004778.jpg,lightbox,0,47306,0,53447,0.758686,0.45047,-0.308216,0.355634,79.0441
lightbox/images/img004781.jpg,lightbox,3,63265,2,71421,0.492056,0.129488,0.828726,0.233079,151.52
lightbox/images/img004785.jpg,lightbox,1,51306,1,35005,0.481824,0.811493,0.0253592,-0.329669,74.0759
lightbox/images/img004799.jpg,lightbox,0,26574,1,62131,-0.405798,0.763856,0.50128,0.0238705,130.974
lightbox/images/img004802.jpg,lightbox,1,15464,2,53247,0.497423,-0.130901,0.837765,0.183261,131.548
lightbox/images/img004804.jpg,lightbox,1,55573,2,53335,0.692662,-0.0670318,0.715006,0.0670318,171.596
lightbox/images/img004812.jpg,lightbox,0,32566,0,07216,0.8745,-0.300609,-0.136641,-0.355266,100.521
lightbox/images/img004818.jpg,lightbox,3,34663,1,60567,-0.503581,0.767362,0.16786,0.359701,104.962
lightbox/images/img004822.jpg,lightbox,0,60531,2,35435,0.574462,0.124883,0.799251,-0.124883,120.367
lightbox/images/img004829.jpg,lightbox,3,46061,2,47202,-0.379413,-0.126471,0.809414,0.430001,58.4184
lightbox/images/img004831.jpg,lightbox,2,70723,2,16252,0.144639,-0.144639,0.925691,-0.318206,90.8502
lightbox/images/img004840.jpg,lightbox,3,53027,2,42572,-0.469888,-0.222579,0.791391,0.321503,162.171
lightbox/images/img004841.jpg,lightbox,3,24376,1,60745,-0.499011,0.760398,0.213862,0.356436,86.8304
lightbox/images/img004845.jpg,lightbox,1,06674,2,04366,-0.524491,-0.387667,0.729727,-0.205236,179.053
lightbox/images/img004848.jpg,lightbox,1,71127,2,70055,0.208885,0.0298408,0.954905,0.208885,142.944
lightbox/images/img004866.jpg,lightbox,3,16756,2,07640,-0.41491,-0.193624,0.88514,-0.0829819,153.618
lightbox/images/img004870.jpg,lightbox,0,65721,3,74035,0.183261,0.130901,0.497423,0.837765,81.7226
lightbox/images/img004872.jpg,lightbox,2,13460,2,51635,0.509854,-0.421184,0.709362,0.243843,83.8412
lightbox/images/img004875.jpg,lightbox,2,40466,2,17356,0.653213,-0.112623,0.720787,-0.202721,172.973
lightbox/images/img004878.jpg,lightbox,2,32503,1,53035,0.560642,0.780024,-0.268133,0.0731272,150.827
lightbox/images/img004883.jpg,lightbox,3,34164,3,34703,0.30334,0.30334,-0.193035,0.882444,21.1378
lightbox/images/img004895.jpg,lightbox,3,67113,2,61256,-0.30334,0.30334,0.882444,0.193035,93.7948
lightbox/images/img004905.jpg,lightbox,2,40703,1,52435,0.193035,0.882444,-0.30334,0.30334,98.8906
lightbox/images/img004921.jpg,lightbox,0,71626,2,43644,-0.384363,-0.179369,0.819974,0.384363,178.604
lightbox/images/img004927.jpg,lightbox,0,74305,1,34356,0.348062,0.856767,0.294514,-0.240966,126.143
lightbox/images/img004928.jpg,lightbox,3,17605,1,24353,-0.431106,0.811493,0.278951,-0.278951,103.292
lightbox/images/img004933.jpg,lightbox,1,15362,1,71611,0.555387,0.772712,0.217325,0.217325,88.312
lightbox/images/img004937.jpg,lightbox,1,63033,1,62115,-0.423547,0.797264,0.423547,0.0747435,31.3352
lightbox/images/img004940.jpg,lightbox,3,41014,0,44333,0.735875,-0.390934,-0.390934,0.390934,140.487
lightbox/images/img004950.jpg,lightbox,2,64346,2,02367,-0.459243,-0.0218687,0.699798,-0.546718,127.99
lightbox/images/img004967.jpg,lightbox,0,11666,2,73055,0.52891,0.390934,0.735875,0.160973,156.221
lightbox/images/img004971.jpg,lightbox,0,75133,2,56116,0.313185,-0.313185,0.770916,0.457732,149.617
lightbox/images/img004973.jpg,lightbox,3,61613,3,61635,-0.240966,0.348062,0.294514,0.856767,6.29423
lightbox/images/img004974.jpg,lightbox,2,21162,2,74311,0.372793,0.223676,0.795292,0.422499,144.94
lightbox/images/img004979.jpg,lightbox,2,71546,2,71135,0.689912,0.111276,0.712167,0.0667657,33.7471
lightbox/images/img004980.jpg,lightbox,2,24105,2,06336,-0.481824,-0.0253592,0.811493,-0.329669,9.15033
lightbox/images/img004990.jpg,lightbox,1,16547,1,70316,0.357407,0.879772,0.302422,0.0824786,78.9302
lightbox/images/img004993.jpg,lightbox,2,61501,2,63735,-0.0224337,0.650578,0.717879,0.246771,80.9568
lightbox/images/img004999.jpg,lightbox,1,02461,2,64351,-0.396854,0.210099,0.74702,0.490232,178.068
lightbox/images/img005001.jpg,lightbox,3,52354,2,61405,-0.358493,0.0275764,0.882444,0.30334,143.64
lightbox/images/img005008.jpg,lightbox,3,27766,2,63441,-0.319941,0.418384,0.787547,0.319941,111.53
lightbox/images/img005015.jpg,lightbox,3,03620,3,01733,-0.0232936,-0.395992,-0.535754,0.745396,57.0424
lightbox/images/img005016.jpg,lightbox,1,21611,1,47342,-0.178434,0.8157,-0.127453,0.535303,138.601
lightbox/images/img005023.jpg,lightbox,3,52270,2,72055,0.186352,0.45257,0.851896,0.186352,146.615
lightbox/images/img005026.jpg,lightbox,2,50673,1,61711,-0.0290252,0.928805,0.261226,0.261226,168.749
lightbox/images/img005038.jpg,lightbox,0,06611,2,50175,0.333169,-0.599704,0.71076,0.155479,123.688
lightbox/images/img005058.jpg,lightbox,3,63725,2,20556,-0.463139,0.0731272,0.780024,-0.414388,178.479
lightbox/images/img005059.jpg,lightbox,2,25761,1,71460,0.437917,0.824315,0.128799,0.334878,140.366
lightbox/images/img005084.jpg,lightbox,2,52477,2,34741,0.313011,0.2561,0.910577,-0.0853666,83.4184
lightbox/images/img005085.jpg,lightbox,1,34277,1,16344,0.2561,0.910577,-0.199189,-0.2561,70.6436
lightbox/images/img005088.jpg,lightbox,3,25106,2,01736,-0.0714488,-0.404877,0.762121,-0.500142,84.5248
lightbox/images/img005105.jpg,lightbox,1,50134,1,65335,-0.0253592,0.811493,0.329669,0.481824,131.482
lightbox/images/img005106.jpg,lightbox,0,55326,1,06333,-0.433341,0.8157,-0.0254906,-0.38236,177.751
lightbox/images/img005114.jpg,lightbox,3,05311,2,42353,-0.46047,-0.135432,0.866766,0.135432,165.43
lightbox/images/img005124.jpg,lightbox,3,16776,1,06337,-0.441447,0.830959,-0.0259675,-0.337577,119.169
lightbox/images/img005125.jpg,lightbox,0,67510,3,52635,0.20182,-0.0864945,0.317146,0.922608,76.0669
lightbox/images/img005137.jpg,lightbox,2,13405,1,24331,-0.411464,0.774521,0.314649,-0.363057,174.325
lightbox/images/img005147.jpg,lightbox,3,63724,1,60555,-0.433341,0.8157,0.0254906,0.38236,57.1519
lightbox/images/img005151.jpg,lightbox,3,36162,0,34716,0.8745,0.355266,0.300609,-0.136641,157.664
lightbox/images/img005156.jpg,lightbox,1,16626,1,25541,-0.153646,0.983336,0.0307293,-0.0921878,20.9948
lightbox/images/img005163.jpg,lightbox,1,74067,1,74431,0.168638,0.770916,0.120456,0.602279,15.1597
lightbox/images/img005164.jpg,lightbox,3,61243,2,60117,-0.465972,0.0822304,0.877124,0.0822304,133.832
lightbox/images/img005166.jpg,lightbox,0,16510,0,17052,0.763856,0.50128,-0.310316,-0.262575,24.5242
lightbox/images/img005174.jpg,lightbox,2,13360,0,26773,0.669726,-0.355792,0.648797,-0.0627868,66.7117
lightbox/images/img005183.jpg,lightbox,2,47147,2,53237,0.581766,-0.0252942,0.809414,0.0758825,104.52
lightbox/images/img005186.jpg,lightbox,2,44376,0,16353,0.856767,0.40161,-0.13387,-0.294514,85.8776
lightbox/images/img005192.jpg,lightbox,1,71270,2,73206,0.375376,0.596185,0.706589,0.0662428,54.6484
lightbox/images/img005196.jpg,lightbox,3,34051,1,74211,0.184274,0.842397,0.236924,0.447523,131.372
lightbox/images/img005198.jpg,lightbox,0,65166,2,60135,-0.463196,0.136234,0.871899,0.0817405,156.197
lightbox/images/img005202.jpg,lightbox,2,30760,0,07246,0.869321,-0.407494,-0.135831,-0.244497,172.672
lightbox/images/img005213.jpg,lightbox,2,37202,2,30756,0.324696,0.274743,0.799251,-0.424602,40.4908
lightbox/images/img005220.jpg,lightbox,0,42525,2,74431,0.168638,0.120456,0.770916,0.602279,174.964
lightbox/images/img005221.jpg,lightbox,1,41606,2,17544,0.57735,-0.34641,0.739008,-0.023094,68.8803
lightbox/images/img005232.jpg,lightbox,0,25011,2,60573,-0.434472,0.1789,0.817829,0.332243,112.546
lightbox/images/img005233.jpg,lightbox,3,16057,2,17051,0.527795,-0.344214,0.734324,-0.252424,157.346
lightbox/images/img005239.jpg,lightbox,3,43172,1,31641,0.444513,0.748653,0.210559,-0.444513,101.563
lightbox/images/img005244.jpg,lightbox,0,37466,2,46166,-0.494538,-0.193515,0.688053,0.494538,168.415
lightbox/images/img005253.jpg,lightbox,1,63731,1,61737,-0.0270073,0.864234,0.40511,0.29708,32.9104
lightbox/images/img005270.jpg,lightbox,0,63002,0,61173,0.965275,-0.0301648,0.211154,0.150824,55.1979
lightbox/images/img005271.jpg,lightbox,1,43215,1,42235,-0.612311,0.783758,-0.0734773,0.0734773,46.5875
lightbox/images/img005273.jpg,lightbox,0,07014,2,60155,-0.46047,0.0270864,0.866766,0.189605,76.0213
lightbox/images/img005274.jpg,lightbox,1,03113,1,56045,0.0709674,0.756986,-0.354837,0.544084,148.93
lightbox/images/img005281.jpg,lightbox,0,35456,1,07776,-0.0932505,0.994672,-0.0310835,-0.0310835,125.525
lightbox/images/img005289.jpg,lightbox,2,25730,1,16273,0.202495,0.925691,-0.0289278,-0.318206,135.593
lightbox/images/img005290.jpg,lightbox,1,43264,2,14561,0.253494,-0.622212,0.737437,-0.0691347,89.2983
lightbox/images/img005305.jpg,lightbox,0,03430,0,61255,0.910577,-0.2561,0.2561,0.199189,106.825
lightbox/images/img005311.jpg,lightbox,0,53330,1,35346,0.581081,0.743784,0.255676,-0.209189,51.6362
lightbox/images/img005314.jpg,lightbox,1,34225,2,53245,0.493382,-0.181772,0.830959,0.181772,165.994
lightbox/images/img005315.jpg,lightbox,3,64053,2,67433,-0.189358,0.483916,0.673274,0.525995,72.8665
lightbox/images/img005320.jpg,lightbox,3,16106,2,60313,-0.448769,0.29038,0.844742,0.0263982,124.054
lightbox/images/img005327.jpg,lightbox,0,31770,0,50375,0.785646,0.368271,-0.466477,0.17186,115.68
lightbox/images/img005335.jpg,lightbox,3,70042,3,70530,0.360694,0.138728,0.249711,0.887862,44.0799
lightbox/images/img005337.jpg,lightbox,1,14631,1,25742,-0.20182,0.922608,0.317146,-0.0864945,109.317
lightbox/images/img005341.jpg,lightbox,0,34542,2,57215,0.51912,-0.157993,0.722254,0.428838,124.89
lightbox/images/img005345.jpg,lightbox,2,14277,0,25345,0.919555,-0.143681,0.258625,-0.258625,117.999
lightbox/images/img005367.jpg,lightbox,2,07752,2,70027,0.0908257,0.211927,0.968808,0.0908257,50.1323
lightbox/images/img005376.jpg,lightbox,1,27545,1,25741,-0.148152,0.948174,0.266674,-0.0888913,24.8583
lightbox/images/img005389.jpg,lightbox,0,76056,2,76025,0.0700331,0.490232,0.74702,0.443543,96.198
lightbox/images/img005394.jpg,lightbox,1,60571,1,06347,-0.529823,0.80735,-0.126148,-0.227067,72.01
lightbox/images/img005396.jpg,lightbox,0,54340,1,60755,-0.422499,0.795292,0.223676,0.372793,170.691
lightbox/images/img005401.jpg,lightbox,0,52313,0,30731,0.725215,0.339945,0.294619,-0.521249,84.5199
lightbox/images/img005404.jpg,lightbox,2,57750,2,62154,-0.457732,0.409549,0.770916,0.168638,150.081
lightbox/images/img005410.jpg,lightbox,0,63315,2,71530,0.653213,0.112623,0.720787,0.202721,26.7817
lightbox/images/img005428.jpg,lightbox,0,20335,2,17137,0.655727,-0.190372,0.676879,-0.274982,62.4763
lightbox/images/img005430.jpg,lightbox,2,26574,1,21745,-0.132733,0.849491,0.238919,-0.451292,97.5175
lightbox/images/img005431.jpg,lightbox,1,76217,1,71411,0.568812,0.791391,0.024731,0.222579,87.696
lightbox/images/img005444.jpg,lightbox,2,25564,1,25141,-0.146114,0.935129,0.0292228,-0.321451,156.046
lightbox/images/img005451.jpg,lightbox,0,03360,0,61615,0.88514,-0.248946,0.248946,0.304267,121.666
lightbox/images/img005481.jpg,lightbox,2,15223,1,76046,0.0228515,0.73125,0.434179,0.525586,164.381
lightbox/images/img005482.jpg,lightbox,0,11021,2,40746,-0.488258,-0.445801,0.679315,0.318429,39.675
lightbox/images/img005484.jpg,lightbox,2,22755,2,15346,0.53655,-0.450702,0.686784,-0.193158,168.415
lightbox/images/img005492.jpg,lightbox,0,00533,2,71054,0.539527,0.0256917,0.822136,0.179842,162.138
lightbox/images/img005495.jpg,lightbox,1,53253,1,53237,0.581766,0.809414,-0.0252942,0.0758825,14.1106
lightbox/images/img005498.jpg,lightbox,2,50267,2,50265,0.0789747,-0.500173,0.842397,0.184274,8.01999
lightbox/images/img005517.jpg,lightbox,2,63750,2,52712,0.360694,-0.138728,0.887862,0.249711,100.176
lightbox/images/img005519.jpg,lightbox,2,13013,3,74141,0.276124,0.0251022,0.527146,0.80327,174.652
lightbox/images/img005525.jpg,lightbox,0,10703,2,75045,0.434179,0.0228515,0.73125,0.525586,146.77
lightbox/images/img005530.jpg,lightbox,3,42215,2,42353,-0.46047,-0.135432,0.866766,0.135432,124.725
lightbox/images/img005538.jpg,lightbox,0,72364,2,77015,0.490028,0.362194,0.681778,0.404805,44.9794
lightbox/images/img005563.jpg,lightbox,2,35257,0,34736,0.842397,0.342224,0.394874,-0.131625,56.8109
lightbox/images/img005566.jpg,lightbox,2,16210,1,07416,-0.300609,0.8745,-0.355266,-0.136641,125.808
lightbox/images/img005570.jpg,lightbox,3,03040,1,60707,-0.508279,0.774521,0.266242,0.266242,174.18
lightbox/images/img005572.jpg,lightbox,2,45707,2,65034,-0.281129,0.127786,0.817829,0.485586,71.5476
lightbox/images/img005576.jpg,lightbox,0,43231,1,71045,0.501565,0.844742,0.0263982,0.184787,150.076
lightbox/images/img005577.jpg,lightbox,0,53714,2,60456,-0.60571,0.0673011,0.717879,0.336506,128.413
lightbox/images/img005578.jpg,lightbox,1,65425,2,60375,-0.434472,0.332243,0.817829,0.1789,110.021
lightbox/images/img005586.jpg,lightbox,1,40326,2,67120,-0.164854,0.494563,0.753619,0.40036,160.219
lightbox/images/img005599.jpg,lightbox,3,03777,1,71035,0.57735,0.80327,0.125511,0.0753066,177.371
lightbox/images/img005603.jpg,lightbox,0,56230,2,07234,-0.302422,-0.0824786,0.879772,-0.357407,119.071
lightbox/images/img005609.jpg,lightbox,2,72140,2,72165,0.272041,0.51935,0.791391,0.173117,11.8592
lightbox/images/img005620.jpg,lightbox,2,55237,2,61605,-0.348062,0.240966,0.856767,0.294514,125.83
lightbox/images/img005627.jpg,lightbox,1,46333,1,61424,-0.40161,0.856767,0.13387,0.294514,23.2516
lightbox/images/img005646.jpg,lightbox,3,74207,2,43645,-0.339413,-0.182761,0.835478,0.39163,100.155
lightbox/images/img005651.jpg,lightbox,0,61270,2,61264,-0.39163,0.339413,0.835478,0.182761,168.54
lightbox/images/img005655.jpg,lightbox,0,24570,1,61746,-0.185826,0.849491,0.292013,0.398199,109.116
lightbox/images/img005662.jpg,lightbox,0,70725,1,24757,-0.448769,0.844742,0.29038,-0.0263982,176.493
lightbox/images/img005667.jpg,lightbox,2,75360,2,15355,0.608545,-0.451501,0.628176,-0.176674,111.86
lightbox/images/img005668.jpg,lightbox,2,50727,1,65334,-0.0758825,0.809414,0.328824,0.480589,179.09
lightbox/images/img005675.jpg,lightbox,0,76123,2,15565,0.541845,-0.541845,0.642187,-0.0200683,108.155
lightbox/images/img005677.jpg,lightbox,1,30472,2,71036,0.538108,0.179369,0.819974,0.0768726,141.245
lightbox/images/img005682.jpg,lightbox,1,07460,1,61643,-0.337577,0.830959,0.285642,0.337577,83.433
lightbox/images/img005692.jpg,lightbox,3,65213,2,53005,0.472205,-0.372793,0.795292,0.0745586,157.613
lightbox/images/img005699.jpg,lightbox,1,06445,1,16351,0.398199,0.849491,-0.185826,-0.292013,131.235
lightbox/images/img005705.jpg,lightbox,3,06713,1,50462,0.0234468,0.750298,-0.58617,0.304808,152.259
lightbox/images/img005709.jpg,lightbox,3,33402,3,65333,-0.0254906,0.38236,0.433341,0.8157,123.077
lightbox/images/img005736.jpg,lightbox,0,05325,0,60275,0.74059,-0.578586,0.300865,0.162004,124.152
lightbox/images/img005737.jpg,lightbox,3,25146,1,61365,-0.140469,0.899004,0.36522,0.196657,156.583
lightbox/images/img005747.jpg,lightbox,0,76027,2,71445,0.473376,0.0249145,0.797264,0.373718,44.2663
lightbox/images/img005754.jpg,lightbox,0,07441,2,60456,-0.60571,0.0673011,0.717879,0.336506,67.6395
lightbox/images/img005776.jpg,lightbox,0,52764,2,52413,0.19245,-0.357407,0.879772,0.247436,169.381
lightbox/images/img005777.jpg,lightbox,2,76453,3,65352,-0.0751175,0.275431,0.525822,0.801253,40.0221
lightbox/images/img005779.jpg,lightbox,2,40714,2,16332,0.345106,-0.0265466,0.849491,-0.398199,134.994
lightbox/images/img005781.jpg,lightbox,3,30324,2,60754,-0.462042,0.218862,0.778177,0.36477,150.353
lightbox/images/img005796.jpg,lightbox,0,07576,1,70745,0.288775,0.840072,0.23627,0.393784,166.625
lightbox/images/img005800.jpg,lightbox,0,42377,3,43647,-0.342224,-0.131625,0.394874,0.842397,170.527
lightbox/images/img005801.jpg,lightbox,0,43603,0,07433,0.910577,-0.2561,-0.2561,-0.199189,54.4952
lightbox/images/img005811.jpg,lightbox,1,70505,1,71411,0.568812,0.791391,0.024731,0.222579,34.6715
lightbox/images/img005817.jpg,lightbox,2,40203,1,52545,0.275431,0.801253,-0.375587,0.375587,84.063
lightbox/images/img005819.jpg,lightbox,2,52225,1,43347,-0.149204,0.954905,-0.149204,0.208885,151.196
lightbox/images/img005825.jpg,lightbox,0,35625,0,04237,0.697136,-0.544638,-0.370354,-0.283212,155.945
lightbox/images/img005840.jpg,lightbox,0,43475,2,73145,0.590455,0.371768,0.699798,0.153081,150.872
lightbox/images/img005853.jpg,lightbox,3,65125,2,65233,-0.223676,0.372793,0.795292,0.422499,67.3098
lightbox/images/img005859.jpg,lightbox,2,65356,2,61725,-0.136641,0.355266,0.8745,0.300609,33.7931
lightbox/images/img005861.jpg,lightbox,3,16607,3,60737,-0.417374,0.368271,0.270066,0.785646,99.5996
lightbox/images/img005863.jpg,lightbox,2,31545,2,15236,0.478883,-0.387667,0.729727,-0.296452,48.7442
lightbox/images/img005867.jpg,lightbox,1,55201,1,51016,0.436459,0.665081,-0.60273,0.0623513,37.5739
lightbox/images/img005885.jpg,lightbox,1,03636,1,27447,-0.329669,0.811493,0.481824,-0.0253592,84.808
lightbox/images/img005890.jpg,lightbox,3,73401,2,51265,0.448458,-0.448458,0.755297,0.165221,142.115
lightbox/images/img005898.jpg,lightbox,0,71765,1,17224,0.440261,0.828726,-0.0776931,-0.33667,101.277
lightbox/images/img005900.jpg,lightbox,0,46010,2,45605,-0.262586,-0.464575,0.646366,0.545371,169.616
lightbox/images/img005906.jpg,lightbox,0,70317,1,71235,0.552814,0.769133,0.31246,0.0721062,56.4539
lightbox/images/img005913.jpg,lightbox,1,55377,1,56430,0.118015,0.755297,-0.259633,0.590076,61.4675
lightbox/images/img005918.jpg,lightbox,2,42461,2,61745,-0.135831,0.244497,0.869321,0.407494,85.5054
lightbox/images/img005930.jpg,lightbox,1,12366,2,76330,0.269723,0.601691,0.663935,0.352715,145.896
lightbox/images/img005936.jpg,lightbox,0,25032,2,17454,0.510678,-0.36477,0.778177,-0.024318,92.214
lightbox/images/img005940.jpg,lightbox,1,43640,2,75010,0.50128,0.0238705,0.763856,0.405798,159.641
lightbox/images/img005946.jpg,lightbox,0,25037,2,47231,-0.240278,-0.0800926,0.854321,0.453858,158.138
lightbox/images/img005957.jpg,lightbox,0,70152,0,30647,0.842397,0.0789747,0.289574,-0.447523,78.9873
lightbox/images/img005961.jpg,lightbox,3,33620,1,60717,-0.431106,0.811493,0.278951,0.278951,139.548
lightbox/images/img005977.jpg,lightbox,3,70164,1,53010,0.510678,0.778177,-0.36477,0.024318,158.502
lightbox/images/img005999.jpg,lightbox,3,45133,2,53745,0.599704,-0.155479,0.71076,0.333169,107.729
lightbox/images/img006002.jpg,lightbox,3,41421,2,71535,0.671537,0.108312,0.6932,0.238287,173.821
lightbox/images/img006007.jpg,lightbox,2,25446,2,06731,-0.459124,-0.0810219,0.864234,-0.189051,24.8061
lightbox/images/img006016.jpg,lightbox,0,26210,2,42261,-0.665481,-0.0688428,0.734324,0.114738,172.207
lightbox/images/img006048.jpg,lightbox,3,63201,2,56233,0.189605,-0.0270864,0.866766,0.46047,144.844
lightbox/images/img006054.jpg,lightbox,0,21657,0,14676,0.8745,0.136641,-0.464578,-0.0273281,111.786
lightbox/images/img006055.jpg,lightbox,3,72445,2,51235,0.524491,-0.433275,0.729727,0.0684119,160.387
lightbox/images/img006058.jpg,lightbox,3,34375,2,35417,0.57735,0.0753066,0.80327,-0.125511,173.737
lightbox/images/img006061.jpg,lightbox,0,16726,0,07736,0.983336,-0.0921878,-0.0307293,-0.153646,39.9448
lightbox/images/img006062.jpg,lightbox,0,50327,0,67003,0.745396,-0.302817,0.442579,0.395992,137.497
lightbox/images/img006067.jpg,lightbox,0,72125,2,60745,-0.499011,0.213862,0.760398,0.356436,172.209
lightbox/images/img006068.jpg,lightbox,0,64310,0,05275,0.813589,-0.228822,-0.483068,-0.228822,114.478
lightbox/images/img006074.jpg,lightbox,2,27102,1,61235,-0.251263,0.893381,0.362936,0.0837545,86.7976
lightbox/images/img006075.jpg,lightbox,1,37024,1,70215,0.205262,0.93834,0.263908,0.0879694,62.6719
lightbox/images/img006082.jpg,lightbox,3,56203,2,63735,-0.0224337,0.650578,0.717879,0.246771,128.831
lightbox/images/img006087.jpg,lightbox,0,64107,1,34537,0.412393,0.879772,0.19245,-0.137464,159.486
lightbox/images/img006091.jpg,lightbox,2,52556,2,61457,-0.245953,0.0819844,0.8745,0.409922,83.3797
lightbox/images/img006106.jpg,lightbox,0,07464,2,60030,-0.640141,0.118545,0.758686,0.0237089,68.8008
lightbox/images/img006116.jpg,lightbox,3,21030,1,42351,-0.456468,0.859235,-0.187958,0.134255,132.92
lightbox/images/img006125.jpg,lightbox,3,54302,0,64373,0.719328,-0.382143,0.337185,0.472059,70.2171
lightbox/images/img006144.jpg,lightbox,1,32406,1,52455,0.179369,0.819974,-0.384363,0.384363,148.585
lightbox/images/img006149.jpg,lightbox,3,43223,3,34245,0.0867835,0.260351,-0.260351,0.925691,73.3871
lightbox/images/img006150.jpg,lightbox,2,25226,2,61747,-0.13387,0.294514,0.856767,0.40161,88.3156
lightbox/images/img006156.jpg,lightbox,2,56733,1,60775,-0.411464,0.774521,0.314649,0.363057,150.075
lightbox/images/img006158.jpg,lightbox,3,51405,0,61635,0.856767,-0.240966,0.348062,0.294514,83.595
lightbox/images/img006159.jpg,lightbox,2,21702,1,61745,-0.135831,0.869321,0.244497,0.407494,153.913
lightbox/images/img006160.jpg,lightbox,2,43002,2,74225,0.0758825,0.328824,0.809414,0.480589,113.348
lightbox/images/img006161.jpg,lightbox,0,41412,1,74035,0.183261,0.837765,0.130901,0.497423,175.042
lightbox/images/img006168.jpg,lightbox,0,45531,1,71445,0.473376,0.797264,0.0249145,0.373718,125.258
lightbox/images/img006169.jpg,lightbox,2,22136,1,17234,0.518084,0.789462,-0.0740121,-0.320719,146.112
lightbox/images/img006188.jpg,lightbox,3,43315,2,56235,0.184274,-0.0789747,0.842397,0.500173,106.166
lightbox/images/img006189.jpg,lightbox,2,32432,2,35245,0.483068,0.228822,0.813589,-0.228822,60.7089
lightbox/images/img006203.jpg,lightbox,3,41551,2,17553,0.666551,-0.279521,0.688053,-0.0645049,139.891
lightbox/images/img006207.jpg,lightbox,1,36642,2,73242,0.37392,0.593873,0.703849,0.109976,48.4852
lightbox/images/img006215.jpg,lightbox,3,65312,2,61653,-0.240966,0.294514,0.856767,0.348062,75.9082
lightbox/images/img006217.jpg,lightbox,2,02314,0,02766,0.745396,-0.535754,-0.0232936,-0.395992,178.549
lightbox/images/img006221.jpg,lightbox,0,55766,1,61117,-0.0309641,0.99085,0.0928922,0.0928922,124.853
lightbox/images/img006222.jpg,lightbox,1,07135,1,73205,0.422849,0.712167,0.55638,0.0667657,131.056
lightbox/images/img006224.jpg,lightbox,3,07577,2,43222,-0.424094,-0.028273,0.904735,0.028273,178.82
lightbox/images/img006226.jpg,lightbox,0,34051,2,61036,-0.317146,0.20182,0.922608,0.0864945,154.143
lightbox/images/img006228.jpg,lightbox,1,07136,1,43216,-0.320358,0.931951,-0.145617,0.0873704,62.9246
lightbox/images/img006234.jpg,lightbox,3,53056,3,41247,-0.316885,-0.511891,0.17063,0.780024,101.28
lightbox/images/img006237.jpg,lightbox,3,25060,1,25636,-0.294514,0.856767,0.40161,-0.13387,179.475
lightbox/images/img006255.jpg,lightbox,1,75530,1,34254,0.143681,0.919555,0.258625,-0.258625,109.983
lightbox/images/img006262.jpg,lightbox,2,41464,2,15066,0.378339,-0.55638,0.712167,-0.200297,105.977
lightbox/images/img006286.jpg,lightbox,2,24773,2,61655,-0.239596,0.239596,0.851896,0.399326,60.1112
lightbox/images/img006289.jpg,lightbox,2,27536,2,43252,-0.318206,-0.144639,0.925691,0.144639,98.7778
lightbox/images/img006293.jpg,lightbox,3,35551,2,61637,-0.23627,0.393784,0.840072,0.288775,179.624
lightbox/images/img006297.jpg,lightbox,2,05554,2,70134,0.371126,0.142741,0.91354,0.0856444,115.523
lightbox/images/img006315.jpg,lightbox,2,67701,1,56235,0.184274,0.842397,-0.0789747,0.500173,101.956
lightbox/images/img006329.jpg,lightbox,1,70553,2,74333,0.357244,0.357244,0.762121,0.404877,102.527
lightbox/images/img006333.jpg,lightbox,1,03237,1,47222,-0.38236,0.8157,-0.0254906,0.433341,136.064
lightbox/images/img006350.jpg,lightbox,2,03467,2,35443,0.507253,0.0800926,0.854321,-0.0800926,116.049
lightbox/images/img006354.jpg,lightbox,1,65343,2,50216,0.129142,-0.542398,0.826512,0.0774855,159.007
lightbox/images/img006360.jpg,lightbox,2,54556,1,64245,-0.582922,0.643224,0.180907,0.462317,167.414
lightbox/images/img006364.jpg,lightbox,2,60171,2,64132,-0.457732,0.168638,0.770916,0.409549,36.1413
lightbox/images/img006366.jpg,lightbox,0,63105,2,53645,0.466477,-0.17186,0.785646,0.368271,70.4046
lightbox/images/img006397.jpg,lightbox,0,17600,1,07307,-0.141819,0.907642,-0.141819,-0.368729,136.147
lightbox/images/img006414.jpg,lightbox,2,16131,1,61334,-0.0862083,0.919555,0.373569,0.0862083,177.43
lightbox/images/img006417.jpg,lightbox,1,14534,1,25352,-0.0840168,0.896179,0.308062,-0.308062,124.596
lightbox/images/img006425.jpg,lightbox,2,60127,2,60705,-0.514341,0.220432,0.783758,0.269417,24.9527
lightbox/images/img006448.jpg,lightbox,1,25546,2,63345,-0.120456,0.602279,0.770916,0.168638,95.39
lightbox/images/img006454.jpg,lightbox,0,20050,1,52545,0.275431,0.801253,-0.375587,0.375587,124.325
lightbox/images/img006455.jpg,lightbox,3,52606,1,61242,-0.40161,0.856767,0.294514,0.13387,173.811
lightbox/images/img006456.jpg,lightbox,2,33566,2,61417,-0.2561,0.0853666,0.910577,0.313011,133.762
lightbox/images/img006463.jpg,lightbox,1,25211,0,14256,0.80735,0.126148,-0.529823,-0.227067,163.01
lightbox/images/img006482.jpg,lightbox,2,45013,1,76015,0.168638,0.770916,0.409549,0.457732,172.65
lightbox/images/img006484.jpg,lightbox,3,57147,1,50765,0.264389,0.769133,-0.456673,0.360531,176.714
lightbox/images/img006485.jpg,lightbox,2,42456,1,42745,-0.503581,0.767362,-0.16786,0.359701,171.324
lightbox/images/img006508.jpg,lightbox,3,16721,1,61637,-0.23627,0.840072,0.393784,0.288775,172.428
lightbox/images/img006509.jpg,lightbox,2,45020,2,42742,-0.550277,-0.119625,0.765603,0.311026,60.9176
lightbox/images/img006515.jpg,lightbox,1,75246,1,51265,0.448458,0.755297,-0.448458,0.165221,93.2388
lightbox/images/img006519.jpg,lightbox,0,60546,2,06305,-0.511891,-0.17063,0.780024,-0.316885,136.091
lightbox/images/img006525.jpg,lightbox,2,70503,2,75240,0.396854,0.210099,0.74702,0.490232,35.1839
lightbox/images/img006527.jpg,lightbox,0,16265,1,16651,0.208145,0.951522,-0.208145,-0.0892052,142.374
lightbox/images/img006528.jpg,lightbox,2,66150,2,60735,-0.424602,0.324696,0.799251,0.274743,23.3193
lightbox/images/img006532.jpg,lightbox,0,41476,1,41645,-0.294619,0.725215,-0.521249,0.339945,176.612
lightbox/images/img006548.jpg,lightbox,0,61535,0,06356,0.828726,-0.492056,-0.129488,-0.233079,94.2605
lightbox/images/img006567.jpg,lightbox,3,37002,0,34352,0.844742,0.343176,0.29038,-0.29038,161.553
lightbox/images/img006569.jpg,lightbox,1,50035,1,14746,0.228822,0.813589,-0.533917,-0.0254246,18.8126
lightbox/images/img006597.jpg,lightbox,2,51765,2,66010,-0.559233,0.35211,0.662794,0.35211,167.849
lightbox/images/img006601.jpg,lightbox,3,73060,0,17034,0.763856,0.50128,-0.262575,-0.310316,144.194
lightbox/images/img006607.jpg,lightbox,0,55277,0,00363,0.642187,-0.421435,-0.341162,-0.541845,169.509
lightbox/images/img006610.jpg,lightbox,1,11136,1,70755,0.380387,0.811493,0.228232,0.380387,138.753
lightbox/images/img006614.jpg,lightbox,0,37060,0,37053,0.709362,0.509854,0.421184,-0.243843,13.0307
lightbox/images/img006615.jpg,lightbox,1,13663,1,60745,-0.499011,0.760398,0.213862,0.356436,158.181
lightbox/images/img006616.jpg,lightbox,3,16056,2,53050,0.507093,-0.362209,0.772712,0.120736,169.091
lightbox/images/img006632.jpg,lightbox,0,61641,0,60275,0.74059,-0.578586,0.300865,0.162004,40.1404
lightbox/images/img006634.jpg,lightbox,0,74116,2,53447,0.45047,-0.308216,0.758686,0.355634,118.925
lightbox/images/img006647.jpg,lightbox,0,07506,1,63576,-0.0709674,0.756986,0.544084,0.354837,123.708
lightbox/images/img006664.jpg,lightbox,3,75242,1,60755,-0.422499,0.795292,0.223676,0.372793,130.994
lightbox/images/img006665.jpg,lightbox,1,53424,1,53461,0.464244,0.781884,-0.268773,0.317641,9.21204
lightbox/images/img006668.jpg,lightbox,2,00427,2,53006,0.440261,-0.33667,0.828726,0.0776931,135.902
lightbox/images/img006671.jpg,lightbox,2,04137,2,51212,0.480888,-0.480888,0.732782,0.0228994,106.926
lightbox/images/img006673.jpg,lightbox,3,41654,2,75143,0.57525,0.0639167,0.681778,0.447417,137.118
lightbox/images/img006674.jpg,lightbox,3,02342,2,62151,-0.421459,0.421459,0.793334,0.123958,155.915
lightbox/images/img006679.jpg,lightbox,2,05736,2,07532,-0.0879694,-0.263908,0.93834,-0.205262,26.1544
lightbox/images/img006684.jpg,lightbox,3,21440,0,34137,0.835478,0.39163,0.182761,-0.339413,98.0271
lightbox/images/img006686.jpg,lightbox,2,12324,2,37103,0.558276,0.392861,0.66166,-0.310153,79.9625
lightbox/images/img006696.jpg,lightbox,3,20355,3,32724,0.184211,0.59357,-0.429826,0.654974,82.3314
lightbox/images/img006704.jpg,lightbox,0,56063,2,17065,0.476942,-0.276124,0.80327,-0.22592,172.151
lightbox/images/img006709.jpg,lightbox,0,35276,1,53445,0.443543,0.74702,-0.350165,0.350165,117.291
lightbox/images/img006711.jpg,lightbox,3,16212,1,07334,-0.0862083,0.919555,-0.0862083,-0.373569,125.982
lightbox/images/img006727.jpg,lightbox,0,24444,2,65140,-0.179842,0.0256917,0.822136,0.539527,164.746
lightbox/images/img006733.jpg,lightbox,0,60106,2,63236,-0.239187,0.674072,0.695817,0.0652328,115.593
lightbox/images/img006736.jpg,lightbox,2,50214,2,70435,0.200492,0.143208,0.916533,0.315058,91.7017
sunlamp/images/img000005.jpg,sunlamp,3,57537,1,04556,-0.402618,0.678094,-0.614523,-0.0211904,95.1873
sunlamp/images/img000022.jpg,sunlamp,3,70166,1,07452,-0.302422,0.879772,-0.357407,-0.0824786,176.658
sunlamp/images/img000030.jpg,sunlamp,0,42170,1,60152,-0.504385,0.849491,0.0796398,0.132733,65.758
sunlamp/images/img000031.jpg,sunlamp,2,70435,1,43252,-0.318206,0.925691,-0.144639,0.144639,176.863
sunlamp/images/img000033.jpg,sunlamp,3,07240,3,21052,-0.253494,0.0691347,-0.622212,0.737437,53.1036
sunlamp/images/img000034.jpg,sunlamp,1,07625,1,32466,0.0232936,0.745396,0.535754,-0.395992,93.5723
sunlamp/images/img000039.jpg,sunlamp,3,24006,1,07756,-0.0921878,0.983336,-0.153646,-0.0307293,163.119
sunlamp/images/img000040.jpg,sunlamp,1,25003,1,42757,-0.430001,0.809414,-0.126471,0.379413,96.5938
sunlamp/images/img000043.jpg,sunlamp,0,61033,1,24551,-0.467379,0.879772,0.0274929,-0.0824786,97.6792
sunlamp/images/img000045.jpg,sunlamp,1,04567,1,24056,-0.628928,0.745396,0.0698809,-0.209643,76.5288
sunlamp/images/img000052.jpg,sunlamp,3,33145,1,02756,-0.460953,0.776342,-0.121303,-0.412432,159.422
sunlamp/images/img000054.jpg,sunlamp,0,47712,1,24562,-0.573034,0.797264,0.174402,-0.0747435,112.767
sunlamp/images/img000060.jpg,sunlamp,3,17034,1,42367,-0.539527,0.822136,-0.0256917,0.179842,140.684
sunlamp/images/img000062.jpg,sunlamp,2,45643,1,27456,-0.283358,0.824315,0.489437,-0.0257599,177.816
sunlamp/images/img000066.jpg,sunlamp,3,52624,1,43252,-0.318206,0.925691,-0.144639,0.144639,179.343
sunlamp/images/img000072.jpg,sunlamp,3,27451,1,03457,-0.227648,0.809414,-0.328824,-0.430001,170.244
sunlamp/images/img000074.jpg,sunlamp,2,74303,1,42352,-0.501565,0.844742,-0.131991,0.131991,175.324
sunlamp/images/img000076.jpg,sunlamp,3,42321,1,34242,0.0280939,0.899004,0.309033,-0.309033,137.858
sunlamp/images/img000078.jpg,sunlamp,0,00352,0,03467,0.809414,-0.328824,-0.227648,-0.430001,33.2319
sunlamp/images/img000079.jpg,sunlamp,2,14634,1,43352,-0.0911606,0.972379,-0.151934,0.151934,98.3656
sunlamp/images/img000081.jpg,sunlamp,3,25337,3,21522,-0.172276,0.172276,-0.566049,0.787547,41.1387
sunlamp/images/img000084.jpg,sunlamp,1,02172,1,03437,-0.223125,0.793334,-0.223125,-0.520626,25.2616
sunlamp/images/img000089.jpg,sunlamp,2,64141,1,24331,-0.411464,0.774521,0.314649,-0.363057,149.656
sunlamp/images/img000096.jpg,sunlamp,2,06756,1,43263,-0.372342,0.916533,-0.0286417,0.143208,173.517
sunlamp/images/img000097.jpg,sunlamp,2,27217,1,43256,-0.315058,0.916533,-0.143208,0.200492,127.288
sunlamp/images/img000098.jpg,sunlamp,1,75426,1,21472,-0.278951,0.811493,0.177514,-0.481824,154.938
sunlamp/images/img000099.jpg,sunlamp,0,07524,0,07466,0.877124,-0.411152,-0.246691,-0.0274101,26.6315
sunlamp/images/img000104.jpg,sunlamp,1,41426,1,43052,-0.300609,0.8745,-0.355266,0.136641,34.0776
sunlamp/images/img000105.jpg,sunlamp,2,12165,0,42357,0.859235,-0.456468,-0.134255,0.187958,161.689
sunlamp/images/img000106.jpg,sunlamp,1,52145,1,52054,0.137464,0.879772,-0.412393,0.19245,20.5114
sunlamp/images/img000107.jpg,sunlamp,3,62600,1,07256,-0.311003,0.904735,-0.141365,-0.254457,127.967
sunlamp/images/img000114.jpg,sunlamp,0,61327,1,03542,-0.174836,0.799251,-0.324696,-0.474555,125.856
sunlamp/images/img000116.jpg,sunlamp,1,76262,1,24352,-0.471042,0.793334,0.272709,-0.272709,110.827
sunlamp/images/img000117.jpg,sunlamp,2,04005,1,03552,-0.0758825,0.809414,-0.328824,-0.480589,120.153
sunlamp/images/img000118.jpg,sunlamp,2,06313,1,24532,-0.493382,0.830959,0.181772,-0.181772,140.483
sunlamp/images/img000122.jpg,sunlamp,0,60141,0,07466,0.877124,-0.411152,-0.246691,-0.0274101,37.3068
sunlamp/images/img000124.jpg,sunlamp,0,75536,1,21752,-0.0770752,0.822136,0.282609,-0.488143,156.999
sunlamp/images/img000126.jpg,sunlamp,1,71357,1,30467,0.0810219,0.864234,0.189051,-0.459124,100.407
sunlamp/images/img000128.jpg,sunlamp,0,24133,3,43553,-0.0270864,-0.352124,0.352124,0.866766,163.744
sunlamp/images/img000136.jpg,sunlamp,0,57735,1,34162,0.25205,0.896179,0.196039,-0.308062,119.792
sunlamp/images/img000140.jpg,sunlamp,3,34422,3,03576,-0.0800926,-0.240278,-0.453858,0.854321,60.0876
sunlamp/images/img000141.jpg,sunlamp,2,43142,1,43252,-0.318206,0.925691,-0.144639,0.144639,132.805
sunlamp/images/img000142.jpg,sunlamp,3,12602,3,21052,-0.253494,0.0691347,-0.622212,0.737437,40.5024
sunlamp/images/img000144.jpg,sunlamp,2,61522,1,24552,-0.507253,0.854321,0.0800926,-0.0800926,140.912
sunlamp/images/img000148.jpg,sunlamp,1,06760,1,03657,-0.238919,0.849491,-0.132733,-0.451292,59.9937
sunlamp/images/img000149.jpg,sunlamp,2,41024,1,43252,-0.318206,0.925691,-0.144639,0.144639,110.731
sunlamp/images/img000158.jpg,sunlamp,0,73646,1,42552,-0.457732,0.770916,-0.313185,0.313185,168.785
sunlamp/images/img000160.jpg,sunlamp,1,34156,1,24532,-0.493382,0.830959,0.181772,-0.181772,105.106
sunlamp/images/img000161.jpg,sunlamp,0,35247,2,30651,0.179842,0.231226,0.822136,-0.488143,107.163
sunlamp/images/img000165.jpg,sunlamp,2,72034,1,21567,-0.134255,0.859235,0.187958,-0.456468,108.4
sunlamp/images/img000167.jpg,sunlamp,3,46627,1,42752,-0.478148,0.805302,-0.125828,0.327154,132.545
sunlamp/images/img000176.jpg,sunlamp,2,63702,1,41512,-0.0678497,0.72373,-0.65588,0.203549,176.114
sunlamp/images/img000177.jpg,sunlamp,2,12767,1,03657,-0.238919,0.849491,-0.132733,-0.451292,178.643
sunlamp/images/img000178.jpg,sunlamp,3,27130,1,24052,-0.622212,0.737437,0.0691347,-0.253494,156.321
sunlamp/images/img000179.jpg,sunlamp,2,16555,1,27434,-0.27406,0.797264,0.523205,-0.124573,175.396
sunlamp/images/img000181.jpg,sunlamp,3,70612,1,42532,-0.483068,0.813589,-0.228822,0.228822,140.771
sunlamp/images/img000182.jpg,sunlamp,0,31077,1,30064,0.0244339,0.781884,0.122169,-0.610847,86.1458
sunlamp/images/img000196.jpg,sunlamp,1,51424,1,03657,-0.238919,0.849491,-0.132733,-0.451292,123.117
sunlamp/images/img000197.jpg,sunlamp,1,72175,1,30467,0.0810219,0.864234,0.189051,-0.459124,88.2582
sunlamp/images/img000198.jpg,sunlamp,1,44761,0,43653,0.887862,-0.249711,-0.138728,0.360694,148.905
sunlamp/images/img000200.jpg,sunlamp,2,37371,1,34056,0.148152,0.948174,0.0888913,-0.266674,92.6524
sunlamp/images/img000203.jpg,sunlamp,2,07530,1,34062,0.0289278,0.925691,0.202495,-0.318206,176.284
sunlamp/images/img000206.jpg,sunlamp,1,73000,1,52252,0.150824,0.965275,-0.150824,0.150824,78.0885
sunlamp/images/img000207.jpg,sunlamp,0,22321,1,42246,-0.683177,0.705215,-0.11019,0.154266,78.3984
sunlamp/images/img000208.jpg,sunlamp,2,52734,1,42256,-0.631676,0.748653,-0.116977,0.163768,137.382
sunlamp/images/img000213.jpg,sunlamp,1,47225,1,43254,-0.312002,0.907642,-0.198547,0.198547,34.6448
sunlamp/images/img000214.jpg,sunlamp,1,07340,1,21656,-0.278951,0.811493,0.278951,-0.431106,61.1659
sunlamp/images/img000219.jpg,sunlamp,2,35602,1,43452,-0.285642,0.830959,-0.337577,0.337577,154.211
sunlamp/images/img000220.jpg,sunlamp,2,34150,1,03747,-0.135432,0.866766,-0.135432,-0.46047,179.576
sunlamp/images/img000227.jpg,sunlamp,3,34161,1,30467,0.0810219,0.864234,0.189051,-0.459124,142.734
sunlamp/images/img000228.jpg,sunlamp,2,52241,1,27562,-0.174402,0.797264,0.573034,-0.0747435,140.656
sunlamp/images/img000233.jpg,sunlamp,0,52642,1,21657,-0.231226,0.822136,0.282609,-0.43676,135.611
sunlamp/images/img000235.jpg,sunlamp,3,61555,3,53032,0.533917,-0.228822,0.0254246,0.813589,86.1725
sunlamp/images/img000237.jpg,sunlamp,1,10644,1,23567,-0.115717,0.74059,0.532299,-0.393438,128.884
sunlamp/images/img000239.jpg,sunlamp,0,65451,1,43642,-0.394874,0.842397,-0.131625,0.342224,153.65
sunlamp/images/img000241.jpg,sunlamp,2,77475,1,27066,-0.347898,0.742182,0.533443,-0.208739,139.455
sunlamp/images/img000247.jpg,sunlamp,3,35322,1,07256,-0.311003,0.904735,-0.141365,-0.254457,178.843
sunlamp/images/img000252.jpg,sunlamp,1,65333,1,42552,-0.457732,0.770916,-0.313185,0.313185,94.9253
sunlamp/images/img000254.jpg,sunlamp,0,16462,1,42265,-0.661315,0.729727,-0.0684119,0.159628,104.966
sunlamp/images/img000255.jpg,sunlamp,1,03063,1,24257,-0.581081,0.743784,0.255676,-0.209189,77.2524
sunlamp/images/img000256.jpg,sunlamp,0,25330,0,34066,0.941584,0.0294245,0.205971,-0.26482,28.7621
sunlamp/images/img000257.jpg,sunlamp,3,34573,1,24552,-0.507253,0.854321,0.0800926,-0.0800926,166.913
sunlamp/images/img000260.jpg,sunlamp,2,75042,1,03667,-0.337577,0.830959,-0.0259675,-0.441447,142.574
sunlamp/images/img000261.jpg,sunlamp,2,43225,1,24356,-0.476942,0.80327,0.276124,-0.22592,139.531
sunlamp/images/img000262.jpg,sunlamp,0,23555,0,42356,0.837765,-0.497423,-0.130901,0.183261,115.448
sunlamp/images/img000267.jpg,sunlamp,1,60525,1,07256,-0.311003,0.904735,-0.141365,-0.254457,75.1657
sunlamp/images/img000272.jpg,sunlamp,3,42237,1,24532,-0.493382,0.830959,0.181772,-0.181772,161.677
sunlamp/images/img000273.jpg,sunlamp,0,41672,1,43467,-0.33577,0.826512,-0.232456,0.387427,147.395
sunlamp/images/img000274.jpg,sunlamp,3,25537,3,43352,-0.0911606,-0.151934,0.151934,0.972379,57.4025
sunlamp/images/img000277.jpg,sunlamp,3,31733,0,30737,0.73125,0.342773,0.342773,-0.479882,168.831
sunlamp/images/img000278.jpg,sunlamp,0,00151,1,24052,-0.622212,0.737437,0.0691347,-0.253494,120.39
sunlamp/images/img000280.jpg,sunlamp,2,24511,1,43356,-0.090167,0.961781,-0.150278,0.21039,165.558
sunlamp/images/img000282.jpg,sunlamp,2,06747,1,43252,-0.318206,0.925691,-0.144639,0.144639,170.423
sunlamp/images/img000283.jpg,sunlamp,3,06533,1,42352,-0.501565,0.844742,-0.131991,0.131991,162.257
sunlamp/images/img000291.jpg,sunlamp,2,40717,1,43472,-0.294514,0.856767,-0.240966,0.348062,134.252
sunlamp/images/img000297.jpg,sunlamp,1,47453,1,21632,-0.252424,0.734324,0.344214,-0.527795,164.718
sunlamp/images/img000298.jpg,sunlamp,0,36446,3,43253,-0.26482,-0.147122,0.147122,0.941584,160.005
sunlamp/images/img000307.jpg,sunlamp,3,41354,1,42651,-0.578586,0.74059,-0.162004,0.300865,160.21
sunlamp/images/img000315.jpg,sunlamp,2,64362,1,04277,-0.55638,0.712167,-0.378339,-0.200297,161.948
sunlamp/images/img000317.jpg,sunlamp,3,25212,1,21451,-0.234978,0.835478,0.0261087,-0.496065,169.131
sunlamp/images/img000318.jpg,sunlamp,0,01272,1,42552,-0.457732,0.770916,-0.313185,0.313185,110.537
sunlamp/images/img000319.jpg,sunlamp,1,61570,1,43256,-0.315058,0.916533,-0.143208,0.200492,50.5792
sunlamp/images/img000320.jpg,sunlamp,2,35663,1,43252,-0.318206,0.925691,-0.144639,0.144639,173.668
sunlamp/images/img000323.jpg,sunlamp,3,61463,1,34254,0.143681,0.919555,0.258625,-0.258625,177.16
sunlamp/images/img000324.jpg,sunlamp,3,23450,1,24362,-0.527795,0.734324,0.344214,-0.252424,168.626
sunlamp/images/img000333.jpg,sunlamp,0,53032,2,03467,-0.328824,-0.227648,0.809414,-0.430001,109.607
sunlamp/images/img000335.jpg,sunlamp,3,21542,1,07462,-0.409922,0.8745,-0.245953,-0.0819844,156.891
sunlamp/images/img000340.jpg,sunlamp,1,36140,1,43352,-0.0911606,0.972379,-0.151934,0.151934,95.1057
sunlamp/images/img000341.jpg,sunlamp,3,32034,1,03766,-0.189605,0.866766,-0.0270864,-0.46047,174.171
sunlamp/images/img000342.jpg,sunlamp,2,47114,1,24552,-0.507253,0.854321,0.0800926,-0.0800926,149.616
sunlamp/images/img000343.jpg,sunlamp,3,14335,1,04357,-0.396854,0.74702,-0.490232,-0.210099,119.871
sunlamp/images/img000345.jpg,sunlamp,1,57302,1,21552,-0.0800926,0.854321,0.0800926,-0.507253,135.923
sunlamp/images/img000346.jpg,sunlamp,2,73622,1,43256,-0.315058,0.916533,-0.143208,0.200492,129.546
sunlamp/images/img000348.jpg,sunlamp,3,16444,0,43557,0.849491,-0.0265466,-0.345106,0.398199,132.515
sunlamp/images/img000349.jpg,sunlamp,2,46125,1,42552,-0.457732,0.770916,-0.313185,0.313185,170.026
sunlamp/images/img000351.jpg,sunlamp,2,26100,2,21466,-0.376533,0.175715,0.80327,-0.426737,32.1027
sunlamp/images/img000352.jpg,sunlamp,1,16375,1,43156,-0.0848189,0.904735,-0.367549,0.197911,87.1652
sunlamp/images/img000353.jpg,sunlamp,1,12645,1,14627,0.0817405,0.871899,-0.463196,-0.136234,50.5862
sunlamp/images/img000356.jpg,sunlamp,2,50365,1,43251,-0.262111,0.931951,-0.203864,0.145617,99.2154
sunlamp/images/img000358.jpg,sunlamp,0,31411,1,03266,-0.34641,0.739008,-0.023094,-0.57735,130.186
sunlamp/images/img000359.jpg,sunlamp,0,51241,1,21756,-0.0789747,0.842397,0.289574,-0.447523,167.899
sunlamp/images/img000360.jpg,sunlamp,1,21701,2,21462,-0.368271,0.17186,0.785646,-0.466477,105.943
sunlamp/images/img000361.jpg,sunlamp,2,42162,1,21632,-0.252424,0.734324,0.344214,-0.527795,159.514
sunlamp/images/img000363.jpg,sunlamp,1,15663,1,52422,0.0290252,0.928805,-0.261226,0.261226,68.2711
sunlamp/images/img000364.jpg,sunlamp,0,53171,1,03267,-0.304808,0.750298,-0.0234468,-0.58617,153.407
sunlamp/images/img000365.jpg,sunlamp,3,52512,1,07462,-0.409922,0.8745,-0.245953,-0.0819844,112.222
sunlamp/images/img000375.jpg,sunlamp,1,75267,1,24356,-0.476942,0.80327,0.276124,-0.22592,142.142
sunlamp/images/img000376.jpg,sunlamp,2,72074,1,43277,-0.26482,0.941584,-0.0294245,0.205971,120.657
sunlamp/images/img000377.jpg,sunlamp,3,02046,3,03257,-0.214834,-0.119352,-0.596762,0.763856,51.2009
sunlamp/images/img000379.jpg,sunlamp,2,70103,1,43255,-0.259483,0.922608,-0.20182,0.20182,160.348
sunlamp/images/img000380.jpg,sunlamp,2,27501,1,50262,0.0273281,0.8745,-0.464578,0.136641,177.456
sunlamp/images/img000382.jpg,sunlamp,1,14664,1,52252,0.150824,0.965275,-0.150824,0.150824,46.5073
sunlamp/images/img000383.jpg,sunlamp,3,70317,0,24652,0.737437,-0.622212,0.253494,-0.0691347,173.086
sunlamp/images/img000384.jpg,sunlamp,0,25071,1,34062,0.0289278,0.925691,0.202495,-0.318206,170.268
sunlamp/images/img000386.jpg,sunlamp,0,06334,1,03464,-0.368271,0.785646,-0.270066,-0.417374,118.15
sunlamp/images/img000388.jpg,sunlamp,0,05336,2,17266,0.455158,-0.026774,0.856767,-0.240966,172.441
sunlamp/images/img000389.jpg,sunlamp,2,37126,0,07377,0.961781,-0.0300557,-0.0300557,-0.270501,116.305
sunlamp/images/img000394.jpg,sunlamp,2,50461,1,27526,-0.173542,0.793334,0.570209,-0.123958,165.639
sunlamp/images/img000395.jpg,sunlamp,0,13460,1,30466,0.0270864,0.866766,0.189605,-0.46047,118.008
sunlamp/images/img000397.jpg,sunlamp,0,27566,1,42352,-0.501565,0.844742,-0.131991,0.131991,100.315
sunlamp/images/img000398.jpg,sunlamp,1,52163,1,43252,-0.318206,0.925691,-0.144639,0.144639,72.6722
sunlamp/images/img000399.jpg,sunlamp,3,34565,1,03462,-0.36477,0.778177,-0.218862,-0.462042,129.719
sunlamp/images/img000401.jpg,sunlamp,2,27750,1,34562,0.263908,0.93834,0.205262,-0.0879694,87.6163
sunlamp/images/img000402.jpg,sunlamp,3,70507,1,43457,-0.232456,0.826512,-0.33577,0.387427,154.655
sunlamp/images/img000404.jpg,sunlamp,3,36472,0,42337,0.879772,-0.467379,-0.0274929,0.0824786,168.493
sunlamp/images/img000407.jpg,sunlamp,2,43754,1,27552,-0.0800926,0.854321,0.507253,-0.0800926,150.443
sunlamp/images/img000409.jpg,sunlamp,1,74300,1,43462,-0.387427,0.826512,-0.232456,0.33577,90.8373
sunlamp/images/img000411.jpg,sunlamp,3,30140,2,02562,-0.51494,-0.201498,0.716438,-0.425385,58.7106
sunlamp/images/img000412.jpg,sunlamp,1,42715,1,43432,-0.304267,0.88514,-0.248946,0.248946,18.119
sunlamp/images/img000419.jpg,sunlamp,1,01260,1,24057,-0.599501,0.767362,0.0719402,-0.215821,73.6771
sunlamp/images/img000423.jpg,sunlamp,3,62353,0,24732,0.785646,-0.466477,0.368271,-0.17186,97.0348
sunlamp/images/img000425.jpg,sunlamp,1,72026,1,43252,-0.318206,0.925691,-0.144639,0.144639,97.1316
sunlamp/images/img000426.jpg,sunlamp,3,03756,0,07436,0.904735,-0.311003,-0.254457,-0.141365,178.118
sunlamp/images/img000429.jpg,sunlamp,3,63030,1,30467,0.0810219,0.864234,0.189051,-0.459124,172.95
sunlamp/images/img000432.jpg,sunlamp,1,34161,1,07554,-0.084549,0.901856,-0.422745,-0.028183,87.8227
sunlamp/images/img000436.jpg,sunlamp,1,21524,1,23567,-0.115717,0.74059,0.532299,-0.393438,49.9015
sunlamp/images/img000439.jpg,sunlamp,0,43526,1,21457,-0.240278,0.854321,0.0800926,-0.453858,115.031
sunlamp/images/img000440.jpg,sunlamp,0,15271,1,70675,0.182761,0.835478,0.339413,0.39163,141.136
sunlamp/images/img000442.jpg,sunlamp,2,17106,1,24062,-0.667787,0.689329,0.150791,-0.236957,133.621
sunlamp/images/img000443.jpg,sunlamp,2,05772,1,43254,-0.312002,0.907642,-0.198547,0.198547,110.333
sunlamp/images/img000449.jpg,sunlamp,0,46102,1,43452,-0.285642,0.830959,-0.337577,0.337577,132.647
sunlamp/images/img000451.jpg,sunlamp,1,06633,1,04566,-0.492719,0.685522,-0.535564,-0.0214226,65.2271
sunlamp/images/img000452.jpg,sunlamp,2,27735,1,21576,-0.0810219,0.864234,0.189051,-0.459124,79.7485
sunlamp/images/img000458.jpg,sunlamp,0,06331,1,30461,0.0796398,0.849491,0.132733,-0.504385,164.514
sunlamp/images/img000461.jpg,sunlamp,3,73103,1,03437,-0.223125,0.793334,-0.223125,-0.520626,160.275
sunlamp/images/img000464.jpg,sunlamp,0,52630,1,43462,-0.387427,0.826512,-0.232456,0.33577,166.363
sunlamp/images/img000466.jpg,sunlamp,2,40331,1,34054,0.148675,0.951522,0.0297351,-0.267615,120.901
sunlamp/images/img000478.jpg,sunlamp,0,25511,1,24552,-0.507253,0.854321,0.0800926,-0.0800926,123.666
sunlamp/images/img000479.jpg,sunlamp,0,55374,2,03566,-0.184274,-0.236924,0.842397,-0.447523,84.5757
sunlamp/images/img000485.jpg,sunlamp,2,41206,1,30667,0.0762739,0.813589,0.38137,-0.432219,158.271
sunlamp/images/img000490.jpg,sunlamp,2,43756,1,27546,-0.184787,0.844742,0.501565,-0.0263982,139.158
sunlamp/images/img000492.jpg,sunlamp,2,43603,1,43265,-0.367549,0.904735,-0.0848189,0.197911,175.401
sunlamp/images/img000497.jpg,sunlamp,0,70460,1,21566,-0.186352,0.851896,0.186352,-0.45257,147.748
sunlamp/images/img000499.jpg,sunlamp,0,63213,1,03467,-0.328824,0.809414,-0.227648,-0.430001,111.304
sunlamp/images/img000500.jpg,sunlamp,1,63533,1,27452,-0.282609,0.822136,0.488143,-0.0770752,45.9693
sunlamp/images/img000514.jpg,sunlamp,1,42521,1,42532,-0.483068,0.813589,-0.228822,0.228822,7.87922
sunlamp/images/img000516.jpg,sunlamp,1,70354,1,43252,-0.318206,0.925691,-0.144639,0.144639,91.4698
sunlamp/images/img000517.jpg,sunlamp,3,56204,3,03667,-0.337577,-0.0259675,-0.441447,0.830959,120.734
sunlamp/images/img000518.jpg,sunlamp,3,46131,1,42372,-0.505813,0.851896,-0.0266217,0.133109,172.967
sunlamp/images/img000519.jpg,sunlamp,0,56431,0,07252,0.890609,-0.306147,-0.139158,-0.306147,125.706
sunlamp/images/img000522.jpg,sunlamp,2,17626,1,43256,-0.315058,0.916533,-0.143208,0.200492,143.79
sunlamp/images/img000526.jpg,sunlamp,0,43566,1,42162,-0.564683,0.785646,-0.220963,0.122757,114.283
sunlamp/images/img000532.jpg,sunlamp,3,35533,2,30237,0.151354,0.324329,0.691902,-0.627036,135.373
sunlamp/images/img000538.jpg,sunlamp,2,16523,1,43452,-0.285642,0.830959,-0.337577,0.337577,95.516
sunlamp/images/img000540.jpg,sunlamp,3,25104,3,43362,-0.211154,-0.0301648,0.150824,0.965275,61.0478
sunlamp/images/img000541.jpg,sunlamp,1,42407,1,21467,-0.332243,0.817829,0.1789,-0.434472,105.407
sunlamp/images/img000545.jpg,sunlamp,1,63443,1,24552,-0.507253,0.854321,0.0800926,-0.0800926,70.2209
sunlamp/images/img000547.jpg,sunlamp,2,71605,1,47332,-0.0824786,0.879772,-0.0274929,0.467379,149.943
sunlamp/images/img000550.jpg,sunlamp,1,54127,1,43047,-0.346083,0.851896,-0.346083,0.186352,80.5188
sunlamp/images/img000551.jpg,sunlamp,3,06260,1,21754,-0.0800926,0.854321,0.240278,-0.453858,135.337
sunlamp/images/img000553.jpg,sunlamp,3,07113,3,02757,-0.421459,-0.123958,-0.421459,0.793334,52.013
sunlamp/images/img000554.jpg,sunlamp,3,21655,1,42152,-0.478148,0.805302,-0.327154,0.125828,110.118
sunlamp/images/img000557.jpg,sunlamp,3,70315,1,03466,-0.372793,0.795292,-0.223676,-0.422499,140.919
sunlamp/images/img000559.jpg,sunlamp,3,00713,1,04337,-0.403961,0.760398,-0.403961,-0.308911,156.163
sunlamp/images/img000561.jpg,sunlamp,2,55462,1,03266,-0.34641,0.739008,-0.023094,-0.57735,73.7149
sunlamp/images/img000563.jpg,sunlamp,0,25114,1,43462,-0.387427,0.826512,-0.232456,0.33577,109.486
sunlamp/images/img000571.jpg,sunlamp,3,42127,3,23556,-0.0731272,0.463139,-0.414388,0.780024,114.637
sunlamp/images/img000573.jpg,sunlamp,3,43776,3,43354,-0.0892052,-0.208145,0.208145,0.951522,31.7836
sunlamp/images/img000576.jpg,sunlamp,2,07731,1,34056,0.148152,0.948174,0.0888913,-0.266674,174.657
sunlamp/images/img000579.jpg,sunlamp,3,41574,1,43462,-0.387427,0.826512,-0.232456,0.33577,145.141
sunlamp/images/img000581.jpg,sunlamp,2,43762,1,24532,-0.493382,0.830959,0.181772,-0.181772,157.063
sunlamp/images/img000582.jpg,sunlamp,0,65127,0,42356,0.837765,-0.497423,-0.130901,0.183261,66.1501
sunlamp/images/img000583.jpg,sunlamp,1,40356,1,21467,-0.332243,0.817829,0.1789,-0.434472,107.184
sunlamp/images/img000584.jpg,sunlamp,1,50002,1,41176,-0.0726113,0.774521,-0.605095,0.169426,22.8763
sunlamp/images/img000586.jpg,sunlamp,1,15066,1,21556,-0.0822304,0.877124,0.0822304,-0.465972,98.7231
sunlamp/images/img000587.jpg,sunlamp,0,71770,3,41232,-0.29038,-0.448769,0.0263982,0.844742,154.955
sunlamp/images/img000598.jpg,sunlamp,0,60464,1,03256,-0.259633,0.755297,-0.118015,-0.590076,57.987
sunlamp/images/img000599.jpg,sunlamp,2,50251,1,43254,-0.312002,0.907642,-0.198547,0.198547,91.4154
sunlamp/images/img000601.jpg,sunlamp,2,25525,1,41522,-0.165963,0.758686,-0.592723,0.21338,123.927
sunlamp/images/img000602.jpg,sunlamp,2,64544,1,07467,-0.364073,0.896179,-0.25205,-0.0280056,179.818
sunlamp/images/img000606.jpg,sunlamp,1,47355,1,43455,-0.228232,0.811493,-0.380387,0.380387,40.4467
sunlamp/images/img000608.jpg,sunlamp,2,04266,1,30566,0.236924,0.842397,0.184274,-0.447523,152.827
sunlamp/images/img000611.jpg,sunlamp,1,32346,1,07356,-0.0888913,0.948174,-0.148152,-0.266674,99.7657
sunlamp/images/img000613.jpg,sunlamp,0,07420,0,02747,0.758686,-0.497888,-0.118545,-0.403052,32.3341
sunlamp/images/img000616.jpg,sunlamp,0,47652,1,42767,-0.510678,0.778177,-0.024318,0.36477,145.009
sunlamp/images/img000620.jpg,sunlamp,1,13576,1,03466,-0.372793,0.795292,-0.223676,-0.422499,119.029
sunlamp/images/img000633.jpg,sunlamp,0,21610,1,21754,-0.0800926,0.854321,0.240278,-0.453858,178.979
sunlamp/images/img000647.jpg,sunlamp,2,34532,1,24356,-0.476942,0.80327,0.276124,-0.22592,147.337
sunlamp/images/img000648.jpg,sunlamp,1,27056,1,21552,-0.0800926,0.854321,0.0800926,-0.507253,60.7542
sunlamp/images/img000654.jpg,sunlamp,3,14753,1,21467,-0.332243,0.817829,0.1789,-0.434472,55.9385
sunlamp/images/img000662.jpg,sunlamp,1,36624,1,07556,-0.0864945,0.922608,-0.374809,-0.0288315,127.379
sunlamp/images/img000668.jpg,sunlamp,2,23772,1,07356,-0.0888913,0.948174,-0.148152,-0.266674,102.387
sunlamp/images/img000682.jpg,sunlamp,2,70631,1,43374,-0.0908257,0.968808,-0.0908257,0.211927,142.837
sunlamp/images/img000690.jpg,sunlamp,2,27164,2,24553,-0.465972,0.0822304,0.877124,-0.0822304,64.0441
sunlamp/images/img000691.jpg,sunlamp,3,30165,1,03467,-0.328824,0.809414,-0.227648,-0.430001,159.858
sunlamp/images/img000692.jpg,sunlamp,2,15360,1,24337,-0.411464,0.774521,0.363057,-0.314649,155.25
sunlamp/images/img000694.jpg,sunlamp,0,16310,3,27054,-0.282609,0.43676,-0.231226,0.822136,137.038
sunlamp/images/img000695.jpg,sunlamp,1,25170,1,43066,-0.403933,0.861723,-0.24236,0.188502,82.1961
sunlamp/images/img000696.jpg,sunlamp,0,41132,1,47266,-0.355634,0.758686,-0.0237089,0.545305,146.938
sunlamp/images/img000699.jpg,sunlamp,0,33262,2,03467,-0.328824,-0.227648,0.809414,-0.430001,132.852
sunlamp/images/img000700.jpg,sunlamp,3,17640,1,21456,-0.289574,0.842397,0.0789747,-0.447523,92.1228
sunlamp/images/img000701.jpg,sunlamp,3,72137,1,21454,-0.29038,0.844742,0.0263982,-0.448769,178.108
sunlamp/images/img000702.jpg,sunlamp,2,42367,1,23566,-0.160973,0.735875,0.52891,-0.390934,127.34
sunlamp/images/img000708.jpg,sunlamp,1,32422,1,43651,-0.247436,0.879772,-0.19245,0.357407,139.763
sunlamp/images/img000709.jpg,sunlamp,3,25673,1,30466,0.0270864,0.866766,0.189605,-0.46047,174.529
sunlamp/images/img000711.jpg,sunlamp,2,32043,1,30656,0.130901,0.837765,0.287982,-0.445063,70.9479
sunlamp/images/img000712.jpg,sunlamp,1,16344,1,34651,0.205262,0.93834,0.263908,-0.0879694,54.7263
sunlamp/images/img000715.jpg,sunlamp,3,52510,0,42356,0.837765,-0.497423,-0.130901,0.183261,103.335
sunlamp/images/img000716.jpg,sunlamp,3,25425,1,21457,-0.240278,0.854321,0.0800926,-0.453858,152.153
sunlamp/images/img000719.jpg,sunlamp,3,61102,3,03667,-0.337577,-0.0259675,-0.441447,0.830959,62.1079
sunlamp/images/img000721.jpg,sunlamp,3,20453,1,07356,-0.0888913,0.948174,-0.148152,-0.266674,179.622
sunlamp/images/img000722.jpg,sunlamp,3,23101,1,07256,-0.311003,0.904735,-0.141365,-0.254457,148.556
sunlamp/images/img000723.jpg,sunlamp,2,07525,1,34562,0.263908,0.93834,0.205262,-0.0879694,162.22
sunlamp/images/img000727.jpg,sunlamp,1,56221,1,21456,-0.289574,0.842397,0.0789747,-0.447523,116.614
sunlamp/images/img000731.jpg,sunlamp,0,50673,0,07446,0.849491,-0.398199,-0.345106,-0.0265466,79.2837
sunlamp/images/img000735.jpg,sunlamp,0,66060,2,34052,0.145617,0.0873704,0.931951,-0.320358,145.858
sunlamp/images/img000738.jpg,sunlamp,1,13171,1,03266,-0.34641,0.739008,-0.023094,-0.57735,114.044
sunlamp/images/img000741.jpg,sunlamp,3,24734,1,24052,-0.622212,0.737437,0.0691347,-0.253494,139.773
sunlamp/images/img000742.jpg,sunlamp,2,13062,1,24157,-0.453858,0.854321,0.0800926,-0.240278,165.876
sunlamp/images/img000746.jpg,sunlamp,3,07753,1,43352,-0.0911606,0.972379,-0.151934,0.151934,179.042
sunlamp/images/img000749.jpg,sunlamp,2,73267,1,43462,-0.387427,0.826512,-0.232456,0.33577,148.015
sunlamp/images/img000756.jpg,sunlamp,3,04232,0,32467,0.743784,0.0697297,0.534595,-0.395135,58.5589
sunlamp/images/img000758.jpg,sunlamp,1,30447,1,21456,-0.289574,0.842397,0.0789747,-0.447523,45.4703
sunlamp/images/img000761.jpg,sunlamp,2,57421,1,07256,-0.311003,0.904735,-0.141365,-0.254457,108.256
sunlamp/images/img000762.jpg,sunlamp,2,30706,1,30562,0.231226,0.822136,0.179842,-0.488143,98.5238
sunlamp/images/img000764.jpg,sunlamp,0,24713,0,34062,0.925691,0.0289278,0.202495,-0.318206,57.1453
sunlamp/images/img000771.jpg,sunlamp,2,72611,1,21457,-0.240278,0.854321,0.0800926,-0.453858,128.023
sunlamp/images/img000772.jpg,sunlamp,1,52226,1,07736,-0.0921878,0.983336,-0.0307293,-0.153646,33.0787
sunlamp/images/img000777.jpg,sunlamp,1,60246,1,30767,0.270066,0.785646,0.368271,-0.417374,136.17
sunlamp/images/img000784.jpg,sunlamp,1,43572,1,43252,-0.318206,0.925691,-0.144639,0.144639,37.554
sunlamp/images/img000785.jpg,sunlamp,2,07751,1,27432,-0.265003,0.770916,0.554096,-0.168638,133.618
sunlamp/images/img000787.jpg,sunlamp,3,35617,3,23567,-0.115717,0.532299,-0.393438,0.74059,89.0531
sunlamp/images/img000795.jpg,sunlamp,1,74357,1,24356,-0.476942,0.80327,0.276124,-0.22592,137.911
sunlamp/images/img000804.jpg,sunlamp,1,02054,1,02562,-0.51494,0.716438,-0.201498,-0.425385,15.45
sunlamp/images/img000805.jpg,sunlamp,0,34716,3,43042,-0.394874,-0.342224,0.131625,0.842397,110.839
sunlamp/images/img000807.jpg,sunlamp,0,17154,1,30467,0.0810219,0.864234,0.189051,-0.459124,103.903
sunlamp/images/img000808.jpg,sunlamp,1,25265,1,03457,-0.227648,0.809414,-0.328824,-0.430001,83.98
sunlamp/images/img000809.jpg,sunlamp,2,17135,1,43262,-0.420084,0.896179,-0.0280056,0.140028,116.723
sunlamp/images/img000810.jpg,sunlamp,2,72360,1,43257,-0.262111,0.931951,-0.145617,0.203864,122.772
sunlamp/images/img000812.jpg,sunlamp,3,14152,1,21266,-0.327405,0.698464,0.327405,-0.545675,22.7431
sunlamp/images/img000822.jpg,sunlamp,2,07524,2,34052,0.145617,0.0873704,0.931951,-0.320358,67.8842
sunlamp/images/img000825.jpg,sunlamp,2,62443,1,07266,-0.411152,0.877124,-0.0274101,-0.246691,119.239
sunlamp/images/img000829.jpg,sunlamp,3,71400,1,07466,-0.411152,0.877124,-0.246691,-0.0274101,152.737
sunlamp/images/img000830.jpg,sunlamp,1,63302,1,27451,-0.240278,0.854321,0.453858,-0.0800926,28.987
sunlamp/images/img000831.jpg,sunlamp,2,50213,1,24751,-0.453858,0.854321,0.240278,-0.0800926,139.275
sunlamp/images/img000832.jpg,sunlamp,1,34425,1,43254,-0.312002,0.907642,-0.198547,0.198547,70.7233
sunlamp/images/img000834.jpg,sunlamp,3,43552,1,03467,-0.328824,0.809414,-0.227648,-0.430001,88.655
sunlamp/images/img000837.jpg,sunlamp,0,27553,3,43256,-0.315058,-0.143208,0.200492,0.916533,152.241
sunlamp/images/img000843.jpg,sunlamp,2,54516,1,03667,-0.337577,0.830959,-0.0259675,-0.441447,77.122
sunlamp/images/img000844.jpg,sunlamp,2,16563,1,43266,-0.416185,0.887862,-0.0277457,0.19422,132.663
sunlamp/images/img000847.jpg,sunlamp,2,40037,1,16252,0.144639,0.925691,-0.144639,-0.318206,94.4223
sunlamp/images/img000854.jpg,sunlamp,0,16627,1,07256,-0.311003,0.904735,-0.141365,-0.254457,156.189
sunlamp/images/img000855.jpg,sunlamp,2,25023,1,25351,-0.0285481,0.91354,0.256933,-0.314029,119.3
sunlamp/images/img000856.jpg,sunlamp,0,50151,1,34122,0.24236,0.861723,0.188502,-0.403933,151.164
sunlamp/images/img000857.jpg,sunlamp,3,60753,1,42567,-0.499011,0.760398,-0.213862,0.356436,102.479
sunlamp/images/img000858.jpg,sunlamp,2,12324,1,30462,0.0263982,0.844742,0.184787,-0.501565,130.076
sunlamp/images/img000860.jpg,sunlamp,0,32151,1,02756,-0.460953,0.776342,-0.121303,-0.412432,164.524
sunlamp/images/img000864.jpg,sunlamp,1,43763,1,43256,-0.315058,0.916533,-0.143208,0.200492,29.1599
sunlamp/images/img000866.jpg,sunlamp,0,57220,2,21566,-0.186352,0.186352,0.851896,-0.45257,143.233
sunlamp/images/img000871.jpg,sunlamp,0,40727,1,24352,-0.471042,0.793334,0.272709,-0.272709,47.7719
sunlamp/images/img000872.jpg,sunlamp,1,13034,1,23166,-0.148333,0.678094,0.48738,-0.529761,109.527
sunlamp/images/img000873.jpg,sunlamp,1,34433,1,24356,-0.476942,0.80327,0.276124,-0.22592,82.5603
sunlamp/images/img000874.jpg,sunlamp,1,10742,1,03666,-0.38236,0.8157,-0.0254906,-0.433341,88.9238
sunlamp/images/img000875.jpg,sunlamp,2,15167,1,07356,-0.0888913,0.948174,-0.148152,-0.266674,108.411
sunlamp/images/img000876.jpg,sunlamp,1,25672,1,25716,-0.0873704,0.931951,0.320358,-0.145617,26.1846
sunlamp/images/img000879.jpg,sunlamp,0,32675,1,17266,0.455158,0.856767,-0.026774,-0.240966,116.343
sunlamp/images/img000880.jpg,sunlamp,2,34524,1,52252,0.150824,0.965275,-0.150824,0.150824,177.553
sunlamp/images/img000881.jpg,sunlamp,2,51040,1,43246,-0.412393,0.879772,-0.137464,0.19245,74.4617
sunlamp/images/img000883.jpg,sunlamp,0,53474,2,43261,-0.371126,-0.0856444,0.91354,0.142741,119.39
sunlamp/images/img000884.jpg,sunlamp,3,71052,1,24151,-0.448769,0.844742,0.0263982,-0.29038,129.132
sunlamp/images/img000886.jpg,sunlamp,2,50312,1,43256,-0.315058,0.916533,-0.143208,0.200492,92.951
sunlamp/images/img000888.jpg,sunlamp,0,66506,1,03756,-0.0817405,0.871899,-0.136234,-0.463196,85.8945
sunlamp/images/img000889.jpg,sunlamp,1,16551,1,34054,0.148675,0.951522,0.0297351,-0.267615,59.86
sunlamp/images/img000891.jpg,sunlamp,2,57205,1,36062,0.0244339,0.781884,0.561979,-0.268773,160.634
sunlamp/images/img000892.jpg,sunlamp,1,25501,2,23566,-0.160973,0.52891,0.735875,-0.390934,99.2708
sunlamp/images/img000895.jpg,sunlamp,0,65445,1,43254,-0.312002,0.907642,-0.198547,0.198547,139.824
sunlamp/images/img000898.jpg,sunlamp,0,05427,1,24351,-0.43676,0.822136,0.231226,-0.282609,98.6339
sunlamp/images/img000899.jpg,sunlamp,2,17423,1,21431,-0.220963,0.785646,0.122757,-0.564683,172.727
sunlamp/images/img000910.jpg,sunlamp,0,43020,1,07456,-0.30334,0.882444,-0.358493,-0.0275764,120.719
sunlamp/images/img000915.jpg,sunlamp,1,42273,1,07266,-0.411152,0.877124,-0.0274101,-0.246691,47.6348
sunlamp/images/img000920.jpg,sunlamp,2,01675,1,30564,0.238919,0.849491,0.132733,-0.451292,164.119
sunlamp/images/img000921.jpg,sunlamp,2,56132,1,30667,0.0762739,0.813589,0.38137,-0.432219,176.283
sunlamp/images/img000924.jpg,sunlamp,0,16563,3,43042,-0.394874,-0.342224,0.131625,0.842397,112.286
sunlamp/images/img000926.jpg,sunlamp,2,61136,1,43252,-0.318206,0.925691,-0.144639,0.144639,171.082
sunlamp/images/img000928.jpg,sunlamp,0,44633,1,42356,-0.497423,0.837765,-0.130901,0.183261,106.857
sunlamp/images/img000935.jpg,sunlamp,3,25357,3,03527,-0.126148,-0.227067,-0.529823,0.80735,75.0048
sunlamp/images/img000939.jpg,sunlamp,1,52020,1,43352,-0.0911606,0.972379,-0.151934,0.151934,26.3716
sunlamp/images/img000940.jpg,sunlamp,0,02165,1,07256,-0.311003,0.904735,-0.141365,-0.254457,127.746
sunlamp/images/img000941.jpg,sunlamp,3,25531,2,21437,-0.225352,0.175274,0.801253,-0.525822,99.6761
sunlamp/images/img000945.jpg,sunlamp,3,24310,1,43462,-0.387427,0.826512,-0.232456,0.33577,88.9566
sunlamp/images/img000948.jpg,sunlamp,1,01346,1,03766,-0.189605,0.866766,-0.0270864,-0.46047,52.606
sunlamp/images/img000957.jpg,sunlamp,2,42213,1,21767,-0.126471,0.809414,0.379413,-0.430001,147.724
sunlamp/images/img000959.jpg,sunlamp,0,70074,1,43252,-0.318206,0.925691,-0.144639,0.144639,162.033
sunlamp/images/img000963.jpg,sunlamp,0,65112,1,42352,-0.501565,0.844742,-0.131991,0.131991,122.239
sunlamp/images/img000965.jpg,sunlamp,2,53240,1,07356,-0.0888913,0.948174,-0.148152,-0.266674,132.125
sunlamp/images/img000966.jpg,sunlamp,2,10653,1,07256,-0.311003,0.904735,-0.141365,-0.254457,121.35
sunlamp/images/img000967.jpg,sunlamp,2,52363,1,43266,-0.416185,0.887862,-0.0277457,0.19422,164.644
sunlamp/images/img000968.jpg,sunlamp,1,03123,1,21754,-0.0800926,0.854321,0.240278,-0.453858,61.0068
sunlamp/images/img000969.jpg,sunlamp,0,61510,0,43062,0.869321,-0.407494,-0.244497,0.135831,54.3072
sunlamp/images/img000970.jpg,sunlamp,1,76620,1,24552,-0.507253,0.854321,0.0800926,-0.0800926,114.052
sunlamp/images/img000971.jpg,sunlamp,0,61607,0,30467,0.864234,0.0810219,0.189051,-0.459124,103.073
sunlamp/images/img000973.jpg,sunlamp,3,61117,3,43342,-0.208885,-0.149204,0.149204,0.954905,36.0324
sunlamp/images/img000974.jpg,sunlamp,0,62776,1,03657,-0.238919,0.849491,-0.132733,-0.451292,93.1367
sunlamp/images/img000977.jpg,sunlamp,1,16605,1,25351,-0.0285481,0.91354,0.256933,-0.314029,58.2238
sunlamp/images/img000985.jpg,sunlamp,3,71201,1,03452,-0.268773,0.781884,-0.317641,-0.464244,141.275
sunlamp/images/img000986.jpg,sunlamp,0,03670,0,43643,0.859235,-0.349064,-0.134255,0.349064,100.716
sunlamp/images/img000987.jpg,sunlamp,0,73154,1,43076,-0.308062,0.896179,-0.25205,0.196039,146.415
sunlamp/images/img000988.jpg,sunlamp,3,06332,1,24532,-0.493382,0.830959,0.181772,-0.181772,179.658
sunlamp/images/img000998.jpg,sunlamp,2,65310,1,21667,-0.314649,0.774521,0.363057,-0.411464,139.178
sunlamp/images/img001009.jpg,sunlamp,0,34611,1,21454,-0.29038,0.844742,0.0263982,-0.448769,179.266
sunlamp/images/img001010.jpg,sunlamp,3,52246,1,21756,-0.0789747,0.842397,0.289574,-0.447523,117.51
sunlamp/images/img001011.jpg,sunlamp,0,43654,1,42352,-0.501565,0.844742,-0.131991,0.131991,107.428
sunlamp/images/img001017.jpg,sunlamp,3,12160,1,02757,-0.421459,0.793334,-0.123958,-0.421459,116.339
sunlamp/images/img001019.jpg,sunlamp,0,50247,0,43047,0.851896,-0.346083,-0.346083,0.186352,54.373
sunlamp/images/img001022.jpg,sunlamp,2,52165,1,07456,-0.30334,0.882444,-0.358493,-0.0275764,92.3107
sunlamp/images/img001027.jpg,sunlamp,1,34750,1,34056,0.148152,0.948174,0.0888913,-0.266674,38.4143
sunlamp/images/img001031.jpg,sunlamp,0,43637,0,52462,0.896179,0.0280056,-0.25205,0.364073,43.3886
sunlamp/images/img001032.jpg,sunlamp,0,34407,1,34256,0.141365,0.904735,0.311003,-0.254457,145.339
sunlamp/images/img001039.jpg,sunlamp,1,17775,1,30467,0.0810219,0.864234,0.189051,-0.459124,93.7618
sunlamp/images/img001040.jpg,sunlamp,1,25540,1,43352,-0.0911606,0.972379,-0.151934,0.151934,34.4031
sunlamp/images/img001041.jpg,sunlamp,0,61236,0,43356,0.961781,-0.090167,-0.150278,0.21039,68.6156
sunlamp/images/img001045.jpg,sunlamp,2,25326,1,21555,-0.0275764,0.882444,0.0275764,-0.468798,117.694
sunlamp/images/img001048.jpg,sunlamp,2,03705,2,03566,-0.184274,-0.236924,0.842397,-0.447523,12.8302
sunlamp/images/img001049.jpg,sunlamp,2,46515,1,34256,0.141365,0.904735,0.311003,-0.254457,148.496
sunlamp/images/img001051.jpg,sunlamp,1,07063,1,07256,-0.311003,0.904735,-0.141365,-0.254457,14.7859
sunlamp/images/img001052.jpg,sunlamp,3,53313,1,07456,-0.30334,0.882444,-0.358493,-0.0275764,143.089
sunlamp/images/img001053.jpg,sunlamp,0,70314,3,32552,0.29707,0.434179,-0.434179,0.73125,134.925
sunlamp/images/img001056.jpg,sunlamp,1,65670,1,43657,-0.244497,0.869321,-0.135831,0.407494,57.9346
sunlamp/images/img001060.jpg,sunlamp,2,05752,1,47332,-0.0824786,0.879772,-0.0274929,0.467379,115.576
sunlamp/images/img001067.jpg,sunlamp,1,61020,2,34066,0.0294245,0.205971,0.941584,-0.26482,146.931
sunlamp/images/img001069.jpg,sunlamp,0,71133,1,30464,0.0273281,0.8745,0.136641,-0.464578,102.17
sunlamp/images/img001073.jpg,sunlamp,1,40353,1,62156,-0.448458,0.755297,0.448458,0.165221,113.747
sunlamp/images/img001075.jpg,sunlamp,1,36252,1,41256,-0.272041,0.791391,-0.51935,0.173117,156.928
sunlamp/images/img001076.jpg,sunlamp,2,43277,1,43265,-0.367549,0.904735,-0.0848189,0.197911,179.582
sunlamp/images/img001079.jpg,sunlamp,3,50367,1,42557,-0.411464,0.774521,-0.314649,0.363057,156.448
sunlamp/images/img001080.jpg,sunlamp,0,07564,1,03447,-0.319941,0.787547,-0.319941,-0.418384,141.727
sunlamp/images/img001082.jpg,sunlamp,1,25547,1,43337,-0.0310835,0.994672,-0.0310835,0.0932505,20.5529
sunlamp/images/img001083.jpg,sunlamp,0,53401,1,04556,-0.402618,0.678094,-0.614523,-0.0211904,156.759
sunlamp/images/img001087.jpg,sunlamp,1,43147,1,21457,-0.240278,0.854321,0.0800926,-0.453858,96.9552
sunlamp/images/img001095.jpg,sunlamp,3,23775,1,14232,0.126471,0.809414,-0.430001,-0.379413,132.271
sunlamp/images/img001096.jpg,sunlamp,1,43663,1,43256,-0.315058,0.916533,-0.143208,0.200492,23.9785
sunlamp/images/img001097.jpg,sunlamp,2,53027,1,24357,-0.43676,0.822136,0.282609,-0.231226,156.548
sunlamp/images/img001100.jpg,sunlamp,2,60607,1,07436,-0.311003,0.904735,-0.254457,-0.141365,154.709
sunlamp/images/img001108.jpg,sunlamp,1,22743,1,23567,-0.115717,0.74059,0.532299,-0.393438,36.2105
sunlamp/images/img001111.jpg,sunlamp,1,32410,1,21767,-0.126471,0.809414,0.379413,-0.430001,30.4642
sunlamp/images/img001113.jpg,sunlamp,2,21540,1,07252,-0.306147,0.890609,-0.139158,-0.306147,165.36
sunlamp/images/img001118.jpg,sunlamp,1,71220,1,52012,0.143208,0.916533,-0.372342,0.0286417,93.8271
sunlamp/images/img001120.jpg,sunlamp,2,53503,1,04557,-0.366206,0.689329,-0.624704,-0.0215415,59.0942
sunlamp/images/img001122.jpg,sunlamp,0,25653,1,43244,-0.408703,0.871899,-0.190728,0.190728,92.2397
sunlamp/images/img001124.jpg,sunlamp,3,34767,1,24052,-0.622212,0.737437,0.0691347,-0.253494,167.442
sunlamp/images/img001134.jpg,sunlamp,0,31620,1,04352,-0.430597,0.725215,-0.475923,-0.249293,177.818
sunlamp/images/img001135.jpg,sunlamp,2,71450,1,21566,-0.186352,0.851896,0.186352,-0.45257,171.447
sunlamp/images/img001137.jpg,sunlamp,0,66044,1,30256,0.118015,0.755297,0.259633,-0.590076,113.2
sunlamp/images/img001138.jpg,sunlamp,3,41750,1,21652,-0.272709,0.793334,0.272709,-0.471042,91.5548
sunlamp/images/img001139.jpg,sunlamp,3,74176,1,24552,-0.507253,0.854321,0.0800926,-0.0800926,175.316
sunlamp/images/img001144.jpg,sunlamp,2,72262,1,43237,-0.269529,0.958324,-0.0299476,0.0898429,98.6384
sunlamp/images/img001145.jpg,sunlamp,0,41462,1,24362,-0.527795,0.734324,0.344214,-0.252424,54.173
sunlamp/images/img001151.jpg,sunlamp,1,65017,1,07256,-0.311003,0.904735,-0.141365,-0.254457,92.2689
sunlamp/images/img001154.jpg,sunlamp,2,41542,1,07236,-0.30334,0.882444,-0.0275764,-0.358493,100.656
sunlamp/images/img001155.jpg,sunlamp,3,34470,3,02352,-0.410817,-0.10811,-0.583792,0.691902,100.809
sunlamp/images/img001159.jpg,sunlamp,1,25527,1,25552,-0.092538,0.987072,0.092538,-0.092538,15.4714
sunlamp/images/img001160.jpg,sunlamp,1,22432,1,23461,-0.291053,0.716438,0.470162,-0.425385,28.9445
sunlamp/images/img001164.jpg,sunlamp,0,45732,1,24236,-0.582704,0.690612,0.323724,-0.280561,84.0989
sunlamp/images/img001166.jpg,sunlamp,3,50706,1,02567,-0.490232,0.74702,-0.210099,-0.396854,62.9237
sunlamp/images/img001170.jpg,sunlamp,0,16274,1,42354,-0.493382,0.830959,-0.181772,0.181772,136.879
sunlamp/images/img001171.jpg,sunlamp,0,62675,1,04337,-0.403961,0.760398,-0.403961,-0.308911,44.931
sunlamp/images/img001172.jpg,sunlamp,0,76404,1,42552,-0.457732,0.770916,-0.313185,0.313185,152.788
sunlamp/images/img001173.jpg,sunlamp,3,06111,1,04357,-0.396854,0.74702,-0.490232,-0.210099,169.776
sunlamp/images/img001180.jpg,sunlamp,3,45314,1,21652,-0.272709,0.793334,0.272709,-0.471042,102.094
sunlamp/images/img001183.jpg,sunlamp,2,60612,1,03466,-0.372793,0.795292,-0.223676,-0.422499,159.606
sunlamp/images/img001188.jpg,sunlamp,1,50061,1,25552,-0.092538,0.987072,0.092538,-0.092538,96.9873
sunlamp/images/img001189.jpg,sunlamp,0,57605,3,34053,0.20182,0.0864945,-0.317146,0.922608,82.967
sunlamp/images/img001192.jpg,sunlamp,3,05303,2,03657,-0.238919,-0.132733,0.849491,-0.451292,110.16
sunlamp/images/img001193.jpg,sunlamp,3,16022,3,43552,-0.0810219,-0.351095,0.351095,0.864234,93.2868
sunlamp/images/img001194.jpg,sunlamp,3,70410,1,34062,0.0289278,0.925691,0.202495,-0.318206,152.237
sunlamp/images/img001195.jpg,sunlamp,1,63407,1,24352,-0.471042,0.793334,0.272709,-0.272709,69.3288
sunlamp/images/img001197.jpg,sunlamp,0,61043,0,07536,0.948174,-0.0888913,-0.266674,-0.148152,64.2184
sunlamp/images/img001198.jpg,sunlamp,1,42120,1,07262,-0.40511,0.864234,-0.0270073,-0.29708,51.7717
sunlamp/images/img001204.jpg,sunlamp,1,34377,1,43267,-0.368729,0.907642,-0.0283638,0.198547,115.12
sunlamp/images/img001207.jpg,sunlamp,1,74127,1,43452,-0.285642,0.830959,-0.337577,0.337577,90.5107
sunlamp/images/img001208.jpg,sunlamp,1,03775,1,21566,-0.186352,0.851896,0.186352,-0.45257,37.1401
sunlamp/images/img001209.jpg,sunlamp,3,35404,1,24352,-0.471042,0.793334,0.272709,-0.272709,122.64
sunlamp/images/img001213.jpg,sunlamp,0,23465,0,41632,0.822136,-0.282609,-0.43676,0.231226,133.34
sunlamp/images/img001216.jpg,sunlamp,1,02653,1,02567,-0.490232,0.74702,-0.210099,-0.396854,15.2444
sunlamp/images/img001218.jpg,sunlamp,1,16337,1,47122,-0.184274,0.842397,-0.236924,0.447523,119.046
sunlamp/images/img001219.jpg,sunlamp,2,20112,2,21063,-0.29282,0.157672,0.720787,-0.608164,14.9719
sunlamp/images/img001220.jpg,sunlamp,0,56024,1,42557,-0.411464,0.774521,-0.314649,0.363057,174.455
sunlamp/images/img001223.jpg,sunlamp,1,21746,1,43475,-0.23627,0.840072,-0.288775,0.393784,121.427
sunlamp/images/img001224.jpg,sunlamp,2,37610,1,43154,-0.0829819,0.88514,-0.41491,0.193624,166.584
sunlamp/images/img001225.jpg,sunlamp,2,70200,1,27551,-0.0274929,0.879772,0.467379,-0.0824786,96.9778
sunlamp/images/img001227.jpg,sunlamp,3,34024,0,07237,0.896179,-0.25205,-0.0280056,-0.364073,143.965
sunlamp/images/img001229.jpg,sunlamp,2,52624,1,07067,-0.353162,0.869321,-0.244497,-0.244497,133.028
sunlamp/images/img001230.jpg,sunlamp,0,32017,3,43257,-0.262111,-0.145617,0.203864,0.931951,96.2506
sunlamp/images/img001231.jpg,sunlamp,1,43506,1,52452,0.134255,0.859235,-0.349064,0.349064,36.7676
sunlamp/images/img001232.jpg,sunlamp,2,15540,1,43256,-0.315058,0.916533,-0.143208,0.200492,71.2411
sunlamp/images/img001233.jpg,sunlamp,2,40556,1,43262,-0.420084,0.896179,-0.0280056,0.140028,138.283
sunlamp/images/img001234.jpg,sunlamp,3,06724,1,23456,-0.259633,0.755297,0.448458,-0.401252,148.141
sunlamp/images/img001238.jpg,sunlamp,2,67265,1,03667,-0.337577,0.830959,-0.0259675,-0.441447,140.096
sunlamp/images/img001240.jpg,sunlamp,2,70213,1,43252,-0.318206,0.925691,-0.144639,0.144639,168.416
sunlamp/images/img001241.jpg,sunlamp,0,61354,0,07076,0.88514,-0.304267,-0.248946,-0.248946,87.9381
sunlamp/images/img001243.jpg,sunlamp,0,50530,1,07356,-0.0888913,0.948174,-0.148152,-0.266674,153.062
sunlamp/images/img001252.jpg,sunlamp,2,61452,1,24157,-0.453858,0.854321,0.0800926,-0.240278,156.856
sunlamp/images/img001255.jpg,sunlamp,3,44353,1,12472,0.129488,0.828726,-0.233079,-0.492056,64.9967
sunlamp/images/img001262.jpg,sunlamp,2,14177,1,43266,-0.416185,0.887862,-0.0277457,0.19422,92.2616
sunlamp/images/img001264.jpg,sunlamp,1,55064,2,03567,-0.132733,-0.238919,0.849491,-0.451292,61.8092
sunlamp/images/img001267.jpg,sunlamp,3,16756,1,24552,-0.507253,0.854321,0.0800926,-0.0800926,132.675
sunlamp/images/img001269.jpg,sunlamp,2,73055,1,21452,-0.282609,0.822136,0.0770752,-0.488143,165.656
sunlamp/images/img001270.jpg,sunlamp,2,74474,2,24551,-0.467379,0.0274929,0.879772,-0.0824786,116.417
sunlamp/images/img001274.jpg,sunlamp,3,70032,2,34266,0.0274101,0.411152,0.877124,-0.246691,165.902
sunlamp/images/img001277.jpg,sunlamp,2,24640,1,12437,0.175274,0.801253,-0.225352,-0.525822,170.982
sunlamp/images/img001278.jpg,sunlamp,0,20212,1,23456,-0.259633,0.755297,0.448458,-0.401252,155.188
sunlamp/images/img001279.jpg,sunlamp,0,05411,1,43467,-0.33577,0.826512,-0.232456,0.387427,143.776
sunlamp/images/img001284.jpg,sunlamp,2,55436,1,30467,0.0810219,0.864234,0.189051,-0.459124,120.841
sunlamp/images/img001286.jpg,sunlamp,2,65053,1,42757,-0.430001,0.809414,-0.126471,0.379413,150.592
sunlamp/images/img001287.jpg,sunlamp,1,72142,1,43352,-0.0911606,0.972379,-0.151934,0.151934,87.7125
sunlamp/images/img001288.jpg,sunlamp,1,66571,1,42552,-0.457732,0.770916,-0.313185,0.313185,94.3912
sunlamp/images/img001291.jpg,sunlamp,2,27144,1,25552,-0.092538,0.987072,0.092538,-0.092538,114.508
sunlamp/images/img001299.jpg,sunlamp,3,04561,1,03256,-0.259633,0.755297,-0.118015,-0.590076,89.5735
sunlamp/images/img001300.jpg,sunlamp,0,21734,0,03547,0.824315,-0.128799,-0.334878,-0.437917,77.4653
sunlamp/images/img001301.jpg,sunlamp,0,43514,0,43066,0.861723,-0.403933,-0.24236,0.188502,44.8505
sunlamp/images/img001303.jpg,sunlamp,1,32737,1,07356,-0.0888913,0.948174,-0.148152,-0.266674,108.939
sunlamp/images/img001307.jpg,sunlamp,1,43707,1,43276,-0.318206,0.925691,-0.0289278,0.202495,28.6857
sunlamp/images/img001308.jpg,sunlamp,2,32406,1,03467,-0.328824,0.809414,-0.227648,-0.430001,134.708
sunlamp/images/img001311.jpg,sunlamp,0,27441,1,24052,-0.622212,0.737437,0.0691347,-0.253494,85.3113
sunlamp/images/img001313.jpg,sunlamp,2,70771,1,27437,-0.220963,0.785646,0.564683,-0.122757,110.206
sunlamp/images/img001316.jpg,sunlamp,3,30474,3,02537,-0.396854,-0.210099,-0.490232,0.74702,75.1875
sunlamp/images/img001318.jpg,sunlamp,1,70112,1,43352,-0.0911606,0.972379,-0.151934,0.151934,64.2903
sunlamp/images/img001321.jpg,sunlamp,3,05512,1,21437,-0.225352,0.801253,0.175274,-0.525822,45.4864
sunlamp/images/img001322.jpg,sunlamp,2,06277,1,43457,-0.232456,0.826512,-0.33577,0.387427,152.177
sunlamp/images/img001323.jpg,sunlamp,2,31156,1,02562,-0.51494,0.716438,-0.201498,-0.425385,158.198
sunlamp/images/img001324.jpg,sunlamp,1,27413,1,25522,-0.204559,0.935129,0.204559,-0.204559,32.8661
sunlamp/images/img001326.jpg,sunlamp,1,07205,1,03657,-0.238919,0.849491,-0.132733,-0.451292,19.5913
sunlamp/images/img001327.jpg,sunlamp,1,43506,1,21656,-0.278951,0.811493,0.278951,-0.431106,117.656
sunlamp/images/img001329.jpg,sunlamp,1,05614,1,42352,-0.501565,0.844742,-0.131991,0.131991,63.0118
sunlamp/images/img001330.jpg,sunlamp,3,53230,1,43657,-0.244497,0.869321,-0.135831,0.407494,162.231
sunlamp/images/img001331.jpg,sunlamp,3,43554,1,24331,-0.411464,0.774521,0.314649,-0.363057,125.651
sunlamp/images/img001336.jpg,sunlamp,1,74072,1,47362,-0.179842,0.822136,-0.0256917,0.539527,41.5149
sunlamp/images/img001338.jpg,sunlamp,1,27354,1,25552,-0.092538,0.987072,0.092538,-0.092538,64.8882
sunlamp/images/img001340.jpg,sunlamp,1,70123,1,43256,-0.315058,0.916533,-0.143208,0.200492,89.8222
sunlamp/images/img001343.jpg,sunlamp,3,52517,1,62152,-0.451486,0.760398,0.451486,0.118812,155.909
sunlamp/images/img001344.jpg,sunlamp,3,53060,0,43346,0.944862,-0.206689,-0.147635,0.206689,103.011
sunlamp/images/img001349.jpg,sunlamp,2,61710,1,24552,-0.507253,0.854321,0.0800926,-0.0800926,141.949
sunlamp/images/img001354.jpg,sunlamp,0,67313,1,24356,-0.476942,0.80327,0.276124,-0.22592,145.665
sunlamp/images/img001355.jpg,sunlamp,1,01606,1,07467,-0.364073,0.896179,-0.25205,-0.0280056,59.0541
sunlamp/images/img001361.jpg,sunlamp,0,53403,1,30457,0.189051,0.864234,0.0810219,-0.459124,126.507
sunlamp/images/img001363.jpg,sunlamp,2,36735,1,43253,-0.26482,0.941584,-0.147122,0.147122,131.585
sunlamp/images/img001366.jpg,sunlamp,1,63407,1,24157,-0.453858,0.854321,0.0800926,-0.240278,79.1359
sunlamp/images/img001370.jpg,sunlamp,3,72016,1,21554,-0.0824786,0.879772,0.0274929,-0.467379,177.891
sunlamp/images/img001371.jpg,sunlamp,2,25755,1,34437,0.206689,0.944862,0.206689,-0.147635,127.28
sunlamp/images/img001376.jpg,sunlamp,0,60777,1,02567,-0.490232,0.74702,-0.210099,-0.396854,54.2219
sunlamp/images/img001379.jpg,sunlamp,1,76201,1,43252,-0.318206,0.925691,-0.144639,0.144639,103.66
sunlamp/images/img001386.jpg,sunlamp,3,43630,0,42356,0.837765,-0.497423,-0.130901,0.183261,172.11
sunlamp/images/img001390.jpg,sunlamp,1,65200,1,24354,-0.483068,0.813589,0.228822,-0.228822,76.271
sunlamp/images/img001392.jpg,sunlamp,0,43546,1,42567,-0.499011,0.760398,-0.213862,0.356436,138.686
sunlamp/images/img001394.jpg,sunlamp,3,02171,1,07056,-0.294514,0.856767,-0.348062,-0.240966,172.466
sunlamp/images/img001395.jpg,sunlamp,0,61043,0,53066,0.842397,0.447523,-0.236924,0.184274,105.818
sunlamp/images/img001402.jpg,sunlamp,1,22771,1,43262,-0.420084,0.896179,-0.0280056,0.140028,100.334
sunlamp/images/img001403.jpg,sunlamp,3,56002,1,24151,-0.448769,0.844742,0.0263982,-0.29038,116.982
sunlamp/images/img001404.jpg,sunlamp,1,27066,1,23556,-0.0731272,0.780024,0.463139,-0.414388,43.3767
sunlamp/images/img001408.jpg,sunlamp,2,77337,1,21454,-0.29038,0.844742,0.0263982,-0.448769,159.676
sunlamp/images/img001413.jpg,sunlamp,1,03775,1,03566,-0.184274,0.842397,-0.236924,-0.447523,23.979
sunlamp/images/img001414.jpg,sunlamp,2,23254,1,30462,0.0263982,0.844742,0.184787,-0.501565,72.8968
sunlamp/images/img001417.jpg,sunlamp,3,60563,1,42351,-0.456468,0.859235,-0.187958,0.134255,130.201
sunlamp/images/img001418.jpg,sunlamp,0,32760,1,21556,-0.0822304,0.877124,0.0822304,-0.465972,138.962
sunlamp/images/img001419.jpg,sunlamp,1,60670,1,24356,-0.476942,0.80327,0.276124,-0.22592,61.6462
sunlamp/images/img001424.jpg,sunlamp,0,17337,2,03366,-0.169825,-0.0242607,0.776342,-0.606517,176.914
sunlamp/images/img001427.jpg,sunlamp,3,05265,3,03767,-0.136641,-0.0273281,-0.464578,0.8745,63.6617
sunlamp/images/img001429.jpg,sunlamp,0,41603,0,27066,0.742182,-0.347898,0.533443,-0.208739,136.891
sunlamp/images/img001434.jpg,sunlamp,0,72300,1,21566,-0.186352,0.851896,0.186352,-0.45257,166.35
sunlamp/images/img001438.jpg,sunlamp,1,16741,1,30454,0.136641,0.8745,0.0273281,-0.464578,55.5399
sunlamp/images/img001439.jpg,sunlamp,1,41516,1,43552,-0.0810219,0.864234,-0.351095,0.351095,42.5796
sunlamp/images/img001445.jpg,sunlamp,2,17276,1,03567,-0.132733,0.849491,-0.238919,-0.451292,160.282
sunlamp/images/img001448.jpg,sunlamp,1,17147,2,03554,-0.0762739,-0.38137,0.813589,-0.432219,125.465
sunlamp/images/img001449.jpg,sunlamp,1,20512,1,21461,-0.327154,0.805302,0.125828,-0.478148,15.6107
sunlamp/images/img001452.jpg,sunlamp,3,06373,1,24552,-0.507253,0.854321,0.0800926,-0.0800926,163.58
sunlamp/images/img001455.jpg,sunlamp,1,54060,1,43653,-0.249711,0.887862,-0.138728,0.360694,63.1834
sunlamp/images/img001457.jpg,sunlamp,3,52712,1,43562,-0.19245,0.879772,-0.247436,0.357407,172.412
sunlamp/images/img001458.jpg,sunlamp,0,62542,1,07256,-0.311003,0.904735,-0.141365,-0.254457,73.2168
sunlamp/images/img001459.jpg,sunlamp,2,37021,2,03567,-0.132733,-0.238919,0.849491,-0.451292,107.342
sunlamp/images/img001462.jpg,sunlamp,2,70614,1,07156,-0.0837545,0.893381,-0.362936,-0.251263,155.173
sunlamp/images/img001463.jpg,sunlamp,0,34054,1,21451,-0.234978,0.835478,0.0261087,-0.496065,173.593
sunlamp/images/img001464.jpg,sunlamp,1,06275,1,42354,-0.493382,0.830959,-0.181772,0.181772,47.7961
sunlamp/images/img001465.jpg,sunlamp,1,53307,1,03367,-0.122169,0.781884,-0.0244339,-0.610847,124.675
sunlamp/images/img001466.jpg,sunlamp,3,13427,1,16256,0.147122,0.941584,-0.147122,-0.26482,148.747
sunlamp/images/img001473.jpg,sunlamp,2,45644,1,21757,-0.0263982,0.844742,0.29038,-0.448769,126.284
sunlamp/images/img001476.jpg,sunlamp,0,61213,0,07347,0.941584,-0.147122,-0.147122,-0.26482,66.5783
sunlamp/images/img001478.jpg,sunlamp,3,74040,2,03537,-0.0254246,-0.228822,0.813589,-0.533917,178.893
sunlamp/images/img001482.jpg,sunlamp,0,74037,3,43352,-0.0911606,-0.151934,0.151934,0.972379,134.994
sunlamp/images/img001483.jpg,sunlamp,0,61225,1,07256,-0.311003,0.904735,-0.141365,-0.254457,99.403
sunlamp/images/img001484.jpg,sunlamp,0,43317,3,43357,-0.0301648,-0.150824,0.211154,0.965275,179.481
sunlamp/images/img001485.jpg,sunlamp,0,13054,1,43246,-0.412393,0.879772,-0.137464,0.19245,174.963
sunlamp/images/img001486.jpg,sunlamp,2,05774,1,34626,0.0280056,0.896179,0.420084,-0.140028,167.128
sunlamp/images/img001488.jpg,sunlamp,1,12270,1,24352,-0.471042,0.793334,0.272709,-0.272709,91.8243
sunlamp/images/img001493.jpg,sunlamp,0,56656,0,43336,0.99085,-0.0928922,-0.0309641,0.0928922,83.0157
sunlamp/images/img001498.jpg,sunlamp,0,71626,2,21552,-0.0800926,0.0800926,0.854321,-0.507253,160.169
sunlamp/images/img001500.jpg,sunlamp,1,56220,1,43246,-0.412393,0.879772,-0.137464,0.19245,60.1906
sunlamp/images/img001503.jpg,sunlamp,3,41312,1,43467,-0.33577,0.826512,-0.232456,0.387427,164.902
sunlamp/images/img001504.jpg,sunlamp,0,12566,1,21656,-0.278951,0.811493,0.278951,-0.431106,172.138
sunlamp/images/img001505.jpg,sunlamp,1,10420,1,43266,-0.416185,0.887862,-0.0277457,0.19422,120.246
sunlamp/images/img001507.jpg,sunlamp,0,06713,1,72565,0.258484,0.751953,0.493469,0.352478,151.78
sunlamp/images/img001512.jpg,sunlamp,2,37642,1,43252,-0.318206,0.925691,-0.144639,0.144639,144.777
sunlamp/images/img001515.jpg,sunlamp,0,17463,1,60365,-0.511891,0.780024,0.316885,0.17063,163.803
sunlamp/images/img001516.jpg,sunlamp,1,60443,1,03267,-0.304808,0.750298,-0.0234468,-0.58617,110.18
sunlamp/images/img001518.jpg,sunlamp,2,31157,1,34353,0.388465,0.828726,0.284875,-0.284875,104.16
sunlamp/images/img001521.jpg,sunlamp,1,56274,1,03457,-0.227648,0.809414,-0.328824,-0.430001,132.25
sunlamp/images/img001522.jpg,sunlamp,0,05262,1,03466,-0.372793,0.795292,-0.223676,-0.422499,133.702
sunlamp/images/img001528.jpg,sunlamp,1,27730,1,27551,-0.0274929,0.879772,0.467379,-0.0824786,27.3703
sunlamp/images/img001529.jpg,sunlamp,2,22460,2,42062,-0.67793,-0.196818,0.699798,0.109344,90.6436
sunlamp/images/img001530.jpg,sunlamp,2,12470,1,07456,-0.30334,0.882444,-0.358493,-0.0275764,111.593
sunlamp/images/img001533.jpg,sunlamp,1,20533,1,24032,-0.599704,0.71076,0.155479,-0.333169,32.2978
sunlamp/images/img001535.jpg,sunlamp,2,05223,2,03562,-0.179842,-0.231226,0.822136,-0.488143,30.9654
sunlamp/images/img001536.jpg,sunlamp,3,65171,1,03552,-0.0758825,0.809414,-0.328824,-0.480589,126.911
sunlamp/images/img001537.jpg,sunlamp,1,37045,1,03567,-0.132733,0.849491,-0.238919,-0.451292,110.1
sunlamp/images/img001539.jpg,sunlamp,0,17674,1,30467,0.0810219,0.864234,0.189051,-0.459124,115.055
sunlamp/images/img001541.jpg,sunlamp,2,13001,1,42352,-0.501565,0.844742,-0.131991,0.131991,107.72
sunlamp/images/img001542.jpg,sunlamp,1,43666,1,42562,-0.541664,0.753619,-0.211955,0.306158,32.6062
sunlamp/images/img001545.jpg,sunlamp,3,44312,1,42567,-0.499011,0.760398,-0.213862,0.356436,176.201
sunlamp/images/img001547.jpg,sunlamp,1,62043,1,03436,-0.269417,0.783758,-0.220432,-0.514341,110.895
sunlamp/images/img001550.jpg,sunlamp,0,04736,1,04356,-0.435089,0.732782,-0.480888,-0.206095,127.628
sunlamp/images/img001551.jpg,sunlamp,2,61675,1,24056,-0.628928,0.745396,0.0698809,-0.209643,133.613
sunlamp/images/img001552.jpg,sunlamp,2,77425,1,27066,-0.347898,0.742182,0.533443,-0.208739,131.16
sunlamp/images/img001556.jpg,sunlamp,1,71416,1,07356,-0.0888913,0.948174,-0.148152,-0.266674,102.683
sunlamp/images/img001557.jpg,sunlamp,1,47351,1,42562,-0.541664,0.753619,-0.211955,0.306158,69.663
sunlamp/images/img001560.jpg,sunlamp,1,16623,1,27551,-0.0274929,0.879772,0.467379,-0.0824786,63.6709
sunlamp/images/img001562.jpg,sunlamp,1,43312,1,27451,-0.240278,0.854321,0.453858,-0.0800926,77.7699
sunlamp/images/img001563.jpg,sunlamp,2,23346,1,30767,0.270066,0.785646,0.368271,-0.417374,64.693
sunlamp/images/img001569.jpg,sunlamp,1,14101,1,23566,-0.160973,0.735875,0.52891,-0.390934,153.348
sunlamp/images/img001574.jpg,sunlamp,1,25436,1,25552,-0.092538,0.987072,0.092538,-0.092538,29.736
sunlamp/images/img001577.jpg,sunlamp,3,50270,1,24352,-0.471042,0.793334,0.272709,-0.272709,100.476
sunlamp/images/img001578.jpg,sunlamp,1,74110,1,43354,-0.0892052,0.951522,-0.208145,0.208145,63.313
sunlamp/images/img001586.jpg,sunlamp,2,66376,1,32467,0.0697297,0.743784,0.534595,-0.395135,112.024
sunlamp/images/img001592.jpg,sunlamp,2,77712,1,27346,-0.161314,0.737437,0.622212,-0.207404,117.226
sunlamp/images/img001595.jpg,sunlamp,1,56241,1,24152,-0.488143,0.822136,0.0770752,-0.282609,125.137
sunlamp/images/img001602.jpg,sunlamp,0,02775,0,07646,0.896179,-0.420084,-0.140028,-0.0280056,49.5826
sunlamp/images/img001605.jpg,sunlamp,1,12444,1,43252,-0.318206,0.925691,-0.144639,0.144639,82.2539
sunlamp/images/img001606.jpg,sunlamp,2,61636,1,23451,-0.214834,0.763856,0.405798,-0.453539,109.017
sunlamp/images/img001607.jpg,sunlamp,2,56302,1,07466,-0.411152,0.877124,-0.246691,-0.0274101,130.003
sunlamp/images/img001608.jpg,sunlamp,2,74322,1,24552,-0.507253,0.854321,0.0800926,-0.0800926,152.921
sunlamp/images/img001610.jpg,sunlamp,3,43015,1,43652,-0.300609,0.8745,-0.136641,0.355266,175.29
sunlamp/images/img001615.jpg,sunlamp,2,07146,2,25352,-0.0840168,0.308062,0.896179,-0.308062,81.1861
sunlamp/images/img001618.jpg,sunlamp,2,06350,1,30462,0.0263982,0.844742,0.184787,-0.501565,165.191
sunlamp/images/img001619.jpg,sunlamp,1,12300,1,42352,-0.501565,0.844742,-0.131991,0.131991,132.072
sunlamp/images/img001620.jpg,sunlamp,1,06661,1,30061,0.0709674,0.756986,0.118279,-0.638707,113.19
sunlamp/images/img001624.jpg,sunlamp,2,43562,1,24552,-0.507253,0.854321,0.0800926,-0.0800926,173.23
sunlamp/images/img001632.jpg,sunlamp,3,67271,1,60577,-0.426737,0.80327,0.175715,0.376533,60.2776
sunlamp/images/img001633.jpg,sunlamp,2,25743,1,24552,-0.507253,0.854321,0.0800926,-0.0800926,127.339
sunlamp/images/img001634.jpg,sunlamp,1,17022,1,12656,0.135432,0.866766,-0.135432,-0.46047,35.4334
sunlamp/images/img001638.jpg,sunlamp,0,21746,1,43442,-0.376533,0.80327,-0.326328,0.326328,92.1479
sunlamp/images/img001639.jpg,sunlamp,2,05057,1,30465,0.0817405,0.871899,0.136234,-0.463196,134.525
sunlamp/images/img001640.jpg,sunlamp,0,30347,0,43036,0.910577,-0.313011,-0.2561,0.0853666,121.316
sunlamp/images/img001642.jpg,sunlamp,1,43255,1,21467,-0.332243,0.817829,0.1789,-0.434472,88.4314
sunlamp/images/img001644.jpg,sunlamp,1,71510,1,34054,0.148675,0.951522,0.0297351,-0.267615,85.1551
sunlamp/images/img001655.jpg,sunlamp,0,12716,1,03266,-0.34641,0.739008,-0.023094,-0.57735,148.531
sunlamp/images/img001656.jpg,sunlamp,0,16366,1,34162,0.25205,0.896179,0.196039,-0.308062,113.415
sunlamp/images/img001658.jpg,sunlamp,3,20251,1,20756,-0.448458,0.755297,0.259633,-0.401252,176.978
sunlamp/images/img001659.jpg,sunlamp,2,43335,1,73062,0.393438,0.74059,0.532299,0.115717,123.637
sunlamp/images/img001660.jpg,sunlamp,0,23544,1,24352,-0.471042,0.793334,0.272709,-0.272709,146.296
sunlamp/images/img001663.jpg,sunlamp,3,53405,1,07256,-0.311003,0.904735,-0.141365,-0.254457,91.2869
sunlamp/images/img001664.jpg,sunlamp,3,10722,1,21261,-0.284293,0.699798,0.284293,-0.590455,49.6097
sunlamp/images/img001665.jpg,sunlamp,2,13006,1,21776,-0.0762739,0.813589,0.38137,-0.432219,150.726
sunlamp/images/img001669.jpg,sunlamp,2,43744,2,03766,-0.189605,-0.0270864,0.866766,-0.46047,105.169
sunlamp/images/img001670.jpg,sunlamp,2,50514,1,03657,-0.238919,0.849491,-0.132733,-0.451292,70.782
sunlamp/images/img001671.jpg,sunlamp,1,73422,1,07556,-0.0864945,0.922608,-0.374809,-0.0288315,127.905
sunlamp/images/img001672.jpg,sunlamp,3,05655,3,41252,-0.27406,-0.523205,0.124573,0.797264,22.0616
sunlamp/images/img001675.jpg,sunlamp,2,16370,1,43452,-0.285642,0.830959,-0.337577,0.337577,112.452
sunlamp/images/img001676.jpg,sunlamp,0,24301,1,42552,-0.457732,0.770916,-0.313185,0.313185,47.5613
sunlamp/images/img001680.jpg,sunlamp,1,74675,1,21346,-0.164128,0.750298,0.257915,-0.58617,160.367
sunlamp/images/img001682.jpg,sunlamp,2,61606,1,24552,-0.507253,0.854321,0.0800926,-0.0800926,122.253
sunlamp/images/img001684.jpg,sunlamp,3,52156,1,24156,-0.494718,0.833209,0.0781133,-0.23434,99.7806
sunlamp/images/img001687.jpg,sunlamp,1,77004,1,21467,-0.332243,0.817829,0.1789,-0.434472,139.624
sunlamp/images/img001689.jpg,sunlamp,3,65031,1,06552,-0.480589,0.809414,-0.328824,-0.0758825,178.926
sunlamp/images/img001697.jpg,sunlamp,2,54700,1,07266,-0.411152,0.877124,-0.0274101,-0.246691,98.2062
sunlamp/images/img001699.jpg,sunlamp,3,26407,3,43226,-0.422745,-0.028183,0.084549,0.901856,64.4762
sunlamp/images/img001701.jpg,sunlamp,3,42277,1,43254,-0.312002,0.907642,-0.198547,0.198547,148.432
sunlamp/images/img001703.jpg,sunlamp,2,57101,1,27052,-0.272709,0.793334,0.471042,-0.272709,158.672
sunlamp/images/img001704.jpg,sunlamp,3,16067,3,43356,-0.090167,-0.150278,0.21039,0.961781,56.4725
sunlamp/images/img001707.jpg,sunlamp,0,30506,0,32463,0.729727,0.0684119,0.524491,-0.433275,58.901
sunlamp/images/img001708.jpg,sunlamp,2,63117,1,23457,-0.214834,0.763856,0.453539,-0.405798,83.646
sunlamp/images/img001709.jpg,sunlamp,3,61442,1,42562,-0.541664,0.753619,-0.211955,0.306158,123.207
sunlamp/images/img001712.jpg,sunlamp,3,27060,1,42757,-0.430001,0.809414,-0.126471,0.379413,60.4704
sunlamp/images/img001713.jpg,sunlamp,2,15120,1,47272,-0.276124,0.80327,-0.0251022,0.527146,87.5014
sunlamp/images/img001715.jpg,sunlamp,0,34424,0,42352,0.844742,-0.501565,-0.131991,0.131991,79.899
sunlamp/images/img001718.jpg,sunlamp,3,55363,1,30467,0.0810219,0.864234,0.189051,-0.459124,127.198
sunlamp/images/img001720.jpg,sunlamp,3,57144,0,02462,0.649554,-0.629255,-0.182687,-0.385673,158.055
sunlamp/images/img001725.jpg,sunlamp,1,51414,1,07266,-0.411152,0.877124,-0.0274101,-0.246691,139.475
sunlamp/images/img001727.jpg,sunlamp,2,64434,1,02567,-0.490232,0.74702,-0.210099,-0.396854,178.034
sunlamp/images/img001729.jpg,sunlamp,2,74742,1,03467,-0.328824,0.809414,-0.227648,-0.430001,145.331
sunlamp/images/img001730.jpg,sunlamp,2,35753,1,12656,0.135432,0.866766,-0.135432,-0.46047,150.618
sunlamp/images/img001732.jpg,sunlamp,1,26743,1,21566,-0.186352,0.851896,0.186352,-0.45257,73.49
sunlamp/images/img001736.jpg,sunlamp,0,50362,1,03466,-0.372793,0.795292,-0.223676,-0.422499,171.9
sunlamp/images/img001737.jpg,sunlamp,2,07227,1,30466,0.0270864,0.866766,0.189605,-0.46047,147.506
sunlamp/images/img001738.jpg,sunlamp,3,53261,1,34056,0.148152,0.948174,0.0888913,-0.266674,154.756
sunlamp/images/img001739.jpg,sunlamp,3,60753,1,34061,0.0873704,0.931951,0.145617,-0.320358,179.934
sunlamp/images/img001744.jpg,sunlamp,0,46375,1,42557,-0.411464,0.774521,-0.314649,0.363057,133.892
sunlamp/images/img001754.jpg,sunlamp,0,40410,1,27566,-0.174836,0.799251,0.574462,-0.0249766,63.5161
sunlamp/images/img001755.jpg,sunlamp,0,57153,1,30456,0.136234,0.871899,0.0817405,-0.463196,134.499
sunlamp/images/img001760.jpg,sunlamp,2,34400,1,34652,0.145617,0.931951,0.320358,-0.0873704,138.333
sunlamp/images/img001763.jpg,sunlamp,0,65763,1,24354,-0.483068,0.813589,0.228822,-0.228822,121.711
sunlamp/images/img001764.jpg,sunlamp,1,42727,1,42462,-0.655727,0.676879,-0.190372,0.274982,28.3233
sunlamp/images/img001767.jpg,sunlamp,1,63444,1,21461,-0.327154,0.805302,0.125828,-0.478148,106.213
sunlamp/images/img001769.jpg,sunlamp,1,35414,1,03467,-0.328824,0.809414,-0.227648,-0.430001,112.817
sunlamp/images/img001770.jpg,sunlamp,3,56066,1,07356,-0.0888913,0.948174,-0.148152,-0.266674,116.927
sunlamp/images/img001771.jpg,sunlamp,3,26553,1,07457,-0.25205,0.896179,-0.364073,-0.0280056,118.559
sunlamp/images/img001781.jpg,sunlamp,2,53521,1,03456,-0.274743,0.799251,-0.324696,-0.424602,91.699
sunlamp/images/img001785.jpg,sunlamp,2,74342,1,42357,-0.456468,0.859235,-0.134255,0.187958,165.946
sunlamp/images/img001787.jpg,sunlamp,1,30742,1,21554,-0.0824786,0.879772,0.0274929,-0.467379,48.0934
sunlamp/images/img001796.jpg,sunlamp,1,14664,1,34651,0.205262,0.93834,0.263908,-0.0879694,97.6462
sunlamp/images/img001802.jpg,sunlamp,2,11102,1,42572,-0.469888,0.791391,-0.222579,0.321503,57.1597
sunlamp/images/img001804.jpg,sunlamp,3,16546,1,03467,-0.328824,0.809414,-0.227648,-0.430001,79.8944
sunlamp/images/img001806.jpg,sunlamp,2,70710,1,42352,-0.501565,0.844742,-0.131991,0.131991,176.089
sunlamp/images/img001807.jpg,sunlamp,1,44325,1,43462,-0.387427,0.826512,-0.232456,0.33577,28.3499
sunlamp/images/img001813.jpg,sunlamp,2,65311,1,21656,-0.278951,0.811493,0.278951,-0.431106,150.931
sunlamp/images/img001816.jpg,sunlamp,1,52663,1,03756,-0.0817405,0.871899,-0.136234,-0.463196,99.7392
sunlamp/images/img001819.jpg,sunlamp,3,35473,2,07366,-0.205971,-0.0294245,0.941584,-0.26482,131.555
sunlamp/images/img001830.jpg,sunlamp,3,41372,1,42557,-0.411464,0.774521,-0.314649,0.363057,174.904
sunlamp/images/img001832.jpg,sunlamp,2,36673,1,43337,-0.0310835,0.994672,-0.0310835,0.0932505,98.2691
sunlamp/images/img001835.jpg,sunlamp,1,34465,1,25552,-0.092538,0.987072,0.092538,-0.092538,25.4236
sunlamp/images/img001837.jpg,sunlamp,0,67253,0,42356,0.837765,-0.497423,-0.130901,0.183261,96.1216
sunlamp/images/img001838.jpg,sunlamp,2,70174,1,43266,-0.416185,0.887862,-0.0277457,0.19422,178.817
sunlamp/images/img001839.jpg,sunlamp,3,56201,1,03657,-0.238919,0.849491,-0.132733,-0.451292,99.8506
sunlamp/images/img001842.jpg,sunlamp,3,21245,3,22556,-0.421184,0.421184,-0.376848,0.709362,36.992
sunlamp/images/img001843.jpg,sunlamp,1,33456,1,30454,0.136641,0.8745,0.0273281,-0.464578,62.8908
sunlamp/images/img001847.jpg,sunlamp,0,07023,1,07256,-0.311003,0.904735,-0.141365,-0.254457,129.295
sunlamp/images/img001851.jpg,sunlamp,2,06560,1,41522,-0.165963,0.758686,-0.592723,0.21338,108.676
sunlamp/images/img001852.jpg,sunlamp,3,41241,1,21056,-0.260798,0.758686,0.0711268,-0.592723,77.6845
sunlamp/images/img001853.jpg,sunlamp,1,11643,1,43455,-0.228232,0.811493,-0.380387,0.380387,124.595
sunlamp/images/img001856.jpg,sunlamp,3,34251,1,04553,-0.365528,0.688053,-0.623548,-0.0645049,155.368
sunlamp/images/img001858.jpg,sunlamp,1,47145,1,07257,-0.258625,0.919555,-0.143681,-0.258625,103.336
sunlamp/images/img001859.jpg,sunlamp,3,21470,1,03467,-0.328824,0.809414,-0.227648,-0.430001,174.114
sunlamp/images/img001860.jpg,sunlamp,2,12777,2,03567,-0.132733,-0.238919,0.849491,-0.451292,65.8593
sunlamp/images/img001862.jpg,sunlamp,0,07747,3,43556,-0.0794162,-0.344137,0.397081,0.847106,167.761
sunlamp/images/img001864.jpg,sunlamp,1,52102,1,24357,-0.43676,0.822136,0.282609,-0.231226,117.889
sunlamp/images/img001867.jpg,sunlamp,3,52070,1,21654,-0.282609,0.822136,0.231226,-0.43676,94.0317
sunlamp/images/img001871.jpg,sunlamp,3,37751,1,21457,-0.240278,0.854321,0.0800926,-0.453858,178.409
sunlamp/images/img001873.jpg,sunlamp,2,63011,1,23556,-0.0731272,0.780024,0.463139,-0.414388,83.8329
sunlamp/images/img001877.jpg,sunlamp,2,04656,1,24731,-0.434472,0.817829,0.332243,-0.1789,167.485
sunlamp/images/img001879.jpg,sunlamp,0,32151,1,30267,0.0691347,0.737437,0.345674,-0.576123,85.4153
sunlamp/images/img001880.jpg,sunlamp,1,04777,1,24352,-0.471042,0.793334,0.272709,-0.272709,87.515
sunlamp/images/img001881.jpg,sunlamp,1,73262,1,43462,-0.387427,0.826512,-0.232456,0.33577,146.168
sunlamp/images/img001885.jpg,sunlamp,1,07534,1,21566,-0.186352,0.851896,0.186352,-0.45257,71.6091
sunlamp/images/img001886.jpg,sunlamp,0,63614,1,30754,0.328824,0.809414,0.227648,-0.430001,174.826
sunlamp/images/img001893.jpg,sunlamp,3,24445,3,03267,-0.304808,-0.0234468,-0.58617,0.750298,79.0723
sunlamp/images/img001896.jpg,sunlamp,2,60046,1,24316,-0.464244,0.781884,0.268773,-0.317641,119.076
sunlamp/images/img001898.jpg,sunlamp,1,62230,1,07256,-0.311003,0.904735,-0.141365,-0.254457,100.903
sunlamp/images/img001901.jpg,sunlamp,0,36606,1,24336,-0.45047,0.758686,0.355634,-0.308216,172.21
sunlamp/images/img001912.jpg,sunlamp,0,61315,2,03566,-0.184274,-0.236924,0.842397,-0.447523,178.163
sunlamp/images/img001916.jpg,sunlamp,1,74324,1,42351,-0.456468,0.859235,-0.187958,0.134255,108.391
sunlamp/images/img001918.jpg,sunlamp,3,24505,1,03666,-0.38236,0.8157,-0.0254906,-0.433341,164.349
sunlamp/images/img001919.jpg,sunlamp,2,46332,1,34661,0.0862083,0.919555,0.373569,-0.0862083,156.053
sunlamp/images/img001920.jpg,sunlamp,3,15226,1,24351,-0.43676,0.822136,0.231226,-0.282609,77.1392
sunlamp/images/img001921.jpg,sunlamp,0,34445,1,43356,-0.090167,0.961781,-0.150278,0.21039,178.808
sunlamp/images/img001924.jpg,sunlamp,3,52253,1,07457,-0.25205,0.896179,-0.364073,-0.0280056,150.615
sunlamp/images/img001929.jpg,sunlamp,2,01422,1,03552,-0.0758825,0.809414,-0.328824,-0.480589,135.162
sunlamp/images/img001932.jpg,sunlamp,3,34105,1,07456,-0.30334,0.882444,-0.358493,-0.0275764,172.955
sunlamp/images/img001937.jpg,sunlamp,0,71220,1,24356,-0.476942,0.80327,0.276124,-0.22592,175.925
sunlamp/images/img001938.jpg,sunlamp,1,63565,1,25552,-0.092538,0.987072,0.092538,-0.092538,73.3111
sunlamp/images/img001943.jpg,sunlamp,2,13421,1,21661,-0.313185,0.770916,0.313185,-0.457732,165.526
sunlamp/images/img001946.jpg,sunlamp,3,51442,1,24356,-0.476942,0.80327,0.276124,-0.22592,84.753
sunlamp/images/img001947.jpg,sunlamp,1,01674,2,12667,0.0824786,-0.0274929,0.879772,-0.467379,151.402
sunlamp/images/img001950.jpg,sunlamp,0,21077,0,34066,0.941584,0.0294245,0.205971,-0.26482,53.0424
sunlamp/images/img001952.jpg,sunlamp,2,61157,1,25552,-0.092538,0.987072,0.092538,-0.092538,163.57
sunlamp/images/img001955.jpg,sunlamp,2,06700,1,30767,0.270066,0.785646,0.368271,-0.417374,171.567
sunlamp/images/img001957.jpg,sunlamp,2,47345,1,21567,-0.134255,0.859235,0.187958,-0.456468,151.56
sunlamp/images/img001959.jpg,sunlamp,1,33145,1,24151,-0.448769,0.844742,0.0263982,-0.29038,126.309
sunlamp/images/img001960.jpg,sunlamp,0,04107,1,07056,-0.294514,0.856767,-0.348062,-0.240966,147.974
sunlamp/images/img001965.jpg,sunlamp,2,40351,1,43432,-0.304267,0.88514,-0.248946,0.248946,118.737
sunlamp/images/img001968.jpg,sunlamp,3,21054,1,21756,-0.0789747,0.842397,0.289574,-0.447523,120.977
sunlamp/images/img001970.jpg,sunlamp,1,71736,1,27556,-0.0803219,0.856767,0.508706,-0.026774,92.4796
sunlamp/images/img001974.jpg,sunlamp,0,06310,0,07056,0.856767,-0.294514,-0.348062,-0.240966,34.2561
sunlamp/images/img001976.jpg,sunlamp,0,02554,1,03466,-0.372793,0.795292,-0.223676,-0.422499,135.623
sunlamp/images/img001981.jpg,sunlamp,3,43526,0,43462,0.826512,-0.387427,-0.232456,0.33577,160.188
sunlamp/images/img001987.jpg,sunlamp,1,65327,1,07356,-0.0888913,0.948174,-0.148152,-0.266674,108.497
sunlamp/images/img001993.jpg,sunlamp,0,06226,1,42761,-0.518084,0.789462,-0.0740121,0.320719,27.5648
sunlamp/images/img001994.jpg,sunlamp,0,61611,1,07466,-0.411152,0.877124,-0.246691,-0.0274101,95.8175
sunlamp/images/img001999.jpg,sunlamp,1,72766,1,43267,-0.368729,0.907642,-0.0283638,0.198547,109.247
sunlamp/images/img002002.jpg,sunlamp,0,47317,0,43353,0.975991,-0.0304997,-0.152499,0.152499,44.413
sunlamp/images/img002006.jpg,sunlamp,3,51250,0,42346,0.793334,-0.570209,-0.123958,0.173542,79.1947
sunlamp/images/img002007.jpg,sunlamp,1,73042,1,43252,-0.318206,0.925691,-0.144639,0.144639,114.306
sunlamp/images/img002012.jpg,sunlamp,0,15222,1,42356,-0.497423,0.837765,-0.130901,0.183261,171.655
sunlamp/images/img002013.jpg,sunlamp,1,16015,1,43552,-0.0810219,0.864234,-0.351095,0.351095,87.2569
sunlamp/images/img002014.jpg,sunlamp,0,60062,1,43261,-0.371126,0.91354,-0.0856444,0.142741,54.7203
sunlamp/images/img002018.jpg,sunlamp,3,47213,1,34162,0.25205,0.896179,0.196039,-0.308062,141.222
sunlamp/images/img002023.jpg,sunlamp,2,04707,1,34652,0.145617,0.931951,0.320358,-0.0873704,150.171
sunlamp/images/img002026.jpg,sunlamp,0,53166,1,30061,0.0709674,0.756986,0.118279,-0.638707,136.483
sunlamp/images/img002027.jpg,sunlamp,0,27100,1,43462,-0.387427,0.826512,-0.232456,0.33577,96.6364
sunlamp/images/img002028.jpg,sunlamp,0,23050,3,27052,-0.272709,0.471042,-0.272709,0.793334,61.8234
sunlamp/images/img002031.jpg,sunlamp,1,07264,1,03666,-0.38236,0.8157,-0.0254906,-0.433341,25.7222
sunlamp/images/img002034.jpg,sunlamp,2,77403,1,47327,-0.133109,0.851896,-0.0266217,0.505813,116.261
sunlamp/images/img002035.jpg,sunlamp,3,13365,1,24352,-0.471042,0.793334,0.272709,-0.272709,100.702
sunlamp/images/img002036.jpg,sunlamp,3,36020,1,30567,0.285642,0.830959,0.181772,-0.441447,174.446
sunlamp/images/img002042.jpg,sunlamp,1,01726,1,07452,-0.302422,0.879772,-0.357407,-0.0824786,51.7917
sunlamp/images/img002043.jpg,sunlamp,3,52114,0,42714,0.811493,-0.481824,-0.177514,0.278951,94.5581
sunlamp/images/img002046.jpg,sunlamp,2,50422,1,24357,-0.43676,0.822136,0.282609,-0.231226,139.858
sunlamp/images/img002047.jpg,sunlamp,2,07762,1,25536,-0.090167,0.961781,0.21039,-0.150278,154.9
sunlamp/images/img002050.jpg,sunlamp,2,60106,1,34052,0.145617,0.931951,0.0873704,-0.320358,178.144
sunlamp/images/img002051.jpg,sunlamp,0,03755,0,43463,0.842397,-0.342224,-0.236924,0.342224,105.019
sunlamp/images/img002052.jpg,sunlamp,1,70375,1,42352,-0.501565,0.844742,-0.131991,0.131991,119.673
sunlamp/images/img002057.jpg,sunlamp,2,67636,1,07236,-0.30334,0.882444,-0.0275764,-0.358493,136.739
sunlamp/images/img002059.jpg,sunlamp,2,41217,1,30467,0.0810219,0.864234,0.189051,-0.459124,136.728
sunlamp/images/img002060.jpg,sunlamp,1,42416,2,21566,-0.186352,0.186352,0.851896,-0.45257,168.155
sunlamp/images/img002064.jpg,sunlamp,3,36052,1,03466,-0.372793,0.795292,-0.223676,-0.422499,174.693
sunlamp/images/img002068.jpg,sunlamp,0,27725,1,24336,-0.45047,0.758686,0.355634,-0.308216,166.07
sunlamp/images/img002073.jpg,sunlamp,0,72064,0,27046,0.778177,-0.36477,0.462042,-0.218862,64.6502
sunlamp/images/img002074.jpg,sunlamp,1,60377,1,42552,-0.457732,0.770916,-0.313185,0.313185,80.31
sunlamp/images/img002075.jpg,sunlamp,3,76124,1,21756,-0.0789747,0.842397,0.289574,-0.447523,160.172
sunlamp/images/img002080.jpg,sunlamp,2,63227,1,43266,-0.416185,0.887862,-0.0277457,0.19422,91.2121
sunlamp/images/img002083.jpg,sunlamp,3,16460,1,43457,-0.232456,0.826512,-0.33577,0.387427,162.441
sunlamp/images/img002084.jpg,sunlamp,1,54524,1,07457,-0.25205,0.896179,-0.364073,-0.0280056,90.0943
sunlamp/images/img002086.jpg,sunlamp,3,72037,1,24353,-0.431106,0.811493,0.278951,-0.278951,158.183
sunlamp/images/img002089.jpg,sunlamp,0,61324,1,42356,-0.497423,0.837765,-0.130901,0.183261,101.483
sunlamp/images/img002093.jpg,sunlamp,1,24723,1,24532,-0.493382,0.830959,0.181772,-0.181772,21.417
sunlamp/images/img002099.jpg,sunlamp,3,27502,1,34037,0.194821,0.890609,0.194821,-0.36181,173.983
sunlamp/images/img002100.jpg,sunlamp,1,70475,1,03467,-0.328824,0.809414,-0.227648,-0.430001,128.621
sunlamp/images/img002105.jpg,sunlamp,3,50350,0,07466,0.877124,-0.411152,-0.246691,-0.0274101,126.598
sunlamp/images/img002113.jpg,sunlamp,3,35753,2,07356,-0.0888913,-0.148152,0.948174,-0.266674,142.307
sunlamp/images/img002114.jpg,sunlamp,2,62341,1,43252,-0.318206,0.925691,-0.144639,0.144639,113.583
sunlamp/images/img002116.jpg,sunlamp,2,42032,1,21466,-0.376533,0.80327,0.175715,-0.426737,157.782
sunlamp/images/img002117.jpg,sunlamp,1,45026,1,43657,-0.244497,0.869321,-0.135831,0.407494,51.075
sunlamp/images/img002120.jpg,sunlamp,2,37721,1,34052,0.145617,0.931951,0.0873704,-0.320358,91.2464
sunlamp/images/img002121.jpg,sunlamp,1,50303,1,24552,-0.507253,0.854321,0.0800926,-0.0800926,118.931
sunlamp/images/img002126.jpg,sunlamp,1,70005,1,43257,-0.262111,0.931951,-0.145617,0.203864,47.9032
sunlamp/images/img002128.jpg,sunlamp,1,57632,2,24152,-0.488143,0.0770752,0.822136,-0.282609,139.815
sunlamp/images/img002132.jpg,sunlamp,1,03744,1,24056,-0.628928,0.745396,0.0698809,-0.209643,68.479
sunlamp/images/img002136.jpg,sunlamp,1,77742,1,23766,-0.145236,0.663935,0.643187,-0.352715,128.727
sunlamp/images/img002138.jpg,sunlamp,2,47374,1,03467,-0.328824,0.809414,-0.227648,-0.430001,121.69
sunlamp/images/img002141.jpg,sunlamp,3,74032,1,34052,0.145617,0.931951,0.0873704,-0.320358,176.721
sunlamp/images/img002142.jpg,sunlamp,1,12541,1,21451,-0.234978,0.835478,0.0261087,-0.496065,73.8862
sunlamp/images/img002146.jpg,sunlamp,2,25310,1,07554,-0.084549,0.901856,-0.422745,-0.028183,164.233
sunlamp/images/img002149.jpg,sunlamp,0,43412,0,42167,0.801253,-0.525822,-0.225352,0.175274,33.9567
sunlamp/images/img002151.jpg,sunlamp,2,70753,1,42357,-0.456468,0.859235,-0.134255,0.187958,177.139
sunlamp/images/img002159.jpg,sunlamp,3,06377,1,21462,-0.368271,0.785646,0.17186,-0.466477,143.032
sunlamp/images/img002162.jpg,sunlamp,3,72150,1,43452,-0.285642,0.830959,-0.337577,0.337577,118.892
sunlamp/images/img002163.jpg,sunlamp,2,30760,1,03657,-0.238919,0.849491,-0.132733,-0.451292,142.317
sunlamp/images/img002166.jpg,sunlamp,0,52322,1,23566,-0.160973,0.735875,0.52891,-0.390934,176.151
sunlamp/images/img002168.jpg,sunlamp,3,47034,0,42056,0.720787,-0.608164,-0.29282,0.157672,173.494
sunlamp/images/img002169.jpg,sunlamp,1,65107,1,43622,-0.411152,0.877124,-0.0274101,0.246691,48.7858
sunlamp/images/img002171.jpg,sunlamp,3,45152,1,21757,-0.0263982,0.844742,0.29038,-0.448769,93.4968
sunlamp/images/img002173.jpg,sunlamp,2,76226,1,42353,-0.46047,0.866766,-0.135432,0.135432,118.206
sunlamp/images/img002177.jpg,sunlamp,0,07645,1,07256,-0.311003,0.904735,-0.141365,-0.254457,106.67
sunlamp/images/img002181.jpg,sunlamp,1,10072,2,23456,-0.259633,0.448458,0.755297,-0.401252,169.868
sunlamp/images/img002184.jpg,sunlamp,0,63016,2,30552,0.328824,0.0758825,0.809414,-0.480589,105.949
sunlamp/images/img002185.jpg,sunlamp,0,54017,1,24052,-0.622212,0.737437,0.0691347,-0.253494,127.072
sunlamp/images/img002188.jpg,sunlamp,0,12527,1,60567,-0.503581,0.767362,0.16786,0.359701,132.652
sunlamp/images/img002192.jpg,sunlamp,3,12436,1,07256,-0.311003,0.904735,-0.141365,-0.254457,137.685
sunlamp/images/img002193.jpg,sunlamp,2,74157,1,25352,-0.0840168,0.896179,0.308062,-0.308062,167.584
sunlamp/images/img002194.jpg,sunlamp,3,31173,1,45052,-0.223284,0.649554,-0.588658,0.42627,117.634
sunlamp/images/img002195.jpg,sunlamp,2,74174,1,60555,-0.433341,0.8157,0.0254906,0.38236,155.562
sunlamp/images/img002198.jpg,sunlamp,3,70473,1,03466,-0.372793,0.795292,-0.223676,-0.422499,134.98
sunlamp/images/img002201.jpg,sunlamp,0,42117,0,43042,0.842397,-0.394874,-0.342224,0.131625,7.81827
sunlamp/images/img002208.jpg,sunlamp,2,40011,1,21757,-0.0263982,0.844742,0.29038,-0.448769,140.693
sunlamp/images/img002210.jpg,sunlamp,3,52163,1,43262,-0.420084,0.896179,-0.0280056,0.140028,152.765
sunlamp/images/img002212.jpg,sunlamp,1,63321,1,23576,-0.0697297,0.743784,0.534595,-0.395135,48.8779
sunlamp/images/img002213.jpg,sunlamp,1,12646,1,27351,-0.0237624,0.760398,0.594061,-0.261387,88.1403
sunlamp/images/img002218.jpg,sunlamp,3,07772,3,43057,-0.247436,-0.357407,0.19245,0.879772,55.1327
sunlamp/images/img002220.jpg,sunlamp,2,47026,1,12657,0.187958,0.859235,-0.134255,-0.456468,110.716
sunlamp/images/img002225.jpg,sunlamp,2,74266,1,24052,-0.622212,0.737437,0.0691347,-0.253494,161.344
sunlamp/images/img002226.jpg,sunlamp,2,47121,1,24552,-0.507253,0.854321,0.0800926,-0.0800926,163.574
sunlamp/images/img002227.jpg,sunlamp,1,06505,1,03667,-0.337577,0.830959,-0.0259675,-0.441447,56.8757
sunlamp/images/img002228.jpg,sunlamp,1,76431,1,43266,-0.416185,0.887862,-0.0277457,0.19422,100.067
sunlamp/images/img002229.jpg,sunlamp,3,50312,1,21466,-0.376533,0.80327,0.175715,-0.426737,57.8923
sunlamp/images/img002231.jpg,sunlamp,0,22500,1,43455,-0.228232,0.811493,-0.380387,0.380387,64.4357
sunlamp/images/img002232.jpg,sunlamp,3,54231,1,06341,-0.51935,0.791391,-0.173117,-0.272041,85.6383
sunlamp/images/img002237.jpg,sunlamp,3,56400,2,03466,-0.372793,-0.223676,0.795292,-0.422499,157.351
sunlamp/images/img002240.jpg,sunlamp,1,27040,1,23556,-0.0731272,0.780024,0.463139,-0.414388,38.5741
sunlamp/images/img002243.jpg,sunlamp,1,25017,1,43252,-0.318206,0.925691,-0.144639,0.144639,62.8142
sunlamp/images/img002244.jpg,sunlamp,3,36501,1,03467,-0.328824,0.809414,-0.227648,-0.430001,172.719
sunlamp/images/img002246.jpg,sunlamp,0,25155,0,24752,0.822136,-0.488143,0.282609,-0.0770752,70.5365
sunlamp/images/img002249.jpg,sunlamp,2,60441,2,24352,-0.471042,0.272709,0.793334,-0.272709,77.3921
sunlamp/images/img002251.jpg,sunlamp,0,61115,1,43257,-0.262111,0.931951,-0.145617,0.203864,145.516
sunlamp/images/img002253.jpg,sunlamp,2,25527,1,34052,0.145617,0.931951,0.0873704,-0.320358,142.326
sunlamp/images/img002255.jpg,sunlamp,1,52776,1,24152,-0.488143,0.822136,0.0770752,-0.282609,130.343
sunlamp/images/img002258.jpg,sunlamp,0,25451,1,42366,-0.574462,0.799251,-0.0249766,0.174836,77.7896
sunlamp/images/img002263.jpg,sunlamp,3,32661,1,24732,-0.466477,0.785646,0.368271,-0.17186,157.652
sunlamp/images/img002265.jpg,sunlamp,2,57443,1,03552,-0.0758825,0.809414,-0.328824,-0.480589,83.1913
sunlamp/images/img002267.jpg,sunlamp,2,76036,1,42352,-0.501565,0.844742,-0.131991,0.131991,139.23
sunlamp/images/img002277.jpg,sunlamp,3,17320,0,43047,0.851896,-0.346083,-0.346083,0.186352,80.1549
sunlamp/images/img002280.jpg,sunlamp,3,74030,1,30467,0.0810219,0.864234,0.189051,-0.459124,158.654
sunlamp/images/img002286.jpg,sunlamp,2,25146,1,30467,0.0810219,0.864234,0.189051,-0.459124,137.246
sunlamp/images/img002289.jpg,sunlamp,1,23672,1,43252,-0.318206,0.925691,-0.144639,0.144639,116.187
sunlamp/images/img002294.jpg,sunlamp,3,66423,1,03254,-0.257915,0.750298,-0.164128,-0.58617,177.035
sunlamp/images/img002298.jpg,sunlamp,0,52346,1,24557,-0.467379,0.879772,0.0824786,-0.0274929,152.283
sunlamp/images/img002299.jpg,sunlamp,3,07142,3,03667,-0.337577,-0.0259675,-0.441447,0.830959,43.2734
sunlamp/images/img002303.jpg,sunlamp,1,40275,1,07256,-0.311003,0.904735,-0.141365,-0.254457,66.2496
sunlamp/images/img002307.jpg,sunlamp,0,11700,1,21767,-0.126471,0.809414,0.379413,-0.430001,142.113
sunlamp/images/img002310.jpg,sunlamp,3,65713,1,24552,-0.507253,0.854321,0.0800926,-0.0800926,156.777
sunlamp/images/img002315.jpg,sunlamp,0,61222,0,24756,0.824315,-0.489437,0.283358,-0.0257599,16.9968
sunlamp/images/img002317.jpg,sunlamp,2,10472,1,43462,-0.387427,0.826512,-0.232456,0.33577,72.213
sunlamp/images/img002318.jpg,sunlamp,3,25255,1,03467,-0.328824,0.809414,-0.227648,-0.430001,172.676
sunlamp/images/img002321.jpg,sunlamp,1,16530,1,43352,-0.0911606,0.972379,-0.151934,0.151934,69.1988
sunlamp/images/img002324.jpg,sunlamp,0,45573,3,43246,-0.412393,-0.137464,0.19245,0.879772,161.264
sunlamp/images/img002325.jpg,sunlamp,0,16032,1,42167,-0.525822,0.801253,-0.225352,0.175274,136.311
sunlamp/images/img002332.jpg,sunlamp,1,42106,1,03467,-0.328824,0.809414,-0.227648,-0.430001,64.9727
sunlamp/images/img002338.jpg,sunlamp,2,30142,2,30464,0.0273281,0.136641,0.8745,-0.464578,33.321
sunlamp/images/img002341.jpg,sunlamp,1,43300,1,43352,-0.0911606,0.972379,-0.151934,0.151934,18.9205
sunlamp/images/img002343.jpg,sunlamp,0,01270,3,52136,0.362936,-0.251263,0.0837545,0.893381,151.597
sunlamp/images/img002344.jpg,sunlamp,2,27650,1,43242,-0.416185,0.887862,-0.138728,0.138728,116.532
sunlamp/images/img002347.jpg,sunlamp,0,60545,1,24052,-0.622212,0.737437,0.0691347,-0.253494,34.9068
sunlamp/images/img002352.jpg,sunlamp,3,13443,1,32441,0.0731272,0.780024,0.414388,-0.463139,89.7422
sunlamp/images/img002353.jpg,sunlamp,3,24100,0,42332,0.859235,-0.510171,-0.0268511,0.0268511,125.909
sunlamp/images/img002359.jpg,sunlamp,3,30603,1,02756,-0.460953,0.776342,-0.121303,-0.412432,170.828
sunlamp/images/img002361.jpg,sunlamp,1,74027,1,24552,-0.507253,0.854321,0.0800926,-0.0800926,96.8011
sunlamp/images/img002364.jpg,sunlamp,1,01356,1,03552,-0.0758825,0.809414,-0.328824,-0.480589,21.42
sunlamp/images/img002367.jpg,sunlamp,0,65237,1,07254,-0.308062,0.896179,-0.196039,-0.25205,101.301
sunlamp/images/img002368.jpg,sunlamp,1,63662,1,03667,-0.337577,0.830959,-0.0259675,-0.441447,117.775
sunlamp/images/img002375.jpg,sunlamp,2,34746,1,34422,0.0298408,0.954905,0.208885,-0.208885,116.732
sunlamp/images/img002377.jpg,sunlamp,3,61416,1,42562,-0.541664,0.753619,-0.211955,0.306158,128.649
sunlamp/images/img002379.jpg,sunlamp,0,72054,1,23451,-0.214834,0.763856,0.405798,-0.453539,175.1
sunlamp/images/img002380.jpg,sunlamp,0,42134,0,42356,0.837765,-0.497423,-0.130901,0.183261,23.6421
sunlamp/images/img002384.jpg,sunlamp,2,65332,1,42552,-0.457732,0.770916,-0.313185,0.313185,153.828
sunlamp/images/img002385.jpg,sunlamp,0,47221,1,02557,-0.403961,0.760398,-0.308911,-0.403961,83.1281
sunlamp/images/img002386.jpg,sunlamp,0,71302,3,27052,-0.272709,0.471042,-0.272709,0.793334,179.21
sunlamp/images/img002389.jpg,sunlamp,3,62101,1,24351,-0.43676,0.822136,0.231226,-0.282609,138.424
sunlamp/images/img002395.jpg,sunlamp,1,20564,1,30467,0.0810219,0.864234,0.189051,-0.459124,72.8482
sunlamp/images/img002399.jpg,sunlamp,2,06723,1,43457,-0.232456,0.826512,-0.33577,0.387427,152.999
sunlamp/images/img002403.jpg,sunlamp,2,15376,1,24352,-0.471042,0.793334,0.272709,-0.272709,141.15
sunlamp/images/img002404.jpg,sunlamp,2,73245,1,43462,-0.387427,0.826512,-0.232456,0.33577,157.71
sunlamp/images/img002408.jpg,sunlamp,3,61210,1,34056,0.148152,0.948174,0.0888913,-0.266674,172.901
sunlamp/images/img002410.jpg,sunlamp,0,62121,1,04356,-0.435089,0.732782,-0.480888,-0.206095,47.7717
sunlamp/images/img002412.jpg,sunlamp,1,42564,1,30467,0.0810219,0.864234,0.189051,-0.459124,134.501
sunlamp/images/img002414.jpg,sunlamp,0,74272,1,24551,-0.467379,0.879772,0.0274929,-0.0824786,144.038
sunlamp/images/img002415.jpg,sunlamp,2,55641,1,30767,0.270066,0.785646,0.368271,-0.417374,151.283
sunlamp/images/img002416.jpg,sunlamp,0,22233,1,47432,-0.255676,0.743784,-0.209189,0.581081,62.4704
sunlamp/images/img002417.jpg,sunlamp,1,41546,1,43267,-0.368729,0.907642,-0.0283638,0.198547,79.4507
sunlamp/images/img002418.jpg,sunlamp,3,70331,1,03657,-0.238919,0.849491,-0.132733,-0.451292,156.307
sunlamp/images/img002420.jpg,sunlamp,0,21272,1,30737,0.342773,0.73125,0.342773,-0.479882,125.002
sunlamp/images/img002421.jpg,sunlamp,2,70300,1,43252,-0.318206,0.925691,-0.144639,0.144639,174.13
sunlamp/images/img002422.jpg,sunlamp,3,22727,1,42452,-0.590455,0.699798,-0.284293,0.284293,46.2232
sunlamp/images/img002423.jpg,sunlamp,2,55234,1,24352,-0.471042,0.793334,0.272709,-0.272709,127.283
sunlamp/images/img002425.jpg,sunlamp,3,34443,1,24552,-0.507253,0.854321,0.0800926,-0.0800926,172.092
sunlamp/images/img002431.jpg,sunlamp,0,56641,1,34032,0.137464,0.879772,0.19245,-0.412393,163.629
sunlamp/images/img002432.jpg,sunlamp,1,61150,1,43267,-0.368729,0.907642,-0.0283638,0.198547,36.2475
sunlamp/images/img002434.jpg,sunlamp,1,71343,1,03456,-0.274743,0.799251,-0.324696,-0.424602,148.176
sunlamp/images/img002435.jpg,sunlamp,0,04575,1,47402,-0.331862,0.707972,-0.287613,0.553103,139.894
sunlamp/images/img002444.jpg,sunlamp,3,44225,1,23465,-0.296452,0.729727,0.478883,-0.387667,160.034
sunlamp/images/img002447.jpg,sunlamp,2,52422,1,34562,0.263908,0.93834,0.205262,-0.0879694,171.423
sunlamp/images/img002454.jpg,sunlamp,1,71650,1,03556,-0.0776931,0.828726,-0.33667,-0.440261,136.534
sunlamp/images/img002458.jpg,sunlamp,0,21465,0,43653,0.887862,-0.249711,-0.138728,0.360694,100.315
sunlamp/images/img002459.jpg,sunlamp,3,14366,1,24552,-0.507253,0.854321,0.0800926,-0.0800926,110.457
sunlamp/images/img002464.jpg,sunlamp,0,47026,1,43462,-0.387427,0.826512,-0.232456,0.33577,131.273
sunlamp/images/img002472.jpg,sunlamp,3,62702,1,42735,-0.447523,0.842397,-0.0789747,0.289574,60.5307
sunlamp/images/img002475.jpg,sunlamp,2,56304,1,07236,-0.30334,0.882444,-0.0275764,-0.358493,129.032
sunlamp/images/img002477.jpg,sunlamp,2,50206,1,27536,-0.0753066,0.80327,0.57735,-0.125511,178.268
sunlamp/images/img002478.jpg,sunlamp,2,25034,1,43351,-0.0301648,0.965275,-0.211154,0.150824,167.272
sunlamp/images/img002480.jpg,sunlamp,0,25052,0,42356,0.837765,-0.497423,-0.130901,0.183261,65.348
sunlamp/images/img002481.jpg,sunlamp,1,04512,1,43252,-0.318206,0.925691,-0.144639,0.144639,70.8521
sunlamp/images/img002482.jpg,sunlamp,2,36065,1,07056,-0.294514,0.856767,-0.348062,-0.240966,155.619
sunlamp/images/img002485.jpg,sunlamp,3,04706,1,42257,-0.602279,0.770916,-0.120456,0.168638,170.258
sunlamp/images/img002486.jpg,sunlamp,0,52235,1,03267,-0.304808,0.750298,-0.0234468,-0.58617,154.914
sunlamp/images/img002487.jpg,sunlamp,1,04312,1,07066,-0.399326,0.851896,-0.239596,-0.239596,32.18
sunlamp/images/img002488.jpg,sunlamp,1,66361,1,24337,-0.411464,0.774521,0.363057,-0.314649,90.4201
sunlamp/images/img002491.jpg,sunlamp,1,36075,1,34462,0.0303869,0.972379,0.212708,-0.0911606,48.9714
sunlamp/images/img002493.jpg,sunlamp,3,31402,1,03454,-0.270066,0.785646,-0.368271,-0.417374,158.983
sunlamp/images/img002496.jpg,sunlamp,2,17120,1,27256,-0.248782,0.72373,0.610647,-0.203549,156.185
sunlamp/images/img002497.jpg,sunlamp,0,67137,1,42557,-0.411464,0.774521,-0.314649,0.363057,143.386
sunlamp/images/img002498.jpg,sunlamp,1,14024,1,43352,-0.0911606,0.972379,-0.151934,0.151934,82.7175
sunlamp/images/img002502.jpg,sunlamp,2,65133,1,24552,-0.507253,0.854321,0.0800926,-0.0800926,153.964
sunlamp/images/img002504.jpg,sunlamp,2,40301,1,43755,-0.0277457,0.887862,-0.19422,0.416185,108.745
sunlamp/images/img002508.jpg,sunlamp,2,32636,1,30467,0.0810219,0.864234,0.189051,-0.459124,60.8126
sunlamp/images/img002510.jpg,sunlamp,3,43164,1,03456,-0.274743,0.799251,-0.324696,-0.424602,104.153
sunlamp/images/img002513.jpg,sunlamp,1,56063,1,43252,-0.318206,0.925691,-0.144639,0.144639,65.297
sunlamp/images/img002515.jpg,sunlamp,3,07550,1,42552,-0.457732,0.770916,-0.313185,0.313185,174.271
sunlamp/images/img002524.jpg,sunlamp,3,43574,3,43354,-0.0892052,-0.208145,0.208145,0.951522,23.9674
sunlamp/images/img002525.jpg,sunlamp,3,36545,1,30467,0.0810219,0.864234,0.189051,-0.459124,175.146
sunlamp/images/img002528.jpg,sunlamp,1,25305,1,43352,-0.0911606,0.972379,-0.151934,0.151934,80.4617
sunlamp/images/img002529.jpg,sunlamp,1,27205,1,43256,-0.315058,0.916533,-0.143208,0.200492,102.592
sunlamp/images/img002530.jpg,sunlamp,1,70006,1,43352,-0.0911606,0.972379,-0.151934,0.151934,34.6939
sunlamp/images/img002538.jpg,sunlamp,1,12633,1,30467,0.0810219,0.864234,0.189051,-0.459124,30.2948
sunlamp/images/img002540.jpg,sunlamp,0,55033,1,03256,-0.259633,0.755297,-0.118015,-0.590076,176.784
sunlamp/images/img002542.jpg,sunlamp,3,07772,3,43157,-0.0283638,-0.368729,0.198547,0.907642,53.4142
sunlamp/images/img002546.jpg,sunlamp,0,65537,0,34436,0.954905,0.149204,0.208885,-0.149204,98.3466
sunlamp/images/img002548.jpg,sunlamp,2,17274,1,24351,-0.43676,0.822136,0.231226,-0.282609,175.465
sunlamp/images/img002550.jpg,sunlamp,2,77031,1,23457,-0.214834,0.763856,0.453539,-0.405798,134.233
sunlamp/images/img002551.jpg,sunlamp,0,61461,0,07466,0.877124,-0.411152,-0.246691,-0.0274101,61.8844
sunlamp/images/img002552.jpg,sunlamp,3,15644,1,03466,-0.372793,0.795292,-0.223676,-0.422499,54.8192
sunlamp/images/img002553.jpg,sunlamp,0,16206,0,42737,0.844742,-0.448769,-0.0263982,0.29038,97.4011
sunlamp/images/img002555.jpg,sunlamp,3,77306,1,23566,-0.160973,0.735875,0.52891,-0.390934,150.138
sunlamp/images/img002559.jpg,sunlamp,0,13072,3,03577,-0.026774,-0.240966,-0.455158,0.856767,119.214
sunlamp/images/img002561.jpg,sunlamp,3,26151,3,24352,-0.471042,0.272709,-0.272709,0.793334,17.9042
sunlamp/images/img002562.jpg,sunlamp,2,06531,1,07536,-0.0888913,0.948174,-0.266674,-0.148152,128.53
sunlamp/images/img002563.jpg,sunlamp,1,05573,1,25572,-0.0908257,0.968808,0.211927,-0.0908257,102.751
sunlamp/images/img002566.jpg,sunlamp,1,70032,1,52622,0.0300557,0.961781,-0.0300557,0.270501,46.1212
sunlamp/images/img002569.jpg,sunlamp,1,07326,1,07366,-0.205971,0.941584,-0.0294245,-0.26482,12.732
sunlamp/images/img002577.jpg,sunlamp,0,14305,1,24352,-0.471042,0.793334,0.272709,-0.272709,155.087
sunlamp/images/img002579.jpg,sunlamp,0,05731,1,24151,-0.448769,0.844742,0.0263982,-0.29038,137.899
sunlamp/images/img002581.jpg,sunlamp,3,70537,1,30467,0.0810219,0.864234,0.189051,-0.459124,161.691
sunlamp/images/img002584.jpg,sunlamp,3,26477,1,42556,-0.45047,0.758686,-0.308216,0.355634,61.0829
sunlamp/images/img002587.jpg,sunlamp,3,61467,3,60552,-0.480589,0.0758825,0.328824,0.809414,24.1177
sunlamp/images/img002589.jpg,sunlamp,1,25313,1,24351,-0.43676,0.822136,0.231226,-0.282609,50.6128
sunlamp/images/img002592.jpg,sunlamp,0,36115,2,30466,0.0270864,0.189605,0.866766,-0.46047,105.371
sunlamp/images/img002593.jpg,sunlamp,1,23703,1,43451,-0.232456,0.826512,-0.387427,0.33577,155.865
sunlamp/images/img002596.jpg,sunlamp,0,67524,1,24551,-0.467379,0.879772,0.0274929,-0.0824786,123.281
sunlamp/images/img002597.jpg,sunlamp,0,03213,1,21136,-0.0684119,0.729727,0.159628,-0.661315,152.729
sunlamp/images/img002598.jpg,sunlamp,0,40031,1,03467,-0.328824,0.809414,-0.227648,-0.430001,118.028
sunlamp/images/img002599.jpg,sunlamp,0,50625,1,07456,-0.30334,0.882444,-0.358493,-0.0275764,178.981
sunlamp/images/img002600.jpg,sunlamp,2,24560,1,24336,-0.45047,0.758686,0.355634,-0.308216,97.677
sunlamp/images/img002602.jpg,sunlamp,3,42330,1,43254,-0.312002,0.907642,-0.198547,0.198547,152.875
sunlamp/images/img002606.jpg,sunlamp,3,21451,1,21756,-0.0789747,0.842397,0.289574,-0.447523,123.391
sunlamp/images/img002612.jpg,sunlamp,0,27557,1,30767,0.270066,0.785646,0.368271,-0.417374,134.276
sunlamp/images/img002613.jpg,sunlamp,3,61207,1,62551,-0.403961,0.760398,0.403961,0.308911,94.3448
sunlamp/images/img002623.jpg,sunlamp,2,61756,1,42352,-0.501565,0.844742,-0.131991,0.131991,151.634
sunlamp/images/img002630.jpg,sunlamp,3,70425,3,23562,-0.157993,0.51912,-0.428838,0.722254,103.453
sunlamp/images/img002631.jpg,sunlamp,0,24165,1,42532,-0.483068,0.813589,-0.228822,0.228822,50.0654
sunlamp/images/img002632.jpg,sunlamp,1,34532,1,03567,-0.132733,0.849491,-0.238919,-0.451292,82.4488
sunlamp/images/img002636.jpg,sunlamp,0,40706,1,21467,-0.332243,0.817829,0.1789,-0.434472,71.2429
sunlamp/images/img002641.jpg,sunlamp,2,63442,1,24536,-0.497423,0.837765,0.183261,-0.130901,96.1142
sunlamp/images/img002649.jpg,sunlamp,3,34544,1,42552,-0.457732,0.770916,-0.313185,0.313185,153.044
sunlamp/images/img002652.jpg,sunlamp,3,47000,1,47162,-0.175274,0.801253,-0.225352,0.525822,167.632
sunlamp/images/img002655.jpg,sunlamp,0,05355,1,24352,-0.471042,0.793334,0.272709,-0.272709,122.177
sunlamp/images/img002656.jpg,sunlamp,1,56162,1,42352,-0.501565,0.844742,-0.131991,0.131991,97.2692
sunlamp/images/img002668.jpg,sunlamp,0,23577,0,34036,0.899004,0.140469,0.196657,-0.36522,45.9225
sunlamp/images/img002669.jpg,sunlamp,2,06174,1,25367,-0.135831,0.869321,0.407494,-0.244497,157.993
sunlamp/images/img002670.jpg,sunlamp,3,00234,2,03467,-0.328824,-0.227648,0.809414,-0.430001,128.013
sunlamp/images/img002673.jpg,sunlamp,2,34521,1,43452,-0.285642,0.830959,-0.337577,0.337577,141.538
sunlamp/images/img002674.jpg,sunlamp,2,52542,1,21566,-0.186352,0.851896,0.186352,-0.45257,139.286
sunlamp/images/img002675.jpg,sunlamp,2,45262,1,43032,-0.314029,0.91354,-0.256933,0.0285481,131.936
sunlamp/images/img002676.jpg,sunlamp,1,61365,1,42552,-0.457732,0.770916,-0.313185,0.313185,91.4612
sunlamp/images/img002678.jpg,sunlamp,1,52642,1,43356,-0.090167,0.961781,-0.150278,0.21039,21.0583
sunlamp/images/img002681.jpg,sunlamp,0,12344,3,43057,-0.247436,-0.357407,0.19245,0.879772,71.076
sunlamp/images/img002685.jpg,sunlamp,3,55231,0,02766,0.745396,-0.535754,-0.0232936,-0.395992,143.242
sunlamp/images/img002686.jpg,sunlamp,0,34563,1,04766,-0.535754,0.745396,-0.395992,-0.0232936,140.341
sunlamp/images/img002687.jpg,sunlamp,1,60142,1,42256,-0.631676,0.748653,-0.116977,0.163768,24.1963
sunlamp/images/img002688.jpg,sunlamp,2,45352,1,24536,-0.497423,0.837765,0.183261,-0.130901,143.88
sunlamp/images/img002689.jpg,sunlamp,3,77107,1,43246,-0.412393,0.879772,-0.137464,0.19245,158.535
sunlamp/images/img002691.jpg,sunlamp,1,20144,1,04557,-0.366206,0.689329,-0.624704,-0.0215415,100.738
sunlamp/images/img002692.jpg,sunlamp,3,23413,1,30756,0.324696,0.799251,0.274743,-0.424602,160.15
sunlamp/images/img002695.jpg,sunlamp,1,34435,1,34652,0.145617,0.931951,0.320358,-0.0873704,20.1662
sunlamp/images/img002698.jpg,sunlamp,0,21260,1,30767,0.270066,0.785646,0.368271,-0.417374,146.311
sunlamp/images/img002702.jpg,sunlamp,2,02320,1,04356,-0.435089,0.732782,-0.480888,-0.206095,176.097
sunlamp/images/img002704.jpg,sunlamp,2,53361,1,21356,-0.0711268,0.758686,0.260798,-0.592723,177.465
sunlamp/images/img002705.jpg,sunlamp,1,14706,1,43352,-0.0911606,0.972379,-0.151934,0.151934,68.4458
sunlamp/images/img002706.jpg,sunlamp,2,46576,1,07656,-0.321451,0.935129,-0.146114,-0.0292228,161.669
sunlamp/images/img002707.jpg,sunlamp,0,61133,1,03547,-0.128799,0.824315,-0.334878,-0.437917,152.552
sunlamp/images/img002712.jpg,sunlamp,3,43104,1,43472,-0.294514,0.856767,-0.240966,0.348062,178.121
sunlamp/images/img002716.jpg,sunlamp,3,25067,1,30461,0.0796398,0.849491,0.132733,-0.504385,140.016
sunlamp/images/img002717.jpg,sunlamp,1,16466,1,27552,-0.0800926,0.854321,0.507253,-0.0800926,90.776
sunlamp/images/img002718.jpg,sunlamp,1,32541,1,34562,0.263908,0.93834,0.205262,-0.0879694,52.8286
sunlamp/images/img002719.jpg,sunlamp,2,30704,1,03367,-0.122169,0.781884,-0.0244339,-0.610847,125.416
sunlamp/images/img002720.jpg,sunlamp,0,47161,1,43455,-0.228232,0.811493,-0.380387,0.380387,179.889
sunlamp/images/img002721.jpg,sunlamp,2,25057,1,43433,-0.252845,0.899004,-0.252845,0.252845,159.644
sunlamp/images/img002722.jpg,sunlamp,1,16111,1,52422,0.0290252,0.928805,-0.261226,0.261226,86.4542
sunlamp/images/img002724.jpg,sunlamp,0,56404,3,27506,-0.183261,0.497423,-0.130901,0.837765,127.679
sunlamp/images/img002725.jpg,sunlamp,1,07477,1,21554,-0.0824786,0.879772,0.0274929,-0.467379,65.026
sunlamp/images/img002732.jpg,sunlamp,1,52640,1,47252,-0.27406,0.797264,-0.124573,0.523205,44.1056
sunlamp/images/img002733.jpg,sunlamp,3,56430,1,02556,-0.442579,0.745396,-0.302817,-0.395992,88.2641
sunlamp/images/img002736.jpg,sunlamp,2,30524,1,03267,-0.304808,0.750298,-0.0234468,-0.58617,141.205
sunlamp/images/img002737.jpg,sunlamp,2,12001,1,03467,-0.328824,0.809414,-0.227648,-0.430001,162.223
sunlamp/images/img002739.jpg,sunlamp,2,74016,1,52262,0.030846,0.987072,-0.030846,0.15423,165.8
sunlamp/images/img002740.jpg,sunlamp,1,20023,1,03556,-0.0776931,0.828726,-0.33667,-0.440261,85.1543
sunlamp/images/img002741.jpg,sunlamp,0,11743,1,43477,-0.239596,0.851896,-0.239596,0.399326,151.784
sunlamp/images/img002743.jpg,sunlamp,0,52503,1,03652,-0.281129,0.817829,-0.127786,-0.485586,171.805
sunlamp/images/img002746.jpg,sunlamp,1,47243,1,42562,-0.541664,0.753619,-0.211955,0.306158,35.8118
sunlamp/images/img002749.jpg,sunlamp,1,14676,1,42533,-0.442642,0.833209,-0.23434,0.23434,77.0714
sunlamp/images/img002750.jpg,sunlamp,2,05172,1,34452,0.153069,0.979643,0.0918415,-0.0918415,118.465
sunlamp/images/img002756.jpg,sunlamp,1,33451,1,03567,-0.132733,0.849491,-0.238919,-0.451292,103.604
sunlamp/images/img002762.jpg,sunlamp,1,15626,2,25352,-0.0840168,0.308062,0.896179,-0.308062,165.85
sunlamp/images/img002765.jpg,sunlamp,2,71242,1,24357,-0.43676,0.822136,0.282609,-0.231226,149.324
sunlamp/images/img002767.jpg,sunlamp,2,36502,1,43352,-0.0911606,0.972379,-0.151934,0.151934,144.88
sunlamp/images/img002768.jpg,sunlamp,2,17346,1,21766,-0.175715,0.80327,0.376533,-0.426737,160.466
sunlamp/images/img002769.jpg,sunlamp,3,27203,1,21437,-0.225352,0.801253,0.175274,-0.525822,169.027
sunlamp/images/img002773.jpg,sunlamp,3,45203,1,24361,-0.50128,0.763856,0.310316,-0.262575,145.4
sunlamp/images/img002774.jpg,sunlamp,1,64103,1,07462,-0.409922,0.8745,-0.245953,-0.0819844,68.8822
sunlamp/images/img002776.jpg,sunlamp,0,37067,1,03467,-0.328824,0.809414,-0.227648,-0.430001,171.171
sunlamp/images/img002777.jpg,sunlamp,1,23600,1,12656,0.135432,0.866766,-0.135432,-0.46047,94.6369
sunlamp/images/img002778.jpg,sunlamp,3,01277,1,24552,-0.507253,0.854321,0.0800926,-0.0800926,142.006
sunlamp/images/img002780.jpg,sunlamp,0,00772,0,02746,0.74059,-0.532299,-0.115717,-0.393438,30.2874
sunlamp/images/img002781.jpg,sunlamp,3,43735,1,03742,-0.183261,0.837765,-0.130901,-0.497423,106.576
sunlamp/images/img002782.jpg,sunlamp,3,02755,1,34057,0.205262,0.93834,0.0879694,-0.263908,120.074
sunlamp/images/img002783.jpg,sunlamp,1,52474,1,42352,-0.501565,0.844742,-0.131991,0.131991,82.8633
sunlamp/images/img002787.jpg,sunlamp,0,07771,0,42334,0.854321,-0.507253,-0.0800926,0.0800926,59.6101
sunlamp/images/img002788.jpg,sunlamp,1,41117,1,43356,-0.090167,0.961781,-0.150278,0.21039,68.521
