image_relpath,domain,chart_gt,path_gt,chart_pred,path_pred,q_pred_w,q_pred_x,q_pred_y,q_pred_z,err_deg
synthetic/images/img000014.jpg,synthetic_val,1,46211,1,46125,-0.475923,0.725215,-0.249293,0.430597,13.9118
synthetic/images/img000022.jpg,synthetic_val,2,30413,2,30435,0.178434,0.127453,0.8157,-0.535303,5.72395
synthetic/images/img000026.jpg,synthetic_val,0,56625,0,74403,0.783758,0.0734773,0.0734773,0.612311,15.2489
synthetic/images/img000033.jpg,synthetic_val,3,61442,3,65030,-0.287982,0.130901,0.445063,0.837765,18.3524
synthetic/images/img000088.jpg,synthetic_val,1,37541,1,37144,0.55638,0.712167,0.378339,-0.200297,16.4641
synthetic/images/img000132.jpg,synthetic_val,1,53161,1,53721,0.628928,0.745396,-0.0698809,0.209643,25.2764
synthetic/images/img000139.jpg,synthetic_val,1,05217,1,01654,-0.248275,0.722254,-0.51912,-0.383697,9.6929
synthetic/images/img000200.jpg,synthetic_val,1,35045,1,35417,0.57735,0.80327,0.0753066,-0.125511,16.5358
synthetic/images/img000209.jpg,synthetic_val,0,61577,0,65112,0.877124,-0.0822304,0.0822304,0.465972,14.6965
synthetic/images/img000228.jpg,synthetic_val,0,12451,0,10703,0.695817,0.239187,-0.45663,-0.500118,13.9025
synthetic/images/img000230.jpg,synthetic_val,3,05714,3,05534,-0.0709674,-0.638707,-0.118279,0.756986,10.5138
synthetic/images/img000282.jpg,synthetic_val,0,37502,0,35373,0.662794,0.642082,0.310685,-0.227836,19.6843
synthetic/images/img000343.jpg,synthetic_val,1,25773,1,25735,-0.0286417,0.916533,0.372342,-0.143208,11.3596
synthetic/images/img000344.jpg,synthetic_val,3,65542,3,65553,-0.023094,0.069282,0.669726,0.739008,15.0093
synthetic/images/img000435.jpg,synthetic_val,0,03030,0,65407,0.728214,-0.295837,0.06827,0.61443,162.43
synthetic/images/img000448.jpg,synthetic_val,2,34402,2,07731,-0.0303869,-0.0911606,0.972379,-0.212708,23.4126
synthetic/images/img000462.jpg,synthetic_val,2,14347,2,14342,0.220432,-0.514341,0.783758,-0.269417,6.74004
synthetic/images/img000482.jpg,synthetic_val,2,35200,2,34311,0.380387,0.228232,0.811493,-0.380387,3.92696
synthetic/images/img000507.jpg,synthetic_val,2,25675,2,25776,-0.084549,0.422745,0.901856,-0.028183,18.9356
synthetic/images/img000523.jpg,synthetic_val,1,71405,1,53633,0.568812,0.791391,-0.024731,0.222579,13.0473
synthetic/images/img000524.jpg,synthetic_val,3,43200,3,42334,-0.507253,-0.0800926,0.0800926,0.854321,16.6896
synthetic/images/img000533.jpg,synthetic_val,2,21526,2,12201,0.0663723,-0.154869,0.707972,-0.685847,52.4716
synthetic/images/img000637.jpg,synthetic_val,0,14423,0,14474,0.758686,0.118545,-0.640141,-0.0237089,17.4361
synthetic/images/img000655.jpg,synthetic_val,2,43635,2,43722,-0.205971,-0.0294245,0.941584,0.26482,10.3039
synthetic/images/img000669.jpg,synthetic_val,3,23333,2,11446,0.343944,-0.586727,0.647423,-0.343944,47.3189
synthetic/images/img000741.jpg,synthetic_val,3,43352,3,43721,-0.148152,-0.0888913,0.266674,0.948174,15.8658
synthetic/images/img000753.jpg,synthetic_val,3,07511,3,16460,0.0294245,-0.323669,-0.0882735,0.941584,16.53
synthetic/images/img000782.jpg,synthetic_val,1,35306,1,35322,0.545675,0.698464,0.327405,-0.327405,9.41193
synthetic/images/img000857.jpg,synthetic_val,2,34612,2,34610,0.145617,0.262111,0.931951,-0.203864,5.89941
synthetic/images/img000907.jpg,synthetic_val,3,15540,0,45643,0.643224,-0.26131,-0.422116,0.582922,61.0498
synthetic/images/img000915.jpg,synthetic_val,3,53030,3,53205,0.500173,-0.184274,0.0789747,0.842397,11.9221
synthetic/images/img000990.jpg,synthetic_val,3,16300,3,16300,0.24236,-0.188502,-0.403933,0.861723,3.02682
synthetic/images/img000991.jpg,synthetic_val,2,52360,2,52722,0.261226,-0.0290252,0.928805,0.261226,16.4384
synthetic/images/img001002.jpg,synthetic_val,2,52316,2,52313,0.420084,-0.140028,0.896179,0.0280056,9.10368
synthetic/images/img001047.jpg,synthetic_val,0,70533,0,71461,0.805302,0.478148,0.125828,0.327154,18.4794
synthetic/images/img001069.jpg,synthetic_val,0,70335,0,71241,0.828726,0.492056,0.233079,0.129488,19.1727
synthetic/images/img001193.jpg,synthetic_val,0,36313,0,36361,0.697136,0.239641,0.63178,-0.239641,13.9384
synthetic/images/img001244.jpg,synthetic_val,0,14466,0,05555,0.717879,-0.0224337,-0.695445,-0.0224337,11.583
synthetic/images/img001262.jpg,synthetic_val,1,25422,1,25205,-0.342224,0.842397,0.236924,-0.342224,19.9079
synthetic/images/img001290.jpg,synthetic_val,1,36564,1,36434,0.128459,0.822136,0.539527,-0.128459,15.2909
synthetic/images/img001291.jpg,synthetic_val,3,06572,3,06715,-0.456468,-0.187958,-0.134255,0.859235,10.8174
synthetic/images/img001292.jpg,synthetic_val,0,06523,0,06700,0.787547,-0.566049,-0.172276,-0.172276,7.00338
synthetic/images/img001322.jpg,synthetic_val,3,37304,3,37017,0.503945,0.416302,-0.284839,0.701141,11.7832
synthetic/images/img001362.jpg,synthetic_val,1,25057,1,25164,-0.203864,0.931951,0.145617,-0.262111,8.50552
synthetic/images/img001371.jpg,synthetic_val,3,16756,3,34535,0.416185,0.138728,-0.138728,0.887862,32.2452
synthetic/images/img001443.jpg,synthetic_val,2,21627,2,23454,-0.265003,0.409549,0.770916,-0.409549,13.2581
synthetic/images/img001487.jpg,synthetic_val,1,06711,1,06717,-0.46047,0.866766,-0.135432,-0.135432,8.7169
synthetic/images/img001513.jpg,synthetic_val,3,40345,3,40304,-0.50298,-0.50298,0.0656061,0.699798,9.56032
synthetic/images/img001522.jpg,synthetic_val,3,33144,3,33074,0.41742,0.41742,-0.496929,0.636069,14.5136
synthetic/images/img001552.jpg,synthetic_val,2,17344,2,21047,-0.30414,0.0701862,0.748653,-0.584885,119.104
synthetic/images/img001554.jpg,synthetic_val,3,25064,0,25133,0.887862,-0.0277457,0.19422,-0.416185,76.6206
synthetic/images/img001564.jpg,synthetic_val,0,47742,0,47544,0.673274,-0.147279,-0.315597,0.652234,24.7769
synthetic/images/img001567.jpg,synthetic_val,0,54135,0,55115,0.556459,0.539069,-0.539069,0.330397,31.9853
synthetic/images/img001588.jpg,synthetic_val,3,65153,3,56720,0.215821,-0.0719402,0.599501,0.767362,36.7691
synthetic/images/img001589.jpg,synthetic_val,0,75446,3,73505,0.580544,0.365528,0.236518,0.688053,22.9803
synthetic/images/img001621.jpg,synthetic_val,2,16703,2,16703,0.315058,-0.143208,0.916533,-0.200492,4.11707
synthetic/images/img001664.jpg,synthetic_val,2,23150,2,21255,-0.211487,0.211487,0.751953,-0.587463,25.9012
synthetic/images/img001665.jpg,synthetic_val,3,14024,3,05153,-0.0224337,-0.650578,-0.246771,0.717879,10.9465
synthetic/images/img001692.jpg,synthetic_val,2,75757,0,76700,0.659408,0.185459,0.515163,0.515163,13.196
synthetic/images/img001733.jpg,synthetic_val,3,57026,3,52550,0.326328,-0.376533,0.326328,0.80327,22.7376
synthetic/images/img001747.jpg,synthetic_val,0,42540,0,46111,0.748653,-0.397722,-0.350931,0.397722,18.7889
synthetic/images/img001785.jpg,synthetic_val,0,14333,0,10766,0.780024,0.219382,-0.414388,-0.414388,17.7769
synthetic/images/img001786.jpg,synthetic_val,1,10576,1,14116,0.276972,0.681778,-0.617861,-0.276972,13.5204
synthetic/images/img001848.jpg,synthetic_val,2,32401,2,32442,0.0239251,0.454577,0.765603,-0.454577,13.9266
synthetic/images/img001891.jpg,synthetic_val,0,25522,0,25702,0.907642,-0.198547,0.312002,-0.198547,12.8053
synthetic/images/img001935.jpg,synthetic_val,2,53627,2,71064,0.456468,0.134255,0.859235,0.187958,21.4085
synthetic/images/img001937.jpg,synthetic_val,2,20433,2,20675,-0.544638,0.283212,0.697136,-0.370354,19.9571
synthetic/images/img001953.jpg,synthetic_val,0,52142,0,52120,0.91354,0.256933,-0.314029,0.0285481,13.1501
synthetic/images/img002019.jpg,synthetic_val,0,15441,2,51737,0.633445,-0.347373,0.653879,0.224771,162.983
synthetic/images/img002040.jpg,synthetic_val,2,05657,2,05576,-0.0736543,-0.613786,0.785646,-0.0245514,20.4369
synthetic/images/img002111.jpg,synthetic_val,2,33260,2,33622,0.321098,0.585531,0.604419,-0.434426,7.36694
synthetic/images/img002128.jpg,synthetic_val,3,47036,3,47172,-0.0760775,-0.228232,0.532542,0.811493,22.6103
synthetic/images/img002184.jpg,synthetic_val,1,56314,1,56136,0.321503,0.791391,-0.222579,0.469888,4.81074
synthetic/images/img002210.jpg,synthetic_val,3,33112,3,31311,0.56345,0.163582,-0.56345,0.581626,22.6805
synthetic/images/img002261.jpg,synthetic_val,0,03717,3,42371,-0.463196,-0.0817405,0.136234,0.871899,58.2978
synthetic/images/img002317.jpg,synthetic_val,3,06671,3,35461,0.504385,0.132733,-0.0796398,0.849491,138.248
synthetic/images/img002513.jpg,synthetic_val,2,43374,1,41325,-0.132733,0.849491,-0.504385,0.0796398,115.551
synthetic/images/img002526.jpg,synthetic_val,1,10522,1,10613,0.154869,0.707972,-0.464606,-0.508855,9.6978
synthetic/images/img002546.jpg,synthetic_val,0,21767,0,23540,0.770916,-0.168638,0.409549,-0.457732,6.25988
synthetic/images/img002607.jpg,synthetic_val,3,26406,3,26406,-0.636643,0.390201,-0.102684,0.65718,2.31636
synthetic/images/img002637.jpg,synthetic_val,3,75476,3,75655,0.451501,0.176674,0.608545,0.628176,6.94264
synthetic/images/img002681.jpg,synthetic_val,1,35424,1,35406,0.463196,0.871899,0.0817405,-0.136234,9.40927
synthetic/images/img002702.jpg,synthetic_val,1,44336,1,24122,-0.538095,0.748653,0.163768,-0.350931,113.947
synthetic/images/img002708.jpg,synthetic_val,0,67430,0,67045,0.713582,-0.289893,0.37909,0.512887,10.5755
synthetic/images/img002744.jpg,synthetic_val,0,22274,0,22223,0.519999,-0.471249,0.503749,-0.503749,9.61051
synthetic/images/img002756.jpg,synthetic_val,3,52435,3,56300,0.236924,-0.184274,0.447523,0.842397,23.5684
synthetic/images/img002786.jpg,synthetic_val,0,60047,0,60003,0.739008,-0.669726,0.069282,0.023094,14.7186
synthetic/images/img002790.jpg,synthetic_val,3,07160,3,07520,-0.198547,-0.312002,-0.198547,0.907642,10.7624
synthetic/images/img002914.jpg,synthetic_val,0,30030,3,06036,-0.603286,-0.201095,-0.290471,0.715006,24.4271
synthetic/images/img003032.jpg,synthetic_val,0,72612,0,72424,0.80327,0.0251022,0.527146,0.276124,20.2513
synthetic/images/img003033.jpg,synthetic_val,1,35215,1,35306,0.567742,0.72671,0.249807,-0.295226,6.88199
synthetic/images/img003084.jpg,synthetic_val,0,54260,0,45341,0.712167,-0.111276,-0.51187,0.46736,16.9481
synthetic/images/img003123.jpg,synthetic_val,0,51566,0,55253,0.648486,0.466099,-0.425569,0.425569,16.4442
synthetic/images/img003138.jpg,synthetic_val,0,47035,0,47126,0.822136,-0.179842,-0.231226,0.488143,5.49927
synthetic/images/img003139.jpg,synthetic_val,0,42237,0,42224,0.715006,-0.692662,-0.0670318,0.0670318,14.3071
synthetic/images/img003170.jpg,synthetic_val,2,23576,2,27310,-0.0691347,0.576123,0.737437,-0.345674,8.5555
synthetic/images/img003285.jpg,synthetic_val,0,24341,0,24074,0.742182,-0.626216,0.115966,-0.208739,16.5442
synthetic/images/img003304.jpg,synthetic_val,0,13522,3,46116,-0.434179,-0.29707,0.434179,0.73125,57.1133
synthetic/images/img003328.jpg,synthetic_val,2,25340,2,21717,-0.0251022,0.276124,0.80327,-0.527146,36.0281
synthetic/images/img003377.jpg,synthetic_val,3,56512,3,56511,0.327405,-0.327405,0.545675,0.698464,5.52911
synthetic/images/img003378.jpg,synthetic_val,3,61520,3,61506,-0.20182,0.0864945,0.317146,0.922608,11.691
synthetic/images/img003401.jpg,synthetic_val,3,43731,3,43715,-0.0289278,-0.202495,0.318206,0.925691,14.9672
synthetic/images/img003584.jpg,synthetic_val,0,12027,0,12037,0.716438,0.156721,-0.201498,-0.649272,13.0374
synthetic/images/img003639.jpg,synthetic_val,1,40302,1,06547,-0.51935,0.791391,-0.321503,-0.024731,19.202
synthetic/images/img003649.jpg,synthetic_val,0,47236,0,47223,0.830959,-0.337577,-0.0259675,0.441447,11.7174
synthetic/images/img003707.jpg,synthetic_val,3,71601,3,71264,0.434472,0.332243,0.1789,0.817829,11.5854
synthetic/images/img003736.jpg,synthetic_val,3,50746,3,54201,0.0697297,-0.534595,0.395135,0.743784,16.312
synthetic/images/img003783.jpg,synthetic_val,3,42054,3,40272,-0.593873,-0.37392,0.109976,0.703849,4.80536
synthetic/images/img003795.jpg,synthetic_val,1,43471,1,43651,-0.247436,0.879772,-0.19245,0.357407,10.1653
synthetic/images/img003805.jpg,synthetic_val,3,24451,3,24560,-0.57735,0.125511,-0.0753066,0.80327,11.3469
synthetic/images/img003830.jpg,synthetic_val,0,50374,0,50727,0.811493,0.278951,-0.431106,0.278951,9.97898
synthetic/images/img003864.jpg,synthetic_val,2,70261,2,70270,0.141819,0.368729,0.907642,0.141819,7.00905
synthetic/images/img003870.jpg,synthetic_val,3,34032,3,34004,0.0289278,0.0289278,-0.376062,0.925691,24.3524
synthetic/images/img003877.jpg,synthetic_val,3,14351,3,14350,0.302817,-0.535754,-0.25623,0.745396,5.13755
synthetic/images/img003878.jpg,synthetic_val,0,06313,0,07026,0.826512,-0.387427,-0.232456,-0.33577,14.4354
synthetic/images/img003880.jpg,synthetic_val,2,40377,2,40373,-0.421459,-0.421459,0.793334,0.123958,3.85802
synthetic/images/img003901.jpg,synthetic_val,3,34251,3,34160,0.254457,0.141365,-0.311003,0.904735,15.481
synthetic/images/img003987.jpg,synthetic_val,1,65624,1,66154,-0.404805,0.681778,0.362194,0.490028,17.1532
synthetic/images/img004110.jpg,synthetic_val,0,02715,0,02355,0.717879,-0.381373,-0.157036,-0.560843,7.3872
synthetic/images/img004258.jpg,synthetic_val,1,02715,1,02537,-0.396854,0.74702,-0.210099,-0.490232,7.48202
synthetic/images/img004429.jpg,synthetic_val,3,35702,3,35364,0.57369,0.298319,-0.206529,0.734324,7.30612
synthetic/images/img004489.jpg,synthetic_val,0,14460,0,14404,0.713582,0.0222994,-0.691283,-0.111497,9.95046
synthetic/images/img004509.jpg,synthetic_val,2,27562,2,27547,-0.133109,0.505813,0.851896,-0.0266217,13.7796
synthetic/images/img004586.jpg,synthetic_val,0,74361,0,74172,0.780024,0.316885,0.17063,0.511891,20.5099
synthetic/images/img004672.jpg,synthetic_val,1,16173,1,16162,0.248946,0.88514,-0.248946,-0.304267,18.8027
synthetic/images/img004684.jpg,synthetic_val,0,35426,0,35452,0.830959,0.545317,0.0779024,-0.0779024,17.9125
synthetic/images/img004686.jpg,synthetic_val,2,71602,2,72144,0.236924,0.447523,0.842397,0.184274,28.3803
synthetic/images/img004707.jpg,synthetic_val,2,13623,2,13265,0.422849,-0.0667657,0.712167,-0.55638,7.85799
synthetic/images/img004738.jpg,synthetic_val,1,42637,1,06727,-0.543852,0.828726,-0.0258977,-0.129488,44.4468
synthetic/images/img004784.jpg,synthetic_val,0,66565,0,65644,0.668555,-0.313385,0.188031,0.647663,27.9379
synthetic/images/img004815.jpg,synthetic_val,3,60376,3,60334,-0.480589,0.328824,0.0758825,0.809414,11.2657
synthetic/images/img004848.jpg,synthetic_val,0,71074,0,70033,0.954905,0.208885,0.208885,0.0298408,43.3561
synthetic/images/img005045.jpg,synthetic_val,0,16421,0,16416,0.907642,0.141819,-0.368729,-0.141819,10.5267
synthetic/images/img005049.jpg,synthetic_val,1,26504,1,26534,-0.441622,0.743784,0.488108,-0.116216,17.5949
synthetic/images/img005080.jpg,synthetic_val,3,47333,3,74014,0.133109,0.0266217,0.505813,0.851896,20.6239
synthetic/images/img005103.jpg,synthetic_val,0,07662,3,61605,-0.348062,0.240966,0.294514,0.856767,121.737
synthetic/images/img005113.jpg,synthetic_val,2,04075,1,37060,0.392598,0.739008,0.484974,-0.254034,151.047
synthetic/images/img005155.jpg,synthetic_val,1,70151,1,70131,0.420084,0.896179,0.140028,0.0280056,19.6395
synthetic/images/img005184.jpg,synthetic_val,3,61260,3,03477,-0.23434,-0.23434,-0.442642,0.833209,100.351
synthetic/images/img005334.jpg,synthetic_val,1,34526,1,34615,0.203864,0.931951,0.262111,-0.145617,9.94996
synthetic/images/img005335.jpg,synthetic_val,3,40305,3,40314,-0.433275,-0.524491,0.0684119,0.729727,4.09683
synthetic/images/img005381.jpg,synthetic_val,1,67527,1,67471,-0.184211,0.654974,0.429826,0.59357,10.1596
synthetic/images/img005452.jpg,synthetic_val,3,74113,3,70742,0.240966,0.294514,0.348062,0.856767,30.8941
synthetic/images/img005483.jpg,synthetic_val,2,74304,2,74016,0.132733,0.0796398,0.849491,0.504385,17.9091
synthetic/images/img005528.jpg,synthetic_val,3,21575,3,21530,-0.0753066,0.125511,-0.57735,0.80327,18.5502
synthetic/images/img005529.jpg,synthetic_val,0,50423,0,05557,0.74059,-0.0231434,-0.67116,-0.0231434,30.602
synthetic/images/img005542.jpg,synthetic_val,1,34066,1,34056,0.148152,0.948174,0.0888913,-0.266674,17.1755
synthetic/images/img005617.jpg,synthetic_val,0,36017,0,32453,0.755297,0.165221,0.448458,-0.448458,13.305
synthetic/images/img005646.jpg,synthetic_val,0,02067,0,02646,0.667391,-0.646535,-0.10428,-0.354552,20.8843
synthetic/images/img005668.jpg,synthetic_val,3,05226,3,02552,-0.434179,-0.29707,-0.434179,0.73125,20.1938
synthetic/images/img005800.jpg,synthetic_val,2,13466,2,16103,0.280397,-0.331378,0.8157,-0.38236,19.507
synthetic/images/img005805.jpg,synthetic_val,3,43457,3,43543,-0.134255,-0.349064,0.349064,0.859235,11.1337
synthetic/images/img005828.jpg,synthetic_val,2,56231,2,56252,0.128459,-0.128459,0.822136,0.539527,14.673
synthetic/images/img005871.jpg,synthetic_val,0,16017,0,16316,0.859235,0.349064,-0.134255,-0.349064,31.0296
synthetic/images/img005967.jpg,synthetic_val,2,07515,2,16461,0.0879694,-0.322554,0.93834,-0.0879694,18.4392
synthetic/images/img006003.jpg,synthetic_val,1,36740,1,36506,0.233079,0.828726,0.492056,-0.129488,14.1981
synthetic/images/img006099.jpg,synthetic_val,3,43741,3,43767,-0.140028,-0.0280056,0.420084,0.896179,18.0001
synthetic/images/img006184.jpg,synthetic_val,2,57253,2,57402,0.370354,-0.283212,0.697136,0.544638,25.3485
synthetic/images/img006210.jpg,synthetic_val,1,12105,1,11536,0.535661,0.591074,-0.461777,-0.387893,47.1662
synthetic/images/img006221.jpg,synthetic_val,1,75652,1,76556,0.259223,0.638089,0.378865,0.618148,28.6509
synthetic/images/img006421.jpg,synthetic_val,1,43345,1,43350,-0.090167,0.961781,-0.21039,0.150278,7.57439
synthetic/images/img006587.jpg,synthetic_val,3,30024,2,30002,0.0223887,0.067166,0.716438,-0.694049,20.4876
synthetic/images/img006641.jpg,synthetic_val,3,40701,3,40356,-0.438786,-0.484974,0.161658,0.739008,7.30493
synthetic/images/img006682.jpg,synthetic_val,2,05567,2,05573,-0.0245514,-0.613786,0.785646,-0.0736543,10.3358
synthetic/images/img006689.jpg,synthetic_val,1,34602,1,34246,0.0285481,0.91354,0.314029,-0.256933,6.04353
synthetic/images/img006716.jpg,synthetic_val,3,64130,3,60565,-0.507093,0.120736,0.362209,0.772712,7.417
synthetic/images/img006781.jpg,synthetic_val,1,71647,1,74137,0.368271,0.785646,0.17186,0.466477,19.152
synthetic/images/img006795.jpg,synthetic_val,3,35141,3,34135,0.394874,0.131625,-0.342224,0.842397,33.4206
synthetic/images/img006865.jpg,synthetic_val,0,05553,0,41517,0.717879,-0.0224337,-0.650578,0.246771,34.234
synthetic/images/img006877.jpg,synthetic_val,3,44123,3,44044,-0.525877,-0.525877,0.390167,0.542841,16.9084
synthetic/images/img006926.jpg,synthetic_val,0,52222,0,07775,0.994672,-0.0310835,-0.0932505,-0.0310835,9.35382
synthetic/images/img006943.jpg,synthetic_val,2,25723,2,25376,-0.0819844,0.409922,0.8745,-0.245953,7.00382
synthetic/images/img006945.jpg,synthetic_val,0,74110,0,75003,0.780024,0.463139,0.0731272,0.414388,14.2676
synthetic/images/img006959.jpg,synthetic_val,1,73421,1,73423,0.425385,0.716438,0.51494,0.201498,5.05016
synthetic/images/img007056.jpg,synthetic_val,2,61312,2,25741,-0.148152,0.266674,0.948174,-0.0888913,17.0501
synthetic/images/img007093.jpg,synthetic_val,0,20554,0,24146,0.789462,-0.567426,0.0740121,-0.222036,25.8
synthetic/images/img007102.jpg,synthetic_val,2,42062,2,42520,-0.549021,-0.262575,0.763856,0.214834,22.6955
synthetic/images/img007118.jpg,synthetic_val,1,17564,1,53066,0.447523,0.842397,-0.236924,0.184274,27.6068
synthetic/images/img007134.jpg,synthetic_val,1,14112,1,41516,-0.067166,0.716438,-0.649272,0.246276,75.0587
synthetic/images/img007190.jpg,synthetic_val,3,63511,3,63175,-0.0256917,0.539527,0.179842,0.822136,14.8973
synthetic/images/img007200.jpg,synthetic_val,1,62004,1,60262,-0.655727,0.676879,0.317287,0.105762,7.50846
synthetic/images/img007226.jpg,synthetic_val,1,70561,1,70415,0.202495,0.925691,0.0289278,0.318206,16.0026
synthetic/images/img007259.jpg,synthetic_val,1,03633,1,03326,-0.159961,0.73125,-0.0228515,-0.662695,15.9363
synthetic/images/img007277.jpg,synthetic_val,1,20070,3,23440,-0.344214,0.390109,-0.436005,0.734324,178.617
synthetic/images/img007304.jpg,synthetic_val,1,67607,2,67005,-0.302817,0.395992,0.745396,0.442579,37.6419
synthetic/images/img007368.jpg,synthetic_val,0,15601,0,15605,0.72671,0.431484,-0.522323,-0.113548,4.62654
synthetic/images/img007375.jpg,synthetic_val,3,60355,3,61607,-0.343176,0.29038,0.29038,0.844742,16.267
synthetic/images/img007457.jpg,synthetic_val,1,24716,1,42332,-0.510171,0.859235,-0.0268511,0.0268511,39.2146
synthetic/images/img007647.jpg,synthetic_val,1,40131,1,40171,-0.37392,0.703849,-0.593873,0.109976,9.57452
synthetic/images/img007698.jpg,synthetic_val,3,51607,3,53413,0.541664,-0.306158,0.211955,0.753619,24.0561
synthetic/images/img007753.jpg,synthetic_val,1,06367,1,06726,-0.578811,0.805302,-0.0251657,-0.125828,9.9056
synthetic/images/img007805.jpg,synthetic_val,3,50362,3,50304,0.222036,-0.567426,0.0740121,0.789462,14.487
synthetic/images/img007914.jpg,synthetic_val,0,23163,0,23213,0.605284,-0.170236,0.510708,-0.586369,11.7921
synthetic/images/img007917.jpg,synthetic_val,3,43063,3,42375,-0.459124,-0.0810219,0.189051,0.864234,23.3757
synthetic/images/img007921.jpg,synthetic_val,1,76027,1,76205,0.0667657,0.712167,0.55638,0.422849,5.78854
synthetic/images/img007928.jpg,synthetic_val,0,11115,3,77727,0.460146,0.528315,0.460146,0.545358,178.016
synthetic/images/img007932.jpg,synthetic_val,3,05105,1,03306,-0.158968,0.72671,-0.113548,-0.658581,53.0076
synthetic/images/img007937.jpg,synthetic_val,3,21733,3,30247,0.0711268,0.260798,-0.592723,0.758686,15.1056
synthetic/images/img007966.jpg,synthetic_val,1,43050,1,43106,-0.197911,0.904735,-0.367549,0.0848189,11.6166
synthetic/images/img007975.jpg,synthetic_val,0,73476,0,73452,0.716438,0.470162,0.425385,0.291053,11.1848
synthetic/images/img008000.jpg,synthetic_val,1,03651,1,03524,-0.173117,0.791391,-0.272041,-0.51935,11.6293
synthetic/images/img008053.jpg,synthetic_val,3,53223,3,53205,0.500173,-0.184274,0.0789747,0.842397,17.5363
synthetic/images/img008078.jpg,synthetic_val,2,42321,2,42205,-0.661315,-0.159628,0.729727,0.0684119,21.8065
synthetic/images/img008083.jpg,synthetic_val,1,74277,1,74253,0.173117,0.791391,0.272041,0.51935,9.96888
synthetic/images/img008181.jpg,synthetic_val,0,44545,0,44503,0.591074,-0.387893,-0.535661,0.461777,11.3179
synthetic/images/img008191.jpg,synthetic_val,2,72471,2,72471,0.17063,0.511891,0.780024,0.316885,2.87511
synthetic/images/img008253.jpg,synthetic_val,1,20437,0,40666,0.640128,-0.620124,-0.340068,0.30006,29.6119
synthetic/images/img008398.jpg,synthetic_val,2,15315,2,15525,0.539246,-0.539246,0.639106,-0.0998603,22.3982
synthetic/images/img008493.jpg,synthetic_val,0,65574,0,65351,0.813589,-0.0254246,0.228822,0.533917,24.6937
synthetic/images/img008515.jpg,synthetic_val,0,01263,0,03041,0.690612,-0.280561,-0.323724,-0.582704,4.49936
synthetic/images/img008562.jpg,synthetic_val,1,45005,2,41025,-0.295837,-0.61443,0.728214,0.06827,85.7262
synthetic/images/img008609.jpg,synthetic_val,3,03405,3,01636,-0.254034,-0.392598,-0.484974,0.739008,7.59929
synthetic/images/img008715.jpg,synthetic_val,3,64036,3,60546,-0.544084,0.0709674,0.354837,0.756986,15.4333
synthetic/images/img008747.jpg,synthetic_val,1,61574,1,65123,-0.134255,0.859235,0.187958,0.456468,7.52209
synthetic/images/img008812.jpg,synthetic_val,1,06347,1,06757,-0.464578,0.8745,-0.136641,-0.0273281,24.219
synthetic/images/img008856.jpg,synthetic_val,2,63174,2,63165,-0.127453,0.535303,0.8157,0.178434,7.84585
synthetic/images/img008863.jpg,synthetic_val,0,75464,0,74707,0.716438,0.246276,0.246276,0.604494,21.2624
synthetic/images/img008866.jpg,synthetic_val,2,07551,2,07551,-0.028183,-0.422745,0.901856,-0.084549,1.93132
synthetic/images/img008868.jpg,synthetic_val,2,47124,2,47144,-0.163768,-0.350931,0.748653,0.538095,11.539
synthetic/images/img008947.jpg,synthetic_val,3,60163,3,60503,-0.532542,0.0760775,0.228232,0.811493,17.2941
synthetic/images/img008965.jpg,synthetic_val,0,56410,0,30321,0.670902,0.230623,0.272554,-0.649937,172.833
synthetic/images/img008968.jpg,synthetic_val,3,60055,3,60145,-0.539527,0.0256917,0.179842,0.822136,8.04842
synthetic/images/img008999.jpg,synthetic_val,0,70053,0,70031,0.965275,0.211154,0.150824,0.0301648,16.0975
synthetic/images/img009018.jpg,synthetic_val,1,63131,1,27547,-0.133109,0.851896,0.505813,-0.0266217,14.502
synthetic/images/img009103.jpg,synthetic_val,0,04336,0,06346,0.785646,-0.564683,-0.122757,-0.220963,36.178
synthetic/images/img009175.jpg,synthetic_val,3,70172,3,70153,0.418772,0.0837545,0.139591,0.893381,13.5254
synthetic/images/img009184.jpg,synthetic_val,1,46770,3,43623,-0.364073,-0.0280056,0.25205,0.896179,97.8786
synthetic/images/img009259.jpg,synthetic_val,1,63606,1,63640,-0.331862,0.707972,0.553103,0.287613,7.45822
synthetic/images/img009270.jpg,synthetic_val,3,34252,3,34344,0.252845,0.252845,-0.252845,0.899004,13.5403
synthetic/images/img009280.jpg,synthetic_val,3,53536,3,60471,-0.582341,0.116468,0.302817,0.745396,156.621
synthetic/images/img009318.jpg,synthetic_val,2,45224,2,40727,-0.484974,-0.392598,0.739008,0.254034,24.3013
synthetic/images/img009384.jpg,synthetic_val,1,54703,1,56105,0.264389,0.769133,-0.360531,0.456673,19.1493
synthetic/images/img009414.jpg,synthetic_val,3,24153,3,24531,-0.456468,0.134255,-0.187958,0.859235,15.3051
synthetic/images/img009443.jpg,synthetic_val,0,54316,0,50743,0.763856,0.262575,-0.50128,0.310316,14.7918
synthetic/images/img009640.jpg,synthetic_val,3,17026,3,17004,0.411464,-0.363057,-0.314649,0.774521,14.0712
synthetic/images/img009666.jpg,synthetic_val,1,35055,1,35157,0.680538,0.702491,0.0658586,-0.197576,17.6956
synthetic/images/img009693.jpg,synthetic_val,0,73150,1,71344,0.592723,0.758686,0.21338,0.165963,26.5775
synthetic/images/img009720.jpg,synthetic_val,2,13415,2,13411,0.478855,-0.312297,0.666233,-0.478855,5.23205
synthetic/images/img009801.jpg,synthetic_val,2,73033,2,73632,0.419413,0.619134,0.639106,0.179749,23.9029
synthetic/images/img009880.jpg,synthetic_val,1,15775,0,51223,0.781884,0.464244,-0.415376,0.0244339,28.0435
synthetic/images/img009887.jpg,synthetic_val,2,45507,1,10013,0.130551,0.596803,-0.540853,-0.578153,11.592
synthetic/images/img009916.jpg,synthetic_val,3,07357,3,07721,-0.150278,-0.090167,-0.21039,0.961781,15.9765
synthetic/images/img009933.jpg,synthetic_val,0,13450,0,13467,0.763856,0.453539,-0.214834,-0.405798,13.9899
synthetic/images/img009943.jpg,synthetic_val,0,63331,0,15667,0.781884,0.464244,-0.415376,-0.0244339,145.75
synthetic/images/img010030.jpg,synthetic_val,2,06433,2,06007,-0.617861,-0.276972,0.681778,-0.276972,15.5532
synthetic/images/img010063.jpg,synthetic_val,3,24700,3,24251,-0.581081,0.209189,-0.255676,0.743784,12.6648
synthetic/images/img010079.jpg,synthetic_val,2,70124,2,70070,0.150824,0.150824,0.965275,0.150824,17.0509
synthetic/images/img010088.jpg,synthetic_val,2,41463,2,40556,-0.38378,-0.585769,0.646366,0.302984,13.3266
synthetic/images/img010124.jpg,synthetic_val,3,52104,3,52116,0.351095,-0.351095,0.0810219,0.864234,12.0715
synthetic/images/img010133.jpg,synthetic_val,2,43434,2,43426,-0.393784,-0.23627,0.840072,0.288775,10.5168
synthetic/images/img010151.jpg,synthetic_val,2,30273,2,30526,0.225352,0.175274,0.801253,-0.525822,25.7705
synthetic/images/img010177.jpg,synthetic_val,1,37471,1,37414,0.497888,0.758686,0.403052,-0.118545,9.08858
synthetic/images/img010220.jpg,synthetic_val,0,55012,0,55107,0.588669,0.49669,-0.533481,0.349522,12.6166
synthetic/images/img010238.jpg,synthetic_val,2,12623,2,12223,0.067166,-0.0223887,0.716438,-0.694049,15.2279
synthetic/images/img010321.jpg,synthetic_val,0,74725,0,74767,0.662794,0.227836,0.310685,0.642082,8.25243
synthetic/images/img010413.jpg,synthetic_val,2,67233,2,63560,-0.17063,0.511891,0.780024,0.316885,19.7274
synthetic/images/img010451.jpg,synthetic_val,2,41625,2,41271,-0.233079,-0.492056,0.828726,0.129488,18.0311
synthetic/images/img010453.jpg,synthetic_val,1,47655,1,47655,-0.195698,0.695817,-0.15221,0.674072,2.30709
synthetic/images/img010478.jpg,synthetic_val,1,05530,1,05516,-0.0688428,0.734324,-0.665481,-0.114738,5.28426
synthetic/images/img010504.jpg,synthetic_val,0,05705,0,05557,0.74059,-0.0231434,-0.67116,-0.0231434,21.2369
synthetic/images/img010547.jpg,synthetic_val,3,57502,3,57430,0.446606,-0.233937,0.531674,0.680543,11.9774
synthetic/images/img010583.jpg,synthetic_val,3,50604,3,05551,-0.0223887,-0.694049,-0.067166,0.716438,42.7624
synthetic/images/img010589.jpg,synthetic_val,2,56350,2,54336,0.302817,-0.395992,0.745396,0.442579,25.8132
synthetic/images/img010628.jpg,synthetic_val,1,26746,1,62123,-0.470162,0.716438,0.51494,0.0223887,10.5161
synthetic/images/img010644.jpg,synthetic_val,0,01216,0,01211,0.628176,-0.176674,-0.451501,-0.608545,4.87688
synthetic/images/img010697.jpg,synthetic_val,0,47626,3,44121,-0.421435,-0.541845,0.341162,0.642187,148.584
synthetic/images/img010700.jpg,synthetic_val,1,63160,2,63520,-0.175274,0.525822,0.801253,0.225352,46.3522
synthetic/images/img010701.jpg,synthetic_val,2,67235,2,67052,-0.249293,0.430597,0.725215,0.475923,24.6635
synthetic/images/img010723.jpg,synthetic_val,2,74242,2,65533,-0.0242607,0.169825,0.776342,0.606517,15.9567
synthetic/images/img010791.jpg,synthetic_val,1,63535,1,72426,0.0244339,0.781884,0.561979,0.268773,7.79581
synthetic/images/img010813.jpg,synthetic_val,2,12763,2,21055,-0.216319,0.0240354,0.769133,-0.600885,61.1891
synthetic/images/img010897.jpg,synthetic_val,0,21057,0,21120,0.705215,-0.154266,0.11019,-0.683177,14.2498
synthetic/images/img010934.jpg,synthetic_val,2,63444,2,67002,-0.344214,0.436005,0.734324,0.390109,6.15028
synthetic/images/img010974.jpg,synthetic_val,3,57527,3,57251,0.508855,-0.154869,0.464606,0.707972,11.4739
synthetic/images/img011010.jpg,synthetic_val,3,07476,3,07744,-0.208885,-0.208885,-0.0298408,0.954905,11.8325
synthetic/images/img011172.jpg,synthetic_val,1,56765,0,36364,0.71076,0.199901,0.644126,-0.199901,164.179
synthetic/images/img011177.jpg,synthetic_val,0,37124,0,37506,0.709362,0.554189,0.421184,-0.110838,20.6298
synthetic/images/img011247.jpg,synthetic_val,2,52225,2,43373,-0.030846,-0.030846,0.987072,0.15423,14.5434
synthetic/images/img011311.jpg,synthetic_val,1,50235,1,50263,0.0817405,0.871899,-0.463196,0.136234,13.8381
synthetic/images/img011323.jpg,synthetic_val,2,12574,2,24131,-0.430001,0.126471,0.809414,-0.379413,100.199
synthetic/images/img011339.jpg,synthetic_val,0,61125,0,61116,0.987072,-0.092538,0.092538,0.092538,8.51722
synthetic/images/img011342.jpg,synthetic_val,3,13767,3,40334,-0.453539,-0.453539,0.0716115,0.763856,152.486
synthetic/images/img011364.jpg,synthetic_val,2,40050,1,15254,0.46101,0.702491,-0.504916,-0.197576,21.3238
synthetic/images/img011368.jpg,synthetic_val,2,07540,2,05735,-0.0266217,-0.505813,0.851896,-0.133109,22.518
synthetic/images/img011395.jpg,synthetic_val,2,61733,2,61727,-0.13387,0.40161,0.856767,0.294514,14.9594
synthetic/images/img011490.jpg,synthetic_val,2,34564,2,34453,0.211927,0.0908257,0.968808,-0.0908257,8.71774
synthetic/images/img011513.jpg,synthetic_val,3,26561,3,26471,-0.545675,0.458367,-0.065481,0.698464,10.0413
synthetic/images/img011565.jpg,synthetic_val,2,56343,2,56255,0.172276,-0.172276,0.787547,0.566049,11.499
synthetic/images/img011611.jpg,synthetic_val,0,23675,0,27307,0.725215,-0.113315,0.6119,-0.294619,13.7774
synthetic/images/img011612.jpg,synthetic_val,3,57721,3,57276,0.470162,-0.0223887,0.51494,0.716438,11.4847
synthetic/images/img011614.jpg,synthetic_val,1,41713,1,41713,-0.0254246,0.813589,-0.533917,0.228822,3.38785
synthetic/images/img011683.jpg,synthetic_val,1,05774,1,41334,-0.0800926,0.854321,-0.507253,0.0800926,12.8023
synthetic/images/img011853.jpg,synthetic_val,3,12777,3,16342,0.254457,-0.141365,-0.311003,0.904735,27.9221
synthetic/images/img011894.jpg,synthetic_val,3,77735,0,77577,0.542841,0.525877,0.390167,0.525877,8.53905
synthetic/images/img011957.jpg,synthetic_val,3,24136,3,20754,-0.453539,0.214834,-0.405798,0.763856,12.8087
synthetic/images/img011966.jpg,synthetic_val,0,51015,2,51235,0.524491,-0.433275,0.729727,0.0684119,144.033
synthetic/images/img011990.jpg,synthetic_val,0,16430,0,16416,0.907642,0.141819,-0.368729,-0.141819,8.28338
synthetic/images/img012043.jpg,synthetic_val,2,60752,2,60555,-0.433341,0.0254906,0.8157,0.38236,28.6257
synthetic/images/img012076.jpg,synthetic_val,0,17326,0,35014,0.791391,0.51935,0.024731,-0.321503,10.4599
synthetic/images/img012085.jpg,synthetic_val,1,34225,1,25356,-0.0853666,0.910577,0.313011,-0.2561,21.6653
synthetic/images/img012124.jpg,synthetic_val,3,31052,3,12522,0.217325,-0.217325,-0.555387,0.772712,42.1713
synthetic/images/img012300.jpg,synthetic_val,1,27034,1,27034,-0.262575,0.763856,0.50128,-0.310316,3.41786
synthetic/images/img012407.jpg,synthetic_val,1,06465,1,60000,-0.695445,0.717879,0.0224337,0.0224337,33.1612
synthetic/images/img012415.jpg,synthetic_val,0,03631,0,03326,0.73125,-0.159961,-0.0228515,-0.662695,14.3768
synthetic/images/img012425.jpg,synthetic_val,1,17647,1,17646,0.464578,0.8745,-0.136641,-0.0273281,6.03369
synthetic/images/img012434.jpg,synthetic_val,3,42500,3,46001,-0.594567,-0.307535,0.348539,0.656074,22.398
synthetic/images/img012461.jpg,synthetic_val,3,76462,2,47077,-0.217325,-0.217325,0.772712,0.555387,88.003
synthetic/images/img012476.jpg,synthetic_val,0,70423,0,70641,0.893381,0.0837545,0.251263,0.362936,13.1477
synthetic/images/img012509.jpg,synthetic_val,1,31527,1,31566,0.560843,0.717879,0.157036,-0.381373,7.79016
synthetic/images/img012532.jpg,synthetic_val,3,76157,3,75036,0.484974,0.161658,0.438786,0.739008,33.3843
synthetic/images/img012620.jpg,synthetic_val,3,04267,3,04245,-0.582922,-0.462317,-0.180907,0.643224,10.648
synthetic/images/img012662.jpg,synthetic_val,2,67121,2,61766,-0.179369,0.384363,0.819974,0.384363,16.446
synthetic/images/img012670.jpg,synthetic_val,1,43613,1,43720,-0.205262,0.93834,-0.0879694,0.263908,5.96107
synthetic/images/img012676.jpg,synthetic_val,3,03410,3,03522,-0.17063,-0.219382,-0.560642,0.780024,17.1693
synthetic/images/img012733.jpg,synthetic_val,0,32406,0,32046,0.713582,0.0222994,0.423689,-0.557486,10.2752
synthetic/images/img012758.jpg,synthetic_val,0,40710,0,41242,0.772712,-0.362209,-0.507093,0.120736,14.0475
synthetic/images/img012817.jpg,synthetic_val,2,11424,1,15041,0.382533,0.644266,-0.624133,-0.221467,115.058
synthetic/images/img012842.jpg,synthetic_val,3,24543,3,24574,-0.505813,0.133109,-0.0266217,0.851896,10.6283
synthetic/images/img012919.jpg,synthetic_val,0,23237,0,10607,0.73125,0.0685546,-0.479882,-0.479882,131.451
synthetic/images/img012954.jpg,synthetic_val,1,62331,2,63203,-0.296452,0.615707,0.729727,0.022804,17.1812
synthetic/images/img013020.jpg,synthetic_val,3,56063,3,56424,0.023094,-0.254034,0.623538,0.739008,13.8874
synthetic/images/img013044.jpg,synthetic_val,2,20201,0,45065,0.646366,-0.262586,-0.545371,0.464575,21.3541
synthetic/images/img013062.jpg,synthetic_val,3,36630,2,07057,-0.244497,-0.353162,0.869321,-0.244497,107.016
synthetic/images/img013143.jpg,synthetic_val,3,42172,3,42374,-0.500173,-0.0789747,0.184274,0.842397,19.6856
synthetic/images/img013152.jpg,synthetic_val,1,74551,1,74343,0.266242,0.774521,0.266242,0.508279,33.3376
synthetic/images/img013197.jpg,synthetic_val,3,50725,3,50701,0.262575,-0.549021,0.214834,0.763856,11.6998
synthetic/images/img013218.jpg,synthetic_val,2,14753,2,14757,0.36477,-0.510678,0.778177,-0.024318,6.2625
synthetic/images/img013315.jpg,synthetic_val,3,43126,3,43103,-0.143208,-0.372342,0.0286417,0.916533,16.9399
synthetic/images/img013407.jpg,synthetic_val,2,30144,2,21215,-0.199901,0.199901,0.71076,-0.644126,54.6814
synthetic/images/img013470.jpg,synthetic_val,1,43710,1,52246,0.0301648,0.965275,-0.150824,0.211154,15.406
synthetic/images/img013476.jpg,synthetic_val,0,43160,0,43300,0.954905,-0.208885,-0.208885,0.0298408,19.1871
synthetic/images/img013486.jpg,synthetic_val,0,62612,1,02700,-0.498237,0.6932,-0.151637,-0.498237,64.1126
synthetic/images/img013503.jpg,synthetic_val,3,63101,3,63304,-0.169426,0.605095,0.0726113,0.774521,23.1333
synthetic/images/img013515.jpg,synthetic_val,0,31041,0,30713,0.734324,0.344214,0.252424,-0.527795,29.3822
synthetic/images/img013572.jpg,synthetic_val,2,47376,2,47713,-0.0244339,-0.122169,0.781884,0.610847,12.34
synthetic/images/img013589.jpg,synthetic_val,0,50767,0,54127,0.6932,0.238287,-0.541562,0.411587,19.3996
synthetic/images/img013712.jpg,synthetic_val,1,55515,2,00045,-0.493657,-0.527703,0.544725,-0.425567,5.02854
synthetic/images/img013719.jpg,synthetic_val,0,51434,0,51605,0.709362,0.421184,-0.509854,0.243843,6.25551
synthetic/images/img013815.jpg,synthetic_val,3,46167,3,46561,-0.42627,-0.223284,0.588658,0.649554,14.4938
synthetic/images/img013823.jpg,synthetic_val,3,71607,3,71267,0.466477,0.368271,0.17186,0.785646,16.196
synthetic/images/img013853.jpg,synthetic_val,2,04136,2,34352,0.343176,0.29038,0.844742,-0.29038,135.887
synthetic/images/img013871.jpg,synthetic_val,0,47136,0,47136,0.833209,-0.0781133,-0.23434,0.494718,2.95742
synthetic/images/img013907.jpg,synthetic_val,3,52670,3,61417,-0.2561,0.0853666,0.313011,0.910577,47.96
synthetic/images/img013966.jpg,synthetic_val,2,66607,2,66754,-0.34858,0.458658,0.587082,0.568736,22.2423
synthetic/images/img013984.jpg,synthetic_val,0,42757,0,46172,0.732782,-0.435089,-0.206095,0.480888,17.0259
synthetic/images/img014020.jpg,synthetic_val,1,71716,1,17527,0.626216,0.742182,-0.208739,-0.115966,65.5637
synthetic/images/img014052.jpg,synthetic_val,0,46540,0,46460,0.589468,-0.571047,-0.202629,0.534205,19.4838
synthetic/images/img014089.jpg,synthetic_val,1,50161,1,50125,0.253494,0.737437,-0.622212,0.0691347,3.75488
synthetic/images/img014092.jpg,synthetic_val,3,21620,3,21264,-0.331862,0.287613,-0.553103,0.707972,3.66615
synthetic/images/img014104.jpg,synthetic_val,2,40267,2,42244,-0.67923,-0.153375,0.701141,0.153375,23.8707
synthetic/images/img014162.jpg,synthetic_val,0,71751,0,71533,0.695817,0.674072,0.15221,0.195698,10.0391
synthetic/images/img014177.jpg,synthetic_val,3,30677,3,32642,0.0217443,0.587095,-0.413141,0.695817,33.7166
synthetic/images/img014238.jpg,synthetic_val,1,44112,1,45062,-0.311757,0.665081,-0.519594,0.436459,13.4966
synthetic/images/img014248.jpg,synthetic_val,2,61523,2,61505,-0.146114,0.0292228,0.935129,0.321451,20.274
synthetic/images/img014260.jpg,synthetic_val,2,25544,2,25455,-0.270501,0.0300557,0.961781,-0.0300557,5.42087
synthetic/images/img014276.jpg,synthetic_val,2,07107,2,03545,-0.126471,-0.379413,0.809414,-0.430001,10.9412
synthetic/images/img014339.jpg,synthetic_val,3,46454,2,46740,-0.465335,-0.141624,0.647423,0.586727,18.2636
synthetic/images/img014368.jpg,synthetic_val,3,36133,0,56015,0.785646,0.17186,-0.368271,0.466477,72.4196
synthetic/images/img014379.jpg,synthetic_val,1,35676,1,73001,0.464244,0.781884,0.415376,0.0244339,6.02923
synthetic/images/img014435.jpg,synthetic_val,3,35560,3,35471,0.57735,0.125511,-0.0753066,0.80327,4.84893
synthetic/images/img014462.jpg,synthetic_val,3,10212,3,10244,0.0214226,-0.492719,-0.535564,0.685522,16.0843
synthetic/images/img014567.jpg,synthetic_val,0,60337,0,60361,0.785646,-0.51558,0.319169,0.122757,14.9423
synthetic/images/img014596.jpg,synthetic_val,2,07171,2,07125,-0.136641,-0.300609,0.8745,-0.355266,10.4753
synthetic/images/img014635.jpg,synthetic_val,1,47764,1,65615,-0.205664,0.73125,0.205664,0.616992,33.4473
synthetic/images/img014660.jpg,synthetic_val,0,34472,0,70437,0.907642,0.198547,0.198547,0.312002,43.6035
synthetic/images/img014742.jpg,synthetic_val,1,51633,1,51275,0.51912,0.722254,-0.428838,0.157993,6.77335
synthetic/images/img014764.jpg,synthetic_val,0,42043,1,42260,-0.689912,0.712167,-0.0667657,0.111276,46.9952
synthetic/images/img014900.jpg,synthetic_val,1,50345,1,50165,0.250844,0.729727,-0.615707,0.159628,8.48105
synthetic/images/img014918.jpg,synthetic_val,1,14061,1,14010,0.105762,0.676879,-0.655727,-0.317287,11.8206
synthetic/images/img014964.jpg,synthetic_val,3,17356,3,17356,0.653213,-0.112623,-0.202721,0.720787,2.60775
synthetic/images/img014971.jpg,synthetic_val,0,61517,0,52603,0.948174,0.0888913,-0.148152,0.266674,30.1546
synthetic/images/img014977.jpg,synthetic_val,0,52355,0,52176,0.879772,0.357407,-0.247436,0.19245,11.0311
synthetic/images/img014979.jpg,synthetic_val,2,36472,1,36473,0.174402,0.797264,0.573034,-0.0747435,36.7855
synthetic/images/img015000.jpg,synthetic_val,2,25563,2,25543,-0.153069,0.0918415,0.979643,-0.0918415,11.3792
synthetic/images/img015038.jpg,synthetic_val,3,52112,3,52131,0.40511,-0.29708,0.0270073,0.864234,7.55985
synthetic/images/img015041.jpg,synthetic_val,1,12606,1,47377,-0.0253592,0.811493,-0.0253592,0.583261,139.998
synthetic/images/img015061.jpg,synthetic_val,0,52176,0,52116,0.864234,0.351095,-0.351095,0.0810219,17.5257
synthetic/images/img015080.jpg,synthetic_val,2,57250,2,54730,0.278493,-0.407029,0.685522,0.535564,34.5495
synthetic/images/img015096.jpg,synthetic_val,3,45772,2,56611,0.167476,-0.167476,0.765603,0.598127,38.4464
synthetic/images/img015163.jpg,synthetic_val,0,52665,0,56231,0.864234,0.189051,-0.0810219,0.459124,10.3295
synthetic/images/img015229.jpg,synthetic_val,2,24563,2,24576,-0.501565,0.184787,0.844742,-0.0263982,9.92436
synthetic/images/img015299.jpg,synthetic_val,3,75227,3,75255,0.494538,0.193515,0.494538,0.688053,19.9022
synthetic/images/img015322.jpg,synthetic_val,0,65005,0,65013,0.854321,-0.240278,0.0800926,0.453858,14.4743
synthetic/images/img015382.jpg,synthetic_val,2,10230,2,21255,-0.211487,0.211487,0.751953,-0.587463,78.9073
synthetic/images/img015482.jpg,synthetic_val,0,50454,0,50654,0.753619,0.117753,-0.541664,0.353259,15.735
synthetic/images/img015599.jpg,synthetic_val,0,24176,0,24176,0.822136,-0.488143,0.179842,-0.231226,3.72996
synthetic/images/img015688.jpg,synthetic_val,1,52125,1,52161,0.306147,0.890609,-0.306147,0.139158,9.15862
synthetic/images/img015793.jpg,synthetic_val,3,74375,3,74572,0.284839,0.153375,0.635409,0.701141,21.2285
synthetic/images/img015833.jpg,synthetic_val,2,63743,2,63536,-0.0731272,0.560642,0.780024,0.268133,8.59826
synthetic/images/img015875.jpg,synthetic_val,1,46110,2,42121,-0.527146,-0.276124,0.80327,0.0251022,155.194
synthetic/images/img015910.jpg,synthetic_val,0,16372,0,16377,0.877124,0.411152,-0.0274101,-0.246691,10.9857
synthetic/images/img015926.jpg,synthetic_val,3,36437,3,36433,0.172276,0.566049,-0.172276,0.787547,4.77264
synthetic/images/img015985.jpg,synthetic_val,1,71726,1,71536,0.642859,0.709362,0.155173,0.243843,21.4147
synthetic/images/img016003.jpg,synthetic_val,2,60712,2,60356,-0.481824,0.278951,0.811493,0.177514,5.7239
synthetic/images/img016016.jpg,synthetic_val,1,71430,1,17651,0.573034,0.797264,-0.174402,-0.0747435,49.5634
synthetic/images/img016029.jpg,synthetic_val,1,36426,1,36422,0.0249766,0.799251,0.574462,-0.174836,4.61915
synthetic/images/img016040.jpg,synthetic_val,3,37006,3,33271,0.411568,0.518934,-0.483145,0.572617,31.8465
synthetic/images/img016063.jpg,synthetic_val,2,52755,2,57061,0.430597,-0.249293,0.725215,0.475923,19.6034
synthetic/images/img016081.jpg,synthetic_val,0,14273,0,14330,0.758686,0.308216,-0.45047,-0.355634,17.2287
synthetic/images/img016252.jpg,synthetic_val,3,56465,3,54664,0.0206416,-0.39219,0.63989,0.660531,21.4434
synthetic/images/img016403.jpg,synthetic_val,2,34344,2,34751,0.409922,0.245953,0.8745,-0.0819844,24.3898
synthetic/images/img016411.jpg,synthetic_val,3,25006,3,25044,-0.411152,0.0274101,-0.246691,0.877124,13.3561
synthetic/images/img016431.jpg,synthetic_val,3,42631,3,42275,-0.605095,-0.0726113,0.169426,0.774521,3.28637
synthetic/images/img016509.jpg,synthetic_val,3,71320,3,71230,0.51935,0.321503,0.024731,0.791391,9.45622
synthetic/images/img016539.jpg,synthetic_val,2,05242,2,04352,-0.430597,-0.475923,0.725215,-0.249293,10.3994
synthetic/images/img016611.jpg,synthetic_val,1,40710,1,41620,-0.36477,0.778177,-0.462042,0.218862,10.8179
synthetic/images/img016691.jpg,synthetic_val,2,52116,2,51224,0.414388,-0.463139,0.780024,0.0731272,17.6044
synthetic/images/img016749.jpg,synthetic_val,0,30724,0,30665,0.828726,0.0776931,0.33667,-0.440261,19.1284
synthetic/images/img016763.jpg,synthetic_val,2,72136,2,72070,0.128459,0.539527,0.822136,0.128459,24.2909
synthetic/images/img016774.jpg,synthetic_val,1,76021,1,72470,0.122757,0.785646,0.51558,0.319169,11.5158
synthetic/images/img016778.jpg,synthetic_val,1,71624,1,70750,0.342224,0.842397,0.236924,0.342224,17.415
synthetic/images/img016831.jpg,synthetic_val,3,35677,3,35050,0.527146,0.0251022,-0.276124,0.80327,48.0639
synthetic/images/img016856.jpg,synthetic_val,1,01123,1,01211,-0.176674,0.628176,-0.451501,-0.608545,8.99133
synthetic/images/img016885.jpg,synthetic_val,3,07411,3,07147,-0.138728,-0.360694,-0.249711,0.887862,17.7444
synthetic/images/img016952.jpg,synthetic_val,3,42246,0,12213,0.705215,0.154266,-0.11019,-0.683177,6.28874
synthetic/images/img016966.jpg,synthetic_val,0,42305,0,42123,0.813589,-0.533917,-0.228822,0.0254246,10.4076
synthetic/images/img017010.jpg,synthetic_val,3,44410,3,44056,-0.483145,-0.518934,0.411568,0.572617,3.41234
synthetic/images/img017049.jpg,synthetic_val,2,60047,2,60505,-0.527146,0.0251022,0.80327,0.276124,21.6721
synthetic/images/img017062.jpg,synthetic_val,1,32512,1,30736,0.301511,0.742182,0.347898,-0.487057,11.7399
synthetic/images/img017087.jpg,synthetic_val,1,31204,0,37007,0.73125,0.434179,0.434179,-0.29707,67.3283
synthetic/images/img017294.jpg,synthetic_val,0,02621,0,02466,0.659408,-0.638802,-0.185459,-0.350311,20.9169
synthetic/images/img017298.jpg,synthetic_val,0,61747,0,65300,0.842397,-0.184274,0.236924,0.447523,11.3444
synthetic/images/img017324.jpg,synthetic_val,0,65121,0,61541,0.916533,-0.143208,0.0286417,0.372342,14.9437
synthetic/images/img017371.jpg,synthetic_val,0,25122,0,21475,0.849491,-0.238919,0.132733,-0.451292,12.851
synthetic/images/img017421.jpg,synthetic_val,2,36010,2,07161,-0.139158,-0.306147,0.890609,-0.306147,90.4797
synthetic/images/img017432.jpg,synthetic_val,1,52444,1,52440,0.0265466,0.849491,-0.398199,0.345106,3.98031
synthetic/images/img017434.jpg,synthetic_val,0,17211,0,17717,0.709362,0.687194,-0.110838,-0.110838,32.9175
synthetic/images/img017456.jpg,synthetic_val,0,62170,1,64231,-0.544638,0.697136,0.283212,0.370354,115.22
synthetic/images/img017534.jpg,synthetic_val,2,63475,2,67030,-0.254034,0.484974,0.739008,0.392598,7.99768
synthetic/images/img017688.jpg,synthetic_val,3,56707,3,56620,0.0245514,-0.0736543,0.613786,0.785646,28.5915
synthetic/images/img017740.jpg,synthetic_val,0,74423,0,74160,0.80735,0.227067,0.126148,0.529823,18.5287
synthetic/images/img017768.jpg,synthetic_val,0,07245,0,07206,0.842397,-0.394874,-0.131625,-0.342224,15.5505
synthetic/images/img017772.jpg,synthetic_val,2,21432,2,21255,-0.211487,0.211487,0.751953,-0.587463,6.71746
synthetic/images/img017791.jpg,synthetic_val,1,52507,1,52141,0.294514,0.856767,-0.40161,0.13387,18.2712
synthetic/images/img017812.jpg,synthetic_val,1,71602,1,71613,0.549021,0.763856,0.262575,0.214834,17.5763
synthetic/images/img017844.jpg,synthetic_val,1,74614,1,74437,0.162703,0.743784,0.162703,0.627568,8.04945
synthetic/images/img017859.jpg,synthetic_val,0,77023,0,77001,0.722254,0.428838,0.383697,0.383697,13.4782
synthetic/images/img017864.jpg,synthetic_val,1,66224,0,62740,0.660531,-0.474757,0.51604,0.268341,145.65
synthetic/images/img017872.jpg,synthetic_val,2,15115,0,40621,0.666233,-0.603774,-0.395576,0.187378,128.196
synthetic/images/img017892.jpg,synthetic_val,3,12454,3,16012,0.131625,-0.342224,-0.394874,0.842397,5.41712
synthetic/images/img017925.jpg,synthetic_val,3,61320,3,65100,-0.189605,0.0270864,0.46047,0.866766,63.284
synthetic/images/img017932.jpg,synthetic_val,0,07044,0,07046,0.826512,-0.387427,-0.33577,-0.232456,4.49718
synthetic/images/img017954.jpg,synthetic_val,2,51623,2,51663,0.442579,-0.395992,0.745396,0.302817,12.0283
synthetic/images/img017988.jpg,synthetic_val,1,15406,1,14572,0.30414,0.748653,-0.584885,-0.0701862,11.4411
synthetic/images/img018006.jpg,synthetic_val,0,21661,0,21426,0.767362,-0.359701,0.16786,-0.503581,20.1121
synthetic/images/img018016.jpg,synthetic_val,0,64746,3,60625,-0.624704,0.28004,0.236957,0.689329,174.436
synthetic/images/img018080.jpg,synthetic_val,1,17624,1,17635,0.57735,0.80327,-0.0753066,-0.125511,15.5539
synthetic/images/img018093.jpg,synthetic_val,0,36745,0,34757,0.864234,0.40511,0.29708,-0.0270073,37.9684
synthetic/images/img018111.jpg,synthetic_val,1,61564,1,65032,-0.285642,0.830959,0.181772,0.441447,15.1825
synthetic/images/img018118.jpg,synthetic_val,2,71067,2,71412,0.532542,0.0760775,0.811493,0.228232,14.515
synthetic/images/img018130.jpg,synthetic_val,1,62173,1,62177,-0.390934,0.735875,0.52891,0.160973,3.76974
synthetic/images/img018134.jpg,synthetic_val,1,25506,1,25544,-0.213498,0.975991,0.0304997,-0.0304997,14.2385
synthetic/images/img018173.jpg,synthetic_val,1,70616,1,70641,0.0837545,0.893381,0.251263,0.362936,12.1068
synthetic/images/img018314.jpg,synthetic_val,1,26347,1,26342,-0.469192,0.652789,0.550791,-0.224396,4.81969
synthetic/images/img018385.jpg,synthetic_val,3,41220,3,41217,-0.228232,-0.532542,0.0760775,0.811493,19.1437
synthetic/images/img018492.jpg,synthetic_val,0,17142,0,17521,0.729727,0.615707,-0.250844,-0.159628,11.9205
synthetic/images/img018494.jpg,synthetic_val,0,74474,0,12256,0.776342,0.121303,-0.121303,-0.606517,163.692
synthetic/images/img018507.jpg,synthetic_val,3,46537,3,47067,-0.306158,-0.211955,0.541664,0.753619,9.82584
synthetic/images/img018547.jpg,synthetic_val,0,44204,1,22443,-0.570164,0.629146,0.373556,-0.373556,9.29616
synthetic/images/img018629.jpg,synthetic_val,1,44774,1,44577,-0.315737,0.594328,-0.464318,0.575755,12.9494
synthetic/images/img018690.jpg,synthetic_val,2,25743,2,25740,-0.205262,0.263908,0.93834,-0.0879694,10.4686
synthetic/images/img018700.jpg,synthetic_val,2,23443,2,23453,-0.210559,0.444513,0.748653,-0.444513,8.72165
synthetic/images/img018716.jpg,synthetic_val,2,72573,2,73247,0.408531,0.580544,0.688053,0.150512,19.998
synthetic/images/img018721.jpg,synthetic_val,1,41632,1,41603,-0.313914,0.772712,-0.507093,0.217325,11.9953
synthetic/images/img018743.jpg,synthetic_val,3,72013,3,70233,0.19422,0.416185,0.0277457,0.887862,11.0989
synthetic/images/img018785.jpg,synthetic_val,3,40017,3,41300,-0.174836,-0.574462,0.0249766,0.799251,43.018
synthetic/images/img018830.jpg,synthetic_val,1,47222,1,43476,-0.288775,0.840072,-0.23627,0.393784,28.4547
synthetic/images/img018845.jpg,synthetic_val,2,41104,2,41140,-0.154266,-0.683177,0.705215,0.11019,5.70027
synthetic/images/img018880.jpg,synthetic_val,3,26733,3,27643,-0.295837,0.61443,-0.06827,0.728214,15.1354
synthetic/images/img018894.jpg,synthetic_val,1,06625,1,60003,-0.669726,0.739008,0.069282,0.023094,23.5193
synthetic/images/img018903.jpg,synthetic_val,2,52424,2,52602,0.0297351,-0.148675,0.951522,0.267615,16.5753
synthetic/images/img018936.jpg,synthetic_val,1,42315,1,25442,-0.421408,0.899004,0.0842816,-0.0842816,36.5728
synthetic/images/img018946.jpg,synthetic_val,2,73136,2,17254,0.525822,-0.175274,0.801253,-0.225352,85.5276
synthetic/images/img018981.jpg,synthetic_val,3,14500,1,12223,0.067166,0.716438,-0.0223887,-0.694049,35.9793
synthetic/images/img019003.jpg,synthetic_val,1,56124,1,56122,0.23434,0.833209,-0.23434,0.442642,7.10042
synthetic/images/img019020.jpg,synthetic_val,2,60304,2,60305,-0.532542,0.228232,0.811493,0.0760775,5.02098
synthetic/images/img019039.jpg,synthetic_val,1,53164,1,53166,0.592723,0.758686,-0.21338,0.165963,4.76906
synthetic/images/img019047.jpg,synthetic_val,3,27150,3,25356,-0.0853666,0.313011,-0.2561,0.910577,19.9355
synthetic/images/img019075.jpg,synthetic_val,0,50204,0,41317,0.833209,-0.0260378,-0.546793,0.0781133,8.8987
synthetic/images/img019235.jpg,synthetic_val,1,21645,1,25030,-0.294514,0.856767,0.13387,-0.40161,14.0851
synthetic/images/img019238.jpg,synthetic_val,3,25204,3,24172,-0.481824,0.177514,-0.278951,0.811493,16.519
synthetic/images/img019243.jpg,synthetic_val,2,16260,2,16221,0.0842816,-0.0842816,0.899004,-0.421408,11.5681
synthetic/images/img019269.jpg,synthetic_val,3,15376,3,17541,0.60571,-0.336506,-0.0673011,0.717879,16.0078
synthetic/images/img019310.jpg,synthetic_val,2,16542,2,16471,0.20182,-0.317146,0.922608,-0.0864945,7.46961
synthetic/images/img019348.jpg,synthetic_val,3,63060,3,63237,-0.197576,0.680538,0.0658586,0.702491,27.3097
synthetic/images/img019359.jpg,synthetic_val,1,67663,1,66344,-0.442063,0.615044,0.480503,0.442063,25.4237
synthetic/images/img019430.jpg,synthetic_val,3,12566,3,16300,0.24236,-0.188502,-0.403933,0.861723,7.89151
synthetic/images/img019444.jpg,synthetic_val,3,52213,3,34454,0.15423,0.030846,-0.030846,0.987072,20.336
synthetic/images/img019480.jpg,synthetic_val,1,26000,1,22444,-0.612333,0.632085,0.335795,-0.335795,4.43784
synthetic/images/img019493.jpg,synthetic_val,3,57257,3,57270,0.479882,-0.0685546,0.479882,0.73125,6.23963
synthetic/images/img019495.jpg,synthetic_val,3,14703,3,14071,0.159628,-0.615707,-0.250844,0.729727,16.4255
synthetic/images/img019508.jpg,synthetic_val,1,26555,1,26557,-0.415376,0.781884,0.464244,-0.0244339,5.784
synthetic/images/img019544.jpg,synthetic_val,0,72414,0,72506,0.80327,0.22592,0.476942,0.276124,11.2775
synthetic/images/img019545.jpg,synthetic_val,0,07103,0,03545,0.809414,-0.126471,-0.379413,-0.430001,5.00347
synthetic/images/img019572.jpg,synthetic_val,3,24764,3,26046,-0.629255,0.385673,-0.182687,0.649554,25.0591
synthetic/images/img019583.jpg,synthetic_val,1,03071,1,03074,-0.252957,0.735875,-0.252957,-0.574903,8.409
synthetic/images/img019637.jpg,synthetic_val,0,00147,3,00337,-0.343944,-0.343944,-0.586727,0.647423,174.231
synthetic/images/img019664.jpg,synthetic_val,2,60202,2,06452,-0.61443,-0.295837,0.728214,-0.06827,63.6707
synthetic/images/img019680.jpg,synthetic_val,3,73057,3,71237,0.544084,0.354837,0.0709674,0.756986,14.4071
synthetic/images/img019717.jpg,synthetic_val,0,70100,0,70111,0.904735,0.424094,0.028273,0.028273,21.4388
synthetic/images/img019754.jpg,synthetic_val,3,67353,3,67232,-0.224771,0.633445,0.347373,0.653879,26.6594
synthetic/images/img019755.jpg,synthetic_val,2,34464,2,16624,0.0307293,-0.0921878,0.983336,-0.153646,32.4129
synthetic/images/img019807.jpg,synthetic_val,1,65707,1,65573,-0.0228515,0.73125,0.159961,0.662695,14.0294
synthetic/images/img019855.jpg,synthetic_val,3,25326,3,27011,-0.223676,0.422499,-0.372793,0.795292,9.72724
synthetic/images/img019971.jpg,synthetic_val,1,56677,1,65714,-0.0698809,0.745396,0.209643,0.628928,39.6123
synthetic/images/img020011.jpg,synthetic_val,2,43133,2,16476,0.148675,-0.267615,0.951522,-0.0297351,22.5607
synthetic/images/img020038.jpg,synthetic_val,3,65560,3,65561,-0.114258,0.114258,0.662695,0.73125,6.23726
synthetic/images/img020052.jpg,synthetic_val,1,54373,1,56150,0.301511,0.742182,-0.347898,0.487057,6.82336
synthetic/images/img020080.jpg,synthetic_val,3,34023,3,34012,0.139591,0.0837545,-0.418772,0.893381,12.0688
synthetic/images/img020102.jpg,synthetic_val,1,52202,1,52200,0.0304997,0.975991,-0.213498,0.0304997,5.80391
synthetic/images/img020179.jpg,synthetic_val,3,12373,3,21156,-0.0734773,0.0734773,-0.612311,0.783758,50.2961
synthetic/images/img020198.jpg,synthetic_val,1,62253,1,62121,-0.480888,0.732782,0.480888,0.0228994,16.8023
synthetic/images/img020252.jpg,synthetic_val,2,52262,2,70041,0.0921878,0.0307293,0.983336,0.153646,7.90998
synthetic/images/img020344.jpg,synthetic_val,0,56230,0,52657,0.879772,0.19245,-0.137464,0.412393,14.0947
synthetic/images/img020416.jpg,synthetic_val,3,31772,3,31771,0.618148,0.259223,-0.378865,0.638089,7.72598
synthetic/images/img020451.jpg,synthetic_val,1,62125,1,62523,-0.46101,0.702491,0.504916,0.197576,13.3984
synthetic/images/img020500.jpg,synthetic_val,0,16711,0,16357,0.869321,0.407494,-0.135831,-0.244497,6.99256
synthetic/images/img020520.jpg,synthetic_val,1,12526,1,12736,0.321503,0.791391,-0.024731,-0.51935,24.5889
synthetic/images/img020553.jpg,synthetic_val,0,50047,0,36625,0.734324,0.0688428,0.665481,-0.114738,168.685
synthetic/images/img020561.jpg,synthetic_val,3,53202,3,52353,0.416185,-0.138728,0.138728,0.887862,13.5382
synthetic/images/img020568.jpg,synthetic_val,2,53751,2,53736,0.650578,-0.0224337,0.717879,0.246771,16.0026
synthetic/images/img020607.jpg,synthetic_val,2,27576,2,72060,0.0258977,0.543852,0.828726,0.129488,22.03
synthetic/images/img020675.jpg,synthetic_val,0,50006,0,05514,0.712167,-0.0667657,-0.689912,-0.111276,23.4647
synthetic/images/img020747.jpg,synthetic_val,3,72250,3,72431,0.175274,0.525822,0.225352,0.801253,18.6752
synthetic/images/img020767.jpg,synthetic_val,0,21336,0,23311,0.626248,-0.0195703,0.489256,-0.606678,18.4911
synthetic/images/img020777.jpg,synthetic_val,1,23362,1,10742,0.206095,0.732782,-0.480888,-0.435089,137.407
synthetic/images/img020824.jpg,synthetic_val,0,40305,0,40104,0.637076,-0.457898,-0.617168,0.0597259,16.0771
synthetic/images/img020904.jpg,synthetic_val,3,54574,1,04746,-0.51494,0.716438,-0.470162,-0.0223887,80.1821
synthetic/images/img021012.jpg,synthetic_val,2,51672,2,51667,0.436005,-0.390109,0.734324,0.344214,6.53197
synthetic/images/img021090.jpg,synthetic_val,3,06052,3,06034,-0.597351,-0.243365,-0.287613,0.707972,6.20443
synthetic/images/img021128.jpg,synthetic_val,2,47670,2,47617,-0.208739,-0.115966,0.742182,0.626216,7.53158
synthetic/images/img021133.jpg,synthetic_val,1,25757,1,25755,-0.0300557,0.961781,0.270501,-0.0300557,6.03588
synthetic/images/img021170.jpg,synthetic_val,3,53763,3,60540,-0.554096,0.0240911,0.313185,0.770916,142.121
synthetic/images/img021177.jpg,synthetic_val,1,60351,1,61260,-0.394874,0.842397,0.342224,0.131625,13.0062
synthetic/images/img021178.jpg,synthetic_val,1,16717,1,17665,0.508706,0.856767,-0.0803219,-0.026774,16.4259
synthetic/images/img021233.jpg,synthetic_val,0,62320,0,26751,0.725215,-0.385271,0.566575,-0.0679889,17.1423
synthetic/images/img021263.jpg,synthetic_val,1,01063,1,01074,-0.220044,0.640128,-0.540108,-0.5001,8.86118
synthetic/images/img021266.jpg,synthetic_val,3,26463,3,26177,-0.387667,0.524491,-0.205236,0.729727,32.8254
synthetic/images/img021391.jpg,synthetic_val,0,43403,0,43434,0.859235,-0.295362,-0.295362,0.295362,11.2088
synthetic/images/img021392.jpg,synthetic_val,3,16057,3,14306,0.217325,-0.507093,-0.313914,0.772712,22.9674
synthetic/images/img021394.jpg,synthetic_val,1,61777,1,65307,-0.127786,0.817829,0.281129,0.485586,19.7339
synthetic/images/img021438.jpg,synthetic_val,2,20164,0,20522,0.6932,-0.498237,0.151637,-0.498237,173.883
synthetic/images/img021469.jpg,synthetic_val,3,64163,3,61645,-0.33577,0.232456,0.387427,0.826512,23.7173
synthetic/images/img021473.jpg,synthetic_val,1,52757,1,52771,0.397081,0.847106,-0.0794162,0.344137,7.71218
synthetic/images/img021577.jpg,synthetic_val,3,34612,3,34600,0.0294245,0.26482,-0.205971,0.941584,15.5338
synthetic/images/img021704.jpg,synthetic_val,3,21044,3,03342,-0.163768,-0.116977,-0.631676,0.748653,26.7072
synthetic/images/img021724.jpg,synthetic_val,1,40632,1,42424,-0.656904,0.678094,-0.233095,0.233095,15.0986
synthetic/images/img021806.jpg,synthetic_val,1,30462,1,34026,0.0283638,0.907642,0.198547,-0.368729,14.6438
synthetic/images/img021841.jpg,synthetic_val,1,10654,1,10474,0.109976,0.703849,-0.593873,-0.37392,9.38626
synthetic/images/img021879.jpg,synthetic_val,1,60270,1,06217,-0.582341,0.745396,-0.116468,-0.302817,69.0621
synthetic/images/img021883.jpg,synthetic_val,2,25514,2,16643,0.0918415,-0.153069,0.979643,-0.0918415,32.3385
synthetic/images/img021893.jpg,synthetic_val,0,45213,0,41567,0.734324,-0.114738,-0.57369,0.344214,12.6996
synthetic/images/img021986.jpg,synthetic_val,1,41676,1,43456,-0.280397,0.8157,-0.331378,0.38236,8.05376
synthetic/images/img022004.jpg,synthetic_val,3,25257,3,25275,-0.244497,0.353162,-0.244497,0.869321,6.22095
synthetic/images/img022009.jpg,synthetic_val,2,36025,2,36160,0.220432,0.514341,0.783758,-0.269417,18.6952
synthetic/images/img022065.jpg,synthetic_val,2,34523,2,34707,0.306147,0.306147,0.890609,-0.139158,12.9044
synthetic/images/img022067.jpg,synthetic_val,1,50353,1,50136,0.30414,0.748653,-0.584885,0.0701862,12.2974
synthetic/images/img022104.jpg,synthetic_val,2,13765,2,22002,-0.539069,0.330397,0.556459,-0.539069,152.556
synthetic/images/img022115.jpg,synthetic_val,0,23756,0,16322,0.877124,0.246691,-0.0274101,-0.411152,87.3408
synthetic/images/img022137.jpg,synthetic_val,0,70770,0,70713,0.840072,0.393784,0.288775,0.23627,13.9282
synthetic/images/img022231.jpg,synthetic_val,3,13642,3,13642,0.412432,-0.121303,-0.460953,0.776342,2.48309
synthetic/images/img022412.jpg,synthetic_val,1,37735,0,37575,0.649554,0.629255,0.42627,-0.0202986,18.4322
synthetic/images/img022425.jpg,synthetic_val,0,61177,0,61355,0.941584,-0.0294245,0.26482,0.205971,5.05291
synthetic/images/img022541.jpg,synthetic_val,2,76702,2,76225,0.0634574,0.613422,0.676879,0.401897,20.3538
synthetic/images/img022562.jpg,synthetic_val,3,03561,3,03572,-0.0781133,-0.23434,-0.494718,0.833209,8.81016
synthetic/images/img022580.jpg,synthetic_val,3,26355,3,27641,-0.30414,0.584885,-0.0701862,0.748653,18.3458
synthetic/images/img022612.jpg,synthetic_val,1,15672,1,17450,0.509475,0.776342,-0.36391,-0.0727821,3.32441
synthetic/images/img022635.jpg,synthetic_val,0,63731,3,05151,-0.0217855,-0.675351,-0.239641,0.697136,177.933
synthetic/images/img022651.jpg,synthetic_val,0,01473,0,01525,0.679315,-0.106143,-0.573172,-0.445801,11.5288
synthetic/images/img022679.jpg,synthetic_val,1,23713,1,32562,0.201498,0.716438,0.51494,-0.425385,25.4489
synthetic/images/img022689.jpg,synthetic_val,2,27532,2,27170,-0.0751175,0.525822,0.801253,-0.275431,11.2242
synthetic/images/img022746.jpg,synthetic_val,1,25726,1,27507,-0.131991,0.844742,0.501565,-0.131991,10.1098
synthetic/images/img022750.jpg,synthetic_val,1,14775,1,72111,0.38236,0.8157,0.433341,0.0254906,107.811
synthetic/images/img022807.jpg,synthetic_val,1,12721,2,53335,0.692662,-0.0670318,0.715006,0.0670318,172.811
synthetic/images/img022845.jpg,synthetic_val,3,34544,3,16763,0.323669,-0.0294245,-0.0882735,0.941584,11.4074
synthetic/images/img022867.jpg,synthetic_val,3,41207,3,41230,-0.283358,-0.489437,0.0257599,0.824315,6.92445
synthetic/images/img022870.jpg,synthetic_val,0,74003,0,74002,0.879772,0.0274929,0.0824786,0.467379,7.24617
synthetic/images/img022888.jpg,synthetic_val,0,16343,0,16325,0.879772,0.302422,-0.0824786,-0.357407,10.8223
synthetic/images/img022929.jpg,synthetic_val,2,33542,1,33400,0.368262,0.6932,0.368262,-0.498237,52.8213
synthetic/images/img022945.jpg,synthetic_val,0,24445,0,60043,0.734324,-0.665481,0.0688428,0.114738,16.9041
synthetic/images/img023082.jpg,synthetic_val,3,43070,3,43071,-0.254457,-0.311003,0.141365,0.904735,4.74522
synthetic/images/img023085.jpg,synthetic_val,0,61365,0,61302,0.925691,-0.202495,0.318206,0.0289278,19.6736
synthetic/images/img023117.jpg,synthetic_val,1,52076,1,52066,0.0294245,0.941584,-0.26482,0.205971,16.9862
synthetic/images/img023135.jpg,synthetic_val,2,63742,2,63570,-0.0740121,0.518084,0.789462,0.320719,17.9277
synthetic/images/img023210.jpg,synthetic_val,2,32061,1,25201,-0.33577,0.826512,0.232456,-0.387427,87.1867
synthetic/images/img023249.jpg,synthetic_val,0,74135,0,75070,0.728214,0.47789,0.113783,0.47789,12.37
synthetic/images/img023254.jpg,synthetic_val,3,32554,3,32552,0.29707,0.434179,-0.434179,0.73125,5.7574
synthetic/images/img023274.jpg,synthetic_val,1,16376,1,71715,0.662884,0.684267,0.19245,0.235217,74.9916
synthetic/images/img023358.jpg,synthetic_val,3,47140,3,45235,-0.210559,-0.444513,0.444513,0.748653,12.8318
synthetic/images/img023402.jpg,synthetic_val,3,01650,3,01706,-0.158316,-0.474948,-0.474948,0.72373,10.9478
synthetic/images/img023432.jpg,synthetic_val,0,34507,0,34144,0.928805,0.261226,0.0290252,-0.261226,13.095
synthetic/images/img023447.jpg,synthetic_val,3,35035,3,35021,0.469888,0.123655,-0.370965,0.791391,8.80647
synthetic/images/img023472.jpg,synthetic_val,3,47330,3,70464,0.0280056,0.140028,0.420084,0.896179,27.7005
synthetic/images/img023609.jpg,synthetic_val,1,35242,1,32506,0.206095,0.732782,0.435089,-0.480888,36.7075
synthetic/images/img023614.jpg,synthetic_val,1,61356,1,61370,-0.0856444,0.91354,0.371126,0.142741,12.0403
synthetic/images/img023617.jpg,synthetic_val,3,14210,3,14075,0.161314,-0.622212,-0.207404,0.737437,19.1543
synthetic/images/img023619.jpg,synthetic_val,2,71062,2,71422,0.447523,0.184274,0.842397,0.236924,9.70084
synthetic/images/img023626.jpg,synthetic_val,0,16475,0,16536,0.887862,0.360694,-0.249711,-0.138728,21.1843
synthetic/images/img023672.jpg,synthetic_val,3,61352,3,61167,-0.147635,0.206689,0.206689,0.944862,12.6691
synthetic/images/img023705.jpg,synthetic_val,1,06406,0,60266,0.673274,-0.652234,0.315597,0.147279,8.07702
synthetic/images/img023733.jpg,synthetic_val,2,72652,2,72641,0.0701862,0.584885,0.748653,0.30414,5.09266
synthetic/images/img023754.jpg,synthetic_val,2,42744,2,42625,-0.649272,-0.067166,0.716438,0.246276,22.0285
synthetic/images/img023819.jpg,synthetic_val,3,43310,3,43331,-0.0310835,-0.0932505,0.0310835,0.994672,18.1967
synthetic/images/img023852.jpg,synthetic_val,0,36036,0,36203,0.717879,0.0673011,0.60571,-0.336506,9.62516
synthetic/images/img023869.jpg,synthetic_val,3,43401,3,40735,-0.401252,-0.448458,0.259633,0.755297,13.8868
synthetic/images/img023880.jpg,synthetic_val,2,61477,2,61657,-0.23627,0.288775,0.840072,0.393784,13.1033
synthetic/images/img023900.jpg,synthetic_val,2,65530,2,65556,-0.0670318,0.0670318,0.715006,0.692662,12.8012
synthetic/images/img023903.jpg,synthetic_val,3,36727,3,33660,0.338985,0.578268,-0.378865,0.638089,36.6258
synthetic/images/img023927.jpg,synthetic_val,3,06350,3,06177,-0.442642,-0.23434,-0.23434,0.833209,10.9691
synthetic/images/img023953.jpg,synthetic_val,2,27765,1,27757,-0.0238705,0.763856,0.644503,-0.0238705,16.748
synthetic/images/img023973.jpg,synthetic_val,3,26550,3,26575,-0.405798,0.50128,-0.0238705,0.763856,14.4385
synthetic/images/img023994.jpg,synthetic_val,1,21521,1,21747,-0.130901,0.837765,0.287982,-0.445063,27.2919
synthetic/images/img024016.jpg,synthetic_val,0,43137,0,43137,0.958324,-0.0299476,-0.269529,0.0898429,1.76379
synthetic/images/img024030.jpg,synthetic_val,1,46023,1,42227,-0.669726,0.739008,-0.023094,0.069282,37.5326
synthetic/images/img024071.jpg,synthetic_val,1,32672,1,32634,0.103562,0.662794,0.600657,-0.434959,6.00642
synthetic/images/img024117.jpg,synthetic_val,3,13465,3,13611,0.498237,-0.151637,-0.498237,0.6932,20.4346
synthetic/images/img024207.jpg,synthetic_val,1,72253,1,72300,0.216319,0.769133,0.600885,0.0240354,13.0892
synthetic/images/img024215.jpg,synthetic_val,2,07356,2,07327,-0.143208,-0.0286417,0.916533,-0.372342,20.2074
synthetic/images/img024216.jpg,synthetic_val,3,76635,1,74651,0.156721,0.716438,0.201498,0.649272,40.1176
synthetic/images/img024285.jpg,synthetic_val,0,47234,0,47233,0.856767,-0.240966,-0.026774,0.455158,11.6082
synthetic/images/img024313.jpg,synthetic_val,0,66350,0,65265,0.735875,-0.298949,0.298949,0.52891,30.0081
synthetic/images/img024370.jpg,synthetic_val,1,74007,1,74015,0.184787,0.844742,0.0263982,0.501565,15.853
synthetic/images/img024441.jpg,synthetic_val,2,76161,2,45317,-0.0233954,-0.491304,0.748653,0.444513,121.044
synthetic/images/img024455.jpg,synthetic_val,2,53041,1,01667,-0.308911,0.760398,-0.403961,-0.403961,72.7788
synthetic/images/img024536.jpg,synthetic_val,0,42161,0,42172,0.828726,-0.492056,-0.233079,0.129488,6.33263
synthetic/images/img024596.jpg,synthetic_val,1,31261,1,30333,0.303978,0.648486,0.303978,-0.628221,14.1424
synthetic/images/img024615.jpg,synthetic_val,3,60654,3,60564,-0.541664,0.117753,0.353259,0.753619,10.5272
synthetic/images/img024625.jpg,synthetic_val,2,14752,2,14567,0.261387,-0.594061,0.760398,-0.0237624,13.8309
synthetic/images/img024654.jpg,synthetic_val,0,65010,0,65003,0.828726,-0.33667,0.0776931,0.440261,8.76828
synthetic/images/img024663.jpg,synthetic_val,1,35231,1,35202,0.417374,0.785646,0.270066,-0.368271,13.7482
synthetic/images/img024709.jpg,synthetic_val,1,05357,1,05716,-0.0774855,0.826512,-0.542398,-0.129142,13.1913
synthetic/images/img024717.jpg,synthetic_val,0,04640,1,06276,-0.630298,0.74702,-0.0233444,-0.210099,66.8112
synthetic/images/img024799.jpg,synthetic_val,1,10374,1,45124,-0.150512,0.688053,-0.580544,0.408531,127.389
synthetic/images/img024835.jpg,synthetic_val,3,73517,3,73530,0.59357,0.429826,0.184211,0.654974,7.89533
synthetic/images/img024836.jpg,synthetic_val,1,33545,1,35322,0.545675,0.698464,0.327405,-0.327405,5.91277
synthetic/images/img024897.jpg,synthetic_val,2,73655,2,15744,0.535564,-0.492719,0.685522,-0.0214226,128.998
synthetic/images/img024940.jpg,synthetic_val,3,03531,3,03342,-0.163768,-0.116977,-0.631676,0.748653,24.9479
synthetic/images/img024955.jpg,synthetic_val,0,73415,0,71723,0.705215,0.595026,0.33057,0.198342,12.7187
synthetic/images/img024969.jpg,synthetic_val,3,47537,3,56610,0.120456,-0.168638,0.602279,0.770916,16.0112
synthetic/images/img024999.jpg,synthetic_val,1,25641,1,43203,-0.372342,0.916533,-0.143208,0.0286417,45.61
synthetic/images/img025050.jpg,synthetic_val,2,61251,2,61160,-0.208885,0.149204,0.954905,0.149204,15.7621
synthetic/images/img025105.jpg,synthetic_val,1,61345,1,61710,-0.0867835,0.925691,0.260351,0.260351,8.74457
synthetic/images/img025287.jpg,synthetic_val,2,17356,2,17717,0.687194,-0.110838,0.709362,-0.110838,12.1723
synthetic/images/img025317.jpg,synthetic_val,1,52530,1,52161,0.306147,0.890609,-0.306147,0.139158,12.9261
synthetic/images/img025325.jpg,synthetic_val,0,42257,0,42343,0.822136,-0.539527,-0.128459,0.128459,8.49699
synthetic/images/img025341.jpg,synthetic_val,1,72043,1,27553,-0.026774,0.856767,0.508706,-0.0803219,24.5577
synthetic/images/img025343.jpg,synthetic_val,0,44051,0,44021,0.595974,-0.540102,-0.502853,0.316611,12.3717
synthetic/images/img025360.jpg,synthetic_val,2,23332,2,13265,0.422849,-0.0667657,0.712167,-0.55638,95.4962
synthetic/images/img025443.jpg,synthetic_val,2,72142,2,72070,0.128459,0.539527,0.822136,0.128459,13.9022
synthetic/images/img025451.jpg,synthetic_val,3,77014,3,75255,0.494538,0.193515,0.494538,0.688053,23.8409
synthetic/images/img025460.jpg,synthetic_val,0,13027,3,40347,-0.474948,-0.474948,0.158316,0.72373,26.8083
synthetic/images/img025520.jpg,synthetic_val,3,04261,3,04342,-0.500118,-0.45663,-0.239187,0.695817,14.6097
synthetic/images/img025535.jpg,synthetic_val,0,24141,0,06725,0.826512,-0.542398,-0.0774855,-0.129142,20.5431
synthetic/images/img025550.jpg,synthetic_val,1,01654,1,01667,-0.308911,0.760398,-0.403961,-0.403961,15.8853
synthetic/images/img025621.jpg,synthetic_val,0,25465,0,61065,0.899004,-0.36522,0.140469,0.196657,27.1291
synthetic/images/img025663.jpg,synthetic_val,2,50106,2,50013,0.159961,-0.662695,0.73125,0.0228515,10.0094
synthetic/images/img025672.jpg,synthetic_val,2,25756,2,34666,0.028273,0.424094,0.904735,-0.028273,14.5261
synthetic/images/img025700.jpg,synthetic_val,1,16410,1,16066,0.0290252,0.928805,-0.261226,-0.261226,23.856
synthetic/images/img025773.jpg,synthetic_val,0,25702,0,25761,0.91354,-0.142741,0.371126,-0.0856444,16.749
synthetic/images/img025827.jpg,synthetic_val,3,45463,3,45536,-0.0614038,-0.511698,0.552634,0.654974,22.231
synthetic/images/img025854.jpg,synthetic_val,2,34537,2,35456,0.546793,0.0781133,0.833209,-0.0260378,22.2259
synthetic/images/img025877.jpg,synthetic_val,3,05125,3,05151,-0.0217855,-0.675351,-0.239641,0.697136,12.7642
synthetic/images/img025889.jpg,synthetic_val,0,35247,0,35072,0.791391,0.51935,0.173117,-0.272041,15.4268
synthetic/images/img026031.jpg,synthetic_val,2,30543,2,30265,0.0701862,0.30414,0.748653,-0.584885,40.8045
synthetic/images/img026076.jpg,synthetic_val,0,00766,0,00623,0.617788,-0.559871,-0.3282,-0.444035,16.0926
synthetic/images/img026107.jpg,synthetic_val,2,15447,1,14047,0.0678497,0.72373,-0.65588,-0.203549,61.9564
synthetic/images/img026156.jpg,synthetic_val,1,34223,1,34366,0.239596,0.851896,0.399326,-0.239596,24.8476
synthetic/images/img026161.jpg,synthetic_val,2,41747,2,41747,-0.120736,-0.507093,0.772712,0.362209,1.78491
synthetic/images/img026244.jpg,synthetic_val,0,03011,0,03041,0.690612,-0.280561,-0.323724,-0.582704,13.0339
synthetic/images/img026259.jpg,synthetic_val,1,25771,1,25731,-0.0283638,0.907642,0.368729,-0.198547,12.1836
synthetic/images/img026288.jpg,synthetic_val,1,55735,1,55711,0.553307,0.571155,-0.410518,0.446215,10.4996
synthetic/images/img026383.jpg,synthetic_val,0,35754,0,17712,0.72671,0.658581,-0.113548,-0.158968,41.344
synthetic/images/img026418.jpg,synthetic_val,0,35117,0,35112,0.698464,0.632983,0.065481,-0.327405,4.96434
synthetic/images/img026443.jpg,synthetic_val,1,04667,1,06207,-0.639101,0.705215,-0.11019,-0.286494,41.7802
synthetic/images/img026461.jpg,synthetic_val,2,70643,2,43535,-0.0280939,-0.309033,0.899004,0.309033,72.8166
synthetic/images/img026465.jpg,synthetic_val,2,50114,1,05054,-0.235217,0.684267,-0.662884,-0.19245,17.6193
synthetic/images/img026560.jpg,synthetic_val,3,47503,3,47546,-0.149139,-0.276972,0.660472,0.681778,10.4132
synthetic/images/img026608.jpg,synthetic_val,2,36213,1,36322,0.188031,0.668555,0.647663,-0.313385,11.0552
synthetic/images/img026641.jpg,synthetic_val,1,26726,1,26516,-0.451486,0.760398,0.451486,-0.118812,24.2642
synthetic/images/img026769.jpg,synthetic_val,0,70367,0,72077,0.787547,0.172276,0.566049,0.172276,24.1056
synthetic/images/img026806.jpg,synthetic_val,0,30514,0,13652,0.743784,0.488108,-0.116216,-0.441622,25.6545
synthetic/images/img026853.jpg,synthetic_val,2,73400,1,56001,0.0762739,0.813589,-0.38137,0.432219,163.094
synthetic/images/img026898.jpg,synthetic_val,1,30465,1,30464,0.0273281,0.8745,0.136641,-0.464578,7.32188
synthetic/images/img026910.jpg,synthetic_val,3,00306,3,00342,-0.440762,-0.402435,-0.517416,0.613234,2.61901
synthetic/images/img027037.jpg,synthetic_val,0,36206,0,16367,0.91354,0.314029,-0.0285481,-0.256933,86.365
synthetic/images/img027064.jpg,synthetic_val,0,61027,0,61025,0.91354,-0.371126,0.142741,0.0856444,6.25021
synthetic/images/img027065.jpg,synthetic_val,3,20011,3,20330,-0.378865,0.259223,-0.618148,0.638089,30.5659
synthetic/images/img027095.jpg,synthetic_val,2,72525,2,72176,0.308911,0.546536,0.760398,0.166337,11.4561
synthetic/images/img027107.jpg,synthetic_val,0,05373,0,05170,0.737437,-0.0691347,-0.622212,-0.253494,23.9335
synthetic/images/img027178.jpg,synthetic_val,2,62221,2,26065,-0.59357,0.429826,0.654974,-0.184211,27.8644
synthetic/images/img027202.jpg,synthetic_val,3,07116,3,07115,-0.0265466,-0.398199,-0.345106,0.849491,10.5766
synthetic/images/img027219.jpg,synthetic_val,3,00354,3,00342,-0.440762,-0.402435,-0.517416,0.613234,10.4398
synthetic/images/img027236.jpg,synthetic_val,2,60137,2,60113,-0.467379,0.0824786,0.879772,0.0274929,12.3129
synthetic/images/img027244.jpg,synthetic_val,2,12255,2,21106,-0.159628,0.0684119,0.729727,-0.661315,46.9706
synthetic/images/img027319.jpg,synthetic_val,0,13606,0,13427,0.732782,0.435089,-0.206095,-0.480888,11.1977
synthetic/images/img027327.jpg,synthetic_val,0,40640,1,26025,-0.582922,0.643224,0.422116,-0.26131,9.09998
synthetic/images/img027343.jpg,synthetic_val,2,24501,2,24516,-0.504385,0.0796398,0.849491,-0.132733,7.55691
synthetic/images/img027470.jpg,synthetic_val,2,37703,1,37346,0.504151,0.645313,0.544483,-0.181494,19.0138
synthetic/images/img027473.jpg,synthetic_val,1,52145,1,52125,0.308062,0.896179,-0.308062,0.0840168,18.9206
synthetic/images/img027492.jpg,synthetic_val,0,27101,0,23550,0.780024,-0.0731272,0.414388,-0.463139,11.7653
synthetic/images/img027551.jpg,synthetic_val,1,50513,1,36701,0.257915,0.750298,0.58617,-0.164128,158.254
synthetic/images/img027572.jpg,synthetic_val,1,07515,1,61336,-0.0842816,0.899004,0.421408,0.0842816,104.862
synthetic/images/img027611.jpg,synthetic_val,0,00023,0,00107,0.570429,-0.374344,-0.516951,-0.516951,17.1292
synthetic/images/img027620.jpg,synthetic_val,0,05547,0,05565,0.758686,-0.118545,-0.640141,-0.0237089,5.51776
synthetic/images/img027659.jpg,synthetic_val,1,35647,1,34571,0.418772,0.893381,0.139591,-0.0837545,19.0306
synthetic/images/img027810.jpg,synthetic_val,2,12274,2,21513,-0.0252942,0.0758825,0.809414,-0.581766,22.7232
synthetic/images/img027905.jpg,synthetic_val,3,36443,3,52005,0.0842816,-0.421408,0.0842816,0.899004,114.643
synthetic/images/img027923.jpg,synthetic_val,1,57105,1,57520,0.510843,0.653879,-0.224771,0.510843,16.7479
synthetic/images/img027970.jpg,synthetic_val,1,64731,1,66154,-0.404805,0.681778,0.362194,0.490028,11.8575
synthetic/images/img028119.jpg,synthetic_val,0,14624,0,14663,0.877124,0.0822304,-0.465972,-0.0822304,8.99928
synthetic/images/img028144.jpg,synthetic_val,1,07260,1,07243,-0.355266,0.8745,-0.136641,-0.300609,8.0964
synthetic/images/img028176.jpg,synthetic_val,0,21445,0,43623,0.896179,-0.364073,-0.0280056,0.25205,79.8285
synthetic/images/img028238.jpg,synthetic_val,1,05723,1,05724,-0.183261,0.837765,-0.497423,-0.130901,8.7435
synthetic/images/img028244.jpg,synthetic_val,2,46056,2,46502,-0.474757,-0.268341,0.660531,0.51604,10.5952
synthetic/images/img028264.jpg,synthetic_val,2,27321,2,27344,-0.165963,0.592723,0.758686,-0.21338,15.9476
synthetic/images/img028305.jpg,synthetic_val,0,30241,0,30026,0.73125,0.0228515,0.159961,-0.662695,8.63017
synthetic/images/img028328.jpg,synthetic_val,1,03415,1,01614,-0.239187,0.695817,-0.500118,-0.45663,17.4369
synthetic/images/img028340.jpg,synthetic_val,2,23227,2,23214,-0.215273,0.489256,0.626248,-0.567537,10.8378
synthetic/images/img028392.jpg,synthetic_val,1,55226,1,57000,0.397722,0.748653,-0.350931,0.397722,6.52042
synthetic/images/img028454.jpg,synthetic_val,2,60075,2,60705,-0.514341,0.220432,0.783758,0.269417,19.5039
synthetic/images/img028462.jpg,synthetic_val,0,61121,0,61121,0.975991,-0.152499,0.152499,0.0304997,2.28715
synthetic/images/img028512.jpg,synthetic_val,1,30111,1,73001,0.464244,0.781884,0.415376,0.0244339,96.0246
synthetic/images/img028552.jpg,synthetic_val,1,30217,1,30027,0.0684119,0.729727,0.159628,-0.661315,15.5601
synthetic/images/img028553.jpg,synthetic_val,0,60435,0,60163,0.8157,-0.535303,0.178434,0.127453,20.38
synthetic/images/img028593.jpg,synthetic_val,1,12114,1,12144,0.203549,0.72373,-0.339248,-0.565414,10.7698
synthetic/images/img028614.jpg,synthetic_val,1,42320,1,60003,-0.669726,0.739008,0.069282,0.023094,22.5493
synthetic/images/img028671.jpg,synthetic_val,2,71337,0,73606,0.688053,0.365528,0.580544,0.236518,24.3073
synthetic/images/img028682.jpg,synthetic_val,3,61007,3,61004,-0.422745,0.028183,0.084549,0.901856,10.6317
synthetic/images/img028710.jpg,synthetic_val,3,16131,3,16112,0.326328,-0.326328,-0.376533,0.80327,8.7968
synthetic/images/img028711.jpg,synthetic_val,2,74232,2,41776,-0.0762739,-0.432219,0.813589,0.38137,97.1356
synthetic/images/img028724.jpg,synthetic_val,1,03566,1,03567,-0.132733,0.849491,-0.238919,-0.451292,4.54301
synthetic/images/img028888.jpg,synthetic_val,1,04356,2,54136,0.278493,-0.535564,0.685522,0.407029,41.839
synthetic/images/img028921.jpg,synthetic_val,0,71073,0,71041,0.851896,0.505813,0.0266217,0.133109,18.3895
synthetic/images/img028940.jpg,synthetic_val,0,02623,0,02466,0.659408,-0.638802,-0.185459,-0.350311,22.9156
synthetic/images/img028985.jpg,synthetic_val,3,43027,3,43031,-0.256933,-0.314029,0.0285481,0.91354,13.8367
synthetic/images/img029009.jpg,synthetic_val,1,55241,1,50577,0.327405,0.698464,-0.545675,0.327405,18.5548
synthetic/images/img029027.jpg,synthetic_val,3,53535,0,65025,0.805302,-0.327154,0.125828,0.478148,30.5687
synthetic/images/img029045.jpg,synthetic_val,0,64101,0,60164,0.793334,-0.570209,0.123958,0.173542,29.2617
synthetic/images/img029053.jpg,synthetic_val,1,40764,1,44020,-0.565697,0.583945,-0.492704,0.310221,17.0208
synthetic/images/img029096.jpg,synthetic_val,2,00362,3,32523,0.234361,0.490028,-0.490028,0.681778,39.8367
synthetic/images/img029133.jpg,synthetic_val,1,71305,1,17757,0.691283,0.713582,-0.111497,-0.0222994,38.5488
synthetic/images/img029253.jpg,synthetic_val,2,07750,2,07750,-0.0908257,-0.211927,0.968808,-0.0908257,4.41868
synthetic/images/img029259.jpg,synthetic_val,3,60256,3,60433,-0.592723,0.165963,0.21338,0.758686,13.2252
synthetic/images/img029275.jpg,synthetic_val,1,15243,1,15253,0.500118,0.695817,-0.45663,-0.239187,8.04011
synthetic/images/img029279.jpg,synthetic_val,1,12350,2,17236,0.51935,-0.024731,0.791391,-0.321503,157.367
synthetic/images/img029307.jpg,synthetic_val,1,27461,1,27454,-0.29038,0.844742,0.448769,-0.0263982,13.1316
synthetic/images/img029339.jpg,synthetic_val,0,07675,0,07667,0.925691,-0.376062,-0.0289278,-0.0289278,15.7376
synthetic/images/img029407.jpg,synthetic_val,2,70723,2,70716,0.343176,0.29038,0.844742,0.29038,12.831
synthetic/images/img029430.jpg,synthetic_val,1,16523,1,16570,0.357407,0.879772,-0.302422,-0.0824786,14.6743
synthetic/images/img029610.jpg,synthetic_val,1,62714,1,67036,-0.243843,0.709362,0.509854,0.421184,31.204
synthetic/images/img029628.jpg,synthetic_val,1,34335,1,34353,0.388465,0.828726,0.284875,-0.284875,8.80705
synthetic/images/img029648.jpg,synthetic_val,1,15711,1,15273,0.51912,0.722254,-0.383697,-0.248275,22.4356
synthetic/images/img029658.jpg,synthetic_val,1,70063,1,52203,0.0921878,0.983336,-0.153646,0.0307293,46.3351
synthetic/images/img029703.jpg,synthetic_val,1,47124,1,47107,-0.125828,0.805302,-0.327154,0.478148,7.02339
synthetic/images/img029714.jpg,synthetic_val,1,46224,0,60421,0.720787,-0.653213,0.112623,0.202721,68.2453
synthetic/images/img029716.jpg,synthetic_val,2,51753,2,51356,0.597589,-0.432737,0.659408,0.144246,13.4109
synthetic/images/img029760.jpg,synthetic_val,1,35000,1,35007,0.480589,0.809414,0.0758825,-0.328824,8.01409
synthetic/images/img029768.jpg,synthetic_val,0,23143,0,72003,0.856767,0.0803219,0.508706,0.026774,75.8667
synthetic/images/img029808.jpg,synthetic_val,0,42651,0,43414,0.828726,-0.284875,-0.388465,0.284875,42.8903
synthetic/images/img029830.jpg,synthetic_val,0,25474,0,25465,0.916533,-0.372342,0.143208,-0.0286417,6.8345
synthetic/images/img029931.jpg,synthetic_val,3,56765,3,56644,0.0221676,-0.155173,0.687194,0.709362,26.5919
synthetic/images/img029982.jpg,synthetic_val,0,53260,0,53633,0.791391,0.568812,-0.024731,0.222579,21.5448
synthetic/images/img029995.jpg,synthetic_val,1,65324,1,65300,-0.184274,0.842397,0.236924,0.447523,14.392
synthetic/images/img030030.jpg,synthetic_val,0,41032,0,41007,0.707972,-0.287613,-0.641599,0.0663723,9.19747
synthetic/images/img030033.jpg,synthetic_val,1,45573,1,47107,-0.125828,0.805302,-0.327154,0.478148,34.123
synthetic/images/img030041.jpg,synthetic_val,0,54073,0,32052,0.691902,0.10811,0.410817,-0.583792,179.869
synthetic/images/img030088.jpg,synthetic_val,0,52622,0,43374,0.968808,-0.0908257,-0.0908257,0.211927,15.6661
synthetic/images/img030110.jpg,synthetic_val,2,36320,1,37106,0.535564,0.685522,0.407029,-0.278493,52.7566
synthetic/images/img030137.jpg,synthetic_val,2,13252,2,13066,0.378339,-0.200297,0.712167,-0.55638,14.2178
synthetic/images/img030209.jpg,synthetic_val,0,74602,0,61775,0.849491,-0.0265466,0.345106,0.398199,28.7192
synthetic/images/img030230.jpg,synthetic_val,1,03064,1,03002,-0.307535,0.656074,-0.26653,-0.635572,12.3025
synthetic/images/img030342.jpg,synthetic_val,0,61147,0,61145,0.965275,-0.150824,0.0301648,0.211154,6.24456
synthetic/images/img030367.jpg,synthetic_val,1,16363,1,16367,0.314029,0.91354,-0.0285481,-0.256933,8.6823
synthetic/images/img030417.jpg,synthetic_val,3,36714,3,72372,0.278493,0.664099,0.107113,0.685522,28.2323
synthetic/images/img030435.jpg,synthetic_val,3,44064,3,77326,0.458658,0.568736,0.34858,0.587082,176.129
synthetic/images/img030437.jpg,synthetic_val,0,03306,3,35076,0.525822,0.175274,-0.225352,0.801253,163.503
synthetic/images/img030445.jpg,synthetic_val,1,07710,2,70242,0.0292228,0.321451,0.935129,0.146114,169.739
synthetic/images/img030535.jpg,synthetic_val,0,35423,0,35073,0.770916,0.554096,0.168638,-0.265003,15.468
synthetic/images/img030606.jpg,synthetic_val,2,56033,2,56202,0.0273281,-0.136641,0.8745,0.464578,18.6994
synthetic/images/img030610.jpg,synthetic_val,3,35445,3,06774,-0.508706,-0.0803219,-0.026774,0.856767,124.706
synthetic/images/img030637.jpg,synthetic_val,1,35224,2,32576,0.289893,0.512887,0.713582,-0.37909,59.6963
synthetic/images/img030750.jpg,synthetic_val,2,17331,3,15052,0.42627,-0.588658,-0.223284,0.649554,173.801
synthetic/images/img030899.jpg,synthetic_val,1,41266,1,43401,-0.33577,0.826512,-0.387427,0.232456,11.745
synthetic/images/img030974.jpg,synthetic_val,1,01723,1,03073,-0.205664,0.73125,-0.205664,-0.616992,24.863
synthetic/images/img031002.jpg,synthetic_val,3,76071,1,16312,0.342224,0.842397,-0.131625,-0.394874,168.444
synthetic/images/img031029.jpg,synthetic_val,0,73160,0,76101,0.770916,0.265003,0.409549,0.409549,48.2001
synthetic/images/img031045.jpg,synthetic_val,3,07442,3,43104,-0.193624,-0.41491,0.0829819,0.88514,29.4441
synthetic/images/img031080.jpg,synthetic_val,0,46250,0,46246,0.635066,-0.61522,-0.099229,0.456453,8.70003
synthetic/images/img031218.jpg,synthetic_val,2,63153,2,72004,0.0274929,0.467379,0.879772,0.0824786,10.3521
synthetic/images/img031245.jpg,synthetic_val,2,15727,2,45522,-0.145236,-0.518699,0.663935,0.518699,117.796
synthetic/images/img031304.jpg,synthetic_val,1,25654,1,25651,-0.260351,0.925691,0.260351,-0.0867835,10.003
synthetic/images/img031323.jpg,synthetic_val,1,34602,1,34422,0.0298408,0.954905,0.208885,-0.208885,12.6978
synthetic/images/img031365.jpg,synthetic_val,1,61503,1,61051,-0.267615,0.951522,0.0297351,0.148675,16.736
synthetic/images/img031457.jpg,synthetic_val,2,10154,1,70564,0.244497,0.869321,0.135831,0.407494,109.75
synthetic/images/img031546.jpg,synthetic_val,1,53033,1,53062,0.451292,0.849491,-0.238919,0.132733,17.5101
synthetic/images/img031608.jpg,synthetic_val,1,71423,1,71006,0.465972,0.877124,0.0822304,0.0822304,21.6093
synthetic/images/img031640.jpg,synthetic_val,2,14767,2,50136,0.30414,-0.584885,0.748653,0.0701862,21.5468
synthetic/images/img031646.jpg,synthetic_val,0,63024,0,03465,0.799251,-0.324696,-0.274743,-0.424602,109.1
synthetic/images/img031689.jpg,synthetic_val,1,32516,1,30725,0.262575,0.763856,0.310316,-0.50128,16.3501
synthetic/images/img031700.jpg,synthetic_val,0,03263,0,03746,0.859235,-0.187958,-0.134255,-0.456468,29.4742
synthetic/images/img031702.jpg,synthetic_val,2,34127,2,34170,0.355266,0.136641,0.8745,-0.300609,8.56694
synthetic/images/img031729.jpg,synthetic_val,0,20146,0,24311,0.795292,-0.422499,0.223676,-0.372793,31.2285
synthetic/images/img031737.jpg,synthetic_val,3,54574,2,57035,0.509854,-0.243843,0.709362,0.421184,49.9553
synthetic/images/img031791.jpg,synthetic_val,2,15711,2,44323,-0.464606,-0.37611,0.707972,0.37611,148.779
synthetic/images/img031804.jpg,synthetic_val,2,06117,2,06501,-0.503581,-0.359701,0.767362,-0.16786,19.2114
synthetic/images/img031806.jpg,synthetic_val,3,37544,3,71235,0.552814,0.31246,0.0721062,0.769133,13.2622
synthetic/images/img031931.jpg,synthetic_val,0,51410,1,31651,0.51494,0.716438,0.201498,-0.425385,128.958
synthetic/images/img031940.jpg,synthetic_val,0,56015,3,53305,0.63446,-0.16449,0.0704956,0.751953,74.9183
synthetic/images/img031979.jpg,synthetic_val,3,21761,3,21777,-0.0254906,0.38236,-0.433341,0.8157,15.5052
synthetic/images/img031991.jpg,synthetic_val,2,43705,2,43371,-0.0307293,-0.0921878,0.983336,0.153646,27.8323
synthetic/images/img032000.jpg,synthetic_val,2,73254,2,73063,0.431484,0.522323,0.72671,0.113548,8.20244
synthetic/images/img032002.jpg,synthetic_val,0,67015,0,65242,0.751953,-0.352478,0.258484,0.493469,24.6353
synthetic/images/img032051.jpg,synthetic_val,0,43173,0,43332,0.994672,-0.0932505,-0.0310835,0.0310835,30.5242
synthetic/images/img032273.jpg,synthetic_val,3,70055,3,52362,0.267615,-0.0297351,0.148675,0.951522,10.1744
synthetic/images/img032286.jpg,synthetic_val,3,52230,3,70013,0.212708,0.0911606,0.0303869,0.972379,19.4571
synthetic/images/img032307.jpg,synthetic_val,0,61652,0,61616,0.859235,-0.295362,0.295362,0.295362,7.76116
synthetic/images/img032343.jpg,synthetic_val,0,72067,0,72436,0.776342,0.121303,0.557996,0.266868,10.8115
synthetic/images/img032388.jpg,synthetic_val,3,75147,3,75060,0.403052,0.118545,0.497888,0.758686,23.0102
synthetic/images/img032401.jpg,synthetic_val,3,03203,2,03301,-0.11019,-0.154266,0.705215,-0.683177,51.1616
synthetic/images/img032404.jpg,synthetic_val,1,34361,2,07216,-0.300609,-0.136641,0.8745,-0.355266,158.363
synthetic/images/img032469.jpg,synthetic_val,1,11250,1,74703,0.252957,0.735875,0.252957,0.574903,162.459
synthetic/images/img032513.jpg,synthetic_val,1,71161,1,71521,0.626216,0.742182,0.115966,0.208739,8.81668
synthetic/images/img032542.jpg,synthetic_val,0,07633,0,07724,0.961781,-0.21039,-0.090167,-0.150278,7.10845
synthetic/images/img032587.jpg,synthetic_val,1,06351,1,60770,-0.457732,0.770916,0.313185,0.313185,93.1086
synthetic/images/img032698.jpg,synthetic_val,2,75172,2,75057,0.50298,0.0656061,0.699798,0.50298,15.0976
synthetic/images/img032702.jpg,synthetic_val,0,26014,0,24634,0.725215,-0.6119,0.294619,-0.113315,20.6562
synthetic/images/img032826.jpg,synthetic_val,2,22752,2,27021,-0.301511,0.487057,0.742182,-0.347898,15.6489
synthetic/images/img032858.jpg,synthetic_val,1,44610,1,44124,-0.447383,0.622446,-0.525188,0.369577,19.3792
synthetic/images/img032926.jpg,synthetic_val,0,43100,0,25671,0.893381,-0.251263,0.362936,-0.0837545,93.7278
synthetic/images/img032972.jpg,synthetic_val,1,52577,2,52523,0.304267,-0.248946,0.88514,0.248946,156.955
synthetic/images/img032988.jpg,synthetic_val,3,42113,3,12722,0.222579,-0.024731,-0.568812,0.791391,113.11
synthetic/images/img033037.jpg,synthetic_val,0,56112,0,34127,0.866766,0.297951,0.189605,-0.352124,110.338
synthetic/images/img033094.jpg,synthetic_val,3,00652,3,06531,-0.441447,-0.285642,-0.181772,0.830959,37.2332
synthetic/images/img033123.jpg,synthetic_val,1,06705,1,06717,-0.46047,0.866766,-0.135432,-0.135432,12.1592
synthetic/images/img033157.jpg,synthetic_val,3,74246,3,65052,-0.275431,0.0751175,0.525822,0.801253,41.6801
synthetic/images/img033170.jpg,synthetic_val,1,73443,1,73241,0.421184,0.709362,0.554189,0.110838,23.9551
synthetic/images/img033186.jpg,synthetic_val,0,07613,0,07277,0.928805,-0.261226,-0.0290252,-0.261226,13.0666
synthetic/images/img033208.jpg,synthetic_val,0,35525,0,31475,0.74059,0.532299,0.115717,-0.393438,32.1573
synthetic/images/img033285.jpg,synthetic_val,1,72534,1,72510,0.328824,0.809414,0.430001,0.227648,9.26976
synthetic/images/img033352.jpg,synthetic_val,0,12354,0,13621,0.729727,0.433275,-0.0684119,-0.524491,17.7364
synthetic/images/img033356.jpg,synthetic_val,1,13605,2,75063,0.438786,0.161658,0.739008,0.484974,175.06
synthetic/images/img033366.jpg,synthetic_val,3,63050,3,61235,-0.251263,0.362936,0.0837545,0.893381,10.6449
synthetic/images/img033412.jpg,synthetic_val,0,67422,0,63443,0.770916,-0.313185,0.457732,0.313185,28.3225
synthetic/images/img033440.jpg,synthetic_val,1,36436,1,61313,-0.0295269,0.944862,0.324796,0.0295269,40.588
synthetic/images/img033472.jpg,synthetic_val,0,03107,3,06470,-0.622212,-0.253494,-0.0691347,0.737437,63.9212
synthetic/images/img033493.jpg,synthetic_val,3,64554,3,65516,-0.0712873,0.0712873,0.641585,0.760398,39.2159
synthetic/images/img033543.jpg,synthetic_val,0,06150,0,02666,0.670902,-0.649937,-0.0209657,-0.356417,46.8737
synthetic/images/img033550.jpg,synthetic_val,3,43333,3,07513,-0.0283638,-0.368729,-0.198547,0.907642,49.0986
synthetic/images/img033611.jpg,synthetic_val,0,01343,0,01637,0.74702,-0.210099,-0.396854,-0.490232,18.6358
synthetic/images/img033628.jpg,synthetic_val,1,04703,1,02755,-0.418384,0.787547,-0.172276,-0.418384,48.2719
synthetic/images/img033635.jpg,synthetic_val,2,45474,1,15621,0.448458,0.755297,-0.448458,-0.165221,67.8729
synthetic/images/img033725.jpg,synthetic_val,1,56367,1,74345,0.262575,0.763856,0.214834,0.549021,26.7487
synthetic/images/img033732.jpg,synthetic_val,2,56470,2,56442,0.0221676,-0.288178,0.709362,0.642859,14.1775
synthetic/images/img033763.jpg,synthetic_val,2,67150,1,67005,-0.302817,0.745396,0.395992,0.442579,64.0737
synthetic/images/img033800.jpg,synthetic_val,3,65273,3,61672,-0.280397,0.38236,0.331378,0.8157,21.3139
synthetic/images/img033831.jpg,synthetic_val,2,23052,2,23061,-0.267431,0.432004,0.658291,-0.555433,7.15905
synthetic/images/img033878.jpg,synthetic_val,0,66025,0,66264,0.552464,-0.535199,0.50067,0.397083,14.1514
synthetic/images/img033889.jpg,synthetic_val,1,13503,3,46364,-0.50298,-0.0656061,0.50298,0.699798,78.3765
synthetic/images/img033911.jpg,synthetic_val,0,73446,0,74117,0.795292,0.372793,0.0745586,0.472205,43.5697
synthetic/images/img033982.jpg,synthetic_val,1,74651,1,74441,0.069282,0.739008,0.023094,0.669726,23.9659
synthetic/images/img033987.jpg,synthetic_val,0,32155,0,30742,0.80327,0.22592,0.276124,-0.476942,22.3841
synthetic/images/img034061.jpg,synthetic_val,3,64254,0,54260,0.748653,0.0233954,-0.444513,0.491304,143.992
synthetic/images/img034124.jpg,synthetic_val,1,25167,1,25152,-0.0879694,0.93834,0.0879694,-0.322554,18.7546
synthetic/images/img034217.jpg,synthetic_val,2,34465,2,70200,0.0300557,0.270501,0.961781,0.0300557,16.1902
synthetic/images/img034230.jpg,synthetic_val,1,16722,1,25147,-0.148152,0.948174,0.0888913,-0.266674,50.4079
synthetic/images/img034355.jpg,synthetic_val,3,42770,3,42772,-0.481824,-0.0253592,0.329669,0.811493,4.65925
synthetic/images/img034447.jpg,synthetic_val,2,43211,2,25474,-0.321451,0.146114,0.935129,-0.0292228,38.6487
synthetic/images/img034491.jpg,synthetic_val,3,72145,3,72115,0.38137,0.432219,0.0762739,0.813589,17.6873
synthetic/images/img034526.jpg,synthetic_val,3,70401,3,52267,0.0911606,-0.0303869,0.212708,0.972379,13.0865
synthetic/images/img034552.jpg,synthetic_val,1,07372,1,16226,0.0289278,0.925691,-0.0289278,-0.376062,13.8539
synthetic/images/img034582.jpg,synthetic_val,0,24207,1,24033,-0.570099,0.729727,0.159628,-0.342059,91.131
synthetic/images/img034633.jpg,synthetic_val,0,72422,0,72435,0.791391,0.173117,0.51935,0.272041,15.6208
synthetic/images/img034688.jpg,synthetic_val,1,62716,1,60377,-0.426737,0.80327,0.376533,0.175715,27.6796
synthetic/images/img034784.jpg,synthetic_val,1,24047,0,24466,0.709362,-0.687194,0.155173,-0.0221676,35.2474
synthetic/images/img034788.jpg,synthetic_val,2,03241,2,30023,0.0663723,0.154869,0.707972,-0.685847,54.4663
synthetic/images/img034792.jpg,synthetic_val,1,26545,1,26556,-0.454577,0.765603,0.454577,-0.0239251,6.00971
synthetic/images/img034828.jpg,synthetic_val,0,35440,0,17661,0.854321,0.507253,-0.0800926,-0.0800926,13.858
synthetic/images/img034884.jpg,synthetic_val,2,01363,2,03566,-0.184274,-0.236924,0.842397,-0.447523,31.1279
synthetic/images/img034926.jpg,synthetic_val,0,56701,0,34230,0.842397,0.131625,0.342224,-0.394874,134.464
synthetic/images/img034928.jpg,synthetic_val,0,43110,0,43531,0.91354,-0.0285481,-0.314029,0.256933,28.5425
synthetic/images/img034950.jpg,synthetic_val,3,16640,3,25431,-0.262111,0.145617,-0.203864,0.931951,51.5264
synthetic/images/img034959.jpg,synthetic_val,3,24471,3,24560,-0.57735,0.125511,-0.0753066,0.80327,5.59619
synthetic/images/img035004.jpg,synthetic_val,0,16453,0,16744,0.941584,0.26482,-0.205971,-0.0294245,20.2909
synthetic/images/img035083.jpg,synthetic_val,0,70432,0,70471,0.899004,0.196657,0.140469,0.36522,15.5068
synthetic/images/img035109.jpg,synthetic_val,3,23645,3,27027,-0.298949,0.52891,-0.298949,0.735875,9.5906
synthetic/images/img035117.jpg,synthetic_val,3,46106,3,46102,-0.512887,-0.289893,0.37909,0.713582,6.21682
synthetic/images/img035323.jpg,synthetic_val,3,11643,3,10675,0.168638,-0.457732,-0.409549,0.770916,31.2285
synthetic/images/img035360.jpg,synthetic_val,2,35475,2,72050,0.135432,0.46047,0.866766,0.135432,64.839
synthetic/images/img035363.jpg,synthetic_val,2,52735,2,52356,0.36522,-0.140469,0.899004,0.196657,15.1066
synthetic/images/img035420.jpg,synthetic_val,1,11665,2,45026,-0.317287,-0.528812,0.676879,0.401897,36.2742
synthetic/images/img035463.jpg,synthetic_val,0,45412,0,45407,0.608779,-0.247316,-0.551706,0.513657,4.81323
synthetic/images/img035471.jpg,synthetic_val,1,77615,1,45467,-0.246603,0.607024,-0.474237,0.588054,142.507
synthetic/images/img035480.jpg,synthetic_val,1,14067,1,14066,0.0240354,0.769133,-0.600885,-0.216319,4.77203
synthetic/images/img035529.jpg,synthetic_val,2,05607,2,07430,-0.30334,-0.30334,0.882444,-0.193035,26.5977
synthetic/images/img035542.jpg,synthetic_val,2,26556,1,62365,-0.432737,0.659408,0.597589,0.144246,35.011
synthetic/images/img035593.jpg,synthetic_val,2,04270,2,00042,-0.519926,-0.486383,0.536698,-0.452839,32.1625
synthetic/images/img035633.jpg,synthetic_val,1,34241,1,34611,0.20182,0.922608,0.259483,-0.20182,18.3192
synthetic/images/img035646.jpg,synthetic_val,1,17343,1,71533,0.674072,0.695817,0.15221,0.195698,61.2151
synthetic/images/img035697.jpg,synthetic_val,2,12625,1,70634,0.136641,0.8745,0.355266,0.300609,174.86
synthetic/images/img035716.jpg,synthetic_val,3,47145,3,47514,-0.0673011,-0.336506,0.60571,0.717879,10.8947
synthetic/images/img035721.jpg,synthetic_val,1,65345,1,56344,0.219382,0.780024,-0.17063,0.560642,57.4244
synthetic/images/img035738.jpg,synthetic_val,3,60506,0,07222,0.833209,-0.390567,-0.0260378,-0.390567,73.2666
synthetic/images/img035865.jpg,synthetic_val,2,47251,2,74010,0.136641,0.0273281,0.8745,0.464578,47.5241
synthetic/images/img035878.jpg,synthetic_val,0,31624,0,31045,0.713582,0.423689,0.0222994,-0.557486,31.8277
synthetic/images/img035889.jpg,synthetic_val,1,34466,1,25574,-0.0921878,0.983336,0.153646,-0.0307293,14.1527
synthetic/images/img035905.jpg,synthetic_val,2,03032,2,02346,-0.490028,-0.106528,0.681778,-0.532639,32.5509
synthetic/images/img035941.jpg,synthetic_val,0,61446,0,61470,0.8745,-0.300609,0.136641,0.355266,15.171
synthetic/images/img035944.jpg,synthetic_val,0,24000,0,26441,0.688053,-0.623548,0.365528,-0.0645049,50.4814
synthetic/images/img035980.jpg,synthetic_val,3,44670,3,44161,-0.4091,-0.525985,0.4091,0.62339,26.2855
synthetic/images/img035984.jpg,synthetic_val,0,26542,0,64352,0.725215,-0.430597,0.249293,0.475923,65.7994
synthetic/images/img036016.jpg,synthetic_val,2,72177,2,34773,0.389512,0.389512,0.830959,-0.0779024,33.3602
synthetic/images/img036050.jpg,synthetic_val,0,11336,3,40666,-0.620124,-0.340068,0.30006,0.640128,24.5084
synthetic/images/img036090.jpg,synthetic_val,1,47514,1,41665,-0.308216,0.758686,-0.45047,0.355634,42.2259
synthetic/images/img036117.jpg,synthetic_val,0,60271,2,06333,-0.433341,-0.0254906,0.8157,-0.38236,166.867
synthetic/images/img036168.jpg,synthetic_val,2,31320,3,32517,0.331214,0.419537,-0.463699,0.706589,129.269
synthetic/images/img036230.jpg,synthetic_val,2,72145,2,72414,0.130901,0.445063,0.837765,0.287982,19.5264
synthetic/images/img036263.jpg,synthetic_val,0,42105,0,43042,0.842397,-0.394874,-0.342224,0.131625,17.3468
synthetic/images/img036315.jpg,synthetic_val,0,61276,0,61622,0.811493,-0.380387,0.380387,0.228232,11.1824
synthetic/images/img036342.jpg,synthetic_val,3,34275,3,34720,0.247436,0.357407,-0.19245,0.879772,6.12223
synthetic/images/img036380.jpg,synthetic_val,2,13407,2,23061,-0.267431,0.432004,0.658291,-0.555433,119.702
synthetic/images/img036421.jpg,synthetic_val,3,23166,3,20367,-0.436459,0.311757,-0.519594,0.665081,36.3273
synthetic/images/img036436.jpg,synthetic_val,1,65320,1,65233,-0.223676,0.795292,0.372793,0.422499,7.87051
synthetic/images/img036506.jpg,synthetic_val,3,35131,3,35513,0.685847,0.0663723,-0.154869,0.707972,18.6271
synthetic/images/img036521.jpg,synthetic_val,3,62142,3,62104,-0.534595,0.395135,0.0697297,0.743784,7.72388
synthetic/images/img036537.jpg,synthetic_val,2,14403,1,72200,0.0246108,0.787547,0.615271,0.0246108,170.359
synthetic/images/img036551.jpg,synthetic_val,1,56350,1,57060,0.392598,0.739008,-0.254034,0.484974,14.1968
synthetic/images/img036576.jpg,synthetic_val,3,10762,3,16070,0.139158,-0.306147,-0.306147,0.890609,26.9477
synthetic/images/img036737.jpg,synthetic_val,1,21643,1,21636,-0.258484,0.751953,0.352478,-0.493469,12.8533
synthetic/images/img036770.jpg,synthetic_val,0,16012,0,16156,0.842397,0.342224,-0.342224,-0.236924,32.1806
synthetic/images/img036772.jpg,synthetic_val,2,21027,2,20150,-0.413141,0.0217443,0.695817,-0.587095,20.6255
synthetic/images/img036781.jpg,synthetic_val,2,51537,1,64367,-0.445801,0.679315,0.318429,0.488258,146.932
synthetic/images/img036846.jpg,synthetic_val,1,52242,1,43354,-0.0892052,0.951522,-0.208145,0.208145,17.2008
synthetic/images/img036879.jpg,synthetic_val,1,43723,1,43743,-0.141819,0.907642,-0.141819,0.368729,15.2005
synthetic/images/img036891.jpg,synthetic_val,1,60351,1,06732,-0.501565,0.844742,-0.0263982,-0.184787,47.0872
synthetic/images/img036892.jpg,synthetic_val,2,23512,3,12015,0.151354,-0.324329,-0.627036,0.691902,26.1037
synthetic/images/img036908.jpg,synthetic_val,2,47376,2,47353,-0.0258977,-0.129488,0.828726,0.543852,11.4563
synthetic/images/img036985.jpg,synthetic_val,1,30444,2,16727,0.321451,-0.0292228,0.935129,-0.146114,173.754
synthetic/images/img037098.jpg,synthetic_val,3,06436,3,06343,-0.523205,-0.124573,-0.27406,0.797264,22.6079
synthetic/images/img037184.jpg,synthetic_val,3,50323,3,52100,0.246691,-0.411152,0.0274101,0.877124,6.35697
synthetic/images/img037240.jpg,synthetic_val,0,75001,0,17132,0.686784,0.622398,-0.193158,-0.32193,94.8215
synthetic/images/img037270.jpg,synthetic_val,0,25502,0,25155,0.961781,-0.0300557,0.0300557,-0.270501,19.6802
synthetic/images/img037296.jpg,synthetic_val,2,66270,1,66727,-0.373869,0.569705,0.551902,0.480689,18.2155
synthetic/images/img037335.jpg,synthetic_val,0,32031,3,06662,-0.694049,-0.0223887,-0.067166,0.716438,46.3411
synthetic/images/img037351.jpg,synthetic_val,2,07014,2,07000,-0.36391,-0.36391,0.776342,-0.36391,9.72589
synthetic/images/img037362.jpg,synthetic_val,2,70200,2,70024,0.0307293,0.153646,0.983336,0.0921878,14.7186
synthetic/images/img037501.jpg,synthetic_val,2,17651,0,75022,0.787547,0.418384,0.172276,0.418384,120.656
synthetic/images/img037527.jpg,synthetic_val,1,60063,1,42341,-0.535303,0.8157,-0.178434,0.127453,44.2794
synthetic/images/img037596.jpg,synthetic_val,1,45324,1,10665,0.0731272,0.780024,-0.463139,-0.414388,105.37
synthetic/images/img037627.jpg,synthetic_val,3,62732,1,62547,-0.463699,0.706589,0.419537,0.331214,47.9041
synthetic/images/img037634.jpg,synthetic_val,1,72714,1,73616,0.436459,0.665081,0.561162,0.228622,16.3941
synthetic/images/img037688.jpg,synthetic_val,1,60132,1,60163,-0.535303,0.8157,0.178434,0.127453,11.0404
synthetic/images/img037698.jpg,synthetic_val,1,32772,2,06501,-0.503581,-0.359701,0.767362,-0.16786,161.038
synthetic/images/img037719.jpg,synthetic_val,0,56106,3,37444,0.424602,0.424602,-0.0249766,0.799251,71.8932
synthetic/images/img037815.jpg,synthetic_val,0,40223,1,60262,-0.655727,0.676879,0.317287,0.105762,17.4655
synthetic/images/img037871.jpg,synthetic_val,1,52274,1,70413,0.205262,0.93834,0.0879694,0.263908,21.9756
synthetic/images/img037909.jpg,synthetic_val,3,15453,0,44737,0.662794,-0.35211,-0.35211,0.559233,46.6408
synthetic/images/img037913.jpg,synthetic_val,0,07047,0,02566,0.729727,-0.524491,-0.205236,-0.387667,34.7725
synthetic/images/img037944.jpg,synthetic_val,3,02772,3,21042,-0.336506,0.0673011,-0.60571,0.717879,25.0184
synthetic/images/img037970.jpg,synthetic_val,2,16640,2,34466,0.0304997,0.213498,0.975991,-0.0304997,49.0702
synthetic/images/img038078.jpg,synthetic_val,0,41571,3,15241,0.421184,-0.509854,-0.243843,0.709362,92.7248
synthetic/images/img038101.jpg,synthetic_val,2,34656,2,36564,0.228822,0.533917,0.813589,-0.0254246,31.9374
synthetic/images/img038105.jpg,synthetic_val,0,70127,0,70146,0.93834,0.263908,0.0879694,0.205262,20.1452
synthetic/images/img038122.jpg,synthetic_val,2,34670,2,70200,0.0300557,0.270501,0.961781,0.0300557,22.4598
synthetic/images/img038164.jpg,synthetic_val,2,13475,1,47740,-0.157993,0.722254,-0.157993,0.654542,103.804
synthetic/images/img038191.jpg,synthetic_val,2,72245,2,63171,-0.0258977,0.543852,0.828726,0.129488,12.353
synthetic/images/img038212.jpg,synthetic_val,0,14426,0,14235,0.799251,0.174836,-0.474555,-0.324696,34.4362
synthetic/images/img038276.jpg,synthetic_val,3,74555,3,47577,-0.0219953,-0.197958,0.681854,0.703849,45.5425
synthetic/images/img038281.jpg,synthetic_val,1,40673,1,26332,-0.374716,0.631101,0.611379,-0.295829,142.647
synthetic/images/img038314.jpg,synthetic_val,3,10732,3,21760,-0.174836,0.324696,-0.474555,0.799251,101.195
synthetic/images/img038448.jpg,synthetic_val,0,32175,3,35234,0.494563,0.306158,-0.306158,0.753619,168.113
synthetic/images/img038540.jpg,synthetic_val,0,56507,0,05713,0.822136,-0.0256917,-0.539527,-0.179842,103.391
synthetic/images/img038588.jpg,synthetic_val,3,62460,3,62422,-0.608545,0.451501,0.176674,0.628176,10.0405
synthetic/images/img038649.jpg,synthetic_val,1,41572,1,41524,-0.159628,0.729727,-0.615707,0.250844,13.2212
synthetic/images/img038680.jpg,synthetic_val,2,67321,2,61727,-0.13387,0.40161,0.856767,0.294514,33.1316
synthetic/images/img038752.jpg,synthetic_val,0,16276,0,16275,0.93834,0.205262,-0.0879694,-0.263908,10.2719
synthetic/images/img038758.jpg,synthetic_val,2,33254,2,33005,0.378865,0.338985,0.638089,-0.578268,18.8446
synthetic/images/img038773.jpg,synthetic_val,0,70017,0,70032,0.965275,0.150824,0.211154,0.0301648,13.5438
synthetic/images/img038791.jpg,synthetic_val,2,12755,2,15060,0.365528,-0.580544,0.688053,-0.236518,55.7684
synthetic/images/img038795.jpg,synthetic_val,0,61744,0,61752,0.879772,-0.0824786,0.302422,0.357407,14.5644
synthetic/images/img038871.jpg,synthetic_val,3,34647,3,34666,0.028273,0.424094,-0.028273,0.904735,13.3489
synthetic/images/img038882.jpg,synthetic_val,1,76204,2,76266,0.0199403,0.618148,0.638089,0.458626,14.7726
synthetic/images/img038909.jpg,synthetic_val,1,40276,1,42101,-0.510678,0.778177,-0.36477,0.024318,19.588
synthetic/images/img038990.jpg,synthetic_val,0,02234,0,02436,0.670902,-0.566074,-0.188691,-0.44028,22.5162
synthetic/images/img039018.jpg,synthetic_val,3,26470,3,26475,-0.546718,0.459243,-0.0218687,0.699798,7.68817
synthetic/images/img039049.jpg,synthetic_val,2,50611,2,50253,0.178434,-0.535303,0.8157,0.127453,9.2526
synthetic/images/img039065.jpg,synthetic_val,0,06705,0,06303,0.772712,-0.507093,-0.120736,-0.362209,26.9091
synthetic/images/img039069.jpg,synthetic_val,3,10644,3,03057,-0.206529,-0.298319,-0.57369,0.734324,41.0668
synthetic/images/img039103.jpg,synthetic_val,1,56023,1,56000,0.0254906,0.8157,-0.38236,0.433341,21.4372
synthetic/images/img039122.jpg,synthetic_val,3,60745,0,60770,0.770916,-0.457732,0.313185,0.313185,163.68
synthetic/images/img039196.jpg,synthetic_val,0,12274,0,70454,0.896179,0.140028,0.0280056,0.420084,126.159
synthetic/images/img039259.jpg,synthetic_val,0,52105,0,34720,0.879772,0.247436,0.357407,-0.19245,97.6016
synthetic/images/img039268.jpg,synthetic_val,1,61364,1,61373,-0.0280056,0.896179,0.420084,0.140028,21.699
synthetic/images/img039371.jpg,synthetic_val,2,70167,2,72144,0.236924,0.447523,0.842397,0.184274,30.2699
synthetic/images/img039383.jpg,synthetic_val,0,31114,0,53547,0.690612,0.582704,-0.280561,0.323724,111.291
synthetic/images/img039505.jpg,synthetic_val,3,12630,0,17046,0.809414,0.430001,-0.328824,-0.227648,171.601
synthetic/images/img039575.jpg,synthetic_val,3,51120,0,03406,0.742182,-0.347898,-0.301511,-0.487057,151.544
synthetic/images/img039604.jpg,synthetic_val,0,55750,0,55164,0.593509,0.463679,-0.500773,0.426585,16.1861
synthetic/images/img039614.jpg,synthetic_val,3,14103,1,21620,-0.339945,0.725215,0.294619,-0.521249,25.9361
synthetic/images/img039645.jpg,synthetic_val,2,76103,2,76164,0.197576,0.46101,0.702491,0.504916,16.4526
synthetic/images/img039691.jpg,synthetic_val,3,50250,3,43531,-0.0285481,-0.314029,0.256933,0.91354,39.2811
synthetic/images/img039693.jpg,synthetic_val,2,41123,1,41177,-0.0242607,0.776342,-0.606517,0.169825,35.8679
synthetic/images/img039715.jpg,synthetic_val,2,40323,2,43046,-0.39163,-0.339413,0.835478,0.182761,23.3882
synthetic/images/img039779.jpg,synthetic_val,2,23115,2,32000,0.0209657,0.356417,0.670902,-0.649937,4.6853
synthetic/images/img039785.jpg,synthetic_val,1,16302,1,16366,0.261226,0.928805,-0.0290252,-0.261226,21.1417
synthetic/images/img039798.jpg,synthetic_val,0,53312,1,71417,0.560642,0.780024,0.0731272,0.268133,42.7204
synthetic/images/img039801.jpg,synthetic_val,2,34447,2,25570,-0.0918415,0.153069,0.979643,-0.0918415,26.3026
synthetic/images/img039823.jpg,synthetic_val,3,63506,3,61656,-0.284875,0.284875,0.388465,0.828726,25.4297
synthetic/images/img039897.jpg,synthetic_val,0,61025,0,61025,0.91354,-0.371126,0.142741,0.0856444,3.94162
synthetic/images/img039902.jpg,synthetic_val,1,37765,1,31722,0.509992,0.652789,0.305995,-0.469192,58.0762
synthetic/images/img039965.jpg,synthetic_val,1,23674,2,27264,-0.32193,0.622398,0.686784,-0.193158,22.3059
synthetic/images/img039989.jpg,synthetic_val,1,43272,1,43216,-0.320358,0.931951,-0.145617,0.0873704,13.6409
synthetic/images/img039993.jpg,synthetic_val,0,50532,0,05535,0.758686,-0.0237089,-0.640141,-0.118545,51.4422
synthetic/images/img040008.jpg,synthetic_val,0,15433,2,73651,0.474757,0.51604,0.660531,0.268341,157.269
synthetic/images/img040043.jpg,synthetic_val,1,47176,1,56032,0.132733,0.849491,-0.238919,0.451292,27.1552
synthetic/images/img040047.jpg,synthetic_val,1,26013,2,21473,-0.231226,0.179842,0.822136,-0.488143,85.8967
synthetic/images/img040056.jpg,synthetic_val,2,22504,2,24021,-0.630584,0.108721,0.695817,-0.326164,35.0889
synthetic/images/img040058.jpg,synthetic_val,3,17732,0,12432,0.785646,0.122757,-0.220963,-0.564683,162.663
synthetic/images/img040066.jpg,synthetic_val,3,60646,3,51770,0.592578,-0.388241,0.265638,0.653879,174.522
synthetic/images/img040100.jpg,synthetic_val,1,03471,1,03407,-0.306158,0.753619,-0.306158,-0.494563,9.00536
synthetic/images/img040134.jpg,synthetic_val,2,50346,2,50201,0.0758825,-0.581766,0.809414,0.0252942,23.4556
synthetic/images/img040165.jpg,synthetic_val,0,11341,3,44164,-0.433808,-0.509253,0.433808,0.603559,22.6041
synthetic/images/img040211.jpg,synthetic_val,1,43307,1,43342,-0.208885,0.954905,-0.149204,0.149204,6.82127
synthetic/images/img040227.jpg,synthetic_val,2,52300,2,70147,0.317146,0.0864945,0.922608,0.20182,39.8439
synthetic/images/img040231.jpg,synthetic_val,1,50571,1,50775,0.350165,0.74702,-0.443543,0.350165,19.7565
synthetic/images/img040237.jpg,synthetic_val,2,04234,2,06143,-0.50128,-0.310316,0.763856,-0.262575,15.3246
synthetic/images/img040240.jpg,synthetic_val,3,25557,3,35026,0.434472,0.1789,-0.332243,0.817829,64.3295
synthetic/images/img040272.jpg,synthetic_val,3,30677,3,03570,-0.0770752,-0.282609,-0.488143,0.822136,85.209
synthetic/images/img040315.jpg,synthetic_val,2,14372,2,16016,0.134255,-0.349064,0.859235,-0.349064,26.4116
synthetic/images/img040461.jpg,synthetic_val,1,52216,1,70062,0.0301648,0.965275,0.211154,0.150824,46.5077
synthetic/images/img040505.jpg,synthetic_val,3,67015,3,67127,-0.113548,0.522323,0.431484,0.72671,19.1914
synthetic/images/img040619.jpg,synthetic_val,2,47167,2,65550,-0.069282,0.023094,0.739008,0.669726,31.4906
synthetic/images/img040683.jpg,synthetic_val,2,40173,2,40340,-0.501067,-0.501067,0.697136,0.108928,13.8235
synthetic/images/img040709.jpg,synthetic_val,0,64517,0,65217,0.80327,-0.22592,0.276124,0.476942,33.6842
synthetic/images/img040764.jpg,synthetic_val,0,64552,0,47433,0.751953,-0.211487,-0.211487,0.587463,40.9501
synthetic/images/img040861.jpg,synthetic_val,0,01217,0,03545,0.809414,-0.126471,-0.379413,-0.430001,27.5107
synthetic/images/img040894.jpg,synthetic_val,0,34516,0,70274,0.899004,0.140469,0.36522,0.196657,54.237
synthetic/images/img040899.jpg,synthetic_val,0,35242,0,34170,0.8745,0.355266,0.136641,-0.300609,21.7038
synthetic/images/img041039.jpg,synthetic_val,3,52347,0,07670,0.93834,-0.322554,-0.0879694,-0.0879694,153.021
synthetic/images/img041082.jpg,synthetic_val,2,44510,2,45621,-0.278493,-0.407029,0.685522,0.535564,24.5439
synthetic/images/img041126.jpg,synthetic_val,0,03751,3,07650,-0.317146,-0.20182,-0.0864945,0.922608,87.8397
synthetic/images/img041213.jpg,synthetic_val,1,27312,2,27053,-0.22592,0.476942,0.80327,-0.276124,41.3304
synthetic/images/img041258.jpg,synthetic_val,2,52062,2,41172,-0.0731272,-0.609394,0.780024,0.121879,44.7426
synthetic/images/img041268.jpg,synthetic_val,2,03705,2,03561,-0.127786,-0.281129,0.817829,-0.485586,10.3743
synthetic/images/img041312.jpg,synthetic_val,3,50237,3,10737,0.337185,-0.382143,-0.472059,0.719328,69.8555
synthetic/images/img041372.jpg,synthetic_val,1,47276,1,47627,-0.296452,0.729727,-0.022804,0.615707,8.61769
synthetic/images/img041438.jpg,synthetic_val,0,06373,0,61244,0.861723,-0.403933,0.24236,0.188502,63.6357
synthetic/images/img041484.jpg,synthetic_val,0,00500,0,00772,0.709362,-0.421184,-0.376848,-0.421184,25.5501
synthetic/images/img041490.jpg,synthetic_val,2,52776,2,52713,0.407494,-0.135831,0.869321,0.244497,20.4026
synthetic/images/img041516.jpg,synthetic_val,0,01553,0,72475,0.767362,0.16786,0.503581,0.359701,172.415
synthetic/images/img041528.jpg,synthetic_val,2,65131,2,65107,-0.132733,0.0796398,0.849491,0.504385,16.2097
synthetic/images/img041542.jpg,synthetic_val,3,42306,3,16751,0.41491,-0.193624,-0.0829819,0.88514,122.319
synthetic/images/img041593.jpg,synthetic_val,3,34211,3,34340,0.248946,0.248946,-0.304267,0.88514,14.0812
synthetic/images/img041612.jpg,synthetic_val,3,16256,3,16620,0.0303869,-0.0911606,-0.212708,0.972379,15.6527
synthetic/images/img041614.jpg,synthetic_val,3,56305,3,56320,0.240278,-0.0800926,0.453858,0.854321,14.7107
synthetic/images/img041766.jpg,synthetic_val,0,20562,0,24774,0.811493,-0.481824,0.329669,-0.0253592,49.4839
synthetic/images/img041937.jpg,synthetic_val,1,55605,2,00242,-0.551902,-0.373869,0.569705,-0.480689,37.2728
synthetic/images/img041957.jpg,synthetic_val,1,63746,1,67105,-0.121303,0.776342,0.412432,0.460953,27.17
synthetic/images/img041970.jpg,synthetic_val,0,22065,3,24056,-0.628928,0.0698809,-0.209643,0.745396,68.5318
synthetic/images/img041987.jpg,synthetic_val,3,23153,3,32007,0.0634574,0.401897,-0.613422,0.676879,8.89683
synthetic/images/img042058.jpg,synthetic_val,1,12663,1,34014,0.143208,0.916533,0.0286417,-0.372342,19.5798
synthetic/images/img042077.jpg,synthetic_val,1,10763,1,11454,0.403027,0.614137,-0.594945,-0.32626,32.9719
synthetic/images/img042148.jpg,synthetic_val,2,12024,2,21163,-0.116977,0.163768,0.748653,-0.631676,50.2906
synthetic/images/img042158.jpg,synthetic_val,2,72365,1,72052,0.131991,0.844742,0.501565,0.131991,34.5819
synthetic/images/img042207.jpg,synthetic_val,0,14664,0,05775,0.859235,-0.0268511,-0.510171,-0.0268511,5.38199
synthetic/images/img042224.jpg,synthetic_val,1,26422,1,26021,-0.576437,0.636069,0.41742,-0.298157,19.1011
synthetic/images/img042240.jpg,synthetic_val,1,04265,0,00666,0.632085,-0.612333,-0.335795,-0.335795,106.016
synthetic/images/img042262.jpg,synthetic_val,3,46575,3,46526,-0.473147,-0.185144,0.555433,0.658291,16.7949
synthetic/images/img042304.jpg,synthetic_val,1,52226,1,52226,0.0310835,0.994672,-0.0310835,0.0932505,2.95115
synthetic/images/img042342.jpg,synthetic_val,2,31204,2,02304,-0.465335,-0.141624,0.647423,-0.586727,105.307
synthetic/images/img042362.jpg,synthetic_val,0,53223,0,71021,0.851896,0.505813,0.133109,0.0266217,17.3381
synthetic/images/img042375.jpg,synthetic_val,2,25521,2,25704,-0.203864,0.262111,0.931951,-0.145617,12.6161
synthetic/images/img042417.jpg,synthetic_val,0,23315,0,32500,0.729727,0.205236,0.387667,-0.524491,29.8314
synthetic/images/img042464.jpg,synthetic_val,0,56326,0,34151,0.864234,0.40511,0.0270073,-0.29708,97.6676
synthetic/images/img042511.jpg,synthetic_val,2,34322,2,32544,0.219382,0.414388,0.780024,-0.414388,7.5271
synthetic/images/img042547.jpg,synthetic_val,3,16735,3,42333,-0.468798,-0.0275764,0.0275764,0.882444,106.61
synthetic/images/img042637.jpg,synthetic_val,2,13754,1,12545,0.270066,0.785646,-0.368271,-0.417374,174.633
synthetic/images/img042717.jpg,synthetic_val,3,71166,3,71065,0.497423,0.130901,0.183261,0.837765,12.8179
synthetic/images/img042757.jpg,synthetic_val,0,17352,0,71121,0.758686,0.640141,0.118545,0.0237089,39.4177
synthetic/images/img042797.jpg,synthetic_val,1,37713,1,31566,0.560843,0.717879,0.157036,-0.381373,53.5873
synthetic/images/img042810.jpg,synthetic_val,0,32464,0,32602,0.669726,0.0209289,0.565081,-0.481365,14.1781
synthetic/images/img042899.jpg,synthetic_val,3,73511,0,75507,0.641155,0.540975,0.0601083,0.540975,30.1336
synthetic/images/img042943.jpg,synthetic_val,0,24256,0,24446,0.716438,-0.694049,0.067166,-0.0223887,31.4327
synthetic/images/img042996.jpg,synthetic_val,3,40214,3,40626,-0.633445,-0.347373,0.224771,0.653879,24.7166
synthetic/images/img042998.jpg,synthetic_val,1,67631,2,67300,-0.157036,0.560843,0.717879,0.381373,23.4655
synthetic/images/img043046.jpg,synthetic_val,3,43316,3,43371,-0.0307293,-0.0921878,0.153646,0.983336,12.3606
synthetic/images/img043062.jpg,synthetic_val,3,16621,3,07747,-0.152499,-0.152499,-0.0304997,0.975991,35.7746
synthetic/images/img043067.jpg,synthetic_val,3,70540,3,52660,0.0288315,-0.0864945,0.374809,0.922608,28.778
synthetic/images/img043078.jpg,synthetic_val,2,70337,2,70350,0.360694,0.249711,0.887862,0.138728,22.2623
synthetic/images/img043079.jpg,synthetic_val,1,53113,0,77111,0.632085,0.612333,0.335795,0.335795,81.8145
synthetic/images/img043137.jpg,synthetic_val,1,72316,2,70362,0.244497,0.407494,0.869321,0.135831,48.0182
synthetic/images/img043209.jpg,synthetic_val,2,02375,2,31046,0.385271,0.0679889,0.725215,-0.566575,92.7221
synthetic/images/img043253.jpg,synthetic_val,1,32003,1,30526,0.225352,0.801253,0.175274,-0.525822,38.4103
synthetic/images/img043270.jpg,synthetic_val,2,35606,2,34753,0.403933,0.296217,0.861723,-0.0807866,10.196
synthetic/images/img043309.jpg,synthetic_val,3,54136,3,57406,0.361538,-0.276471,0.574208,0.680543,35.8409
synthetic/images/img043360.jpg,synthetic_val,2,24543,2,24561,-0.542398,0.129142,0.826512,-0.0774855,6.45522
synthetic/images/img043370.jpg,synthetic_val,0,04226,0,02472,0.683019,-0.576297,-0.192099,-0.405542,25.9419
synthetic/images/img043404.jpg,synthetic_val,3,25507,0,70074,0.954905,0.149204,0.149204,0.208885,173.555
synthetic/images/img043545.jpg,synthetic_val,2,52640,2,43632,-0.314029,-0.0285481,0.91354,0.256933,46.7323
synthetic/images/img043552.jpg,synthetic_val,0,47133,0,56163,0.783758,0.269417,-0.220432,0.514341,35.1916
synthetic/images/img043634.jpg,synthetic_val,2,52332,2,70330,0.352124,0.352124,0.866766,0.0270864,44.3193
synthetic/images/img043651.jpg,synthetic_val,2,27344,2,27501,-0.134255,0.456468,0.859235,-0.187958,20.2111
synthetic/images/img043686.jpg,synthetic_val,2,06263,2,24506,-0.57735,0.0753066,0.80327,-0.125511,19.5355
synthetic/images/img043794.jpg,synthetic_val,3,51254,0,64503,0.698464,-0.458367,0.065481,0.545675,33.0961
synthetic/images/img043823.jpg,synthetic_val,0,03754,0,61565,0.887862,-0.138728,0.138728,0.416185,111.664
synthetic/images/img043871.jpg,synthetic_val,1,35076,1,35206,0.424602,0.799251,0.274743,-0.324696,21.0577
synthetic/images/img043969.jpg,synthetic_val,0,30306,3,35171,0.671537,0.108312,-0.238287,0.6932,178.835
synthetic/images/img043984.jpg,synthetic_val,1,01554,1,50021,0.0714488,0.762121,-0.643039,0.0238163,48.0421
synthetic/images/img044163.jpg,synthetic_val,0,76256,0,76160,0.717879,0.201903,0.471108,0.471108,14.9964
synthetic/images/img044210.jpg,synthetic_val,0,43356,0,61155,0.975991,-0.0304997,0.0304997,0.213498,22.6487
synthetic/images/img044262.jpg,synthetic_val,0,75235,0,75201,0.763856,0.453539,0.214834,0.405798,10.5546
synthetic/images/img044274.jpg,synthetic_val,0,56560,3,53037,0.567426,-0.222036,0.0740121,0.789462,69.2423
synthetic/images/img044289.jpg,synthetic_val,1,30305,3,05032,-0.246276,-0.559717,-0.33583,0.716438,24.4374
synthetic/images/img044456.jpg,synthetic_val,0,06654,0,24440,0.716438,-0.694049,0.0223887,-0.067166,22.0122
synthetic/images/img044489.jpg,synthetic_val,0,50770,0,57020,0.770916,0.409549,-0.265003,0.409549,26.1598
synthetic/images/img044568.jpg,synthetic_val,2,77622,1,75622,0.365528,0.688053,0.322525,0.537541,35.47
synthetic/images/img044597.jpg,synthetic_val,2,67362,1,67121,-0.118545,0.758686,0.497888,0.403052,24.9253
synthetic/images/img044607.jpg,synthetic_val,3,56755,3,57266,0.395992,-0.0232936,0.535754,0.745396,24.5407
synthetic/images/img044635.jpg,synthetic_val,0,43536,0,43344,0.935129,-0.204559,-0.204559,0.204559,16.9754
synthetic/images/img044728.jpg,synthetic_val,1,01362,2,05553,-0.023094,-0.669726,0.739008,-0.069282,90.8954
synthetic/images/img044747.jpg,synthetic_val,0,51175,1,51533,0.597592,0.616869,-0.481929,0.173494,5.13918
synthetic/images/img044752.jpg,synthetic_val,1,34751,1,34517,0.418772,0.893381,0.0837545,-0.139591,21.2893
synthetic/images/img044771.jpg,synthetic_val,3,73775,3,77125,0.534156,0.415455,0.375888,0.633074,20.1208
synthetic/images/img044799.jpg,synthetic_val,1,62544,1,60743,-0.50128,0.763856,0.262575,0.310316,16.3539
synthetic/images/img044806.jpg,synthetic_val,0,52524,0,14236,0.824315,0.128799,-0.437917,-0.334878,76.12
synthetic/images/img044817.jpg,synthetic_val,3,27512,3,27503,-0.130901,0.497423,-0.183261,0.837765,8.62844
synthetic/images/img044822.jpg,synthetic_val,0,56255,0,30650,0.828726,0.129488,0.233079,-0.492056,137.274
synthetic/images/img044848.jpg,synthetic_val,2,04472,2,04376,-0.453539,-0.405798,0.763856,-0.214834,27.7516
synthetic/images/img044900.jpg,synthetic_val,3,14332,3,15242,0.392598,-0.484974,-0.254034,0.739008,16.3967
synthetic/images/img045019.jpg,synthetic_val,1,56354,2,06415,-0.57369,-0.344214,0.734324,-0.114738,99.7297
synthetic/images/img045041.jpg,synthetic_val,3,53617,3,53530,0.637864,-0.241948,0.197958,0.703849,20.539
synthetic/images/img045055.jpg,synthetic_val,3,07236,3,07245,-0.357407,-0.19245,-0.247436,0.879772,20.5747
synthetic/images/img045094.jpg,synthetic_val,0,26530,0,27442,0.795292,-0.372793,0.472205,-0.0745586,14.568
synthetic/images/img045229.jpg,synthetic_val,1,27434,1,27452,-0.282609,0.822136,0.488143,-0.0770752,6.95592
synthetic/images/img045341.jpg,synthetic_val,3,24627,0,03722,0.799251,-0.174836,-0.0249766,-0.574462,31.6631
synthetic/images/img045435.jpg,synthetic_val,1,61774,1,72044,0.0270864,0.866766,0.46047,0.189605,30.9674
synthetic/images/img045454.jpg,synthetic_val,1,74412,1,74241,0.0760775,0.811493,0.228232,0.532542,21.013
synthetic/images/img045462.jpg,synthetic_val,3,61646,0,02700,0.6932,-0.498237,-0.151637,-0.498237,61.3555
synthetic/images/img045465.jpg,synthetic_val,1,23576,1,27034,-0.262575,0.763856,0.50128,-0.310316,21.9187
synthetic/images/img045497.jpg,synthetic_val,3,25660,3,25267,-0.33577,0.387427,-0.232456,0.826512,20.4732
synthetic/images/img045510.jpg,synthetic_val,0,65760,0,56666,0.717879,0.0224337,-0.0224337,0.695445,42.5823
synthetic/images/img045517.jpg,synthetic_val,1,17026,1,17242,0.445063,0.837765,-0.130901,-0.287982,10.0569
synthetic/images/img045578.jpg,synthetic_val,1,43536,1,43707,-0.144639,0.925691,-0.144639,0.318206,17.4497
synthetic/images/img045639.jpg,synthetic_val,1,36710,1,32744,0.200297,0.712167,0.55638,-0.378339,28.1337
synthetic/images/img045709.jpg,synthetic_val,3,30620,3,30221,0.0645049,0.279521,-0.666551,0.688053,19.558
synthetic/images/img045763.jpg,synthetic_val,2,23007,2,20161,-0.445801,0.106143,0.679315,-0.573172,36.9612
synthetic/images/img045775.jpg,synthetic_val,2,63253,1,63541,-0.128799,0.824315,0.437917,0.334878,51.1867
synthetic/images/img045806.jpg,synthetic_val,1,26257,1,26236,-0.502853,0.595974,0.57735,-0.242115,10.8263
synthetic/images/img045906.jpg,synthetic_val,2,42203,2,42006,-0.666551,-0.279521,0.688053,0.0645049,20.2534
synthetic/images/img045908.jpg,synthetic_val,0,01572,0,41567,0.734324,-0.114738,-0.57369,0.344214,91.1031
synthetic/images/img045939.jpg,synthetic_val,0,46601,0,46111,0.748653,-0.397722,-0.350931,0.397722,37.0586
synthetic/images/img045985.jpg,synthetic_val,3,34035,3,34020,0.0280056,0.140028,-0.420084,0.896179,19.5072
synthetic/images/img045988.jpg,synthetic_val,2,72670,2,72074,0.127453,0.535303,0.8157,0.178434,20.2517
synthetic/images/img046073.jpg,synthetic_val,1,70341,1,70150,0.372342,0.916533,0.0286417,0.143208,23.7407
synthetic/images/img046184.jpg,synthetic_val,1,16703,1,16522,0.2561,0.910577,-0.2561,-0.199189,17.5145
synthetic/images/img046213.jpg,synthetic_val,0,57612,0,74137,0.785646,0.368271,0.17186,0.466477,36.1593
synthetic/images/img046223.jpg,synthetic_val,2,65355,1,74201,0.0800926,0.854321,0.240278,0.453858,101.961
synthetic/images/img046244.jpg,synthetic_val,2,13423,2,75100,0.567742,0.0227097,0.72671,0.386065,112.821
synthetic/images/img046251.jpg,synthetic_val,3,23565,3,27217,-0.201095,0.603286,-0.290471,0.715006,20.3658
synthetic/images/img046265.jpg,synthetic_val,1,75721,1,77156,0.552506,0.609662,0.361987,0.438195,13.2041
synthetic/images/img046280.jpg,synthetic_val,2,27462,2,26554,-0.464244,0.415376,0.781884,-0.0244339,20.2122
synthetic/images/img046316.jpg,synthetic_val,1,50034,1,05567,-0.122169,0.781884,-0.610847,-0.0244339,29.1078
synthetic/images/img046341.jpg,synthetic_val,1,52200,1,61351,-0.0297351,0.951522,0.267615,0.148675,57.2543
synthetic/images/img046345.jpg,synthetic_val,3,62177,3,62152,-0.451486,0.451486,0.118812,0.760398,14.1906
synthetic/images/img046357.jpg,synthetic_val,1,74576,1,65445,-0.28004,0.689329,0.0215415,0.667787,63.8735
synthetic/images/img046404.jpg,synthetic_val,3,41255,3,14756,0.321503,-0.51935,-0.024731,0.791391,66.7836
synthetic/images/img046414.jpg,synthetic_val,3,25556,3,25453,-0.268567,0.0895223,-0.0895223,0.954905,24.1104
synthetic/images/img046484.jpg,synthetic_val,2,77215,1,75263,0.419537,0.706589,0.331214,0.463699,44.2183
synthetic/images/img046488.jpg,synthetic_val,2,64162,2,64306,-0.509854,0.243843,0.709362,0.421184,10.2446
synthetic/images/img046539.jpg,synthetic_val,0,45347,3,15647,0.444513,-0.491304,-0.0233954,0.748653,81.2303
synthetic/images/img046555.jpg,synthetic_val,3,27752,0,21055,0.769133,-0.216319,0.0240354,-0.600885,98.0742
synthetic/images/img046570.jpg,synthetic_val,0,12245,0,74055,0.799251,0.174836,0.0249766,0.574462,147.6
synthetic/images/img046574.jpg,synthetic_val,1,43643,1,43627,-0.358493,0.882444,-0.0275764,0.30334,11.6673
synthetic/images/img046608.jpg,synthetic_val,2,60217,2,06550,-0.472205,-0.372793,0.795292,-0.0745586,76.7421
synthetic/images/img046629.jpg,synthetic_val,1,54126,1,54304,0.201498,0.716438,-0.51494,0.425385,3.71947
synthetic/images/img046697.jpg,synthetic_val,0,37075,0,36303,0.698464,0.240097,0.589329,-0.327405,35.6304
synthetic/images/img046763.jpg,synthetic_val,0,57645,0,31422,0.735875,0.390934,0.160973,-0.52891,147.63
synthetic/images/img046828.jpg,synthetic_val,1,05654,1,05746,-0.179842,0.822136,-0.539527,-0.0256917,12.3943
synthetic/images/img046831.jpg,synthetic_val,1,45610,3,11004,0.304593,-0.555434,-0.5196,0.573351,169.183
synthetic/images/img046836.jpg,synthetic_val,3,06714,3,06703,-0.535303,-0.127453,-0.178434,0.8157,7.18565
synthetic/images/img046849.jpg,synthetic_val,2,74347,2,47003,-0.319941,-0.319941,0.787547,0.418384,98.8565
synthetic/images/img046882.jpg,synthetic_val,3,35601,3,35252,0.508279,0.266242,-0.266242,0.774521,12.2071
synthetic/images/img046929.jpg,synthetic_val,2,66656,2,66526,-0.433808,0.433808,0.603559,0.509253,8.96968
synthetic/images/img046951.jpg,synthetic_val,1,70430,1,70502,0.260351,0.925691,0.0867835,0.260351,15.8511
synthetic/images/img047033.jpg,synthetic_val,2,74763,3,74773,0.311757,0.311757,0.60273,0.665081,12.5075
synthetic/images/img047037.jpg,synthetic_val,3,63150,3,07557,-0.0289278,-0.376062,-0.0289278,0.925691,99.304
synthetic/images/img047050.jpg,synthetic_val,0,16200,3,06775,-0.467379,-0.0824786,-0.0274929,0.879772,79.6937
synthetic/images/img047075.jpg,synthetic_val,0,50757,3,30725,0.262575,0.310316,-0.50128,0.763856,74.8276
synthetic/images/img047092.jpg,synthetic_val,2,37037,2,37022,0.37392,0.505892,0.703849,-0.329929,13.7395
synthetic/images/img047104.jpg,synthetic_val,2,44313,2,40527,-0.446606,-0.531674,0.680543,0.233937,20.0248
synthetic/images/img047126.jpg,synthetic_val,3,10344,3,12061,0.0691347,-0.253494,-0.622212,0.737437,34.7549
synthetic/images/img047128.jpg,synthetic_val,2,25517,2,16644,0.0304997,-0.213498,0.975991,-0.0304997,41.5146
synthetic/images/img047136.jpg,synthetic_val,0,36070,0,34073,0.907642,0.198547,0.198547,-0.312002,40.7474
synthetic/images/img047242.jpg,synthetic_val,1,63100,1,61372,-0.0837545,0.893381,0.418772,0.139591,20.7843
synthetic/images/img047245.jpg,synthetic_val,0,25407,0,43220,0.901856,-0.422745,-0.084549,0.028183,28.7784
synthetic/images/img047371.jpg,synthetic_val,3,46142,3,46500,-0.469192,-0.305995,0.509992,0.652789,8.08019
synthetic/images/img047373.jpg,synthetic_val,3,71166,3,71070,0.539527,0.128459,0.128459,0.822136,9.71165
synthetic/images/img047467.jpg,synthetic_val,0,24634,1,24041,-0.650578,0.717879,0.0224337,-0.246771,59.0344
synthetic/images/img047492.jpg,synthetic_val,0,16653,0,16652,0.972379,0.151934,-0.151934,-0.0911606,5.92849
synthetic/images/img047538.jpg,synthetic_val,3,40556,1,70675,0.182761,0.835478,0.339413,0.39163,154.445
synthetic/images/img047552.jpg,synthetic_val,1,05421,1,05652,-0.275431,0.801253,-0.525822,-0.0751175,17.2525
synthetic/images/img047705.jpg,synthetic_val,2,70547,2,72554,0.314649,0.411464,0.774521,0.363057,38.4361
synthetic/images/img047712.jpg,synthetic_val,1,62073,1,06335,-0.440261,0.828726,-0.0776931,-0.33667,86.1504
synthetic/images/img047772.jpg,synthetic_val,3,34367,0,36043,0.822136,0.0770752,0.488143,-0.282609,171.411
synthetic/images/img047864.jpg,synthetic_val,3,01601,3,00551,-0.331176,-0.603909,-0.370138,0.62339,23.5654
synthetic/images/img047868.jpg,synthetic_val,1,33536,2,33071,0.440762,0.402435,0.613234,-0.517416,38.7365
synthetic/images/img047872.jpg,synthetic_val,2,10356,2,21665,-0.319941,0.319941,0.787547,-0.418384,115.191
synthetic/images/img047873.jpg,synthetic_val,2,71161,2,72111,0.38236,0.433341,0.8157,0.0254906,49.5938
synthetic/images/img047946.jpg,synthetic_val,1,34250,1,34254,0.143681,0.919555,0.258625,-0.258625,5.35678
synthetic/images/img047953.jpg,synthetic_val,3,05742,3,05734,-0.0796398,-0.504385,-0.132733,0.849491,12.4366
synthetic/images/img048130.jpg,synthetic_val,2,12345,2,12200,0.0221676,-0.155173,0.709362,-0.687194,30.6176
synthetic/images/img048200.jpg,synthetic_val,2,26232,1,26122,-0.478855,0.666233,0.478855,-0.312297,17.8682
synthetic/images/img048220.jpg,synthetic_val,0,27103,0,27074,0.783758,-0.269417,0.514341,-0.220432,27.3761
synthetic/images/img048250.jpg,synthetic_val,1,42116,1,24715,-0.451292,0.849491,0.238919,-0.132733,72.6167
synthetic/images/img048264.jpg,synthetic_val,1,53430,1,53400,0.422499,0.795292,-0.372793,0.223676,14.7925
synthetic/images/img048272.jpg,synthetic_val,1,03222,1,21616,-0.266242,0.774521,0.266242,-0.508279,39.6686
synthetic/images/img048374.jpg,synthetic_val,1,03254,1,07131,-0.0270073,0.864234,-0.29708,-0.40511,39.6547
synthetic/images/img048420.jpg,synthetic_val,2,37532,1,31762,0.528812,0.676879,0.317287,-0.401897,55.8832
synthetic/images/img048426.jpg,synthetic_val,1,14125,1,45122,-0.157036,0.717879,-0.560843,0.381373,90.5208
synthetic/images/img048431.jpg,synthetic_val,0,30745,0,34103,0.861723,0.296217,0.0807866,-0.403933,18.3392
synthetic/images/img048459.jpg,synthetic_val,1,66627,2,66767,-0.360838,0.532665,0.549848,0.532665,16.4604
synthetic/images/img048492.jpg,synthetic_val,3,40016,3,26144,-0.524491,0.387667,-0.205236,0.729727,119.578
synthetic/images/img048566.jpg,synthetic_val,1,06056,1,06341,-0.51935,0.791391,-0.173117,-0.272041,20.8996
synthetic/images/img048619.jpg,synthetic_val,1,25255,1,25247,-0.348062,0.856767,0.294514,-0.240966,12.0158
synthetic/images/img048626.jpg,synthetic_val,0,52126,0,56302,0.849491,0.238919,-0.132733,0.451292,47.0776
synthetic/images/img048641.jpg,synthetic_val,2,05261,2,05266,-0.372793,-0.422499,0.795292,-0.223676,10.6927
synthetic/images/img048685.jpg,synthetic_val,3,12753,3,13642,0.412432,-0.121303,-0.460953,0.776342,4.67503
synthetic/images/img048880.jpg,synthetic_val,0,53447,0,33444,0.735875,0.390934,0.390934,-0.390934,125.519
synthetic/images/img048903.jpg,synthetic_val,2,47533,2,47167,-0.122757,-0.220963,0.785646,0.564683,11.2145
synthetic/images/img048905.jpg,synthetic_val,2,65433,2,25522,-0.204559,0.204559,0.935129,-0.204559,97.0156
synthetic/images/img049028.jpg,synthetic_val,0,70111,0,16745,0.925691,0.318206,-0.202495,-0.0289278,26.9093
synthetic/images/img049048.jpg,synthetic_val,0,70207,0,70247,0.922608,0.0864945,0.317146,0.20182,10.7249
synthetic/images/img049099.jpg,synthetic_val,2,04102,2,00555,-0.335795,-0.612333,0.632085,-0.335795,14.8317
synthetic/images/img049133.jpg,synthetic_val,1,01142,1,01632,-0.248275,0.722254,-0.383697,-0.51912,26.2576
synthetic/images/img049150.jpg,synthetic_val,3,35470,3,24565,-0.543852,0.129488,-0.0258977,0.828726,131.248
synthetic/images/img049207.jpg,synthetic_val,2,42130,1,72051,0.187958,0.859235,0.456468,0.134255,177.642
synthetic/images/img049276.jpg,synthetic_val,2,73073,1,73030,0.480888,0.732782,0.480888,0.0228994,39.1491
synthetic/images/img049289.jpg,synthetic_val,3,25515,3,07770,-0.092538,-0.092538,-0.092538,0.987072,15.4433
synthetic/images/img049310.jpg,synthetic_val,0,61560,0,61506,0.922608,-0.20182,0.0864945,0.317146,9.60224
synthetic/images/img049452.jpg,synthetic_val,0,00605,0,60567,0.767362,-0.503581,0.16786,0.359701,117.475
synthetic/images/img049464.jpg,synthetic_val,2,50267,2,61732,-0.0819844,0.409922,0.8745,0.245953,107.117
synthetic/images/img049481.jpg,synthetic_val,2,16324,2,16307,0.300609,-0.136641,0.8745,-0.355266,5.32076
synthetic/images/img049506.jpg,synthetic_val,2,03535,2,30466,0.0270864,0.189605,0.866766,-0.46047,55.2054
synthetic/images/img049536.jpg,synthetic_val,2,46360,2,46161,-0.466436,-0.244324,0.71076,0.466436,21.3709
synthetic/images/img049540.jpg,synthetic_val,1,02275,0,64237,0.676879,-0.528812,0.317287,0.401897,39.5942
synthetic/images/img049639.jpg,synthetic_val,0,53435,0,53460,0.799251,0.424602,-0.274743,0.324696,16.8502
synthetic/images/img049717.jpg,synthetic_val,2,50420,2,63507,-0.127786,0.485586,0.817829,0.281129,137.845
synthetic/images/img049727.jpg,synthetic_val,3,15627,0,16004,0.849491,0.0265466,-0.398199,-0.345106,162.241
synthetic/images/img049793.jpg,synthetic_val,0,34035,0,52724,0.910577,0.2561,-0.0853666,0.313011,85.8966
synthetic/images/img049818.jpg,synthetic_val,3,52531,0,07305,0.899004,-0.140469,-0.196657,-0.36522,177.497
synthetic/images/img049943.jpg,synthetic_val,2,33015,2,30173,0.333169,0.155479,0.71076,-0.599704,25.4876
synthetic/images/img049962.jpg,synthetic_val,0,51110,1,52154,0.339413,0.835478,-0.39163,0.182761,52.8092
synthetic/images/img050038.jpg,synthetic_val,2,35625,2,35066,0.447523,0.184274,0.842397,-0.236924,21.9163
synthetic/images/img050084.jpg,synthetic_val,2,65701,2,65257,-0.214834,0.262575,0.763856,0.549021,14.3062
synthetic/images/img050086.jpg,synthetic_val,0,34404,0,70144,0.941584,0.26482,0.0294245,0.205971,52.5033
synthetic/images/img050100.jpg,synthetic_val,1,12064,1,21431,-0.220963,0.785646,0.122757,-0.564683,54.6218
synthetic/images/img050179.jpg,synthetic_val,3,41537,3,41335,-0.026774,-0.508706,0.0803219,0.856767,26.3621
synthetic/images/img050198.jpg,synthetic_val,3,75264,3,75603,0.411587,0.238287,0.541562,0.6932,10.89
synthetic/images/img050208.jpg,synthetic_val,0,57463,0,32143,0.676879,0.232677,0.401897,-0.571117,167.507
synthetic/images/img050261.jpg,synthetic_val,3,45653,2,45527,-0.101998,-0.509992,0.652789,0.550791,16.9383
synthetic/images/img050270.jpg,synthetic_val,1,53356,0,53104,0.737437,0.576123,-0.345674,0.0691347,35.5454
synthetic/images/img050288.jpg,synthetic_val,1,17473,1,15663,0.463139,0.780024,-0.414388,-0.0731272,23.7123
synthetic/images/img050360.jpg,synthetic_val,1,52055,1,52170,0.355266,0.8745,-0.300609,0.136641,21.8387
synthetic/images/img050371.jpg,synthetic_val,2,46053,2,17004,0.411464,-0.363057,0.774521,-0.314649,148.167
synthetic/images/img050543.jpg,synthetic_val,2,70223,2,70232,0.140028,0.420084,0.896179,0.0280056,4.36844
synthetic/images/img050602.jpg,synthetic_val,3,61006,3,60110,-0.510171,0.0268511,0.0268511,0.859235,13.7225
synthetic/images/img050626.jpg,synthetic_val,3,41437,0,05505,0.709362,-0.110838,-0.687194,-0.110838,141.321
synthetic/images/img050635.jpg,synthetic_val,3,52420,3,43350,-0.090167,-0.21039,0.150278,0.961781,21.7088
synthetic/images/img050661.jpg,synthetic_val,0,73076,0,73502,0.699798,0.546718,0.415505,0.196818,18.6574
synthetic/images/img050729.jpg,synthetic_val,0,73210,1,30335,0.315597,0.673274,0.273518,-0.610155,97.6091
synthetic/images/img050749.jpg,synthetic_val,3,71026,3,70174,0.36522,0.140469,0.196657,0.899004,20.4923
synthetic/images/img050834.jpg,synthetic_val,2,75452,2,75057,0.50298,0.0656061,0.699798,0.50298,16.0059
synthetic/images/img050858.jpg,synthetic_val,0,74073,0,74142,0.811493,0.228232,0.0760775,0.532542,13.3156
synthetic/images/img050916.jpg,synthetic_val,1,61350,1,25745,-0.148675,0.951522,0.267615,-0.0297351,19.117
synthetic/images/img051019.jpg,synthetic_val,3,47127,3,47374,-0.0756891,-0.0756891,0.580283,0.80735,20.5581
synthetic/images/img051020.jpg,synthetic_val,3,12647,3,03777,-0.0275764,-0.0275764,-0.468798,0.882444,19.4942
synthetic/images/img051045.jpg,synthetic_val,2,03434,2,01663,-0.302817,-0.395992,0.745396,-0.442579,16.1868
synthetic/images/img051051.jpg,synthetic_val,3,61445,3,61464,-0.387427,0.129142,0.387427,0.826512,10.8919
synthetic/images/img051064.jpg,synthetic_val,1,51623,1,53044,0.426737,0.80327,-0.376533,0.175715,7.99287
synthetic/images/img051065.jpg,synthetic_val,2,47500,2,47701,-0.120456,-0.168638,0.770916,0.602279,21.6224
synthetic/images/img051123.jpg,synthetic_val,0,75634,3,73716,0.556561,0.518178,0.211109,0.614137,19.0419
synthetic/images/img051254.jpg,synthetic_val,1,61706,1,61347,-0.143208,0.916533,0.315058,0.200492,15.1298
synthetic/images/img051255.jpg,synthetic_val,1,35576,1,17526,0.596762,0.763856,-0.214834,-0.119352,45.5785
synthetic/images/img051263.jpg,synthetic_val,3,14766,3,14772,0.33667,-0.440261,-0.0776931,0.828726,13.1478
synthetic/images/img051272.jpg,synthetic_val,1,45027,2,40335,-0.414388,-0.463139,0.780024,0.0731272,106.672
synthetic/images/img051391.jpg,synthetic_val,1,71010,1,17063,0.476942,0.80327,-0.22592,-0.276124,48.2478
synthetic/images/img051394.jpg,synthetic_val,0,05517,3,41707,-0.124573,-0.523205,0.27406,0.797264,136.895
synthetic/images/img051489.jpg,synthetic_val,2,00671,0,50600,0.791391,0.024731,-0.568812,0.222579,59.222
synthetic/images/img051501.jpg,synthetic_val,2,70611,2,16474,0.146114,-0.321451,0.935129,-0.0292228,74.0658
synthetic/images/img051540.jpg,synthetic_val,1,34060,1,34244,0.0290252,0.928805,0.261226,-0.261226,16.4472
synthetic/images/img051627.jpg,synthetic_val,0,52615,0,34037,0.890609,0.194821,0.194821,-0.36181,93.1758
synthetic/images/img051634.jpg,synthetic_val,3,61513,3,47230,-0.289574,-0.0789747,0.447523,0.842397,45.6861
synthetic/images/img051661.jpg,synthetic_val,0,22731,0,27310,0.737437,-0.0691347,0.576123,-0.345674,35.013
synthetic/images/img051710.jpg,synthetic_val,2,64566,3,67111,-0.0249766,0.424602,0.424602,0.799251,69.0423
synthetic/images/img051732.jpg,synthetic_val,1,32527,1,30673,0.17186,0.785646,0.368271,-0.466477,20.1234
synthetic/images/img051765.jpg,synthetic_val,0,02212,0,64143,0.73125,-0.479882,0.0685546,0.479882,132.445
synthetic/images/img051867.jpg,synthetic_val,2,44101,1,15012,0.41742,0.636069,-0.576437,-0.298157,7.4386
synthetic/images/img051915.jpg,synthetic_val,1,60137,1,06770,-0.507253,0.854321,-0.0800926,-0.0800926,35.6333
synthetic/images/img051973.jpg,synthetic_val,0,07106,0,07054,0.840072,-0.288775,-0.393784,-0.23627,16.1056
synthetic/images/img051985.jpg,synthetic_val,1,43225,1,61571,-0.0286417,0.916533,0.143208,0.372342,56.115
synthetic/images/img052004.jpg,synthetic_val,2,24521,2,24522,-0.566049,0.172276,0.787547,-0.172276,5.19018
synthetic/images/img052117.jpg,synthetic_val,3,46434,3,46524,-0.469192,-0.224396,0.550791,0.652789,5.8134
synthetic/images/img052125.jpg,synthetic_val,0,03123,3,60046,-0.685847,0.0663723,0.154869,0.707972,7.62228
synthetic/images/img052140.jpg,synthetic_val,3,34344,3,34365,0.294514,0.348062,-0.240966,0.856767,10.9652
synthetic/images/img052297.jpg,synthetic_val,3,63105,3,36411,0.186352,0.45257,-0.186352,0.851896,49.8282
synthetic/images/img052399.jpg,synthetic_val,2,12574,2,16133,0.380387,-0.228232,0.811493,-0.380387,11.7455
synthetic/images/img052412.jpg,synthetic_val,0,15530,2,75313,0.633445,0.224771,0.653879,0.347373,165.117
synthetic/images/img052431.jpg,synthetic_val,1,15505,2,75142,0.545675,0.065481,0.698464,0.458367,162.849
synthetic/images/img052468.jpg,synthetic_val,1,37155,0,37517,0.65718,0.636643,0.390201,-0.102684,9.49459
synthetic/images/img052494.jpg,synthetic_val,1,53004,1,52151,0.387427,0.826512,-0.387427,0.129142,8.66299
synthetic/images/img052503.jpg,synthetic_val,1,42515,1,40376,-0.457732,0.770916,-0.409549,0.168638,14.5908
synthetic/images/img052580.jpg,synthetic_val,3,17314,3,42700,-0.560642,-0.17063,0.219382,0.780024,162.445
synthetic/images/img052635.jpg,synthetic_val,0,00473,0,66443,0.577821,-0.52365,0.343081,0.52365,149.06
synthetic/images/img052700.jpg,synthetic_val,2,43075,2,41176,-0.0726113,-0.605095,0.774521,0.169426,41.0368
synthetic/images/img052798.jpg,synthetic_val,3,34156,0,27074,0.783758,-0.269417,0.514341,-0.220432,174.305
synthetic/images/img052807.jpg,synthetic_val,1,71112,1,71167,0.627568,0.743784,0.162703,0.162703,18.0238
synthetic/images/img052838.jpg,synthetic_val,3,21640,3,21604,-0.356436,0.213862,-0.499011,0.760398,7.27859
synthetic/images/img052927.jpg,synthetic_val,1,73526,1,73656,0.426974,0.650627,0.548966,0.304981,14.6977
synthetic/images/img052985.jpg,synthetic_val,2,03073,2,30076,0.120456,0.168638,0.770916,-0.602279,60.0191
synthetic/images/img053014.jpg,synthetic_val,2,77520,1,75666,0.340068,0.640128,0.30006,0.620124,52.7215
synthetic/images/img053035.jpg,synthetic_val,2,43601,2,43702,-0.203864,-0.145617,0.931951,0.262111,17.9831
synthetic/images/img053052.jpg,synthetic_val,3,70176,3,74113,0.38137,0.0762739,0.432219,0.813589,33.1586
synthetic/images/img053083.jpg,synthetic_val,3,43670,3,74111,0.38236,0.0254906,0.433341,0.8157,81.9257
synthetic/images/img053094.jpg,synthetic_val,0,70504,0,70473,0.890609,0.194821,0.194821,0.36181,18.8522
synthetic/images/img053099.jpg,synthetic_val,0,15234,0,11626,0.707972,0.37611,-0.37611,-0.464606,22.1515
synthetic/images/img053122.jpg,synthetic_val,2,47646,3,47506,-0.157672,-0.29282,0.608164,0.720787,31.8776
synthetic/images/img053167.jpg,synthetic_val,1,06527,1,06713,-0.456468,0.859235,-0.134255,-0.187958,17.1847
synthetic/images/img053204.jpg,synthetic_val,1,60751,1,60712,-0.476942,0.80327,0.276124,0.22592,14.5239
synthetic/images/img053272.jpg,synthetic_val,2,65220,2,66113,-0.383697,0.428838,0.722254,0.383697,15.8073
synthetic/images/img053274.jpg,synthetic_val,2,13645,2,06337,-0.441447,-0.0259675,0.830959,-0.337577,109.769
synthetic/images/img053334.jpg,synthetic_val,1,46153,1,42575,-0.417374,0.785646,-0.270066,0.368271,16.9335
synthetic/images/img053361.jpg,synthetic_val,0,72350,0,72535,0.751953,0.352478,0.493469,0.258484,18.515
synthetic/images/img053402.jpg,synthetic_val,3,63072,3,63235,-0.203549,0.65588,0.0678497,0.72373,14.0314
synthetic/images/img053436.jpg,synthetic_val,1,74400,2,71161,0.635866,0.117753,0.753619,0.117753,157.408
synthetic/images/img053485.jpg,synthetic_val,0,55361,0,53451,0.725215,0.521249,-0.339945,0.294619,16.9483
synthetic/images/img053496.jpg,synthetic_val,0,16157,0,16777,0.904735,0.424094,-0.028273,-0.028273,46.1982
synthetic/images/img053558.jpg,synthetic_val,3,16554,3,17402,0.434472,-0.332243,-0.1789,0.817829,22.9954
synthetic/images/img053726.jpg,synthetic_val,3,02246,3,06113,-0.411464,-0.314649,-0.363057,0.774521,40.1205
synthetic/images/img053733.jpg,synthetic_val,1,07421,1,07252,-0.306147,0.890609,-0.139158,-0.306147,21.8467
synthetic/images/img053753.jpg,synthetic_val,1,24722,2,26121,-0.454912,0.454912,0.6932,-0.324937,57.1429
synthetic/images/img053923.jpg,synthetic_val,1,71406,1,71600,0.442642,0.833209,0.23434,0.23434,20.0896
synthetic/images/img053927.jpg,synthetic_val,1,42716,1,42707,-0.523205,0.797264,-0.124573,0.27406,5.71662
synthetic/images/img054060.jpg,synthetic_val,3,62060,3,60232,-0.606933,0.337185,0.022479,0.719328,16.4039
synthetic/images/img054083.jpg,synthetic_val,0,25637,0,25675,0.896179,-0.25205,0.364073,-0.0280056,10.8234
synthetic/images/img054106.jpg,synthetic_val,2,53715,2,65327,-0.123655,0.370965,0.791391,0.469888,116.865
synthetic/images/img054146.jpg,synthetic_val,0,52462,0,07340,0.907642,-0.198547,-0.198547,-0.312002,80.8552
synthetic/images/img054198.jpg,synthetic_val,1,43643,1,47205,-0.324696,0.799251,-0.174836,0.474555,16.6385
synthetic/images/img054270.jpg,synthetic_val,1,54240,1,54230,0.121303,0.776342,-0.460953,0.412432,15.4431
synthetic/images/img054329.jpg,synthetic_val,2,01477,2,05216,-0.262575,-0.50128,0.763856,-0.310316,14.0269
synthetic/images/img054354.jpg,synthetic_val,1,30716,1,37000,0.397722,0.748653,0.397722,-0.350931,25.1273
synthetic/images/img054359.jpg,synthetic_val,1,40014,2,40371,-0.412432,-0.460953,0.776342,0.121303,117.352
synthetic/images/img054384.jpg,synthetic_val,3,70041,3,43370,-0.0918415,-0.0918415,0.153069,0.979643,24.288
synthetic/images/img054419.jpg,synthetic_val,3,62527,3,62522,-0.494538,0.494538,0.193515,0.688053,6.75032
synthetic/images/img054428.jpg,synthetic_val,2,24335,1,27051,-0.231226,0.822136,0.43676,-0.282609,73.5713
synthetic/images/img054432.jpg,synthetic_val,0,51265,0,51607,0.725215,0.430597,-0.475923,0.249293,8.92699
synthetic/images/img054446.jpg,synthetic_val,0,07254,0,07245,0.879772,-0.357407,-0.19245,-0.247436,7.1427
synthetic/images/img054462.jpg,synthetic_val,3,37770,3,57216,0.488108,-0.116216,0.441622,0.743784,100.128
synthetic/images/img054510.jpg,synthetic_val,1,21651,1,21655,-0.23434,0.833209,0.23434,-0.442642,7.14152
synthetic/images/img054524.jpg,synthetic_val,2,34207,2,52217,0.21039,-0.150278,0.961781,0.090167,78.4453
synthetic/images/img054536.jpg,synthetic_val,2,60635,2,05755,-0.0253592,-0.583261,0.811493,-0.0253592,129.738
synthetic/images/img054558.jpg,synthetic_val,3,45435,3,45727,-0.109976,-0.37392,0.593873,0.703849,21.5393
synthetic/images/img054639.jpg,synthetic_val,0,53417,0,37117,0.638089,0.618148,0.378865,-0.259223,104.291
synthetic/images/img054660.jpg,synthetic_val,1,25261,1,25622,-0.384363,0.819974,0.384363,-0.179369,12.9026
synthetic/images/img054693.jpg,synthetic_val,1,16044,1,25756,-0.0882735,0.941584,0.323669,-0.0294245,90.6784
synthetic/images/img054709.jpg,synthetic_val,1,65656,1,63405,-0.324696,0.799251,0.424602,0.274743,52.6646
synthetic/images/img054750.jpg,synthetic_val,1,24166,1,07227,-0.352124,0.866766,-0.0270864,-0.352124,37.6587
synthetic/images/img054779.jpg,synthetic_val,3,50362,3,52520,0.248946,-0.304267,0.248946,0.88514,24.409
synthetic/images/img054797.jpg,synthetic_val,3,63210,3,36423,0.0747435,0.573034,-0.174402,0.797264,47.5995
synthetic/images/img054835.jpg,synthetic_val,2,16535,2,70356,0.352124,0.297951,0.866766,0.189605,76.939
synthetic/images/img054933.jpg,synthetic_val,3,41333,3,07557,-0.0289278,-0.376062,-0.0289278,0.925691,11.5447
synthetic/images/img054934.jpg,synthetic_val,0,41325,0,41112,0.739008,-0.069282,-0.669726,0.023094,22.4391
synthetic/images/img055129.jpg,synthetic_val,0,41557,0,41241,0.765603,-0.311026,-0.550277,0.119625,43.3509
synthetic/images/img055132.jpg,synthetic_val,2,31034,3,03066,-0.339248,-0.203549,-0.565414,0.72373,24.0108
synthetic/images/img055242.jpg,synthetic_val,0,71611,0,17006,0.787547,0.418384,-0.319941,-0.319941,92.7746
synthetic/images/img055287.jpg,synthetic_val,3,34424,3,34356,0.348062,0.294514,-0.240966,0.856767,47.6183
synthetic/images/img055295.jpg,synthetic_val,1,72225,1,27751,-0.0245514,0.785646,0.613786,-0.0736543,21.4998
synthetic/images/img055337.jpg,synthetic_val,1,50150,1,34762,0.245953,0.8745,0.409922,-0.0819844,133.741
synthetic/images/img055348.jpg,synthetic_val,0,52320,0,34554,0.925691,0.376062,0.0289278,-0.0289278,20.2157
synthetic/images/img055356.jpg,synthetic_val,2,56452,2,56441,0.065481,-0.327405,0.698464,0.632983,4.87707
synthetic/images/img055439.jpg,synthetic_val,2,04526,1,05437,-0.214834,0.763856,-0.596762,-0.119352,91.323
synthetic/images/img055495.jpg,synthetic_val,2,27721,2,27772,-0.0670318,0.692662,0.715006,-0.0670318,11.677
synthetic/images/img055513.jpg,synthetic_val,1,71444,1,52177,0.403933,0.861723,-0.24236,0.188502,37.0081
synthetic/images/img055515.jpg,synthetic_val,1,57332,1,71524,0.590076,0.755297,0.118015,0.259633,20.9887
synthetic/images/img055550.jpg,synthetic_val,2,07706,2,43122,-0.205971,-0.26482,0.941584,0.0294245,25.8237
synthetic/images/img055568.jpg,synthetic_val,0,37762,2,31075,0.490028,0.106528,0.681778,-0.532639,71.7082
synthetic/images/img055632.jpg,synthetic_val,3,12700,3,21535,-0.0258977,0.129488,-0.543852,0.828726,44.5299
synthetic/images/img055645.jpg,synthetic_val,2,07614,2,43201,-0.368729,-0.198547,0.907642,0.0283638,19.2864
synthetic/images/img055648.jpg,synthetic_val,2,03236,3,31026,0.362194,0.149139,-0.617861,0.681778,23.4003
synthetic/images/img055658.jpg,synthetic_val,3,63051,0,07035,0.856767,-0.240966,-0.294514,-0.348062,100.67
synthetic/images/img055663.jpg,synthetic_val,0,70160,3,70055,0.208885,0.0298408,0.208885,0.954905,138.067
synthetic/images/img055702.jpg,synthetic_val,1,21342,1,21216,-0.239641,0.697136,0.239641,-0.63178,9.73387
synthetic/images/img055710.jpg,synthetic_val,3,36310,3,36376,0.274982,0.655727,-0.190372,0.676879,21.0081
synthetic/images/img055713.jpg,synthetic_val,1,42675,0,64240,0.639106,-0.619134,0.179749,0.419413,93.5142
synthetic/images/img055714.jpg,synthetic_val,2,52146,2,52050,0.138728,-0.416185,0.887862,0.138728,15.7257
synthetic/images/img055841.jpg,synthetic_val,1,17223,1,13247,0.421184,0.709362,-0.110838,-0.554189,23.6455
synthetic/images/img055859.jpg,synthetic_val,3,32126,3,32012,0.102684,0.390201,-0.636643,0.65718,14.2778
synthetic/images/img055892.jpg,synthetic_val,1,40123,1,06540,-0.544084,0.756986,-0.354837,-0.0709674,27.8186
synthetic/images/img055903.jpg,synthetic_val,3,11756,0,45600,0.652789,-0.305995,-0.469192,0.509992,26.0227
synthetic/images/img055921.jpg,synthetic_val,1,07745,1,50224,0.026774,0.856767,-0.508706,0.0803219,43.6641
synthetic/images/img056021.jpg,synthetic_val,0,71713,0,17155,0.668555,0.647663,-0.313385,-0.188031,77.0139
synthetic/images/img056036.jpg,synthetic_val,1,43152,1,41137,-0.0245514,0.785646,-0.613786,0.0736543,30.6625
synthetic/images/img056076.jpg,synthetic_val,0,35522,0,35673,0.756986,0.544084,0.354837,-0.0709674,26.0575
synthetic/images/img056156.jpg,synthetic_val,0,34012,0,34053,0.922608,0.20182,0.0864945,-0.317146,13.0471
synthetic/images/img056181.jpg,synthetic_val,3,74035,3,74034,0.131991,0.131991,0.501565,0.844742,5.51252
synthetic/images/img056229.jpg,synthetic_val,2,25520,2,25716,-0.0873704,0.320358,0.931951,-0.145617,20.7199
synthetic/images/img056288.jpg,synthetic_val,3,65015,3,56211,0.186352,-0.186352,0.45257,0.851896,55.6976
synthetic/images/img056335.jpg,synthetic_val,3,65555,2,65567,-0.11019,0.154266,0.705215,0.683177,19.0625
synthetic/images/img056391.jpg,synthetic_val,1,31340,0,31646,0.770916,0.409549,0.265003,-0.409549,45.8722
synthetic/images/img056526.jpg,synthetic_val,3,43156,3,71200,0.455158,0.240966,0.026774,0.856767,98.0729
synthetic/images/img056530.jpg,synthetic_val,2,35255,2,06527,-0.529823,-0.227067,0.80735,-0.126148,144.594
synthetic/images/img056602.jpg,synthetic_val,3,60555,3,71077,0.566049,0.172276,0.172276,0.787547,125.094
synthetic/images/img056609.jpg,synthetic_val,3,34420,3,34240,0.0285481,0.256933,-0.314029,0.91354,18.196
synthetic/images/img056791.jpg,synthetic_val,3,71537,0,74340,0.793334,0.223125,0.223125,0.520626,24.9303
synthetic/images/img056843.jpg,synthetic_val,2,03636,2,12770,0.328824,-0.0758825,0.809414,-0.480589,72.1787
synthetic/images/img056895.jpg,synthetic_val,1,42172,1,47212,-0.287982,0.837765,-0.130901,0.445063,43.5534
synthetic/images/img056941.jpg,synthetic_val,0,52302,0,70071,0.954905,0.208885,0.149204,0.149204,37.4991
synthetic/images/img056945.jpg,synthetic_val,1,21360,1,12364,0.215821,0.767362,-0.0719402,-0.599501,59.1125
synthetic/images/img056957.jpg,synthetic_val,0,45541,0,23747,0.703849,-0.109976,0.593873,-0.37392,167.309
synthetic/images/img057004.jpg,synthetic_val,0,55327,1,51711,0.608545,0.628176,-0.451501,0.176674,27.0956
synthetic/images/img057033.jpg,synthetic_val,0,40216,0,42432,0.73125,-0.616992,-0.205664,0.205664,32.6344
synthetic/images/img057041.jpg,synthetic_val,1,77547,1,13053,0.464575,0.646366,-0.262586,-0.545371,155.253
synthetic/images/img057079.jpg,synthetic_val,1,71362,1,17056,0.507093,0.772712,-0.313914,-0.217325,86.0812
synthetic/images/img057086.jpg,synthetic_val,3,73173,3,75113,0.648797,0.0627868,0.355792,0.669726,53.3167
synthetic/images/img057125.jpg,synthetic_val,1,12655,1,12627,0.0781133,0.833209,-0.0260378,-0.546793,24.9716
synthetic/images/img057146.jpg,synthetic_val,3,74265,2,45677,-0.185459,-0.350311,0.659408,0.638802,87.0262
synthetic/images/img057193.jpg,synthetic_val,1,43776,1,43736,-0.0882735,0.941584,-0.0294245,0.323669,10.9307
synthetic/images/img057199.jpg,synthetic_val,2,43112,1,52014,0.139591,0.893381,-0.418772,0.0837545,86.6116
synthetic/images/img057302.jpg,synthetic_val,2,07677,2,25550,-0.0928922,0.0309641,0.99085,-0.0928922,22.9826
synthetic/images/img057316.jpg,synthetic_val,0,34536,0,34174,0.887862,0.360694,0.138728,-0.249711,14.3497
synthetic/images/img057331.jpg,synthetic_val,1,74422,1,74343,0.266242,0.774521,0.266242,0.508279,33.9646
synthetic/images/img057338.jpg,synthetic_val,3,10545,1,21221,-0.269723,0.663935,0.269723,-0.643187,12.3742
synthetic/images/img057360.jpg,synthetic_val,2,25013,2,25304,-0.19245,0.247436,0.879772,-0.357407,20.3362
synthetic/images/img057380.jpg,synthetic_val,3,73631,3,72772,0.269723,0.643187,0.269723,0.663935,24.3698
synthetic/images/img057411.jpg,synthetic_val,0,51271,0,51230,0.748653,0.491304,-0.444513,0.0233954,10.5147
synthetic/images/img057494.jpg,synthetic_val,1,37074,1,32754,0.283212,0.697136,0.544638,-0.370354,30.0291
synthetic/images/img057502.jpg,synthetic_val,1,07517,1,16402,0.0283638,0.907642,-0.368729,-0.198547,9.69994
synthetic/images/img057505.jpg,synthetic_val,3,50031,3,05511,-0.0221676,-0.687194,-0.155173,0.709362,28.6238
synthetic/images/img057554.jpg,synthetic_val,3,56620,3,74007,0.0800926,0.0800926,0.507253,0.854321,27.1258
synthetic/images/img057561.jpg,synthetic_val,1,65624,1,66255,-0.472203,0.604419,0.472203,0.434426,31.0086
synthetic/images/img057613.jpg,synthetic_val,1,04513,2,50706,0.220432,-0.514341,0.783758,0.269417,34.5089
synthetic/images/img057614.jpg,synthetic_val,2,31411,2,30067,0.0726113,0.169426,0.774521,-0.605095,55.9056
synthetic/images/img057648.jpg,synthetic_val,1,34136,1,30572,0.324696,0.799251,0.174836,-0.474555,13.802
synthetic/images/img057670.jpg,synthetic_val,1,52026,1,52212,0.152499,0.975991,-0.152499,0.0304997,20.8226
synthetic/images/img057718.jpg,synthetic_val,1,20653,0,24056,0.745396,-0.628928,0.0698809,-0.209643,84.892
synthetic/images/img057732.jpg,synthetic_val,1,70041,1,70452,0.142741,0.91354,0.0856444,0.371126,26.803
synthetic/images/img057747.jpg,synthetic_val,2,43267,2,43267,-0.368729,-0.0283638,0.907642,0.198547,3.22468
synthetic/images/img057778.jpg,synthetic_val,2,61411,2,61164,-0.206689,0.147635,0.944862,0.206689,17.7866
synthetic/images/img057782.jpg,synthetic_val,3,12072,3,21257,-0.209189,0.255676,-0.581081,0.743784,64.8456
synthetic/images/img057810.jpg,synthetic_val,0,64746,0,61773,0.849491,-0.0265466,0.398199,0.345106,65.4046
synthetic/images/img057816.jpg,synthetic_val,0,35417,0,35643,0.822136,0.488143,0.282609,-0.0770752,25.5045
synthetic/images/img057914.jpg,synthetic_val,3,40144,3,40110,-0.39219,-0.63989,0.0206416,0.660531,16.5976
synthetic/images/img057935.jpg,synthetic_val,1,22403,1,20167,-0.454061,0.691902,0.151354,-0.540548,30.2779
synthetic/images/img057966.jpg,synthetic_val,3,42562,3,42661,-0.641599,-0.0663723,0.287613,0.707972,20.9677
synthetic/images/img057992.jpg,synthetic_val,0,65133,0,61571,0.916533,-0.0286417,0.143208,0.372342,16.0801
synthetic/images/img058001.jpg,synthetic_val,0,57456,0,32123,0.62339,0.21429,0.448061,-0.603909,179.333
synthetic/images/img058007.jpg,synthetic_val,1,17314,1,17324,0.584885,0.748653,-0.0701862,-0.30414,13.5254
synthetic/images/img058074.jpg,synthetic_val,1,17433,1,17060,0.431106,0.811493,-0.278951,-0.278951,23.8606
synthetic/images/img058102.jpg,synthetic_val,1,07207,1,07311,-0.0277457,0.887862,-0.19422,-0.416185,36.2086
synthetic/images/img058131.jpg,synthetic_val,3,61627,3,61622,-0.380387,0.380387,0.228232,0.811493,6.03871
synthetic/images/img058193.jpg,synthetic_val,1,65327,1,70675,0.182761,0.835478,0.339413,0.39163,35.1055
synthetic/images/img058312.jpg,synthetic_val,0,31162,0,31045,0.713582,0.423689,0.0222994,-0.557486,18.3248
synthetic/images/img058321.jpg,synthetic_val,3,57462,3,57425,0.401897,-0.232677,0.571117,0.676879,8.78642
synthetic/images/img058392.jpg,synthetic_val,1,73505,1,71563,0.608164,0.720787,0.157672,0.29282,23.3076
synthetic/images/img058427.jpg,synthetic_val,1,71345,1,71531,0.67793,0.699798,0.109344,0.196818,16.37
synthetic/images/img058463.jpg,synthetic_val,2,61464,1,65235,-0.222579,0.791391,0.321503,0.469888,103.712
synthetic/images/img058465.jpg,synthetic_val,3,70275,3,70272,0.138728,0.416185,0.138728,0.887862,8.57808
synthetic/images/img058470.jpg,synthetic_val,1,03137,1,01333,-0.0209657,0.670902,-0.356417,-0.649937,17.0151
synthetic/images/img058479.jpg,synthetic_val,1,43021,1,25654,-0.314029,0.91354,0.256933,-0.0285481,64.1981
synthetic/images/img058541.jpg,synthetic_val,1,62236,1,62161,-0.47789,0.728214,0.47789,0.113783,20.1913
synthetic/images/img058603.jpg,synthetic_val,3,07522,3,34661,0.0862083,0.373569,-0.0862083,0.919555,83.8664
synthetic/images/img058622.jpg,synthetic_val,0,50122,0,14767,0.844742,0.29038,-0.448769,-0.0263982,22.6948
synthetic/images/img058673.jpg,synthetic_val,0,34626,3,55110,0.5196,-0.555434,0.304593,0.573351,123.057
synthetic/images/img058682.jpg,synthetic_val,2,72352,1,72322,0.197958,0.703849,0.681854,0.0219953,17.8066
synthetic/images/img058719.jpg,synthetic_val,3,11651,3,15251,0.490028,-0.490028,-0.234361,0.681778,16.0713
synthetic/images/img058720.jpg,synthetic_val,0,62657,0,66241,0.591074,-0.535661,0.461777,0.387893,14.911
synthetic/images/img058866.jpg,synthetic_val,0,17605,0,17256,0.80735,0.529823,-0.126148,-0.227067,15.8477
synthetic/images/img058889.jpg,synthetic_val,1,47762,1,47667,-0.28004,0.689329,-0.0215415,0.667787,16.2468
synthetic/images/img058919.jpg,synthetic_val,0,65705,0,65546,0.707972,-0.154869,0.0663723,0.685847,21.0608
synthetic/images/img058927.jpg,synthetic_val,0,14613,0,14716,0.785646,0.319169,-0.51558,-0.122757,16.6307
synthetic/images/img058934.jpg,synthetic_val,2,57606,0,52404,0.864234,0.0270073,-0.40511,0.29708,155.425
synthetic/images/img058996.jpg,synthetic_val,1,54152,2,04312,-0.419537,-0.463699,0.706589,-0.331214,33.5603
synthetic/images/img059030.jpg,synthetic_val,2,66321,1,63645,-0.287613,0.707972,0.553103,0.331862,21.9108
synthetic/images/img059049.jpg,synthetic_val,2,50117,2,50136,0.30414,-0.584885,0.748653,0.0701862,9.41052
synthetic/images/img059189.jpg,synthetic_val,2,76233,1,76250,0.108721,0.695817,0.543607,0.45663,21.1363
synthetic/images/img059245.jpg,synthetic_val,1,25206,1,43454,-0.275431,0.801253,-0.375587,0.375587,117.084
synthetic/images/img059279.jpg,synthetic_val,2,30360,3,30321,0.230623,0.272554,-0.649937,0.670902,83.5511
synthetic/images/img059359.jpg,synthetic_val,1,60341,1,61643,-0.337577,0.830959,0.285642,0.337577,34.6416
synthetic/images/img059396.jpg,synthetic_val,3,27131,3,01651,-0.201498,-0.51494,-0.425385,0.716438,124.792
synthetic/images/img059514.jpg,synthetic_val,1,50460,1,50564,0.198342,0.705215,-0.595026,0.33057,19.4852
synthetic/images/img059541.jpg,synthetic_val,3,67425,2,65434,-0.252424,0.114738,0.734324,0.619586,43.9128
synthetic/images/img059612.jpg,synthetic_val,1,43073,1,43302,-0.211154,0.965275,-0.150824,0.0301648,21.6985
synthetic/images/img059714.jpg,synthetic_val,3,01135,2,30163,0.250844,0.159628,0.729727,-0.615707,51.5276
synthetic/images/img059729.jpg,synthetic_val,0,24122,0,20755,0.780024,-0.414388,0.219382,-0.414388,15.3869
synthetic/images/img059741.jpg,synthetic_val,2,67351,2,65352,-0.0751175,0.275431,0.801253,0.525822,34.25
synthetic/images/img059763.jpg,synthetic_val,1,55743,0,55707,0.591883,0.499401,-0.388423,0.499401,14.6918
synthetic/images/img059775.jpg,synthetic_val,1,25314,1,41726,-0.181772,0.830959,-0.441447,0.285642,113.358
synthetic/images/img059828.jpg,synthetic_val,3,32455,3,27057,-0.228822,0.483068,-0.228822,0.813589,50.6498
synthetic/images/img059835.jpg,synthetic_val,0,14645,0,14744,0.791391,0.222579,-0.568812,-0.024731,16.2195
synthetic/images/img059910.jpg,synthetic_val,3,25404,3,25424,-0.416185,0.138728,-0.138728,0.887862,10.6778
synthetic/images/img059929.jpg,synthetic_val,1,21675,1,25213,-0.23627,0.840072,0.288775,-0.393784,6.86092
synthetic/images/img059935.jpg,synthetic_val,2,65247,2,64316,-0.439725,0.254578,0.74059,0.439725,19.5204
lightbox/images/img000002.jpg,lightbox,3,35253,3,07143,-0.136641,-0.355266,-0.300609,0.8745,111.408
lightbox/images/img000003.jpg,lightbox,2,52540,1,16056,0.138728,0.887862,-0.360694,-0.249711,91.3319
lightbox/images/img000008.jpg,lightbox,1,07334,2,16017,0.186352,-0.346083,0.851896,-0.346083,146.176
lightbox/images/img000009.jpg,lightbox,1,02263,1,52217,0.21039,0.961781,-0.150278,0.090167,127.634
lightbox/images/img000024.jpg,lightbox,2,51245,1,26515,-0.421459,0.793334,0.421459,-0.123958,144.477
lightbox/images/img000035.jpg,lightbox,2,64401,2,24576,-0.501565,0.184787,0.844742,-0.0263982,69.5634
lightbox/images/img000057.jpg,lightbox,2,65002,1,25341,-0.141365,0.904735,0.254457,-0.311003,159.408
lightbox/images/img000058.jpg,lightbox,0,53502,2,35030,0.507093,0.120736,0.772712,-0.362209,167.325
lightbox/images/img000061.jpg,lightbox,0,17326,0,71447,0.795292,0.472205,0.0745586,0.372793,81.0261
lightbox/images/img000063.jpg,lightbox,1,74143,1,71464,0.430001,0.809414,0.126471,0.379413,24.8142
lightbox/images/img000066.jpg,lightbox,2,70267,1,16416,0.141819,0.907642,-0.368729,-0.141819,177.202
lightbox/images/img000086.jpg,lightbox,0,25214,0,07070,0.859235,-0.295362,-0.295362,-0.295362,61.0714
lightbox/images/img000099.jpg,lightbox,0,61573,0,74273,0.767362,0.16786,0.359701,0.503581,36.789
lightbox/images/img000124.jpg,lightbox,0,53301,1,71147,0.63446,0.751953,0.0704956,0.16449,37.9868
lightbox/images/img000130.jpg,lightbox,2,26351,2,27425,-0.319169,0.51558,0.785646,-0.122757,15.9939
lightbox/images/img000133.jpg,lightbox,2,34422,2,07551,-0.028183,-0.422745,0.901856,-0.084549,79.1583
lightbox/images/img000140.jpg,lightbox,2,74231,2,52125,0.308062,-0.308062,0.896179,0.0840168,89.1039
lightbox/images/img000141.jpg,lightbox,3,25756,1,56122,0.23434,0.833209,-0.23434,0.442642,93.9218
lightbox/images/img000164.jpg,lightbox,1,25727,1,25723,-0.137464,0.879772,0.412393,-0.19245,8.37891
lightbox/images/img000169.jpg,lightbox,1,46570,1,40321,-0.491304,0.748653,-0.444513,0.0233954,73.2154
lightbox/images/img000176.jpg,lightbox,3,41646,1,47073,-0.223125,0.793334,-0.223125,0.520626,179.652
lightbox/images/img000177.jpg,lightbox,1,70142,1,50575,0.319583,0.681778,-0.57525,0.319583,86.0348
lightbox/images/img000178.jpg,lightbox,2,37641,2,34747,0.309033,0.309033,0.899004,-0.0280939,37.8744
lightbox/images/img000182.jpg,lightbox,1,36024,1,41326,-0.189051,0.864234,-0.459124,0.0810219,131.445
lightbox/images/img000188.jpg,lightbox,3,16404,2,17062,0.43676,-0.231226,0.822136,-0.282609,153.564
lightbox/images/img000199.jpg,lightbox,2,42316,2,24757,-0.448769,0.29038,0.844742,-0.0263982,49.1871
lightbox/images/img000203.jpg,lightbox,0,07043,1,61655,-0.239596,0.851896,0.239596,0.399326,92.9227
lightbox/images/img000209.jpg,lightbox,1,00566,1,56212,0.135432,0.866766,-0.135432,0.46047,133.41
lightbox/images/img000213.jpg,lightbox,1,21631,1,24333,-0.404877,0.762121,0.357244,-0.357244,33.2516
lightbox/images/img000226.jpg,lightbox,0,32564,2,32554,0.308911,0.403961,0.760398,-0.403961,64.865
lightbox/images/img000239.jpg,lightbox,1,55020,1,34371,0.38236,0.8157,0.331378,-0.280397,133.48
lightbox/images/img000245.jpg,lightbox,0,25143,2,16014,0.131625,-0.394874,0.842397,-0.342224,138.263
lightbox/images/img000248.jpg,lightbox,1,12551,1,25235,-0.236924,0.842397,0.342224,-0.342224,110.698
lightbox/images/img000251.jpg,lightbox,3,25270,1,21641,-0.321503,0.791391,0.222579,-0.469888,169.92
lightbox/images/img000261.jpg,lightbox,3,07134,1,07047,-0.342224,0.842397,-0.342224,-0.236924,144.259
lightbox/images/img000264.jpg,lightbox,2,16520,1,16346,0.258625,0.919555,-0.143681,-0.258625,144.386
lightbox/images/img000267.jpg,lightbox,0,73206,1,12663,0.0803219,0.856767,-0.026774,-0.508706,141.608
lightbox/images/img000275.jpg,lightbox,3,50374,1,60321,-0.51935,0.791391,0.321503,0.024731,125.637
lightbox/images/img000280.jpg,lightbox,2,16374,2,16251,0.198547,-0.198547,0.907642,-0.312002,22.1369
lightbox/images/img000290.jpg,lightbox,1,65625,1,65245,-0.306158,0.753619,0.211955,0.541664,13.32
lightbox/images/img000298.jpg,lightbox,0,70401,1,61611,-0.252845,0.899004,0.252845,0.252845,167.431
lightbox/images/img000315.jpg,lightbox,0,16364,2,43304,-0.208145,-0.208145,0.951522,0.0892052,139.062
lightbox/images/img000318.jpg,lightbox,0,45166,2,15364,0.546718,-0.415505,0.699798,-0.196818,176.737
lightbox/images/img000319.jpg,lightbox,2,44027,1,75506,0.511698,0.654974,0.0614038,0.552634,139.165
lightbox/images/img000320.jpg,lightbox,0,61072,0,62551,0.760398,-0.403961,0.403961,0.308911,37.0121
lightbox/images/img000321.jpg,lightbox,1,62051,1,60365,-0.511891,0.780024,0.316885,0.17063,13.6013
lightbox/images/img000334.jpg,lightbox,0,43572,0,25022,0.819974,-0.384363,0.179369,-0.384363,109.322
lightbox/images/img000340.jpg,lightbox,0,74101,2,52401,0.0819844,-0.409922,0.8745,0.245953,171.565
lightbox/images/img000345.jpg,lightbox,2,53373,1,12446,0.0259675,0.830959,-0.337577,-0.441447,144.373
lightbox/images/img000349.jpg,lightbox,2,61321,2,61727,-0.13387,0.40161,0.856767,0.294514,29.7045
lightbox/images/img000351.jpg,lightbox,1,52007,1,70344,0.2561,0.910577,0.2561,0.199189,78.8322
lightbox/images/img000359.jpg,lightbox,0,21457,1,21653,-0.22592,0.80327,0.276124,-0.476942,163.737
lightbox/images/img000363.jpg,lightbox,3,74131,1,60575,-0.430001,0.809414,0.126471,0.379413,146.275
lightbox/images/img000366.jpg,lightbox,3,26640,1,12440,0.0249145,0.797264,-0.373718,-0.473376,170.028
lightbox/images/img000367.jpg,lightbox,2,70261,2,16624,0.0307293,-0.0921878,0.983336,-0.153646,66.3376
lightbox/images/img000376.jpg,lightbox,2,31245,2,03311,-0.0221676,-0.155173,0.709362,-0.687194,69.0581
lightbox/images/img000377.jpg,lightbox,2,67146,1,50663,0.0776931,0.828726,-0.440261,0.33667,158.432
lightbox/images/img000401.jpg,lightbox,2,13671,1,65120,-0.187958,0.859235,0.134255,0.456468,148.271
lightbox/images/img000403.jpg,lightbox,3,63417,1,34601,0.0879694,0.93834,0.263908,-0.205262,139.262
lightbox/images/img000410.jpg,lightbox,0,25733,2,25351,-0.0285481,0.256933,0.91354,-0.314029,133.554
lightbox/images/img000430.jpg,lightbox,2,57530,2,52515,0.375587,-0.375587,0.801253,0.275431,41.9924
lightbox/images/img000434.jpg,lightbox,0,73374,2,07257,-0.258625,-0.143681,0.919555,-0.258625,151.402
lightbox/images/img000449.jpg,lightbox,3,72507,3,72072,0.124883,0.574462,0.124883,0.799251,24.3263
lightbox/images/img000450.jpg,lightbox,1,13505,3,45243,-0.285387,-0.46101,0.46101,0.702491,51.3737
lightbox/images/img000458.jpg,lightbox,2,36110,1,34357,0.393784,0.840072,0.288775,-0.23627,79.1565
lightbox/images/img000460.jpg,lightbox,1,74056,1,74122,0.236924,0.842397,0.184274,0.447523,25.8569
lightbox/images/img000472.jpg,lightbox,1,06224,1,60470,-0.6119,0.725215,0.113315,0.294619,68.42
lightbox/images/img000479.jpg,lightbox,3,67106,2,57320,0.566575,-0.0679889,0.725215,0.385271,118.735
lightbox/images/img000481.jpg,lightbox,2,27166,2,27431,-0.225352,0.525822,0.801253,-0.175274,8.39013
lightbox/images/img000493.jpg,lightbox,2,34116,2,34157,0.409922,0.0819844,0.8745,-0.245953,10.8251
lightbox/images/img000496.jpg,lightbox,2,61007,2,07622,-0.416185,-0.0277457,0.887862,-0.19422,31.8246
lightbox/images/img000497.jpg,lightbox,3,17762,1,41501,-0.109344,0.699798,-0.67793,0.196818,165.001
lightbox/images/img000499.jpg,lightbox,3,14612,3,20353,-0.365528,0.236518,-0.580544,0.688053,117.528
lightbox/images/img000503.jpg,lightbox,0,05534,1,16343,0.306147,0.890609,-0.139158,-0.306147,146.703
lightbox/images/img000507.jpg,lightbox,2,34231,1,34211,0.188502,0.861723,0.24236,-0.403933,92.0089
lightbox/images/img000510.jpg,lightbox,3,55003,1,05623,-0.332243,0.817829,-0.434472,-0.1789,60.4788
lightbox/images/img000512.jpg,lightbox,3,35023,1,07157,-0.0280056,0.896179,-0.364073,-0.25205,173.121
lightbox/images/img000514.jpg,lightbox,3,70021,3,03672,-0.283358,-0.0257599,-0.489437,0.824315,81.9411
lightbox/images/img000518.jpg,lightbox,2,30347,1,35343,0.604494,0.716438,0.246276,-0.246276,98.5265
lightbox/images/img000525.jpg,lightbox,1,43567,1,25747,-0.146114,0.935129,0.321451,-0.0292228,82.034
lightbox/images/img000528.jpg,lightbox,2,47044,1,17053,0.535754,0.745396,-0.302817,-0.25623,78.3838
lightbox/images/img000532.jpg,lightbox,3,07501,1,07457,-0.25205,0.896179,-0.364073,-0.0280056,147.967
lightbox/images/img000538.jpg,lightbox,2,34163,1,34344,0.252845,0.899004,0.252845,-0.252845,113.927
lightbox/images/img000539.jpg,lightbox,2,70001,1,61525,-0.144639,0.925691,0.144639,0.318206,157.08
lightbox/images/img000542.jpg,lightbox,2,01675,2,05161,-0.114738,-0.619586,0.734324,-0.252424,26.3042
lightbox/images/img000554.jpg,lightbox,3,17347,1,41444,-0.303978,0.648486,-0.628221,0.303978,170.884
lightbox/images/img000555.jpg,lightbox,0,26432,1,25246,-0.393784,0.840072,0.288775,-0.23627,111.387
lightbox/images/img000564.jpg,lightbox,2,05161,1,16056,0.138728,0.887862,-0.360694,-0.249711,77.9735
lightbox/images/img000571.jpg,lightbox,1,63045,1,60367,-0.503581,0.767362,0.359701,0.16786,21.3075
lightbox/images/img000583.jpg,lightbox,1,43261,3,45653,-0.184211,-0.429826,0.59357,0.654974,145.929
lightbox/images/img000587.jpg,lightbox,3,16614,1,52443,0.0810219,0.864234,-0.351095,0.351095,152.924
lightbox/images/img000605.jpg,lightbox,2,72377,2,70147,0.317146,0.0864945,0.922608,0.20182,70.5922
lightbox/images/img000620.jpg,lightbox,2,16627,2,16566,0.261226,-0.261226,0.928805,-0.0290252,37.092
lightbox/images/img000628.jpg,lightbox,0,52142,0,35756,0.717879,0.650578,0.246771,-0.0224337,91.8557
lightbox/images/img000629.jpg,lightbox,2,05542,1,41710,-0.0740121,0.789462,-0.567426,0.222036,38.2858
lightbox/images/img000643.jpg,lightbox,2,07366,1,34552,0.373569,0.919555,0.0862083,-0.0862083,179.318
lightbox/images/img000645.jpg,lightbox,0,52660,1,61501,-0.148675,0.951522,0.0297351,0.267615,178.682
lightbox/images/img000646.jpg,lightbox,0,71670,1,34346,0.248946,0.88514,0.304267,-0.248946,100.648
lightbox/images/img000655.jpg,lightbox,2,31247,3,02113,-0.343944,-0.263016,-0.627191,0.647423,16.4082
lightbox/images/img000666.jpg,lightbox,1,07327,1,25146,-0.205262,0.93834,0.0879694,-0.263908,19.6395
lightbox/images/img000667.jpg,lightbox,1,61065,1,61241,-0.360694,0.887862,0.249711,0.138728,15.7535
lightbox/images/img000671.jpg,lightbox,0,61226,1,07033,-0.239596,0.851896,-0.239596,-0.399326,97.6397
lightbox/images/img000678.jpg,lightbox,3,72237,1,47425,-0.287613,0.707972,-0.243365,0.597351,63.3917
lightbox/images/img000690.jpg,lightbox,0,55666,2,01643,-0.291053,-0.470162,0.716438,-0.425385,62.9629
lightbox/images/img000695.jpg,lightbox,0,52077,0,07171,0.899004,-0.0280939,-0.309033,-0.309033,67.2526
lightbox/images/img000696.jpg,lightbox,1,35432,1,53563,0.603286,0.715006,-0.201095,0.290471,70.7198
lightbox/images/img000700.jpg,lightbox,3,65365,2,64135,-0.412432,0.121303,0.776342,0.460953,60.099
lightbox/images/img000708.jpg,lightbox,1,53026,1,52114,0.344137,0.847106,-0.397081,0.0794162,20.6944
lightbox/images/img000711.jpg,lightbox,1,23576,2,25526,-0.206689,0.206689,0.944862,-0.147635,87.5974
lightbox/images/img000719.jpg,lightbox,1,53631,1,02536,-0.435089,0.732782,-0.206095,-0.480888,150.924
lightbox/images/img000727.jpg,lightbox,1,43645,1,16621,0.0908257,0.968808,-0.0908257,-0.211927,89.5419
lightbox/images/img000737.jpg,lightbox,3,14261,1,71460,0.437917,0.824315,0.128799,0.334878,162.463
lightbox/images/img000744.jpg,lightbox,1,21615,2,17142,0.567742,-0.295226,0.72671,-0.249807,171.698
lightbox/images/img000745.jpg,lightbox,3,25770,3,25366,-0.188502,0.403933,-0.24236,0.861723,19.5592
lightbox/images/img000746.jpg,lightbox,1,11607,1,74363,0.258484,0.751953,0.352478,0.493469,150.79
lightbox/images/img000773.jpg,lightbox,3,26511,1,21646,-0.368271,0.785646,0.270066,-0.417374,165.247
lightbox/images/img000794.jpg,lightbox,1,30371,1,70555,0.390567,0.833209,0.0260378,0.390567,123.652
lightbox/images/img000797.jpg,lightbox,1,43153,1,16144,0.239596,0.851896,-0.399326,-0.239596,52.3812
lightbox/images/img000808.jpg,lightbox,1,67425,1,07434,-0.306147,0.890609,-0.306147,-0.139158,126.875
lightbox/images/img000818.jpg,lightbox,0,25525,1,25671,-0.251263,0.893381,0.362936,-0.0837545,146.879
lightbox/images/img000823.jpg,lightbox,3,30124,1,30550,0.329669,0.811493,0.0253592,-0.481824,155.405
lightbox/images/img000845.jpg,lightbox,2,47324,1,52435,0.193035,0.882444,-0.30334,0.30334,156.95
lightbox/images/img000849.jpg,lightbox,2,63533,1,63427,-0.302817,0.745396,0.535754,0.25623,49.1323
lightbox/images/img000856.jpg,lightbox,2,02743,2,07053,-0.240966,-0.348062,0.856767,-0.294514,43.2202
lightbox/images/img000858.jpg,lightbox,1,35606,1,53461,0.464244,0.781884,-0.268773,0.317641,84.8438
lightbox/images/img000861.jpg,lightbox,1,71657,1,35566,0.606517,0.776342,0.169825,-0.0242607,45.9011
lightbox/images/img000867.jpg,lightbox,2,70351,2,16547,0.30334,-0.358493,0.882444,-0.0275764,72.5423
lightbox/images/img000871.jpg,lightbox,3,75207,2,71176,0.654542,0.157993,0.722254,0.157993,81.1642
lightbox/images/img000878.jpg,lightbox,1,27555,1,27154,-0.0800926,0.854321,0.453858,-0.240278,27.0657
lightbox/images/img000888.jpg,lightbox,2,54155,1,04315,-0.37909,0.713582,-0.512887,-0.289893,28.1643
lightbox/images/img000892.jpg,lightbox,0,56465,1,52565,0.284875,0.828726,-0.284875,0.388465,108.104
lightbox/images/img000893.jpg,lightbox,1,15071,2,41562,-0.162004,-0.578586,0.74059,0.300865,45.7755
lightbox/images/img000894.jpg,lightbox,2,36604,2,70366,0.24236,0.403933,0.861723,0.188502,49.6746
lightbox/images/img000895.jpg,lightbox,0,43770,2,16521,0.30334,-0.30334,0.882444,-0.193035,161.178
lightbox/images/img000904.jpg,lightbox,1,37600,2,07017,-0.236924,-0.342224,0.842397,-0.342224,156.641
lightbox/images/img000911.jpg,lightbox,3,36100,3,32107,0.227058,0.39219,-0.598607,0.660531,29.4952
lightbox/images/img000915.jpg,lightbox,0,36607,0,07044,0.811493,-0.380387,-0.380387,-0.228232,135.592
lightbox/images/img000919.jpg,lightbox,2,06336,1,03657,-0.238919,0.849491,-0.132733,-0.451292,164.48
lightbox/images/img000930.jpg,lightbox,0,70706,0,34343,0.859235,0.295362,0.295362,-0.295362,70.8586
lightbox/images/img000932.jpg,lightbox,1,13307,1,13746,0.564261,0.722254,-0.112852,-0.383697,24.736
lightbox/images/img000933.jpg,lightbox,1,56001,1,07516,-0.0856444,0.91354,-0.371126,-0.142741,71.3536
lightbox/images/img000937.jpg,lightbox,0,12401,1,61475,-0.244497,0.869321,0.135831,0.407494,131.369
lightbox/images/img000950.jpg,lightbox,3,24457,1,07501,-0.137464,0.879772,-0.412393,-0.19245,178.225
lightbox/images/img000951.jpg,lightbox,3,56720,2,53566,0.565414,-0.203549,0.72373,0.339248,66.2311
lightbox/images/img000956.jpg,lightbox,2,40524,2,75105,0.587095,0.0217443,0.695817,0.413141,149.097
lightbox/images/img000957.jpg,lightbox,0,33366,3,30572,0.324696,0.174836,-0.474555,0.799251,140.525
lightbox/images/img000962.jpg,lightbox,3,15711,1,13446,0.403961,0.760398,-0.308911,-0.403961,141.994
lightbox/images/img000974.jpg,lightbox,2,65757,1,61616,-0.295362,0.859235,0.295362,0.295362,104.204
lightbox/images/img000982.jpg,lightbox,0,25323,0,25661,0.864234,-0.351095,0.351095,-0.0810219,46.6752
lightbox/images/img000988.jpg,lightbox,1,72150,1,41313,-0.0261087,0.835478,-0.548282,0.0261087,126.395
lightbox/images/img000992.jpg,lightbox,2,01267,2,52015,0.193624,-0.41491,0.88514,0.0829819,95.5576
lightbox/images/img000995.jpg,lightbox,3,44307,1,42166,-0.560642,0.780024,-0.219382,0.17063,174.351
lightbox/images/img001003.jpg,lightbox,1,34216,1,25152,-0.0879694,0.93834,0.0879694,-0.322554,38.2436
lightbox/images/img001007.jpg,lightbox,3,00701,1,01777,-0.0249766,0.799251,-0.424602,-0.424602,128.971
lightbox/images/img001013.jpg,lightbox,3,07171,1,21647,-0.324696,0.799251,0.274743,-0.424602,90.1346
lightbox/images/img001018.jpg,lightbox,3,10403,1,12567,0.282609,0.822136,-0.231226,-0.43676,99.9051
lightbox/images/img001026.jpg,lightbox,0,51040,2,05202,-0.342773,-0.479882,0.73125,-0.342773,47.3309
lightbox/images/img001030.jpg,lightbox,3,65340,2,57205,0.448458,-0.165221,0.755297,0.448458,100.376
lightbox/images/img001042.jpg,lightbox,0,14030,1,47142,-0.17063,0.780024,-0.316885,0.511891,179.688
lightbox/images/img001044.jpg,lightbox,1,41072,1,41613,-0.223125,0.793334,-0.520626,0.223125,16.6624
lightbox/images/img001045.jpg,lightbox,2,65313,1,52433,0.199189,0.910577,-0.2561,0.2561,162.452
lightbox/images/img001050.jpg,lightbox,3,66167,1,60765,-0.487057,0.742182,0.301511,0.347898,51.2189
lightbox/images/img001051.jpg,lightbox,0,73527,2,35550,0.669726,0.023094,0.739008,-0.069282,76.2798
lightbox/images/img001070.jpg,lightbox,3,56320,3,52716,0.355266,-0.136641,0.300609,0.8745,21.2756
lightbox/images/img001087.jpg,lightbox,2,67026,1,60361,-0.51558,0.785646,0.319169,0.122757,68.0793
lightbox/images/img001094.jpg,lightbox,0,67534,0,56205,0.842397,0.0789747,-0.184274,0.500173,77.2597
lightbox/images/img001105.jpg,lightbox,0,07157,2,43500,-0.188502,-0.403933,0.861723,0.24236,116.863
lightbox/images/img001106.jpg,lightbox,0,27417,0,27463,0.769133,-0.31246,0.552814,-0.0721062,15.5359
lightbox/images/img001107.jpg,lightbox,3,36524,1,07471,-0.2561,0.910577,-0.313011,-0.0853666,135.04
lightbox/images/img001108.jpg,lightbox,0,61367,0,61776,0.830959,-0.0779024,0.389512,0.389512,22.9342
lightbox/images/img001109.jpg,lightbox,3,71071,3,02373,-0.37611,-0.0221241,-0.597351,0.707972,146.922
lightbox/images/img001111.jpg,lightbox,0,20226,1,20170,-0.410817,0.691902,0.10811,-0.583792,146.731
lightbox/images/img001119.jpg,lightbox,1,27364,1,70366,0.24236,0.861723,0.403933,0.188502,73.4192
lightbox/images/img001125.jpg,lightbox,3,20770,0,20572,0.755297,-0.448458,0.165221,-0.448458,60.6659
lightbox/images/img001129.jpg,lightbox,2,43044,1,61167,-0.147635,0.944862,0.206689,0.206689,166.811
lightbox/images/img001139.jpg,lightbox,3,16632,1,21457,-0.240278,0.854321,0.0800926,-0.453858,118.426
lightbox/images/img001145.jpg,lightbox,3,02411,1,07441,-0.344137,0.847106,-0.397081,-0.0794162,172.598
lightbox/images/img001148.jpg,lightbox,2,07674,2,43241,-0.36522,-0.196657,0.899004,0.140469,28.5132
lightbox/images/img001150.jpg,lightbox,1,22163,2,16007,0.0810219,-0.351095,0.864234,-0.351095,144.448
lightbox/images/img001154.jpg,lightbox,3,01461,1,30104,0.203967,0.725215,0.022663,-0.657226,47.1239
lightbox/images/img001155.jpg,lightbox,3,65234,2,56341,0.272041,-0.173117,0.791391,0.51935,101.444
lightbox/images/img001159.jpg,lightbox,1,12266,2,15262,0.409549,-0.409549,0.770916,-0.265003,158.837
lightbox/images/img001176.jpg,lightbox,2,20730,1,21245,-0.298319,0.734324,0.206529,-0.57369,79.7735
lightbox/images/img001184.jpg,lightbox,2,07465,2,43104,-0.193624,-0.41491,0.88514,0.0829819,26.6462
lightbox/images/img001187.jpg,lightbox,3,57116,3,52512,0.342224,-0.342224,0.236924,0.842397,39.8178
lightbox/images/img001196.jpg,lightbox,1,71714,1,31566,0.560843,0.717879,0.157036,-0.381373,73.1003
lightbox/images/img001199.jpg,lightbox,1,07763,1,25507,-0.151934,0.972379,0.0911606,-0.151934,15.7907
lightbox/images/img001201.jpg,lightbox,1,20502,1,56160,0.220432,0.783758,-0.269417,0.514341,162.274
lightbox/images/img001209.jpg,lightbox,2,54676,1,54223,0.0747435,0.797264,-0.423547,0.423547,145.236
lightbox/images/img001216.jpg,lightbox,1,12522,1,70465,0.0837545,0.893381,0.139591,0.418772,127.336
lightbox/images/img001220.jpg,lightbox,3,77455,1,55003,0.378865,0.638089,-0.578268,0.338985,153.063
lightbox/images/img001234.jpg,lightbox,2,42677,2,67000,-0.350931,0.397722,0.748653,0.397722,54.6252
lightbox/images/img001236.jpg,lightbox,0,14207,2,52533,0.399326,-0.239596,0.851896,0.239596,152.925
lightbox/images/img001246.jpg,lightbox,1,07473,1,25341,-0.141365,0.904735,0.254457,-0.311003,66.9497
lightbox/images/img001253.jpg,lightbox,2,05552,2,14055,0.15221,-0.674072,0.695817,-0.195698,28.5331
lightbox/images/img001255.jpg,lightbox,2,71225,1,34007,0.0862083,0.919555,0.0862083,-0.373569,132.031
lightbox/images/img001264.jpg,lightbox,2,27665,2,65126,-0.181772,0.181772,0.830959,0.493382,83.8184
lightbox/images/img001268.jpg,lightbox,1,64577,1,07223,-0.345106,0.849491,-0.0265466,-0.398199,129.872
lightbox/images/img001280.jpg,lightbox,1,36524,1,14466,0.0246108,0.787547,-0.615271,-0.0246108,144.777
lightbox/images/img001287.jpg,lightbox,3,12476,3,21616,-0.266242,0.266242,-0.508279,0.774521,73.2236
lightbox/images/img001288.jpg,lightbox,3,45712,1,60514,-0.489437,0.824315,0.0257599,0.283358,164.613
lightbox/images/img001295.jpg,lightbox,1,77157,1,13166,0.515163,0.659408,-0.185459,-0.515163,132.837
lightbox/images/img001299.jpg,lightbox,0,66244,0,56206,0.851896,0.0266217,-0.133109,0.505813,105.01
lightbox/images/img001308.jpg,lightbox,2,07526,1,41711,-0.024731,0.791391,-0.568812,0.222579,82.1918
lightbox/images/img001314.jpg,lightbox,0,57275,1,70645,0.0819844,0.8745,0.245953,0.409922,91.4299
lightbox/images/img001319.jpg,lightbox,1,43373,1,70651,0.19245,0.879772,0.247436,0.357407,48.8612
lightbox/images/img001323.jpg,lightbox,1,26444,1,02527,-0.471108,0.717879,-0.201903,-0.471108,87.3255
lightbox/images/img001331.jpg,lightbox,2,62342,2,27426,-0.353259,0.541664,0.753619,-0.117753,31.0897
lightbox/images/img001344.jpg,lightbox,0,72010,1,61771,-0.0270864,0.866766,0.352124,0.352124,147.149
lightbox/images/img001350.jpg,lightbox,2,02653,2,35014,0.51935,0.024731,0.791391,-0.321503,132.08
lightbox/images/img001355.jpg,lightbox,3,25754,3,43125,-0.145617,-0.320358,0.0873704,0.931951,71.8561
lightbox/images/img001365.jpg,lightbox,0,42042,1,24543,-0.545317,0.830959,0.0779024,-0.0779024,33.8368
lightbox/images/img001366.jpg,lightbox,0,76122,1,61565,-0.138728,0.887862,0.138728,0.416185,142.996
lightbox/images/img001371.jpg,lightbox,2,12651,1,32550,0.302817,0.745396,0.395992,-0.442579,126.551
lightbox/images/img001379.jpg,lightbox,0,77514,1,76344,0.189358,0.673274,0.525995,0.483916,53.9344
lightbox/images/img001382.jpg,lightbox,3,16561,1,25611,-0.2561,0.910577,0.2561,-0.199189,111.172
lightbox/images/img001387.jpg,lightbox,0,65727,2,07665,-0.374809,-0.0864945,0.922608,-0.0288315,178.129
lightbox/images/img001396.jpg,lightbox,3,16054,1,17245,0.488143,0.822136,-0.179842,-0.231226,127.669
lightbox/images/img001400.jpg,lightbox,3,43711,1,75201,0.453539,0.763856,0.214834,0.405798,145.997
lightbox/images/img001414.jpg,lightbox,2,24640,1,21443,-0.328824,0.809414,0.0758825,-0.480589,124.72
lightbox/images/img001419.jpg,lightbox,0,56126,3,32567,0.248275,0.51912,-0.383697,0.722254,80.0525
lightbox/images/img001432.jpg,lightbox,1,31224,1,21477,-0.236924,0.842397,0.184274,-0.447523,75.6998
lightbox/images/img001435.jpg,lightbox,3,47221,3,42757,-0.430001,-0.126471,0.379413,0.809414,11.8619
lightbox/images/img001436.jpg,lightbox,2,25752,2,16504,0.244497,-0.407494,0.869321,-0.135831,92.7897
lightbox/images/img001440.jpg,lightbox,3,66006,1,56306,0.233079,0.828726,-0.129488,0.492056,129.926
lightbox/images/img001450.jpg,lightbox,1,17620,1,16211,0.190728,0.871899,-0.190728,-0.408703,40.6531
lightbox/images/img001472.jpg,lightbox,3,32533,3,01633,-0.205236,-0.387667,-0.524491,0.729727,123.243
lightbox/images/img001474.jpg,lightbox,1,71141,1,31506,0.545675,0.698464,0.065481,-0.458367,66.9202
lightbox/images/img001482.jpg,lightbox,2,42334,2,07661,-0.373569,-0.0862083,0.919555,-0.0862083,26.0367
lightbox/images/img001485.jpg,lightbox,0,61745,0,60710,0.813589,-0.483068,0.228822,0.228822,45.8688
lightbox/images/img001493.jpg,lightbox,0,25523,1,25125,-0.141819,0.907642,0.141819,-0.368729,157.664
lightbox/images/img001496.jpg,lightbox,2,12236,1,17060,0.431106,0.811493,-0.278951,-0.278951,178.365
lightbox/images/img001500.jpg,lightbox,0,56754,1,65011,-0.240966,0.856767,0.026774,0.455158,135.197
lightbox/images/img001506.jpg,lightbox,2,30427,1,52565,0.284875,0.828726,-0.284875,0.388465,148.449
lightbox/images/img001520.jpg,lightbox,3,14045,1,74034,0.131991,0.844742,0.131991,0.501565,152.516
lightbox/images/img001526.jpg,lightbox,2,64503,1,07441,-0.344137,0.847106,-0.397081,-0.0794162,168.8
lightbox/images/img001532.jpg,lightbox,0,13542,2,50573,0.331862,-0.553103,0.707972,0.287613,134.703
lightbox/images/img001542.jpg,lightbox,0,14722,1,74225,0.0758825,0.809414,0.328824,0.480589,176.503
lightbox/images/img001557.jpg,lightbox,2,32016,1,35200,0.422499,0.795292,0.223676,-0.372793,84.946
lightbox/images/img001559.jpg,lightbox,1,35101,1,30542,0.23434,0.833209,0.0781133,-0.494718,46.5451
lightbox/images/img001567.jpg,lightbox,1,53040,3,03311,-0.0221676,-0.155173,-0.687194,0.709362,156.249
lightbox/images/img001571.jpg,lightbox,0,63334,1,14423,0.0726113,0.774521,-0.605095,-0.169426,130.664
lightbox/images/img001588.jpg,lightbox,1,76356,1,65353,-0.0251022,0.80327,0.276124,0.527146,50.1941
lightbox/images/img001599.jpg,lightbox,0,15370,0,13574,0.670902,0.608005,-0.230623,-0.356417,24.7083
lightbox/images/img001603.jpg,lightbox,1,61764,1,70652,0.136641,0.8745,0.300609,0.355266,38.4545
lightbox/images/img001608.jpg,lightbox,1,25675,1,25671,-0.251263,0.893381,0.362936,-0.0837545,4.01969
lightbox/images/img001620.jpg,lightbox,2,61600,1,07067,-0.353162,0.869321,-0.244497,-0.244497,172.153
lightbox/images/img001624.jpg,lightbox,3,12675,1,07713,-0.0301648,0.965275,-0.150824,-0.211154,156.148
lightbox/images/img001625.jpg,lightbox,2,71467,1,52345,0.312002,0.907642,-0.198547,0.198547,153.736
lightbox/images/img001626.jpg,lightbox,3,72032,3,27071,-0.220432,0.514341,-0.269417,0.783758,52.9807
lightbox/images/img001632.jpg,lightbox,2,43736,2,70502,0.260351,0.0867835,0.925691,0.260351,45.7105
lightbox/images/img001635.jpg,lightbox,0,61224,1,34513,0.41491,0.88514,0.0829819,-0.193624,178.873
lightbox/images/img001642.jpg,lightbox,1,36702,2,34632,0.137464,0.412393,0.879772,-0.19245,48.603
lightbox/images/img001654.jpg,lightbox,3,02475,2,06351,-0.441447,-0.181772,0.830959,-0.285642,155.657
lightbox/images/img001662.jpg,lightbox,2,16070,2,25061,-0.355266,0.136641,0.8745,-0.300609,75.365
lightbox/images/img001664.jpg,lightbox,3,33656,0,05015,0.676879,-0.190372,-0.655727,-0.274982,154.593
lightbox/images/img001675.jpg,lightbox,2,56673,2,56356,0.311026,-0.119625,0.765603,0.550277,26.9964
lightbox/images/img001682.jpg,lightbox,3,56427,0,27503,0.837765,-0.130901,0.497423,-0.183261,149.18
lightbox/images/img001684.jpg,lightbox,3,50303,1,72454,0.126471,0.809414,0.430001,0.379413,172.728
lightbox/images/img001687.jpg,lightbox,2,71235,2,71023,0.501565,0.184787,0.844742,0.0263982,20.5539
lightbox/images/img001688.jpg,lightbox,3,70526,1,30673,0.17186,0.785646,0.368271,-0.466477,168.89
lightbox/images/img001713.jpg,lightbox,1,54314,1,34711,0.403933,0.861723,0.24236,-0.188502,119.423
lightbox/images/img001721.jpg,lightbox,2,75457,1,25061,-0.355266,0.8745,0.136641,-0.300609,155.397
lightbox/images/img001726.jpg,lightbox,1,05244,1,07417,-0.249711,0.887862,-0.360694,-0.138728,29.9195
lightbox/images/img001731.jpg,lightbox,2,70234,2,16621,0.0908257,-0.0908257,0.968808,-0.211927,61.9567
lightbox/images/img001733.jpg,lightbox,3,53002,1,07506,-0.196657,0.899004,-0.36522,-0.140469,116.866
lightbox/images/img001734.jpg,lightbox,2,03720,1,12536,0.313914,0.772712,-0.217325,-0.507093,179.832
lightbox/images/img001735.jpg,lightbox,1,25460,1,43321,-0.153646,0.983336,-0.0921878,0.0307293,41.9756
lightbox/images/img001751.jpg,lightbox,0,65310,0,43624,0.861723,-0.403933,-0.0807866,0.296217,55.1608
lightbox/images/img001771.jpg,lightbox,2,07172,2,07172,-0.0853666,-0.2561,0.910577,-0.313011,2.55978
lightbox/images/img001781.jpg,lightbox,1,73315,1,52717,0.40161,0.856767,-0.13387,0.294514,85.8048
lightbox/images/img001784.jpg,lightbox,2,12375,1,13526,0.53655,0.686784,-0.193158,-0.450702,151.294
lightbox/images/img001792.jpg,lightbox,0,16203,1,05673,-0.240278,0.854321,-0.453858,-0.0800926,173.046
lightbox/images/img001800.jpg,lightbox,0,25726,0,42274,0.751953,-0.63446,-0.0704956,0.16449,83.3981
lightbox/images/img001812.jpg,lightbox,3,15703,1,21621,-0.298949,0.735875,0.298949,-0.52891,50.3866
lightbox/images/img001813.jpg,lightbox,1,47310,1,75164,0.532639,0.681778,0.106528,0.490028,82.8156
lightbox/images/img001817.jpg,lightbox,1,35034,1,30542,0.23434,0.833209,0.0781133,-0.494718,36.0916
lightbox/images/img001828.jpg,lightbox,0,50135,2,75100,0.567742,0.0227097,0.72671,0.386065,179.021
lightbox/images/img001831.jpg,lightbox,3,17132,1,24121,-0.507093,0.772712,0.120736,-0.362209,80.9019
lightbox/images/img001837.jpg,lightbox,3,16710,1,07471,-0.2561,0.910577,-0.313011,-0.0853666,149.419
lightbox/images/img001839.jpg,lightbox,1,22574,1,70653,0.189605,0.866766,0.297951,0.352124,114.251
lightbox/images/img001869.jpg,lightbox,2,52715,2,52405,0.0807866,-0.403933,0.861723,0.296217,42.8303
lightbox/images/img001875.jpg,lightbox,1,62252,1,61641,-0.342224,0.842397,0.236924,0.342224,56.1533
lightbox/images/img001876.jpg,lightbox,0,74555,1,43573,-0.0280056,0.896179,-0.25205,0.364073,122.322
lightbox/images/img001884.jpg,lightbox,1,45174,3,23172,-0.0626771,0.480524,-0.564094,0.668555,29.58
lightbox/images/img001886.jpg,lightbox,0,32457,2,71025,0.504385,0.132733,0.849491,0.0796398,77.9132
lightbox/images/img001887.jpg,lightbox,1,71750,1,71605,0.476942,0.80327,0.22592,0.276124,23.3678
lightbox/images/img001889.jpg,lightbox,3,52611,3,52522,0.252845,-0.252845,0.252845,0.899004,9.39615
lightbox/images/img001893.jpg,lightbox,1,54375,2,31566,0.560843,0.157036,0.717879,-0.381373,159.691
lightbox/images/img001908.jpg,lightbox,1,03705,1,47152,-0.0740121,0.789462,-0.320719,0.518084,127.287
lightbox/images/img001937.jpg,lightbox,0,77552,1,75356,0.578268,0.638089,0.219343,0.458626,21.2003
lightbox/images/img001948.jpg,lightbox,3,42312,1,43475,-0.23627,0.840072,-0.288775,0.393784,142.151
lightbox/images/img001957.jpg,lightbox,3,52036,1,41512,-0.0678497,0.72373,-0.65588,0.203549,175.096
lightbox/images/img001958.jpg,lightbox,3,76073,1,61616,-0.295362,0.859235,0.295362,0.295362,84.3526
lightbox/images/img001976.jpg,lightbox,2,31177,1,21641,-0.321503,0.791391,0.222579,-0.469888,148.36
lightbox/images/img001984.jpg,lightbox,3,66615,1,56166,0.217325,0.772712,-0.217325,0.555387,121.849
lightbox/images/img001987.jpg,lightbox,1,46315,1,46315,-0.409549,0.770916,-0.168638,0.457732,2.62875
lightbox/images/img001991.jpg,lightbox,1,56207,1,52426,0.0285481,0.91354,-0.256933,0.314029,27.0582
lightbox/images/img002000.jpg,lightbox,2,71734,2,42305,-0.538108,-0.179369,0.819974,0.0768726,157.434
lightbox/images/img002017.jpg,lightbox,2,56314,1,50416,0.111497,0.713582,-0.646684,0.245294,119.273
lightbox/images/img002018.jpg,lightbox,1,74200,1,61161,-0.150824,0.965275,0.150824,0.150824,44.5307
lightbox/images/img002019.jpg,lightbox,1,30532,2,35011,0.545305,0.0237089,0.758686,-0.355634,118.067
lightbox/images/img002025.jpg,lightbox,1,22557,1,12343,0.252424,0.734324,-0.114738,-0.619586,103.336
lightbox/images/img002032.jpg,lightbox,0,66303,2,53403,0.469888,-0.321503,0.791391,0.222579,39.1932
lightbox/images/img002034.jpg,lightbox,0,41074,1,21636,-0.258484,0.751953,0.352478,-0.493469,94.2842
lightbox/images/img002035.jpg,lightbox,0,72000,2,71064,0.456468,0.134255,0.859235,0.187958,71.5661
lightbox/images/img002036.jpg,lightbox,1,44600,1,45673,-0.190372,0.676879,-0.359592,0.613422,48.0736
lightbox/images/img002050.jpg,lightbox,1,25147,1,25147,-0.148152,0.948174,0.0888913,-0.266674,3.01357
lightbox/images/img002058.jpg,lightbox,2,55245,1,60767,-0.479882,0.73125,0.342773,0.342773,166.062
lightbox/images/img002065.jpg,lightbox,3,37654,3,70553,0.397081,0.0794162,0.344137,0.847106,72.9361
lightbox/images/img002067.jpg,lightbox,0,74322,1,50366,0.236924,0.842397,-0.447523,0.184274,148.539
lightbox/images/img002070.jpg,lightbox,2,26402,2,24520,-0.570209,0.123958,0.793334,-0.173542,34.3811
lightbox/images/img002071.jpg,lightbox,0,03571,2,07457,-0.25205,-0.364073,0.896179,-0.0280056,127.639
lightbox/images/img002076.jpg,lightbox,0,46225,1,61655,-0.239596,0.851896,0.239596,0.399326,112.293
lightbox/images/img002082.jpg,lightbox,2,02107,2,20557,-0.423547,0.0747435,0.797264,-0.423547,45.7781
lightbox/images/img002083.jpg,lightbox,2,35472,0,71257,0.770916,0.554096,0.265003,0.168638,88.6974
lightbox/images/img002089.jpg,lightbox,0,53174,1,53366,0.606517,0.776342,-0.0242607,0.169825,30.297
lightbox/images/img002102.jpg,lightbox,3,03172,1,07131,-0.0270073,0.864234,-0.29708,-0.40511,146.18
lightbox/images/img002105.jpg,lightbox,3,56400,2,02563,-0.480888,-0.206095,0.732782,-0.435089,161.223
lightbox/images/img002111.jpg,lightbox,2,50550,1,56211,0.186352,0.851896,-0.186352,0.45257,121.387
lightbox/images/img002114.jpg,lightbox,1,12746,1,14733,0.376533,0.80327,-0.426737,-0.175715,51.9772
lightbox/images/img002117.jpg,lightbox,2,06574,1,34343,0.295362,0.859235,0.295362,-0.295362,163.921
lightbox/images/img002121.jpg,lightbox,2,21254,1,16007,0.0810219,0.864234,-0.351095,-0.351095,165.704
lightbox/images/img002130.jpg,lightbox,0,66201,1,60316,-0.488143,0.822136,0.282609,0.0770752,108.271
lightbox/images/img002135.jpg,lightbox,1,11663,1,31466,0.418384,0.787547,0.172276,-0.418384,66.6284
lightbox/images/img002136.jpg,lightbox,1,34256,1,25721,-0.140469,0.899004,0.36522,-0.196657,33.7108
lightbox/images/img002138.jpg,lightbox,2,56007,2,07561,-0.145617,-0.320358,0.931951,-0.0873704,72.3118
lightbox/images/img002146.jpg,lightbox,2,34507,2,36565,0.276124,0.527146,0.80327,-0.0251022,57.5099
lightbox/images/img002149.jpg,lightbox,2,47072,2,43027,-0.362936,-0.251263,0.893381,0.0837545,53.2937
lightbox/images/img002154.jpg,lightbox,1,07643,2,05472,-0.260798,-0.592723,0.758686,-0.0711268,112.896
lightbox/images/img002163.jpg,lightbox,2,70155,1,70416,0.145617,0.931951,0.0873704,0.320358,155.428
lightbox/images/img002164.jpg,lightbox,2,15463,1,70726,0.23627,0.840072,0.393784,0.288775,166.197
lightbox/images/img002165.jpg,lightbox,0,06347,0,60367,0.767362,-0.503581,0.359701,0.16786,70.7416
lightbox/images/img002170.jpg,lightbox,2,16154,2,07057,-0.244497,-0.353162,0.869321,-0.244497,65.8226
lightbox/images/img002171.jpg,lightbox,3,74174,1,03663,-0.329669,0.811493,-0.0253592,-0.481824,133.122
lightbox/images/img002175.jpg,lightbox,1,12775,1,53161,0.619586,0.734324,-0.252424,0.114738,71.4008
lightbox/images/img002176.jpg,lightbox,0,06422,2,65426,-0.333169,0.155479,0.71076,0.599704,109.193
lightbox/images/img002178.jpg,lightbox,0,61573,3,42357,-0.456468,-0.134255,0.187958,0.859235,172.571
lightbox/images/img002179.jpg,lightbox,2,51242,1,07464,-0.40511,0.864234,-0.29708,-0.0270073,67.6383
lightbox/images/img002181.jpg,lightbox,0,16222,0,07602,0.879772,-0.412393,-0.137464,-0.19245,60.5768
lightbox/images/img002183.jpg,lightbox,3,37526,1,74345,0.262575,0.763856,0.214834,0.549021,57.4006
lightbox/images/img002215.jpg,lightbox,3,34466,3,52272,0.152499,-0.0304997,0.152499,0.975991,39.8953
lightbox/images/img002238.jpg,lightbox,2,35700,1,71136,0.661315,0.729727,0.159628,0.0684119,97.5129
lightbox/images/img002241.jpg,lightbox,0,66514,0,60275,0.74059,-0.578586,0.300865,0.162004,51.7315
lightbox/images/img002245.jpg,lightbox,0,25177,0,25671,0.893381,-0.251263,0.362936,-0.0837545,38.5408
lightbox/images/img002250.jpg,lightbox,2,50235,2,16455,0.19422,-0.416185,0.887862,-0.0277457,14.8691
lightbox/images/img002256.jpg,lightbox,1,42173,1,24131,-0.430001,0.809414,0.126471,-0.379413,71.2959
lightbox/images/img002257.jpg,lightbox,0,75452,2,71333,0.659276,0.319005,0.680543,0.021267,100.947
lightbox/images/img002262.jpg,lightbox,1,06154,2,07602,-0.412393,-0.137464,0.879772,-0.19245,159.803
lightbox/images/img002298.jpg,lightbox,0,12570,2,07523,-0.145617,-0.262111,0.931951,-0.203864,140.595
lightbox/images/img002310.jpg,lightbox,1,10347,1,41566,-0.159628,0.729727,-0.570099,0.342059,117.49
lightbox/images/img002313.jpg,lightbox,0,21164,0,70470,0.907642,0.141819,0.141819,0.368729,121.866
lightbox/images/img002320.jpg,lightbox,1,61557,1,16214,0.140469,0.899004,-0.196657,-0.36522,98.772
lightbox/images/img002330.jpg,lightbox,3,06774,1,36056,0.129488,0.828726,0.492056,-0.233079,141.665
lightbox/images/img002333.jpg,lightbox,0,72705,2,71471,0.550277,0.119625,0.765603,0.311026,35.9217
lightbox/images/img002344.jpg,lightbox,1,63054,1,16204,0.0283638,0.907642,-0.198547,-0.368729,106.544
lightbox/images/img002353.jpg,lightbox,3,57453,1,56101,0.270066,0.785646,-0.368271,0.417374,177.818
lightbox/images/img002368.jpg,lightbox,1,47205,1,24335,-0.418384,0.787547,0.319941,-0.319941,111.124
lightbox/images/img002370.jpg,lightbox,2,52463,1,25667,-0.345106,0.849491,0.398199,-0.0265466,169.881
lightbox/images/img002390.jpg,lightbox,0,16035,1,70601,0.0867835,0.925691,0.260351,0.260351,169.64
lightbox/images/img002394.jpg,lightbox,3,52442,3,43535,-0.0280939,-0.309033,0.309033,0.899004,13.4113
lightbox/images/img002396.jpg,lightbox,2,17267,2,17052,0.50128,-0.310316,0.763856,-0.262575,32.9857
lightbox/images/img002397.jpg,lightbox,3,06044,1,65516,-0.0712873,0.760398,0.0712873,0.641585,152.438
lightbox/images/img002411.jpg,lightbox,0,75026,1,60773,-0.411464,0.774521,0.363057,0.314649,156.964
lightbox/images/img002415.jpg,lightbox,3,43377,0,07077,0.899004,-0.252845,-0.252845,-0.252845,141.986
lightbox/images/img002417.jpg,lightbox,2,25051,1,25421,-0.36522,0.899004,0.140469,-0.196657,144.883
lightbox/images/img002421.jpg,lightbox,0,60261,1,24554,-0.510171,0.859235,0.0268511,-0.0268511,50.4689
lightbox/images/img002422.jpg,lightbox,3,53647,1,60715,-0.43676,0.822136,0.231226,0.282609,179.12
lightbox/images/img002430.jpg,lightbox,3,36612,1,56042,0.024731,0.791391,-0.321503,0.51935,36.1734
lightbox/images/img002444.jpg,lightbox,3,12744,1,07417,-0.249711,0.887862,-0.360694,-0.138728,163.526
lightbox/images/img002447.jpg,lightbox,3,62361,1,50625,0.0770752,0.822136,-0.488143,0.282609,108.039
lightbox/images/img002452.jpg,lightbox,1,25767,1,70740,0.244497,0.869321,0.244497,0.353162,61.7202
lightbox/images/img002454.jpg,lightbox,0,21257,0,61673,0.826512,-0.232456,0.387427,0.33577,112.583
lightbox/images/img002468.jpg,lightbox,3,51212,3,03472,-0.276124,-0.22592,-0.476942,0.80327,113.357
lightbox/images/img002477.jpg,lightbox,1,34236,1,34267,0.0819844,0.8745,0.409922,-0.245953,14.8445
lightbox/images/img002505.jpg,lightbox,0,71332,2,30530,0.311026,0.119625,0.765603,-0.550277,117.101
lightbox/images/img002507.jpg,lightbox,0,72226,1,71424,0.445063,0.837765,0.130901,0.287982,126.047
lightbox/images/img002509.jpg,lightbox,3,46574,2,45236,-0.259633,-0.401252,0.755297,0.448458,36.1823
lightbox/images/img002516.jpg,lightbox,3,25424,3,21616,-0.266242,0.266242,-0.508279,0.774521,49.6807
lightbox/images/img002517.jpg,lightbox,1,14725,1,16562,0.260351,0.925691,-0.260351,-0.0867835,28.3551
lightbox/images/img002526.jpg,lightbox,0,01437,2,07057,-0.244497,-0.353162,0.869321,-0.244497,124.633
lightbox/images/img002542.jpg,lightbox,2,07004,2,16054,0.135831,-0.407494,0.869321,-0.244497,61.0076
lightbox/images/img002547.jpg,lightbox,3,70720,1,72405,0.0789747,0.842397,0.447523,0.289574,92.5435
lightbox/images/img002550.jpg,lightbox,1,14704,1,70224,0.0288315,0.922608,0.374809,0.0864945,116.856
lightbox/images/img002560.jpg,lightbox,3,24456,3,03222,-0.319005,-0.021267,-0.659276,0.680543,87.3278
lightbox/images/img002572.jpg,lightbox,2,32341,1,31645,0.453539,0.763856,0.214834,-0.405798,64.6574
lightbox/images/img002591.jpg,lightbox,0,67767,2,06305,-0.511891,-0.17063,0.780024,-0.316885,179.732
lightbox/images/img002600.jpg,lightbox,0,63511,2,65333,-0.0254906,0.38236,0.8157,0.433341,128.321
lightbox/images/img002603.jpg,lightbox,0,31742,1,30643,0.0770752,0.822136,0.282609,-0.488143,79.7819
lightbox/images/img002607.jpg,lightbox,0,42103,1,03666,-0.38236,0.8157,-0.0254906,-0.433341,84.3292
lightbox/images/img002610.jpg,lightbox,0,46205,2,25444,-0.424094,0.028273,0.904735,-0.028273,126.095
lightbox/images/img002612.jpg,lightbox,0,71021,1,07217,-0.249711,0.887862,-0.138728,-0.360694,153.976
lightbox/images/img002626.jpg,lightbox,1,35215,1,35206,0.424602,0.799251,0.274743,-0.324696,14.1379
lightbox/images/img002649.jpg,lightbox,0,10267,2,43673,-0.25205,-0.0280056,0.896179,0.364073,84.055
lightbox/images/img002654.jpg,lightbox,2,07235,1,07307,-0.141819,0.907642,-0.141819,-0.368729,176.005
lightbox/images/img002656.jpg,lightbox,0,03334,1,14621,0.0789747,0.842397,-0.500173,-0.184274,161.362
lightbox/images/img002660.jpg,lightbox,0,30233,3,40362,-0.532299,-0.393438,0.115717,0.74059,59.49
lightbox/images/img002663.jpg,lightbox,1,70343,2,43521,-0.141365,-0.311003,0.904735,0.254457,178.78
lightbox/images/img002666.jpg,lightbox,0,11634,1,51322,0.567742,0.72671,-0.386065,0.0227097,62.6705
lightbox/images/img002669.jpg,lightbox,0,63154,2,61610,-0.304267,0.248946,0.88514,0.248946,162.492
lightbox/images/img002686.jpg,lightbox,3,62424,0,06247,0.720787,-0.653213,-0.112623,-0.202721,57.6402
lightbox/images/img002695.jpg,lightbox,1,02122,2,07056,-0.294514,-0.348062,0.856767,-0.240966,171.552
lightbox/images/img002696.jpg,lightbox,3,71220,3,70307,0.308062,0.308062,0.0840168,0.896179,19.367
lightbox/images/img002700.jpg,lightbox,0,25144,1,07071,-0.245222,0.871899,-0.299715,-0.299715,138.319
lightbox/images/img002702.jpg,lightbox,3,63400,3,50270,0.131991,-0.501565,0.131991,0.844742,127.233
lightbox/images/img002705.jpg,lightbox,2,02075,2,01712,-0.0670318,-0.469222,0.715006,-0.51391,60.2974
lightbox/images/img002733.jpg,lightbox,1,41552,1,34054,0.148675,0.951522,0.0297351,-0.267615,110.727
lightbox/images/img002734.jpg,lightbox,2,77371,2,71525,0.619586,0.114738,0.734324,0.252424,51.6998
lightbox/images/img002749.jpg,lightbox,0,34061,3,12306,0.202721,-0.112623,-0.653213,0.720787,161.523
lightbox/images/img002758.jpg,lightbox,3,56530,2,65502,-0.169426,0.0726113,0.774521,0.605095,69.5895
lightbox/images/img002760.jpg,lightbox,1,10457,1,25275,-0.244497,0.869321,0.353162,-0.244497,131.08
lightbox/images/img002768.jpg,lightbox,0,20161,2,74335,0.355634,0.308216,0.758686,0.45047,170.395
lightbox/images/img002770.jpg,lightbox,0,00034,1,00743,-0.441056,0.672085,-0.441056,-0.39905,163.367
lightbox/images/img002801.jpg,lightbox,0,61715,2,24117,-0.440261,0.0776931,0.828726,-0.33667,143.216
lightbox/images/img002803.jpg,lightbox,2,71260,2,14307,0.262575,-0.50128,0.763856,-0.310316,114.965
lightbox/images/img002805.jpg,lightbox,1,16355,1,07517,-0.0286417,0.916533,-0.372342,-0.143208,54.4469
lightbox/images/img002808.jpg,lightbox,3,02633,1,07067,-0.353162,0.869321,-0.244497,-0.244497,166.61
lightbox/images/img002828.jpg,lightbox,2,22630,1,47521,-0.118015,0.755297,-0.259633,0.590076,174.666
lightbox/images/img002831.jpg,lightbox,3,21740,1,17247,0.492056,0.828726,-0.129488,-0.233079,179.58
lightbox/images/img002832.jpg,lightbox,2,25430,2,16762,0.269529,-0.0299476,0.958324,-0.0898429,72.7961
lightbox/images/img002839.jpg,lightbox,1,36214,0,15761,0.694504,0.585988,-0.412362,-0.0651098,145.584
lightbox/images/img002841.jpg,lightbox,3,46135,1,74162,0.225352,0.801253,0.175274,0.525822,160.439
lightbox/images/img002843.jpg,lightbox,0,05227,0,24276,0.705215,-0.595026,0.33057,-0.198342,96.4718
lightbox/images/img002852.jpg,lightbox,1,63417,2,63413,-0.228822,0.483068,0.813589,0.228822,53.5326
lightbox/images/img002858.jpg,lightbox,2,43547,2,43156,-0.0848189,-0.367549,0.904735,0.197911,27.3814
lightbox/images/img002868.jpg,lightbox,0,20732,1,21663,-0.308216,0.758686,0.355634,-0.45047,158.806
lightbox/images/img002869.jpg,lightbox,3,07365,1,16007,0.0810219,0.864234,-0.351095,-0.351095,145.161
lightbox/images/img002879.jpg,lightbox,1,54776,2,30171,0.335159,0.11172,0.715006,-0.603286,126.226
lightbox/images/img002885.jpg,lightbox,0,11141,1,74526,0.207404,0.737437,0.161314,0.622212,168.716
lightbox/images/img002917.jpg,lightbox,2,72334,1,34567,0.318206,0.925691,0.202495,-0.0289278,67.1769
lightbox/images/img002918.jpg,lightbox,1,42665,1,07266,-0.411152,0.877124,-0.0274101,-0.246691,74.6346
lightbox/images/img002932.jpg,lightbox,1,66220,1,65215,-0.228822,0.813589,0.228822,0.483068,61.4451
lightbox/images/img002960.jpg,lightbox,2,26717,1,41624,-0.360531,0.769133,-0.456673,0.264389,151.258
lightbox/images/img002963.jpg,lightbox,0,02522,2,75151,0.629255,0.0202986,0.649554,0.42627,168.103
lightbox/images/img002976.jpg,lightbox,0,22364,1,60517,-0.447523,0.842397,0.0789747,0.289574,89.7516
lightbox/images/img002978.jpg,lightbox,2,36135,2,34707,0.306147,0.306147,0.890609,-0.139158,33.5087
lightbox/images/img002980.jpg,lightbox,2,07467,2,07500,-0.190728,-0.408703,0.871899,-0.190728,29.2599
lightbox/images/img002988.jpg,lightbox,1,43036,1,41721,-0.129488,0.828726,-0.492056,0.233079,38.1661
lightbox/images/img002996.jpg,lightbox,0,67410,2,25241,-0.348062,0.240966,0.856767,-0.294514,164.663
lightbox/images/img002999.jpg,lightbox,3,73030,1,20547,-0.500142,0.762121,0.0714488,-0.404877,161.544
lightbox/images/img003010.jpg,lightbox,0,25317,2,52214,0.150278,-0.21039,0.961781,0.090167,135.12
lightbox/images/img003030.jpg,lightbox,2,65367,2,56234,0.132733,-0.0796398,0.849491,0.504385,61.5435
lightbox/images/img003033.jpg,lightbox,0,07752,3,43225,-0.373569,-0.0862083,0.0862083,0.919555,127.111
lightbox/images/img003038.jpg,lightbox,3,13621,1,01773,-0.0244339,0.781884,-0.415376,-0.464244,157.314
lightbox/images/img003043.jpg,lightbox,2,35047,1,35045,0.496065,0.835478,0.0261087,-0.234978,136.063
lightbox/images/img003052.jpg,lightbox,0,02766,2,60375,-0.434472,0.332243,0.817829,0.1789,109.085
lightbox/images/img003062.jpg,lightbox,1,11202,1,41466,-0.327405,0.698464,-0.545675,0.327405,141.541
lightbox/images/img003063.jpg,lightbox,3,42604,2,50126,0.215821,-0.599501,0.767362,0.0719402,160.29
lightbox/images/img003081.jpg,lightbox,2,41531,1,50021,0.0714488,0.762121,-0.643039,0.0238163,34.0908
lightbox/images/img003090.jpg,lightbox,3,70672,2,70655,0.188502,0.24236,0.861723,0.403933,79.6338
lightbox/images/img003094.jpg,lightbox,0,55230,2,53002,0.441447,-0.337577,0.830959,0.0259675,160.444
lightbox/images/img003096.jpg,lightbox,0,16420,1,14436,0.121303,0.776342,-0.606517,-0.121303,140.291
lightbox/images/img003106.jpg,lightbox,1,07743,1,25146,-0.205262,0.93834,0.0879694,-0.263908,35.1358
lightbox/images/img003113.jpg,lightbox,0,17625,1,03473,-0.228822,0.813589,-0.228822,-0.483068,145.447
lightbox/images/img003114.jpg,lightbox,0,12625,1,14421,0.0704956,0.751953,-0.63446,-0.16449,150.508
lightbox/images/img003119.jpg,lightbox,2,70534,1,61507,-0.145617,0.931951,0.0873704,0.320358,150.263
lightbox/images/img003129.jpg,lightbox,0,44752,1,21666,-0.357244,0.762121,0.357244,-0.404877,59.5825
lightbox/images/img003146.jpg,lightbox,3,71635,3,61601,-0.353162,0.244497,0.244497,0.869321,104.747
lightbox/images/img003153.jpg,lightbox,3,02716,3,03663,-0.329669,-0.0253592,-0.481824,0.811493,20.3055
lightbox/images/img003157.jpg,lightbox,2,51610,1,76206,0.0217443,0.695817,0.587095,0.413141,161.435
lightbox/images/img003166.jpg,lightbox,3,07353,3,12523,0.262575,-0.214834,-0.549021,0.763856,49.393
lightbox/images/img003174.jpg,lightbox,0,51074,2,07260,-0.403933,-0.0807866,0.861723,-0.296217,66.2002
lightbox/images/img003177.jpg,lightbox,2,46022,1,17222,0.433341,0.8157,-0.0254906,-0.38236,108.552
lightbox/images/img003181.jpg,lightbox,2,50362,2,61237,-0.245953,0.409922,0.8745,0.0819844,117.403
lightbox/images/img003184.jpg,lightbox,0,06073,0,06761,0.830959,-0.545317,-0.0779024,-0.0779024,25.2743
lightbox/images/img003186.jpg,lightbox,2,43035,2,43152,-0.0856444,-0.371126,0.91354,0.142741,22.9514
lightbox/images/img003187.jpg,lightbox,0,10045,2,42235,-0.612311,-0.0734773,0.783758,0.0734773,50.7748
lightbox/images/img003199.jpg,lightbox,0,07513,0,70755,0.811493,0.380387,0.228232,0.380387,113.75
lightbox/images/img003213.jpg,lightbox,0,13515,1,12353,0.335159,0.715006,-0.11172,-0.603286,46.65
lightbox/images/img003215.jpg,lightbox,3,15464,1,07441,-0.344137,0.847106,-0.397081,-0.0794162,92.045
lightbox/images/img003217.jpg,lightbox,1,60725,1,61615,-0.248946,0.88514,0.248946,0.304267,32.5083
lightbox/images/img003220.jpg,lightbox,0,56702,2,56003,0.0776931,-0.33667,0.828726,0.440261,160.855
lightbox/images/img003221.jpg,lightbox,2,46341,1,70655,0.188502,0.861723,0.24236,0.403933,162.484
lightbox/images/img003224.jpg,lightbox,1,21671,1,16146,0.244497,0.869321,-0.353162,-0.244497,100.048
lightbox/images/img003228.jpg,lightbox,2,56651,1,43607,-0.355266,0.8745,-0.136641,0.300609,167.573
lightbox/images/img003229.jpg,lightbox,2,27014,1,14673,0.189051,0.864234,-0.459124,-0.0810219,178.383
lightbox/images/img003246.jpg,lightbox,3,21524,1,02573,-0.405798,0.763856,-0.214834,-0.453539,171.527
lightbox/images/img003256.jpg,lightbox,0,52750,1,61475,-0.244497,0.869321,0.135831,0.407494,157.355
lightbox/images/img003263.jpg,lightbox,0,63064,1,06333,-0.433341,0.8157,-0.0254906,-0.38236,91.2789
lightbox/images/img003266.jpg,lightbox,0,63455,0,61433,0.910577,-0.2561,0.199189,0.2561,32.8672
lightbox/images/img003286.jpg,lightbox,1,56645,1,12023,0.0658586,0.702491,-0.197576,-0.680538,170.621
lightbox/images/img003298.jpg,lightbox,2,37443,1,52124,0.2561,0.910577,-0.313011,0.0853666,147.034
lightbox/images/img003301.jpg,lightbox,1,16264,1,25151,-0.0295269,0.944862,0.0295269,-0.324796,15.3128
lightbox/images/img003302.jpg,lightbox,1,10466,1,14225,0.0758825,0.809414,-0.480589,-0.328824,17.5401
lightbox/images/img003309.jpg,lightbox,0,24766,1,60020,-0.691283,0.713582,0.111497,0.0222994,57.2477
lightbox/images/img003313.jpg,lightbox,1,35614,2,07215,-0.247436,-0.19245,0.879772,-0.357407,174.514
lightbox/images/img003317.jpg,lightbox,1,50240,2,14626,0.0273281,-0.464578,0.8745,-0.136641,53.0644
lightbox/images/img003338.jpg,lightbox,1,47137,1,43741,-0.140469,0.899004,-0.196657,0.36522,19.4255
lightbox/images/img003361.jpg,lightbox,1,06011,1,06741,-0.538108,0.819974,-0.179369,-0.0768726,37.5
lightbox/images/img003364.jpg,lightbox,1,34351,1,35252,0.508279,0.774521,0.266242,-0.266242,15.9886
lightbox/images/img003366.jpg,lightbox,3,21725,0,07060,0.828726,-0.388465,-0.284875,-0.284875,143.555
lightbox/images/img003374.jpg,lightbox,0,07764,3,61405,-0.358493,0.0275764,0.30334,0.882444,128.526
lightbox/images/img003385.jpg,lightbox,3,52027,3,03342,-0.163768,-0.116977,-0.631676,0.748653,96.5961
lightbox/images/img003389.jpg,lightbox,0,51503,1,32557,0.344214,0.734324,0.436005,-0.390109,147.815
lightbox/images/img003392.jpg,lightbox,0,75300,1,70565,0.294514,0.856767,0.13387,0.40161,61.6149
lightbox/images/img003395.jpg,lightbox,2,71004,2,75005,0.454577,0.0239251,0.765603,0.454577,43.1452
lightbox/images/img003397.jpg,lightbox,2,03053,2,03576,-0.0800926,-0.240278,0.854321,-0.453858,28.7652
lightbox/images/img003403.jpg,lightbox,0,54326,1,70605,0.0853666,0.910577,0.2561,0.313011,146.47
lightbox/images/img003425.jpg,lightbox,1,23106,1,16302,0.244497,0.869321,-0.135831,-0.407494,84.9007
lightbox/images/img003426.jpg,lightbox,0,70046,3,61176,-0.0892052,0.208145,0.208145,0.951522,162.228
lightbox/images/img003429.jpg,lightbox,1,40624,1,16102,0.232456,0.826512,-0.33577,-0.387427,129.814
lightbox/images/img003440.jpg,lightbox,0,36276,1,71754,0.622398,0.686784,0.193158,0.32193,108.299
lightbox/images/img003445.jpg,lightbox,2,07775,2,16624,0.0307293,-0.0921878,0.983336,-0.153646,14.2507
lightbox/images/img003449.jpg,lightbox,0,61163,2,25576,-0.0911606,0.212708,0.972379,-0.0303869,174.57
lightbox/images/img003465.jpg,lightbox,0,35120,1,53463,0.469888,0.791391,-0.222579,0.321503,96.2783
lightbox/images/img003469.jpg,lightbox,1,52272,1,43321,-0.153646,0.983336,-0.0921878,0.0307293,40.9178
lightbox/images/img003473.jpg,lightbox,1,04232,1,60515,-0.448769,0.844742,0.0263982,0.29038,89.7598
lightbox/images/img003475.jpg,lightbox,2,50064,1,70603,0.0853666,0.910577,0.313011,0.2561,145.227
lightbox/images/img003476.jpg,lightbox,1,55624,2,02143,-0.432004,-0.267431,0.658291,-0.555433,54.6991
lightbox/images/img003477.jpg,lightbox,3,61703,1,34024,0.0286417,0.916533,0.143208,-0.372342,179.01
lightbox/images/img003481.jpg,lightbox,1,20066,1,46173,-0.396854,0.74702,-0.210099,0.490232,129.958
lightbox/images/img003484.jpg,lightbox,0,73467,2,71527,0.615707,0.159628,0.729727,0.250844,39.6151
lightbox/images/img003487.jpg,lightbox,1,70421,1,41637,-0.231226,0.822136,-0.43676,0.282609,78.99
lightbox/images/img003492.jpg,lightbox,0,14232,2,07471,-0.2561,-0.313011,0.910577,-0.0853666,103.914
lightbox/images/img003497.jpg,lightbox,1,23065,1,13661,0.453539,0.763856,-0.0716115,-0.453539,106.799
lightbox/images/img003518.jpg,lightbox,1,60142,1,65256,-0.259633,0.755297,0.259633,0.54287,64.3704
lightbox/images/img003520.jpg,lightbox,1,61713,1,43122,-0.205971,0.941584,-0.26482,0.0294245,75.5735
lightbox/images/img003529.jpg,lightbox,2,55704,1,53746,0.57369,0.734324,-0.114738,0.344214,172.671
lightbox/images/img003536.jpg,lightbox,0,72056,1,74305,0.276124,0.80327,0.22592,0.476942,117.368
lightbox/images/img003544.jpg,lightbox,2,24614,1,61655,-0.239596,0.851896,0.239596,0.399326,126.389
lightbox/images/img003555.jpg,lightbox,0,76622,1,12565,0.278951,0.811493,-0.278951,-0.431106,158.492
lightbox/images/img003567.jpg,lightbox,0,05737,2,72005,0.0822304,0.465972,0.877124,0.0822304,138.137
lightbox/images/img003571.jpg,lightbox,2,57067,1,54217,0.161658,0.739008,-0.484974,0.438786,156.161
lightbox/images/img003572.jpg,lightbox,3,54142,1,67410,-0.242418,0.705215,0.374646,0.55095,174.361
lightbox/images/img003580.jpg,lightbox,0,50214,2,07050,-0.284875,-0.388465,0.828726,-0.284875,79.6809
lightbox/images/img003583.jpg,lightbox,1,71212,0,53300,0.776342,0.606517,-0.169825,0.0242607,65.9683
lightbox/images/img003593.jpg,lightbox,2,11253,1,24363,-0.493469,0.751953,0.352478,-0.258484,161.115
lightbox/images/img003595.jpg,lightbox,2,36500,2,07165,-0.141365,-0.311003,0.904735,-0.254457,103.401
lightbox/images/img003602.jpg,lightbox,0,10730,2,16576,0.364073,-0.25205,0.896179,-0.0280056,158.193
lightbox/images/img003605.jpg,lightbox,3,57600,1,53466,0.422499,0.795292,-0.223676,0.372793,160.455
lightbox/images/img003607.jpg,lightbox,1,12405,1,25316,-0.0824786,0.879772,0.302422,-0.357407,81.8478
lightbox/images/img003622.jpg,lightbox,0,21514,2,05335,-0.0253592,-0.481824,0.811493,-0.329669,153.004
lightbox/images/img003624.jpg,lightbox,2,07344,2,07610,-0.312002,-0.198547,0.907642,-0.198547,13.2523
lightbox/images/img003627.jpg,lightbox,1,15774,1,53660,0.440261,0.828726,-0.0776931,0.33667,61.9284
lightbox/images/img003643.jpg,lightbox,3,22654,1,70673,0.182761,0.835478,0.39163,0.339413,134.292
lightbox/images/img003647.jpg,lightbox,3,61742,1,52112,0.352124,0.866766,-0.352124,0.0270864,170.997
lightbox/images/img003651.jpg,lightbox,0,53126,1,43471,-0.240966,0.856767,-0.294514,0.348062,131.934
lightbox/images/img003652.jpg,lightbox,1,74343,1,52565,0.284875,0.828726,-0.284875,0.388465,63.8709
lightbox/images/img003660.jpg,lightbox,2,66145,2,50773,0.363057,-0.411464,0.774521,0.314649,138.411
lightbox/images/img003664.jpg,lightbox,1,71504,1,71366,0.570099,0.729727,0.342059,0.159628,37.932
lightbox/images/img003671.jpg,lightbox,3,50157,1,61447,-0.344137,0.847106,0.0794162,0.397081,137.47
lightbox/images/img003684.jpg,lightbox,3,65671,2,55266,0.368262,-0.368262,0.6932,0.498237,103.868
lightbox/images/img003687.jpg,lightbox,0,23317,1,62545,-0.472059,0.719328,0.382143,0.337185,143.185
lightbox/images/img003688.jpg,lightbox,0,40676,1,70504,0.256933,0.91354,0.0285481,0.314029,151.679
lightbox/images/img003690.jpg,lightbox,0,34440,1,61363,-0.138728,0.887862,0.416185,0.138728,169.8
lightbox/images/img003706.jpg,lightbox,2,21142,2,03300,-0.153375,-0.153375,0.701141,-0.67923,26.0082
lightbox/images/img003710.jpg,lightbox,1,70507,1,12562,0.228822,0.813589,-0.228822,-0.483068,100.046
lightbox/images/img003726.jpg,lightbox,3,16055,3,27012,-0.264389,0.456673,-0.360531,0.769133,115.294
lightbox/images/img003731.jpg,lightbox,0,34757,0,34277,0.861723,0.188502,0.403933,-0.24236,35.345
lightbox/images/img003737.jpg,lightbox,0,06533,2,35004,0.441447,0.0259675,0.830959,-0.337577,154.782
lightbox/images/img003739.jpg,lightbox,2,63115,2,70023,0.0911606,0.212708,0.972379,0.0303869,33.0108
lightbox/images/img003742.jpg,lightbox,1,71341,1,30575,0.379413,0.809414,0.126471,-0.430001,69.965
lightbox/images/img003743.jpg,lightbox,3,75003,1,47111,-0.0254906,0.8157,-0.38236,0.433341,153.931
lightbox/images/img003749.jpg,lightbox,0,56107,1,52417,0.189605,0.866766,-0.352124,0.297951,102.346
lightbox/images/img003750.jpg,lightbox,0,62404,1,26054,-0.585988,0.694504,0.368955,-0.195329,84.8564
lightbox/images/img003767.jpg,lightbox,2,31766,1,34350,0.348062,0.856767,0.240966,-0.294514,86.9362
lightbox/images/img003769.jpg,lightbox,0,64527,0,62150,0.776342,-0.460953,0.412432,0.121303,62.8185
lightbox/images/img003772.jpg,lightbox,1,04335,1,07447,-0.352124,0.866766,-0.352124,-0.0270864,38.9625
lightbox/images/img003776.jpg,lightbox,2,34513,2,35017,0.552814,0.0721062,0.769133,-0.31246,25.6209
lightbox/images/img003790.jpg,lightbox,1,56641,1,07233,-0.246691,0.877124,-0.0274101,-0.411152,136.287
lightbox/images/img003805.jpg,lightbox,1,71472,1,14244,0.024731,0.791391,-0.568812,-0.222579,126.778
lightbox/images/img003807.jpg,lightbox,3,02363,1,21645,-0.328824,0.809414,0.227648,-0.430001,147.467
lightbox/images/img003817.jpg,lightbox,3,35277,3,03373,-0.0238705,-0.0238705,-0.644503,0.763856,95.226
lightbox/images/img003822.jpg,lightbox,1,72445,1,65303,-0.130901,0.837765,0.287982,0.445063,27.9543
lightbox/images/img003823.jpg,lightbox,0,65363,2,25464,-0.420084,0.140028,0.896179,-0.0280056,176.336
lightbox/images/img003824.jpg,lightbox,0,71462,3,50326,0.240278,-0.453858,0.0800926,0.854321,144.376
lightbox/images/img003832.jpg,lightbox,1,34266,2,16017,0.186352,-0.346083,0.851896,-0.346083,165.844
lightbox/images/img003836.jpg,lightbox,0,27053,1,30545,0.29038,0.844742,0.0263982,-0.448769,156.43
lightbox/images/img003845.jpg,lightbox,1,31551,1,35304,0.57369,0.734324,0.206529,-0.298319,26.1742
lightbox/images/img003846.jpg,lightbox,0,40120,2,64501,-0.459243,0.0218687,0.699798,0.546718,90.6801
lightbox/images/img003848.jpg,lightbox,0,16661,1,50613,0.175274,0.801253,-0.525822,0.225352,147.835
lightbox/images/img003853.jpg,lightbox,2,30376,2,03370,-0.0712873,-0.0712873,0.760398,-0.641585,63.228
lightbox/images/img003867.jpg,lightbox,1,56422,1,47122,-0.184274,0.842397,-0.236924,0.447523,33.0208
lightbox/images/img003868.jpg,lightbox,0,41272,2,45121,-0.109976,-0.593873,0.703849,0.37392,158.751
lightbox/images/img003870.jpg,lightbox,0,75242,0,70751,0.826512,0.387427,0.232456,0.33577,21.05
lightbox/images/img003889.jpg,lightbox,3,15612,1,24527,-0.535303,0.8157,0.178434,-0.127453,79.0739
lightbox/images/img003893.jpg,lightbox,0,77246,1,75164,0.532639,0.681778,0.106528,0.490028,63.5101
lightbox/images/img003897.jpg,lightbox,3,61641,1,65111,-0.0275764,0.882444,0.0275764,0.468798,104.971
lightbox/images/img003900.jpg,lightbox,1,10223,1,12653,0.183261,0.837765,-0.130901,-0.497423,40.0293
lightbox/images/img003904.jpg,lightbox,3,00213,0,02627,0.666233,-0.603774,-0.0208198,-0.437215,146.047
lightbox/images/img003907.jpg,lightbox,0,70626,1,34536,0.36522,0.899004,0.196657,-0.140469,134.714
lightbox/images/img003922.jpg,lightbox,1,65217,1,65213,-0.231226,0.822136,0.282609,0.43676,4.089
lightbox/images/img003928.jpg,lightbox,1,75665,1,25346,-0.196039,0.896179,0.308062,-0.25205,131.258
lightbox/images/img003936.jpg,lightbox,3,10245,1,14557,0.328031,0.699798,-0.634192,-0.0218687,179.757
lightbox/images/img003944.jpg,lightbox,1,47671,3,30616,0.124573,0.27406,-0.523205,0.797264,85.8907
lightbox/images/img003946.jpg,lightbox,0,10744,1,25173,-0.0289278,0.925691,0.202495,-0.318206,161.321
lightbox/images/img003963.jpg,lightbox,0,06027,3,06777,-0.468798,-0.0275764,-0.0275764,0.882444,111.63
lightbox/images/img003970.jpg,lightbox,2,43303,1,25341,-0.141365,0.904735,0.254457,-0.311003,166.578
lightbox/images/img003973.jpg,lightbox,0,53201,0,35402,0.864234,0.459124,0.0810219,-0.189051,41.501
lightbox/images/img003976.jpg,lightbox,0,01252,3,65402,-0.345674,0.0691347,0.576123,0.737437,48.9595
lightbox/images/img003977.jpg,lightbox,1,35776,0,53530,0.703849,0.637864,-0.241948,0.197958,71.4504
lightbox/images/img003983.jpg,lightbox,3,35672,3,70306,0.2561,0.313011,0.0853666,0.910577,38.633
lightbox/images/img003995.jpg,lightbox,0,63253,1,16356,0.360694,0.887862,-0.138728,-0.249711,174.987
lightbox/images/img003997.jpg,lightbox,0,47225,0,61605,0.856767,-0.348062,0.240966,0.294514,42.5645
lightbox/images/img003998.jpg,lightbox,1,70303,1,16162,0.248946,0.88514,-0.248946,-0.304267,78.9643
lightbox/images/img004004.jpg,lightbox,1,14625,1,14622,0.0270864,0.866766,-0.46047,-0.189605,5.96197
lightbox/images/img004031.jpg,lightbox,1,25203,1,07072,-0.299715,0.871899,-0.245222,-0.299715,64.6394
lightbox/images/img004033.jpg,lightbox,1,42431,3,42537,-0.43676,-0.231226,0.282609,0.822136,158.809
lightbox/images/img004042.jpg,lightbox,2,50534,1,61365,-0.140469,0.899004,0.36522,0.196657,147.015
lightbox/images/img004047.jpg,lightbox,0,22642,1,27477,-0.222579,0.791391,0.568812,-0.024731,144.925
lightbox/images/img004053.jpg,lightbox,3,34567,1,70653,0.189605,0.866766,0.297951,0.352124,116.633
lightbox/images/img004055.jpg,lightbox,3,30274,1,02361,-0.447417,0.681778,-0.0639167,-0.57525,150.599
lightbox/images/img004058.jpg,lightbox,0,27747,0,34755,0.877124,0.411152,0.246691,-0.0274101,79.6075
lightbox/images/img004062.jpg,lightbox,2,72644,2,50633,0.184274,-0.447523,0.842397,0.236924,125.904
lightbox/images/img004076.jpg,lightbox,3,00555,1,31446,0.423547,0.797264,0.0747435,-0.423547,45.4868
lightbox/images/img004081.jpg,lightbox,1,56663,1,60651,-0.57369,0.734324,0.206529,0.298319,92.548
lightbox/images/img004088.jpg,lightbox,0,13437,3,40162,-0.490028,-0.532639,0.106528,0.681778,38.2453
lightbox/images/img004095.jpg,lightbox,2,71323,1,61775,-0.0265466,0.849491,0.345106,0.398199,118.148
lightbox/images/img004096.jpg,lightbox,0,33522,2,03046,-0.331862,-0.287613,0.707972,-0.553103,154.89
lightbox/images/img004099.jpg,lightbox,1,37645,1,34346,0.248946,0.88514,0.304267,-0.248946,50.006
lightbox/images/img004100.jpg,lightbox,2,70762,2,52142,0.249711,-0.360694,0.887862,0.138728,89.8608
lightbox/images/img004110.jpg,lightbox,3,64240,3,60343,-0.523205,0.27406,0.124573,0.797264,42.4677
lightbox/images/img004112.jpg,lightbox,2,45732,1,34345,0.304267,0.88514,0.248946,-0.248946,142.951
lightbox/images/img004121.jpg,lightbox,2,34520,2,16077,0.199189,-0.2561,0.910577,-0.2561,47.4247
lightbox/images/img004127.jpg,lightbox,2,43375,2,25556,-0.0928922,0.0928922,0.99085,-0.0309641,35.9352
lightbox/images/img004128.jpg,lightbox,3,74001,1,70555,0.390567,0.833209,0.0260378,0.390567,131.994
lightbox/images/img004131.jpg,lightbox,1,47356,1,74034,0.131991,0.844742,0.131991,0.501565,39.9359
lightbox/images/img004139.jpg,lightbox,0,25574,0,27564,0.822136,-0.179842,0.539527,-0.0256917,48.4465
lightbox/images/img004147.jpg,lightbox,3,63030,0,07075,0.88514,-0.248946,-0.304267,-0.248946,105.4
lightbox/images/img004152.jpg,lightbox,1,42656,1,25621,-0.346083,0.851896,0.346083,-0.186352,90.033
lightbox/images/img004159.jpg,lightbox,2,25604,2,14745,0.268773,-0.561979,0.781884,-0.0244339,125.356
lightbox/images/img004162.jpg,lightbox,3,34763,3,07376,-0.0898429,-0.0299476,-0.269529,0.958324,74.6755
lightbox/images/img004168.jpg,lightbox,3,06135,3,06175,-0.43676,-0.282609,-0.231226,0.822136,10.9103
lightbox/images/img004172.jpg,lightbox,0,16764,1,16164,0.248946,0.88514,-0.304267,-0.248946,119.514
lightbox/images/img004182.jpg,lightbox,3,25670,1,24117,-0.440261,0.828726,0.0776931,-0.33667,165.094
lightbox/images/img004185.jpg,lightbox,2,07073,2,16000,0.0260378,-0.390567,0.833209,-0.390567,33.8584
lightbox/images/img004186.jpg,lightbox,1,07271,1,07474,-0.309033,0.899004,-0.309033,-0.0280939,42.1775
lightbox/images/img004191.jpg,lightbox,0,71204,2,72151,0.379413,0.430001,0.809414,0.126471,85.8564
lightbox/images/img004192.jpg,lightbox,3,75634,2,35056,0.532542,0.0760775,0.811493,-0.228232,113.144
lightbox/images/img004198.jpg,lightbox,1,43475,1,12652,0.131991,0.844742,-0.131991,-0.501565,115.361
lightbox/images/img004210.jpg,lightbox,3,57311,2,53265,0.500173,-0.0789747,0.842397,0.184274,82.8713
lightbox/images/img004237.jpg,lightbox,3,25551,3,25526,-0.206689,0.206689,-0.147635,0.944862,32.6743
lightbox/images/img004238.jpg,lightbox,3,52337,3,42377,-0.46047,-0.0270864,0.189605,0.866766,106.154
lightbox/images/img004243.jpg,lightbox,3,32204,3,03106,-0.153375,-0.284839,-0.635409,0.701141,93.4567
lightbox/images/img004251.jpg,lightbox,3,06755,3,07471,-0.2561,-0.313011,-0.0853666,0.910577,28.8296
lightbox/images/img004260.jpg,lightbox,3,36606,3,27373,-0.0217855,0.675351,-0.239641,0.697136,18.1166
lightbox/images/img004264.jpg,lightbox,1,51641,1,34266,0.0274101,0.877124,0.411152,-0.246691,139.093
lightbox/images/img004265.jpg,lightbox,3,02552,1,06333,-0.433341,0.8157,-0.0254906,-0.38236,141.673
lightbox/images/img004267.jpg,lightbox,0,70105,0,27472,0.780024,-0.268133,0.560642,-0.0731272,99.9795
lightbox/images/img004274.jpg,lightbox,3,65224,1,02573,-0.405798,0.763856,-0.214834,-0.453539,175.513
lightbox/images/img004277.jpg,lightbox,2,25123,2,25053,-0.2561,0.0853666,0.910577,-0.313011,18.4274
lightbox/images/img004278.jpg,lightbox,3,61501,1,52755,0.384363,0.819974,-0.179369,0.384363,147.89
lightbox/images/img004281.jpg,lightbox,1,61272,1,61611,-0.252845,0.899004,0.252845,0.252845,25.4872
lightbox/images/img004282.jpg,lightbox,1,70753,1,06331,-0.432219,0.813589,-0.0762739,-0.38137,137.045
lightbox/images/img004288.jpg,lightbox,2,64065,1,61475,-0.244497,0.869321,0.135831,0.407494,119.8
lightbox/images/img004296.jpg,lightbox,1,62762,1,25251,-0.248946,0.88514,0.248946,-0.304267,86.4789
lightbox/images/img004297.jpg,lightbox,0,01567,1,07447,-0.352124,0.866766,-0.352124,-0.0270864,161.781
lightbox/images/img004300.jpg,lightbox,0,65575,1,52421,0.0853666,0.910577,-0.313011,0.2561,156.995
lightbox/images/img004306.jpg,lightbox,3,67017,1,07237,-0.25205,0.896179,-0.0280056,-0.364073,160.138
lightbox/images/img004308.jpg,lightbox,1,22445,1,43571,-0.0275764,0.882444,-0.30334,0.358493,137.956
lightbox/images/img004316.jpg,lightbox,2,52135,1,61627,-0.331378,0.8157,0.38236,0.280397,176.713
lightbox/images/img004324.jpg,lightbox,1,14711,1,61347,-0.143208,0.916533,0.315058,0.200492,126.75
lightbox/images/img004327.jpg,lightbox,3,63444,1,06517,-0.437917,0.824315,-0.334878,-0.128799,148.28
lightbox/images/img004336.jpg,lightbox,1,70475,1,74427,0.0704956,0.751953,0.16449,0.63446,33.0836
lightbox/images/img004337.jpg,lightbox,0,21436,3,03662,-0.373718,-0.0249145,-0.473376,0.797264,75.7742
lightbox/images/img004362.jpg,lightbox,2,21553,1,35212,0.493469,0.751953,0.258484,-0.352478,123.942
lightbox/images/img004399.jpg,lightbox,1,66124,1,56205,0.0789747,0.842397,-0.184274,0.500173,99.3969
lightbox/images/img004402.jpg,lightbox,2,52331,1,72413,0.179842,0.822136,0.488143,0.231226,124.256
lightbox/images/img004412.jpg,lightbox,1,65657,1,65205,-0.321503,0.791391,0.222579,0.469888,28.9858
lightbox/images/img004417.jpg,lightbox,0,25656,0,27461,0.789462,-0.320719,0.518084,-0.0740121,29.3548
lightbox/images/img004419.jpg,lightbox,3,51517,1,62146,-0.51912,0.722254,0.428838,0.157993,118.173
lightbox/images/img004421.jpg,lightbox,1,25275,1,25671,-0.251263,0.893381,0.362936,-0.0837545,18.6569
lightbox/images/img004436.jpg,lightbox,2,36125,2,16041,0.0807866,-0.403933,0.861723,-0.296217,110.254
lightbox/images/img004437.jpg,lightbox,0,30361,1,07447,-0.352124,0.866766,-0.352124,-0.0270864,166.909
lightbox/images/img004451.jpg,lightbox,3,24762,1,45223,-0.308911,0.760398,-0.403961,0.403961,81.9388
lightbox/images/img004458.jpg,lightbox,3,07147,1,07067,-0.353162,0.869321,-0.244497,-0.244497,133.307
lightbox/images/img004464.jpg,lightbox,2,14340,1,41716,-0.0751175,0.801253,-0.525822,0.275431,42.9481
lightbox/images/img004472.jpg,lightbox,1,24033,1,43463,-0.342224,0.842397,-0.236924,0.342224,99.5583
lightbox/images/img004477.jpg,lightbox,1,07567,1,61353,-0.0292228,0.935129,0.321451,0.146114,71.5316
lightbox/images/img004478.jpg,lightbox,0,57206,3,52743,0.300609,-0.136641,0.355266,0.8745,114.664
lightbox/images/img004483.jpg,lightbox,2,25434,2,25421,-0.36522,0.140469,0.899004,-0.196657,9.14037
lightbox/images/img004487.jpg,lightbox,0,56533,0,52573,0.826512,0.387427,-0.232456,0.33577,30.1589
lightbox/images/img004488.jpg,lightbox,2,07001,2,07051,-0.23627,-0.393784,0.840072,-0.288775,16.0497
lightbox/images/img004494.jpg,lightbox,3,47341,1,71460,0.437917,0.824315,0.128799,0.334878,166.501
lightbox/images/img004508.jpg,lightbox,0,14157,2,17207,0.478148,-0.125828,0.805302,-0.327154,163.884
lightbox/images/img004510.jpg,lightbox,0,27171,1,70754,0.33577,0.826512,0.232456,0.387427,147.466
lightbox/images/img004511.jpg,lightbox,2,53425,2,52503,0.294514,-0.348062,0.856767,0.240966,21.9229
lightbox/images/img004520.jpg,lightbox,1,50251,2,14620,0.0263982,-0.501565,0.844742,-0.184787,51.9373
lightbox/images/img004526.jpg,lightbox,3,75012,1,52516,0.337577,0.830959,-0.337577,0.285642,145.906
lightbox/images/img004534.jpg,lightbox,1,50606,1,41126,-0.169426,0.774521,-0.605095,0.0726113,36.301
lightbox/images/img004540.jpg,lightbox,0,37456,1,06053,-0.567742,0.72671,-0.295226,-0.249807,156.421
lightbox/images/img004561.jpg,lightbox,3,52010,2,52521,0.299715,-0.299715,0.871899,0.245222,130.775
lightbox/images/img004572.jpg,lightbox,2,16743,1,74102,0.240278,0.854321,0.0800926,0.453858,179.768
lightbox/images/img004578.jpg,lightbox,0,60663,1,65526,-0.162703,0.743784,0.162703,0.627568,138.623
lightbox/images/img004579.jpg,lightbox,0,03263,0,70474,0.887862,0.138728,0.138728,0.416185,137.554
lightbox/images/img004580.jpg,lightbox,3,33335,2,00763,-0.45663,-0.369653,0.695817,-0.413141,31.114
lightbox/images/img004581.jpg,lightbox,1,61127,1,41372,-0.0817405,0.871899,-0.463196,0.136234,76.956
lightbox/images/img004607.jpg,lightbox,1,05430,1,50413,0.156721,0.716438,-0.649272,0.201498,61.588
lightbox/images/img004613.jpg,lightbox,3,43526,1,71464,0.430001,0.809414,0.126471,0.379413,170.053
lightbox/images/img004617.jpg,lightbox,0,35056,1,63151,-0.0273281,0.8745,0.464578,0.136641,127.296
lightbox/images/img004626.jpg,lightbox,3,36062,3,27307,-0.113315,0.6119,-0.294619,0.725215,18.3304
lightbox/images/img004627.jpg,lightbox,0,11163,2,71650,0.507093,0.217325,0.772712,0.313914,168.367
lightbox/images/img004633.jpg,lightbox,0,63473,1,52554,0.320719,0.789462,-0.37006,0.37006,178.123
lightbox/images/img004636.jpg,lightbox,3,74647,1,52536,0.348062,0.856767,-0.240966,0.294514,148.097
lightbox/images/img004654.jpg,lightbox,1,73106,1,35743,0.622212,0.737437,0.253494,-0.0691347,29.1105
lightbox/images/img004657.jpg,lightbox,3,52233,1,70623,0.0819844,0.8745,0.409922,0.245953,151.209
lightbox/images/img004660.jpg,lightbox,2,14345,1,20125,-0.434959,0.662794,0.103562,-0.600657,147.69
lightbox/images/img004664.jpg,lightbox,1,60740,1,02476,-0.585988,0.694504,-0.195329,-0.368955,89.7297
lightbox/images/img004672.jpg,lightbox,0,42637,1,61621,-0.342224,0.842397,0.342224,0.236924,90.6789
lightbox/images/img004688.jpg,lightbox,3,40714,3,72002,0.0268511,0.510171,0.0268511,0.859235,138.317
lightbox/images/img004698.jpg,lightbox,2,35540,1,50464,0.022479,0.719328,-0.606933,0.337185,123.226
lightbox/images/img004704.jpg,lightbox,0,03202,1,12641,0.0789747,0.842397,-0.184274,-0.500173,165.292
lightbox/images/img004710.jpg,lightbox,2,57307,1,30571,0.370965,0.791391,0.123655,-0.469888,177.563
lightbox/images/img004713.jpg,lightbox,2,51211,1,14002,0.0218687,0.699798,-0.634192,-0.328031,74.5486
lightbox/images/img004719.jpg,lightbox,2,30463,2,05266,-0.372793,-0.422499,0.795292,-0.223676,94.9532
lightbox/images/img004727.jpg,lightbox,3,25210,1,25341,-0.141365,0.904735,0.254457,-0.311003,169.441
lightbox/images/img004737.jpg,lightbox,3,13552,1,20443,-0.613422,0.676879,0.0634574,-0.401897,67.7052
lightbox/images/img004740.jpg,lightbox,0,31216,3,03663,-0.329669,-0.0253592,-0.481824,0.811493,70.2385
lightbox/images/img004743.jpg,lightbox,3,56272,0,17066,0.833209,0.442642,-0.23434,-0.23434,156.014
lightbox/images/img004749.jpg,lightbox,3,27132,1,25243,-0.343176,0.844742,0.29038,-0.29038,162.4
lightbox/images/img004752.jpg,lightbox,1,54625,1,30660,0.0253592,0.811493,0.329669,-0.481824,163.929
lightbox/images/img004773.jpg,lightbox,1,60316,1,02434,-0.561162,0.665081,-0.228622,-0.436459,86.1006
lightbox/images/img004774.jpg,lightbox,0,36070,1,34345,0.304267,0.88514,0.248946,-0.248946,110.502
lightbox/images/img004777.jpg,lightbox,1,06313,1,67125,-0.116216,0.743784,0.488108,0.441622,127.517
lightbox/images/img004778.jpg,lightbox,0,47306,3,03676,-0.29038,-0.0263982,-0.448769,0.844742,151.449
lightbox/images/img004781.jpg,lightbox,3,63265,1,65500,-0.169825,0.776342,0.0242607,0.606517,27.4975
lightbox/images/img004785.jpg,lightbox,1,51306,1,55036,0.424178,0.646366,-0.504973,0.38378,41.3156
lightbox/images/img004799.jpg,lightbox,0,26574,1,04333,-0.397722,0.748653,-0.397722,-0.350931,68.8498
lightbox/images/img004802.jpg,lightbox,1,15464,1,56017,0.174836,0.799251,-0.324696,0.474555,67.9681
lightbox/images/img004804.jpg,lightbox,1,55573,2,00344,-0.442063,-0.442063,0.615044,-0.480503,28.5353
lightbox/images/img004812.jpg,lightbox,0,32566,1,32441,0.0731272,0.780024,0.414388,-0.463139,103.899
lightbox/images/img004818.jpg,lightbox,3,34663,1,65105,-0.133109,0.851896,0.0266217,0.505813,71.172
lightbox/images/img004822.jpg,lightbox,0,60531,0,60376,0.785646,-0.466477,0.368271,0.17186,29.262
lightbox/images/img004829.jpg,lightbox,3,46061,2,45526,-0.14209,-0.507464,0.649554,0.548061,67.8695
lightbox/images/img004831.jpg,lightbox,2,70723,1,70521,0.311003,0.904735,0.141365,0.254457,104.27
lightbox/images/img004840.jpg,lightbox,3,53027,1,61615,-0.248946,0.88514,0.248946,0.304267,172.734
lightbox/images/img004841.jpg,lightbox,3,24376,1,21646,-0.368271,0.785646,0.270066,-0.417374,174.013
lightbox/images/img004845.jpg,lightbox,1,06674,1,65422,-0.342059,0.729727,0.159628,0.570099,81.5712
lightbox/images/img004848.jpg,lightbox,1,71127,1,71270,0.51558,0.785646,0.319169,0.122757,24.8859
lightbox/images/img004866.jpg,lightbox,3,16756,3,03277,-0.216319,-0.0240354,-0.600885,0.769133,96.972
lightbox/images/img004870.jpg,lightbox,0,65721,0,42773,0.830959,-0.441447,-0.0259675,0.337577,60.7873
lightbox/images/img004872.jpg,lightbox,2,13460,1,25216,-0.29038,0.844742,0.29038,-0.343176,177.884
lightbox/images/img004875.jpg,lightbox,2,40466,2,07406,-0.394874,-0.342224,0.842397,-0.131625,60.9026
lightbox/images/img004878.jpg,lightbox,2,32503,1,30545,0.29038,0.844742,0.0263982,-0.448769,94.249
lightbox/images/img004883.jpg,lightbox,3,34164,3,03666,-0.38236,-0.0254906,-0.433341,0.8157,81.5635
lightbox/images/img004895.jpg,lightbox,3,67113,2,61607,-0.343176,0.29038,0.844742,0.29038,84.9744
lightbox/images/img004905.jpg,lightbox,2,40703,1,50467,0.0691347,0.737437,-0.576123,0.345674,88.5635
lightbox/images/img004921.jpg,lightbox,0,71626,0,71106,0.783758,0.612311,0.0734773,0.0734773,45.7395
lightbox/images/img004927.jpg,lightbox,0,74305,3,07606,-0.416185,-0.138728,-0.138728,0.887862,177.127
lightbox/images/img004928.jpg,lightbox,3,17605,1,25253,-0.245222,0.871899,0.299715,-0.299715,111.775
lightbox/images/img004933.jpg,lightbox,1,15362,1,12523,0.262575,0.763856,-0.214834,-0.549021,52.8823
lightbox/images/img004937.jpg,lightbox,1,63033,1,61236,-0.296217,0.861723,0.403933,0.0807866,24.8921
lightbox/images/img004940.jpg,lightbox,3,41014,3,14255,0.17063,-0.560642,-0.219382,0.780024,59.9275
lightbox/images/img004950.jpg,lightbox,2,64346,1,64552,-0.401897,0.676879,0.0634574,0.613422,91.4106
lightbox/images/img004967.jpg,lightbox,0,11666,2,17553,0.666551,-0.279521,0.688053,-0.0645049,162.415
lightbox/images/img004971.jpg,lightbox,0,75133,0,53703,0.742182,0.626216,-0.115966,0.208739,34.2705
lightbox/images/img004973.jpg,lightbox,3,61613,1,65302,-0.181772,0.830959,0.285642,0.441447,79.5421
lightbox/images/img004974.jpg,lightbox,2,21162,1,34356,0.348062,0.856767,0.294514,-0.240966,126.838
lightbox/images/img004979.jpg,lightbox,2,71546,1,61511,-0.0300557,0.961781,0.0300557,0.270501,160.662
lightbox/images/img004980.jpg,lightbox,2,24105,2,20542,-0.524491,0.0684119,0.729727,-0.433275,12.6164
lightbox/images/img004990.jpg,lightbox,1,16547,1,07551,-0.028183,0.901856,-0.422745,-0.084549,37.0852
lightbox/images/img004993.jpg,lightbox,2,61501,2,61522,-0.20182,0.20182,0.922608,0.259483,24.3185
lightbox/images/img004999.jpg,lightbox,1,02461,0,60556,0.795292,-0.472205,0.0745586,0.372793,34.9951
lightbox/images/img005001.jpg,lightbox,3,52354,1,06341,-0.51935,0.791391,-0.173117,-0.272041,103.404
lightbox/images/img005008.jpg,lightbox,3,27766,1,47706,-0.163768,0.748653,-0.116977,0.631676,17.901
lightbox/images/img005015.jpg,lightbox,3,03620,1,02033,-0.481929,0.616869,-0.173494,-0.597592,155.423
lightbox/images/img005016.jpg,lightbox,1,21611,2,15342,0.531674,-0.446606,0.680543,-0.233937,159.576
lightbox/images/img005023.jpg,lightbox,3,52270,1,52176,0.357407,0.879772,-0.247436,0.19245,169.808
lightbox/images/img005026.jpg,lightbox,2,50673,1,52254,0.147635,0.944862,-0.206689,0.206689,123.119
lightbox/images/img005038.jpg,lightbox,0,06611,0,06163,0.783758,-0.514341,-0.220432,-0.269417,16.3543
lightbox/images/img005058.jpg,lightbox,3,63725,1,63603,-0.290471,0.715006,0.603286,0.201095,77.7979
lightbox/images/img005059.jpg,lightbox,2,25761,1,70614,0.141365,0.904735,0.254457,0.311003,116.289
lightbox/images/img005084.jpg,lightbox,2,52477,2,16056,0.138728,-0.360694,0.887862,-0.249711,75.3218
lightbox/images/img005085.jpg,lightbox,1,34277,2,07530,-0.0864945,-0.317146,0.922608,-0.20182,166.008
lightbox/images/img005088.jpg,lightbox,3,25106,3,16606,0.0304997,-0.152499,-0.152499,0.975991,44.7797
lightbox/images/img005105.jpg,lightbox,1,50134,1,07156,-0.0837545,0.893381,-0.362936,-0.251263,68.583
lightbox/images/img005106.jpg,lightbox,0,55326,0,35207,0.781884,0.464244,0.268773,-0.317641,114.227
lightbox/images/img005114.jpg,lightbox,3,05311,1,70554,0.345106,0.849491,0.0265466,0.398199,161.4
lightbox/images/img005124.jpg,lightbox,3,16776,3,42375,-0.459124,-0.0810219,0.189051,0.864234,101.877
lightbox/images/img005125.jpg,lightbox,0,67510,2,67401,-0.283212,0.370354,0.697136,0.544638,138.566
lightbox/images/img005137.jpg,lightbox,2,13405,2,16551,0.389512,-0.389512,0.830959,-0.0779024,46.5138
lightbox/images/img005147.jpg,lightbox,3,63724,1,65530,-0.0731272,0.780024,0.121879,0.609394,25.1084
lightbox/images/img005151.jpg,lightbox,3,36162,1,30454,0.136641,0.8745,0.0273281,-0.464578,161.941
lightbox/images/img005156.jpg,lightbox,1,16626,1,25146,-0.205262,0.93834,0.0879694,-0.263908,29.9003
lightbox/images/img005163.jpg,lightbox,1,74067,1,74505,0.254034,0.739008,0.023094,0.623538,30.2446
lightbox/images/img005164.jpg,lightbox,3,61243,1,07241,-0.352124,0.866766,-0.189605,-0.297951,166.835
lightbox/images/img005166.jpg,lightbox,0,16510,0,70703,0.871899,0.299715,0.299715,0.245222,96.6218
lightbox/images/img005174.jpg,lightbox,2,13360,1,15344,0.525995,0.673274,-0.483916,-0.189358,178.48
lightbox/images/img005183.jpg,lightbox,2,47147,1,61561,-0.141819,0.907642,0.141819,0.368729,174.494
lightbox/images/img005186.jpg,lightbox,2,44376,2,17056,0.507093,-0.313914,0.772712,-0.217325,142.797
lightbox/images/img005192.jpg,lightbox,1,71270,2,53016,0.518084,-0.320719,0.789462,0.0740121,149.589
lightbox/images/img005196.jpg,lightbox,3,34051,1,34607,0.0873704,0.931951,0.320358,-0.145617,158.844
lightbox/images/img005198.jpg,lightbox,0,65166,0,60721,0.772712,-0.507093,0.313914,0.217325,61.1891
lightbox/images/img005202.jpg,lightbox,2,30760,1,53016,0.518084,0.789462,-0.320719,0.0740121,168.689
lightbox/images/img005213.jpg,lightbox,2,37202,2,36537,0.353259,0.541664,0.753619,-0.117753,22.7132
lightbox/images/img005220.jpg,lightbox,0,42525,1,44333,-0.390934,0.735875,-0.390934,0.390934,123.156
lightbox/images/img005221.jpg,lightbox,1,41606,1,07441,-0.344137,0.847106,-0.397081,-0.0794162,43.1692
lightbox/images/img005232.jpg,lightbox,0,25011,1,45124,-0.150512,0.688053,-0.580544,0.408531,120.833
lightbox/images/img005233.jpg,lightbox,3,16057,3,15266,0.414388,-0.414388,-0.219382,0.780024,30.4199
lightbox/images/img005239.jpg,lightbox,3,43172,1,43653,-0.249711,0.887862,-0.138728,0.360694,167.431
lightbox/images/img005244.jpg,lightbox,0,37466,1,31452,0.490232,0.74702,0.0700331,-0.443543,87.8209
lightbox/images/img005253.jpg,lightbox,1,63731,1,52012,0.143208,0.916533,-0.372342,0.0286417,127.862
lightbox/images/img005270.jpg,lightbox,0,63002,1,02465,-0.608005,0.670902,-0.230623,-0.356417,62.2315
lightbox/images/img005271.jpg,lightbox,1,43215,1,07645,-0.368729,0.907642,-0.198547,-0.0283638,17.1625
lightbox/images/img005273.jpg,lightbox,0,07014,0,05266,0.795292,-0.372793,-0.422499,-0.223676,16.8033
lightbox/images/img005274.jpg,lightbox,1,03113,1,24357,-0.43676,0.822136,0.282609,-0.231226,98.0857
lightbox/images/img005281.jpg,lightbox,0,35456,1,70173,0.412393,0.879772,0.19245,0.137464,67.923
lightbox/images/img005289.jpg,lightbox,2,25730,2,27550,-0.0822304,0.465972,0.877124,-0.0822304,13.6428
lightbox/images/img005290.jpg,lightbox,1,43264,1,41362,-0.187958,0.859235,-0.456468,0.134255,53.7604
lightbox/images/img005305.jpg,lightbox,0,03430,3,61407,-0.357407,0.0824786,0.302422,0.879772,65.9188
lightbox/images/img005311.jpg,lightbox,0,53330,0,53166,0.758686,0.592723,-0.21338,0.165963,23.6913
lightbox/images/img005314.jpg,lightbox,1,34225,1,07057,-0.244497,0.869321,-0.353162,-0.244497,92.7907
lightbox/images/img005315.jpg,lightbox,3,64053,2,07655,-0.26482,-0.205971,0.941584,-0.0294245,112.664
lightbox/images/img005320.jpg,lightbox,3,16106,1,21471,-0.233079,0.828726,0.129488,-0.492056,75.0852
lightbox/images/img005327.jpg,lightbox,0,31770,2,31144,0.524142,0.0209657,0.670902,-0.524142,82.9879
lightbox/images/img005335.jpg,lightbox,3,70042,3,52526,0.248946,-0.248946,0.304267,0.88514,55.5039
lightbox/images/img005337.jpg,lightbox,1,14631,1,25346,-0.196039,0.896179,0.308062,-0.25205,107.01
lightbox/images/img005341.jpg,lightbox,0,34542,1,43566,-0.188502,0.861723,-0.24236,0.403933,177.815
lightbox/images/img005345.jpg,lightbox,2,14277,2,07570,-0.0879694,-0.322554,0.93834,-0.0879694,39.6963
lightbox/images/img005367.jpg,lightbox,2,07752,2,70023,0.0911606,0.212708,0.972379,0.0303869,47.8855
lightbox/images/img005376.jpg,lightbox,1,27545,1,27456,-0.283358,0.824315,0.489437,-0.0257599,16.9376
lightbox/images/img005389.jpg,lightbox,0,76056,2,71435,0.557996,0.121303,0.776342,0.266868,52.6355
lightbox/images/img005394.jpg,lightbox,1,60571,1,65051,-0.228822,0.813589,0.0254246,0.533917,38.5444
lightbox/images/img005396.jpg,lightbox,0,54340,3,30746,0.231226,0.282609,-0.43676,0.822136,69.4176
lightbox/images/img005401.jpg,lightbox,0,52313,3,34103,0.296217,0.0807866,-0.403933,0.861723,135.918
lightbox/images/img005404.jpg,lightbox,2,57750,1,56122,0.23434,0.833209,-0.23434,0.442642,168.003
lightbox/images/img005410.jpg,lightbox,0,63315,2,05263,-0.324696,-0.424602,0.799251,-0.274743,153.867
lightbox/images/img005428.jpg,lightbox,0,20335,2,05621,-0.324696,-0.474555,0.799251,-0.174836,147.806
lightbox/images/img005430.jpg,lightbox,2,26574,1,65206,-0.360531,0.769133,0.264389,0.456673,85.1721
lightbox/images/img005431.jpg,lightbox,1,76217,1,72411,0.184274,0.842397,0.447523,0.236924,32.5353
lightbox/images/img005444.jpg,lightbox,2,25564,2,61100,-0.213498,0.0304997,0.975991,0.0304997,15.6456
lightbox/images/img005451.jpg,lightbox,0,03360,3,61225,-0.351095,0.351095,0.0810219,0.864234,56.4988
lightbox/images/img005481.jpg,lightbox,2,15223,1,74201,0.0800926,0.854321,0.240278,0.453858,147.75
lightbox/images/img005482.jpg,lightbox,0,11021,1,75166,0.529761,0.678094,0.148333,0.48738,158.769
lightbox/images/img005484.jpg,lightbox,2,22755,1,43476,-0.288775,0.840072,-0.23627,0.393784,151.728
lightbox/images/img005492.jpg,lightbox,0,00533,1,65313,-0.0263982,0.844742,0.29038,0.448769,95.7713
lightbox/images/img005495.jpg,lightbox,1,53253,1,53666,0.433341,0.8157,-0.0254906,0.38236,36.0995
lightbox/images/img005498.jpg,lightbox,2,50267,2,27552,-0.0800926,0.507253,0.854321,-0.0800926,120.138
lightbox/images/img005517.jpg,lightbox,2,63750,1,07436,-0.311003,0.904735,-0.254457,-0.141365,143.794
lightbox/images/img005519.jpg,lightbox,2,13013,1,13412,0.451535,0.688053,-0.279521,-0.494538,162.181
lightbox/images/img005525.jpg,lightbox,0,10703,2,16446,0.0289278,-0.376062,0.925691,-0.0289278,123.831
lightbox/images/img005530.jpg,lightbox,3,42215,3,50275,0.181772,-0.493382,0.181772,0.830959,101.475
lightbox/images/img005538.jpg,lightbox,0,72364,2,16573,0.409922,-0.245953,0.8745,-0.0819844,74.2197
lightbox/images/img005563.jpg,lightbox,2,35257,0,34711,0.861723,0.403933,0.24236,-0.188502,73.476
lightbox/images/img005566.jpg,lightbox,2,16210,2,07136,-0.0837545,-0.251263,0.893381,-0.362936,25.7196
lightbox/images/img005570.jpg,lightbox,3,03040,1,05661,-0.328824,0.809414,-0.480589,-0.0758825,169.752
lightbox/images/img005572.jpg,lightbox,2,45707,1,06724,-0.57735,0.80327,-0.0753066,-0.125511,131.563
lightbox/images/img005576.jpg,lightbox,0,43231,1,65525,-0.117753,0.753619,0.117753,0.635866,144.224
lightbox/images/img005577.jpg,lightbox,0,53714,1,53166,0.592723,0.758686,-0.21338,0.165963,20.3421
lightbox/images/img005578.jpg,lightbox,1,65425,1,65650,-0.241948,0.703849,0.197958,0.637864,13.558
lightbox/images/img005586.jpg,lightbox,1,40326,1,65303,-0.130901,0.837765,0.287982,0.445063,106.495
lightbox/images/img005599.jpg,lightbox,3,03777,1,21146,-0.169426,0.774521,0.0726113,-0.605095,106.718
lightbox/images/img005603.jpg,lightbox,0,56230,0,12674,0.871899,0.136234,-0.0817405,-0.463196,108.18
lightbox/images/img005609.jpg,lightbox,2,72140,2,43152,-0.0856444,-0.371126,0.91354,0.142741,104.975
lightbox/images/img005620.jpg,lightbox,2,55237,2,63514,-0.0789747,0.447523,0.842397,0.289574,120.657
lightbox/images/img005627.jpg,lightbox,1,46333,1,20565,-0.497888,0.758686,0.118545,-0.403052,98.5002
lightbox/images/img005646.jpg,lightbox,3,74207,2,74221,0.0776931,0.33667,0.828726,0.440261,62.1027
lightbox/images/img005651.jpg,lightbox,0,61270,1,12547,0.274743,0.799251,-0.324696,-0.424602,160.476
lightbox/images/img005655.jpg,lightbox,0,24570,1,25041,-0.358493,0.882444,0.0275764,-0.30334,88.7085
lightbox/images/img005662.jpg,lightbox,0,70725,2,25611,-0.2561,0.2561,0.910577,-0.199189,164.631
lightbox/images/img005667.jpg,lightbox,2,75360,2,07057,-0.244497,-0.353162,0.869321,-0.244497,149.831
lightbox/images/img005668.jpg,lightbox,2,50727,1,07412,-0.297951,0.866766,-0.352124,-0.189605,73.0908
lightbox/images/img005675.jpg,lightbox,0,76123,0,27447,0.811493,-0.329669,0.481824,-0.0253592,82.6216
lightbox/images/img005677.jpg,lightbox,1,30472,1,32500,0.205236,0.729727,0.387667,-0.524491,27.0599
lightbox/images/img005682.jpg,lightbox,1,07460,1,07465,-0.358493,0.882444,-0.30334,-0.0275764,11.8741
lightbox/images/img005692.jpg,lightbox,3,65213,1,56121,0.278951,0.811493,-0.278951,0.431106,133.4
lightbox/images/img005699.jpg,lightbox,1,06445,1,25346,-0.196039,0.896179,0.308062,-0.25205,99.3785
lightbox/images/img005705.jpg,lightbox,3,06713,1,43475,-0.23627,0.840072,-0.288775,0.393784,137.127
lightbox/images/img005709.jpg,lightbox,3,33402,3,50325,0.282609,-0.488143,0.0770752,0.822136,128.933
lightbox/images/img005736.jpg,lightbox,0,05325,0,07071,0.871899,-0.245222,-0.299715,-0.299715,27.3079
lightbox/images/img005737.jpg,lightbox,3,25146,2,07154,-0.0819844,-0.409922,0.8745,-0.245953,118.494
lightbox/images/img005747.jpg,lightbox,0,76027,2,71257,0.554096,0.265003,0.770916,0.168638,52.8309
lightbox/images/img005754.jpg,lightbox,0,07441,1,13745,0.590455,0.699798,-0.153081,-0.371768,141.532
lightbox/images/img005776.jpg,lightbox,0,52764,1,74123,0.285642,0.830959,0.181772,0.441447,104.122
lightbox/images/img005777.jpg,lightbox,2,76453,1,56123,0.282609,0.822136,-0.231226,0.43676,123.025
lightbox/images/img005779.jpg,lightbox,2,40714,2,41206,-0.36391,-0.509475,0.776342,0.0727821,20.5456
lightbox/images/img005781.jpg,lightbox,3,30324,2,03214,-0.243843,-0.155173,0.709362,-0.642859,18.8783
lightbox/images/img005796.jpg,lightbox,0,07576,1,14367,0.282609,0.822136,-0.43676,-0.231226,143.427
lightbox/images/img005800.jpg,lightbox,0,42377,0,25212,0.828726,-0.284875,0.284875,-0.388465,82.2719
lightbox/images/img005801.jpg,lightbox,0,43603,3,25502,-0.208145,0.0892052,-0.208145,0.951522,174.43
lightbox/images/img005811.jpg,lightbox,1,70505,1,52471,0.189605,0.866766,-0.297951,0.352124,40.3039
lightbox/images/img005817.jpg,lightbox,2,40203,1,50667,0.0762739,0.813589,-0.432219,0.38137,96.6503
lightbox/images/img005819.jpg,lightbox,2,52225,2,43153,-0.0286417,-0.372342,0.916533,0.143208,34.9592
lightbox/images/img005825.jpg,lightbox,0,35625,2,07601,-0.36181,-0.194821,0.890609,-0.194821,171.391
lightbox/images/img005840.jpg,lightbox,0,43475,0,25025,0.859235,-0.349064,0.134255,-0.349064,103.957
lightbox/images/img005853.jpg,lightbox,3,65125,3,65522,-0.167476,0.167476,0.598127,0.765603,15.8959
lightbox/images/img005859.jpg,lightbox,2,65356,1,61245,-0.357407,0.879772,0.247436,0.19245,112.299
lightbox/images/img005861.jpg,lightbox,3,16607,3,05366,-0.184274,-0.447523,-0.236924,0.842397,48.0576
lightbox/images/img005863.jpg,lightbox,2,31545,2,13046,0.370354,-0.283212,0.697136,-0.544638,46.8138
lightbox/images/img005867.jpg,lightbox,1,55201,2,07012,-0.280397,-0.331378,0.8157,-0.38236,55.5746
lightbox/images/img005885.jpg,lightbox,1,03636,1,74202,0.0263982,0.844742,0.29038,0.448769,129.184
lightbox/images/img005890.jpg,lightbox,3,73401,1,55226,0.383697,0.722254,-0.383697,0.428838,90.5054
lightbox/images/img005898.jpg,lightbox,0,71765,1,52566,0.239596,0.851896,-0.239596,0.399326,88.4876
lightbox/images/img005900.jpg,lightbox,0,46010,1,20653,-0.541562,0.6932,0.238287,-0.411587,22.1288
lightbox/images/img005906.jpg,lightbox,0,70317,1,16357,0.407494,0.869321,-0.135831,-0.244497,101.537
lightbox/images/img005913.jpg,lightbox,1,55377,1,35006,0.440261,0.828726,0.0776931,-0.33667,106.526
lightbox/images/img005918.jpg,lightbox,2,42461,1,70665,0.0794162,0.847106,0.344137,0.397081,169.366
lightbox/images/img005930.jpg,lightbox,1,12366,1,34303,0.284875,0.828726,0.284875,-0.388465,44.5192
lightbox/images/img005936.jpg,lightbox,0,25032,2,61755,-0.0274101,0.246691,0.877124,0.411152,168.637
lightbox/images/img005940.jpg,lightbox,1,43640,1,52451,0.182761,0.835478,-0.39163,0.339413,71.8929
lightbox/images/img005946.jpg,lightbox,0,25037,1,12533,0.347898,0.742182,-0.208739,-0.533443,145.792
lightbox/images/img005957.jpg,lightbox,0,70152,3,07076,-0.304267,-0.248946,-0.248946,0.88514,145.539
lightbox/images/img005961.jpg,lightbox,3,33620,3,01212,-0.217961,-0.416107,-0.614253,0.634068,136.432
lightbox/images/img005977.jpg,lightbox,3,70164,1,61475,-0.244497,0.869321,0.135831,0.407494,126.945
lightbox/images/img005999.jpg,lightbox,3,45133,2,71406,0.447523,0.0789747,0.842397,0.289574,121.919
lightbox/images/img006002.jpg,lightbox,3,41421,1,41461,-0.284293,0.699798,-0.590455,0.284293,149.647
lightbox/images/img006007.jpg,lightbox,2,25446,2,16515,0.387427,-0.387427,0.826512,-0.129142,113.012
lightbox/images/img006016.jpg,lightbox,0,26210,2,13520,0.521399,-0.229416,0.667391,-0.479687,48.506
lightbox/images/img006048.jpg,lightbox,3,63201,0,07004,0.789462,-0.37006,-0.37006,-0.320719,90.637
lightbox/images/img006054.jpg,lightbox,0,21657,0,25072,0.882444,-0.30334,0.193035,-0.30334,23.0847
lightbox/images/img006055.jpg,lightbox,3,72445,1,52571,0.38236,0.8157,-0.280397,0.331378,115.34
lightbox/images/img006058.jpg,lightbox,3,34375,1,34343,0.295362,0.859235,0.295362,-0.295362,171.058
lightbox/images/img006061.jpg,lightbox,0,16726,3,12373,0.337185,-0.022479,-0.606933,0.719328,151.818
lightbox/images/img006062.jpg,lightbox,0,50327,2,52511,0.380387,-0.380387,0.811493,0.228232,163.04
lightbox/images/img006067.jpg,lightbox,0,72125,2,71505,0.623538,0.023094,0.739008,0.254034,50.3833
lightbox/images/img006068.jpg,lightbox,0,64310,0,72460,0.791391,0.024731,0.51935,0.321503,69.1302
lightbox/images/img006074.jpg,lightbox,2,27102,2,25306,-0.189605,0.297951,0.866766,-0.352124,22.7655
lightbox/images/img006075.jpg,lightbox,1,37024,2,14611,0.172276,-0.566049,0.787547,-0.172276,168.815
lightbox/images/img006082.jpg,lightbox,3,56203,1,52416,0.136641,0.8745,-0.355266,0.300609,177.118
lightbox/images/img006087.jpg,lightbox,0,64107,1,51266,0.418384,0.787547,-0.418384,0.172276,176.756
lightbox/images/img006091.jpg,lightbox,2,52556,2,52605,0.0864945,-0.20182,0.922608,0.317146,36.1593
lightbox/images/img006106.jpg,lightbox,0,07464,2,71047,0.500173,0.0789747,0.842397,0.184274,163.069
lightbox/images/img006116.jpg,lightbox,3,21030,2,31076,0.454061,0.151354,0.691902,-0.540548,41.3404
lightbox/images/img006125.jpg,lightbox,3,54302,3,52735,0.403933,-0.0807866,0.296217,0.861723,56.1919
lightbox/images/img006144.jpg,lightbox,1,32406,1,21641,-0.321503,0.791391,0.222579,-0.469888,47.5968
lightbox/images/img006149.jpg,lightbox,3,43223,2,03541,-0.123655,-0.370965,0.791391,-0.469888,141.163
lightbox/images/img006150.jpg,lightbox,2,25226,1,21647,-0.324696,0.799251,0.274743,-0.424602,78.1078
lightbox/images/img006156.jpg,lightbox,2,56733,2,07556,-0.0864945,-0.374809,0.922608,-0.0288315,99.4927
lightbox/images/img006158.jpg,lightbox,3,51405,1,46743,-0.434959,0.662794,-0.103562,0.600657,156.312
lightbox/images/img006159.jpg,lightbox,2,21702,1,21644,-0.372793,0.795292,0.223676,-0.422499,95.0457
lightbox/images/img006160.jpg,lightbox,2,43002,1,34611,0.20182,0.922608,0.259483,-0.20182,156.157
lightbox/images/img006161.jpg,lightbox,0,41412,1,74435,0.163768,0.748653,0.116977,0.631676,179.861
lightbox/images/img006168.jpg,lightbox,0,45531,3,60371,-0.437917,0.334878,0.128799,0.824315,175.326
lightbox/images/img006169.jpg,lightbox,2,22136,1,12130,0.272554,0.670902,-0.230623,-0.649937,131.369
lightbox/images/img006188.jpg,lightbox,3,43315,1,71442,0.440261,0.828726,0.0776931,0.33667,162.977
lightbox/images/img006189.jpg,lightbox,2,32432,1,52517,0.38236,0.8157,-0.331378,0.280397,169.907
lightbox/images/img006203.jpg,lightbox,3,41551,1,14327,0.274743,0.799251,-0.424602,-0.324696,56.1892
lightbox/images/img006207.jpg,lightbox,1,36642,2,63161,-0.128459,0.539527,0.822136,0.128459,41.3107
lightbox/images/img006215.jpg,lightbox,3,65312,3,61745,-0.135831,0.244497,0.407494,0.869321,10.778
lightbox/images/img006217.jpg,lightbox,2,02314,1,02546,-0.512887,0.713582,-0.289893,-0.37909,163.882
lightbox/images/img006221.jpg,lightbox,0,55766,1,51666,0.397722,0.748653,-0.397722,0.350931,49.5526
lightbox/images/img006222.jpg,lightbox,1,07135,1,07107,-0.134255,0.859235,-0.349064,-0.349064,14.9871
lightbox/images/img006224.jpg,lightbox,3,07577,1,25675,-0.25205,0.896179,0.364073,-0.0280056,146.451
lightbox/images/img006226.jpg,lightbox,0,34051,2,61523,-0.145617,0.203864,0.931951,0.262111,166.012
lightbox/images/img006228.jpg,lightbox,1,07136,1,61127,-0.150278,0.961781,0.21039,0.090167,79.0927
lightbox/images/img006234.jpg,lightbox,3,53056,1,25251,-0.248946,0.88514,0.248946,-0.304267,105.935
lightbox/images/img006237.jpg,lightbox,3,25060,1,21647,-0.324696,0.799251,0.274743,-0.424602,155.676
lightbox/images/img006255.jpg,lightbox,1,75530,0,43416,0.844742,-0.29038,-0.343176,0.29038,131.725
lightbox/images/img006262.jpg,lightbox,2,41464,2,15052,0.42627,-0.588658,0.649554,-0.223284,112.702
lightbox/images/img006286.jpg,lightbox,2,24773,1,61674,-0.280397,0.8157,0.331378,0.38236,94.7969
lightbox/images/img006289.jpg,lightbox,2,27536,1,24357,-0.43676,0.822136,0.282609,-0.231226,78.5694
lightbox/images/img006293.jpg,lightbox,3,35551,1,60565,-0.507093,0.772712,0.120736,0.362209,168.212
lightbox/images/img006297.jpg,lightbox,2,05554,1,43112,-0.0864945,0.922608,-0.374809,0.0288315,50.5643
lightbox/images/img006315.jpg,lightbox,2,67701,1,52454,0.129142,0.826512,-0.387427,0.387427,137.072
lightbox/images/img006329.jpg,lightbox,1,70553,1,34371,0.38236,0.8157,0.331378,-0.280397,80.4502
lightbox/images/img006333.jpg,lightbox,1,03237,1,74243,0.0751175,0.801253,0.275431,0.525822,155.901
lightbox/images/img006350.jpg,lightbox,2,03467,2,30457,0.189051,0.0810219,0.864234,-0.459124,70.8972
lightbox/images/img006354.jpg,lightbox,1,65343,1,16102,0.232456,0.826512,-0.33577,-0.387427,141.725
lightbox/images/img006360.jpg,lightbox,2,54556,1,52714,0.352124,0.866766,-0.189605,0.297951,141.657
lightbox/images/img006364.jpg,lightbox,2,60171,1,07321,-0.139591,0.893381,-0.0837545,-0.418772,174.062
lightbox/images/img006366.jpg,lightbox,0,63105,2,61600,-0.399326,0.239596,0.851896,0.239596,176.8
lightbox/images/img006397.jpg,lightbox,0,17600,2,17506,0.582341,-0.302817,0.745396,-0.116468,149.209
lightbox/images/img006414.jpg,lightbox,2,16131,1,16326,0.25205,0.896179,-0.0280056,-0.364073,174.581
lightbox/images/img006417.jpg,lightbox,1,14534,1,52412,0.138728,0.887862,-0.360694,0.249711,57.2286
lightbox/images/img006425.jpg,lightbox,2,60127,1,52402,0.0280056,0.896179,-0.364073,0.25205,163.005
lightbox/images/img006448.jpg,lightbox,1,25546,1,25521,-0.149204,0.954905,0.149204,-0.208885,21.8242
lightbox/images/img006454.jpg,lightbox,0,20050,1,07347,-0.147122,0.941584,-0.147122,-0.26482,125.537
lightbox/images/img006455.jpg,lightbox,3,52606,0,70660,0.866766,0.0270864,0.352124,0.352124,122.474
lightbox/images/img006456.jpg,lightbox,2,33566,1,07446,-0.398199,0.849491,-0.345106,-0.0265466,179.849
lightbox/images/img006463.jpg,lightbox,1,25211,1,71441,0.481824,0.811493,0.0253592,0.329669,129.197
lightbox/images/img006482.jpg,lightbox,2,45013,1,14523,0.257915,0.750298,-0.58617,-0.164128,30.279
lightbox/images/img006484.jpg,lightbox,3,57147,0,06763,0.833209,-0.546793,-0.0260378,-0.0781133,113.457
lightbox/images/img006485.jpg,lightbox,2,42456,1,75066,0.390934,0.735875,0.160973,0.52891,161.928
lightbox/images/img006508.jpg,lightbox,3,16721,1,52414,0.13387,0.856767,-0.40161,0.294514,142.036
lightbox/images/img006509.jpg,lightbox,2,45020,1,12442,0.0253592,0.811493,-0.329669,-0.481824,60.4493
lightbox/images/img006515.jpg,lightbox,1,75246,1,21651,-0.228822,0.813589,0.228822,-0.483068,144.681
lightbox/images/img006519.jpg,lightbox,0,60546,2,60506,-0.560642,0.0731272,0.780024,0.268133,142.459
lightbox/images/img006525.jpg,lightbox,2,70503,1,14473,0.169426,0.774521,-0.605095,-0.0726113,126.76
lightbox/images/img006527.jpg,lightbox,0,16265,1,43314,-0.0908257,0.968808,-0.211927,0.0908257,178.585
lightbox/images/img006528.jpg,lightbox,2,66150,2,56215,0.181772,-0.181772,0.830959,0.493382,97.9093
lightbox/images/img006532.jpg,lightbox,0,41476,0,25046,0.8745,-0.409922,0.0819844,-0.245953,107.256
lightbox/images/img006548.jpg,lightbox,0,61535,2,25521,-0.149204,0.149204,0.954905,-0.208885,173.647
lightbox/images/img006567.jpg,lightbox,3,37002,3,05303,-0.120736,-0.507093,-0.362209,0.772712,129.023
lightbox/images/img006569.jpg,lightbox,1,50035,1,07156,-0.0837545,0.893381,-0.362936,-0.251263,59.0366
lightbox/images/img006597.jpg,lightbox,2,51765,1,06345,-0.525822,0.801253,-0.175274,-0.225352,74.7611
lightbox/images/img006601.jpg,lightbox,3,73060,3,16106,0.236924,-0.342224,-0.342224,0.842397,116.408
lightbox/images/img006607.jpg,lightbox,0,55277,2,30572,0.324696,0.174836,0.799251,-0.474555,155.387
lightbox/images/img006610.jpg,lightbox,1,11136,1,65555,-0.0224337,0.717879,0.0224337,0.695445,177.133
lightbox/images/img006614.jpg,lightbox,0,37060,3,32544,0.219382,0.414388,-0.414388,0.780024,173.652
lightbox/images/img006615.jpg,lightbox,1,13663,1,06351,-0.441447,0.830959,-0.181772,-0.285642,110.498
lightbox/images/img006616.jpg,lightbox,3,16056,3,25144,-0.205971,0.0294245,-0.26482,0.941584,59.2221
lightbox/images/img006632.jpg,lightbox,0,61641,1,60514,-0.489437,0.824315,0.0257599,0.283358,109.537
lightbox/images/img006634.jpg,lightbox,0,74116,1,74113,0.38137,0.813589,0.0762739,0.432219,76.7008
lightbox/images/img006647.jpg,lightbox,0,07506,1,70545,0.29708,0.864234,0.0270073,0.40511,178.679
lightbox/images/img006664.jpg,lightbox,3,75242,1,71643,0.464244,0.781884,0.268773,0.317641,82.3201
lightbox/images/img006665.jpg,lightbox,1,53424,1,50731,0.36477,0.778177,-0.462042,0.218862,20.5766
lightbox/images/img006668.jpg,lightbox,2,00427,2,00777,-0.390934,-0.390934,0.735875,-0.390934,24.3018
lightbox/images/img006671.jpg,lightbox,2,04137,0,50207,0.830959,0.0779024,-0.545317,0.0779024,83.5504
lightbox/images/img006673.jpg,lightbox,3,41654,1,74111,0.38236,0.8157,0.0254906,0.433341,156.052
lightbox/images/img006674.jpg,lightbox,3,02342,1,61055,-0.26482,0.941584,0.0294245,0.205971,164.613
lightbox/images/img006679.jpg,lightbox,2,05736,2,05572,-0.0734773,-0.612311,0.783758,-0.0734773,20.7378
lightbox/images/img006684.jpg,lightbox,3,21440,3,07603,-0.36522,-0.140469,-0.196657,0.899004,38.4283
lightbox/images/img006686.jpg,lightbox,2,12324,1,53463,0.469888,0.791391,-0.222579,0.321503,140.665
lightbox/images/img006696.jpg,lightbox,3,20355,3,23076,-0.229416,0.479687,-0.521399,0.667391,38.4114
lightbox/images/img006704.jpg,lightbox,0,56063,1,56165,0.259633,0.755297,-0.259633,0.54287,105.747
lightbox/images/img006709.jpg,lightbox,0,35276,1,53516,0.624704,0.689329,-0.28004,0.236957,94.8141
lightbox/images/img006711.jpg,lightbox,3,16212,3,07611,-0.259483,-0.20182,-0.20182,0.922608,49.7057
lightbox/images/img006727.jpg,lightbox,0,24444,1,60160,-0.574462,0.799251,0.124883,0.124883,31.0904
lightbox/images/img006733.jpg,lightbox,0,60106,2,07266,-0.411152,-0.0274101,0.877124,-0.246691,148.672
lightbox/images/img006736.jpg,lightbox,2,50214,2,50226,0.0274929,-0.467379,0.879772,0.0824786,20.7995
sunlamp/images/img000005.jpg,sunlamp,3,57537,2,24161,-0.523205,0.124573,0.797264,-0.27406,172.446
sunlamp/images/img000022.jpg,sunlamp,3,70166,3,61471,-0.249711,0.138728,0.360694,0.887862,59.5792
sunlamp/images/img000030.jpg,sunlamp,0,42170,1,43463,-0.342224,0.842397,-0.236924,0.342224,107.439
sunlamp/images/img000031.jpg,sunlamp,2,70435,1,70652,0.136641,0.8745,0.300609,0.355266,115.339
sunlamp/images/img000033.jpg,sunlamp,3,07240,1,05665,-0.329669,0.811493,-0.481824,-0.0253592,170.84
sunlamp/images/img000034.jpg,sunlamp,1,07625,1,07166,-0.199189,0.910577,-0.2561,-0.2561,30.7625
sunlamp/images/img000039.jpg,sunlamp,3,24006,1,25661,-0.351095,0.864234,0.351095,-0.0810219,164.402
sunlamp/images/img000040.jpg,sunlamp,1,25003,1,25676,-0.29708,0.864234,0.40511,-0.0270073,59.1659
sunlamp/images/img000043.jpg,sunlamp,0,61033,2,25565,-0.152499,0.152499,0.975991,-0.0304997,176.957
sunlamp/images/img000045.jpg,sunlamp,1,04567,1,07047,-0.342224,0.842397,-0.342224,-0.236924,39.727
sunlamp/images/img000052.jpg,sunlamp,3,33145,1,61671,-0.236924,0.842397,0.342224,0.342224,155.437
sunlamp/images/img000054.jpg,sunlamp,0,47712,1,61523,-0.145617,0.931951,0.203864,0.262111,177.293
sunlamp/images/img000060.jpg,sunlamp,3,17034,1,20373,-0.357045,0.672085,0.31504,-0.567072,55.531
sunlamp/images/img000062.jpg,sunlamp,2,45643,1,12743,0.281129,0.817829,-0.127786,-0.485586,75.8211
sunlamp/images/img000066.jpg,sunlamp,3,52624,1,47133,-0.026774,0.856767,-0.240966,0.455158,147.947
sunlamp/images/img000072.jpg,sunlamp,3,27451,1,47072,-0.269417,0.783758,-0.220432,0.514341,57.1061
sunlamp/images/img000074.jpg,sunlamp,2,74303,1,61552,-0.0862083,0.919555,0.0862083,0.373569,125.802
sunlamp/images/img000076.jpg,sunlamp,3,42321,1,43473,-0.244497,0.869321,-0.244497,0.353162,140.165
sunlamp/images/img000078.jpg,sunlamp,0,00352,0,60745,0.760398,-0.499011,0.213862,0.356436,134.215
sunlamp/images/img000079.jpg,sunlamp,2,14634,1,50272,0.135432,0.866766,-0.46047,0.135432,69.4851
sunlamp/images/img000081.jpg,sunlamp,3,25337,1,25371,-0.0275764,0.882444,0.358493,-0.30334,178.001
sunlamp/images/img000084.jpg,sunlamp,1,02172,1,07403,-0.346083,0.851896,-0.346083,-0.186352,52.1335
sunlamp/images/img000089.jpg,sunlamp,2,64141,1,47141,-0.120736,0.772712,-0.362209,0.507093,176.339
sunlamp/images/img000096.jpg,sunlamp,2,06756,1,07561,-0.145617,0.931951,-0.320358,-0.0873704,144.102
sunlamp/images/img000097.jpg,sunlamp,2,27217,2,27450,-0.289574,0.447523,0.842397,-0.0789747,34.3992
sunlamp/images/img000098.jpg,sunlamp,1,75426,1,41673,-0.227648,0.809414,-0.430001,0.328824,104.515
sunlamp/images/img000099.jpg,sunlamp,0,07524,0,07066,0.851896,-0.399326,-0.239596,-0.239596,25.6808
sunlamp/images/img000104.jpg,sunlamp,1,41426,1,61671,-0.236924,0.842397,0.342224,0.342224,110.025
sunlamp/images/img000105.jpg,sunlamp,2,12165,1,46177,-0.387667,0.729727,-0.205236,0.524491,82.9317
sunlamp/images/img000106.jpg,sunlamp,1,52145,1,52057,0.194821,0.890609,-0.36181,0.194821,15.2085
sunlamp/images/img000107.jpg,sunlamp,3,62600,2,42525,-0.508279,-0.266242,0.774521,0.266242,124.027
sunlamp/images/img000114.jpg,sunlamp,0,61327,2,07071,-0.245222,-0.299715,0.871899,-0.299715,158.785
sunlamp/images/img000116.jpg,sunlamp,1,76262,1,61522,-0.20182,0.922608,0.20182,0.259483,66.3856
sunlamp/images/img000117.jpg,sunlamp,2,04005,1,32576,0.289893,0.713582,0.512887,-0.37909,161.182
sunlamp/images/img000118.jpg,sunlamp,2,06313,2,07077,-0.252845,-0.252845,0.899004,-0.252845,32.6516
sunlamp/images/img000122.jpg,sunlamp,0,60141,0,24774,0.811493,-0.481824,0.329669,-0.0253592,40.7164
sunlamp/images/img000124.jpg,sunlamp,0,75536,1,21447,-0.33667,0.828726,0.0776931,-0.440261,175.573
sunlamp/images/img000126.jpg,sunlamp,1,71357,3,21133,-0.0221676,0.155173,-0.687194,0.709362,175.576
sunlamp/images/img000128.jpg,sunlamp,0,24133,0,70276,0.879772,0.137464,0.412393,0.19245,98.8357
sunlamp/images/img000136.jpg,sunlamp,0,57735,1,07061,-0.343176,0.844742,-0.29038,-0.29038,162.688
sunlamp/images/img000140.jpg,sunlamp,3,34422,3,03663,-0.329669,-0.0253592,-0.481824,0.811493,60.682
sunlamp/images/img000141.jpg,sunlamp,2,43142,2,16411,0.190728,-0.408703,0.871899,-0.190728,58.2282
sunlamp/images/img000142.jpg,sunlamp,3,12602,1,03641,-0.324696,0.799251,-0.174836,-0.474555,135.163
sunlamp/images/img000144.jpg,sunlamp,2,61522,1,52432,0.143681,0.919555,-0.258625,0.258625,179.317
sunlamp/images/img000148.jpg,sunlamp,1,06760,1,65133,-0.0270864,0.866766,0.189605,0.46047,94.8691
sunlamp/images/img000149.jpg,sunlamp,2,41024,2,50255,0.172276,-0.566049,0.787547,0.172276,59.0733
sunlamp/images/img000158.jpg,sunlamp,0,73646,2,24525,-0.539527,0.128459,0.822136,-0.128459,167.844
sunlamp/images/img000160.jpg,sunlamp,1,34156,1,07175,-0.0285481,0.91354,-0.314029,-0.256933,66.6387
sunlamp/images/img000161.jpg,sunlamp,0,35247,1,07075,-0.248946,0.88514,-0.304267,-0.248946,156.436
sunlamp/images/img000165.jpg,sunlamp,2,72034,1,50036,0.121879,0.780024,-0.609394,0.0731272,172.985
sunlamp/images/img000167.jpg,sunlamp,3,46627,1,02661,-0.613422,0.676879,-0.0634574,-0.401897,174.826
sunlamp/images/img000176.jpg,sunlamp,2,63702,1,61376,-0.0829819,0.88514,0.41491,0.193624,47.6585
sunlamp/images/img000177.jpg,sunlamp,2,12767,1,61673,-0.232456,0.826512,0.387427,0.33577,170.474
sunlamp/images/img000178.jpg,sunlamp,3,27130,1,21641,-0.321503,0.791391,0.222579,-0.469888,178.98
sunlamp/images/img000179.jpg,sunlamp,2,16555,1,47133,-0.026774,0.856767,-0.240966,0.455158,113.95
sunlamp/images/img000181.jpg,sunlamp,3,70612,2,16071,0.193035,-0.30334,0.882444,-0.30334,167.853
sunlamp/images/img000182.jpg,sunlamp,0,31077,1,51266,0.418384,0.787547,-0.418384,0.172276,118.656
sunlamp/images/img000196.jpg,sunlamp,1,51424,2,05173,-0.0237624,-0.594061,0.760398,-0.261387,46.1389
sunlamp/images/img000197.jpg,sunlamp,1,72175,1,61770,-0.0810219,0.864234,0.351095,0.351095,59.3798
sunlamp/images/img000198.jpg,sunlamp,1,44761,3,27247,-0.290471,0.603286,-0.201095,0.715006,27.9691
sunlamp/images/img000200.jpg,sunlamp,2,37371,1,30543,0.282609,0.822136,0.0770752,-0.488143,84.5418
sunlamp/images/img000203.jpg,sunlamp,2,07530,2,07522,-0.20182,-0.259483,0.922608,-0.20182,15.1364
sunlamp/images/img000206.jpg,sunlamp,1,73000,1,16576,0.364073,0.896179,-0.25205,-0.0280056,80.7859
sunlamp/images/img000207.jpg,sunlamp,0,22321,1,24023,-0.627036,0.691902,0.151354,-0.324329,139.668
sunlamp/images/img000208.jpg,sunlamp,2,52734,1,61472,-0.297951,0.866766,0.189605,0.352124,171.537
sunlamp/images/img000213.jpg,sunlamp,1,47225,1,70651,0.19245,0.879772,0.247436,0.357407,74.9046
sunlamp/images/img000214.jpg,sunlamp,1,07340,1,61106,-0.211927,0.968808,0.0908257,0.0908257,58.0339
sunlamp/images/img000219.jpg,sunlamp,2,35602,2,16533,0.403933,-0.24236,0.861723,-0.188502,62.8484
sunlamp/images/img000220.jpg,sunlamp,2,34150,1,17066,0.442642,0.833209,-0.23434,-0.23434,175.791
sunlamp/images/img000227.jpg,sunlamp,3,34161,1,07075,-0.248946,0.88514,-0.304267,-0.248946,169.573
sunlamp/images/img000228.jpg,sunlamp,2,52241,1,05573,-0.0245514,0.785646,-0.613786,-0.0736543,76.1858
sunlamp/images/img000233.jpg,sunlamp,0,52642,2,07651,-0.263908,-0.205262,0.93834,-0.0879694,131.404
sunlamp/images/img000235.jpg,sunlamp,3,61555,3,70450,0.143208,0.0286417,0.372342,0.916533,20.0288
sunlamp/images/img000237.jpg,sunlamp,1,10644,1,70657,0.185826,0.849491,0.292013,0.398199,140.175
sunlamp/images/img000239.jpg,sunlamp,0,65451,2,07622,-0.416185,-0.0277457,0.887862,-0.19422,133.644
sunlamp/images/img000241.jpg,sunlamp,2,77475,1,74603,0.0711268,0.758686,0.260798,0.592723,69.626
sunlamp/images/img000247.jpg,sunlamp,3,35322,1,52567,0.288775,0.840072,-0.23627,0.393784,77.3057
sunlamp/images/img000252.jpg,sunlamp,1,65333,1,07441,-0.344137,0.847106,-0.397081,-0.0794162,114.677
sunlamp/images/img000254.jpg,sunlamp,0,16462,2,07555,-0.028273,-0.424094,0.904735,-0.028273,149.837
sunlamp/images/img000255.jpg,sunlamp,1,03063,1,60552,-0.480589,0.809414,0.0758825,0.328824,118.069
sunlamp/images/img000256.jpg,sunlamp,0,25330,2,71003,0.508706,0.0803219,0.856767,0.026774,90.6606
sunlamp/images/img000257.jpg,sunlamp,3,34573,1,07576,-0.0898429,0.958324,-0.269529,-0.0299476,162.649
sunlamp/images/img000260.jpg,sunlamp,2,75042,1,12742,0.233079,0.828726,-0.129488,-0.492056,156.235
sunlamp/images/img000261.jpg,sunlamp,2,43225,2,07662,-0.422745,-0.028183,0.901856,-0.084549,19.758
sunlamp/images/img000262.jpg,sunlamp,0,23555,1,07506,-0.196657,0.899004,-0.36522,-0.140469,148.683
sunlamp/images/img000267.jpg,sunlamp,1,60525,1,02473,-0.546718,0.699798,-0.196818,-0.415505,91.2063
sunlamp/images/img000272.jpg,sunlamp,3,42237,1,52473,0.19245,0.879772,-0.247436,0.357407,166.226
sunlamp/images/img000273.jpg,sunlamp,0,41672,1,01663,-0.302817,0.745396,-0.395992,-0.442579,128.97
sunlamp/images/img000274.jpg,sunlamp,3,25537,1,34051,0.202495,0.925691,0.0289278,-0.318206,167.397
sunlamp/images/img000277.jpg,sunlamp,3,31733,1,07074,-0.299715,0.871899,-0.299715,-0.245222,172.414
sunlamp/images/img000278.jpg,sunlamp,0,00151,1,07501,-0.137464,0.879772,-0.412393,-0.19245,178.345
sunlamp/images/img000280.jpg,sunlamp,2,24511,1,16072,0.141365,0.904735,-0.254457,-0.311003,152.875
sunlamp/images/img000282.jpg,sunlamp,2,06747,2,07565,-0.146114,-0.321451,0.935129,-0.0292228,50.2641
sunlamp/images/img000283.jpg,sunlamp,3,06533,3,03677,-0.240966,-0.026774,-0.455158,0.856767,44.0068
sunlamp/images/img000291.jpg,sunlamp,2,40717,2,07075,-0.248946,-0.304267,0.88514,-0.248946,66.2925
sunlamp/images/img000297.jpg,sunlamp,1,47453,1,21661,-0.313185,0.770916,0.313185,-0.457732,154.299
sunlamp/images/img000298.jpg,sunlamp,0,36446,0,27441,0.828726,-0.33667,0.440261,-0.0776931,42.6985
sunlamp/images/img000307.jpg,sunlamp,3,41354,1,45363,-0.118545,0.758686,-0.403052,0.497888,169.727
sunlamp/images/img000315.jpg,sunlamp,2,64362,1,06760,-0.580283,0.80735,-0.0756891,-0.0756891,125.26
sunlamp/images/img000317.jpg,sunlamp,3,25212,1,05673,-0.240278,0.854321,-0.453858,-0.0800926,128.702
sunlamp/images/img000318.jpg,sunlamp,0,01272,1,47131,-0.0263982,0.844742,-0.29038,0.448769,135.127
sunlamp/images/img000319.jpg,sunlamp,1,61570,1,61151,-0.030846,0.987072,0.030846,0.15423,32.7762
sunlamp/images/img000320.jpg,sunlamp,2,35663,2,07051,-0.23627,-0.393784,0.840072,-0.288775,129.085
sunlamp/images/img000323.jpg,sunlamp,3,61463,1,05635,-0.233079,0.828726,-0.492056,-0.129488,173.667
sunlamp/images/img000324.jpg,sunlamp,3,23450,1,24261,-0.624704,0.689329,0.28004,-0.236957,162.967
sunlamp/images/img000333.jpg,sunlamp,0,53032,2,07275,-0.260351,-0.0867835,0.925691,-0.260351,123.662
sunlamp/images/img000335.jpg,sunlamp,3,21542,1,07574,-0.0882735,0.941584,-0.323669,-0.0294245,153.103
sunlamp/images/img000340.jpg,sunlamp,1,36140,1,52414,0.13387,0.856767,-0.40161,0.294514,121.646
sunlamp/images/img000341.jpg,sunlamp,3,32034,1,05533,-0.0242607,0.776342,-0.606517,-0.169825,109.672
sunlamp/images/img000342.jpg,sunlamp,2,47114,1,61275,-0.247436,0.879772,0.357407,0.19245,173.478
sunlamp/images/img000343.jpg,sunlamp,3,14335,1,25271,-0.240966,0.856767,0.348062,-0.294514,71.4273
sunlamp/images/img000345.jpg,sunlamp,1,57302,1,01567,-0.112852,0.722254,-0.564261,-0.383697,134.279
sunlamp/images/img000346.jpg,sunlamp,2,73622,1,41175,-0.0235506,0.753619,-0.635866,0.164854,169.477
sunlamp/images/img000348.jpg,sunlamp,3,16444,3,21367,-0.114738,0.344214,-0.57369,0.734324,116.045
sunlamp/images/img000349.jpg,sunlamp,2,46125,2,07471,-0.2561,-0.313011,0.910577,-0.0853666,68.8103
sunlamp/images/img000351.jpg,sunlamp,2,26100,1,17242,0.445063,0.837765,-0.130901,-0.287982,166.701
sunlamp/images/img000352.jpg,sunlamp,1,16375,1,16631,0.208145,0.951522,-0.0892052,-0.208145,27.016
sunlamp/images/img000353.jpg,sunlamp,1,12645,1,16212,0.138728,0.887862,-0.138728,-0.416185,11.8169
sunlamp/images/img000356.jpg,sunlamp,2,50365,1,41161,-0.117753,0.753619,-0.635866,0.117753,57.2934
sunlamp/images/img000358.jpg,sunlamp,0,31411,1,07063,-0.348062,0.856767,-0.240966,-0.294514,140.762
sunlamp/images/img000359.jpg,sunlamp,0,51241,1,25671,-0.251263,0.893381,0.362936,-0.0837545,179.659
sunlamp/images/img000360.jpg,sunlamp,1,21701,1,17222,0.433341,0.8157,-0.0254906,-0.38236,73.5557
sunlamp/images/img000361.jpg,sunlamp,2,42162,1,17062,0.43676,0.822136,-0.231226,-0.282609,98.2359
sunlamp/images/img000363.jpg,sunlamp,1,15663,1,07455,-0.246691,0.877124,-0.411152,-0.0274101,82.1976
sunlamp/images/img000364.jpg,sunlamp,0,53171,1,53064,0.441447,0.830959,-0.285642,0.181772,36.5581
sunlamp/images/img000365.jpg,sunlamp,3,52512,3,61473,-0.247436,0.19245,0.357407,0.879772,95.4579
sunlamp/images/img000375.jpg,sunlamp,1,75267,1,74433,0.167476,0.765603,0.167476,0.598127,35.7068
sunlamp/images/img000376.jpg,sunlamp,2,72074,1,61371,-0.0286417,0.916533,0.372342,0.143208,69.2255
sunlamp/images/img000377.jpg,sunlamp,3,02046,3,07063,-0.348062,-0.240966,-0.294514,0.856767,44.7731
sunlamp/images/img000379.jpg,sunlamp,2,70103,1,16627,0.0921878,0.983336,-0.0307293,-0.153646,167.76
sunlamp/images/img000380.jpg,sunlamp,2,27501,2,07471,-0.2561,-0.313011,0.910577,-0.0853666,93.6383
sunlamp/images/img000382.jpg,sunlamp,1,14664,1,50274,0.130901,0.837765,-0.497423,0.183261,24.1102
sunlamp/images/img000383.jpg,sunlamp,3,70317,3,12273,0.164854,-0.0235506,-0.635866,0.753619,99.0815
sunlamp/images/img000384.jpg,sunlamp,0,25071,2,25671,-0.251263,0.362936,0.893381,-0.0837545,161.347
sunlamp/images/img000386.jpg,sunlamp,0,06334,1,25241,-0.348062,0.856767,0.240966,-0.294514,103.344
sunlamp/images/img000388.jpg,sunlamp,0,05336,1,61601,-0.353162,0.869321,0.244497,0.244497,112.257
sunlamp/images/img000389.jpg,sunlamp,2,37126,0,35406,0.871899,0.463196,0.0817405,-0.136234,82.6985
sunlamp/images/img000394.jpg,sunlamp,2,50461,1,07452,-0.302422,0.879772,-0.357407,-0.0824786,64.2898
sunlamp/images/img000395.jpg,sunlamp,0,13460,1,43473,-0.244497,0.869321,-0.244497,0.353162,174.632
sunlamp/images/img000397.jpg,sunlamp,0,27566,1,47071,-0.220432,0.783758,-0.269417,0.514341,121.043
sunlamp/images/img000398.jpg,sunlamp,1,52163,1,52631,0.205262,0.93834,-0.0879694,0.263908,23.2493
sunlamp/images/img000399.jpg,sunlamp,3,34565,1,07575,-0.0295269,0.944862,-0.324796,-0.0295269,166.638
sunlamp/images/img000401.jpg,sunlamp,2,27750,2,05770,-0.0800926,-0.507253,0.854321,-0.0800926,137.046
sunlamp/images/img000402.jpg,sunlamp,3,70507,1,07621,-0.367549,0.904735,-0.0848189,-0.197911,148.953
sunlamp/images/img000404.jpg,sunlamp,3,36472,3,07403,-0.346083,-0.346083,-0.186352,0.851896,126.43
sunlamp/images/img000407.jpg,sunlamp,2,43754,1,07637,-0.267615,0.951522,-0.0297351,-0.148675,150.744
sunlamp/images/img000409.jpg,sunlamp,1,74300,1,07651,-0.263908,0.93834,-0.205262,-0.0879694,98.7009
sunlamp/images/img000411.jpg,sunlamp,3,30140,3,41270,-0.281129,-0.485586,0.127786,0.817829,122.812
sunlamp/images/img000412.jpg,sunlamp,1,42715,1,43612,-0.311003,0.904735,-0.141365,0.254457,15.3384
sunlamp/images/img000419.jpg,sunlamp,1,01260,1,60457,-0.576123,0.737437,0.0691347,0.345674,124.392
sunlamp/images/img000423.jpg,sunlamp,3,62353,1,24331,-0.411464,0.774521,0.314649,-0.363057,132.476
sunlamp/images/img000425.jpg,sunlamp,1,72026,1,61126,-0.208145,0.951522,0.208145,0.0892052,54.4725
sunlamp/images/img000426.jpg,sunlamp,3,03756,3,03273,-0.210099,-0.0233444,-0.630298,0.74702,33.4688
sunlamp/images/img000429.jpg,sunlamp,3,63030,1,61346,-0.198547,0.907642,0.312002,0.198547,91.654
sunlamp/images/img000432.jpg,sunlamp,1,34161,1,16147,0.294514,0.856767,-0.348062,-0.240966,59.5917
sunlamp/images/img000436.jpg,sunlamp,1,21524,1,17222,0.433341,0.8157,-0.0254906,-0.38236,73.1183
sunlamp/images/img000439.jpg,sunlamp,0,43526,1,07471,-0.2561,0.910577,-0.313011,-0.0853666,139.801
sunlamp/images/img000440.jpg,sunlamp,0,15271,3,25276,-0.288775,0.393784,-0.23627,0.840072,169.274
sunlamp/images/img000442.jpg,sunlamp,2,17106,1,21675,-0.227648,0.809414,0.328824,-0.430001,179.551
sunlamp/images/img000443.jpg,sunlamp,2,05772,2,07575,-0.0295269,-0.324796,0.944862,-0.0295269,19.393
sunlamp/images/img000449.jpg,sunlamp,0,46102,1,16303,0.294514,0.856767,-0.13387,-0.40161,139.52
sunlamp/images/img000451.jpg,sunlamp,1,06633,1,65112,-0.0822304,0.877124,0.0822304,0.465972,98.9186
sunlamp/images/img000452.jpg,sunlamp,2,27735,1,14676,0.136641,0.8745,-0.464578,-0.0273281,151.927
sunlamp/images/img000458.jpg,sunlamp,0,06331,1,70571,0.394874,0.842397,0.131625,0.342224,159.587
sunlamp/images/img000461.jpg,sunlamp,3,73103,1,56163,0.269417,0.783758,-0.220432,0.514341,65.8364
sunlamp/images/img000464.jpg,sunlamp,0,52630,0,07473,0.925691,-0.260351,-0.260351,-0.0867835,68.0503
sunlamp/images/img000466.jpg,sunlamp,2,40331,1,14672,0.136234,0.871899,-0.463196,-0.0817405,68.286
sunlamp/images/img000478.jpg,sunlamp,0,25511,1,52472,0.138728,0.887862,-0.249711,0.360694,176.299
sunlamp/images/img000479.jpg,sunlamp,0,55374,1,53461,0.464244,0.781884,-0.268773,0.317641,36.7067
sunlamp/images/img000485.jpg,sunlamp,2,41206,1,50062,0.0244339,0.781884,-0.610847,0.122169,60.4239
sunlamp/images/img000490.jpg,sunlamp,2,43756,1,61711,-0.0290252,0.928805,0.261226,0.261226,152.599
sunlamp/images/img000492.jpg,sunlamp,2,43603,1,61061,-0.368729,0.907642,0.141819,0.141819,162.745
sunlamp/images/img000497.jpg,sunlamp,0,70460,1,07477,-0.261226,0.928805,-0.261226,-0.0290252,151.942
sunlamp/images/img000499.jpg,sunlamp,0,63213,1,05663,-0.33667,0.828726,-0.440261,-0.0776931,89.5713
sunlamp/images/img000500.jpg,sunlamp,1,63533,1,63523,-0.122757,0.785646,0.564683,0.220963,12.9194
sunlamp/images/img000514.jpg,sunlamp,1,42521,1,16062,0.0285481,0.91354,-0.256933,-0.314029,91.8326
sunlamp/images/img000516.jpg,sunlamp,1,70354,1,16671,0.211927,0.968808,-0.0908257,-0.0908257,53.8928
sunlamp/images/img000517.jpg,sunlamp,3,56204,3,45343,-0.113783,-0.47789,0.47789,0.728214,40.0137
sunlamp/images/img000518.jpg,sunlamp,3,46131,3,45303,-0.118545,-0.497888,0.403052,0.758686,42.8076
sunlamp/images/img000519.jpg,sunlamp,0,56431,1,07476,-0.314029,0.91354,-0.256933,-0.0285481,177.168
sunlamp/images/img000522.jpg,sunlamp,2,17626,1,16362,0.256933,0.91354,-0.0285481,-0.314029,165.452
sunlamp/images/img000526.jpg,sunlamp,0,43566,1,43473,-0.244497,0.869321,-0.244497,0.353162,158.641
sunlamp/images/img000532.jpg,sunlamp,3,35533,1,52563,0.294514,0.856767,-0.240966,0.348062,103.87
sunlamp/images/img000538.jpg,sunlamp,2,16523,1,14667,0.0824786,0.879772,-0.467379,-0.0274929,103.581
sunlamp/images/img000540.jpg,sunlamp,3,25104,3,07376,-0.0898429,-0.0299476,-0.269529,0.958324,21.7974
sunlamp/images/img000541.jpg,sunlamp,1,42407,1,25611,-0.2561,0.910577,0.2561,-0.199189,96.9471
sunlamp/images/img000545.jpg,sunlamp,1,63443,1,61635,-0.240966,0.856767,0.348062,0.294514,19.0695
sunlamp/images/img000547.jpg,sunlamp,2,71605,1,16063,0.0853666,0.910577,-0.2561,-0.313011,173.233
sunlamp/images/img000550.jpg,sunlamp,1,54127,1,34613,0.198547,0.907642,0.312002,-0.198547,130.687
sunlamp/images/img000551.jpg,sunlamp,3,06260,2,05661,-0.328824,-0.480589,0.809414,-0.0758825,177.685
sunlamp/images/img000553.jpg,sunlamp,3,07113,1,07254,-0.308062,0.896179,-0.196039,-0.25205,129.469
sunlamp/images/img000554.jpg,sunlamp,3,21655,1,25205,-0.342224,0.842397,0.236924,-0.342224,170.953
sunlamp/images/img000557.jpg,sunlamp,3,70315,1,07477,-0.261226,0.928805,-0.261226,-0.0290252,170.162
sunlamp/images/img000559.jpg,sunlamp,3,00713,1,07501,-0.137464,0.879772,-0.412393,-0.19245,148.507
sunlamp/images/img000561.jpg,sunlamp,2,55462,1,25061,-0.355266,0.8745,0.136641,-0.300609,103.711
sunlamp/images/img000563.jpg,sunlamp,0,25114,3,03576,-0.0800926,-0.240278,-0.453858,0.854321,134.978
sunlamp/images/img000571.jpg,sunlamp,3,42127,3,52013,0.198547,-0.368729,0.0283638,0.907642,86.3157
sunlamp/images/img000573.jpg,sunlamp,3,43776,2,07575,-0.0295269,-0.324796,0.944862,-0.0295269,136.74
sunlamp/images/img000576.jpg,sunlamp,2,07731,1,52235,0.211927,0.968808,-0.0908257,0.0908257,155.802
sunlamp/images/img000579.jpg,sunlamp,3,41574,1,21671,-0.222579,0.791391,0.321503,-0.469888,95.0007
sunlamp/images/img000581.jpg,sunlamp,2,43762,1,07076,-0.304267,0.88514,-0.248946,-0.248946,150.51
sunlamp/images/img000582.jpg,sunlamp,0,65127,3,03332,-0.067166,-0.0223887,-0.694049,0.716438,157.774
sunlamp/images/img000583.jpg,sunlamp,1,40356,1,07476,-0.314029,0.91354,-0.256933,-0.0285481,41.6387
sunlamp/images/img000584.jpg,sunlamp,1,50002,1,05774,-0.0803219,0.856767,-0.508706,-0.026774,28.1447
sunlamp/images/img000586.jpg,sunlamp,1,15066,1,07177,-0.0290252,0.928805,-0.261226,-0.261226,62.2023
sunlamp/images/img000587.jpg,sunlamp,0,71770,1,71420,0.451292,0.849491,0.132733,0.238919,40.729
sunlamp/images/img000598.jpg,sunlamp,0,60464,1,07461,-0.357407,0.879772,-0.302422,-0.0824786,56.8623
sunlamp/images/img000599.jpg,sunlamp,2,50251,1,05566,-0.169825,0.776342,-0.606517,-0.0242607,35.296
sunlamp/images/img000601.jpg,sunlamp,2,25525,1,16612,0.149204,0.954905,-0.149204,-0.208885,178.838
sunlamp/images/img000602.jpg,sunlamp,2,64544,1,52475,0.185826,0.849491,-0.292013,0.398199,177.835
sunlamp/images/img000606.jpg,sunlamp,1,47355,1,05332,-0.0762739,0.813589,-0.432219,-0.38137,118.372
sunlamp/images/img000608.jpg,sunlamp,2,04266,1,73001,0.464244,0.781884,0.415376,0.0244339,144.983
sunlamp/images/img000611.jpg,sunlamp,1,32346,1,52165,0.30334,0.882444,-0.30334,0.193035,138.462
sunlamp/images/img000613.jpg,sunlamp,0,07420,0,06263,0.717879,-0.650578,-0.0224337,-0.246771,42.8316
sunlamp/images/img000616.jpg,sunlamp,0,47652,1,52473,0.19245,0.879772,-0.247436,0.357407,157.356
sunlamp/images/img000620.jpg,sunlamp,1,13576,1,03663,-0.329669,0.811493,-0.0253592,-0.481824,116.537
sunlamp/images/img000633.jpg,sunlamp,0,21610,1,41573,-0.0234468,0.750298,-0.58617,0.304808,119.074
sunlamp/images/img000647.jpg,sunlamp,2,34532,1,07177,-0.0290252,0.928805,-0.261226,-0.261226,178.419
sunlamp/images/img000648.jpg,sunlamp,1,27056,1,27542,-0.184274,0.842397,0.500173,-0.0789747,21.1055
sunlamp/images/img000654.jpg,sunlamp,3,14753,1,47073,-0.223125,0.793334,-0.223125,0.520626,175.206
sunlamp/images/img000662.jpg,sunlamp,1,36624,1,41161,-0.117753,0.753619,-0.635866,0.117753,165.417
sunlamp/images/img000668.jpg,sunlamp,2,23772,1,07176,-0.0867835,0.925691,-0.260351,-0.260351,115.111
sunlamp/images/img000682.jpg,sunlamp,2,70631,1,61375,-0.0283638,0.907642,0.368729,0.198547,89.853
sunlamp/images/img000690.jpg,sunlamp,2,27164,2,16540,0.245953,-0.409922,0.8745,-0.0819844,123.605
sunlamp/images/img000691.jpg,sunlamp,3,30165,1,01663,-0.302817,0.745396,-0.395992,-0.442579,170.175
sunlamp/images/img000692.jpg,sunlamp,2,15360,1,24351,-0.43676,0.822136,0.231226,-0.282609,139.395
sunlamp/images/img000694.jpg,sunlamp,0,16310,3,43121,-0.146114,-0.321451,0.0292228,0.935129,105.023
sunlamp/images/img000695.jpg,sunlamp,1,25170,1,07157,-0.0280056,0.896179,-0.364073,-0.25205,58.463
sunlamp/images/img000696.jpg,sunlamp,0,41132,1,47473,-0.199901,0.71076,-0.199901,0.644126,174.61
sunlamp/images/img000699.jpg,sunlamp,0,33262,1,07176,-0.0867835,0.925691,-0.260351,-0.260351,153.777
sunlamp/images/img000700.jpg,sunlamp,3,17640,2,05575,-0.0238705,-0.644503,0.763856,-0.0238705,174.151
sunlamp/images/img000701.jpg,sunlamp,3,72137,2,52565,0.284875,-0.284875,0.828726,0.388465,143.501
sunlamp/images/img000702.jpg,sunlamp,2,42367,1,07441,-0.344137,0.847106,-0.397081,-0.0794162,160.713
sunlamp/images/img000708.jpg,sunlamp,1,32422,1,14237,0.1789,0.817829,-0.434472,-0.332243,116.971
sunlamp/images/img000709.jpg,sunlamp,3,25673,1,61671,-0.236924,0.842397,0.342224,0.342224,92.7688
sunlamp/images/img000711.jpg,sunlamp,2,32043,1,07071,-0.245222,0.871899,-0.299715,-0.299715,143.156
sunlamp/images/img000712.jpg,sunlamp,1,16344,1,51263,0.460953,0.776342,-0.412432,0.121303,57.2262
sunlamp/images/img000715.jpg,sunlamp,3,52510,3,07501,-0.137464,-0.412393,-0.19245,0.879772,74.7826
sunlamp/images/img000716.jpg,sunlamp,3,25425,1,07474,-0.309033,0.899004,-0.309033,-0.0280939,153.331
sunlamp/images/img000719.jpg,sunlamp,3,61102,3,03373,-0.0238705,-0.0238705,-0.644503,0.763856,89.0675
sunlamp/images/img000721.jpg,sunlamp,3,20453,1,07571,-0.0294245,0.941584,-0.323669,-0.0882735,160.619
sunlamp/images/img000722.jpg,sunlamp,3,23101,1,07331,-0.028183,0.901856,-0.084549,-0.422745,169.514
sunlamp/images/img000723.jpg,sunlamp,2,07525,2,07521,-0.143208,-0.315058,0.916533,-0.200492,9.1571
sunlamp/images/img000727.jpg,sunlamp,1,56221,1,16621,0.0908257,0.968808,-0.0908257,-0.211927,77.5175
sunlamp/images/img000731.jpg,sunlamp,0,50673,2,07077,-0.252845,-0.252845,0.899004,-0.252845,87.6144
sunlamp/images/img000735.jpg,sunlamp,0,66060,1,65201,-0.328824,0.809414,0.227648,0.430001,131.009
sunlamp/images/img000738.jpg,sunlamp,1,13171,1,47463,-0.282675,0.695817,-0.195698,0.630584,178.648
sunlamp/images/img000741.jpg,sunlamp,3,24734,0,42274,0.751953,-0.63446,-0.0704956,0.16449,127.675
sunlamp/images/img000742.jpg,sunlamp,2,13062,1,21463,-0.324696,0.799251,0.174836,-0.474555,164.078
sunlamp/images/img000746.jpg,sunlamp,3,07753,1,52062,0.0297351,0.951522,-0.267615,0.148675,179.884
sunlamp/images/img000749.jpg,sunlamp,2,73267,1,70765,0.280397,0.8157,0.331378,0.38236,52.5043
sunlamp/images/img000756.jpg,sunlamp,3,04232,2,06307,-0.51558,-0.122757,0.785646,-0.319169,166.511
sunlamp/images/img000758.jpg,sunlamp,1,30447,1,07347,-0.147122,0.941584,-0.147122,-0.26482,46.1757
sunlamp/images/img000761.jpg,sunlamp,2,57421,1,07301,-0.137464,0.879772,-0.19245,-0.412393,102.378
sunlamp/images/img000762.jpg,sunlamp,2,30706,2,03576,-0.0800926,-0.240278,0.854321,-0.453858,67.4133
sunlamp/images/img000764.jpg,sunlamp,0,24713,0,42277,0.776342,-0.606517,-0.0242607,0.169825,57.2765
sunlamp/images/img000771.jpg,sunlamp,2,72611,1,65123,-0.134255,0.859235,0.187958,0.456468,87.924
sunlamp/images/img000772.jpg,sunlamp,1,52226,1,43314,-0.0908257,0.968808,-0.211927,0.0908257,23.3086
sunlamp/images/img000777.jpg,sunlamp,1,60246,1,03643,-0.327154,0.805302,-0.125828,-0.478148,96.5674
sunlamp/images/img000784.jpg,sunlamp,1,43572,1,61144,-0.208885,0.954905,0.0298408,0.208885,39.1191
sunlamp/images/img000785.jpg,sunlamp,2,07751,1,52073,0.203864,0.931951,-0.262111,0.145617,123.732
sunlamp/images/img000787.jpg,sunlamp,3,35617,3,07603,-0.36522,-0.140469,-0.196657,0.899004,120.68
sunlamp/images/img000795.jpg,sunlamp,1,74357,1,07663,-0.374809,0.922608,-0.0288315,-0.0864945,122.384
sunlamp/images/img000804.jpg,sunlamp,1,02054,1,65400,-0.34641,0.739008,0.023094,0.57735,136.57
sunlamp/images/img000805.jpg,sunlamp,0,34716,1,61675,-0.232456,0.826512,0.33577,0.387427,165.432
sunlamp/images/img000807.jpg,sunlamp,0,17154,1,71603,0.476942,0.80327,0.276124,0.22592,93.4804
sunlamp/images/img000808.jpg,sunlamp,1,25265,1,07176,-0.0867835,0.925691,-0.260351,-0.260351,76.8789
sunlamp/images/img000809.jpg,sunlamp,2,17135,2,24171,-0.445063,0.130901,0.837765,-0.287982,143.056
sunlamp/images/img000810.jpg,sunlamp,2,72360,1,70622,0.0274101,0.877124,0.411152,0.246691,50.0212
sunlamp/images/img000812.jpg,sunlamp,3,14152,1,47461,-0.28004,0.689329,-0.236957,0.624704,176.168
sunlamp/images/img000822.jpg,sunlamp,2,07524,2,07522,-0.20182,-0.259483,0.922608,-0.20182,12.2095
sunlamp/images/img000825.jpg,sunlamp,2,62443,1,07043,-0.337577,0.830959,-0.337577,-0.285642,153.314
sunlamp/images/img000829.jpg,sunlamp,3,71400,1,61407,-0.357407,0.879772,0.0824786,0.302422,162.588
sunlamp/images/img000830.jpg,sunlamp,1,63302,1,61362,-0.19245,0.879772,0.412393,0.137464,33.2736
sunlamp/images/img000831.jpg,sunlamp,2,50213,1,07514,-0.0837545,0.893381,-0.418772,-0.139591,65.1531
sunlamp/images/img000832.jpg,sunlamp,1,34425,1,61125,-0.151934,0.972379,0.151934,0.0911606,35.1784
sunlamp/images/img000834.jpg,sunlamp,3,43552,1,16162,0.248946,0.88514,-0.248946,-0.304267,93.0646
sunlamp/images/img000837.jpg,sunlamp,0,27553,1,25502,-0.208145,0.951522,0.0892052,-0.208145,165.032
sunlamp/images/img000843.jpg,sunlamp,2,54516,1,07055,-0.239596,0.851896,-0.399326,-0.239596,54.0154
sunlamp/images/img000844.jpg,sunlamp,2,16563,1,07475,-0.256933,0.91354,-0.314029,-0.0285481,106.368
sunlamp/images/img000847.jpg,sunlamp,2,40037,1,41422,-0.339248,0.72373,-0.565414,0.203549,110.494
sunlamp/images/img000854.jpg,sunlamp,0,16627,1,07475,-0.256933,0.91354,-0.314029,-0.0285481,158.664
sunlamp/images/img000855.jpg,sunlamp,2,25023,1,16072,0.141365,0.904735,-0.254457,-0.311003,178.095
sunlamp/images/img000856.jpg,sunlamp,0,50151,2,25261,-0.337577,0.337577,0.830959,-0.285642,88.9187
sunlamp/images/img000857.jpg,sunlamp,3,60753,1,07465,-0.358493,0.882444,-0.30334,-0.0275764,149.811
sunlamp/images/img000858.jpg,sunlamp,2,12324,1,31066,0.381373,0.717879,0.157036,-0.560843,116.446
sunlamp/images/img000860.jpg,sunlamp,0,32151,1,50661,0.0758825,0.809414,-0.480589,0.328824,174.745
sunlamp/images/img000864.jpg,sunlamp,1,43763,1,07475,-0.256933,0.91354,-0.314029,-0.0285481,57.4366
sunlamp/images/img000866.jpg,sunlamp,0,57220,1,52064,0.0289278,0.925691,-0.318206,0.202495,118.01
sunlamp/images/img000871.jpg,sunlamp,0,40727,1,21443,-0.328824,0.809414,0.0758825,-0.480589,73.5711
sunlamp/images/img000872.jpg,sunlamp,1,13034,1,21663,-0.308216,0.758686,0.355634,-0.45047,113.85
sunlamp/images/img000873.jpg,sunlamp,1,34433,1,52475,0.185826,0.849491,-0.292013,0.398199,94.5014
sunlamp/images/img000874.jpg,sunlamp,1,10742,1,21677,-0.223676,0.795292,0.372793,-0.422499,115.621
sunlamp/images/img000875.jpg,sunlamp,2,15167,1,47171,-0.0251022,0.80327,-0.276124,0.527146,91.4753
sunlamp/images/img000876.jpg,sunlamp,1,25672,1,61126,-0.208145,0.951522,0.208145,0.0892052,33.8851
sunlamp/images/img000879.jpg,sunlamp,0,32675,2,25661,-0.351095,0.351095,0.864234,-0.0810219,135.625
sunlamp/images/img000880.jpg,sunlamp,2,34524,1,52073,0.203864,0.931951,-0.262111,0.145617,171.507
sunlamp/images/img000881.jpg,sunlamp,2,51040,1,07441,-0.344137,0.847106,-0.397081,-0.0794162,38.0398
sunlamp/images/img000883.jpg,sunlamp,0,53474,0,07070,0.859235,-0.295362,-0.295362,-0.295362,122.875
sunlamp/images/img000884.jpg,sunlamp,3,71052,1,07571,-0.0294245,0.941584,-0.323669,-0.0882735,172.89
sunlamp/images/img000886.jpg,sunlamp,2,50312,1,61366,-0.190728,0.871899,0.408703,0.190728,157.766
sunlamp/images/img000888.jpg,sunlamp,0,66506,1,56203,0.0817405,0.871899,-0.136234,0.463196,163.86
sunlamp/images/img000889.jpg,sunlamp,1,16551,1,14674,0.133109,0.851896,-0.505813,-0.0266217,32.7162
sunlamp/images/img000891.jpg,sunlamp,2,57205,1,07047,-0.342224,0.842397,-0.342224,-0.236924,95.5704
sunlamp/images/img000892.jpg,sunlamp,1,25501,2,27567,-0.125828,0.578811,0.805302,-0.0251657,105.543
sunlamp/images/img000895.jpg,sunlamp,0,65445,1,07474,-0.309033,0.899004,-0.309033,-0.0280939,121.209
sunlamp/images/img000898.jpg,sunlamp,0,05427,1,07073,-0.248946,0.88514,-0.248946,-0.304267,152.064
sunlamp/images/img000899.jpg,sunlamp,2,17423,2,17066,0.442642,-0.23434,0.833209,-0.23434,5.67163
sunlamp/images/img000910.jpg,sunlamp,0,43020,0,27052,0.793334,-0.272709,0.471042,-0.272709,100.716
sunlamp/images/img000915.jpg,sunlamp,1,42273,1,65250,-0.269417,0.783758,0.220432,0.514341,67.7692
sunlamp/images/img000920.jpg,sunlamp,2,01675,2,07163,-0.141365,-0.254457,0.904735,-0.311003,31.484
sunlamp/images/img000921.jpg,sunlamp,2,56132,1,07075,-0.248946,0.88514,-0.304267,-0.248946,102.432
sunlamp/images/img000924.jpg,sunlamp,0,16563,2,07575,-0.0295269,-0.324796,0.944862,-0.0295269,135.677
sunlamp/images/img000926.jpg,sunlamp,2,61136,1,61111,-0.0312043,0.998538,0.0312043,0.0312043,154.02
sunlamp/images/img000928.jpg,sunlamp,0,44633,1,16343,0.306147,0.890609,-0.139158,-0.306147,138.889
sunlamp/images/img000935.jpg,sunlamp,3,25357,3,03673,-0.234978,-0.0261087,-0.496065,0.835478,56.6101
sunlamp/images/img000939.jpg,sunlamp,1,52020,1,61126,-0.208145,0.951522,0.208145,0.0892052,65.728
sunlamp/images/img000940.jpg,sunlamp,0,02165,1,07277,-0.261226,0.928805,-0.0290252,-0.261226,127.979
sunlamp/images/img000941.jpg,sunlamp,3,25531,1,14461,0.0712873,0.760398,-0.641585,-0.0712873,157.093
sunlamp/images/img000945.jpg,sunlamp,3,24310,3,43007,-0.351095,-0.351095,0.0810219,0.864234,88.1178
sunlamp/images/img000948.jpg,sunlamp,1,01346,1,07461,-0.357407,0.879772,-0.302422,-0.0824786,65.2203
sunlamp/images/img000957.jpg,sunlamp,2,42213,2,17062,0.43676,-0.231226,0.822136,-0.282609,134.162
sunlamp/images/img000959.jpg,sunlamp,0,70074,0,71074,0.8157,0.535303,0.127453,0.178434,47.6335
sunlamp/images/img000963.jpg,sunlamp,0,65112,1,52614,0.143208,0.916533,-0.200492,0.315058,162.397
sunlamp/images/img000965.jpg,sunlamp,2,53240,1,07277,-0.261226,0.928805,-0.0290252,-0.261226,135.533
sunlamp/images/img000966.jpg,sunlamp,2,10653,2,07077,-0.252845,-0.252845,0.899004,-0.252845,62.328
sunlamp/images/img000967.jpg,sunlamp,2,52363,1,52275,0.208145,0.951522,-0.0892052,0.208145,178.724
sunlamp/images/img000968.jpg,sunlamp,1,03123,1,16033,0.188502,0.861723,-0.24236,-0.403933,48.4099
sunlamp/images/img000969.jpg,sunlamp,0,61510,0,27445,0.830959,-0.337577,0.441447,-0.0259675,65.1821
sunlamp/images/img000970.jpg,sunlamp,1,76620,1,61773,-0.0265466,0.849491,0.398199,0.345106,36.2138
sunlamp/images/img000971.jpg,sunlamp,0,61607,0,70270,0.907642,0.141819,0.368729,0.141819,58.6343
sunlamp/images/img000973.jpg,sunlamp,3,61117,2,07570,-0.0879694,-0.322554,0.93834,-0.0879694,175.466
sunlamp/images/img000974.jpg,sunlamp,0,62776,1,65402,-0.345674,0.737437,0.0691347,0.576123,147.621
sunlamp/images/img000977.jpg,sunlamp,1,16605,1,70631,0.19245,0.879772,0.357407,0.247436,81.8674
sunlamp/images/img000985.jpg,sunlamp,3,71201,1,07477,-0.261226,0.928805,-0.261226,-0.0290252,171.48
sunlamp/images/img000986.jpg,sunlamp,0,03670,0,07072,0.871899,-0.299715,-0.245222,-0.299715,31.7313
sunlamp/images/img000987.jpg,sunlamp,0,73154,3,21263,-0.280561,0.323724,-0.582704,0.690612,167.798
sunlamp/images/img000988.jpg,sunlamp,3,06332,1,34076,0.145617,0.931951,0.203864,-0.262111,137.074
sunlamp/images/img000998.jpg,sunlamp,2,65310,2,56253,0.178434,-0.127453,0.8157,0.535303,54.5516
sunlamp/images/img001009.jpg,sunlamp,0,34611,1,07566,-0.205971,0.941584,-0.26482,-0.0294245,174.09
sunlamp/images/img001010.jpg,sunlamp,3,52246,1,47133,-0.026774,0.856767,-0.240966,0.455158,152.945
sunlamp/images/img001011.jpg,sunlamp,0,43654,2,45273,-0.210099,-0.396854,0.74702,0.490232,175.462
sunlamp/images/img001017.jpg,sunlamp,3,12160,3,23077,-0.189358,0.483916,-0.525995,0.673274,100.357
sunlamp/images/img001019.jpg,sunlamp,0,50247,1,43473,-0.244497,0.869321,-0.244497,0.353162,171.785
sunlamp/images/img001022.jpg,sunlamp,2,52165,1,25522,-0.204559,0.935129,0.204559,-0.204559,153.76
sunlamp/images/img001027.jpg,sunlamp,1,34750,1,52075,0.198547,0.907642,-0.312002,0.198547,77.6836
sunlamp/images/img001031.jpg,sunlamp,0,43637,1,70614,0.141365,0.904735,0.254457,0.311003,178.531
sunlamp/images/img001032.jpg,sunlamp,0,34407,1,07576,-0.0898429,0.958324,-0.269529,-0.0299476,177.937
sunlamp/images/img001039.jpg,sunlamp,1,17775,1,71160,0.606517,0.776342,0.121303,0.121303,29.5219
sunlamp/images/img001040.jpg,sunlamp,1,25540,1,52061,0.0873704,0.931951,-0.320358,0.145617,57.04
sunlamp/images/img001041.jpg,sunlamp,0,61236,2,07607,-0.368729,-0.141819,0.907642,-0.141819,173.653
sunlamp/images/img001045.jpg,sunlamp,2,25326,1,14677,0.189605,0.866766,-0.46047,-0.0270864,170.153
sunlamp/images/img001048.jpg,sunlamp,2,03705,2,03566,-0.184274,-0.236924,0.842397,-0.447523,12.8302
sunlamp/images/img001049.jpg,sunlamp,2,46515,1,75243,0.430597,0.725215,0.249293,0.475923,174.297
sunlamp/images/img001051.jpg,sunlamp,1,07063,1,07166,-0.199189,0.910577,-0.2561,-0.2561,22.4123
sunlamp/images/img001052.jpg,sunlamp,3,53313,1,61475,-0.244497,0.869321,0.135831,0.407494,175.695
sunlamp/images/img001053.jpg,sunlamp,0,70314,0,17063,0.80327,0.476942,-0.22592,-0.276124,71.0839
sunlamp/images/img001056.jpg,sunlamp,1,65670,1,60777,-0.404877,0.762121,0.357244,0.357244,37.8928
sunlamp/images/img001060.jpg,sunlamp,2,05752,1,61353,-0.0292228,0.935129,0.321451,0.146114,152.197
sunlamp/images/img001067.jpg,sunlamp,1,61020,1,52214,0.150278,0.961781,-0.21039,0.090167,77.8265
sunlamp/images/img001069.jpg,sunlamp,0,71133,1,17436,0.529823,0.80735,-0.227067,-0.126148,53.9604
sunlamp/images/img001073.jpg,sunlamp,1,40353,1,61651,-0.244497,0.869321,0.244497,0.353162,95.0977
sunlamp/images/img001075.jpg,sunlamp,1,36252,1,07077,-0.252845,0.899004,-0.252845,-0.252845,112.994
sunlamp/images/img001076.jpg,sunlamp,2,43277,2,25564,-0.211154,0.150824,0.965275,-0.0301648,35.3041
sunlamp/images/img001079.jpg,sunlamp,3,50367,1,07546,-0.198547,0.907642,-0.368729,-0.0283638,114.005
sunlamp/images/img001080.jpg,sunlamp,0,07564,1,61607,-0.343176,0.844742,0.29038,0.29038,111.109
sunlamp/images/img001082.jpg,sunlamp,1,25547,1,52254,0.147635,0.944862,-0.206689,0.206689,52.5387
sunlamp/images/img001083.jpg,sunlamp,0,53401,1,21641,-0.321503,0.791391,0.222579,-0.469888,170.827
sunlamp/images/img001087.jpg,sunlamp,1,43147,1,07546,-0.198547,0.907642,-0.368729,-0.0283638,29.5403
sunlamp/images/img001095.jpg,sunlamp,3,23775,1,16033,0.188502,0.861723,-0.24236,-0.403933,139.058
sunlamp/images/img001096.jpg,sunlamp,1,43663,1,61471,-0.249711,0.887862,0.138728,0.360694,23.0836
sunlamp/images/img001097.jpg,sunlamp,2,53027,1,74112,0.33667,0.828726,0.0776931,0.440261,173.837
sunlamp/images/img001100.jpg,sunlamp,2,60607,1,43643,-0.349064,0.859235,-0.134255,0.349064,129.706
sunlamp/images/img001108.jpg,sunlamp,1,22743,1,71653,0.535754,0.745396,0.25623,0.302817,148.859
sunlamp/images/img001111.jpg,sunlamp,1,32410,1,05777,-0.0275764,0.882444,-0.468798,-0.0275764,121.807
sunlamp/images/img001113.jpg,sunlamp,2,21540,1,05372,-0.0789747,0.842397,-0.447523,-0.289574,158.139
sunlamp/images/img001118.jpg,sunlamp,1,71220,1,52164,0.25205,0.896179,-0.308062,0.196039,83.4343
sunlamp/images/img001120.jpg,sunlamp,2,53503,1,53642,0.437917,0.824315,-0.128799,0.334878,179.77
sunlamp/images/img001122.jpg,sunlamp,0,25653,2,43175,-0.0289278,-0.318206,0.925691,0.202495,141.472
sunlamp/images/img001124.jpg,sunlamp,3,34767,1,07073,-0.248946,0.88514,-0.248946,-0.304267,176.476
sunlamp/images/img001134.jpg,sunlamp,0,31620,1,07447,-0.352124,0.866766,-0.352124,-0.0270864,178.89
sunlamp/images/img001135.jpg,sunlamp,2,71450,2,07075,-0.248946,-0.304267,0.88514,-0.248946,123.103
sunlamp/images/img001137.jpg,sunlamp,0,66044,1,07256,-0.311003,0.904735,-0.141365,-0.254457,56.7444
sunlamp/images/img001138.jpg,sunlamp,3,41750,1,71653,0.535754,0.745396,0.25623,0.302817,163.744
sunlamp/images/img001139.jpg,sunlamp,3,74176,3,47034,-0.272709,-0.272709,0.471042,0.793334,83.2761
sunlamp/images/img001144.jpg,sunlamp,2,72262,1,07542,-0.197911,0.904735,-0.367549,-0.0848189,138.245
sunlamp/images/img001145.jpg,sunlamp,0,41462,1,46443,-0.540853,0.596803,-0.242451,0.540853,145.304
sunlamp/images/img001151.jpg,sunlamp,1,65017,1,71044,0.46047,0.866766,0.0270864,0.189605,86.7761
sunlamp/images/img001154.jpg,sunlamp,2,41542,2,26577,-0.395992,0.535754,0.745396,-0.0232936,153.141
sunlamp/images/img001155.jpg,sunlamp,3,34470,3,03331,-0.0223887,-0.067166,-0.694049,0.716438,85.3707
sunlamp/images/img001159.jpg,sunlamp,1,25527,1,43312,-0.0921878,0.983336,-0.153646,0.0307293,46.0906
sunlamp/images/img001160.jpg,sunlamp,1,22432,1,21660,-0.355634,0.758686,0.308216,-0.45047,28.556
sunlamp/images/img001164.jpg,sunlamp,0,45732,3,25463,-0.367549,0.197911,-0.0848189,0.904735,149.68
sunlamp/images/img001166.jpg,sunlamp,3,50706,1,65001,-0.337577,0.830959,0.0259675,0.441447,164.204
sunlamp/images/img001170.jpg,sunlamp,0,16274,3,43171,-0.0292228,-0.321451,0.146114,0.935129,141.596
sunlamp/images/img001171.jpg,sunlamp,0,62675,1,61561,-0.141819,0.907642,0.141819,0.368729,141.17
sunlamp/images/img001172.jpg,sunlamp,0,76404,2,71265,0.474555,0.324696,0.799251,0.174836,84.4957
sunlamp/images/img001173.jpg,sunlamp,3,06111,1,05676,-0.29038,0.844742,-0.448769,-0.0263982,175.625
sunlamp/images/img001180.jpg,sunlamp,3,45314,1,07073,-0.248946,0.88514,-0.248946,-0.304267,78.3021
sunlamp/images/img001183.jpg,sunlamp,2,60612,1,43460,-0.38236,0.8157,-0.280397,0.331378,146.441
sunlamp/images/img001188.jpg,sunlamp,1,50061,1,14762,0.240278,0.854321,-0.453858,-0.0800926,38.9947
sunlamp/images/img001189.jpg,sunlamp,0,57605,0,07353,0.935129,-0.0292228,-0.146114,-0.321451,123.405
sunlamp/images/img001192.jpg,sunlamp,3,05303,1,16073,0.196039,0.896179,-0.25205,-0.308062,104.313
sunlamp/images/img001193.jpg,sunlamp,3,16022,3,03773,-0.0268511,-0.0268511,-0.510171,0.859235,26.6071
sunlamp/images/img001194.jpg,sunlamp,3,70410,1,16454,0.140028,0.896179,-0.420084,-0.0280056,167.98
sunlamp/images/img001195.jpg,sunlamp,1,63407,1,61671,-0.236924,0.842397,0.342224,0.342224,20.8904
sunlamp/images/img001197.jpg,sunlamp,0,61043,0,07071,0.871899,-0.245222,-0.299715,-0.299715,72.5523
sunlamp/images/img001198.jpg,sunlamp,1,42120,1,61541,-0.143208,0.916533,0.0286417,0.372342,75.6399
sunlamp/images/img001204.jpg,sunlamp,1,34377,1,14277,0.184274,0.842397,-0.447523,-0.236924,100.063
sunlamp/images/img001207.jpg,sunlamp,1,74127,1,16252,0.144639,0.925691,-0.144639,-0.318206,102.102
sunlamp/images/img001208.jpg,sunlamp,1,03775,1,47152,-0.0740121,0.789462,-0.320719,0.518084,121.938
sunlamp/images/img001209.jpg,sunlamp,3,35404,1,07047,-0.342224,0.842397,-0.342224,-0.236924,144.573
sunlamp/images/img001213.jpg,sunlamp,0,23465,2,24177,-0.447523,0.184274,0.842397,-0.236924,168.091
sunlamp/images/img001216.jpg,sunlamp,1,02653,1,07231,-0.245953,0.8745,-0.0819844,-0.409922,41.7159
sunlamp/images/img001218.jpg,sunlamp,1,16337,1,21677,-0.223676,0.795292,0.372793,-0.422499,87.2896
sunlamp/images/img001219.jpg,sunlamp,2,20112,1,16152,0.337577,0.830959,-0.337577,-0.285642,167.968
sunlamp/images/img001220.jpg,sunlamp,0,56024,0,07476,0.91354,-0.314029,-0.256933,-0.0285481,72.5703
sunlamp/images/img001223.jpg,sunlamp,1,21746,1,07301,-0.137464,0.879772,-0.19245,-0.412393,56.2437
sunlamp/images/img001224.jpg,sunlamp,2,37610,1,52147,0.297951,0.866766,-0.352124,0.189605,142.359
sunlamp/images/img001225.jpg,sunlamp,2,70200,1,61351,-0.0297351,0.951522,0.267615,0.148675,120.016
sunlamp/images/img001227.jpg,sunlamp,3,34024,3,03276,-0.261387,-0.0237624,-0.594061,0.760398,50.5665
sunlamp/images/img001229.jpg,sunlamp,2,52624,1,61162,-0.206689,0.944862,0.206689,0.147635,162.664
sunlamp/images/img001230.jpg,sunlamp,0,32017,3,23037,-0.180907,0.462317,-0.582922,0.643224,93.8313
sunlamp/images/img001231.jpg,sunlamp,1,43506,1,25677,-0.246691,0.877124,0.411152,-0.0274101,96.8163
sunlamp/images/img001232.jpg,sunlamp,2,15540,1,14047,0.0678497,0.72373,-0.65588,-0.203549,73.6866
sunlamp/images/img001233.jpg,sunlamp,2,40556,1,14672,0.136234,0.871899,-0.463196,-0.0817405,53.1121
sunlamp/images/img001234.jpg,sunlamp,3,06724,1,61605,-0.348062,0.856767,0.240966,0.294514,137.664
sunlamp/images/img001238.jpg,sunlamp,2,67265,1,07445,-0.345106,0.849491,-0.398199,-0.0265466,144.064
sunlamp/images/img001240.jpg,sunlamp,2,70213,1,07575,-0.0295269,0.944862,-0.324796,-0.0295269,179.405
sunlamp/images/img001241.jpg,sunlamp,0,61354,2,07471,-0.2561,-0.313011,0.910577,-0.0853666,178.826
sunlamp/images/img001243.jpg,sunlamp,0,50530,1,07073,-0.248946,0.88514,-0.248946,-0.304267,162.55
sunlamp/images/img001252.jpg,sunlamp,2,61452,1,07267,-0.364073,0.896179,-0.0280056,-0.25205,171.217
sunlamp/images/img001255.jpg,sunlamp,3,44353,3,43643,-0.349064,-0.134255,0.349064,0.859235,41.7637
sunlamp/images/img001262.jpg,sunlamp,2,14177,1,61615,-0.248946,0.88514,0.248946,0.304267,126.55
sunlamp/images/img001264.jpg,sunlamp,1,55064,1,17064,0.43676,0.822136,-0.282609,-0.231226,88.2368
sunlamp/images/img001267.jpg,sunlamp,3,16756,3,07401,-0.339413,-0.39163,-0.182761,0.835478,88.1184
sunlamp/images/img001269.jpg,sunlamp,2,73055,1,43471,-0.240966,0.856767,-0.294514,0.348062,175.394
sunlamp/images/img001270.jpg,sunlamp,2,74474,3,67151,-0.0238705,0.405798,0.50128,0.763856,42.4968
sunlamp/images/img001274.jpg,sunlamp,3,70032,1,50673,0.1789,0.817829,-0.434472,0.332243,120.79
sunlamp/images/img001277.jpg,sunlamp,2,24640,1,21467,-0.332243,0.817829,0.1789,-0.434472,113.86
sunlamp/images/img001278.jpg,sunlamp,0,20212,2,21661,-0.313185,0.313185,0.770916,-0.457732,171.916
sunlamp/images/img001279.jpg,sunlamp,0,05411,3,40733,-0.414388,-0.414388,0.219382,0.780024,123.729
sunlamp/images/img001284.jpg,sunlamp,2,55436,1,07075,-0.248946,0.88514,-0.304267,-0.248946,68.184
sunlamp/images/img001286.jpg,sunlamp,2,65053,1,07033,-0.239596,0.851896,-0.239596,-0.399326,147.028
sunlamp/images/img001287.jpg,sunlamp,1,72142,1,14653,0.179369,0.819974,-0.538108,-0.0768726,128.129
sunlamp/images/img001288.jpg,sunlamp,1,66571,1,65452,-0.246276,0.716438,0.067166,0.649272,43.1166
sunlamp/images/img001291.jpg,sunlamp,2,27144,2,70321,0.30334,0.358493,0.882444,0.0275764,65.4592
sunlamp/images/img001299.jpg,sunlamp,3,04561,1,07447,-0.352124,0.866766,-0.352124,-0.0270864,140.767
sunlamp/images/img001300.jpg,sunlamp,0,21734,0,27072,0.755297,-0.259633,0.54287,-0.259633,44.7391
sunlamp/images/img001301.jpg,sunlamp,0,43514,0,07062,0.840072,-0.393784,-0.23627,-0.288775,82.9754
sunlamp/images/img001303.jpg,sunlamp,1,32737,1,34753,0.403933,0.861723,0.296217,-0.0807866,61.0229
sunlamp/images/img001307.jpg,sunlamp,1,43707,1,07556,-0.0864945,0.922608,-0.374809,-0.0288315,47.1036
sunlamp/images/img001308.jpg,sunlamp,2,32406,1,07071,-0.245222,0.871899,-0.299715,-0.299715,145.683
sunlamp/images/img001311.jpg,sunlamp,0,27441,2,71073,0.570209,0.173542,0.793334,0.123958,85.0643
sunlamp/images/img001313.jpg,sunlamp,2,70771,2,25451,-0.269529,0.0299476,0.958324,-0.0898429,101.824
sunlamp/images/img001316.jpg,sunlamp,3,30474,2,03661,-0.328824,-0.0758825,0.809414,-0.480589,62.2132
sunlamp/images/img001318.jpg,sunlamp,1,70112,1,70144,0.26482,0.941584,0.0294245,0.205971,24.1694
sunlamp/images/img001321.jpg,sunlamp,3,05512,1,07263,-0.358493,0.882444,-0.0275764,-0.30334,78.973
sunlamp/images/img001322.jpg,sunlamp,2,06277,1,71653,0.535754,0.745396,0.25623,0.302817,155.877
sunlamp/images/img001323.jpg,sunlamp,2,31156,1,02577,-0.414388,0.780024,-0.219382,-0.414388,163.387
sunlamp/images/img001324.jpg,sunlamp,1,27413,2,07501,-0.137464,-0.412393,0.879772,-0.19245,164.237
sunlamp/images/img001326.jpg,sunlamp,1,07205,1,07166,-0.199189,0.910577,-0.2561,-0.2561,19.5057
sunlamp/images/img001327.jpg,sunlamp,1,43506,1,07476,-0.314029,0.91354,-0.256933,-0.0285481,43.7385
sunlamp/images/img001329.jpg,sunlamp,1,05614,1,05566,-0.169825,0.776342,-0.606517,-0.0242607,16.3399
sunlamp/images/img001330.jpg,sunlamp,3,53230,3,61601,-0.353162,0.244497,0.244497,0.869321,115.667
sunlamp/images/img001331.jpg,sunlamp,3,43554,1,47141,-0.120736,0.772712,-0.362209,0.507093,177.906
sunlamp/images/img001336.jpg,sunlamp,1,74072,1,47257,-0.220963,0.785646,-0.122757,0.564683,52.5526
sunlamp/images/img001338.jpg,sunlamp,1,27354,2,07154,-0.0819844,-0.409922,0.8745,-0.245953,149.755
sunlamp/images/img001340.jpg,sunlamp,1,70123,1,16651,0.208145,0.951522,-0.208145,-0.0892052,54.087
sunlamp/images/img001343.jpg,sunlamp,3,52517,1,05676,-0.29038,0.844742,-0.448769,-0.0263982,112.589
sunlamp/images/img001344.jpg,sunlamp,3,53060,3,61401,-0.364073,0.0280056,0.25205,0.896179,102.843
sunlamp/images/img001349.jpg,sunlamp,2,61710,1,61155,-0.0304997,0.975991,0.0304997,0.213498,140.216
sunlamp/images/img001354.jpg,sunlamp,0,67313,0,26575,0.763856,-0.405798,0.50128,-0.0238705,63.205
sunlamp/images/img001355.jpg,sunlamp,1,01606,1,07447,-0.352124,0.866766,-0.352124,-0.0270864,53.6027
sunlamp/images/img001361.jpg,sunlamp,0,53403,1,07611,-0.259483,0.922608,-0.20182,-0.20182,148.852
sunlamp/images/img001363.jpg,sunlamp,2,36735,1,70161,0.318206,0.925691,0.144639,0.144639,77.1952
sunlamp/images/img001366.jpg,sunlamp,1,63407,1,61633,-0.239596,0.851896,0.399326,0.239596,14.8307
sunlamp/images/img001370.jpg,sunlamp,3,72016,1,16074,0.141365,0.904735,-0.311003,-0.254457,154.598
sunlamp/images/img001371.jpg,sunlamp,2,25755,2,05773,-0.0274929,-0.467379,0.879772,-0.0824786,87.4652
sunlamp/images/img001376.jpg,sunlamp,0,60777,1,25041,-0.358493,0.882444,0.0275764,-0.30334,87.3272
sunlamp/images/img001379.jpg,sunlamp,1,76201,1,61727,-0.13387,0.856767,0.40161,0.294514,35.4479
sunlamp/images/img001386.jpg,sunlamp,3,43630,1,07476,-0.314029,0.91354,-0.256933,-0.0285481,172.399
sunlamp/images/img001390.jpg,sunlamp,1,65200,1,07156,-0.0837545,0.893381,-0.362936,-0.251263,112.573
sunlamp/images/img001392.jpg,sunlamp,0,43546,0,07004,0.789462,-0.37006,-0.37006,-0.320719,85.1917
sunlamp/images/img001394.jpg,sunlamp,3,02171,1,03661,-0.328824,0.809414,-0.0758825,-0.480589,137.204
sunlamp/images/img001395.jpg,sunlamp,0,61043,0,25272,0.828726,-0.284875,0.388465,-0.284875,61.3812
sunlamp/images/img001402.jpg,sunlamp,1,22771,1,41522,-0.165963,0.758686,-0.592723,0.21338,167.464
sunlamp/images/img001403.jpg,sunlamp,3,56002,3,45103,-0.107113,-0.621254,0.364184,0.685522,39.4816
sunlamp/images/img001404.jpg,sunlamp,1,27066,1,07436,-0.311003,0.904735,-0.254457,-0.141365,96.9503
sunlamp/images/img001408.jpg,sunlamp,2,77337,1,16033,0.188502,0.861723,-0.24236,-0.403933,144.842
sunlamp/images/img001413.jpg,sunlamp,1,03775,1,07347,-0.147122,0.941584,-0.147122,-0.26482,26.9493
sunlamp/images/img001414.jpg,sunlamp,2,23254,1,75026,0.409549,0.770916,0.168638,0.457732,159.035
sunlamp/images/img001417.jpg,sunlamp,3,60563,1,07551,-0.028183,0.901856,-0.422745,-0.084549,175.711
sunlamp/images/img001418.jpg,sunlamp,0,32760,1,07061,-0.343176,0.844742,-0.29038,-0.29038,165.92
sunlamp/images/img001419.jpg,sunlamp,1,60670,1,65101,-0.136641,0.8745,0.0273281,0.464578,66.9217
sunlamp/images/img001424.jpg,sunlamp,0,17337,1,17466,0.455158,0.856767,-0.240966,-0.026774,53.1089
sunlamp/images/img001427.jpg,sunlamp,3,05265,3,07571,-0.0294245,-0.323669,-0.0882735,0.941584,43.9862
sunlamp/images/img001429.jpg,sunlamp,0,41603,1,47060,-0.352478,0.751953,-0.258484,0.493469,150.492
sunlamp/images/img001434.jpg,sunlamp,0,72300,1,07463,-0.362936,0.893381,-0.251263,-0.0837545,149.683
sunlamp/images/img001438.jpg,sunlamp,1,16741,1,41771,-0.0253592,0.811493,-0.481824,0.329669,72.3739
sunlamp/images/img001439.jpg,sunlamp,1,41516,1,43117,-0.0288315,0.922608,-0.374809,0.0864945,44.9956
sunlamp/images/img001445.jpg,sunlamp,2,17276,1,12643,0.0796398,0.849491,-0.132733,-0.504385,175.388
sunlamp/images/img001448.jpg,sunlamp,1,17147,1,12673,0.184787,0.844742,-0.0263982,-0.501565,69.9361
sunlamp/images/img001449.jpg,sunlamp,1,20512,1,21667,-0.314649,0.774521,0.363057,-0.411464,37.3713
sunlamp/images/img001452.jpg,sunlamp,3,06373,1,07506,-0.196657,0.899004,-0.36522,-0.140469,172.543
sunlamp/images/img001455.jpg,sunlamp,1,54060,1,05567,-0.122169,0.781884,-0.610847,-0.0244339,59.6193
sunlamp/images/img001457.jpg,sunlamp,3,52712,3,07471,-0.2561,-0.313011,-0.0853666,0.910577,87.5382
sunlamp/images/img001458.jpg,sunlamp,0,62542,0,06263,0.717879,-0.650578,-0.0224337,-0.246771,83.6256
sunlamp/images/img001459.jpg,sunlamp,2,37021,1,35206,0.424602,0.799251,0.274743,-0.324696,65.324
sunlamp/images/img001462.jpg,sunlamp,2,70614,1,61573,-0.0283638,0.907642,0.198547,0.368729,120.046
sunlamp/images/img001463.jpg,sunlamp,0,34054,1,47103,-0.128799,0.824315,-0.334878,0.437917,168.301
sunlamp/images/img001464.jpg,sunlamp,1,06275,3,54233,0.172276,-0.418384,0.418384,0.787547,104.147
sunlamp/images/img001465.jpg,sunlamp,1,53307,1,51263,0.460953,0.776342,-0.412432,0.121303,43.0459
sunlamp/images/img001466.jpg,sunlamp,3,13427,1,25671,-0.251263,0.893381,0.362936,-0.0837545,114.031
sunlamp/images/img001473.jpg,sunlamp,2,45644,1,07171,-0.0280939,0.899004,-0.309033,-0.309033,80.8076
sunlamp/images/img001476.jpg,sunlamp,0,61213,2,07475,-0.256933,-0.314029,0.91354,-0.0285481,163.688
sunlamp/images/img001478.jpg,sunlamp,3,74040,3,45343,-0.113783,-0.47789,0.47789,0.728214,60.0522
sunlamp/images/img001482.jpg,sunlamp,0,74037,0,06676,0.763856,-0.644503,-0.0238705,-0.0238705,120.745
sunlamp/images/img001483.jpg,sunlamp,0,61225,2,25665,-0.352124,0.352124,0.866766,-0.0270864,166.16
sunlamp/images/img001484.jpg,sunlamp,0,43317,3,43171,-0.0292228,-0.321451,0.146114,0.935129,177.86
sunlamp/images/img001485.jpg,sunlamp,0,13054,1,12474,0.130901,0.837765,-0.287982,-0.445063,79.7062
sunlamp/images/img001486.jpg,sunlamp,2,05774,2,50201,0.0758825,-0.581766,0.809414,0.0252942,20.8189
sunlamp/images/img001488.jpg,sunlamp,1,12270,1,14473,0.169426,0.774521,-0.605095,-0.0726113,93.9728
sunlamp/images/img001493.jpg,sunlamp,0,56656,3,03673,-0.234978,-0.0261087,-0.496065,0.835478,123.024
sunlamp/images/img001498.jpg,sunlamp,0,71626,0,71621,0.791391,0.469888,0.321503,0.222579,9.28751
sunlamp/images/img001500.jpg,sunlamp,1,56220,1,52642,0.0286417,0.916533,-0.143208,0.372342,12.4173
sunlamp/images/img001503.jpg,sunlamp,3,41312,1,45373,-0.0238705,0.763856,-0.405798,0.50128,176.235
sunlamp/images/img001504.jpg,sunlamp,0,12566,1,07477,-0.261226,0.928805,-0.261226,-0.0290252,171.498
sunlamp/images/img001505.jpg,sunlamp,1,10420,1,07432,-0.308062,0.896179,-0.25205,-0.196039,68.8238
sunlamp/images/img001507.jpg,sunlamp,0,06713,3,65401,-0.304808,0.0234468,0.58617,0.750298,120.886
sunlamp/images/img001512.jpg,sunlamp,2,37642,1,07171,-0.0280939,0.899004,-0.309033,-0.309033,143.562
sunlamp/images/img001515.jpg,sunlamp,0,17463,0,17407,0.805302,0.478148,-0.327154,-0.125828,12.7318
sunlamp/images/img001516.jpg,sunlamp,1,60443,1,60551,-0.441447,0.830959,0.0259675,0.337577,28.0356
sunlamp/images/img001518.jpg,sunlamp,2,31157,1,05673,-0.240278,0.854321,-0.453858,-0.0800926,141.847
sunlamp/images/img001521.jpg,sunlamp,1,56274,1,43346,-0.206689,0.944862,-0.147635,0.206689,60.5588
sunlamp/images/img001522.jpg,sunlamp,0,05262,1,07061,-0.343176,0.844742,-0.29038,-0.29038,133.497
sunlamp/images/img001528.jpg,sunlamp,1,27730,2,05467,-0.304808,-0.58617,0.750298,-0.0234468,171.725
sunlamp/images/img001529.jpg,sunlamp,2,22460,1,45647,-0.255196,0.628176,-0.41224,0.608545,172.708
sunlamp/images/img001530.jpg,sunlamp,2,12470,1,43271,-0.266674,0.948174,-0.0888913,0.148152,127.191
sunlamp/images/img001533.jpg,sunlamp,1,20533,1,21461,-0.327154,0.805302,0.125828,-0.478148,14.666
sunlamp/images/img001535.jpg,sunlamp,2,05223,1,52176,0.357407,0.879772,-0.247436,0.19245,84.0831
sunlamp/images/img001536.jpg,sunlamp,3,65171,1,65147,-0.125511,0.80327,0.0753066,0.57735,98.8544
sunlamp/images/img001537.jpg,sunlamp,1,37045,2,34366,0.239596,0.399326,0.851896,-0.239596,69.8041
sunlamp/images/img001539.jpg,sunlamp,0,17674,1,61717,-0.0280939,0.899004,0.309033,0.309033,130.56
sunlamp/images/img001541.jpg,sunlamp,2,13001,3,45103,-0.107113,-0.621254,0.364184,0.685522,174.428
sunlamp/images/img001542.jpg,sunlamp,1,43666,1,07461,-0.357407,0.879772,-0.302422,-0.0824786,67.3569
sunlamp/images/img001545.jpg,sunlamp,3,44312,1,47102,-0.1789,0.817829,-0.332243,0.434472,167.587
sunlamp/images/img001547.jpg,sunlamp,1,62043,1,07260,-0.403933,0.861723,-0.0807866,-0.296217,78.0974
sunlamp/images/img001550.jpg,sunlamp,0,04736,1,65010,-0.29038,0.844742,0.0263982,0.448769,95.312
sunlamp/images/img001551.jpg,sunlamp,2,61675,2,61055,-0.26482,0.0294245,0.941584,0.205971,44.0405
sunlamp/images/img001552.jpg,sunlamp,2,77425,1,24357,-0.43676,0.822136,0.282609,-0.231226,151.802
sunlamp/images/img001556.jpg,sunlamp,1,71416,1,16366,0.261226,0.928805,-0.0290252,-0.261226,73.8393
sunlamp/images/img001557.jpg,sunlamp,1,47351,1,47072,-0.269417,0.783758,-0.220432,0.514341,31.742
sunlamp/images/img001560.jpg,sunlamp,1,16623,1,52062,0.0297351,0.951522,-0.267615,0.148675,47.5021
sunlamp/images/img001562.jpg,sunlamp,1,43312,1,43345,-0.147635,0.944862,-0.206689,0.206689,20.626
sunlamp/images/img001563.jpg,sunlamp,2,23346,1,07136,-0.0837545,0.893381,-0.251263,-0.362936,117.699
sunlamp/images/img001569.jpg,sunlamp,1,14101,1,14353,0.352478,0.751953,-0.493469,-0.258484,25.6306
sunlamp/images/img001574.jpg,sunlamp,1,25436,1,07652,-0.320358,0.931951,-0.145617,-0.0873704,42.9831
sunlamp/images/img001577.jpg,sunlamp,3,50270,1,07561,-0.145617,0.931951,-0.320358,-0.0873704,105.54
sunlamp/images/img001578.jpg,sunlamp,1,74110,1,52653,0.196657,0.899004,-0.140469,0.36522,26.8803
sunlamp/images/img001586.jpg,sunlamp,2,66376,1,05653,-0.228232,0.811493,-0.532542,-0.0760775,155.192
sunlamp/images/img001592.jpg,sunlamp,2,77712,1,47161,-0.124573,0.797264,-0.27406,0.523205,133.938
sunlamp/images/img001595.jpg,sunlamp,1,56241,3,45303,-0.118545,-0.497888,0.403052,0.758686,170.73
sunlamp/images/img001602.jpg,sunlamp,0,02775,0,27405,0.824315,-0.334878,0.437917,-0.128799,71.8451
sunlamp/images/img001605.jpg,sunlamp,1,12444,1,07456,-0.30334,0.882444,-0.358493,-0.0275764,58.2568
sunlamp/images/img001606.jpg,sunlamp,2,61636,1,61367,-0.137464,0.879772,0.412393,0.19245,77.3792
sunlamp/images/img001607.jpg,sunlamp,2,56302,1,61055,-0.26482,0.941584,0.0294245,0.205971,173.649
sunlamp/images/img001608.jpg,sunlamp,2,74322,1,25677,-0.246691,0.877124,0.411152,-0.0274101,108.447
sunlamp/images/img001610.jpg,sunlamp,3,43015,3,61707,-0.139158,0.306147,0.306147,0.890609,85.8829
sunlamp/images/img001615.jpg,sunlamp,2,07146,1,16455,0.19422,0.887862,-0.416185,-0.0277457,86.7313
sunlamp/images/img001618.jpg,sunlamp,2,06350,2,06503,-0.511891,-0.316885,0.780024,-0.17063,21.1704
sunlamp/images/img001619.jpg,sunlamp,1,12300,1,21463,-0.324696,0.799251,0.174836,-0.474555,77.924
sunlamp/images/img001620.jpg,sunlamp,1,06661,1,65166,-0.172276,0.787547,0.172276,0.566049,101.585
sunlamp/images/img001624.jpg,sunlamp,2,43562,1,61527,-0.143208,0.916533,0.200492,0.315058,169.167
sunlamp/images/img001632.jpg,sunlamp,3,67271,1,65432,-0.257915,0.750298,0.164128,0.58617,40.5558
sunlamp/images/img001633.jpg,sunlamp,2,25743,1,52065,0.0864945,0.922608,-0.317146,0.20182,179.312
sunlamp/images/img001634.jpg,sunlamp,1,17022,1,70551,0.398199,0.849491,0.0265466,0.345106,91.0929
sunlamp/images/img001638.jpg,sunlamp,0,21746,1,06503,-0.511891,0.780024,-0.316885,-0.17063,110.466
sunlamp/images/img001639.jpg,sunlamp,2,05057,2,07070,-0.295362,-0.295362,0.859235,-0.295362,45.0071
sunlamp/images/img001640.jpg,sunlamp,0,30347,3,07441,-0.344137,-0.397081,-0.0794162,0.847106,62.7355
sunlamp/images/img001642.jpg,sunlamp,1,43255,1,45313,-0.0238705,0.763856,-0.50128,0.405798,53.8269
sunlamp/images/img001644.jpg,sunlamp,1,71510,1,71163,0.631676,0.748653,0.163768,0.116977,19.6156
sunlamp/images/img001655.jpg,sunlamp,0,12716,3,06553,-0.440261,-0.33667,-0.0776931,0.828726,56.8114
sunlamp/images/img001656.jpg,sunlamp,0,16366,1,07576,-0.0898429,0.958324,-0.269529,-0.0299476,156.936
sunlamp/images/img001658.jpg,sunlamp,3,20251,1,25041,-0.358493,0.882444,0.0275764,-0.30334,163.411
sunlamp/images/img001659.jpg,sunlamp,2,43335,1,07551,-0.028183,0.901856,-0.422745,-0.084549,118.745
sunlamp/images/img001660.jpg,sunlamp,0,23544,2,71271,0.550277,0.311026,0.765603,0.119625,98.6431
sunlamp/images/img001663.jpg,sunlamp,3,53405,1,65003,-0.33667,0.828726,0.0776931,0.440261,169.596
sunlamp/images/img001664.jpg,sunlamp,3,10722,0,07063,0.856767,-0.348062,-0.240966,-0.294514,152.88
sunlamp/images/img001665.jpg,sunlamp,2,13006,1,12523,0.262575,0.763856,-0.214834,-0.549021,173.982
sunlamp/images/img001669.jpg,sunlamp,2,43744,1,70563,0.297951,0.866766,0.189605,0.352124,167.174
sunlamp/images/img001670.jpg,sunlamp,2,50514,1,07043,-0.337577,0.830959,-0.337577,-0.285642,44.2445
sunlamp/images/img001671.jpg,sunlamp,1,73422,1,14677,0.189605,0.866766,-0.46047,-0.0270864,124.349
sunlamp/images/img001672.jpg,sunlamp,3,05655,0,07560,0.922608,-0.20182,-0.317146,-0.0864945,165.609
sunlamp/images/img001675.jpg,sunlamp,2,16370,1,16611,0.204559,0.935129,-0.204559,-0.204559,168
sunlamp/images/img001676.jpg,sunlamp,0,24301,1,47247,-0.311026,0.765603,-0.119625,0.550277,64.9627
sunlamp/images/img001680.jpg,sunlamp,1,74675,1,21463,-0.324696,0.799251,0.174836,-0.474555,152.864
sunlamp/images/img001682.jpg,sunlamp,2,61606,1,05432,-0.257915,0.750298,-0.58617,-0.164128,154.982
sunlamp/images/img001684.jpg,sunlamp,3,52156,1,05677,-0.240966,0.856767,-0.455158,-0.026774,122.869
sunlamp/images/img001687.jpg,sunlamp,1,77004,1,16033,0.188502,0.861723,-0.24236,-0.403933,130.144
sunlamp/images/img001689.jpg,sunlamp,3,65031,1,61475,-0.244497,0.869321,0.135831,0.407494,110.877
sunlamp/images/img001697.jpg,sunlamp,2,54700,1,06537,-0.451292,0.849491,-0.238919,-0.132733,86.3955
sunlamp/images/img001699.jpg,sunlamp,3,26407,1,42477,-0.565414,0.72373,-0.203549,0.339248,54.9981
sunlamp/images/img001701.jpg,sunlamp,3,42277,1,42171,-0.445063,0.837765,-0.287982,0.130901,146.831
sunlamp/images/img001703.jpg,sunlamp,2,57101,1,24143,-0.525822,0.801253,0.0751175,-0.275431,106.362
sunlamp/images/img001704.jpg,sunlamp,3,16067,3,52003,0.0864945,-0.374809,0.0288315,0.922608,33.303
sunlamp/images/img001707.jpg,sunlamp,0,30506,1,07476,-0.314029,0.91354,-0.256933,-0.0285481,172.811
sunlamp/images/img001708.jpg,sunlamp,2,63117,1,61373,-0.0280056,0.896179,0.420084,0.140028,68.1793
sunlamp/images/img001709.jpg,sunlamp,3,61442,1,52477,0.188502,0.861723,-0.24236,0.403933,150.024
sunlamp/images/img001712.jpg,sunlamp,3,27060,1,47443,-0.276972,0.681778,-0.276972,0.617861,30.4051
sunlamp/images/img001713.jpg,sunlamp,2,15120,1,41564,-0.155479,0.71076,-0.599704,0.333169,43.9265
sunlamp/images/img001715.jpg,sunlamp,0,34424,2,41721,-0.129488,-0.492056,0.828726,0.233079,177.747
sunlamp/images/img001718.jpg,sunlamp,3,55363,0,27061,0.763856,-0.310316,0.50128,-0.262575,110.568
sunlamp/images/img001720.jpg,sunlamp,3,57144,0,62151,0.793334,-0.421459,0.421459,0.123958,70.84
sunlamp/images/img001725.jpg,sunlamp,1,51414,1,05577,-0.0246108,0.787547,-0.615271,-0.0246108,60.8714
sunlamp/images/img001727.jpg,sunlamp,2,64434,1,64503,-0.458367,0.698464,0.065481,0.545675,98.9747
sunlamp/images/img001729.jpg,sunlamp,2,74742,1,24243,-0.63178,0.697136,0.239641,-0.239641,172.151
sunlamp/images/img001730.jpg,sunlamp,2,35753,1,16303,0.294514,0.856767,-0.13387,-0.40161,138.664
sunlamp/images/img001732.jpg,sunlamp,1,26743,1,07436,-0.311003,0.904735,-0.254457,-0.141365,103.574
sunlamp/images/img001736.jpg,sunlamp,0,50362,1,42573,-0.430001,0.809414,-0.227648,0.328824,179.579
sunlamp/images/img001737.jpg,sunlamp,2,07227,1,16172,0.348062,0.856767,-0.240966,-0.294514,149.088
sunlamp/images/img001738.jpg,sunlamp,3,53261,1,05677,-0.240966,0.856767,-0.455158,-0.026774,146.986
sunlamp/images/img001739.jpg,sunlamp,3,60753,1,07474,-0.309033,0.899004,-0.309033,-0.0280939,152.492
sunlamp/images/img001744.jpg,sunlamp,0,46375,1,07477,-0.261226,0.928805,-0.261226,-0.0290252,111.644
sunlamp/images/img001754.jpg,sunlamp,0,40410,1,07242,-0.40161,0.856767,-0.13387,-0.294514,98.7462
sunlamp/images/img001755.jpg,sunlamp,0,57153,1,07161,-0.139158,0.890609,-0.306147,-0.306147,133.942
sunlamp/images/img001760.jpg,sunlamp,2,34400,1,05771,-0.026774,0.856767,-0.508706,-0.0803219,125.953
sunlamp/images/img001763.jpg,sunlamp,0,65763,1,16575,0.40511,0.864234,-0.29708,-0.0270073,169.671
sunlamp/images/img001764.jpg,sunlamp,1,42727,3,45312,-0.0714488,-0.500142,0.404877,0.762121,160.316
sunlamp/images/img001767.jpg,sunlamp,1,63444,1,61673,-0.232456,0.826512,0.387427,0.33577,15.2757
sunlamp/images/img001769.jpg,sunlamp,1,35414,1,71064,0.456468,0.859235,0.134255,0.187958,40.1681
sunlamp/images/img001770.jpg,sunlamp,3,56066,1,30566,0.236924,0.842397,0.184274,-0.447523,126.164
sunlamp/images/img001771.jpg,sunlamp,3,26553,1,05675,-0.234978,0.835478,-0.496065,-0.0261087,121.936
sunlamp/images/img001781.jpg,sunlamp,2,53521,1,05233,-0.223676,0.795292,-0.422499,-0.372793,87.4516
sunlamp/images/img001785.jpg,sunlamp,2,74342,1,07167,-0.143681,0.919555,-0.258625,-0.258625,167.644
sunlamp/images/img001787.jpg,sunlamp,1,30742,1,17060,0.431106,0.811493,-0.278951,-0.278951,73.7676
sunlamp/images/img001796.jpg,sunlamp,1,14664,1,50274,0.130901,0.837765,-0.497423,0.183261,28.3032
sunlamp/images/img001802.jpg,sunlamp,2,11102,1,74663,0.065481,0.698464,0.327405,0.632983,124.592
sunlamp/images/img001804.jpg,sunlamp,3,16546,1,07476,-0.314029,0.91354,-0.256933,-0.0285481,127.07
sunlamp/images/img001806.jpg,sunlamp,2,70710,1,70067,0.0892052,0.951522,0.208145,0.208145,118.76
sunlamp/images/img001807.jpg,sunlamp,1,44325,1,42571,-0.424602,0.799251,-0.274743,0.324696,22.679
sunlamp/images/img001813.jpg,sunlamp,2,65311,1,61612,-0.299715,0.871899,0.299715,0.245222,107.952
sunlamp/images/img001816.jpg,sunlamp,1,52663,1,43673,-0.25205,0.896179,-0.0280056,0.364073,37.0606
sunlamp/images/img001819.jpg,sunlamp,3,35473,1,07566,-0.205971,0.941584,-0.26482,-0.0294245,177.037
sunlamp/images/img001830.jpg,sunlamp,3,41372,1,43471,-0.240966,0.856767,-0.294514,0.348062,167.695
sunlamp/images/img001832.jpg,sunlamp,2,36673,1,41171,-0.0237089,0.758686,-0.640141,0.118545,173.091
sunlamp/images/img001835.jpg,sunlamp,1,34465,1,70124,0.266674,0.948174,0.148152,0.0888913,23.6359
sunlamp/images/img001837.jpg,sunlamp,0,67253,0,27064,0.760398,-0.356436,0.499011,-0.213862,79.2799
sunlamp/images/img001838.jpg,sunlamp,2,70174,1,21457,-0.240278,0.854321,0.0800926,-0.453858,179.266
sunlamp/images/img001839.jpg,sunlamp,3,56201,1,52563,0.294514,0.856767,-0.240966,0.348062,176.179
sunlamp/images/img001842.jpg,sunlamp,3,21245,3,41116,-0.0691347,-0.668302,0.0691347,0.737437,133.697
sunlamp/images/img001843.jpg,sunlamp,1,33456,1,35036,0.511891,0.780024,0.17063,-0.316885,31.2749
sunlamp/images/img001847.jpg,sunlamp,0,07023,1,07476,-0.314029,0.91354,-0.256933,-0.0285481,121.347
sunlamp/images/img001851.jpg,sunlamp,2,06560,2,05371,-0.0257599,-0.489437,0.824315,-0.283358,72.1975
sunlamp/images/img001852.jpg,sunlamp,3,41241,1,61571,-0.0286417,0.916533,0.143208,0.372342,156.825
sunlamp/images/img001853.jpg,sunlamp,1,11643,1,47137,-0.0261087,0.835478,-0.234978,0.496065,126.451
sunlamp/images/img001856.jpg,sunlamp,3,34251,3,21063,-0.29282,0.157672,-0.608164,0.720787,73.6421
sunlamp/images/img001858.jpg,sunlamp,1,47145,1,47172,-0.0760775,0.811493,-0.228232,0.532542,16.8967
sunlamp/images/img001859.jpg,sunlamp,3,21470,1,07476,-0.314029,0.91354,-0.256933,-0.0285481,144.253
sunlamp/images/img001860.jpg,sunlamp,2,12777,1,71651,0.541664,0.753619,0.211955,0.306158,152.199
sunlamp/images/img001862.jpg,sunlamp,0,07747,1,61127,-0.150278,0.961781,0.21039,0.090167,141.227
sunlamp/images/img001864.jpg,sunlamp,1,52102,1,05552,-0.0691347,0.737437,-0.668302,-0.0691347,51.7641
sunlamp/images/img001867.jpg,sunlamp,3,52070,1,05675,-0.234978,0.835478,-0.496065,-0.0261087,134.292
sunlamp/images/img001871.jpg,sunlamp,3,37751,1,07061,-0.343176,0.844742,-0.29038,-0.29038,175.72
sunlamp/images/img001873.jpg,sunlamp,2,63011,1,25777,-0.028273,0.904735,0.424094,-0.028273,80.2702
sunlamp/images/img001877.jpg,sunlamp,2,04656,2,07055,-0.239596,-0.399326,0.851896,-0.239596,50.3762
sunlamp/images/img001879.jpg,sunlamp,0,32151,1,07077,-0.252845,0.899004,-0.252845,-0.252845,159.966
sunlamp/images/img001880.jpg,sunlamp,1,04777,1,61351,-0.0297351,0.951522,0.267615,0.148675,98.9685
sunlamp/images/img001881.jpg,sunlamp,1,73262,1,70675,0.182761,0.835478,0.339413,0.39163,56.8252
sunlamp/images/img001885.jpg,sunlamp,1,07534,1,07524,-0.200492,0.916533,-0.315058,-0.143208,14.7551
sunlamp/images/img001886.jpg,sunlamp,0,63614,1,71603,0.476942,0.80327,0.276124,0.22592,140.304
sunlamp/images/img001893.jpg,sunlamp,3,24445,3,03475,-0.231226,-0.282609,-0.43676,0.822136,80.5887
sunlamp/images/img001896.jpg,sunlamp,2,60046,1,07561,-0.145617,0.931951,-0.320358,-0.0873704,170.076
sunlamp/images/img001898.jpg,sunlamp,1,62230,1,61672,-0.280397,0.8157,0.38236,0.331378,54.7601
sunlamp/images/img001901.jpg,sunlamp,0,36606,1,05663,-0.33667,0.828726,-0.440261,-0.0776931,118.506
sunlamp/images/img001912.jpg,sunlamp,0,61315,2,25561,-0.151934,0.151934,0.972379,-0.0911606,169.257
sunlamp/images/img001916.jpg,sunlamp,1,74324,1,71640,0.430001,0.809414,0.227648,0.328824,31.1912
sunlamp/images/img001918.jpg,sunlamp,3,24505,3,07605,-0.36522,-0.196657,-0.140469,0.899004,32.7886
sunlamp/images/img001919.jpg,sunlamp,2,46332,1,61675,-0.232456,0.826512,0.33577,0.387427,116.727
sunlamp/images/img001920.jpg,sunlamp,3,15226,1,21671,-0.222579,0.791391,0.321503,-0.469888,62.0634
sunlamp/images/img001921.jpg,sunlamp,0,34445,1,07571,-0.0294245,0.941584,-0.323669,-0.0882735,175.068
sunlamp/images/img001924.jpg,sunlamp,3,52253,1,52472,0.138728,0.887862,-0.249711,0.360694,154.452
sunlamp/images/img001929.jpg,sunlamp,2,01422,2,30775,0.363057,0.314649,0.774521,-0.411464,128.347
sunlamp/images/img001932.jpg,sunlamp,3,34105,1,07467,-0.364073,0.896179,-0.25205,-0.0280056,179.423
sunlamp/images/img001937.jpg,sunlamp,0,71220,0,71072,0.8157,0.535303,0.178434,0.127453,22.9338
sunlamp/images/img001938.jpg,sunlamp,1,63565,1,61633,-0.239596,0.851896,0.399326,0.239596,23.4206
sunlamp/images/img001943.jpg,sunlamp,2,13421,1,45163,-0.108721,0.695817,-0.543607,0.45663,67.3741
sunlamp/images/img001946.jpg,sunlamp,3,51442,3,52453,0.186352,-0.346083,0.346083,0.851896,44.013
sunlamp/images/img001947.jpg,sunlamp,1,01674,1,50663,0.0776931,0.828726,-0.440261,0.33667,98.2594
sunlamp/images/img001950.jpg,sunlamp,0,21077,1,14574,0.296452,0.729727,-0.615707,-0.022804,175.161
sunlamp/images/img001952.jpg,sunlamp,2,61157,1,52235,0.211927,0.968808,-0.0908257,0.0908257,178.67
sunlamp/images/img001955.jpg,sunlamp,2,06700,1,71601,0.483068,0.813589,0.228822,0.228822,147.547
sunlamp/images/img001957.jpg,sunlamp,2,47345,1,16162,0.248946,0.88514,-0.248946,-0.304267,111.346
sunlamp/images/img001959.jpg,sunlamp,1,33145,1,07354,-0.0879694,0.93834,-0.205262,-0.263908,104.928
sunlamp/images/img001960.jpg,sunlamp,0,04107,1,65110,-0.0824786,0.879772,0.0274929,0.467379,113
sunlamp/images/img001965.jpg,sunlamp,2,40351,1,14427,0.0731272,0.780024,-0.609394,-0.121879,48.372
sunlamp/images/img001968.jpg,sunlamp,3,21054,1,01676,-0.265003,0.770916,-0.409549,-0.409549,178.994
sunlamp/images/img001970.jpg,sunlamp,1,71736,1,16572,0.362936,0.893381,-0.251263,-0.0837545,85.091
sunlamp/images/img001974.jpg,sunlamp,0,06310,2,07056,-0.294514,-0.348062,0.856767,-0.240966,166.713
sunlamp/images/img001976.jpg,sunlamp,0,02554,1,61471,-0.249711,0.887862,0.138728,0.360694,80.4276
sunlamp/images/img001981.jpg,sunlamp,3,43526,3,45313,-0.0238705,-0.50128,0.405798,0.763856,38.1724
sunlamp/images/img001987.jpg,sunlamp,1,65327,1,05367,-0.132733,0.849491,-0.451292,-0.238919,130.977
sunlamp/images/img001993.jpg,sunlamp,0,06226,3,45233,-0.219382,-0.414388,0.414388,0.780024,169.635
sunlamp/images/img001994.jpg,sunlamp,0,61611,1,07474,-0.309033,0.899004,-0.309033,-0.0280939,106.074
sunlamp/images/img001999.jpg,sunlamp,1,72766,1,61725,-0.136641,0.8745,0.355266,0.300609,56.1739
sunlamp/images/img002002.jpg,sunlamp,0,47317,2,07575,-0.0295269,-0.324796,0.944862,-0.0295269,160.345
sunlamp/images/img002006.jpg,sunlamp,3,51250,1,24171,-0.445063,0.837765,0.130901,-0.287982,67.5631
sunlamp/images/img002007.jpg,sunlamp,1,73042,1,14676,0.136641,0.8745,-0.464578,-0.0273281,118.051
sunlamp/images/img002012.jpg,sunlamp,0,15222,1,47070,-0.266242,0.774521,-0.266242,0.508279,178.748
sunlamp/images/img002013.jpg,sunlamp,1,16015,1,70611,0.199189,0.910577,0.2561,0.2561,104.487
sunlamp/images/img002014.jpg,sunlamp,0,60062,1,06263,-0.650578,0.717879,-0.0224337,-0.246771,23.0668
sunlamp/images/img002018.jpg,sunlamp,3,47213,1,74072,0.127453,0.8157,0.178434,0.535303,130.808
sunlamp/images/img002023.jpg,sunlamp,2,04707,2,07057,-0.244497,-0.353162,0.869321,-0.244497,37.6658
sunlamp/images/img002026.jpg,sunlamp,0,53166,1,02567,-0.490232,0.74702,-0.210099,-0.396854,174.151
sunlamp/images/img002027.jpg,sunlamp,0,27100,0,07075,0.88514,-0.248946,-0.304267,-0.248946,90.9185
sunlamp/images/img002028.jpg,sunlamp,0,23050,0,06673,0.785646,-0.613786,-0.0245514,-0.0736543,86.4238
sunlamp/images/img002031.jpg,sunlamp,1,07264,1,07665,-0.374809,0.922608,-0.0864945,-0.0288315,24.0059
sunlamp/images/img002034.jpg,sunlamp,2,77403,3,45033,-0.200297,-0.55638,0.378339,0.712167,142.145
sunlamp/images/img002035.jpg,sunlamp,3,13365,1,20433,-0.529761,0.678094,0.148333,-0.48738,85.1023
sunlamp/images/img002036.jpg,sunlamp,3,36020,1,02433,-0.525995,0.673274,-0.189358,-0.483916,177.241
sunlamp/images/img002042.jpg,sunlamp,1,01726,1,07400,-0.384363,0.819974,-0.384363,-0.179369,43.6734
sunlamp/images/img002043.jpg,sunlamp,3,52114,3,07407,-0.349064,-0.349064,-0.134255,0.859235,82.9701
sunlamp/images/img002046.jpg,sunlamp,2,50422,1,07437,-0.258625,0.919555,-0.258625,-0.143681,75.6842
sunlamp/images/img002047.jpg,sunlamp,2,07762,2,07524,-0.200492,-0.315058,0.916533,-0.143208,36.0857
sunlamp/images/img002050.jpg,sunlamp,2,60106,1,07247,-0.360694,0.887862,-0.138728,-0.249711,165.277
sunlamp/images/img002051.jpg,sunlamp,0,03755,1,07456,-0.30334,0.882444,-0.358493,-0.0275764,157.287
sunlamp/images/img002052.jpg,sunlamp,1,70375,1,43172,-0.0888913,0.948174,-0.266674,0.148152,91.1227
sunlamp/images/img002057.jpg,sunlamp,2,67636,1,07441,-0.344137,0.847106,-0.397081,-0.0794162,147.947
sunlamp/images/img002059.jpg,sunlamp,2,41217,1,50222,0.0275764,0.882444,-0.468798,0.0275764,61.2736
sunlamp/images/img002060.jpg,sunlamp,1,42416,1,12431,0.168638,0.770916,-0.265003,-0.554096,133.295
sunlamp/images/img002064.jpg,sunlamp,3,36052,1,05663,-0.33667,0.828726,-0.440261,-0.0776931,131.298
sunlamp/images/img002068.jpg,sunlamp,0,27725,1,24121,-0.507093,0.772712,0.120736,-0.362209,143.364
sunlamp/images/img002073.jpg,sunlamp,0,72064,0,07073,0.88514,-0.248946,-0.248946,-0.304267,114.002
sunlamp/images/img002074.jpg,sunlamp,1,60377,1,61065,-0.36522,0.899004,0.140469,0.196657,29.0181
sunlamp/images/img002075.jpg,sunlamp,3,76124,1,41673,-0.227648,0.809414,-0.430001,0.328824,134.898
sunlamp/images/img002080.jpg,sunlamp,2,63227,1,05676,-0.29038,0.844742,-0.448769,-0.0263982,140.846
sunlamp/images/img002083.jpg,sunlamp,3,16460,3,43172,-0.0888913,-0.266674,0.148152,0.948174,30.1058
sunlamp/images/img002084.jpg,sunlamp,1,54524,2,01657,-0.210099,-0.490232,0.74702,-0.396854,31.1787
sunlamp/images/img002086.jpg,sunlamp,3,72037,3,70673,0.182761,0.39163,0.339413,0.835478,34.7383
sunlamp/images/img002089.jpg,sunlamp,0,61324,2,07575,-0.0295269,-0.324796,0.944862,-0.0295269,132.918
sunlamp/images/img002093.jpg,sunlamp,1,24723,1,27501,-0.134255,0.859235,0.456468,-0.187958,47.4385
sunlamp/images/img002099.jpg,sunlamp,3,27502,1,52465,0.0807866,0.861723,-0.296217,0.403933,75.1542
sunlamp/images/img002100.jpg,sunlamp,1,70475,1,47033,-0.23434,0.833209,-0.23434,0.442642,64.194
sunlamp/images/img002105.jpg,sunlamp,3,50350,1,61673,-0.232456,0.826512,0.387427,0.33577,154.132
sunlamp/images/img002113.jpg,sunlamp,3,35753,1,07165,-0.141365,0.904735,-0.311003,-0.254457,175.171
sunlamp/images/img002114.jpg,sunlamp,2,62341,2,07055,-0.239596,-0.399326,0.851896,-0.239596,122.852
sunlamp/images/img002116.jpg,sunlamp,2,42032,2,24521,-0.535303,0.127453,0.8157,-0.178434,46.1577
sunlamp/images/img002117.jpg,sunlamp,1,45026,1,47302,-0.187958,0.859235,-0.134255,0.456468,52.7889
sunlamp/images/img002120.jpg,sunlamp,2,37721,1,73003,0.454577,0.765603,0.454577,0.0239251,37.7587
sunlamp/images/img002121.jpg,sunlamp,1,50303,1,50067,0.0726113,0.774521,-0.605095,0.169426,28.1218
sunlamp/images/img002126.jpg,sunlamp,1,70005,1,43342,-0.208885,0.954905,-0.149204,0.149204,41.1744
sunlamp/images/img002128.jpg,sunlamp,1,57632,1,20533,-0.390934,0.735875,0.160973,-0.52891,174.976
sunlamp/images/img002132.jpg,sunlamp,1,03744,1,07146,-0.19245,0.879772,-0.357407,-0.247436,31.0536
sunlamp/images/img002136.jpg,sunlamp,1,77742,1,41463,-0.291638,0.717879,-0.560843,0.291638,159.993
sunlamp/images/img002138.jpg,sunlamp,2,47374,3,65450,-0.246771,0.0224337,0.650578,0.717879,34.0867
sunlamp/images/img002141.jpg,sunlamp,3,74032,1,74164,0.220963,0.785646,0.122757,0.564683,86.9705
sunlamp/images/img002142.jpg,sunlamp,1,12541,1,07666,-0.424094,0.904735,-0.028273,-0.028273,105.64
sunlamp/images/img002146.jpg,sunlamp,2,25310,2,16250,0.143208,-0.200492,0.916533,-0.315058,58.658
sunlamp/images/img002149.jpg,sunlamp,0,43412,1,25425,-0.368729,0.907642,0.141819,-0.141819,98.6945
sunlamp/images/img002151.jpg,sunlamp,2,70753,1,07471,-0.2561,0.910577,-0.313011,-0.0853666,166.006
sunlamp/images/img002159.jpg,sunlamp,3,06377,3,07603,-0.36522,-0.140469,-0.196657,0.899004,15.8122
sunlamp/images/img002162.jpg,sunlamp,3,72150,1,07474,-0.309033,0.899004,-0.309033,-0.0280939,153.014
sunlamp/images/img002163.jpg,sunlamp,2,30760,1,52176,0.357407,0.879772,-0.247436,0.19245,171.898
sunlamp/images/img002166.jpg,sunlamp,0,52322,1,74072,0.127453,0.8157,0.178434,0.535303,138.627
sunlamp/images/img002168.jpg,sunlamp,3,47034,3,41123,-0.122169,-0.610847,0.0244339,0.781884,69.4785
sunlamp/images/img002169.jpg,sunlamp,1,65107,1,45373,-0.0238705,0.763856,-0.405798,0.50128,60.1651
sunlamp/images/img002171.jpg,sunlamp,3,45152,1,07073,-0.248946,0.88514,-0.248946,-0.304267,68.5268
sunlamp/images/img002173.jpg,sunlamp,2,76226,1,61611,-0.252845,0.899004,0.252845,0.252845,65.9723
sunlamp/images/img002177.jpg,sunlamp,0,07645,1,43471,-0.240966,0.856767,-0.294514,0.348062,118.493
sunlamp/images/img002181.jpg,sunlamp,1,10072,1,16143,0.29038,0.844742,-0.343176,-0.29038,47.6668
sunlamp/images/img002184.jpg,sunlamp,0,63016,2,27051,-0.231226,0.43676,0.822136,-0.282609,172.232
sunlamp/images/img002185.jpg,sunlamp,0,54017,0,07066,0.851896,-0.399326,-0.239596,-0.239596,112.606
sunlamp/images/img002188.jpg,sunlamp,0,12527,1,43473,-0.244497,0.869321,-0.244497,0.353162,169.999
sunlamp/images/img002192.jpg,sunlamp,3,12436,1,03476,-0.282609,0.822136,-0.231226,-0.43676,127.854
sunlamp/images/img002193.jpg,sunlamp,2,74157,1,21664,-0.363057,0.774521,0.314649,-0.411464,174.029
sunlamp/images/img002194.jpg,sunlamp,3,31173,1,21641,-0.321503,0.791391,0.222579,-0.469888,120.993
sunlamp/images/img002195.jpg,sunlamp,2,74174,1,07351,-0.0289278,0.925691,-0.202495,-0.318206,156.177
sunlamp/images/img002198.jpg,sunlamp,3,70473,3,70702,0.248946,0.304267,0.248946,0.88514,21.2087
sunlamp/images/img002201.jpg,sunlamp,0,42117,1,25661,-0.351095,0.864234,0.351095,-0.0810219,73.5307
sunlamp/images/img002208.jpg,sunlamp,2,40011,1,14671,0.184274,0.842397,-0.500173,-0.0789747,45.8163
sunlamp/images/img002210.jpg,sunlamp,3,52163,1,61477,-0.24236,0.861723,0.188502,0.403933,168.222
sunlamp/images/img002212.jpg,sunlamp,1,63321,2,05736,-0.0817405,-0.463196,0.871899,-0.136234,149.417
sunlamp/images/img002213.jpg,sunlamp,1,12646,1,14032,0.114738,0.734324,-0.57369,-0.344214,58.333
sunlamp/images/img002218.jpg,sunlamp,3,07772,3,07766,-0.213498,-0.0304997,-0.0304997,0.975991,12.3241
sunlamp/images/img002220.jpg,sunlamp,2,47026,1,61651,-0.244497,0.869321,0.244497,0.353162,150.999
sunlamp/images/img002225.jpg,sunlamp,2,74266,1,16031,0.185826,0.849491,-0.292013,-0.398199,165.46
sunlamp/images/img002226.jpg,sunlamp,2,47121,1,07167,-0.143681,0.919555,-0.258625,-0.258625,110.61
sunlamp/images/img002227.jpg,sunlamp,1,06505,1,07161,-0.139158,0.890609,-0.306147,-0.306147,47.9626
sunlamp/images/img002228.jpg,sunlamp,1,76431,1,61651,-0.244497,0.869321,0.244497,0.353162,59.7654
sunlamp/images/img002229.jpg,sunlamp,3,50312,1,24243,-0.63178,0.697136,0.239641,-0.239641,81.2781
sunlamp/images/img002231.jpg,sunlamp,0,22500,3,27037,-0.211955,0.541664,-0.306158,0.753619,60.4561
sunlamp/images/img002232.jpg,sunlamp,3,54231,1,61605,-0.348062,0.856767,0.240966,0.294514,165.811
sunlamp/images/img002237.jpg,sunlamp,3,56400,1,07543,-0.142741,0.91354,-0.371126,-0.0856444,106.687
sunlamp/images/img002240.jpg,sunlamp,1,27040,1,27436,-0.266868,0.776342,0.557996,-0.121303,26.6234
sunlamp/images/img002243.jpg,sunlamp,1,25017,1,07611,-0.259483,0.922608,-0.20182,-0.20182,35.0762
sunlamp/images/img002244.jpg,sunlamp,3,36501,1,07601,-0.36181,0.890609,-0.194821,-0.194821,162.288
sunlamp/images/img002246.jpg,sunlamp,0,25155,2,25572,-0.0908257,0.211927,0.968808,-0.0908257,172.756
sunlamp/images/img002249.jpg,sunlamp,2,60441,1,21671,-0.222579,0.791391,0.321503,-0.469888,152.598
sunlamp/images/img002251.jpg,sunlamp,0,61115,1,16474,0.146114,0.935129,-0.321451,-0.0292228,171.06
sunlamp/images/img002253.jpg,sunlamp,2,25527,1,07571,-0.0294245,0.941584,-0.323669,-0.0882735,171.016
sunlamp/images/img002255.jpg,sunlamp,1,52776,1,16037,0.19245,0.879772,-0.247436,-0.357407,94.095
sunlamp/images/img002258.jpg,sunlamp,0,25451,2,52522,0.252845,-0.252845,0.899004,0.252845,142.564
sunlamp/images/img002263.jpg,sunlamp,3,32661,1,52645,0.0829819,0.88514,-0.193624,0.41491,48.3444
sunlamp/images/img002265.jpg,sunlamp,2,57443,1,35043,0.488143,0.822136,0.0770752,-0.282609,162.763
sunlamp/images/img002267.jpg,sunlamp,2,76036,1,41736,-0.0789747,0.842397,-0.447523,0.289574,152.214
sunlamp/images/img002277.jpg,sunlamp,3,17320,3,43405,-0.331378,-0.38236,0.280397,0.8157,140.594
sunlamp/images/img002280.jpg,sunlamp,3,74030,1,74070,0.128459,0.822136,0.128459,0.539527,98.0029
sunlamp/images/img002286.jpg,sunlamp,2,25146,1,41171,-0.0237089,0.758686,-0.640141,0.118545,113.238
sunlamp/images/img002289.jpg,sunlamp,1,23672,1,14342,0.220432,0.783758,-0.514341,-0.269417,151.567
sunlamp/images/img002294.jpg,sunlamp,3,66423,1,56256,0.124883,0.799251,-0.124883,0.574462,114.663
sunlamp/images/img002298.jpg,sunlamp,0,52346,1,61673,-0.232456,0.826512,0.387427,0.33577,178.825
sunlamp/images/img002299.jpg,sunlamp,3,07142,3,07057,-0.244497,-0.353162,-0.244497,0.869321,6.63363
sunlamp/images/img002303.jpg,sunlamp,1,40275,1,47131,-0.0263982,0.844742,-0.29038,0.448769,72.1742
sunlamp/images/img002307.jpg,sunlamp,0,11700,1,07233,-0.246691,0.877124,-0.0274101,-0.411152,125.876
sunlamp/images/img002310.jpg,sunlamp,3,65713,1,61475,-0.244497,0.869321,0.135831,0.407494,104.909
sunlamp/images/img002315.jpg,sunlamp,0,61222,0,62151,0.793334,-0.421459,0.421459,0.123958,13.7356
sunlamp/images/img002317.jpg,sunlamp,2,10472,1,12443,0.0758825,0.809414,-0.328824,-0.480589,121.841
sunlamp/images/img002318.jpg,sunlamp,3,25255,3,03676,-0.29038,-0.0263982,-0.448769,0.844742,37.3617
sunlamp/images/img002321.jpg,sunlamp,1,16530,1,16611,0.204559,0.935129,-0.204559,-0.204559,21.7478
sunlamp/images/img002324.jpg,sunlamp,0,45573,0,05466,0.739008,-0.34641,-0.57735,-0.023094,81.5377
sunlamp/images/img002325.jpg,sunlamp,0,16032,1,61675,-0.232456,0.826512,0.33577,0.387427,140.149
sunlamp/images/img002332.jpg,sunlamp,1,42106,1,47130,-0.0789747,0.842397,-0.289574,0.447523,69.2876
sunlamp/images/img002338.jpg,sunlamp,2,30142,1,31466,0.418384,0.787547,0.172276,-0.418384,116.356
sunlamp/images/img002341.jpg,sunlamp,1,43300,1,43321,-0.153646,0.983336,-0.0921878,0.0307293,15.1374
sunlamp/images/img002343.jpg,sunlamp,0,01270,1,60552,-0.480589,0.809414,0.0758825,0.328824,87.2405
sunlamp/images/img002344.jpg,sunlamp,2,27650,2,16057,0.19245,-0.357407,0.879772,-0.247436,130.772
sunlamp/images/img002347.jpg,sunlamp,0,60545,1,07474,-0.309033,0.899004,-0.309033,-0.0280939,88.446
sunlamp/images/img002352.jpg,sunlamp,3,13443,1,16043,0.0824786,0.879772,-0.357407,-0.302422,148.595
sunlamp/images/img002353.jpg,sunlamp,3,24100,1,34603,0.0864945,0.922608,0.317146,-0.20182,145.008
sunlamp/images/img002359.jpg,sunlamp,3,30603,1,02563,-0.480888,0.732782,-0.206095,-0.435089,172.575
sunlamp/images/img002361.jpg,sunlamp,1,74027,1,25356,-0.0853666,0.910577,0.313011,-0.2561,94.175
sunlamp/images/img002364.jpg,sunlamp,1,01356,1,61617,-0.245222,0.871899,0.299715,0.299715,142.018
sunlamp/images/img002367.jpg,sunlamp,0,65237,0,60276,0.71076,-0.599704,0.333169,0.155479,56.9763
sunlamp/images/img002368.jpg,sunlamp,1,63662,1,63672,-0.230623,0.670902,0.649937,0.272554,10.239
sunlamp/images/img002375.jpg,sunlamp,2,34746,2,16522,0.2561,-0.2561,0.910577,-0.199189,71.3902
sunlamp/images/img002377.jpg,sunlamp,3,61416,3,07473,-0.260351,-0.260351,-0.0867835,0.925691,58.4097
sunlamp/images/img002379.jpg,sunlamp,0,72054,2,24341,-0.514341,0.220432,0.783758,-0.269417,170.349
sunlamp/images/img002380.jpg,sunlamp,0,42134,1,42471,-0.567742,0.72671,-0.249807,0.295226,86.4371
sunlamp/images/img002384.jpg,sunlamp,2,65332,2,61635,-0.240966,0.348062,0.856767,0.294514,27.6556
sunlamp/images/img002385.jpg,sunlamp,0,47221,3,03273,-0.210099,-0.0233444,-0.630298,0.74702,158.627
sunlamp/images/img002386.jpg,sunlamp,0,71302,0,05263,0.799251,-0.324696,-0.424602,-0.274743,144.838
sunlamp/images/img002389.jpg,sunlamp,3,62101,0,06677,0.787547,-0.615271,-0.0246108,-0.0246108,94.7339
sunlamp/images/img002395.jpg,sunlamp,1,20564,1,07463,-0.362936,0.893381,-0.251263,-0.0837545,60.8706
sunlamp/images/img002399.jpg,sunlamp,2,06723,1,30562,0.231226,0.822136,0.179842,-0.488143,170.235
sunlamp/images/img002403.jpg,sunlamp,2,15376,1,25071,-0.254457,0.904735,0.141365,-0.311003,142.228
sunlamp/images/img002404.jpg,sunlamp,2,73245,1,14672,0.136234,0.871899,-0.463196,-0.0817405,156.076
sunlamp/images/img002408.jpg,sunlamp,3,61210,1,07574,-0.0882735,0.941584,-0.323669,-0.0294245,155.614
sunlamp/images/img002410.jpg,sunlamp,0,62121,1,61667,-0.320719,0.789462,0.37006,0.37006,127.278
sunlamp/images/img002412.jpg,sunlamp,1,42564,3,47542,-0.153375,-0.284839,0.635409,0.701141,174.264
sunlamp/images/img002414.jpg,sunlamp,0,74272,2,05575,-0.0238705,-0.644503,0.763856,-0.0238705,159.403
sunlamp/images/img002415.jpg,sunlamp,2,55641,1,06741,-0.538108,0.819974,-0.179369,-0.0768726,90.8762
sunlamp/images/img002416.jpg,sunlamp,0,22233,3,44571,-0.316611,-0.502853,0.540102,0.595974,177.858
sunlamp/images/img002417.jpg,sunlamp,1,41546,1,70622,0.0274101,0.877124,0.411152,0.246691,128.007
sunlamp/images/img002418.jpg,sunlamp,3,70331,3,03272,-0.254034,-0.023094,-0.623538,0.739008,120.825
sunlamp/images/img002420.jpg,sunlamp,0,21272,1,20473,-0.55095,0.705215,0.154266,-0.418722,151.238
sunlamp/images/img002421.jpg,sunlamp,2,70300,1,07475,-0.256933,0.91354,-0.314029,-0.0285481,168.087
sunlamp/images/img002422.jpg,sunlamp,3,22727,1,41461,-0.284293,0.699798,-0.590455,0.284293,46.4487
sunlamp/images/img002423.jpg,sunlamp,2,55234,1,04752,-0.443543,0.74702,-0.490232,-0.0700331,61.248
sunlamp/images/img002425.jpg,sunlamp,3,34443,3,03363,-0.118545,-0.0237089,-0.640141,0.758686,74.1827
sunlamp/images/img002431.jpg,sunlamp,0,56641,2,42573,-0.430001,-0.227648,0.809414,0.328824,151.214
sunlamp/images/img002432.jpg,sunlamp,1,61150,1,61355,-0.0294245,0.941584,0.26482,0.205971,26.427
sunlamp/images/img002434.jpg,sunlamp,1,71343,1,52563,0.294514,0.856767,-0.240966,0.348062,74.735
sunlamp/images/img002435.jpg,sunlamp,0,04575,1,42770,-0.480589,0.809414,-0.0758825,0.328824,104.65
sunlamp/images/img002444.jpg,sunlamp,3,44225,1,47103,-0.128799,0.824315,-0.334878,0.437917,169.245
sunlamp/images/img002447.jpg,sunlamp,2,52422,2,07570,-0.0879694,-0.322554,0.93834,-0.0879694,44.6743
sunlamp/images/img002454.jpg,sunlamp,1,71650,1,07471,-0.2561,0.910577,-0.313011,-0.0853666,125.164
sunlamp/images/img002458.jpg,sunlamp,0,21465,1,07474,-0.309033,0.899004,-0.309033,-0.0280939,107.355
sunlamp/images/img002459.jpg,sunlamp,3,14366,1,07472,-0.313011,0.910577,-0.2561,-0.0853666,123.818
sunlamp/images/img002464.jpg,sunlamp,0,47026,3,43473,-0.244497,-0.244497,0.353162,0.869321,155.763
sunlamp/images/img002472.jpg,sunlamp,3,62702,1,61441,-0.352124,0.866766,0.0270864,0.352124,54.098
sunlamp/images/img002475.jpg,sunlamp,2,56304,1,61675,-0.232456,0.826512,0.33577,0.387427,149.377
sunlamp/images/img002477.jpg,sunlamp,2,50206,2,05577,-0.0246108,-0.615271,0.787547,-0.0246108,16.6894
sunlamp/images/img002478.jpg,sunlamp,2,25034,2,16067,0.0867835,-0.260351,0.925691,-0.260351,63.4875
sunlamp/images/img002480.jpg,sunlamp,0,25052,3,61421,-0.360694,0.138728,0.249711,0.887862,104.037
sunlamp/images/img002481.jpg,sunlamp,1,04512,1,07056,-0.294514,0.856767,-0.348062,-0.240966,39.2364
sunlamp/images/img002482.jpg,sunlamp,2,36065,1,50622,0.026774,0.856767,-0.455158,0.240966,175.673
sunlamp/images/img002485.jpg,sunlamp,3,04706,1,07476,-0.314029,0.91354,-0.256933,-0.0285481,150.992
sunlamp/images/img002486.jpg,sunlamp,0,52235,1,61673,-0.232456,0.826512,0.387427,0.33577,172.489
sunlamp/images/img002487.jpg,sunlamp,1,04312,1,07463,-0.362936,0.893381,-0.251263,-0.0837545,44.348
sunlamp/images/img002488.jpg,sunlamp,1,66361,1,05043,-0.28004,0.689329,-0.624704,-0.236957,169.956
sunlamp/images/img002491.jpg,sunlamp,1,36075,2,07172,-0.0853666,-0.2561,0.910577,-0.313011,140.373
sunlamp/images/img002493.jpg,sunlamp,3,31402,1,03467,-0.328824,0.809414,-0.227648,-0.430001,146.547
sunlamp/images/img002496.jpg,sunlamp,2,17120,1,21641,-0.321503,0.791391,0.222579,-0.469888,175.179
sunlamp/images/img002497.jpg,sunlamp,0,67137,2,07057,-0.244497,-0.353162,0.869321,-0.244497,161.533
sunlamp/images/img002498.jpg,sunlamp,1,14024,1,50625,0.0770752,0.822136,-0.488143,0.282609,69.8806
sunlamp/images/img002502.jpg,sunlamp,2,65133,1,61077,-0.259483,0.922608,0.20182,0.20182,124.959
sunlamp/images/img002504.jpg,sunlamp,2,40301,1,50437,0.164128,0.750298,-0.58617,0.257915,56.0863
sunlamp/images/img002508.jpg,sunlamp,2,32636,1,35465,0.505813,0.851896,0.133109,-0.0266217,95.1975
sunlamp/images/img002510.jpg,sunlamp,3,43164,1,07174,-0.0853666,0.910577,-0.313011,-0.2561,115.444
sunlamp/images/img002513.jpg,sunlamp,1,56063,1,65102,-0.189051,0.864234,0.0810219,0.459124,45.5203
sunlamp/images/img002515.jpg,sunlamp,3,07550,1,06575,-0.448769,0.844742,-0.29038,-0.0263982,146.242
sunlamp/images/img002524.jpg,sunlamp,3,43574,1,47173,-0.0254246,0.813589,-0.228822,0.533917,162.001
sunlamp/images/img002525.jpg,sunlamp,3,36545,1,07071,-0.245222,0.871899,-0.299715,-0.299715,170.148
sunlamp/images/img002528.jpg,sunlamp,1,25305,1,41362,-0.187958,0.859235,-0.456468,0.134255,106.08
sunlamp/images/img002529.jpg,sunlamp,1,27205,2,27470,-0.275431,0.525822,0.801253,-0.0751175,44.4031
sunlamp/images/img002530.jpg,sunlamp,1,70006,1,61155,-0.0304997,0.975991,0.0304997,0.213498,18.7961
sunlamp/images/img002538.jpg,sunlamp,1,12633,1,21661,-0.313185,0.770916,0.313185,-0.457732,70.7629
sunlamp/images/img002540.jpg,sunlamp,0,55033,1,07171,-0.0280939,0.899004,-0.309033,-0.309033,128.218
sunlamp/images/img002542.jpg,sunlamp,3,07772,1,43344,-0.204559,0.935129,-0.204559,0.204559,155.891
sunlamp/images/img002546.jpg,sunlamp,0,65537,2,07056,-0.294514,-0.348062,0.856767,-0.240966,151.835
sunlamp/images/img002548.jpg,sunlamp,2,17274,3,23333,-0.0184209,0.571047,-0.571047,0.589468,100.708
sunlamp/images/img002550.jpg,sunlamp,2,77031,1,12532,0.306158,0.753619,-0.211955,-0.541664,164.639
sunlamp/images/img002551.jpg,sunlamp,0,61461,0,61602,0.840072,-0.393784,0.288775,0.23627,26.0292
sunlamp/images/img002552.jpg,sunlamp,3,15644,1,61670,-0.285642,0.830959,0.337577,0.337577,143.885
sunlamp/images/img002553.jpg,sunlamp,0,16206,3,07471,-0.2561,-0.313011,-0.0853666,0.910577,109.443
sunlamp/images/img002555.jpg,sunlamp,3,77306,1,11743,0.534156,0.633074,-0.415455,-0.375888,156.239
sunlamp/images/img002559.jpg,sunlamp,0,13072,3,25043,-0.357407,0.0824786,-0.302422,0.879772,101.561
sunlamp/images/img002561.jpg,sunlamp,3,26151,0,43050,0.856767,-0.294514,-0.40161,0.13387,152.863
sunlamp/images/img002562.jpg,sunlamp,2,06531,2,07561,-0.145617,-0.320358,0.931951,-0.0873704,36.8411
sunlamp/images/img002563.jpg,sunlamp,1,05573,1,50066,0.0242607,0.776342,-0.606517,0.169825,28.1403
sunlamp/images/img002566.jpg,sunlamp,1,70032,1,70651,0.19245,0.879772,0.247436,0.357407,42.3421
sunlamp/images/img002569.jpg,sunlamp,1,07326,1,07673,-0.269529,0.958324,-0.0299476,-0.0898429,34.1282
sunlamp/images/img002577.jpg,sunlamp,0,14305,0,62573,0.713582,-0.37909,0.512887,0.289893,172.6
sunlamp/images/img002579.jpg,sunlamp,0,05731,1,07077,-0.252845,0.899004,-0.252845,-0.252845,172.768
sunlamp/images/img002581.jpg,sunlamp,3,70537,1,65073,-0.225352,0.801253,0.175274,0.525822,115.661
sunlamp/images/img002584.jpg,sunlamp,3,26477,3,41671,-0.222579,-0.469888,0.321503,0.791391,128.722
sunlamp/images/img002587.jpg,sunlamp,3,61467,3,52245,0.0892052,-0.208145,0.208145,0.951522,70.8282
sunlamp/images/img002589.jpg,sunlamp,1,25313,1,07342,-0.200492,0.916533,-0.143208,-0.315058,56.2806
sunlamp/images/img002592.jpg,sunlamp,0,36115,1,06173,-0.43676,0.822136,-0.231226,-0.282609,172.915
sunlamp/images/img002593.jpg,sunlamp,1,23703,1,41712,-0.0760775,0.811493,-0.532542,0.228232,162.702
sunlamp/images/img002596.jpg,sunlamp,0,67524,1,41621,-0.321503,0.791391,-0.469888,0.222579,132.472
sunlamp/images/img002597.jpg,sunlamp,0,03213,1,16574,0.358493,0.882444,-0.30334,-0.0275764,165.775
sunlamp/images/img002598.jpg,sunlamp,0,40031,1,07366,-0.205971,0.941584,-0.0294245,-0.26482,104.833
sunlamp/images/img002599.jpg,sunlamp,0,50625,1,06533,-0.447523,0.842397,-0.236924,-0.184274,153.079
sunlamp/images/img002600.jpg,sunlamp,2,24560,2,24522,-0.566049,0.172276,0.787547,-0.172276,11.8031
sunlamp/images/img002602.jpg,sunlamp,3,42330,3,61014,-0.323669,0.0294245,0.0882735,0.941584,25.6555
sunlamp/images/img002606.jpg,sunlamp,3,21451,1,07471,-0.2561,0.910577,-0.313011,-0.0853666,160.634
sunlamp/images/img002612.jpg,sunlamp,0,27557,2,25661,-0.351095,0.351095,0.864234,-0.0810219,165.695
sunlamp/images/img002613.jpg,sunlamp,3,61207,3,61075,-0.262111,0.145617,0.203864,0.931951,24.2741
sunlamp/images/img002623.jpg,sunlamp,2,61756,1,07651,-0.263908,0.93834,-0.205262,-0.0879694,168.827
sunlamp/images/img002630.jpg,sunlamp,3,70425,2,07471,-0.2561,-0.313011,0.910577,-0.0853666,167.528
sunlamp/images/img002631.jpg,sunlamp,0,24165,3,47032,-0.282609,-0.231226,0.43676,0.822136,151.553
sunlamp/images/img002632.jpg,sunlamp,1,34532,1,51266,0.418384,0.787547,-0.418384,0.172276,82.3162
sunlamp/images/img002636.jpg,sunlamp,0,40706,1,25261,-0.337577,0.830959,0.337577,-0.285642,60.1267
sunlamp/images/img002641.jpg,sunlamp,2,63442,1,61637,-0.23627,0.840072,0.393784,0.288775,61.335
sunlamp/images/img002649.jpg,sunlamp,3,34544,3,52160,0.254457,-0.311003,0.141365,0.904735,46.9405
sunlamp/images/img002652.jpg,sunlamp,3,47000,1,16003,0.0794162,0.847106,-0.344137,-0.397081,80.8694
sunlamp/images/img002655.jpg,sunlamp,0,05355,2,25601,-0.357407,0.247436,0.879772,-0.19245,82.5831
sunlamp/images/img002656.jpg,sunlamp,1,56162,1,43476,-0.288775,0.840072,-0.23627,0.393784,61.0607
sunlamp/images/img002668.jpg,sunlamp,0,23577,2,06031,-0.559717,-0.246276,0.716438,-0.33583,169.272
sunlamp/images/img002669.jpg,sunlamp,2,06174,1,17601,0.493382,0.830959,-0.181772,-0.181772,108.634
sunlamp/images/img002670.jpg,sunlamp,3,00234,2,03573,-0.0261087,-0.234978,0.835478,-0.496065,100.601
sunlamp/images/img002673.jpg,sunlamp,2,34521,2,16071,0.193035,-0.30334,0.882444,-0.30334,57.6576
sunlamp/images/img002674.jpg,sunlamp,2,52542,2,52055,0.190728,-0.408703,0.871899,0.190728,20.8083
sunlamp/images/img002675.jpg,sunlamp,2,45262,1,07471,-0.2561,0.910577,-0.313011,-0.0853666,117.19
sunlamp/images/img002676.jpg,sunlamp,1,61365,1,07446,-0.398199,0.849491,-0.345106,-0.0265466,93.8133
sunlamp/images/img002678.jpg,sunlamp,1,52642,1,61154,-0.0911606,0.972379,0.0303869,0.212708,30.9588
sunlamp/images/img002681.jpg,sunlamp,0,12344,3,43031,-0.256933,-0.314029,0.0285481,0.91354,73.214
sunlamp/images/img002685.jpg,sunlamp,3,55231,3,52433,0.199189,-0.2561,0.2561,0.910577,48.4015
sunlamp/images/img002686.jpg,sunlamp,0,34563,1,07607,-0.368729,0.907642,-0.141819,-0.141819,171.75
sunlamp/images/img002687.jpg,sunlamp,1,60142,1,52611,0.20182,0.922608,-0.20182,0.259483,102.401
sunlamp/images/img002688.jpg,sunlamp,2,45352,1,07436,-0.311003,0.904735,-0.254457,-0.141365,95.2261
sunlamp/images/img002689.jpg,sunlamp,3,77107,1,21443,-0.328824,0.809414,0.0758825,-0.480589,163.204
sunlamp/images/img002691.jpg,sunlamp,1,20144,1,45260,-0.331214,0.706589,-0.419537,0.463699,136.184
sunlamp/images/img002692.jpg,sunlamp,3,23413,1,21641,-0.321503,0.791391,0.222579,-0.469888,174.587
sunlamp/images/img002695.jpg,sunlamp,1,34435,1,70613,0.196039,0.896179,0.308062,0.25205,48.8397
sunlamp/images/img002698.jpg,sunlamp,0,21260,1,71661,0.457732,0.770916,0.313185,0.313185,177.405
sunlamp/images/img002702.jpg,sunlamp,2,02320,1,02533,-0.387667,0.729727,-0.205236,-0.524491,142.662
sunlamp/images/img002704.jpg,sunlamp,2,53361,1,25051,-0.256933,0.91354,0.0285481,-0.314029,151.195
sunlamp/images/img002705.jpg,sunlamp,1,14706,1,61351,-0.0297351,0.951522,0.267615,0.148675,106.041
sunlamp/images/img002706.jpg,sunlamp,2,46576,1,30651,0.179842,0.822136,0.231226,-0.488143,136.449
sunlamp/images/img002707.jpg,sunlamp,0,61133,2,25771,-0.0288315,0.374809,0.922608,-0.0864945,163.03
sunlamp/images/img002712.jpg,sunlamp,3,43104,1,43473,-0.244497,0.869321,-0.244497,0.353162,176.76
sunlamp/images/img002716.jpg,sunlamp,3,25067,1,07564,-0.202495,0.925691,-0.318206,-0.0289278,145.105
sunlamp/images/img002717.jpg,sunlamp,1,16466,1,52021,0.0882735,0.941584,-0.323669,0.0294245,12.4874
sunlamp/images/img002718.jpg,sunlamp,1,32541,1,71405,0.489437,0.824315,0.0257599,0.283358,101.854
sunlamp/images/img002719.jpg,sunlamp,2,30704,1,53066,0.447523,0.842397,-0.236924,0.184274,179.58
sunlamp/images/img002720.jpg,sunlamp,0,47161,1,07476,-0.314029,0.91354,-0.256933,-0.0285481,142.147
sunlamp/images/img002721.jpg,sunlamp,2,25057,1,16621,0.0908257,0.968808,-0.0908257,-0.211927,179.109
sunlamp/images/img002722.jpg,sunlamp,1,16111,1,70572,0.346083,0.851896,0.186352,0.346083,107.502
sunlamp/images/img002724.jpg,sunlamp,0,56404,3,41275,-0.231226,-0.488143,0.179842,0.822136,150.656
sunlamp/images/img002725.jpg,sunlamp,1,07477,1,61115,-0.0310835,0.994672,0.0310835,0.0932505,46.2644
sunlamp/images/img002732.jpg,sunlamp,1,52640,1,43714,-0.0864945,0.922608,-0.20182,0.317146,16.1317
sunlamp/images/img002733.jpg,sunlamp,3,56430,1,56163,0.269417,0.783758,-0.220432,0.514341,167.979
sunlamp/images/img002736.jpg,sunlamp,2,30524,1,51263,0.460953,0.776342,-0.412432,0.121303,158.827
sunlamp/images/img002737.jpg,sunlamp,2,12001,1,07033,-0.239596,0.851896,-0.239596,-0.399326,158.161
sunlamp/images/img002739.jpg,sunlamp,2,74016,1,61065,-0.36522,0.899004,0.140469,0.196657,153.91
sunlamp/images/img002740.jpg,sunlamp,1,20023,1,70546,0.245953,0.8745,0.0819844,0.409922,162.619
sunlamp/images/img002741.jpg,sunlamp,0,11743,3,45273,-0.210099,-0.396854,0.490232,0.74702,68.0266
sunlamp/images/img002743.jpg,sunlamp,0,52503,3,23373,-0.0191918,0.594945,-0.518178,0.614137,120.486
sunlamp/images/img002746.jpg,sunlamp,1,47243,1,21647,-0.324696,0.799251,0.274743,-0.424602,123.894
sunlamp/images/img002749.jpg,sunlamp,1,14676,1,52006,0.0288315,0.922608,-0.374809,0.0864945,19.1776
sunlamp/images/img002750.jpg,sunlamp,2,05172,1,41577,-0.023094,0.739008,-0.57735,0.34641,29.0763
sunlamp/images/img002756.jpg,sunlamp,1,33451,1,53663,0.481824,0.811493,-0.0253592,0.329669,100.126
sunlamp/images/img002762.jpg,sunlamp,1,15626,1,16574,0.358493,0.882444,-0.30334,-0.0275764,19.5038
sunlamp/images/img002765.jpg,sunlamp,2,71242,1,71062,0.456468,0.859235,0.187958,0.134255,100.531
sunlamp/images/img002767.jpg,sunlamp,2,36502,1,16056,0.138728,0.887862,-0.360694,-0.249711,155.34
sunlamp/images/img002768.jpg,sunlamp,2,17346,1,52563,0.294514,0.856767,-0.240966,0.348062,157.113
sunlamp/images/img002769.jpg,sunlamp,3,27203,1,21441,-0.329669,0.811493,0.0253592,-0.481824,155.501
sunlamp/images/img002773.jpg,sunlamp,3,45203,1,47162,-0.175274,0.801253,-0.225352,0.525822,176.273
sunlamp/images/img002774.jpg,sunlamp,1,64103,1,07252,-0.306147,0.890609,-0.139158,-0.306147,89.9093
sunlamp/images/img002776.jpg,sunlamp,0,37067,1,07447,-0.352124,0.866766,-0.352124,-0.0270864,172.228
sunlamp/images/img002777.jpg,sunlamp,1,23600,1,11662,0.383697,0.722254,-0.383697,-0.428838,136.758
sunlamp/images/img002778.jpg,sunlamp,3,01277,1,07461,-0.357407,0.879772,-0.302422,-0.0824786,161.788
sunlamp/images/img002780.jpg,sunlamp,0,00772,1,60541,-0.51935,0.791391,0.024731,0.321503,61.7249
sunlamp/images/img002781.jpg,sunlamp,3,43735,3,61565,-0.138728,0.138728,0.416185,0.887862,34.1943
sunlamp/images/img002782.jpg,sunlamp,3,02755,3,07036,-0.294514,-0.240966,-0.348062,0.856767,20.7719
sunlamp/images/img002783.jpg,sunlamp,1,52474,1,43473,-0.244497,0.869321,-0.244497,0.353162,44.2766
sunlamp/images/img002787.jpg,sunlamp,0,07771,0,07672,0.941584,-0.323669,-0.0294245,-0.0882735,33.777
sunlamp/images/img002788.jpg,sunlamp,1,41117,1,43151,-0.0280056,0.896179,-0.420084,0.140028,35.3307
