image_relpath,domain,chart_gt,path_gt,chart_pred,path_pred,q_pred_w,q_pred_x,q_pred_y,q_pred_z,err_deg
synthetic/images/img000014.jpg,synthetic_val,1,46211,1,46251,-0.540548,0.691902,-0.151354,0.454061,7.78707
synthetic/images/img000022.jpg,synthetic_val,2,30413,2,30475,0.187958,0.134255,0.859235,-0.456468,14.6344
synthetic/images/img000026.jpg,synthetic_val,0,56625,0,74403,0.783758,0.0734773,0.0734773,0.612311,15.2489
synthetic/images/img000033.jpg,synthetic_val,3,61442,3,61452,-0.302422,0.0824786,0.357407,0.879772,9.87653
synthetic/images/img000088.jpg,synthetic_val,1,37541,1,35711,0.674072,0.695817,0.195698,-0.15221,23.8805
synthetic/images/img000132.jpg,synthetic_val,1,53161,1,53526,0.581081,0.743784,-0.209189,0.255676,19.93
synthetic/images/img000139.jpg,synthetic_val,1,05217,1,01473,-0.196818,0.699798,-0.546718,-0.415505,12.2754
synthetic/images/img000200.jpg,synthetic_val,1,35045,1,35451,0.581766,0.809414,0.0252942,-0.0758825,20.4358
synthetic/images/img000209.jpg,synthetic_val,0,61577,0,61571,0.916533,-0.0286417,0.143208,0.372342,9.12871
synthetic/images/img000228.jpg,synthetic_val,0,12451,0,10723,0.722254,0.248275,-0.383697,-0.51912,9.76377
synthetic/images/img000230.jpg,synthetic_val,3,05714,3,05536,-0.0731272,-0.609394,-0.121879,0.780024,6.23334
synthetic/images/img000282.jpg,synthetic_val,0,37502,1,35372,0.616742,0.680543,0.319005,-0.233937,23.7674
synthetic/images/img000343.jpg,synthetic_val,1,25773,1,25771,-0.0288315,0.922608,0.374809,-0.0864945,8.36003
synthetic/images/img000344.jpg,synthetic_val,3,65542,3,65553,-0.023094,0.069282,0.669726,0.739008,15.0093
synthetic/images/img000435.jpg,synthetic_val,0,03030,0,03077,0.751953,-0.211487,-0.211487,-0.587463,11.127
synthetic/images/img000448.jpg,synthetic_val,2,34402,2,07711,-0.0298408,-0.208885,0.954905,-0.208885,36.2983
synthetic/images/img000462.jpg,synthetic_val,2,14347,2,14344,0.217325,-0.555387,0.772712,-0.217325,8.00796
synthetic/images/img000482.jpg,synthetic_val,2,35200,1,34315,0.387427,0.826512,0.232456,-0.33577,98.7522
synthetic/images/img000507.jpg,synthetic_val,2,25675,2,25576,-0.0911606,0.212708,0.972379,-0.0303869,24.6764
synthetic/images/img000523.jpg,synthetic_val,1,71405,1,71431,0.564683,0.785646,0.122757,0.220963,12.8733
synthetic/images/img000524.jpg,synthetic_val,3,43200,3,42374,-0.500173,-0.0789747,0.184274,0.842397,22.1804
synthetic/images/img000533.jpg,synthetic_val,2,21526,2,21431,-0.220963,0.122757,0.785646,-0.564683,7.65018
synthetic/images/img000637.jpg,synthetic_val,0,14423,0,14444,0.717879,0.0224337,-0.695445,-0.0224337,21.1412
synthetic/images/img000655.jpg,synthetic_val,2,43635,2,43722,-0.205971,-0.0294245,0.941584,0.26482,10.3039
synthetic/images/img000669.jpg,synthetic_val,3,23333,2,07040,-0.375587,-0.375587,0.801253,-0.275431,67.5254
synthetic/images/img000741.jpg,synthetic_val,3,43352,3,43171,-0.0292228,-0.321451,0.146114,0.935129,25.1154
synthetic/images/img000753.jpg,synthetic_val,3,07511,3,16644,0.0304997,-0.213498,-0.0304997,0.975991,30.5334
synthetic/images/img000782.jpg,synthetic_val,1,35306,1,35362,0.559717,0.716438,0.33583,-0.246276,11.8113
synthetic/images/img000857.jpg,synthetic_val,2,34612,2,34616,0.144639,0.318206,0.925691,-0.144639,5.77184
synthetic/images/img000907.jpg,synthetic_val,3,15540,3,46011,-0.537541,-0.322525,0.365528,0.688053,140.237
synthetic/images/img000915.jpg,synthetic_val,3,53030,3,53215,0.573034,-0.174402,0.0747435,0.797264,14.2408
synthetic/images/img000990.jpg,synthetic_val,3,16300,3,16300,0.24236,-0.188502,-0.403933,0.861723,3.02682
synthetic/images/img000991.jpg,synthetic_val,2,52360,2,52273,0.211154,-0.0301648,0.965275,0.150824,10.5841
synthetic/images/img001002.jpg,synthetic_val,2,52316,2,52363,0.321451,-0.0292228,0.935129,0.146114,16.1142
synthetic/images/img001047.jpg,synthetic_val,0,70533,0,71065,0.837765,0.497423,0.130901,0.183261,15.079
synthetic/images/img001069.jpg,synthetic_val,0,70335,0,70351,0.869321,0.407494,0.244497,0.135831,13.5421
synthetic/images/img001193.jpg,synthetic_val,0,36313,0,36323,0.662794,0.227836,0.642082,-0.310685,11.2322
synthetic/images/img001244.jpg,synthetic_val,0,14466,0,05555,0.717879,-0.0224337,-0.695445,-0.0224337,11.583
synthetic/images/img001262.jpg,synthetic_val,1,25422,1,25241,-0.348062,0.856767,0.240966,-0.294514,15.1595
synthetic/images/img001290.jpg,synthetic_val,1,36564,1,36565,0.276124,0.80327,0.527146,-0.0251022,7.21872
synthetic/images/img001291.jpg,synthetic_val,3,06572,3,06375,-0.453858,-0.0800926,-0.240278,0.854321,27.1013
synthetic/images/img001292.jpg,synthetic_val,0,06523,0,06760,0.80735,-0.580283,-0.0756891,-0.0756891,20.07
synthetic/images/img001322.jpg,synthetic_val,3,37304,3,34315,0.387427,0.232456,-0.33577,0.826512,40.8643
synthetic/images/img001362.jpg,synthetic_val,1,25057,1,25147,-0.148152,0.948174,0.0888913,-0.266674,11.6327
synthetic/images/img001371.jpg,synthetic_val,3,16756,3,34513,0.41491,0.0829819,-0.193624,0.88514,29.9275
synthetic/images/img001443.jpg,synthetic_val,2,21627,2,21473,-0.231226,0.179842,0.822136,-0.488143,24.1295
synthetic/images/img001487.jpg,synthetic_val,1,06711,1,06755,-0.46047,0.866766,-0.189605,-0.0270864,16.7367
synthetic/images/img001513.jpg,synthetic_val,3,40345,3,40340,-0.501067,-0.501067,0.108928,0.697136,4.88607
synthetic/images/img001522.jpg,synthetic_val,3,33144,3,31275,0.474757,0.268341,-0.51604,0.660531,7.3482
synthetic/images/img001552.jpg,synthetic_val,2,17344,2,21447,-0.33667,0.0776931,0.828726,-0.440261,118.004
synthetic/images/img001554.jpg,synthetic_val,3,25064,3,25600,-0.403933,0.24236,-0.188502,0.861723,14.7166
synthetic/images/img001564.jpg,synthetic_val,0,47742,0,47570,0.716438,-0.067166,-0.246276,0.649272,19.614
synthetic/images/img001567.jpg,synthetic_val,0,54135,0,54155,0.61144,0.286613,-0.592333,0.439473,8.92338
synthetic/images/img001588.jpg,synthetic_val,3,65153,3,65511,-0.0246108,0.0246108,0.615271,0.787547,11.8457
synthetic/images/img001589.jpg,synthetic_val,0,75446,3,44337,-0.383697,-0.383697,0.428838,0.722254,168.401
synthetic/images/img001621.jpg,synthetic_val,2,16703,2,16743,0.320358,-0.145617,0.931951,-0.0873704,13.3843
synthetic/images/img001664.jpg,synthetic_val,2,23150,2,21366,-0.159628,0.342059,0.729727,-0.570099,11.0794
synthetic/images/img001665.jpg,synthetic_val,3,14024,3,05054,-0.235217,-0.662884,-0.19245,0.684267,35.3043
synthetic/images/img001692.jpg,synthetic_val,2,75757,0,76720,0.631101,0.177497,0.571935,0.493048,9.70827
synthetic/images/img001733.jpg,synthetic_val,3,57026,3,52575,0.375587,-0.275431,0.375587,0.801253,10.2397
synthetic/images/img001747.jpg,synthetic_val,0,42540,0,42461,0.689329,-0.624704,-0.236957,0.28004,18.0866
synthetic/images/img001785.jpg,synthetic_val,0,14333,0,10757,0.719328,0.337185,-0.472059,-0.382143,12.412
synthetic/images/img001786.jpg,synthetic_val,1,10576,1,10555,0.30006,0.640128,-0.620124,-0.340068,11.788
synthetic/images/img001848.jpg,synthetic_val,2,32401,2,34213,0.185826,0.292013,0.849491,-0.398199,27.0127
synthetic/images/img001891.jpg,synthetic_val,0,25522,0,25522,0.935129,-0.204559,0.204559,-0.204559,1.44806
synthetic/images/img001935.jpg,synthetic_val,2,53627,2,53623,0.496065,-0.0261087,0.835478,0.234978,6.47196
synthetic/images/img001937.jpg,synthetic_val,2,20433,2,20364,-0.474757,0.268341,0.660531,-0.51604,15.1633
synthetic/images/img001953.jpg,synthetic_val,0,52142,0,52125,0.896179,0.308062,-0.308062,0.0840168,9.71401
synthetic/images/img002019.jpg,synthetic_val,0,15441,1,60646,-0.642082,0.662794,0.227836,0.310685,141.827
synthetic/images/img002040.jpg,synthetic_val,2,05657,2,05763,-0.136234,-0.463196,0.871899,-0.0817405,15.1987
synthetic/images/img002111.jpg,synthetic_val,2,33260,2,33624,0.333718,0.569284,0.628176,-0.41224,10.037
synthetic/images/img002128.jpg,synthetic_val,3,47036,3,47007,-0.313185,-0.313185,0.457732,0.770916,11.6507
synthetic/images/img002184.jpg,synthetic_val,1,56314,1,56136,0.321503,0.791391,-0.222579,0.469888,4.81074
synthetic/images/img002210.jpg,synthetic_val,3,33112,3,31115,0.583041,0.0188078,-0.545425,0.601848,39.4222
synthetic/images/img002261.jpg,synthetic_val,0,03717,3,43371,-0.0307293,-0.0921878,0.153646,0.983336,109.351
synthetic/images/img002317.jpg,synthetic_val,3,06671,3,35461,0.504385,0.132733,-0.0796398,0.849491,138.248
synthetic/images/img002513.jpg,synthetic_val,2,43374,2,41523,-0.119352,-0.596762,0.763856,0.214834,62.5617
synthetic/images/img002526.jpg,synthetic_val,1,10522,1,10616,0.113783,0.728214,-0.47789,-0.47789,12.356
synthetic/images/img002546.jpg,synthetic_val,0,21767,0,23541,0.776342,-0.121303,0.412432,-0.460953,5.18777
synthetic/images/img002607.jpg,synthetic_val,3,26406,3,26440,-0.648797,0.355792,-0.0627868,0.669726,8.04211
synthetic/images/img002637.jpg,synthetic_val,3,75476,3,75655,0.451501,0.176674,0.608545,0.628176,6.94264
synthetic/images/img002681.jpg,synthetic_val,1,35424,1,53211,0.574462,0.799251,-0.174836,0.0249766,43.0735
synthetic/images/img002702.jpg,synthetic_val,1,44336,1,26161,-0.466436,0.71076,0.466436,-0.244324,130.415
synthetic/images/img002708.jpg,synthetic_val,0,67430,0,65246,0.734324,-0.344214,0.252424,0.527795,25.8588
synthetic/images/img002744.jpg,synthetic_val,0,22274,0,22227,0.528439,-0.478897,0.511925,-0.478897,6.58817
synthetic/images/img002756.jpg,synthetic_val,3,52435,3,52744,0.24236,-0.188502,0.403933,0.861723,19.2993
synthetic/images/img002786.jpg,synthetic_val,0,60047,0,60063,0.72671,-0.658581,0.158968,0.113548,11.7373
synthetic/images/img002790.jpg,synthetic_val,3,07160,3,07146,-0.19245,-0.357407,-0.247436,0.879772,8.59066
synthetic/images/img002914.jpg,synthetic_val,0,30030,0,03127,0.720787,-0.112623,-0.202721,-0.653213,46.1395
synthetic/images/img003032.jpg,synthetic_val,0,72612,0,72471,0.780024,0.17063,0.511891,0.316885,18.6902
synthetic/images/img003033.jpg,synthetic_val,1,35215,1,35342,0.574903,0.735875,0.252957,-0.252957,9.73881
synthetic/images/img003084.jpg,synthetic_val,0,54260,0,45343,0.728214,-0.113783,-0.47789,0.47789,15.7629
synthetic/images/img003123.jpg,synthetic_val,0,51566,0,51740,0.660531,0.51604,-0.474757,0.268341,6.12176
synthetic/images/img003138.jpg,synthetic_val,0,47035,0,47027,0.791391,-0.321503,-0.222579,0.469888,12.9048
synthetic/images/img003139.jpg,synthetic_val,0,42237,0,24446,0.716438,-0.694049,0.067166,-0.0223887,21.0342
synthetic/images/img003170.jpg,synthetic_val,2,23576,2,23577,-0.0232936,0.535754,0.745396,-0.395992,5.44092
synthetic/images/img003285.jpg,synthetic_val,0,24341,0,24422,0.701141,-0.67923,0.153375,-0.153375,23.4848
synthetic/images/img003304.jpg,synthetic_val,0,13522,1,13125,0.518178,0.614137,-0.211109,-0.556561,22.9344
synthetic/images/img003328.jpg,synthetic_val,2,25340,2,21534,-0.0774855,0.129142,0.826512,-0.542398,35.5652
synthetic/images/img003377.jpg,synthetic_val,3,56512,3,55766,0.464318,-0.315737,0.575755,0.594328,23.2158
synthetic/images/img003378.jpg,synthetic_val,3,61520,3,61502,-0.205262,0.0879694,0.263908,0.93834,7.6829
synthetic/images/img003401.jpg,synthetic_val,3,43731,3,43717,-0.0292228,-0.146114,0.321451,0.935129,9.21218
synthetic/images/img003584.jpg,synthetic_val,0,12027,0,12254,0.770916,0.120456,-0.168638,-0.602279,12.6611
synthetic/images/img003639.jpg,synthetic_val,1,40302,1,40332,-0.464244,0.781884,-0.415376,0.0244339,10.0665
synthetic/images/img003649.jpg,synthetic_val,0,47236,0,47223,0.830959,-0.337577,-0.0259675,0.441447,11.7174
synthetic/images/img003707.jpg,synthetic_val,3,71601,3,71266,0.426737,0.376533,0.175715,0.80327,16.3974
synthetic/images/img003736.jpg,synthetic_val,3,50746,3,54112,0.269723,-0.601691,0.352715,0.663935,18.9608
synthetic/images/img003783.jpg,synthetic_val,3,42054,0,16131,0.801253,0.375587,-0.275431,-0.375587,47.5104
synthetic/images/img003795.jpg,synthetic_val,1,43471,1,43651,-0.247436,0.879772,-0.19245,0.357407,10.1653
synthetic/images/img003805.jpg,synthetic_val,3,24451,3,24561,-0.542398,0.129142,-0.0774855,0.826512,13.8165
synthetic/images/img003830.jpg,synthetic_val,0,50374,0,50727,0.811493,0.278951,-0.431106,0.278951,9.97898
synthetic/images/img003864.jpg,synthetic_val,2,70261,2,70261,0.0856444,0.371126,0.91354,0.142741,2.29269
synthetic/images/img003870.jpg,synthetic_val,3,34032,3,34160,0.254457,0.141365,-0.311003,0.904735,17.1269
synthetic/images/img003877.jpg,synthetic_val,3,14351,3,14150,0.272554,-0.649937,-0.230623,0.670902,19.4995
synthetic/images/img003878.jpg,synthetic_val,0,06313,0,06316,0.805302,-0.478148,-0.125828,-0.327154,8.76203
synthetic/images/img003880.jpg,synthetic_val,2,40377,2,70374,0.346083,0.346083,0.851896,0.186352,130.11
synthetic/images/img003901.jpg,synthetic_val,3,34251,3,34166,0.2561,0.199189,-0.2561,0.910577,11.8106
synthetic/images/img003987.jpg,synthetic_val,1,65624,1,66453,-0.468211,0.59931,0.35584,0.543124,22.7372
synthetic/images/img004110.jpg,synthetic_val,0,02715,0,02711,0.735875,-0.390934,-0.160973,-0.52891,3.6364
synthetic/images/img004258.jpg,synthetic_val,1,02715,1,03432,-0.262575,0.763856,-0.214834,-0.549021,18.7506
synthetic/images/img004429.jpg,synthetic_val,3,35702,3,35364,0.57369,0.298319,-0.206529,0.734324,7.30612
synthetic/images/img004489.jpg,synthetic_val,0,14460,3,14102,0.193158,-0.622398,-0.32193,0.686784,145.811
synthetic/images/img004509.jpg,synthetic_val,2,27562,2,27547,-0.133109,0.505813,0.851896,-0.0266217,13.7796
synthetic/images/img004586.jpg,synthetic_val,0,74361,0,70774,0.80327,0.326328,0.326328,0.376533,15.7591
synthetic/images/img004672.jpg,synthetic_val,1,16173,1,17621,0.500173,0.842397,-0.0789747,-0.184274,22.1751
synthetic/images/img004684.jpg,synthetic_val,0,35426,0,35442,0.877124,0.465972,0.0822304,-0.0822304,13.3464
synthetic/images/img004686.jpg,synthetic_val,2,71602,2,70713,0.393784,0.288775,0.840072,0.23627,5.11868
synthetic/images/img004707.jpg,synthetic_val,2,13623,2,21365,-0.116468,0.302817,0.745396,-0.582341,75.9738
synthetic/images/img004738.jpg,synthetic_val,1,42637,1,60432,-0.622212,0.737437,0.161314,0.207404,21.8671
synthetic/images/img004784.jpg,synthetic_val,0,66565,0,66245,0.582396,-0.527796,0.454997,0.418597,24.9908
synthetic/images/img004815.jpg,synthetic_val,3,60376,3,60365,-0.511891,0.316885,0.17063,0.780024,6.17848
synthetic/images/img004848.jpg,synthetic_val,0,71074,0,17642,0.871899,0.463196,-0.136234,-0.0817405,43.3397
synthetic/images/img005045.jpg,synthetic_val,0,16421,0,16441,0.899004,0.0842816,-0.421408,-0.0842816,18.4951
synthetic/images/img005049.jpg,synthetic_val,1,26504,1,24726,-0.541664,0.753619,0.353259,-0.117753,3.50498
synthetic/images/img005080.jpg,synthetic_val,3,47333,3,74014,0.133109,0.0266217,0.505813,0.851896,20.6239
synthetic/images/img005103.jpg,synthetic_val,0,07662,0,06666,0.717879,-0.695445,-0.0224337,-0.0224337,36.6323
synthetic/images/img005113.jpg,synthetic_val,2,04075,1,37202,0.357045,0.672085,0.567072,-0.31504,164.779
synthetic/images/img005155.jpg,synthetic_val,1,70151,1,70135,0.418772,0.893381,0.139591,0.0837545,16.4995
synthetic/images/img005184.jpg,synthetic_val,3,61260,3,60305,-0.532542,0.228232,0.0760775,0.811493,22.4454
synthetic/images/img005334.jpg,synthetic_val,1,34526,1,34561,0.320358,0.931951,0.145617,-0.0873704,10.6048
synthetic/images/img005335.jpg,synthetic_val,3,40305,3,40314,-0.433275,-0.524491,0.0684119,0.729727,4.09683
synthetic/images/img005381.jpg,synthetic_val,1,67527,1,67411,-0.200297,0.712167,0.378339,0.55638,16.2846
synthetic/images/img005452.jpg,synthetic_val,3,74113,3,74143,0.275431,0.0751175,0.525822,0.801253,19.0914
synthetic/images/img005483.jpg,synthetic_val,2,74304,2,47037,-0.228822,-0.228822,0.813589,0.483068,72.6371
synthetic/images/img005528.jpg,synthetic_val,3,21575,3,21711,-0.024731,0.222579,-0.568812,0.791391,19.9506
synthetic/images/img005529.jpg,synthetic_val,0,50423,0,05515,0.713582,-0.0222994,-0.691283,-0.111497,41.0926
synthetic/images/img005542.jpg,synthetic_val,1,34066,1,34016,0.142741,0.91354,0.0856444,-0.371126,19.5775
synthetic/images/img005617.jpg,synthetic_val,0,36017,0,34326,0.826512,0.232456,0.387427,-0.33577,10.5818
synthetic/images/img005646.jpg,synthetic_val,0,02067,0,02416,0.658291,-0.555433,-0.267431,-0.432004,12.5809
synthetic/images/img005668.jpg,synthetic_val,3,05226,3,34125,0.300609,0.136641,-0.355266,0.8745,101.553
synthetic/images/img005800.jpg,synthetic_val,2,13466,2,16303,0.294514,-0.13387,0.856767,-0.40161,20.4175
synthetic/images/img005805.jpg,synthetic_val,3,43457,3,43540,-0.182761,-0.39163,0.339413,0.835478,7.89784
synthetic/images/img005828.jpg,synthetic_val,2,56231,2,56362,0.228822,-0.0254246,0.813589,0.533917,14.0519
synthetic/images/img005871.jpg,synthetic_val,0,16017,0,16314,0.851896,0.346083,-0.186352,-0.346083,26.232
synthetic/images/img005967.jpg,synthetic_val,2,07515,2,16451,0.193624,-0.41491,0.88514,-0.0829819,24.7569
synthetic/images/img006003.jpg,synthetic_val,1,36740,1,36576,0.313185,0.770916,0.554096,-0.0240911,12.9855
synthetic/images/img006099.jpg,synthetic_val,3,43741,3,43745,-0.137464,-0.19245,0.412393,0.879772,4.03158
synthetic/images/img006184.jpg,synthetic_val,2,57253,3,54762,0.190372,-0.359592,0.613422,0.676879,51.8091
synthetic/images/img006210.jpg,synthetic_val,1,12105,3,15150,0.534205,-0.571047,-0.202629,0.589468,112.344
synthetic/images/img006221.jpg,synthetic_val,1,75652,1,75274,0.451535,0.688053,0.279521,0.494538,13.4495
synthetic/images/img006421.jpg,synthetic_val,1,43345,1,43343,-0.150824,0.965275,-0.150824,0.150824,5.72195
synthetic/images/img006587.jpg,synthetic_val,3,30024,2,21110,-0.067166,0.0223887,0.716438,-0.694049,16.7831
synthetic/images/img006641.jpg,synthetic_val,3,40701,3,40114,-0.391524,-0.638802,0.0618195,0.659408,25.429
synthetic/images/img006682.jpg,synthetic_val,2,05567,2,50260,0.0266217,-0.505813,0.851896,0.133109,27.1955
synthetic/images/img006689.jpg,synthetic_val,1,34602,1,25356,-0.0853666,0.910577,0.313011,-0.2561,13.4444
synthetic/images/img006716.jpg,synthetic_val,3,64130,3,61444,-0.390567,0.0260378,0.390567,0.833209,15.0235
synthetic/images/img006781.jpg,synthetic_val,1,71647,1,77044,0.368262,0.6932,0.368262,0.498237,25.6307
synthetic/images/img006795.jpg,synthetic_val,3,35141,3,17365,0.628928,-0.0698809,-0.209643,0.745396,11.0374
synthetic/images/img006865.jpg,synthetic_val,0,05553,2,07067,-0.353162,-0.244497,0.869321,-0.244497,66.6771
synthetic/images/img006877.jpg,synthetic_val,3,44123,3,44112,-0.378865,-0.578268,0.338985,0.638089,11.1171
synthetic/images/img006926.jpg,synthetic_val,0,52222,0,07777,0.998538,-0.0312043,-0.0312043,-0.0312043,6.38156
synthetic/images/img006943.jpg,synthetic_val,2,25723,2,25376,-0.0819844,0.409922,0.8745,-0.245953,7.00382
synthetic/images/img006945.jpg,synthetic_val,0,74110,0,57203,0.776342,0.460953,-0.121303,0.412432,21.7595
synthetic/images/img006959.jpg,synthetic_val,1,73421,1,15254,0.46101,0.702491,-0.504916,-0.197576,129.797
synthetic/images/img007056.jpg,synthetic_val,2,61312,2,16666,0.0312043,-0.0312043,0.998538,-0.0312043,43.1541
synthetic/images/img007093.jpg,synthetic_val,0,20554,0,20546,0.743784,-0.534595,0.0697297,-0.395135,11.6823
synthetic/images/img007102.jpg,synthetic_val,2,42062,2,42070,-0.619586,-0.252424,0.734324,0.114738,10.8405
synthetic/images/img007118.jpg,synthetic_val,1,17564,1,53433,0.555387,0.772712,-0.217325,0.217325,25.6749
synthetic/images/img007134.jpg,synthetic_val,1,14112,1,10555,0.30006,0.640128,-0.620124,-0.340068,7.26017
synthetic/images/img007190.jpg,synthetic_val,3,63511,3,41771,-0.0253592,-0.481824,0.329669,0.811493,110.044
synthetic/images/img007200.jpg,synthetic_val,1,62004,1,60260,-0.664099,0.685522,0.278493,0.107113,11.4733
synthetic/images/img007226.jpg,synthetic_val,1,70561,1,70475,0.19245,0.879772,0.137464,0.412393,14.4461
synthetic/images/img007259.jpg,synthetic_val,1,03633,1,03342,-0.163768,0.748653,-0.116977,-0.631676,14.5246
synthetic/images/img007277.jpg,synthetic_val,1,20070,3,10614,0.111276,-0.51187,-0.46736,0.712167,70.3597
synthetic/images/img007304.jpg,synthetic_val,1,67607,2,67005,-0.302817,0.395992,0.745396,0.442579,37.6419
synthetic/images/img007368.jpg,synthetic_val,0,15601,0,15566,0.670902,0.524142,-0.524142,-0.0209657,19.225
synthetic/images/img007375.jpg,synthetic_val,3,60355,3,61605,-0.348062,0.240966,0.294514,0.856767,16.0196
synthetic/images/img007457.jpg,synthetic_val,1,24716,1,42370,-0.504385,0.849491,-0.0796398,0.132733,50.3289
synthetic/images/img007647.jpg,synthetic_val,1,40131,1,41427,-0.295226,0.72671,-0.567742,0.249807,27.6559
synthetic/images/img007698.jpg,synthetic_val,3,51607,3,62344,-0.48738,0.529761,0.148333,0.678094,172.969
synthetic/images/img007753.jpg,synthetic_val,1,06367,1,06673,-0.613786,0.785646,-0.0245514,-0.0736543,16.9692
synthetic/images/img007805.jpg,synthetic_val,3,50362,3,50344,0.219382,-0.560642,0.17063,0.780024,14.9128
synthetic/images/img007914.jpg,synthetic_val,0,23163,3,20644,-0.638802,0.185459,-0.350311,0.659408,23.6911
synthetic/images/img007917.jpg,synthetic_val,3,43063,3,42355,-0.45257,-0.186352,0.186352,0.851896,14.9532
synthetic/images/img007921.jpg,synthetic_val,1,76027,1,76411,0.157036,0.717879,0.381373,0.560843,24.7716
synthetic/images/img007928.jpg,synthetic_val,0,11115,3,44647,-0.507368,-0.367405,0.542359,0.559855,18.9969
synthetic/images/img007932.jpg,synthetic_val,3,05105,1,03340,-0.162703,0.743784,-0.162703,-0.627568,58.5961
synthetic/images/img007937.jpg,synthetic_val,3,21733,3,30222,0.021267,0.319005,-0.659276,0.680543,18.1839
synthetic/images/img007966.jpg,synthetic_val,1,43050,1,41364,-0.181772,0.830959,-0.493382,0.181772,18.0579
synthetic/images/img007975.jpg,synthetic_val,0,73476,0,73427,0.709362,0.421184,0.509854,0.243843,8.77508
synthetic/images/img008000.jpg,synthetic_val,1,03651,1,03436,-0.269417,0.783758,-0.220432,-0.514341,10.2521
synthetic/images/img008053.jpg,synthetic_val,3,53223,3,53203,0.505813,-0.133109,0.0266217,0.851896,11.4296
synthetic/images/img008078.jpg,synthetic_val,2,42321,2,40311,-0.395992,-0.535754,0.745396,0.0232936,57.003
synthetic/images/img008083.jpg,synthetic_val,1,74277,1,74271,0.17063,0.780024,0.316885,0.511891,6.85637
synthetic/images/img008181.jpg,synthetic_val,0,44545,0,44423,0.573351,-0.5196,-0.447931,0.447931,24.0354
synthetic/images/img008191.jpg,synthetic_val,2,72471,2,72441,0.0776931,0.440261,0.828726,0.33667,15.5202
synthetic/images/img008253.jpg,synthetic_val,1,20437,0,46241,0.659408,-0.597589,-0.144246,0.432737,17.4803
synthetic/images/img008398.jpg,synthetic_val,2,15315,2,15521,0.536683,-0.536683,0.636069,-0.13914,18.7973
synthetic/images/img008493.jpg,synthetic_val,0,65574,0,65153,0.833209,-0.0260378,0.0781133,0.546793,20.0564
synthetic/images/img008515.jpg,synthetic_val,0,01263,0,03041,0.690612,-0.280561,-0.323724,-0.582704,4.49936
synthetic/images/img008562.jpg,synthetic_val,1,45005,2,40525,-0.436459,-0.561162,0.665081,0.228622,111.683
synthetic/images/img008609.jpg,synthetic_val,3,03405,3,03144,-0.159628,-0.342059,-0.570099,0.729727,16.2838
synthetic/images/img008715.jpg,synthetic_val,3,64036,3,60546,-0.544084,0.0709674,0.354837,0.756986,15.4333
synthetic/images/img008747.jpg,synthetic_val,1,61574,1,65122,-0.186352,0.851896,0.186352,0.45257,12.063
synthetic/images/img008812.jpg,synthetic_val,1,06347,1,06733,-0.46047,0.866766,-0.0270864,-0.189605,16.2446
synthetic/images/img008856.jpg,synthetic_val,2,63174,2,72420,0.0254246,0.533917,0.813589,0.228822,10.6851
synthetic/images/img008863.jpg,synthetic_val,0,75464,0,75506,0.654974,0.511698,0.0614038,0.552634,21.4671
synthetic/images/img008866.jpg,synthetic_val,2,07551,2,14661,0.0800926,-0.507253,0.854321,-0.0800926,16.346
synthetic/images/img008868.jpg,synthetic_val,2,47124,2,47143,-0.122757,-0.319169,0.785646,0.51558,7.62272
synthetic/images/img008947.jpg,synthetic_val,3,60163,3,60503,-0.532542,0.0760775,0.228232,0.811493,17.2941
synthetic/images/img008965.jpg,synthetic_val,0,56410,0,54664,0.660531,0.0206416,-0.39219,0.63989,18.723
synthetic/images/img008968.jpg,synthetic_val,3,60055,3,60500,-0.568812,0.024731,0.222579,0.791391,9.00387
synthetic/images/img008999.jpg,synthetic_val,0,70053,0,70076,0.944862,0.147635,0.206689,0.206689,16.9012
synthetic/images/img009018.jpg,synthetic_val,1,63131,1,27557,-0.0268511,0.859235,0.510171,-0.0268511,6.74332
synthetic/images/img009103.jpg,synthetic_val,0,04336,0,00616,0.62339,-0.525985,-0.4091,-0.4091,19.3376
synthetic/images/img009175.jpg,synthetic_val,3,70172,3,43374,-0.0908257,-0.0908257,0.211927,0.968808,61.7384
synthetic/images/img009184.jpg,synthetic_val,1,46770,1,46337,-0.415376,0.781884,-0.0244339,0.464244,22.0908
synthetic/images/img009259.jpg,synthetic_val,1,63606,1,67230,-0.230623,0.670902,0.608005,0.356417,15.6579
synthetic/images/img009270.jpg,synthetic_val,3,34252,3,07127,-0.138728,-0.249711,-0.360694,0.887862,74.7863
synthetic/images/img009280.jpg,synthetic_val,3,53536,0,65546,0.707972,-0.154869,0.0663723,0.685847,21.5119
synthetic/images/img009318.jpg,synthetic_val,2,45224,2,73424,0.392598,0.484974,0.739008,0.254034,144.92
synthetic/images/img009384.jpg,synthetic_val,1,54703,1,54555,0.266375,0.568266,-0.550508,0.550508,16.4649
synthetic/images/img009414.jpg,synthetic_val,3,24153,3,24501,-0.539527,0.0256917,-0.179842,0.822136,20.1502
synthetic/images/img009443.jpg,synthetic_val,0,54316,0,50745,0.734324,0.252424,-0.527795,0.344214,12.3932
synthetic/images/img009640.jpg,synthetic_val,3,17026,3,16105,0.280397,-0.38236,-0.331378,0.8157,21.1734
synthetic/images/img009666.jpg,synthetic_val,1,35055,1,31747,0.580544,0.688053,0.236518,-0.365528,30.8396
synthetic/images/img009693.jpg,synthetic_val,0,73150,1,71513,0.680538,0.702491,0.0658586,0.197576,36.9107
synthetic/images/img009720.jpg,synthetic_val,2,13415,2,13271,0.480524,-0.0626771,0.668555,-0.564094,31.0603
synthetic/images/img009801.jpg,synthetic_val,2,73033,2,73235,0.469192,0.59159,0.652789,0.061199,10.937
synthetic/images/img009880.jpg,synthetic_val,1,15775,1,51277,0.52891,0.735875,-0.390934,0.160973,26.6412
synthetic/images/img009887.jpg,synthetic_val,2,45507,1,10063,0.0614038,0.654974,-0.511698,-0.552634,17.4515
synthetic/images/img009916.jpg,synthetic_val,3,07357,3,25511,-0.0304997,0.0304997,-0.213498,0.975991,19.8519
synthetic/images/img009933.jpg,synthetic_val,0,13450,0,13566,0.712167,0.55638,-0.200297,-0.378339,17.2185
synthetic/images/img009943.jpg,synthetic_val,0,63331,0,16374,0.893381,0.362936,-0.0837545,-0.251263,107.608
synthetic/images/img010030.jpg,synthetic_val,2,06433,2,06467,-0.657226,-0.203967,0.725215,-0.022663,20.7735
synthetic/images/img010063.jpg,synthetic_val,3,24700,3,24161,-0.523205,0.124573,-0.27406,0.797264,19.2968
synthetic/images/img010079.jpg,synthetic_val,2,70124,2,70142,0.266674,0.0888913,0.948174,0.148152,9.37645
synthetic/images/img010088.jpg,synthetic_val,2,41463,2,41555,-0.021267,-0.659276,0.680543,0.319005,37.1703
synthetic/images/img010124.jpg,synthetic_val,3,52104,3,52147,0.297951,-0.352124,0.189605,0.866766,15.9341
synthetic/images/img010133.jpg,synthetic_val,2,43434,2,43256,-0.315058,-0.143208,0.916533,0.200492,18.4021
synthetic/images/img010151.jpg,synthetic_val,2,30273,2,30522,0.219382,0.17063,0.780024,-0.560642,23.632
synthetic/images/img010177.jpg,synthetic_val,1,37471,1,37414,0.497888,0.758686,0.403052,-0.118545,9.08858
synthetic/images/img010220.jpg,synthetic_val,0,55012,1,55700,0.472203,0.604419,-0.434426,0.472203,37.5731
synthetic/images/img010238.jpg,synthetic_val,2,12623,2,12722,0.222579,-0.024731,0.791391,-0.568812,16.0723
synthetic/images/img010321.jpg,synthetic_val,0,74725,0,74767,0.662794,0.227836,0.310685,0.642082,8.25243
synthetic/images/img010413.jpg,synthetic_val,2,67233,2,63560,-0.17063,0.511891,0.780024,0.316885,19.7274
synthetic/images/img010451.jpg,synthetic_val,2,41625,2,72524,0.220432,0.514341,0.783758,0.269417,136.491
synthetic/images/img010453.jpg,synthetic_val,1,47655,1,47745,-0.11019,0.705215,-0.154266,0.683177,11.1239
synthetic/images/img010478.jpg,synthetic_val,1,05530,1,05543,-0.114738,0.734324,-0.665481,-0.0688428,9.98991
synthetic/images/img010504.jpg,synthetic_val,0,05705,0,50260,0.851896,0.0266217,-0.505813,0.133109,36.8894
synthetic/images/img010547.jpg,synthetic_val,3,57502,3,57141,0.548966,-0.304981,0.426974,0.650627,8.35191
synthetic/images/img010583.jpg,synthetic_val,3,50604,0,43540,0.835478,-0.182761,-0.39163,0.339413,147.069
synthetic/images/img010589.jpg,synthetic_val,2,56350,2,56053,0.17063,-0.316885,0.780024,0.511891,22.4746
synthetic/images/img010628.jpg,synthetic_val,1,26746,1,62332,-0.39219,0.660531,0.63989,0.0206416,13.6589
synthetic/images/img010644.jpg,synthetic_val,0,01216,0,01141,0.61144,-0.0955375,-0.592333,-0.515903,23.6182
synthetic/images/img010697.jpg,synthetic_val,0,47626,3,42645,-0.627036,-0.151354,0.324329,0.691902,177.21
synthetic/images/img010700.jpg,synthetic_val,1,63160,1,63530,-0.0760775,0.811493,0.532542,0.228232,16.1523
synthetic/images/img010701.jpg,synthetic_val,2,67235,1,67010,-0.265003,0.770916,0.409549,0.409549,34.5896
synthetic/images/img010723.jpg,synthetic_val,2,74242,2,74034,0.131991,0.131991,0.844742,0.501565,19.6386
synthetic/images/img010791.jpg,synthetic_val,1,63535,1,72424,0.0251022,0.80327,0.527146,0.276124,5.09158
synthetic/images/img010813.jpg,synthetic_val,2,12763,2,21576,-0.0810219,0.189051,0.864234,-0.459124,51.5288
synthetic/images/img010897.jpg,synthetic_val,0,21057,0,21176,0.774521,-0.0726113,0.169426,-0.605095,19.9841
synthetic/images/img010934.jpg,synthetic_val,2,63444,2,61667,-0.320719,0.37006,0.789462,0.37006,7.57126
synthetic/images/img010974.jpg,synthetic_val,3,57527,3,57256,0.46736,-0.111276,0.51187,0.712167,13.0362
synthetic/images/img011010.jpg,synthetic_val,3,07476,3,43344,-0.204559,-0.204559,0.204559,0.935129,31.0677
synthetic/images/img011172.jpg,synthetic_val,1,56765,3,36763,0.239187,0.674072,-0.0652328,0.695817,2.29251
synthetic/images/img011177.jpg,synthetic_val,0,37124,0,37143,0.676879,0.571117,0.401897,-0.232677,9.2405
synthetic/images/img011247.jpg,synthetic_val,2,52225,2,43373,-0.030846,-0.030846,0.987072,0.15423,14.5434
synthetic/images/img011311.jpg,synthetic_val,1,50235,1,50263,0.0817405,0.871899,-0.463196,0.136234,13.8381
synthetic/images/img011323.jpg,synthetic_val,2,12574,2,23444,-0.350931,0.397722,0.748653,-0.397722,112.886
synthetic/images/img011339.jpg,synthetic_val,0,61125,0,61116,0.987072,-0.092538,0.092538,0.092538,8.51722
synthetic/images/img011342.jpg,synthetic_val,3,13767,3,04364,-0.51494,-0.425385,-0.201498,0.716438,148.38
synthetic/images/img011364.jpg,synthetic_val,2,40050,1,15251,0.490028,0.681778,-0.490028,-0.234361,22.5976
synthetic/images/img011368.jpg,synthetic_val,2,07540,2,07515,-0.0280056,-0.420084,0.896179,-0.140028,21.1976
synthetic/images/img011395.jpg,synthetic_val,2,61733,2,61367,-0.137464,0.412393,0.879772,0.19245,12.6999
synthetic/images/img011490.jpg,synthetic_val,2,34564,2,34471,0.21039,0.150278,0.961781,-0.090167,6.90548
synthetic/images/img011513.jpg,synthetic_val,3,26561,3,24734,-0.478148,0.327154,-0.125828,0.805302,19.7252
synthetic/images/img011565.jpg,synthetic_val,2,56343,2,56016,0.125828,-0.327154,0.805302,0.478148,26.1669
synthetic/images/img011611.jpg,synthetic_val,0,23675,0,23527,0.712167,-0.111276,0.51187,-0.46736,19.088
synthetic/images/img011612.jpg,synthetic_val,3,57721,3,57702,0.521399,-0.10428,0.521399,0.667391,5.68067
synthetic/images/img011614.jpg,synthetic_val,1,41713,1,41177,-0.0242607,0.776342,-0.606517,0.169825,13.5453
synthetic/images/img011683.jpg,synthetic_val,1,05774,1,14466,0.0246108,0.787547,-0.615271,-0.0246108,18.4098
synthetic/images/img011853.jpg,synthetic_val,3,12777,3,16342,0.254457,-0.141365,-0.311003,0.904735,27.9221
synthetic/images/img011894.jpg,synthetic_val,3,77735,0,77565,0.569705,0.480689,0.373869,0.551902,10.5085
synthetic/images/img011957.jpg,synthetic_val,3,24136,3,20574,-0.460953,0.121303,-0.412432,0.776342,12.7547
synthetic/images/img011966.jpg,synthetic_val,0,51015,1,04477,-0.524142,0.670902,-0.524142,-0.0209657,145.308
synthetic/images/img011990.jpg,synthetic_val,0,16430,0,16441,0.899004,0.0842816,-0.421408,-0.0842816,18.5453
synthetic/images/img012043.jpg,synthetic_val,2,60752,2,60752,-0.464244,0.268773,0.781884,0.317641,3.25898
synthetic/images/img012076.jpg,synthetic_val,0,17326,0,71524,0.755297,0.590076,0.118015,0.259633,67.0901
synthetic/images/img012085.jpg,synthetic_val,1,34225,1,34242,0.0280939,0.899004,0.309033,-0.309033,9.91221
synthetic/images/img012124.jpg,synthetic_val,3,31052,3,30742,0.22592,0.276124,-0.476942,0.80327,39.7127
synthetic/images/img012300.jpg,synthetic_val,1,27034,1,23435,-0.201903,0.717879,0.471108,-0.471108,23.7184
synthetic/images/img012407.jpg,synthetic_val,1,06465,1,60000,-0.695445,0.717879,0.0224337,0.0224337,33.1612
synthetic/images/img012415.jpg,synthetic_val,0,03631,0,03746,0.859235,-0.187958,-0.134255,-0.456468,17.7431
synthetic/images/img012425.jpg,synthetic_val,1,17647,1,17665,0.508706,0.856767,-0.0803219,-0.026774,5.44076
synthetic/images/img012434.jpg,synthetic_val,3,42500,3,44264,-0.578153,-0.354352,0.428952,0.596803,32.8509
synthetic/images/img012461.jpg,synthetic_val,3,76462,2,74411,0.169825,0.0242607,0.776342,0.606517,58.7093
synthetic/images/img012476.jpg,synthetic_val,0,70423,0,70601,0.925691,0.0867835,0.260351,0.260351,10.2413
synthetic/images/img012509.jpg,synthetic_val,1,31527,1,35312,0.616742,0.680543,0.233937,-0.319005,16.9924
synthetic/images/img012532.jpg,synthetic_val,3,76157,3,75214,0.480888,0.206095,0.435089,0.732782,29.0477
synthetic/images/img012620.jpg,synthetic_val,3,04267,0,02333,0.670902,-0.356417,-0.0209657,-0.649937,89.9489
synthetic/images/img012662.jpg,synthetic_val,2,67121,2,61736,-0.0807866,0.403933,0.861723,0.296217,21.2041
synthetic/images/img012670.jpg,synthetic_val,1,43613,1,43720,-0.205262,0.93834,-0.0879694,0.263908,5.96107
synthetic/images/img012676.jpg,synthetic_val,3,03410,3,30542,0.23434,0.0781133,-0.494718,0.833209,74.8215
synthetic/images/img012733.jpg,synthetic_val,0,32406,0,30642,0.824315,0.0257599,0.283358,-0.489437,18.5257
synthetic/images/img012758.jpg,synthetic_val,0,40710,0,41222,0.8157,-0.38236,-0.433341,0.0254906,27.0511
synthetic/images/img012817.jpg,synthetic_val,2,11424,2,15045,0.385673,-0.629255,0.649554,-0.182687,26.8077
synthetic/images/img012842.jpg,synthetic_val,3,24543,3,24561,-0.542398,0.129142,-0.0774855,0.826512,5.43654
synthetic/images/img012919.jpg,synthetic_val,0,23237,2,20227,-0.535661,0.277066,0.591074,-0.535661,151.763
synthetic/images/img012954.jpg,synthetic_val,1,62331,1,27644,-0.34641,0.739008,0.57735,-0.023094,8.23494
synthetic/images/img013020.jpg,synthetic_val,3,56063,3,47534,-0.0691347,-0.253494,0.622212,0.737437,20.8386
synthetic/images/img013044.jpg,synthetic_val,2,20201,0,45044,0.61144,-0.286613,-0.592333,0.439473,21.4742
synthetic/images/img013062.jpg,synthetic_val,3,36630,2,07506,-0.196657,-0.36522,0.899004,-0.140469,116.391
synthetic/images/img013143.jpg,synthetic_val,3,42172,3,42371,-0.463196,-0.0817405,0.136234,0.871899,18.6842
synthetic/images/img013152.jpg,synthetic_val,1,74551,1,56743,0.245294,0.713582,-0.111497,0.646684,18.775
synthetic/images/img013197.jpg,synthetic_val,3,50725,3,50744,0.208739,-0.533443,0.347898,0.742182,15.2772
synthetic/images/img013218.jpg,synthetic_val,2,14753,2,14757,0.36477,-0.510678,0.778177,-0.024318,6.2625
synthetic/images/img013315.jpg,synthetic_val,3,43126,3,43075,-0.25205,-0.308062,0.196039,0.896179,11.6449
synthetic/images/img013407.jpg,synthetic_val,2,30144,2,21235,-0.195698,0.282675,0.695817,-0.630584,59.0608
synthetic/images/img013470.jpg,synthetic_val,1,43710,1,52243,0.0911606,0.972379,-0.151934,0.151934,24.0871
synthetic/images/img013476.jpg,synthetic_val,0,43160,0,43072,0.904735,-0.311003,-0.254457,0.141365,14.144
synthetic/images/img013486.jpg,synthetic_val,0,62612,1,02470,-0.571117,0.676879,-0.232677,-0.401897,48.1934
synthetic/images/img013503.jpg,synthetic_val,3,63101,3,63344,-0.167476,0.598127,0.167476,0.765603,26.7597
synthetic/images/img013515.jpg,synthetic_val,0,31041,0,30771,0.758686,0.355634,0.308216,-0.45047,37.869
synthetic/images/img013572.jpg,synthetic_val,2,47376,2,47717,-0.0237089,-0.118545,0.758686,0.640141,13.7591
synthetic/images/img013589.jpg,synthetic_val,0,50767,0,54123,0.705215,0.242418,-0.55095,0.374646,18.8731
synthetic/images/img013712.jpg,synthetic_val,1,55515,1,00545,-0.403027,0.614137,-0.594945,-0.32626,147.734
synthetic/images/img013719.jpg,synthetic_val,0,51434,0,51660,0.745396,0.395992,-0.442579,0.302817,17.1316
synthetic/images/img013815.jpg,synthetic_val,3,46167,3,46535,-0.365528,-0.236518,0.580544,0.688053,17.2325
synthetic/images/img013823.jpg,synthetic_val,3,71607,3,71272,0.507093,0.362209,0.120736,0.772712,21.3785
synthetic/images/img013853.jpg,synthetic_val,2,04136,1,34372,0.331378,0.8157,0.38236,-0.280397,154.175
synthetic/images/img013871.jpg,synthetic_val,0,47136,0,43576,0.8745,-0.0819844,-0.245953,0.409922,9.62468
synthetic/images/img013907.jpg,synthetic_val,3,52670,3,52615,0.198547,-0.198547,0.312002,0.907642,17.7009
synthetic/images/img013966.jpg,synthetic_val,2,66607,2,55602,0.348539,-0.430548,0.656074,0.512558,153.843
synthetic/images/img013984.jpg,synthetic_val,0,42757,0,46122,0.729727,-0.524491,-0.205236,0.387667,16.4332
synthetic/images/img014020.jpg,synthetic_val,1,71716,1,71537,0.667787,0.689329,0.150791,0.236957,10.9878
synthetic/images/img014052.jpg,synthetic_val,0,46540,3,42421,-0.637864,-0.241948,0.197958,0.703849,175.867
synthetic/images/img014089.jpg,synthetic_val,1,50161,1,50360,0.233079,0.828726,-0.492056,0.129488,17.4658
synthetic/images/img014092.jpg,synthetic_val,3,21620,3,21664,-0.363057,0.314649,-0.411464,0.774521,15.6888
synthetic/images/img014104.jpg,synthetic_val,2,40267,2,42443,-0.617861,-0.276972,0.681778,0.276972,18.429
synthetic/images/img014162.jpg,synthetic_val,0,71751,0,71533,0.695817,0.674072,0.15221,0.195698,10.0391
synthetic/images/img014177.jpg,synthetic_val,3,30677,3,32444,0.0249766,0.424602,-0.424602,0.799251,18.001
synthetic/images/img014238.jpg,synthetic_val,1,44112,1,45044,-0.286613,0.61144,-0.592333,0.439473,14.4703
synthetic/images/img014248.jpg,synthetic_val,2,61523,2,61536,-0.0864945,0.20182,0.922608,0.317146,4.82878
synthetic/images/img014260.jpg,synthetic_val,2,25544,2,25560,-0.21039,0.150278,0.961781,-0.090167,15.4579
synthetic/images/img014276.jpg,synthetic_val,2,07107,2,03544,-0.175715,-0.376533,0.80327,-0.426737,12.6575
synthetic/images/img014339.jpg,synthetic_val,3,46454,3,46740,-0.465335,-0.141624,0.586727,0.647423,17.6489
synthetic/images/img014368.jpg,synthetic_val,3,36133,3,34372,0.331378,0.38236,-0.280397,0.8157,21.5462
synthetic/images/img014379.jpg,synthetic_val,1,35676,1,37441,0.463139,0.780024,0.414388,-0.0731272,9.92825
synthetic/images/img014435.jpg,synthetic_val,3,35560,3,35641,0.494718,0.23434,-0.0781133,0.833209,18.0968
synthetic/images/img014462.jpg,synthetic_val,3,10212,3,21365,-0.116468,0.302817,-0.582341,0.745396,89.079
synthetic/images/img014567.jpg,synthetic_val,0,60337,0,60466,0.673274,-0.652234,0.147279,0.315597,49.5256
synthetic/images/img014596.jpg,synthetic_val,2,07171,2,07315,-0.0283638,-0.198547,0.907642,-0.368729,11.5982
synthetic/images/img014635.jpg,synthetic_val,1,47764,1,65641,-0.282675,0.695817,0.195698,0.630584,34.7937
synthetic/images/img014660.jpg,synthetic_val,0,34472,0,70506,0.910577,0.2561,0.0853666,0.313011,46.9482
synthetic/images/img014742.jpg,synthetic_val,1,51633,1,51721,0.576297,0.683019,-0.405542,0.192099,7.41522
synthetic/images/img014764.jpg,synthetic_val,0,42043,1,42422,-0.66903,0.690612,-0.194235,0.194235,64.6778
synthetic/images/img014900.jpg,synthetic_val,1,50345,1,50376,0.332243,0.817829,-0.434472,0.1789,17.2192
synthetic/images/img014918.jpg,synthetic_val,1,14061,1,14012,0.108721,0.695817,-0.630584,-0.326164,10.1103
synthetic/images/img014964.jpg,synthetic_val,3,17356,3,17651,0.573034,-0.174402,-0.0747435,0.797264,19.194
synthetic/images/img014971.jpg,synthetic_val,0,61517,0,52616,0.925691,0.144639,-0.144639,0.318206,32.8427
synthetic/images/img014977.jpg,synthetic_val,0,52355,0,52611,0.922608,0.20182,-0.20182,0.259483,25.8394
synthetic/images/img014979.jpg,synthetic_val,2,36472,1,36560,0.228232,0.811493,0.532542,-0.0760775,42.4521
synthetic/images/img015000.jpg,synthetic_val,2,25563,2,25576,-0.0911606,0.212708,0.972379,-0.0303869,12.8644
synthetic/images/img015038.jpg,synthetic_val,3,52112,3,52147,0.297951,-0.352124,0.189605,0.866766,21.9688
synthetic/images/img015041.jpg,synthetic_val,1,12606,1,25346,-0.196039,0.896179,0.308062,-0.25205,67.308
synthetic/images/img015061.jpg,synthetic_val,0,52176,0,52715,0.849491,0.398199,-0.185826,0.292013,14.1077
synthetic/images/img015080.jpg,synthetic_val,2,57250,3,67450,-0.230623,0.356417,0.608005,0.670902,107.404
synthetic/images/img015096.jpg,synthetic_val,3,45772,2,56611,0.167476,-0.167476,0.765603,0.598127,38.4464
synthetic/images/img015163.jpg,synthetic_val,0,52665,0,56213,0.859235,0.187958,-0.134255,0.456468,10.1444
synthetic/images/img015229.jpg,synthetic_val,2,24563,2,24570,-0.504385,0.132733,0.849491,-0.0796398,5.04944
synthetic/images/img015299.jpg,synthetic_val,3,75227,3,74135,0.370965,0.123655,0.469888,0.791391,25.3721
synthetic/images/img015322.jpg,synthetic_val,0,65005,0,64311,0.780024,-0.414388,0.219382,0.414388,27.1689
synthetic/images/img015382.jpg,synthetic_val,2,10230,3,23344,-0.145236,0.518699,-0.518699,0.663935,23.228
synthetic/images/img015482.jpg,synthetic_val,0,50454,0,05016,0.689329,-0.236957,-0.624704,-0.28004,80.4402
synthetic/images/img015599.jpg,synthetic_val,0,24176,0,24572,0.842397,-0.500173,0.184274,-0.0789747,18.5565
synthetic/images/img015688.jpg,synthetic_val,1,52125,1,52131,0.40511,0.864234,-0.29708,0.0270073,10.3556
synthetic/images/img015793.jpg,synthetic_val,3,74375,3,74573,0.324329,0.151354,0.627036,0.691902,20.4708
synthetic/images/img015833.jpg,synthetic_val,2,63743,2,63536,-0.0731272,0.560642,0.780024,0.268133,8.59826
synthetic/images/img015875.jpg,synthetic_val,1,46110,2,26121,-0.454912,0.454912,0.6932,-0.324937,157.964
synthetic/images/img015910.jpg,synthetic_val,0,16372,0,17472,0.811493,0.532542,-0.228232,-0.0760775,41.0254
synthetic/images/img015926.jpg,synthetic_val,3,36437,3,36406,0.0266217,0.505813,-0.133109,0.851896,20.4639
synthetic/images/img015985.jpg,synthetic_val,1,71726,1,71724,0.567742,0.72671,0.295226,0.249807,3.98825
synthetic/images/img016003.jpg,synthetic_val,2,60712,2,60356,-0.481824,0.278951,0.811493,0.177514,5.7239
synthetic/images/img016016.jpg,synthetic_val,1,71430,1,71135,0.689912,0.712167,0.111276,0.0667657,27.1417
synthetic/images/img016029.jpg,synthetic_val,1,36426,1,36425,0.0774855,0.826512,0.542398,-0.129142,8.20137
synthetic/images/img016040.jpg,synthetic_val,3,37006,3,37043,0.439725,0.439725,-0.254578,0.74059,4.90489
synthetic/images/img016063.jpg,synthetic_val,2,52755,2,57264,0.395135,-0.0697297,0.743784,0.534595,23.8914
synthetic/images/img016081.jpg,synthetic_val,0,14273,0,16350,0.866766,0.352124,-0.189605,-0.297951,35.742
synthetic/images/img016252.jpg,synthetic_val,3,56465,3,54664,0.0206416,-0.39219,0.63989,0.660531,21.4434
synthetic/images/img016403.jpg,synthetic_val,2,34344,2,34713,0.398199,0.292013,0.849491,-0.185826,17.3353
synthetic/images/img016411.jpg,synthetic_val,3,25006,3,25046,-0.409922,0.0819844,-0.245953,0.8745,11.7894
synthetic/images/img016431.jpg,synthetic_val,3,42631,3,42661,-0.641599,-0.0663723,0.287613,0.707972,13.2351
synthetic/images/img016509.jpg,synthetic_val,3,71320,3,71235,0.552814,0.31246,0.0721062,0.769133,7.12001
synthetic/images/img016539.jpg,synthetic_val,2,05242,2,07040,-0.375587,-0.375587,0.801253,-0.275431,15.7816
synthetic/images/img016611.jpg,synthetic_val,1,40710,1,41224,-0.372793,0.795292,-0.472205,0.0745586,20.1805
synthetic/images/img016691.jpg,synthetic_val,2,52116,2,52143,0.300609,-0.355266,0.8745,0.136641,8.01931
synthetic/images/img016749.jpg,synthetic_val,0,30724,0,30662,0.797264,0.0249145,0.373718,-0.473376,24.1314
synthetic/images/img016763.jpg,synthetic_val,2,72136,2,72532,0.306158,0.541664,0.753619,0.211955,14.3925
synthetic/images/img016774.jpg,synthetic_val,1,76021,1,72645,0.0691347,0.737437,0.576123,0.345674,11.6686
synthetic/images/img016778.jpg,synthetic_val,1,71624,1,70773,0.37006,0.789462,0.37006,0.320719,8.02256
synthetic/images/img016831.jpg,synthetic_val,3,35677,3,17343,0.619586,-0.114738,-0.252424,0.734324,60.0717
synthetic/images/img016856.jpg,synthetic_val,1,01123,1,54221,0.0731272,0.780024,-0.463139,0.414388,125.941
synthetic/images/img016885.jpg,synthetic_val,3,07411,3,07417,-0.249711,-0.360694,-0.138728,0.887862,8.06766
synthetic/images/img016952.jpg,synthetic_val,3,42246,0,12122,0.690612,0.194235,-0.194235,-0.66903,9.74377
synthetic/images/img016966.jpg,synthetic_val,0,42305,0,42123,0.813589,-0.533917,-0.228822,0.0254246,10.4076
synthetic/images/img017010.jpg,synthetic_val,3,44410,3,44164,-0.433808,-0.509253,0.433808,0.603559,7.86561
synthetic/images/img017049.jpg,synthetic_val,2,60047,2,60565,-0.507093,0.120736,0.772712,0.362209,29.4085
synthetic/images/img017062.jpg,synthetic_val,1,32512,1,32734,0.26131,0.643224,0.582922,-0.422116,20.7235
synthetic/images/img017087.jpg,synthetic_val,1,31204,1,35300,0.565414,0.72373,0.203549,-0.339248,37.0895
synthetic/images/img017294.jpg,synthetic_val,0,02621,0,02440,0.631101,-0.611379,-0.295829,-0.374716,29.8513
synthetic/images/img017298.jpg,synthetic_val,0,61747,0,61576,0.88514,-0.0829819,0.193624,0.41491,12.6928
synthetic/images/img017324.jpg,synthetic_val,0,65121,0,61541,0.916533,-0.143208,0.0286417,0.372342,14.9437
synthetic/images/img017371.jpg,synthetic_val,0,25122,0,21546,0.864234,-0.189051,0.0810219,-0.459124,15.3901
synthetic/images/img017421.jpg,synthetic_val,2,36010,2,07162,-0.196039,-0.25205,0.896179,-0.308062,86.9019
synthetic/images/img017432.jpg,synthetic_val,1,52444,1,52446,0.0265466,0.849491,-0.345106,0.398199,6.20005
synthetic/images/img017434.jpg,synthetic_val,0,17211,0,17712,0.72671,0.658581,-0.113548,-0.158968,26.2537
synthetic/images/img017456.jpg,synthetic_val,0,62170,1,64231,-0.544638,0.697136,0.283212,0.370354,115.22
synthetic/images/img017534.jpg,synthetic_val,2,63475,2,63560,-0.17063,0.511891,0.780024,0.316885,7.89413
synthetic/images/img017688.jpg,synthetic_val,3,56707,3,56650,0.113548,-0.158968,0.658581,0.72671,19.0196
synthetic/images/img017740.jpg,synthetic_val,0,74423,0,74462,0.73125,0.0228515,0.159961,0.662695,11.7522
synthetic/images/img017768.jpg,synthetic_val,0,07245,0,07216,0.8745,-0.300609,-0.136641,-0.355266,14.8953
synthetic/images/img017772.jpg,synthetic_val,2,21432,2,21234,-0.236957,0.28004,0.689329,-0.624704,15.7143
synthetic/images/img017791.jpg,synthetic_val,1,52507,1,52145,0.292013,0.849491,-0.398199,0.185826,12.7265
synthetic/images/img017812.jpg,synthetic_val,1,71602,1,71616,0.508279,0.774521,0.266242,0.266242,13.0395
synthetic/images/img017844.jpg,synthetic_val,1,74614,1,74747,0.233095,0.678094,0.233095,0.656904,16.7958
synthetic/images/img017859.jpg,synthetic_val,0,77023,0,73441,0.745396,0.442579,0.395992,0.302817,14.3776
synthetic/images/img017864.jpg,synthetic_val,1,66224,0,00242,0.569705,-0.551902,-0.373869,-0.480689,22.5318
synthetic/images/img017872.jpg,synthetic_val,2,15115,0,26621,0.609662,-0.552506,0.552506,-0.133364,12.4686
synthetic/images/img017892.jpg,synthetic_val,3,12454,3,16013,0.182761,-0.339413,-0.39163,0.835478,9.27115
synthetic/images/img017925.jpg,synthetic_val,3,61320,3,61342,-0.200492,0.315058,0.143208,0.916533,13.4778
synthetic/images/img017932.jpg,synthetic_val,0,07044,0,04366,0.729727,-0.524491,-0.387667,-0.205236,20.2139
synthetic/images/img017954.jpg,synthetic_val,2,51623,2,51413,0.462317,-0.582922,0.643224,0.180907,26.605
synthetic/images/img017988.jpg,synthetic_val,1,15406,1,73240,0.383697,0.722254,0.564261,0.112852,150.263
synthetic/images/img018006.jpg,synthetic_val,0,21661,0,21646,0.785646,-0.368271,0.270066,-0.417374,11.7529
synthetic/images/img018016.jpg,synthetic_val,0,64746,0,65644,0.668555,-0.313385,0.188031,0.647663,16.7488
synthetic/images/img018080.jpg,synthetic_val,1,17624,1,17632,0.539527,0.822136,-0.0256917,-0.179842,13.311
synthetic/images/img018093.jpg,synthetic_val,0,36745,0,72127,0.780024,0.268133,0.560642,0.0731272,9.70655
synthetic/images/img018111.jpg,synthetic_val,1,61564,1,65017,-0.23434,0.833209,0.0781133,0.494718,13.5656
synthetic/images/img018118.jpg,synthetic_val,2,71067,2,71613,0.549021,0.262575,0.763856,0.214834,14.1818
synthetic/images/img018130.jpg,synthetic_val,1,62173,1,62335,-0.365528,0.688053,0.623548,0.0645049,16.3984
synthetic/images/img018134.jpg,synthetic_val,1,25506,1,25541,-0.153646,0.983336,0.0307293,-0.0921878,11.0899
synthetic/images/img018173.jpg,synthetic_val,1,70616,1,70641,0.0837545,0.893381,0.251263,0.362936,12.1068
synthetic/images/img018314.jpg,synthetic_val,1,26347,1,26526,-0.501067,0.697136,0.501067,-0.108928,13.7546
synthetic/images/img018385.jpg,synthetic_val,3,41220,3,41271,-0.233079,-0.492056,0.129488,0.828726,20.4722
synthetic/images/img018492.jpg,synthetic_val,0,17142,0,17345,0.737437,0.622212,-0.161314,-0.207404,16.9241
synthetic/images/img018494.jpg,synthetic_val,0,74474,0,74506,0.745396,0.209643,0.0698809,0.628928,14.7973
synthetic/images/img018507.jpg,synthetic_val,3,46537,3,47464,-0.310685,-0.227836,0.642082,0.662794,10.8331
synthetic/images/img018547.jpg,synthetic_val,0,44204,1,44061,-0.526403,0.580859,-0.4901,0.381189,146.011
synthetic/images/img018629.jpg,synthetic_val,1,44774,3,47441,-0.273518,-0.315597,0.610155,0.673274,171.151
synthetic/images/img018690.jpg,synthetic_val,2,25743,2,25576,-0.0911606,0.212708,0.972379,-0.0303869,14.7691
synthetic/images/img018700.jpg,synthetic_val,2,23443,2,23443,-0.29707,0.434179,0.73125,-0.434179,2.8354
synthetic/images/img018716.jpg,synthetic_val,2,72573,2,73632,0.419413,0.619134,0.639106,0.179749,21.0746
synthetic/images/img018721.jpg,synthetic_val,1,41632,1,41601,-0.306158,0.753619,-0.541664,0.211955,15.6705
synthetic/images/img018743.jpg,synthetic_val,3,72013,3,34433,0.204559,0.204559,-0.204559,0.935129,45.3492
synthetic/images/img018785.jpg,synthetic_val,3,40017,3,41313,-0.0261087,-0.548282,0.0261087,0.835478,60.7387
synthetic/images/img018830.jpg,synthetic_val,1,47222,1,47001,-0.314649,0.774521,-0.363057,0.411464,40.9454
synthetic/images/img018845.jpg,synthetic_val,2,41104,2,41135,-0.0238163,-0.643039,0.762121,0.0714488,17.7899
synthetic/images/img018880.jpg,synthetic_val,3,26733,3,27643,-0.295837,0.61443,-0.06827,0.728214,15.1354
synthetic/images/img018894.jpg,synthetic_val,1,06625,1,60000,-0.695445,0.717879,0.0224337,0.0224337,21.0877
synthetic/images/img018903.jpg,synthetic_val,2,52424,2,52066,0.0294245,-0.26482,0.941584,0.205971,10.5984
synthetic/images/img018936.jpg,synthetic_val,1,42315,1,43242,-0.416185,0.887862,-0.138728,0.138728,7.49959
synthetic/images/img018946.jpg,synthetic_val,2,73136,2,71217,0.560642,0.268133,0.780024,0.0731272,27.814
synthetic/images/img018981.jpg,synthetic_val,3,14500,1,12323,0.239641,0.697136,-0.0217855,-0.675351,53.0174
synthetic/images/img019003.jpg,synthetic_val,1,56124,1,56012,0.128799,0.824315,-0.334878,0.437917,16.335
synthetic/images/img019020.jpg,synthetic_val,2,60304,2,60306,-0.560642,0.268133,0.780024,0.0731272,3.27678
synthetic/images/img019039.jpg,synthetic_val,1,53164,1,53611,0.560642,0.780024,-0.17063,0.219382,10.6473
synthetic/images/img019047.jpg,synthetic_val,3,27150,3,27511,-0.0270864,0.46047,-0.189605,0.866766,10.6952
synthetic/images/img019075.jpg,synthetic_val,0,50204,0,50612,0.80735,0.126148,-0.529823,0.227067,19.4237
synthetic/images/img019235.jpg,synthetic_val,1,21645,1,25060,-0.40161,0.856767,0.13387,-0.294514,23.4078
synthetic/images/img019238.jpg,synthetic_val,3,25204,3,25244,-0.399326,0.239596,-0.239596,0.851896,13.8372
synthetic/images/img019243.jpg,synthetic_val,2,16260,2,25121,-0.138728,0.138728,0.887862,-0.416185,35.3796
synthetic/images/img019269.jpg,synthetic_val,3,15376,3,15740,0.534584,-0.491817,-0.06415,0.684267,22.2097
synthetic/images/img019310.jpg,synthetic_val,2,16542,2,16455,0.19422,-0.416185,0.887862,-0.0277457,12.8455
synthetic/images/img019348.jpg,synthetic_val,3,63060,3,63142,-0.183261,0.497423,0.130901,0.837765,20.8573
synthetic/images/img019359.jpg,synthetic_val,1,67663,2,66307,-0.415455,0.534156,0.633074,0.375888,26.2511
synthetic/images/img019430.jpg,synthetic_val,3,12566,3,16012,0.131625,-0.342224,-0.394874,0.842397,15.9549
synthetic/images/img019444.jpg,synthetic_val,3,52213,3,70004,0.0310835,0.0310835,0.0932505,0.994672,28.8029
synthetic/images/img019480.jpg,synthetic_val,1,26000,1,44262,-0.594945,0.614137,-0.32626,0.403027,115.543
synthetic/images/img019493.jpg,synthetic_val,3,57257,3,57271,0.51391,-0.0670318,0.469222,0.715006,7.50569
synthetic/images/img019495.jpg,synthetic_val,3,14703,3,14343,0.266242,-0.508279,-0.266242,0.774521,9.06506
synthetic/images/img019508.jpg,synthetic_val,1,26555,1,25626,-0.387427,0.826512,0.387427,-0.129142,15.1259
synthetic/images/img019544.jpg,synthetic_val,0,72414,0,70772,0.80327,0.326328,0.376533,0.326328,21.7486
synthetic/images/img019545.jpg,synthetic_val,0,07103,0,03574,0.842397,-0.0789747,-0.289574,-0.447523,11.1754
synthetic/images/img019572.jpg,synthetic_val,3,24764,3,24576,-0.501565,0.184787,-0.0263982,0.844742,19.5456
synthetic/images/img019583.jpg,synthetic_val,1,03071,1,03437,-0.223125,0.793334,-0.223125,-0.520626,13.7201
synthetic/images/img019637.jpg,synthetic_val,0,00147,0,00115,0.573351,-0.304593,-0.555434,-0.5196,12.0104
synthetic/images/img019664.jpg,synthetic_val,2,60202,0,05662,0.813589,-0.38137,-0.432219,-0.0762739,37.369
synthetic/images/img019680.jpg,synthetic_val,3,73057,3,71336,0.632983,0.327405,0.065481,0.698464,21.8926
synthetic/images/img019717.jpg,synthetic_val,0,70100,0,70142,0.948174,0.266674,0.0888913,0.148152,12.3526
synthetic/images/img019754.jpg,synthetic_val,3,67353,3,65207,-0.317641,0.268773,0.464244,0.781884,50.826
synthetic/images/img019755.jpg,synthetic_val,2,34464,2,16645,0.0911606,-0.212708,0.972379,-0.0303869,44.3472
synthetic/images/img019807.jpg,synthetic_val,1,65707,1,65713,-0.0237624,0.760398,0.261387,0.594061,9.57014
synthetic/images/img019855.jpg,synthetic_val,3,25326,3,27110,-0.0762739,0.432219,-0.38137,0.813589,18.0762
synthetic/images/img019971.jpg,synthetic_val,1,56677,1,56644,0.0221676,0.709362,-0.155173,0.687194,22.8701
synthetic/images/img020011.jpg,synthetic_val,2,43133,2,43133,-0.0300557,-0.270501,0.961781,0.0300557,1.89916
synthetic/images/img020038.jpg,synthetic_val,3,65560,3,65561,-0.114258,0.114258,0.662695,0.73125,6.23726
synthetic/images/img020052.jpg,synthetic_val,1,54373,1,54710,0.268341,0.660531,-0.474757,0.51604,14.4808
synthetic/images/img020080.jpg,synthetic_val,3,34023,3,34021,0.0837545,0.139591,-0.418772,0.893381,4.80829
synthetic/images/img020102.jpg,synthetic_val,1,52202,1,52223,0.0932505,0.994672,-0.0310835,0.0310835,18.5552
synthetic/images/img020179.jpg,synthetic_val,3,12373,3,12652,0.131991,-0.131991,-0.501565,0.844742,34.1712
synthetic/images/img020198.jpg,synthetic_val,1,62253,1,62146,-0.51912,0.722254,0.428838,0.157993,16.9771
synthetic/images/img020252.jpg,synthetic_val,2,52262,2,70041,0.0921878,0.0307293,0.983336,0.153646,7.90998
synthetic/images/img020344.jpg,synthetic_val,0,56230,0,30472,0.837765,0.130901,0.183261,-0.497423,118.266
synthetic/images/img020416.jpg,synthetic_val,3,31772,3,53141,0.603286,-0.335159,0.11172,0.715006,96.7063
synthetic/images/img020451.jpg,synthetic_val,1,62125,1,60366,-0.538095,0.748653,0.350931,0.163768,18.1236
synthetic/images/img020500.jpg,synthetic_val,0,16711,0,16345,0.896179,0.308062,-0.196039,-0.25205,10.9305
synthetic/images/img020520.jpg,synthetic_val,1,12526,1,12767,0.29038,0.844742,-0.0263982,-0.448769,24.6976
synthetic/images/img020553.jpg,synthetic_val,0,50047,0,05535,0.758686,-0.0237089,-0.640141,-0.118545,32.1885
synthetic/images/img020561.jpg,synthetic_val,3,53202,3,52313,0.420084,-0.140028,0.0280056,0.896179,3.03329
synthetic/images/img020568.jpg,synthetic_val,2,53751,2,53577,0.647663,-0.188031,0.668555,0.313385,7.20796
synthetic/images/img020607.jpg,synthetic_val,2,27576,2,72063,0.0753066,0.57735,0.80327,0.125511,24.9821
synthetic/images/img020675.jpg,synthetic_val,0,50006,0,05555,0.717879,-0.0224337,-0.695445,-0.0224337,12.5177
synthetic/images/img020747.jpg,synthetic_val,3,72250,3,72434,0.124573,0.523205,0.27406,0.797264,21.6989
synthetic/images/img020767.jpg,synthetic_val,0,21336,3,24004,-0.667787,0.0215415,-0.28004,0.689329,11.1333
synthetic/images/img020777.jpg,synthetic_val,1,23362,1,25231,-0.232456,0.826512,0.33577,-0.387427,43.1795
synthetic/images/img020824.jpg,synthetic_val,0,40305,0,40501,0.639106,-0.419413,-0.619134,0.179749,21.0623
synthetic/images/img020904.jpg,synthetic_val,3,54574,2,54316,0.291053,-0.470162,0.716438,0.425385,27.771
synthetic/images/img021012.jpg,synthetic_val,2,51672,2,53466,0.422499,-0.223676,0.795292,0.372793,24.055
synthetic/images/img021090.jpg,synthetic_val,3,06052,3,06063,-0.637864,-0.197958,-0.241948,0.703849,9.88386
synthetic/images/img021128.jpg,synthetic_val,2,47670,3,47561,-0.111497,-0.245294,0.646684,0.713582,26.9095
synthetic/images/img021133.jpg,synthetic_val,1,25757,1,25775,-0.0289278,0.925691,0.376062,-0.0289278,8.06603
synthetic/images/img021170.jpg,synthetic_val,3,53763,3,71541,0.615707,0.022804,0.296452,0.729727,5.51698
synthetic/images/img021177.jpg,synthetic_val,1,60351,1,61206,-0.403933,0.861723,0.296217,0.0807866,11.0217
synthetic/images/img021178.jpg,synthetic_val,1,16717,1,16576,0.364073,0.896179,-0.25205,-0.0280056,19.1115
synthetic/images/img021233.jpg,synthetic_val,0,62320,0,24776,0.797264,-0.473376,0.373718,-0.0249145,29.589
synthetic/images/img021263.jpg,synthetic_val,1,01063,1,01073,-0.181494,0.645313,-0.504151,-0.544483,7.93537
synthetic/images/img021266.jpg,synthetic_val,3,26463,3,26044,-0.638802,0.350311,-0.185459,0.659408,18.5919
synthetic/images/img021391.jpg,synthetic_val,0,43403,0,43046,0.835478,-0.39163,-0.339413,0.182761,10.1105
synthetic/images/img021392.jpg,synthetic_val,3,16057,3,14363,0.278951,-0.431106,-0.278951,0.811493,14.4332
synthetic/images/img021394.jpg,synthetic_val,1,61777,1,65327,-0.123655,0.791391,0.370965,0.469888,14.6797
synthetic/images/img021438.jpg,synthetic_val,2,20164,2,20455,-0.567742,0.0227097,0.72671,-0.386065,21.0471
synthetic/images/img021469.jpg,synthetic_val,3,64163,3,64345,-0.46101,0.197576,0.504916,0.702491,5.86765
synthetic/images/img021473.jpg,synthetic_val,1,52757,1,56371,0.36391,0.776342,-0.0727821,0.509475,18.2856
synthetic/images/img021577.jpg,synthetic_val,3,34612,3,34422,0.0298408,0.208885,-0.208885,0.954905,18.3649
synthetic/images/img021704.jpg,synthetic_val,3,21044,3,03662,-0.373718,-0.0249145,-0.473376,0.797264,14.9165
synthetic/images/img021724.jpg,synthetic_val,1,40632,1,26424,-0.626167,0.646366,0.424178,-0.100995,98.3531
synthetic/images/img021806.jpg,synthetic_val,1,30462,1,30566,0.236924,0.842397,0.184274,-0.447523,25.9297
synthetic/images/img021841.jpg,synthetic_val,1,10654,1,14077,0.165963,0.758686,-0.592723,-0.21338,24.7982
synthetic/images/img021879.jpg,synthetic_val,1,60270,1,06263,-0.650578,0.717879,-0.0224337,-0.246771,56.6814
synthetic/images/img021883.jpg,synthetic_val,2,25514,2,16624,0.0307293,-0.0921878,0.983336,-0.153646,21.4151
synthetic/images/img021893.jpg,synthetic_val,0,45213,0,45017,0.666233,-0.187378,-0.603774,0.395576,14.0099
synthetic/images/img021986.jpg,synthetic_val,1,41676,1,43465,-0.331378,0.8157,-0.280397,0.38236,15.0125
synthetic/images/img022004.jpg,synthetic_val,3,25257,3,25076,-0.308062,0.196039,-0.25205,0.896179,14.6863
synthetic/images/img022009.jpg,synthetic_val,2,36025,2,34362,0.23627,0.393784,0.840072,-0.288775,25.577
synthetic/images/img022065.jpg,synthetic_val,2,34523,2,34741,0.313011,0.2561,0.910577,-0.0853666,11.8242
synthetic/images/img022067.jpg,synthetic_val,1,50353,1,51612,0.471108,0.717879,-0.471108,0.201903,17.6212
synthetic/images/img022104.jpg,synthetic_val,2,13765,2,15523,0.548061,-0.507464,0.649554,-0.14209,57.279
synthetic/images/img022115.jpg,synthetic_val,0,23756,0,27332,0.679315,-0.0636858,0.658087,-0.318429,7.63185
synthetic/images/img022137.jpg,synthetic_val,0,70770,0,70717,0.828726,0.388465,0.284875,0.284875,10.0495
synthetic/images/img022231.jpg,synthetic_val,3,13642,3,13644,0.418384,-0.172276,-0.418384,0.787547,7.07912
synthetic/images/img022412.jpg,synthetic_val,1,37735,1,37361,0.518178,0.614137,0.556561,-0.211109,16.6089
synthetic/images/img022425.jpg,synthetic_val,0,61177,0,61517,0.941584,-0.0294245,0.0882735,0.323669,22.4502
synthetic/images/img022541.jpg,synthetic_val,2,76702,2,76621,0.060012,0.580116,0.640128,0.5001,14.326
synthetic/images/img022562.jpg,synthetic_val,3,03561,3,03712,-0.0753066,-0.125511,-0.57735,0.80327,21.0844
synthetic/images/img022580.jpg,synthetic_val,3,26355,3,26173,-0.383697,0.51912,-0.248275,0.722254,8.63928
synthetic/images/img022612.jpg,synthetic_val,1,15672,1,71411,0.568812,0.791391,0.024731,0.222579,60.0153
synthetic/images/img022635.jpg,synthetic_val,0,63731,0,05414,0.6932,-0.238287,-0.671537,-0.108312,175.569
synthetic/images/img022651.jpg,synthetic_val,0,01473,0,01615,0.702491,-0.197576,-0.504916,-0.46101,7.98744
synthetic/images/img022679.jpg,synthetic_val,1,23713,1,32563,0.243843,0.709362,0.509854,-0.421184,30.0927
synthetic/images/img022689.jpg,synthetic_val,2,27532,2,27156,-0.0781133,0.494718,0.833209,-0.23434,11.7566
synthetic/images/img022746.jpg,synthetic_val,1,25726,1,27550,-0.0822304,0.877124,0.465972,-0.0822304,13.893
synthetic/images/img022750.jpg,synthetic_val,1,14775,1,14776,0.337577,0.830959,-0.441447,-0.0259675,5.32015
synthetic/images/img022807.jpg,synthetic_val,1,12721,2,53666,0.433341,-0.0254906,0.8157,0.38236,162.197
synthetic/images/img022845.jpg,synthetic_val,3,34544,3,16673,0.212708,-0.0303869,-0.0911606,0.972379,10.4245
synthetic/images/img022867.jpg,synthetic_val,3,41207,3,41007,-0.287613,-0.641599,0.0663723,0.707972,18.0358
synthetic/images/img022870.jpg,synthetic_val,0,74003,0,74006,0.856767,0.026774,0.0803219,0.508706,10.1106
synthetic/images/img022888.jpg,synthetic_val,0,16343,0,16354,0.879772,0.357407,-0.19245,-0.247436,10.5484
synthetic/images/img022929.jpg,synthetic_val,2,33542,1,33444,0.390934,0.735875,0.390934,-0.390934,52.8468
synthetic/images/img022945.jpg,synthetic_val,0,24445,0,60063,0.72671,-0.658581,0.158968,0.113548,21.7083
synthetic/images/img023082.jpg,synthetic_val,3,43070,3,43431,-0.248946,-0.304267,0.248946,0.88514,11.6879
synthetic/images/img023085.jpg,synthetic_val,0,61365,0,61322,0.887862,-0.19422,0.416185,0.0277457,20.115
synthetic/images/img023117.jpg,synthetic_val,1,52076,1,52254,0.147635,0.944862,-0.206689,0.206689,6.76059
synthetic/images/img023135.jpg,synthetic_val,2,63742,2,63540,-0.1789,0.434472,0.817829,0.332243,24.8314
synthetic/images/img023210.jpg,synthetic_val,2,32061,1,61444,-0.390567,0.833209,0.0260378,0.390567,165.095
synthetic/images/img023249.jpg,synthetic_val,0,74135,0,75071,0.712167,0.51187,0.111276,0.46736,16.5997
synthetic/images/img023254.jpg,synthetic_val,3,32554,3,32556,0.302817,0.442579,-0.395992,0.745396,4.68776
synthetic/images/img023274.jpg,synthetic_val,1,16376,1,37616,0.445801,0.679315,0.573172,-0.106143,75.9226
synthetic/images/img023358.jpg,synthetic_val,3,47140,3,45334,-0.0716115,-0.453539,0.453539,0.763856,16.2809
synthetic/images/img023402.jpg,synthetic_val,3,01650,3,01076,-0.224771,-0.510843,-0.510843,0.653879,11.1484
synthetic/images/img023432.jpg,synthetic_val,0,34507,0,34154,0.896179,0.364073,0.0280056,-0.25205,14.2346
synthetic/images/img023447.jpg,synthetic_val,3,35035,3,31452,0.490232,0.0700331,-0.443543,0.74702,15.4128
synthetic/images/img023472.jpg,synthetic_val,3,47330,3,74030,0.135432,0.135432,0.46047,0.866766,35.0144
synthetic/images/img023609.jpg,synthetic_val,1,35242,1,35633,0.538095,0.748653,0.350931,-0.163768,22.7445
synthetic/images/img023614.jpg,synthetic_val,1,61356,1,61347,-0.143208,0.916533,0.315058,0.200492,6.35301
synthetic/images/img023617.jpg,synthetic_val,3,14210,3,14051,0.150791,-0.667787,-0.236957,0.689329,21.7264
synthetic/images/img023619.jpg,synthetic_val,2,71062,2,71066,0.45257,0.186352,0.851896,0.186352,4.40998
synthetic/images/img023626.jpg,synthetic_val,0,16475,0,16556,0.866766,0.352124,-0.352124,-0.0270864,16.6614
synthetic/images/img023672.jpg,synthetic_val,3,61352,3,43175,-0.0289278,-0.318206,0.202495,0.925691,72.3454
synthetic/images/img023705.jpg,synthetic_val,1,06406,0,06663,0.739008,-0.669726,-0.023094,-0.069282,40.4799
synthetic/images/img023733.jpg,synthetic_val,2,72652,2,72461,0.0740121,0.518084,0.789462,0.320719,13.2286
synthetic/images/img023754.jpg,synthetic_val,2,42744,2,42665,-0.632983,-0.065481,0.698464,0.327405,17.4191
synthetic/images/img023819.jpg,synthetic_val,3,43310,3,43334,-0.092538,-0.092538,0.092538,0.987072,18.0059
synthetic/images/img023852.jpg,synthetic_val,0,36036,0,32446,0.781884,0.0244339,0.464244,-0.415376,17.8116
synthetic/images/img023869.jpg,synthetic_val,3,43401,3,41275,-0.231226,-0.488143,0.179842,0.822136,20.0419
synthetic/images/img023880.jpg,synthetic_val,2,61477,2,61655,-0.239596,0.239596,0.851896,0.399326,7.59538
synthetic/images/img023900.jpg,synthetic_val,2,65530,2,65136,-0.0789747,0.184274,0.842397,0.500173,17.1322
synthetic/images/img023903.jpg,synthetic_val,3,36727,3,36403,0.0789747,0.500173,-0.184274,0.842397,33.2723
synthetic/images/img023927.jpg,synthetic_val,3,06350,3,06711,-0.45257,-0.186352,-0.186352,0.851896,14.335
synthetic/images/img023953.jpg,synthetic_val,2,27765,2,41115,-0.0223887,-0.694049,0.716438,0.067166,174.308
synthetic/images/img023973.jpg,synthetic_val,3,26550,3,27443,-0.328824,0.480589,-0.0758825,0.809414,18.8022
synthetic/images/img023994.jpg,synthetic_val,1,21521,1,21375,-0.0234468,0.750298,0.304808,-0.58617,27.092
synthetic/images/img024016.jpg,synthetic_val,0,43137,0,43376,0.972379,-0.0911606,-0.0303869,0.212708,32.3676
synthetic/images/img024030.jpg,synthetic_val,1,46023,1,24245,-0.644126,0.71076,0.199901,-0.199901,77.7116
synthetic/images/img024071.jpg,synthetic_val,1,32672,1,32655,0.157036,0.717879,0.560843,-0.381373,13.8864
synthetic/images/img024117.jpg,synthetic_val,3,13465,3,16131,0.375587,-0.275431,-0.375587,0.801253,9.22509
synthetic/images/img024207.jpg,synthetic_val,1,72253,1,72160,0.227067,0.80735,0.529823,0.126148,14.864
synthetic/images/img024215.jpg,synthetic_val,2,07356,2,34520,0.262111,0.145617,0.931951,-0.203864,50.7093
synthetic/images/img024216.jpg,synthetic_val,3,76635,3,76165,0.239187,0.45663,0.500118,0.695817,17.9872
synthetic/images/img024285.jpg,synthetic_val,0,47234,0,47243,0.785646,-0.319169,-0.122757,0.51558,6.34392
synthetic/images/img024313.jpg,synthetic_val,0,66350,0,65645,0.676879,-0.274982,0.190372,0.655727,46.6778
synthetic/images/img024370.jpg,synthetic_val,1,74007,1,74002,0.0274929,0.879772,0.0824786,0.467379,7.66069
synthetic/images/img024441.jpg,synthetic_val,2,76161,2,76234,0.105386,0.611238,0.674469,0.400466,22.1264
synthetic/images/img024455.jpg,synthetic_val,2,53041,2,51663,0.442579,-0.395992,0.745396,0.302817,21.1373
synthetic/images/img024536.jpg,synthetic_val,0,42161,0,42172,0.828726,-0.492056,-0.233079,0.129488,6.33263
synthetic/images/img024596.jpg,synthetic_val,1,31261,1,30033,0.153375,0.701141,0.153375,-0.67923,35.6125
synthetic/images/img024615.jpg,synthetic_val,3,60654,3,60645,-0.622398,0.193158,0.32193,0.686784,6.09022
synthetic/images/img024625.jpg,synthetic_val,2,14752,2,14557,0.328031,-0.634192,0.699798,-0.0218687,17.6113
synthetic/images/img024654.jpg,synthetic_val,0,65010,0,61476,0.849491,-0.292013,0.185826,0.398199,20.1974
synthetic/images/img024663.jpg,synthetic_val,1,35231,1,35322,0.545675,0.698464,0.327405,-0.327405,5.88032
synthetic/images/img024709.jpg,synthetic_val,1,05357,1,14244,0.024731,0.791391,-0.568812,-0.222579,6.49701
synthetic/images/img024717.jpg,synthetic_val,0,04640,1,62412,-0.576297,0.683019,0.405542,0.192099,19.2925
synthetic/images/img024799.jpg,synthetic_val,1,10374,1,47110,-0.0762739,0.813589,-0.38137,0.432219,125.174
synthetic/images/img024835.jpg,synthetic_val,3,73517,3,73510,0.613422,0.359592,0.190372,0.676879,5.8876
synthetic/images/img024836.jpg,synthetic_val,1,33545,1,33546,0.521399,0.667391,0.396264,-0.354552,8.61903
synthetic/images/img024897.jpg,synthetic_val,2,73655,2,17555,0.659276,-0.319005,0.680543,-0.021267,109.779
synthetic/images/img024940.jpg,synthetic_val,3,03531,3,30042,0.0238163,0.0714488,-0.643039,0.762121,41.6992
synthetic/images/img024955.jpg,synthetic_val,0,73415,0,73111,0.670902,0.649937,0.356417,0.0209657,31.7336
synthetic/images/img024969.jpg,synthetic_val,3,47537,3,56656,0.110838,-0.110838,0.687194,0.709362,18.3003
synthetic/images/img024999.jpg,synthetic_val,1,25641,1,43222,-0.424094,0.904735,-0.028273,0.028273,33.1476
synthetic/images/img025050.jpg,synthetic_val,2,61251,2,61176,-0.0892052,0.208145,0.951522,0.208145,22.6319
synthetic/images/img025105.jpg,synthetic_val,1,61345,1,61347,-0.143208,0.916533,0.315058,0.200492,3.97922
synthetic/images/img025287.jpg,synthetic_val,2,17356,2,24357,-0.43676,0.282609,0.822136,-0.231226,141.585
synthetic/images/img025317.jpg,synthetic_val,1,52530,1,52171,0.40161,0.856767,-0.294514,0.13387,14.9485
synthetic/images/img025325.jpg,synthetic_val,0,42257,0,42224,0.715006,-0.692662,-0.0670318,0.0670318,18.0772
synthetic/images/img025341.jpg,synthetic_val,1,72043,1,72421,0.0760775,0.811493,0.532542,0.228232,13.7359
synthetic/images/img025343.jpg,synthetic_val,0,44051,0,44021,0.595974,-0.540102,-0.502853,0.316611,12.3717
synthetic/images/img025360.jpg,synthetic_val,2,23332,2,13645,0.457732,-0.168638,0.770916,-0.409549,111.482
synthetic/images/img025443.jpg,synthetic_val,2,72142,2,72142,0.233079,0.492056,0.828726,0.129488,2.55845
synthetic/images/img025451.jpg,synthetic_val,3,77014,3,71276,0.503581,0.359701,0.16786,0.767362,27.5867
synthetic/images/img025460.jpg,synthetic_val,0,13027,3,40744,-0.478855,-0.478855,0.312297,0.666233,27.0697
synthetic/images/img025520.jpg,synthetic_val,3,04261,3,04364,-0.51494,-0.425385,-0.201498,0.716438,12.4595
synthetic/images/img025535.jpg,synthetic_val,0,24141,0,24245,0.71076,-0.644126,0.199901,-0.199901,26.6776
synthetic/images/img025550.jpg,synthetic_val,1,01654,1,01634,-0.249293,0.725215,-0.430597,-0.475923,15.682
synthetic/images/img025621.jpg,synthetic_val,0,25465,0,25066,0.861723,-0.403933,0.188502,-0.24236,24.4417
synthetic/images/img025663.jpg,synthetic_val,2,50106,2,50510,0.274982,-0.655727,0.676879,0.190372,15.2219
synthetic/images/img025672.jpg,synthetic_val,2,25756,2,25771,-0.0288315,0.374809,0.922608,-0.0864945,11.1985
synthetic/images/img025700.jpg,synthetic_val,1,16410,1,14626,0.0273281,0.8745,-0.464578,-0.136641,13.2178
synthetic/images/img025773.jpg,synthetic_val,0,25702,0,25776,0.901856,-0.084549,0.422745,-0.028183,27.2342
synthetic/images/img025827.jpg,synthetic_val,3,45463,3,76555,0.30006,0.340068,0.620124,0.640128,118.918
synthetic/images/img025854.jpg,synthetic_val,2,34537,2,35461,0.504385,0.132733,0.849491,-0.0796398,12.2578
synthetic/images/img025877.jpg,synthetic_val,3,05125,3,05331,-0.0249145,-0.473376,-0.373718,0.797264,22.5616
synthetic/images/img025889.jpg,synthetic_val,0,35247,0,35022,0.80327,0.426737,0.175715,-0.376533,20.6552
synthetic/images/img026031.jpg,synthetic_val,2,30543,2,30275,0.162004,0.300865,0.74059,-0.578586,34.7941
synthetic/images/img026076.jpg,synthetic_val,0,00766,0,00646,0.614137,-0.594945,-0.403027,-0.32626,14.9015
synthetic/images/img026107.jpg,synthetic_val,2,15447,2,41530,-0.0698809,-0.628928,0.745396,0.209643,61.9133
synthetic/images/img026156.jpg,synthetic_val,1,34223,1,34215,0.19245,0.879772,0.247436,-0.357407,21.6507
synthetic/images/img026161.jpg,synthetic_val,2,41747,2,41565,-0.11172,-0.603286,0.715006,0.335159,13.9125
synthetic/images/img026244.jpg,synthetic_val,0,03011,0,03041,0.690612,-0.280561,-0.323724,-0.582704,13.0339
synthetic/images/img026259.jpg,synthetic_val,1,25771,1,25771,-0.0288315,0.922608,0.374809,-0.0864945,2.55284
synthetic/images/img026288.jpg,synthetic_val,1,55735,1,55752,0.516951,0.570429,-0.374344,0.516951,9.67071
synthetic/images/img026383.jpg,synthetic_val,0,35754,0,17712,0.72671,0.658581,-0.113548,-0.158968,41.344
synthetic/images/img026418.jpg,synthetic_val,0,35117,0,35511,0.709362,0.687194,0.0221676,-0.155173,17.9675
synthetic/images/img026443.jpg,synthetic_val,1,04667,1,06470,-0.622212,0.737437,-0.253494,-0.0691347,14.8752
synthetic/images/img026461.jpg,synthetic_val,2,70643,2,74022,0.0270864,0.189605,0.866766,0.46047,19.4801
synthetic/images/img026465.jpg,synthetic_val,2,50114,1,05410,-0.236957,0.689329,-0.667787,-0.150791,13.1834
synthetic/images/img026560.jpg,synthetic_val,3,47503,3,47544,-0.147279,-0.315597,0.652234,0.673274,9.89596
synthetic/images/img026608.jpg,synthetic_val,2,36213,1,36326,0.190372,0.676879,0.655727,-0.274982,12.732
synthetic/images/img026641.jpg,synthetic_val,1,26726,1,26516,-0.451486,0.760398,0.451486,-0.118812,24.2642
synthetic/images/img026769.jpg,synthetic_val,0,70367,0,70736,0.8157,0.331378,0.38236,0.280397,14.7841
synthetic/images/img026806.jpg,synthetic_val,0,30514,0,30515,0.778177,0.36477,0.024318,-0.510678,5.07566
synthetic/images/img026853.jpg,synthetic_val,2,73400,2,60525,-0.523205,0.124573,0.797264,0.27406,120.368
synthetic/images/img026898.jpg,synthetic_val,1,30465,1,30546,0.240278,0.854321,0.0800926,-0.453858,18.2267
synthetic/images/img026910.jpg,synthetic_val,3,00306,3,00342,-0.440762,-0.402435,-0.517416,0.613234,2.61901
synthetic/images/img027037.jpg,synthetic_val,0,36206,0,16322,0.877124,0.246691,-0.0274101,-0.411152,82.7569
synthetic/images/img027064.jpg,synthetic_val,0,61027,0,07627,0.916533,-0.372342,-0.0286417,-0.143208,36.7365
synthetic/images/img027065.jpg,synthetic_val,3,20011,3,13062,0.368955,-0.195329,-0.585988,0.694504,107.684
synthetic/images/img027095.jpg,synthetic_val,2,72525,2,72532,0.306158,0.541664,0.753619,0.211955,6.93275
synthetic/images/img027107.jpg,synthetic_val,0,05373,0,05615,0.785646,-0.220963,-0.564683,-0.122757,33.5337
synthetic/images/img027178.jpg,synthetic_val,2,62221,2,26507,-0.488108,0.441622,0.743784,-0.116216,26.5904
synthetic/images/img027202.jpg,synthetic_val,3,07116,3,07142,-0.189605,-0.352124,-0.297951,0.866766,13.1165
synthetic/images/img027219.jpg,synthetic_val,3,00354,3,00342,-0.440762,-0.402435,-0.517416,0.613234,10.4398
synthetic/images/img027236.jpg,synthetic_val,2,60137,2,60136,-0.500173,0.184274,0.842397,0.0789747,6.36438
synthetic/images/img027244.jpg,synthetic_val,2,12255,2,21570,-0.0796398,0.132733,0.849491,-0.504385,46.3213
synthetic/images/img027319.jpg,synthetic_val,0,13606,0,13671,0.729727,0.524491,-0.0684119,-0.433275,17.0579
synthetic/images/img027327.jpg,synthetic_val,0,40640,1,26425,-0.600657,0.662794,0.434959,-0.103562,17.6586
synthetic/images/img027343.jpg,synthetic_val,2,24501,2,24536,-0.497423,0.183261,0.837765,-0.130901,17.8015
synthetic/images/img027470.jpg,synthetic_val,2,37703,1,37363,0.507093,0.600999,0.582217,-0.206593,14.2926
synthetic/images/img027473.jpg,synthetic_val,1,52145,1,52115,0.389512,0.830959,-0.389512,0.0779024,16.8311
synthetic/images/img027492.jpg,synthetic_val,0,27101,0,23516,0.74702,-0.0700331,0.443543,-0.490232,16.2485
synthetic/images/img027551.jpg,synthetic_val,1,50513,1,36552,0.328824,0.809414,0.480589,-0.0758825,140.708
synthetic/images/img027572.jpg,synthetic_val,1,07515,1,25776,-0.084549,0.901856,0.422745,-0.028183,102.209
synthetic/images/img027611.jpg,synthetic_val,0,00023,0,00025,0.545992,-0.494806,-0.460681,-0.494806,5.68558
synthetic/images/img027620.jpg,synthetic_val,0,05547,2,06505,-0.507093,-0.362209,0.772712,-0.120736,62.8934
synthetic/images/img027659.jpg,synthetic_val,1,35647,1,53241,0.497423,0.837765,-0.183261,0.130901,56.8589
synthetic/images/img027810.jpg,synthetic_val,2,12274,2,21502,-0.174402,0.0747435,0.797264,-0.573034,36.7665
synthetic/images/img027905.jpg,synthetic_val,3,36443,3,36404,0.0273281,0.464578,-0.136641,0.8745,11.6499
synthetic/images/img027923.jpg,synthetic_val,1,57105,1,57503,0.534994,0.634068,-0.25759,0.495365,12.9562
synthetic/images/img027970.jpg,synthetic_val,1,64731,1,66154,-0.404805,0.681778,0.362194,0.490028,11.8575
synthetic/images/img028119.jpg,synthetic_val,0,14624,0,14643,0.830959,0.0779024,-0.545317,-0.0779024,10.8879
synthetic/images/img028144.jpg,synthetic_val,1,07260,1,07243,-0.355266,0.8745,-0.136641,-0.300609,8.0964
synthetic/images/img028176.jpg,synthetic_val,0,21445,0,24176,0.822136,-0.488143,0.179842,-0.231226,34.0463
synthetic/images/img028238.jpg,synthetic_val,1,05723,1,05346,-0.175274,0.801253,-0.525822,-0.225352,10.6725
synthetic/images/img028244.jpg,synthetic_val,2,46056,3,44767,-0.403027,-0.32626,0.594945,0.614137,25.7909
synthetic/images/img028264.jpg,synthetic_val,2,27321,1,27731,-0.0228515,0.73125,0.662695,-0.159961,22.0541
synthetic/images/img028305.jpg,synthetic_val,0,30241,0,30026,0.73125,0.0228515,0.159961,-0.662695,8.63017
synthetic/images/img028328.jpg,synthetic_val,1,03415,1,01477,-0.200297,0.712167,-0.55638,-0.378339,25.9046
synthetic/images/img028340.jpg,synthetic_val,2,23227,1,23255,-0.185459,0.659408,0.515163,-0.515163,14.3147
synthetic/images/img028392.jpg,synthetic_val,1,55226,1,57000,0.397722,0.748653,-0.350931,0.397722,6.52042
synthetic/images/img028454.jpg,synthetic_val,2,60075,2,60465,-0.630584,0.108721,0.695817,0.326164,20.6103
synthetic/images/img028462.jpg,synthetic_val,0,61121,0,61152,0.979643,-0.0918415,0.0918415,0.153069,17.6721
synthetic/images/img028512.jpg,synthetic_val,1,30111,0,15076,0.686784,0.450702,-0.53655,-0.193158,99.5895
synthetic/images/img028552.jpg,synthetic_val,1,30217,1,30006,0.023094,0.739008,0.069282,-0.669726,27.0914
synthetic/images/img028553.jpg,synthetic_val,0,60435,0,60161,0.822136,-0.539527,0.128459,0.128459,19.0942
synthetic/images/img028593.jpg,synthetic_val,1,12114,1,11442,0.338985,0.638089,-0.578268,-0.378865,42.9555
synthetic/images/img028614.jpg,synthetic_val,1,42320,1,60003,-0.669726,0.739008,0.069282,0.023094,22.5493
synthetic/images/img028671.jpg,synthetic_val,2,71337,0,72647,0.717879,0.0673011,0.60571,0.336506,45.9056
synthetic/images/img028682.jpg,synthetic_val,3,61007,3,61002,-0.422745,0.084549,0.028183,0.901856,11.1154
synthetic/images/img028710.jpg,synthetic_val,3,16131,3,16104,0.232456,-0.387427,-0.33577,0.826512,22.0061
synthetic/images/img028711.jpg,synthetic_val,2,74232,2,74221,0.0776931,0.33667,0.828726,0.440261,6.7431
synthetic/images/img028724.jpg,synthetic_val,1,03566,1,03560,-0.177514,0.811493,-0.278951,-0.481824,6.85833
synthetic/images/img028888.jpg,synthetic_val,1,04356,2,56013,0.1789,-0.332243,0.817829,0.434472,70.7595
synthetic/images/img028921.jpg,synthetic_val,0,71073,0,71041,0.851896,0.505813,0.0266217,0.133109,18.3895
synthetic/images/img028940.jpg,synthetic_val,0,02623,0,06044,0.668555,-0.647663,-0.313385,-0.188031,46.3358
synthetic/images/img028985.jpg,synthetic_val,3,43027,3,43074,-0.30334,-0.30334,0.193035,0.882444,14.1703
synthetic/images/img029009.jpg,synthetic_val,1,55241,1,50577,0.327405,0.698464,-0.545675,0.327405,18.5548
synthetic/images/img029027.jpg,synthetic_val,3,53535,0,61655,0.851896,-0.239596,0.239596,0.399326,37.7776
synthetic/images/img029045.jpg,synthetic_val,0,64101,0,60144,0.799251,-0.574462,0.0249766,0.174836,27.2365
synthetic/images/img029053.jpg,synthetic_val,1,40764,1,40670,-0.565081,0.669726,-0.39765,0.272076,7.84878
synthetic/images/img029096.jpg,synthetic_val,2,00362,3,01242,-0.304981,-0.426974,-0.548966,0.650627,133.382
synthetic/images/img029133.jpg,synthetic_val,1,71305,1,71522,0.592723,0.758686,0.165963,0.21338,14.918
synthetic/images/img029253.jpg,synthetic_val,2,07750,2,07770,-0.092538,-0.092538,0.987072,-0.092538,11.0155
synthetic/images/img029259.jpg,synthetic_val,3,60256,3,60045,-0.662695,0.0228515,0.159961,0.73125,28.5077
synthetic/images/img029275.jpg,synthetic_val,1,15243,1,15225,0.434179,0.73125,-0.434179,-0.29707,8.7944
synthetic/images/img029279.jpg,synthetic_val,1,12350,1,12730,0.31246,0.769133,-0.0721062,-0.552814,12.4437
synthetic/images/img029307.jpg,synthetic_val,1,27461,1,27652,-0.253494,0.737437,0.622212,-0.0691347,14.4623
synthetic/images/img029339.jpg,synthetic_val,0,07675,0,07675,0.958324,-0.269529,-0.0898429,-0.0299476,1.88104
synthetic/images/img029407.jpg,synthetic_val,2,70723,2,70732,0.33577,0.387427,0.826512,0.232456,6.31325
synthetic/images/img029430.jpg,synthetic_val,1,16523,1,16576,0.364073,0.896179,-0.25205,-0.0280056,20.5216
synthetic/images/img029610.jpg,synthetic_val,1,62714,1,62330,-0.402618,0.678094,0.614523,0.0211904,25.3068
synthetic/images/img029628.jpg,synthetic_val,1,34335,1,36151,0.368271,0.785646,0.417374,-0.270066,11.0422
synthetic/images/img029648.jpg,synthetic_val,1,15711,1,71544,0.57735,0.739008,0.023094,0.34641,81.1289
synthetic/images/img029658.jpg,synthetic_val,1,70063,1,70007,0.092538,0.987072,0.092538,0.092538,17.3206
synthetic/images/img029703.jpg,synthetic_val,1,47124,1,74002,0.0274929,0.879772,0.0824786,0.467379,48.72
synthetic/images/img029714.jpg,synthetic_val,1,46224,0,06263,0.717879,-0.650578,-0.0224337,-0.246771,19.4881
synthetic/images/img029716.jpg,synthetic_val,2,51753,2,51556,0.535661,-0.535661,0.591074,0.277066,18.5969
synthetic/images/img029760.jpg,synthetic_val,1,35000,1,35006,0.440261,0.828726,0.0776931,-0.33667,6.18363
synthetic/images/img029768.jpg,synthetic_val,0,23143,0,70666,0.833209,0.0260378,0.390567,0.390567,117.212
synthetic/images/img029808.jpg,synthetic_val,0,42651,0,43446,0.789462,-0.37006,-0.320719,0.37006,31.0116
synthetic/images/img029830.jpg,synthetic_val,0,25474,0,25445,0.925691,-0.376062,0.0289278,-0.0289278,13.1347
synthetic/images/img029931.jpg,synthetic_val,3,56765,3,56767,0.239641,-0.0217855,0.675351,0.697136,5.1899
synthetic/images/img029982.jpg,synthetic_val,0,53260,0,53242,0.866766,0.46047,-0.135432,0.135432,3.85898
synthetic/images/img029995.jpg,synthetic_val,1,65324,1,65300,-0.184274,0.842397,0.236924,0.447523,14.392
synthetic/images/img030030.jpg,synthetic_val,0,41032,2,41007,-0.287613,-0.641599,0.707972,0.0663723,124.586
synthetic/images/img030033.jpg,synthetic_val,1,45573,1,41777,-0.0254906,0.8157,-0.433341,0.38236,32.3939
synthetic/images/img030041.jpg,synthetic_val,0,54073,0,32652,0.691902,0.10811,0.583792,-0.410817,178.763
synthetic/images/img030088.jpg,synthetic_val,0,52622,0,43373,0.987072,-0.030846,-0.030846,0.15423,15.7265
synthetic/images/img030110.jpg,synthetic_val,2,36320,0,53207,0.849491,0.504385,-0.132733,0.0796398,138.759
synthetic/images/img030137.jpg,synthetic_val,2,13252,2,13066,0.378339,-0.200297,0.712167,-0.55638,14.2178
synthetic/images/img030209.jpg,synthetic_val,0,74602,0,74506,0.745396,0.209643,0.0698809,0.628928,32.0083
synthetic/images/img030230.jpg,synthetic_val,1,03064,1,00732,-0.404805,0.681778,-0.362194,-0.490028,18.5147
synthetic/images/img030342.jpg,synthetic_val,0,61147,0,61143,0.972379,-0.151934,0.0911606,0.151934,6.12775
synthetic/images/img030367.jpg,synthetic_val,1,16363,1,16367,0.314029,0.91354,-0.0285481,-0.256933,8.6823
synthetic/images/img030417.jpg,synthetic_val,3,36714,3,72730,0.282675,0.630584,0.195698,0.695817,36.494
synthetic/images/img030435.jpg,synthetic_val,3,44064,3,44602,-0.56123,-0.380188,0.452605,0.579334,11.7458
synthetic/images/img030437.jpg,synthetic_val,0,03306,3,35561,0.638707,0.118279,-0.0709674,0.756986,175.205
synthetic/images/img030445.jpg,synthetic_val,1,07710,2,52042,0.0286417,-0.372342,0.916533,0.143208,111.022
synthetic/images/img030535.jpg,synthetic_val,0,35423,0,35042,0.842397,0.447523,0.0789747,-0.289574,19.3343
synthetic/images/img030606.jpg,synthetic_val,2,56033,2,56232,0.136641,-0.0273281,0.8745,0.464578,22.1698
synthetic/images/img030610.jpg,synthetic_val,3,35445,0,14545,0.697136,0.239641,-0.675351,-0.0217855,135.987
synthetic/images/img030637.jpg,synthetic_val,1,35224,2,35004,0.441447,0.0259675,0.830959,-0.337577,110.111
synthetic/images/img030750.jpg,synthetic_val,2,17331,3,34372,0.331378,0.38236,-0.280397,0.8157,149.879
synthetic/images/img030899.jpg,synthetic_val,1,41266,1,41722,-0.184274,0.842397,-0.447523,0.236924,24.8619
synthetic/images/img030974.jpg,synthetic_val,1,01723,1,03707,-0.128459,0.822136,-0.128459,-0.539527,30.4308
synthetic/images/img031002.jpg,synthetic_val,3,76071,1,74342,0.220432,0.783758,0.269417,0.514341,50.4769
synthetic/images/img031029.jpg,synthetic_val,0,73160,0,76166,0.688053,0.193515,0.494538,0.494538,59.9543
synthetic/images/img031045.jpg,synthetic_val,3,07442,3,43105,-0.139591,-0.418772,0.0837545,0.893381,34.6269
synthetic/images/img031080.jpg,synthetic_val,0,46250,0,26544,0.745396,-0.535754,0.395992,-0.0232936,82.7403
synthetic/images/img031218.jpg,synthetic_val,2,63153,2,61321,-0.143208,0.372342,0.916533,0.0286417,26.3301
synthetic/images/img031245.jpg,synthetic_val,2,15727,2,45321,-0.121303,-0.460953,0.776342,0.412432,106.316
synthetic/images/img031304.jpg,synthetic_val,1,25654,1,43302,-0.211154,0.965275,-0.150824,0.0301648,50.2988
synthetic/images/img031323.jpg,synthetic_val,1,34602,1,34245,0.0867835,0.925691,0.260351,-0.260351,12.8442
synthetic/images/img031365.jpg,synthetic_val,1,61503,1,43343,-0.150824,0.965275,-0.150824,0.150824,27.9738
synthetic/images/img031457.jpg,synthetic_val,2,10154,2,15022,0.365528,-0.537541,0.688053,-0.322525,25.5932
synthetic/images/img031546.jpg,synthetic_val,1,53033,1,53261,0.504385,0.849491,-0.0796398,0.132733,19.2375
synthetic/images/img031608.jpg,synthetic_val,1,71423,1,71610,0.520626,0.793334,0.223125,0.223125,4.24312
synthetic/images/img031640.jpg,synthetic_val,2,14767,2,41151,-0.0222994,-0.691283,0.713582,0.111497,51.8997
synthetic/images/img031646.jpg,synthetic_val,0,63024,0,62065,0.659408,-0.597589,0.432737,0.144246,32.0909
synthetic/images/img031689.jpg,synthetic_val,1,32516,1,30772,0.308216,0.758686,0.355634,-0.45047,11.0435
synthetic/images/img031700.jpg,synthetic_val,0,03263,0,07322,0.887862,-0.19422,-0.0277457,-0.416185,30.1867
synthetic/images/img031702.jpg,synthetic_val,2,34127,2,34340,0.248946,0.248946,0.88514,-0.304267,11.0231
synthetic/images/img031729.jpg,synthetic_val,0,20146,0,24343,0.774521,-0.508279,0.266242,-0.266242,40.426
synthetic/images/img031737.jpg,synthetic_val,3,54574,1,54573,0.287877,0.614137,-0.479794,0.556561,160.092
synthetic/images/img031791.jpg,synthetic_val,2,15711,2,44321,-0.45663,-0.413141,0.695817,0.369653,147.035
synthetic/images/img031804.jpg,synthetic_val,2,06117,2,06071,-0.574903,-0.252957,0.735875,-0.252957,23.2585
synthetic/images/img031806.jpg,synthetic_val,3,37544,3,71072,0.535303,0.178434,0.127453,0.8157,30.1339
synthetic/images/img031931.jpg,synthetic_val,0,51410,2,31772,0.585769,0.302984,0.646366,-0.38378,176.235
synthetic/images/img031940.jpg,synthetic_val,0,56015,3,53375,0.685847,-0.0663723,0.154869,0.707972,73.95
synthetic/images/img031979.jpg,synthetic_val,3,21761,3,12032,0.109344,-0.196818,-0.67793,0.699798,74.356
synthetic/images/img031991.jpg,synthetic_val,2,43705,2,43372,-0.0921878,-0.0307293,0.983336,0.153646,29.3426
synthetic/images/img032000.jpg,synthetic_val,2,73254,2,73335,0.582217,0.544655,0.600999,0.0563436,21.8344
synthetic/images/img032002.jpg,synthetic_val,0,67015,0,65225,0.770916,-0.313185,0.313185,0.457732,16.105
synthetic/images/img032051.jpg,synthetic_val,0,43173,0,43351,0.965275,-0.0301648,-0.211154,0.150824,5.45172
synthetic/images/img032273.jpg,synthetic_val,3,70055,3,70504,0.256933,0.0285481,0.314029,0.91354,16.3753
synthetic/images/img032286.jpg,synthetic_val,3,52230,3,70071,0.208885,0.149204,0.149204,0.954905,28.7841
synthetic/images/img032307.jpg,synthetic_val,0,61652,0,61615,0.88514,-0.248946,0.248946,0.304267,11.1418
synthetic/images/img032343.jpg,synthetic_val,0,72067,0,72440,0.830959,0.0259675,0.441447,0.337577,21.0301
synthetic/images/img032388.jpg,synthetic_val,3,75147,3,75150,0.603774,0.0208198,0.437215,0.666233,8.78696
synthetic/images/img032401.jpg,synthetic_val,3,03203,2,03312,-0.0667657,-0.111276,0.712167,-0.689912,44.2607
synthetic/images/img032404.jpg,synthetic_val,1,34361,1,07217,-0.249711,0.887862,-0.138728,-0.360694,85.9812
synthetic/images/img032469.jpg,synthetic_val,1,11250,3,47553,-0.0221676,-0.288178,0.642859,0.709362,68.0714
synthetic/images/img032513.jpg,synthetic_val,1,71161,1,71566,0.570099,0.729727,0.159628,0.342059,24.8291
synthetic/images/img032542.jpg,synthetic_val,0,07633,0,25075,0.919555,-0.258625,0.143681,-0.258625,24.4723
synthetic/images/img032587.jpg,synthetic_val,1,06351,1,60770,-0.457732,0.770916,0.313185,0.313185,93.1086
synthetic/images/img032698.jpg,synthetic_val,2,75172,2,75103,0.596185,0.0662428,0.706589,0.375376,12.6736
synthetic/images/img032702.jpg,synthetic_val,0,26014,0,24242,0.678094,-0.656904,0.233095,-0.233095,16.3171
synthetic/images/img032826.jpg,synthetic_val,2,22752,2,14316,0.306158,-0.494563,0.753619,-0.306158,153.369
synthetic/images/img032858.jpg,synthetic_val,1,44610,1,44024,-0.559035,0.577069,-0.486902,0.342634,18.3833
synthetic/images/img032926.jpg,synthetic_val,0,43100,0,25616,0.890609,-0.306147,0.306147,-0.139158,88.7185
synthetic/images/img032972.jpg,synthetic_val,1,52577,2,53000,0.433341,-0.38236,0.8157,0.0254906,142.041
synthetic/images/img032988.jpg,synthetic_val,3,42113,3,17422,0.447523,-0.236924,-0.184274,0.842397,109.796
synthetic/images/img033037.jpg,synthetic_val,0,56112,0,56223,0.879772,0.0824786,-0.0274929,0.467379,43.047
synthetic/images/img033094.jpg,synthetic_val,3,00652,3,06546,-0.554096,-0.313185,-0.0240911,0.770916,45.4125
synthetic/images/img033123.jpg,synthetic_val,1,06705,1,06716,-0.501565,0.844742,-0.131991,-0.131991,7.18563
synthetic/images/img033157.jpg,synthetic_val,3,74246,0,64213,0.705215,-0.55095,0.242418,0.374646,147.237
synthetic/images/img033170.jpg,synthetic_val,1,73443,1,73611,0.483916,0.673274,0.525995,0.189358,16.5651
synthetic/images/img033186.jpg,synthetic_val,0,07613,0,07673,0.958324,-0.269529,-0.0299476,-0.0898429,19.6228
synthetic/images/img033208.jpg,synthetic_val,0,35525,0,35025,0.805302,0.478148,0.125828,-0.327154,28.4569
synthetic/images/img033285.jpg,synthetic_val,1,72534,1,72521,0.269417,0.783758,0.514341,0.220432,8.62342
synthetic/images/img033352.jpg,synthetic_val,0,12354,0,46662,0.601848,-0.583041,-0.0188078,0.545425,175.418
synthetic/images/img033356.jpg,synthetic_val,1,13605,3,45313,-0.0238705,-0.50128,0.405798,0.763856,71.232
synthetic/images/img033366.jpg,synthetic_val,3,63050,3,61227,-0.344137,0.397081,0.0794162,0.847106,9.21215
synthetic/images/img033412.jpg,synthetic_val,0,67422,0,65434,0.734324,-0.252424,0.114738,0.619586,43.1368
synthetic/images/img033440.jpg,synthetic_val,1,36436,1,25523,-0.147635,0.944862,0.206689,-0.206689,54.3648
synthetic/images/img033472.jpg,synthetic_val,0,03107,3,51762,0.544638,-0.370354,0.283212,0.697136,169.626
synthetic/images/img033493.jpg,synthetic_val,3,64554,3,46516,-0.39765,-0.272076,0.565081,0.669726,35.6919
synthetic/images/img033543.jpg,synthetic_val,0,06150,0,02646,0.667391,-0.646535,-0.10428,-0.354552,39.4594
synthetic/images/img033550.jpg,synthetic_val,3,43333,3,43335,-0.0309641,-0.0928922,0.0928922,0.99085,12.2587
synthetic/images/img033611.jpg,synthetic_val,0,01343,0,03413,0.753619,-0.211955,-0.306158,-0.541664,23.6646
synthetic/images/img033628.jpg,synthetic_val,1,04703,1,06350,-0.481824,0.811493,-0.177514,-0.278951,39.8432
synthetic/images/img033635.jpg,synthetic_val,2,45474,2,45610,-0.229416,-0.479687,0.667391,0.521399,11.8682
synthetic/images/img033725.jpg,synthetic_val,1,56367,1,74017,0.184274,0.842397,0.0789747,0.500173,16.1861
synthetic/images/img033732.jpg,synthetic_val,2,56470,2,56416,0.113315,-0.294619,0.725215,0.6119,7.7268
synthetic/images/img033763.jpg,synthetic_val,2,67150,1,65307,-0.127786,0.817829,0.281129,0.485586,73.1207
synthetic/images/img033800.jpg,synthetic_val,3,65273,3,61672,-0.280397,0.38236,0.331378,0.8157,21.3139
synthetic/images/img033831.jpg,synthetic_val,2,23052,2,21265,-0.291638,0.291638,0.717879,-0.560843,13.0932
synthetic/images/img033878.jpg,synthetic_val,0,66025,0,66700,0.604419,-0.434426,0.472203,0.472203,19.3858
synthetic/images/img033889.jpg,synthetic_val,1,13503,3,46501,-0.436459,-0.311757,0.519594,0.665081,55.5006
synthetic/images/img033911.jpg,synthetic_val,0,73446,0,71671,0.735875,0.52891,0.298949,0.298949,21.3476
synthetic/images/img033982.jpg,synthetic_val,1,74651,2,11546,0.474237,-0.550115,0.607024,-0.322481,132.731
synthetic/images/img033987.jpg,synthetic_val,0,32155,0,30323,0.662794,0.227836,0.310685,-0.642082,20.7625
synthetic/images/img034061.jpg,synthetic_val,3,64254,0,54462,0.641155,0.0200361,-0.500902,0.581047,154.697
synthetic/images/img034124.jpg,synthetic_val,1,25167,1,34024,0.0286417,0.916533,0.143208,-0.372342,28.1238
synthetic/images/img034217.jpg,synthetic_val,2,34465,2,43311,-0.0304997,-0.213498,0.975991,0.0304997,48.3742
synthetic/images/img034230.jpg,synthetic_val,1,16722,1,25710,-0.0879694,0.93834,0.263908,-0.205262,51.8813
synthetic/images/img034355.jpg,synthetic_val,3,42770,3,43626,-0.40511,-0.0270073,0.29708,0.864234,13.5639
synthetic/images/img034447.jpg,synthetic_val,2,43211,2,25744,-0.205971,0.26482,0.941584,-0.0294245,52.6308
synthetic/images/img034491.jpg,synthetic_val,3,72145,3,72142,0.233079,0.492056,0.129488,0.828726,10.7479
synthetic/images/img034526.jpg,synthetic_val,3,70401,3,61155,-0.0304997,0.0304997,0.213498,0.975991,15.7896
synthetic/images/img034552.jpg,synthetic_val,1,07372,1,25147,-0.148152,0.948174,0.0888913,-0.266674,17.6069
synthetic/images/img034582.jpg,synthetic_val,0,24207,1,46532,-0.415505,0.699798,-0.196818,0.546718,43.7728
synthetic/images/img034633.jpg,synthetic_val,0,72422,0,72407,0.822136,0.0770752,0.488143,0.282609,10.4747
synthetic/images/img034688.jpg,synthetic_val,1,62716,1,60674,-0.582704,0.690612,0.280561,0.323724,41.7667
synthetic/images/img034784.jpg,synthetic_val,1,24047,0,42462,0.676879,-0.655727,-0.190372,0.274982,20.0815
synthetic/images/img034788.jpg,synthetic_val,2,03241,2,30042,0.0238163,0.0714488,0.762121,-0.643039,44.0226
synthetic/images/img034792.jpg,synthetic_val,1,26545,1,62153,-0.412432,0.776342,0.460953,0.121303,20.7302
synthetic/images/img034828.jpg,synthetic_val,0,35440,0,71162,0.770916,0.602279,0.168638,0.120456,35.1268
synthetic/images/img034884.jpg,synthetic_val,2,01363,2,03566,-0.184274,-0.236924,0.842397,-0.447523,31.1279
synthetic/images/img034926.jpg,synthetic_val,0,56701,0,30711,0.742182,0.347898,0.208739,-0.533443,144.019
synthetic/images/img034928.jpg,synthetic_val,0,43110,0,43110,0.901856,-0.084549,-0.422745,0.028183,2.71
synthetic/images/img034950.jpg,synthetic_val,3,16640,3,25506,-0.21039,0.090167,-0.150278,0.961781,41.4338
synthetic/images/img034959.jpg,synthetic_val,3,24471,3,24565,-0.543852,0.129488,-0.0258977,0.828726,9.75705
synthetic/images/img035004.jpg,synthetic_val,0,16453,0,16546,0.896179,0.25205,-0.364073,-0.0280056,8.93382
synthetic/images/img035083.jpg,synthetic_val,0,70432,0,70646,0.864234,0.0270073,0.29708,0.40511,26.7566
synthetic/images/img035109.jpg,synthetic_val,3,23645,3,27217,-0.201095,0.603286,-0.290471,0.715006,14.177
synthetic/images/img035117.jpg,synthetic_val,3,46106,3,46102,-0.512887,-0.289893,0.37909,0.713582,6.21682
synthetic/images/img035323.jpg,synthetic_val,3,11643,3,22505,-0.448231,0.362854,-0.448231,0.683019,144.292
synthetic/images/img035360.jpg,synthetic_val,2,35475,1,52724,0.2561,0.910577,-0.0853666,0.313011,157.5
synthetic/images/img035363.jpg,synthetic_val,2,52735,2,52703,0.311003,-0.141365,0.904735,0.254457,13.5702
synthetic/images/img035420.jpg,synthetic_val,1,11665,1,15222,0.397722,0.748653,-0.397722,-0.350931,7.27269
synthetic/images/img035463.jpg,synthetic_val,0,45412,0,45604,0.639106,-0.299581,-0.459357,0.539246,16.3532
synthetic/images/img035471.jpg,synthetic_val,1,77615,1,44556,-0.33656,0.566838,-0.513697,0.549124,154.476
synthetic/images/img035480.jpg,synthetic_val,1,14067,1,25172,-0.0864945,0.922608,0.20182,-0.317146,100.768
synthetic/images/img035529.jpg,synthetic_val,2,05607,2,07436,-0.311003,-0.254457,0.904735,-0.141365,31.6217
synthetic/images/img035542.jpg,synthetic_val,2,26556,2,62167,-0.464606,0.508855,0.707972,0.154869,21.4419
synthetic/images/img035593.jpg,synthetic_val,2,04270,1,54335,0.337869,0.720787,-0.427967,0.427967,59.7451
synthetic/images/img035633.jpg,synthetic_val,1,34241,1,34052,0.145617,0.931951,0.0873704,-0.320358,19.7247
synthetic/images/img035646.jpg,synthetic_val,1,17343,0,17517,0.685522,0.664099,-0.278493,-0.107113,29.1852
synthetic/images/img035697.jpg,synthetic_val,2,12625,1,61741,-0.138728,0.887862,0.249711,0.360694,169.435
synthetic/images/img035716.jpg,synthetic_val,3,47145,3,47564,-0.150791,-0.236957,0.667787,0.689329,19.1
synthetic/images/img035721.jpg,synthetic_val,1,65345,1,65143,-0.129142,0.826512,0.0774855,0.542398,15.7559
synthetic/images/img035738.jpg,synthetic_val,3,60506,3,60135,-0.463196,0.136234,0.0817405,0.871899,27.7777
synthetic/images/img035865.jpg,synthetic_val,2,47251,2,74007,0.0800926,0.0800926,0.854321,0.507253,44.7117
synthetic/images/img035878.jpg,synthetic_val,0,31624,0,02622,0.638089,-0.618148,-0.0199403,-0.458626,125.203
synthetic/images/img035889.jpg,synthetic_val,1,34466,1,25574,-0.0921878,0.983336,0.153646,-0.0307293,14.1527
synthetic/images/img035905.jpg,synthetic_val,2,03032,2,02533,-0.387667,-0.205236,0.729727,-0.524491,22.451
synthetic/images/img035941.jpg,synthetic_val,0,61446,0,61655,0.851896,-0.239596,0.239596,0.399326,25.5325
synthetic/images/img035944.jpg,synthetic_val,0,24000,0,24246,0.684267,-0.662884,0.235217,-0.19245,29.6195
synthetic/images/img035980.jpg,synthetic_val,3,44670,3,44646,-0.532665,-0.360838,0.532665,0.549848,6.67267
synthetic/images/img035984.jpg,synthetic_val,0,26542,0,64231,0.697136,-0.544638,0.283212,0.370354,52.3799
synthetic/images/img036016.jpg,synthetic_val,2,72177,2,43040,-0.387427,-0.387427,0.826512,0.129142,147.036
synthetic/images/img036050.jpg,synthetic_val,0,11336,3,40656,-0.548966,-0.426974,0.304981,0.650627,17.4796
synthetic/images/img036090.jpg,synthetic_val,1,47514,1,47532,-0.0719402,0.767362,-0.215821,0.599501,17.0871
synthetic/images/img036117.jpg,synthetic_val,0,60271,2,07036,-0.294514,-0.240966,0.856767,-0.348062,165.01
synthetic/images/img036168.jpg,synthetic_val,2,31320,3,02103,-0.41224,-0.255196,-0.608545,0.628176,10.6937
synthetic/images/img036230.jpg,synthetic_val,2,72145,2,72044,0.0270864,0.46047,0.866766,0.189605,29.0894
synthetic/images/img036263.jpg,synthetic_val,0,42105,0,43442,0.80327,-0.376533,-0.326328,0.326328,35.3773
synthetic/images/img036315.jpg,synthetic_val,0,61276,0,61274,0.866766,-0.297951,0.352124,0.189605,5.04982
synthetic/images/img036342.jpg,synthetic_val,3,34275,3,34265,0.0837545,0.362936,-0.251263,0.893381,14.1392
synthetic/images/img036380.jpg,synthetic_val,2,13407,2,13065,0.411587,-0.238287,0.6932,-0.541562,8.70828
synthetic/images/img036421.jpg,synthetic_val,3,23166,3,23017,-0.187378,0.395576,-0.603774,0.666233,13.8843
synthetic/images/img036436.jpg,synthetic_val,1,65320,1,61747,-0.13387,0.856767,0.294514,0.40161,10.1435
synthetic/images/img036506.jpg,synthetic_val,3,35131,3,35152,0.649272,0.067166,-0.246276,0.716438,9.37647
synthetic/images/img036521.jpg,synthetic_val,3,62142,3,63240,-0.344214,0.57369,0.114738,0.734324,25.3522
synthetic/images/img036537.jpg,synthetic_val,2,14403,1,14421,0.0704956,0.751953,-0.63446,-0.16449,42.045
synthetic/images/img036551.jpg,synthetic_val,1,56350,1,56710,0.300865,0.74059,-0.162004,0.578586,8.84934
synthetic/images/img036576.jpg,synthetic_val,3,10762,3,16016,0.134255,-0.349064,-0.349064,0.859235,19.8381
synthetic/images/img036737.jpg,synthetic_val,1,21643,1,12073,0.161314,0.737437,-0.207404,-0.622212,80.3199
synthetic/images/img036770.jpg,synthetic_val,0,16012,0,14232,0.809414,0.126471,-0.430001,-0.379413,9.59877
synthetic/images/img036772.jpg,synthetic_val,2,21027,2,21007,-0.287613,0.0663723,0.707972,-0.641599,8.55096
synthetic/images/img036781.jpg,synthetic_val,2,51537,1,64166,-0.498237,0.6932,0.151637,0.498237,130.148
synthetic/images/img036846.jpg,synthetic_val,1,52242,1,70423,0.0879694,0.93834,0.205262,0.263908,43.1182
synthetic/images/img036879.jpg,synthetic_val,1,43723,1,43741,-0.140469,0.899004,-0.196657,0.36522,19.9943
synthetic/images/img036891.jpg,synthetic_val,1,60351,1,06727,-0.543852,0.828726,-0.0258977,-0.129488,43.7921
synthetic/images/img036892.jpg,synthetic_val,2,23512,2,21270,-0.243365,0.287613,0.707972,-0.597351,25.5431
synthetic/images/img036908.jpg,synthetic_val,2,47376,2,47333,-0.0275764,-0.0275764,0.882444,0.468798,15.3539
synthetic/images/img036985.jpg,synthetic_val,1,30444,1,12667,0.0824786,0.879772,-0.0274929,-0.467379,10.0268
synthetic/images/img037098.jpg,synthetic_val,3,06436,3,07606,-0.416185,-0.138728,-0.138728,0.887862,29.8864
synthetic/images/img037184.jpg,synthetic_val,3,50323,3,70122,0.26482,0.205971,0.0294245,0.941584,77.8298
synthetic/images/img037240.jpg,synthetic_val,0,75001,0,17242,0.837765,0.445063,-0.130901,-0.287982,86.3496
synthetic/images/img037270.jpg,synthetic_val,0,25502,0,25523,0.944862,-0.147635,0.206689,-0.206689,17.3851
synthetic/images/img037296.jpg,synthetic_val,2,66270,1,66707,-0.388423,0.591883,0.499401,0.499401,21.0864
synthetic/images/img037335.jpg,synthetic_val,0,32031,3,06472,-0.628928,-0.209643,-0.0698809,0.745396,45.675
synthetic/images/img037351.jpg,synthetic_val,2,07014,2,04340,-0.490028,-0.490028,0.681778,-0.234361,30.6271
synthetic/images/img037362.jpg,synthetic_val,2,70200,2,43307,-0.151934,-0.151934,0.972379,0.0911606,52.0549
synthetic/images/img037501.jpg,synthetic_val,2,17651,2,71443,0.480589,0.0758825,0.809414,0.328824,55.9553
synthetic/images/img037527.jpg,synthetic_val,1,60063,1,42223,-0.67116,0.74059,-0.0231434,0.0231434,26.433
synthetic/images/img037596.jpg,synthetic_val,1,45324,1,10647,0.0714488,0.762121,-0.500142,-0.404877,104.186
synthetic/images/img037627.jpg,synthetic_val,3,62732,0,64340,0.702491,-0.504916,0.197576,0.46101,149.459
synthetic/images/img037634.jpg,synthetic_val,1,72714,1,72572,0.298949,0.735875,0.52891,0.298949,7.84351
synthetic/images/img037688.jpg,synthetic_val,1,60132,1,07643,-0.371126,0.91354,-0.142741,-0.0856444,41.8412
synthetic/images/img037698.jpg,synthetic_val,1,32772,2,06001,-0.60273,-0.311757,0.665081,-0.311757,161
synthetic/images/img037719.jpg,synthetic_val,0,56106,0,32404,0.763856,0.0238705,0.405798,-0.50128,152.882
synthetic/images/img037815.jpg,synthetic_val,0,40223,0,60243,0.713582,-0.646684,0.245294,0.111497,74.1275
synthetic/images/img037871.jpg,synthetic_val,1,52274,1,70414,0.146114,0.935129,0.0292228,0.321451,17.9915
synthetic/images/img037909.jpg,synthetic_val,3,15453,3,51214,0.469222,-0.51391,0.0670318,0.715006,19.6504
synthetic/images/img037913.jpg,synthetic_val,0,07047,0,02656,0.703849,-0.593873,-0.109976,-0.37392,46.1066
synthetic/images/img037944.jpg,synthetic_val,3,02772,3,20753,-0.401252,0.259633,-0.448458,0.755297,33.5051
synthetic/images/img037970.jpg,synthetic_val,2,16640,2,70066,0.0298408,0.208885,0.954905,0.208885,58.2274
synthetic/images/img038078.jpg,synthetic_val,0,41571,3,15076,0.450702,-0.53655,-0.193158,0.686784,95.1543
synthetic/images/img038101.jpg,synthetic_val,2,34656,2,34544,0.270501,0.0300557,0.961781,-0.0300557,34.9066
synthetic/images/img038105.jpg,synthetic_val,0,70127,0,70146,0.93834,0.263908,0.0879694,0.205262,20.1452
synthetic/images/img038122.jpg,synthetic_val,2,34670,2,70231,0.198547,0.368729,0.907642,0.0283638,11.7575
synthetic/images/img038164.jpg,synthetic_val,2,13475,1,47071,-0.220432,0.783758,-0.269417,0.514341,92.2043
synthetic/images/img038191.jpg,synthetic_val,2,72245,2,43512,-0.0837545,-0.362936,0.893381,0.251263,116.883
synthetic/images/img038212.jpg,synthetic_val,0,14426,0,54232,0.793334,0.123958,-0.421459,0.421459,66.601
synthetic/images/img038276.jpg,synthetic_val,3,74555,3,47556,-0.0645049,-0.279521,0.666551,0.688053,55.0461
synthetic/images/img038281.jpg,synthetic_val,1,40673,2,26362,-0.448061,0.603909,0.62339,-0.21429,137.651
synthetic/images/img038314.jpg,synthetic_val,3,10732,3,27015,-0.227648,0.430001,-0.328824,0.809414,118.307
synthetic/images/img038448.jpg,synthetic_val,0,32175,0,30333,0.648486,0.303978,0.303978,-0.628221,19.7347
synthetic/images/img038540.jpg,synthetic_val,0,56507,3,53355,0.67923,-0.153375,0.153375,0.701141,70.555
synthetic/images/img038588.jpg,synthetic_val,3,62460,3,04547,-0.437215,-0.603774,-0.0208198,0.666233,128.588
synthetic/images/img038649.jpg,synthetic_val,1,41572,1,43550,-0.0794162,0.847106,-0.397081,0.344137,23.3757
synthetic/images/img038680.jpg,synthetic_val,2,67321,1,61727,-0.13387,0.856767,0.40161,0.294514,44.5286
synthetic/images/img038752.jpg,synthetic_val,0,16276,0,16621,0.968808,0.0908257,-0.0908257,-0.211927,13.1124
synthetic/images/img038758.jpg,synthetic_val,2,33254,0,30773,0.74702,0.350165,0.350165,-0.443543,51.5587
synthetic/images/img038773.jpg,synthetic_val,0,70017,0,70142,0.948174,0.266674,0.0888913,0.148152,12.0356
synthetic/images/img038791.jpg,synthetic_val,2,12755,2,15264,0.405798,-0.453539,0.763856,-0.214834,43.0852
synthetic/images/img038795.jpg,synthetic_val,0,61744,0,61772,0.847106,-0.0794162,0.397081,0.344137,21.1819
synthetic/images/img038871.jpg,synthetic_val,3,34647,3,63173,-0.0251657,0.578811,0.125828,0.805302,37.8689
synthetic/images/img038882.jpg,synthetic_val,1,76204,2,76026,0.0228515,0.525586,0.73125,0.434179,29.6106
synthetic/images/img038909.jpg,synthetic_val,1,40276,1,40341,-0.46736,0.712167,-0.51187,0.111276,21.9033
synthetic/images/img038990.jpg,synthetic_val,0,02234,0,64100,0.745396,-0.535754,0.0232936,0.395992,117.922
synthetic/images/img039018.jpg,synthetic_val,3,26470,3,26473,-0.534584,0.491817,-0.06415,0.684267,8.10423
synthetic/images/img039049.jpg,synthetic_val,2,50611,2,50070,0.117753,-0.635866,0.753619,0.117753,15.3642
synthetic/images/img039065.jpg,synthetic_val,0,06705,0,06364,0.789462,-0.567426,-0.0740121,-0.222036,17.5771
synthetic/images/img039069.jpg,synthetic_val,3,10644,3,10257,0.151354,-0.454061,-0.540548,0.691902,25.0905
synthetic/images/img039103.jpg,synthetic_val,1,56023,1,52464,0.0270073,0.864234,-0.29708,0.40511,13.2543
synthetic/images/img039122.jpg,synthetic_val,3,60745,0,60755,0.795292,-0.422499,0.223676,0.372793,164.923
synthetic/images/img039196.jpg,synthetic_val,0,12274,0,70544,0.877124,0.246691,0.0274101,0.411152,125.422
synthetic/images/img039259.jpg,synthetic_val,0,52105,0,34122,0.861723,0.24236,0.188502,-0.403933,91.9279
synthetic/images/img039268.jpg,synthetic_val,1,61364,2,72002,0.0268511,0.510171,0.859235,0.0268511,80.1712
synthetic/images/img039371.jpg,synthetic_val,2,70167,2,71422,0.447523,0.184274,0.842397,0.236924,18.8548
synthetic/images/img039383.jpg,synthetic_val,0,31114,0,13775,0.669726,0.648797,-0.0627868,-0.355792,27.6797
synthetic/images/img039505.jpg,synthetic_val,3,12630,3,13662,0.415376,-0.0244339,-0.464244,0.781884,37.4635
synthetic/images/img039575.jpg,synthetic_val,3,51120,0,64330,0.745396,-0.442579,0.302817,0.395992,53.5164
synthetic/images/img039604.jpg,synthetic_val,0,55750,0,55750,0.562617,0.509872,-0.404381,0.509872,1.9001
synthetic/images/img039614.jpg,synthetic_val,3,14103,0,27010,0.785646,-0.270066,0.417374,-0.368271,174.892
synthetic/images/img039645.jpg,synthetic_val,2,76103,2,76104,0.214834,0.405798,0.763856,0.453539,11.0038
synthetic/images/img039691.jpg,synthetic_val,3,50250,3,63055,-0.236924,0.447523,0.184274,0.842397,130.817
synthetic/images/img039693.jpg,synthetic_val,2,41123,2,41131,-0.0238705,-0.644503,0.763856,0.0238705,9.43062
synthetic/images/img039715.jpg,synthetic_val,2,40323,2,42333,-0.468798,-0.0275764,0.882444,0.0275764,44.2572
synthetic/images/img039779.jpg,synthetic_val,2,23115,2,12275,0.169426,-0.0726113,0.774521,-0.605095,56.5941
synthetic/images/img039785.jpg,synthetic_val,1,16302,1,16702,0.262111,0.931951,-0.145617,-0.203864,24.5551
synthetic/images/img039798.jpg,synthetic_val,0,53312,1,71516,0.649272,0.716438,0.067166,0.246276,34.9734
synthetic/images/img039801.jpg,synthetic_val,2,34447,2,16472,0.148152,-0.266674,0.948174,-0.0888913,41.7974
synthetic/images/img039823.jpg,synthetic_val,3,63506,3,65410,-0.261387,0.0237624,0.594061,0.760398,62.7955
synthetic/images/img039897.jpg,synthetic_val,0,61025,0,60153,0.871899,-0.463196,0.0817405,0.136234,17.4926
synthetic/images/img039902.jpg,synthetic_val,1,37765,1,37121,0.548966,0.650627,0.426974,-0.304981,34.3925
synthetic/images/img039965.jpg,synthetic_val,1,23674,1,23635,-0.184211,0.654974,0.59357,-0.429826,11.4045
synthetic/images/img039989.jpg,synthetic_val,1,43272,1,43243,-0.368729,0.907642,-0.141819,0.141819,12.9694
synthetic/images/img039993.jpg,synthetic_val,0,50532,0,36020,0.778177,0.024318,0.510678,-0.36477,155.243
synthetic/images/img040008.jpg,synthetic_val,0,15433,0,73602,0.694504,0.368955,0.585988,0.195329,142.049
synthetic/images/img040043.jpg,synthetic_val,1,47176,1,07611,-0.259483,0.922608,-0.20182,-0.20182,95.3984
synthetic/images/img040047.jpg,synthetic_val,1,26013,1,21641,-0.321503,0.791391,0.222579,-0.469888,37.9378
synthetic/images/img040056.jpg,synthetic_val,2,22504,2,24111,-0.433341,0.0254906,0.8157,-0.38236,40.7332
synthetic/images/img040058.jpg,synthetic_val,3,17732,0,12342,0.742182,0.208739,-0.115966,-0.626216,173.56
synthetic/images/img040066.jpg,synthetic_val,3,60646,3,60445,-0.634192,0.0218687,0.328031,0.699798,24.2683
synthetic/images/img040100.jpg,synthetic_val,1,03471,1,03005,-0.273518,0.673274,-0.315597,-0.610155,21.4241
synthetic/images/img040134.jpg,synthetic_val,2,50346,2,50251,0.173542,-0.570209,0.793334,0.123958,7.62888
synthetic/images/img040165.jpg,synthetic_val,0,11341,3,44044,-0.525877,-0.525877,0.390167,0.542841,10.4133
synthetic/images/img040211.jpg,synthetic_val,1,43307,1,43372,-0.0921878,0.983336,-0.0307293,0.153646,20.1314
synthetic/images/img040227.jpg,synthetic_val,2,52300,2,43340,-0.206689,-0.206689,0.944862,0.147635,54.6591
synthetic/images/img040231.jpg,synthetic_val,1,50571,1,54515,0.276689,0.590269,-0.571823,0.49804,27.5536
synthetic/images/img040237.jpg,synthetic_val,2,04234,2,06003,-0.610155,-0.273518,0.673274,-0.315597,14.2247
synthetic/images/img040240.jpg,synthetic_val,3,25557,3,71021,0.505813,0.133109,0.0266217,0.851896,62.4702
synthetic/images/img040272.jpg,synthetic_val,3,30677,3,32560,0.206095,0.480888,-0.435089,0.732782,14.1012
synthetic/images/img040315.jpg,synthetic_val,2,14372,2,16325,0.302422,-0.0824786,0.879772,-0.357407,41.818
synthetic/images/img040461.jpg,synthetic_val,1,52216,1,70042,0.0307293,0.983336,0.0921878,0.153646,33.7307
synthetic/images/img040505.jpg,synthetic_val,3,67015,3,67167,-0.108928,0.501067,0.501067,0.697136,19.4965
synthetic/images/img040619.jpg,synthetic_val,2,47167,3,65516,-0.0712873,0.0712873,0.641585,0.760398,44.728
synthetic/images/img040683.jpg,synthetic_val,2,40173,2,40340,-0.501067,-0.501067,0.697136,0.108928,13.8235
synthetic/images/img040709.jpg,synthetic_val,0,64517,0,65400,0.739008,-0.34641,0.023094,0.57735,9.05208
synthetic/images/img040764.jpg,synthetic_val,0,64552,0,46376,0.73125,-0.434179,-0.0228515,0.525586,16.606
synthetic/images/img040861.jpg,synthetic_val,0,01217,3,03576,-0.0800926,-0.240278,-0.453858,0.854321,141.613
synthetic/images/img040894.jpg,synthetic_val,0,34516,0,34142,0.910577,0.2561,0.0853666,-0.313011,25.2046
synthetic/images/img040899.jpg,synthetic_val,0,35242,0,31652,0.725215,0.475923,0.249293,-0.430597,22.7014
synthetic/images/img041039.jpg,synthetic_val,3,52347,3,61027,-0.367549,0.197911,0.0848189,0.904735,89.5735
synthetic/images/img041082.jpg,synthetic_val,2,44510,2,45621,-0.278493,-0.407029,0.685522,0.535564,24.5439
synthetic/images/img041126.jpg,synthetic_val,0,03751,0,07330,0.899004,-0.0842816,-0.0842816,-0.421408,16.6523
synthetic/images/img041213.jpg,synthetic_val,1,27312,1,27341,-0.118015,0.755297,0.590076,-0.259633,11.0752
synthetic/images/img041258.jpg,synthetic_val,2,52062,2,43373,-0.030846,-0.030846,0.987072,0.15423,30.9261
synthetic/images/img041268.jpg,synthetic_val,2,03705,2,03562,-0.179842,-0.231226,0.822136,-0.488143,7.20455
synthetic/images/img041312.jpg,synthetic_val,3,50237,3,41271,-0.233079,-0.492056,0.129488,0.828726,49.9032
synthetic/images/img041372.jpg,synthetic_val,1,47276,1,47432,-0.255676,0.743784,-0.209189,0.581081,23.2286
synthetic/images/img041438.jpg,synthetic_val,0,06373,0,61046,0.88514,-0.41491,0.0829819,0.193624,56.9622
synthetic/images/img041484.jpg,synthetic_val,0,00500,0,00673,0.667391,-0.521399,-0.354552,-0.396264,28.1982
synthetic/images/img041490.jpg,synthetic_val,2,52776,1,52766,0.246691,0.877124,-0.0274101,0.411152,160.318
synthetic/images/img041516.jpg,synthetic_val,0,01553,0,72446,0.797264,0.0249145,0.473376,0.373718,168.594
synthetic/images/img041528.jpg,synthetic_val,2,65131,2,43747,-0.138728,-0.138728,0.887862,0.416185,33.5677
synthetic/images/img041542.jpg,synthetic_val,3,42306,0,12663,0.856767,0.0803219,-0.026774,-0.508706,46.1912
synthetic/images/img041593.jpg,synthetic_val,3,34211,3,34433,0.204559,0.204559,-0.204559,0.935129,23.7478
synthetic/images/img041612.jpg,synthetic_val,3,16256,3,16720,0.263908,-0.0879694,-0.205262,0.93834,14.0906
synthetic/images/img041614.jpg,synthetic_val,3,56305,3,56326,0.234978,-0.0261087,0.496065,0.835478,20.3408
synthetic/images/img041766.jpg,synthetic_val,0,20562,0,24176,0.822136,-0.488143,0.179842,-0.231226,24.0422
synthetic/images/img041937.jpg,synthetic_val,1,55605,1,55754,0.50067,0.552464,-0.397083,0.535199,17.6801
synthetic/images/img041957.jpg,synthetic_val,1,63746,1,63473,-0.211955,0.753619,0.541664,0.306158,11.5542
synthetic/images/img041970.jpg,synthetic_val,0,22065,0,24747,0.80327,-0.527146,0.276124,-0.0251022,56.5713
synthetic/images/img041987.jpg,synthetic_val,3,23153,3,03212,-0.238287,-0.108312,-0.671537,0.6932,67.5154
synthetic/images/img042058.jpg,synthetic_val,1,12663,1,16232,0.140028,0.896179,-0.0280056,-0.420084,13.9392
synthetic/images/img042077.jpg,synthetic_val,1,10763,1,44555,-0.29889,0.562617,-0.545035,0.545035,141.006
synthetic/images/img042148.jpg,synthetic_val,2,12024,2,21172,-0.0704956,0.16449,0.751953,-0.63446,48.7611
synthetic/images/img042158.jpg,synthetic_val,2,72365,1,72525,0.266242,0.774521,0.508279,0.266242,29.6359
synthetic/images/img042207.jpg,synthetic_val,0,14664,0,52230,0.983336,0.153646,-0.0921878,0.0307293,54.553
synthetic/images/img042224.jpg,synthetic_val,1,26422,1,26025,-0.582922,0.643224,0.422116,-0.26131,14.9176
synthetic/images/img042240.jpg,synthetic_val,1,04265,0,06304,0.760398,-0.546536,-0.166337,-0.308911,89.6332
synthetic/images/img042262.jpg,synthetic_val,3,46575,3,46566,-0.451501,-0.176674,0.608545,0.628176,12.1866
synthetic/images/img042304.jpg,synthetic_val,1,52226,1,52244,0.0298408,0.954905,-0.208885,0.208885,24.2689
synthetic/images/img042342.jpg,synthetic_val,2,31204,2,03206,-0.326164,-0.108721,0.695817,-0.630584,87.4651
synthetic/images/img042362.jpg,synthetic_val,0,53223,0,71001,0.859235,0.510171,0.0268511,0.0268511,5.27108
synthetic/images/img042375.jpg,synthetic_val,2,25521,2,25521,-0.149204,0.149204,0.954905,-0.208885,3.86676
synthetic/images/img042417.jpg,synthetic_val,0,23315,0,36300,0.72373,0.203549,0.565414,-0.339248,39.1165
synthetic/images/img042464.jpg,synthetic_val,0,56326,0,30542,0.833209,0.23434,0.0781133,-0.494718,121.683
synthetic/images/img042511.jpg,synthetic_val,2,34322,2,34343,0.295362,0.295362,0.859235,-0.295362,15.9811
synthetic/images/img042547.jpg,synthetic_val,3,16735,3,16773,0.422745,-0.028183,-0.084549,0.901856,8.96372
synthetic/images/img042637.jpg,synthetic_val,2,13754,2,15242,0.392598,-0.484974,0.739008,-0.254034,49.4768
synthetic/images/img042717.jpg,synthetic_val,3,71166,3,71160,0.606517,0.121303,0.121303,0.776342,9.23833
synthetic/images/img042757.jpg,synthetic_val,0,17352,0,71052,0.826512,0.542398,0.0774855,0.129142,49.8994
synthetic/images/img042797.jpg,synthetic_val,1,37713,1,51366,0.560843,0.717879,-0.381373,0.157036,113.455
synthetic/images/img042810.jpg,synthetic_val,0,32464,0,21442,0.795292,-0.372793,0.0745586,-0.472205,67.7442
synthetic/images/img042899.jpg,synthetic_val,3,73511,0,70556,0.847106,0.344137,0.0794162,0.397081,40.6841
synthetic/images/img042943.jpg,synthetic_val,0,24256,0,24442,0.715006,-0.692662,0.0670318,-0.0670318,27.8545
synthetic/images/img042996.jpg,synthetic_val,3,40214,3,40215,-0.534584,-0.491817,0.06415,0.684267,5.11045
synthetic/images/img042998.jpg,synthetic_val,1,67631,1,67072,-0.239187,0.695817,0.500118,0.45663,12.0957
synthetic/images/img043046.jpg,synthetic_val,3,43316,3,43325,-0.153069,-0.0918415,0.0918415,0.979643,10.7112
synthetic/images/img043062.jpg,synthetic_val,3,16621,3,25156,-0.0895223,0.0895223,-0.268567,0.954905,27.2953
synthetic/images/img043067.jpg,synthetic_val,3,70540,3,70455,0.19422,0.0277457,0.416185,0.887862,7.85592
synthetic/images/img043078.jpg,synthetic_val,2,70337,2,50362,0.238919,-0.451292,0.849491,0.132733,103.908
synthetic/images/img043079.jpg,synthetic_val,1,53113,0,75111,0.670902,0.649937,0.0209657,0.356417,52.7539
synthetic/images/img043137.jpg,synthetic_val,1,72316,1,72112,0.329669,0.811493,0.481824,0.0253592,19.7471
synthetic/images/img043209.jpg,synthetic_val,2,02375,2,02316,-0.400466,-0.105386,0.674469,-0.611238,10.0169
synthetic/images/img043253.jpg,synthetic_val,1,32003,1,30326,0.193158,0.686784,0.32193,-0.622398,19.0079
synthetic/images/img043270.jpg,synthetic_val,2,35606,2,35651,0.567426,0.222036,0.789462,-0.0740121,16.325
synthetic/images/img043309.jpg,synthetic_val,3,54136,3,65255,-0.217325,0.217325,0.555387,0.772712,108.277
synthetic/images/img043360.jpg,synthetic_val,2,24543,2,24535,-0.46047,0.135432,0.866766,-0.135432,12.9771
synthetic/images/img043370.jpg,synthetic_val,0,04226,0,02656,0.703849,-0.593873,-0.109976,-0.37392,31.5001
synthetic/images/img043404.jpg,synthetic_val,3,25507,0,70075,0.944862,0.206689,0.147635,0.206689,173.129
synthetic/images/img043545.jpg,synthetic_val,2,52640,2,43346,-0.206689,-0.147635,0.944862,0.206689,35.1781
synthetic/images/img043552.jpg,synthetic_val,0,47133,3,42361,-0.542398,-0.0774855,0.129142,0.826512,168.922
synthetic/images/img043634.jpg,synthetic_val,2,52332,2,72335,0.327405,0.632983,0.698464,0.065481,81.7227
synthetic/images/img043651.jpg,synthetic_val,2,27344,2,27511,-0.0270864,0.46047,0.866766,-0.189605,24.5544
synthetic/images/img043686.jpg,synthetic_val,2,06263,2,24342,-0.54287,0.259633,0.755297,-0.259633,32.3265
synthetic/images/img043794.jpg,synthetic_val,3,51254,0,64503,0.698464,-0.458367,0.065481,0.545675,33.0961
synthetic/images/img043823.jpg,synthetic_val,0,03754,0,65300,0.842397,-0.184274,0.236924,0.447523,120.616
synthetic/images/img043871.jpg,synthetic_val,1,35076,1,35622,0.426737,0.80327,0.376533,-0.175715,24.086
synthetic/images/img043969.jpg,synthetic_val,0,30306,3,35176,0.649272,0.156721,-0.201498,0.716438,177.486
synthetic/images/img043984.jpg,synthetic_val,1,01554,1,01473,-0.196818,0.699798,-0.546718,-0.415505,21.2993
synthetic/images/img044163.jpg,synthetic_val,0,76256,0,76600,0.670902,0.0209657,0.524142,0.524142,14.2313
synthetic/images/img044210.jpg,synthetic_val,0,43356,0,25555,0.998538,-0.0312043,0.0312043,-0.0312043,34.7155
synthetic/images/img044262.jpg,synthetic_val,0,75235,0,76333,0.640128,0.30006,0.620124,0.340068,48.0694
synthetic/images/img044274.jpg,synthetic_val,0,56560,3,60027,-0.661315,0.159628,0.0684119,0.729727,179.79
synthetic/images/img044289.jpg,synthetic_val,1,30305,1,30336,0.273518,0.673274,0.315597,-0.610155,15.9138
synthetic/images/img044456.jpg,synthetic_val,0,06654,0,42616,0.734324,-0.619586,-0.114738,0.252424,30.4254
synthetic/images/img044489.jpg,synthetic_val,0,50770,0,56710,0.74059,0.300865,-0.162004,0.578586,46.1616
synthetic/images/img044568.jpg,synthetic_val,2,77622,2,77265,0.361987,0.552506,0.609662,0.438195,8.46002
synthetic/images/img044597.jpg,synthetic_val,2,67362,1,67300,-0.157036,0.717879,0.560843,0.381373,16.6943
synthetic/images/img044607.jpg,synthetic_val,3,56755,3,56656,0.110838,-0.110838,0.687194,0.709362,23.183
synthetic/images/img044635.jpg,synthetic_val,0,43536,0,43344,0.935129,-0.204559,-0.204559,0.204559,16.9754
synthetic/images/img044728.jpg,synthetic_val,1,01362,1,03017,-0.195698,0.695817,-0.282675,-0.630584,12.3083
synthetic/images/img044747.jpg,synthetic_val,0,51175,0,51557,0.579334,0.56123,-0.525021,0.271563,14.6886
synthetic/images/img044752.jpg,synthetic_val,1,34751,1,35414,0.543852,0.828726,0.0258977,-0.129488,30.6595
synthetic/images/img044771.jpg,synthetic_val,3,73775,3,73455,0.505892,0.37392,0.329929,0.703849,25.2517
synthetic/images/img044799.jpg,synthetic_val,1,62544,1,60765,-0.487057,0.742182,0.301511,0.347898,11.4577
synthetic/images/img044806.jpg,synthetic_val,0,52524,0,16506,0.887862,0.249711,-0.360694,-0.138728,50.2845
synthetic/images/img044817.jpg,synthetic_val,3,27512,3,27701,-0.120456,0.602279,-0.168638,0.770916,16.1924
synthetic/images/img044822.jpg,synthetic_val,0,56255,0,30740,0.813589,0.228822,0.228822,-0.483068,135.817
synthetic/images/img044848.jpg,synthetic_val,2,04472,2,04340,-0.490028,-0.490028,0.681778,-0.234361,22.2402
synthetic/images/img044900.jpg,synthetic_val,3,14332,3,24336,-0.45047,0.355634,-0.308216,0.758686,133.327
synthetic/images/img045019.jpg,synthetic_val,1,56354,1,60747,-0.493469,0.751953,0.258484,0.352478,112.618
synthetic/images/img045041.jpg,synthetic_val,3,53617,3,53305,0.63446,-0.16449,0.0704956,0.751953,23.4156
synthetic/images/img045055.jpg,synthetic_val,3,07236,3,07244,-0.403933,-0.188502,-0.24236,0.861723,23.07
synthetic/images/img045094.jpg,synthetic_val,0,26530,0,26523,0.707972,-0.464606,0.508855,-0.154869,6.85388
synthetic/images/img045229.jpg,synthetic_val,1,27434,2,27522,-0.172276,0.566049,0.787547,-0.172276,42.0045
synthetic/images/img045341.jpg,synthetic_val,3,24627,3,24272,-0.589329,0.327405,-0.240097,0.698464,17.223
synthetic/images/img045435.jpg,synthetic_val,1,61774,1,61777,-0.0260378,0.833209,0.390567,0.390567,8.33856
synthetic/images/img045454.jpg,synthetic_val,1,74412,1,74345,0.262575,0.763856,0.214834,0.549021,24.9095
synthetic/images/img045462.jpg,synthetic_val,3,61646,0,60774,0.758686,-0.45047,0.308216,0.355634,177.553
synthetic/images/img045465.jpg,synthetic_val,1,23576,1,27121,-0.120736,0.772712,0.507093,-0.362209,6.16383
synthetic/images/img045497.jpg,synthetic_val,3,25660,3,25562,-0.208145,0.208145,-0.0892052,0.951522,26.84
synthetic/images/img045510.jpg,synthetic_val,0,65760,0,65566,0.701141,-0.153375,0.153375,0.67923,16.7413
synthetic/images/img045517.jpg,synthetic_val,1,17026,1,17625,0.504385,0.849491,-0.0796398,-0.132733,27.4868
synthetic/images/img045578.jpg,synthetic_val,1,43536,1,43747,-0.138728,0.887862,-0.138728,0.416185,23.0512
synthetic/images/img045639.jpg,synthetic_val,1,36710,2,37644,0.386065,0.567742,0.72671,-0.0227097,32.4084
synthetic/images/img045709.jpg,synthetic_val,3,30620,3,03722,-0.174836,-0.0249766,-0.574462,0.799251,43.8509
synthetic/images/img045763.jpg,synthetic_val,2,23007,2,21213,-0.19245,0.235217,0.684267,-0.662884,21.2254
synthetic/images/img045775.jpg,synthetic_val,2,63253,1,63144,-0.186352,0.851896,0.45257,0.186352,43.854
synthetic/images/img045806.jpg,synthetic_val,1,26257,1,26526,-0.501067,0.697136,0.501067,-0.108928,10.548
synthetic/images/img045906.jpg,synthetic_val,2,42203,2,42003,-0.642859,-0.288178,0.709362,0.0221676,20.2737
synthetic/images/img045908.jpg,synthetic_val,0,01572,0,41670,0.781884,-0.268773,-0.464244,0.317641,92.2478
synthetic/images/img045939.jpg,synthetic_val,0,46601,0,26444,0.670902,-0.649937,0.356417,-0.0209657,85.4935
synthetic/images/img045985.jpg,synthetic_val,3,34035,3,34023,0.0829819,0.193624,-0.41491,0.88514,15.9308
synthetic/images/img045988.jpg,synthetic_val,2,72670,2,72504,0.231226,0.43676,0.822136,0.282609,29.6067
synthetic/images/img046073.jpg,synthetic_val,1,70341,1,70350,0.360694,0.887862,0.249711,0.138728,4.00642
synthetic/images/img046184.jpg,synthetic_val,1,16703,1,16700,0.259483,0.922608,-0.20182,-0.20182,12.2798
synthetic/images/img046213.jpg,synthetic_val,0,57612,0,74137,0.785646,0.368271,0.17186,0.466477,36.1593
synthetic/images/img046223.jpg,synthetic_val,2,65355,1,47327,-0.133109,0.851896,-0.0266217,0.505813,126.162
synthetic/images/img046244.jpg,synthetic_val,2,13423,2,71543,0.61443,0.06827,0.728214,0.295837,104.472
synthetic/images/img046251.jpg,synthetic_val,3,23565,3,27027,-0.298949,0.52891,-0.298949,0.735875,23.2334
synthetic/images/img046265.jpg,synthetic_val,1,75721,1,75527,0.536683,0.636069,0.13914,0.536683,15.3541
synthetic/images/img046280.jpg,synthetic_val,2,27462,2,26554,-0.464244,0.415376,0.781884,-0.0244339,20.2122
synthetic/images/img046316.jpg,synthetic_val,1,50034,2,43144,-0.190728,-0.408703,0.871899,0.190728,57.2619
synthetic/images/img046341.jpg,synthetic_val,1,52200,1,25741,-0.148152,0.948174,0.266674,-0.0888913,59.2742
synthetic/images/img046345.jpg,synthetic_val,3,62177,3,62155,-0.418384,0.418384,0.172276,0.787547,16.1061
synthetic/images/img046357.jpg,synthetic_val,1,74576,2,65427,-0.29282,0.157672,0.720787,0.608164,113.783
synthetic/images/img046404.jpg,synthetic_val,3,41255,3,72541,0.274743,0.424602,0.324696,0.799251,133.693
synthetic/images/img046414.jpg,synthetic_val,3,25556,3,25545,-0.15423,0.030846,-0.030846,0.987072,13.0833
synthetic/images/img046484.jpg,synthetic_val,2,77215,1,74373,0.342773,0.73125,0.342773,0.479882,46.8033
synthetic/images/img046488.jpg,synthetic_val,2,64162,2,64141,-0.480888,0.0228994,0.732782,0.480888,16.8563
synthetic/images/img046539.jpg,synthetic_val,0,45347,3,15310,0.56667,-0.449428,-0.293105,0.625291,48.9671
synthetic/images/img046555.jpg,synthetic_val,3,27752,0,05522,0.765603,-0.167476,-0.598127,-0.167476,150.088
synthetic/images/img046570.jpg,synthetic_val,0,12245,0,47373,0.835478,-0.0261087,-0.0261087,0.548282,142.78
synthetic/images/img046574.jpg,synthetic_val,1,43643,1,43626,-0.40511,0.864234,-0.0270073,0.29708,12.4532
synthetic/images/img046608.jpg,synthetic_val,2,60217,2,06055,-0.565414,-0.339248,0.72373,-0.203549,76.3242
synthetic/images/img046629.jpg,synthetic_val,1,54126,1,50544,0.188031,0.668555,-0.647663,0.313385,17.0305
synthetic/images/img046697.jpg,synthetic_val,0,37075,0,32756,0.680543,0.276471,0.574208,-0.361538,34.0429
synthetic/images/img046763.jpg,synthetic_val,0,57645,3,37551,0.648797,0.355792,-0.0627868,0.669726,12.703
synthetic/images/img046828.jpg,synthetic_val,1,05654,1,05546,-0.159961,0.73125,-0.662695,-0.0228515,17.1007
synthetic/images/img046831.jpg,synthetic_val,1,45610,2,11525,0.499401,-0.499401,0.591883,-0.388423,41.058
synthetic/images/img046836.jpg,synthetic_val,3,06714,3,35525,0.635866,0.117753,-0.117753,0.753619,144.284
synthetic/images/img046849.jpg,synthetic_val,2,74347,2,47244,-0.350931,-0.163768,0.748653,0.538095,88.6737
synthetic/images/img046882.jpg,synthetic_val,3,35601,3,35605,0.492056,0.233079,-0.129488,0.828726,6.76204
synthetic/images/img046929.jpg,synthetic_val,2,66656,2,66445,-0.5196,0.304593,0.573351,0.555434,20.7437
synthetic/images/img046951.jpg,synthetic_val,1,70430,1,43375,-0.0303869,0.972379,-0.0911606,0.212708,37.8708
synthetic/images/img047033.jpg,synthetic_val,2,74763,3,77664,0.304593,0.5196,0.555434,0.573351,26.5063
synthetic/images/img047037.jpg,synthetic_val,3,63150,3,61271,-0.249711,0.360694,0.138728,0.887862,23.4419
synthetic/images/img047050.jpg,synthetic_val,0,16200,3,06772,-0.508706,-0.026774,-0.0803219,0.856767,76.8538
synthetic/images/img047075.jpg,synthetic_val,0,50757,3,11622,0.368262,-0.368262,-0.498237,0.6932,105.953
synthetic/images/img047092.jpg,synthetic_val,2,37037,2,37022,0.37392,0.505892,0.703849,-0.329929,13.7395
synthetic/images/img047104.jpg,synthetic_val,2,44313,2,40725,-0.475923,-0.430597,0.725215,0.249293,17.35
synthetic/images/img047126.jpg,synthetic_val,3,10344,3,12212,0.110838,-0.110838,-0.687194,0.709362,50.0512
synthetic/images/img047128.jpg,synthetic_val,2,25517,2,16645,0.0911606,-0.212708,0.972379,-0.0303869,43.5524
synthetic/images/img047136.jpg,synthetic_val,0,36070,0,25331,0.849491,-0.0265466,0.345106,-0.398199,28.4404
synthetic/images/img047242.jpg,synthetic_val,1,63100,1,61372,-0.0837545,0.893381,0.418772,0.139591,20.7843
synthetic/images/img047245.jpg,synthetic_val,0,25407,0,25436,0.916533,-0.315058,0.200492,-0.143208,15.6825
synthetic/images/img047371.jpg,synthetic_val,3,46142,3,75530,0.578268,0.0997013,0.498507,0.638089,136.981
synthetic/images/img047373.jpg,synthetic_val,3,71166,3,71160,0.606517,0.121303,0.121303,0.776342,4.11944
synthetic/images/img047467.jpg,synthetic_val,0,24634,0,24666,0.680543,-0.659276,0.319005,-0.021267,13.6087
synthetic/images/img047492.jpg,synthetic_val,0,16653,0,16672,0.983336,0.153646,-0.0307293,-0.0921878,14.0341
synthetic/images/img047538.jpg,synthetic_val,3,40556,3,41224,-0.372793,-0.472205,0.0745586,0.795292,33.4042
synthetic/images/img047552.jpg,synthetic_val,1,05421,1,05611,-0.219382,0.780024,-0.560642,-0.17063,14.4275
synthetic/images/img047705.jpg,synthetic_val,2,70547,2,72543,0.268773,0.464244,0.781884,0.317641,45.1011
synthetic/images/img047712.jpg,synthetic_val,1,62073,1,07252,-0.306147,0.890609,-0.139158,-0.306147,95.1239
synthetic/images/img047772.jpg,synthetic_val,3,34367,0,34262,0.864234,0.0270073,0.40511,-0.29708,171.663
synthetic/images/img047864.jpg,synthetic_val,3,01601,3,00116,-0.343081,-0.52365,-0.52365,0.577821,16.3655
synthetic/images/img047868.jpg,synthetic_val,1,33536,1,33154,0.550115,0.607024,0.322481,-0.474237,15.6319
synthetic/images/img047872.jpg,synthetic_val,2,10356,2,22555,-0.390934,0.390934,0.735875,-0.390934,128.172
synthetic/images/img047873.jpg,synthetic_val,2,71161,2,72175,0.359701,0.503581,0.767362,0.16786,56.6004
synthetic/images/img047946.jpg,synthetic_val,1,34250,1,52223,0.0932505,0.994672,-0.0310835,0.0310835,51.753
synthetic/images/img047953.jpg,synthetic_val,3,05742,3,07573,-0.0299476,-0.269529,-0.0898429,0.958324,37.1547
synthetic/images/img048130.jpg,synthetic_val,2,12345,2,12274,0.121879,-0.0731272,0.780024,-0.609394,18.3918
synthetic/images/img048200.jpg,synthetic_val,2,26232,1,26225,-0.540853,0.596803,0.540853,-0.242451,8.73085
synthetic/images/img048220.jpg,synthetic_val,0,27103,0,25372,0.861723,-0.0807866,0.403933,-0.296217,14.8881
synthetic/images/img048250.jpg,synthetic_val,1,42116,1,24526,-0.570209,0.793334,0.173542,-0.123958,65.9764
synthetic/images/img048264.jpg,synthetic_val,1,53430,1,53603,0.492056,0.828726,-0.129488,0.233079,18.4754
synthetic/images/img048272.jpg,synthetic_val,1,03222,1,03643,-0.327154,0.805302,-0.125828,-0.478148,26.013
synthetic/images/img048374.jpg,synthetic_val,1,03254,2,07077,-0.252845,-0.252845,0.899004,-0.252845,166.786
synthetic/images/img048420.jpg,synthetic_val,2,37532,1,57067,0.425385,0.716438,-0.201498,0.51494,134.479
synthetic/images/img048426.jpg,synthetic_val,1,14125,1,45252,-0.244324,0.71076,-0.466436,0.466436,106.475
synthetic/images/img048431.jpg,synthetic_val,0,30745,0,30143,0.737437,0.253494,0.0691347,-0.622212,29.0929
synthetic/images/img048459.jpg,synthetic_val,1,66627,2,66477,-0.446215,0.410518,0.571155,0.553307,19.8967
synthetic/images/img048492.jpg,synthetic_val,3,40016,3,26162,-0.490028,0.490028,-0.234361,0.681778,133.492
synthetic/images/img048566.jpg,synthetic_val,1,06056,1,06545,-0.510678,0.778177,-0.36477,-0.024318,23.35
synthetic/images/img048619.jpg,synthetic_val,1,25255,1,25611,-0.2561,0.910577,0.2561,-0.199189,6.70158
synthetic/images/img048626.jpg,synthetic_val,0,52126,0,70616,0.890609,0.139158,0.306147,0.306147,70.6554
synthetic/images/img048641.jpg,synthetic_val,2,05261,2,05265,-0.321503,-0.469888,0.791391,-0.222579,5.74464
synthetic/images/img048685.jpg,synthetic_val,3,12753,3,12572,0.321503,-0.222579,-0.469888,0.791391,12.6404
synthetic/images/img048880.jpg,synthetic_val,0,53447,0,33455,0.6932,0.498237,0.368262,-0.368262,121.308
synthetic/images/img048903.jpg,synthetic_val,2,47533,2,65537,-0.0235506,0.164854,0.753619,0.635866,41.8771
synthetic/images/img048905.jpg,synthetic_val,2,65433,2,43605,-0.352124,-0.189605,0.866766,0.297951,55.9723
synthetic/images/img049028.jpg,synthetic_val,0,70111,0,34545,0.944862,0.324796,0.0295269,-0.0295269,13.7135
synthetic/images/img049048.jpg,synthetic_val,0,70207,0,70077,0.935129,0.204559,0.204559,0.204559,20.4251
synthetic/images/img049099.jpg,synthetic_val,2,04102,2,00756,-0.413141,-0.45663,0.695817,-0.369653,16.7467
synthetic/images/img049133.jpg,synthetic_val,1,01142,1,01522,-0.148333,0.678094,-0.529761,-0.48738,8.76051
synthetic/images/img049150.jpg,synthetic_val,3,35470,3,24555,-0.468798,0.0275764,-0.0275764,0.882444,121.752
synthetic/images/img049207.jpg,synthetic_val,2,42130,1,71444,0.433341,0.8157,0.0254906,0.38236,128.317
synthetic/images/img049276.jpg,synthetic_val,2,73073,1,71363,0.603286,0.715006,0.335159,0.11172,51.7341
synthetic/images/img049289.jpg,synthetic_val,3,25515,3,07727,-0.152499,-0.0304997,-0.152499,0.975991,17.3585
synthetic/images/img049310.jpg,synthetic_val,0,61560,0,61561,0.907642,-0.141819,0.141819,0.368729,6.68322
synthetic/images/img049452.jpg,synthetic_val,0,00605,0,06544,0.758686,-0.545305,-0.355634,-0.0237089,47.6931
synthetic/images/img049464.jpg,synthetic_val,2,50267,2,61376,-0.0829819,0.41491,0.88514,0.193624,107.744
synthetic/images/img049481.jpg,synthetic_val,2,16324,2,73003,0.454577,0.454577,0.765603,0.0239251,82.8964
synthetic/images/img049506.jpg,synthetic_val,2,03535,2,03536,-0.0760775,-0.228232,0.811493,-0.532542,6.22736
synthetic/images/img049536.jpg,synthetic_val,2,46360,2,64101,-0.50128,0.0238705,0.763856,0.405798,13.9506
synthetic/images/img049540.jpg,synthetic_val,1,02275,1,62446,-0.611379,0.631101,0.374716,0.295829,111.903
synthetic/images/img049639.jpg,synthetic_val,0,53435,0,53475,0.734324,0.527795,-0.252424,0.344214,12.3086
synthetic/images/img049717.jpg,synthetic_val,2,50420,2,27546,-0.184787,0.501565,0.844742,-0.0263982,145.271
synthetic/images/img049727.jpg,synthetic_val,3,15627,0,27005,0.787547,-0.319941,0.418384,-0.319941,157.98
synthetic/images/img049793.jpg,synthetic_val,0,34035,0,52631,0.93834,0.205262,-0.0879694,0.263908,80.213
synthetic/images/img049818.jpg,synthetic_val,3,52531,0,61476,0.849491,-0.292013,0.185826,0.398199,76.5212
synthetic/images/img049943.jpg,synthetic_val,2,33015,2,30334,0.276972,0.276972,0.681778,-0.617861,20.8317
synthetic/images/img049962.jpg,synthetic_val,0,51110,2,02576,-0.453539,-0.214834,0.763856,-0.405798,64.9131
synthetic/images/img050038.jpg,synthetic_val,2,35625,2,53221,0.508706,-0.0803219,0.856767,0.026774,47.2939
synthetic/images/img050084.jpg,synthetic_val,2,65701,2,65161,-0.128459,0.128459,0.822136,0.539527,14.2237
synthetic/images/img050086.jpg,synthetic_val,0,34404,0,26662,0.588669,-0.570273,0.570273,-0.0551877,107.223
synthetic/images/img050100.jpg,synthetic_val,1,12064,1,42533,-0.442642,0.833209,-0.23434,0.23434,113.76
synthetic/images/img050179.jpg,synthetic_val,3,41537,3,41533,-0.0240354,-0.600885,0.216319,0.769133,7.37126
synthetic/images/img050198.jpg,synthetic_val,3,75264,3,77502,0.487023,0.370138,0.487023,0.62339,18.6521
synthetic/images/img050208.jpg,synthetic_val,0,57463,0,32146,0.699798,0.196818,0.415505,-0.546718,165.937
synthetic/images/img050261.jpg,synthetic_val,3,45653,2,45535,-0.0200683,-0.541845,0.642187,0.541845,24.4767
synthetic/images/img050270.jpg,synthetic_val,1,53356,1,53056,0.511891,0.780024,-0.316885,0.17063,27.8399
synthetic/images/img050288.jpg,synthetic_val,1,17473,1,17651,0.573034,0.797264,-0.174402,-0.0747435,6.86437
synthetic/images/img050360.jpg,synthetic_val,1,52055,1,52531,0.393784,0.840072,-0.288775,0.23627,25.3823
synthetic/images/img050371.jpg,synthetic_val,2,46053,2,40524,-0.469192,-0.550791,0.652789,0.224396,42.0059
synthetic/images/img050543.jpg,synthetic_val,2,70223,2,43013,-0.25205,-0.364073,0.896179,0.0280056,102.674
synthetic/images/img050602.jpg,synthetic_val,3,61006,3,07622,-0.416185,-0.0277457,-0.19422,0.887862,32.0792
synthetic/images/img050626.jpg,synthetic_val,3,41437,0,72055,0.851896,0.186352,0.45257,0.186352,177.562
synthetic/images/img050635.jpg,synthetic_val,3,52420,3,43174,-0.0864945,-0.317146,0.20182,0.922608,15.7943
synthetic/images/img050661.jpg,synthetic_val,0,73076,0,71366,0.729727,0.570099,0.342059,0.159628,26.1357
synthetic/images/img050729.jpg,synthetic_val,0,73210,1,33660,0.338985,0.638089,0.578268,-0.378865,67.6647
synthetic/images/img050749.jpg,synthetic_val,3,71026,3,71241,0.492056,0.233079,0.129488,0.828726,10.0674
synthetic/images/img050834.jpg,synthetic_val,2,75452,2,75502,0.523223,0.0627868,0.669726,0.523223,15.1494
synthetic/images/img050858.jpg,synthetic_val,0,74073,0,74162,0.801253,0.225352,0.175274,0.525822,5.28566
synthetic/images/img050916.jpg,synthetic_val,1,61350,1,61307,-0.145617,0.931951,0.320358,0.0873704,11.3773
synthetic/images/img051019.jpg,synthetic_val,3,47127,3,47037,-0.228822,-0.228822,0.483068,0.813589,12.8731
synthetic/images/img051020.jpg,synthetic_val,3,12647,3,12772,0.329669,-0.0253592,-0.481824,0.811493,30.6792
synthetic/images/img051045.jpg,synthetic_val,2,03434,2,01634,-0.249293,-0.430597,0.725215,-0.475923,19.9557
synthetic/images/img051051.jpg,synthetic_val,3,61445,3,61446,-0.389512,0.0779024,0.389512,0.830959,6.18763
synthetic/images/img051064.jpg,synthetic_val,1,51623,1,35602,0.441447,0.830959,0.285642,-0.181772,93.855
synthetic/images/img051065.jpg,synthetic_val,2,47500,2,76501,0.242418,0.374646,0.705215,0.55095,97.8809
synthetic/images/img051123.jpg,synthetic_val,0,75634,3,73515,0.633445,0.347373,0.224771,0.653879,16.3026
synthetic/images/img051254.jpg,synthetic_val,1,61706,1,61346,-0.198547,0.907642,0.312002,0.198547,15.1944
synthetic/images/img051255.jpg,synthetic_val,1,35576,1,71533,0.674072,0.695817,0.15221,0.195698,23.2688
synthetic/images/img051263.jpg,synthetic_val,3,14766,3,16573,0.409922,-0.245953,-0.0819844,0.8745,30.275
synthetic/images/img051272.jpg,synthetic_val,1,45027,2,41555,-0.021267,-0.659276,0.680543,0.319005,94.935
synthetic/images/img051391.jpg,synthetic_val,1,71010,1,71606,0.431106,0.811493,0.278951,0.278951,41.5226
synthetic/images/img051394.jpg,synthetic_val,0,05517,3,46703,-0.45663,-0.108721,0.543607,0.695817,76.2055
synthetic/images/img051489.jpg,synthetic_val,2,00671,2,50557,0.311757,-0.60273,0.665081,0.311757,131.981
synthetic/images/img051501.jpg,synthetic_val,2,70611,2,70254,0.145617,0.262111,0.931951,0.203864,8.43555
synthetic/images/img051540.jpg,synthetic_val,1,34060,1,34404,0.030846,0.987072,0.030846,-0.15423,20.6582
synthetic/images/img051627.jpg,synthetic_val,0,52615,0,30476,0.859235,0.134255,0.187958,-0.456468,103.9
synthetic/images/img051634.jpg,synthetic_val,3,61513,0,43675,0.8745,-0.245953,-0.0819844,0.409922,140.489
synthetic/images/img051661.jpg,synthetic_val,0,22731,0,27127,0.765603,-0.119625,0.550277,-0.311026,33.1501
synthetic/images/img051710.jpg,synthetic_val,2,64566,3,65531,-0.0244339,0.122169,0.610847,0.781884,55.1647
synthetic/images/img051732.jpg,synthetic_val,1,32527,2,36334,0.276972,0.617861,0.681778,-0.276972,30.3173
synthetic/images/img051765.jpg,synthetic_val,0,02212,0,64310,0.763856,-0.453539,0.214834,0.405798,127.802
synthetic/images/img051867.jpg,synthetic_val,2,44101,1,15051,0.448061,0.62339,-0.603909,-0.21429,14.9189
synthetic/images/img051915.jpg,synthetic_val,1,60137,1,06733,-0.46047,0.866766,-0.0270864,-0.189605,40.1174
synthetic/images/img051973.jpg,synthetic_val,0,07106,0,07016,0.830959,-0.285642,-0.337577,-0.337577,10.4296
synthetic/images/img051985.jpg,synthetic_val,1,43225,1,61577,-0.0277457,0.887862,0.19422,0.416185,62.1792
synthetic/images/img052004.jpg,synthetic_val,2,24521,2,24517,-0.463196,0.0817405,0.871899,-0.136234,13.7837
synthetic/images/img052117.jpg,synthetic_val,3,46434,3,44665,-0.513697,-0.33656,0.549124,0.566838,15.2351
synthetic/images/img052125.jpg,synthetic_val,0,03123,3,53543,0.590455,-0.284293,0.284293,0.699798,170.334
synthetic/images/img052140.jpg,synthetic_val,3,34344,3,34343,0.295362,0.295362,-0.295362,0.859235,10.0728
synthetic/images/img052297.jpg,synthetic_val,3,63105,3,63101,-0.136641,0.464578,0.0273281,0.8745,8.45023
synthetic/images/img052399.jpg,synthetic_val,2,12574,2,16303,0.294514,-0.13387,0.856767,-0.40161,19.3072
synthetic/images/img052412.jpg,synthetic_val,0,15530,1,77710,0.5196,0.573351,0.447931,0.447931,138.493
synthetic/images/img052431.jpg,synthetic_val,1,15505,0,46662,0.601848,-0.583041,-0.0188078,0.545425,169.531
synthetic/images/img052468.jpg,synthetic_val,1,37155,0,37514,0.685522,0.621254,0.364184,-0.107113,9.67739
synthetic/images/img052494.jpg,synthetic_val,1,53004,1,53003,0.481824,0.811493,-0.329669,0.0253592,9.40353
synthetic/images/img052503.jpg,synthetic_val,1,42515,1,40375,-0.409549,0.770916,-0.457732,0.168638,16.0148
synthetic/images/img052580.jpg,synthetic_val,3,17314,3,42601,-0.649272,-0.156721,0.201498,0.716438,173.872
synthetic/images/img052635.jpg,synthetic_val,0,00473,0,00666,0.632085,-0.612333,-0.335795,-0.335795,21.8008
synthetic/images/img052700.jpg,synthetic_val,2,43075,2,43516,-0.0824786,-0.357407,0.879772,0.302422,24.6484
synthetic/images/img052798.jpg,synthetic_val,3,34156,0,34623,0.88514,0.0829819,0.41491,-0.193624,171.556
synthetic/images/img052807.jpg,synthetic_val,1,71112,1,71143,0.638707,0.756986,0.0709674,0.118279,8.99412
synthetic/images/img052838.jpg,synthetic_val,3,21640,3,21644,-0.372793,0.223676,-0.422499,0.795292,3.97955
synthetic/images/img052927.jpg,synthetic_val,1,73526,1,73542,0.535564,0.685522,0.407029,0.278493,12.4239
synthetic/images/img052985.jpg,synthetic_val,2,03073,2,30346,0.209189,0.255676,0.743784,-0.581081,74.7491
synthetic/images/img053014.jpg,synthetic_val,2,77520,2,76511,0.322525,0.365528,0.688053,0.537541,20.7642
synthetic/images/img053035.jpg,synthetic_val,2,43601,2,43522,-0.199189,-0.2561,0.910577,0.2561,17.4112
synthetic/images/img053052.jpg,synthetic_val,3,70176,0,46262,0.649554,-0.629255,-0.0202986,0.42627,118.886
synthetic/images/img053083.jpg,synthetic_val,3,43670,3,74114,0.329669,0.0253592,0.481824,0.811493,76.7455
synthetic/images/img053094.jpg,synthetic_val,0,70504,0,70475,0.879772,0.19245,0.137464,0.412393,16.0265
synthetic/images/img053099.jpg,synthetic_val,0,15234,0,17110,0.665081,0.60273,-0.311757,-0.311757,22.9184
synthetic/images/img053122.jpg,synthetic_val,2,47646,3,47656,-0.238287,-0.108312,0.671537,0.6932,11.7817
synthetic/images/img053167.jpg,synthetic_val,1,06527,1,06317,-0.437917,0.824315,-0.128799,-0.334878,30.3941
synthetic/images/img053204.jpg,synthetic_val,1,60751,1,60365,-0.511891,0.780024,0.316885,0.17063,23.2787
synthetic/images/img053272.jpg,synthetic_val,2,65220,2,66114,-0.421184,0.376848,0.709362,0.421184,12.0886
synthetic/images/img053274.jpg,synthetic_val,2,13645,2,26506,-0.522323,0.431484,0.72671,-0.113548,145.685
synthetic/images/img053334.jpg,synthetic_val,1,46153,1,22555,-0.390934,0.735875,0.390934,-0.390934,136.03
synthetic/images/img053361.jpg,synthetic_val,0,72350,2,72535,0.352478,0.493469,0.751953,0.258484,57.5891
synthetic/images/img053402.jpg,synthetic_val,3,63072,3,63232,-0.239641,0.675351,0.0217855,0.697136,18.3783
synthetic/images/img053436.jpg,synthetic_val,1,74400,1,74122,0.236924,0.842397,0.184274,0.447523,38.4179
synthetic/images/img053485.jpg,synthetic_val,0,55361,0,53444,0.762121,0.404877,-0.357244,0.357244,20.6918
synthetic/images/img053496.jpg,synthetic_val,0,16157,0,16573,0.8745,0.409922,-0.245953,-0.0819844,23.9005
synthetic/images/img053558.jpg,synthetic_val,3,16554,3,17423,0.488143,-0.231226,-0.179842,0.822136,32.7192
synthetic/images/img053726.jpg,synthetic_val,3,02246,3,02763,-0.491304,-0.0233954,-0.444513,0.748653,21.4416
synthetic/images/img053733.jpg,synthetic_val,1,07421,1,61065,-0.36522,0.899004,0.140469,0.196657,68.8254
synthetic/images/img053753.jpg,synthetic_val,1,24722,2,26111,-0.397722,0.397722,0.748653,-0.350931,68.3698
synthetic/images/img053923.jpg,synthetic_val,1,71406,1,71603,0.476942,0.80327,0.276124,0.22592,25.2355
synthetic/images/img053927.jpg,synthetic_val,1,42716,1,42701,-0.525822,0.801253,-0.175274,0.225352,12.1904
synthetic/images/img054060.jpg,synthetic_val,3,62060,3,60633,-0.565414,0.339248,0.203549,0.72373,19.6879
synthetic/images/img054083.jpg,synthetic_val,0,25637,0,25676,0.864234,-0.29708,0.40511,-0.0270073,12.9531
synthetic/images/img054106.jpg,synthetic_val,2,53715,2,56373,0.36477,-0.024318,0.778177,0.510678,49.6824
synthetic/images/img054146.jpg,synthetic_val,0,52462,0,07341,0.916533,-0.143208,-0.200492,-0.315058,79.2837
synthetic/images/img054198.jpg,synthetic_val,1,43643,1,47102,-0.1789,0.817829,-0.332243,0.434472,33.9234
synthetic/images/img054270.jpg,synthetic_val,1,54240,1,54230,0.121303,0.776342,-0.460953,0.412432,15.4431
synthetic/images/img054329.jpg,synthetic_val,2,01477,2,05305,-0.119625,-0.550277,0.765603,-0.311026,10.6754
synthetic/images/img054354.jpg,synthetic_val,1,30716,1,30776,0.314649,0.774521,0.363057,-0.411464,14.7874
synthetic/images/img054359.jpg,synthetic_val,1,40014,2,41524,-0.159628,-0.615707,0.729727,0.250844,89.3029
synthetic/images/img054384.jpg,synthetic_val,3,70041,3,43327,-0.153646,-0.0307293,0.0921878,0.983336,27.6567
synthetic/images/img054419.jpg,synthetic_val,3,62527,3,62525,-0.466436,0.466436,0.244324,0.71076,3.12006
synthetic/images/img054428.jpg,synthetic_val,2,24335,2,25252,-0.295362,0.295362,0.859235,-0.295362,16.344
synthetic/images/img054432.jpg,synthetic_val,0,51265,0,51627,0.755297,0.448458,-0.401252,0.259633,11.0838
synthetic/images/img054446.jpg,synthetic_val,0,07254,0,07246,0.869321,-0.407494,-0.135831,-0.244497,13.5047
synthetic/images/img054462.jpg,synthetic_val,3,37770,3,57111,0.620124,-0.30006,0.340068,0.640128,112.435
synthetic/images/img054510.jpg,synthetic_val,1,21651,1,21657,-0.231226,0.822136,0.282609,-0.43676,9.39915
synthetic/images/img054524.jpg,synthetic_val,2,34207,2,07512,-0.0848189,-0.367549,0.904735,-0.197911,82.804
synthetic/images/img054536.jpg,synthetic_val,2,60635,2,60545,-0.510678,0.024318,0.778177,0.36477,34.3988
synthetic/images/img054558.jpg,synthetic_val,3,45435,2,56561,0.239641,-0.239641,0.697136,0.63178,60.3072
synthetic/images/img054639.jpg,synthetic_val,0,53417,0,53705,0.729727,0.615707,-0.159628,0.250844,21.8105
synthetic/images/img054660.jpg,synthetic_val,1,25261,1,25272,-0.284875,0.828726,0.388465,-0.284875,9.81403
synthetic/images/img054693.jpg,synthetic_val,1,16044,1,16422,0.0294245,0.941584,-0.26482,-0.205971,17.8229
synthetic/images/img054709.jpg,synthetic_val,1,65656,1,63644,-0.327405,0.698464,0.545675,0.327405,54.4855
synthetic/images/img054750.jpg,synthetic_val,1,24166,1,42647,-0.630584,0.695817,-0.108721,0.326164,74.4788
synthetic/images/img054779.jpg,synthetic_val,3,50362,3,52122,0.261226,-0.261226,0.0290252,0.928805,26.4968
synthetic/images/img054797.jpg,synthetic_val,3,63210,3,63342,-0.163768,0.631676,0.116977,0.748653,15.311
synthetic/images/img054835.jpg,synthetic_val,2,16535,2,16547,0.30334,-0.358493,0.882444,-0.0275764,19.5817
synthetic/images/img054933.jpg,synthetic_val,3,41333,3,07551,-0.028183,-0.422745,-0.084549,0.901856,11.46
synthetic/images/img054934.jpg,synthetic_val,0,41325,0,43112,0.922608,-0.0864945,-0.374809,0.0288315,19.4717
synthetic/images/img055129.jpg,synthetic_val,0,41557,0,44137,0.667391,-0.354552,-0.521399,0.396264,41.7481
synthetic/images/img055132.jpg,synthetic_val,2,31034,3,03244,-0.342059,-0.159628,-0.570099,0.729727,22.5421
synthetic/images/img055242.jpg,synthetic_val,0,71611,0,71066,0.851896,0.45257,0.186352,0.186352,14.9555
synthetic/images/img055287.jpg,synthetic_val,3,34424,3,41277,-0.236924,-0.447523,0.184274,0.842397,84.4036
synthetic/images/img055295.jpg,synthetic_val,1,72225,1,72214,0.121879,0.780024,0.609394,0.0731272,11.1624
synthetic/images/img055337.jpg,synthetic_val,1,50150,2,34726,0.244497,0.407494,0.869321,-0.135831,152.667
synthetic/images/img055348.jpg,synthetic_val,0,52320,0,34554,0.925691,0.376062,0.0289278,-0.0289278,20.2157
synthetic/images/img055356.jpg,synthetic_val,2,56452,2,56441,0.065481,-0.327405,0.698464,0.632983,4.87707
synthetic/images/img055439.jpg,synthetic_val,2,04526,1,05347,-0.126148,0.80735,-0.529823,-0.227067,89.9417
synthetic/images/img055495.jpg,synthetic_val,2,27721,1,27712,-0.0704956,0.751953,0.63446,-0.16449,16.4652
synthetic/images/img055513.jpg,synthetic_val,1,71444,1,52537,0.393784,0.840072,-0.23627,0.288775,30.2589
synthetic/images/img055515.jpg,synthetic_val,1,57332,1,17707,0.635866,0.753619,-0.117753,-0.117753,59.0123
synthetic/images/img055550.jpg,synthetic_val,2,07706,2,43122,-0.205971,-0.26482,0.941584,0.0294245,25.8237
synthetic/images/img055568.jpg,synthetic_val,0,37762,1,31671,0.503945,0.701141,0.284839,-0.416302,60.7735
synthetic/images/img055632.jpg,synthetic_val,3,12700,3,12215,0.157993,-0.157993,-0.654542,0.722254,16.6174
synthetic/images/img055645.jpg,synthetic_val,2,07614,2,07613,-0.262111,-0.145617,0.931951,-0.203864,12.9914
synthetic/images/img055648.jpg,synthetic_val,2,03236,3,30116,0.287613,0.0663723,-0.641599,0.707972,12.7989
synthetic/images/img055658.jpg,synthetic_val,3,63051,3,03772,-0.0803219,-0.026774,-0.508706,0.856767,95.8758
synthetic/images/img055663.jpg,synthetic_val,0,70160,3,70075,0.206689,0.147635,0.206689,0.944862,134.394
synthetic/images/img055702.jpg,synthetic_val,1,21342,1,22410,-0.532492,0.631101,0.335272,-0.453604,50.032
synthetic/images/img055710.jpg,synthetic_val,3,36310,3,36343,0.246276,0.604494,-0.246276,0.716438,13.3282
synthetic/images/img055713.jpg,synthetic_val,1,42675,0,60266,0.673274,-0.652234,0.315597,0.147279,66.4605
synthetic/images/img055714.jpg,synthetic_val,2,52146,2,50366,0.236924,-0.447523,0.842397,0.184274,10.5865
synthetic/images/img055841.jpg,synthetic_val,1,17223,1,30777,0.357244,0.762121,0.357244,-0.404877,45.6465
synthetic/images/img055859.jpg,synthetic_val,3,32126,3,32012,0.102684,0.390201,-0.636643,0.65718,14.2778
synthetic/images/img055892.jpg,synthetic_val,1,40123,1,40160,-0.478855,0.666233,-0.562134,0.104099,11.2545
synthetic/images/img055903.jpg,synthetic_val,3,11756,0,44707,0.62339,-0.4091,-0.4091,0.525985,15.5583
synthetic/images/img055921.jpg,synthetic_val,1,07745,1,70023,0.0911606,0.972379,0.212708,0.0303869,55.6409
synthetic/images/img056021.jpg,synthetic_val,0,71713,0,71740,0.734324,0.57369,0.206529,0.298319,17.1633
synthetic/images/img056036.jpg,synthetic_val,1,43152,1,41331,-0.0268511,0.859235,-0.510171,0.0268511,19.5875
synthetic/images/img056076.jpg,synthetic_val,0,35522,0,35656,0.80327,0.527146,0.276124,-0.0251022,22.3212
synthetic/images/img056156.jpg,synthetic_val,0,34012,0,34014,0.916533,0.143208,0.0286417,-0.372342,8.27196
synthetic/images/img056181.jpg,synthetic_val,3,74035,3,74014,0.133109,0.0266217,0.505813,0.851896,11.7264
synthetic/images/img056229.jpg,synthetic_val,2,25520,2,25651,-0.260351,0.260351,0.925691,-0.0867835,17.4811
synthetic/images/img056288.jpg,synthetic_val,3,65015,3,56301,0.285642,-0.181772,0.441447,0.830959,66.3656
synthetic/images/img056335.jpg,synthetic_val,3,65555,3,65557,-0.0223887,0.067166,0.694049,0.716438,5.86144
synthetic/images/img056391.jpg,synthetic_val,1,31340,0,37143,0.676879,0.571117,0.401897,-0.232677,49.9596
synthetic/images/img056526.jpg,synthetic_val,3,43156,3,70062,0.0301648,0.211154,0.150824,0.965275,70.0704
synthetic/images/img056530.jpg,synthetic_val,2,35255,2,06577,-0.455158,-0.240966,0.856767,-0.026774,137.888
synthetic/images/img056602.jpg,synthetic_val,3,60555,3,42773,-0.441447,-0.0259675,0.337577,0.830959,6.19799
synthetic/images/img056609.jpg,synthetic_val,3,34420,3,34610,0.145617,0.262111,-0.203864,0.931951,20.5469
synthetic/images/img056791.jpg,synthetic_val,3,71537,0,74565,0.6932,0.238287,0.108312,0.671537,17.0594
synthetic/images/img056843.jpg,synthetic_val,2,03636,2,12750,0.324696,-0.174836,0.799251,-0.474555,73.9265
synthetic/images/img056895.jpg,synthetic_val,1,42172,1,42724,-0.560642,0.780024,-0.0731272,0.268133,23.1302
synthetic/images/img056941.jpg,synthetic_val,0,52302,0,52215,0.951522,0.208145,-0.208145,0.0892052,8.51104
synthetic/images/img056945.jpg,synthetic_val,1,21360,1,12723,0.268773,0.781884,-0.0244339,-0.561979,60.5627
synthetic/images/img056957.jpg,synthetic_val,0,45541,3,15330,0.585769,-0.38378,-0.302984,0.646366,47.6663
synthetic/images/img057004.jpg,synthetic_val,0,55327,1,51523,0.544483,0.645313,-0.504151,0.181494,32.3298
synthetic/images/img057033.jpg,synthetic_val,0,40216,0,42036,0.745396,-0.628928,-0.209643,0.0698809,28.0588
synthetic/images/img057041.jpg,synthetic_val,1,77547,1,74355,0.347898,0.742182,0.208739,0.533443,29.6044
synthetic/images/img057079.jpg,synthetic_val,1,71362,1,17066,0.442642,0.833209,-0.23434,-0.23434,80.7592
synthetic/images/img057086.jpg,synthetic_val,3,73173,3,75131,0.646535,0.10428,0.354552,0.667391,49.1307
synthetic/images/img057125.jpg,synthetic_val,1,12655,1,16302,0.244497,0.869321,-0.135831,-0.407494,12.4917
synthetic/images/img057146.jpg,synthetic_val,3,74265,3,46511,-0.365528,-0.322525,0.537541,0.688053,93.2476
synthetic/images/img057193.jpg,synthetic_val,1,43776,1,47332,-0.0824786,0.879772,-0.0274929,0.467379,7.56779
synthetic/images/img057199.jpg,synthetic_val,2,43112,2,41321,-0.133109,-0.505813,0.851896,0.0266217,17.8636
synthetic/images/img057302.jpg,synthetic_val,2,07677,2,25542,-0.211927,0.0908257,0.968808,-0.0908257,15.8082
synthetic/images/img057316.jpg,synthetic_val,0,34536,0,34172,0.866766,0.352124,0.189605,-0.297951,17.6493
synthetic/images/img057331.jpg,synthetic_val,1,74422,1,74343,0.266242,0.774521,0.266242,0.508279,33.9646
synthetic/images/img057338.jpg,synthetic_val,3,10545,1,21225,-0.276972,0.681778,0.276972,-0.617861,13.8626
synthetic/images/img057360.jpg,synthetic_val,2,25013,2,25302,-0.185826,0.292013,0.849491,-0.398199,24.5489
synthetic/images/img057380.jpg,synthetic_val,3,73631,3,76113,0.344214,0.436005,0.390109,0.734324,33.9838
synthetic/images/img057411.jpg,synthetic_val,0,51271,0,51325,0.694504,0.585988,-0.412362,0.0651098,8.22492
synthetic/images/img057494.jpg,synthetic_val,1,37074,1,37042,0.401252,0.755297,0.448458,-0.259633,12.4643
synthetic/images/img057502.jpg,synthetic_val,1,07517,1,25777,-0.028273,0.904735,0.424094,-0.028273,94.5543
synthetic/images/img057505.jpg,synthetic_val,3,50031,3,05541,-0.111276,-0.689912,-0.0667657,0.712167,31.8187
synthetic/images/img057554.jpg,synthetic_val,3,56620,3,74053,0.179369,0.0768726,0.538108,0.819974,30.3483
synthetic/images/img057561.jpg,synthetic_val,1,65624,1,66246,-0.544363,0.561923,0.474122,0.403882,39.1785
synthetic/images/img057613.jpg,synthetic_val,1,04513,2,54260,0.0233954,-0.444513,0.748653,0.491304,63.8194
synthetic/images/img057614.jpg,synthetic_val,2,31411,2,31452,0.490232,0.0700331,0.74702,-0.443543,11.6779
synthetic/images/img057648.jpg,synthetic_val,1,34136,1,35042,0.447523,0.842397,0.0789747,-0.289574,18.0735
synthetic/images/img057670.jpg,synthetic_val,1,52026,1,70211,0.205971,0.941584,0.26482,0.0294245,64.1363
synthetic/images/img057718.jpg,synthetic_val,1,20653,0,26446,0.660531,-0.63989,0.39219,-0.0206416,91.403
synthetic/images/img057732.jpg,synthetic_val,1,70041,1,70453,0.197911,0.904735,0.0848189,0.367549,28.075
synthetic/images/img057747.jpg,synthetic_val,2,43267,2,61052,-0.320358,0.0873704,0.931951,0.145617,18.9564
synthetic/images/img057778.jpg,synthetic_val,2,61411,2,61146,-0.208145,0.0892052,0.951522,0.208145,11.6195
synthetic/images/img057782.jpg,synthetic_val,3,12072,2,21056,-0.260798,0.0711268,0.758686,-0.592723,32.2322
synthetic/images/img057810.jpg,synthetic_val,0,64746,0,07313,0.896179,-0.0280056,-0.140028,-0.420084,146.386
synthetic/images/img057816.jpg,synthetic_val,0,35417,0,53601,0.822136,0.488143,-0.179842,0.231226,52.3292
synthetic/images/img057914.jpg,synthetic_val,3,40144,3,40110,-0.39219,-0.63989,0.0206416,0.660531,16.5976
synthetic/images/img057935.jpg,synthetic_val,1,22403,1,20147,-0.458367,0.698464,0.065481,-0.545675,38.9674
synthetic/images/img057966.jpg,synthetic_val,3,42562,3,42522,-0.555387,-0.217325,0.217325,0.772712,8.97113
synthetic/images/img057992.jpg,synthetic_val,0,65133,0,61571,0.916533,-0.0286417,0.143208,0.372342,16.0801
synthetic/images/img058001.jpg,synthetic_val,0,57456,0,32203,0.613234,0.0574907,0.517416,-0.59407,169.572
synthetic/images/img058007.jpg,synthetic_val,1,17314,1,75314,0.603774,0.666233,0.187378,0.395576,89.2497
synthetic/images/img058074.jpg,synthetic_val,1,17433,1,41732,-0.0800926,0.854321,-0.453858,0.240278,95.6017
synthetic/images/img058102.jpg,synthetic_val,1,07207,1,07237,-0.25205,0.896179,-0.0280056,-0.364073,13.1955
synthetic/images/img058131.jpg,synthetic_val,3,61627,3,61225,-0.351095,0.351095,0.0810219,0.864234,22.6306
synthetic/images/img058193.jpg,synthetic_val,1,65327,1,70675,0.182761,0.835478,0.339413,0.39163,35.1055
synthetic/images/img058312.jpg,synthetic_val,0,31162,0,31452,0.74702,0.490232,0.0700331,-0.443543,19.3662
synthetic/images/img058321.jpg,synthetic_val,3,57462,3,57665,0.391524,-0.0618195,0.638802,0.659408,13.9861
synthetic/images/img058392.jpg,synthetic_val,1,73505,1,71563,0.608164,0.720787,0.157672,0.29282,23.3076
synthetic/images/img058427.jpg,synthetic_val,1,71345,1,71513,0.680538,0.702491,0.0658586,0.197576,20.777
synthetic/images/img058463.jpg,synthetic_val,2,61464,1,64351,-0.396854,0.74702,0.210099,0.490232,107.299
synthetic/images/img058465.jpg,synthetic_val,3,70275,3,70272,0.138728,0.416185,0.138728,0.887862,8.57808
synthetic/images/img058470.jpg,synthetic_val,1,03137,1,41677,-0.223676,0.795292,-0.422499,0.372793,129.417
synthetic/images/img058479.jpg,synthetic_val,1,43021,1,41623,-0.328824,0.809414,-0.430001,0.227648,28.1638
synthetic/images/img058541.jpg,synthetic_val,1,62236,1,62061,-0.600657,0.662794,0.434959,0.103562,20.8011
synthetic/images/img058603.jpg,synthetic_val,3,07522,3,34163,0.30334,0.193035,-0.30334,0.882444,81.9428
synthetic/images/img058622.jpg,synthetic_val,0,50122,0,14656,0.828726,0.129488,-0.543852,-0.0258977,16.8727
synthetic/images/img058673.jpg,synthetic_val,0,34626,0,25122,0.871899,-0.190728,0.190728,-0.408703,47.085
synthetic/images/img058682.jpg,synthetic_val,2,72352,1,73062,0.393438,0.74059,0.532299,0.115717,28.4129
synthetic/images/img058719.jpg,synthetic_val,3,11651,3,17411,0.538095,-0.350931,-0.163768,0.748653,30.7563
synthetic/images/img058720.jpg,synthetic_val,0,62657,1,66445,-0.5196,0.573351,0.304593,0.555434,148.683
synthetic/images/img058866.jpg,synthetic_val,0,17605,0,17447,0.811493,0.481824,-0.329669,-0.0253592,18.8173
synthetic/images/img058889.jpg,synthetic_val,1,47762,1,46577,-0.350311,0.659408,-0.185459,0.638802,32.3237
synthetic/images/img058919.jpg,synthetic_val,0,65705,0,63540,0.817829,-0.1789,0.434472,0.332243,42.9375
synthetic/images/img058927.jpg,synthetic_val,0,14613,0,14235,0.799251,0.174836,-0.474555,-0.324696,18.5909
synthetic/images/img058934.jpg,synthetic_val,2,57606,3,54152,0.26131,-0.582922,0.422116,0.643224,66.6544
synthetic/images/img058996.jpg,synthetic_val,1,54152,1,54435,0.13914,0.636069,-0.536683,0.536683,17.8424
synthetic/images/img059030.jpg,synthetic_val,2,66321,1,62574,-0.419537,0.706589,0.463699,0.331214,24.5384
synthetic/images/img059049.jpg,synthetic_val,2,50117,2,50146,0.201498,-0.649272,0.716438,0.156721,16.1224
synthetic/images/img059189.jpg,synthetic_val,2,76233,1,72574,0.301511,0.742182,0.487057,0.347898,29.7177
synthetic/images/img059245.jpg,synthetic_val,1,25206,1,21645,-0.328824,0.809414,0.227648,-0.430001,13.0427
synthetic/images/img059279.jpg,synthetic_val,2,30360,2,30305,0.241948,0.197958,0.703849,-0.637864,11.5388
synthetic/images/img059359.jpg,synthetic_val,1,60341,1,60157,-0.459124,0.864234,0.0810219,0.189051,20.367
synthetic/images/img059396.jpg,synthetic_val,3,27131,3,32644,0.0227097,0.567742,-0.386065,0.72671,12.1282
synthetic/images/img059514.jpg,synthetic_val,1,50460,1,50464,0.022479,0.719328,-0.606933,0.337185,5.84512
synthetic/images/img059541.jpg,synthetic_val,3,67425,3,64750,-0.395576,0.187378,0.603774,0.666233,33.4438
synthetic/images/img059612.jpg,synthetic_val,1,43073,1,43322,-0.213498,0.975991,-0.0304997,0.0304997,32.2368
synthetic/images/img059714.jpg,synthetic_val,3,01135,3,32017,0.14676,0.398348,-0.608005,0.670902,110.519
synthetic/images/img059729.jpg,synthetic_val,0,24122,0,20770,0.73125,-0.434179,0.29707,-0.434179,19.4323
synthetic/images/img059741.jpg,synthetic_val,2,67351,2,67340,-0.151354,0.540548,0.691902,0.454061,16.1188
synthetic/images/img059763.jpg,synthetic_val,1,55743,0,57705,0.636069,0.536683,-0.13914,0.536683,31.1762
synthetic/images/img059775.jpg,synthetic_val,1,25314,1,21746,-0.181772,0.830959,0.285642,-0.441447,14.3888
synthetic/images/img059828.jpg,synthetic_val,3,32455,3,27015,-0.227648,0.430001,-0.328824,0.809414,46.6558
synthetic/images/img059835.jpg,synthetic_val,0,14645,0,14675,0.844742,0.184787,-0.501565,-0.0263982,14.8411
synthetic/images/img059910.jpg,synthetic_val,3,25404,3,25424,-0.416185,0.138728,-0.138728,0.887862,10.6778
synthetic/images/img059929.jpg,synthetic_val,1,21675,1,21615,-0.223125,0.793334,0.223125,-0.520626,16.5622
synthetic/images/img059935.jpg,synthetic_val,2,65247,2,65245,-0.306158,0.211955,0.753619,0.541664,5.85252
lightbox/images/img000002.jpg,lightbox,3,35253,3,27107,-0.125828,0.478148,-0.327154,0.805302,85.5893
lightbox/images/img000003.jpg,lightbox,2,52540,1,27451,-0.240278,0.854321,0.453858,-0.0800926,173.662
lightbox/images/img000008.jpg,lightbox,1,07334,1,20517,-0.404877,0.762121,0.0714488,-0.500142,47.229
lightbox/images/img000009.jpg,lightbox,1,02263,2,52611,0.20182,-0.20182,0.922608,0.259483,133.608
lightbox/images/img000024.jpg,lightbox,2,51245,1,60376,-0.466477,0.785646,0.368271,0.17186,144.509
lightbox/images/img000035.jpg,lightbox,2,64401,1,24603,-0.642859,0.709362,0.243843,-0.155173,123.624
lightbox/images/img000057.jpg,lightbox,2,65002,1,21647,-0.324696,0.799251,0.274743,-0.424602,155.375
lightbox/images/img000058.jpg,lightbox,0,53502,3,13247,0.421184,-0.110838,-0.554189,0.709362,108.393
lightbox/images/img000061.jpg,lightbox,0,17326,0,71441,0.811493,0.481824,0.0253592,0.329669,75.0405
lightbox/images/img000063.jpg,lightbox,1,74143,1,70614,0.141365,0.904735,0.254457,0.311003,35.3767
lightbox/images/img000066.jpg,lightbox,2,70267,1,27551,-0.0274929,0.879772,0.467379,-0.0824786,82.3106
lightbox/images/img000086.jpg,lightbox,0,25214,2,25420,-0.412393,0.137464,0.879772,-0.19245,164.748
lightbox/images/img000099.jpg,lightbox,0,61573,2,46503,-0.441836,-0.273518,0.673274,0.525995,171.221
lightbox/images/img000124.jpg,lightbox,0,53301,1,11777,0.612333,0.632085,-0.335795,-0.335795,49.3151
lightbox/images/img000130.jpg,lightbox,2,26351,2,27671,-0.203549,0.65588,0.72373,-0.0678497,27.9157
lightbox/images/img000133.jpg,lightbox,2,34422,2,16601,0.0892052,-0.208145,0.951522,-0.208145,51.3769
lightbox/images/img000140.jpg,lightbox,2,74231,2,70504,0.256933,0.0285481,0.91354,0.314029,41.817
lightbox/images/img000141.jpg,lightbox,3,25756,1,34102,0.245953,0.8745,0.0819844,-0.409922,168.064
lightbox/images/img000164.jpg,lightbox,1,25727,2,25774,-0.0864945,0.374809,0.922608,-0.0288315,84.8231
lightbox/images/img000169.jpg,lightbox,1,46570,1,40611,-0.525995,0.673274,-0.483916,0.189358,58.5054
lightbox/images/img000176.jpg,lightbox,3,41646,1,47373,-0.0261087,0.835478,-0.0261087,0.548282,179.782
lightbox/images/img000177.jpg,lightbox,1,70142,2,05262,-0.368271,-0.417374,0.785646,-0.270066,123.719
lightbox/images/img000178.jpg,lightbox,2,37641,2,07507,-0.141819,-0.368729,0.907642,-0.141819,134.201
lightbox/images/img000182.jpg,lightbox,1,36024,2,07166,-0.199189,-0.2561,0.910577,-0.2561,138.042
lightbox/images/img000188.jpg,lightbox,3,16404,2,16017,0.186352,-0.346083,0.851896,-0.346083,151.561
lightbox/images/img000199.jpg,lightbox,2,42316,2,42712,-0.492056,-0.129488,0.828726,0.233079,17.7731
lightbox/images/img000203.jpg,lightbox,0,07043,2,60517,-0.447523,0.0789747,0.842397,0.289574,79.7606
lightbox/images/img000209.jpg,lightbox,1,00566,2,56250,0.127453,-0.178434,0.8157,0.535303,79.6855
lightbox/images/img000213.jpg,lightbox,1,21631,1,47057,-0.211955,0.753619,-0.306158,0.541664,155.914
lightbox/images/img000226.jpg,lightbox,0,32564,0,30542,0.833209,0.23434,0.0781133,-0.494718,48.3719
lightbox/images/img000239.jpg,lightbox,1,55020,1,51627,0.448458,0.755297,-0.401252,0.259633,25.3717
lightbox/images/img000245.jpg,lightbox,0,25143,1,05652,-0.275431,0.801253,-0.525822,-0.0751175,132.086
lightbox/images/img000248.jpg,lightbox,1,12551,1,12437,0.175274,0.801253,-0.225352,-0.525822,29.2476
lightbox/images/img000251.jpg,lightbox,3,25270,3,21667,-0.314649,0.363057,-0.411464,0.774521,14.9828
lightbox/images/img000261.jpg,lightbox,3,07134,1,12522,0.217325,0.772712,-0.217325,-0.555387,98.028
lightbox/images/img000264.jpg,lightbox,2,16520,1,70654,0.135831,0.869321,0.244497,0.407494,169.437
lightbox/images/img000267.jpg,lightbox,0,73206,1,70614,0.141365,0.904735,0.254457,0.311003,103.284
lightbox/images/img000275.jpg,lightbox,3,50374,1,60603,-0.637864,0.703849,0.241948,0.197958,141.484
lightbox/images/img000280.jpg,lightbox,2,16374,2,16703,0.315058,-0.143208,0.916533,-0.200492,7.04549
lightbox/images/img000290.jpg,lightbox,1,65625,1,60644,-0.647663,0.668555,0.188031,0.313385,55.7582
lightbox/images/img000298.jpg,lightbox,0,70401,1,61601,-0.353162,0.869321,0.244497,0.244497,155.761
lightbox/images/img000315.jpg,lightbox,0,16364,3,43373,-0.030846,-0.030846,0.15423,0.987072,141.821
lightbox/images/img000318.jpg,lightbox,0,45166,2,15343,0.561162,-0.436459,0.665081,-0.228622,178.447
lightbox/images/img000319.jpg,lightbox,2,44027,2,45556,-0.0563436,-0.544655,0.600999,0.582217,62.481
lightbox/images/img000320.jpg,lightbox,0,61072,0,62350,0.709362,-0.421184,0.554189,0.110838,50.044
lightbox/images/img000321.jpg,lightbox,1,62051,1,60555,-0.433341,0.8157,0.0254906,0.38236,55.5065
lightbox/images/img000334.jpg,lightbox,0,43572,0,25307,0.8745,-0.136641,0.300609,-0.355266,107.555
lightbox/images/img000340.jpg,lightbox,0,74101,2,70624,0.0275764,0.358493,0.882444,0.30334,147.781
lightbox/images/img000345.jpg,lightbox,2,53373,2,20733,-0.37392,0.329929,0.703849,-0.505892,158.057
lightbox/images/img000349.jpg,lightbox,2,61321,2,61347,-0.143208,0.315058,0.916533,0.200492,19.0128
lightbox/images/img000351.jpg,lightbox,1,52007,1,34614,0.147122,0.941584,0.26482,-0.147122,79.2802
lightbox/images/img000359.jpg,lightbox,0,21457,1,25217,-0.240966,0.856767,0.294514,-0.348062,153.809
lightbox/images/img000363.jpg,lightbox,3,74131,3,61641,-0.342224,0.236924,0.342224,0.842397,86.3049
lightbox/images/img000366.jpg,lightbox,3,26640,1,21641,-0.321503,0.791391,0.222579,-0.469888,149.21
lightbox/images/img000367.jpg,lightbox,2,70261,2,16614,0.149204,-0.208885,0.954905,-0.149204,77.9889
lightbox/images/img000376.jpg,lightbox,2,31245,2,12344,0.21338,-0.165963,0.758686,-0.592723,50.4403
lightbox/images/img000377.jpg,lightbox,2,67146,1,56033,0.184274,0.842397,-0.236924,0.447523,135.348
lightbox/images/img000401.jpg,lightbox,2,13671,1,70644,0.0274101,0.877124,0.246691,0.411152,173.245
lightbox/images/img000403.jpg,lightbox,3,63417,1,61617,-0.245222,0.871899,0.299715,0.299715,73.4043
lightbox/images/img000410.jpg,lightbox,0,25733,2,25613,-0.25205,0.308062,0.896179,-0.196039,161.237
lightbox/images/img000430.jpg,lightbox,2,57530,2,53540,0.553103,-0.331862,0.707972,0.287613,28.2779
lightbox/images/img000434.jpg,lightbox,0,73374,2,07347,-0.147122,-0.147122,0.941584,-0.26482,142.174
lightbox/images/img000449.jpg,lightbox,3,72507,3,72172,0.311026,0.550277,0.119625,0.765603,17.9511
lightbox/images/img000450.jpg,lightbox,1,13505,1,45333,-0.0249766,0.799251,-0.424602,0.424602,126.99
lightbox/images/img000458.jpg,lightbox,2,36110,1,35247,0.476942,0.80327,0.276124,-0.22592,79.7444
lightbox/images/img000460.jpg,lightbox,1,74056,2,72544,0.223676,0.422499,0.795292,0.372793,101.778
lightbox/images/img000472.jpg,lightbox,1,06224,1,42446,-0.635572,0.656074,-0.26653,0.307535,71.1874
lightbox/images/img000479.jpg,lightbox,3,67106,2,64513,-0.385271,0.0679889,0.725215,0.566575,62.3156
lightbox/images/img000481.jpg,lightbox,2,27166,2,27500,-0.186352,0.45257,0.851896,-0.186352,15.1219
lightbox/images/img000493.jpg,lightbox,2,34116,2,17247,0.492056,-0.129488,0.828726,-0.233079,32.3443
lightbox/images/img000496.jpg,lightbox,2,61007,2,07602,-0.412393,-0.137464,0.879772,-0.19245,38.1977
lightbox/images/img000497.jpg,lightbox,3,17762,1,70614,0.141365,0.904735,0.254457,0.311003,145.722
lightbox/images/img000499.jpg,lightbox,3,14612,3,14344,0.217325,-0.555387,-0.217325,0.772712,13.8556
lightbox/images/img000503.jpg,lightbox,0,05534,0,15642,0.762121,0.404877,-0.500142,-0.0714488,58.5012
lightbox/images/img000507.jpg,lightbox,2,34231,1,07176,-0.0867835,0.925691,-0.260351,-0.260351,157.383
lightbox/images/img000510.jpg,lightbox,3,55003,1,42532,-0.483068,0.813589,-0.228822,0.228822,107.944
lightbox/images/img000512.jpg,lightbox,3,35023,1,07057,-0.244497,0.869321,-0.353162,-0.244497,174.873
lightbox/images/img000514.jpg,lightbox,3,70021,3,70172,0.36522,0.196657,0.140469,0.899004,32.6972
lightbox/images/img000518.jpg,lightbox,2,30347,1,35216,0.50128,0.763856,0.262575,-0.310316,92.8975
lightbox/images/img000525.jpg,lightbox,1,43567,1,25751,-0.0299476,0.958324,0.269529,-0.0898429,83.0879
lightbox/images/img000528.jpg,lightbox,2,47044,1,17651,0.573034,0.797264,-0.174402,-0.0747435,103.192
lightbox/images/img000532.jpg,lightbox,3,07501,3,07307,-0.141819,-0.141819,-0.368729,0.907642,36.19
lightbox/images/img000538.jpg,lightbox,2,34163,2,01547,-0.107113,-0.621254,0.685522,-0.364184,110.302
lightbox/images/img000539.jpg,lightbox,2,70001,1,61526,-0.198547,0.907642,0.198547,0.312002,151.676
lightbox/images/img000542.jpg,lightbox,2,01675,2,05162,-0.164128,-0.58617,0.750298,-0.257915,21.12
lightbox/images/img000554.jpg,lightbox,3,17347,1,45204,-0.324329,0.691902,-0.497305,0.410817,166.817
lightbox/images/img000555.jpg,lightbox,0,26432,1,20743,-0.475923,0.725215,0.249293,-0.430597,113.942
lightbox/images/img000564.jpg,lightbox,2,05161,1,61116,-0.092538,0.987072,0.092538,0.092538,110.664
lightbox/images/img000571.jpg,lightbox,1,63045,1,60337,-0.432219,0.813589,0.38137,0.0762739,15.3674
lightbox/images/img000583.jpg,lightbox,1,43261,3,47502,-0.162004,-0.300865,0.578586,0.74059,160.201
lightbox/images/img000587.jpg,lightbox,3,16614,1,60657,-0.559717,0.716438,0.246276,0.33583,172.351
lightbox/images/img000605.jpg,lightbox,2,72377,2,40365,-0.484974,-0.438786,0.739008,0.161658,169.581
lightbox/images/img000620.jpg,lightbox,2,16627,2,50262,0.0273281,-0.464578,0.8745,0.136641,64.1473
lightbox/images/img000628.jpg,lightbox,0,52142,0,51627,0.755297,0.448458,-0.401252,0.259633,33.0764
lightbox/images/img000629.jpg,lightbox,2,05542,2,41255,-0.219382,-0.560642,0.780024,0.17063,32.2817
lightbox/images/img000643.jpg,lightbox,2,07366,1,34162,0.25205,0.896179,0.196039,-0.308062,159.165
lightbox/images/img000645.jpg,lightbox,0,52660,1,70506,0.2561,0.910577,0.0853666,0.313011,135.871
lightbox/images/img000646.jpg,lightbox,0,71670,1,53463,0.469888,0.791391,-0.222579,0.321503,78.4142
lightbox/images/img000655.jpg,lightbox,2,31247,2,03433,-0.217325,-0.217325,0.772712,-0.555387,93.3471
lightbox/images/img000666.jpg,lightbox,1,07327,1,07346,-0.203864,0.931951,-0.145617,-0.262111,20.2606
lightbox/images/img000667.jpg,lightbox,1,61065,1,43264,-0.41491,0.88514,-0.0829819,0.193624,27.1106
lightbox/images/img000671.jpg,lightbox,0,61226,0,61757,0.864234,-0.0270073,0.29708,0.40511,55.0686
lightbox/images/img000678.jpg,lightbox,3,72237,1,74653,0.155173,0.709362,0.243843,0.642859,22.819
lightbox/images/img000690.jpg,lightbox,0,55666,2,01635,-0.206095,-0.435089,0.732782,-0.480888,68.4671
lightbox/images/img000695.jpg,lightbox,0,52077,0,07373,0.944862,-0.0295269,-0.0295269,-0.324796,74.1562
lightbox/images/img000696.jpg,lightbox,1,35432,1,53003,0.481824,0.811493,-0.329669,0.0253592,63.2161
lightbox/images/img000700.jpg,lightbox,3,65365,2,61645,-0.33577,0.232456,0.826512,0.387427,61.1246
lightbox/images/img000708.jpg,lightbox,1,53026,1,52166,0.2561,0.910577,-0.2561,0.199189,28.5741
lightbox/images/img000711.jpg,lightbox,1,23576,1,21576,-0.0810219,0.864234,0.189051,-0.459124,41.0733
lightbox/images/img000719.jpg,lightbox,1,53631,3,52536,0.348062,-0.240966,0.294514,0.856767,162.003
lightbox/images/img000727.jpg,lightbox,1,43645,1,16057,0.19245,0.879772,-0.357407,-0.247436,101.301
lightbox/images/img000737.jpg,lightbox,3,14261,1,71446,0.432219,0.813589,0.0762739,0.38137,169.251
lightbox/images/img000744.jpg,lightbox,1,21615,2,11656,0.448231,-0.448231,0.683019,-0.362854,166.617
lightbox/images/img000745.jpg,lightbox,3,25770,3,25372,-0.0807866,0.403933,-0.296217,0.861723,23.2605
lightbox/images/img000746.jpg,lightbox,1,11607,1,47131,-0.0263982,0.844742,-0.29038,0.448769,120.386
lightbox/images/img000773.jpg,lightbox,3,26511,1,46136,-0.444513,0.748653,-0.210559,0.444513,54.4301
lightbox/images/img000794.jpg,lightbox,1,30371,0,07522,0.922608,-0.20182,-0.259483,-0.20182,157.95
lightbox/images/img000797.jpg,lightbox,1,43153,1,16122,0.239596,0.851896,-0.239596,-0.399326,70.7763
lightbox/images/img000808.jpg,lightbox,1,67425,2,60575,-0.430001,0.126471,0.809414,0.379413,81.6845
lightbox/images/img000818.jpg,lightbox,0,25525,2,25142,-0.20182,0.0864945,0.922608,-0.317146,179.005
lightbox/images/img000823.jpg,lightbox,3,30124,2,01376,-0.0679889,-0.385271,0.725215,-0.566575,40.6988
lightbox/images/img000845.jpg,lightbox,2,47324,1,52566,0.239596,0.851896,-0.239596,0.399326,168.057
lightbox/images/img000849.jpg,lightbox,2,63533,1,61673,-0.232456,0.826512,0.387427,0.33577,62.6482
lightbox/images/img000856.jpg,lightbox,2,02743,2,07212,-0.294514,-0.13387,0.856767,-0.40161,25.0649
lightbox/images/img000858.jpg,lightbox,1,35606,1,51662,0.403961,0.760398,-0.403961,0.308911,98.2422
lightbox/images/img000861.jpg,lightbox,1,71657,1,71546,0.576123,0.737437,0.0691347,0.345674,23.871
lightbox/images/img000867.jpg,lightbox,2,70351,2,17602,0.456468,-0.134255,0.859235,-0.187958,56.5003
lightbox/images/img000871.jpg,lightbox,3,75207,2,71560,0.582341,0.116468,0.745396,0.302817,66.6407
lightbox/images/img000878.jpg,lightbox,1,27555,1,27552,-0.0800926,0.854321,0.507253,-0.0800926,11.4423
lightbox/images/img000888.jpg,lightbox,2,54155,1,04353,-0.392598,0.739008,-0.484974,-0.254034,34.3038
lightbox/images/img000892.jpg,lightbox,0,56465,3,13233,0.458626,-0.0199403,-0.618148,0.638089,50.6278
lightbox/images/img000893.jpg,lightbox,1,15071,2,47162,-0.175274,-0.225352,0.801253,0.525822,78.1529
lightbox/images/img000894.jpg,lightbox,2,36604,2,70366,0.24236,0.403933,0.861723,0.188502,49.6746
lightbox/images/img000895.jpg,lightbox,0,43770,2,25142,-0.20182,0.0864945,0.922608,-0.317146,133.942
lightbox/images/img000904.jpg,lightbox,1,37600,2,34217,0.189605,0.297951,0.866766,-0.352124,66.7803
lightbox/images/img000911.jpg,lightbox,3,36100,1,07117,-0.0270864,0.866766,-0.352124,-0.352124,156.934
lightbox/images/img000915.jpg,lightbox,0,36607,0,20777,0.748653,-0.397722,0.350931,-0.397722,70.7654
lightbox/images/img000919.jpg,lightbox,2,06336,2,07320,-0.193624,-0.0829819,0.88514,-0.41491,37.502
lightbox/images/img000930.jpg,lightbox,0,70706,0,53343,0.753619,0.635866,-0.117753,0.117753,71.1966
lightbox/images/img000932.jpg,lightbox,1,13307,1,13537,0.619134,0.639106,-0.179749,-0.419413,23.0432
lightbox/images/img000933.jpg,lightbox,1,56001,1,52316,0.371126,0.91354,-0.142741,0.0856444,59.1584
lightbox/images/img000937.jpg,lightbox,0,12401,0,43677,0.877124,-0.246691,-0.0274101,0.411152,127.047
lightbox/images/img000950.jpg,lightbox,3,24457,1,14624,0.0266217,0.851896,-0.505813,-0.133109,175.489
lightbox/images/img000951.jpg,lightbox,3,56720,2,56301,0.285642,-0.181772,0.830959,0.441447,47.7718
lightbox/images/img000956.jpg,lightbox,2,40524,2,17611,0.566049,-0.172276,0.787547,-0.172276,143.067
lightbox/images/img000957.jpg,lightbox,0,33366,2,30371,0.323724,0.280561,0.690612,-0.582704,42.2827
lightbox/images/img000962.jpg,lightbox,3,15711,1,10616,0.113783,0.728214,-0.47789,-0.47789,119.046
lightbox/images/img000974.jpg,lightbox,2,65757,1,61645,-0.33577,0.826512,0.232456,0.387427,102.829
lightbox/images/img000982.jpg,lightbox,0,25323,0,25722,0.871899,-0.190728,0.408703,-0.190728,26.4162
lightbox/images/img000988.jpg,lightbox,1,72150,1,70204,0.0299476,0.958324,0.269529,0.0898429,41.5247
lightbox/images/img000992.jpg,lightbox,2,01267,1,52514,0.331378,0.8157,-0.38236,0.280397,70.2491
lightbox/images/img000995.jpg,lightbox,3,44307,1,16032,0.135831,0.869321,-0.244497,-0.407494,72.6409
lightbox/images/img001003.jpg,lightbox,1,34216,1,25171,-0.0292228,0.935129,0.146114,-0.321451,29.0454
lightbox/images/img001007.jpg,lightbox,3,00701,1,07313,-0.0280056,0.896179,-0.140028,-0.420084,106.126
lightbox/images/img001013.jpg,lightbox,3,07171,2,21441,-0.329669,0.0253592,0.811493,-0.481824,94.9744
lightbox/images/img001018.jpg,lightbox,3,10403,2,10772,0.302817,-0.395992,0.745396,-0.442579,135.909
lightbox/images/img001026.jpg,lightbox,0,51040,1,01777,-0.0249766,0.799251,-0.424602,-0.424602,119.59
lightbox/images/img001030.jpg,lightbox,3,65340,2,65255,-0.217325,0.217325,0.772712,0.555387,42.5787
lightbox/images/img001042.jpg,lightbox,0,14030,2,40562,-0.474757,-0.51604,0.660531,0.268341,53.811
lightbox/images/img001044.jpg,lightbox,1,41072,2,43502,-0.19245,-0.357407,0.879772,0.247436,89.2423
lightbox/images/img001045.jpg,lightbox,2,65313,1,70645,0.0819844,0.8745,0.245953,0.409922,100.538
lightbox/images/img001050.jpg,lightbox,3,66167,1,00717,-0.362854,0.683019,-0.448231,-0.448231,176.479
lightbox/images/img001051.jpg,lightbox,0,73527,2,75110,0.624704,0.0215415,0.689329,0.366206,67.1365
lightbox/images/img001070.jpg,lightbox,3,56320,3,56306,0.233079,-0.129488,0.492056,0.828726,8.19189
lightbox/images/img001087.jpg,lightbox,2,67026,1,60716,-0.471042,0.793334,0.272709,0.272709,64.5342
lightbox/images/img001094.jpg,lightbox,0,67534,0,65272,0.751953,-0.258484,0.352478,0.493469,28.6661
lightbox/images/img001105.jpg,lightbox,0,07157,2,07503,-0.140469,-0.36522,0.899004,-0.196657,134.816
lightbox/images/img001106.jpg,lightbox,0,27417,2,26505,-0.497888,0.403052,0.758686,-0.118545,169.37
lightbox/images/img001107.jpg,lightbox,3,36524,1,05237,-0.227648,0.809414,-0.430001,-0.328824,162.288
lightbox/images/img001108.jpg,lightbox,0,61367,2,60745,-0.499011,0.213862,0.760398,0.356436,168.453
lightbox/images/img001109.jpg,lightbox,3,71071,3,13373,0.594945,-0.0191918,-0.518178,0.614137,79.8222
lightbox/images/img001111.jpg,lightbox,0,20226,1,20345,-0.450702,0.686784,0.193158,-0.53655,144.085
lightbox/images/img001119.jpg,lightbox,1,27364,2,16546,0.25205,-0.364073,0.896179,-0.0280056,145.426
lightbox/images/img001125.jpg,lightbox,3,20770,1,41666,-0.357244,0.762121,-0.404877,0.357244,70.9695
lightbox/images/img001129.jpg,lightbox,2,43044,1,27474,-0.276124,0.80327,0.527146,-0.0251022,154.963
lightbox/images/img001139.jpg,lightbox,3,16632,1,07147,-0.138728,0.887862,-0.360694,-0.249711,156.432
lightbox/images/img001145.jpg,lightbox,3,02411,1,07217,-0.249711,0.887862,-0.138728,-0.360694,144.531
lightbox/images/img001148.jpg,lightbox,2,07674,2,43122,-0.205971,-0.26482,0.941584,0.0294245,27.9403
lightbox/images/img001150.jpg,lightbox,1,22163,1,07131,-0.0270073,0.864234,-0.29708,-0.40511,102.486
lightbox/images/img001154.jpg,lightbox,3,01461,1,30135,0.326164,0.695817,0.108721,-0.630584,36.9047
lightbox/images/img001155.jpg,lightbox,3,65234,2,56166,0.217325,-0.217325,0.772712,0.555387,98.261
lightbox/images/img001159.jpg,lightbox,1,12266,2,17216,0.51558,-0.122757,0.785646,-0.319169,171.26
lightbox/images/img001176.jpg,lightbox,2,20730,1,13246,0.383697,0.722254,-0.112852,-0.564261,152.246
lightbox/images/img001184.jpg,lightbox,2,07465,2,16516,0.349064,-0.349064,0.859235,-0.134255,85.7344
lightbox/images/img001187.jpg,lightbox,3,57116,3,60555,-0.433341,0.0254906,0.38236,0.8157,129.722
lightbox/images/img001196.jpg,lightbox,1,71714,1,31564,0.564261,0.722254,0.112852,-0.383697,73.7616
lightbox/images/img001199.jpg,lightbox,1,07763,1,61107,-0.153069,0.979643,0.0918415,0.0918415,26.7594
lightbox/images/img001201.jpg,lightbox,1,20502,2,71546,0.576123,0.0691347,0.737437,0.345674,135.187
lightbox/images/img001209.jpg,lightbox,2,54676,1,54220,0.0244339,0.781884,-0.464244,0.415376,141.342
lightbox/images/img001216.jpg,lightbox,1,12522,1,74614,0.115966,0.742182,0.208739,0.626216,156.303
lightbox/images/img001220.jpg,lightbox,3,77455,2,56156,0.298949,-0.298949,0.735875,0.52891,77.471
lightbox/images/img001234.jpg,lightbox,2,42677,2,65002,-0.38137,0.0762739,0.813589,0.432219,27.1504
lightbox/images/img001236.jpg,lightbox,0,14207,2,61443,-0.351095,0.0810219,0.864234,0.351095,65.4574
lightbox/images/img001246.jpg,lightbox,1,07473,1,25341,-0.141365,0.904735,0.254457,-0.311003,66.9497
lightbox/images/img001253.jpg,lightbox,2,05552,2,16414,0.138728,-0.416185,0.887862,-0.138728,40.5637
lightbox/images/img001255.jpg,lightbox,2,71225,1,34257,0.196039,0.896179,0.308062,-0.25205,100.929
lightbox/images/img001264.jpg,lightbox,2,27665,2,50666,0.0254906,-0.433341,0.8157,0.38236,147.01
lightbox/images/img001268.jpg,lightbox,1,64577,1,60447,-0.632983,0.698464,0.065481,0.327405,49.4805
lightbox/images/img001280.jpg,lightbox,1,36524,1,14661,0.0800926,0.854321,-0.507253,-0.0800926,128.467
lightbox/images/img001287.jpg,lightbox,3,12476,3,25144,-0.205971,0.0294245,-0.26482,0.941584,51.3977
lightbox/images/img001288.jpg,lightbox,3,45712,1,47620,-0.345674,0.737437,-0.0691347,0.576123,173.777
lightbox/images/img001295.jpg,lightbox,1,77157,1,46176,-0.425385,0.716438,-0.201498,0.51494,141.807
lightbox/images/img001299.jpg,lightbox,0,66244,3,56550,0.273518,-0.315597,0.610155,0.673274,56.997
lightbox/images/img001308.jpg,lightbox,2,07526,1,25711,-0.0294245,0.941584,0.26482,-0.205971,175.165
lightbox/images/img001314.jpg,lightbox,0,57275,1,43677,-0.246691,0.877124,-0.0274101,0.411152,122.201
lightbox/images/img001319.jpg,lightbox,1,43373,1,14474,0.118545,0.758686,-0.640141,-0.0237089,82.4317
lightbox/images/img001323.jpg,lightbox,1,26444,1,06530,-0.481824,0.811493,-0.278951,-0.177514,80.9992
lightbox/images/img001331.jpg,lightbox,2,62342,2,26566,-0.503945,0.503945,0.701141,-0.0219107,17.9118
lightbox/images/img001344.jpg,lightbox,0,72010,1,61774,-0.0794162,0.847106,0.344137,0.397081,153.216
lightbox/images/img001350.jpg,lightbox,2,02653,0,26606,0.61144,-0.592333,0.515903,-0.0955375,166.044
lightbox/images/img001355.jpg,lightbox,3,25754,3,43172,-0.0888913,-0.266674,0.148152,0.948174,67.3761
lightbox/images/img001365.jpg,lightbox,0,42042,1,42472,-0.603286,0.715006,-0.201095,0.290471,73.8464
lightbox/images/img001366.jpg,lightbox,0,76122,1,70666,0.0260378,0.833209,0.390567,0.390567,113.413
lightbox/images/img001371.jpg,lightbox,2,12651,1,35242,0.431106,0.811493,0.278951,-0.278951,147.108
lightbox/images/img001379.jpg,lightbox,0,77514,1,75666,0.340068,0.640128,0.30006,0.620124,33.8266
lightbox/images/img001382.jpg,lightbox,3,16561,2,25356,-0.0853666,0.313011,0.910577,-0.2561,129.359
lightbox/images/img001387.jpg,lightbox,0,65727,2,36551,0.38137,0.432219,0.813589,-0.0762739,128.606
lightbox/images/img001396.jpg,lightbox,3,16054,1,17017,0.52891,0.735875,-0.298949,-0.298949,128.746
lightbox/images/img001400.jpg,lightbox,3,43711,2,75101,0.597351,0.0221241,0.707972,0.37611,116.639
lightbox/images/img001414.jpg,lightbox,2,24640,3,21326,-0.151354,0.324329,-0.627036,0.691902,141.836
lightbox/images/img001419.jpg,lightbox,0,56126,3,25247,-0.348062,0.294514,-0.240966,0.856767,149.025
lightbox/images/img001432.jpg,lightbox,1,31224,1,20553,-0.414388,0.780024,0.0731272,-0.463139,97.1763
lightbox/images/img001435.jpg,lightbox,3,47221,3,42771,-0.440261,-0.0776931,0.33667,0.828726,15.6457
lightbox/images/img001436.jpg,lightbox,2,25752,2,16452,0.142741,-0.371126,0.91354,-0.0856444,83.208
lightbox/images/img001440.jpg,lightbox,3,66006,1,56016,0.125828,0.805302,-0.327154,0.478148,132.871
lightbox/images/img001450.jpg,lightbox,1,17620,1,16211,0.190728,0.871899,-0.190728,-0.408703,40.6531
lightbox/images/img001472.jpg,lightbox,3,32533,3,01272,-0.236518,-0.365528,-0.580544,0.688053,123.203
lightbox/images/img001474.jpg,lightbox,1,71141,1,35526,0.602279,0.770916,0.168638,-0.120456,31.6614
lightbox/images/img001482.jpg,lightbox,2,42334,1,41722,-0.184274,0.842397,-0.447523,0.236924,139.068
lightbox/images/img001485.jpg,lightbox,0,61745,0,25612,0.882444,-0.30334,0.30334,-0.193035,74.586
lightbox/images/img001493.jpg,lightbox,0,25523,3,43542,-0.186352,-0.346083,0.346083,0.851896,155.778
lightbox/images/img001496.jpg,lightbox,2,12236,1,21557,-0.0274929,0.879772,0.0824786,-0.467379,138.692
lightbox/images/img001500.jpg,lightbox,0,56754,1,60557,-0.432219,0.813589,0.0762739,0.38137,159.035
lightbox/images/img001506.jpg,lightbox,2,30427,1,56044,0.0237089,0.758686,-0.355634,0.545305,126.906
lightbox/images/img001520.jpg,lightbox,3,14045,1,71644,0.422499,0.795292,0.223676,0.372793,146.097
lightbox/images/img001526.jpg,lightbox,2,64503,1,61747,-0.13387,0.856767,0.294514,0.40161,113.31
lightbox/images/img001532.jpg,lightbox,0,13542,2,05576,-0.0736543,-0.613786,0.785646,-0.0245514,107
lightbox/images/img001542.jpg,lightbox,0,14722,1,74244,0.024731,0.791391,0.222579,0.568812,177.825
lightbox/images/img001557.jpg,lightbox,2,32016,1,30512,0.31246,0.769133,0.0721062,-0.552814,87.199
lightbox/images/img001559.jpg,lightbox,1,35101,1,30542,0.23434,0.833209,0.0781133,-0.494718,46.5451
lightbox/images/img001567.jpg,lightbox,1,53040,0,31444,0.799251,0.424602,0.0249766,-0.424602,101.474
lightbox/images/img001571.jpg,lightbox,0,63334,1,12654,0.134255,0.859235,-0.187958,-0.456468,166.365
lightbox/images/img001588.jpg,lightbox,1,76356,1,70655,0.188502,0.861723,0.24236,0.403933,45.2748
lightbox/images/img001599.jpg,lightbox,0,15370,0,15553,0.600999,0.582217,-0.544655,-0.0563436,27.2202
lightbox/images/img001603.jpg,lightbox,1,61764,1,70644,0.0274101,0.877124,0.246691,0.411152,27.3655
lightbox/images/img001608.jpg,lightbox,1,25675,1,07453,-0.251263,0.893381,-0.362936,-0.0837545,84.8227
lightbox/images/img001620.jpg,lightbox,2,61600,1,61441,-0.352124,0.866766,0.0270864,0.352124,126.125
lightbox/images/img001624.jpg,lightbox,3,12675,3,16366,0.261226,-0.0290252,-0.261226,0.928805,26.6416
lightbox/images/img001625.jpg,lightbox,2,71467,1,14524,0.208739,0.742182,-0.626216,-0.115966,144.906
lightbox/images/img001626.jpg,lightbox,3,72032,3,27102,-0.17186,0.466477,-0.368271,0.785646,58.3073
lightbox/images/img001632.jpg,lightbox,2,43736,2,43722,-0.205971,-0.0294245,0.941584,0.26482,11.9552
lightbox/images/img001635.jpg,lightbox,0,61224,2,16350,0.352124,-0.189605,0.866766,-0.297951,97.9492
lightbox/images/img001642.jpg,lightbox,1,36702,2,34622,0.0277457,0.416185,0.887862,-0.19422,51.9129
lightbox/images/img001654.jpg,lightbox,3,02475,1,05637,-0.238919,0.849491,-0.451292,-0.132733,178.795
lightbox/images/img001662.jpg,lightbox,2,16070,2,21447,-0.33667,0.0776931,0.828726,-0.440261,70.8461
lightbox/images/img001664.jpg,lightbox,3,33656,0,07114,0.847106,-0.0794162,-0.397081,-0.344137,154.549
lightbox/images/img001675.jpg,lightbox,2,56673,3,47756,-0.0667657,-0.111276,0.689912,0.712167,26.7162
lightbox/images/img001682.jpg,lightbox,3,56427,1,06333,-0.433341,0.8157,-0.0254906,-0.38236,122.057
lightbox/images/img001684.jpg,lightbox,3,50303,3,70651,0.19245,0.247436,0.357407,0.879772,99.2518
lightbox/images/img001687.jpg,lightbox,2,71235,2,71234,0.518084,0.320719,0.789462,0.0740121,4.61416
lightbox/images/img001688.jpg,lightbox,3,70526,2,07036,-0.294514,-0.240966,0.856767,-0.348062,159.725
lightbox/images/img001713.jpg,lightbox,1,54314,2,35252,0.508279,0.266242,0.774521,-0.266242,157.828
lightbox/images/img001721.jpg,lightbox,2,75457,1,21651,-0.228822,0.813589,0.228822,-0.483068,155.2
lightbox/images/img001726.jpg,lightbox,1,05244,1,42537,-0.43676,0.822136,-0.231226,0.282609,68.9659
lightbox/images/img001731.jpg,lightbox,2,70234,2,27511,-0.0270864,0.46047,0.866766,-0.189605,37.732
lightbox/images/img001733.jpg,lightbox,3,53002,1,61123,-0.150824,0.965275,0.211154,0.0301648,136.7
lightbox/images/img001734.jpg,lightbox,2,03720,1,11636,0.448231,0.683019,-0.362854,-0.448231,160.582
lightbox/images/img001735.jpg,lightbox,1,25460,1,43307,-0.151934,0.972379,-0.151934,0.0911606,49.1126
lightbox/images/img001751.jpg,lightbox,0,65310,0,70424,0.935129,0.0292228,0.146114,0.321451,24.8969
lightbox/images/img001771.jpg,lightbox,2,07172,2,07117,-0.0270864,-0.352124,0.866766,-0.352124,14.8116
lightbox/images/img001781.jpg,lightbox,1,73315,1,56213,0.187958,0.859235,-0.134255,0.456468,104.258
lightbox/images/img001784.jpg,lightbox,2,12375,1,13702,0.532639,0.681778,-0.106528,-0.490028,140.988
lightbox/images/img001792.jpg,lightbox,0,16203,2,16571,0.403933,-0.296217,0.861723,-0.0807866,148.652
lightbox/images/img001800.jpg,lightbox,0,25726,2,42553,-0.418384,-0.319941,0.787547,0.319941,178.066
lightbox/images/img001812.jpg,lightbox,3,15703,1,11636,0.448231,0.683019,-0.362854,-0.448231,143.913
lightbox/images/img001813.jpg,lightbox,1,47310,2,65244,-0.347898,0.208739,0.742182,0.533443,139.713
lightbox/images/img001817.jpg,lightbox,1,35034,1,30542,0.23434,0.833209,0.0781133,-0.494718,36.0916
lightbox/images/img001828.jpg,lightbox,0,50135,2,60507,-0.525822,0.0751175,0.801253,0.275431,71.0307
lightbox/images/img001831.jpg,lightbox,3,17132,0,15442,0.688053,0.365528,-0.623548,-0.0645049,119.202
lightbox/images/img001837.jpg,lightbox,3,16710,3,12373,0.337185,-0.022479,-0.606933,0.719328,56.4691
lightbox/images/img001839.jpg,lightbox,1,22574,1,16306,0.249711,0.887862,-0.138728,-0.360694,107.615
lightbox/images/img001869.jpg,lightbox,2,52715,2,52344,0.259483,-0.20182,0.922608,0.20182,19.4123
lightbox/images/img001875.jpg,lightbox,1,62252,1,61645,-0.33577,0.826512,0.232456,0.387427,58.8876
lightbox/images/img001876.jpg,lightbox,0,74555,1,72504,0.231226,0.822136,0.43676,0.282609,104.924
lightbox/images/img001884.jpg,lightbox,1,45174,2,12572,0.321503,-0.222579,0.791391,-0.469888,64.4556
lightbox/images/img001886.jpg,lightbox,0,32457,2,24022,-0.652234,0.147279,0.673274,-0.315597,176.988
lightbox/images/img001887.jpg,lightbox,1,71750,2,71574,0.630584,0.108721,0.695817,0.326164,88.8609
lightbox/images/img001889.jpg,lightbox,3,52611,3,70143,0.320358,0.0873704,0.145617,0.931951,40.934
lightbox/images/img001893.jpg,lightbox,1,54375,2,00756,-0.413141,-0.45663,0.695817,-0.369653,47.4707
lightbox/images/img001908.jpg,lightbox,1,03705,1,16122,0.239596,0.851896,-0.239596,-0.399326,43.8421
lightbox/images/img001937.jpg,lightbox,0,77552,1,46537,-0.368955,0.694504,-0.195329,0.585988,134.836
lightbox/images/img001948.jpg,lightbox,3,42312,1,70544,0.246691,0.877124,0.0274101,0.411152,168.949
lightbox/images/img001957.jpg,lightbox,3,52036,1,14674,0.133109,0.851896,-0.505813,-0.0266217,151.031
lightbox/images/img001958.jpg,lightbox,3,76073,2,74116,0.328824,0.0758825,0.809414,0.480589,72.5569
lightbox/images/img001976.jpg,lightbox,2,31177,2,21441,-0.329669,0.0253592,0.811493,-0.481824,113.038
lightbox/images/img001984.jpg,lightbox,3,66615,1,56161,0.266242,0.774521,-0.266242,0.508279,131.128
lightbox/images/img001987.jpg,lightbox,1,46315,1,40377,-0.418384,0.787547,-0.418384,0.172276,41.9717
lightbox/images/img001991.jpg,lightbox,1,56207,1,74003,0.0822304,0.877124,0.0822304,0.465972,23.8131
lightbox/images/img002000.jpg,lightbox,2,71734,2,71426,0.441447,0.181772,0.830959,0.285642,29.5827
lightbox/images/img002017.jpg,lightbox,2,56314,1,56021,0.0789747,0.842397,-0.289574,0.447523,161.541
lightbox/images/img002018.jpg,lightbox,1,74200,1,61522,-0.20182,0.922608,0.20182,0.259483,35.99
lightbox/images/img002019.jpg,lightbox,1,30532,2,35042,0.447523,0.0789747,0.842397,-0.289574,119.195
lightbox/images/img002025.jpg,lightbox,1,22557,1,12134,0.28004,0.689329,-0.236957,-0.624704,116.477
lightbox/images/img002032.jpg,lightbox,0,66303,2,53605,0.481824,-0.177514,0.811493,0.278951,46.5499
lightbox/images/img002034.jpg,lightbox,0,41074,2,12552,0.313185,-0.313185,0.770916,-0.457732,153.542
lightbox/images/img002035.jpg,lightbox,0,72000,2,25514,-0.0921878,0.0307293,0.983336,-0.153646,136.459
lightbox/images/img002036.jpg,lightbox,1,44600,1,46777,-0.356417,0.670902,-0.0209657,0.649937,55.5058
lightbox/images/img002050.jpg,lightbox,1,25147,1,16247,0.0888913,0.948174,-0.148152,-0.266674,35.7844
lightbox/images/img002058.jpg,lightbox,2,55245,2,60717,-0.431106,0.278951,0.811493,0.278951,135.343
lightbox/images/img002065.jpg,lightbox,3,37654,3,70176,0.36181,0.194821,0.194821,0.890609,55.1386
lightbox/images/img002067.jpg,lightbox,0,74322,1,56323,0.29038,0.844742,-0.0263982,0.448769,108.025
lightbox/images/img002070.jpg,lightbox,2,26402,2,24521,-0.535303,0.127453,0.8157,-0.178434,36.4449
lightbox/images/img002071.jpg,lightbox,0,03571,2,61617,-0.245222,0.299715,0.871899,0.299715,106.181
lightbox/images/img002076.jpg,lightbox,0,46225,1,74244,0.024731,0.791391,0.222579,0.568812,148.09
lightbox/images/img002082.jpg,lightbox,2,02107,3,23127,-0.10166,0.467638,-0.589631,0.650627,65.1162
lightbox/images/img002083.jpg,lightbox,2,35472,0,71255,0.780024,0.560642,0.219382,0.17063,93.7983
lightbox/images/img002089.jpg,lightbox,0,53174,2,53653,0.550277,-0.119625,0.765603,0.311026,157.963
lightbox/images/img002102.jpg,lightbox,3,03172,3,02537,-0.396854,-0.210099,-0.490232,0.74702,42.6769
lightbox/images/img002105.jpg,lightbox,3,56400,2,06303,-0.507093,-0.120736,0.772712,-0.362209,155.968
lightbox/images/img002111.jpg,lightbox,2,50550,2,60516,-0.488143,0.0770752,0.822136,0.282609,126.6
lightbox/images/img002114.jpg,lightbox,1,12746,1,16327,0.30334,0.882444,-0.0275764,-0.358493,17.203
lightbox/images/img002117.jpg,lightbox,2,06574,1,34142,0.2561,0.910577,0.0853666,-0.313011,144.266
lightbox/images/img002121.jpg,lightbox,2,21254,1,07307,-0.141819,0.907642,-0.141819,-0.368729,138.309
lightbox/images/img002130.jpg,lightbox,0,66201,1,60511,-0.455158,0.856767,0.026774,0.240966,97.6922
lightbox/images/img002135.jpg,lightbox,1,11663,1,31442,0.414388,0.780024,0.0731272,-0.463139,55.2775
lightbox/images/img002136.jpg,lightbox,1,34256,1,25712,-0.0864945,0.922608,0.317146,-0.20182,26.716
lightbox/images/img002138.jpg,lightbox,2,56007,1,05652,-0.275431,0.801253,-0.525822,-0.0751175,83.2828
lightbox/images/img002146.jpg,lightbox,2,34507,2,16566,0.261226,-0.261226,0.928805,-0.0290252,40.9099
lightbox/images/img002149.jpg,lightbox,2,47072,1,24517,-0.463196,0.871899,0.0817405,-0.136234,171.99
lightbox/images/img002154.jpg,lightbox,1,07643,2,54264,0.0228515,-0.434179,0.73125,0.525586,112.835
lightbox/images/img002163.jpg,lightbox,2,70155,1,74001,0.0824786,0.879772,0.0274929,0.467379,161.604
lightbox/images/img002164.jpg,lightbox,2,15463,1,10647,0.0714488,0.762121,-0.500142,-0.404877,83.473
lightbox/images/img002165.jpg,lightbox,0,06347,2,60550,-0.481824,0.0253592,0.811493,0.329669,110.548
lightbox/images/img002170.jpg,lightbox,2,16154,2,21547,-0.136234,0.0817405,0.871899,-0.463196,81.6601
lightbox/images/img002171.jpg,lightbox,3,74174,1,56136,0.321503,0.791391,-0.222579,0.469888,130.187
lightbox/images/img002175.jpg,lightbox,1,12775,1,35601,0.488143,0.822136,0.231226,-0.179842,44.8519
lightbox/images/img002176.jpg,lightbox,0,06422,2,65455,-0.197958,0.0219953,0.703849,0.681854,132
lightbox/images/img002178.jpg,lightbox,0,61573,3,61541,-0.143208,0.0286417,0.372342,0.916533,148.388
lightbox/images/img002179.jpg,lightbox,2,51242,1,07247,-0.360694,0.887862,-0.138728,-0.249711,86.5386
lightbox/images/img002181.jpg,lightbox,0,16222,0,14666,0.882444,0.0275764,-0.468798,-0.0275764,66.5983
lightbox/images/img002183.jpg,lightbox,3,37526,1,74141,0.276124,0.80327,0.0251022,0.527146,49.9502
lightbox/images/img002215.jpg,lightbox,3,34466,1,70475,0.19245,0.879772,0.137464,0.412393,104.457
lightbox/images/img002238.jpg,lightbox,2,35700,1,71303,0.623538,0.739008,0.254034,0.023094,88.4901
lightbox/images/img002241.jpg,lightbox,0,66514,0,60277,0.729727,-0.570099,0.342059,0.159628,51.0364
lightbox/images/img002245.jpg,lightbox,0,25177,0,25522,0.935129,-0.204559,0.204559,-0.204559,22.3886
lightbox/images/img002250.jpg,lightbox,2,50235,2,41171,-0.0237089,-0.640141,0.758686,0.118545,30.2257
lightbox/images/img002256.jpg,lightbox,1,42173,1,41672,-0.274743,0.799251,-0.424602,0.324696,39.9168
lightbox/images/img002257.jpg,lightbox,0,75452,1,71653,0.535754,0.745396,0.25623,0.302817,55.2241
lightbox/images/img002262.jpg,lightbox,1,06154,1,06353,-0.445063,0.837765,-0.130901,-0.287982,26.9531
lightbox/images/img002298.jpg,lightbox,0,12570,2,07506,-0.196657,-0.36522,0.899004,-0.140469,128.781
lightbox/images/img002310.jpg,lightbox,1,10347,1,15626,0.421459,0.793334,-0.421459,-0.123958,55.5628
lightbox/images/img002313.jpg,lightbox,0,21164,0,21553,0.856767,-0.026774,0.0803219,-0.508706,21.4586
lightbox/images/img002320.jpg,lightbox,1,61557,1,70441,0.0864945,0.922608,0.0288315,0.374809,13.7882
lightbox/images/img002330.jpg,lightbox,3,06774,1,36506,0.233079,0.828726,0.492056,-0.129488,146.053
lightbox/images/img002333.jpg,lightbox,0,72705,2,64124,-0.522323,0.113548,0.72671,0.431484,161.355
lightbox/images/img002344.jpg,lightbox,1,63054,1,16414,0.138728,0.887862,-0.416185,-0.138728,121.161
lightbox/images/img002353.jpg,lightbox,3,57453,2,56316,0.327154,-0.125828,0.805302,0.478148,36.6306
lightbox/images/img002368.jpg,lightbox,1,47205,1,47342,-0.178434,0.8157,-0.127453,0.535303,19.7134
lightbox/images/img002370.jpg,lightbox,2,52463,1,16062,0.0285481,0.91354,-0.256933,-0.314029,109.676
lightbox/images/img002390.jpg,lightbox,0,16035,2,74103,0.289574,0.0789747,0.842397,0.447523,165.281
lightbox/images/img002394.jpg,lightbox,3,52442,3,54222,0.0249766,-0.424602,0.424602,0.799251,12.7803
lightbox/images/img002396.jpg,lightbox,2,17267,2,16251,0.198547,-0.198547,0.907642,-0.312002,38.3067
lightbox/images/img002397.jpg,lightbox,3,06044,1,07116,-0.0810219,0.864234,-0.351095,-0.351095,135.124
lightbox/images/img002411.jpg,lightbox,0,75026,2,65000,-0.38236,0.0254906,0.8157,0.433341,174.268
lightbox/images/img002415.jpg,lightbox,3,43377,0,70442,0.922608,0.0288315,0.0864945,0.374809,140.412
lightbox/images/img002417.jpg,lightbox,2,25051,1,20557,-0.423547,0.797264,0.0747435,-0.423547,142.393
lightbox/images/img002421.jpg,lightbox,0,60261,1,24443,-0.668302,0.737437,0.0691347,-0.0691347,43.4773
lightbox/images/img002422.jpg,lightbox,3,53647,2,56103,0.274743,-0.324696,0.799251,0.424602,72.7908
lightbox/images/img002430.jpg,lightbox,3,36612,0,07117,0.866766,-0.0270864,-0.352124,-0.352124,164.726
lightbox/images/img002444.jpg,lightbox,3,12744,1,07417,-0.249711,0.887862,-0.360694,-0.138728,163.526
lightbox/images/img002447.jpg,lightbox,3,62361,1,65215,-0.228822,0.813589,0.228822,0.483068,42.6279
lightbox/images/img002452.jpg,lightbox,1,25767,1,74006,0.026774,0.856767,0.0803219,0.508706,72.4843
lightbox/images/img002454.jpg,lightbox,0,21257,2,24174,-0.492056,0.129488,0.828726,-0.233079,174.12
lightbox/images/img002468.jpg,lightbox,3,51212,0,61471,0.887862,-0.249711,0.138728,0.360694,70.7847
lightbox/images/img002477.jpg,lightbox,1,34236,1,25357,-0.0285481,0.91354,0.314029,-0.256933,24.9193
lightbox/images/img002505.jpg,lightbox,0,71332,3,30324,0.195698,0.282675,-0.630584,0.695817,164.234
lightbox/images/img002507.jpg,lightbox,0,72226,2,14524,0.208739,-0.626216,0.742182,-0.115966,100.677
lightbox/images/img002509.jpg,lightbox,3,46574,2,46537,-0.368955,-0.195329,0.694504,0.585988,9.41008
lightbox/images/img002516.jpg,lightbox,3,25424,3,16346,0.258625,-0.143681,-0.258625,0.919555,89.1877
lightbox/images/img002517.jpg,lightbox,1,14725,2,25571,-0.0307293,0.153646,0.983336,-0.0921878,140.495
lightbox/images/img002526.jpg,lightbox,0,01437,2,16536,0.360694,-0.249711,0.887862,-0.138728,164.994
lightbox/images/img002542.jpg,lightbox,2,07004,2,16064,0.0285481,-0.314029,0.91354,-0.256933,50.4425
lightbox/images/img002547.jpg,lightbox,3,70720,1,70644,0.0274101,0.877124,0.246691,0.411152,82.6937
lightbox/images/img002550.jpg,lightbox,1,14704,1,70254,0.145617,0.931951,0.262111,0.203864,105.781
lightbox/images/img002560.jpg,lightbox,3,24456,3,43071,-0.254457,-0.311003,0.141365,0.904735,68.8103
lightbox/images/img002572.jpg,lightbox,2,32341,1,31643,0.439725,0.74059,0.254578,-0.439725,58.2366
lightbox/images/img002591.jpg,lightbox,0,67767,2,06165,-0.514341,-0.269417,0.783758,-0.220432,172.814
lightbox/images/img002600.jpg,lightbox,0,63511,2,61576,-0.0829819,0.193624,0.88514,0.41491,129.885
lightbox/images/img002603.jpg,lightbox,0,31742,2,31443,0.453539,0.0716115,0.763856,-0.453539,88.6601
lightbox/images/img002607.jpg,lightbox,0,42103,1,06337,-0.441447,0.830959,-0.0259675,-0.337577,75.0405
lightbox/images/img002610.jpg,lightbox,0,46205,2,42424,-0.656904,-0.233095,0.678094,0.233095,143.302
lightbox/images/img002612.jpg,lightbox,0,71021,1,07311,-0.0277457,0.887862,-0.19422,-0.416185,132.542
lightbox/images/img002626.jpg,lightbox,1,35215,1,31665,0.442579,0.745396,0.302817,-0.395992,15.998
lightbox/images/img002649.jpg,lightbox,0,10267,2,72504,0.231226,0.43676,0.822136,0.282609,148.078
lightbox/images/img002654.jpg,lightbox,2,07235,2,34250,0.141365,0.254457,0.904735,-0.311003,62.0576
lightbox/images/img002656.jpg,lightbox,0,03334,1,14622,0.0270864,0.866766,-0.46047,-0.189605,165.711
lightbox/images/img002660.jpg,lightbox,0,30233,3,40367,-0.494563,-0.40036,0.164854,0.753619,66.2988
lightbox/images/img002663.jpg,lightbox,1,70343,2,43572,-0.0837545,-0.251263,0.893381,0.362936,169.233
lightbox/images/img002666.jpg,lightbox,0,11634,1,56133,0.372793,0.795292,-0.223676,0.422499,117.73
lightbox/images/img002669.jpg,lightbox,0,63154,2,61502,-0.205262,0.0879694,0.93834,0.263908,147.758
lightbox/images/img002686.jpg,lightbox,3,62424,1,07014,-0.280397,0.8157,-0.38236,-0.331378,152.317
lightbox/images/img002695.jpg,lightbox,1,02122,2,61607,-0.343176,0.29038,0.844742,0.29038,176.792
lightbox/images/img002696.jpg,lightbox,3,71220,3,70524,0.254457,0.141365,0.311003,0.904735,47.871
lightbox/images/img002700.jpg,lightbox,0,25144,0,25371,0.882444,-0.0275764,0.358493,-0.30334,44.9194
lightbox/images/img002702.jpg,lightbox,3,63400,3,43507,-0.136641,-0.355266,0.300609,0.8745,95.8133
lightbox/images/img002705.jpg,lightbox,2,02075,0,07052,0.844742,-0.29038,-0.343176,-0.29038,126.592
lightbox/images/img002733.jpg,lightbox,1,41552,1,30564,0.238919,0.849491,0.132733,-0.451292,136.382
lightbox/images/img002734.jpg,lightbox,2,77371,2,17626,0.464578,-0.0273281,0.8745,-0.136641,93.7745
lightbox/images/img002749.jpg,lightbox,0,34061,3,25602,-0.398199,0.292013,-0.185826,0.849491,99.4147
lightbox/images/img002758.jpg,lightbox,3,56530,2,66501,-0.430548,0.348539,0.656074,0.512558,114.331
lightbox/images/img002760.jpg,lightbox,1,10457,1,27605,-0.302817,0.745396,0.582341,-0.116468,164.909
lightbox/images/img002768.jpg,lightbox,0,20161,2,64702,-0.479687,0.229416,0.667391,0.521399,96.7907
lightbox/images/img002770.jpg,lightbox,0,00034,2,06015,-0.553103,-0.331862,0.707972,-0.287613,138.603
lightbox/images/img002801.jpg,lightbox,0,61715,2,41221,-0.329669,-0.481824,0.811493,0.0253592,171.892
lightbox/images/img002803.jpg,lightbox,2,71260,2,71047,0.500173,0.0789747,0.842397,0.184274,32.5441
lightbox/images/img002805.jpg,lightbox,1,16355,1,16241,0.0864945,0.922608,-0.20182,-0.317146,36.4632
lightbox/images/img002808.jpg,lightbox,3,02633,2,07205,-0.346083,-0.186352,0.851896,-0.346083,124.276
lightbox/images/img002828.jpg,lightbox,2,22630,1,44557,-0.304593,0.573351,-0.5196,0.555434,169.204
lightbox/images/img002831.jpg,lightbox,3,21740,1,31444,0.424602,0.799251,0.0249766,-0.424602,153.976
lightbox/images/img002832.jpg,lightbox,2,25430,2,16652,0.151934,-0.151934,0.972379,-0.0911606,65.6427
lightbox/images/img002839.jpg,lightbox,1,36214,2,71543,0.61443,0.06827,0.728214,0.295837,123.41
lightbox/images/img002841.jpg,lightbox,3,46135,1,47173,-0.0254246,0.813589,-0.228822,0.533917,168.338
lightbox/images/img002843.jpg,lightbox,0,05227,2,42424,-0.656904,-0.233095,0.678094,0.233095,74.0341
lightbox/images/img002852.jpg,lightbox,1,63417,1,65304,-0.179842,0.822136,0.231226,0.488143,37.5389
lightbox/images/img002858.jpg,lightbox,2,43547,2,61146,-0.208145,0.0892052,0.951522,0.208145,55.0314
lightbox/images/img002868.jpg,lightbox,0,20732,1,41666,-0.357244,0.762121,-0.404877,0.357244,58.7019
lightbox/images/img002869.jpg,lightbox,3,07365,1,21617,-0.220432,0.783758,0.269417,-0.514341,108.384
lightbox/images/img002879.jpg,lightbox,1,54776,3,30772,0.308216,0.355634,-0.45047,0.758686,39.6863
lightbox/images/img002885.jpg,lightbox,0,11141,1,44656,-0.480689,0.569705,-0.373869,0.551902,174.267
lightbox/images/img002917.jpg,lightbox,2,72334,1,16217,0.196657,0.899004,-0.140469,-0.36522,117.638
lightbox/images/img002918.jpg,lightbox,1,42665,1,42534,-0.471042,0.793334,-0.272709,0.272709,32.1225
lightbox/images/img002932.jpg,lightbox,1,66220,1,56026,0.0261087,0.835478,-0.234978,0.496065,121.189
lightbox/images/img002960.jpg,lightbox,2,26717,1,21637,-0.213862,0.760398,0.356436,-0.499011,65.5423
lightbox/images/img002963.jpg,lightbox,0,02522,2,42566,-0.533443,-0.208739,0.742182,0.347898,110.198
lightbox/images/img002976.jpg,lightbox,0,22364,1,47227,-0.329669,0.811493,-0.0253592,0.481824,79.9391
lightbox/images/img002978.jpg,lightbox,2,36135,2,35644,0.455158,0.240966,0.856767,-0.026774,45.7592
lightbox/images/img002980.jpg,lightbox,2,07467,2,16502,0.247436,-0.357407,0.879772,-0.19245,72.496
lightbox/images/img002988.jpg,lightbox,1,43036,1,16036,0.138728,0.887862,-0.249711,-0.360694,76.2419
lightbox/images/img002996.jpg,lightbox,0,67410,2,60516,-0.488143,0.0770752,0.822136,0.282609,167.323
lightbox/images/img002999.jpg,lightbox,3,73030,3,71203,0.489437,0.283358,0.0257599,0.824315,26.3244
lightbox/images/img003010.jpg,lightbox,0,25317,2,25573,-0.0303869,0.212708,0.972379,-0.0911606,147.487
lightbox/images/img003030.jpg,lightbox,2,65367,2,65135,-0.0266217,0.133109,0.851896,0.505813,32.1744
lightbox/images/img003033.jpg,lightbox,0,07752,3,16363,0.309033,-0.0280939,-0.309033,0.899004,147.196
lightbox/images/img003038.jpg,lightbox,3,13621,2,01576,-0.0679889,-0.566575,0.725215,-0.385271,100.565
lightbox/images/img003043.jpg,lightbox,2,35047,1,12747,0.287982,0.837765,-0.130901,-0.445063,158.862
lightbox/images/img003052.jpg,lightbox,0,02766,2,60715,-0.43676,0.231226,0.822136,0.282609,110.566
lightbox/images/img003062.jpg,lightbox,1,11202,1,41646,-0.342773,0.73125,-0.479882,0.342773,143.96
lightbox/images/img003063.jpg,lightbox,3,42604,2,41524,-0.159628,-0.615707,0.729727,0.250844,114.382
lightbox/images/img003081.jpg,lightbox,2,41531,1,14674,0.133109,0.851896,-0.505813,-0.0266217,44.7107
lightbox/images/img003090.jpg,lightbox,3,70672,2,70744,0.239596,0.239596,0.851896,0.399326,79.7617
lightbox/images/img003094.jpg,lightbox,0,55230,3,51222,0.424602,-0.424602,0.0249766,0.799251,132.022
lightbox/images/img003096.jpg,lightbox,0,16420,1,14421,0.0704956,0.751953,-0.63446,-0.16449,143.873
lightbox/images/img003106.jpg,lightbox,1,07743,1,25146,-0.205262,0.93834,0.0879694,-0.263908,35.1358
lightbox/images/img003113.jpg,lightbox,0,17625,0,11662,0.722254,0.383697,-0.383697,-0.428838,52.0017
lightbox/images/img003114.jpg,lightbox,0,12625,1,14227,0.0776931,0.828726,-0.440261,-0.33667,139.826
lightbox/images/img003119.jpg,lightbox,2,70534,1,56216,0.131991,0.844742,-0.131991,0.501565,156.147
lightbox/images/img003129.jpg,lightbox,0,44752,1,14224,0.0253592,0.811493,-0.481824,-0.329669,149.227
lightbox/images/img003146.jpg,lightbox,3,71635,3,71403,0.494718,0.0781133,0.23434,0.833209,28.8795
lightbox/images/img003153.jpg,lightbox,3,02716,1,07241,-0.352124,0.866766,-0.189605,-0.297951,171.653
lightbox/images/img003157.jpg,lightbox,2,51610,1,67030,-0.254034,0.739008,0.484974,0.392598,172.882
lightbox/images/img003166.jpg,lightbox,3,07353,3,15262,0.409549,-0.409549,-0.265003,0.770916,63.3237
lightbox/images/img003174.jpg,lightbox,0,51074,2,36160,0.220432,0.514341,0.783758,-0.269417,168.812
lightbox/images/img003177.jpg,lightbox,2,46022,2,14333,0.357244,-0.404877,0.762121,-0.357244,152.221
lightbox/images/img003181.jpg,lightbox,2,50362,1,61327,-0.139591,0.893381,0.418772,0.0837545,173.812
lightbox/images/img003184.jpg,lightbox,0,06073,0,06761,0.830959,-0.545317,-0.0779024,-0.0779024,25.2743
lightbox/images/img003186.jpg,lightbox,2,43035,2,61314,-0.0895223,0.268567,0.954905,0.0895223,69.5421
lightbox/images/img003187.jpg,lightbox,0,10045,2,42525,-0.508279,-0.266242,0.774521,0.266242,40.9656
lightbox/images/img003199.jpg,lightbox,0,07513,2,75102,0.566575,0.0679889,0.725215,0.385271,161.744
lightbox/images/img003213.jpg,lightbox,0,13515,1,13613,0.501067,0.697136,-0.108928,-0.501067,28.6773
lightbox/images/img003215.jpg,lightbox,3,15464,1,56163,0.269417,0.783758,-0.220432,0.514341,178.431
lightbox/images/img003217.jpg,lightbox,1,60725,1,61677,-0.228232,0.811493,0.380387,0.380387,35.4921
lightbox/images/img003220.jpg,lightbox,0,56702,2,52656,0.138728,-0.138728,0.887862,0.416185,152.937
lightbox/images/img003221.jpg,lightbox,2,46341,1,75066,0.390934,0.735875,0.160973,0.52891,171.37
lightbox/images/img003224.jpg,lightbox,1,21671,1,71425,0.485586,0.817829,0.127786,0.281129,124.078
lightbox/images/img003228.jpg,lightbox,2,56651,2,56654,0.11019,-0.154266,0.705215,0.683177,6.21837
lightbox/images/img003229.jpg,lightbox,2,27014,2,25677,-0.246691,0.411152,0.877124,-0.0274101,37.9793
lightbox/images/img003246.jpg,lightbox,3,21524,1,01567,-0.112852,0.722254,-0.564261,-0.383697,168.234
lightbox/images/img003256.jpg,lightbox,0,52750,1,61506,-0.20182,0.922608,0.0864945,0.317146,153.462
lightbox/images/img003263.jpg,lightbox,0,63064,1,06230,-0.60571,0.717879,-0.0673011,-0.336506,71.5434
lightbox/images/img003266.jpg,lightbox,0,63455,0,25276,0.840072,-0.288775,0.393784,-0.23627,70.4813
lightbox/images/img003286.jpg,lightbox,1,56645,1,10522,0.189358,0.673274,-0.525995,-0.483916,150.539
lightbox/images/img003298.jpg,lightbox,2,37443,1,52756,0.342224,0.842397,-0.131625,0.394874,132.591
lightbox/images/img003301.jpg,lightbox,1,16264,1,16266,0.0300557,0.961781,-0.0300557,-0.270501,4.91594
lightbox/images/img003302.jpg,lightbox,1,10466,1,14027,0.0701862,0.748653,-0.584885,-0.30414,10.3394
lightbox/images/img003309.jpg,lightbox,0,24766,1,60506,-0.560642,0.780024,0.0731272,0.268133,65.2582
lightbox/images/img003313.jpg,lightbox,1,35614,2,07117,-0.0270864,-0.352124,0.866766,-0.352124,172.333
lightbox/images/img003317.jpg,lightbox,1,50240,1,25537,-0.0301648,0.965275,0.211154,-0.150824,100.939
lightbox/images/img003338.jpg,lightbox,1,47137,1,43347,-0.149204,0.954905,-0.149204,0.208885,37.0789
lightbox/images/img003361.jpg,lightbox,1,06011,1,06351,-0.441447,0.830959,-0.181772,-0.285642,27.792
lightbox/images/img003364.jpg,lightbox,1,34351,1,35651,0.567426,0.789462,0.222036,-0.0740121,32.7067
lightbox/images/img003366.jpg,lightbox,3,21725,1,07242,-0.40161,0.856767,-0.13387,-0.294514,162.844
lightbox/images/img003374.jpg,lightbox,0,07764,0,60762,0.725215,-0.521249,0.339945,0.294619,80.3417
lightbox/images/img003385.jpg,lightbox,3,52027,3,43571,-0.0275764,-0.30334,0.358493,0.882444,35.5619
lightbox/images/img003389.jpg,lightbox,0,51503,1,30777,0.357244,0.762121,0.357244,-0.404877,140.062
lightbox/images/img003392.jpg,lightbox,0,75300,1,70454,0.140028,0.896179,0.0280056,0.420084,82.0363
lightbox/images/img003395.jpg,lightbox,2,71004,2,65045,-0.313185,0.0240911,0.770916,0.554096,105.803
lightbox/images/img003397.jpg,lightbox,2,03053,2,03536,-0.0760775,-0.228232,0.811493,-0.532542,22.1843
lightbox/images/img003403.jpg,lightbox,0,54326,1,70644,0.0274101,0.877124,0.246691,0.411152,146.925
lightbox/images/img003425.jpg,lightbox,1,23106,1,12035,0.155173,0.709362,-0.243843,-0.642859,83.0477
lightbox/images/img003426.jpg,lightbox,0,70046,0,60662,0.656074,-0.635572,0.307535,0.26653,87.7022
lightbox/images/img003429.jpg,lightbox,1,40624,1,16037,0.19245,0.879772,-0.247436,-0.357407,125.537
lightbox/images/img003440.jpg,lightbox,0,36276,1,71504,0.594061,0.760398,0.0237624,0.261387,123.799
lightbox/images/img003445.jpg,lightbox,2,07775,2,43371,-0.0307293,-0.0921878,0.983336,0.153646,22.1738
lightbox/images/img003449.jpg,lightbox,0,61163,2,25522,-0.204559,0.204559,0.935129,-0.204559,169.128
lightbox/images/img003465.jpg,lightbox,0,35120,1,51663,0.442579,0.745396,-0.395992,0.302817,105.773
lightbox/images/img003469.jpg,lightbox,1,52272,1,25152,-0.0879694,0.93834,0.0879694,-0.322554,63.5789
lightbox/images/img003473.jpg,lightbox,1,04232,1,60665,-0.610155,0.673274,0.273518,0.315597,108.585
lightbox/images/img003475.jpg,lightbox,2,50064,2,70207,0.0879694,0.322554,0.93834,0.0879694,118.365
lightbox/images/img003476.jpg,lightbox,1,55624,2,02532,-0.425385,-0.201498,0.716438,-0.51494,64.9361
lightbox/images/img003477.jpg,lightbox,3,61703,1,25341,-0.141365,0.904735,0.254457,-0.311003,168.698
lightbox/images/img003481.jpg,lightbox,1,20066,1,46177,-0.387667,0.729727,-0.205236,0.524491,134.037
lightbox/images/img003484.jpg,lightbox,0,73467,0,72553,0.758686,0.355634,0.45047,0.308216,10.8263
lightbox/images/img003487.jpg,lightbox,1,70421,1,41527,-0.118015,0.755297,-0.590076,0.259633,92.6248
lightbox/images/img003492.jpg,lightbox,0,14232,2,61423,-0.357407,0.19245,0.879772,0.247436,83.7397
lightbox/images/img003497.jpg,lightbox,1,23065,1,31654,0.490232,0.74702,0.210099,-0.396854,95.3535
lightbox/images/img003518.jpg,lightbox,1,60142,1,06651,-0.605095,0.774521,-0.169426,-0.0726113,36.3204
lightbox/images/img003520.jpg,lightbox,1,61713,1,25744,-0.205971,0.941584,0.26482,-0.0294245,38.3798
lightbox/images/img003529.jpg,lightbox,2,55704,1,54224,0.0239251,0.765603,-0.454577,0.454577,138.78
lightbox/images/img003536.jpg,lightbox,0,72056,2,61645,-0.33577,0.232456,0.826512,0.387427,153.238
lightbox/images/img003544.jpg,lightbox,2,24614,1,47227,-0.329669,0.811493,-0.0253592,0.481824,146.307
lightbox/images/img003555.jpg,lightbox,0,76622,1,74164,0.220963,0.785646,0.122757,0.564683,119.294
lightbox/images/img003567.jpg,lightbox,0,05737,2,70603,0.0853666,0.313011,0.910577,0.2561,133.596
lightbox/images/img003571.jpg,lightbox,2,57067,2,56066,0.024731,-0.222579,0.791391,0.568812,45.3916
lightbox/images/img003572.jpg,lightbox,3,54142,1,64334,-0.434179,0.73125,0.29707,0.434179,167.499
lightbox/images/img003580.jpg,lightbox,0,50214,2,07066,-0.399326,-0.239596,0.851896,-0.239596,62.5918
lightbox/images/img003583.jpg,lightbox,1,71212,1,53613,0.564683,0.785646,-0.122757,0.220963,53.014
lightbox/images/img003593.jpg,lightbox,2,11253,1,21646,-0.368271,0.785646,0.270066,-0.417374,169.455
lightbox/images/img003595.jpg,lightbox,2,36500,2,07512,-0.0848189,-0.367549,0.904735,-0.197911,106.718
lightbox/images/img003602.jpg,lightbox,0,10730,2,16577,0.411152,-0.246691,0.877124,-0.0274101,163.145
lightbox/images/img003605.jpg,lightbox,3,57600,1,60550,-0.481824,0.811493,0.0253592,0.329669,173.4
lightbox/images/img003607.jpg,lightbox,1,12405,1,43413,-0.244497,0.869321,-0.353162,0.244497,97.0376
lightbox/images/img003622.jpg,lightbox,0,21514,3,42373,-0.464578,-0.0273281,0.136641,0.8745,59.7602
lightbox/images/img003624.jpg,lightbox,2,07344,2,07344,-0.20182,-0.20182,0.922608,-0.259483,1.74736
lightbox/images/img003627.jpg,lightbox,1,15774,1,56326,0.234978,0.835478,-0.0261087,0.496065,89.1045
lightbox/images/img003643.jpg,lightbox,3,22654,2,16576,0.364073,-0.25205,0.896179,-0.0280056,103.62
lightbox/images/img003647.jpg,lightbox,3,61742,1,61511,-0.0300557,0.961781,0.0300557,0.270501,116.949
lightbox/images/img003651.jpg,lightbox,0,53126,1,56161,0.266242,0.774521,-0.266242,0.508279,80.4225
lightbox/images/img003652.jpg,lightbox,1,74343,1,56163,0.269417,0.783758,-0.220432,0.514341,53.8701
lightbox/images/img003660.jpg,lightbox,2,66145,2,60746,-0.527795,0.252424,0.734324,0.344214,23.6102
lightbox/images/img003664.jpg,lightbox,1,71504,1,71556,0.632983,0.698464,0.065481,0.327405,12.6684
lightbox/images/img003671.jpg,lightbox,3,50157,1,60555,-0.433341,0.8157,0.0254906,0.38236,134.065
lightbox/images/img003684.jpg,lightbox,3,65671,2,56566,0.194235,-0.194235,0.690612,0.66903,70.8747
lightbox/images/img003687.jpg,lightbox,0,23317,1,64555,-0.356417,0.670902,0.0209657,0.649937,105.383
lightbox/images/img003688.jpg,lightbox,0,40676,1,65107,-0.132733,0.849491,0.0796398,0.504385,129.158
lightbox/images/img003690.jpg,lightbox,0,34440,1,41323,-0.136641,0.8745,-0.464578,0.0273281,166.045
lightbox/images/img003706.jpg,lightbox,2,21142,2,21313,-0.0217855,0.239641,0.697136,-0.675351,29.0535
lightbox/images/img003710.jpg,lightbox,1,70507,1,17002,0.411464,0.774521,-0.314649,-0.363057,92.2776
lightbox/images/img003726.jpg,lightbox,3,16055,0,25611,0.910577,-0.2561,0.2561,-0.199189,177.701
lightbox/images/img003731.jpg,lightbox,0,34757,0,27242,0.698464,-0.327405,0.589329,-0.240097,96.1191
lightbox/images/img003737.jpg,lightbox,0,06533,2,06531,-0.441447,-0.285642,0.830959,-0.181772,130.167
lightbox/images/img003739.jpg,lightbox,2,63115,2,70621,0.0837545,0.362936,0.893381,0.251263,23.5638
lightbox/images/img003742.jpg,lightbox,1,71341,0,35163,0.729727,0.615707,0.159628,-0.250844,44.3436
lightbox/images/img003743.jpg,lightbox,3,75003,1,74163,0.272041,0.791391,0.173117,0.51935,96.7938
lightbox/images/img003749.jpg,lightbox,0,56107,1,70644,0.0274101,0.877124,0.246691,0.411152,136.934
lightbox/images/img003750.jpg,lightbox,0,62404,1,60003,-0.669726,0.739008,0.069282,0.023094,57.8491
lightbox/images/img003767.jpg,lightbox,2,31766,1,35504,0.610847,0.781884,0.0244339,-0.122169,101.109
lightbox/images/img003769.jpg,lightbox,0,64527,0,62140,0.74059,-0.532299,0.393438,0.115717,62.579
lightbox/images/img003772.jpg,lightbox,1,04335,1,56040,0.024318,0.778177,-0.36477,0.510678,111.556
lightbox/images/img003776.jpg,lightbox,2,34513,2,17247,0.492056,-0.129488,0.828726,-0.233079,27.8552
lightbox/images/img003790.jpg,lightbox,1,56641,1,21714,-0.0760775,0.811493,0.228232,-0.532542,155.236
lightbox/images/img003805.jpg,lightbox,1,71472,1,15264,0.405798,0.763856,-0.453539,-0.214834,99.7159
lightbox/images/img003807.jpg,lightbox,3,02363,3,21627,-0.301511,0.347898,-0.487057,0.742182,45.3212
lightbox/images/img003817.jpg,lightbox,3,35277,0,15662,0.797264,0.423547,-0.423547,-0.0747435,105.04
lightbox/images/img003822.jpg,lightbox,1,72445,1,70646,0.0270073,0.864234,0.29708,0.40511,16.8203
lightbox/images/img003823.jpg,lightbox,0,65363,0,27444,0.8157,-0.38236,0.433341,-0.0254906,71.0083
lightbox/images/img003824.jpg,lightbox,0,71462,3,70654,0.135831,0.244497,0.407494,0.869321,107.844
lightbox/images/img003832.jpg,lightbox,1,34266,2,07317,-0.0286417,-0.143208,0.916533,-0.372342,142.118
lightbox/images/img003836.jpg,lightbox,0,27053,0,25326,0.835478,-0.182761,0.39163,-0.339413,11.6227
lightbox/images/img003845.jpg,lightbox,1,31551,1,35506,0.609394,0.780024,0.0731272,-0.121879,33.6858
lightbox/images/img003846.jpg,lightbox,0,40120,2,44553,-0.310635,-0.529907,0.584725,0.529907,148.025
lightbox/images/img003848.jpg,lightbox,0,16661,1,52611,0.20182,0.922608,-0.20182,0.259483,147.222
lightbox/images/img003853.jpg,lightbox,2,30376,2,30616,0.124573,0.27406,0.797264,-0.523205,21.7861
lightbox/images/img003867.jpg,lightbox,1,56422,1,47343,-0.128459,0.822136,-0.128459,0.539527,23.3755
lightbox/images/img003868.jpg,lightbox,0,41272,2,21447,-0.33667,0.0776931,0.828726,-0.440261,86.6226
lightbox/images/img003870.jpg,lightbox,0,75242,0,74171,0.772712,0.362209,0.120736,0.507093,16.9746
lightbox/images/img003889.jpg,lightbox,3,15612,2,71624,0.424602,0.324696,0.799251,0.274743,165.851
lightbox/images/img003893.jpg,lightbox,0,77246,2,15572,0.580116,-0.5001,0.640128,-0.060012,119.706
lightbox/images/img003897.jpg,lightbox,3,61641,2,74216,0.127786,0.281129,0.817829,0.485586,88.9516
lightbox/images/img003900.jpg,lightbox,1,10223,1,12654,0.134255,0.859235,-0.187958,-0.456468,38.4927
lightbox/images/img003904.jpg,lightbox,3,00213,2,03604,-0.359701,-0.16786,0.767362,-0.503581,119.54
lightbox/images/img003907.jpg,lightbox,0,70626,1,70566,0.24236,0.861723,0.188502,0.403933,128.722
lightbox/images/img003922.jpg,lightbox,1,65217,1,65273,-0.213862,0.760398,0.356436,0.499011,9.94543
lightbox/images/img003928.jpg,lightbox,1,75665,1,70744,0.239596,0.851896,0.239596,0.399326,39.7745
lightbox/images/img003936.jpg,lightbox,3,10245,2,17056,0.507093,-0.313914,0.772712,-0.217325,137.294
lightbox/images/img003944.jpg,lightbox,1,47671,1,21447,-0.33667,0.828726,0.0776931,-0.440261,137.658
lightbox/images/img003946.jpg,lightbox,0,10744,1,16302,0.244497,0.869321,-0.135831,-0.407494,111.005
lightbox/images/img003963.jpg,lightbox,0,06027,0,06346,0.785646,-0.564683,-0.122757,-0.220963,17.9168
lightbox/images/img003970.jpg,lightbox,2,43303,1,27411,-0.236924,0.842397,0.447523,-0.184274,141.405
lightbox/images/img003973.jpg,lightbox,0,53201,0,52103,0.882444,0.30334,-0.358493,0.0275764,28.9104
lightbox/images/img003976.jpg,lightbox,0,01252,3,61455,-0.246691,0.0274101,0.411152,0.877124,65.0194
lightbox/images/img003977.jpg,lightbox,1,35776,0,53536,0.703849,0.637864,-0.197958,0.241948,68.7109
lightbox/images/img003983.jpg,lightbox,3,35672,3,70307,0.308062,0.308062,0.0840168,0.896179,33.2306
lightbox/images/img003995.jpg,lightbox,0,63253,2,17606,0.46047,-0.135432,0.866766,-0.135432,52.4654
lightbox/images/img003997.jpg,lightbox,0,47225,0,61617,0.871899,-0.245222,0.299715,0.299715,48.4283
lightbox/images/img003998.jpg,lightbox,1,70303,1,27551,-0.0274929,0.879772,0.467379,-0.0824786,44.6937
lightbox/images/img004004.jpg,lightbox,1,14625,1,16054,0.135831,0.869321,-0.407494,-0.244497,16.4765
lightbox/images/img004031.jpg,lightbox,1,25203,1,07250,-0.30334,0.882444,-0.193035,-0.30334,58.6728
lightbox/images/img004033.jpg,lightbox,1,42431,3,47533,-0.0240354,-0.216319,0.600885,0.769133,164.005
lightbox/images/img004042.jpg,lightbox,2,50534,2,34542,0.268567,0.0895223,0.954905,-0.0895223,94.9439
lightbox/images/img004047.jpg,lightbox,0,22642,1,27514,-0.0817405,0.871899,0.463196,-0.136234,147.536
lightbox/images/img004053.jpg,lightbox,3,34567,1,16523,0.308062,0.896179,-0.25205,-0.196039,169.878
lightbox/images/img004055.jpg,lightbox,3,30274,1,00366,-0.463066,0.644266,-0.342266,-0.503333,174.231
lightbox/images/img004058.jpg,lightbox,0,27747,3,74153,0.36391,0.0727821,0.509475,0.776342,111.663
lightbox/images/img004062.jpg,lightbox,2,72644,2,70633,0.188502,0.403933,0.861723,0.24236,32.1811
lightbox/images/img004076.jpg,lightbox,3,00555,2,07007,-0.332243,-0.332243,0.817829,-0.332243,160.553
lightbox/images/img004081.jpg,lightbox,1,56663,1,74146,0.222036,0.789462,0.0740121,0.567426,21.3756
lightbox/images/img004088.jpg,lightbox,0,13437,3,40762,-0.512887,-0.37909,0.289893,0.713582,40.3832
lightbox/images/img004095.jpg,lightbox,2,71323,2,76004,0.0244339,0.415376,0.781884,0.464244,88.6763
lightbox/images/img004096.jpg,lightbox,0,33522,2,33414,0.448231,0.362854,0.683019,-0.448231,35.3379
lightbox/images/img004099.jpg,lightbox,1,37645,1,52144,0.24236,0.861723,-0.403933,0.188502,120.372
lightbox/images/img004100.jpg,lightbox,2,70762,2,16547,0.30334,-0.358493,0.882444,-0.0275764,97.5501
lightbox/images/img004110.jpg,lightbox,3,64240,3,64110,-0.464244,0.0244339,0.415376,0.781884,28.1247
lightbox/images/img004112.jpg,lightbox,2,45732,1,74144,0.222579,0.791391,0.024731,0.568812,176.959
lightbox/images/img004121.jpg,lightbox,2,34520,2,16253,0.200492,-0.143208,0.916533,-0.315058,35.8946
lightbox/images/img004127.jpg,lightbox,2,43375,2,61116,-0.092538,0.092538,0.987072,0.092538,25.8985
lightbox/images/img004128.jpg,lightbox,3,74001,1,75101,0.597351,0.707972,0.0221241,0.37611,132.633
lightbox/images/img004131.jpg,lightbox,1,47356,1,47327,-0.133109,0.851896,-0.0266217,0.505813,19.4657
lightbox/images/img004139.jpg,lightbox,0,25574,2,25541,-0.153646,0.0307293,0.983336,-0.0921878,178.843
lightbox/images/img004147.jpg,lightbox,3,63030,0,27242,0.698464,-0.327405,0.589329,-0.240097,113.78
lightbox/images/img004152.jpg,lightbox,1,42656,1,21647,-0.324696,0.799251,0.274743,-0.424602,108.24
lightbox/images/img004159.jpg,lightbox,2,25604,2,16342,0.254457,-0.141365,0.904735,-0.311003,91.149
lightbox/images/img004162.jpg,lightbox,3,34763,3,35032,0.503581,0.16786,-0.359701,0.767362,53.025
lightbox/images/img004168.jpg,lightbox,3,06135,3,06525,-0.523205,-0.27406,-0.124573,0.797264,24.7612
lightbox/images/img004172.jpg,lightbox,0,16764,2,71004,0.467379,0.0274929,0.879772,0.0824786,137.374
lightbox/images/img004182.jpg,lightbox,3,25670,1,21457,-0.240278,0.854321,0.0800926,-0.453858,176.815
lightbox/images/img004185.jpg,lightbox,2,07073,2,16164,0.248946,-0.304267,0.88514,-0.248946,56.3344
lightbox/images/img004186.jpg,lightbox,1,07271,1,41261,-0.327154,0.805302,-0.478148,0.125828,70.3708
lightbox/images/img004191.jpg,lightbox,0,71204,2,72514,0.324696,0.424602,0.799251,0.274743,91.8027
lightbox/images/img004192.jpg,lightbox,3,75634,2,25047,-0.362936,0.0837545,0.893381,-0.251263,157.616
lightbox/images/img004198.jpg,lightbox,1,43475,1,43621,-0.362936,0.893381,-0.0837545,0.251263,31.8109
lightbox/images/img004210.jpg,lightbox,3,57311,2,52513,0.387427,-0.33577,0.826512,0.232456,84.612
lightbox/images/img004237.jpg,lightbox,3,25551,3,16523,0.308062,-0.25205,-0.196039,0.896179,50.3645
lightbox/images/img004238.jpg,lightbox,3,52337,3,43275,-0.263908,-0.0879694,0.205262,0.93834,82.3985
lightbox/images/img004243.jpg,lightbox,3,32204,2,31564,0.564261,0.112852,0.722254,-0.383697,104.271
lightbox/images/img004251.jpg,lightbox,3,06755,3,25421,-0.36522,0.140469,-0.196657,0.899004,42.2384
lightbox/images/img004260.jpg,lightbox,3,36606,1,65343,-0.124573,0.797264,0.27406,0.523205,57.1679
lightbox/images/img004264.jpg,lightbox,1,51641,1,07511,-0.0277457,0.887862,-0.416185,-0.19422,78.4367
lightbox/images/img004265.jpg,lightbox,3,02552,1,07333,-0.028273,0.904735,-0.028273,-0.424094,111.765
lightbox/images/img004267.jpg,lightbox,0,70105,0,12752,0.805302,0.327154,-0.125828,-0.478148,71.48
lightbox/images/img004274.jpg,lightbox,3,65224,1,46737,-0.37611,0.707972,-0.0221241,0.597351,72.5281
lightbox/images/img004277.jpg,lightbox,2,25123,2,25150,-0.0882735,0.0294245,0.941584,-0.323669,20.3797
lightbox/images/img004278.jpg,lightbox,3,61501,1,17656,0.543852,0.828726,-0.129488,-0.0258977,166.119
lightbox/images/img004281.jpg,lightbox,1,61272,1,61301,-0.148675,0.951522,0.267615,0.0297351,30.2343
lightbox/images/img004282.jpg,lightbox,1,70753,1,56032,0.132733,0.849491,-0.238919,0.451292,70.9356
lightbox/images/img004288.jpg,lightbox,2,64065,1,65346,-0.168638,0.770916,0.265003,0.554096,105.962
lightbox/images/img004296.jpg,lightbox,1,62762,1,07514,-0.0837545,0.893381,-0.418772,-0.139591,144.419
lightbox/images/img004297.jpg,lightbox,0,01567,2,25641,-0.362936,0.251263,0.893381,-0.0837545,79.4073
lightbox/images/img004300.jpg,lightbox,0,65575,2,16526,0.258625,-0.258625,0.919555,-0.143681,158.454
lightbox/images/img004306.jpg,lightbox,3,67017,1,70617,0.193035,0.882444,0.30334,0.30334,87.0202
lightbox/images/img004308.jpg,lightbox,1,22445,1,16063,0.0853666,0.910577,-0.2561,-0.313011,111.449
lightbox/images/img004316.jpg,lightbox,2,52135,2,61347,-0.143208,0.315058,0.916533,0.200492,98.6169
lightbox/images/img004324.jpg,lightbox,1,14711,1,61747,-0.13387,0.856767,0.294514,0.40161,134.728
lightbox/images/img004327.jpg,lightbox,3,63444,1,60505,-0.527146,0.80327,0.0251022,0.276124,85.5659
lightbox/images/img004336.jpg,lightbox,1,70475,1,74244,0.024731,0.791391,0.222579,0.568812,30.4968
lightbox/images/img004337.jpg,lightbox,0,21436,3,42572,-0.469888,-0.222579,0.321503,0.791391,92.8222
lightbox/images/img004362.jpg,lightbox,2,21553,1,35222,0.404877,0.762121,0.357244,-0.357244,112.058
lightbox/images/img004399.jpg,lightbox,1,66124,1,56224,0.026774,0.856767,-0.0803219,0.508706,86.5942
lightbox/images/img004402.jpg,lightbox,2,52331,2,72300,0.216319,0.600885,0.769133,0.0240354,83.1477
lightbox/images/img004412.jpg,lightbox,1,65657,1,60654,-0.595026,0.705215,0.198342,0.33057,61.345
lightbox/images/img004417.jpg,lightbox,0,25656,0,25621,0.851896,-0.346083,0.346083,-0.186352,19.852
lightbox/images/img004419.jpg,lightbox,3,51517,1,21646,-0.368271,0.785646,0.270066,-0.417374,68.3899
lightbox/images/img004421.jpg,lightbox,1,25275,2,25252,-0.295362,0.295362,0.859235,-0.295362,88.0572
lightbox/images/img004436.jpg,lightbox,2,36125,2,16411,0.190728,-0.408703,0.871899,-0.190728,110.174
lightbox/images/img004437.jpg,lightbox,0,30361,3,42375,-0.459124,-0.0810219,0.189051,0.864234,74.0477
lightbox/images/img004451.jpg,lightbox,3,24762,2,45371,-0.0233954,-0.444513,0.748653,0.491304,156.547
lightbox/images/img004458.jpg,lightbox,3,07147,1,61677,-0.228232,0.811493,0.380387,0.380387,178.689
lightbox/images/img004464.jpg,lightbox,2,14340,1,43511,-0.0274101,0.877124,-0.411152,0.246691,59.8076
lightbox/images/img004472.jpg,lightbox,1,24033,1,46533,-0.378339,0.712167,-0.200297,0.55638,119.809
lightbox/images/img004477.jpg,lightbox,1,07567,1,36506,0.233079,0.828726,0.492056,-0.129488,101.428
lightbox/images/img004478.jpg,lightbox,0,57206,0,74241,0.811493,0.0760775,0.228232,0.532542,58.0887
lightbox/images/img004483.jpg,lightbox,2,25434,2,25421,-0.36522,0.140469,0.899004,-0.196657,9.14037
lightbox/images/img004487.jpg,lightbox,0,56533,0,61773,0.849491,-0.0265466,0.398199,0.345106,86.1984
lightbox/images/img004488.jpg,lightbox,2,07001,2,07162,-0.196039,-0.25205,0.896179,-0.308062,23.6227
lightbox/images/img004494.jpg,lightbox,3,47341,1,74136,0.324696,0.799251,0.174836,0.474555,147.77
lightbox/images/img004508.jpg,lightbox,0,14157,2,12527,0.269417,-0.220432,0.783758,-0.514341,148.783
lightbox/images/img004510.jpg,lightbox,0,27171,3,70474,0.138728,0.138728,0.416185,0.887862,170.449
lightbox/images/img004511.jpg,lightbox,2,53425,2,52536,0.348062,-0.240966,0.856767,0.294514,15.999
lightbox/images/img004520.jpg,lightbox,1,50251,2,16056,0.138728,-0.360694,0.887862,-0.249711,73.6533
lightbox/images/img004526.jpg,lightbox,3,75012,1,56316,0.327154,0.805302,-0.125828,0.478148,117.31
lightbox/images/img004534.jpg,lightbox,1,50606,1,27554,-0.0824786,0.879772,0.467379,-0.0274929,126.408
lightbox/images/img004540.jpg,lightbox,0,37456,2,42644,-0.652234,-0.147279,0.673274,0.315597,146.67
lightbox/images/img004561.jpg,lightbox,3,52010,2,74224,0.0253592,0.329669,0.811493,0.481824,144.101
lightbox/images/img004572.jpg,lightbox,2,16743,1,16252,0.144639,0.925691,-0.144639,-0.318206,159.632
lightbox/images/img004578.jpg,lightbox,0,60663,1,56040,0.024318,0.778177,-0.36477,0.510678,127.081
lightbox/images/img004579.jpg,lightbox,0,03263,0,07225,0.864234,-0.351095,-0.0810219,-0.351095,33.5428
lightbox/images/img004580.jpg,lightbox,3,33335,2,00575,-0.35211,-0.559233,0.662794,-0.35211,35.7353
lightbox/images/img004581.jpg,lightbox,1,61127,1,25527,-0.149204,0.954905,0.208885,-0.149204,31.0425
lightbox/images/img004607.jpg,lightbox,1,05430,1,05341,-0.121303,0.776342,-0.557996,-0.266868,19.9766
lightbox/images/img004613.jpg,lightbox,3,43526,2,71404,0.448769,0.0263982,0.844742,0.29038,129.198
lightbox/images/img004617.jpg,lightbox,0,35056,2,52503,0.294514,-0.348062,0.856767,0.240966,174.815
lightbox/images/img004626.jpg,lightbox,3,36062,1,21746,-0.181772,0.830959,0.285642,-0.441447,177.425
lightbox/images/img004627.jpg,lightbox,0,11163,1,12753,0.370965,0.791391,-0.123655,-0.469888,56.1927
lightbox/images/img004633.jpg,lightbox,0,63473,1,71656,0.493469,0.751953,0.258484,0.352478,125.923
lightbox/images/img004636.jpg,lightbox,3,74647,1,74142,0.228232,0.811493,0.0760775,0.532542,101.245
lightbox/images/img004654.jpg,lightbox,1,73106,2,71314,0.65588,0.203549,0.72373,0.0678497,68.9451
lightbox/images/img004657.jpg,lightbox,3,52233,1,70651,0.19245,0.879772,0.247436,0.357407,136.039
lightbox/images/img004660.jpg,lightbox,2,14345,1,20611,-0.525995,0.673274,0.189358,-0.483916,148.966
lightbox/images/img004664.jpg,lightbox,1,60740,1,06211,-0.570099,0.729727,-0.159628,-0.342059,84.3613
lightbox/images/img004672.jpg,lightbox,0,42637,1,74052,0.129142,0.826512,0.0774855,0.542398,150.22
lightbox/images/img004688.jpg,lightbox,3,40714,3,70177,0.408703,0.190728,0.190728,0.871899,132.44
lightbox/images/img004698.jpg,lightbox,2,35540,1,14524,0.208739,0.742182,-0.626216,-0.115966,138.863
lightbox/images/img004704.jpg,lightbox,0,03202,1,12224,0.023094,0.739008,-0.069282,-0.669726,153.938
lightbox/images/img004710.jpg,lightbox,2,57307,2,70517,0.403933,0.0807866,0.861723,0.296217,39.3444
lightbox/images/img004713.jpg,lightbox,2,51211,1,05007,-0.276972,0.681778,-0.617861,-0.276972,44.7561
lightbox/images/img004719.jpg,lightbox,2,30463,2,35246,0.43676,0.282609,0.822136,-0.231226,51.572
lightbox/images/img004727.jpg,lightbox,3,25210,3,16633,0.208885,-0.0298408,-0.208885,0.954905,71.9723
lightbox/images/img004737.jpg,lightbox,3,13552,3,24121,-0.507093,0.120736,-0.362209,0.772712,143.989
lightbox/images/img004740.jpg,lightbox,0,31216,3,25507,-0.151934,0.0911606,-0.151934,0.972379,94.8412
lightbox/images/img004743.jpg,lightbox,3,56272,2,17056,0.507093,-0.313914,0.772712,-0.217325,141.84
lightbox/images/img004749.jpg,lightbox,3,27132,2,25242,-0.388465,0.284875,0.828726,-0.284875,141.444
lightbox/images/img004752.jpg,lightbox,1,54625,1,56166,0.217325,0.772712,-0.217325,0.555387,31.419
lightbox/images/img004773.jpg,lightbox,1,60316,1,60447,-0.632983,0.698464,0.065481,0.327405,44.547
lightbox/images/img004774.jpg,lightbox,0,36070,0,27173,0.781884,-0.0244339,0.561979,-0.268773,19.7585
lightbox/images/img004777.jpg,lightbox,1,06313,1,60655,-0.565414,0.72373,0.203549,0.339248,92.8802
lightbox/images/img004778.jpg,lightbox,0,47306,3,60571,-0.437917,0.128799,0.334878,0.824315,176.887
lightbox/images/img004781.jpg,lightbox,3,63265,1,74652,0.111497,0.713582,0.245294,0.646684,46.9974
lightbox/images/img004785.jpg,lightbox,1,51306,2,53446,0.411464,-0.314649,0.774521,0.363057,139.289
lightbox/images/img004799.jpg,lightbox,0,26574,0,40606,0.634068,-0.614253,-0.416107,0.217961,113.299
lightbox/images/img004802.jpg,lightbox,1,15464,1,56011,0.175715,0.80327,-0.376533,0.426737,60.6331
lightbox/images/img004804.jpg,lightbox,1,55573,2,00615,-0.488509,-0.449428,0.625291,-0.410347,29.4365
lightbox/images/img004812.jpg,lightbox,0,32566,3,34355,0.399326,0.239596,-0.239596,0.851896,165.452
lightbox/images/img004818.jpg,lightbox,3,34663,1,61657,-0.23627,0.840072,0.288775,0.393784,94.4581
lightbox/images/img004822.jpg,lightbox,0,60531,2,61056,-0.317146,0.0864945,0.922608,0.20182,163.149
lightbox/images/img004829.jpg,lightbox,3,46061,1,45633,-0.200297,0.712167,-0.378339,0.55638,163.21
lightbox/images/img004831.jpg,lightbox,2,70723,1,70523,0.308062,0.896179,0.196039,0.25205,98.0681
lightbox/images/img004840.jpg,lightbox,3,53027,2,61506,-0.20182,0.0864945,0.922608,0.317146,154.983
lightbox/images/img004841.jpg,lightbox,3,24376,1,41746,-0.16786,0.767362,-0.503581,0.359701,83.8959
lightbox/images/img004845.jpg,lightbox,1,06674,1,60575,-0.430001,0.809414,0.126471,0.379413,56.5851
lightbox/images/img004848.jpg,lightbox,1,71127,1,14576,0.304808,0.750298,-0.58617,-0.0234468,96.4943
lightbox/images/img004866.jpg,lightbox,3,16756,3,16376,0.364073,-0.0280056,-0.25205,0.896179,27.6525
lightbox/images/img004870.jpg,lightbox,0,65721,0,70474,0.887862,0.138728,0.138728,0.416185,44.2566
lightbox/images/img004872.jpg,lightbox,2,13460,1,15026,0.370354,0.697136,-0.544638,-0.283212,142.575
lightbox/images/img004875.jpg,lightbox,2,40466,2,24161,-0.523205,0.124573,0.797264,-0.27406,99.6626
lightbox/images/img004878.jpg,lightbox,2,32503,2,35006,0.440261,0.0776931,0.828726,-0.33667,52.1879
lightbox/images/img004883.jpg,lightbox,3,34164,3,07275,-0.260351,-0.0867835,-0.260351,0.925691,66.4329
lightbox/images/img004895.jpg,lightbox,3,67113,1,61647,-0.331378,0.8157,0.280397,0.38236,71.9228
lightbox/images/img004905.jpg,lightbox,2,40703,1,74244,0.024731,0.791391,0.222579,0.568812,169.628
lightbox/images/img004921.jpg,lightbox,0,71626,0,71506,0.758686,0.592723,0.0711268,0.260798,39.4231
lightbox/images/img004927.jpg,lightbox,0,74305,3,16533,0.403933,-0.24236,-0.188502,0.861723,100.889
lightbox/images/img004928.jpg,lightbox,3,17605,1,12524,0.220432,0.783758,-0.269417,-0.514341,128.583
lightbox/images/img004933.jpg,lightbox,1,15362,1,31644,0.414388,0.780024,0.219382,-0.414388,73.9148
lightbox/images/img004937.jpg,lightbox,1,63033,1,07612,-0.315058,0.916533,-0.143208,-0.200492,92.3043
lightbox/images/img004940.jpg,lightbox,3,41014,3,14020,0.022479,-0.606933,-0.337185,0.719328,56.6359
lightbox/images/img004950.jpg,lightbox,2,64346,1,66555,-0.335795,0.632085,0.335795,0.612333,64.9125
lightbox/images/img004967.jpg,lightbox,0,11666,2,17653,0.57735,-0.125511,0.80327,-0.0753066,167.675
lightbox/images/img004971.jpg,lightbox,0,75133,0,53067,0.822136,0.488143,-0.231226,0.179842,53.5023
lightbox/images/img004973.jpg,lightbox,3,61613,1,61677,-0.228232,0.811493,0.380387,0.380387,83.8779
lightbox/images/img004974.jpg,lightbox,2,21162,1,12442,0.0253592,0.811493,-0.329669,-0.481824,159.282
lightbox/images/img004979.jpg,lightbox,2,71546,1,07327,-0.143208,0.916533,-0.0286417,-0.372342,161.727
lightbox/images/img004980.jpg,lightbox,2,24105,3,23343,-0.0998603,0.539246,-0.539246,0.639106,110.747
lightbox/images/img004990.jpg,lightbox,1,16547,1,52013,0.198547,0.907642,-0.368729,0.0283638,13.8603
lightbox/images/img004993.jpg,lightbox,2,61501,2,61522,-0.20182,0.20182,0.922608,0.259483,24.3185
lightbox/images/img004999.jpg,lightbox,1,02461,0,06666,0.717879,-0.695445,-0.0224337,-0.0224337,57.2129
lightbox/images/img005001.jpg,lightbox,3,52354,1,21447,-0.33667,0.828726,0.0776931,-0.440261,98.3147
lightbox/images/img005008.jpg,lightbox,3,27766,1,21637,-0.213862,0.760398,0.356436,-0.499011,157.22
lightbox/images/img005015.jpg,lightbox,3,03620,3,07446,-0.398199,-0.345106,-0.0265466,0.849491,68.8587
lightbox/images/img005016.jpg,lightbox,1,21611,2,21444,-0.38236,0.0254906,0.8157,-0.433341,116.784
lightbox/images/img005023.jpg,lightbox,3,52270,1,70611,0.199189,0.910577,0.2561,0.2561,156.189
lightbox/images/img005026.jpg,lightbox,2,50673,1,50606,0.0251022,0.80327,-0.527146,0.276124,94.9912
lightbox/images/img005038.jpg,lightbox,0,06611,0,06266,0.703849,-0.681854,-0.0219953,-0.197958,19.4068
lightbox/images/img005058.jpg,lightbox,3,63725,1,23344,-0.145236,0.663935,0.518699,-0.518699,158.471
lightbox/images/img005059.jpg,lightbox,2,25761,1,14626,0.0273281,0.8745,-0.464578,-0.136641,169.136
lightbox/images/img005084.jpg,lightbox,2,52477,2,25552,-0.092538,0.092538,0.987072,-0.092538,78.4651
lightbox/images/img005085.jpg,lightbox,1,34277,1,27540,-0.189051,0.864234,0.459124,-0.0810219,44.5971
lightbox/images/img005088.jpg,lightbox,3,25106,3,25166,-0.20182,0.20182,-0.259483,0.922608,16.54
lightbox/images/img005105.jpg,lightbox,1,50134,2,34502,0.263908,0.0879694,0.93834,-0.205262,127.686
lightbox/images/img005106.jpg,lightbox,0,55326,0,53463,0.791391,0.469888,-0.222579,0.321503,22.4115
lightbox/images/img005114.jpg,lightbox,3,05311,1,16210,0.137464,0.879772,-0.19245,-0.412393,87.5188
lightbox/images/img005124.jpg,lightbox,3,16776,3,16775,0.422745,-0.084549,-0.028183,0.901856,8.68199
lightbox/images/img005125.jpg,lightbox,0,67510,2,64173,-0.40036,0.164854,0.753619,0.494563,148.194
lightbox/images/img005137.jpg,lightbox,2,13405,2,16504,0.244497,-0.407494,0.869321,-0.135831,46.4259
lightbox/images/img005147.jpg,lightbox,3,63724,1,65344,-0.17063,0.780024,0.219382,0.560642,22.7473
lightbox/images/img005151.jpg,lightbox,3,36162,2,71064,0.456468,0.134255,0.859235,0.187958,169.008
lightbox/images/img005156.jpg,lightbox,1,16626,1,25541,-0.153646,0.983336,0.0307293,-0.0921878,20.9948
lightbox/images/img005163.jpg,lightbox,1,74067,1,74526,0.207404,0.737437,0.161314,0.622212,19.3887
lightbox/images/img005164.jpg,lightbox,3,61243,1,07067,-0.353162,0.869321,-0.244497,-0.244497,162.262
lightbox/images/img005166.jpg,lightbox,0,16510,0,12574,0.799251,0.324696,-0.274743,-0.424602,33.9327
lightbox/images/img005174.jpg,lightbox,2,13360,2,20543,-0.490232,0.0700331,0.74702,-0.443543,124.367
lightbox/images/img005183.jpg,lightbox,2,47147,1,65106,-0.184274,0.842397,0.0789747,0.500173,168.949
lightbox/images/img005186.jpg,lightbox,2,44376,2,17556,0.642859,-0.288178,0.709362,-0.0221676,143.883
lightbox/images/img005192.jpg,lightbox,1,71270,2,43514,-0.0807866,-0.403933,0.861723,0.296217,173.348
lightbox/images/img005196.jpg,lightbox,3,34051,1,07316,-0.0856444,0.91354,-0.142741,-0.371126,146.116
lightbox/images/img005198.jpg,lightbox,0,65166,0,60772,0.758686,-0.45047,0.355634,0.308216,51.7679
lightbox/images/img005202.jpg,lightbox,2,30760,2,53214,0.538108,-0.179369,0.819974,0.0768726,95.4039
lightbox/images/img005213.jpg,lightbox,2,37202,2,35272,0.493469,0.352478,0.751953,-0.258484,31.6826
lightbox/images/img005220.jpg,lightbox,0,42525,1,44331,-0.383697,0.722254,-0.428838,0.383697,125.74
lightbox/images/img005221.jpg,lightbox,1,41606,2,07447,-0.352124,-0.352124,0.866766,-0.0270864,108.432
lightbox/images/img005232.jpg,lightbox,0,25011,2,25241,-0.348062,0.240966,0.856767,-0.294514,153.633
lightbox/images/img005233.jpg,lightbox,3,16057,3,14324,0.222579,-0.469888,-0.321503,0.791391,17.2883
lightbox/images/img005239.jpg,lightbox,3,43172,3,43542,-0.186352,-0.346083,0.346083,0.851896,28.8909
lightbox/images/img005244.jpg,lightbox,0,37466,1,31033,0.454311,0.632085,0.138269,-0.612333,92.7904
lightbox/images/img005253.jpg,lightbox,1,63731,1,14621,0.0789747,0.842397,-0.500173,-0.184274,150.104
lightbox/images/img005270.jpg,lightbox,0,63002,0,62441,0.663935,-0.601691,0.352715,0.269723,43.098
lightbox/images/img005271.jpg,lightbox,1,43215,1,42351,-0.456468,0.859235,-0.187958,0.134255,25.681
lightbox/images/img005273.jpg,lightbox,0,07014,0,25616,0.890609,-0.306147,0.306147,-0.139158,85.4037
lightbox/images/img005274.jpg,lightbox,1,03113,1,21646,-0.368271,0.785646,0.270066,-0.417374,81.9552
lightbox/images/img005281.jpg,lightbox,0,35456,1,70552,0.351095,0.864234,0.0810219,0.351095,82.108
lightbox/images/img005289.jpg,lightbox,2,25730,2,25771,-0.0288315,0.374809,0.922608,-0.0864945,11.8141
lightbox/images/img005290.jpg,lightbox,1,43264,1,61511,-0.0300557,0.961781,0.0300557,0.270501,46.6035
lightbox/images/img005305.jpg,lightbox,0,03430,3,71042,0.463196,0.0817405,0.136234,0.871899,160.745
lightbox/images/img005311.jpg,lightbox,0,53330,0,51363,0.703849,0.593873,-0.37392,0.109976,37.9845
lightbox/images/img005314.jpg,lightbox,1,34225,2,07217,-0.249711,-0.138728,0.887862,-0.360694,147.209
lightbox/images/img005315.jpg,lightbox,3,64053,2,52624,0.0294245,-0.0882735,0.941584,0.323669,99.8948
lightbox/images/img005320.jpg,lightbox,3,16106,1,21451,-0.234978,0.835478,0.0261087,-0.496065,80.3688
lightbox/images/img005327.jpg,lightbox,0,31770,2,03343,-0.117753,-0.117753,0.753619,-0.635866,143.408
lightbox/images/img005335.jpg,lightbox,3,70042,3,52523,0.304267,-0.248946,0.248946,0.88514,57.3203
lightbox/images/img005337.jpg,lightbox,1,14631,1,27451,-0.240278,0.854321,0.453858,-0.0800926,127.064
lightbox/images/img005341.jpg,lightbox,0,34542,1,52646,0.0280056,0.896179,-0.140028,0.420084,152.154
lightbox/images/img005345.jpg,lightbox,2,14277,2,25503,-0.150278,0.090167,0.961781,-0.21039,74.054
lightbox/images/img005367.jpg,lightbox,2,07752,2,70270,0.141819,0.368729,0.907642,0.141819,71.0329
lightbox/images/img005376.jpg,lightbox,1,27545,1,27457,-0.234978,0.835478,0.496065,-0.0261087,11.6872
lightbox/images/img005389.jpg,lightbox,0,76056,1,74126,0.231226,0.822136,0.179842,0.488143,107.252
lightbox/images/img005394.jpg,lightbox,1,60571,1,24155,-0.455158,0.856767,0.026774,-0.240966,67.0951
lightbox/images/img005396.jpg,lightbox,0,54340,3,30744,0.23434,0.23434,-0.442642,0.833209,69.1475
lightbox/images/img005401.jpg,lightbox,0,52313,0,34132,0.835478,0.339413,0.182761,-0.39163,62.2188
lightbox/images/img005404.jpg,lightbox,2,57750,1,56525,0.246276,0.716438,-0.246276,0.604494,155.912
lightbox/images/img005410.jpg,lightbox,0,63315,2,20565,-0.497888,0.118545,0.758686,-0.403052,175.138
lightbox/images/img005428.jpg,lightbox,0,20335,2,24364,-0.541664,0.306158,0.753619,-0.211955,165.299
lightbox/images/img005430.jpg,lightbox,2,26574,3,70766,0.228232,0.380387,0.380387,0.811493,136.44
lightbox/images/img005431.jpg,lightbox,1,76217,2,16574,0.358493,-0.30334,0.882444,-0.0275764,139.062
lightbox/images/img005444.jpg,lightbox,2,25564,1,25147,-0.148152,0.948174,0.0888913,-0.266674,149.287
lightbox/images/img005451.jpg,lightbox,0,03360,3,43077,-0.2561,-0.2561,0.199189,0.910577,83.1421
lightbox/images/img005481.jpg,lightbox,2,15223,1,70674,0.131625,0.842397,0.342224,0.394874,162.067
lightbox/images/img005482.jpg,lightbox,0,11021,3,45366,-0.160973,-0.390934,0.52891,0.735875,52.0694
lightbox/images/img005484.jpg,lightbox,2,22755,1,47102,-0.1789,0.817829,-0.332243,0.434472,166.966
lightbox/images/img005492.jpg,lightbox,0,00533,2,65316,-0.0770752,0.282609,0.822136,0.488143,76.4085
lightbox/images/img005495.jpg,lightbox,1,53253,1,51666,0.397722,0.748653,-0.397722,0.350931,45.565
lightbox/images/img005498.jpg,lightbox,2,50267,2,16406,0.0286417,-0.372342,0.916533,-0.143208,41.4558
lightbox/images/img005517.jpg,lightbox,2,63750,1,07412,-0.297951,0.866766,-0.352124,-0.189605,156.951
lightbox/images/img005519.jpg,lightbox,2,13013,3,13222,0.356417,-0.0209657,-0.649937,0.670902,98.7121
lightbox/images/img005525.jpg,lightbox,0,10703,2,16524,0.254457,-0.311003,0.904735,-0.141365,153.224
lightbox/images/img005530.jpg,lightbox,3,42215,3,24167,-0.525822,0.175274,-0.225352,0.801253,54.3398
lightbox/images/img005538.jpg,lightbox,0,72364,2,17611,0.566049,-0.172276,0.787547,-0.172276,61.9251
lightbox/images/img005563.jpg,lightbox,2,35257,2,35047,0.494718,0.0781133,0.833209,-0.23434,23.3916
lightbox/images/img005566.jpg,lightbox,2,16210,2,35066,0.447523,0.184274,0.842397,-0.236924,59.5682
lightbox/images/img005570.jpg,lightbox,3,03040,1,05411,-0.195698,0.695817,-0.674072,-0.15221,163.471
lightbox/images/img005572.jpg,lightbox,2,45707,1,42534,-0.471042,0.793334,-0.272709,0.272709,142.797
lightbox/images/img005576.jpg,lightbox,0,43231,2,65050,-0.276124,0.0251022,0.80327,0.527146,140.424
lightbox/images/img005577.jpg,lightbox,0,53714,1,53526,0.581081,0.743784,-0.209189,0.255676,19.0915
lightbox/images/img005578.jpg,lightbox,1,65425,1,65603,-0.295226,0.72671,0.249807,0.567742,16.8278
lightbox/images/img005586.jpg,lightbox,1,40326,1,61677,-0.228232,0.811493,0.380387,0.380387,107.742
lightbox/images/img005599.jpg,lightbox,3,03777,3,21751,-0.0261087,0.234978,-0.496065,0.835478,32.0417
lightbox/images/img005603.jpg,lightbox,0,56230,3,71203,0.489437,0.283358,0.0257599,0.824315,67.7512
lightbox/images/img005609.jpg,lightbox,2,72140,2,25574,-0.0921878,0.153646,0.983336,-0.0307293,57.4118
lightbox/images/img005620.jpg,lightbox,2,55237,2,47252,-0.27406,-0.124573,0.797264,0.523205,94.951
lightbox/images/img005627.jpg,lightbox,1,46333,1,41616,-0.266242,0.774521,-0.508279,0.266242,64.3828
lightbox/images/img005646.jpg,lightbox,3,74207,1,70424,0.0292228,0.935129,0.146114,0.321451,106.135
lightbox/images/img005651.jpg,lightbox,0,61270,2,16333,0.390567,-0.0260378,0.833209,-0.390567,105.848
lightbox/images/img005655.jpg,lightbox,0,24570,1,24353,-0.431106,0.811493,0.278951,-0.278951,89.2889
lightbox/images/img005662.jpg,lightbox,0,70725,2,25707,-0.144639,0.318206,0.925691,-0.144639,149.107
lightbox/images/img005667.jpg,lightbox,2,75360,2,24036,-0.608164,0.157672,0.720787,-0.29282,171.6
lightbox/images/img005668.jpg,lightbox,2,50727,1,07142,-0.189605,0.866766,-0.352124,-0.297951,73.9204
lightbox/images/img005675.jpg,lightbox,0,76123,2,24742,-0.560642,0.268133,0.780024,-0.0731272,177.834
lightbox/images/img005677.jpg,lightbox,1,30472,1,72105,0.289574,0.842397,0.447523,0.0789747,78.045
lightbox/images/img005682.jpg,lightbox,1,07460,1,07254,-0.308062,0.896179,-0.196039,-0.25205,24.8211
lightbox/images/img005692.jpg,lightbox,3,65213,2,56361,0.275431,-0.0751175,0.801253,0.525822,91.5946
lightbox/images/img005699.jpg,lightbox,1,06445,1,42436,-0.610647,0.72373,-0.203549,0.248782,33.3483
lightbox/images/img005705.jpg,lightbox,3,06713,3,41372,-0.0817405,-0.463196,0.136234,0.871899,68.0562
lightbox/images/img005709.jpg,lightbox,3,33402,3,33011,0.434426,0.321098,-0.585531,0.604419,16.8945
lightbox/images/img005736.jpg,lightbox,0,05325,0,07252,0.890609,-0.306147,-0.139158,-0.306147,46.9339
lightbox/images/img005737.jpg,lightbox,3,25146,2,16016,0.134255,-0.349064,0.859235,-0.349064,100.925
lightbox/images/img005747.jpg,lightbox,0,76027,2,71427,0.481824,0.177514,0.811493,0.278951,49.8336
lightbox/images/img005754.jpg,lightbox,0,07441,1,35005,0.481824,0.811493,0.0253592,-0.329669,165.436
lightbox/images/img005776.jpg,lightbox,0,52764,1,41677,-0.223676,0.795292,-0.422499,0.372793,157.888
lightbox/images/img005777.jpg,lightbox,2,76453,1,56502,0.206529,0.734324,-0.298319,0.57369,123.936
lightbox/images/img005779.jpg,lightbox,2,40714,2,41226,-0.38137,-0.432219,0.813589,0.0762739,22.399
lightbox/images/img005781.jpg,lightbox,3,30324,2,03633,-0.222579,-0.024731,0.791391,-0.568812,37.6855
lightbox/images/img005796.jpg,lightbox,0,07576,1,15262,0.409549,0.770916,-0.409549,-0.265003,128.326
lightbox/images/img005800.jpg,lightbox,0,42377,0,46242,0.646366,-0.626167,-0.100995,0.424178,42.0497
lightbox/images/img005801.jpg,lightbox,0,43603,3,43642,-0.394874,-0.131625,0.342224,0.842397,163.247
lightbox/images/img005811.jpg,lightbox,1,70505,1,50673,0.1789,0.817829,-0.434472,0.332243,56.3912
lightbox/images/img005817.jpg,lightbox,2,40203,1,56166,0.217325,0.772712,-0.217325,0.555387,108.861
lightbox/images/img005819.jpg,lightbox,2,52225,2,70043,0.0918415,0.0918415,0.979643,0.153069,25.0547
lightbox/images/img005825.jpg,lightbox,0,35625,2,35007,0.480589,0.0758825,0.809414,-0.328824,87.4201
lightbox/images/img005840.jpg,lightbox,0,43475,0,25221,0.80327,-0.326328,0.326328,-0.376533,120.793
lightbox/images/img005853.jpg,lightbox,3,65125,2,65106,-0.184274,0.0789747,0.842397,0.500173,56.8518
lightbox/images/img005859.jpg,lightbox,2,65356,1,61616,-0.295362,0.859235,0.295362,0.295362,100.137
lightbox/images/img005861.jpg,lightbox,3,16607,3,07513,-0.0283638,-0.368729,-0.198547,0.907642,28.5495
lightbox/images/img005863.jpg,lightbox,2,31545,3,21377,-0.023094,0.34641,-0.57735,0.739008,91.2092
lightbox/images/img005867.jpg,lightbox,1,55201,2,07015,-0.232456,-0.387427,0.826512,-0.33577,53.8883
lightbox/images/img005885.jpg,lightbox,1,03636,2,25774,-0.0864945,0.374809,0.922608,-0.0288315,144.483
lightbox/images/img005890.jpg,lightbox,3,73401,1,56306,0.233079,0.828726,-0.129488,0.492056,76.9947
lightbox/images/img005898.jpg,lightbox,0,71765,1,50526,0.209189,0.743784,-0.581081,0.255676,121.803
lightbox/images/img005900.jpg,lightbox,0,46010,1,40646,-0.602084,0.621506,-0.407863,0.291331,115.419
lightbox/images/img005906.jpg,lightbox,0,70317,1,17077,0.555387,0.772712,-0.217325,-0.217325,90.9934
lightbox/images/img005913.jpg,lightbox,1,55377,1,35154,0.657226,0.725215,0.022663,-0.203967,84.8314
lightbox/images/img005918.jpg,lightbox,2,42461,1,70646,0.0270073,0.864234,0.29708,0.40511,169.461
lightbox/images/img005930.jpg,lightbox,1,12366,1,16302,0.244497,0.869321,-0.135831,-0.407494,28.9513
lightbox/images/img005936.jpg,lightbox,0,25032,2,61716,-0.0840168,0.308062,0.896179,0.308062,165.933
lightbox/images/img005940.jpg,lightbox,1,43640,2,41701,-0.122757,-0.564683,0.785646,0.220963,122.258
lightbox/images/img005946.jpg,lightbox,0,25037,1,75206,0.401252,0.755297,0.259633,0.448458,171.155
lightbox/images/img005957.jpg,lightbox,0,70152,0,07373,0.944862,-0.0295269,-0.0295269,-0.324796,72.4203
lightbox/images/img005961.jpg,lightbox,3,33620,2,01262,-0.31504,-0.357045,0.672085,-0.567072,33.5575
lightbox/images/img005977.jpg,lightbox,3,70164,1,61577,-0.0277457,0.887862,0.19422,0.416185,116.213
lightbox/images/img005999.jpg,lightbox,3,45133,2,74116,0.328824,0.0758825,0.809414,0.480589,103.707
lightbox/images/img006002.jpg,lightbox,3,41421,1,44331,-0.383697,0.722254,-0.428838,0.383697,163.154
lightbox/images/img006007.jpg,lightbox,2,25446,2,07620,-0.41491,-0.0829819,0.88514,-0.193624,25.1155
lightbox/images/img006016.jpg,lightbox,0,26210,2,13556,0.601691,-0.269723,0.663935,-0.352715,37.7825
lightbox/images/img006048.jpg,lightbox,3,63201,0,61672,0.8157,-0.280397,0.38236,0.331378,163.611
lightbox/images/img006054.jpg,lightbox,0,21657,0,14676,0.8745,0.136641,-0.464578,-0.0273281,111.786
lightbox/images/img006055.jpg,lightbox,3,72445,2,52566,0.239596,-0.239596,0.851896,0.399326,112.45
lightbox/images/img006058.jpg,lightbox,3,34375,1,30632,0.117753,0.753619,0.353259,-0.541664,151.868
lightbox/images/img006061.jpg,lightbox,0,16726,3,16573,0.409922,-0.245953,-0.0819844,0.8745,156.318
lightbox/images/img006062.jpg,lightbox,0,50327,1,52565,0.284875,0.828726,-0.284875,0.388465,102.178
lightbox/images/img006067.jpg,lightbox,0,72125,2,71654,0.499011,0.213862,0.760398,0.356436,57.5529
lightbox/images/img006068.jpg,lightbox,0,64310,2,07074,-0.299715,-0.299715,0.871899,-0.245222,177.666
lightbox/images/img006074.jpg,lightbox,2,27102,2,27016,-0.268773,0.464244,0.781884,-0.317641,12.5872
lightbox/images/img006075.jpg,lightbox,1,37024,2,16512,0.346083,-0.346083,0.851896,-0.186352,137.827
lightbox/images/img006082.jpg,lightbox,3,56203,1,65167,-0.123958,0.793334,0.173542,0.570209,128.294
lightbox/images/img006087.jpg,lightbox,0,64107,1,71644,0.422499,0.795292,0.223676,0.372793,168.019
lightbox/images/img006091.jpg,lightbox,2,52556,2,52651,0.194821,-0.194821,0.890609,0.36181,24.1311
lightbox/images/img006106.jpg,lightbox,0,07464,2,24547,-0.546793,0.0781133,0.833209,-0.0260378,83.2251
lightbox/images/img006116.jpg,lightbox,3,21030,2,21146,-0.169426,0.0726113,0.774521,-0.605095,51.5865
lightbox/images/img006125.jpg,lightbox,3,54302,3,47533,-0.0240354,-0.216319,0.600885,0.769133,49.2088
lightbox/images/img006144.jpg,lightbox,1,32406,1,12442,0.0253592,0.811493,-0.329669,-0.481824,90.5061
lightbox/images/img006149.jpg,lightbox,3,43223,0,27101,0.809414,-0.126471,0.430001,-0.379413,103.969
lightbox/images/img006150.jpg,lightbox,2,25226,1,21647,-0.324696,0.799251,0.274743,-0.424602,78.1078
lightbox/images/img006156.jpg,lightbox,2,56733,2,54263,0.0714488,-0.404877,0.762121,0.500142,54.0658
lightbox/images/img006158.jpg,lightbox,3,51405,3,26553,-0.414388,0.463139,-0.0731272,0.780024,174.359
lightbox/images/img006159.jpg,lightbox,2,21702,1,21647,-0.324696,0.799251,0.274743,-0.424602,89.597
lightbox/images/img006160.jpg,lightbox,2,43002,1,72424,0.0251022,0.80327,0.527146,0.276124,162.114
lightbox/images/img006161.jpg,lightbox,0,41412,1,74436,0.116977,0.748653,0.163768,0.631676,172.94
lightbox/images/img006168.jpg,lightbox,0,45531,3,61600,-0.399326,0.239596,0.239596,0.851896,177.499
lightbox/images/img006169.jpg,lightbox,2,22136,1,12372,0.296452,0.729727,-0.022804,-0.615707,114.879
lightbox/images/img006188.jpg,lightbox,3,43315,2,71644,0.422499,0.223676,0.795292,0.372793,132.444
lightbox/images/img006189.jpg,lightbox,2,32432,1,35402,0.459124,0.864234,0.0810219,-0.189051,100.262
lightbox/images/img006203.jpg,lightbox,3,41551,1,45007,-0.265638,0.653879,-0.592578,0.388241,139.651
lightbox/images/img006207.jpg,lightbox,1,36642,2,41216,-0.275431,-0.525822,0.801253,0.0751175,166.408
lightbox/images/img006215.jpg,lightbox,3,65312,3,70472,0.140469,0.196657,0.36522,0.899004,32.7836
lightbox/images/img006217.jpg,lightbox,2,02314,1,01443,-0.265638,0.653879,-0.592578,-0.388241,162.474
lightbox/images/img006221.jpg,lightbox,0,55766,1,51266,0.418384,0.787547,-0.418384,0.172276,65.4747
lightbox/images/img006222.jpg,lightbox,1,07135,1,07302,-0.19245,0.879772,-0.137464,-0.412393,30.5163
lightbox/images/img006224.jpg,lightbox,3,07577,1,72441,0.0776931,0.828726,0.440261,0.33667,171.763
lightbox/images/img006226.jpg,lightbox,0,34051,2,61553,-0.0288315,0.0864945,0.922608,0.374809,171.24
lightbox/images/img006228.jpg,lightbox,1,07136,1,61704,-0.196039,0.896179,0.25205,0.308062,102.929
lightbox/images/img006234.jpg,lightbox,3,53056,1,24354,-0.483068,0.813589,0.228822,-0.228822,99.623
lightbox/images/img006237.jpg,lightbox,3,25060,1,12647,0.0817405,0.871899,-0.136234,-0.463196,146.927
lightbox/images/img006255.jpg,lightbox,1,75530,3,27424,-0.362209,0.507093,-0.120736,0.772712,122.679
lightbox/images/img006262.jpg,lightbox,2,41464,2,15664,0.415376,-0.464244,0.781884,-0.0244339,100.009
lightbox/images/img006286.jpg,lightbox,2,24773,1,61677,-0.228232,0.811493,0.380387,0.380387,92.4574
lightbox/images/img006289.jpg,lightbox,2,27536,1,27441,-0.33667,0.828726,0.440261,-0.0776931,58.0781
lightbox/images/img006293.jpg,lightbox,3,35551,1,60575,-0.430001,0.809414,0.126471,0.379413,175.816
lightbox/images/img006297.jpg,lightbox,2,05554,1,27551,-0.0274929,0.879772,0.467379,-0.0824786,148.363
lightbox/images/img006315.jpg,lightbox,2,67701,1,07057,-0.244497,0.869321,-0.353162,-0.244497,163.909
lightbox/images/img006329.jpg,lightbox,1,70553,1,70562,0.247436,0.879772,0.19245,0.357407,23.6713
lightbox/images/img006333.jpg,lightbox,1,03237,1,47532,-0.0719402,0.767362,-0.215821,0.599501,160.422
lightbox/images/img006350.jpg,lightbox,2,03467,2,34315,0.387427,0.232456,0.826512,-0.33577,101.976
lightbox/images/img006354.jpg,lightbox,1,65343,1,76053,0.161658,0.739008,0.438786,0.484974,39.6663
lightbox/images/img006360.jpg,lightbox,2,54556,2,54117,0.302984,-0.585769,0.646366,0.38378,23.6387
lightbox/images/img006364.jpg,lightbox,2,60171,2,07252,-0.306147,-0.139158,0.890609,-0.306147,60.4818
lightbox/images/img006366.jpg,lightbox,0,63105,2,61647,-0.331378,0.280397,0.8157,0.38236,171.64
lightbox/images/img006397.jpg,lightbox,0,17600,0,16552,0.864234,0.351095,-0.351095,-0.0810219,26.9382
lightbox/images/img006414.jpg,lightbox,2,16131,1,70614,0.141365,0.904735,0.254457,0.311003,167.157
lightbox/images/img006417.jpg,lightbox,1,14534,1,52144,0.24236,0.861723,-0.403933,0.188502,45.109
lightbox/images/img006425.jpg,lightbox,2,60127,1,52643,0.0856444,0.91354,-0.142741,0.371126,178.244
lightbox/images/img006448.jpg,lightbox,1,25546,1,25547,-0.153646,0.983336,0.0921878,-0.0307293,6.24419
lightbox/images/img006454.jpg,lightbox,0,20050,1,61617,-0.245222,0.871899,0.299715,0.299715,75.3664
lightbox/images/img006455.jpg,lightbox,3,52606,0,70443,0.919555,0.0862083,0.0862083,0.373569,131.395
lightbox/images/img006456.jpg,lightbox,2,33566,1,52444,0.0260378,0.833209,-0.390567,0.390567,177.685
lightbox/images/img006463.jpg,lightbox,1,25211,1,71007,0.507253,0.854321,0.0800926,0.0800926,110.126
lightbox/images/img006482.jpg,lightbox,2,45013,1,14324,0.222579,0.791391,-0.469888,-0.321503,31.8431
lightbox/images/img006484.jpg,lightbox,3,57147,0,07307,0.907642,-0.141819,-0.141819,-0.368729,151.826
lightbox/images/img006485.jpg,lightbox,2,42456,3,47016,-0.268773,-0.317641,0.464244,0.781884,69.5628
lightbox/images/img006508.jpg,lightbox,3,16721,1,07141,-0.13387,0.856767,-0.40161,-0.294514,144.512
lightbox/images/img006509.jpg,lightbox,2,45020,1,12442,0.0253592,0.811493,-0.329669,-0.481824,60.4493
lightbox/images/img006515.jpg,lightbox,1,75246,1,21636,-0.258484,0.751953,0.352478,-0.493469,148.323
lightbox/images/img006519.jpg,lightbox,0,60546,2,60550,-0.481824,0.0253592,0.811493,0.329669,155.525
lightbox/images/img006525.jpg,lightbox,2,70503,2,17424,0.445063,-0.287982,0.837765,-0.130901,64.79
lightbox/images/img006527.jpg,lightbox,0,16265,2,25553,-0.0309641,0.0928922,0.99085,-0.0928922,173.685
lightbox/images/img006528.jpg,lightbox,2,66150,2,56255,0.172276,-0.172276,0.787547,0.566049,96.4806
lightbox/images/img006532.jpg,lightbox,0,41476,2,25241,-0.348062,0.240966,0.856767,-0.294514,53.584
lightbox/images/img006548.jpg,lightbox,0,61535,2,61124,-0.21039,0.150278,0.961781,0.090167,178.283
lightbox/images/img006567.jpg,lightbox,3,37002,0,05242,0.751953,-0.352478,-0.493469,-0.258484,164.567
lightbox/images/img006569.jpg,lightbox,1,50035,1,50342,0.227067,0.80735,-0.529823,0.126148,15.6586
lightbox/images/img006597.jpg,lightbox,2,51765,1,06225,-0.641599,0.707972,-0.0663723,-0.287613,79.5424
lightbox/images/img006601.jpg,lightbox,3,73060,3,71232,0.510678,0.36477,0.024318,0.778177,21.0156
lightbox/images/img006607.jpg,lightbox,0,55277,2,03604,-0.359701,-0.16786,0.767362,-0.503581,68.6283
lightbox/images/img006610.jpg,lightbox,1,11136,1,65506,-0.16449,0.751953,0.0704956,0.63446,178.145
lightbox/images/img006614.jpg,lightbox,0,37060,0,34302,0.840072,0.23627,0.288775,-0.393784,36.0696
lightbox/images/img006615.jpg,lightbox,1,13663,1,70567,0.292013,0.849491,0.185826,0.398199,107.077
lightbox/images/img006616.jpg,lightbox,3,16056,3,21771,-0.0253592,0.329669,-0.481824,0.811493,84.7637
lightbox/images/img006632.jpg,lightbox,0,61641,1,60575,-0.430001,0.809414,0.126471,0.379413,124.504
lightbox/images/img006634.jpg,lightbox,0,74116,1,51666,0.397722,0.748653,-0.397722,0.350931,91.9741
lightbox/images/img006647.jpg,lightbox,0,07506,2,61650,-0.294514,0.240966,0.856767,0.348062,95.9742
lightbox/images/img006664.jpg,lightbox,3,75242,1,74144,0.222579,0.791391,0.024731,0.568812,86.8221
lightbox/images/img006665.jpg,lightbox,1,53424,1,50776,0.314649,0.774521,-0.411464,0.363057,20.2001
lightbox/images/img006668.jpg,lightbox,2,00427,2,01612,-0.239187,-0.45663,0.695817,-0.500118,38.2187
lightbox/images/img006671.jpg,lightbox,2,04137,1,56107,0.268773,0.781884,-0.317641,0.464244,57.5548
lightbox/images/img006673.jpg,lightbox,3,41654,2,74111,0.38236,0.0254906,0.8157,0.433341,123.847
lightbox/images/img006674.jpg,lightbox,3,02342,1,07053,-0.240966,0.856767,-0.348062,-0.294514,178.608
lightbox/images/img006679.jpg,lightbox,2,05736,2,05726,-0.187958,-0.456468,0.859235,-0.134255,10.4718
lightbox/images/img006684.jpg,lightbox,3,21440,3,07207,-0.349064,-0.134255,-0.349064,0.859235,25.0971
lightbox/images/img006686.jpg,lightbox,2,12324,1,55632,0.430548,0.656074,-0.348539,0.512558,113.335
lightbox/images/img006696.jpg,lightbox,3,20355,3,73022,0.395992,0.535754,0.0232936,0.745396,122.958
lightbox/images/img006704.jpg,lightbox,0,56063,1,56526,0.205664,0.73125,-0.205664,0.616992,108.259
lightbox/images/img006709.jpg,lightbox,0,35276,1,53645,0.466477,0.785646,-0.17186,0.368271,104.087
lightbox/images/img006711.jpg,lightbox,3,16212,3,07326,-0.198547,-0.0283638,-0.368729,0.907642,39.4943
lightbox/images/img006727.jpg,lightbox,0,24444,1,06346,-0.564683,0.785646,-0.122757,-0.220963,38.3298
lightbox/images/img006733.jpg,lightbox,0,60106,2,25235,-0.236924,0.342224,0.842397,-0.342224,138.866
lightbox/images/img006736.jpg,lightbox,2,50214,2,41534,-0.0691347,-0.622212,0.737437,0.253494,30.2313
sunlamp/images/img000005.jpg,sunlamp,3,57537,2,52541,0.280397,-0.38236,0.8157,0.331378,63.1706
sunlamp/images/img000022.jpg,sunlamp,3,70166,3,70474,0.138728,0.138728,0.416185,0.887862,26.7335
sunlamp/images/img000030.jpg,sunlamp,0,42170,1,43443,-0.332243,0.817829,-0.332243,0.332243,113.856
sunlamp/images/img000031.jpg,sunlamp,2,70435,1,70621,0.0837545,0.893381,0.362936,0.251263,113.154
sunlamp/images/img000033.jpg,sunlamp,3,07240,2,52503,0.294514,-0.348062,0.856767,0.240966,169.509
sunlamp/images/img000034.jpg,sunlamp,1,07625,1,07531,-0.0289278,0.925691,-0.318206,-0.202495,49.177
sunlamp/images/img000039.jpg,sunlamp,3,24006,1,05521,-0.116977,0.748653,-0.631676,-0.163768,157.658
sunlamp/images/img000040.jpg,sunlamp,1,25003,1,05632,-0.285642,0.830959,-0.441447,-0.181772,64.5855
sunlamp/images/img000043.jpg,sunlamp,0,61033,2,43533,-0.0290252,-0.261226,0.928805,0.261226,152.335
sunlamp/images/img000045.jpg,sunlamp,1,04567,2,50641,0.0721062,-0.552814,0.769133,0.31246,64.7579
sunlamp/images/img000052.jpg,sunlamp,3,33145,2,05043,-0.28004,-0.624704,0.689329,-0.236957,67.5875
sunlamp/images/img000054.jpg,sunlamp,0,47712,1,43573,-0.0280056,0.896179,-0.25205,0.364073,159.017
sunlamp/images/img000060.jpg,sunlamp,3,17034,3,41277,-0.236924,-0.447523,0.184274,0.842397,108.279
sunlamp/images/img000062.jpg,sunlamp,2,45643,1,74344,0.217325,0.772712,0.217325,0.555387,172.523
sunlamp/images/img000066.jpg,sunlamp,3,52624,1,47122,-0.184274,0.842397,-0.236924,0.447523,149.582
sunlamp/images/img000072.jpg,sunlamp,3,27451,1,47173,-0.0254246,0.813589,-0.228822,0.533917,64.5283
sunlamp/images/img000074.jpg,sunlamp,2,74303,2,70424,0.0292228,0.146114,0.935129,0.321451,36.2101
sunlamp/images/img000076.jpg,sunlamp,3,42321,3,43107,-0.142741,-0.371126,0.0856444,0.91354,57.5237
sunlamp/images/img000078.jpg,sunlamp,0,00352,0,42442,0.663935,-0.643187,-0.269723,0.269723,101.709
sunlamp/images/img000079.jpg,sunlamp,2,14634,1,50234,0.132733,0.849491,-0.504385,0.0796398,64.8383
sunlamp/images/img000081.jpg,sunlamp,3,25337,1,16142,0.240966,0.856767,-0.348062,-0.294514,154.227
sunlamp/images/img000084.jpg,sunlamp,1,02172,1,47431,-0.209189,0.743784,-0.255676,0.581081,143.169
sunlamp/images/img000089.jpg,sunlamp,2,64141,1,43551,-0.0265466,0.849491,-0.398199,0.345106,166.753
sunlamp/images/img000096.jpg,sunlamp,2,06756,2,52502,0.244497,-0.353162,0.869321,0.244497,95.7939
sunlamp/images/img000097.jpg,sunlamp,2,27217,2,25747,-0.146114,0.321451,0.935129,-0.0292228,51.3328
sunlamp/images/img000098.jpg,sunlamp,1,75426,1,45153,-0.0208198,0.666233,-0.603774,0.437215,102.592
sunlamp/images/img000099.jpg,sunlamp,0,07524,3,41773,-0.0259675,-0.441447,0.337577,0.830959,163.609
sunlamp/images/img000104.jpg,sunlamp,1,41426,1,14242,0.0251022,0.80327,-0.527146,-0.276124,76.2636
sunlamp/images/img000105.jpg,sunlamp,2,12165,1,47337,-0.0268511,0.859235,-0.0268511,0.510171,113.723
sunlamp/images/img000106.jpg,sunlamp,1,52145,1,52144,0.24236,0.861723,-0.403933,0.188502,8.31808
sunlamp/images/img000107.jpg,sunlamp,3,62600,1,70542,0.251263,0.893381,0.0837545,0.362936,117.87
sunlamp/images/img000114.jpg,sunlamp,0,61327,2,07501,-0.137464,-0.412393,0.879772,-0.19245,144.069
sunlamp/images/img000116.jpg,sunlamp,1,76262,2,61347,-0.143208,0.315058,0.916533,0.200492,60.5323
sunlamp/images/img000117.jpg,sunlamp,2,04005,2,33644,0.360237,0.529761,0.678094,-0.360237,179.563
sunlamp/images/img000118.jpg,sunlamp,2,06313,2,07162,-0.196039,-0.25205,0.896179,-0.308062,34.3706
sunlamp/images/img000122.jpg,sunlamp,0,60141,0,42661,0.707972,-0.641599,-0.0663723,0.287613,28.6446
sunlamp/images/img000124.jpg,sunlamp,0,75536,2,15662,0.423547,-0.423547,0.797264,-0.0747435,168.376
sunlamp/images/img000126.jpg,sunlamp,1,71357,1,71142,0.609394,0.780024,0.0731272,0.121879,20.3193
sunlamp/images/img000128.jpg,sunlamp,0,24133,0,70427,0.922608,0.0864945,0.20182,0.317146,103.095
sunlamp/images/img000136.jpg,sunlamp,0,57735,2,03455,-0.223676,-0.372793,0.795292,-0.422499,101.391
sunlamp/images/img000140.jpg,sunlamp,3,34422,0,43232,0.944862,-0.324796,-0.0295269,0.0295269,179.948
sunlamp/images/img000141.jpg,sunlamp,2,43142,2,16564,0.256933,-0.314029,0.91354,-0.0285481,55.1297
sunlamp/images/img000142.jpg,sunlamp,3,12602,3,03337,-0.0231434,-0.0231434,-0.67116,0.74059,17.305
sunlamp/images/img000144.jpg,sunlamp,2,61522,2,52605,0.0864945,-0.20182,0.922608,0.317146,58.4389
sunlamp/images/img000148.jpg,sunlamp,1,06760,1,52433,0.199189,0.910577,-0.2561,0.2561,102.458
sunlamp/images/img000149.jpg,sunlamp,2,41024,2,50264,0.0263982,-0.501565,0.844742,0.184787,46.7733
sunlamp/images/img000158.jpg,sunlamp,0,73646,2,14343,0.266242,-0.508279,0.774521,-0.266242,140.251
sunlamp/images/img000160.jpg,sunlamp,1,34156,1,52161,0.306147,0.890609,-0.306147,0.139158,66.1927
sunlamp/images/img000161.jpg,sunlamp,0,35247,2,07505,-0.138728,-0.416185,0.887862,-0.138728,176.12
sunlamp/images/img000165.jpg,sunlamp,2,72034,1,50223,0.0824786,0.879772,-0.467379,0.0274929,168.066
sunlamp/images/img000167.jpg,sunlamp,3,46627,1,60545,-0.510678,0.778177,0.024318,0.36477,116.839
sunlamp/images/img000176.jpg,sunlamp,2,63702,1,50264,0.0263982,0.844742,-0.501565,0.184787,156.691
sunlamp/images/img000177.jpg,sunlamp,2,12767,1,52536,0.348062,0.856767,-0.240966,0.294514,150.678
sunlamp/images/img000178.jpg,sunlamp,3,27130,3,03346,-0.168638,-0.120456,-0.602279,0.770916,81.0752
sunlamp/images/img000179.jpg,sunlamp,2,16555,1,70641,0.0837545,0.893381,0.251263,0.362936,168.741
sunlamp/images/img000181.jpg,sunlamp,3,70612,2,70501,0.314029,0.0285481,0.91354,0.256933,116.503
sunlamp/images/img000182.jpg,sunlamp,0,31077,1,52131,0.40511,0.864234,-0.29708,0.0270073,101.516
sunlamp/images/img000196.jpg,sunlamp,1,51424,2,07502,-0.194821,-0.36181,0.890609,-0.194821,55.5757
sunlamp/images/img000197.jpg,sunlamp,1,72175,1,16432,0.145617,0.931951,-0.262111,-0.203864,105.205
sunlamp/images/img000198.jpg,sunlamp,1,44761,3,24237,-0.553103,0.331862,-0.287613,0.707972,41.0943
sunlamp/images/img000200.jpg,sunlamp,2,37371,1,52537,0.393784,0.840072,-0.23627,0.288775,124.278
sunlamp/images/img000203.jpg,sunlamp,2,07530,2,07516,-0.0856444,-0.371126,0.91354,-0.142741,9.69642
sunlamp/images/img000206.jpg,sunlamp,1,73000,1,70513,0.409922,0.8745,0.0819844,0.245953,48.6479
sunlamp/images/img000207.jpg,sunlamp,0,22321,3,41641,-0.298949,-0.52891,0.298949,0.735875,154.073
sunlamp/images/img000208.jpg,sunlamp,2,52734,1,07713,-0.0301648,0.965275,-0.150824,-0.211154,144.474
sunlamp/images/img000213.jpg,sunlamp,1,47225,1,43771,-0.0288315,0.922608,-0.0864945,0.374809,39.6686
sunlamp/images/img000214.jpg,sunlamp,1,07340,1,61106,-0.211927,0.968808,0.0908257,0.0908257,58.0339
sunlamp/images/img000219.jpg,sunlamp,2,35602,2,16527,0.311003,-0.254457,0.904735,-0.141365,66.9453
sunlamp/images/img000220.jpg,sunlamp,2,34150,2,52162,0.258625,-0.258625,0.919555,0.143681,64.159
sunlamp/images/img000227.jpg,sunlamp,3,34161,2,07507,-0.141819,-0.368729,0.907642,-0.141819,121.36
sunlamp/images/img000228.jpg,sunlamp,2,52241,1,16452,0.142741,0.91354,-0.371126,-0.0856444,109.648
sunlamp/images/img000233.jpg,sunlamp,0,52642,1,52522,0.252845,0.899004,-0.252845,0.252845,132.3
sunlamp/images/img000235.jpg,sunlamp,3,61555,3,70444,0.028273,0.028273,0.424094,0.904735,6.30209
sunlamp/images/img000237.jpg,sunlamp,1,10644,1,70617,0.193035,0.882444,0.30334,0.30334,133.245
sunlamp/images/img000239.jpg,sunlamp,0,65451,2,07502,-0.194821,-0.36181,0.890609,-0.194821,160.605
sunlamp/images/img000241.jpg,sunlamp,2,77475,1,70654,0.135831,0.869321,0.244497,0.407494,78.0212
sunlamp/images/img000247.jpg,sunlamp,3,35322,1,41637,-0.231226,0.822136,-0.43676,0.282609,122.455
sunlamp/images/img000252.jpg,sunlamp,1,65333,1,07147,-0.138728,0.887862,-0.360694,-0.249711,119.089
sunlamp/images/img000254.jpg,sunlamp,0,16462,1,52611,0.20182,0.922608,-0.20182,0.259483,150.495
sunlamp/images/img000255.jpg,sunlamp,1,03063,2,51046,0.362194,-0.617861,0.681778,0.149139,78.1177
sunlamp/images/img000256.jpg,sunlamp,0,25330,2,70713,0.393784,0.288775,0.840072,0.23627,120.643
sunlamp/images/img000257.jpg,sunlamp,3,34573,2,07503,-0.140469,-0.36522,0.899004,-0.196657,133.507
sunlamp/images/img000260.jpg,sunlamp,2,75042,2,16151,0.375587,-0.375587,0.801253,-0.275431,107.674
sunlamp/images/img000261.jpg,sunlamp,2,43225,2,07742,-0.21039,-0.150278,0.961781,-0.090167,28.9463
sunlamp/images/img000262.jpg,sunlamp,0,23555,2,52503,0.294514,-0.348062,0.856767,0.240966,119.412
sunlamp/images/img000267.jpg,sunlamp,1,60525,1,04333,-0.397722,0.748653,-0.397722,-0.350931,98.5396
sunlamp/images/img000272.jpg,sunlamp,3,42237,1,50722,0.23434,0.833209,-0.442642,0.23434,177.901
sunlamp/images/img000273.jpg,sunlamp,0,41672,3,41272,-0.287982,-0.445063,0.130901,0.837765,168
sunlamp/images/img000274.jpg,sunlamp,3,25537,1,34142,0.2561,0.910577,0.0853666,-0.313011,166.196
sunlamp/images/img000277.jpg,sunlamp,3,31733,1,07507,-0.141819,0.907642,-0.368729,-0.141819,149.45
sunlamp/images/img000278.jpg,sunlamp,0,00151,2,07051,-0.23627,-0.393784,0.840072,-0.288775,138.578
sunlamp/images/img000280.jpg,sunlamp,2,24511,2,16502,0.247436,-0.357407,0.879772,-0.19245,92.0996
sunlamp/images/img000282.jpg,sunlamp,2,06747,2,52160,0.254457,-0.311003,0.904735,0.141365,96.826
sunlamp/images/img000283.jpg,sunlamp,3,06533,3,43376,-0.0911606,-0.0303869,0.212708,0.972379,68.0393
sunlamp/images/img000291.jpg,sunlamp,2,40717,2,07542,-0.197911,-0.367549,0.904735,-0.0848189,50.2847
sunlamp/images/img000297.jpg,sunlamp,1,47453,2,21543,-0.132733,0.0796398,0.849491,-0.504385,121.466
sunlamp/images/img000298.jpg,sunlamp,0,36446,0,07542,0.904735,-0.197911,-0.367549,-0.0848189,110.109
sunlamp/images/img000307.jpg,sunlamp,3,41354,1,45331,-0.0244339,0.781884,-0.464244,0.415376,158.74
sunlamp/images/img000315.jpg,sunlamp,2,64362,1,06552,-0.480589,0.809414,-0.328824,-0.0758825,152.092
sunlamp/images/img000317.jpg,sunlamp,3,25212,1,16542,0.251263,0.893381,-0.362936,-0.0837545,149.213
sunlamp/images/img000318.jpg,sunlamp,0,01272,1,41732,-0.0800926,0.854321,-0.453858,0.240278,152.38
sunlamp/images/img000319.jpg,sunlamp,1,61570,1,52241,0.090167,0.961781,-0.21039,0.150278,55.0324
sunlamp/images/img000320.jpg,sunlamp,2,35663,2,07502,-0.194821,-0.36181,0.890609,-0.194821,120.52
sunlamp/images/img000323.jpg,sunlamp,3,61463,1,52412,0.138728,0.887862,-0.360694,0.249711,156.325
sunlamp/images/img000324.jpg,sunlamp,3,23450,1,41637,-0.231226,0.822136,-0.43676,0.282609,72.3824
sunlamp/images/img000333.jpg,sunlamp,0,53032,0,34543,0.93834,0.322554,0.0879694,-0.0879694,47.3187
sunlamp/images/img000335.jpg,sunlamp,3,21542,1,41733,-0.026774,0.856767,-0.455158,0.240966,118.884
sunlamp/images/img000340.jpg,sunlamp,1,36140,1,52411,0.188502,0.861723,-0.403933,0.24236,117.516
sunlamp/images/img000341.jpg,sunlamp,3,32034,2,02556,-0.442579,-0.302817,0.745396,-0.395992,53.2538
sunlamp/images/img000342.jpg,sunlamp,2,47114,2,61346,-0.198547,0.312002,0.907642,0.198547,90.3976
sunlamp/images/img000343.jpg,sunlamp,3,14335,3,41372,-0.0817405,-0.463196,0.136234,0.871899,72.4996
sunlamp/images/img000345.jpg,sunlamp,1,57302,2,03553,-0.0253592,-0.329669,0.811493,-0.481824,115.014
sunlamp/images/img000346.jpg,sunlamp,2,73622,1,41535,-0.023094,0.739008,-0.623538,0.254034,167.676
sunlamp/images/img000348.jpg,sunlamp,3,16444,3,27117,-0.0253592,0.481824,-0.329669,0.811493,115.017
sunlamp/images/img000349.jpg,sunlamp,2,46125,2,43503,-0.138728,-0.360694,0.887862,0.249711,47.9353
sunlamp/images/img000351.jpg,sunlamp,2,26100,1,24343,-0.508279,0.774521,0.266242,-0.266242,67.7984
sunlamp/images/img000352.jpg,sunlamp,1,16375,1,70501,0.314029,0.91354,0.0285481,0.256933,62.3188
sunlamp/images/img000353.jpg,sunlamp,1,12645,1,16327,0.30334,0.882444,-0.0275764,-0.358493,34.5251
sunlamp/images/img000356.jpg,sunlamp,2,50365,1,50264,0.0263982,0.844742,-0.501565,0.184787,82.0013
sunlamp/images/img000358.jpg,sunlamp,0,31411,2,05343,-0.124573,-0.523205,0.797264,-0.27406,157.357
sunlamp/images/img000359.jpg,sunlamp,0,51241,1,07163,-0.141365,0.904735,-0.254457,-0.311003,134.583
sunlamp/images/img000360.jpg,sunlamp,1,21701,1,13442,0.395992,0.745396,-0.302817,-0.442579,86.5629
sunlamp/images/img000361.jpg,sunlamp,2,42162,2,14537,0.344214,-0.57369,0.734324,-0.114738,118.119
sunlamp/images/img000363.jpg,sunlamp,1,15663,1,52161,0.306147,0.890609,-0.306147,0.139158,35.8999
sunlamp/images/img000364.jpg,sunlamp,0,53171,1,52531,0.393784,0.840072,-0.288775,0.23627,43.5125
sunlamp/images/img000365.jpg,sunlamp,3,52512,3,41377,-0.0270864,-0.46047,0.189605,0.866766,45.7984
sunlamp/images/img000375.jpg,sunlamp,1,75267,1,47137,-0.0261087,0.835478,-0.234978,0.496065,83.9951
sunlamp/images/img000376.jpg,sunlamp,2,72074,1,70621,0.0837545,0.893381,0.362936,0.251263,66.5118
sunlamp/images/img000377.jpg,sunlamp,3,02046,3,03737,-0.0261087,-0.0261087,-0.548282,0.835478,75.8231
sunlamp/images/img000379.jpg,sunlamp,2,70103,1,70027,0.0908257,0.968808,0.211927,0.0908257,140.761
sunlamp/images/img000380.jpg,sunlamp,2,27501,2,52213,0.211154,-0.150824,0.965275,0.0301648,85.6302
sunlamp/images/img000382.jpg,sunlamp,1,14664,1,52217,0.21039,0.961781,-0.150278,0.090167,46.7791
sunlamp/images/img000383.jpg,sunlamp,3,70317,0,24362,0.734324,-0.527795,0.344214,-0.252424,173.064
sunlamp/images/img000384.jpg,sunlamp,0,25071,2,70522,0.2561,0.199189,0.910577,0.2561,151.45
sunlamp/images/img000386.jpg,sunlamp,0,06334,1,45332,-0.0747435,0.797264,-0.423547,0.423547,112.365
sunlamp/images/img000388.jpg,sunlamp,0,05336,2,16504,0.244497,-0.407494,0.869321,-0.135831,166.837
sunlamp/images/img000389.jpg,sunlamp,2,37126,1,35476,0.539527,0.822136,0.179842,-0.0256917,76.515
sunlamp/images/img000394.jpg,sunlamp,2,50461,1,05747,-0.129488,0.828726,-0.543852,-0.0258977,44.4269
sunlamp/images/img000395.jpg,sunlamp,0,13460,1,43473,-0.244497,0.869321,-0.244497,0.353162,174.632
sunlamp/images/img000397.jpg,sunlamp,0,27566,2,71424,0.445063,0.130901,0.837765,0.287982,74.9944
sunlamp/images/img000398.jpg,sunlamp,1,52163,1,52433,0.199189,0.910577,-0.2561,0.2561,16.3463
sunlamp/images/img000399.jpg,sunlamp,3,34565,3,70102,0.269529,0.0898429,0.0299476,0.958324,12.1481
sunlamp/images/img000401.jpg,sunlamp,2,27750,2,05766,-0.189605,-0.46047,0.866766,-0.0270864,131.549
sunlamp/images/img000402.jpg,sunlamp,3,70507,0,07633,0.941584,-0.26482,-0.0294245,-0.205971,168.065
sunlamp/images/img000404.jpg,sunlamp,3,36472,3,27443,-0.328824,0.480589,-0.0758825,0.809414,53.2639
sunlamp/images/img000407.jpg,sunlamp,2,43754,1,61147,-0.150278,0.961781,0.090167,0.21039,178.534
sunlamp/images/img000409.jpg,sunlamp,1,74300,1,16651,0.208145,0.951522,-0.208145,-0.0892052,79.1598
sunlamp/images/img000411.jpg,sunlamp,3,30140,3,41237,-0.240278,-0.453858,0.0800926,0.854321,114.026
sunlamp/images/img000412.jpg,sunlamp,1,42715,1,16063,0.0853666,0.910577,-0.2561,-0.313011,93.3499
sunlamp/images/img000419.jpg,sunlamp,1,01260,3,50343,0.27406,-0.523205,0.124573,0.797264,45.0585
sunlamp/images/img000423.jpg,sunlamp,3,62353,3,42342,-0.574462,-0.124883,0.124883,0.799251,89.5846
sunlamp/images/img000425.jpg,sunlamp,1,72026,1,61107,-0.153069,0.979643,0.0918415,0.0918415,64.9802
sunlamp/images/img000426.jpg,sunlamp,3,03756,3,03771,-0.026774,-0.0803219,-0.508706,0.856767,11.505
sunlamp/images/img000429.jpg,sunlamp,3,63030,1,61347,-0.143208,0.916533,0.315058,0.200492,93.1563
sunlamp/images/img000432.jpg,sunlamp,1,34161,1,14273,0.181772,0.830959,-0.441447,-0.285642,71.2692
sunlamp/images/img000436.jpg,sunlamp,1,21524,3,17142,0.567742,-0.295226,-0.249807,0.72671,82.846
sunlamp/images/img000439.jpg,sunlamp,0,43526,2,52001,0.084549,-0.422745,0.901856,0.028183,173.279
sunlamp/images/img000440.jpg,sunlamp,0,15271,1,15046,0.359592,0.676879,-0.613422,-0.190372,49.3619
sunlamp/images/img000442.jpg,sunlamp,2,17106,1,41677,-0.223676,0.795292,-0.422499,0.372793,78.1727
sunlamp/images/img000443.jpg,sunlamp,2,05772,2,50260,0.0266217,-0.505813,0.851896,0.133109,27.9881
sunlamp/images/img000449.jpg,sunlamp,0,46102,1,70554,0.345106,0.849491,0.0265466,0.398199,175.565
sunlamp/images/img000451.jpg,sunlamp,1,06633,1,65433,-0.21338,0.758686,0.165963,0.592723,103.738
sunlamp/images/img000452.jpg,sunlamp,2,27735,1,50234,0.132733,0.849491,-0.504385,0.0796398,158.559
sunlamp/images/img000458.jpg,sunlamp,0,06331,1,70562,0.247436,0.879772,0.19245,0.357407,142.252
sunlamp/images/img000461.jpg,sunlamp,3,73103,1,71443,0.480589,0.809414,0.0758825,0.328824,65.2521
sunlamp/images/img000464.jpg,sunlamp,0,52630,1,70504,0.256933,0.91354,0.0285481,0.314029,123.262
sunlamp/images/img000466.jpg,sunlamp,2,40331,1,14632,0.134255,0.859235,-0.456468,-0.187958,69.7796
sunlamp/images/img000478.jpg,sunlamp,0,25511,1,52633,0.205971,0.941584,-0.0294245,0.26482,164.833
sunlamp/images/img000479.jpg,sunlamp,0,55374,1,01747,-0.118545,0.758686,-0.497888,-0.403052,140.065
sunlamp/images/img000485.jpg,sunlamp,2,41206,1,52431,0.196039,0.896179,-0.308062,0.25205,84.0311
sunlamp/images/img000490.jpg,sunlamp,2,43756,1,43511,-0.0274101,0.877124,-0.411152,0.246691,137.582
sunlamp/images/img000492.jpg,sunlamp,2,43603,1,61051,-0.267615,0.951522,0.0297351,0.148675,178.993
sunlamp/images/img000497.jpg,sunlamp,0,70460,1,52635,0.20182,0.922608,-0.0864945,0.317146,140.825
sunlamp/images/img000499.jpg,sunlamp,0,63213,2,25351,-0.0285481,0.256933,0.91354,-0.314029,118.946
sunlamp/images/img000500.jpg,sunlamp,1,63533,1,70423,0.0879694,0.93834,0.205262,0.263908,47.115
sunlamp/images/img000514.jpg,sunlamp,1,42521,1,70634,0.136641,0.8745,0.355266,0.300609,109.103
sunlamp/images/img000516.jpg,sunlamp,1,70354,1,70504,0.256933,0.91354,0.0285481,0.314029,31.9298
sunlamp/images/img000517.jpg,sunlamp,3,56204,3,47134,-0.0770752,-0.282609,0.488143,0.822136,15.7716
sunlamp/images/img000518.jpg,sunlamp,3,46131,1,47133,-0.026774,0.856767,-0.240966,0.455158,178.716
sunlamp/images/img000519.jpg,sunlamp,0,56431,3,61107,-0.153069,0.0918415,0.0918415,0.979643,124.204
sunlamp/images/img000522.jpg,sunlamp,2,17626,1,16433,0.20182,0.922608,-0.259483,-0.20182,166.257
sunlamp/images/img000526.jpg,sunlamp,0,43566,2,43534,-0.0840168,-0.308062,0.896179,0.308062,168.923
sunlamp/images/img000532.jpg,sunlamp,3,35533,1,52161,0.306147,0.890609,-0.306147,0.139158,120.696
sunlamp/images/img000538.jpg,sunlamp,2,16523,1,16433,0.20182,0.922608,-0.259483,-0.20182,136.078
sunlamp/images/img000540.jpg,sunlamp,3,25104,3,52247,0.090167,-0.150278,0.21039,0.961781,80.4395
sunlamp/images/img000541.jpg,sunlamp,1,42407,1,07343,-0.144639,0.925691,-0.144639,-0.318206,92.8462
sunlamp/images/img000545.jpg,sunlamp,1,63443,2,52635,0.20182,-0.0864945,0.922608,0.317146,131.039
sunlamp/images/img000547.jpg,sunlamp,2,71605,1,41637,-0.231226,0.822136,-0.43676,0.282609,156.367
sunlamp/images/img000550.jpg,sunlamp,1,54127,1,52413,0.19245,0.879772,-0.357407,0.247436,37.2787
sunlamp/images/img000551.jpg,sunlamp,3,06260,2,05251,-0.214834,-0.549021,0.763856,-0.262575,160.373
sunlamp/images/img000553.jpg,sunlamp,3,07113,3,70047,0.0908257,0.0908257,0.211927,0.968808,92.3347
sunlamp/images/img000554.jpg,sunlamp,3,21655,3,03133,-0.0219953,-0.197958,-0.681854,0.703849,68.5515
sunlamp/images/img000557.jpg,sunlamp,3,70315,1,70562,0.247436,0.879772,0.19245,0.357407,98.3108
sunlamp/images/img000559.jpg,sunlamp,3,00713,2,07503,-0.140469,-0.36522,0.899004,-0.196657,139.585
sunlamp/images/img000561.jpg,sunlamp,2,55462,1,07143,-0.136641,0.8745,-0.355266,-0.300609,64.9284
sunlamp/images/img000563.jpg,sunlamp,0,25114,3,70502,0.260351,0.0867835,0.260351,0.925691,168.826
sunlamp/images/img000571.jpg,sunlamp,3,42127,1,43573,-0.0280056,0.896179,-0.25205,0.364073,170.798
sunlamp/images/img000573.jpg,sunlamp,3,43776,2,43531,-0.0285481,-0.314029,0.91354,0.256933,104.029
sunlamp/images/img000576.jpg,sunlamp,2,07731,1,52214,0.150278,0.961781,-0.21039,0.090167,142.358
sunlamp/images/img000579.jpg,sunlamp,3,41574,1,47173,-0.0254246,0.813589,-0.228822,0.533917,159.961
sunlamp/images/img000581.jpg,sunlamp,2,43762,2,52054,0.137464,-0.412393,0.879772,0.19245,67.1606
sunlamp/images/img000582.jpg,sunlamp,0,65127,2,07533,-0.0294245,-0.26482,0.941584,-0.205971,171.243
sunlamp/images/img000583.jpg,sunlamp,1,40356,1,52432,0.143681,0.919555,-0.258625,0.258625,75.6375
sunlamp/images/img000584.jpg,sunlamp,1,50002,1,50421,0.0698809,0.745396,-0.628928,0.209643,21.9902
sunlamp/images/img000586.jpg,sunlamp,1,15066,1,14742,0.228232,0.811493,-0.532542,-0.0760775,23.9022
sunlamp/images/img000587.jpg,sunlamp,0,71770,1,71441,0.481824,0.811493,0.0253592,0.329669,41.8364
sunlamp/images/img000598.jpg,sunlamp,0,60464,2,07545,-0.140028,-0.420084,0.896179,-0.0280056,149.275
sunlamp/images/img000599.jpg,sunlamp,2,50251,1,50621,0.0781133,0.833209,-0.494718,0.23434,70.0041
sunlamp/images/img000601.jpg,sunlamp,2,25525,2,52034,0.145617,-0.320358,0.931951,0.0873704,69.4459
sunlamp/images/img000602.jpg,sunlamp,2,64544,1,61655,-0.239596,0.851896,0.239596,0.399326,117.573
sunlamp/images/img000606.jpg,sunlamp,1,47355,1,52433,0.199189,0.910577,-0.2561,0.2561,46.0403
sunlamp/images/img000608.jpg,sunlamp,2,04266,2,35637,0.541664,0.353259,0.753619,-0.117753,175.295
sunlamp/images/img000611.jpg,sunlamp,1,32346,1,52161,0.306147,0.890609,-0.306147,0.139158,134.589
sunlamp/images/img000613.jpg,sunlamp,0,07420,3,41232,-0.29038,-0.448769,0.0263982,0.844742,152.34
sunlamp/images/img000616.jpg,sunlamp,0,47652,1,52474,0.13387,0.856767,-0.294514,0.40161,157.627
sunlamp/images/img000620.jpg,sunlamp,1,13576,1,56133,0.372793,0.795292,-0.223676,0.422499,97.1653
sunlamp/images/img000633.jpg,sunlamp,0,21610,1,52523,0.304267,0.88514,-0.248946,0.248946,157.934
sunlamp/images/img000647.jpg,sunlamp,2,34532,2,52164,0.25205,-0.308062,0.896179,0.196039,78.9279
sunlamp/images/img000648.jpg,sunlamp,1,27056,1,25743,-0.145617,0.931951,0.320358,-0.0873704,32.2354
sunlamp/images/img000654.jpg,sunlamp,3,14753,1,43517,-0.0275764,0.882444,-0.358493,0.30334,159.804
sunlamp/images/img000662.jpg,sunlamp,1,36624,1,52142,0.249711,0.887862,-0.360694,0.138728,131.822
sunlamp/images/img000668.jpg,sunlamp,2,23772,1,34241,0.0853666,0.910577,0.2561,-0.313011,58.0964
sunlamp/images/img000682.jpg,sunlamp,2,70631,1,70620,0.0280056,0.896179,0.364073,0.25205,87.6452
sunlamp/images/img000690.jpg,sunlamp,2,27164,2,70322,0.246691,0.411152,0.877124,0.0274101,58.6357
sunlamp/images/img000691.jpg,sunlamp,3,30165,3,12332,0.28004,-0.0215415,-0.667787,0.689329,20.1405
sunlamp/images/img000692.jpg,sunlamp,2,15360,1,27141,-0.130901,0.837765,0.445063,-0.287982,175.729
sunlamp/images/img000694.jpg,sunlamp,0,16310,3,43607,-0.355266,-0.136641,0.300609,0.8745,83.7789
sunlamp/images/img000695.jpg,sunlamp,1,25170,1,14452,0.114738,0.734324,-0.665481,-0.0688428,104.504
sunlamp/images/img000696.jpg,sunlamp,0,41132,3,41224,-0.372793,-0.472205,0.0745586,0.795292,147.261
sunlamp/images/img000699.jpg,sunlamp,0,33262,2,30546,0.240278,0.0800926,0.854321,-0.453858,59.6678
sunlamp/images/img000700.jpg,sunlamp,3,17640,1,52522,0.252845,0.899004,-0.252845,0.252845,160.606
sunlamp/images/img000701.jpg,sunlamp,3,72137,2,52501,0.288775,-0.393784,0.840072,0.23627,163.63
sunlamp/images/img000702.jpg,sunlamp,2,42367,2,16546,0.25205,-0.364073,0.896179,-0.0280056,106.192
sunlamp/images/img000708.jpg,sunlamp,1,32422,1,41537,-0.0237624,0.760398,-0.594061,0.261387,167.858
sunlamp/images/img000709.jpg,sunlamp,3,25673,1,61367,-0.137464,0.879772,0.412393,0.19245,113.762
sunlamp/images/img000711.jpg,sunlamp,2,32043,2,07141,-0.13387,-0.40161,0.856767,-0.294514,106.95
sunlamp/images/img000712.jpg,sunlamp,1,16344,1,51632,0.490232,0.74702,-0.396854,0.210099,66.8642
sunlamp/images/img000715.jpg,sunlamp,3,52510,3,12363,0.254034,-0.023094,-0.623538,0.739008,110.605
sunlamp/images/img000716.jpg,sunlamp,3,25425,1,70407,0.0879694,0.93834,0.0879694,0.322554,136.897
sunlamp/images/img000719.jpg,sunlamp,3,61102,0,70003,0.99085,0.0928922,0.0928922,0.0309641,159.901
sunlamp/images/img000721.jpg,sunlamp,3,20453,1,52431,0.196039,0.896179,-0.308062,0.25205,148.486
sunlamp/images/img000722.jpg,sunlamp,3,23101,2,07533,-0.0294245,-0.26482,0.941584,-0.205971,65.0644
sunlamp/images/img000723.jpg,sunlamp,2,07525,2,34613,0.198547,0.312002,0.907642,-0.198547,86.6776
sunlamp/images/img000727.jpg,sunlamp,1,56221,1,52412,0.138728,0.887862,-0.360694,0.249711,39.543
sunlamp/images/img000731.jpg,sunlamp,0,50673,2,43501,-0.135831,-0.407494,0.869321,0.244497,124.862
sunlamp/images/img000735.jpg,sunlamp,0,66060,1,07141,-0.13387,0.856767,-0.40161,-0.294514,62.7159
sunlamp/images/img000738.jpg,sunlamp,1,13171,3,44153,-0.333718,-0.569284,0.41224,0.628176,38.083
sunlamp/images/img000741.jpg,sunlamp,3,24734,0,74242,0.80327,0.0251022,0.276124,0.527146,178.443
sunlamp/images/img000742.jpg,sunlamp,2,13062,1,41637,-0.231226,0.822136,-0.43676,0.282609,90.5605
sunlamp/images/img000746.jpg,sunlamp,3,07753,1,52002,0.0289278,0.925691,-0.376062,0.0289278,168.386
sunlamp/images/img000749.jpg,sunlamp,2,73267,1,70732,0.33577,0.826512,0.387427,0.232456,39.9165
sunlamp/images/img000756.jpg,sunlamp,3,04232,1,42507,-0.50128,0.763856,-0.310316,0.262575,148.935
sunlamp/images/img000758.jpg,sunlamp,1,30447,1,52211,0.208885,0.954905,-0.208885,0.0298408,68.8457
sunlamp/images/img000761.jpg,sunlamp,2,57421,1,52562,0.244497,0.869321,-0.244497,0.353162,170.426
sunlamp/images/img000762.jpg,sunlamp,2,30706,2,52112,0.352124,-0.352124,0.866766,0.0270864,98.4757
sunlamp/images/img000764.jpg,sunlamp,0,24713,1,41677,-0.223676,0.795292,-0.422499,0.372793,89.9815
sunlamp/images/img000771.jpg,sunlamp,2,72611,1,43701,-0.145617,0.931951,-0.203864,0.262111,130.038
sunlamp/images/img000772.jpg,sunlamp,1,52226,1,43311,-0.0304997,0.975991,-0.213498,0.0304997,21.7298
sunlamp/images/img000777.jpg,sunlamp,1,60246,1,03443,-0.313185,0.770916,-0.313185,-0.457732,107.068
sunlamp/images/img000784.jpg,sunlamp,1,43572,1,41144,-0.153375,0.701141,-0.67923,0.153375,60.7152
sunlamp/images/img000785.jpg,sunlamp,2,07751,1,52214,0.150278,0.961781,-0.21039,0.090167,130.193
sunlamp/images/img000787.jpg,sunlamp,3,35617,3,25402,-0.41491,0.0829819,-0.193624,0.88514,117.826
sunlamp/images/img000795.jpg,sunlamp,1,74357,1,32453,0.165221,0.755297,0.448458,-0.448458,123.713
sunlamp/images/img000804.jpg,sunlamp,1,02054,3,54056,0.10166,-0.589631,0.467638,0.650627,57.3245
sunlamp/images/img000805.jpg,sunlamp,0,34716,1,52767,0.29708,0.864234,-0.0270073,0.40511,120.191
sunlamp/images/img000807.jpg,sunlamp,0,17154,1,14367,0.282609,0.822136,-0.43676,-0.231226,53.6547
sunlamp/images/img000808.jpg,sunlamp,1,25265,1,07177,-0.0290252,0.928805,-0.261226,-0.261226,79.7701
sunlamp/images/img000809.jpg,sunlamp,2,17135,2,24335,-0.418384,0.319941,0.787547,-0.319941,148.83
sunlamp/images/img000810.jpg,sunlamp,2,72360,1,43532,-0.0867835,0.925691,-0.260351,0.260351,128.331
sunlamp/images/img000812.jpg,sunlamp,3,14152,1,47137,-0.0261087,0.835478,-0.234978,0.496065,163.811
sunlamp/images/img000822.jpg,sunlamp,2,07524,2,07510,-0.0829819,-0.41491,0.88514,-0.193624,21.5472
sunlamp/images/img000825.jpg,sunlamp,2,62443,2,01576,-0.0679889,-0.566575,0.725215,-0.385271,158.179
sunlamp/images/img000829.jpg,sunlamp,3,71400,1,70564,0.244497,0.869321,0.135831,0.407494,117.541
sunlamp/images/img000830.jpg,sunlamp,1,63302,1,61172,-0.090167,0.961781,0.21039,0.150278,58.8942
sunlamp/images/img000831.jpg,sunlamp,2,50213,2,52001,0.084549,-0.422745,0.901856,0.028183,19.9096
sunlamp/images/img000832.jpg,sunlamp,1,34425,1,52206,0.0307293,0.983336,-0.153646,0.0921878,42.8061
sunlamp/images/img000834.jpg,sunlamp,3,43552,1,43533,-0.0290252,0.928805,-0.261226,0.261226,157.56
sunlamp/images/img000837.jpg,sunlamp,0,27553,0,34544,0.961781,0.270501,0.0300557,-0.0300557,64.2294
sunlamp/images/img000843.jpg,sunlamp,2,54516,2,56100,0.223676,-0.372793,0.795292,0.422499,31.1981
sunlamp/images/img000844.jpg,sunlamp,2,16563,1,52164,0.25205,0.896179,-0.308062,0.196039,127.072
sunlamp/images/img000847.jpg,sunlamp,2,40037,2,41221,-0.329669,-0.481824,0.811493,0.0253592,27.2857
sunlamp/images/img000854.jpg,sunlamp,0,16627,3,70405,0.0882735,0.0294245,0.323669,0.941584,172.086
sunlamp/images/img000855.jpg,sunlamp,2,25023,2,16721,0.317146,-0.0864945,0.922608,-0.20182,86.9449
sunlamp/images/img000856.jpg,sunlamp,0,50151,1,72545,0.270066,0.785646,0.417374,0.368271,159.66
sunlamp/images/img000857.jpg,sunlamp,3,60753,1,61475,-0.244497,0.869321,0.135831,0.407494,90.9061
sunlamp/images/img000858.jpg,sunlamp,2,12324,1,31466,0.418384,0.787547,0.172276,-0.418384,126.406
sunlamp/images/img000860.jpg,sunlamp,0,32151,1,56161,0.266242,0.774521,-0.266242,0.508279,174.667
sunlamp/images/img000864.jpg,sunlamp,1,43763,1,52432,0.143681,0.919555,-0.258625,0.258625,45.2773
sunlamp/images/img000866.jpg,sunlamp,0,57220,2,52004,0.028183,-0.422745,0.901856,0.084549,159.51
sunlamp/images/img000871.jpg,sunlamp,0,40727,1,41777,-0.0254906,0.8157,-0.433341,0.38236,162.41
sunlamp/images/img000872.jpg,sunlamp,1,13034,1,41457,-0.193158,0.686784,-0.622398,0.32193,142.692
sunlamp/images/img000873.jpg,sunlamp,1,34433,1,52524,0.245222,0.871899,-0.299715,0.299715,86.1291
sunlamp/images/img000874.jpg,sunlamp,1,10742,1,07162,-0.196039,0.896179,-0.25205,-0.308062,60.2736
sunlamp/images/img000875.jpg,sunlamp,2,15167,1,41677,-0.223676,0.795292,-0.422499,0.372793,59.6323
sunlamp/images/img000876.jpg,sunlamp,1,25672,1,61127,-0.150278,0.961781,0.21039,0.090167,36.5837
sunlamp/images/img000879.jpg,sunlamp,0,32675,2,25357,-0.0285481,0.314029,0.91354,-0.256933,93.6264
sunlamp/images/img000880.jpg,sunlamp,2,34524,2,52073,0.203864,-0.262111,0.931951,0.145617,58.7963
sunlamp/images/img000881.jpg,sunlamp,2,51040,1,05477,-0.216319,0.769133,-0.600885,-0.0240354,24.1741
sunlamp/images/img000883.jpg,sunlamp,0,53474,0,06262,0.697136,-0.675351,-0.0217855,-0.239641,166.057
sunlamp/images/img000884.jpg,sunlamp,3,71052,1,52431,0.196039,0.896179,-0.308062,0.25205,140.027
sunlamp/images/img000886.jpg,sunlamp,2,50312,1,05166,-0.165963,0.758686,-0.592723,-0.21338,42.8742
sunlamp/images/img000888.jpg,sunlamp,0,66506,1,52434,0.139158,0.890609,-0.306147,0.306147,149.663
sunlamp/images/img000889.jpg,sunlamp,1,16551,1,16162,0.248946,0.88514,-0.248946,-0.304267,34.7975
sunlamp/images/img000891.jpg,sunlamp,2,57205,1,52431,0.196039,0.896179,-0.308062,0.25205,157.817
sunlamp/images/img000892.jpg,sunlamp,1,25501,2,16562,0.260351,-0.260351,0.925691,-0.0867835,152.244
sunlamp/images/img000895.jpg,sunlamp,0,65445,2,70433,0.20182,0.20182,0.922608,0.259483,150.101
sunlamp/images/img000898.jpg,sunlamp,0,05427,2,16536,0.360694,-0.249711,0.887862,-0.138728,160.079
sunlamp/images/img000899.jpg,sunlamp,2,17423,2,41771,-0.0253592,-0.481824,0.811493,0.329669,91.2925
sunlamp/images/img000910.jpg,sunlamp,0,43020,2,25343,-0.139158,0.306147,0.890609,-0.306147,116.292
sunlamp/images/img000915.jpg,sunlamp,1,42273,3,54442,0.0192201,-0.557383,0.557383,0.615044,133.11
sunlamp/images/img000920.jpg,sunlamp,2,01675,2,05161,-0.114738,-0.619586,0.734324,-0.252424,31.1458
sunlamp/images/img000921.jpg,sunlamp,2,56132,1,52614,0.143208,0.916533,-0.200492,0.315058,159.22
sunlamp/images/img000924.jpg,sunlamp,0,16563,2,34543,0.322554,0.0879694,0.93834,-0.0879694,171.092
sunlamp/images/img000926.jpg,sunlamp,2,61136,1,61111,-0.0312043,0.998538,0.0312043,0.0312043,154.02
sunlamp/images/img000928.jpg,sunlamp,0,44633,1,34102,0.245953,0.8745,0.0819844,-0.409922,118.982
sunlamp/images/img000935.jpg,sunlamp,3,25357,3,41332,-0.0824786,-0.467379,0.0274929,0.879772,99.295
sunlamp/images/img000939.jpg,sunlamp,1,52020,1,07537,-0.0297351,0.951522,-0.267615,-0.148675,21.5593
sunlamp/images/img000940.jpg,sunlamp,0,02165,2,07505,-0.138728,-0.416185,0.887862,-0.138728,176.443
sunlamp/images/img000941.jpg,sunlamp,3,25531,1,14434,0.117753,0.753619,-0.635866,-0.117753,162.682
sunlamp/images/img000945.jpg,sunlamp,3,24310,3,43435,-0.245222,-0.299715,0.299715,0.871899,105.131
sunlamp/images/img000948.jpg,sunlamp,1,01346,1,07011,-0.228232,0.811493,-0.380387,-0.380387,26.3018
sunlamp/images/img000957.jpg,sunlamp,2,42213,0,14237,0.817829,0.1789,-0.434472,-0.332243,59.567
sunlamp/images/img000959.jpg,sunlamp,0,70074,0,70403,0.954905,0.0895223,0.0895223,0.268567,11.1621
sunlamp/images/img000963.jpg,sunlamp,0,65112,2,07535,-0.0292228,-0.321451,0.935129,-0.146114,176.909
sunlamp/images/img000965.jpg,sunlamp,2,53240,1,52423,0.0867835,0.925691,-0.260351,0.260351,140.71
sunlamp/images/img000966.jpg,sunlamp,2,10653,2,07511,-0.0277457,-0.416185,0.887862,-0.19422,40.4958
sunlamp/images/img000967.jpg,sunlamp,2,52363,1,52613,0.203864,0.931951,-0.145617,0.262111,176.172
sunlamp/images/img000968.jpg,sunlamp,1,03123,1,70614,0.141365,0.904735,0.254457,0.311003,137.39
sunlamp/images/img000969.jpg,sunlamp,0,61510,0,25602,0.849491,-0.398199,0.292013,-0.185826,70.1224
sunlamp/images/img000970.jpg,sunlamp,1,76620,1,70677,0.179369,0.819974,0.384363,0.384363,36.7896
sunlamp/images/img000971.jpg,sunlamp,0,61607,2,70525,0.306147,0.139158,0.890609,0.306147,112.715
sunlamp/images/img000973.jpg,sunlamp,3,61117,0,43603,0.887862,-0.360694,-0.138728,0.249711,160.001
sunlamp/images/img000974.jpg,sunlamp,0,62776,1,52444,0.0260378,0.833209,-0.390567,0.390567,130.121
sunlamp/images/img000977.jpg,sunlamp,1,16605,1,70611,0.199189,0.910577,0.2561,0.2561,72.8779
sunlamp/images/img000985.jpg,sunlamp,3,71201,3,71202,0.448769,0.29038,0.0263982,0.844742,7.08033
sunlamp/images/img000986.jpg,sunlamp,0,03670,0,25572,0.968808,-0.0908257,0.211927,-0.0908257,63.3648
sunlamp/images/img000987.jpg,sunlamp,0,73154,3,12342,0.208739,-0.115966,-0.626216,0.742182,172.836
sunlamp/images/img000988.jpg,sunlamp,3,06332,2,34035,0.196657,0.140469,0.899004,-0.36522,88.8832
sunlamp/images/img000998.jpg,sunlamp,2,65310,2,52651,0.194821,-0.194821,0.890609,0.36181,62.0514
sunlamp/images/img001009.jpg,sunlamp,0,34611,1,07531,-0.0289278,0.925691,-0.318206,-0.202495,164.711
sunlamp/images/img001010.jpg,sunlamp,3,52246,1,43173,-0.0297351,0.951522,-0.267615,0.148675,170.476
sunlamp/images/img001011.jpg,sunlamp,0,43654,2,45334,-0.0716115,-0.453539,0.763856,0.453539,171.124
sunlamp/images/img001017.jpg,sunlamp,3,12160,3,41331,-0.0268511,-0.510171,0.0268511,0.859235,85.8412
sunlamp/images/img001019.jpg,sunlamp,0,50247,3,43142,-0.196657,-0.36522,0.140469,0.899004,169.408
sunlamp/images/img001022.jpg,sunlamp,2,52165,1,61147,-0.150278,0.961781,0.090167,0.21039,153.329
sunlamp/images/img001027.jpg,sunlamp,1,34750,1,52161,0.306147,0.890609,-0.306147,0.139158,72.2221
sunlamp/images/img001031.jpg,sunlamp,0,43637,1,52433,0.199189,0.910577,-0.2561,0.2561,176.688
sunlamp/images/img001032.jpg,sunlamp,0,34407,1,52523,0.304267,0.88514,-0.248946,0.248946,142.948
sunlamp/images/img001039.jpg,sunlamp,1,17775,1,41737,-0.0263982,0.844742,-0.448769,0.29038,106.662
sunlamp/images/img001040.jpg,sunlamp,1,25540,1,52611,0.20182,0.922608,-0.20182,0.259483,65.4884
sunlamp/images/img001041.jpg,sunlamp,0,61236,0,07613,0.931951,-0.262111,-0.145617,-0.203864,71.5613
sunlamp/images/img001045.jpg,sunlamp,2,25326,1,70344,0.2561,0.910577,0.2561,0.199189,126.782
sunlamp/images/img001048.jpg,sunlamp,2,03705,2,03575,-0.0263982,-0.29038,0.844742,-0.448769,18.9191
sunlamp/images/img001049.jpg,sunlamp,2,46515,1,75634,0.432004,0.658291,0.267431,0.555433,165.368
sunlamp/images/img001051.jpg,sunlamp,1,07063,2,52035,0.20182,-0.317146,0.922608,0.0864945,110.259
sunlamp/images/img001052.jpg,sunlamp,3,53313,3,43574,-0.0807866,-0.296217,0.403933,0.861723,107.424
sunlamp/images/img001053.jpg,sunlamp,0,70314,0,16337,0.849491,0.398199,-0.0265466,-0.345106,59.4073
sunlamp/images/img001056.jpg,sunlamp,1,65670,3,70277,0.190728,0.408703,0.190728,0.871899,66.9705
sunlamp/images/img001060.jpg,sunlamp,2,05752,1,70221,0.0864945,0.922608,0.374809,0.0288315,158.808
sunlamp/images/img001067.jpg,sunlamp,1,61020,1,16431,0.198547,0.907642,-0.312002,-0.198547,91.8417
sunlamp/images/img001069.jpg,sunlamp,0,71133,1,17166,0.587463,0.751953,-0.211487,-0.211487,53.231
sunlamp/images/img001073.jpg,sunlamp,1,40353,1,61347,-0.143208,0.916533,0.315058,0.200492,103.746
sunlamp/images/img001075.jpg,sunlamp,1,36252,1,50342,0.227067,0.80735,-0.529823,0.126148,148.931
sunlamp/images/img001076.jpg,sunlamp,2,43277,2,16661,0.092538,-0.092538,0.987072,-0.092538,52.3551
sunlamp/images/img001079.jpg,sunlamp,3,50367,1,52431,0.196039,0.896179,-0.308062,0.25205,158.021
sunlamp/images/img001080.jpg,sunlamp,0,07564,3,61545,-0.140028,0.0280056,0.420084,0.896179,146.595
sunlamp/images/img001082.jpg,sunlamp,1,25547,1,43171,-0.0292228,0.935129,-0.321451,0.146114,51.6212
sunlamp/images/img001083.jpg,sunlamp,0,53401,1,42541,-0.487057,0.742182,-0.347898,0.301511,163.592
sunlamp/images/img001087.jpg,sunlamp,1,43147,1,52423,0.0867835,0.925691,-0.260351,0.260351,28.2751
sunlamp/images/img001095.jpg,sunlamp,3,23775,1,41777,-0.0254906,0.8157,-0.433341,0.38236,41.7276
sunlamp/images/img001096.jpg,sunlamp,1,43663,1,43637,-0.256933,0.91354,-0.0285481,0.314029,12.3754
sunlamp/images/img001097.jpg,sunlamp,2,53027,1,74124,0.233079,0.828726,0.129488,0.492056,174.342
sunlamp/images/img001100.jpg,sunlamp,2,60607,1,43471,-0.240966,0.856767,-0.294514,0.348062,151.737
sunlamp/images/img001108.jpg,sunlamp,1,22743,1,17036,0.507093,0.772712,-0.217325,-0.313914,145.856
sunlamp/images/img001111.jpg,sunlamp,1,32410,2,52102,0.25205,-0.364073,0.896179,0.0280056,169.846
sunlamp/images/img001113.jpg,sunlamp,2,21540,1,52533,0.399326,0.851896,-0.239596,0.239596,135.852
sunlamp/images/img001118.jpg,sunlamp,1,71220,1,52112,0.352124,0.866766,-0.352124,0.0270864,83.7428
sunlamp/images/img001120.jpg,sunlamp,2,53503,2,53442,0.418384,-0.319941,0.787547,0.319941,24.6638
sunlamp/images/img001122.jpg,sunlamp,0,25653,2,43161,-0.144639,-0.318206,0.925691,0.144639,153.176
sunlamp/images/img001124.jpg,sunlamp,3,34767,3,36503,0.278951,0.481824,-0.177514,0.811493,19.0262
sunlamp/images/img001134.jpg,sunlamp,0,31620,1,52544,0.228232,0.811493,-0.380387,0.380387,159.533
sunlamp/images/img001135.jpg,sunlamp,2,71450,2,25503,-0.150278,0.090167,0.961781,-0.21039,104.378
sunlamp/images/img001137.jpg,sunlamp,0,66044,1,07057,-0.244497,0.869321,-0.353162,-0.244497,56.6349
sunlamp/images/img001138.jpg,sunlamp,3,41750,1,71644,0.422499,0.795292,0.223676,0.372793,166.343
sunlamp/images/img001139.jpg,sunlamp,3,74176,3,47542,-0.153375,-0.284839,0.635409,0.701141,73.5449
sunlamp/images/img001144.jpg,sunlamp,2,72262,2,52042,0.0286417,-0.372342,0.916533,0.143208,131.958
sunlamp/images/img001145.jpg,sunlamp,0,41462,3,45143,-0.103562,-0.600657,0.434959,0.662794,168.128
sunlamp/images/img001151.jpg,sunlamp,1,65017,1,16043,0.0824786,0.879772,-0.357407,-0.302422,114.182
sunlamp/images/img001154.jpg,sunlamp,2,41542,2,05667,-0.337577,-0.441447,0.830959,-0.0259675,50.2607
sunlamp/images/img001155.jpg,sunlamp,3,34470,3,41337,-0.0274929,-0.467379,0.0824786,0.879772,79.8085
sunlamp/images/img001159.jpg,sunlamp,1,25527,1,61117,-0.0309641,0.99085,0.0928922,0.0928922,33.426
sunlamp/images/img001160.jpg,sunlamp,1,22432,1,47136,-0.0781133,0.833209,-0.23434,0.494718,152.99
sunlamp/images/img001164.jpg,sunlamp,0,45732,3,41272,-0.287982,-0.445063,0.130901,0.837765,152.764
sunlamp/images/img001166.jpg,sunlamp,3,50706,1,52542,0.236924,0.842397,-0.342224,0.342224,156.487
sunlamp/images/img001170.jpg,sunlamp,0,16274,3,70007,0.092538,0.092538,0.092538,0.987072,161.955
sunlamp/images/img001171.jpg,sunlamp,0,62675,2,52522,0.252845,-0.252845,0.899004,0.252845,62.7686
sunlamp/images/img001172.jpg,sunlamp,0,76404,2,70562,0.247436,0.19245,0.879772,0.357407,88.5852
sunlamp/images/img001173.jpg,sunlamp,3,06111,3,03337,-0.0231434,-0.0231434,-0.67116,0.74059,66.7446
sunlamp/images/img001180.jpg,sunlamp,3,45314,1,07333,-0.028273,0.904735,-0.028273,-0.424094,73.539
sunlamp/images/img001183.jpg,sunlamp,2,60612,1,47403,-0.291638,0.717879,-0.291638,0.560843,151.708
sunlamp/images/img001188.jpg,sunlamp,1,50061,1,16451,0.193624,0.88514,-0.41491,-0.0829819,40.9639
sunlamp/images/img001189.jpg,sunlamp,0,57605,0,34143,0.896179,0.308062,0.0840168,-0.308062,111.955
sunlamp/images/img001192.jpg,sunlamp,3,05303,1,05511,-0.0221676,0.709362,-0.687194,-0.155173,155.059
sunlamp/images/img001193.jpg,sunlamp,3,16022,3,12762,0.234978,-0.0261087,-0.496065,0.835478,34.4837
sunlamp/images/img001194.jpg,sunlamp,3,70410,1,43751,-0.0283638,0.907642,-0.198547,0.368729,143.986
sunlamp/images/img001195.jpg,sunlamp,1,63407,2,43503,-0.138728,-0.360694,0.887862,0.249711,151.091
sunlamp/images/img001197.jpg,sunlamp,0,61043,0,07066,0.851896,-0.399326,-0.239596,-0.239596,61.5997
sunlamp/images/img001198.jpg,sunlamp,1,42120,1,61551,-0.0289278,0.925691,0.0289278,0.376062,85.9629
sunlamp/images/img001204.jpg,sunlamp,1,34377,1,14527,0.259633,0.755297,-0.590076,-0.118015,117.722
sunlamp/images/img001207.jpg,sunlamp,1,74127,1,70471,0.196657,0.899004,0.140469,0.36522,18.2718
sunlamp/images/img001208.jpg,sunlamp,1,03775,1,14732,0.332243,0.817829,-0.434472,-0.1789,66.3744
sunlamp/images/img001209.jpg,sunlamp,3,35404,3,70107,0.322554,0.0879694,0.0879694,0.93834,31.7749
sunlamp/images/img001213.jpg,sunlamp,0,23465,0,70222,0.904735,0.028273,0.424094,0.028273,62.9506
sunlamp/images/img001216.jpg,sunlamp,1,02653,1,07033,-0.239596,0.851896,-0.239596,-0.399326,43.803
sunlamp/images/img001218.jpg,sunlamp,1,16337,2,07522,-0.20182,-0.259483,0.922608,-0.20182,148.263
sunlamp/images/img001219.jpg,sunlamp,2,20112,2,21447,-0.33667,0.0776931,0.828726,-0.440261,29.6597
sunlamp/images/img001220.jpg,sunlamp,0,56024,0,43603,0.887862,-0.360694,-0.138728,0.249711,56.0847
sunlamp/images/img001223.jpg,sunlamp,1,21746,1,14332,0.314649,0.774521,-0.411464,-0.363057,103.107
sunlamp/images/img001224.jpg,sunlamp,2,37610,1,50343,0.27406,0.797264,-0.523205,0.124573,160.99
sunlamp/images/img001225.jpg,sunlamp,2,70200,1,70252,0.144639,0.925691,0.318206,0.144639,113.611
sunlamp/images/img001227.jpg,sunlamp,3,34024,1,70144,0.26482,0.941584,0.0294245,0.205971,140.836
sunlamp/images/img001229.jpg,sunlamp,2,52624,1,61147,-0.150278,0.961781,0.090167,0.21039,172.916
sunlamp/images/img001230.jpg,sunlamp,0,32017,3,43347,-0.149204,-0.149204,0.208885,0.954905,105.827
sunlamp/images/img001231.jpg,sunlamp,1,43506,1,16077,0.199189,0.910577,-0.2561,-0.2561,81.5394
sunlamp/images/img001232.jpg,sunlamp,2,15540,1,14243,0.0751175,0.801253,-0.525822,-0.275431,81.2916
sunlamp/images/img001233.jpg,sunlamp,2,40556,1,41731,-0.0261087,0.835478,-0.496065,0.234978,84.6281
sunlamp/images/img001234.jpg,sunlamp,3,06724,3,70073,0.206689,0.206689,0.147635,0.944862,103.824
sunlamp/images/img001238.jpg,sunlamp,2,67265,1,05635,-0.233079,0.828726,-0.492056,-0.129488,161.557
sunlamp/images/img001240.jpg,sunlamp,2,70213,1,52164,0.25205,0.896179,-0.308062,0.196039,174.109
sunlamp/images/img001241.jpg,sunlamp,0,61354,0,43622,0.877124,-0.411152,-0.0274101,0.246691,53.4825
sunlamp/images/img001243.jpg,sunlamp,0,50530,1,07533,-0.0294245,0.941584,-0.26482,-0.205971,138.24
sunlamp/images/img001252.jpg,sunlamp,2,61452,2,61142,-0.21039,0.090167,0.961781,0.150278,29.1486
sunlamp/images/img001255.jpg,sunlamp,3,44353,1,45337,-0.0244339,0.781884,-0.415376,0.464244,156.838
sunlamp/images/img001262.jpg,sunlamp,2,14177,1,52433,0.199189,0.910577,-0.2561,0.2561,96.7912
sunlamp/images/img001264.jpg,sunlamp,1,55064,1,16172,0.348062,0.856767,-0.240966,-0.294514,97.4085
sunlamp/images/img001267.jpg,sunlamp,3,16756,3,41362,-0.187958,-0.456468,0.134255,0.859235,74.4426
sunlamp/images/img001269.jpg,sunlamp,2,73055,1,41771,-0.0253592,0.811493,-0.481824,0.329669,179.835
sunlamp/images/img001270.jpg,sunlamp,2,74474,1,74166,0.219382,0.780024,0.17063,0.560642,102.031
sunlamp/images/img001274.jpg,sunlamp,3,70032,1,52521,0.299715,0.871899,-0.299715,0.245222,127.743
sunlamp/images/img001277.jpg,sunlamp,2,24640,3,21637,-0.213862,0.356436,-0.499011,0.760398,157.197
sunlamp/images/img001278.jpg,sunlamp,0,20212,2,12532,0.306158,-0.211955,0.753619,-0.541664,82.068
sunlamp/images/img001279.jpg,sunlamp,0,05411,3,40337,-0.423547,-0.423547,0.0747435,0.797264,135.177
sunlamp/images/img001284.jpg,sunlamp,2,55436,1,06535,-0.445063,0.837765,-0.287982,-0.130901,71.0613
sunlamp/images/img001286.jpg,sunlamp,2,65053,1,52433,0.199189,0.910577,-0.2561,0.2561,172.484
sunlamp/images/img001287.jpg,sunlamp,1,72142,1,52162,0.258625,0.919555,-0.258625,0.143681,89.5161
sunlamp/images/img001288.jpg,sunlamp,1,66571,3,54243,0.0685546,-0.479882,0.479882,0.73125,145.218
sunlamp/images/img001291.jpg,sunlamp,2,27144,2,70271,0.196657,0.36522,0.899004,0.140469,62.5126
sunlamp/images/img001299.jpg,sunlamp,3,04561,3,41237,-0.240278,-0.453858,0.0800926,0.854321,39.1036
sunlamp/images/img001300.jpg,sunlamp,0,21734,0,70602,0.91354,0.0285481,0.314029,0.256933,94.5709
sunlamp/images/img001301.jpg,sunlamp,0,43514,2,43501,-0.135831,-0.407494,0.869321,0.244497,139.845
sunlamp/images/img001303.jpg,sunlamp,1,32737,1,50721,0.276124,0.80327,-0.476942,0.22592,157.507
sunlamp/images/img001307.jpg,sunlamp,1,43707,1,14672,0.136234,0.871899,-0.463196,-0.0817405,65.8794
sunlamp/images/img001308.jpg,sunlamp,2,32406,1,52174,0.352124,0.866766,-0.297951,0.189605,172.847
sunlamp/images/img001311.jpg,sunlamp,0,27441,2,71064,0.456468,0.134255,0.859235,0.187958,94.2169
sunlamp/images/img001313.jpg,sunlamp,2,70771,2,25522,-0.204559,0.204559,0.935129,-0.204559,98.0791
sunlamp/images/img001316.jpg,sunlamp,3,30474,2,34143,0.308062,0.0840168,0.896179,-0.308062,100.498
sunlamp/images/img001318.jpg,sunlamp,1,70112,1,52251,0.206689,0.944862,-0.206689,0.147635,41.6008
sunlamp/images/img001321.jpg,sunlamp,3,05512,1,06333,-0.433341,0.8157,-0.0254906,-0.38236,77.0426
sunlamp/images/img001322.jpg,sunlamp,2,06277,1,71442,0.440261,0.828726,0.0776931,0.33667,144.782
sunlamp/images/img001323.jpg,sunlamp,2,31156,1,03435,-0.220432,0.783758,-0.269417,-0.514341,178.294
sunlamp/images/img001324.jpg,sunlamp,1,27413,2,07556,-0.0864945,-0.374809,0.922608,-0.0288315,163.173
sunlamp/images/img001326.jpg,sunlamp,1,07205,1,07147,-0.138728,0.887862,-0.360694,-0.249711,30.703
sunlamp/images/img001327.jpg,sunlamp,1,43506,1,52432,0.143681,0.919555,-0.258625,0.258625,38.8963
sunlamp/images/img001329.jpg,sunlamp,1,05614,1,05566,-0.169825,0.776342,-0.606517,-0.0242607,16.3399
sunlamp/images/img001330.jpg,sunlamp,3,53230,3,43503,-0.138728,-0.360694,0.249711,0.887862,91.4899
sunlamp/images/img001331.jpg,sunlamp,3,43554,1,41573,-0.0234468,0.750298,-0.58617,0.304808,148.651
sunlamp/images/img001336.jpg,sunlamp,1,74072,1,71444,0.433341,0.8157,0.0254906,0.38236,45.7871
sunlamp/images/img001338.jpg,sunlamp,1,27354,2,70104,0.269529,0.0299476,0.958324,0.0898429,112.915
sunlamp/images/img001340.jpg,sunlamp,1,70123,1,70101,0.324796,0.944862,0.0295269,0.0295269,22.0227
sunlamp/images/img001343.jpg,sunlamp,3,52517,1,70544,0.246691,0.877124,0.0274101,0.411152,164.371
sunlamp/images/img001344.jpg,sunlamp,3,53060,3,52305,0.317146,-0.20182,0.0864945,0.922608,20.6877
sunlamp/images/img001349.jpg,sunlamp,2,61710,2,61347,-0.143208,0.315058,0.916533,0.200492,10.7367
sunlamp/images/img001354.jpg,sunlamp,0,67313,2,61707,-0.139158,0.306147,0.890609,0.306147,116.041
sunlamp/images/img001355.jpg,sunlamp,1,01606,1,06177,-0.442642,0.833209,-0.23434,-0.23434,41.7527
sunlamp/images/img001361.jpg,sunlamp,0,53403,1,07533,-0.0294245,0.941584,-0.26482,-0.205971,122.91
sunlamp/images/img001363.jpg,sunlamp,2,36735,1,70631,0.19245,0.879772,0.357407,0.247436,63.0892
sunlamp/images/img001366.jpg,sunlamp,1,63407,1,42531,-0.43676,0.822136,-0.282609,0.231226,92.1178
sunlamp/images/img001370.jpg,sunlamp,3,72016,3,70074,0.149204,0.149204,0.208885,0.954905,44.377
sunlamp/images/img001371.jpg,sunlamp,2,25755,2,52003,0.0864945,-0.374809,0.922608,0.0288315,77.2822
sunlamp/images/img001376.jpg,sunlamp,0,60777,1,41771,-0.0253592,0.811493,-0.481824,0.329669,133.065
sunlamp/images/img001379.jpg,sunlamp,1,76201,1,70627,0.0807866,0.861723,0.403933,0.296217,29.0025
sunlamp/images/img001386.jpg,sunlamp,3,43630,3,52203,0.0921878,-0.153646,0.0307293,0.983336,51.656
sunlamp/images/img001390.jpg,sunlamp,1,65200,1,05511,-0.0221676,0.709362,-0.687194,-0.155173,138.89
sunlamp/images/img001392.jpg,sunlamp,0,43546,2,41771,-0.0253592,-0.481824,0.811493,0.329669,170.664
sunlamp/images/img001394.jpg,sunlamp,3,02171,2,01533,-0.0214226,-0.535564,0.685522,-0.492719,106.226
sunlamp/images/img001395.jpg,sunlamp,0,61043,1,70543,0.302422,0.879772,0.0824786,0.357407,178.788
sunlamp/images/img001402.jpg,sunlamp,1,22771,1,41527,-0.118015,0.755297,-0.590076,0.259633,171.478
sunlamp/images/img001403.jpg,sunlamp,3,56002,3,41347,-0.127453,-0.535303,0.178434,0.8157,41.5683
sunlamp/images/img001404.jpg,sunlamp,1,27066,1,05762,-0.189051,0.864234,-0.459124,-0.0810219,124.431
sunlamp/images/img001408.jpg,sunlamp,2,77337,1,70654,0.135831,0.869321,0.244497,0.407494,71.1347
sunlamp/images/img001413.jpg,sunlamp,1,03775,1,07711,-0.0298408,0.954905,-0.208885,-0.208885,32.6881
sunlamp/images/img001414.jpg,sunlamp,2,23254,1,45334,-0.0716115,0.763856,-0.453539,0.453539,165.465
sunlamp/images/img001417.jpg,sunlamp,3,60563,1,07531,-0.0289278,0.925691,-0.318206,-0.202495,169.285
sunlamp/images/img001418.jpg,sunlamp,0,32760,3,01342,-0.147803,-0.443409,-0.570097,0.675671,75.5307
sunlamp/images/img001419.jpg,sunlamp,1,60670,2,16641,0.0908257,-0.211927,0.968808,-0.0908257,173.564
sunlamp/images/img001424.jpg,sunlamp,0,17337,1,14532,0.300865,0.74059,-0.578586,-0.162004,82.6249
sunlamp/images/img001427.jpg,sunlamp,3,05265,1,52611,0.20182,0.922608,-0.20182,0.259483,149.841
sunlamp/images/img001429.jpg,sunlamp,0,41603,3,41372,-0.0817405,-0.463196,0.136234,0.871899,155.45
sunlamp/images/img001434.jpg,sunlamp,0,72300,1,21631,-0.211955,0.753619,0.306158,-0.541664,162.842
sunlamp/images/img001438.jpg,sunlamp,1,16741,1,16564,0.256933,0.91354,-0.314029,-0.0285481,15.5917
sunlamp/images/img001439.jpg,sunlamp,1,41516,1,70623,0.0819844,0.8745,0.409922,0.245953,133.242
sunlamp/images/img001445.jpg,sunlamp,2,17276,1,41771,-0.0253592,0.811493,-0.481824,0.329669,119.536
sunlamp/images/img001448.jpg,sunlamp,1,17147,1,51664,0.390109,0.734324,-0.436005,0.344214,71.0265
sunlamp/images/img001449.jpg,sunlamp,1,20512,1,41734,-0.0770752,0.822136,-0.488143,0.282609,127.788
sunlamp/images/img001452.jpg,sunlamp,3,06373,2,07164,-0.196039,-0.308062,0.896179,-0.25205,138.102
sunlamp/images/img001455.jpg,sunlamp,1,54060,1,41771,-0.0253592,0.811493,-0.481824,0.329669,22.8649
sunlamp/images/img001457.jpg,sunlamp,3,52712,3,43741,-0.140469,-0.196657,0.36522,0.899004,62.8086
sunlamp/images/img001458.jpg,sunlamp,0,62542,1,56022,0.026774,0.856767,-0.240966,0.455158,136.654
sunlamp/images/img001459.jpg,sunlamp,2,37021,1,35646,0.448769,0.844742,0.29038,-0.0263982,75.8743
sunlamp/images/img001462.jpg,sunlamp,2,70614,1,43711,-0.0294245,0.941584,-0.205971,0.26482,167.931
sunlamp/images/img001463.jpg,sunlamp,0,34054,1,16413,0.194821,0.890609,-0.36181,-0.194821,134.21
sunlamp/images/img001464.jpg,sunlamp,1,06275,3,54242,0.0228994,-0.480888,0.480888,0.732782,111.211
sunlamp/images/img001465.jpg,sunlamp,1,53307,1,52131,0.40511,0.864234,-0.29708,0.0270073,39.276
sunlamp/images/img001466.jpg,sunlamp,3,13427,1,07531,-0.0289278,0.925691,-0.318206,-0.202495,155.228
sunlamp/images/img001473.jpg,sunlamp,2,45644,1,52434,0.139158,0.890609,-0.306147,0.306147,127.028
sunlamp/images/img001476.jpg,sunlamp,0,61213,0,70402,0.958324,0.0299476,0.0898429,0.269529,50.9019
sunlamp/images/img001478.jpg,sunlamp,3,74040,3,45342,-0.158316,-0.474948,0.474948,0.72373,61.4211
sunlamp/images/img001482.jpg,sunlamp,0,74037,0,07533,0.941584,-0.0294245,-0.26482,-0.205971,102.054
sunlamp/images/img001483.jpg,sunlamp,0,61225,0,60262,0.676879,-0.655727,0.317287,0.105762,42.4967
sunlamp/images/img001484.jpg,sunlamp,0,43317,1,70454,0.140028,0.896179,0.0280056,0.420084,164.942
sunlamp/images/img001485.jpg,sunlamp,0,13054,3,43441,-0.326328,-0.376533,0.326328,0.80327,52.4656
sunlamp/images/img001486.jpg,sunlamp,2,05774,2,50261,0.0796398,-0.504385,0.849491,0.132733,26.8486
sunlamp/images/img001488.jpg,sunlamp,1,12270,2,14372,0.324696,-0.424602,0.799251,-0.274743,163.392
sunlamp/images/img001493.jpg,sunlamp,0,56656,3,35063,0.481824,0.177514,-0.278951,0.811493,33.8106
sunlamp/images/img001498.jpg,sunlamp,0,71626,0,70774,0.80327,0.326328,0.326328,0.376533,19.7871
sunlamp/images/img001500.jpg,sunlamp,1,56220,1,52433,0.199189,0.910577,-0.2561,0.2561,36.2227
sunlamp/images/img001503.jpg,sunlamp,3,41312,3,41253,-0.227067,-0.529823,0.126148,0.80735,20.4732
sunlamp/images/img001504.jpg,sunlamp,0,12566,1,07177,-0.0290252,0.928805,-0.261226,-0.261226,136.851
sunlamp/images/img001505.jpg,sunlamp,1,10420,1,25627,-0.342224,0.842397,0.394874,-0.131625,132.813
sunlamp/images/img001507.jpg,sunlamp,0,06713,3,74454,0.111497,0.0222994,0.691283,0.713582,163.798
sunlamp/images/img001512.jpg,sunlamp,2,37642,1,52432,0.143681,0.919555,-0.258625,0.258625,133.979
sunlamp/images/img001515.jpg,sunlamp,0,17463,0,14633,0.851896,0.186352,-0.45257,-0.186352,44.3472
sunlamp/images/img001516.jpg,sunlamp,1,60443,1,52431,0.196039,0.896179,-0.308062,0.25205,111.499
sunlamp/images/img001518.jpg,sunlamp,2,31157,1,07137,-0.0280056,0.896179,-0.25205,-0.364073,172.104
sunlamp/images/img001521.jpg,sunlamp,1,56274,1,43541,-0.131625,0.842397,-0.394874,0.342224,55.3059
sunlamp/images/img001522.jpg,sunlamp,0,05262,1,47032,-0.282609,0.822136,-0.231226,0.43676,113.352
sunlamp/images/img001528.jpg,sunlamp,1,27730,2,50262,0.0273281,-0.464578,0.8745,0.136641,156.508
sunlamp/images/img001529.jpg,sunlamp,2,22460,1,44533,-0.335795,0.632085,-0.493817,0.493817,177.172
sunlamp/images/img001530.jpg,sunlamp,2,12470,1,52162,0.258625,0.919555,-0.258625,0.143681,120.105
sunlamp/images/img001533.jpg,sunlamp,1,20533,1,21447,-0.33667,0.828726,0.0776931,-0.440261,20.4099
sunlamp/images/img001535.jpg,sunlamp,2,05223,2,52101,0.29708,-0.40511,0.864234,0.0270073,88.6152
sunlamp/images/img001536.jpg,sunlamp,3,65171,1,70447,0.0842816,0.899004,0.0842816,0.421408,115.715
sunlamp/images/img001537.jpg,sunlamp,1,37045,1,52161,0.306147,0.890609,-0.306147,0.139158,98.0684
sunlamp/images/img001539.jpg,sunlamp,0,17674,1,61511,-0.0300557,0.961781,0.0300557,0.270501,122.852
sunlamp/images/img001541.jpg,sunlamp,2,13001,3,47432,-0.255676,-0.209189,0.581081,0.743784,166.622
sunlamp/images/img001542.jpg,sunlamp,1,43666,2,52503,0.294514,-0.348062,0.856767,0.240966,144.291
sunlamp/images/img001545.jpg,sunlamp,3,44312,1,47131,-0.0263982,0.844742,-0.29038,0.448769,162.043
sunlamp/images/img001547.jpg,sunlamp,1,62043,1,46311,-0.418384,0.787547,-0.172276,0.418384,80.2456
sunlamp/images/img001550.jpg,sunlamp,0,04736,2,07546,-0.198547,-0.368729,0.907642,-0.0283638,136.757
sunlamp/images/img001551.jpg,sunlamp,2,61675,2,61356,-0.0864945,0.317146,0.922608,0.20182,28.7176
sunlamp/images/img001552.jpg,sunlamp,2,77425,1,47432,-0.255676,0.743784,-0.209189,0.581081,134.429
sunlamp/images/img001556.jpg,sunlamp,1,71416,1,16536,0.360694,0.887862,-0.249711,-0.138728,67.2122
sunlamp/images/img001557.jpg,sunlamp,1,47351,1,47143,-0.122757,0.785646,-0.319169,0.51558,22.2038
sunlamp/images/img001560.jpg,sunlamp,1,16623,1,52023,0.0898429,0.958324,-0.269529,0.0299476,36.4723
sunlamp/images/img001562.jpg,sunlamp,1,43312,1,52252,0.150824,0.965275,-0.150824,0.150824,31.2516
sunlamp/images/img001563.jpg,sunlamp,2,23346,1,52433,0.199189,0.910577,-0.2561,0.2561,159.799
sunlamp/images/img001569.jpg,sunlamp,1,14101,1,12537,0.356436,0.760398,-0.213862,-0.499011,57.5254
sunlamp/images/img001574.jpg,sunlamp,1,25436,1,61106,-0.211927,0.968808,0.0908257,0.0908257,34.7453
sunlamp/images/img001577.jpg,sunlamp,3,50270,1,52434,0.139158,0.890609,-0.306147,0.306147,155.013
sunlamp/images/img001578.jpg,sunlamp,1,74110,1,16341,0.30334,0.882444,-0.193035,-0.30334,89.9138
sunlamp/images/img001586.jpg,sunlamp,2,66376,1,07553,-0.0288315,0.922608,-0.374809,-0.0864945,145.612
sunlamp/images/img001592.jpg,sunlamp,2,77712,1,47512,-0.0701862,0.748653,-0.30414,0.584885,131.972
sunlamp/images/img001595.jpg,sunlamp,1,56241,3,45302,-0.164854,-0.494563,0.40036,0.753619,170.375
sunlamp/images/img001602.jpg,sunlamp,0,02775,0,07642,0.893381,-0.418772,-0.139591,-0.0837545,43.2769
sunlamp/images/img001605.jpg,sunlamp,1,12444,1,07147,-0.138728,0.887862,-0.360694,-0.249711,26.9059
sunlamp/images/img001606.jpg,sunlamp,2,61636,2,43503,-0.138728,-0.360694,0.887862,0.249711,90.4996
sunlamp/images/img001607.jpg,sunlamp,2,56302,2,52651,0.194821,-0.194821,0.890609,0.36181,14.2136
sunlamp/images/img001608.jpg,sunlamp,2,74322,1,61611,-0.252845,0.899004,0.252845,0.252845,107.906
sunlamp/images/img001610.jpg,sunlamp,3,43015,3,70414,0.146114,0.0292228,0.321451,0.935129,73.2506
sunlamp/images/img001615.jpg,sunlamp,2,07146,1,16514,0.342224,0.842397,-0.394874,-0.131625,92.4387
sunlamp/images/img001618.jpg,sunlamp,2,06350,2,07070,-0.295362,-0.295362,0.859235,-0.295362,25.146
sunlamp/images/img001619.jpg,sunlamp,1,12300,3,12562,0.228822,-0.228822,-0.483068,0.813589,107.618
sunlamp/images/img001620.jpg,sunlamp,1,06661,1,05063,-0.295226,0.72671,-0.567742,-0.249807,73.0655
sunlamp/images/img001624.jpg,sunlamp,2,43562,1,61107,-0.153069,0.979643,0.0918415,0.0918415,169.445
sunlamp/images/img001632.jpg,sunlamp,3,67271,3,63353,-0.0237089,0.640141,0.118545,0.758686,43.9579
sunlamp/images/img001633.jpg,sunlamp,2,25743,1,52012,0.143208,0.916533,-0.372342,0.0286417,173.902
sunlamp/images/img001634.jpg,sunlamp,1,17022,1,70563,0.297951,0.866766,0.189605,0.352124,101.558
sunlamp/images/img001638.jpg,sunlamp,0,21746,3,16543,0.302422,-0.357407,-0.0824786,0.879772,166.958
sunlamp/images/img001639.jpg,sunlamp,2,05057,2,05722,-0.186352,-0.45257,0.851896,-0.186352,26.3301
sunlamp/images/img001640.jpg,sunlamp,0,30347,3,34743,0.308062,0.308062,-0.0840168,0.896179,154.632
sunlamp/images/img001642.jpg,sunlamp,1,43255,1,43571,-0.0275764,0.882444,-0.30334,0.358493,35.723
sunlamp/images/img001644.jpg,sunlamp,1,71510,1,71543,0.61443,0.728214,0.06827,0.295837,11.969
sunlamp/images/img001655.jpg,sunlamp,0,12716,3,43037,-0.260351,-0.260351,0.0867835,0.925691,76.8261
sunlamp/images/img001656.jpg,sunlamp,0,16366,1,43173,-0.0297351,0.951522,-0.267615,0.148675,155.684
sunlamp/images/img001658.jpg,sunlamp,3,20251,1,74334,0.313185,0.770916,0.313185,0.457732,165.252
sunlamp/images/img001659.jpg,sunlamp,2,43335,1,16474,0.146114,0.935129,-0.321451,-0.0292228,132.081
sunlamp/images/img001660.jpg,sunlamp,0,23544,2,07041,-0.331378,-0.38236,0.8157,-0.280397,149.724
sunlamp/images/img001663.jpg,sunlamp,3,53405,1,70541,0.30334,0.882444,0.0275764,0.358493,167.823
sunlamp/images/img001664.jpg,sunlamp,3,10722,2,07141,-0.13387,-0.40161,0.856767,-0.294514,113.968
sunlamp/images/img001665.jpg,sunlamp,2,13006,1,12433,0.17063,0.780024,-0.219382,-0.560642,177.741
sunlamp/images/img001669.jpg,sunlamp,2,43744,1,16512,0.346083,0.851896,-0.346083,-0.186352,108.156
sunlamp/images/img001670.jpg,sunlamp,2,50514,1,01445,-0.263016,0.647423,-0.627191,-0.343944,12.2682
sunlamp/images/img001671.jpg,sunlamp,1,73422,1,70362,0.244497,0.869321,0.407494,0.135831,28.198
sunlamp/images/img001672.jpg,sunlamp,3,05655,0,43533,0.928805,-0.0290252,-0.261226,0.261226,174.712
sunlamp/images/img001675.jpg,sunlamp,2,16370,1,70411,0.205971,0.941584,0.0294245,0.26482,174.634
sunlamp/images/img001676.jpg,sunlamp,0,24301,1,70444,0.028273,0.904735,0.028273,0.424094,108.865
sunlamp/images/img001680.jpg,sunlamp,1,74675,3,25552,-0.092538,0.092538,-0.092538,0.987072,93.906
sunlamp/images/img001682.jpg,sunlamp,2,61606,1,05631,-0.231226,0.822136,-0.488143,-0.179842,165.176
sunlamp/images/img001684.jpg,sunlamp,3,52156,1,52617,0.200492,0.916533,-0.143208,0.315058,179.649
sunlamp/images/img001687.jpg,sunlamp,1,77004,1,45333,-0.0249766,0.799251,-0.424602,0.424602,107.458
sunlamp/images/img001689.jpg,sunlamp,3,65031,1,61575,-0.0280056,0.896179,0.140028,0.420084,115.333
sunlamp/images/img001697.jpg,sunlamp,2,54700,2,06535,-0.445063,-0.287982,0.837765,-0.130901,114.782
sunlamp/images/img001699.jpg,sunlamp,3,26407,1,71444,0.433341,0.8157,0.0254906,0.38236,141.688
sunlamp/images/img001701.jpg,sunlamp,3,42277,1,25507,-0.151934,0.972379,0.0911606,-0.151934,173.888
sunlamp/images/img001703.jpg,sunlamp,2,57101,1,42531,-0.43676,0.822136,-0.282609,0.231226,102.776
sunlamp/images/img001704.jpg,sunlamp,3,16067,3,41337,-0.0274929,-0.467379,0.0824786,0.879772,46.1588
sunlamp/images/img001707.jpg,sunlamp,0,30506,2,52402,0.0280056,-0.364073,0.896179,0.25205,163.942
sunlamp/images/img001708.jpg,sunlamp,2,63117,1,70603,0.0853666,0.910577,0.313011,0.2561,82.5998
sunlamp/images/img001709.jpg,sunlamp,3,61442,1,52521,0.299715,0.871899,-0.299715,0.245222,172.999
sunlamp/images/img001712.jpg,sunlamp,3,27060,3,41631,-0.228822,-0.483068,0.228822,0.813589,130.912
sunlamp/images/img001713.jpg,sunlamp,2,15120,1,41454,-0.227836,0.662794,-0.642082,0.310685,33.406
sunlamp/images/img001715.jpg,sunlamp,0,34424,1,43527,-0.141365,0.904735,-0.254457,0.311003,153.638
sunlamp/images/img001718.jpg,sunlamp,3,55363,2,14343,0.266242,-0.508279,0.774521,-0.266242,122.819
sunlamp/images/img001720.jpg,sunlamp,3,57144,1,61405,-0.358493,0.882444,0.0275764,0.30334,151.244
sunlamp/images/img001725.jpg,sunlamp,1,51414,1,50712,0.313914,0.772712,-0.507093,0.217325,24.0863
sunlamp/images/img001727.jpg,sunlamp,2,64434,1,60457,-0.576123,0.737437,0.0691347,0.345674,104.826
sunlamp/images/img001729.jpg,sunlamp,2,74742,1,42537,-0.43676,0.822136,-0.231226,0.282609,164.882
sunlamp/images/img001730.jpg,sunlamp,2,35753,1,52614,0.143208,0.916533,-0.200492,0.315058,161.308
sunlamp/images/img001732.jpg,sunlamp,1,26743,2,05751,-0.0252942,-0.581766,0.809414,-0.0758825,169.857
sunlamp/images/img001736.jpg,sunlamp,0,50362,1,43477,-0.239596,0.851896,-0.239596,0.399326,158.836
sunlamp/images/img001737.jpg,sunlamp,2,07227,2,52502,0.244497,-0.353162,0.869321,0.244497,107.991
sunlamp/images/img001738.jpg,sunlamp,3,53261,0,52670,0.91354,0.142741,-0.0856444,0.371126,81.3756
sunlamp/images/img001739.jpg,sunlamp,3,60753,1,52431,0.196039,0.896179,-0.308062,0.25205,151.654
sunlamp/images/img001744.jpg,sunlamp,0,46375,3,70007,0.092538,0.092538,0.092538,0.987072,112.448
sunlamp/images/img001754.jpg,sunlamp,0,40410,1,21441,-0.329669,0.811493,0.0253592,-0.481824,89.9937
sunlamp/images/img001755.jpg,sunlamp,0,57153,1,07135,-0.0275764,0.882444,-0.30334,-0.358493,128.596
sunlamp/images/img001760.jpg,sunlamp,2,34400,2,50262,0.0273281,-0.464578,0.8745,0.136641,72.8339
sunlamp/images/img001763.jpg,sunlamp,0,65763,1,14477,0.169825,0.776342,-0.606517,-0.0242607,161.189
sunlamp/images/img001764.jpg,sunlamp,1,42727,3,43576,-0.0819844,-0.245953,0.409922,0.8745,171.733
sunlamp/images/img001767.jpg,sunlamp,1,63444,3,52444,0.0260378,-0.390567,0.390567,0.833209,162.042
sunlamp/images/img001769.jpg,sunlamp,1,35414,1,71401,0.496065,0.835478,0.0261087,0.234978,43.2323
sunlamp/images/img001770.jpg,sunlamp,3,56066,1,34142,0.2561,0.910577,0.0853666,-0.313011,130.582
sunlamp/images/img001771.jpg,sunlamp,3,26553,2,61507,-0.145617,0.0873704,0.931951,0.320358,145.306
sunlamp/images/img001781.jpg,sunlamp,2,53521,1,56036,0.129488,0.828726,-0.233079,0.492056,157.657
sunlamp/images/img001785.jpg,sunlamp,2,74342,2,70604,0.0285481,0.256933,0.91354,0.314029,35.6396
sunlamp/images/img001787.jpg,sunlamp,1,30742,1,43537,-0.0285481,0.91354,-0.256933,0.314029,121.42
sunlamp/images/img001796.jpg,sunlamp,1,14664,1,52034,0.145617,0.931951,-0.320358,0.0873704,33.3014
sunlamp/images/img001802.jpg,sunlamp,2,11102,1,76054,0.115717,0.74059,0.393438,0.532299,136.038
sunlamp/images/img001804.jpg,sunlamp,3,16546,1,70074,0.149204,0.954905,0.149204,0.208885,163.894
sunlamp/images/img001806.jpg,sunlamp,2,70710,1,70412,0.148152,0.948174,0.0888913,0.266674,127.748
sunlamp/images/img001807.jpg,sunlamp,1,44325,1,41733,-0.026774,0.856767,-0.455158,0.240966,57.5727
sunlamp/images/img001813.jpg,sunlamp,2,65311,2,61367,-0.137464,0.412393,0.879772,0.19245,38.1731
sunlamp/images/img001816.jpg,sunlamp,1,52663,1,43711,-0.0294245,0.941584,-0.205971,0.26482,28.0123
sunlamp/images/img001819.jpg,sunlamp,3,35473,1,52031,0.202495,0.925691,-0.318206,0.0289278,144.328
sunlamp/images/img001830.jpg,sunlamp,3,41372,3,43535,-0.0280939,-0.309033,0.309033,0.899004,25.0608
sunlamp/images/img001832.jpg,sunlamp,2,36673,1,41111,-0.0224337,0.717879,-0.695445,0.0224337,179.906
sunlamp/images/img001835.jpg,sunlamp,1,34465,1,70251,0.203864,0.931951,0.262111,0.145617,26.1747
sunlamp/images/img001837.jpg,sunlamp,0,67253,2,71003,0.508706,0.0803219,0.856767,0.026774,69.1133
sunlamp/images/img001838.jpg,sunlamp,2,70174,1,16613,0.206689,0.944862,-0.147635,-0.206689,175.447
sunlamp/images/img001839.jpg,sunlamp,3,56201,1,56161,0.266242,0.774521,-0.266242,0.508279,159.862
sunlamp/images/img001842.jpg,sunlamp,3,21245,3,41337,-0.0274929,-0.467379,0.0824786,0.879772,117.249
sunlamp/images/img001843.jpg,sunlamp,1,33456,1,35445,0.510171,0.859235,0.0268511,-0.0268511,63.1069
sunlamp/images/img001847.jpg,sunlamp,0,07023,3,70032,0.150824,0.211154,0.0301648,0.965275,142.466
sunlamp/images/img001851.jpg,sunlamp,2,06560,2,07105,-0.131625,-0.394874,0.842397,-0.342224,60.84
sunlamp/images/img001852.jpg,sunlamp,3,41241,1,61717,-0.0280939,0.899004,0.309033,0.309033,154.785
sunlamp/images/img001853.jpg,sunlamp,1,11643,1,74342,0.220432,0.783758,0.269417,0.514341,146.718
sunlamp/images/img001856.jpg,sunlamp,3,34251,3,07433,-0.2561,-0.2561,-0.199189,0.910577,81.2291
sunlamp/images/img001858.jpg,sunlamp,1,47145,1,52434,0.139158,0.890609,-0.306147,0.306147,43.2333
sunlamp/images/img001859.jpg,sunlamp,3,21470,3,41307,-0.129142,-0.542398,0.0774855,0.826512,104.901
sunlamp/images/img001860.jpg,sunlamp,2,12777,1,71433,0.560642,0.780024,0.17063,0.219382,150.951
sunlamp/images/img001862.jpg,sunlamp,0,07747,1,70401,0.0898429,0.958324,0.0299476,0.269529,172.095
sunlamp/images/img001864.jpg,sunlamp,1,52102,1,05774,-0.0803219,0.856767,-0.508706,-0.026774,38.6938
sunlamp/images/img001867.jpg,sunlamp,3,52070,1,07541,-0.139591,0.893381,-0.418772,-0.0837545,128.449
sunlamp/images/img001871.jpg,sunlamp,3,37751,1,02535,-0.392598,0.739008,-0.254034,-0.484974,160.672
sunlamp/images/img001873.jpg,sunlamp,2,63011,1,16611,0.204559,0.935129,-0.204559,-0.204559,160.441
sunlamp/images/img001877.jpg,sunlamp,2,04656,1,43573,-0.0280056,0.896179,-0.25205,0.364073,110.733
sunlamp/images/img001879.jpg,sunlamp,0,32151,3,07007,-0.332243,-0.332243,-0.332243,0.817829,48.8314
sunlamp/images/img001880.jpg,sunlamp,1,04777,1,61307,-0.145617,0.931951,0.320358,0.0873704,96.8289
sunlamp/images/img001881.jpg,sunlamp,1,73262,1,70655,0.188502,0.861723,0.24236,0.403933,66.449
sunlamp/images/img001885.jpg,sunlamp,1,07534,1,61307,-0.145617,0.931951,0.320358,0.0873704,81.874
sunlamp/images/img001886.jpg,sunlamp,0,63614,2,36564,0.228822,0.533917,0.813589,-0.0254246,123.651
sunlamp/images/img001893.jpg,sunlamp,3,24445,3,71202,0.448769,0.29038,0.0263982,0.844742,139.142
sunlamp/images/img001896.jpg,sunlamp,2,60046,2,16523,0.308062,-0.25205,0.896179,-0.196039,136.065
sunlamp/images/img001898.jpg,sunlamp,1,62230,1,07053,-0.240966,0.856767,-0.348062,-0.294514,126.638
sunlamp/images/img001901.jpg,sunlamp,0,36606,2,07601,-0.36181,-0.194821,0.890609,-0.194821,144.228
sunlamp/images/img001912.jpg,sunlamp,0,61315,2,25553,-0.0309641,0.0928922,0.99085,-0.0928922,154.91
sunlamp/images/img001916.jpg,sunlamp,1,74324,1,71444,0.433341,0.8157,0.0254906,0.38236,44.1142
sunlamp/images/img001918.jpg,sunlamp,3,24505,3,70147,0.317146,0.0864945,0.20182,0.922608,108.157
sunlamp/images/img001919.jpg,sunlamp,2,46332,2,52611,0.20182,-0.20182,0.922608,0.259483,84.9773
sunlamp/images/img001920.jpg,sunlamp,3,15226,2,07031,-0.23627,-0.288775,0.840072,-0.393784,112.714
sunlamp/images/img001921.jpg,sunlamp,0,34445,2,07505,-0.138728,-0.416185,0.887862,-0.138728,163.37
sunlamp/images/img001924.jpg,sunlamp,3,52253,1,52254,0.147635,0.944862,-0.206689,0.206689,171.31
sunlamp/images/img001929.jpg,sunlamp,2,01422,2,30545,0.29038,0.0263982,0.844742,-0.448769,96.1329
sunlamp/images/img001932.jpg,sunlamp,3,34105,3,41337,-0.0274929,-0.467379,0.0824786,0.879772,89.0138
sunlamp/images/img001937.jpg,sunlamp,0,71220,0,71047,0.842397,0.500173,0.0789747,0.184274,33.8831
sunlamp/images/img001938.jpg,sunlamp,1,63565,1,50623,0.0800926,0.854321,-0.453858,0.240278,116.978
sunlamp/images/img001943.jpg,sunlamp,2,13421,3,41674,-0.264389,-0.456673,0.360531,0.769133,165.882
sunlamp/images/img001946.jpg,sunlamp,3,51442,1,52655,0.190728,0.871899,-0.190728,0.408703,151.952
sunlamp/images/img001947.jpg,sunlamp,1,01674,1,50613,0.175274,0.801253,-0.525822,0.225352,92.387
sunlamp/images/img001950.jpg,sunlamp,0,21077,1,71604,0.43676,0.822136,0.231226,0.282609,178.027
sunlamp/images/img001952.jpg,sunlamp,2,61157,1,52241,0.090167,0.961781,-0.21039,0.150278,167.108
sunlamp/images/img001955.jpg,sunlamp,2,06700,1,70573,0.39163,0.835478,0.182761,0.339413,146.448
sunlamp/images/img001957.jpg,sunlamp,2,47345,1,47532,-0.0719402,0.767362,-0.215821,0.599501,176.468
sunlamp/images/img001959.jpg,sunlamp,1,33145,1,52521,0.299715,0.871899,-0.299715,0.245222,122.063
sunlamp/images/img001960.jpg,sunlamp,0,04107,1,52434,0.139158,0.890609,-0.306147,0.306147,159.815
sunlamp/images/img001965.jpg,sunlamp,2,40351,1,41374,-0.0789747,0.842397,-0.500173,0.184274,79.7382
sunlamp/images/img001968.jpg,sunlamp,3,21054,2,07146,-0.19245,-0.357407,0.879772,-0.247436,97.6243
sunlamp/images/img001970.jpg,sunlamp,1,71736,1,16536,0.360694,0.887862,-0.249711,-0.138728,87.899
sunlamp/images/img001974.jpg,sunlamp,0,06310,2,01576,-0.0679889,-0.566575,0.725215,-0.385271,152.229
sunlamp/images/img001976.jpg,sunlamp,0,02554,1,61477,-0.24236,0.861723,0.188502,0.403933,77.3714
sunlamp/images/img001981.jpg,sunlamp,3,43526,3,41327,-0.136234,-0.463196,0.0817405,0.871899,38.3331
sunlamp/images/img001987.jpg,sunlamp,1,65327,1,61367,-0.137464,0.879772,0.412393,0.19245,33.7644
sunlamp/images/img001993.jpg,sunlamp,0,06226,1,47036,-0.276124,0.80327,-0.22592,0.476942,63.2357
sunlamp/images/img001994.jpg,sunlamp,0,61611,0,34403,0.968808,0.0908257,0.0908257,-0.211927,72.0026
sunlamp/images/img001999.jpg,sunlamp,1,72766,1,72421,0.0760775,0.811493,0.532542,0.228232,27.3388
sunlamp/images/img002002.jpg,sunlamp,0,47317,2,07507,-0.141819,-0.368729,0.907642,-0.141819,143.294
sunlamp/images/img002006.jpg,sunlamp,3,51250,3,52343,0.318206,-0.144639,0.144639,0.925691,52.4748
sunlamp/images/img002007.jpg,sunlamp,1,73042,1,70714,0.348062,0.856767,0.240966,0.294514,33.5599
sunlamp/images/img002012.jpg,sunlamp,0,15222,1,45142,-0.144246,0.659408,-0.597589,0.432737,155.211
sunlamp/images/img002013.jpg,sunlamp,1,16015,1,70347,0.30334,0.882444,0.30334,0.193035,104.611
sunlamp/images/img002014.jpg,sunlamp,0,60062,1,06136,-0.469888,0.791391,-0.222579,-0.321503,39.551
sunlamp/images/img002018.jpg,sunlamp,3,47213,1,70563,0.297951,0.866766,0.189605,0.352124,154.344
sunlamp/images/img002023.jpg,sunlamp,2,04707,2,71252,0.523205,0.27406,0.797264,0.124573,158.801
sunlamp/images/img002026.jpg,sunlamp,0,53166,2,07043,-0.337577,-0.337577,0.830959,-0.285642,93.9394
sunlamp/images/img002027.jpg,sunlamp,0,27100,2,16533,0.403933,-0.24236,0.861723,-0.188502,71.5965
sunlamp/images/img002028.jpg,sunlamp,0,23050,0,34633,0.871899,0.190728,0.408703,-0.190728,70.9246
sunlamp/images/img002031.jpg,sunlamp,1,07264,1,07166,-0.199189,0.910577,-0.2561,-0.2561,33.5078
sunlamp/images/img002034.jpg,sunlamp,2,77403,3,45353,-0.0228994,-0.480888,0.480888,0.732782,120.121
sunlamp/images/img002035.jpg,sunlamp,3,13365,3,41733,-0.026774,-0.455158,0.240966,0.856767,126.093
sunlamp/images/img002036.jpg,sunlamp,3,36020,1,45337,-0.0244339,0.781884,-0.415376,0.464244,47.3802
sunlamp/images/img002042.jpg,sunlamp,1,01726,1,04333,-0.397722,0.748653,-0.397722,-0.350931,29.6206
sunlamp/images/img002043.jpg,sunlamp,3,52114,3,43502,-0.19245,-0.357407,0.247436,0.879772,64.1547
sunlamp/images/img002046.jpg,sunlamp,2,50422,1,43137,-0.0299476,0.958324,-0.269529,0.0898429,81.0899
sunlamp/images/img002047.jpg,sunlamp,2,07762,2,07514,-0.0837545,-0.418772,0.893381,-0.139591,50.9147
sunlamp/images/img002050.jpg,sunlamp,2,60106,2,52343,0.318206,-0.144639,0.925691,0.144639,110.689
sunlamp/images/img002051.jpg,sunlamp,0,03755,1,43572,-0.0837545,0.893381,-0.251263,0.362936,155.052
sunlamp/images/img002052.jpg,sunlamp,1,70375,1,70653,0.189605,0.866766,0.297951,0.352124,30.7749
sunlamp/images/img002057.jpg,sunlamp,2,67636,1,52433,0.199189,0.910577,-0.2561,0.2561,124.991
sunlamp/images/img002059.jpg,sunlamp,2,41217,1,50232,0.136641,0.8745,-0.464578,0.0273281,57.5809
sunlamp/images/img002060.jpg,sunlamp,1,42416,1,05332,-0.0762739,0.813589,-0.432219,-0.38137,97.3975
sunlamp/images/img002064.jpg,sunlamp,3,36052,1,47133,-0.026774,0.856767,-0.240966,0.455158,64.2949
sunlamp/images/img002068.jpg,sunlamp,0,27725,2,24331,-0.411464,0.314649,0.774521,-0.363057,152.546
sunlamp/images/img002073.jpg,sunlamp,0,72064,0,07142,0.866766,-0.189605,-0.352124,-0.297951,123.079
sunlamp/images/img002074.jpg,sunlamp,1,60377,1,07037,-0.244497,0.869321,-0.244497,-0.353162,98.9132
sunlamp/images/img002075.jpg,sunlamp,3,76124,1,61717,-0.0280939,0.899004,0.309033,0.309033,77.8934
sunlamp/images/img002080.jpg,sunlamp,2,63227,1,50066,0.0242607,0.776342,-0.606517,0.169825,167.832
sunlamp/images/img002083.jpg,sunlamp,3,16460,3,70042,0.0307293,0.0921878,0.153646,0.983336,53.5597
sunlamp/images/img002084.jpg,sunlamp,1,54524,1,52414,0.13387,0.856767,-0.40161,0.294514,40.5035
sunlamp/images/img002086.jpg,sunlamp,3,72037,3,70642,0.0275764,0.30334,0.358493,0.882444,46.7575
sunlamp/images/img002089.jpg,sunlamp,0,61324,2,07501,-0.137464,-0.412393,0.879772,-0.19245,147.804
sunlamp/images/img002093.jpg,sunlamp,1,24723,1,16063,0.0853666,0.910577,-0.2561,-0.313011,104.959
sunlamp/images/img002099.jpg,sunlamp,3,27502,2,07141,-0.13387,-0.40161,0.856767,-0.294514,110.033
sunlamp/images/img002100.jpg,sunlamp,1,70475,1,47137,-0.0261087,0.835478,-0.234978,0.496065,49.399
sunlamp/images/img002105.jpg,sunlamp,3,50350,3,41742,-0.17063,-0.511891,0.316885,0.780024,60.56
sunlamp/images/img002113.jpg,sunlamp,3,35753,2,52005,0.0842816,-0.421408,0.899004,0.0842816,177.142
sunlamp/images/img002114.jpg,sunlamp,2,62341,2,50366,0.236924,-0.447523,0.842397,0.184274,148.926
sunlamp/images/img002116.jpg,sunlamp,2,42032,2,43421,-0.348062,-0.294514,0.856767,0.240966,43.5378
sunlamp/images/img002117.jpg,sunlamp,1,45026,1,70647,0.0807866,0.861723,0.296217,0.403933,111.406
sunlamp/images/img002120.jpg,sunlamp,2,37721,1,53440,0.411464,0.774521,-0.363057,0.314649,135.844
sunlamp/images/img002121.jpg,sunlamp,1,50303,1,50234,0.132733,0.849491,-0.504385,0.0796398,17.3758
sunlamp/images/img002126.jpg,sunlamp,1,70005,1,43317,-0.0307293,0.983336,-0.153646,0.0921878,24.6844
sunlamp/images/img002128.jpg,sunlamp,1,57632,1,56532,0.298319,0.734324,-0.206529,0.57369,30.8259
sunlamp/images/img002132.jpg,sunlamp,1,03744,1,07142,-0.189605,0.866766,-0.352124,-0.297951,25.9816
sunlamp/images/img002136.jpg,sunlamp,1,77742,1,45333,-0.0249766,0.799251,-0.424602,0.424602,124.204
sunlamp/images/img002138.jpg,sunlamp,2,47374,3,47532,-0.0719402,-0.215821,0.599501,0.767362,34.4507
sunlamp/images/img002141.jpg,sunlamp,3,74032,1,74132,0.332243,0.817829,0.1789,0.434472,97.2587
sunlamp/images/img002142.jpg,sunlamp,1,12541,1,07341,-0.143208,0.916533,-0.200492,-0.315058,56.2415
sunlamp/images/img002146.jpg,sunlamp,2,25310,2,16616,0.150824,-0.150824,0.965275,-0.150824,61.1288
sunlamp/images/img002149.jpg,sunlamp,0,43412,0,42222,0.717879,-0.695445,-0.0224337,0.0224337,69.3397
sunlamp/images/img002151.jpg,sunlamp,2,70753,1,16673,0.212708,0.972379,-0.0303869,-0.0911606,144.886
sunlamp/images/img002159.jpg,sunlamp,3,06377,1,07457,-0.25205,0.896179,-0.364073,-0.0280056,164.953
sunlamp/images/img002162.jpg,sunlamp,3,72150,0,70603,0.910577,0.0853666,0.313011,0.2561,108.904
sunlamp/images/img002163.jpg,sunlamp,2,30760,1,52511,0.380387,0.811493,-0.380387,0.228232,172.199
sunlamp/images/img002166.jpg,sunlamp,0,52322,1,41773,-0.0259675,0.830959,-0.441447,0.337577,153.015
sunlamp/images/img002168.jpg,sunlamp,3,47034,2,43507,-0.136641,-0.355266,0.8745,0.300609,75.4855
sunlamp/images/img002169.jpg,sunlamp,1,65107,1,45372,-0.0714488,0.762121,-0.404877,0.500142,59.318
sunlamp/images/img002171.jpg,sunlamp,3,45152,1,52433,0.199189,0.910577,-0.2561,0.2561,118.674
sunlamp/images/img002173.jpg,sunlamp,2,76226,1,61166,-0.204559,0.935129,0.204559,0.204559,71.5004
sunlamp/images/img002177.jpg,sunlamp,0,07645,2,70453,0.197911,0.0848189,0.904735,0.367549,174.95
sunlamp/images/img002181.jpg,sunlamp,1,10072,1,16112,0.326328,0.80327,-0.326328,-0.376533,43.6798
sunlamp/images/img002184.jpg,sunlamp,0,63016,2,25352,-0.0840168,0.308062,0.896179,-0.308062,150.104
sunlamp/images/img002185.jpg,sunlamp,0,54017,0,61442,0.847106,-0.397081,0.0794162,0.344137,106.033
sunlamp/images/img002188.jpg,sunlamp,0,12527,1,43573,-0.0280056,0.896179,-0.25205,0.364073,170.329
sunlamp/images/img002192.jpg,sunlamp,3,12436,3,12342,0.208739,-0.115966,-0.626216,0.742182,19.4144
sunlamp/images/img002193.jpg,sunlamp,2,74157,1,41637,-0.231226,0.822136,-0.43676,0.282609,156.622
sunlamp/images/img002194.jpg,sunlamp,3,31173,3,21667,-0.314649,0.363057,-0.411464,0.774521,113.05
sunlamp/images/img002195.jpg,sunlamp,2,74174,1,07737,-0.030846,0.987072,-0.030846,-0.15423,177.381
sunlamp/images/img002198.jpg,sunlamp,3,70473,3,70644,0.0274101,0.246691,0.411152,0.877124,20.1767
sunlamp/images/img002201.jpg,sunlamp,0,42117,0,43466,0.811493,-0.380387,-0.228232,0.380387,35.9875
sunlamp/images/img002208.jpg,sunlamp,2,40011,1,52164,0.25205,0.896179,-0.308062,0.196039,61.2615
sunlamp/images/img002210.jpg,sunlamp,3,52163,3,61177,-0.0298408,0.208885,0.208885,0.954905,67.4505
sunlamp/images/img002212.jpg,sunlamp,1,63321,2,41232,-0.29038,-0.448769,0.844742,0.0263982,147.683
sunlamp/images/img002213.jpg,sunlamp,1,12646,1,14722,0.236924,0.842397,-0.447523,-0.184274,56.6736
sunlamp/images/img002218.jpg,sunlamp,3,07772,3,41773,-0.0259675,-0.441447,0.337577,0.830959,73.6611
sunlamp/images/img002220.jpg,sunlamp,2,47026,1,07746,-0.211154,0.965275,-0.150824,-0.0301648,148.875
sunlamp/images/img002225.jpg,sunlamp,2,74266,1,47132,-0.0800926,0.854321,-0.240278,0.453858,137.539
sunlamp/images/img002226.jpg,sunlamp,2,47121,1,61701,-0.143681,0.919555,0.258625,0.258625,169.015
sunlamp/images/img002227.jpg,sunlamp,1,06505,1,52631,0.205262,0.93834,-0.0879694,0.263908,101.391
sunlamp/images/img002228.jpg,sunlamp,1,76431,1,70655,0.188502,0.861723,0.24236,0.403933,36.9589
sunlamp/images/img002229.jpg,sunlamp,3,50312,1,70547,0.296217,0.861723,0.0807866,0.403933,177.086
sunlamp/images/img002231.jpg,sunlamp,0,22500,3,25247,-0.348062,0.294514,-0.240966,0.856767,60.4382
sunlamp/images/img002232.jpg,sunlamp,3,54231,2,52431,0.196039,-0.308062,0.896179,0.25205,84.9279
sunlamp/images/img002237.jpg,sunlamp,3,56400,1,52564,0.23627,0.840072,-0.288775,0.393784,162.46
sunlamp/images/img002240.jpg,sunlamp,1,27040,1,25346,-0.196039,0.896179,0.308062,-0.25205,29.2894
sunlamp/images/img002243.jpg,sunlamp,1,25017,1,05711,-0.0249766,0.799251,-0.574462,-0.174836,82.0261
sunlamp/images/img002244.jpg,sunlamp,3,36501,1,70504,0.256933,0.91354,0.0285481,0.314029,86.1439
sunlamp/images/img002246.jpg,sunlamp,0,25155,2,07533,-0.0294245,-0.26482,0.941584,-0.205971,175.793
sunlamp/images/img002249.jpg,sunlamp,2,60441,2,21675,-0.227648,0.328824,0.809414,-0.430001,107.846
sunlamp/images/img002251.jpg,sunlamp,0,61115,1,70523,0.308062,0.896179,0.196039,0.25205,145.844
sunlamp/images/img002253.jpg,sunlamp,2,25527,1,52162,0.258625,0.919555,-0.258625,0.143681,169.588
sunlamp/images/img002255.jpg,sunlamp,1,52776,1,14732,0.332243,0.817829,-0.434472,-0.1789,82.2575
sunlamp/images/img002258.jpg,sunlamp,0,25451,2,52165,0.30334,-0.30334,0.882444,0.193035,134.301
sunlamp/images/img002263.jpg,sunlamp,3,32661,2,07401,-0.339413,-0.39163,0.835478,-0.182761,87.0736
sunlamp/images/img002265.jpg,sunlamp,2,57443,1,52533,0.399326,0.851896,-0.239596,0.239596,169.7
sunlamp/images/img002267.jpg,sunlamp,2,76036,1,14447,0.069282,0.739008,-0.669726,-0.023094,169.419
sunlamp/images/img002277.jpg,sunlamp,3,17320,3,41237,-0.240278,-0.453858,0.0800926,0.854321,121.431
sunlamp/images/img002280.jpg,sunlamp,3,74030,1,74522,0.21338,0.758686,0.165963,0.592723,87.4273
sunlamp/images/img002286.jpg,sunlamp,2,25146,1,14562,0.215821,0.767362,-0.599501,-0.0719402,118.266
sunlamp/images/img002289.jpg,sunlamp,1,23672,1,25371,-0.0275764,0.882444,0.358493,-0.30334,47.228
sunlamp/images/img002294.jpg,sunlamp,3,66423,1,56006,0.0253592,0.811493,-0.329669,0.481824,126.978
sunlamp/images/img002298.jpg,sunlamp,0,52346,1,61577,-0.0277457,0.887862,0.19422,0.416185,149.877
sunlamp/images/img002299.jpg,sunlamp,3,07142,3,07431,-0.25205,-0.308062,-0.196039,0.896179,12.1172
sunlamp/images/img002303.jpg,sunlamp,1,40275,1,47133,-0.026774,0.856767,-0.240966,0.455158,74.1479
sunlamp/images/img002307.jpg,sunlamp,0,11700,1,47133,-0.026774,0.856767,-0.240966,0.455158,146.736
sunlamp/images/img002310.jpg,sunlamp,3,65713,1,61746,-0.185826,0.849491,0.292013,0.398199,92.8485
sunlamp/images/img002315.jpg,sunlamp,0,61222,2,07541,-0.139591,-0.418772,0.893381,-0.0837545,130.802
sunlamp/images/img002317.jpg,sunlamp,2,10472,1,43573,-0.0280056,0.896179,-0.25205,0.364073,65.9822
sunlamp/images/img002318.jpg,sunlamp,3,25255,3,07546,-0.198547,-0.368729,-0.0283638,0.907642,75.6629
sunlamp/images/img002321.jpg,sunlamp,1,16530,1,70141,0.321451,0.935129,0.0292228,0.146114,55.2066
sunlamp/images/img002324.jpg,sunlamp,0,45573,0,42662,0.689329,-0.667787,-0.0215415,0.28004,99.6818
sunlamp/images/img002325.jpg,sunlamp,0,16032,1,52611,0.20182,0.922608,-0.20182,0.259483,151.986
sunlamp/images/img002332.jpg,sunlamp,1,42106,1,70654,0.135831,0.869321,0.244497,0.407494,112.283
sunlamp/images/img002338.jpg,sunlamp,2,30142,1,52536,0.348062,0.856767,-0.240966,0.294514,151.938
sunlamp/images/img002341.jpg,sunlamp,1,43300,1,61111,-0.0312043,0.998538,0.0312043,0.0312043,34.56
sunlamp/images/img002343.jpg,sunlamp,0,01270,1,43677,-0.246691,0.877124,-0.0274101,0.411152,108.267
sunlamp/images/img002344.jpg,sunlamp,2,27650,2,16562,0.260351,-0.260351,0.925691,-0.0867835,122.623
sunlamp/images/img002347.jpg,sunlamp,0,60545,3,52034,0.145617,-0.320358,0.0873704,0.931951,104.236
sunlamp/images/img002352.jpg,sunlamp,3,13443,1,05533,-0.0242607,0.776342,-0.606517,-0.169825,170.777
sunlamp/images/img002353.jpg,sunlamp,3,24100,0,52637,0.925691,0.202495,-0.0289278,0.318206,149.455
sunlamp/images/img002359.jpg,sunlamp,3,30603,1,01447,-0.269723,0.663935,-0.601691,-0.352715,155.372
sunlamp/images/img002361.jpg,sunlamp,1,74027,1,43574,-0.0807866,0.861723,-0.296217,0.403933,56.6693
sunlamp/images/img002364.jpg,sunlamp,1,01356,1,61675,-0.232456,0.826512,0.33577,0.387427,153.489
sunlamp/images/img002367.jpg,sunlamp,0,65237,1,52566,0.239596,0.851896,-0.239596,0.399326,169.629
sunlamp/images/img002368.jpg,sunlamp,1,63662,1,60777,-0.404877,0.762121,0.357244,0.357244,38.8175
sunlamp/images/img002375.jpg,sunlamp,2,34746,2,52073,0.203864,-0.262111,0.931951,0.145617,73.3716
sunlamp/images/img002377.jpg,sunlamp,3,61416,3,70413,0.205262,0.0879694,0.263908,0.93834,58.3097
sunlamp/images/img002379.jpg,sunlamp,0,72054,1,70543,0.302422,0.879772,0.0824786,0.357407,120.248
sunlamp/images/img002380.jpg,sunlamp,0,42134,2,41771,-0.0253592,-0.481824,0.811493,0.329669,179.93
sunlamp/images/img002384.jpg,sunlamp,2,65332,2,61367,-0.137464,0.412393,0.879772,0.19245,31.8343
sunlamp/images/img002385.jpg,sunlamp,0,47221,3,43571,-0.0275764,-0.30334,0.358493,0.882444,128.268
sunlamp/images/img002386.jpg,sunlamp,0,71302,0,43643,0.859235,-0.349064,-0.134255,0.349064,129.039
sunlamp/images/img002389.jpg,sunlamp,3,62101,1,52743,0.300609,0.8745,-0.136641,0.355266,123.589
sunlamp/images/img002395.jpg,sunlamp,1,20564,2,52443,0.0810219,-0.351095,0.864234,0.351095,139.672
sunlamp/images/img002399.jpg,sunlamp,2,06723,1,53423,0.483068,0.813589,-0.228822,0.228822,118.706
sunlamp/images/img002403.jpg,sunlamp,2,15376,2,43551,-0.0265466,-0.398199,0.849491,0.345106,99.4749
sunlamp/images/img002404.jpg,sunlamp,2,73245,1,43537,-0.0285481,0.91354,-0.256933,0.314029,136.548
sunlamp/images/img002408.jpg,sunlamp,3,61210,1,52531,0.393784,0.840072,-0.288775,0.23627,147.435
sunlamp/images/img002410.jpg,sunlamp,0,62121,2,60556,-0.472205,0.0745586,0.795292,0.372793,179.816
sunlamp/images/img002412.jpg,sunlamp,1,42564,3,47574,-0.0652328,-0.239187,0.674072,0.695817,171.493
sunlamp/images/img002414.jpg,sunlamp,0,74272,2,52501,0.288775,-0.393784,0.840072,0.23627,105.471
sunlamp/images/img002415.jpg,sunlamp,2,55641,2,56012,0.128799,-0.334878,0.824315,0.437917,38.5635
sunlamp/images/img002416.jpg,sunlamp,0,22233,3,44533,-0.335795,-0.493817,0.493817,0.632085,175.613
sunlamp/images/img002417.jpg,sunlamp,1,41546,1,70421,0.0888913,0.948174,0.148152,0.266674,99.1234
sunlamp/images/img002418.jpg,sunlamp,3,70331,2,07143,-0.136641,-0.355266,0.8745,-0.300609,132.878
sunlamp/images/img002420.jpg,sunlamp,0,21272,1,73442,0.395992,0.745396,0.442579,0.302817,173.589
sunlamp/images/img002421.jpg,sunlamp,2,70300,1,52164,0.25205,0.896179,-0.308062,0.196039,176.146
sunlamp/images/img002422.jpg,sunlamp,3,22727,3,41343,-0.128459,-0.539527,0.128459,0.822136,159.719
sunlamp/images/img002423.jpg,sunlamp,2,55234,1,07433,-0.2561,0.910577,-0.2561,-0.199189,85.9827
sunlamp/images/img002425.jpg,sunlamp,3,34443,3,43172,-0.0888913,-0.266674,0.148152,0.948174,53.9919
sunlamp/images/img002431.jpg,sunlamp,0,56641,3,43673,-0.25205,-0.0280056,0.364073,0.896179,139.934
sunlamp/images/img002432.jpg,sunlamp,1,61150,1,43171,-0.0292228,0.935129,-0.321451,0.146114,42.8641
sunlamp/images/img002434.jpg,sunlamp,1,71343,1,52536,0.348062,0.856767,-0.240966,0.294514,69.5078
sunlamp/images/img002435.jpg,sunlamp,0,04575,1,47030,-0.278951,0.811493,-0.278951,0.431106,139.03
sunlamp/images/img002444.jpg,sunlamp,3,44225,1,45332,-0.0747435,0.797264,-0.423547,0.423547,161.97
sunlamp/images/img002447.jpg,sunlamp,2,52422,2,43112,-0.0864945,-0.374809,0.922608,0.0288315,33.9666
sunlamp/images/img002454.jpg,sunlamp,1,71650,1,71401,0.496065,0.835478,0.0261087,0.234978,27.2024
sunlamp/images/img002458.jpg,sunlamp,0,21465,0,70404,0.944862,0.0295269,0.0295269,0.324796,102.518
sunlamp/images/img002459.jpg,sunlamp,3,14366,3,07503,-0.140469,-0.36522,-0.196657,0.899004,44.0887
sunlamp/images/img002464.jpg,sunlamp,0,47026,3,43502,-0.19245,-0.357407,0.247436,0.879772,142.467
sunlamp/images/img002472.jpg,sunlamp,3,62702,1,61477,-0.24236,0.861723,0.188502,0.403933,52.5816
sunlamp/images/img002475.jpg,sunlamp,2,56304,2,56011,0.175715,-0.376533,0.80327,0.426737,25.0804
sunlamp/images/img002477.jpg,sunlamp,2,50206,1,70613,0.196039,0.896179,0.308062,0.25205,154.877
sunlamp/images/img002478.jpg,sunlamp,2,25034,2,16562,0.260351,-0.260351,0.925691,-0.0867835,84.7041
sunlamp/images/img002480.jpg,sunlamp,0,25052,1,74402,0.0245514,0.785646,0.0736543,0.613786,134.011
sunlamp/images/img002481.jpg,sunlamp,1,04512,1,05437,-0.214834,0.763856,-0.596762,-0.119352,25.0346
sunlamp/images/img002482.jpg,sunlamp,2,36065,2,50261,0.0796398,-0.504385,0.849491,0.132733,134.167
sunlamp/images/img002485.jpg,sunlamp,3,04706,3,43176,-0.0879694,-0.263908,0.205262,0.93834,70.7137
sunlamp/images/img002486.jpg,sunlamp,0,52235,2,61522,-0.20182,0.20182,0.922608,0.259483,155.927
sunlamp/images/img002487.jpg,sunlamp,1,04312,2,52442,0.0270864,-0.352124,0.866766,0.352124,77.8942
sunlamp/images/img002488.jpg,sunlamp,1,66361,1,01665,-0.302817,0.745396,-0.442579,-0.395992,160.926
sunlamp/images/img002491.jpg,sunlamp,1,36075,2,52122,0.261226,-0.261226,0.928805,0.0290252,140.42
sunlamp/images/img002493.jpg,sunlamp,3,31402,3,03346,-0.168638,-0.120456,-0.602279,0.770916,69.4713
sunlamp/images/img002496.jpg,sunlamp,2,17120,1,34143,0.308062,0.896179,0.0840168,-0.308062,165.201
sunlamp/images/img002497.jpg,sunlamp,0,67137,2,71004,0.467379,0.0274929,0.879772,0.0824786,66.8675
sunlamp/images/img002498.jpg,sunlamp,1,14024,1,50623,0.0800926,0.854321,-0.453858,0.240278,67.0558
sunlamp/images/img002502.jpg,sunlamp,2,65133,1,61077,-0.259483,0.922608,0.20182,0.20182,124.959
sunlamp/images/img002504.jpg,sunlamp,2,40301,1,41537,-0.0237624,0.760398,-0.594061,0.261387,72.3541
sunlamp/images/img002508.jpg,sunlamp,2,32636,1,52533,0.399326,0.851896,-0.239596,0.239596,144.357
sunlamp/images/img002510.jpg,sunlamp,3,43164,1,16432,0.145617,0.931951,-0.262111,-0.203864,115.171
sunlamp/images/img002513.jpg,sunlamp,1,56063,1,43573,-0.0280056,0.896179,-0.25205,0.364073,25.0483
sunlamp/images/img002515.jpg,sunlamp,3,07550,1,52562,0.244497,0.869321,-0.244497,0.353162,176.115
sunlamp/images/img002524.jpg,sunlamp,3,43574,1,70543,0.302422,0.879772,0.0824786,0.357407,171.779
sunlamp/images/img002525.jpg,sunlamp,3,36545,1,61577,-0.0277457,0.887862,0.19422,0.416185,83.4794
sunlamp/images/img002528.jpg,sunlamp,1,25305,1,70247,0.0864945,0.922608,0.317146,0.20182,72.7853
sunlamp/images/img002529.jpg,sunlamp,1,27205,2,16446,0.0289278,-0.376062,0.925691,-0.0289278,152.922
sunlamp/images/img002530.jpg,sunlamp,1,70006,1,52207,0.0918415,0.979643,-0.153069,0.0918415,31.8693
sunlamp/images/img002538.jpg,sunlamp,1,12633,1,12536,0.313914,0.772712,-0.217325,-0.507093,29.2831
sunlamp/images/img002540.jpg,sunlamp,0,55033,1,07151,-0.0270073,0.864234,-0.40511,-0.29708,123.238
sunlamp/images/img002542.jpg,sunlamp,3,07772,1,43117,-0.0288315,0.922608,-0.374809,0.0864945,169.631
sunlamp/images/img002546.jpg,sunlamp,0,65537,2,70544,0.246691,0.0274101,0.877124,0.411152,108.749
sunlamp/images/img002548.jpg,sunlamp,2,17274,3,43055,-0.24236,-0.403933,0.188502,0.861723,164.527
sunlamp/images/img002550.jpg,sunlamp,2,77031,1,45372,-0.0714488,0.762121,-0.404877,0.500142,157.837
sunlamp/images/img002551.jpg,sunlamp,0,61461,0,61620,0.826512,-0.387427,0.33577,0.232456,30.7582
sunlamp/images/img002552.jpg,sunlamp,3,15644,1,52542,0.236924,0.842397,-0.342224,0.342224,167.852
sunlamp/images/img002553.jpg,sunlamp,0,16206,3,70107,0.322554,0.0879694,0.0879694,0.93834,170.939
sunlamp/images/img002555.jpg,sunlamp,3,77306,1,11313,0.532665,0.549848,-0.360838,-0.532665,170.125
sunlamp/images/img002559.jpg,sunlamp,0,13072,3,41232,-0.29038,-0.448769,0.0263982,0.844742,59.8347
sunlamp/images/img002561.jpg,sunlamp,3,26151,0,43142,0.899004,-0.196657,-0.36522,0.140469,154.936
sunlamp/images/img002562.jpg,sunlamp,2,06531,2,52122,0.261226,-0.261226,0.928805,0.0290252,86.0104
sunlamp/images/img002563.jpg,sunlamp,1,05573,1,50222,0.0275764,0.882444,-0.468798,0.0275764,25.3105
sunlamp/images/img002566.jpg,sunlamp,1,70032,1,70255,0.20182,0.922608,0.259483,0.20182,24.182
sunlamp/images/img002569.jpg,sunlamp,1,07326,1,07343,-0.144639,0.925691,-0.144639,-0.318206,14.7844
sunlamp/images/img002577.jpg,sunlamp,0,14305,2,25661,-0.351095,0.351095,0.864234,-0.0810219,103.215
sunlamp/images/img002579.jpg,sunlamp,0,05731,2,25533,-0.0298408,0.208885,0.954905,-0.208885,123.247
sunlamp/images/img002581.jpg,sunlamp,3,70537,1,70567,0.292013,0.849491,0.185826,0.398199,99.0393
sunlamp/images/img002584.jpg,sunlamp,3,26477,3,41632,-0.282609,-0.43676,0.231226,0.822136,119.327
sunlamp/images/img002587.jpg,sunlamp,3,61467,3,43177,-0.0294245,-0.26482,0.205971,0.941584,67.0715
sunlamp/images/img002589.jpg,sunlamp,1,25313,1,70743,0.29038,0.844742,0.29038,0.343176,95.1302
sunlamp/images/img002592.jpg,sunlamp,0,36115,1,70507,0.308062,0.896179,0.0840168,0.308062,123.449
sunlamp/images/img002593.jpg,sunlamp,1,23703,1,41331,-0.0268511,0.859235,-0.510171,0.0268511,147.067
sunlamp/images/img002596.jpg,sunlamp,0,67524,2,43531,-0.0285481,-0.314029,0.91354,0.256933,110.083
sunlamp/images/img002597.jpg,sunlamp,0,03213,1,15672,0.500142,0.762121,-0.404877,-0.0714488,146.411
sunlamp/images/img002598.jpg,sunlamp,0,40031,1,07346,-0.203864,0.931951,-0.145617,-0.262111,114.826
sunlamp/images/img002599.jpg,sunlamp,0,50625,3,03333,-0.0224337,-0.0224337,-0.695445,0.717879,116.91
sunlamp/images/img002600.jpg,sunlamp,2,24560,2,24521,-0.535303,0.127453,0.8157,-0.178434,11.2233
sunlamp/images/img002602.jpg,sunlamp,3,42330,1,52473,0.19245,0.879772,-0.247436,0.357407,165.598
sunlamp/images/img002606.jpg,sunlamp,3,21451,1,52433,0.199189,0.910577,-0.2561,0.2561,144.247
sunlamp/images/img002612.jpg,sunlamp,0,27557,2,17462,0.453858,-0.240278,0.854321,-0.0800926,66.2655
sunlamp/images/img002613.jpg,sunlamp,3,61207,3,61174,-0.090167,0.150278,0.21039,0.961781,39.3258
sunlamp/images/img002623.jpg,sunlamp,2,61756,2,52064,0.0289278,-0.318206,0.925691,0.202495,77.9032
sunlamp/images/img002630.jpg,sunlamp,3,70425,2,71403,0.494718,0.0781133,0.833209,0.23434,116.248
sunlamp/images/img002631.jpg,sunlamp,0,24165,3,74074,0.124883,0.124883,0.574462,0.799251,169.484
sunlamp/images/img002632.jpg,sunlamp,1,34532,1,51266,0.418384,0.787547,-0.418384,0.172276,82.3162
sunlamp/images/img002636.jpg,sunlamp,0,40706,3,41746,-0.16786,-0.503581,0.359701,0.767362,165.267
sunlamp/images/img002641.jpg,sunlamp,2,63442,1,05436,-0.259633,0.755297,-0.590076,-0.118015,176.067
sunlamp/images/img002649.jpg,sunlamp,3,34544,3,43375,-0.0303869,-0.0911606,0.212708,0.972379,46.8065
sunlamp/images/img002652.jpg,sunlamp,3,47000,1,05573,-0.0245514,0.785646,-0.613786,-0.0736543,112.232
sunlamp/images/img002655.jpg,sunlamp,0,05355,2,16532,0.357407,-0.247436,0.879772,-0.19245,159.296
sunlamp/images/img002656.jpg,sunlamp,1,56162,1,52534,0.343176,0.844742,-0.29038,0.29038,30.887
sunlamp/images/img002668.jpg,sunlamp,0,23577,2,32544,0.219382,0.414388,0.780024,-0.414388,85.9031
sunlamp/images/img002669.jpg,sunlamp,2,06174,1,43531,-0.0285481,0.91354,-0.314029,0.256933,112.147
sunlamp/images/img002670.jpg,sunlamp,3,00234,2,03433,-0.217325,-0.217325,0.772712,-0.555387,113.177
sunlamp/images/img002673.jpg,sunlamp,2,34521,2,16421,0.0864945,-0.317146,0.922608,-0.20182,61.942
sunlamp/images/img002674.jpg,sunlamp,2,52542,2,52504,0.23627,-0.393784,0.840072,0.288775,9.28783
sunlamp/images/img002675.jpg,sunlamp,2,45262,1,16162,0.248946,0.88514,-0.248946,-0.304267,83.242
sunlamp/images/img002676.jpg,sunlamp,1,61365,1,07431,-0.25205,0.896179,-0.308062,-0.196039,93.2947
sunlamp/images/img002678.jpg,sunlamp,1,52642,1,52241,0.090167,0.961781,-0.21039,0.150278,25.458
sunlamp/images/img002681.jpg,sunlamp,0,12344,3,43037,-0.260351,-0.260351,0.0867835,0.925691,71.8159
sunlamp/images/img002685.jpg,sunlamp,3,55231,3,52442,0.0270864,-0.352124,0.352124,0.866766,59.3765
sunlamp/images/img002686.jpg,sunlamp,0,34563,1,07347,-0.147122,0.941584,-0.147122,-0.26482,162.654
sunlamp/images/img002687.jpg,sunlamp,1,60142,1,52611,0.20182,0.922608,-0.20182,0.259483,102.401
sunlamp/images/img002688.jpg,sunlamp,2,45352,2,05636,-0.287982,-0.445063,0.837765,-0.130901,78.732
sunlamp/images/img002689.jpg,sunlamp,3,77107,3,12532,0.306158,-0.211955,-0.541664,0.753619,136.51
sunlamp/images/img002691.jpg,sunlamp,1,20144,3,45050,-0.217961,-0.614253,0.416107,0.634068,98.4972
sunlamp/images/img002692.jpg,sunlamp,3,23413,2,21443,-0.328824,0.0758825,0.809414,-0.480589,97.4972
sunlamp/images/img002695.jpg,sunlamp,1,34435,1,70613,0.196039,0.896179,0.308062,0.25205,48.8397
sunlamp/images/img002698.jpg,sunlamp,0,21260,0,43543,0.859235,-0.134255,-0.349064,0.349064,142.543
sunlamp/images/img002702.jpg,sunlamp,2,02320,1,02543,-0.470162,0.716438,-0.291053,-0.425385,152.114
sunlamp/images/img002704.jpg,sunlamp,2,53361,1,61527,-0.143208,0.916533,0.200492,0.315058,176.499
sunlamp/images/img002705.jpg,sunlamp,1,14706,1,52034,0.145617,0.931951,-0.320358,0.0873704,38.7595
sunlamp/images/img002706.jpg,sunlamp,2,46576,2,74164,0.220963,0.122757,0.785646,0.564683,79.7604
sunlamp/images/img002707.jpg,sunlamp,0,61133,1,16562,0.260351,0.925691,-0.260351,-0.0867835,159.741
sunlamp/images/img002712.jpg,sunlamp,3,43104,3,43142,-0.196657,-0.36522,0.140469,0.899004,9.31389
sunlamp/images/img002716.jpg,sunlamp,3,25067,1,52431,0.196039,0.896179,-0.308062,0.25205,131.777
sunlamp/images/img002717.jpg,sunlamp,1,16466,1,70201,0.0898429,0.958324,0.269529,0.0299476,60.0957
sunlamp/images/img002718.jpg,sunlamp,1,32541,1,71441,0.481824,0.811493,0.0253592,0.329669,106.617
sunlamp/images/img002719.jpg,sunlamp,2,30704,1,52161,0.306147,0.890609,-0.306147,0.139158,174.859
sunlamp/images/img002720.jpg,sunlamp,0,47161,1,41737,-0.0263982,0.844742,-0.448769,0.29038,165.021
sunlamp/images/img002721.jpg,sunlamp,2,25057,2,16047,0.0837545,-0.362936,0.893381,-0.251263,64.1152
sunlamp/images/img002722.jpg,sunlamp,1,16111,1,71604,0.43676,0.822136,0.231226,0.282609,105.034
sunlamp/images/img002724.jpg,sunlamp,0,56404,3,41277,-0.236924,-0.447523,0.184274,0.842397,149.653
sunlamp/images/img002725.jpg,sunlamp,1,07477,1,52201,0.0911606,0.972379,-0.212708,0.0303869,40.7761
sunlamp/images/img002732.jpg,sunlamp,1,52640,1,43714,-0.0864945,0.922608,-0.20182,0.317146,16.1317
sunlamp/images/img002733.jpg,sunlamp,3,56430,2,56161,0.266242,-0.266242,0.774521,0.508279,38.5291
sunlamp/images/img002736.jpg,sunlamp,2,30524,2,52501,0.288775,-0.393784,0.840072,0.23627,112.901
sunlamp/images/img002737.jpg,sunlamp,2,12001,3,03433,-0.217325,-0.217325,-0.555387,0.772712,67.2458
sunlamp/images/img002739.jpg,sunlamp,2,74016,2,61055,-0.26482,0.0294245,0.941584,0.205971,60.5088
sunlamp/images/img002740.jpg,sunlamp,1,20023,1,70544,0.246691,0.877124,0.0274101,0.411152,163.476
sunlamp/images/img002741.jpg,sunlamp,0,11743,3,40777,-0.397722,-0.397722,0.350931,0.748653,53.7069
sunlamp/images/img002743.jpg,sunlamp,0,52503,2,43141,-0.138728,-0.416185,0.887862,0.138728,116.927
sunlamp/images/img002746.jpg,sunlamp,1,47243,1,47431,-0.209189,0.743784,-0.255676,0.581081,21.1744
sunlamp/images/img002749.jpg,sunlamp,1,14676,1,52002,0.0289278,0.925691,-0.376062,0.0289278,16.229
sunlamp/images/img002750.jpg,sunlamp,2,05172,1,52411,0.188502,0.861723,-0.403933,0.24236,51.1844
sunlamp/images/img002756.jpg,sunlamp,1,33451,1,52561,0.29038,0.844742,-0.29038,0.343176,123.539
sunlamp/images/img002762.jpg,sunlamp,1,15626,1,17654,0.539527,0.822136,-0.179842,-0.0256917,32.5369
sunlamp/images/img002765.jpg,sunlamp,2,71242,2,70502,0.260351,0.0867835,0.925691,0.260351,39.1181
sunlamp/images/img002767.jpg,sunlamp,2,36502,2,52052,0.141819,-0.368729,0.907642,0.141819,110.25
sunlamp/images/img002768.jpg,sunlamp,2,17346,1,12477,0.184274,0.842397,-0.236924,-0.447523,169.871
sunlamp/images/img002769.jpg,sunlamp,3,27203,3,12333,0.319005,-0.021267,-0.659276,0.680543,107.99
sunlamp/images/img002773.jpg,sunlamp,3,45203,1,43547,-0.131625,0.842397,-0.342224,0.394874,156.272
sunlamp/images/img002774.jpg,sunlamp,1,64103,1,41732,-0.0800926,0.854321,-0.453858,0.240278,82.7395
sunlamp/images/img002776.jpg,sunlamp,0,37067,1,07541,-0.139591,0.893381,-0.418772,-0.0837545,171.649
sunlamp/images/img002777.jpg,sunlamp,1,23600,2,41333,-0.0275764,-0.468798,0.882444,0.0275764,164.95
sunlamp/images/img002778.jpg,sunlamp,3,01277,1,07343,-0.144639,0.925691,-0.144639,-0.318206,123.314
sunlamp/images/img002780.jpg,sunlamp,0,00772,1,07067,-0.353162,0.869321,-0.244497,-0.244497,127.475
sunlamp/images/img002781.jpg,sunlamp,3,43735,3,70441,0.0864945,0.0288315,0.374809,0.922608,19.1493
sunlamp/images/img002782.jpg,sunlamp,3,02755,2,06131,-0.417374,-0.270066,0.785646,-0.368271,136.447
sunlamp/images/img002783.jpg,sunlamp,1,52474,1,43571,-0.0275764,0.882444,-0.30334,0.358493,19.6891
sunlamp/images/img002787.jpg,sunlamp,0,07771,2,52102,0.25205,-0.364073,0.896179,0.0280056,160.525
sunlamp/images/img002788.jpg,sunlamp,1,41117,1,50261,0.0796398,0.849491,-0.504385,0.132733,27.62
