image_relpath,domain,chart_gt,path_gt,chart_pred,path_pred,q_pred_w,q_pred_x,q_pred_y,q_pred_z,err_deg
synthetic/images/img000014.jpg,synthetic_val,1,46211,1,46255,-0.529761,0.678094,-0.148333,0.48738,12.0702
synthetic/images/img000022.jpg,synthetic_val,2,30413,2,30415,0.179842,0.0256917,0.822136,-0.539527,7.9052
synthetic/images/img000026.jpg,synthetic_val,0,56625,0,65571,0.735875,-0.0229961,0.114981,0.666887,23.1949
synthetic/images/img000033.jpg,synthetic_val,3,61442,3,60533,-0.447523,0.184274,0.236924,0.842397,17.2778
synthetic/images/img000088.jpg,synthetic_val,1,37541,1,37715,0.603909,0.62339,0.487023,-0.0974047,17.5692
synthetic/images/img000132.jpg,synthetic_val,1,53161,1,53512,0.630584,0.695817,-0.282675,0.195698,12.6152
synthetic/images/img000139.jpg,synthetic_val,1,05217,1,05017,-0.195698,0.695817,-0.630584,-0.282675,15.6791
synthetic/images/img000200.jpg,synthetic_val,1,35045,1,35402,0.459124,0.864234,0.0810219,-0.189051,9.02178
synthetic/images/img000209.jpg,synthetic_val,0,61577,0,61177,0.954905,-0.0298408,0.208885,0.208885,27.2811
synthetic/images/img000228.jpg,synthetic_val,0,12451,0,10712,0.688053,0.279521,-0.451535,-0.494538,16.3938
synthetic/images/img000230.jpg,synthetic_val,3,05714,0,05447,0.709362,-0.288178,-0.642859,-0.0221676,160.864
synthetic/images/img000282.jpg,synthetic_val,0,37502,0,37565,0.683019,0.576297,0.448231,-0.0213443,17.3384
synthetic/images/img000343.jpg,synthetic_val,1,25773,1,25735,-0.0286417,0.916533,0.372342,-0.143208,11.3596
synthetic/images/img000344.jpg,synthetic_val,3,65542,3,65653,-0.197958,0.241948,0.637864,0.703849,19.5312
synthetic/images/img000435.jpg,synthetic_val,0,03030,0,03027,0.695817,-0.282675,-0.195698,-0.630584,7.90081
synthetic/images/img000448.jpg,synthetic_val,2,34402,2,34450,0.153646,0.0307293,0.983336,-0.0921878,20.7702
synthetic/images/img000462.jpg,synthetic_val,2,14347,2,14376,0.328824,-0.430001,0.809414,-0.227648,12.5448
synthetic/images/img000482.jpg,synthetic_val,2,35200,2,37004,0.403961,0.403961,0.760398,-0.308911,22.7459
synthetic/images/img000507.jpg,synthetic_val,2,25675,2,25726,-0.19245,0.412393,0.879772,-0.137464,13.3504
synthetic/images/img000523.jpg,synthetic_val,1,71405,1,71422,0.447523,0.842397,0.184274,0.236924,17.8123
synthetic/images/img000524.jpg,synthetic_val,3,43200,3,42334,-0.507253,-0.0800926,0.0800926,0.854321,16.6896
synthetic/images/img000533.jpg,synthetic_val,2,21526,2,21111,-0.0224337,0.0224337,0.717879,-0.695445,33.6917
synthetic/images/img000637.jpg,synthetic_val,0,14423,0,14064,0.74702,0.0233444,-0.630298,-0.210099,9.04981
synthetic/images/img000655.jpg,synthetic_val,2,43635,1,27614,-0.259633,0.755297,0.590076,-0.118015,120.79
synthetic/images/img000669.jpg,synthetic_val,3,23333,2,12721,0.268133,-0.0731272,0.780024,-0.560642,69.9547
synthetic/images/img000741.jpg,synthetic_val,3,43352,3,43343,-0.150824,-0.150824,0.150824,0.965275,5.47617
synthetic/images/img000753.jpg,synthetic_val,3,07511,3,07164,-0.196039,-0.308062,-0.25205,0.896179,24.7094
synthetic/images/img000782.jpg,synthetic_val,1,35306,1,35356,0.637864,0.703849,0.241948,-0.197958,16.2766
synthetic/images/img000857.jpg,synthetic_val,2,34612,2,34247,0.0853666,0.313011,0.910577,-0.2561,9.68907
synthetic/images/img000907.jpg,synthetic_val,3,15540,3,41773,-0.0259675,-0.441447,0.337577,0.830959,81.8563
synthetic/images/img000915.jpg,synthetic_val,3,53030,3,53003,0.481824,-0.329669,0.0253592,0.811493,7.85538
synthetic/images/img000990.jpg,synthetic_val,3,16300,3,16304,0.247436,-0.19245,-0.357407,0.879772,7.92013
synthetic/images/img000991.jpg,synthetic_val,2,52360,2,52611,0.20182,-0.20182,0.922608,0.259483,18.7709
synthetic/images/img001002.jpg,synthetic_val,2,52316,2,16743,0.320358,-0.145617,0.931951,-0.0873704,17.1505
synthetic/images/img001047.jpg,synthetic_val,0,70533,0,71047,0.842397,0.500173,0.0789747,0.184274,19.0297
synthetic/images/img001069.jpg,synthetic_val,0,70335,0,72242,0.758686,0.0237089,0.640141,0.118545,55.1642
synthetic/images/img001193.jpg,synthetic_val,0,36313,3,37267,0.385673,0.629255,-0.182687,0.649554,164.796
synthetic/images/img001244.jpg,synthetic_val,0,14466,0,55005,0.615044,0.365182,-0.595823,0.365182,65.4957
synthetic/images/img001262.jpg,synthetic_val,1,25422,1,24117,-0.440261,0.828726,0.0776931,-0.33667,21.5644
synthetic/images/img001290.jpg,synthetic_val,1,36564,1,72100,0.240966,0.856767,0.455158,0.026774,11.1846
synthetic/images/img001291.jpg,synthetic_val,3,06572,3,06735,-0.463196,-0.0817405,-0.136234,0.871899,20.6133
synthetic/images/img001292.jpg,synthetic_val,0,06523,0,06761,0.830959,-0.545317,-0.0779024,-0.0779024,19.109
synthetic/images/img001322.jpg,synthetic_val,3,37304,3,37431,0.508855,0.464606,-0.154869,0.707972,13.5628
synthetic/images/img001362.jpg,synthetic_val,1,25057,1,25017,-0.251263,0.893381,0.0837545,-0.362936,10.858
synthetic/images/img001371.jpg,synthetic_val,3,16756,3,16774,0.374809,-0.0864945,-0.0288315,0.922608,4.05408
synthetic/images/img001443.jpg,synthetic_val,2,21627,2,20346,-0.479687,0.229416,0.667391,-0.521399,25.5895
synthetic/images/img001487.jpg,synthetic_val,1,06711,1,07066,-0.399326,0.851896,-0.239596,-0.239596,10.3223
synthetic/images/img001513.jpg,synthetic_val,3,40345,3,40304,-0.50298,-0.50298,0.0656061,0.699798,9.56032
synthetic/images/img001522.jpg,synthetic_val,3,33144,3,31424,0.403052,0.118545,-0.497888,0.758686,29.4165
synthetic/images/img001552.jpg,synthetic_val,2,17344,0,27724,0.72671,-0.158968,0.658581,-0.113548,22.7657
synthetic/images/img001554.jpg,synthetic_val,3,25064,3,36400,0.0270864,0.46047,-0.189605,0.866766,65.6077
synthetic/images/img001564.jpg,synthetic_val,0,47742,0,46777,0.670902,-0.356417,-0.0209657,0.649937,24.887
synthetic/images/img001567.jpg,synthetic_val,0,54135,0,54040,0.649554,0.0202986,-0.629255,0.42627,33.3141
synthetic/images/img001588.jpg,synthetic_val,3,65153,3,65115,-0.0268511,0.0268511,0.510171,0.859235,8.59133
synthetic/images/img001589.jpg,synthetic_val,0,75446,3,75310,0.613422,0.190372,0.359592,0.676879,38.4038
synthetic/images/img001621.jpg,synthetic_val,2,16703,2,73632,0.419413,0.619134,0.639106,0.179749,108.904
synthetic/images/img001664.jpg,synthetic_val,2,23150,2,21352,-0.0691347,0.253494,0.737437,-0.622212,16.45
synthetic/images/img001665.jpg,synthetic_val,3,14024,3,05056,-0.241948,-0.637864,-0.197958,0.703849,35.2931
synthetic/images/img001692.jpg,synthetic_val,2,75757,0,76125,0.725215,0.249293,0.475923,0.430597,26.4744
synthetic/images/img001733.jpg,synthetic_val,3,57026,3,52774,0.344137,-0.0794162,0.397081,0.847106,21.5142
synthetic/images/img001747.jpg,synthetic_val,0,42540,0,46101,0.719328,-0.472059,-0.337185,0.382143,11.3197
synthetic/images/img001785.jpg,synthetic_val,0,14333,0,14704,0.785646,0.220963,-0.564683,-0.122757,36.5121
synthetic/images/img001786.jpg,synthetic_val,1,10576,1,14212,0.120736,0.772712,-0.507093,-0.362209,20.4241
synthetic/images/img001848.jpg,synthetic_val,2,32401,2,30646,0.0263982,0.29038,0.844742,-0.448769,21.9469
synthetic/images/img001891.jpg,synthetic_val,0,25522,0,25076,0.896179,-0.308062,0.196039,-0.25205,14.3636
synthetic/images/img001935.jpg,synthetic_val,2,53627,2,70561,0.300609,0.136641,0.8745,0.355266,29.5929
synthetic/images/img001937.jpg,synthetic_val,2,20433,2,20454,-0.597351,0.0221241,0.707972,-0.37611,21.2839
synthetic/images/img001953.jpg,synthetic_val,0,52142,0,52145,0.849491,0.292013,-0.398199,0.185826,10.4157
synthetic/images/img002019.jpg,synthetic_val,0,15441,2,24124,-0.550277,0.119625,0.765603,-0.311026,77.926
synthetic/images/img002040.jpg,synthetic_val,2,05657,2,05646,-0.36477,-0.510678,0.778177,-0.024318,16.627
synthetic/images/img002111.jpg,synthetic_val,2,33260,2,53220,0.467379,-0.0824786,0.879772,0.0274929,104.649
synthetic/images/img002128.jpg,synthetic_val,3,47036,3,47210,-0.285642,-0.181772,0.441447,0.830959,7.73359
synthetic/images/img002184.jpg,synthetic_val,1,56314,1,54007,0.0634574,0.676879,-0.613422,0.401897,59.7592
synthetic/images/img002210.jpg,synthetic_val,3,33112,3,33011,0.434426,0.321098,-0.585531,0.604419,11.8066
synthetic/images/img002261.jpg,synthetic_val,0,03717,0,03757,0.8745,-0.0273281,-0.136641,-0.464578,10.4844
synthetic/images/img002317.jpg,synthetic_val,3,06671,3,06771,-0.465972,-0.0822304,-0.0822304,0.877124,19.856
synthetic/images/img002513.jpg,synthetic_val,2,43374,2,47211,-0.236924,-0.184274,0.842397,0.447523,33.3823
synthetic/images/img002526.jpg,synthetic_val,1,10522,1,21657,-0.231226,0.822136,0.282609,-0.43676,110.487
synthetic/images/img002546.jpg,synthetic_val,0,21767,0,23543,0.760398,-0.118812,0.451486,-0.451486,8.89341
synthetic/images/img002607.jpg,synthetic_val,3,26406,3,26406,-0.636643,0.390201,-0.102684,0.65718,2.31636
synthetic/images/img002637.jpg,synthetic_val,3,75476,3,75611,0.483916,0.189358,0.525995,0.673274,15.4472
synthetic/images/img002681.jpg,synthetic_val,1,35424,1,53234,0.545317,0.830959,-0.0779024,0.0779024,35.3769
synthetic/images/img002702.jpg,synthetic_val,1,44336,1,44333,-0.390934,0.735875,-0.390934,0.390934,5.77321
synthetic/images/img002708.jpg,synthetic_val,0,67430,0,67412,0.6932,-0.238287,0.411587,0.541562,3.69581
synthetic/images/img002744.jpg,synthetic_val,0,22274,0,22227,0.528439,-0.478897,0.511925,-0.478897,6.58817
synthetic/images/img002756.jpg,synthetic_val,3,52435,3,52461,0.0824786,-0.302422,0.357407,0.879772,13.4525
synthetic/images/img002786.jpg,synthetic_val,0,60047,2,60511,-0.455158,0.026774,0.856767,0.240966,149.538
synthetic/images/img002790.jpg,synthetic_val,3,07160,3,07705,-0.149204,-0.208885,-0.149204,0.954905,20.7628
synthetic/images/img002914.jpg,synthetic_val,0,30030,0,30076,0.770916,0.120456,0.168638,-0.602279,14.7161
synthetic/images/img003032.jpg,synthetic_val,0,72612,0,72650,0.745396,0.116468,0.582341,0.302817,11.1379
synthetic/images/img003033.jpg,synthetic_val,1,35215,1,35206,0.424602,0.799251,0.274743,-0.324696,15.6657
synthetic/images/img003084.jpg,synthetic_val,0,54260,0,45272,0.739008,-0.254034,-0.392598,0.484974,32.4334
synthetic/images/img003123.jpg,synthetic_val,0,51566,3,51363,0.593873,-0.37392,0.109976,0.703849,138.127
synthetic/images/img003138.jpg,synthetic_val,0,47035,0,46606,0.61144,-0.592333,-0.0955375,0.515903,52.8398
synthetic/images/img003139.jpg,synthetic_val,0,42237,0,60403,0.72373,-0.65588,0.0678497,0.203549,20.061
synthetic/images/img003170.jpg,synthetic_val,2,23576,2,21743,-0.127786,0.281129,0.817829,-0.485586,31.8454
synthetic/images/img003285.jpg,synthetic_val,0,24341,0,24174,0.828726,-0.492056,0.129488,-0.233079,11.2654
synthetic/images/img003304.jpg,synthetic_val,0,13522,0,13526,0.686784,0.53655,-0.193158,-0.450702,4.5243
synthetic/images/img003328.jpg,synthetic_val,2,25340,2,25053,-0.2561,0.0853666,0.910577,-0.313011,18.6506
synthetic/images/img003377.jpg,synthetic_val,3,56512,3,56717,0.335159,-0.11172,0.603286,0.715006,22.4296
synthetic/images/img003378.jpg,synthetic_val,3,61520,3,61415,-0.256933,0.0285481,0.314029,0.91354,16.4662
synthetic/images/img003401.jpg,synthetic_val,3,43731,3,43717,-0.0292228,-0.146114,0.321451,0.935129,9.21218
synthetic/images/img003584.jpg,synthetic_val,0,12027,0,43231,0.958324,-0.269529,-0.0898429,0.0299476,93.1338
synthetic/images/img003639.jpg,synthetic_val,1,40302,1,04764,-0.525586,0.73125,-0.434179,-0.0228515,6.38651
synthetic/images/img003649.jpg,synthetic_val,0,47236,0,47303,0.866766,-0.135432,-0.135432,0.46047,20.9881
synthetic/images/img003707.jpg,synthetic_val,3,71601,3,71605,0.476942,0.22592,0.276124,0.80327,6.39643
synthetic/images/img003736.jpg,synthetic_val,3,50746,3,50234,0.132733,-0.504385,0.0796398,0.849491,35.7484
synthetic/images/img003783.jpg,synthetic_val,3,42054,3,40770,-0.434179,-0.434179,0.29707,0.73125,28.115
synthetic/images/img003795.jpg,synthetic_val,1,43471,1,43476,-0.288775,0.840072,-0.23627,0.393784,10.8221
synthetic/images/img003805.jpg,synthetic_val,3,24451,3,24550,-0.508706,0.026774,-0.0803219,0.856767,13.0694
synthetic/images/img003830.jpg,synthetic_val,0,50374,0,52515,0.801253,0.375587,-0.375587,0.275431,15.3027
synthetic/images/img003864.jpg,synthetic_val,2,70261,2,70621,0.0837545,0.362936,0.893381,0.251263,10.6463
synthetic/images/img003870.jpg,synthetic_val,3,34032,3,06142,-0.535754,-0.302817,-0.25623,0.745396,103.283
synthetic/images/img003877.jpg,synthetic_val,3,14351,3,15130,0.546198,-0.50853,-0.282516,0.602702,28.7846
synthetic/images/img003878.jpg,synthetic_val,0,06313,0,03666,0.8157,-0.38236,-0.0254906,-0.433341,13.482
synthetic/images/img003880.jpg,synthetic_val,2,40377,2,40313,-0.405798,-0.50128,0.763856,0.0238705,18.9484
synthetic/images/img003901.jpg,synthetic_val,3,34251,3,34431,0.206689,0.147635,-0.206689,0.944862,15.9301
synthetic/images/img003987.jpg,synthetic_val,1,65624,1,67245,-0.268341,0.660531,0.51604,0.474757,28.6992
synthetic/images/img004110.jpg,synthetic_val,0,02715,0,03066,0.72373,-0.339248,-0.203549,-0.565414,11.6425
synthetic/images/img004258.jpg,synthetic_val,1,02715,2,64151,-0.405798,0.0238705,0.763856,0.50128,159.485
synthetic/images/img004429.jpg,synthetic_val,3,35702,3,35661,0.480589,0.328824,-0.0758825,0.809414,16.7229
synthetic/images/img004489.jpg,synthetic_val,0,14460,0,14467,0.785646,0.0736543,-0.613786,-0.0245514,9.52988
synthetic/images/img004509.jpg,synthetic_val,2,27562,2,27544,-0.189605,0.46047,0.866766,-0.0270864,16.9326
synthetic/images/img004586.jpg,synthetic_val,0,74361,0,75660,0.663935,0.352715,0.269723,0.601691,22.3745
synthetic/images/img004672.jpg,synthetic_val,1,16173,1,16173,0.393784,0.840072,-0.23627,-0.288775,2.89344
synthetic/images/img004684.jpg,synthetic_val,0,35426,0,35412,0.819974,0.538108,0.0768726,-0.179369,15.2427
synthetic/images/img004686.jpg,synthetic_val,2,71602,2,70717,0.388465,0.284875,0.828726,0.284875,7.85044
synthetic/images/img004707.jpg,synthetic_val,2,13623,2,31065,0.421184,0.110838,0.709362,-0.554189,17.1125
synthetic/images/img004738.jpg,synthetic_val,1,42637,1,64211,-0.55638,0.712167,0.200297,0.378339,30.3172
synthetic/images/img004784.jpg,synthetic_val,0,66565,0,06657,0.781884,-0.610847,-0.122169,-0.0244339,99.9089
synthetic/images/img004815.jpg,synthetic_val,3,60376,3,60365,-0.511891,0.316885,0.17063,0.780024,6.17848
synthetic/images/img004848.jpg,synthetic_val,0,71074,3,30203,0.0652328,0.239187,-0.674072,0.695817,155.489
synthetic/images/img005045.jpg,synthetic_val,0,16421,0,14664,0.859235,0.0268511,-0.510171,-0.0268511,31.6002
synthetic/images/img005049.jpg,synthetic_val,1,26504,1,26520,-0.508855,0.707972,0.464606,-0.154869,11.8607
synthetic/images/img005080.jpg,synthetic_val,3,47333,3,65111,-0.0275764,0.0275764,0.468798,0.882444,5.78853
synthetic/images/img005103.jpg,synthetic_val,0,07662,0,64145,0.716438,-0.470162,0.0223887,0.51494,71.3747
synthetic/images/img005113.jpg,synthetic_val,2,04075,1,51044,0.352715,0.663935,-0.643187,0.145236,23.7959
synthetic/images/img005155.jpg,synthetic_val,1,70151,1,17662,0.467379,0.879772,-0.0274929,-0.0824786,25.1621
synthetic/images/img005184.jpg,synthetic_val,3,61260,3,60335,-0.440261,0.33667,0.0776931,0.828726,9.82321
synthetic/images/img005334.jpg,synthetic_val,1,34526,1,34164,0.258625,0.919555,0.143681,-0.258625,16.4112
synthetic/images/img005335.jpg,synthetic_val,3,40305,3,40300,-0.503945,-0.503945,0.0219107,0.701141,9.29715
synthetic/images/img005381.jpg,synthetic_val,1,67527,2,51713,0.619134,-0.419413,0.639106,0.179749,173.12
synthetic/images/img005452.jpg,synthetic_val,3,74113,3,70455,0.19422,0.0277457,0.416185,0.887862,26.271
synthetic/images/img005483.jpg,synthetic_val,2,74304,2,74252,0.124573,0.27406,0.797264,0.523205,13.8752
synthetic/images/img005528.jpg,synthetic_val,3,21575,3,25315,-0.0280056,0.25205,-0.364073,0.896179,15.6484
synthetic/images/img005529.jpg,synthetic_val,0,50423,0,05745,0.805302,-0.125828,-0.578811,-0.0251657,35.3569
synthetic/images/img005542.jpg,synthetic_val,1,34066,1,34026,0.0283638,0.907642,0.198547,-0.368729,10.1677
synthetic/images/img005617.jpg,synthetic_val,0,36017,0,34234,0.859235,0.134255,0.349064,-0.349064,14.189
synthetic/images/img005646.jpg,synthetic_val,0,02067,0,02361,0.681778,-0.447417,-0.0639167,-0.57525,21.6723
synthetic/images/img005668.jpg,synthetic_val,3,05226,3,04122,-0.469192,-0.509992,-0.305995,0.652789,23.2969
synthetic/images/img005800.jpg,synthetic_val,2,13466,2,73142,0.554189,0.421184,0.709362,0.110838,100.341
synthetic/images/img005805.jpg,synthetic_val,3,43457,3,41727,-0.130901,-0.445063,0.287982,0.837765,18.2739
synthetic/images/img005828.jpg,synthetic_val,2,56231,2,56217,0.183261,-0.130901,0.837765,0.497423,9.19537
synthetic/images/img005871.jpg,synthetic_val,0,16017,0,16124,0.856767,0.240966,-0.294514,-0.348062,8.9236
synthetic/images/img005967.jpg,synthetic_val,2,07515,2,16461,0.0879694,-0.322554,0.93834,-0.0879694,18.4392
synthetic/images/img006003.jpg,synthetic_val,1,36740,1,36712,0.29282,0.720787,0.608164,-0.157672,14.2595
synthetic/images/img006099.jpg,synthetic_val,3,43741,3,43715,-0.0289278,-0.202495,0.318206,0.925691,15.0717
synthetic/images/img006184.jpg,synthetic_val,2,57253,2,57036,0.480888,-0.206095,0.732782,0.435089,12.5141
synthetic/images/img006210.jpg,synthetic_val,1,12105,1,21630,-0.25623,0.745396,0.302817,-0.535754,94.414
synthetic/images/img006221.jpg,synthetic_val,1,75652,3,71344,0.592723,0.21338,0.165963,0.758686,57.4916
synthetic/images/img006421.jpg,synthetic_val,1,43345,1,43305,-0.150278,0.961781,-0.21039,0.090167,11.1786
synthetic/images/img006587.jpg,synthetic_val,3,30024,2,03014,-0.233937,-0.319005,0.680543,-0.616742,38.5021
synthetic/images/img006641.jpg,synthetic_val,3,40701,3,40356,-0.438786,-0.484974,0.161658,0.739008,7.30493
synthetic/images/img006682.jpg,synthetic_val,2,05567,2,05653,-0.228232,-0.532542,0.811493,-0.0760775,17.4846
synthetic/images/img006689.jpg,synthetic_val,1,34602,1,25731,-0.0283638,0.907642,0.368729,-0.198547,6.88024
synthetic/images/img006716.jpg,synthetic_val,3,64130,3,64114,-0.454577,0.0239251,0.454577,0.765603,12.6754
synthetic/images/img006781.jpg,synthetic_val,1,71647,1,71605,0.476942,0.80327,0.22592,0.276124,10.0526
synthetic/images/img006795.jpg,synthetic_val,3,35141,3,17365,0.628928,-0.0698809,-0.209643,0.745396,11.0374
synthetic/images/img006865.jpg,synthetic_val,0,05553,0,24174,0.828726,-0.492056,0.129488,-0.233079,115.418
synthetic/images/img006877.jpg,synthetic_val,3,44123,3,44730,-0.390201,-0.390201,0.513422,0.65718,21.8824
synthetic/images/img006926.jpg,synthetic_val,0,52222,0,56207,0.849491,0.0796398,-0.132733,0.504385,61.7914
synthetic/images/img006943.jpg,synthetic_val,2,25723,2,25374,-0.0837545,0.362936,0.893381,-0.251263,9.35269
synthetic/images/img006945.jpg,synthetic_val,0,74110,0,70560,0.887862,0.249711,0.138728,0.360694,20.0771
synthetic/images/img006959.jpg,synthetic_val,1,73421,1,72145,0.285642,0.830959,0.441447,0.181772,22.155
synthetic/images/img007056.jpg,synthetic_val,2,61312,2,61370,-0.0856444,0.371126,0.91354,0.142741,15.454
synthetic/images/img007093.jpg,synthetic_val,0,20554,0,25043,0.879772,-0.357407,0.0824786,-0.302422,19.5967
synthetic/images/img007102.jpg,synthetic_val,2,42062,0,14424,0.758686,0.0237089,-0.640141,-0.118545,22.152
synthetic/images/img007118.jpg,synthetic_val,1,17564,1,52176,0.357407,0.879772,-0.247436,0.19245,36.3185
synthetic/images/img007134.jpg,synthetic_val,1,14112,1,14141,0.233095,0.678094,-0.656904,-0.233095,9.8713
synthetic/images/img007190.jpg,synthetic_val,3,63511,3,61722,-0.188502,0.403933,0.24236,0.861723,19.9394
synthetic/images/img007200.jpg,synthetic_val,1,62004,1,60264,-0.660472,0.681778,0.276972,0.149139,14.3053
synthetic/images/img007226.jpg,synthetic_val,1,70561,1,16777,0.424094,0.904735,-0.028273,-0.028273,48.43
synthetic/images/img007259.jpg,synthetic_val,1,03633,1,03626,-0.36477,0.778177,-0.024318,-0.510678,19.4422
synthetic/images/img007277.jpg,synthetic_val,1,20070,3,46141,-0.454912,-0.324937,0.454912,0.6932,146.549
synthetic/images/img007304.jpg,synthetic_val,1,67607,1,52621,0.0895223,0.954905,-0.0895223,0.268567,96.9074
synthetic/images/img007368.jpg,synthetic_val,0,15601,0,14450,0.712167,0.111276,-0.689912,-0.0667657,43.9237
synthetic/images/img007375.jpg,synthetic_val,3,60355,3,60333,-0.433341,0.38236,0.0254906,0.8157,24.5491
synthetic/images/img007457.jpg,synthetic_val,1,24716,1,24514,-0.505813,0.851896,0.0266217,-0.133109,30.0136
synthetic/images/img007647.jpg,synthetic_val,1,40131,1,61467,-0.339413,0.835478,0.182761,0.39163,101.486
synthetic/images/img007698.jpg,synthetic_val,3,51607,3,51144,0.48482,-0.601177,0.13575,0.62057,22.0585
synthetic/images/img007753.jpg,synthetic_val,1,06367,1,06726,-0.578811,0.805302,-0.0251657,-0.125828,9.9056
synthetic/images/img007805.jpg,synthetic_val,3,50362,3,50716,0.310316,-0.50128,0.262575,0.763856,21.0361
synthetic/images/img007914.jpg,synthetic_val,0,23163,0,23343,0.639106,-0.0998603,0.539246,-0.539246,5.96454
synthetic/images/img007917.jpg,synthetic_val,3,43063,3,43005,-0.344137,-0.397081,0.0794162,0.847106,18.9097
synthetic/images/img007921.jpg,synthetic_val,1,76027,1,47253,-0.227067,0.80735,-0.126148,0.529823,83.1487
synthetic/images/img007928.jpg,synthetic_val,0,11115,1,14173,0.33583,0.716438,-0.559717,-0.246276,43.087
synthetic/images/img007932.jpg,synthetic_val,3,05105,3,00552,-0.373556,-0.570164,-0.373556,0.629146,36.8774
synthetic/images/img007937.jpg,synthetic_val,3,21733,3,31266,0.365528,0.322525,-0.537541,0.688053,43.4431
synthetic/images/img007966.jpg,synthetic_val,1,43050,1,43106,-0.197911,0.904735,-0.367549,0.0848189,11.6166
synthetic/images/img007975.jpg,synthetic_val,0,73476,0,72515,0.785646,0.368271,0.417374,0.270066,18.4086
synthetic/images/img008000.jpg,synthetic_val,1,03651,1,07320,-0.193624,0.88514,-0.0829819,-0.41491,16.5255
synthetic/images/img008053.jpg,synthetic_val,3,53223,3,52313,0.420084,-0.140028,0.0280056,0.896179,14.6119
synthetic/images/img008078.jpg,synthetic_val,2,42321,2,20771,-0.395992,0.302817,0.745396,-0.442579,72.6647
synthetic/images/img008083.jpg,synthetic_val,1,74277,1,74257,0.168638,0.770916,0.265003,0.554096,8.58885
synthetic/images/img008181.jpg,synthetic_val,0,44545,0,44667,0.573351,-0.5196,-0.304593,0.555434,32.4488
synthetic/images/img008191.jpg,synthetic_val,2,72471,2,72160,0.227067,0.529823,0.80735,0.126148,25.1759
synthetic/images/img008253.jpg,synthetic_val,1,20437,1,24040,-0.675351,0.697136,0.0217855,-0.239641,31.679
synthetic/images/img008398.jpg,synthetic_val,2,15315,2,71524,0.590076,0.118015,0.755297,0.259633,91.4302
synthetic/images/img008493.jpg,synthetic_val,0,65574,0,65571,0.735875,-0.0229961,0.114981,0.666887,3.82625
synthetic/images/img008515.jpg,synthetic_val,0,01263,0,01611,0.688053,-0.193515,-0.494538,-0.494538,21.8179
synthetic/images/img008562.jpg,synthetic_val,1,45005,1,45055,-0.176674,0.628176,-0.608545,0.451501,13.6749
synthetic/images/img008609.jpg,synthetic_val,3,03405,3,03175,-0.0237624,-0.261387,-0.594061,0.760398,32.8341
synthetic/images/img008715.jpg,synthetic_val,3,64036,0,64341,0.717879,-0.471108,0.201903,0.471108,169.618
synthetic/images/img008747.jpg,synthetic_val,1,61574,1,61745,-0.135831,0.869321,0.244497,0.407494,12.7029
synthetic/images/img008812.jpg,synthetic_val,1,06347,1,02702,-0.501067,0.697136,-0.108928,-0.501067,35.3675
synthetic/images/img008856.jpg,synthetic_val,2,63174,2,61772,-0.0794162,0.397081,0.847106,0.344137,23.5918
synthetic/images/img008863.jpg,synthetic_val,0,75464,0,75166,0.678094,0.529761,0.148333,0.48738,27.1856
synthetic/images/img008866.jpg,synthetic_val,2,07551,2,07551,-0.028183,-0.422745,0.901856,-0.084549,1.93132
synthetic/images/img008868.jpg,synthetic_val,2,47124,2,47166,-0.17063,-0.219382,0.780024,0.560642,11.6931
synthetic/images/img008947.jpg,synthetic_val,3,60163,3,60163,-0.535303,0.178434,0.127453,0.8157,2.32033
synthetic/images/img008965.jpg,synthetic_val,0,56410,3,06531,-0.441447,-0.285642,-0.181772,0.830959,160.461
synthetic/images/img008968.jpg,synthetic_val,3,60055,3,60045,-0.662695,0.0228515,0.159961,0.73125,10.593
synthetic/images/img008999.jpg,synthetic_val,0,70053,0,70037,0.951522,0.208145,0.208145,0.0892052,15.9508
synthetic/images/img009018.jpg,synthetic_val,1,63131,1,27545,-0.136641,0.8745,0.464578,-0.0273281,16.9731
synthetic/images/img009103.jpg,synthetic_val,0,04336,0,06115,0.774521,-0.411464,-0.363057,-0.314649,6.711
synthetic/images/img009175.jpg,synthetic_val,3,70172,3,70112,0.374809,0.0864945,0.0288315,0.922608,17.7462
synthetic/images/img009184.jpg,synthetic_val,1,46770,1,46347,-0.46736,0.712167,-0.111276,0.51187,15.2271
synthetic/images/img009259.jpg,synthetic_val,1,63606,1,67200,-0.322525,0.688053,0.537541,0.365528,15.3315
synthetic/images/img009270.jpg,synthetic_val,3,34252,3,34241,0.0853666,0.2561,-0.313011,0.910577,11.3093
synthetic/images/img009280.jpg,synthetic_val,3,53536,3,53141,0.603286,-0.335159,0.11172,0.715006,19.3982
synthetic/images/img009318.jpg,synthetic_val,2,45224,2,44127,-0.424178,-0.504973,0.646366,0.38378,16.2904
synthetic/images/img009384.jpg,synthetic_val,1,54703,1,55266,0.368262,0.6932,-0.368262,0.498237,20.0766
synthetic/images/img009414.jpg,synthetic_val,3,24153,3,24531,-0.456468,0.134255,-0.187958,0.859235,15.3051
synthetic/images/img009443.jpg,synthetic_val,0,54316,3,51030,0.448231,-0.576297,0.0213443,0.683019,128.225
synthetic/images/img009640.jpg,synthetic_val,3,17026,3,16516,0.349064,-0.349064,-0.134255,0.859235,27.9916
synthetic/images/img009666.jpg,synthetic_val,1,35055,1,35042,0.447523,0.842397,0.0789747,-0.289574,17.6384
synthetic/images/img009693.jpg,synthetic_val,0,73150,0,73505,0.688053,0.580544,0.365528,0.236518,13.8004
synthetic/images/img009720.jpg,synthetic_val,2,13415,2,11577,0.575755,-0.464318,0.594328,-0.315737,26.6725
synthetic/images/img009801.jpg,synthetic_val,2,73033,2,70343,0.306147,0.306147,0.890609,0.139158,42.3685
synthetic/images/img009880.jpg,synthetic_val,1,15775,2,03612,-0.266868,-0.121303,0.776342,-0.557996,113.155
synthetic/images/img009887.jpg,synthetic_val,2,45507,1,45003,-0.269723,0.663935,-0.601691,0.352715,116.637
synthetic/images/img009916.jpg,synthetic_val,3,07357,3,36111,0.357244,0.404877,-0.357244,0.762121,81.5805
synthetic/images/img009933.jpg,synthetic_val,0,13450,0,13655,0.735875,0.52891,-0.160973,-0.390934,19.7989
synthetic/images/img009943.jpg,synthetic_val,0,63331,0,36304,0.734324,0.206529,0.57369,-0.298319,48.5104
synthetic/images/img010030.jpg,synthetic_val,2,06433,2,01656,-0.254034,-0.484974,0.739008,-0.392598,53.4838
synthetic/images/img010063.jpg,synthetic_val,3,24700,3,24701,-0.525822,0.225352,-0.175274,0.801253,6.47657
synthetic/images/img010079.jpg,synthetic_val,2,70124,2,70051,0.211154,0.0301648,0.965275,0.150824,17.0482
synthetic/images/img010088.jpg,synthetic_val,2,41463,2,41626,-0.368271,-0.417374,0.785646,0.270066,17.1993
synthetic/images/img010124.jpg,synthetic_val,3,52104,3,52124,0.2561,-0.313011,0.0853666,0.910577,12.3921
synthetic/images/img010133.jpg,synthetic_val,2,43434,2,43476,-0.288775,-0.23627,0.840072,0.393784,14.9066
synthetic/images/img010151.jpg,synthetic_val,2,30273,2,30306,0.197958,0.241948,0.703849,-0.637864,12.9545
synthetic/images/img010177.jpg,synthetic_val,1,37471,1,37417,0.522323,0.72671,0.431484,-0.113548,5.63498
synthetic/images/img010220.jpg,synthetic_val,0,55012,0,50130,0.729727,0.296452,-0.615707,0.022804,38.5977
synthetic/images/img010238.jpg,synthetic_val,2,12623,2,13622,0.395992,-0.0232936,0.745396,-0.535754,36.8229
synthetic/images/img010321.jpg,synthetic_val,0,74725,0,74760,0.695817,0.195698,0.282675,0.630584,7.92138
synthetic/images/img010413.jpg,synthetic_val,2,67233,2,52647,0.0837545,-0.139591,0.893381,0.418772,101.931
synthetic/images/img010451.jpg,synthetic_val,2,41625,2,41740,-0.166337,-0.546536,0.760398,0.308911,19.9744
synthetic/images/img010453.jpg,synthetic_val,1,47655,1,47641,-0.284839,0.701141,-0.153375,0.635409,10.3424
synthetic/images/img010478.jpg,synthetic_val,1,05530,1,05514,-0.0667657,0.712167,-0.689912,-0.111276,8.58743
synthetic/images/img010504.jpg,synthetic_val,0,05705,0,05232,0.785646,-0.270066,-0.417374,-0.368271,36.8076
synthetic/images/img010547.jpg,synthetic_val,3,57502,3,57427,0.405542,-0.192099,0.576297,0.683019,19.9715
synthetic/images/img010583.jpg,synthetic_val,3,50604,0,54100,0.659408,0.185459,-0.638802,0.350311,177.48
synthetic/images/img010589.jpg,synthetic_val,2,56350,2,56163,0.269417,-0.220432,0.783758,0.514341,6.71683
synthetic/images/img010628.jpg,synthetic_val,1,26746,1,26736,-0.390201,0.65718,0.636643,-0.102684,16.9632
synthetic/images/img010644.jpg,synthetic_val,0,01216,0,01222,0.640128,-0.30006,-0.340068,-0.620124,16.1135
synthetic/images/img010697.jpg,synthetic_val,0,47626,0,46733,0.72671,-0.386065,-0.0227097,0.567742,8.4169
synthetic/images/img010700.jpg,synthetic_val,1,63160,1,63270,-0.245294,0.713582,0.646684,0.111497,19.21
synthetic/images/img010701.jpg,synthetic_val,2,67235,1,07657,-0.267615,0.951522,-0.148675,-0.0297351,116.991
synthetic/images/img010723.jpg,synthetic_val,2,74242,2,65134,-0.0796398,0.132733,0.849491,0.504385,19.9365
synthetic/images/img010791.jpg,synthetic_val,1,63535,1,72424,0.0251022,0.80327,0.527146,0.276124,5.09158
synthetic/images/img010813.jpg,synthetic_val,2,12763,2,37005,0.442579,0.395992,0.745396,-0.302817,58.6287
synthetic/images/img010897.jpg,synthetic_val,0,21057,0,21147,0.780024,-0.121879,0.0731272,-0.609394,10.0082
synthetic/images/img010934.jpg,synthetic_val,2,63444,2,67030,-0.254034,0.484974,0.739008,0.392598,16.7357
synthetic/images/img010974.jpg,synthetic_val,3,57527,3,57762,0.500902,-0.0200361,0.581047,0.641155,17.4951
synthetic/images/img011010.jpg,synthetic_val,3,07476,3,07644,-0.416185,-0.19422,-0.0277457,0.887862,16.8509
synthetic/images/img011172.jpg,synthetic_val,1,56765,1,56744,0.195698,0.695817,-0.15221,0.674072,12.1134
synthetic/images/img011177.jpg,synthetic_val,0,37124,0,57512,0.62057,0.562392,-0.252107,0.48482,124.74
synthetic/images/img011247.jpg,synthetic_val,2,52225,2,43373,-0.030846,-0.030846,0.987072,0.15423,14.5434
synthetic/images/img011311.jpg,synthetic_val,1,50235,1,50263,0.0817405,0.871899,-0.463196,0.136234,13.8381
synthetic/images/img011323.jpg,synthetic_val,2,12574,2,10660,0.0239251,-0.454577,0.765603,-0.454577,41.1783
synthetic/images/img011339.jpg,synthetic_val,0,61125,0,61137,0.972379,-0.0303869,0.212708,0.0911606,16.9325
synthetic/images/img011342.jpg,synthetic_val,3,13767,3,15265,0.444513,-0.444513,-0.210559,0.748653,57.2342
synthetic/images/img011364.jpg,synthetic_val,2,40050,2,43222,-0.424094,-0.028273,0.904735,0.028273,75.1086
synthetic/images/img011368.jpg,synthetic_val,2,07540,2,07561,-0.145617,-0.320358,0.931951,-0.0873704,15.9059
synthetic/images/img011395.jpg,synthetic_val,2,61733,2,61727,-0.13387,0.40161,0.856767,0.294514,14.9594
synthetic/images/img011490.jpg,synthetic_val,2,34564,2,34471,0.21039,0.150278,0.961781,-0.090167,6.90548
synthetic/images/img011513.jpg,synthetic_val,3,26561,3,26145,-0.490232,0.396854,-0.210099,0.74702,18.5105
synthetic/images/img011565.jpg,synthetic_val,2,56343,2,56521,0.252957,-0.252957,0.735875,0.574903,16.3495
synthetic/images/img011611.jpg,synthetic_val,0,23675,0,27517,0.851896,-0.0266217,0.505813,-0.133109,40.3669
synthetic/images/img011612.jpg,synthetic_val,3,57721,3,57740,0.496145,-0.138921,0.575528,0.635066,12.2743
synthetic/images/img011614.jpg,synthetic_val,1,41713,1,41716,-0.0751175,0.801253,-0.525822,0.275431,8.73554
synthetic/images/img011683.jpg,synthetic_val,1,05774,1,05734,-0.0796398,0.849491,-0.504385,-0.132733,11.6623
synthetic/images/img011853.jpg,synthetic_val,3,12777,3,13642,0.412432,-0.121303,-0.460953,0.776342,9.87559
synthetic/images/img011894.jpg,synthetic_val,3,77735,0,77777,0.511951,0.495952,0.495952,0.495952,6.66027
synthetic/images/img011957.jpg,synthetic_val,3,24136,3,20760,-0.503945,0.284839,-0.416302,0.701141,21.6262
synthetic/images/img011966.jpg,synthetic_val,0,51015,3,01606,-0.324937,-0.454912,-0.454912,0.6932,168.658
synthetic/images/img011990.jpg,synthetic_val,0,16430,0,16441,0.899004,0.0842816,-0.421408,-0.0842816,18.5453
synthetic/images/img012043.jpg,synthetic_val,2,60752,1,07053,-0.240966,0.856767,-0.348062,-0.294514,176.951
synthetic/images/img012076.jpg,synthetic_val,0,17326,0,31451,0.73125,0.525586,0.0228515,-0.434179,17.0754
synthetic/images/img012085.jpg,synthetic_val,1,34225,1,34222,0.0260378,0.833209,0.390567,-0.390567,6.68024
synthetic/images/img012124.jpg,synthetic_val,3,31052,3,13276,0.459243,-0.0218687,-0.546718,0.699798,9.17687
synthetic/images/img012300.jpg,synthetic_val,1,27034,1,27006,-0.355634,0.758686,0.45047,-0.308216,10.9555
synthetic/images/img012407.jpg,synthetic_val,1,06465,2,06163,-0.514341,-0.220432,0.783758,-0.269417,177.879
synthetic/images/img012415.jpg,synthetic_val,0,03631,0,03376,0.785646,-0.0736543,-0.0245514,-0.613786,17.3723
synthetic/images/img012425.jpg,synthetic_val,1,17647,1,17665,0.508706,0.856767,-0.0803219,-0.026774,5.44076
synthetic/images/img012434.jpg,synthetic_val,3,42500,3,40737,-0.409549,-0.409549,0.265003,0.770916,19.4372
synthetic/images/img012461.jpg,synthetic_val,3,76462,1,64737,-0.357045,0.672085,0.31504,0.567072,59.3947
synthetic/images/img012476.jpg,synthetic_val,0,70423,0,70442,0.922608,0.0288315,0.0864945,0.374809,17.1193
synthetic/images/img012509.jpg,synthetic_val,1,31527,1,33542,0.513422,0.65718,0.390201,-0.390201,27.985
synthetic/images/img012532.jpg,synthetic_val,3,76157,3,76215,0.154266,0.55095,0.418722,0.705215,27.8654
synthetic/images/img012620.jpg,synthetic_val,3,04267,3,06525,-0.523205,-0.27406,-0.124573,0.797264,21.3171
synthetic/images/img012662.jpg,synthetic_val,2,67121,2,63563,-0.119625,0.550277,0.765603,0.311026,11.0963
synthetic/images/img012670.jpg,synthetic_val,1,43613,1,43720,-0.205262,0.93834,-0.0879694,0.263908,5.96107
synthetic/images/img012676.jpg,synthetic_val,3,03410,3,03355,-0.0242607,-0.169825,-0.606517,0.776342,32.8648
synthetic/images/img012733.jpg,synthetic_val,0,32406,0,32452,0.760398,0.118812,0.451486,-0.451486,10.9894
synthetic/images/img012758.jpg,synthetic_val,0,40710,0,41627,0.799251,-0.324696,-0.424602,0.274743,20.4013
synthetic/images/img012817.jpg,synthetic_val,2,11424,2,15042,0.356417,-0.608005,0.670902,-0.230623,20.7328
synthetic/images/img012842.jpg,synthetic_val,3,24543,3,24556,-0.508706,0.0803219,-0.026774,0.856767,8.97179
synthetic/images/img012919.jpg,synthetic_val,0,23237,0,23523,0.697136,-0.108928,0.501067,-0.501067,16.2291
synthetic/images/img012954.jpg,synthetic_val,1,62331,2,63047,-0.324696,0.474555,0.799251,0.174836,38.2082
synthetic/images/img013020.jpg,synthetic_val,3,56063,3,56413,0.162004,-0.300865,0.578586,0.74059,14.8161
synthetic/images/img013044.jpg,synthetic_val,2,20201,2,40035,-0.511698,-0.552634,0.654974,0.0614038,116.505
synthetic/images/img013062.jpg,synthetic_val,3,36630,1,61526,-0.198547,0.907642,0.198547,0.312002,80.7264
synthetic/images/img013143.jpg,synthetic_val,3,42172,3,46331,-0.423547,-0.0747435,0.423547,0.797264,40.6284
synthetic/images/img013152.jpg,synthetic_val,1,74551,1,74734,0.284293,0.699798,0.284293,0.590455,30.4255
synthetic/images/img013197.jpg,synthetic_val,3,50725,3,50724,0.22592,-0.476942,0.276124,0.80327,4.6897
synthetic/images/img013218.jpg,synthetic_val,2,14753,2,14577,0.34641,-0.57735,0.739008,-0.023094,12.218
synthetic/images/img013315.jpg,synthetic_val,3,43126,3,43075,-0.25205,-0.308062,0.196039,0.896179,11.6449
synthetic/images/img013407.jpg,synthetic_val,2,30144,2,37022,0.37392,0.505892,0.703849,-0.329929,68.6301
synthetic/images/img013470.jpg,synthetic_val,1,43710,1,43305,-0.150278,0.961781,-0.21039,0.090167,19.3183
synthetic/images/img013476.jpg,synthetic_val,0,43160,0,43102,0.907642,-0.198547,-0.368729,0.0283638,11.7451
synthetic/images/img013486.jpg,synthetic_val,0,62612,1,62454,-0.567072,0.672085,0.357045,0.31504,123.446
synthetic/images/img013503.jpg,synthetic_val,3,63101,3,61375,-0.0283638,0.368729,0.198547,0.907642,22.3289
synthetic/images/img013515.jpg,synthetic_val,0,31041,3,07710,-0.0892052,-0.208145,-0.208145,0.951522,90.683
synthetic/images/img013572.jpg,synthetic_val,2,47376,2,47717,-0.0237089,-0.118545,0.758686,0.640141,13.7591
synthetic/images/img013589.jpg,synthetic_val,0,50767,0,52155,0.819974,0.384363,-0.384363,0.179369,25.5352
synthetic/images/img013712.jpg,synthetic_val,1,55515,2,00345,-0.410347,-0.449428,0.625291,-0.488509,20.4839
synthetic/images/img013719.jpg,synthetic_val,0,51434,3,01300,-0.138269,-0.454311,-0.612333,0.632085,157.75
synthetic/images/img013815.jpg,synthetic_val,3,46167,3,46112,-0.442579,-0.302817,0.395992,0.745396,19.1985
synthetic/images/img013823.jpg,synthetic_val,3,71607,3,75205,0.444513,0.210559,0.444513,0.748653,20.9962
synthetic/images/img013853.jpg,synthetic_val,2,04136,2,04341,-0.45663,-0.500118,0.695817,-0.239187,8.22495
synthetic/images/img013871.jpg,synthetic_val,0,47136,0,52460,0.882444,0.0275764,-0.30334,0.358493,19.5837
synthetic/images/img013907.jpg,synthetic_val,3,52670,3,47222,-0.38236,-0.0254906,0.433341,0.8157,59.7284
synthetic/images/img013966.jpg,synthetic_val,2,66607,2,65545,-0.111497,0.0222994,0.713582,0.691283,76.3569
synthetic/images/img013984.jpg,synthetic_val,0,42757,0,42772,0.811493,-0.481824,-0.0253592,0.329669,13.6099
synthetic/images/img014020.jpg,synthetic_val,1,71716,1,73051,0.532299,0.74059,0.393438,0.115717,25.0911
synthetic/images/img014052.jpg,synthetic_val,0,46540,0,45670,0.660531,-0.227058,-0.39219,0.598607,27.2881
synthetic/images/img014089.jpg,synthetic_val,1,50161,1,50132,0.304808,0.750298,-0.58617,0.0234468,11.5245
synthetic/images/img014092.jpg,synthetic_val,3,21620,3,23044,-0.322525,0.365528,-0.537541,0.688053,7.56061
synthetic/images/img014104.jpg,synthetic_val,2,40267,2,40162,-0.490028,-0.532639,0.681778,0.106528,26.4626
synthetic/images/img014162.jpg,synthetic_val,0,71751,0,71733,0.668555,0.647663,0.313385,0.188031,15.3508
synthetic/images/img014177.jpg,synthetic_val,3,30677,3,30663,0.0745586,0.372793,-0.472205,0.795292,11.9243
synthetic/images/img014238.jpg,synthetic_val,1,44112,2,11772,0.578268,-0.338985,0.638089,-0.378865,42.681
synthetic/images/img014248.jpg,synthetic_val,2,61523,2,61536,-0.0864945,0.20182,0.922608,0.317146,4.82878
synthetic/images/img014260.jpg,synthetic_val,2,25544,2,41545,-0.105762,-0.655727,0.676879,0.317287,98.6151
synthetic/images/img014276.jpg,synthetic_val,2,07107,2,03510,-0.0709674,-0.354837,0.756986,-0.544084,25.2463
synthetic/images/img014339.jpg,synthetic_val,3,46454,2,46641,-0.552506,-0.133364,0.609662,0.552506,17.8174
synthetic/images/img014368.jpg,synthetic_val,3,36133,3,37660,0.365528,0.623548,-0.0645049,0.688053,35.5853
synthetic/images/img014379.jpg,synthetic_val,1,35676,1,34715,0.407494,0.869321,0.244497,-0.135831,27.2759
synthetic/images/img014435.jpg,synthetic_val,3,35560,3,35461,0.504385,0.132733,-0.0796398,0.849491,14.3612
synthetic/images/img014462.jpg,synthetic_val,3,10212,2,12233,0.155173,-0.0221676,0.709362,-0.687194,59.4235
synthetic/images/img014567.jpg,synthetic_val,0,60337,0,60731,0.809414,-0.430001,0.328824,0.227648,16.8429
synthetic/images/img014596.jpg,synthetic_val,2,07171,2,07163,-0.141365,-0.254457,0.904735,-0.311003,10.8699
synthetic/images/img014635.jpg,synthetic_val,1,47764,1,47611,-0.21338,0.758686,-0.165963,0.592723,16.3496
synthetic/images/img014660.jpg,synthetic_val,0,34472,0,34744,0.928805,0.261226,0.261226,-0.0290252,13.9662
synthetic/images/img014742.jpg,synthetic_val,1,51633,1,51275,0.51912,0.722254,-0.428838,0.157993,6.77335
synthetic/images/img014764.jpg,synthetic_val,0,42043,1,24247,-0.637864,0.703849,0.241948,-0.197958,13.7214
synthetic/images/img014900.jpg,synthetic_val,1,50345,1,50350,0.311026,0.765603,-0.550277,0.119625,9.22564
synthetic/images/img014918.jpg,synthetic_val,1,14061,1,14110,0.26653,0.656074,-0.635572,-0.307535,23.8939
synthetic/images/img014964.jpg,synthetic_val,3,17356,3,17336,0.642859,-0.0221676,-0.288178,0.709362,16.6873
synthetic/images/img014971.jpg,synthetic_val,0,61517,0,70451,0.907642,0.198547,0.0283638,0.368729,27.4418
synthetic/images/img014977.jpg,synthetic_val,0,52355,0,53636,0.80327,0.527146,-0.0251022,0.276124,24.2986
synthetic/images/img014979.jpg,synthetic_val,2,36472,2,36471,0.179369,0.538108,0.819974,-0.0768726,7.02497
synthetic/images/img015000.jpg,synthetic_val,2,25563,2,25166,-0.20182,0.20182,0.922608,-0.259483,17.9556
synthetic/images/img015038.jpg,synthetic_val,3,52112,3,52117,0.397081,-0.344137,0.0794162,0.847106,8.75337
synthetic/images/img015041.jpg,synthetic_val,1,12606,3,07627,-0.372342,-0.0286417,-0.143208,0.916533,117.457
synthetic/images/img015061.jpg,synthetic_val,0,52176,0,52573,0.826512,0.387427,-0.232456,0.33577,17.603
synthetic/images/img015080.jpg,synthetic_val,2,57250,2,57134,0.598607,-0.227058,0.660531,0.39219,20.8159
synthetic/images/img015096.jpg,synthetic_val,3,45772,3,47542,-0.153375,-0.284839,0.635409,0.701141,16.0943
synthetic/images/img015163.jpg,synthetic_val,0,52665,0,43677,0.877124,-0.246691,-0.0274101,0.411152,42.1955
synthetic/images/img015229.jpg,synthetic_val,2,24563,2,40327,-0.500142,-0.404877,0.762121,0.0714488,68.9777
synthetic/images/img015299.jpg,synthetic_val,3,75227,3,75216,0.475923,0.249293,0.430597,0.725215,11.7297
synthetic/images/img015322.jpg,synthetic_val,0,65005,0,65013,0.854321,-0.240278,0.0800926,0.453858,14.4743
synthetic/images/img015382.jpg,synthetic_val,2,10230,2,31054,0.459243,0.0218687,0.699798,-0.546718,65.585
synthetic/images/img015482.jpg,synthetic_val,0,50454,3,10746,0.210099,-0.490232,-0.396854,0.74702,109.221
synthetic/images/img015599.jpg,synthetic_val,0,24176,0,25072,0.882444,-0.30334,0.193035,-0.30334,21.4284
synthetic/images/img015688.jpg,synthetic_val,1,52125,1,52161,0.306147,0.890609,-0.306147,0.139158,9.15862
synthetic/images/img015793.jpg,synthetic_val,3,74375,0,72046,0.844742,0.0263982,0.501565,0.184787,93.8503
synthetic/images/img015833.jpg,synthetic_val,2,63743,2,63730,-0.0678497,0.65588,0.72373,0.203549,13.3067
synthetic/images/img015875.jpg,synthetic_val,1,46110,1,43464,-0.375587,0.801253,-0.275431,0.375587,12.9886
synthetic/images/img015910.jpg,synthetic_val,0,16372,0,16177,0.851896,0.399326,-0.239596,-0.239596,24.2774
synthetic/images/img015926.jpg,synthetic_val,3,36437,3,36430,0.127453,0.535303,-0.178434,0.8157,9.62867
synthetic/images/img015985.jpg,synthetic_val,1,71726,1,75304,0.546718,0.699798,0.196818,0.415505,25.7098
synthetic/images/img016003.jpg,synthetic_val,2,60712,2,07547,-0.143208,-0.372342,0.916533,-0.0286417,91.0336
synthetic/images/img016016.jpg,synthetic_val,1,71430,1,71330,0.642859,0.709362,0.288178,0.0221676,32.3339
synthetic/images/img016029.jpg,synthetic_val,1,36426,1,27573,-0.0252942,0.809414,0.581766,-0.0758825,11.1521
synthetic/images/img016040.jpg,synthetic_val,3,37006,3,33060,0.341162,0.421435,-0.541845,0.642187,32.7291
synthetic/images/img016063.jpg,synthetic_val,2,52755,2,56532,0.298319,-0.206529,0.734324,0.57369,27.838
synthetic/images/img016081.jpg,synthetic_val,0,14273,0,14703,0.791391,0.272041,-0.51935,-0.173117,17.389
synthetic/images/img016252.jpg,synthetic_val,3,56465,3,54774,0.259223,-0.378865,0.618148,0.638089,29.0412
synthetic/images/img016403.jpg,synthetic_val,2,34344,2,34345,0.304267,0.248946,0.88514,-0.248946,3.69859
synthetic/images/img016411.jpg,synthetic_val,3,25006,3,24131,-0.430001,0.126471,-0.379413,0.809414,7.95236
synthetic/images/img016431.jpg,synthetic_val,3,42631,3,42662,-0.667787,-0.0215415,0.28004,0.689329,15.5926
synthetic/images/img016509.jpg,synthetic_val,3,71320,3,71230,0.51935,0.321503,0.024731,0.791391,9.45622
synthetic/images/img016539.jpg,synthetic_val,2,05242,2,05332,-0.0762739,-0.432219,0.813589,-0.38137,35.5908
synthetic/images/img016611.jpg,synthetic_val,1,40710,1,41676,-0.270066,0.785646,-0.417374,0.368271,27.6622
synthetic/images/img016691.jpg,synthetic_val,2,52116,2,52160,0.254457,-0.311003,0.904735,0.141365,13.9907
synthetic/images/img016749.jpg,synthetic_val,0,30724,0,35500,0.776342,0.606517,0.0242607,-0.169825,67.4634
synthetic/images/img016763.jpg,synthetic_val,2,72136,2,72536,0.302817,0.535754,0.745396,0.25623,19.5752
synthetic/images/img016774.jpg,synthetic_val,1,76021,1,76042,0.0233954,0.748653,0.444513,0.491304,13.2943
synthetic/images/img016778.jpg,synthetic_val,1,71624,1,75040,0.405798,0.763856,0.0238705,0.50128,44.9939
synthetic/images/img016831.jpg,synthetic_val,3,35677,3,25701,-0.145617,0.262111,-0.203864,0.931951,88.7754
synthetic/images/img016856.jpg,synthetic_val,1,01123,1,01015,-0.166924,0.593509,-0.574962,-0.537868,14.3649
synthetic/images/img016885.jpg,synthetic_val,3,07411,3,07444,-0.390567,-0.390567,-0.0260378,0.833209,22.9985
synthetic/images/img016952.jpg,synthetic_val,3,42246,0,12244,0.776342,0.0242607,-0.169825,-0.606517,19.5566
synthetic/images/img016966.jpg,synthetic_val,0,42305,0,46305,0.739008,-0.484974,-0.161658,0.438786,42.8412
synthetic/images/img017010.jpg,synthetic_val,3,44410,1,44565,-0.373869,0.569705,-0.480689,0.551902,177.036
synthetic/images/img017049.jpg,synthetic_val,2,60047,2,60405,-0.650578,0.0224337,0.717879,0.246771,12.2612
synthetic/images/img017062.jpg,synthetic_val,1,32512,1,30356,0.295226,0.72671,0.249807,-0.567742,22.698
synthetic/images/img017087.jpg,synthetic_val,1,31204,1,31035,0.467638,0.650627,0.10166,-0.589631,14.8414
synthetic/images/img017294.jpg,synthetic_val,0,02621,1,02366,-0.492719,0.685522,-0.0214226,-0.535564,123.234
synthetic/images/img017298.jpg,synthetic_val,0,61747,0,61506,0.922608,-0.20182,0.0864945,0.317146,29.3917
synthetic/images/img017324.jpg,synthetic_val,0,65121,0,61451,0.896179,-0.25205,0.0280056,0.364073,19.297
synthetic/images/img017371.jpg,synthetic_val,0,25122,0,21475,0.849491,-0.238919,0.132733,-0.451292,12.851
synthetic/images/img017421.jpg,synthetic_val,2,36010,2,34346,0.248946,0.304267,0.88514,-0.248946,28.158
synthetic/images/img017432.jpg,synthetic_val,1,52444,1,41745,-0.117753,0.753619,-0.541664,0.353259,26.8249
synthetic/images/img017434.jpg,synthetic_val,0,17211,0,13756,0.685522,0.621254,-0.107113,-0.364184,12.8668
synthetic/images/img017456.jpg,synthetic_val,0,62170,0,66360,0.600999,-0.431968,0.544655,0.394405,35.313
synthetic/images/img017534.jpg,synthetic_val,2,63475,2,63566,-0.163768,0.538095,0.748653,0.350931,6.13277
synthetic/images/img017688.jpg,synthetic_val,3,56707,3,56760,0.203549,-0.0678497,0.65588,0.72373,8.02554
synthetic/images/img017740.jpg,synthetic_val,0,74423,0,74160,0.80735,0.227067,0.126148,0.529823,18.5287
synthetic/images/img017768.jpg,synthetic_val,0,07245,0,07423,0.879772,-0.357407,-0.247436,-0.19245,10.0964
synthetic/images/img017772.jpg,synthetic_val,2,21432,2,21052,-0.253494,0.0691347,0.737437,-0.622212,15.4909
synthetic/images/img017791.jpg,synthetic_val,1,52507,1,52161,0.306147,0.890609,-0.306147,0.139158,17.7292
synthetic/images/img017812.jpg,synthetic_val,1,71602,1,71605,0.476942,0.80327,0.22592,0.276124,11.6628
synthetic/images/img017844.jpg,synthetic_val,1,74614,1,74407,0.0712873,0.760398,0.0712873,0.641585,16.2119
synthetic/images/img017859.jpg,synthetic_val,0,77023,0,76110,0.760398,0.308911,0.403961,0.403961,16.9306
synthetic/images/img017864.jpg,synthetic_val,1,66224,1,60026,-0.685847,0.707972,0.154869,0.0663723,54.707
synthetic/images/img017872.jpg,synthetic_val,2,15115,2,25677,-0.246691,0.411152,0.877124,-0.0274101,163.3
synthetic/images/img017892.jpg,synthetic_val,3,12454,3,16012,0.131625,-0.342224,-0.394874,0.842397,5.41712
synthetic/images/img017925.jpg,synthetic_val,3,61320,3,25720,-0.194821,0.36181,-0.194821,0.890609,28.0011
synthetic/images/img017932.jpg,synthetic_val,0,07044,0,06563,0.811493,-0.532542,-0.228232,-0.0760775,30.1403
synthetic/images/img017954.jpg,synthetic_val,2,51623,2,50716,0.310316,-0.50128,0.763856,0.262575,20.6253
synthetic/images/img017988.jpg,synthetic_val,1,15406,1,14545,0.239641,0.697136,-0.675351,-0.0217855,16.2883
synthetic/images/img018006.jpg,synthetic_val,0,21661,0,23445,0.760398,-0.308911,0.403961,-0.403961,11.2209
synthetic/images/img018016.jpg,synthetic_val,0,64746,0,07645,0.907642,-0.368729,-0.198547,-0.0283638,95.0468
synthetic/images/img018080.jpg,synthetic_val,1,17624,1,17601,0.493382,0.830959,-0.181772,-0.181772,12.0693
synthetic/images/img018093.jpg,synthetic_val,0,36745,0,72111,0.8157,0.38236,0.433341,0.0254906,22.3715
synthetic/images/img018111.jpg,synthetic_val,1,61564,1,61745,-0.135831,0.869321,0.244497,0.407494,14.8589
synthetic/images/img018118.jpg,synthetic_val,2,71067,2,71423,0.488143,0.179842,0.822136,0.231226,4.85805
synthetic/images/img018130.jpg,synthetic_val,1,62173,1,07626,-0.420084,0.896179,-0.0280056,-0.140028,74.0881
synthetic/images/img018134.jpg,synthetic_val,1,25506,1,25144,-0.205971,0.941584,0.0294245,-0.26482,14.6673
synthetic/images/img018173.jpg,synthetic_val,1,70616,1,70613,0.196039,0.896179,0.308062,0.25205,7.32894
synthetic/images/img018314.jpg,synthetic_val,1,26347,1,26336,-0.378865,0.638089,0.618148,-0.259223,13.2841
synthetic/images/img018385.jpg,synthetic_val,3,41220,3,06531,-0.441447,-0.285642,-0.181772,0.830959,32.7722
synthetic/images/img018492.jpg,synthetic_val,0,17142,0,15623,0.770916,0.457732,-0.409549,-0.168638,20.4564
synthetic/images/img018494.jpg,synthetic_val,0,74474,0,74151,0.778177,0.36477,0.024318,0.510678,37.8823
synthetic/images/img018507.jpg,synthetic_val,3,46537,3,46567,-0.419413,-0.179749,0.619134,0.639106,11.2796
synthetic/images/img018547.jpg,synthetic_val,0,44204,0,40267,0.681778,-0.617861,-0.362194,0.149139,28.791
synthetic/images/img018629.jpg,synthetic_val,1,44774,1,21624,-0.347898,0.742182,0.301511,-0.487057,158.267
synthetic/images/img018690.jpg,synthetic_val,2,25743,2,25703,-0.143208,0.315058,0.916533,-0.200492,13.3989
synthetic/images/img018700.jpg,synthetic_val,2,23443,2,23446,-0.344214,0.436005,0.734324,-0.390109,8.29301
synthetic/images/img018716.jpg,synthetic_val,2,72573,2,73434,0.466436,0.466436,0.71076,0.244324,16.7481
synthetic/images/img018721.jpg,synthetic_val,1,41632,1,41364,-0.181772,0.830959,-0.493382,0.181772,11.5247
synthetic/images/img018743.jpg,synthetic_val,3,72013,3,70325,0.302422,0.357407,0.0824786,0.879772,23.5336
synthetic/images/img018785.jpg,synthetic_val,3,40017,3,40314,-0.433275,-0.524491,0.0684119,0.729727,15.7814
synthetic/images/img018830.jpg,synthetic_val,1,47222,1,43437,-0.248946,0.88514,-0.248946,0.304267,36.1056
synthetic/images/img018845.jpg,synthetic_val,2,41104,2,41151,-0.0222994,-0.691283,0.713582,0.111497,17.7011
synthetic/images/img018880.jpg,synthetic_val,3,26733,3,23643,-0.272076,0.565081,-0.39765,0.669726,31.7957
synthetic/images/img018894.jpg,synthetic_val,1,06625,1,06011,-0.545675,0.698464,-0.327405,-0.327405,40.2737
synthetic/images/img018903.jpg,synthetic_val,2,52424,2,52605,0.0864945,-0.20182,0.922608,0.317146,11.6992
synthetic/images/img018936.jpg,synthetic_val,1,42315,1,07432,-0.308062,0.896179,-0.25205,-0.196039,38.6622
synthetic/images/img018946.jpg,synthetic_val,2,73136,2,15265,0.444513,-0.444513,0.748653,-0.210559,116.461
synthetic/images/img018981.jpg,synthetic_val,3,14500,1,14211,0.163768,0.748653,-0.538095,-0.350931,102.229
synthetic/images/img019003.jpg,synthetic_val,1,56124,1,56176,0.306158,0.753619,-0.211955,0.541664,12.8905
synthetic/images/img019020.jpg,synthetic_val,2,60304,2,06577,-0.455158,-0.240966,0.856767,-0.026774,58.8808
synthetic/images/img019039.jpg,synthetic_val,1,53164,1,53166,0.592723,0.758686,-0.21338,0.165963,4.76906
synthetic/images/img019047.jpg,synthetic_val,3,27150,3,27543,-0.132733,0.504385,-0.0796398,0.849491,24.2435
synthetic/images/img019075.jpg,synthetic_val,0,50204,0,50225,0.854321,0.0800926,-0.507253,0.0800926,9.0014
synthetic/images/img019235.jpg,synthetic_val,1,21645,1,21624,-0.347898,0.742182,0.301511,-0.487057,13.2119
synthetic/images/img019238.jpg,synthetic_val,3,25204,3,25060,-0.40161,0.13387,-0.294514,0.856767,12.7521
synthetic/images/img019243.jpg,synthetic_val,2,16260,2,16721,0.317146,-0.0864945,0.922608,-0.20182,37.2165
synthetic/images/img019269.jpg,synthetic_val,3,15376,3,17124,0.567742,-0.249807,-0.295226,0.72671,19.4664
synthetic/images/img019310.jpg,synthetic_val,2,16542,2,16413,0.194821,-0.36181,0.890609,-0.194821,12.1313
synthetic/images/img019348.jpg,synthetic_val,3,63060,3,63444,-0.357244,0.404877,0.357244,0.762121,28.4865
synthetic/images/img019359.jpg,synthetic_val,1,67663,1,04667,-0.624704,0.689329,-0.366206,-0.0215415,139.643
synthetic/images/img019430.jpg,synthetic_val,3,12566,3,16012,0.131625,-0.342224,-0.394874,0.842397,15.9549
synthetic/images/img019444.jpg,synthetic_val,3,52213,3,52322,0.270501,-0.0300557,0.0300557,0.961781,13.3948
synthetic/images/img019480.jpg,synthetic_val,1,26000,1,26240,-0.5932,0.612335,0.478387,-0.21049,19.8007
synthetic/images/img019493.jpg,synthetic_val,3,57257,3,57224,0.414388,-0.0731272,0.463139,0.780024,13.7414
synthetic/images/img019495.jpg,synthetic_val,3,14703,3,14743,0.275431,-0.525822,-0.0751175,0.801253,14.1854
synthetic/images/img019508.jpg,synthetic_val,1,26555,1,25636,-0.294514,0.856767,0.40161,-0.13387,21.0662
synthetic/images/img019544.jpg,synthetic_val,0,72414,0,72471,0.780024,0.17063,0.511891,0.316885,11.3769
synthetic/images/img019545.jpg,synthetic_val,0,07103,0,03544,0.80327,-0.175715,-0.376533,-0.426737,5.55674
synthetic/images/img019572.jpg,synthetic_val,3,24764,3,26454,-0.597351,0.37611,-0.0221241,0.707972,9.67139
synthetic/images/img019583.jpg,synthetic_val,1,03071,1,03164,-0.164128,0.750298,-0.257915,-0.58617,5.66128
synthetic/images/img019637.jpg,synthetic_val,0,00147,0,05225,0.770916,-0.313185,-0.457732,-0.313185,28.2953
synthetic/images/img019664.jpg,synthetic_val,2,60202,0,41002,0.699798,-0.328031,-0.634192,0.0218687,13.0686
synthetic/images/img019680.jpg,synthetic_val,3,73057,3,73034,0.479882,0.479882,0.0685546,0.73125,13.6289
synthetic/images/img019717.jpg,synthetic_val,0,70100,0,70012,0.983336,0.153646,0.0921878,0.0307293,12.1459
synthetic/images/img019754.jpg,synthetic_val,3,67353,3,67233,-0.185459,0.638802,0.350311,0.659408,22.8042
synthetic/images/img019755.jpg,synthetic_val,2,34464,2,34470,0.151934,0.151934,0.972379,-0.0911606,18.1539
synthetic/images/img019807.jpg,synthetic_val,1,65707,1,65567,-0.11019,0.705215,0.154266,0.683177,13.3847
synthetic/images/img019855.jpg,synthetic_val,3,25326,3,27011,-0.223676,0.422499,-0.372793,0.795292,9.72724
synthetic/images/img019971.jpg,synthetic_val,1,56677,1,74465,0.0667657,0.712167,0.111276,0.689912,19.9447
synthetic/images/img020011.jpg,synthetic_val,2,43133,2,07555,-0.028273,-0.424094,0.904735,-0.028273,20.2042
synthetic/images/img020038.jpg,synthetic_val,3,65560,3,65616,-0.246276,0.246276,0.604494,0.716438,17.7842
synthetic/images/img020052.jpg,synthetic_val,1,54373,1,54277,0.160973,0.735875,-0.390934,0.52891,20.0417
synthetic/images/img020080.jpg,synthetic_val,3,34023,3,34061,0.0873704,0.145617,-0.320358,0.931951,12.0898
synthetic/images/img020102.jpg,synthetic_val,1,52202,1,52200,0.0304997,0.975991,-0.213498,0.0304997,5.80391
synthetic/images/img020179.jpg,synthetic_val,3,12373,3,12522,0.217325,-0.217325,-0.555387,0.772712,29.8737
synthetic/images/img020198.jpg,synthetic_val,1,62253,1,62107,-0.490232,0.74702,0.443543,0.0700331,17.6219
synthetic/images/img020252.jpg,synthetic_val,2,52262,2,63372,-0.0667657,0.689912,0.712167,0.111276,91.7143
synthetic/images/img020344.jpg,synthetic_val,0,56230,0,52472,0.887862,0.138728,-0.249711,0.360694,24.893
synthetic/images/img020416.jpg,synthetic_val,3,31772,3,31771,0.618148,0.259223,-0.378865,0.638089,7.72598
synthetic/images/img020451.jpg,synthetic_val,1,62125,1,62135,-0.404877,0.762121,0.500142,0.0714488,8.95981
synthetic/images/img020500.jpg,synthetic_val,0,16711,0,16345,0.896179,0.308062,-0.196039,-0.25205,10.9305
synthetic/images/img020520.jpg,synthetic_val,1,12526,1,16050,0.13387,0.856767,-0.40161,-0.294514,35.1823
synthetic/images/img020553.jpg,synthetic_val,0,50047,0,50112,0.709362,0.288178,-0.642859,0.0221676,31.1339
synthetic/images/img020561.jpg,synthetic_val,3,53202,3,52313,0.420084,-0.140028,0.0280056,0.896179,3.03329
synthetic/images/img020568.jpg,synthetic_val,2,53751,2,53717,0.671537,-0.108312,0.6932,0.238287,6.74281
synthetic/images/img020607.jpg,synthetic_val,2,27576,2,36467,0.0758825,0.581766,0.809414,-0.0252942,20.1818
synthetic/images/img020675.jpg,synthetic_val,0,50006,0,05553,0.739008,-0.023094,-0.669726,-0.069282,16.8564
synthetic/images/img020747.jpg,synthetic_val,3,72250,3,72322,0.197958,0.681854,0.0219953,0.703849,18.7198
synthetic/images/img020767.jpg,synthetic_val,0,21336,0,20336,0.646366,-0.38378,0.302984,-0.585769,40.1259
synthetic/images/img020777.jpg,synthetic_val,1,23362,1,13642,0.412432,0.776342,-0.121303,-0.460953,108.022
synthetic/images/img020824.jpg,synthetic_val,0,40305,0,26001,0.656074,-0.594567,0.348539,-0.307535,112.373
synthetic/images/img020904.jpg,synthetic_val,3,54574,3,50551,0.307535,-0.635572,0.26653,0.656074,39.1418
synthetic/images/img021012.jpg,synthetic_val,2,51672,2,51636,0.484974,-0.392598,0.739008,0.254034,5.61782
synthetic/images/img021090.jpg,synthetic_val,3,06052,3,06167,-0.520626,-0.223125,-0.223125,0.793334,16.6184
synthetic/images/img021128.jpg,synthetic_val,2,47670,2,74434,0.117753,0.117753,0.753619,0.635866,49.0265
synthetic/images/img021133.jpg,synthetic_val,1,25757,1,25775,-0.0289278,0.925691,0.376062,-0.0289278,8.06603
synthetic/images/img021170.jpg,synthetic_val,3,53763,3,71445,0.473376,0.0249145,0.373718,0.797264,19.0722
synthetic/images/img021177.jpg,synthetic_val,1,60351,1,61270,-0.300609,0.8745,0.355266,0.136641,20.3083
synthetic/images/img021178.jpg,synthetic_val,1,16717,1,16372,0.358493,0.882444,-0.0275764,-0.30334,24.6561
synthetic/images/img021233.jpg,synthetic_val,0,62320,1,67431,-0.193158,0.686784,0.450702,0.53655,160.989
synthetic/images/img021263.jpg,synthetic_val,1,01063,1,01063,-0.25759,0.634068,-0.495365,-0.534994,2.17931
synthetic/images/img021266.jpg,synthetic_val,3,26463,3,26471,-0.545675,0.458367,-0.065481,0.698464,9.13691
synthetic/images/img021391.jpg,synthetic_val,0,43403,0,43014,0.861723,-0.296217,-0.403933,0.0807866,18.398
synthetic/images/img021392.jpg,synthetic_val,3,16057,3,14366,0.23434,-0.442642,-0.23434,0.833209,12.5327
synthetic/images/img021394.jpg,synthetic_val,1,61777,1,67100,-0.172276,0.787547,0.418384,0.418384,16.3555
synthetic/images/img021438.jpg,synthetic_val,2,20164,2,20455,-0.567742,0.0227097,0.72671,-0.386065,21.0471
synthetic/images/img021469.jpg,synthetic_val,3,64163,3,64314,-0.444513,0.210559,0.444513,0.748653,7.94437
synthetic/images/img021473.jpg,synthetic_val,1,52757,1,56121,0.278951,0.811493,-0.278951,0.431106,21.6386
synthetic/images/img021577.jpg,synthetic_val,3,34612,3,34434,0.150824,0.150824,-0.150824,0.965275,17.9571
synthetic/images/img021704.jpg,synthetic_val,3,21044,3,21016,-0.246276,0.067166,-0.649272,0.716438,16.0969
synthetic/images/img021724.jpg,synthetic_val,1,40632,2,74071,0.178434,0.127453,0.8157,0.535303,157.91
synthetic/images/img021806.jpg,synthetic_val,1,30462,1,30643,0.0770752,0.822136,0.282609,-0.488143,12.4351
synthetic/images/img021841.jpg,synthetic_val,1,10654,1,14074,0.115966,0.742182,-0.626216,-0.208739,25.9654
synthetic/images/img021879.jpg,synthetic_val,1,60270,2,66204,-0.568736,0.458658,0.587082,0.34858,52.7207
synthetic/images/img021883.jpg,synthetic_val,2,25514,2,25533,-0.0298408,0.208885,0.954905,-0.208885,19.9641
synthetic/images/img021893.jpg,synthetic_val,0,45213,0,45303,0.758686,-0.118545,-0.497888,0.403052,9.13583
synthetic/images/img021986.jpg,synthetic_val,1,41676,1,43435,-0.245222,0.871899,-0.299715,0.299715,16.8357
synthetic/images/img022004.jpg,synthetic_val,3,25257,3,25720,-0.194821,0.36181,-0.194821,0.890609,9.61228
synthetic/images/img022009.jpg,synthetic_val,2,36025,2,34366,0.239596,0.399326,0.851896,-0.239596,27.46
synthetic/images/img022065.jpg,synthetic_val,2,34523,2,34751,0.409922,0.245953,0.8745,-0.0819844,16.9041
synthetic/images/img022067.jpg,synthetic_val,1,50353,1,50335,0.372793,0.795292,-0.472205,0.0745586,8.80637
synthetic/images/img022104.jpg,synthetic_val,2,13765,0,27204,0.707972,-0.331862,0.553103,-0.287613,37.7262
synthetic/images/img022115.jpg,synthetic_val,0,23756,0,23557,0.781884,-0.0244339,0.464244,-0.415376,21.6933
synthetic/images/img022137.jpg,synthetic_val,0,70770,0,70747,0.828726,0.284875,0.284875,0.388465,11.72
synthetic/images/img022231.jpg,synthetic_val,3,13642,3,13642,0.412432,-0.121303,-0.460953,0.776342,2.48309
synthetic/images/img022412.jpg,synthetic_val,1,37735,2,34114,0.352124,0.0270864,0.866766,-0.352124,86.2714
synthetic/images/img022425.jpg,synthetic_val,0,61177,0,61156,0.968808,-0.0908257,0.0908257,0.211927,16.9582
synthetic/images/img022541.jpg,synthetic_val,2,76702,2,76236,0.102684,0.636643,0.65718,0.390201,19.4382
synthetic/images/img022562.jpg,synthetic_val,3,03561,3,03567,-0.132733,-0.238919,-0.451292,0.849491,8.74497
synthetic/images/img022580.jpg,synthetic_val,3,26355,3,26144,-0.524491,0.387667,-0.205236,0.729727,25.6098
synthetic/images/img022612.jpg,synthetic_val,1,15672,3,13210,0.422116,-0.140705,-0.623123,0.643224,146.158
synthetic/images/img022635.jpg,synthetic_val,0,63731,0,63771,0.709362,-0.0221676,0.642859,0.288178,9.29643
synthetic/images/img022651.jpg,synthetic_val,0,01473,0,01616,0.71076,-0.244324,-0.466436,-0.466436,13.101
synthetic/images/img022679.jpg,synthetic_val,1,23713,1,32600,0.0214226,0.685522,0.535564,-0.492719,4.05941
synthetic/images/img022689.jpg,synthetic_val,2,27532,2,27147,-0.129488,0.492056,0.828726,-0.233079,13.7389
synthetic/images/img022746.jpg,synthetic_val,1,25726,1,27470,-0.275431,0.801253,0.525822,-0.0751175,20.606
synthetic/images/img022750.jpg,synthetic_val,1,14775,1,50366,0.236924,0.842397,-0.447523,0.184274,29.0111
synthetic/images/img022807.jpg,synthetic_val,1,12721,1,12343,0.252424,0.734324,-0.114738,-0.619586,12.893
synthetic/images/img022845.jpg,synthetic_val,3,34544,3,16766,0.270501,-0.0300557,-0.0300557,0.961781,4.73133
synthetic/images/img022867.jpg,synthetic_val,3,41207,3,41720,-0.179842,-0.488143,0.231226,0.822136,23.4127
synthetic/images/img022870.jpg,synthetic_val,0,74003,0,70442,0.922608,0.0288315,0.0864945,0.374809,12.0632
synthetic/images/img022888.jpg,synthetic_val,0,16343,0,16335,0.847106,0.397081,-0.0794162,-0.344137,16.1245
synthetic/images/img022929.jpg,synthetic_val,2,33542,2,37054,0.490232,0.396854,0.74702,-0.210099,24.767
synthetic/images/img022945.jpg,synthetic_val,0,24445,0,66414,0.607899,-0.512915,0.322947,0.512915,75.3755
synthetic/images/img023082.jpg,synthetic_val,3,43070,3,43047,-0.346083,-0.346083,0.186352,0.851896,9.31733
synthetic/images/img023085.jpg,synthetic_val,0,61365,0,61356,0.922608,-0.0864945,0.317146,0.20182,7.85276
synthetic/images/img023117.jpg,synthetic_val,1,52076,1,52160,0.254457,0.904735,-0.311003,0.141365,12.8117
synthetic/images/img023135.jpg,synthetic_val,2,63742,2,63634,-0.239641,0.63178,0.697136,0.239641,10.7371
synthetic/images/img023210.jpg,synthetic_val,2,32061,2,02526,-0.504916,-0.197576,0.702491,-0.46101,101.112
synthetic/images/img023249.jpg,synthetic_val,0,74135,0,74161,0.797264,0.27406,0.124573,0.523205,14.6241
synthetic/images/img023254.jpg,synthetic_val,3,32554,3,32562,0.201498,0.51494,-0.425385,0.716438,18.633
synthetic/images/img023274.jpg,synthetic_val,1,16376,1,35641,0.494718,0.833209,0.23434,-0.0781133,38.8093
synthetic/images/img023358.jpg,synthetic_val,3,47140,3,47034,-0.272709,-0.272709,0.471042,0.793334,17.7548
synthetic/images/img023402.jpg,synthetic_val,3,01650,3,04106,-0.454311,-0.572827,-0.256785,0.632085,34.2743
synthetic/images/img023432.jpg,synthetic_val,0,34507,0,34553,0.899004,0.421408,0.0842816,-0.0842816,17.2684
synthetic/images/img023447.jpg,synthetic_val,3,35035,3,35161,0.619586,0.114738,-0.252424,0.734324,14.3671
synthetic/images/img023472.jpg,synthetic_val,3,47330,3,43761,-0.142741,-0.0856444,0.371126,0.91354,11.9861
synthetic/images/img023609.jpg,synthetic_val,1,35242,1,35204,0.430001,0.809414,0.227648,-0.328824,8.77478
synthetic/images/img023614.jpg,synthetic_val,1,61356,1,61307,-0.145617,0.931951,0.320358,0.0873704,16.0917
synthetic/images/img023617.jpg,synthetic_val,3,14210,3,05544,-0.155173,-0.687194,-0.0221676,0.709362,51.7123
synthetic/images/img023619.jpg,synthetic_val,2,71062,2,71070,0.539527,0.128459,0.822136,0.128459,14.8009
synthetic/images/img023626.jpg,synthetic_val,0,16475,0,16611,0.935129,0.204559,-0.204559,-0.204559,22.6161
synthetic/images/img023672.jpg,synthetic_val,3,61352,3,61332,-0.084549,0.422745,0.028183,0.901856,20.9464
synthetic/images/img023705.jpg,synthetic_val,1,06406,0,60271,0.745396,-0.582341,0.302817,0.116468,15.9299
synthetic/images/img023733.jpg,synthetic_val,2,72652,2,72640,0.0234468,0.58617,0.750298,0.304808,9.58293
synthetic/images/img023754.jpg,synthetic_val,2,42744,2,42705,-0.51935,-0.173117,0.791391,0.272041,12.1107
synthetic/images/img023819.jpg,synthetic_val,3,43310,3,07375,-0.0299476,-0.0898429,-0.269529,0.958324,37.9278
synthetic/images/img023852.jpg,synthetic_val,0,36036,3,36533,0.350931,0.538095,-0.163768,0.748653,179.226
synthetic/images/img023869.jpg,synthetic_val,3,43401,3,42553,-0.418384,-0.319941,0.319941,0.787547,15.4331
synthetic/images/img023880.jpg,synthetic_val,2,61477,1,05626,-0.379413,0.809414,-0.430001,-0.126471,159.904
synthetic/images/img023900.jpg,synthetic_val,2,65530,1,65210,-0.282609,0.822136,0.231226,0.43676,109.638
synthetic/images/img023903.jpg,synthetic_val,3,36727,3,36716,0.294619,0.6119,-0.113315,0.725215,10.1725
synthetic/images/img023927.jpg,synthetic_val,3,06350,3,06152,-0.464244,-0.317641,-0.268773,0.781884,17.1736
synthetic/images/img023953.jpg,synthetic_val,2,27765,2,27767,-0.111497,0.691283,0.713582,-0.0222994,2.13473
synthetic/images/img023973.jpg,synthetic_val,3,26550,3,26751,-0.385271,0.566575,-0.0679889,0.725215,20.3744
synthetic/images/img023994.jpg,synthetic_val,1,21521,2,42363,-0.543852,-0.0258977,0.828726,0.129488,171.923
synthetic/images/img024016.jpg,synthetic_val,0,43137,0,43314,0.968808,-0.0908257,-0.211927,0.0908257,11.0341
synthetic/images/img024030.jpg,synthetic_val,1,46023,1,24440,-0.694049,0.716438,0.0223887,-0.067166,53.8935
synthetic/images/img024071.jpg,synthetic_val,1,32672,1,32632,0.099229,0.635066,0.61522,-0.456453,7.29887
synthetic/images/img024117.jpg,synthetic_val,3,13465,3,13644,0.418384,-0.172276,-0.418384,0.787547,11.1782
synthetic/images/img024207.jpg,synthetic_val,1,72253,1,72203,0.0714488,0.762121,0.643039,0.0238163,14.9913
synthetic/images/img024215.jpg,synthetic_val,2,07356,2,07722,-0.208885,-0.0298408,0.954905,-0.208885,20.7789
synthetic/images/img024216.jpg,synthetic_val,3,76635,3,47755,-0.0221676,-0.155173,0.687194,0.709362,89.5048
synthetic/images/img024285.jpg,synthetic_val,0,47234,0,43676,0.864234,-0.29708,-0.0270073,0.40511,13.4495
synthetic/images/img024313.jpg,synthetic_val,0,66350,0,25246,0.840072,-0.393784,0.288775,-0.23627,85.4806
synthetic/images/img024370.jpg,synthetic_val,1,74007,1,74032,0.134255,0.859235,0.187958,0.456468,13.6761
synthetic/images/img024441.jpg,synthetic_val,2,76161,2,76015,0.168638,0.409549,0.770916,0.457732,13.4622
synthetic/images/img024455.jpg,synthetic_val,2,53041,2,51267,0.457732,-0.409549,0.770916,0.168638,6.47418
synthetic/images/img024536.jpg,synthetic_val,0,42161,0,42134,0.822136,-0.488143,-0.282609,0.0770752,9.80209
synthetic/images/img024596.jpg,synthetic_val,1,31261,1,51340,0.532639,0.681778,-0.490028,0.106528,124.126
synthetic/images/img024615.jpg,synthetic_val,3,60654,3,60547,-0.509475,0.0727821,0.36391,0.776342,17.4542
synthetic/images/img024625.jpg,synthetic_val,2,14752,2,15066,0.378339,-0.55638,0.712167,-0.200297,17.789
synthetic/images/img024654.jpg,synthetic_val,0,65010,0,65003,0.828726,-0.33667,0.0776931,0.440261,8.76828
synthetic/images/img024663.jpg,synthetic_val,1,35231,1,53206,0.463196,0.871899,-0.136234,0.0817405,73.9353
synthetic/images/img024709.jpg,synthetic_val,1,05357,1,05536,-0.0731272,0.780024,-0.609394,-0.121879,16.1487
synthetic/images/img024717.jpg,synthetic_val,0,04640,1,62160,-0.51187,0.712167,0.46736,0.111276,18.8811
synthetic/images/img024799.jpg,synthetic_val,1,10374,1,11050,0.373869,0.569705,-0.551902,-0.480689,24.9185
synthetic/images/img024835.jpg,synthetic_val,3,73517,3,73030,0.480888,0.480888,0.0228994,0.732782,32.031
synthetic/images/img024836.jpg,synthetic_val,1,33545,1,33046,0.354552,0.667391,0.396264,-0.521399,33.7233
synthetic/images/img024897.jpg,synthetic_val,2,73655,2,75035,0.522323,0.113548,0.72671,0.431484,49.7259
synthetic/images/img024940.jpg,synthetic_val,3,03531,3,03142,-0.157672,-0.29282,-0.608164,0.720787,16.3816
synthetic/images/img024955.jpg,synthetic_val,0,73415,0,73074,0.72373,0.474948,0.474948,0.158316,16.3391
synthetic/images/img024969.jpg,synthetic_val,3,47537,1,62563,-0.451535,0.688053,0.494538,0.279521,134.409
synthetic/images/img024999.jpg,synthetic_val,1,25641,1,25076,-0.308062,0.896179,0.196039,-0.25205,23.3097
synthetic/images/img025050.jpg,synthetic_val,2,61251,2,61300,-0.205971,0.26482,0.941584,0.0294245,12.8704
synthetic/images/img025105.jpg,synthetic_val,1,61345,1,61303,-0.146114,0.935129,0.321451,0.0292228,21.1157
synthetic/images/img025287.jpg,synthetic_val,2,17356,2,17337,0.667787,-0.0215415,0.689329,-0.28004,11.9457
synthetic/images/img025317.jpg,synthetic_val,1,52530,1,52131,0.40511,0.864234,-0.29708,0.0270073,26.2657
synthetic/images/img025325.jpg,synthetic_val,0,42257,0,42342,0.799251,-0.574462,-0.124883,0.124883,4.96009
synthetic/images/img025341.jpg,synthetic_val,1,72043,1,61336,-0.0842816,0.899004,0.421408,0.0842816,21.5902
synthetic/images/img025343.jpg,synthetic_val,0,44051,0,44001,0.573351,-0.5196,-0.555434,0.304593,9.46465
synthetic/images/img025360.jpg,synthetic_val,2,23332,2,16012,0.131625,-0.342224,0.842397,-0.394874,116.917
synthetic/images/img025443.jpg,synthetic_val,2,72142,2,72530,0.313914,0.507093,0.772712,0.217325,13.7185
synthetic/images/img025451.jpg,synthetic_val,3,77014,3,71756,0.616742,0.233937,0.319005,0.680543,25.0425
synthetic/images/img025460.jpg,synthetic_val,0,13027,0,13005,0.646366,0.38378,-0.302984,-0.585769,12.7918
synthetic/images/img025520.jpg,synthetic_val,3,04261,3,04272,-0.580544,-0.365528,-0.236518,0.688053,3.38714
synthetic/images/img025535.jpg,synthetic_val,0,24141,0,24726,0.753619,-0.541664,0.353259,-0.117753,41.1963
synthetic/images/img025550.jpg,synthetic_val,1,01654,1,01654,-0.248275,0.722254,-0.51912,-0.383697,1.49275
synthetic/images/img025621.jpg,synthetic_val,0,25465,0,25725,0.907642,-0.141819,0.368729,-0.141819,39.8316
synthetic/images/img025663.jpg,synthetic_val,2,50106,2,50053,0.158968,-0.658581,0.72671,0.113548,8.79465
synthetic/images/img025672.jpg,synthetic_val,2,25756,2,61370,-0.0856444,0.371126,0.91354,0.142741,16.9786
synthetic/images/img025700.jpg,synthetic_val,1,16410,1,25526,-0.206689,0.944862,0.206689,-0.147635,84.4148
synthetic/images/img025773.jpg,synthetic_val,0,25702,0,25651,0.925691,-0.260351,0.260351,-0.0867835,17.8013
synthetic/images/img025827.jpg,synthetic_val,3,45463,1,46535,-0.365528,0.688053,-0.236518,0.580544,177.436
synthetic/images/img025854.jpg,synthetic_val,2,34537,2,34724,0.249711,0.360694,0.887862,-0.138728,28.4188
synthetic/images/img025877.jpg,synthetic_val,3,05125,3,05076,-0.255676,-0.581081,-0.209189,0.743784,19.9943
synthetic/images/img025889.jpg,synthetic_val,0,35247,0,35262,0.785646,0.417374,0.368271,-0.270066,11.1635
synthetic/images/img026031.jpg,synthetic_val,2,30543,2,30745,0.282609,0.231226,0.822136,-0.43676,21.5336
synthetic/images/img026076.jpg,synthetic_val,0,00766,0,04223,0.656074,-0.594567,-0.348539,-0.307535,12.9277
synthetic/images/img026107.jpg,synthetic_val,2,15447,2,15045,0.385673,-0.629255,0.649554,-0.182687,18.9361
synthetic/images/img026156.jpg,synthetic_val,1,34223,1,34027,0.0848189,0.904735,0.197911,-0.367549,24.3233
synthetic/images/img026161.jpg,synthetic_val,2,41747,2,45340,-0.154869,-0.508855,0.707972,0.464606,13.5498
synthetic/images/img026244.jpg,synthetic_val,0,03011,0,03431,0.763856,-0.214834,-0.262575,-0.549021,16.5801
synthetic/images/img026259.jpg,synthetic_val,1,25771,1,25527,-0.149204,0.954905,0.208885,-0.149204,25.2849
synthetic/images/img026288.jpg,synthetic_val,1,55735,0,55573,0.544725,0.527703,-0.425567,0.493657,13.1758
synthetic/images/img026383.jpg,synthetic_val,0,35754,1,35713,0.667787,0.689329,0.236957,-0.150791,16.5522
synthetic/images/img026418.jpg,synthetic_val,0,35117,0,35172,0.709362,0.642859,0.155173,-0.243843,10.3876
synthetic/images/img026443.jpg,synthetic_val,1,04667,3,74051,0.179842,0.0256917,0.539527,0.822136,142.567
synthetic/images/img026461.jpg,synthetic_val,2,70643,2,71066,0.45257,0.186352,0.851896,0.186352,48.1727
synthetic/images/img026465.jpg,synthetic_val,2,50114,1,41010,-0.239641,0.697136,-0.675351,0.0217855,10.186
synthetic/images/img026560.jpg,synthetic_val,3,47503,3,47502,-0.162004,-0.300865,0.578586,0.74059,3.36892
synthetic/images/img026608.jpg,synthetic_val,2,36213,2,36322,0.188031,0.647663,0.668555,-0.313385,8.28661
synthetic/images/img026641.jpg,synthetic_val,1,26726,2,26521,-0.474948,0.474948,0.72373,-0.158316,22.0633
synthetic/images/img026769.jpg,synthetic_val,0,70367,0,72051,0.859235,0.187958,0.456468,0.134255,14.5772
synthetic/images/img026806.jpg,synthetic_val,0,30514,0,13660,0.780024,0.414388,-0.0731272,-0.463139,15.0991
synthetic/images/img026853.jpg,synthetic_val,2,73400,1,35121,0.603286,0.715006,0.11172,-0.335159,110.179
synthetic/images/img026898.jpg,synthetic_val,1,30465,2,30646,0.0263982,0.29038,0.844742,-0.448769,109.963
synthetic/images/img026910.jpg,synthetic_val,3,00306,3,00242,-0.551902,-0.373869,-0.480689,0.569705,15.9654
synthetic/images/img027037.jpg,synthetic_val,0,36206,0,32660,0.678094,0.0211904,0.614523,-0.402618,11.5706
synthetic/images/img027064.jpg,synthetic_val,0,61027,0,61167,0.944862,-0.147635,0.206689,0.206689,29.7775
synthetic/images/img027065.jpg,synthetic_val,3,20011,2,30513,0.354837,0.0709674,0.756986,-0.544084,29.2944
synthetic/images/img027095.jpg,synthetic_val,2,72525,2,72160,0.227067,0.529823,0.80735,0.126148,17.1202
synthetic/images/img027107.jpg,synthetic_val,0,05373,0,14425,0.756986,0.0709674,-0.638707,-0.118279,32.6794
synthetic/images/img027178.jpg,synthetic_val,2,62221,1,26225,-0.540853,0.596803,0.540853,-0.242451,29.7536
synthetic/images/img027202.jpg,synthetic_val,3,07116,3,07125,-0.136641,-0.300609,-0.355266,0.8745,6.71518
synthetic/images/img027219.jpg,synthetic_val,3,00354,3,33202,0.310221,0.492704,-0.565697,0.583945,143.941
synthetic/images/img027236.jpg,synthetic_val,2,60137,2,61610,-0.304267,0.248946,0.88514,0.248946,27.3182
synthetic/images/img027244.jpg,synthetic_val,2,12255,3,21216,-0.239641,0.239641,-0.63178,0.697136,22.844
synthetic/images/img027319.jpg,synthetic_val,0,13606,0,13625,0.74702,0.443543,-0.0700331,-0.490232,7.23843
synthetic/images/img027327.jpg,synthetic_val,0,40640,1,26025,-0.582922,0.643224,0.422116,-0.26131,9.09998
synthetic/images/img027343.jpg,synthetic_val,2,24501,2,24524,-0.574462,0.124883,0.799251,-0.124883,11.6896
synthetic/images/img027470.jpg,synthetic_val,2,37703,2,37065,0.435089,0.480888,0.732782,-0.206095,18.5841
synthetic/images/img027473.jpg,synthetic_val,1,52145,1,50133,0.34641,0.739008,-0.57735,0.023094,30.5936
synthetic/images/img027492.jpg,synthetic_val,0,27101,0,27073,0.763856,-0.214834,0.549021,-0.262575,23.5629
synthetic/images/img027551.jpg,synthetic_val,1,50513,1,50157,0.324329,0.691902,-0.627036,0.151354,6.31411
synthetic/images/img027572.jpg,synthetic_val,1,07515,1,07506,-0.196657,0.899004,-0.36522,-0.140469,18.1711
synthetic/images/img027611.jpg,synthetic_val,0,00023,3,50547,0.233937,-0.616742,0.319005,0.680543,173.109
synthetic/images/img027620.jpg,synthetic_val,0,05547,0,05571,0.762121,-0.0238163,-0.643039,-0.0714488,10.1306
synthetic/images/img027659.jpg,synthetic_val,1,35647,1,35443,0.507253,0.854321,0.0800926,-0.0800926,22.9329
synthetic/images/img027810.jpg,synthetic_val,2,12274,3,33022,0.321098,0.434426,-0.585531,0.604419,70.3971
synthetic/images/img027905.jpg,synthetic_val,3,36443,3,36454,0.136641,0.464578,-0.0273281,0.8745,12.8481
synthetic/images/img027923.jpg,synthetic_val,1,57105,1,53513,0.655727,0.676879,-0.274982,0.190372,29.3896
synthetic/images/img027970.jpg,synthetic_val,1,64731,1,66555,-0.335795,0.632085,0.335795,0.612333,10.7688
synthetic/images/img028119.jpg,synthetic_val,0,14624,0,14661,0.854321,0.0800926,-0.507253,-0.0800926,8.51692
synthetic/images/img028144.jpg,synthetic_val,1,07260,1,06163,-0.514341,0.783758,-0.220432,-0.269417,19.3506
synthetic/images/img028176.jpg,synthetic_val,0,21445,0,07326,0.907642,-0.198547,-0.0283638,-0.368729,18.6499
synthetic/images/img028238.jpg,synthetic_val,1,05723,1,05720,-0.181772,0.830959,-0.493382,-0.181772,5.48183
synthetic/images/img028244.jpg,synthetic_val,2,46056,3,42331,-0.467379,-0.0824786,0.0274929,0.879772,91.8287
synthetic/images/img028264.jpg,synthetic_val,2,27321,2,27431,-0.225352,0.525822,0.801253,-0.175274,27.5083
synthetic/images/img028305.jpg,synthetic_val,0,30241,0,30066,0.776342,0.0242607,0.169825,-0.606517,7.91866
synthetic/images/img028328.jpg,synthetic_val,1,03415,1,01767,-0.123958,0.793334,-0.421459,-0.421459,14.8614
synthetic/images/img028340.jpg,synthetic_val,2,23227,3,13033,0.451501,-0.176674,-0.608545,0.628176,52.7581
synthetic/images/img028392.jpg,synthetic_val,1,55226,1,51607,0.430597,0.725215,-0.475923,0.249293,23.7107
synthetic/images/img028454.jpg,synthetic_val,2,60075,1,62026,-0.617168,0.637076,0.457898,0.0597259,71.3725
synthetic/images/img028462.jpg,synthetic_val,0,61121,3,60137,-0.459124,0.189051,0.0810219,0.864234,126.459
synthetic/images/img028512.jpg,synthetic_val,1,30111,1,11444,0.335795,0.632085,-0.612333,-0.335795,83.6377
synthetic/images/img028552.jpg,synthetic_val,1,30217,2,06066,-0.66903,-0.194235,0.690612,-0.194235,172.437
synthetic/images/img028553.jpg,synthetic_val,0,60435,0,60066,0.701141,-0.67923,0.153375,0.153375,18.4713
synthetic/images/img028593.jpg,synthetic_val,1,12114,1,11274,0.424178,0.646366,-0.38378,-0.504973,24.7033
synthetic/images/img028614.jpg,synthetic_val,1,42320,1,06716,-0.501565,0.844742,-0.131991,-0.131991,19.3106
synthetic/images/img028671.jpg,synthetic_val,2,71337,0,75144,0.685522,0.535564,0.0214226,0.492719,96.6176
synthetic/images/img028682.jpg,synthetic_val,3,61007,3,61044,-0.416185,0.0277457,0.19422,0.887862,16.3704
synthetic/images/img028710.jpg,synthetic_val,3,16131,3,16333,0.390567,-0.0260378,-0.390567,0.833209,28.2072
synthetic/images/img028711.jpg,synthetic_val,2,74232,2,74230,0.128799,0.334878,0.824315,0.437917,3.73318
synthetic/images/img028724.jpg,synthetic_val,1,03566,1,07160,-0.193035,0.882444,-0.30334,-0.30334,21.1846
synthetic/images/img028888.jpg,synthetic_val,1,04356,1,06712,-0.497423,0.837765,-0.130901,-0.183261,44.6237
synthetic/images/img028921.jpg,synthetic_val,0,71073,0,71401,0.835478,0.496065,0.0261087,0.234978,23.7724
synthetic/images/img028940.jpg,synthetic_val,0,02623,1,64401,-0.581047,0.641155,0.0200361,0.500902,10.3559
synthetic/images/img028985.jpg,synthetic_val,3,43027,3,43013,-0.25205,-0.364073,0.0280056,0.896179,17.2178
synthetic/images/img029009.jpg,synthetic_val,1,55241,1,55447,0.33656,0.566838,-0.513697,0.549124,18.3215
synthetic/images/img029027.jpg,synthetic_val,3,53535,0,07665,0.922608,-0.374809,-0.0864945,-0.0288315,95.9351
synthetic/images/img029045.jpg,synthetic_val,0,64101,0,64103,0.762121,-0.500142,0.0714488,0.404877,4.9476
synthetic/images/img029053.jpg,synthetic_val,1,40764,1,70713,0.393784,0.840072,0.288775,0.23627,140.852
synthetic/images/img029096.jpg,synthetic_val,2,00362,2,00242,-0.551902,-0.373869,0.569705,-0.480689,13.1371
synthetic/images/img029133.jpg,synthetic_val,1,71305,1,71633,0.533443,0.742182,0.347898,0.208739,24.6395
synthetic/images/img029253.jpg,synthetic_val,2,07750,2,07747,-0.152499,-0.152499,0.975991,-0.0304997,8.26308
synthetic/images/img029259.jpg,synthetic_val,3,60256,3,60421,-0.653213,0.112623,0.202721,0.720787,19.0448
synthetic/images/img029275.jpg,synthetic_val,1,15243,1,15225,0.434179,0.73125,-0.434179,-0.29707,8.7944
synthetic/images/img029279.jpg,synthetic_val,1,12350,3,42223,-0.67116,-0.0231434,0.0231434,0.74059,98.4758
synthetic/images/img029307.jpg,synthetic_val,1,27461,1,27450,-0.289574,0.842397,0.447523,-0.0789747,10.8479
synthetic/images/img029339.jpg,synthetic_val,0,07675,0,07741,0.961781,-0.150278,-0.21039,-0.090167,19.7232
synthetic/images/img029407.jpg,synthetic_val,2,70723,2,70732,0.33577,0.387427,0.826512,0.232456,6.31325
synthetic/images/img029430.jpg,synthetic_val,1,16523,1,16056,0.138728,0.887862,-0.360694,-0.249711,22.4445
synthetic/images/img029610.jpg,synthetic_val,1,62714,1,62750,-0.407029,0.685522,0.535564,0.278493,6.79336
synthetic/images/img029628.jpg,synthetic_val,1,34335,2,32564,0.210099,0.490232,0.74702,-0.396854,62.7976
synthetic/images/img029648.jpg,synthetic_val,1,15711,2,13552,0.592578,-0.265638,0.653879,-0.388241,171.781
synthetic/images/img029658.jpg,synthetic_val,1,70063,1,70072,0.149204,0.954905,0.208885,0.149204,7.55735
synthetic/images/img029703.jpg,synthetic_val,1,47124,1,47124,-0.177514,0.811493,-0.278951,0.481824,2.3301
synthetic/images/img029714.jpg,synthetic_val,1,46224,1,64401,-0.581047,0.641155,0.0200361,0.500902,18.4418
synthetic/images/img029716.jpg,synthetic_val,2,51753,1,63467,-0.294619,0.725215,0.521249,0.339945,172.379
synthetic/images/img029760.jpg,synthetic_val,1,35000,1,32415,0.164854,0.753619,0.40036,-0.494563,55.7656
synthetic/images/img029768.jpg,synthetic_val,0,23143,0,23350,0.654974,-0.0614038,0.511698,-0.552634,13.0449
synthetic/images/img029808.jpg,synthetic_val,0,42651,0,43476,0.840072,-0.288775,-0.23627,0.393784,37.3366
synthetic/images/img029830.jpg,synthetic_val,0,25474,0,65027,0.799251,-0.324696,0.174836,0.474555,61.1897
synthetic/images/img029931.jpg,synthetic_val,3,56765,3,56643,0.0688428,-0.114738,0.665481,0.734324,20.5355
synthetic/images/img029982.jpg,synthetic_val,0,53260,0,53235,0.80735,0.580283,-0.0756891,0.0756891,19.2256
synthetic/images/img029995.jpg,synthetic_val,1,65324,1,65305,-0.129488,0.828726,0.233079,0.492056,14.4865
synthetic/images/img030030.jpg,synthetic_val,0,41032,0,41240,0.753619,-0.353259,-0.541664,0.117753,14.8256
synthetic/images/img030033.jpg,synthetic_val,1,45573,1,54435,0.13914,0.636069,-0.536683,0.536683,18.015
synthetic/images/img030041.jpg,synthetic_val,0,54073,3,52541,0.280397,-0.38236,0.331378,0.8157,140.324
synthetic/images/img030088.jpg,synthetic_val,0,52622,0,52435,0.882444,0.193035,-0.30334,0.30334,37.8086
synthetic/images/img030110.jpg,synthetic_val,2,36320,1,51637,0.51912,0.722254,-0.383697,0.248275,157.6
synthetic/images/img030137.jpg,synthetic_val,2,13252,2,20533,-0.390934,0.160973,0.735875,-0.52891,103.66
synthetic/images/img030209.jpg,synthetic_val,0,74602,0,65566,0.701141,-0.153375,0.153375,0.67923,24.2617
synthetic/images/img030230.jpg,synthetic_val,1,03064,0,42672,0.729727,-0.615707,-0.022804,0.296452,65.4979
synthetic/images/img030342.jpg,synthetic_val,0,61147,0,61013,0.958324,-0.269529,0.0898429,0.0299476,22.3669
synthetic/images/img030367.jpg,synthetic_val,1,16363,1,16237,0.198547,0.907642,-0.0283638,-0.368729,14.849
synthetic/images/img030417.jpg,synthetic_val,3,36714,3,31702,0.521399,0.229416,-0.479687,0.667391,63.778
synthetic/images/img030435.jpg,synthetic_val,3,44064,3,17075,0.549021,-0.262575,-0.214834,0.763856,159.83
synthetic/images/img030437.jpg,synthetic_val,0,03306,0,03370,0.760398,-0.0712873,-0.0712873,-0.641585,10.7054
synthetic/images/img030445.jpg,synthetic_val,1,07710,1,07344,-0.20182,0.922608,-0.20182,-0.259483,13.4532
synthetic/images/img030535.jpg,synthetic_val,0,35423,0,35452,0.830959,0.545317,0.0779024,-0.0779024,15.2662
synthetic/images/img030606.jpg,synthetic_val,2,56033,2,65235,-0.222579,0.321503,0.791391,0.469888,77.9253
synthetic/images/img030610.jpg,synthetic_val,3,35445,3,35605,0.492056,0.233079,-0.129488,0.828726,27.4421
synthetic/images/img030637.jpg,synthetic_val,1,35224,1,35276,0.499011,0.760398,0.356436,-0.213862,17.1176
synthetic/images/img030750.jpg,synthetic_val,2,17331,0,72114,0.828726,0.33667,0.440261,0.0776931,73.7973
synthetic/images/img030899.jpg,synthetic_val,1,41266,1,43142,-0.196657,0.899004,-0.36522,0.140469,24.8702
synthetic/images/img030974.jpg,synthetic_val,1,01723,1,01472,-0.238287,0.6932,-0.541562,-0.411587,27.8063
synthetic/images/img031002.jpg,synthetic_val,3,76071,3,76053,0.161658,0.438786,0.484974,0.739008,3.88071
synthetic/images/img031029.jpg,synthetic_val,0,73160,0,37104,0.697136,0.544638,0.370354,-0.283212,46.5852
synthetic/images/img031045.jpg,synthetic_val,3,07442,3,07446,-0.398199,-0.345106,-0.0265466,0.849491,5.09422
synthetic/images/img031080.jpg,synthetic_val,0,46250,0,42426,0.684267,-0.662884,-0.19245,0.235217,25.2828
synthetic/images/img031218.jpg,synthetic_val,2,63153,2,63154,-0.0810219,0.459124,0.864234,0.189051,10.3836
synthetic/images/img031245.jpg,synthetic_val,2,15727,2,15614,0.46736,-0.51187,0.712167,-0.111276,19.6363
synthetic/images/img031304.jpg,synthetic_val,1,25654,1,61077,-0.259483,0.922608,0.20182,0.20182,25.8383
synthetic/images/img031323.jpg,synthetic_val,1,34602,1,25702,-0.198547,0.907642,0.312002,-0.198547,23.9455
synthetic/images/img031365.jpg,synthetic_val,1,61503,1,41014,-0.239187,0.695817,-0.674072,0.0652328,95.5942
synthetic/images/img031457.jpg,synthetic_val,2,10154,1,70745,0.288775,0.840072,0.23627,0.393784,122.591
synthetic/images/img031546.jpg,synthetic_val,1,53033,2,53203,0.505813,-0.133109,0.851896,0.0266217,179.311
synthetic/images/img031608.jpg,synthetic_val,1,71423,1,71606,0.431106,0.811493,0.278951,0.278951,14.8915
synthetic/images/img031640.jpg,synthetic_val,2,14767,2,16502,0.247436,-0.357407,0.879772,-0.19245,22.5778
synthetic/images/img031646.jpg,synthetic_val,0,63024,3,27477,-0.222579,0.568812,-0.024731,0.791391,140.564
synthetic/images/img031689.jpg,synthetic_val,1,32516,1,30750,0.321503,0.791391,0.222579,-0.469888,26.1581
synthetic/images/img031700.jpg,synthetic_val,0,03263,0,61132,0.972379,-0.0911606,0.212708,0.0303869,86.8032
synthetic/images/img031702.jpg,synthetic_val,2,34127,2,37044,0.414388,0.414388,0.780024,-0.219382,35.0857
synthetic/images/img031729.jpg,synthetic_val,0,20146,3,27425,-0.319169,0.51558,-0.122757,0.785646,51.7757
synthetic/images/img031737.jpg,synthetic_val,3,54574,2,54241,0.0670318,-0.51391,0.715006,0.469222,30.1576
synthetic/images/img031791.jpg,synthetic_val,2,15711,2,15745,0.565081,-0.481365,0.669726,-0.0209289,16.2719
synthetic/images/img031804.jpg,synthetic_val,2,06117,2,06333,-0.433341,-0.0254906,0.8157,-0.38236,37.2102
synthetic/images/img031806.jpg,synthetic_val,3,37544,3,37511,0.643187,0.352715,-0.145236,0.663935,19.1856
synthetic/images/img031931.jpg,synthetic_val,0,51410,1,32024,0.0208198,0.666233,0.437215,-0.603774,170.498
synthetic/images/img031940.jpg,synthetic_val,0,56015,3,06535,-0.445063,-0.287982,-0.130901,0.837765,176.144
synthetic/images/img031979.jpg,synthetic_val,3,21761,3,21272,-0.240097,0.327405,-0.589329,0.698464,20.6956
synthetic/images/img031991.jpg,synthetic_val,2,43705,2,43166,-0.20182,-0.259483,0.922608,0.20182,17.0177
synthetic/images/img032000.jpg,synthetic_val,2,73254,2,17700,0.598127,-0.167476,0.765603,-0.167476,93.8615
synthetic/images/img032002.jpg,synthetic_val,0,67015,0,65245,0.753619,-0.306158,0.211955,0.541664,28.9704
synthetic/images/img032051.jpg,synthetic_val,0,43173,0,43116,0.919555,-0.0862083,-0.373569,0.0862083,18.7698
synthetic/images/img032273.jpg,synthetic_val,3,70055,3,72023,0.0758825,0.581766,0.0252942,0.809414,71.2803
synthetic/images/img032286.jpg,synthetic_val,3,52230,3,56221,0.0822304,-0.0822304,0.465972,0.877124,51.4933
synthetic/images/img032307.jpg,synthetic_val,0,61652,0,61656,0.828726,-0.284875,0.284875,0.388465,3.93107
synthetic/images/img032343.jpg,synthetic_val,0,72067,0,72047,0.842397,0.0789747,0.500173,0.184274,8.08568
synthetic/images/img032388.jpg,synthetic_val,3,75147,3,75065,0.431484,0.113548,0.522323,0.72671,18.8012
synthetic/images/img032401.jpg,synthetic_val,3,03203,3,02277,-0.524142,-0.0209657,-0.524142,0.670902,35.9875
synthetic/images/img032404.jpg,synthetic_val,1,34361,1,34342,0.245222,0.871899,0.299715,-0.299715,8.87493
synthetic/images/img032469.jpg,synthetic_val,1,11250,3,47036,-0.276124,-0.22592,0.476942,0.80327,58.8681
synthetic/images/img032513.jpg,synthetic_val,1,71161,1,73131,0.629255,0.649554,0.42627,0.0202986,38.155
synthetic/images/img032542.jpg,synthetic_val,0,07633,0,07322,0.887862,-0.19422,-0.0277457,-0.416185,28.4397
synthetic/images/img032587.jpg,synthetic_val,1,06351,1,06536,-0.492056,0.828726,-0.233079,-0.129488,19.5226
synthetic/images/img032698.jpg,synthetic_val,2,75172,0,76115,0.734324,0.344214,0.390109,0.436005,43.0031
synthetic/images/img032702.jpg,synthetic_val,0,26014,3,47671,-0.203549,-0.0678497,0.65588,0.72373,171.15
synthetic/images/img032826.jpg,synthetic_val,2,22752,2,40721,-0.480888,-0.435089,0.732782,0.206095,140.059
synthetic/images/img032858.jpg,synthetic_val,1,44610,1,70151,0.420084,0.896179,0.0280056,0.140028,136.566
synthetic/images/img032926.jpg,synthetic_val,0,43100,0,07477,0.928805,-0.261226,-0.261226,-0.0290252,21.4095
synthetic/images/img032972.jpg,synthetic_val,1,52577,1,54137,0.317287,0.676879,-0.528812,0.401897,38.1838
synthetic/images/img032988.jpg,synthetic_val,3,42113,3,06705,-0.535303,-0.178434,-0.127453,0.8157,27.3236
synthetic/images/img033037.jpg,synthetic_val,0,56112,3,52140,0.244497,-0.407494,0.135831,0.869321,133.344
synthetic/images/img033094.jpg,synthetic_val,3,00652,2,50236,0.136234,-0.463196,0.871899,0.0817405,160.375
synthetic/images/img033123.jpg,synthetic_val,1,06705,1,60521,-0.529823,0.80735,0.126148,0.227067,52.9873
synthetic/images/img033157.jpg,synthetic_val,3,74246,0,60222,0.680543,-0.659276,0.319005,0.021267,177.28
synthetic/images/img033170.jpg,synthetic_val,1,73443,1,70746,0.23627,0.840072,0.288775,0.393784,34.66
synthetic/images/img033186.jpg,synthetic_val,0,07613,0,07344,0.922608,-0.20182,-0.20182,-0.259483,10.2544
synthetic/images/img033208.jpg,synthetic_val,0,35525,0,35556,0.739008,0.669726,0.069282,-0.023094,15.2124
synthetic/images/img033285.jpg,synthetic_val,1,72534,1,43115,-0.028183,0.901856,-0.422745,0.084549,120.926
synthetic/images/img033352.jpg,synthetic_val,0,12354,0,12425,0.801253,0.0751175,-0.275431,-0.525822,31.7036
synthetic/images/img033356.jpg,synthetic_val,1,13605,1,13023,0.385673,0.649554,-0.182687,-0.629255,21.6694
synthetic/images/img033366.jpg,synthetic_val,3,63050,3,61247,-0.352124,0.297951,0.189605,0.866766,19.8149
synthetic/images/img033412.jpg,synthetic_val,0,67422,0,06735,0.871899,-0.463196,-0.0817405,-0.136234,107.505
synthetic/images/img033440.jpg,synthetic_val,1,36436,1,16672,0.153646,0.983336,-0.0307293,-0.0921878,72.85
synthetic/images/img033472.jpg,synthetic_val,0,03107,3,53003,0.481824,-0.329669,0.0253592,0.811493,164.566
synthetic/images/img033493.jpg,synthetic_val,3,64554,3,45353,-0.0228994,-0.480888,0.480888,0.732782,76.3393
synthetic/images/img033543.jpg,synthetic_val,0,06150,0,06743,0.826512,-0.542398,-0.129142,-0.0774855,33.6794
synthetic/images/img033550.jpg,synthetic_val,3,43333,3,53231,0.581766,-0.0758825,0.0252942,0.809414,73.2205
synthetic/images/img033611.jpg,synthetic_val,0,01343,0,04233,0.688053,-0.537541,-0.365528,-0.322525,58.9087
synthetic/images/img033628.jpg,synthetic_val,1,04703,1,60716,-0.471042,0.793334,0.272709,0.272709,104.183
synthetic/images/img033635.jpg,synthetic_val,2,45474,1,77104,0.521399,0.667391,0.354552,0.396264,177.862
synthetic/images/img033725.jpg,synthetic_val,1,56367,1,75016,0.490232,0.74702,0.0700331,0.443543,32.3683
synthetic/images/img033732.jpg,synthetic_val,2,56470,2,56417,0.157672,-0.29282,0.720787,0.608164,7.9433
synthetic/images/img033763.jpg,synthetic_val,2,67150,2,67161,-0.113783,0.47789,0.728214,0.47789,11.1888
synthetic/images/img033800.jpg,synthetic_val,3,65273,3,64317,-0.401252,0.259633,0.448458,0.755297,26.5326
synthetic/images/img033831.jpg,synthetic_val,2,23052,2,22161,-0.4091,0.4091,0.62339,-0.525985,21.6944
synthetic/images/img033878.jpg,synthetic_val,0,66025,2,66504,-0.453604,0.335272,0.631101,0.532492,178.519
synthetic/images/img033889.jpg,synthetic_val,1,13503,2,13012,0.41224,-0.255196,0.628176,-0.608545,160.824
synthetic/images/img033911.jpg,synthetic_val,0,73446,0,27347,0.742182,-0.115966,0.626216,-0.208739,92.6639
synthetic/images/img033982.jpg,synthetic_val,1,74651,1,45067,-0.268341,0.660531,-0.51604,0.474757,102.008
synthetic/images/img033987.jpg,synthetic_val,0,32155,0,30475,0.859235,0.187958,0.134255,-0.456468,38.9141
synthetic/images/img034061.jpg,synthetic_val,3,64254,0,60411,0.769133,-0.600885,0.0240354,0.216319,135.009
synthetic/images/img034124.jpg,synthetic_val,1,25167,1,25722,-0.190728,0.871899,0.408703,-0.190728,25.1491
synthetic/images/img034217.jpg,synthetic_val,2,34465,2,34424,0.0304997,0.152499,0.975991,-0.152499,18.7687
synthetic/images/img034230.jpg,synthetic_val,1,16722,1,05574,-0.0714488,0.762121,-0.643039,-0.0238163,90.1757
synthetic/images/img034355.jpg,synthetic_val,3,42770,3,42731,-0.453858,-0.0800926,0.240278,0.854321,12.6088
synthetic/images/img034447.jpg,synthetic_val,2,43211,2,43346,-0.206689,-0.147635,0.944862,0.206689,21.6503
synthetic/images/img034491.jpg,synthetic_val,3,72145,3,70225,0.0862083,0.373569,0.0862083,0.919555,26.5883
synthetic/images/img034526.jpg,synthetic_val,3,70401,3,70074,0.149204,0.149204,0.208885,0.954905,17.4251
synthetic/images/img034552.jpg,synthetic_val,1,07372,2,43224,-0.421408,-0.0842816,0.899004,0.0842816,167.95
synthetic/images/img034582.jpg,synthetic_val,0,24207,0,63070,0.797264,-0.27406,0.523205,0.124573,72.6526
synthetic/images/img034633.jpg,synthetic_val,0,72422,0,72425,0.801253,0.0751175,0.525822,0.275431,6.48144
synthetic/images/img034688.jpg,synthetic_val,1,62716,1,65121,-0.135432,0.866766,0.135432,0.46047,67.5085
synthetic/images/img034784.jpg,synthetic_val,1,24047,0,42460,0.670902,-0.649937,-0.230623,0.272554,23.8411
synthetic/images/img034788.jpg,synthetic_val,2,03241,2,03376,-0.0736543,-0.0245514,0.785646,-0.613786,28.8726
synthetic/images/img034792.jpg,synthetic_val,1,26545,1,62502,-0.51494,0.716438,0.425385,0.201498,27.5678
synthetic/images/img034828.jpg,synthetic_val,0,35440,0,75402,0.725215,0.385271,0.0679889,0.566575,79.2211
synthetic/images/img034884.jpg,synthetic_val,2,01363,3,52110,0.345106,-0.398199,0.0265466,0.849491,135.512
synthetic/images/img034926.jpg,synthetic_val,0,56701,0,34536,0.899004,0.36522,0.196657,-0.140469,97.0971
synthetic/images/img034928.jpg,synthetic_val,0,43110,0,47107,0.805302,-0.125828,-0.327154,0.478148,54.4077
synthetic/images/img034950.jpg,synthetic_val,3,16640,3,42244,-0.67923,-0.153375,0.153375,0.701141,92.6244
synthetic/images/img034959.jpg,synthetic_val,3,24471,3,24664,-0.667787,0.28004,-0.0215415,0.689329,20.5077
synthetic/images/img035004.jpg,synthetic_val,0,16453,0,14276,0.849491,0.132733,-0.451292,-0.238919,23.2596
synthetic/images/img035083.jpg,synthetic_val,0,70432,0,70141,0.935129,0.321451,0.0292228,0.146114,29.9801
synthetic/images/img035109.jpg,synthetic_val,3,23645,3,27214,-0.249807,0.567742,-0.295226,0.72671,9.80092
synthetic/images/img035117.jpg,synthetic_val,3,46106,3,46102,-0.512887,-0.289893,0.37909,0.713582,6.21682
synthetic/images/img035323.jpg,synthetic_val,3,11643,0,20625,0.643224,-0.582922,0.26131,-0.422116,165.543
synthetic/images/img035360.jpg,synthetic_val,2,35475,2,71403,0.494718,0.0781133,0.833209,0.23434,28.8551
synthetic/images/img035363.jpg,synthetic_val,2,52735,2,56322,0.240966,-0.026774,0.856767,0.455158,24.9806
synthetic/images/img035420.jpg,synthetic_val,1,11665,1,12444,0.0254906,0.8157,-0.38236,-0.433341,48.1708
synthetic/images/img035463.jpg,synthetic_val,0,45412,0,45214,0.709362,-0.243843,-0.509854,0.421184,15.3179
synthetic/images/img035471.jpg,synthetic_val,1,77615,2,71176,0.654542,0.157993,0.722254,0.157993,75.0742
synthetic/images/img035480.jpg,synthetic_val,1,14067,1,14041,0.0652328,0.695817,-0.674072,-0.239187,10.3579
synthetic/images/img035529.jpg,synthetic_val,2,05607,2,05341,-0.121303,-0.557996,0.776342,-0.266868,27.5852
synthetic/images/img035542.jpg,synthetic_val,2,26556,2,26516,-0.451486,0.451486,0.760398,-0.118812,11.9478
synthetic/images/img035593.jpg,synthetic_val,2,04270,3,01117,-0.0192201,-0.557383,-0.557383,0.615044,144.663
synthetic/images/img035633.jpg,synthetic_val,1,34241,1,34027,0.0848189,0.904735,0.197911,-0.367549,9.11148
synthetic/images/img035646.jpg,synthetic_val,1,17343,1,17244,0.447523,0.842397,-0.184274,-0.236924,25.9244
synthetic/images/img035697.jpg,synthetic_val,2,12625,1,53001,0.473376,0.797264,-0.373718,0.0249145,136.156
synthetic/images/img035716.jpg,synthetic_val,3,47145,2,47074,-0.259633,-0.259633,0.755297,0.54287,37.8428
synthetic/images/img035721.jpg,synthetic_val,1,65345,1,61744,-0.188502,0.861723,0.24236,0.403933,22.7139
synthetic/images/img035738.jpg,synthetic_val,3,60506,3,61007,-0.373569,0.0862083,0.0862083,0.919555,34.1188
synthetic/images/img035865.jpg,synthetic_val,2,47251,2,47147,-0.119625,-0.311026,0.765603,0.550277,19.536
synthetic/images/img035878.jpg,synthetic_val,0,31624,0,31452,0.74702,0.490232,0.0700331,-0.443543,28.4889
synthetic/images/img035889.jpg,synthetic_val,1,34466,1,34421,0.090167,0.961781,0.150278,-0.21039,21.6231
synthetic/images/img035905.jpg,synthetic_val,2,03032,2,33111,0.545035,0.29889,0.562617,-0.545035,113.114
synthetic/images/img035941.jpg,synthetic_val,0,61446,0,65432,0.750298,-0.257915,0.164128,0.58617,29.0269
synthetic/images/img035944.jpg,synthetic_val,0,24000,3,64351,-0.396854,0.210099,0.490232,0.74702,100.45
synthetic/images/img035980.jpg,synthetic_val,3,44670,2,46321,-0.500142,-0.0714488,0.762121,0.404877,47.1834
synthetic/images/img035984.jpg,synthetic_val,0,26542,0,27476,0.781884,-0.268773,0.561979,-0.0244339,30.7496
synthetic/images/img036016.jpg,synthetic_val,2,72177,2,17640,0.459124,-0.189051,0.864234,-0.0810219,92.6561
synthetic/images/img036050.jpg,synthetic_val,0,11336,3,13272,0.448231,-0.0213443,-0.576297,0.683019,174.079
synthetic/images/img036090.jpg,synthetic_val,1,47514,1,73144,0.560843,0.717879,0.381373,0.157036,126.792
synthetic/images/img036117.jpg,synthetic_val,0,60271,3,60221,-0.642859,0.288178,0.0221676,0.709362,113.656
synthetic/images/img036168.jpg,synthetic_val,2,31320,3,60121,-0.543852,0.129488,0.0258977,0.828726,91.8416
synthetic/images/img036230.jpg,synthetic_val,2,72145,1,73004,0.423547,0.797264,0.423547,0.0747435,65.3683
synthetic/images/img036263.jpg,synthetic_val,0,42105,3,07461,-0.357407,-0.302422,-0.0824786,0.879772,174.048
synthetic/images/img036315.jpg,synthetic_val,0,61276,0,61720,0.879772,-0.19245,0.357407,0.247436,16.2232
synthetic/images/img036342.jpg,synthetic_val,3,34275,3,24701,-0.525822,0.225352,-0.175274,0.801253,87.7651
synthetic/images/img036380.jpg,synthetic_val,2,13407,2,13536,0.59357,-0.184211,0.654974,-0.429826,25.1884
synthetic/images/img036421.jpg,synthetic_val,3,23166,2,23305,-0.0997013,0.498507,0.638089,-0.578268,123.074
synthetic/images/img036436.jpg,synthetic_val,1,65320,2,63154,-0.0810219,0.459124,0.864234,0.189051,83.3292
synthetic/images/img036506.jpg,synthetic_val,3,35131,3,34377,0.380387,0.380387,-0.228232,0.811493,46.4637
synthetic/images/img036521.jpg,synthetic_val,3,62142,3,60262,-0.655727,0.317287,0.105762,0.676879,21.8251
synthetic/images/img036537.jpg,synthetic_val,2,14403,2,50162,0.214834,-0.596762,0.763856,0.119352,36.6121
synthetic/images/img036551.jpg,synthetic_val,1,56350,1,57402,0.370354,0.697136,-0.283212,0.544638,17.7463
synthetic/images/img036576.jpg,synthetic_val,3,10762,3,14214,0.119625,-0.550277,-0.311026,0.765603,23.2004
synthetic/images/img036737.jpg,synthetic_val,1,21643,1,20735,-0.387667,0.729727,0.296452,-0.478883,11.3714
synthetic/images/img036770.jpg,synthetic_val,0,16012,0,14232,0.809414,0.126471,-0.430001,-0.379413,9.59877
synthetic/images/img036772.jpg,synthetic_val,2,21027,1,02566,-0.524491,0.729727,-0.205236,-0.387667,139.158
synthetic/images/img036781.jpg,synthetic_val,2,51537,0,24356,0.80327,-0.476942,0.276124,-0.22592,69.0624
synthetic/images/img036846.jpg,synthetic_val,1,52242,1,43375,-0.0303869,0.972379,-0.0911606,0.212708,12.1245
synthetic/images/img036879.jpg,synthetic_val,1,43723,1,47300,-0.186352,0.851896,-0.186352,0.45257,27.3755
synthetic/images/img036891.jpg,synthetic_val,1,60351,1,60165,-0.535303,0.8157,0.127453,0.178434,19.6415
synthetic/images/img036892.jpg,synthetic_val,2,23512,1,12657,0.187958,0.859235,-0.134255,-0.456468,120.932
synthetic/images/img036908.jpg,synthetic_val,2,47376,2,65071,-0.227067,0.126148,0.80735,0.529823,27.1468
synthetic/images/img036985.jpg,synthetic_val,1,30444,2,27072,-0.259633,0.54287,0.755297,-0.259633,105.409
synthetic/images/img037098.jpg,synthetic_val,3,06436,3,06707,-0.539527,-0.128459,-0.128459,0.822136,15.7766
synthetic/images/img037184.jpg,synthetic_val,3,50323,3,10776,0.308911,-0.403961,-0.403961,0.760398,51.9647
synthetic/images/img037240.jpg,synthetic_val,0,75001,3,43643,-0.349064,-0.134255,0.349064,0.859235,175.14
synthetic/images/img037270.jpg,synthetic_val,0,25502,0,07324,0.904735,-0.197911,-0.0848189,-0.367549,25.245
synthetic/images/img037296.jpg,synthetic_val,2,66270,3,65571,-0.0229961,0.114981,0.666887,0.735875,83.9009
synthetic/images/img037335.jpg,synthetic_val,0,32031,3,02772,-0.454577,-0.0239251,-0.454577,0.765603,30.0247
synthetic/images/img037351.jpg,synthetic_val,2,07014,2,07037,-0.244497,-0.244497,0.869321,-0.353162,18.5739
synthetic/images/img037362.jpg,synthetic_val,2,70200,2,05577,-0.0246108,-0.615271,0.787547,-0.0246108,105.971
synthetic/images/img037501.jpg,synthetic_val,2,17651,1,74104,0.234978,0.835478,0.0261087,0.496065,176.983
synthetic/images/img037527.jpg,synthetic_val,1,60063,2,60561,-0.51558,0.122757,0.785646,0.319169,105.663
synthetic/images/img037596.jpg,synthetic_val,1,45324,1,47340,-0.177059,0.809414,-0.177059,0.531178,35.3017
synthetic/images/img037627.jpg,synthetic_val,3,62732,3,67143,-0.116216,0.441622,0.488108,0.743784,54.7551
synthetic/images/img037634.jpg,synthetic_val,1,72714,1,72160,0.227067,0.80735,0.529823,0.126148,19.7356
synthetic/images/img037688.jpg,synthetic_val,1,60132,1,61042,-0.418772,0.893381,0.0837545,0.139591,17.6837
synthetic/images/img037698.jpg,synthetic_val,1,32772,2,07236,-0.30334,-0.0275764,0.882444,-0.358493,109.739
synthetic/images/img037719.jpg,synthetic_val,0,56106,3,05606,-0.362209,-0.507093,-0.120736,0.772712,179.869
synthetic/images/img037815.jpg,synthetic_val,0,40223,1,62404,-0.633445,0.653879,0.347373,0.224771,28.8998
synthetic/images/img037871.jpg,synthetic_val,1,52274,1,52276,0.150824,0.965275,-0.0301648,0.211154,6.04889
synthetic/images/img037909.jpg,synthetic_val,3,15453,3,17603,0.497423,-0.130901,-0.183261,0.837765,56.8315
synthetic/images/img037913.jpg,synthetic_val,0,07047,0,02756,0.776342,-0.460953,-0.121303,-0.412432,36.8051
synthetic/images/img037944.jpg,synthetic_val,3,02772,3,34374,0.342224,0.342224,-0.236924,0.842397,107.044
synthetic/images/img037970.jpg,synthetic_val,2,16640,2,52162,0.258625,-0.258625,0.919555,0.143681,35.7878
synthetic/images/img038078.jpg,synthetic_val,0,41571,0,14755,0.758686,0.355634,-0.545305,-0.0237089,59.921
synthetic/images/img038101.jpg,synthetic_val,2,34656,2,70340,0.258625,0.258625,0.919555,0.143681,26.3259
synthetic/images/img038105.jpg,synthetic_val,0,70127,0,70152,0.91354,0.371126,0.0856444,0.142741,14.5714
synthetic/images/img038122.jpg,synthetic_val,2,34670,2,34345,0.304267,0.248946,0.88514,-0.248946,30.3301
synthetic/images/img038164.jpg,synthetic_val,2,13475,1,74607,0.0691347,0.737437,0.253494,0.622212,158.058
synthetic/images/img038191.jpg,synthetic_val,2,72245,2,50370,0.327154,-0.478148,0.805302,0.125828,134.379
synthetic/images/img038212.jpg,synthetic_val,0,14426,0,26133,0.703849,-0.37392,0.505892,-0.329929,146.603
synthetic/images/img038276.jpg,synthetic_val,3,74555,3,76045,0.0697297,0.395135,0.534595,0.743784,54.5688
synthetic/images/img038281.jpg,synthetic_val,1,40673,2,53644,0.426737,-0.175715,0.80327,0.376533,114.401
synthetic/images/img038314.jpg,synthetic_val,3,10732,0,54215,0.722254,0.157993,-0.51912,0.428838,90.0196
synthetic/images/img038448.jpg,synthetic_val,0,32175,3,33141,0.512915,0.322947,-0.512915,0.607899,168.453
synthetic/images/img038540.jpg,synthetic_val,0,56507,0,56233,0.866766,0.189605,-0.0270864,0.46047,38.839
synthetic/images/img038588.jpg,synthetic_val,3,62460,0,02257,0.667391,-0.521399,-0.10428,-0.521399,25.0341
synthetic/images/img038649.jpg,synthetic_val,1,41572,1,71600,0.442642,0.833209,0.23434,0.23434,114.704
synthetic/images/img038680.jpg,synthetic_val,2,67321,2,67235,-0.187378,0.603774,0.666233,0.395576,12.0787
synthetic/images/img038752.jpg,synthetic_val,0,16276,0,16623,0.972379,0.0911606,-0.0303869,-0.212708,11.1674
synthetic/images/img038758.jpg,synthetic_val,2,33254,1,57031,0.51912,0.722254,-0.248275,0.383697,155.494
synthetic/images/img038773.jpg,synthetic_val,0,70017,0,30066,0.776342,0.0242607,0.169825,-0.606517,86.0301
synthetic/images/img038791.jpg,synthetic_val,2,12755,2,16372,0.358493,-0.0275764,0.882444,-0.30334,23.3616
synthetic/images/img038795.jpg,synthetic_val,0,61744,0,74242,0.80327,0.0251022,0.276124,0.527146,26.7228
synthetic/images/img038871.jpg,synthetic_val,3,34647,3,30674,0.128799,0.334878,-0.437917,0.824315,52.9149
synthetic/images/img038882.jpg,synthetic_val,1,76204,1,47303,-0.135432,0.866766,-0.135432,0.46047,84.6666
synthetic/images/img038909.jpg,synthetic_val,1,40276,1,40377,-0.418384,0.787547,-0.418384,0.172276,21.4164
synthetic/images/img038990.jpg,synthetic_val,0,02234,0,06765,0.833209,-0.546793,-0.0781133,-0.0260378,68.8707
synthetic/images/img039018.jpg,synthetic_val,3,26470,3,26467,-0.592578,0.469975,-0.0204337,0.653879,9.30329
synthetic/images/img039049.jpg,synthetic_val,2,50611,2,50372,0.334878,-0.437917,0.824315,0.128799,24.9348
synthetic/images/img039065.jpg,synthetic_val,0,06705,0,06747,0.828726,-0.543852,-0.129488,-0.0258977,15.7407
synthetic/images/img039069.jpg,synthetic_val,3,10644,3,04354,-0.425385,-0.51494,-0.201498,0.716438,55.24
synthetic/images/img039103.jpg,synthetic_val,1,56023,1,52724,0.2561,0.910577,-0.0853666,0.313011,28.1708
synthetic/images/img039122.jpg,synthetic_val,3,60745,3,66101,-0.464606,0.37611,0.37611,0.707972,19.9812
synthetic/images/img039196.jpg,synthetic_val,0,12274,0,12527,0.783758,0.269417,-0.220432,-0.514341,24.7582
synthetic/images/img039259.jpg,synthetic_val,0,52105,0,52012,0.916533,0.143208,-0.372342,0.0286417,21.8096
synthetic/images/img039268.jpg,synthetic_val,1,61364,1,74203,0.0789747,0.842397,0.289574,0.447523,45.8755
synthetic/images/img039371.jpg,synthetic_val,2,70167,2,70147,0.317146,0.0864945,0.922608,0.20182,13.539
synthetic/images/img039383.jpg,synthetic_val,0,31114,3,03757,-0.0273281,-0.136641,-0.464578,0.8745,107.352
synthetic/images/img039505.jpg,synthetic_val,3,12630,3,13244,0.381373,-0.157036,-0.560843,0.717879,31.7218
synthetic/images/img039575.jpg,synthetic_val,3,51120,3,51427,0.411587,-0.541562,0.238287,0.6932,27.0631
synthetic/images/img039604.jpg,synthetic_val,0,55750,2,53374,0.661315,-0.0684119,0.729727,0.159628,164.823
synthetic/images/img039614.jpg,synthetic_val,3,14103,3,12264,0.0245514,-0.0736543,-0.613786,0.785646,77.3233
synthetic/images/img039645.jpg,synthetic_val,2,76103,2,72525,0.266242,0.508279,0.774521,0.266242,16.848
synthetic/images/img039691.jpg,synthetic_val,3,50250,3,54011,0.145236,-0.643187,0.352715,0.663935,31.8879
synthetic/images/img039693.jpg,synthetic_val,2,41123,2,34424,0.0304997,0.152499,0.975991,-0.152499,97.3686
synthetic/images/img039715.jpg,synthetic_val,2,40323,2,24407,-0.665481,0.0688428,0.734324,-0.114738,59.7575
synthetic/images/img039779.jpg,synthetic_val,2,23115,2,21411,-0.222579,0.024731,0.791391,-0.568812,49.5038
synthetic/images/img039785.jpg,synthetic_val,1,16302,1,16237,0.198547,0.907642,-0.0283638,-0.368729,13.6471
synthetic/images/img039798.jpg,synthetic_val,0,53312,0,53244,0.851896,0.45257,-0.186352,0.186352,36.0305
synthetic/images/img039801.jpg,synthetic_val,2,34447,1,34474,0.152499,0.975991,0.152499,-0.0304997,151.004
synthetic/images/img039823.jpg,synthetic_val,3,63506,3,63724,-0.155173,0.642859,0.243843,0.709362,24.9755
synthetic/images/img039897.jpg,synthetic_val,0,61025,0,61422,0.861723,-0.403933,0.188502,0.24236,23.7455
synthetic/images/img039902.jpg,synthetic_val,1,37765,0,37044,0.780024,0.414388,0.414388,-0.219382,46.0684
synthetic/images/img039965.jpg,synthetic_val,1,23674,1,16256,0.147122,0.941584,-0.147122,-0.26482,107.741
synthetic/images/img039989.jpg,synthetic_val,1,43272,1,43307,-0.151934,0.972379,-0.151934,0.0911606,25.3943
synthetic/images/img039993.jpg,synthetic_val,0,50532,2,00255,-0.472203,-0.434426,0.604419,-0.472203,47.6139
synthetic/images/img040008.jpg,synthetic_val,0,15433,2,10725,0.249293,-0.430597,0.725215,-0.475923,139.014
synthetic/images/img040043.jpg,synthetic_val,1,47176,1,57037,0.51494,0.716438,-0.201498,0.425385,69.7352
synthetic/images/img040047.jpg,synthetic_val,1,26013,1,21635,-0.217325,0.772712,0.313914,-0.507093,44.3118
synthetic/images/img040056.jpg,synthetic_val,2,22504,2,00373,-0.35211,-0.35211,0.662794,-0.559233,84.6753
synthetic/images/img040058.jpg,synthetic_val,3,17732,0,12527,0.783758,0.269417,-0.220432,-0.514341,159.315
synthetic/images/img040066.jpg,synthetic_val,3,60646,3,60460,-0.664099,0.107113,0.278493,0.685522,15.6281
synthetic/images/img040100.jpg,synthetic_val,1,03471,1,07102,-0.182761,0.835478,-0.339413,-0.39163,13.884
synthetic/images/img040134.jpg,synthetic_val,2,50346,2,50252,0.128459,-0.539527,0.822136,0.128459,11.643
synthetic/images/img040165.jpg,synthetic_val,0,11341,3,60377,-0.426737,0.376533,0.175715,0.80327,117.264
synthetic/images/img040211.jpg,synthetic_val,1,43307,1,52204,0.0303869,0.972379,-0.212708,0.0911606,24.1583
synthetic/images/img040227.jpg,synthetic_val,2,52300,1,43163,-0.147122,0.941584,-0.26482,0.147122,124.492
synthetic/images/img040231.jpg,synthetic_val,1,50571,1,54136,0.278493,0.685522,-0.535564,0.407029,16.2631
synthetic/images/img040237.jpg,synthetic_val,2,04234,3,13277,0.492719,-0.0214226,-0.535564,0.685522,68.293
synthetic/images/img040240.jpg,synthetic_val,3,25557,3,53333,0.695445,-0.0224337,0.0224337,0.717879,90.2294
synthetic/images/img040272.jpg,synthetic_val,3,30677,3,02107,-0.422116,-0.26131,-0.582922,0.643224,110.399
synthetic/images/img040315.jpg,synthetic_val,2,14372,2,14372,0.324696,-0.424602,0.799251,-0.274743,1.26608
synthetic/images/img040461.jpg,synthetic_val,1,52216,1,43374,-0.0908257,0.968808,-0.0908257,0.211927,31.4533
synthetic/images/img040505.jpg,synthetic_val,3,67015,3,67455,-0.185459,0.350311,0.638802,0.659408,25.385
synthetic/images/img040619.jpg,synthetic_val,2,47167,2,47314,-0.0789747,-0.184274,0.842397,0.500173,9.1859
synthetic/images/img040683.jpg,synthetic_val,2,40173,2,24527,-0.535303,0.178434,0.8157,-0.127453,92.1882
synthetic/images/img040709.jpg,synthetic_val,0,64517,0,07477,0.928805,-0.261226,-0.261226,-0.0290252,90.1644
synthetic/images/img040764.jpg,synthetic_val,0,64552,3,47433,-0.211487,-0.211487,0.587463,0.751953,127.187
synthetic/images/img040861.jpg,synthetic_val,0,01217,0,60116,0.854321,-0.507253,0.0800926,0.0800926,111.511
synthetic/images/img040894.jpg,synthetic_val,0,34516,0,34572,0.904735,0.367549,0.197911,-0.0848189,11.3411
synthetic/images/img040899.jpg,synthetic_val,0,35242,0,34125,0.8745,0.300609,0.136641,-0.355266,25.9707
synthetic/images/img041039.jpg,synthetic_val,3,52347,3,53425,0.471042,-0.272709,0.272709,0.793334,29.7273
synthetic/images/img041082.jpg,synthetic_val,2,44510,2,47212,-0.287982,-0.130901,0.837765,0.445063,57.9496
synthetic/images/img041126.jpg,synthetic_val,0,03751,0,43303,0.975991,-0.152499,-0.152499,0.0304997,66.7371
synthetic/images/img041213.jpg,synthetic_val,1,27312,1,16234,0.142741,0.91354,-0.0856444,-0.371126,87.9607
synthetic/images/img041258.jpg,synthetic_val,2,52062,2,52600,0.0294245,-0.205971,0.941584,0.26482,16.4512
synthetic/images/img041268.jpg,synthetic_val,2,03705,2,52011,0.19422,-0.416185,0.887862,0.0277457,79.06
synthetic/images/img041312.jpg,synthetic_val,3,50237,3,50236,0.136234,-0.463196,0.0817405,0.871899,6.74936
synthetic/images/img041372.jpg,synthetic_val,1,47276,2,61653,-0.240966,0.294514,0.856767,0.348062,122.322
synthetic/images/img041438.jpg,synthetic_val,0,06373,0,24634,0.725215,-0.6119,0.294619,-0.113315,47.6012
synthetic/images/img041484.jpg,synthetic_val,0,00500,0,06523,0.801253,-0.525822,-0.225352,-0.175274,56.0147
synthetic/images/img041490.jpg,synthetic_val,2,52776,2,52763,0.30334,-0.0275764,0.882444,0.358493,5.95087
synthetic/images/img041516.jpg,synthetic_val,0,01553,0,10702,0.702491,0.197576,-0.46101,-0.504916,30.8345
synthetic/images/img041528.jpg,synthetic_val,2,65131,2,61745,-0.135831,0.244497,0.869321,0.407494,20.8448
synthetic/images/img041542.jpg,synthetic_val,3,42306,3,06770,-0.507253,-0.0800926,-0.0800926,0.854321,20.0489
synthetic/images/img041593.jpg,synthetic_val,3,34211,3,34433,0.204559,0.204559,-0.204559,0.935129,23.7478
synthetic/images/img041612.jpg,synthetic_val,3,16256,3,56201,0.0810219,-0.189051,0.459124,0.864234,82.9233
synthetic/images/img041614.jpg,synthetic_val,3,56305,3,50376,0.332243,-0.434472,0.1789,0.817829,43.9445
synthetic/images/img041766.jpg,synthetic_val,0,20562,0,25676,0.864234,-0.29708,0.40511,-0.0270073,60.1672
synthetic/images/img041937.jpg,synthetic_val,1,55605,0,57004,0.734324,0.390109,-0.344214,0.436005,51.8118
synthetic/images/img041957.jpg,synthetic_val,1,63746,1,43433,-0.252845,0.899004,-0.252845,0.252845,105.1
synthetic/images/img041970.jpg,synthetic_val,0,22065,3,72641,0.0701862,0.584885,0.30414,0.748653,120.64
synthetic/images/img041987.jpg,synthetic_val,3,23153,2,31006,0.365528,0.0645049,0.688053,-0.623548,71.4557
synthetic/images/img042058.jpg,synthetic_val,1,12663,2,25474,-0.321451,0.146114,0.935129,-0.0292228,167.483
synthetic/images/img042077.jpg,synthetic_val,1,10763,1,70216,0.145617,0.931951,0.320358,0.0873704,110.255
synthetic/images/img042148.jpg,synthetic_val,2,12024,3,12212,0.110838,-0.110838,-0.687194,0.709362,44.6753
synthetic/images/img042158.jpg,synthetic_val,2,72365,2,72212,0.118545,0.640141,0.758686,0.0237089,21.5279
synthetic/images/img042207.jpg,synthetic_val,0,14664,0,45226,0.734324,-0.344214,-0.390109,0.436005,69.2943
synthetic/images/img042224.jpg,synthetic_val,1,26422,2,45162,-0.151354,-0.540548,0.691902,0.454061,179.026
synthetic/images/img042240.jpg,synthetic_val,1,04265,0,06726,0.805302,-0.578811,-0.0251657,-0.125828,64.5235
synthetic/images/img042262.jpg,synthetic_val,3,46575,2,45636,-0.236518,-0.365528,0.688053,0.580544,23.9538
synthetic/images/img042304.jpg,synthetic_val,1,52226,2,52254,0.147635,-0.206689,0.944862,0.206689,156.104
synthetic/images/img042342.jpg,synthetic_val,2,31204,2,30314,0.282675,0.195698,0.695817,-0.630584,9.81238
synthetic/images/img042362.jpg,synthetic_val,0,53223,0,71220,0.830959,0.441447,0.337577,0.0259675,41.933
synthetic/images/img042375.jpg,synthetic_val,2,25521,2,25521,-0.149204,0.149204,0.954905,-0.208885,3.86676
synthetic/images/img042417.jpg,synthetic_val,0,23315,0,27062,0.734324,-0.344214,0.527795,-0.252424,55.7046
synthetic/images/img042464.jpg,synthetic_val,0,56326,0,56221,0.877124,0.0822304,-0.0822304,0.465972,21.9666
synthetic/images/img042511.jpg,synthetic_val,2,34322,2,34346,0.248946,0.304267,0.88514,-0.248946,18.5813
synthetic/images/img042547.jpg,synthetic_val,3,16735,3,16770,0.373569,-0.0862083,-0.0862083,0.919555,7.56546
synthetic/images/img042637.jpg,synthetic_val,2,13754,2,11557,0.555434,-0.5196,0.573351,-0.304593,47.2397
synthetic/images/img042717.jpg,synthetic_val,3,71166,3,75103,0.596185,0.0662428,0.375376,0.706589,25.1928
synthetic/images/img042757.jpg,synthetic_val,0,17352,2,21015,-0.203967,0.022663,0.725215,-0.657226,174.098
synthetic/images/img042797.jpg,synthetic_val,1,37713,1,35653,0.560642,0.780024,0.268133,-0.0731272,35.686
synthetic/images/img042810.jpg,synthetic_val,0,32464,0,36250,0.755297,0.118015,0.590076,-0.259633,23.3727
synthetic/images/img042899.jpg,synthetic_val,3,73511,3,73053,0.522323,0.431484,0.113548,0.72671,20.285
synthetic/images/img042943.jpg,synthetic_val,0,24256,0,24272,0.698464,-0.589329,0.327405,-0.240097,11.3101
synthetic/images/img042996.jpg,synthetic_val,3,40214,3,40604,-0.603909,-0.448061,0.21429,0.62339,19.3002
synthetic/images/img042998.jpg,synthetic_val,1,67631,1,65303,-0.130901,0.837765,0.287982,0.445063,39.4936
synthetic/images/img043046.jpg,synthetic_val,3,43316,3,07741,-0.150278,-0.21039,-0.090167,0.961781,22.1322
synthetic/images/img043062.jpg,synthetic_val,3,16621,3,16604,0.0301648,-0.211154,-0.150824,0.965275,18.1502
synthetic/images/img043067.jpg,synthetic_val,3,70540,3,72414,0.130901,0.445063,0.287982,0.837765,53.0252
synthetic/images/img043078.jpg,synthetic_val,2,70337,2,34735,0.394874,0.342224,0.842397,-0.131625,22.5056
synthetic/images/img043079.jpg,synthetic_val,1,53113,2,33011,0.434426,0.321098,0.604419,-0.585531,141.219
synthetic/images/img043137.jpg,synthetic_val,1,72316,1,72161,0.27406,0.797264,0.523205,0.124573,14.0905
synthetic/images/img043209.jpg,synthetic_val,2,02375,3,00331,-0.331176,-0.370138,-0.603909,0.62339,101.072
synthetic/images/img043253.jpg,synthetic_val,1,32003,2,21016,-0.246276,0.067166,0.716438,-0.649272,86.5491
synthetic/images/img043270.jpg,synthetic_val,2,35606,2,34744,0.261226,0.261226,0.928805,-0.0290252,28.6962
synthetic/images/img043309.jpg,synthetic_val,3,54136,3,50435,0.159628,-0.615707,0.250844,0.729727,25.4557
synthetic/images/img043360.jpg,synthetic_val,2,24543,2,43223,-0.376062,-0.0289278,0.925691,0.0289278,27.4003
synthetic/images/img043370.jpg,synthetic_val,0,04226,0,24036,0.720787,-0.608164,0.157672,-0.29282,59.3663
synthetic/images/img043404.jpg,synthetic_val,3,25507,3,07707,-0.150824,-0.150824,-0.150824,0.965275,25.7446
synthetic/images/img043545.jpg,synthetic_val,2,52640,2,52642,0.0286417,-0.143208,0.916533,0.372342,6.82851
synthetic/images/img043552.jpg,synthetic_val,0,47133,0,46331,0.797264,-0.423547,-0.0747435,0.423547,50.1432
synthetic/images/img043634.jpg,synthetic_val,2,52332,2,52362,0.267615,-0.0297351,0.951522,0.148675,19.9469
synthetic/images/img043651.jpg,synthetic_val,2,27344,2,27544,-0.189605,0.46047,0.866766,-0.0270864,28.9145
synthetic/images/img043686.jpg,synthetic_val,2,06263,2,24133,-0.426737,0.175715,0.80327,-0.376533,36.8642
synthetic/images/img043794.jpg,synthetic_val,3,51254,3,43473,-0.244497,-0.244497,0.353162,0.869321,95.8711
synthetic/images/img043823.jpg,synthetic_val,0,03754,0,03746,0.859235,-0.187958,-0.134255,-0.456468,11.0261
synthetic/images/img043871.jpg,synthetic_val,1,35076,2,34253,0.193035,0.30334,0.882444,-0.30334,108.981
synthetic/images/img043969.jpg,synthetic_val,0,30306,3,35133,0.652234,0.147279,-0.315597,0.673274,177.633
synthetic/images/img043984.jpg,synthetic_val,1,01554,1,07046,-0.387427,0.826512,-0.33577,-0.232456,57.8436
synthetic/images/img044163.jpg,synthetic_val,0,76256,0,76423,0.684267,0.06415,0.491817,0.534584,13.4103
synthetic/images/img044210.jpg,synthetic_val,0,43356,0,52427,0.910577,0.0853666,-0.2561,0.313011,28.9004
synthetic/images/img044262.jpg,synthetic_val,0,75235,0,75166,0.678094,0.529761,0.148333,0.48738,16.9949
synthetic/images/img044274.jpg,synthetic_val,0,56560,3,56036,0.129488,-0.233079,0.492056,0.828726,129.599
synthetic/images/img044289.jpg,synthetic_val,1,30305,1,07153,-0.0275764,0.882444,-0.358493,-0.30334,85.1079
synthetic/images/img044456.jpg,synthetic_val,0,06654,0,06006,0.663935,-0.643187,-0.269723,-0.269723,34.3053
synthetic/images/img044489.jpg,synthetic_val,0,50770,3,52110,0.345106,-0.398199,0.0265466,0.849491,135.074
synthetic/images/img044568.jpg,synthetic_val,2,77622,2,16775,0.422745,-0.084549,0.901856,-0.028183,105.951
synthetic/images/img044597.jpg,synthetic_val,2,67362,1,65003,-0.33667,0.828726,0.0776931,0.440261,74.6395
synthetic/images/img044607.jpg,synthetic_val,3,56755,3,56743,0.245294,-0.111497,0.646684,0.713582,9.54115
synthetic/images/img044635.jpg,synthetic_val,0,43536,0,43031,0.91354,-0.256933,-0.314029,0.0285481,34.9703
synthetic/images/img044728.jpg,synthetic_val,1,01362,2,54202,0.0238705,-0.50128,0.763856,0.405798,57.8253
synthetic/images/img044747.jpg,synthetic_val,0,51175,0,51113,0.601848,0.583041,-0.545425,0.0188078,16.3358
synthetic/images/img044752.jpg,synthetic_val,1,34751,1,34743,0.308062,0.896179,0.308062,-0.0840168,15.1393
synthetic/images/img044771.jpg,synthetic_val,3,73775,3,73534,0.588658,0.42627,0.223284,0.649554,15.5771
synthetic/images/img044799.jpg,synthetic_val,1,62544,1,60526,-0.554096,0.770916,0.168638,0.265003,27.6865
synthetic/images/img044806.jpg,synthetic_val,0,52524,3,16547,0.30334,-0.358493,-0.0275764,0.882444,126.723
synthetic/images/img044817.jpg,synthetic_val,3,27512,3,27057,-0.228822,0.483068,-0.228822,0.813589,20.9401
synthetic/images/img044822.jpg,synthetic_val,0,56255,0,56601,0.774521,0.0726113,-0.169426,0.605095,13.5436
synthetic/images/img044848.jpg,synthetic_val,2,04472,1,34163,0.30334,0.882444,0.193035,-0.30334,123.04
synthetic/images/img044900.jpg,synthetic_val,3,14332,3,05057,-0.199901,-0.644126,-0.199901,0.71076,69.8265
synthetic/images/img045019.jpg,synthetic_val,1,56354,1,56736,0.296452,0.729727,-0.022804,0.615707,21.9816
synthetic/images/img045041.jpg,synthetic_val,3,53617,3,53266,0.46047,-0.0270864,0.189605,0.866766,19.6316
synthetic/images/img045055.jpg,synthetic_val,3,07236,3,07273,-0.256933,-0.0285481,-0.314029,0.91354,6.54626
synthetic/images/img045094.jpg,synthetic_val,0,26530,0,43627,0.882444,-0.358493,-0.0275764,0.30334,83.4621
synthetic/images/img045229.jpg,synthetic_val,1,27434,1,27471,-0.228232,0.811493,0.532542,-0.0760775,7.00931
synthetic/images/img045341.jpg,synthetic_val,3,24627,3,25643,-0.357407,0.302422,-0.0824786,0.879772,39.1176
synthetic/images/img045435.jpg,synthetic_val,1,61774,1,74025,0.0796398,0.849491,0.132733,0.504385,30.4328
synthetic/images/img045454.jpg,synthetic_val,1,74412,1,74234,0.125828,0.805302,0.327154,0.478148,33.3762
synthetic/images/img045462.jpg,synthetic_val,3,61646,0,06317,0.824315,-0.437917,-0.128799,-0.334878,81.6736
synthetic/images/img045465.jpg,synthetic_val,1,23576,1,23736,-0.0607955,0.648486,0.628221,-0.425569,16.5398
synthetic/images/img045497.jpg,synthetic_val,3,25660,3,24730,-0.474555,0.324696,-0.174836,0.799251,17.769
synthetic/images/img045510.jpg,synthetic_val,0,65760,0,65132,0.864234,-0.0810219,0.189051,0.459124,29.8461
synthetic/images/img045517.jpg,synthetic_val,1,17026,1,12564,0.231226,0.822136,-0.282609,-0.43676,29.6743
synthetic/images/img045578.jpg,synthetic_val,1,43536,1,43144,-0.190728,0.871899,-0.408703,0.190728,23.8532
synthetic/images/img045639.jpg,synthetic_val,1,36710,1,34712,0.352124,0.866766,0.297951,-0.189605,35.1044
synthetic/images/img045709.jpg,synthetic_val,3,30620,0,06277,0.769133,-0.600885,-0.0240354,-0.216319,141.16
synthetic/images/img045763.jpg,synthetic_val,2,23007,2,23003,-0.259223,0.378865,0.638089,-0.618148,4.87967
synthetic/images/img045775.jpg,synthetic_val,2,63253,2,43176,-0.0879694,-0.263908,0.93834,0.205262,110.104
synthetic/images/img045806.jpg,synthetic_val,1,26257,1,26336,-0.378865,0.638089,0.618148,-0.259223,18.9046
synthetic/images/img045906.jpg,synthetic_val,2,42203,2,03622,-0.355634,-0.0237089,0.758686,-0.545305,76.6756
synthetic/images/img045908.jpg,synthetic_val,0,01572,0,01673,0.763856,-0.214834,-0.405798,-0.453539,26.0968
synthetic/images/img045939.jpg,synthetic_val,0,46601,3,46611,-0.518699,-0.145236,0.518699,0.663935,177.409
synthetic/images/img045985.jpg,synthetic_val,3,34035,3,34340,0.248946,0.248946,-0.304267,0.88514,17.0149
synthetic/images/img045988.jpg,synthetic_val,2,72670,2,72274,0.113548,0.658581,0.72671,0.158968,14.5529
synthetic/images/img046073.jpg,synthetic_val,1,70341,1,70342,0.254457,0.904735,0.311003,0.141365,12.9588
synthetic/images/img046184.jpg,synthetic_val,1,16703,1,16650,0.150278,0.961781,-0.21039,-0.090167,25.3395
synthetic/images/img046213.jpg,synthetic_val,0,57612,0,56233,0.866766,0.189605,-0.0270864,0.46047,39.8875
synthetic/images/img046223.jpg,synthetic_val,2,65355,2,67164,-0.154869,0.464606,0.707972,0.508855,34.3364
synthetic/images/img046244.jpg,synthetic_val,2,13423,1,44346,-0.457898,0.637076,-0.418081,0.457898,61.1932
synthetic/images/img046251.jpg,synthetic_val,3,23565,3,27317,-0.022804,0.615707,-0.296452,0.729727,23.2679
synthetic/images/img046265.jpg,synthetic_val,1,75721,1,75144,0.535564,0.685522,0.0214226,0.492719,28.4723
synthetic/images/img046280.jpg,synthetic_val,2,27462,2,43225,-0.373569,-0.0862083,0.919555,0.0862083,79.3915
synthetic/images/img046316.jpg,synthetic_val,1,50034,1,71010,0.548282,0.835478,0.0261087,0.0261087,93.6279
synthetic/images/img046341.jpg,synthetic_val,1,52200,1,43314,-0.0908257,0.968808,-0.211927,0.0908257,17.6093
synthetic/images/img046345.jpg,synthetic_val,3,62177,3,67110,-0.0747435,0.423547,0.423547,0.797264,49.5864
synthetic/images/img046357.jpg,synthetic_val,1,74576,2,47224,-0.372793,-0.0745586,0.795292,0.472205,146.584
synthetic/images/img046404.jpg,synthetic_val,3,41255,3,41556,-0.065481,-0.632983,0.327405,0.698464,27.9248
synthetic/images/img046414.jpg,synthetic_val,3,25556,3,35553,0.692662,0.0670318,-0.0670318,0.715006,96.2109
synthetic/images/img046484.jpg,synthetic_val,2,77215,2,73763,0.502853,0.57735,0.595974,0.242115,21.2315
synthetic/images/img046488.jpg,synthetic_val,2,64162,2,60750,-0.469888,0.222579,0.791391,0.321503,19.7659
synthetic/images/img046539.jpg,synthetic_val,0,45347,0,14747,0.80327,0.276124,-0.527146,-0.0251022,77.757
synthetic/images/img046555.jpg,synthetic_val,3,27752,3,72007,0.0800926,0.507253,0.0800926,0.854321,29.8849
synthetic/images/img046570.jpg,synthetic_val,0,12245,0,12253,0.748653,0.163768,-0.116977,-0.631676,13.4176
synthetic/images/img046574.jpg,synthetic_val,1,43643,1,43613,-0.258625,0.919555,-0.143681,0.258625,17.8147
synthetic/images/img046608.jpg,synthetic_val,2,60217,2,60641,-0.630584,0.195698,0.695817,0.282675,28.7732
synthetic/images/img046629.jpg,synthetic_val,1,54126,1,54334,0.29707,0.73125,-0.434179,0.434179,16.9755
synthetic/images/img046697.jpg,synthetic_val,0,37075,1,33704,0.479794,0.614137,0.479794,-0.403027,38.9409
synthetic/images/img046763.jpg,synthetic_val,0,57645,0,34751,0.8745,0.409922,0.245953,-0.0819844,99.8756
synthetic/images/img046828.jpg,synthetic_val,1,05654,1,61651,-0.244497,0.869321,0.244497,0.353162,106.966
synthetic/images/img046831.jpg,synthetic_val,1,45610,2,40177,-0.381373,-0.560843,0.717879,0.157036,115.11
synthetic/images/img046836.jpg,synthetic_val,3,06714,3,06705,-0.535303,-0.178434,-0.127453,0.8157,5.0228
synthetic/images/img046849.jpg,synthetic_val,2,74347,2,70510,0.364073,0.0280056,0.896179,0.25205,45.5643
synthetic/images/img046882.jpg,synthetic_val,3,35601,3,07723,-0.150824,-0.0301648,-0.211154,0.965275,81.6875
synthetic/images/img046929.jpg,synthetic_val,2,66656,3,66116,-0.413925,0.413925,0.413925,0.697136,24.6176
synthetic/images/img046951.jpg,synthetic_val,1,70430,2,16671,0.211927,-0.0908257,0.968808,-0.0908257,170.293
synthetic/images/img047033.jpg,synthetic_val,2,74763,2,74131,0.379413,0.126471,0.809414,0.430001,38.4518
synthetic/images/img047037.jpg,synthetic_val,3,63150,0,23540,0.770916,-0.168638,0.409549,-0.457732,122.045
synthetic/images/img047050.jpg,synthetic_val,0,16200,0,52427,0.910577,0.0853666,-0.2561,0.313011,83.7856
synthetic/images/img047075.jpg,synthetic_val,0,50757,0,52571,0.8157,0.38236,-0.280397,0.331378,25.2662
synthetic/images/img047092.jpg,synthetic_val,2,37037,2,32772,0.259223,0.618148,0.638089,-0.378865,32.236
synthetic/images/img047104.jpg,synthetic_val,2,44313,2,26121,-0.454912,0.454912,0.6932,-0.324937,139.6
synthetic/images/img047126.jpg,synthetic_val,3,10344,3,40164,-0.476383,-0.559233,0.144986,0.662794,112.487
synthetic/images/img047128.jpg,synthetic_val,2,25517,2,34404,0.030846,0.030846,0.987072,-0.15423,13.1755
synthetic/images/img047136.jpg,synthetic_val,0,36070,0,36005,0.828726,0.0776931,0.440261,-0.33667,11.4522
synthetic/images/img047242.jpg,synthetic_val,1,63100,1,61306,-0.20182,0.922608,0.317146,0.0864945,20.7005
synthetic/images/img047245.jpg,synthetic_val,0,25407,0,24144,0.791391,-0.568812,0.024731,-0.222579,26.4441
synthetic/images/img047371.jpg,synthetic_val,3,46142,3,46500,-0.469192,-0.305995,0.509992,0.652789,8.08019
synthetic/images/img047373.jpg,synthetic_val,3,71166,3,71073,0.570209,0.173542,0.123958,0.793334,5.9321
synthetic/images/img047467.jpg,synthetic_val,0,24634,0,26663,0.600999,-0.544655,0.582217,-0.0563436,35.523
synthetic/images/img047492.jpg,synthetic_val,0,16653,0,16621,0.968808,0.0908257,-0.0908257,-0.211927,18.9484
synthetic/images/img047538.jpg,synthetic_val,3,40556,1,45025,-0.272076,0.669726,-0.565081,0.39765,156.35
synthetic/images/img047552.jpg,synthetic_val,1,05421,1,63055,-0.236924,0.842397,0.447523,0.184274,137.128
synthetic/images/img047705.jpg,synthetic_val,2,70547,2,70750,0.342224,0.236924,0.842397,0.342224,19.5813
synthetic/images/img047712.jpg,synthetic_val,1,62073,1,62101,-0.50128,0.763856,0.405798,0.0238705,16.5764
synthetic/images/img047772.jpg,synthetic_val,3,34367,3,34066,0.0294245,0.205971,-0.26482,0.941584,41.097
synthetic/images/img047864.jpg,synthetic_val,3,01601,3,51040,0.354552,-0.646535,0.10428,0.667391,104.333
synthetic/images/img047868.jpg,synthetic_val,1,33536,1,33524,0.496929,0.636069,0.41742,-0.41742,9.58957
synthetic/images/img047872.jpg,synthetic_val,2,10356,2,10651,0.157993,-0.51912,0.722254,-0.428838,20.6369
synthetic/images/img047873.jpg,synthetic_val,2,71161,2,77261,0.36791,0.561547,0.619639,0.406638,72.3216
synthetic/images/img047946.jpg,synthetic_val,1,34250,1,34610,0.145617,0.931951,0.262111,-0.203864,11.4787
synthetic/images/img047953.jpg,synthetic_val,3,05742,3,05235,-0.222579,-0.469888,-0.321503,0.791391,27.0284
synthetic/images/img048130.jpg,synthetic_val,2,12345,2,13606,0.403052,-0.118545,0.758686,-0.497888,19.1529
synthetic/images/img048200.jpg,synthetic_val,2,26232,1,26161,-0.466436,0.71076,0.466436,-0.244324,22.4702
synthetic/images/img048220.jpg,synthetic_val,0,27103,0,36500,0.842397,0.236924,0.447523,-0.184274,45.3585
synthetic/images/img048250.jpg,synthetic_val,1,42116,2,05565,-0.118545,-0.640141,0.758686,-0.0237089,86.3177
synthetic/images/img048264.jpg,synthetic_val,1,53430,1,33472,0.432737,0.659408,0.47395,-0.391524,117.409
synthetic/images/img048272.jpg,synthetic_val,1,03222,3,42137,-0.453858,-0.240278,0.0800926,0.854321,111.493
synthetic/images/img048374.jpg,synthetic_val,1,03254,1,65005,-0.329669,0.811493,0.0253592,0.481824,131.428
synthetic/images/img048420.jpg,synthetic_val,2,37532,1,57434,0.436459,0.665081,-0.228622,0.561162,139.518
synthetic/images/img048426.jpg,synthetic_val,1,14125,1,14712,0.316885,0.780024,-0.511891,-0.17063,19.9718
synthetic/images/img048431.jpg,synthetic_val,0,30745,0,34153,0.861723,0.403933,0.0807866,-0.296217,27.2947
synthetic/images/img048459.jpg,synthetic_val,1,66627,3,66725,-0.381189,0.526403,0.4901,0.580859,19.3344
synthetic/images/img048492.jpg,synthetic_val,3,40016,3,13662,0.415376,-0.0244339,-0.464244,0.781884,150.68
synthetic/images/img048566.jpg,synthetic_val,1,06056,2,56047,0.0721062,-0.31246,0.769133,0.552814,107.004
synthetic/images/img048619.jpg,synthetic_val,1,25255,1,25635,-0.249711,0.887862,0.360694,-0.138728,18.0758
synthetic/images/img048626.jpg,synthetic_val,0,52126,0,52065,0.922608,0.0864945,-0.317146,0.20182,25.4112
synthetic/images/img048641.jpg,synthetic_val,2,05261,2,05336,-0.0776931,-0.440261,0.828726,-0.33667,28.4409
synthetic/images/img048685.jpg,synthetic_val,3,12753,3,12727,0.276124,-0.0251022,-0.527146,0.80327,17.6048
synthetic/images/img048880.jpg,synthetic_val,0,53447,0,53064,0.830959,0.441447,-0.285642,0.181772,23.9105
synthetic/images/img048903.jpg,synthetic_val,2,47533,2,54673,0.149139,-0.362194,0.681778,0.617861,30.6241
synthetic/images/img048905.jpg,synthetic_val,2,65433,3,65021,-0.334878,0.128799,0.437917,0.824315,47.321
synthetic/images/img049028.jpg,synthetic_val,0,70111,0,70175,0.879772,0.412393,0.137464,0.19245,23.4566
synthetic/images/img049048.jpg,synthetic_val,0,70207,0,70207,0.93834,0.0879694,0.322554,0.0879694,3.16389
synthetic/images/img049099.jpg,synthetic_val,2,04102,2,35024,0.437917,0.128799,0.824315,-0.334878,139.109
synthetic/images/img049133.jpg,synthetic_val,1,01142,2,62102,-0.525586,0.434179,0.73125,0.0228515,171.197
synthetic/images/img049150.jpg,synthetic_val,3,35470,3,35401,0.501565,0.0263982,-0.184787,0.844742,14.5682
synthetic/images/img049207.jpg,synthetic_val,2,42130,1,34313,0.375587,0.801253,0.275431,-0.375587,155.846
synthetic/images/img049276.jpg,synthetic_val,2,73073,2,17227,0.481824,-0.0253592,0.811493,-0.329669,78.7395
synthetic/images/img049289.jpg,synthetic_val,3,25515,0,30456,0.871899,0.136234,0.0817405,-0.463196,123.15
synthetic/images/img049310.jpg,synthetic_val,0,61560,0,61577,0.887862,-0.0277457,0.19422,0.416185,21.0906
synthetic/images/img049452.jpg,synthetic_val,0,00605,0,66334,0.629146,-0.373556,0.570164,0.373556,158.492
synthetic/images/img049464.jpg,synthetic_val,2,50267,2,50166,0.21338,-0.592723,0.758686,0.165963,23.5978
synthetic/images/img049481.jpg,synthetic_val,2,16324,2,16163,0.299715,-0.245222,0.871899,-0.299715,18.3837
synthetic/images/img049506.jpg,synthetic_val,2,03535,2,03527,-0.126148,-0.227067,0.80735,-0.529823,10.6142
synthetic/images/img049536.jpg,synthetic_val,2,46360,2,42671,-0.584885,-0.0701862,0.748653,0.30414,18.746
synthetic/images/img049540.jpg,synthetic_val,1,02275,0,06033,0.72373,-0.565414,-0.203549,-0.339248,111.272
synthetic/images/img049639.jpg,synthetic_val,0,53435,0,53423,0.813589,0.483068,-0.228822,0.228822,11.1715
synthetic/images/img049717.jpg,synthetic_val,2,50420,2,50036,0.121879,-0.609394,0.780024,0.0731272,20.8502
synthetic/images/img049727.jpg,synthetic_val,3,15627,3,16745,0.318206,-0.202495,-0.0289278,0.925691,33.5466
synthetic/images/img049793.jpg,synthetic_val,0,34035,0,34016,0.91354,0.142741,0.0856444,-0.371126,9.26857
synthetic/images/img049818.jpg,synthetic_val,3,52531,3,52531,0.393784,-0.288775,0.23627,0.840072,3.41361
synthetic/images/img049943.jpg,synthetic_val,2,33015,2,72315,0.345674,0.576123,0.737437,0.0691347,80.7339
synthetic/images/img049962.jpg,synthetic_val,0,51110,1,15252,0.466436,0.71076,-0.466436,-0.244324,41.0634
synthetic/images/img050038.jpg,synthetic_val,2,35625,2,36576,0.313185,0.554096,0.770916,-0.0240911,37.1092
synthetic/images/img050084.jpg,synthetic_val,2,65701,1,65021,-0.334878,0.824315,0.128799,0.437917,109.435
synthetic/images/img050086.jpg,synthetic_val,0,34404,0,34602,0.925691,0.0289278,0.318206,-0.202495,35.1776
synthetic/images/img050100.jpg,synthetic_val,1,12064,1,05633,-0.236924,0.842397,-0.447523,-0.184274,60.4165
synthetic/images/img050179.jpg,synthetic_val,3,41537,3,45304,-0.157993,-0.51912,0.428838,0.722254,23.7177
synthetic/images/img050198.jpg,synthetic_val,3,75264,3,77150,0.569284,0.333718,0.41224,0.628176,27.5238
synthetic/images/img050208.jpg,synthetic_val,0,57463,3,37250,0.446606,0.531674,-0.233937,0.680543,30.6517
synthetic/images/img050261.jpg,synthetic_val,3,45653,2,45666,-0.30006,-0.340068,0.640128,0.620124,20.1244
synthetic/images/img050270.jpg,synthetic_val,1,53356,0,33554,0.647423,0.586727,0.343944,-0.343944,83.7531
synthetic/images/img050288.jpg,synthetic_val,1,17473,1,17412,0.511891,0.780024,-0.316885,-0.17063,14.7978
synthetic/images/img050360.jpg,synthetic_val,1,52055,1,52017,0.197911,0.904735,-0.367549,0.0848189,14.7271
synthetic/images/img050371.jpg,synthetic_val,2,46053,2,11534,0.526403,-0.4901,0.580859,-0.381189,170.003
synthetic/images/img050543.jpg,synthetic_val,2,70223,2,70217,0.20182,0.317146,0.922608,0.0864945,18.7078
synthetic/images/img050602.jpg,synthetic_val,3,61006,3,36404,0.0273281,0.464578,-0.136641,0.8745,73.6449
synthetic/images/img050626.jpg,synthetic_val,3,41437,1,15077,0.483916,0.673274,-0.525995,-0.189358,81.4648
synthetic/images/img050635.jpg,synthetic_val,3,52420,3,52470,0.136641,-0.300609,0.355266,0.8745,18.2787
synthetic/images/img050661.jpg,synthetic_val,0,73076,2,71144,0.606517,0.0242607,0.776342,0.169825,57.7467
synthetic/images/img050729.jpg,synthetic_val,0,73210,1,71717,0.656904,0.678094,0.233095,0.233095,49.1324
synthetic/images/img050749.jpg,synthetic_val,3,71026,3,35463,0.500173,0.184274,-0.0789747,0.842397,17.5397
synthetic/images/img050834.jpg,synthetic_val,2,75452,2,76015,0.168638,0.409549,0.770916,0.457732,53.3207
synthetic/images/img050858.jpg,synthetic_val,0,74073,0,74741,0.703849,0.241948,0.197958,0.637864,17.2987
synthetic/images/img050916.jpg,synthetic_val,1,61350,1,61307,-0.145617,0.931951,0.320358,0.0873704,11.3773
synthetic/images/img051019.jpg,synthetic_val,3,47127,3,47237,-0.234978,-0.0261087,0.496065,0.835478,26.038
synthetic/images/img051020.jpg,synthetic_val,3,12647,3,13222,0.356417,-0.0209657,-0.649937,0.670902,45.1411
synthetic/images/img051045.jpg,synthetic_val,2,03434,2,03532,-0.0740121,-0.222036,0.789462,-0.567426,26.062
synthetic/images/img051051.jpg,synthetic_val,3,61445,3,61465,-0.342224,0.131625,0.394874,0.842397,10.1706
synthetic/images/img051064.jpg,synthetic_val,1,51623,2,30570,0.327154,0.125828,0.805302,-0.478148,159.409
synthetic/images/img051065.jpg,synthetic_val,2,47500,2,47502,-0.162004,-0.300865,0.74059,0.578586,5.12829
synthetic/images/img051123.jpg,synthetic_val,0,75634,3,75316,0.598607,0.227058,0.39219,0.660531,29.8813
synthetic/images/img051254.jpg,synthetic_val,1,61706,1,61703,-0.141365,0.904735,0.311003,0.254457,9.10855
synthetic/images/img051255.jpg,synthetic_val,1,35576,2,31406,0.404877,0.0714488,0.762121,-0.500142,127.465
synthetic/images/img051263.jpg,synthetic_val,3,14766,3,50211,0.174836,-0.574462,0.0249766,0.799251,20.2061
synthetic/images/img051272.jpg,synthetic_val,1,45027,1,47054,-0.252424,0.734324,-0.344214,0.527795,27.0186
synthetic/images/img051391.jpg,synthetic_val,1,71010,1,50513,0.32193,0.686784,-0.622398,0.193158,87.0029
synthetic/images/img051394.jpg,synthetic_val,0,05517,1,42224,-0.692662,0.715006,-0.0670318,0.0670318,120.361
synthetic/images/img051489.jpg,synthetic_val,2,00671,2,00643,-0.561547,-0.406638,0.619639,-0.36791,8.58117
synthetic/images/img051501.jpg,synthetic_val,2,70611,2,70251,0.203864,0.262111,0.931951,0.145617,13.2741
synthetic/images/img051540.jpg,synthetic_val,1,34060,2,25704,-0.203864,0.262111,0.931951,-0.145617,132.363
synthetic/images/img051627.jpg,synthetic_val,0,52615,3,52655,0.190728,-0.190728,0.408703,0.871899,138.594
synthetic/images/img051634.jpg,synthetic_val,3,61513,3,70030,0.152499,0.152499,0.0304997,0.975991,32.7895
synthetic/images/img051661.jpg,synthetic_val,0,22731,0,72256,0.748653,0.116977,0.631676,0.163768,90.834
synthetic/images/img051710.jpg,synthetic_val,2,64566,3,57204,0.409549,-0.168638,0.457732,0.770916,114.808
synthetic/images/img051732.jpg,synthetic_val,1,32527,1,30616,0.124573,0.797264,0.27406,-0.523205,32.7739
synthetic/images/img051765.jpg,synthetic_val,0,02212,0,62146,0.722254,-0.51912,0.428838,0.157993,109.573
synthetic/images/img051867.jpg,synthetic_val,2,44101,2,40157,-0.362194,-0.617861,0.681778,0.149139,23.114
synthetic/images/img051915.jpg,synthetic_val,1,60137,1,60162,-0.570209,0.793334,0.173542,0.123958,13.1575
synthetic/images/img051973.jpg,synthetic_val,0,07106,0,03544,0.80327,-0.175715,-0.376533,-0.426737,13.8609
synthetic/images/img051985.jpg,synthetic_val,1,43225,1,50277,0.186352,0.851896,-0.45257,0.186352,79.312
synthetic/images/img052004.jpg,synthetic_val,2,24521,2,24522,-0.566049,0.172276,0.787547,-0.172276,5.19018
synthetic/images/img052117.jpg,synthetic_val,3,46434,0,44666,0.562617,-0.545035,-0.29889,0.545035,178.686
synthetic/images/img052125.jpg,synthetic_val,0,03123,0,03343,0.753619,-0.117753,-0.117753,-0.635866,11.3138
synthetic/images/img052140.jpg,synthetic_val,3,34344,3,34704,0.258625,0.258625,-0.143681,0.919555,10.3334
synthetic/images/img052297.jpg,synthetic_val,3,63105,3,61320,-0.198547,0.368729,0.0283638,0.907642,14.3959
synthetic/images/img052399.jpg,synthetic_val,2,12574,2,73242,0.37392,0.593873,0.703849,0.109976,125.18
synthetic/images/img052412.jpg,synthetic_val,0,15530,2,17050,0.493469,-0.352478,0.751953,-0.258484,149.782
synthetic/images/img052431.jpg,synthetic_val,1,15505,1,13064,0.374646,0.705215,-0.242418,-0.55095,69.2016
synthetic/images/img052468.jpg,synthetic_val,1,37155,1,35756,0.650578,0.717879,0.246771,-0.0224337,21.0579
synthetic/images/img052494.jpg,synthetic_val,1,53004,1,52313,0.420084,0.896179,-0.140028,0.0280056,28.2881
synthetic/images/img052503.jpg,synthetic_val,1,42515,1,47127,-0.129488,0.828726,-0.233079,0.492056,43.4041
synthetic/images/img052580.jpg,synthetic_val,3,17314,0,43315,0.972379,-0.0303869,-0.212708,0.0911606,82.4137
synthetic/images/img052635.jpg,synthetic_val,0,00473,2,07406,-0.394874,-0.342224,0.842397,-0.131625,128.188
synthetic/images/img052700.jpg,synthetic_val,2,43075,2,72010,0.136641,0.464578,0.8745,0.0273281,107.709
synthetic/images/img052798.jpg,synthetic_val,3,34156,3,34007,0.0862083,0.0862083,-0.373569,0.919555,37.3797
synthetic/images/img052807.jpg,synthetic_val,1,71112,1,63314,-0.0734773,0.783758,0.612311,0.0734773,109.13
synthetic/images/img052838.jpg,synthetic_val,3,21640,3,25065,-0.360694,0.138728,-0.249711,0.887862,28.1448
synthetic/images/img052927.jpg,synthetic_val,1,73526,1,73603,0.405542,0.683019,0.576297,0.192099,15.492
synthetic/images/img052985.jpg,synthetic_val,2,03073,2,30316,0.28004,0.236957,0.689329,-0.624704,79.2055
synthetic/images/img053014.jpg,synthetic_val,2,77520,2,75611,0.483916,0.189358,0.673274,0.525995,24.5248
synthetic/images/img053035.jpg,synthetic_val,2,43601,2,43242,-0.416185,-0.138728,0.887862,0.138728,18.3718
synthetic/images/img053052.jpg,synthetic_val,3,70176,3,31267,0.401897,0.317287,-0.528812,0.676879,87.7806
synthetic/images/img053083.jpg,synthetic_val,3,43670,3,43413,-0.244497,-0.353162,0.244497,0.869321,31.2758
synthetic/images/img053094.jpg,synthetic_val,0,70504,0,53463,0.791391,0.469888,-0.222579,0.321503,41.2325
synthetic/images/img053099.jpg,synthetic_val,0,15234,0,17027,0.791391,0.469888,-0.222579,-0.321503,25.7615
synthetic/images/img053122.jpg,synthetic_val,2,47646,3,65156,-0.0756891,0.0756891,0.580283,0.80735,41.1819
synthetic/images/img053167.jpg,synthetic_val,1,06527,1,04703,-0.474948,0.72373,-0.474948,-0.158316,33.5101
synthetic/images/img053204.jpg,synthetic_val,1,60751,1,60136,-0.500173,0.842397,0.184274,0.0789747,31.8645
synthetic/images/img053272.jpg,synthetic_val,2,65220,2,62155,-0.418384,0.418384,0.787547,0.172276,30.2559
synthetic/images/img053274.jpg,synthetic_val,2,13645,2,17225,0.480589,-0.0758825,0.809414,-0.328824,13.4929
synthetic/images/img053334.jpg,synthetic_val,1,46153,1,47245,-0.308911,0.760398,-0.166337,0.546536,17.358
synthetic/images/img053361.jpg,synthetic_val,0,72350,0,72040,0.8745,0.0273281,0.464578,0.136641,35.3527
synthetic/images/img053402.jpg,synthetic_val,3,63072,3,61625,-0.337577,0.337577,0.285642,0.830959,34.9654
synthetic/images/img053436.jpg,synthetic_val,1,74400,2,71365,0.608164,0.29282,0.720787,0.157672,138.325
synthetic/images/img053485.jpg,synthetic_val,0,55361,1,33424,0.362854,0.683019,0.448231,-0.448231,151.582
synthetic/images/img053496.jpg,synthetic_val,0,16157,0,16156,0.842397,0.342224,-0.342224,-0.236924,4.11687
synthetic/images/img053558.jpg,synthetic_val,3,16554,3,16503,0.297951,-0.352124,-0.189605,0.866766,19.8564
synthetic/images/img053726.jpg,synthetic_val,3,02246,0,46337,0.781884,-0.415376,-0.0244339,0.464244,164.596
synthetic/images/img053733.jpg,synthetic_val,1,07421,1,07245,-0.357407,0.879772,-0.19245,-0.247436,11.9537
synthetic/images/img053753.jpg,synthetic_val,1,24722,1,47023,-0.328824,0.809414,-0.227648,0.430001,101.476
synthetic/images/img053923.jpg,synthetic_val,1,71406,1,73000,0.424602,0.799251,0.424602,0.0249766,51.3868
synthetic/images/img053927.jpg,synthetic_val,1,42716,1,52424,0.0280939,0.899004,-0.309033,0.309033,64.6447
synthetic/images/img054060.jpg,synthetic_val,3,62060,0,25647,0.882444,-0.358493,0.30334,-0.0275764,92.4
synthetic/images/img054083.jpg,synthetic_val,0,25637,0,20742,0.709362,-0.509854,0.243843,-0.421184,54.6904
synthetic/images/img054106.jpg,synthetic_val,2,53715,0,56627,0.762121,0.0714488,-0.0238163,0.643039,98.3253
synthetic/images/img054146.jpg,synthetic_val,0,52462,0,42242,0.709362,-0.687194,-0.110838,0.110838,92.2955
synthetic/images/img054198.jpg,synthetic_val,1,43643,1,43743,-0.141819,0.907642,-0.141819,0.368729,26.6145
synthetic/images/img054270.jpg,synthetic_val,1,54240,1,73262,0.354552,0.667391,0.646535,0.10428,156.111
synthetic/images/img054329.jpg,synthetic_val,2,01477,2,01616,-0.244324,-0.466436,0.71076,-0.466436,17.658
synthetic/images/img054354.jpg,synthetic_val,1,30716,1,35012,0.509475,0.776342,0.0727821,-0.36391,36.4974
synthetic/images/img054359.jpg,synthetic_val,1,40014,2,70147,0.317146,0.0864945,0.922608,0.20182,99.3988
synthetic/images/img054384.jpg,synthetic_val,3,70041,3,70074,0.149204,0.149204,0.208885,0.954905,17.2685
synthetic/images/img054419.jpg,synthetic_val,3,62527,3,62225,-0.556561,0.556561,0.0575753,0.614137,26.7444
synthetic/images/img054428.jpg,synthetic_val,2,24335,2,25246,-0.393784,0.288775,0.840072,-0.23627,14.4548
synthetic/images/img054432.jpg,synthetic_val,0,51265,3,52055,0.190728,-0.408703,0.190728,0.871899,176.666
synthetic/images/img054446.jpg,synthetic_val,0,07254,0,07377,0.961781,-0.0300557,-0.0300557,-0.270501,36.213
synthetic/images/img054462.jpg,synthetic_val,3,37770,3,37711,0.601177,0.48482,-0.13575,0.62057,12.7744
synthetic/images/img054510.jpg,synthetic_val,1,21651,1,21342,-0.159628,0.729727,0.250844,-0.615707,18.9514
synthetic/images/img054524.jpg,synthetic_val,2,34207,0,34633,0.871899,0.190728,0.408703,-0.190728,114.858
synthetic/images/img054536.jpg,synthetic_val,2,60635,2,43472,-0.294514,-0.240966,0.856767,0.348062,72.2913
synthetic/images/img054558.jpg,synthetic_val,3,45435,2,45262,-0.337185,-0.382143,0.719328,0.472059,38.9774
synthetic/images/img054639.jpg,synthetic_val,0,53417,0,53117,0.688053,0.666551,-0.279521,0.0645049,28.1733
synthetic/images/img054660.jpg,synthetic_val,1,25261,1,25242,-0.388465,0.828726,0.284875,-0.284875,7.45186
synthetic/images/img054693.jpg,synthetic_val,1,16044,1,07722,-0.208885,0.954905,-0.0298408,-0.208885,52.9999
synthetic/images/img054709.jpg,synthetic_val,1,65656,1,70620,0.0280056,0.896179,0.364073,0.25205,62.6902
synthetic/images/img054750.jpg,synthetic_val,1,24166,3,41553,-0.0221676,-0.642859,0.288178,0.709362,106.322
synthetic/images/img054779.jpg,synthetic_val,3,50362,3,50635,0.177514,-0.481824,0.278951,0.811493,22.0338
synthetic/images/img054797.jpg,synthetic_val,3,63210,3,63523,-0.122757,0.564683,0.220963,0.785646,27.3768
synthetic/images/img054835.jpg,synthetic_val,2,16535,2,73060,0.403052,0.497888,0.758686,0.118545,96.6054
synthetic/images/img054933.jpg,synthetic_val,3,41333,3,50323,0.29038,-0.448769,0.0263982,0.844742,39.1384
synthetic/images/img054934.jpg,synthetic_val,0,41325,3,41326,-0.189051,-0.459124,0.0810219,0.864234,169.667
synthetic/images/img055129.jpg,synthetic_val,0,41557,0,14460,0.762121,0.0238163,-0.643039,-0.0714488,47.059
synthetic/images/img055132.jpg,synthetic_val,2,31034,1,37054,0.490232,0.74702,0.396854,-0.210099,92.3424
synthetic/images/img055242.jpg,synthetic_val,0,71611,0,71536,0.709362,0.642859,0.155173,0.243843,16.2284
synthetic/images/img055287.jpg,synthetic_val,3,34424,3,70037,0.208145,0.208145,0.0892052,0.951522,37.8876
synthetic/images/img055295.jpg,synthetic_val,1,72225,1,16670,0.153069,0.979643,-0.0918415,-0.0918415,97.5697
synthetic/images/img055337.jpg,synthetic_val,1,50150,2,05531,-0.0235506,-0.635866,0.753619,-0.164854,33.5464
synthetic/images/img055348.jpg,synthetic_val,0,52320,3,16615,0.206689,-0.206689,-0.147635,0.944862,156.173
synthetic/images/img055356.jpg,synthetic_val,2,56452,2,56663,0.069282,-0.023094,0.739008,0.669726,32.289
synthetic/images/img055439.jpg,synthetic_val,2,04526,2,06311,-0.426737,-0.175715,0.80327,-0.376533,53.8423
synthetic/images/img055495.jpg,synthetic_val,2,27721,2,16664,0.0310835,-0.0932505,0.994672,-0.0310835,95.9648
synthetic/images/img055513.jpg,synthetic_val,1,71444,1,56340,0.225352,0.801253,-0.175274,0.525822,34.3115
synthetic/images/img055515.jpg,synthetic_val,1,57332,2,73111,0.649937,0.356417,0.670902,0.0209657,98.2942
synthetic/images/img055550.jpg,synthetic_val,2,07706,1,53220,0.467379,0.879772,-0.0824786,0.0274929,145.569
synthetic/images/img055568.jpg,synthetic_val,0,37762,2,13675,0.534595,-0.0697297,0.743784,-0.395135,77.6312
synthetic/images/img055632.jpg,synthetic_val,3,12700,3,12254,0.120456,-0.168638,-0.602279,0.770916,14.5841
synthetic/images/img055645.jpg,synthetic_val,2,07614,2,43331,-0.0310835,-0.0932505,0.994672,0.0310835,40.6381
synthetic/images/img055648.jpg,synthetic_val,2,03236,2,00534,-0.375888,-0.534156,0.633074,-0.415455,68.0639
synthetic/images/img055658.jpg,synthetic_val,3,63051,3,61522,-0.20182,0.20182,0.259483,0.922608,34.8454
synthetic/images/img055663.jpg,synthetic_val,0,70160,0,70157,0.88514,0.41491,0.0829819,0.193624,19.2954
synthetic/images/img055702.jpg,synthetic_val,1,21342,2,23114,-0.0645049,0.365528,0.688053,-0.623548,68.8322
synthetic/images/img055710.jpg,synthetic_val,3,36310,3,37066,0.387667,0.524491,-0.205236,0.729727,17.6856
synthetic/images/img055713.jpg,synthetic_val,1,42675,1,42434,-0.604494,0.716438,-0.246276,0.246276,23.6712
synthetic/images/img055714.jpg,synthetic_val,2,52146,2,50176,0.300865,-0.578586,0.74059,0.162004,30.1213
synthetic/images/img055841.jpg,synthetic_val,1,17223,1,32541,0.259633,0.755297,0.401252,-0.448458,54.9097
synthetic/images/img055859.jpg,synthetic_val,3,32126,3,32212,0.0955375,0.515903,-0.592333,0.61144,13.6992
synthetic/images/img055892.jpg,synthetic_val,1,40123,1,40077,-0.518699,0.663935,-0.518699,0.145236,17.5974
synthetic/images/img055903.jpg,synthetic_val,3,11756,3,15232,0.472059,-0.382143,-0.337185,0.719328,15.4788
synthetic/images/img055921.jpg,synthetic_val,1,07745,2,07514,-0.0837545,-0.418772,0.893381,-0.139591,109.967
synthetic/images/img056021.jpg,synthetic_val,0,71713,1,21566,-0.186352,0.851896,0.186352,-0.45257,134.216
synthetic/images/img056036.jpg,synthetic_val,1,43152,1,52004,0.028183,0.901856,-0.422745,0.084549,12.5246
synthetic/images/img056076.jpg,synthetic_val,0,35522,3,31223,0.374716,0.295829,-0.611379,0.631101,147.133
synthetic/images/img056156.jpg,synthetic_val,0,34012,0,30472,0.837765,0.130901,0.183261,-0.497423,16.7286
synthetic/images/img056181.jpg,synthetic_val,3,74035,3,74014,0.133109,0.0266217,0.505813,0.851896,11.7264
synthetic/images/img056229.jpg,synthetic_val,2,25520,2,25441,-0.374809,0.0288315,0.922608,-0.0864945,30.0173
synthetic/images/img056288.jpg,synthetic_val,3,65015,3,47533,-0.0240354,-0.216319,0.600885,0.769133,39.1677
synthetic/images/img056335.jpg,synthetic_val,3,65555,3,64151,-0.405798,0.0238705,0.50128,0.763856,51.2289
synthetic/images/img056391.jpg,synthetic_val,1,31340,2,02336,-0.402618,-0.0211904,0.678094,-0.614523,149.833
synthetic/images/img056526.jpg,synthetic_val,3,43156,3,41235,-0.23434,-0.494718,0.0781133,0.833209,29.9763
synthetic/images/img056530.jpg,synthetic_val,2,35255,1,12527,0.269417,0.783758,-0.220432,-0.514341,150.8
synthetic/images/img056602.jpg,synthetic_val,3,60555,3,60572,-0.474555,0.174836,0.324696,0.799251,18.7504
synthetic/images/img056609.jpg,synthetic_val,3,34420,3,34075,0.203864,0.145617,-0.262111,0.931951,20.9994
synthetic/images/img056791.jpg,synthetic_val,3,71537,3,70354,0.357407,0.247436,0.19245,0.879772,44.9851
synthetic/images/img056843.jpg,synthetic_val,2,03636,2,00662,-0.603909,-0.331176,0.62339,-0.370138,59.0729
synthetic/images/img056895.jpg,synthetic_val,1,42172,1,43122,-0.205971,0.941584,-0.26482,0.0294245,40.3785
synthetic/images/img056941.jpg,synthetic_val,0,52302,3,12362,0.210099,-0.0233444,-0.630298,0.74702,140.572
synthetic/images/img056945.jpg,synthetic_val,1,21360,1,21733,-0.0237089,0.758686,0.355634,-0.545305,18.033
synthetic/images/img056957.jpg,synthetic_val,0,45541,2,16203,0.0837545,-0.139591,0.893381,-0.418772,94.3948
synthetic/images/img057004.jpg,synthetic_val,0,55327,2,60201,-0.657226,0.203967,0.725215,0.022663,108.967
synthetic/images/img057033.jpg,synthetic_val,0,40216,0,02472,0.683019,-0.576297,-0.192099,-0.405542,60.981
synthetic/images/img057041.jpg,synthetic_val,1,77547,3,47373,-0.0261087,-0.0261087,0.548282,0.835478,103.708
synthetic/images/img057079.jpg,synthetic_val,1,71362,1,71062,0.456468,0.859235,0.187958,0.134255,26.1904
synthetic/images/img057086.jpg,synthetic_val,3,73173,3,73037,0.50298,0.50298,0.0656061,0.699798,18.1653
synthetic/images/img057125.jpg,synthetic_val,1,12655,1,16071,0.193035,0.882444,-0.30334,-0.30334,21.8538
synthetic/images/img057146.jpg,synthetic_val,3,74265,3,74070,0.128459,0.128459,0.539527,0.822136,23.0466
synthetic/images/img057193.jpg,synthetic_val,1,43776,1,43735,-0.0294245,0.941584,-0.0882735,0.323669,13.7413
synthetic/images/img057199.jpg,synthetic_val,2,43112,2,07517,-0.0286417,-0.372342,0.916533,-0.143208,23.4511
synthetic/images/img057302.jpg,synthetic_val,2,07677,2,43362,-0.211154,-0.0301648,0.965275,0.150824,19.8485
synthetic/images/img057316.jpg,synthetic_val,0,34536,0,34532,0.890609,0.36181,0.194821,-0.194821,5.67189
synthetic/images/img057331.jpg,synthetic_val,1,74422,1,74247,0.0731272,0.780024,0.268133,0.560642,14.413
synthetic/images/img057338.jpg,synthetic_val,3,10545,3,10524,0.188691,-0.566074,-0.44028,0.670902,12.9502
synthetic/images/img057360.jpg,synthetic_val,2,25013,2,27360,-0.155173,0.642859,0.709362,-0.243843,71.0053
synthetic/images/img057380.jpg,synthetic_val,3,73631,3,72213,0.164854,0.635866,0.0235506,0.753619,41.1647
synthetic/images/img057411.jpg,synthetic_val,0,51271,2,53223,0.510171,-0.0268511,0.859235,0.0268511,176.717
synthetic/images/img057494.jpg,synthetic_val,1,37074,2,32414,0.118545,0.403052,0.758686,-0.497888,72.1273
synthetic/images/img057502.jpg,synthetic_val,1,07517,1,43102,-0.198547,0.907642,-0.368729,0.0283638,28.3977
synthetic/images/img057505.jpg,synthetic_val,3,50031,3,54111,0.30006,-0.620124,0.340068,0.640128,42.9355
synthetic/images/img057554.jpg,synthetic_val,3,56620,3,74054,0.125828,0.0251657,0.578811,0.805302,20.6044
synthetic/images/img057561.jpg,synthetic_val,1,65624,3,67310,-0.0679889,0.566575,0.385271,0.725215,40.5267
synthetic/images/img057613.jpg,synthetic_val,1,04513,2,43173,-0.0297351,-0.267615,0.951522,0.148675,76.86
synthetic/images/img057614.jpg,synthetic_val,2,31411,2,17312,0.630584,-0.108721,0.695817,-0.326164,29.3721
synthetic/images/img057648.jpg,synthetic_val,1,34136,1,35006,0.440261,0.828726,0.0776931,-0.33667,15.8003
synthetic/images/img057670.jpg,synthetic_val,1,52026,1,52200,0.0304997,0.975991,-0.213498,0.0304997,9.29729
synthetic/images/img057718.jpg,synthetic_val,1,20653,1,24042,-0.674072,0.695817,0.0652328,-0.239187,31.9243
synthetic/images/img057732.jpg,synthetic_val,1,70041,1,70004,0.0310835,0.994672,0.0310835,0.0932505,12.3958
synthetic/images/img057747.jpg,synthetic_val,2,43267,2,43222,-0.424094,-0.028273,0.904735,0.028273,20.7066
synthetic/images/img057778.jpg,synthetic_val,2,61411,2,43073,-0.258625,-0.258625,0.919555,0.143681,31.8071
synthetic/images/img057782.jpg,synthetic_val,3,12072,3,12073,0.161314,-0.207404,-0.622212,0.737437,5.97133
synthetic/images/img057810.jpg,synthetic_val,0,64746,3,07745,-0.150824,-0.211154,-0.0301648,0.965275,110.377
synthetic/images/img057816.jpg,synthetic_val,0,35417,0,35172,0.709362,0.642859,0.155173,-0.243843,20.6943
synthetic/images/img057914.jpg,synthetic_val,3,40144,1,10334,0.265638,0.653879,-0.388241,-0.592578,35.8609
synthetic/images/img057935.jpg,synthetic_val,1,22403,1,44637,-0.484093,0.619639,-0.329183,0.52282,145.625
synthetic/images/img057966.jpg,synthetic_val,3,42562,3,46202,-0.646535,-0.10428,0.354552,0.667391,20.755
synthetic/images/img057992.jpg,synthetic_val,0,65133,0,61571,0.916533,-0.0286417,0.143208,0.372342,16.0801
synthetic/images/img058001.jpg,synthetic_val,0,57456,3,05721,-0.130901,-0.497423,-0.183261,0.837765,149.474
synthetic/images/img058007.jpg,synthetic_val,1,17314,1,17621,0.500173,0.842397,-0.0789747,-0.184274,25.5418
synthetic/images/img058074.jpg,synthetic_val,1,17433,2,17406,0.437917,-0.334878,0.824315,-0.128799,161.799
synthetic/images/img058102.jpg,synthetic_val,1,07207,2,52610,0.145617,-0.203864,0.931951,0.262111,130.029
synthetic/images/img058131.jpg,synthetic_val,3,61627,0,63045,0.817829,-0.332243,0.434472,0.1789,162.891
synthetic/images/img058193.jpg,synthetic_val,1,65327,2,52526,0.248946,-0.248946,0.88514,0.304267,148.502
synthetic/images/img058312.jpg,synthetic_val,0,31162,3,07320,-0.193624,-0.0829819,-0.41491,0.88514,87.6699
synthetic/images/img058321.jpg,synthetic_val,3,57462,3,56707,0.252424,-0.114738,0.619586,0.734324,15.9423
synthetic/images/img058392.jpg,synthetic_val,1,73505,1,73563,0.545371,0.646366,0.464575,0.262586,14.6538
synthetic/images/img058427.jpg,synthetic_val,1,71345,0,71536,0.709362,0.642859,0.155173,0.243843,19.66
synthetic/images/img058463.jpg,synthetic_val,2,61464,2,65100,-0.189605,0.0270864,0.866766,0.46047,25.8829
synthetic/images/img058465.jpg,synthetic_val,3,70275,3,72051,0.187958,0.456468,0.134255,0.859235,10.1637
synthetic/images/img058470.jpg,synthetic_val,1,03137,1,21740,-0.179842,0.822136,0.231226,-0.488143,59.2925
synthetic/images/img058479.jpg,synthetic_val,1,43021,1,16604,0.0301648,0.965275,-0.211154,-0.150824,53.1764
synthetic/images/img058541.jpg,synthetic_val,1,62236,0,62206,0.613234,-0.59407,0.517416,0.0574907,135.629
synthetic/images/img058603.jpg,synthetic_val,3,07522,3,43104,-0.193624,-0.41491,0.0829819,0.88514,39.5824
synthetic/images/img058622.jpg,synthetic_val,0,50122,2,14226,0.0259675,-0.441447,0.830959,-0.337577,106.886
synthetic/images/img058673.jpg,synthetic_val,0,34626,0,34602,0.925691,0.0289278,0.318206,-0.202495,12.4387
synthetic/images/img058682.jpg,synthetic_val,2,72352,2,72603,0.0698809,0.628928,0.745396,0.209643,29.7312
synthetic/images/img058719.jpg,synthetic_val,3,11651,3,20664,-0.627191,0.263016,-0.343944,0.647423,165.654
synthetic/images/img058720.jpg,synthetic_val,0,62657,3,66131,-0.37611,0.464606,0.37611,0.707972,174.998
synthetic/images/img058866.jpg,synthetic_val,0,17605,0,17425,0.817829,0.485586,-0.281129,-0.127786,9.7697
synthetic/images/img058889.jpg,synthetic_val,1,47762,2,16372,0.358493,-0.0275764,0.882444,-0.30334,147.243
synthetic/images/img058919.jpg,synthetic_val,0,65705,0,65566,0.701141,-0.153375,0.153375,0.67923,12.9664
synthetic/images/img058927.jpg,synthetic_val,0,14613,0,16407,0.91354,0.0856444,-0.371126,-0.142741,23.6675
synthetic/images/img058934.jpg,synthetic_val,2,57606,2,66165,-0.425569,0.425569,0.648486,0.466099,116.767
synthetic/images/img058996.jpg,synthetic_val,1,54152,1,54105,0.221467,0.644266,-0.624133,0.382533,8.03934
synthetic/images/img059030.jpg,synthetic_val,2,66321,2,56320,0.240278,-0.0800926,0.854321,0.453858,113.924
synthetic/images/img059049.jpg,synthetic_val,2,50117,2,70015,0.212708,0.0303869,0.972379,0.0911606,86.5485
synthetic/images/img059189.jpg,synthetic_val,2,76233,1,43774,-0.0842816,0.899004,-0.0842816,0.421408,99.5118
synthetic/images/img059245.jpg,synthetic_val,1,25206,1,24335,-0.418384,0.787547,0.319941,-0.319941,8.06032
synthetic/images/img059279.jpg,synthetic_val,2,30360,2,30356,0.295226,0.249807,0.72671,-0.567742,11.8784
synthetic/images/img059359.jpg,synthetic_val,1,60341,2,65122,-0.186352,0.186352,0.851896,0.45257,122.022
synthetic/images/img059396.jpg,synthetic_val,3,27131,3,32644,0.0227097,0.567742,-0.386065,0.72671,12.1282
synthetic/images/img059514.jpg,synthetic_val,1,50460,1,50467,0.0691347,0.737437,-0.576123,0.345674,9.41385
synthetic/images/img059541.jpg,synthetic_val,3,67425,1,66425,-0.526403,0.580859,0.381189,0.4901,43.2051
synthetic/images/img059612.jpg,synthetic_val,1,43073,1,07744,-0.208885,0.954905,-0.208885,-0.0298408,24.1638
synthetic/images/img059714.jpg,synthetic_val,3,01135,1,05513,-0.0228515,0.73125,-0.662695,-0.159961,169.86
synthetic/images/img059729.jpg,synthetic_val,0,24122,0,24714,0.828726,-0.492056,0.233079,-0.129488,29.1593
synthetic/images/img059741.jpg,synthetic_val,2,67351,2,67030,-0.254034,0.484974,0.739008,0.392598,30.3605
synthetic/images/img059763.jpg,synthetic_val,1,55743,1,35073,0.554096,0.770916,0.168638,-0.265003,117.925
synthetic/images/img059775.jpg,synthetic_val,1,25314,1,12626,0.0261087,0.835478,-0.0261087,-0.548282,39.1638
synthetic/images/img059828.jpg,synthetic_val,3,32455,3,32404,0.0238705,0.405798,-0.50128,0.763856,20.2842
synthetic/images/img059835.jpg,synthetic_val,0,14645,3,05701,-0.123958,-0.570209,-0.173542,0.793334,172.739
synthetic/images/img059910.jpg,synthetic_val,3,25404,3,72012,0.133109,0.505813,0.0266217,0.851896,87.5131
synthetic/images/img059929.jpg,synthetic_val,1,21675,1,25302,-0.185826,0.849491,0.292013,-0.398199,8.2873
synthetic/images/img059935.jpg,synthetic_val,2,65247,2,65275,-0.211955,0.306158,0.753619,0.541664,11.4305
lightbox/images/img000002.jpg,lightbox,3,35253,3,05737,-0.0273281,-0.464578,-0.136641,0.8745,112.267
lightbox/images/img000003.jpg,lightbox,2,52540,1,16467,0.0898429,0.958324,-0.269529,-0.0299476,106.899
lightbox/images/img000008.jpg,lightbox,1,07334,1,60221,-0.642859,0.709362,0.288178,0.0221676,94.7971
lightbox/images/img000009.jpg,lightbox,1,02263,2,02701,-0.464606,-0.154869,0.707972,-0.508855,129.404
lightbox/images/img000024.jpg,lightbox,2,51245,1,74002,0.0274929,0.879772,0.0824786,0.467379,144.561
lightbox/images/img000035.jpg,lightbox,2,64401,2,00635,-0.504973,-0.38378,0.646366,-0.424178,122.623
lightbox/images/img000057.jpg,lightbox,2,65002,2,06601,-0.654542,-0.157993,0.722254,-0.157993,79.2841
lightbox/images/img000058.jpg,lightbox,0,53502,0,06744,0.799251,-0.574462,-0.174836,-0.0249766,142.909
lightbox/images/img000061.jpg,lightbox,0,17326,2,30544,0.240966,0.026774,0.856767,-0.455158,144.992
lightbox/images/img000063.jpg,lightbox,1,74143,2,17071,0.54287,-0.259633,0.755297,-0.259633,163.778
lightbox/images/img000066.jpg,lightbox,2,70267,2,72140,0.238919,0.451292,0.849491,0.132733,18.4602
lightbox/images/img000086.jpg,lightbox,0,25214,3,61435,-0.254457,0.141365,0.311003,0.904735,121.57
lightbox/images/img000099.jpg,lightbox,0,61573,0,70606,0.899004,0.0280939,0.309033,0.309033,14.3319
lightbox/images/img000124.jpg,lightbox,0,53301,0,33554,0.647423,0.586727,0.343944,-0.343944,77.6897
lightbox/images/img000130.jpg,lightbox,2,26351,2,43271,-0.266674,-0.0888913,0.948174,0.148152,92.9643
lightbox/images/img000133.jpg,lightbox,2,34422,2,21574,-0.0817405,0.136234,0.871899,-0.463196,33.3382
lightbox/images/img000140.jpg,lightbox,2,74231,2,74133,0.376533,0.175715,0.80327,0.426737,31.7091
lightbox/images/img000141.jpg,lightbox,3,25756,3,30672,0.123655,0.370965,-0.469888,0.791391,61.099
lightbox/images/img000164.jpg,lightbox,1,25727,1,16621,0.0908257,0.968808,-0.0908257,-0.211927,67.5762
lightbox/images/img000169.jpg,lightbox,1,46570,3,25626,-0.387427,0.387427,-0.129142,0.826512,43.4442
lightbox/images/img000176.jpg,lightbox,3,41646,3,74104,0.234978,0.0261087,0.496065,0.835478,92.6846
lightbox/images/img000177.jpg,lightbox,1,70142,2,30574,0.334878,0.128799,0.824315,-0.437917,153.52
lightbox/images/img000178.jpg,lightbox,2,37641,2,17701,0.627568,-0.162703,0.743784,-0.162703,86.6811
lightbox/images/img000182.jpg,lightbox,1,36024,2,43410,-0.288775,-0.393784,0.840072,0.23627,173.685
lightbox/images/img000188.jpg,lightbox,3,16404,0,70227,0.899004,0.0842816,0.421408,0.0842816,177.909
lightbox/images/img000199.jpg,lightbox,2,42316,2,20355,-0.378339,0.200297,0.712167,-0.55638,86.4811
lightbox/images/img000203.jpg,lightbox,0,07043,0,06737,0.8745,-0.464578,-0.0273281,-0.136641,43.3729
lightbox/images/img000209.jpg,lightbox,1,00566,2,67424,-0.304981,0.426974,0.650627,0.548966,168.363
lightbox/images/img000213.jpg,lightbox,1,21631,1,23333,-0.0184209,0.589468,0.571047,-0.571047,40.0132
lightbox/images/img000226.jpg,lightbox,0,32564,0,37064,0.74702,0.396854,0.490232,-0.210099,30.7041
lightbox/images/img000239.jpg,lightbox,1,55020,1,53206,0.463196,0.871899,-0.136234,0.0817405,63.9475
lightbox/images/img000245.jpg,lightbox,0,25143,2,24137,-0.434472,0.1789,0.817829,-0.332243,148.473
lightbox/images/img000248.jpg,lightbox,1,12551,3,74153,0.36391,0.0727821,0.509475,0.776342,142
lightbox/images/img000251.jpg,lightbox,3,25270,3,21277,-0.203549,0.339248,-0.565414,0.72373,35.4196
lightbox/images/img000261.jpg,lightbox,3,07134,0,55406,0.595974,0.316611,-0.540102,0.502853,120.607
lightbox/images/img000264.jpg,lightbox,2,16520,3,72001,0.0824786,0.467379,0.0274929,0.879772,149.332
lightbox/images/img000267.jpg,lightbox,0,73206,1,75020,0.421459,0.793334,0.123958,0.421459,90.327
lightbox/images/img000275.jpg,lightbox,3,50374,0,52706,0.904735,0.254457,-0.141365,0.311003,133.597
lightbox/images/img000280.jpg,lightbox,2,16374,1,70432,0.145617,0.931951,0.203864,0.262111,170.846
lightbox/images/img000290.jpg,lightbox,1,65625,1,64335,-0.395992,0.745396,0.302817,0.442579,23.7837
lightbox/images/img000298.jpg,lightbox,0,70401,2,01737,-0.0238705,-0.405798,0.763856,-0.50128,160.277
lightbox/images/img000315.jpg,lightbox,0,16364,2,34072,0.143208,0.200492,0.916533,-0.315058,156.677
lightbox/images/img000318.jpg,lightbox,0,45166,0,47166,0.780024,-0.17063,-0.219382,0.560642,36.9395
lightbox/images/img000319.jpg,lightbox,2,44027,3,74467,0.0663723,0.154869,0.685847,0.707972,112.612
lightbox/images/img000320.jpg,lightbox,0,61072,3,60177,-0.45257,0.186352,0.186352,0.851896,142.958
lightbox/images/img000321.jpg,lightbox,1,62051,1,06354,-0.488143,0.822136,-0.179842,-0.231226,81.4496
lightbox/images/img000334.jpg,lightbox,0,43572,0,52423,0.925691,0.0867835,-0.260351,0.260351,21.2579
lightbox/images/img000340.jpg,lightbox,0,74101,3,70033,0.208885,0.208885,0.0298408,0.954905,95.8177
lightbox/images/img000345.jpg,lightbox,2,53373,0,26664,0.601848,-0.583041,0.545425,-0.0188078,68.0253
lightbox/images/img000349.jpg,lightbox,2,61321,2,27544,-0.189605,0.46047,0.866766,-0.0270864,15.0218
lightbox/images/img000351.jpg,lightbox,1,52007,2,05733,-0.0270864,-0.46047,0.866766,-0.189605,80.5307
lightbox/images/img000359.jpg,lightbox,0,21457,0,25304,0.879772,-0.19245,0.247436,-0.357407,25.4572
lightbox/images/img000363.jpg,lightbox,3,74131,3,71207,0.488143,0.282609,0.0770752,0.822136,46.2378
lightbox/images/img000366.jpg,lightbox,3,26640,3,25645,-0.364073,0.25205,-0.0280056,0.896179,49.277
lightbox/images/img000367.jpg,lightbox,2,70261,2,70074,0.149204,0.149204,0.954905,0.208885,29.2869
lightbox/images/img000376.jpg,lightbox,2,31245,0,37151,0.653879,0.633445,0.347373,-0.224771,78.8856
lightbox/images/img000377.jpg,lightbox,2,67146,2,56013,0.1789,-0.332243,0.817829,0.434472,98.266
lightbox/images/img000401.jpg,lightbox,2,13671,2,71106,0.612311,0.0734773,0.783758,0.0734773,62.204
lightbox/images/img000403.jpg,lightbox,3,63417,3,63421,-0.313914,0.507093,0.217325,0.772712,12.4987
lightbox/images/img000410.jpg,lightbox,0,25733,0,34077,0.922608,0.20182,0.20182,-0.259483,33.5667
lightbox/images/img000430.jpg,lightbox,2,57530,2,50253,0.178434,-0.535303,0.8157,0.127453,74.3499
lightbox/images/img000434.jpg,lightbox,0,73374,2,15702,0.540548,-0.454061,0.691902,-0.151354,126.919
lightbox/images/img000449.jpg,lightbox,3,72507,3,36472,0.125511,0.57735,-0.0753066,0.80327,42.5176
lightbox/images/img000450.jpg,lightbox,1,13505,1,13264,0.385271,0.725215,-0.0679889,-0.566575,37.0593
lightbox/images/img000458.jpg,lightbox,2,36110,1,35415,0.578811,0.805302,0.0251657,-0.125828,110.992
lightbox/images/img000460.jpg,lightbox,1,74056,0,32354,0.647423,0.263016,0.505799,-0.505799,177.805
lightbox/images/img000472.jpg,lightbox,1,06224,3,75000,0.424602,0.0249766,0.424602,0.799251,119.84
lightbox/images/img000479.jpg,lightbox,3,67106,2,62005,-0.623548,0.365528,0.688053,0.0645049,102.263
lightbox/images/img000481.jpg,lightbox,2,27166,2,27401,-0.332243,0.434472,0.817829,-0.1789,23.8289
lightbox/images/img000493.jpg,lightbox,2,34116,2,16737,0.420084,-0.0280056,0.896179,-0.140028,27.3537
lightbox/images/img000496.jpg,lightbox,2,61007,2,34520,0.262111,0.145617,0.931951,-0.203864,82.5767
lightbox/images/img000497.jpg,lightbox,3,17762,2,50271,0.183261,-0.497423,0.837765,0.130901,162.054
lightbox/images/img000499.jpg,lightbox,3,14612,0,16554,0.849491,0.345106,-0.398199,-0.0265466,177.197
lightbox/images/img000503.jpg,lightbox,0,05534,0,07536,0.948174,-0.0888913,-0.266674,-0.148152,48.6196
lightbox/images/img000507.jpg,lightbox,2,34231,0,14774,0.811493,0.329669,-0.481824,-0.0253592,163.726
lightbox/images/img000510.jpg,lightbox,3,55003,1,43721,-0.148152,0.948174,-0.0888913,0.266674,123.714
lightbox/images/img000512.jpg,lightbox,3,35023,3,07453,-0.251263,-0.362936,-0.0837545,0.893381,112.202
lightbox/images/img000514.jpg,lightbox,3,70021,3,52572,0.342224,-0.236924,0.342224,0.842397,63.9487
lightbox/images/img000518.jpg,lightbox,2,30347,1,35517,0.689912,0.712167,0.0667657,-0.111276,124.98
lightbox/images/img000525.jpg,lightbox,1,43567,1,47133,-0.026774,0.856767,-0.240966,0.455158,13.9258
lightbox/images/img000528.jpg,lightbox,2,47044,2,21445,-0.337577,0.0259675,0.830959,-0.441447,121.196
lightbox/images/img000532.jpg,lightbox,3,07501,3,07754,-0.0911606,-0.212708,-0.0303869,0.972379,29.4264
lightbox/images/img000538.jpg,lightbox,2,34163,1,34743,0.308062,0.896179,0.308062,-0.0840168,112.522
lightbox/images/img000539.jpg,lightbox,2,70001,2,74002,0.0274929,0.0824786,0.879772,0.467379,50.1475
lightbox/images/img000542.jpg,lightbox,2,01675,1,37222,0.340068,0.640128,0.620124,-0.30006,155.171
lightbox/images/img000554.jpg,lightbox,3,17347,3,52123,0.314029,-0.256933,0.0285481,0.91354,52.451
lightbox/images/img000555.jpg,lightbox,0,26432,2,20577,-0.418384,0.172276,0.787547,-0.418384,174.304
lightbox/images/img000564.jpg,lightbox,2,05161,2,17620,0.459124,-0.0810219,0.864234,-0.189051,95.537
lightbox/images/img000571.jpg,lightbox,1,63045,1,62551,-0.403961,0.760398,0.403961,0.308911,20.1179
lightbox/images/img000583.jpg,lightbox,1,43261,1,47300,-0.186352,0.851896,-0.186352,0.45257,45.8839
lightbox/images/img000587.jpg,lightbox,3,16614,1,04343,-0.466436,0.71076,-0.466436,-0.244324,136.796
lightbox/images/img000605.jpg,lightbox,2,72377,2,70174,0.36522,0.140469,0.899004,0.196657,63.7198
lightbox/images/img000620.jpg,lightbox,2,16627,1,16673,0.212708,0.972379,-0.0303869,-0.0911606,178.984
lightbox/images/img000628.jpg,lightbox,0,52142,0,50217,0.819974,0.179369,-0.538108,0.0768726,21.601
lightbox/images/img000629.jpg,lightbox,2,05542,2,14364,0.228822,-0.483068,0.813589,-0.228822,53.1656
lightbox/images/img000643.jpg,lightbox,2,07366,1,16652,0.151934,0.972379,-0.151934,-0.0911606,158.172
lightbox/images/img000645.jpg,lightbox,0,52660,0,42771,0.828726,-0.440261,-0.0776931,0.33667,55.9764
lightbox/images/img000646.jpg,lightbox,0,71670,0,70624,0.882444,0.0275764,0.358493,0.30334,56.3631
lightbox/images/img000655.jpg,lightbox,2,31247,3,03276,-0.261387,-0.0237624,-0.594061,0.760398,42.1689
lightbox/images/img000666.jpg,lightbox,1,07327,2,07657,-0.267615,-0.148675,0.951522,-0.0297351,166.305
lightbox/images/img000667.jpg,lightbox,1,61065,1,61164,-0.206689,0.944862,0.147635,0.206689,17.0615
lightbox/images/img000671.jpg,lightbox,0,61226,3,61363,-0.138728,0.416185,0.138728,0.887862,165.117
lightbox/images/img000678.jpg,lightbox,3,72237,1,14637,0.187958,0.859235,-0.456468,-0.134255,121.834
lightbox/images/img000690.jpg,lightbox,0,55666,3,07776,-0.0932505,-0.0310835,-0.0310835,0.994672,114.069
lightbox/images/img000695.jpg,lightbox,0,52077,0,52137,0.8745,0.409922,-0.245953,0.0819844,26.9627
lightbox/images/img000696.jpg,lightbox,1,35432,2,70312,0.358493,0.30334,0.882444,0.0275764,107.955
lightbox/images/img000700.jpg,lightbox,3,65365,0,60334,0.809414,-0.480589,0.328824,0.0758825,176.342
lightbox/images/img000708.jpg,lightbox,1,53026,1,52252,0.150824,0.965275,-0.150824,0.150824,40.5891
lightbox/images/img000711.jpg,lightbox,1,23576,1,16323,0.29708,0.864234,-0.0270073,-0.40511,78.4076
lightbox/images/img000719.jpg,lightbox,1,53631,2,33747,0.512915,0.512915,0.607899,-0.322947,109.384
lightbox/images/img000727.jpg,lightbox,1,43645,2,70155,0.416185,0.0277457,0.887862,0.19422,158.64
lightbox/images/img000737.jpg,lightbox,3,14261,3,17002,0.411464,-0.314649,-0.363057,0.774521,47.1975
lightbox/images/img000744.jpg,lightbox,1,21615,1,21674,-0.274743,0.799251,0.324696,-0.424602,20.6584
lightbox/images/img000745.jpg,lightbox,3,25770,3,71312,0.650578,0.246771,0.0224337,0.717879,94.7922
lightbox/images/img000746.jpg,lightbox,1,11607,2,47221,-0.33667,-0.0776931,0.828726,0.440261,84.6037
lightbox/images/img000773.jpg,lightbox,3,26511,1,17561,0.622212,0.737437,-0.253494,-0.0691347,176.865
lightbox/images/img000794.jpg,lightbox,1,30371,2,17227,0.481824,-0.0253592,0.811493,-0.329669,114.143
lightbox/images/img000797.jpg,lightbox,1,43153,3,07705,-0.149204,-0.208885,-0.149204,0.954905,179.494
lightbox/images/img000808.jpg,lightbox,1,67425,1,62535,-0.392598,0.739008,0.484974,0.254034,41.2052
lightbox/images/img000818.jpg,lightbox,0,25525,0,36072,0.776342,0.121303,0.557996,-0.266868,60.0612
lightbox/images/img000823.jpg,lightbox,3,30124,3,03013,-0.190372,-0.274982,-0.655727,0.676879,63.6719
lightbox/images/img000845.jpg,lightbox,2,47324,2,47431,-0.209189,-0.255676,0.743784,0.581081,24.6142
lightbox/images/img000849.jpg,lightbox,2,63533,2,70611,0.199189,0.2561,0.910577,0.2561,46.6905
lightbox/images/img000856.jpg,lightbox,2,02743,2,31277,0.469192,0.305995,0.652789,-0.509992,126.331
lightbox/images/img000858.jpg,lightbox,1,35606,1,35264,0.430001,0.809414,0.328824,-0.227648,12.1002
lightbox/images/img000861.jpg,lightbox,1,71657,1,57700,0.518699,0.663935,-0.145236,0.518699,52.4225
lightbox/images/img000867.jpg,lightbox,2,70351,2,50277,0.186352,-0.45257,0.851896,0.186352,85.2096
lightbox/images/img000871.jpg,lightbox,3,75207,3,71022,0.46047,0.189605,0.0270864,0.866766,51.3957
lightbox/images/img000878.jpg,lightbox,1,27555,1,25702,-0.198547,0.907642,0.312002,-0.198547,33.6017
lightbox/images/img000888.jpg,lightbox,2,54155,1,52002,0.0289278,0.925691,-0.376062,0.0289278,82.7681
lightbox/images/img000892.jpg,lightbox,0,56465,0,30475,0.859235,0.187958,0.134255,-0.456468,149.312
lightbox/images/img000893.jpg,lightbox,1,15071,2,10562,0.196818,-0.546718,0.699798,-0.415505,112.669
lightbox/images/img000894.jpg,lightbox,2,36604,2,27554,-0.0824786,0.467379,0.879772,-0.0274929,28.1217
lightbox/images/img000895.jpg,lightbox,0,43770,0,70451,0.907642,0.198547,0.0283638,0.368729,37.4525
lightbox/images/img000904.jpg,lightbox,1,37600,2,17222,0.433341,-0.0254906,0.8157,-0.38236,95.0662
lightbox/images/img000911.jpg,lightbox,3,36100,3,32772,0.259223,0.618148,-0.378865,0.638089,31.1242
lightbox/images/img000915.jpg,lightbox,0,36607,1,14337,0.363057,0.774521,-0.411464,-0.314649,166.697
lightbox/images/img000919.jpg,lightbox,2,06336,1,12527,0.269417,0.783758,-0.220432,-0.514341,161.236
lightbox/images/img000930.jpg,lightbox,0,70706,0,70467,0.88514,0.0829819,0.193624,0.41491,26.4605
lightbox/images/img000932.jpg,lightbox,1,13307,0,13037,0.643224,0.462317,-0.180907,-0.582922,25.4045
lightbox/images/img000933.jpg,lightbox,1,56001,1,47107,-0.125828,0.805302,-0.327154,0.478148,26.0119
lightbox/images/img000937.jpg,lightbox,0,12401,0,41333,0.882444,-0.0275764,-0.468798,0.0275764,68.5226
lightbox/images/img000950.jpg,lightbox,3,24457,1,14673,0.189051,0.864234,-0.459124,-0.0810219,168.356
lightbox/images/img000951.jpg,lightbox,3,56720,1,56251,0.177059,0.809414,-0.177059,0.531178,149.139
lightbox/images/img000956.jpg,lightbox,2,40524,0,70427,0.922608,0.0864945,0.20182,0.317146,148.124
lightbox/images/img000957.jpg,lightbox,0,33366,0,54332,0.760398,0.308911,-0.403961,0.403961,159.298
lightbox/images/img000962.jpg,lightbox,3,15711,3,10777,0.350931,-0.397722,-0.397722,0.748653,44.1263
lightbox/images/img000974.jpg,lightbox,2,65757,0,63214,0.758686,-0.260798,0.592723,0.0711268,132.927
lightbox/images/img000982.jpg,lightbox,0,25323,0,25342,0.882444,-0.193035,0.30334,-0.30334,18.8939
lightbox/images/img000988.jpg,lightbox,1,72150,1,05775,-0.0268511,0.859235,-0.510171,-0.0268511,122.562
lightbox/images/img000992.jpg,lightbox,2,01267,2,31462,0.409549,0.168638,0.770916,-0.457732,104.383
lightbox/images/img000995.jpg,lightbox,3,44307,3,40747,-0.454912,-0.454912,0.324937,0.6932,8.43529
lightbox/images/img001003.jpg,lightbox,1,34216,1,25374,-0.0837545,0.893381,0.362936,-0.251263,32.2147
lightbox/images/img001007.jpg,lightbox,3,00701,2,53035,0.560642,-0.268133,0.780024,0.0731272,129.531
lightbox/images/img001013.jpg,lightbox,3,07171,0,52177,0.861723,0.403933,-0.24236,0.188502,170.446
lightbox/images/img001018.jpg,lightbox,3,10403,2,52027,0.0895223,-0.268567,0.954905,0.0895223,154.076
lightbox/images/img001026.jpg,lightbox,0,51040,2,13724,0.545675,-0.065481,0.698464,-0.458367,160.188
lightbox/images/img001030.jpg,lightbox,3,65340,0,65206,0.769133,-0.360531,0.264389,0.456673,145.333
lightbox/images/img001042.jpg,lightbox,0,14030,2,00345,-0.410347,-0.449428,0.625291,-0.488509,110.212
lightbox/images/img001044.jpg,lightbox,1,41072,1,41362,-0.187958,0.859235,-0.456468,0.134255,19.9072
lightbox/images/img001045.jpg,lightbox,2,65313,1,60117,-0.465972,0.877124,0.0822304,0.0822304,136.83
lightbox/images/img001050.jpg,lightbox,3,66167,3,65505,-0.118545,0.0237089,0.640141,0.758686,65.8693
lightbox/images/img001051.jpg,lightbox,0,73527,2,13547,0.574208,-0.276471,0.680543,-0.361538,124.289
lightbox/images/img001070.jpg,lightbox,3,56320,3,56212,0.135432,-0.135432,0.46047,0.866766,15.177
lightbox/images/img001087.jpg,lightbox,2,67026,2,63463,-0.298949,0.52891,0.735875,0.298949,13.0805
lightbox/images/img001094.jpg,lightbox,0,67534,0,61365,0.899004,-0.140469,0.36522,0.196657,51.2624
lightbox/images/img001105.jpg,lightbox,0,07157,2,13624,0.404877,-0.0714488,0.762121,-0.500142,154.438
lightbox/images/img001106.jpg,lightbox,0,27417,2,17044,0.422499,-0.372793,0.795292,-0.223676,60.8293
lightbox/images/img001107.jpg,lightbox,3,36524,3,07707,-0.150824,-0.150824,-0.150824,0.965275,92.9698
lightbox/images/img001108.jpg,lightbox,0,61367,0,61316,0.93834,-0.0879694,0.322554,0.0879694,19.9253
lightbox/images/img001109.jpg,lightbox,3,71071,3,53032,0.533917,-0.228822,0.0254246,0.813589,40.3905
lightbox/images/img001111.jpg,lightbox,0,20226,1,21645,-0.328824,0.809414,0.227648,-0.430001,138.872
lightbox/images/img001119.jpg,lightbox,1,27364,1,16624,0.0307293,0.983336,-0.0921878,-0.153646,97.1285
lightbox/images/img001125.jpg,lightbox,3,20770,1,01572,-0.0667657,0.712167,-0.55638,-0.422849,160.888
lightbox/images/img001129.jpg,lightbox,2,43044,2,43421,-0.348062,-0.294514,0.856767,0.240966,15.7853
lightbox/images/img001139.jpg,lightbox,3,16632,3,07775,-0.0310835,-0.0932505,-0.0310835,0.994672,32.4287
lightbox/images/img001145.jpg,lightbox,3,02411,0,53436,0.783758,0.514341,-0.220432,0.269417,150.34
lightbox/images/img001148.jpg,lightbox,2,07674,1,16770,0.373569,0.919555,-0.0862083,-0.0862083,151.211
lightbox/images/img001150.jpg,lightbox,1,22163,1,17567,0.630298,0.74702,-0.210099,-0.0233444,166.402
lightbox/images/img001154.jpg,lightbox,3,01461,3,03777,-0.0275764,-0.0275764,-0.468798,0.882444,73.4893
lightbox/images/img001155.jpg,lightbox,3,65234,3,65163,-0.127453,0.178434,0.535303,0.8157,25.8276
lightbox/images/img001159.jpg,lightbox,1,12266,0,05224,0.758686,-0.355634,-0.45047,-0.308216,173.319
lightbox/images/img001176.jpg,lightbox,2,20730,2,53527,0.610647,-0.203549,0.72373,0.248782,173.366
lightbox/images/img001184.jpg,lightbox,2,07465,2,43223,-0.376062,-0.0289278,0.925691,0.0289278,33.7624
lightbox/images/img001187.jpg,lightbox,3,57116,3,57206,0.412432,-0.121303,0.460953,0.776342,31.1286
lightbox/images/img001196.jpg,lightbox,1,71714,1,57164,0.521399,0.667391,-0.229416,0.479687,57.5886
lightbox/images/img001199.jpg,lightbox,1,07763,2,47035,-0.22592,-0.276124,0.80327,0.476942,142.769
lightbox/images/img001201.jpg,lightbox,1,20502,2,01701,-0.108928,-0.501067,0.697136,-0.501067,179.861
lightbox/images/img001209.jpg,lightbox,2,54676,2,65164,-0.173542,0.123958,0.793334,0.570209,68.8123
lightbox/images/img001216.jpg,lightbox,1,12522,2,10742,0.206095,-0.480888,0.732782,-0.435089,150.416
lightbox/images/img001220.jpg,lightbox,3,77455,1,74023,0.0810219,0.864234,0.189051,0.459124,89.4332
lightbox/images/img001234.jpg,lightbox,2,42677,2,44675,-0.458658,-0.34858,0.587082,0.568736,50.062
lightbox/images/img001236.jpg,lightbox,0,14207,0,64135,0.776342,-0.412432,0.121303,0.460953,137.888
lightbox/images/img001246.jpg,lightbox,1,07473,1,16474,0.146114,0.935129,-0.321451,-0.0292228,46.0611
lightbox/images/img001253.jpg,lightbox,2,05552,2,14414,0.110838,-0.687194,0.709362,-0.110838,20.6552
lightbox/images/img001255.jpg,lightbox,2,71225,2,16733,0.416185,-0.0277457,0.887862,-0.19422,53.6256
lightbox/images/img001264.jpg,lightbox,2,27665,2,25517,-0.0307293,0.0921878,0.983336,-0.153646,78.8899
lightbox/images/img001268.jpg,lightbox,1,64577,3,61363,-0.138728,0.416185,0.138728,0.887862,47.1186
lightbox/images/img001280.jpg,lightbox,1,36524,1,07771,-0.0309641,0.99085,-0.0928922,-0.0928922,83.3373
lightbox/images/img001287.jpg,lightbox,3,12476,0,16072,0.904735,0.141365,-0.254457,-0.311003,169.594
lightbox/images/img001288.jpg,lightbox,3,45712,3,47430,-0.252957,-0.252957,0.574903,0.735875,32.9901
lightbox/images/img001295.jpg,lightbox,1,77157,0,75164,0.681778,0.532639,0.106528,0.490028,31.0452
lightbox/images/img001299.jpg,lightbox,0,66244,3,32324,0.17048,0.549325,-0.549325,0.606152,154.941
lightbox/images/img001308.jpg,lightbox,2,07526,2,27701,-0.120456,0.602279,0.770916,-0.168638,104.122
lightbox/images/img001314.jpg,lightbox,0,57275,2,70174,0.36522,0.140469,0.899004,0.196657,134.843
lightbox/images/img001319.jpg,lightbox,1,43373,1,43723,-0.148675,0.951522,-0.0297351,0.267615,15.6826
lightbox/images/img001323.jpg,lightbox,1,26444,1,30605,0.0760775,0.811493,0.228232,-0.532542,108.792
lightbox/images/img001331.jpg,lightbox,2,62342,2,42772,-0.481824,-0.0253592,0.811493,0.329669,76.4729
lightbox/images/img001344.jpg,lightbox,0,72010,0,72007,0.854321,0.0800926,0.507253,0.0800926,12.0482
lightbox/images/img001350.jpg,lightbox,2,02653,3,12136,0.282675,-0.195698,-0.630584,0.695817,56.0381
lightbox/images/img001355.jpg,lightbox,3,25754,3,21577,-0.0270864,0.189605,-0.46047,0.866766,51.5503
lightbox/images/img001365.jpg,lightbox,0,42042,0,42702,0.785646,-0.564683,-0.122757,0.220963,26.6096
lightbox/images/img001366.jpg,lightbox,0,76122,0,70673,0.835478,0.182761,0.39163,0.339413,21.3359
lightbox/images/img001371.jpg,lightbox,2,12651,2,37660,0.365528,0.623548,0.688053,-0.0645049,113.875
lightbox/images/img001379.jpg,lightbox,0,77514,3,77003,0.421184,0.421184,0.376848,0.709362,34.0496
lightbox/images/img001382.jpg,lightbox,3,16561,3,52160,0.254457,-0.311003,0.141365,0.904735,27.2666
lightbox/images/img001387.jpg,lightbox,0,65727,2,25573,-0.0303869,0.212708,0.972379,-0.0911606,156.273
lightbox/images/img001396.jpg,lightbox,3,16054,0,52542,0.842397,0.236924,-0.342224,0.342224,135.077
lightbox/images/img001400.jpg,lightbox,3,43711,2,13670,0.490232,-0.0700331,0.74702,-0.443543,154.387
lightbox/images/img001414.jpg,lightbox,2,24640,3,60701,-0.520626,0.223125,0.223125,0.793334,120.061
lightbox/images/img001419.jpg,lightbox,0,56126,3,56205,0.0789747,-0.184274,0.500173,0.842397,141.203
lightbox/images/img001432.jpg,lightbox,1,31224,2,52420,0.0285481,-0.314029,0.91354,0.256933,170.223
lightbox/images/img001435.jpg,lightbox,3,47221,0,60572,0.799251,-0.474555,0.174836,0.324696,167.524
lightbox/images/img001436.jpg,lightbox,2,25752,2,25574,-0.0921878,0.153646,0.983336,-0.0307293,17.8426
lightbox/images/img001440.jpg,lightbox,3,66006,3,47326,-0.184787,-0.0263982,0.501565,0.844742,75.2102
lightbox/images/img001450.jpg,lightbox,1,17620,3,12747,0.287982,-0.130901,-0.445063,0.837765,165.368
lightbox/images/img001472.jpg,lightbox,3,32533,2,53000,0.433341,-0.38236,0.8157,0.0254906,130.128
lightbox/images/img001474.jpg,lightbox,1,71141,1,53724,0.592723,0.758686,-0.0711268,0.260798,21.1042
lightbox/images/img001482.jpg,lightbox,2,42334,2,21714,-0.0760775,0.228232,0.811493,-0.532542,97.0903
lightbox/images/img001485.jpg,lightbox,0,61745,0,65303,0.837765,-0.130901,0.287982,0.445063,5.52827
lightbox/images/img001493.jpg,lightbox,0,25523,0,60575,0.809414,-0.430001,0.126471,0.379413,75.1367
lightbox/images/img001496.jpg,lightbox,2,12236,2,13624,0.404877,-0.0714488,0.762121,-0.500142,39.9495
lightbox/images/img001500.jpg,lightbox,0,56754,3,07745,-0.150824,-0.211154,-0.0301648,0.965275,124.921
lightbox/images/img001506.jpg,lightbox,2,30427,0,34354,0.869321,0.353162,0.244497,-0.244497,124.519
lightbox/images/img001520.jpg,lightbox,3,14045,3,63225,-0.287613,0.641599,0.0663723,0.707972,177.073
lightbox/images/img001526.jpg,lightbox,2,64503,2,51716,0.588658,-0.42627,0.649554,0.223284,148.562
lightbox/images/img001532.jpg,lightbox,0,13542,3,75126,0.55095,0.154266,0.418722,0.705215,172.766
lightbox/images/img001542.jpg,lightbox,0,14722,0,17242,0.837765,0.445063,-0.130901,-0.287982,47.6392
lightbox/images/img001557.jpg,lightbox,2,32016,1,30571,0.370965,0.791391,0.123655,-0.469888,87.4102
lightbox/images/img001559.jpg,lightbox,1,35101,1,13062,0.368955,0.694504,-0.195329,-0.585988,44.3517
lightbox/images/img001567.jpg,lightbox,1,53040,1,51272,0.497888,0.758686,-0.403052,0.118545,9.74699
lightbox/images/img001571.jpg,lightbox,0,63334,3,76104,0.214834,0.405798,0.453539,0.763856,122.325
lightbox/images/img001588.jpg,lightbox,1,76356,3,70744,0.239596,0.239596,0.399326,0.851896,66.9348
lightbox/images/img001599.jpg,lightbox,0,15370,2,13077,0.483916,-0.189358,0.673274,-0.525995,172.992
lightbox/images/img001603.jpg,lightbox,1,61764,1,47123,-0.132733,0.849491,-0.238919,0.451292,67.3668
lightbox/images/img001608.jpg,lightbox,1,25675,1,61270,-0.300609,0.8745,0.355266,0.136641,22.1251
lightbox/images/img001620.jpg,lightbox,2,61600,2,60555,-0.433341,0.0254906,0.8157,0.38236,29.5306
lightbox/images/img001624.jpg,lightbox,3,12675,3,16274,0.148152,-0.0888913,-0.266674,0.948174,24.081
lightbox/images/img001625.jpg,lightbox,2,71467,1,71241,0.492056,0.828726,0.233079,0.129488,104.559
lightbox/images/img001626.jpg,lightbox,3,72032,0,72032,0.805302,0.125828,0.578811,0.0251657,155.967
lightbox/images/img001632.jpg,lightbox,2,43736,1,43317,-0.0307293,0.983336,-0.153646,0.0921878,162.147
lightbox/images/img001635.jpg,lightbox,0,61224,2,02345,-0.454061,-0.151354,0.691902,-0.540548,166.728
lightbox/images/img001642.jpg,lightbox,1,36702,1,36601,0.0726113,0.774521,0.605095,-0.169426,14.1444
lightbox/images/img001654.jpg,lightbox,3,02475,3,56201,0.0810219,-0.189051,0.459124,0.864234,128.432
lightbox/images/img001662.jpg,lightbox,2,16070,2,52071,0.200492,-0.315058,0.916533,0.143208,54.5646
lightbox/images/img001664.jpg,lightbox,3,33656,3,32771,0.302984,0.585769,-0.38378,0.646366,14.9755
lightbox/images/img001675.jpg,lightbox,2,56673,1,53210,0.539527,0.822136,-0.179842,0.0256917,173.755
lightbox/images/img001682.jpg,lightbox,3,56427,3,56661,0.0691347,-0.0691347,0.668302,0.737437,13.9948
lightbox/images/img001684.jpg,lightbox,3,50303,0,05676,0.844742,-0.29038,-0.448769,-0.0263982,138.308
lightbox/images/img001687.jpg,lightbox,2,71235,2,17542,0.584885,-0.30414,0.748653,-0.0701862,76.0336
lightbox/images/img001688.jpg,lightbox,3,70526,1,16624,0.0307293,0.983336,-0.0921878,-0.153646,174.98
lightbox/images/img001713.jpg,lightbox,1,54314,1,53501,0.595026,0.705215,-0.33057,0.198342,50.777
lightbox/images/img001721.jpg,lightbox,2,75457,0,74220,0.830959,0.0259675,0.337577,0.441447,61.1712
lightbox/images/img001726.jpg,lightbox,1,05244,1,54231,0.168638,0.770916,-0.457732,0.409549,96.4296
lightbox/images/img001731.jpg,lightbox,2,70234,1,70601,0.0867835,0.925691,0.260351,0.260351,106.147
lightbox/images/img001733.jpg,lightbox,3,53002,0,50245,0.797264,0.0747435,-0.573034,0.174402,126.216
lightbox/images/img001734.jpg,lightbox,2,03720,3,01242,-0.304981,-0.426974,-0.548966,0.650627,87.5926
lightbox/images/img001735.jpg,lightbox,1,25460,1,70204,0.0299476,0.958324,0.269529,0.0898429,56.7244
lightbox/images/img001751.jpg,lightbox,0,65310,0,25572,0.968808,-0.0908257,0.211927,-0.0908257,65.5522
lightbox/images/img001771.jpg,lightbox,2,07172,1,52211,0.208885,0.954905,-0.208885,0.0298408,126.915
lightbox/images/img001781.jpg,lightbox,1,73315,2,71120,0.610847,0.122169,0.781884,0.0244339,67.5897
lightbox/images/img001784.jpg,lightbox,2,12375,2,33014,0.41224,0.333718,0.628176,-0.569284,49.0421
lightbox/images/img001792.jpg,lightbox,0,16203,0,07760,0.968808,-0.211927,-0.0908257,-0.0908257,50.5854
lightbox/images/img001800.jpg,lightbox,0,25726,0,25602,0.849491,-0.398199,0.292013,-0.185826,27.5658
lightbox/images/img001812.jpg,lightbox,3,15703,1,15077,0.483916,0.673274,-0.525995,-0.189358,170.159
lightbox/images/img001813.jpg,lightbox,1,47310,2,05207,-0.306158,-0.494563,0.753619,-0.306158,96.5355
lightbox/images/img001817.jpg,lightbox,1,35034,1,30751,0.36477,0.778177,0.218862,-0.462042,22.4839
lightbox/images/img001828.jpg,lightbox,0,50135,3,43027,-0.362936,-0.251263,0.0837545,0.893381,141.964
lightbox/images/img001831.jpg,lightbox,3,17132,3,52123,0.314029,-0.256933,0.0285481,0.91354,59.9549
lightbox/images/img001837.jpg,lightbox,3,16710,3,52053,0.196657,-0.36522,0.140469,0.899004,46.5454
lightbox/images/img001839.jpg,lightbox,1,22574,3,12223,0.067166,-0.0223887,-0.694049,0.716438,105.192
lightbox/images/img001869.jpg,lightbox,2,52715,2,76332,0.263016,0.627191,0.647423,0.343944,102.091
lightbox/images/img001875.jpg,lightbox,1,62252,0,04717,0.758686,-0.403052,-0.497888,-0.118545,36.6235
lightbox/images/img001876.jpg,lightbox,0,74555,0,34573,0.88514,0.41491,0.193624,-0.0829819,94.3039
lightbox/images/img001884.jpg,lightbox,1,45174,1,17442,0.440261,0.828726,-0.33667,-0.0776931,95.7434
lightbox/images/img001886.jpg,lightbox,0,32457,0,34757,0.864234,0.40511,0.29708,-0.0270073,57.421
lightbox/images/img001887.jpg,lightbox,1,71750,2,13340,0.507464,-0.14209,0.649554,-0.548061,153.99
lightbox/images/img001889.jpg,lightbox,3,52611,3,52475,0.185826,-0.292013,0.398199,0.849491,17.8677
lightbox/images/img001893.jpg,lightbox,1,54375,1,50704,0.214834,0.763856,-0.549021,0.262575,37.4355
lightbox/images/img001908.jpg,lightbox,1,03705,3,70147,0.317146,0.0864945,0.20182,0.922608,122.729
lightbox/images/img001937.jpg,lightbox,0,77552,3,47525,-0.114738,-0.252424,0.619586,0.734324,132.996
lightbox/images/img001948.jpg,lightbox,3,42312,3,06772,-0.508706,-0.026774,-0.0803219,0.856767,19.2945
lightbox/images/img001957.jpg,lightbox,3,52036,3,52074,0.143208,-0.315058,0.200492,0.916533,17.7233
lightbox/images/img001958.jpg,lightbox,3,76073,2,71147,0.63446,0.0704956,0.751953,0.16449,105.093
lightbox/images/img001976.jpg,lightbox,2,31177,0,31077,0.678094,0.48738,0.148333,-0.529761,71.4686
lightbox/images/img001984.jpg,lightbox,3,66615,2,60151,-0.464578,0.0273281,0.8745,0.136641,86.7134
lightbox/images/img001987.jpg,lightbox,1,46315,1,76012,0.121303,0.776342,0.460953,0.412432,97.9095
lightbox/images/img001991.jpg,lightbox,1,56207,1,53662,0.441447,0.830959,-0.0259675,0.337577,45.5035
lightbox/images/img002000.jpg,lightbox,2,71734,2,71027,0.500173,0.184274,0.842397,0.0789747,31.085
lightbox/images/img002017.jpg,lightbox,2,56314,1,63414,-0.278951,0.811493,0.431106,0.278951,153.422
lightbox/images/img002018.jpg,lightbox,1,74200,1,74031,0.187958,0.859235,0.134255,0.456468,23.0788
lightbox/images/img002019.jpg,lightbox,1,30532,3,01511,-0.0199403,-0.618148,-0.458626,0.638089,50.5202
lightbox/images/img002025.jpg,lightbox,1,22557,1,21667,-0.314649,0.774521,0.363057,-0.411464,12.8068
lightbox/images/img002032.jpg,lightbox,0,66303,1,31277,0.469192,0.652789,0.305995,-0.509992,176.784
lightbox/images/img002034.jpg,lightbox,0,41074,0,23410,0.722254,-0.248275,0.383697,-0.51912,147.694
lightbox/images/img002035.jpg,lightbox,0,72000,3,06656,-0.640141,-0.118545,-0.0237089,0.758686,111.2
lightbox/images/img002036.jpg,lightbox,1,44600,2,43526,-0.196039,-0.25205,0.896179,0.308062,151.08
lightbox/images/img002050.jpg,lightbox,1,25147,2,21752,-0.0770752,0.282609,0.822136,-0.488143,124.29
lightbox/images/img002058.jpg,lightbox,2,55245,2,65110,-0.0824786,0.0274929,0.879772,0.467379,81.5609
lightbox/images/img002065.jpg,lightbox,3,37654,3,71333,0.659276,0.319005,0.021267,0.680543,37.7415
lightbox/images/img002067.jpg,lightbox,0,74322,0,72427,0.780024,0.0731272,0.560642,0.268133,31.4285
lightbox/images/img002070.jpg,lightbox,2,26402,2,74140,0.228822,0.0254246,0.813589,0.533917,143.713
lightbox/images/img002071.jpg,lightbox,0,03571,2,71003,0.508706,0.0803219,0.856767,0.026774,161.11
lightbox/images/img002076.jpg,lightbox,0,46225,2,43704,-0.198547,-0.198547,0.907642,0.312002,172.517
lightbox/images/img002082.jpg,lightbox,2,02107,2,32364,0.177497,0.571935,0.631101,-0.493048,121.957
lightbox/images/img002083.jpg,lightbox,2,35472,0,70122,0.941584,0.26482,0.205971,0.0294245,88.8155
lightbox/images/img002089.jpg,lightbox,0,53174,1,53227,0.508706,0.856767,-0.026774,0.0803219,42.1081
lightbox/images/img002102.jpg,lightbox,3,03172,0,52137,0.8745,0.409922,-0.245953,0.0819844,170.44
lightbox/images/img002105.jpg,lightbox,3,56400,1,53012,0.51935,0.791391,-0.321503,0.024731,129.22
lightbox/images/img002111.jpg,lightbox,2,50550,0,07764,0.972379,-0.212708,-0.0911606,-0.0303869,142.356
lightbox/images/img002114.jpg,lightbox,1,12746,3,10672,0.121303,-0.412432,-0.460953,0.776342,102.461
lightbox/images/img002117.jpg,lightbox,2,06574,1,01777,-0.0249766,0.799251,-0.424602,-0.424602,113.396
lightbox/images/img002121.jpg,lightbox,2,21254,1,05447,-0.288178,0.709362,-0.642859,-0.0221676,154.504
lightbox/images/img002130.jpg,lightbox,0,66201,1,64115,-0.415376,0.781884,0.0244339,0.464244,116.783
lightbox/images/img002135.jpg,lightbox,1,11663,1,13514,0.576437,0.636069,-0.298157,-0.41742,22.8234
lightbox/images/img002136.jpg,lightbox,1,34256,1,27554,-0.0824786,0.879772,0.467379,-0.0274929,42.3984
lightbox/images/img002138.jpg,lightbox,2,56007,2,54134,0.272076,-0.565081,0.669726,0.39765,39.526
lightbox/images/img002146.jpg,lightbox,2,34507,2,41724,-0.177514,-0.481824,0.811493,0.278951,101.34
lightbox/images/img002149.jpg,lightbox,2,47072,2,43277,-0.26482,-0.0294245,0.941584,0.205971,46.854
lightbox/images/img002154.jpg,lightbox,1,07643,3,50242,0.0258977,-0.543852,0.129488,0.828726,108.586
lightbox/images/img002163.jpg,lightbox,2,70155,2,71042,0.463196,0.0817405,0.871899,0.136234,10.7724
lightbox/images/img002164.jpg,lightbox,2,15463,1,76012,0.121303,0.776342,0.460953,0.412432,169.936
lightbox/images/img002165.jpg,lightbox,0,06347,0,06723,0.822136,-0.539527,-0.0256917,-0.179842,10.899
lightbox/images/img002170.jpg,lightbox,2,16154,3,17226,0.441447,-0.0259675,-0.337577,0.830959,143.855
lightbox/images/img002171.jpg,lightbox,3,74174,0,52205,0.968808,0.0908257,-0.211927,0.0908257,149.178
lightbox/images/img002175.jpg,lightbox,1,12775,2,30543,0.282609,0.0770752,0.822136,-0.488143,142.303
lightbox/images/img002176.jpg,lightbox,0,06422,2,30056,0.121879,0.0731272,0.780024,-0.609394,175.188
lightbox/images/img002178.jpg,lightbox,0,61573,0,70447,0.899004,0.0842816,0.0842816,0.421408,18.7493
lightbox/images/img002179.jpg,lightbox,2,51242,2,52766,0.246691,-0.0274101,0.877124,0.411152,70.8233
lightbox/images/img002181.jpg,lightbox,0,16222,0,34053,0.922608,0.20182,0.0864945,-0.317146,25.1103
lightbox/images/img002183.jpg,lightbox,3,37526,1,75035,0.522323,0.72671,0.113548,0.431484,45.2928
lightbox/images/img002215.jpg,lightbox,3,34466,3,36421,0.0768726,0.538108,-0.179369,0.819974,43.1055
lightbox/images/img002238.jpg,lightbox,2,35700,0,72214,0.780024,0.121879,0.609394,0.0731272,38.314
lightbox/images/img002241.jpg,lightbox,0,66514,0,34576,0.907642,0.368729,0.198547,-0.0283638,119.245
lightbox/images/img002245.jpg,lightbox,0,25177,0,34606,0.935129,0.0292228,0.321451,-0.146114,19.2458
lightbox/images/img002250.jpg,lightbox,2,50235,2,16614,0.149204,-0.208885,0.954905,-0.149204,43.0336
lightbox/images/img002256.jpg,lightbox,1,42173,1,43017,-0.251263,0.893381,-0.362936,0.0837545,29.2294
lightbox/images/img002257.jpg,lightbox,0,75452,1,71421,0.492056,0.828726,0.129488,0.233079,64.7873
lightbox/images/img002262.jpg,lightbox,1,06154,1,06175,-0.43676,0.822136,-0.282609,-0.231226,9.97184
lightbox/images/img002298.jpg,lightbox,0,12570,0,07573,0.958324,-0.0299476,-0.269529,-0.0898429,63.1198
lightbox/images/img002310.jpg,lightbox,1,10347,1,12747,0.287982,0.837765,-0.130901,-0.445063,41.1272
lightbox/images/img002313.jpg,lightbox,0,21164,0,25572,0.968808,-0.0908257,0.211927,-0.0908257,63.0904
lightbox/images/img002320.jpg,lightbox,1,61557,1,43722,-0.205971,0.941584,-0.0294245,0.26482,29.9145
lightbox/images/img002330.jpg,lightbox,3,06774,1,16613,0.206689,0.944862,-0.147635,-0.206689,140.27
lightbox/images/img002333.jpg,lightbox,0,72705,0,72212,0.758686,0.118545,0.640141,0.0237089,32.2128
lightbox/images/img002344.jpg,lightbox,1,63054,2,65111,-0.0275764,0.0275764,0.882444,0.468798,119.65
lightbox/images/img002353.jpg,lightbox,3,57453,0,06767,0.835478,-0.548282,-0.0261087,-0.0261087,122.5
lightbox/images/img002368.jpg,lightbox,1,47205,1,14414,0.110838,0.709362,-0.687194,-0.110838,107.386
lightbox/images/img002370.jpg,lightbox,2,52463,2,42752,-0.478148,-0.125828,0.805302,0.327154,70.2645
lightbox/images/img002390.jpg,lightbox,0,16035,0,12222,0.717879,0.0224337,-0.0224337,-0.695445,58.5044
lightbox/images/img002394.jpg,lightbox,3,52442,3,52055,0.190728,-0.408703,0.190728,0.871899,25.5215
lightbox/images/img002396.jpg,lightbox,2,17267,2,16523,0.308062,-0.25205,0.896179,-0.196039,32.6416
lightbox/images/img002397.jpg,lightbox,3,06044,2,12674,0.136234,-0.0817405,0.871899,-0.463196,114.282
lightbox/images/img002411.jpg,lightbox,0,75026,0,74071,0.8157,0.178434,0.127453,0.535303,28.0057
lightbox/images/img002415.jpg,lightbox,3,43377,0,03753,0.851896,-0.0266217,-0.133109,-0.505813,111.941
lightbox/images/img002417.jpg,lightbox,2,25051,2,52223,0.0932505,-0.0310835,0.994672,0.0310835,56.5044
lightbox/images/img002421.jpg,lightbox,0,60261,0,02746,0.74059,-0.532299,-0.115717,-0.393438,77.9395
lightbox/images/img002422.jpg,lightbox,3,53647,2,51236,0.500142,-0.404877,0.762121,0.0714488,101.957
lightbox/images/img002430.jpg,lightbox,3,36612,3,36372,0.272554,0.649937,-0.230623,0.670902,22.6507
lightbox/images/img002444.jpg,lightbox,3,12744,1,52012,0.143208,0.916533,-0.372342,0.0286417,170.323
lightbox/images/img002447.jpg,lightbox,3,62361,3,06135,-0.424602,-0.274743,-0.324696,0.799251,117.481
lightbox/images/img002452.jpg,lightbox,1,25767,2,75001,0.464244,0.0244339,0.781884,0.415376,147.238
lightbox/images/img002454.jpg,lightbox,0,21257,0,34073,0.907642,0.198547,0.198547,-0.312002,60.0161
lightbox/images/img002468.jpg,lightbox,3,51212,3,41771,-0.0253592,-0.481824,0.329669,0.811493,68.5274
lightbox/images/img002477.jpg,lightbox,1,34236,1,25731,-0.0283638,0.907642,0.368729,-0.198547,27.2525
lightbox/images/img002505.jpg,lightbox,0,71332,3,23262,-0.276689,0.571823,-0.49804,0.590269,176.78
lightbox/images/img002507.jpg,lightbox,0,72226,0,70551,0.849491,0.398199,0.0265466,0.345106,98.0855
lightbox/images/img002509.jpg,lightbox,3,46574,2,43643,-0.349064,-0.134255,0.859235,0.349064,43.3752
lightbox/images/img002516.jpg,lightbox,3,25424,3,24352,-0.471042,0.272709,-0.272709,0.793334,23.259
lightbox/images/img002517.jpg,lightbox,1,14725,1,16566,0.261226,0.928805,-0.261226,-0.0290252,30.4853
lightbox/images/img002526.jpg,lightbox,0,01437,2,52007,0.0862083,-0.373569,0.919555,0.0862083,132.035
lightbox/images/img002542.jpg,lightbox,2,07004,2,07311,-0.0277457,-0.19422,0.887862,-0.416185,47.8962
lightbox/images/img002547.jpg,lightbox,3,70720,3,74141,0.276124,0.0251022,0.527146,0.80327,53.6274
lightbox/images/img002550.jpg,lightbox,1,14704,1,14473,0.169426,0.774521,-0.605095,-0.0726113,8.93181
lightbox/images/img002560.jpg,lightbox,3,24456,3,50772,0.319941,-0.418384,0.319941,0.787547,138.261
lightbox/images/img002572.jpg,lightbox,2,32341,2,35000,0.433341,0.0254906,0.8157,-0.38236,67.2337
lightbox/images/img002591.jpg,lightbox,0,67767,0,07735,0.983336,-0.0307293,-0.0921878,-0.153646,128.191
lightbox/images/img002600.jpg,lightbox,0,63511,2,70601,0.0867835,0.260351,0.925691,0.260351,114
lightbox/images/img002603.jpg,lightbox,0,31742,0,30672,0.791391,0.123655,0.370965,-0.469888,53.671
lightbox/images/img002607.jpg,lightbox,0,42103,0,02577,0.780024,-0.414388,-0.219382,-0.414388,53.8847
lightbox/images/img002610.jpg,lightbox,0,46205,0,64346,0.681778,-0.490028,0.234361,0.490028,47.1845
lightbox/images/img002612.jpg,lightbox,0,71021,2,51231,0.525586,-0.434179,0.73125,0.0228515,141.807
lightbox/images/img002626.jpg,lightbox,1,35215,1,01741,-0.113548,0.72671,-0.522323,-0.431484,117.123
lightbox/images/img002649.jpg,lightbox,0,10267,2,70174,0.36522,0.140469,0.899004,0.196657,158.393
lightbox/images/img002654.jpg,lightbox,2,07235,3,01276,-0.242418,-0.374646,-0.55095,0.705215,98.1156
lightbox/images/img002656.jpg,lightbox,0,03334,2,07754,-0.0911606,-0.212708,0.972379,-0.0303869,170.746
lightbox/images/img002660.jpg,lightbox,0,30233,0,30025,0.734324,0.0688428,0.114738,-0.665481,26.8709
lightbox/images/img002663.jpg,lightbox,1,70343,1,71027,0.500173,0.842397,0.184274,0.0789747,26.8128
lightbox/images/img002666.jpg,lightbox,0,11634,0,12524,0.783758,0.220432,-0.269417,-0.514341,34.9337
lightbox/images/img002669.jpg,lightbox,0,63154,0,62171,0.758686,-0.403052,0.497888,0.118545,41.0684
lightbox/images/img002686.jpg,lightbox,3,62424,0,07246,0.869321,-0.407494,-0.135831,-0.244497,53.4098
lightbox/images/img002695.jpg,lightbox,1,02122,2,01731,-0.0228515,-0.434179,0.73125,-0.525586,173.198
lightbox/images/img002696.jpg,lightbox,3,71220,3,71067,0.493382,0.181772,0.181772,0.830959,27.831
lightbox/images/img002700.jpg,lightbox,0,25144,0,07722,0.954905,-0.208885,-0.0298408,-0.208885,8.42633
lightbox/images/img002702.jpg,lightbox,3,63400,3,62176,-0.428838,0.51912,0.157993,0.722254,18.4254
lightbox/images/img002705.jpg,lightbox,2,02075,1,01344,-0.148333,0.678094,-0.48738,-0.529761,166.097
lightbox/images/img002733.jpg,lightbox,1,41552,2,16543,0.302422,-0.357407,0.879772,-0.0824786,62.3941
lightbox/images/img002734.jpg,lightbox,2,77371,0,73545,0.672085,0.567072,0.357045,0.31504,28.974
lightbox/images/img002749.jpg,lightbox,0,34061,0,34742,0.910577,0.2561,0.313011,-0.0853666,37.7249
lightbox/images/img002758.jpg,lightbox,3,56530,3,60753,-0.424602,0.274743,0.324696,0.799251,109.518
lightbox/images/img002760.jpg,lightbox,1,10457,1,10616,0.113783,0.728214,-0.47789,-0.47789,22.1172
lightbox/images/img002768.jpg,lightbox,0,20161,0,06577,0.856767,-0.455158,-0.240966,-0.026774,79.5803
lightbox/images/img002770.jpg,lightbox,0,00034,2,60701,-0.520626,0.223125,0.793334,0.223125,55.4771
lightbox/images/img002801.jpg,lightbox,0,61715,0,61631,0.869321,-0.244497,0.353162,0.244497,28.3186
lightbox/images/img002803.jpg,lightbox,2,71260,2,71135,0.689912,0.111276,0.712167,0.0667657,41.3296
lightbox/images/img002805.jpg,lightbox,1,16355,1,16007,0.0810219,0.864234,-0.351095,-0.351095,41.0524
lightbox/images/img002808.jpg,lightbox,3,02633,0,34134,0.859235,0.349064,0.134255,-0.349064,78.4963
lightbox/images/img002828.jpg,lightbox,2,22630,0,14222,0.8157,0.0254906,-0.433341,-0.38236,125.674
lightbox/images/img002831.jpg,lightbox,3,21740,0,35247,0.80327,0.476942,0.276124,-0.22592,142.519
lightbox/images/img002832.jpg,lightbox,2,25430,2,25423,-0.36181,0.194821,0.890609,-0.194821,10.1227
lightbox/images/img002839.jpg,lightbox,1,36214,1,17664,0.467379,0.879772,-0.0824786,-0.0274929,96.2502
lightbox/images/img002841.jpg,lightbox,3,46135,3,43573,-0.0280056,-0.25205,0.364073,0.896179,49.0539
lightbox/images/img002843.jpg,lightbox,0,05227,0,05756,0.833209,-0.0781133,-0.546793,-0.0260378,45.2056
lightbox/images/img002852.jpg,lightbox,1,63417,1,67300,-0.157036,0.717879,0.560843,0.381373,19.774
lightbox/images/img002858.jpg,lightbox,2,43547,2,43522,-0.199189,-0.2561,0.910577,0.2561,21.9966
lightbox/images/img002868.jpg,lightbox,0,20732,2,60156,-0.500173,0.0789747,0.842397,0.184274,157.103
lightbox/images/img002869.jpg,lightbox,3,07365,1,61535,-0.0292228,0.935129,0.146114,0.321451,156.548
lightbox/images/img002879.jpg,lightbox,1,54776,1,57350,0.597589,0.659408,-0.144246,0.432737,48.656
lightbox/images/img002885.jpg,lightbox,0,11141,2,44776,-0.370138,-0.331176,0.62339,0.603909,33.7605
lightbox/images/img002917.jpg,lightbox,2,72334,2,07671,-0.268567,-0.0895223,0.954905,-0.0895223,115.854
lightbox/images/img002918.jpg,lightbox,1,42665,1,24157,-0.453858,0.854321,0.0800926,-0.240278,73.5497
lightbox/images/img002932.jpg,lightbox,1,66220,2,67105,-0.121303,0.412432,0.776342,0.460953,62.23
lightbox/images/img002960.jpg,lightbox,2,26717,2,43212,-0.321451,-0.146114,0.935129,0.0292228,93.5711
lightbox/images/img002963.jpg,lightbox,0,02522,0,35005,0.811493,0.481824,0.0253592,-0.329669,121.946
lightbox/images/img002976.jpg,lightbox,0,22364,0,26374,0.666233,-0.395576,0.603774,-0.187378,31.4962
lightbox/images/img002978.jpg,lightbox,2,36135,1,34754,0.364073,0.896179,0.25205,-0.0280056,82.6278
lightbox/images/img002980.jpg,lightbox,2,07467,2,52043,0.0856444,-0.371126,0.91354,0.142741,56.7611
lightbox/images/img002988.jpg,lightbox,1,43036,1,47201,-0.332243,0.817829,-0.1789,0.434472,40.9381
lightbox/images/img002996.jpg,lightbox,0,67410,0,61332,0.901856,-0.084549,0.422745,0.028183,67.4109
lightbox/images/img002999.jpg,lightbox,3,73030,3,31702,0.521399,0.229416,-0.479687,0.667391,68.0389
lightbox/images/img003010.jpg,lightbox,0,25317,0,74220,0.830959,0.0259675,0.337577,0.441447,96.7128
lightbox/images/img003030.jpg,lightbox,2,65367,1,34643,0.0879694,0.93834,0.322554,-0.0879694,116.97
lightbox/images/img003033.jpg,lightbox,0,07752,0,30074,0.776342,0.121303,0.121303,-0.606517,76.5376
lightbox/images/img003038.jpg,lightbox,3,13621,3,52110,0.345106,-0.398199,0.0265466,0.849491,75.2679
lightbox/images/img003043.jpg,lightbox,2,35047,1,50727,0.278951,0.811493,-0.431106,0.278951,153.681
lightbox/images/img003052.jpg,lightbox,0,02766,2,14356,0.313914,-0.507093,0.772712,-0.217325,108.779
lightbox/images/img003062.jpg,lightbox,1,11202,2,44457,-0.425567,-0.493657,0.544725,0.527703,26.416
lightbox/images/img003063.jpg,lightbox,3,42604,2,16744,0.26482,-0.205971,0.941584,-0.0294245,174.664
lightbox/images/img003081.jpg,lightbox,2,41531,2,14474,0.118545,-0.640141,0.758686,-0.0237089,33.051
lightbox/images/img003090.jpg,lightbox,3,70672,3,70453,0.197911,0.0848189,0.367549,0.904735,37.0998
lightbox/images/img003094.jpg,lightbox,0,55230,2,30175,0.344214,0.114738,0.734324,-0.57369,153.463
lightbox/images/img003096.jpg,lightbox,0,16420,2,70471,0.196657,0.140469,0.899004,0.36522,159.055
lightbox/images/img003106.jpg,lightbox,1,07743,2,43711,-0.0294245,-0.205971,0.941584,0.26482,136.696
lightbox/images/img003113.jpg,lightbox,0,17625,2,06156,-0.469888,-0.321503,0.791391,-0.222579,104.973
lightbox/images/img003114.jpg,lightbox,0,12625,2,52214,0.150278,-0.21039,0.961781,0.090167,176.623
lightbox/images/img003119.jpg,lightbox,2,70534,0,77005,0.709362,0.421184,0.376848,0.421184,78.5399
lightbox/images/img003129.jpg,lightbox,0,44752,0,45017,0.666233,-0.187378,-0.603774,0.395576,36.4427
lightbox/images/img003146.jpg,lightbox,3,71635,3,30742,0.22592,0.276124,-0.476942,0.80327,94.3671
lightbox/images/img003153.jpg,lightbox,3,02716,0,35402,0.864234,0.459124,0.0810219,-0.189051,102.601
lightbox/images/img003157.jpg,lightbox,2,51610,1,61430,-0.311003,0.904735,0.141365,0.254457,127.472
lightbox/images/img003166.jpg,lightbox,3,07353,0,16724,0.948174,0.266674,-0.0888913,-0.148152,161.295
lightbox/images/img003174.jpg,lightbox,0,51074,3,31046,0.385271,0.0679889,-0.566575,0.725215,86.9708
lightbox/images/img003177.jpg,lightbox,2,46022,3,03277,-0.216319,-0.0240354,-0.600885,0.769133,179.2
lightbox/images/img003181.jpg,lightbox,2,50362,2,43155,-0.0277457,-0.416185,0.887862,0.19422,33.1219
lightbox/images/img003184.jpg,lightbox,0,06073,0,07216,0.8745,-0.300609,-0.136641,-0.355266,37.3816
lightbox/images/img003186.jpg,lightbox,2,43035,2,43022,-0.411152,-0.246691,0.877124,0.0274101,20.1476
lightbox/images/img003187.jpg,lightbox,0,10045,2,16001,0.0779024,-0.389512,0.830959,-0.389512,145.184
lightbox/images/img003199.jpg,lightbox,0,07513,0,50777,0.762121,0.357244,-0.404877,0.357244,84.7542
lightbox/images/img003213.jpg,lightbox,0,13515,1,13364,0.523223,0.669726,-0.0627868,-0.523223,31.7308
lightbox/images/img003215.jpg,lightbox,3,15464,2,11711,0.561967,-0.416943,0.580095,-0.416943,161.359
lightbox/images/img003217.jpg,lightbox,1,60725,1,64130,-0.460953,0.776342,0.121303,0.412432,28.7074
lightbox/images/img003220.jpg,lightbox,0,56702,0,56373,0.778177,0.36477,-0.024318,0.510678,22.3144
lightbox/images/img003221.jpg,lightbox,2,46341,2,47430,-0.252957,-0.252957,0.735875,0.574903,31.144
lightbox/images/img003224.jpg,lightbox,1,21671,3,23301,-0.0974047,0.487023,-0.603909,0.62339,171.762
lightbox/images/img003228.jpg,lightbox,2,56651,2,60574,-0.469888,0.123655,0.791391,0.370965,87.0973
lightbox/images/img003229.jpg,lightbox,2,27014,2,27471,-0.228232,0.532542,0.811493,-0.0760775,33.4371
lightbox/images/img003246.jpg,lightbox,3,21524,3,32704,0.193158,0.53655,-0.450702,0.686784,66.261
lightbox/images/img003256.jpg,lightbox,0,52750,1,06175,-0.43676,0.822136,-0.282609,-0.231226,166.229
lightbox/images/img003263.jpg,lightbox,0,63064,0,16256,0.941584,0.147122,-0.147122,-0.26482,112.509
lightbox/images/img003266.jpg,lightbox,0,63455,0,67410,0.705215,-0.242418,0.374646,0.55095,24.5012
lightbox/images/img003286.jpg,lightbox,1,56645,2,67035,-0.206095,0.480888,0.732782,0.435089,119.18
lightbox/images/img003298.jpg,lightbox,2,37443,0,56004,0.797264,0.0249145,-0.373718,0.473376,174.638
lightbox/images/img003301.jpg,lightbox,1,16264,1,16072,0.141365,0.904735,-0.254457,-0.311003,25.8258
lightbox/images/img003302.jpg,lightbox,1,10466,1,10665,0.0731272,0.780024,-0.463139,-0.414388,16.8526
lightbox/images/img003309.jpg,lightbox,0,24766,0,22445,0.647423,-0.586727,0.343944,-0.343944,36.2892
lightbox/images/img003313.jpg,lightbox,1,35614,1,31447,0.463139,0.780024,0.0731272,-0.414388,35.1759
lightbox/images/img003317.jpg,lightbox,1,50240,1,41363,-0.135432,0.866766,-0.46047,0.135432,23.0686
lightbox/images/img003338.jpg,lightbox,1,47137,1,47010,-0.270066,0.785646,-0.368271,0.417374,34.5295
lightbox/images/img003361.jpg,lightbox,1,06011,0,66164,0.637076,-0.457898,0.418081,0.457898,33.0241
lightbox/images/img003364.jpg,lightbox,1,34351,1,34350,0.348062,0.856767,0.240966,-0.294514,7.59373
lightbox/images/img003366.jpg,lightbox,3,21725,3,37002,0.390109,0.436005,-0.344214,0.734324,65.9532
lightbox/images/img003374.jpg,lightbox,0,07764,3,07745,-0.150824,-0.211154,-0.0301648,0.965275,162.136
lightbox/images/img003385.jpg,lightbox,3,52027,3,52063,0.0888913,-0.266674,0.148152,0.948174,7.72379
lightbox/images/img003389.jpg,lightbox,0,51503,2,00715,-0.355792,-0.481365,0.669726,-0.439508,44.9447
lightbox/images/img003392.jpg,lightbox,0,75300,1,70143,0.320358,0.931951,0.0873704,0.145617,72.0717
lightbox/images/img003395.jpg,lightbox,2,71004,2,34705,0.311003,0.254457,0.904735,-0.141365,42.4432
lightbox/images/img003397.jpg,lightbox,2,03053,2,03373,-0.0238705,-0.0238705,0.763856,-0.644503,37.9445
lightbox/images/img003403.jpg,lightbox,0,54326,3,07277,-0.261226,-0.0290252,-0.261226,0.928805,143.38
lightbox/images/img003425.jpg,lightbox,1,23106,1,11527,0.50853,0.602702,-0.470861,-0.395523,135.064
lightbox/images/img003426.jpg,lightbox,0,70046,0,43771,0.922608,-0.0288315,-0.0864945,0.374809,29.3876
lightbox/images/img003429.jpg,lightbox,1,40624,2,76054,0.115717,0.393438,0.74059,0.532299,176.308
lightbox/images/img003440.jpg,lightbox,0,36276,0,71165,0.748653,0.631676,0.116977,0.163768,99.401
lightbox/images/img003445.jpg,lightbox,2,07775,2,16647,0.0921878,-0.153646,0.983336,-0.0307293,14.4499
lightbox/images/img003449.jpg,lightbox,0,61163,2,07613,-0.262111,-0.145617,0.931951,-0.203864,169.785
lightbox/images/img003465.jpg,lightbox,0,35120,0,35655,0.791391,0.568812,0.222579,-0.024731,37.1011
lightbox/images/img003469.jpg,lightbox,1,52272,2,36554,0.337577,0.441447,0.830959,-0.0259675,124.049
lightbox/images/img003473.jpg,lightbox,1,04232,1,03660,-0.372793,0.795292,-0.0745586,-0.472205,45.5439
lightbox/images/img003475.jpg,lightbox,2,50064,2,07574,-0.0882735,-0.323669,0.941584,-0.0294245,51.0141
lightbox/images/img003476.jpg,lightbox,1,55624,1,30704,0.223125,0.793334,0.223125,-0.520626,154.639
lightbox/images/img003477.jpg,lightbox,3,61703,0,07334,0.919555,-0.0862083,-0.0862083,-0.373569,115.726
lightbox/images/img003481.jpg,lightbox,1,20066,1,40370,-0.451486,0.760398,-0.451486,0.118812,104.228
lightbox/images/img003484.jpg,lightbox,0,73467,2,71341,0.626216,0.208739,0.742182,0.115966,43.4721
lightbox/images/img003487.jpg,lightbox,1,70421,1,71653,0.535754,0.745396,0.25623,0.302817,57.587
lightbox/images/img003492.jpg,lightbox,0,14232,0,41775,0.797264,-0.0249145,-0.473376,0.373718,89.0942
lightbox/images/img003497.jpg,lightbox,1,23065,2,13224,0.365528,-0.0645049,0.688053,-0.623548,119.888
lightbox/images/img003518.jpg,lightbox,1,60142,1,65174,-0.0753066,0.80327,0.125511,0.57735,78.3741
lightbox/images/img003520.jpg,lightbox,1,61713,1,70213,0.202495,0.925691,0.318206,0.0289278,33.6104
lightbox/images/img003529.jpg,lightbox,2,55704,2,24514,-0.505813,0.0266217,0.851896,-0.133109,157.536
lightbox/images/img003536.jpg,lightbox,0,72056,0,27072,0.755297,-0.259633,0.54287,-0.259633,68.0727
lightbox/images/img003544.jpg,lightbox,2,24614,3,14453,0.159628,-0.661315,-0.0684119,0.729727,134.039
lightbox/images/img003555.jpg,lightbox,0,76622,0,73404,0.770916,0.409549,0.409549,0.265003,59.1912
lightbox/images/img003567.jpg,lightbox,0,05737,3,03344,-0.167476,-0.167476,-0.598127,0.765603,175.938
lightbox/images/img003571.jpg,lightbox,2,57067,1,61413,-0.260351,0.925691,0.0867835,0.260351,167.573
lightbox/images/img003572.jpg,lightbox,3,54142,3,05411,-0.195698,-0.674072,-0.15221,0.695817,80.1319
lightbox/images/img003580.jpg,lightbox,0,50214,3,15277,0.524491,-0.387667,-0.205236,0.729727,113.043
lightbox/images/img003583.jpg,lightbox,1,71212,2,34006,0.0288315,0.0864945,0.922608,-0.374809,140.19
lightbox/images/img003593.jpg,lightbox,2,11253,1,71064,0.456468,0.859235,0.134255,0.187958,160.235
lightbox/images/img003595.jpg,lightbox,2,36500,2,34366,0.239596,0.399326,0.851896,-0.239596,9.98029
lightbox/images/img003602.jpg,lightbox,0,10730,0,15620,0.770916,0.409549,-0.457732,-0.168638,40.5538
lightbox/images/img003605.jpg,lightbox,3,57600,1,52117,0.397081,0.847106,-0.344137,0.0794162,165.486
lightbox/images/img003607.jpg,lightbox,1,12405,1,12423,0.0740121,0.789462,-0.222036,-0.567426,16.7612
lightbox/images/img003622.jpg,lightbox,0,21514,0,70643,0.879772,0.0824786,0.302422,0.357407,116.108
lightbox/images/img003624.jpg,lightbox,2,07344,1,52352,0.368729,0.907642,-0.141819,0.141819,128.3
lightbox/images/img003627.jpg,lightbox,1,15774,1,17717,0.687194,0.709362,-0.110838,-0.110838,36.1883
lightbox/images/img003643.jpg,lightbox,3,22654,3,27571,-0.0260378,0.546793,-0.0781133,0.833209,69.6077
lightbox/images/img003647.jpg,lightbox,3,61742,2,03576,-0.0800926,-0.240278,0.854321,-0.453858,162.606
lightbox/images/img003651.jpg,lightbox,0,53126,2,30544,0.240966,0.026774,0.856767,-0.455158,178.202
lightbox/images/img003652.jpg,lightbox,1,74343,0,54631,0.705215,0.154266,-0.418722,0.55095,122.7
lightbox/images/img003660.jpg,lightbox,2,66145,2,65100,-0.189605,0.0270864,0.866766,0.46047,54.082
lightbox/images/img003664.jpg,lightbox,1,71504,1,33224,0.310635,0.584725,0.529907,-0.529907,119.119
lightbox/images/img003671.jpg,lightbox,3,50157,0,01631,0.716438,-0.201498,-0.425385,-0.51494,173.482
lightbox/images/img003684.jpg,lightbox,3,65671,0,65246,0.734324,-0.344214,0.252424,0.527795,146.225
lightbox/images/img003687.jpg,lightbox,0,23317,3,27012,-0.264389,0.456673,-0.360531,0.769133,72.3485
lightbox/images/img003688.jpg,lightbox,0,40676,2,51131,0.594945,-0.518178,0.614137,0.0191918,121.323
lightbox/images/img003690.jpg,lightbox,0,34440,2,07770,-0.092538,-0.092538,0.987072,-0.092538,175.595
lightbox/images/img003706.jpg,lightbox,2,21142,2,03213,-0.196818,-0.109344,0.699798,-0.67793,21.0394
lightbox/images/img003710.jpg,lightbox,1,70507,3,71433,0.560642,0.17063,0.219382,0.780024,109.012
lightbox/images/img003726.jpg,lightbox,3,16055,3,16343,0.306147,-0.139158,-0.306147,0.890609,33.1838
lightbox/images/img003731.jpg,lightbox,0,34757,0,34703,0.882444,0.30334,0.30334,-0.193035,21.5383
lightbox/images/img003737.jpg,lightbox,0,06533,0,07354,0.93834,-0.0879694,-0.205262,-0.263908,43.0864
lightbox/images/img003739.jpg,lightbox,2,63115,2,50371,0.370965,-0.469888,0.791391,0.123655,121
lightbox/images/img003742.jpg,lightbox,1,71341,1,33514,0.569284,0.628176,0.333718,-0.41224,63.8957
lightbox/images/img003743.jpg,lightbox,3,75003,1,71212,0.527146,0.80327,0.276124,0.0251022,126.665
lightbox/images/img003749.jpg,lightbox,0,56107,3,50403,0.0678497,-0.65588,0.203549,0.72373,161.633
lightbox/images/img003750.jpg,lightbox,0,62404,1,20416,-0.57525,0.681778,0.0639167,-0.447417,55.1846
lightbox/images/img003767.jpg,lightbox,2,31766,1,57000,0.397722,0.748653,-0.350931,0.397722,172.468
lightbox/images/img003769.jpg,lightbox,0,64527,3,60557,-0.432219,0.0762739,0.38137,0.813589,158.31
lightbox/images/img003772.jpg,lightbox,1,04335,1,47107,-0.125828,0.805302,-0.327154,0.478148,100.96
lightbox/images/img003776.jpg,lightbox,2,34513,1,54252,0.113783,0.728214,-0.47789,0.47789,130.025
lightbox/images/img003790.jpg,lightbox,1,56641,1,77141,0.541845,0.642187,0.341162,0.421435,86.641
lightbox/images/img003805.jpg,lightbox,1,71472,1,71434,0.523205,0.797264,0.124573,0.27406,9.64637
lightbox/images/img003807.jpg,lightbox,3,02363,3,71036,0.538108,0.179369,0.0768726,0.819974,148.077
lightbox/images/img003817.jpg,lightbox,3,35277,3,03734,-0.0779024,-0.0779024,-0.545317,0.830959,98.0086
lightbox/images/img003822.jpg,lightbox,1,72445,3,65533,-0.0242607,0.169825,0.606517,0.776342,91.0914
lightbox/images/img003823.jpg,lightbox,0,65363,0,65333,0.8157,-0.0254906,0.38236,0.433341,15.7245
lightbox/images/img003824.jpg,lightbox,0,71462,0,07777,0.998538,-0.0312043,-0.0312043,-0.0312043,77.9802
lightbox/images/img003832.jpg,lightbox,1,34266,2,34430,0.149204,0.149204,0.954905,-0.208885,111.286
lightbox/images/img003836.jpg,lightbox,0,27053,0,72052,0.844742,0.131991,0.501565,0.131991,62.218
lightbox/images/img003845.jpg,lightbox,1,31551,1,50255,0.172276,0.787547,-0.566049,0.172276,111.66
lightbox/images/img003846.jpg,lightbox,0,40120,1,20262,-0.571823,0.590269,0.276689,-0.49804,67.1441
lightbox/images/img003848.jpg,lightbox,0,16661,2,53224,0.465972,-0.0822304,0.877124,0.0822304,137.412
lightbox/images/img003853.jpg,lightbox,2,30376,2,30374,0.291638,0.291638,0.717879,-0.560843,4.9323
lightbox/images/img003867.jpg,lightbox,1,56422,1,75024,0.412432,0.776342,0.121303,0.460953,60.9427
lightbox/images/img003868.jpg,lightbox,0,41272,0,52427,0.910577,0.0853666,-0.2561,0.313011,54.5234
lightbox/images/img003870.jpg,lightbox,0,75242,0,74732,0.707972,0.287613,0.331862,0.553103,18.1692
lightbox/images/img003889.jpg,lightbox,3,15612,3,52507,0.29038,-0.343176,0.29038,0.844742,59.3524
lightbox/images/img003893.jpg,lightbox,0,77246,0,76334,0.653879,0.265638,0.592578,0.388241,15.0514
lightbox/images/img003897.jpg,lightbox,3,61641,3,07507,-0.141819,-0.368729,-0.141819,0.907642,92.4548
lightbox/images/img003900.jpg,lightbox,1,10223,2,75140,0.546718,0.0218687,0.699798,0.459243,119.524
lightbox/images/img003904.jpg,lightbox,3,00213,0,05355,0.791391,-0.024731,-0.568812,-0.222579,163.909
lightbox/images/img003907.jpg,lightbox,0,70626,0,61706,0.882444,-0.193035,0.30334,0.30334,29.2576
lightbox/images/img003922.jpg,lightbox,1,65217,1,65177,-0.0249766,0.799251,0.174836,0.574462,30.4279
lightbox/images/img003928.jpg,lightbox,1,75665,1,47123,-0.132733,0.849491,-0.238919,0.451292,90.4376
lightbox/images/img003936.jpg,lightbox,3,10245,2,15027,0.407029,-0.535564,0.685522,-0.278493,150.357
lightbox/images/img003944.jpg,lightbox,1,47671,1,63154,-0.0810219,0.864234,0.459124,0.189051,85.4662
lightbox/images/img003946.jpg,lightbox,0,10744,0,07177,0.928805,-0.0290252,-0.261226,-0.261226,47.3787
lightbox/images/img003963.jpg,lightbox,0,06027,1,05263,-0.324696,0.799251,-0.424602,-0.274743,112.192
lightbox/images/img003970.jpg,lightbox,2,43303,2,70050,0.152499,0.0304997,0.975991,0.152499,42.6891
lightbox/images/img003973.jpg,lightbox,0,53201,2,12212,0.110838,-0.110838,0.709362,-0.687194,165.654
lightbox/images/img003976.jpg,lightbox,0,01252,3,51725,0.571117,-0.401897,0.232677,0.676879,178.963
lightbox/images/img003977.jpg,lightbox,1,35776,2,73111,0.649937,0.356417,0.670902,0.0209657,55.5387
lightbox/images/img003983.jpg,lightbox,3,35672,3,71070,0.539527,0.128459,0.128459,0.822136,33.2354
lightbox/images/img003995.jpg,lightbox,0,63253,3,63344,-0.167476,0.598127,0.167476,0.765603,172.451
lightbox/images/img003997.jpg,lightbox,0,47225,0,07756,0.983336,-0.0921878,-0.153646,-0.0307293,70.6225
lightbox/images/img003998.jpg,lightbox,1,70303,1,70601,0.0867835,0.925691,0.260351,0.260351,38.0633
lightbox/images/img004004.jpg,lightbox,1,14625,1,17404,0.430001,0.809414,-0.379413,-0.126471,45.4627
lightbox/images/img004031.jpg,lightbox,1,25203,1,21636,-0.258484,0.751953,0.352478,-0.493469,15.8594
lightbox/images/img004033.jpg,lightbox,1,42431,3,13222,0.356417,-0.0209657,-0.649937,0.670902,170.173
lightbox/images/img004042.jpg,lightbox,2,50534,1,43724,-0.20182,0.922608,-0.0864945,0.317146,105.164
lightbox/images/img004047.jpg,lightbox,0,22642,2,72014,0.136234,0.463196,0.871899,0.0817405,156.635
lightbox/images/img004053.jpg,lightbox,3,34567,3,03373,-0.0238705,-0.0238705,-0.644503,0.763856,86.6467
lightbox/images/img004055.jpg,lightbox,3,30274,0,53167,0.737437,0.622212,-0.207404,0.161314,120.019
lightbox/images/img004058.jpg,lightbox,0,27747,2,22172,-0.369577,0.447383,0.622446,-0.525188,171.245
lightbox/images/img004062.jpg,lightbox,2,72644,2,70112,0.374809,0.0864945,0.922608,0.0288315,81.6749
lightbox/images/img004076.jpg,lightbox,3,00555,3,02771,-0.414388,-0.0731272,-0.463139,0.780024,65.8655
lightbox/images/img004081.jpg,lightbox,1,56663,0,70715,0.840072,0.393784,0.23627,0.288775,112.336
lightbox/images/img004088.jpg,lightbox,0,13437,0,13520,0.667391,0.521399,-0.229416,-0.479687,6.66999
lightbox/images/img004095.jpg,lightbox,2,71323,2,41441,-0.269723,-0.643187,0.663935,0.269723,168.625
lightbox/images/img004096.jpg,lightbox,0,33522,3,53006,0.440261,-0.33667,0.0776931,0.828726,154.499
lightbox/images/img004099.jpg,lightbox,1,37645,2,30554,0.337577,0.0259675,0.830959,-0.441447,102.683
lightbox/images/img004100.jpg,lightbox,2,70762,2,16545,0.29708,-0.40511,0.864234,-0.0270073,102.574
lightbox/images/img004110.jpg,lightbox,3,64240,0,42517,0.799251,-0.424602,-0.324696,0.274743,117.335
lightbox/images/img004112.jpg,lightbox,2,45732,2,62171,-0.403052,0.497888,0.758686,0.118545,125.578
lightbox/images/img004121.jpg,lightbox,2,34520,2,34522,0.259483,0.20182,0.922608,-0.20182,7.66335
lightbox/images/img004127.jpg,lightbox,2,43375,2,43712,-0.0888913,-0.148152,0.948174,0.266674,14.902
lightbox/images/img004128.jpg,lightbox,3,74001,3,53532,0.644126,-0.199901,0.199901,0.71076,82.1225
lightbox/images/img004131.jpg,lightbox,1,47356,1,56627,0.0714488,0.762121,-0.0238163,0.643039,21.3535
lightbox/images/img004139.jpg,lightbox,0,25574,3,25724,-0.196657,0.36522,-0.140469,0.899004,146.621
lightbox/images/img004147.jpg,lightbox,3,63030,0,74222,0.8157,0.0254906,0.38236,0.433341,164.813
lightbox/images/img004152.jpg,lightbox,1,42656,0,24742,0.780024,-0.560642,0.268133,-0.0731272,42.6594
lightbox/images/img004159.jpg,lightbox,2,25604,2,25572,-0.0908257,0.211927,0.968808,-0.0908257,36.9606
lightbox/images/img004162.jpg,lightbox,3,34763,3,25525,-0.150824,0.150824,-0.150824,0.965275,62.8528
lightbox/images/img004168.jpg,lightbox,3,06135,3,02542,-0.503945,-0.284839,-0.416302,0.701141,17.4201
lightbox/images/img004172.jpg,lightbox,0,16764,0,16707,0.925691,0.318206,-0.144639,-0.144639,14.444
lightbox/images/img004182.jpg,lightbox,3,25670,0,74032,0.859235,0.134255,0.187958,0.456468,161.671
lightbox/images/img004185.jpg,lightbox,2,07073,2,16322,0.246691,-0.0274101,0.877124,-0.411152,62.5501
lightbox/images/img004186.jpg,lightbox,1,07271,2,47231,-0.240278,-0.0800926,0.854321,0.453858,156.215
lightbox/images/img004191.jpg,lightbox,0,71204,0,71252,0.797264,0.523205,0.27406,0.124573,12.7684
lightbox/images/img004192.jpg,lightbox,3,75634,0,71224,0.828726,0.440261,0.33667,0.0776931,89.5413
lightbox/images/img004198.jpg,lightbox,1,43475,1,47272,-0.276124,0.80327,-0.0251022,0.527146,34.9026
lightbox/images/img004210.jpg,lightbox,3,57311,2,07335,-0.0288315,-0.0864945,0.922608,-0.374809,172.576
lightbox/images/img004237.jpg,lightbox,3,25551,0,56021,0.842397,0.0789747,-0.289574,0.447523,125.256
lightbox/images/img004238.jpg,lightbox,3,52337,3,03377,-0.0246108,-0.0246108,-0.615271,0.787547,100.994
lightbox/images/img004243.jpg,lightbox,3,32204,2,32437,0.154869,0.508855,0.707972,-0.464606,124.342
lightbox/images/img004251.jpg,lightbox,3,06755,3,06337,-0.441447,-0.0259675,-0.337577,0.830959,38.3674
lightbox/images/img004260.jpg,lightbox,3,36606,3,27073,-0.214834,0.549021,-0.262575,0.763856,34.9687
lightbox/images/img004264.jpg,lightbox,1,51641,2,02514,-0.419537,-0.331214,0.706589,-0.463699,53.2532
lightbox/images/img004265.jpg,lightbox,3,02552,3,30574,0.334878,0.128799,-0.437917,0.824315,105.378
lightbox/images/img004267.jpg,lightbox,0,70105,0,70072,0.954905,0.149204,0.208885,0.149204,31.1532
lightbox/images/img004274.jpg,lightbox,3,65224,3,03373,-0.0238705,-0.0238705,-0.644503,0.763856,146.274
lightbox/images/img004277.jpg,lightbox,2,25123,2,25353,-0.0280939,0.309033,0.899004,-0.309033,23.1537
lightbox/images/img004278.jpg,lightbox,3,61501,3,61163,-0.149204,0.208885,0.149204,0.954905,26.4502
lightbox/images/img004281.jpg,lightbox,1,61272,1,61673,-0.232456,0.826512,0.387427,0.33577,25.4783
lightbox/images/img004282.jpg,lightbox,1,70753,1,57207,0.451486,0.760398,-0.118812,0.451486,52.8531
lightbox/images/img004288.jpg,lightbox,2,64065,2,51031,0.481365,-0.565081,0.669726,0.0209289,166.6
lightbox/images/img004296.jpg,lightbox,1,62762,2,07620,-0.41491,-0.0829819,0.88514,-0.193624,105.217
lightbox/images/img004297.jpg,lightbox,0,01567,0,42725,0.801253,-0.525822,-0.0751175,0.275431,108.463
lightbox/images/img004300.jpg,lightbox,0,65575,2,05777,-0.0275764,-0.468798,0.882444,-0.0275764,172.99
lightbox/images/img004306.jpg,lightbox,3,67017,1,64304,-0.51494,0.716438,0.201498,0.425385,66.998
lightbox/images/img004308.jpg,lightbox,1,22445,3,47021,-0.324696,-0.274743,0.424602,0.799251,166.076
lightbox/images/img004316.jpg,lightbox,2,52135,1,47125,-0.127786,0.817829,-0.281129,0.485586,120.36
lightbox/images/img004324.jpg,lightbox,1,14711,1,05470,-0.253494,0.737437,-0.622212,-0.0691347,71.4727
lightbox/images/img004327.jpg,lightbox,3,63444,3,61747,-0.13387,0.294514,0.40161,0.856767,30.8715
lightbox/images/img004336.jpg,lightbox,1,70475,1,70521,0.311003,0.904735,0.141365,0.254457,23.8235
lightbox/images/img004337.jpg,lightbox,0,21436,0,61332,0.901856,-0.084549,0.422745,0.028183,76.9955
lightbox/images/img004362.jpg,lightbox,2,21553,2,34122,0.24236,0.188502,0.861723,-0.403933,32.875
lightbox/images/img004399.jpg,lightbox,1,66124,2,61423,-0.357407,0.19245,0.879772,0.247436,80.3761
lightbox/images/img004402.jpg,lightbox,2,52331,1,16524,0.254457,0.904735,-0.311003,-0.141365,151.426
lightbox/images/img004412.jpg,lightbox,1,65657,3,67316,-0.0651098,0.585988,0.412362,0.694504,27.8427
lightbox/images/img004417.jpg,lightbox,0,25656,0,35404,0.8745,0.464578,0.0273281,-0.136641,95.825
lightbox/images/img004419.jpg,lightbox,3,51517,1,61464,-0.387427,0.826512,0.129142,0.387427,131.14
lightbox/images/img004421.jpg,lightbox,1,25275,1,21571,-0.0266217,0.851896,0.133109,-0.505813,49.1164
lightbox/images/img004436.jpg,lightbox,2,36125,2,34166,0.2561,0.199189,0.910577,-0.2561,39.3197
lightbox/images/img004437.jpg,lightbox,0,30361,0,56121,0.811493,0.278951,-0.278951,0.431106,143.15
lightbox/images/img004451.jpg,lightbox,3,24762,0,34074,0.941584,0.147122,0.147122,-0.26482,96.2191
lightbox/images/img004458.jpg,lightbox,3,07147,2,52425,0.0840168,-0.308062,0.896179,0.308062,165.697
lightbox/images/img004464.jpg,lightbox,2,14340,2,72054,0.134255,0.456468,0.859235,0.187958,135.343
lightbox/images/img004472.jpg,lightbox,1,24033,3,46651,-0.496145,-0.138921,0.575528,0.635066,174.1
lightbox/images/img004477.jpg,lightbox,1,07567,1,43311,-0.0304997,0.975991,-0.213498,0.0304997,13.5745
lightbox/images/img004478.jpg,lightbox,0,57206,0,55266,0.6932,0.368262,-0.368262,0.498237,28.4677
lightbox/images/img004483.jpg,lightbox,2,25434,2,40737,-0.409549,-0.409549,0.770916,0.265003,82.4328
lightbox/images/img004487.jpg,lightbox,0,56533,0,56133,0.795292,0.372793,-0.223676,0.422499,19.471
lightbox/images/img004488.jpg,lightbox,2,07001,2,03534,-0.0751175,-0.275431,0.801253,-0.525822,35.6698
lightbox/images/img004494.jpg,lightbox,3,47341,2,52014,0.139591,-0.418772,0.893381,0.0837545,107.516
lightbox/images/img004508.jpg,lightbox,0,14157,2,51011,0.458626,-0.618148,0.638089,0.0199403,146.98
lightbox/images/img004510.jpg,lightbox,0,27171,3,74007,0.0800926,0.0800926,0.507253,0.854321,169.277
lightbox/images/img004511.jpg,lightbox,2,53425,2,53422,0.442642,-0.23434,0.833209,0.23434,10.9048
lightbox/images/img004520.jpg,lightbox,1,50251,1,50416,0.111497,0.713582,-0.646684,0.245294,19.8462
lightbox/images/img004526.jpg,lightbox,3,75012,2,07536,-0.0888913,-0.266674,0.948174,-0.148152,155.42
lightbox/images/img004534.jpg,lightbox,1,50606,1,50623,0.0800926,0.854321,-0.453858,0.240278,12.773
lightbox/images/img004540.jpg,lightbox,0,37456,3,71233,0.545305,0.355634,0.0237089,0.758686,109.385
lightbox/images/img004561.jpg,lightbox,3,52010,3,16272,0.146114,-0.0292228,-0.321451,0.935129,62.7421
lightbox/images/img004572.jpg,lightbox,2,16743,3,72007,0.0800926,0.507253,0.0800926,0.854321,174.502
lightbox/images/img004578.jpg,lightbox,0,60663,0,60244,0.695817,-0.674072,0.195698,0.15221,19.8487
lightbox/images/img004579.jpg,lightbox,0,03263,0,61173,0.965275,-0.0301648,0.211154,0.150824,102.215
lightbox/images/img004580.jpg,lightbox,3,33335,3,05721,-0.130901,-0.497423,-0.183261,0.837765,154.694
lightbox/images/img004581.jpg,lightbox,1,61127,1,34566,0.26482,0.941584,0.205971,-0.0294245,53.9814
lightbox/images/img004607.jpg,lightbox,1,05430,1,41577,-0.023094,0.739008,-0.57735,0.34641,63.8047
lightbox/images/img004613.jpg,lightbox,3,43526,3,03743,-0.131991,-0.131991,-0.501565,0.844742,99.2738
lightbox/images/img004617.jpg,lightbox,0,35056,0,35403,0.842397,0.500173,0.0789747,-0.184274,8.7981
lightbox/images/img004626.jpg,lightbox,3,36062,3,25376,-0.0819844,0.409922,-0.245953,0.8745,21.9623
lightbox/images/img004627.jpg,lightbox,0,11163,2,13227,0.402618,-0.0211904,0.678094,-0.614523,156.001
lightbox/images/img004633.jpg,lightbox,0,63473,0,71064,0.859235,0.456468,0.134255,0.187958,94.8493
lightbox/images/img004636.jpg,lightbox,3,74647,1,60444,-0.659276,0.680543,0.021267,0.319005,138.193
lightbox/images/img004654.jpg,lightbox,1,73106,0,37144,0.712167,0.55638,0.378339,-0.200297,42.4917
lightbox/images/img004657.jpg,lightbox,3,52233,3,43174,-0.0864945,-0.317146,0.20182,0.922608,52.6707
lightbox/images/img004660.jpg,lightbox,2,14345,2,52271,0.21039,-0.090167,0.961781,0.150278,70.634
lightbox/images/img004664.jpg,lightbox,1,60740,0,60164,0.793334,-0.570209,0.123958,0.173542,73.6402
lightbox/images/img004672.jpg,lightbox,0,42637,2,52611,0.20182,-0.20182,0.922608,0.259483,140.237
lightbox/images/img004688.jpg,lightbox,3,40714,3,40303,-0.480888,-0.480888,0.0228994,0.732782,27.8952
lightbox/images/img004698.jpg,lightbox,2,35540,1,17566,0.600885,0.769133,-0.216319,-0.0240354,156.085
lightbox/images/img004704.jpg,lightbox,0,03202,1,07257,-0.258625,0.919555,-0.143681,-0.258625,146.631
lightbox/images/img004710.jpg,lightbox,2,57307,0,74234,0.805302,0.125828,0.327154,0.478148,55.4835
lightbox/images/img004713.jpg,lightbox,2,51211,2,15545,0.518178,-0.594945,0.614137,-0.0191918,16.5
lightbox/images/img004719.jpg,lightbox,2,30463,2,30472,0.130901,0.183261,0.837765,-0.497423,5.08051
lightbox/images/img004727.jpg,lightbox,3,25210,3,25241,-0.348062,0.240966,-0.294514,0.856767,12.5407
lightbox/images/img004737.jpg,lightbox,3,13552,0,50277,0.851896,0.186352,-0.45257,0.186352,81.7601
lightbox/images/img004740.jpg,lightbox,0,31216,0,06733,0.866766,-0.46047,-0.0270864,-0.189605,122.754
lightbox/images/img004743.jpg,lightbox,3,56272,3,52724,0.2561,-0.0853666,0.313011,0.910577,34.6127
lightbox/images/img004749.jpg,lightbox,3,27132,0,23357,0.656074,-0.0205023,0.553562,-0.512558,97.069
lightbox/images/img004752.jpg,lightbox,1,54625,2,52102,0.25205,-0.364073,0.896179,0.0280056,107.255
lightbox/images/img004773.jpg,lightbox,1,60316,1,61165,-0.149204,0.954905,0.149204,0.208885,47.7099
lightbox/images/img004774.jpg,lightbox,0,36070,0,36066,0.791391,0.024731,0.568812,-0.222579,16.1852
lightbox/images/img004777.jpg,lightbox,1,06313,2,65001,-0.337577,0.0259675,0.830959,0.441447,169.315
lightbox/images/img004778.jpg,lightbox,0,47306,0,56006,0.811493,0.0253592,-0.329669,0.481824,32.5383
lightbox/images/img004781.jpg,lightbox,3,63265,1,65235,-0.222579,0.791391,0.321503,0.469888,35.9744
lightbox/images/img004785.jpg,lightbox,1,51306,1,11766,0.529761,0.678094,-0.360237,-0.360237,48.9513
lightbox/images/img004799.jpg,lightbox,0,26574,2,20577,-0.418384,0.172276,0.787547,-0.418384,179.967
lightbox/images/img004802.jpg,lightbox,1,15464,2,51236,0.500142,-0.404877,0.762121,0.0714488,111.746
lightbox/images/img004804.jpg,lightbox,1,55573,2,30555,0.38236,0.0254906,0.8157,-0.433341,141.162
lightbox/images/img004812.jpg,lightbox,0,32566,2,34074,0.147122,0.147122,0.941584,-0.26482,84.9918
lightbox/images/img004818.jpg,lightbox,3,34663,3,34242,0.0280939,0.309033,-0.309033,0.899004,30.1247
lightbox/images/img004822.jpg,lightbox,0,60531,0,60766,0.715006,-0.51391,0.335159,0.335159,31.2191
lightbox/images/img004829.jpg,lightbox,3,46061,2,40373,-0.421459,-0.421459,0.793334,0.123958,80.0016
lightbox/images/img004831.jpg,lightbox,2,70723,2,70522,0.2561,0.199189,0.910577,0.2561,23.225
lightbox/images/img004840.jpg,lightbox,3,53027,0,14034,0.725215,0.113315,-0.6119,-0.294619,176.315
lightbox/images/img004841.jpg,lightbox,3,24376,3,40377,-0.418384,-0.418384,0.172276,0.787547,102.96
lightbox/images/img004845.jpg,lightbox,1,06674,0,06664,0.716438,-0.694049,-0.067166,-0.0223887,18.6394
lightbox/images/img004848.jpg,lightbox,1,71127,0,63574,0.776342,-0.0727821,0.509475,0.36391,113.353
lightbox/images/img004866.jpg,lightbox,3,16756,3,52305,0.317146,-0.20182,0.0864945,0.922608,16.8253
lightbox/images/img004870.jpg,lightbox,0,65721,0,67133,0.745396,-0.0232936,0.535754,0.395992,35.2033
lightbox/images/img004872.jpg,lightbox,2,13460,2,17002,0.411464,-0.314649,0.774521,-0.363057,11.2217
lightbox/images/img004875.jpg,lightbox,2,40466,2,42327,-0.546793,-0.0260378,0.833209,0.0781133,63.2325
lightbox/images/img004878.jpg,lightbox,2,32503,0,34232,0.826512,0.129142,0.387427,-0.387427,86.5691
lightbox/images/img004883.jpg,lightbox,3,34164,3,06315,-0.434472,-0.1789,-0.332243,0.817829,91.5549
lightbox/images/img004895.jpg,lightbox,3,67113,3,47373,-0.0261087,-0.0261087,0.548282,0.835478,59.2437
lightbox/images/img004905.jpg,lightbox,2,40703,2,40377,-0.418384,-0.418384,0.787547,0.172276,10.8856
lightbox/images/img004921.jpg,lightbox,0,71626,2,43651,-0.247436,-0.19245,0.879772,0.357407,164.997
lightbox/images/img004927.jpg,lightbox,0,74305,0,34546,0.958324,0.269529,0.0898429,-0.0299476,63.7092
lightbox/images/img004928.jpg,lightbox,3,17605,2,12617,0.178434,-0.127453,0.8157,-0.535303,127.54
lightbox/images/img004933.jpg,lightbox,1,15362,3,13272,0.448231,-0.0213443,-0.576297,0.683019,147.437
lightbox/images/img004937.jpg,lightbox,1,63033,1,67031,-0.210099,0.74702,0.490232,0.396854,42.1478
lightbox/images/img004940.jpg,lightbox,3,41014,3,14423,0.0726113,-0.605095,-0.169426,0.774521,46.4961
lightbox/images/img004950.jpg,lightbox,2,64346,3,03224,-0.327405,-0.065481,-0.632983,0.698464,175.997
lightbox/images/img004967.jpg,lightbox,0,11666,0,17075,0.763856,0.549021,-0.262575,-0.214834,30.2681
lightbox/images/img004971.jpg,lightbox,0,75133,0,35706,0.755297,0.590076,0.259633,-0.118015,58.4672
lightbox/images/img004973.jpg,lightbox,3,61613,1,61424,-0.40161,0.856767,0.13387,0.294514,98.0602
lightbox/images/img004974.jpg,lightbox,2,21162,1,17444,0.433341,0.8157,-0.38236,-0.0254906,155.458
lightbox/images/img004979.jpg,lightbox,2,71546,2,63075,-0.225352,0.525822,0.801253,0.175274,111.554
lightbox/images/img004980.jpg,lightbox,2,24105,3,11226,0.343944,-0.343944,-0.586727,0.647423,58.5372
lightbox/images/img004990.jpg,lightbox,1,16547,1,52124,0.2561,0.910577,-0.313011,0.0853666,17.0857
lightbox/images/img004993.jpg,lightbox,2,61501,1,27650,-0.260798,0.758686,0.592723,-0.0711268,108.087
lightbox/images/img004999.jpg,lightbox,1,02461,0,60744,0.742182,-0.533443,0.208739,0.347898,21.1469
lightbox/images/img005001.jpg,lightbox,3,52354,3,51302,0.546718,-0.459243,0.0218687,0.699798,47.8335
lightbox/images/img005008.jpg,lightbox,3,27766,0,57007,0.73125,0.434179,-0.29707,0.434179,120.421
lightbox/images/img005015.jpg,lightbox,3,03620,3,41727,-0.130901,-0.445063,0.287982,0.837765,112.651
lightbox/images/img005016.jpg,lightbox,1,21611,3,21757,-0.0263982,0.29038,-0.448769,0.844742,141.451
lightbox/images/img005023.jpg,lightbox,3,52270,2,07513,-0.0283638,-0.368729,0.907642,-0.198547,179.187
lightbox/images/img005026.jpg,lightbox,2,50673,2,50145,0.236957,-0.667787,0.689329,0.150791,39.1763
lightbox/images/img005038.jpg,lightbox,0,06611,0,06757,0.8745,-0.464578,-0.136641,-0.0273281,27.7712
lightbox/images/img005058.jpg,lightbox,3,63725,3,63374,-0.0684119,0.661315,0.159628,0.729727,11.0868
lightbox/images/img005059.jpg,lightbox,2,25761,2,34077,0.20182,0.20182,0.922608,-0.259483,49.5787
lightbox/images/img005084.jpg,lightbox,2,52477,2,52543,0.285642,-0.337577,0.830959,0.337577,15.2648
lightbox/images/img005085.jpg,lightbox,1,34277,1,34521,0.315058,0.916533,0.143208,-0.200492,34.5573
lightbox/images/img005088.jpg,lightbox,3,25106,3,03776,-0.0824786,-0.0274929,-0.467379,0.879772,23.7288
lightbox/images/img005105.jpg,lightbox,1,50134,1,14556,0.288178,0.709362,-0.642859,-0.0221676,11.3014
lightbox/images/img005106.jpg,lightbox,0,55326,2,02314,-0.398348,-0.14676,0.670902,-0.608005,69.2815
lightbox/images/img005114.jpg,lightbox,3,05311,1,13624,0.404877,0.762121,-0.0714488,-0.500142,79.5113
lightbox/images/img005124.jpg,lightbox,3,16776,3,16064,0.0285481,-0.314029,-0.256933,0.91354,58.0261
lightbox/images/img005125.jpg,lightbox,0,67510,0,72435,0.791391,0.173117,0.51935,0.272041,44.1551
lightbox/images/img005137.jpg,lightbox,2,13405,2,75011,0.535754,0.0232936,0.745396,0.395992,112.222
lightbox/images/img005147.jpg,lightbox,3,63724,0,63342,0.748653,-0.163768,0.631676,0.116977,179.112
lightbox/images/img005151.jpg,lightbox,3,36162,3,16273,0.202495,-0.0289278,-0.318206,0.925691,71.8404
lightbox/images/img005156.jpg,lightbox,1,16626,2,43257,-0.262111,-0.145617,0.931951,0.203864,159.089
lightbox/images/img005163.jpg,lightbox,1,74067,1,71504,0.594061,0.760398,0.0237624,0.261387,75.1
lightbox/images/img005164.jpg,lightbox,3,61243,0,34632,0.879772,0.137464,0.412393,-0.19245,135.053
lightbox/images/img005166.jpg,lightbox,0,16510,0,16156,0.842397,0.342224,-0.342224,-0.236924,11.3517
lightbox/images/img005174.jpg,lightbox,2,13360,1,31604,0.396854,0.74702,0.210099,-0.490232,112.259
lightbox/images/img005183.jpg,lightbox,2,47147,2,01532,-0.06415,-0.534584,0.684267,-0.491817,129.365
lightbox/images/img005186.jpg,lightbox,2,44376,2,42157,-0.434472,-0.332243,0.817829,0.1789,41.2399
lightbox/images/img005192.jpg,lightbox,1,71270,1,53507,0.597351,0.707972,-0.287613,0.243365,71.4749
lightbox/images/img005196.jpg,lightbox,3,34051,3,16705,0.315058,-0.200492,-0.143208,0.916533,35.3574
lightbox/images/img005198.jpg,lightbox,0,65166,0,34072,0.916533,0.143208,0.200492,-0.315058,113.871
lightbox/images/img005202.jpg,lightbox,2,30760,1,35245,0.483068,0.813589,0.228822,-0.228822,95.6497
lightbox/images/img005213.jpg,lightbox,2,37202,2,34376,0.33577,0.387427,0.826512,-0.232456,28.8232
lightbox/images/img005220.jpg,lightbox,0,42525,0,43436,0.871899,-0.299715,-0.245222,0.299715,26.7597
lightbox/images/img005221.jpg,lightbox,1,41606,3,51237,0.534595,-0.395135,0.0697297,0.743784,143.947
lightbox/images/img005232.jpg,lightbox,0,25011,0,60354,0.822136,-0.488143,0.231226,0.179842,80.1719
lightbox/images/img005233.jpg,lightbox,3,16057,0,52561,0.844742,0.29038,-0.29038,0.343176,130.445
lightbox/images/img005239.jpg,lightbox,3,43172,3,43533,-0.0290252,-0.261226,0.261226,0.928805,15.3573
lightbox/images/img005244.jpg,lightbox,0,37466,1,21715,-0.0254246,0.813589,0.228822,-0.533917,126.47
lightbox/images/img005253.jpg,lightbox,1,63731,1,52270,0.151934,0.972379,-0.0911606,0.151934,93.1157
lightbox/images/img005270.jpg,lightbox,0,63002,0,30442,0.856767,0.026774,0.0803219,-0.508706,92.9991
lightbox/images/img005271.jpg,lightbox,1,43215,1,52204,0.0303869,0.972379,-0.212708,0.0911606,33.8255
lightbox/images/img005273.jpg,lightbox,0,07014,0,01772,0.780024,-0.0731272,-0.414388,-0.463139,28.2705
lightbox/images/img005274.jpg,lightbox,1,03113,3,71200,0.455158,0.240966,0.026774,0.856767,131.379
lightbox/images/img005281.jpg,lightbox,0,35456,0,70107,0.93834,0.322554,0.0879694,0.0879694,31.0102
lightbox/images/img005289.jpg,lightbox,2,25730,2,70342,0.254457,0.311003,0.904735,0.141365,53.6081
lightbox/images/img005290.jpg,lightbox,1,43264,2,16142,0.240966,-0.348062,0.856767,-0.294514,117.767
lightbox/images/img005305.jpg,lightbox,0,03430,0,63014,0.842397,-0.289574,0.447523,0.0789747,110.344
lightbox/images/img005311.jpg,lightbox,0,53330,0,53076,0.801253,0.525822,-0.225352,0.175274,29.2257
lightbox/images/img005314.jpg,lightbox,1,34225,0,16216,0.907642,0.141819,-0.141819,-0.368729,146.285
lightbox/images/img005315.jpg,lightbox,3,64053,0,16074,0.904735,0.141365,-0.311003,-0.254457,71.755
lightbox/images/img005320.jpg,lightbox,3,16106,3,12573,0.36477,-0.218862,-0.462042,0.778177,25.2157
lightbox/images/img005327.jpg,lightbox,0,31770,0,31172,0.622446,0.564091,0.13616,-0.525188,22.7222
lightbox/images/img005335.jpg,lightbox,3,70042,3,70064,0.0301648,0.150824,0.211154,0.965275,9.30387
lightbox/images/img005337.jpg,lightbox,1,14631,1,25742,-0.20182,0.922608,0.317146,-0.0864945,109.317
lightbox/images/img005341.jpg,lightbox,0,34542,0,34547,0.941584,0.323669,0.0882735,-0.0294245,7.72464
lightbox/images/img005345.jpg,lightbox,2,14277,2,72003,0.0803219,0.508706,0.856767,0.026774,118.177
lightbox/images/img005367.jpg,lightbox,2,07752,2,50270,0.131991,-0.501565,0.844742,0.131991,54.2916
lightbox/images/img005376.jpg,lightbox,1,27545,1,72041,0.0817405,0.871899,0.463196,0.136234,33.5804
lightbox/images/img005389.jpg,lightbox,0,76056,0,70675,0.835478,0.182761,0.339413,0.39163,25.4938
lightbox/images/img005394.jpg,lightbox,1,60571,1,64130,-0.460953,0.776342,0.121303,0.412432,11.7758
lightbox/images/img005396.jpg,lightbox,0,54340,3,05276,-0.282609,-0.43676,-0.231226,0.822136,154.054
lightbox/images/img005401.jpg,lightbox,0,52313,2,52212,0.152499,-0.152499,0.975991,0.0304997,172.948
lightbox/images/img005404.jpg,lightbox,2,57750,0,72025,0.830959,0.0779024,0.545317,0.0779024,69.056
lightbox/images/img005410.jpg,lightbox,0,63315,0,34652,0.931951,0.145617,0.320358,-0.0873704,48.4388
lightbox/images/img005428.jpg,lightbox,0,20335,3,32556,0.302817,0.442579,-0.395992,0.745396,118.454
lightbox/images/img005430.jpg,lightbox,2,26574,2,47202,-0.379413,-0.126471,0.809414,0.430001,89.5975
lightbox/images/img005431.jpg,lightbox,1,76217,1,16771,0.421408,0.899004,-0.0842816,-0.0842816,108.58
lightbox/images/img005444.jpg,lightbox,2,25564,1,25471,-0.266674,0.948174,0.148152,-0.0888913,140.371
lightbox/images/img005451.jpg,lightbox,0,03360,0,07634,0.931951,-0.320358,-0.0873704,-0.145617,64.5188
lightbox/images/img005481.jpg,lightbox,2,15223,2,40073,-0.521399,-0.521399,0.667391,0.10428,128.86
lightbox/images/img005482.jpg,lightbox,0,11021,3,45177,-0.0214226,-0.535564,0.492719,0.685522,69.5712
lightbox/images/img005484.jpg,lightbox,2,22755,2,47071,-0.220432,-0.269417,0.783758,0.514341,148.818
lightbox/images/img005492.jpg,lightbox,0,00533,2,43766,-0.19422,-0.0277457,0.887862,0.416185,82.9051
lightbox/images/img005495.jpg,lightbox,1,53253,2,01334,-0.0634574,-0.401897,0.676879,-0.613422,116.771
lightbox/images/img005498.jpg,lightbox,2,50267,2,43175,-0.0289278,-0.318206,0.925691,0.202495,19.3495
lightbox/images/img005517.jpg,lightbox,2,63750,2,70160,0.26482,0.147122,0.941584,0.147122,69.3002
lightbox/images/img005519.jpg,lightbox,2,13013,3,36034,0.122757,0.51558,-0.319169,0.785646,83.3478
lightbox/images/img005525.jpg,lightbox,0,10703,0,17037,0.753619,0.541664,-0.211955,-0.306158,49.3078
lightbox/images/img005530.jpg,lightbox,3,42215,1,56223,0.0824786,0.879772,-0.0274929,0.467379,163.24
lightbox/images/img005538.jpg,lightbox,0,72364,0,72425,0.801253,0.0751175,0.525822,0.275431,27.4205
lightbox/images/img005563.jpg,lightbox,2,35257,1,53726,0.594061,0.760398,-0.0237624,0.261387,126.555
lightbox/images/img005566.jpg,lightbox,2,16210,2,34366,0.239596,0.399326,0.851896,-0.239596,71.2022
lightbox/images/img005570.jpg,lightbox,3,03040,3,00222,-0.545035,-0.29889,-0.545035,0.562617,29.5808
lightbox/images/img005572.jpg,lightbox,2,45707,2,54033,0.157036,-0.560843,0.717879,0.381373,41.6182
lightbox/images/img005576.jpg,lightbox,0,43231,0,17760,0.783758,0.612311,-0.0734773,-0.0734773,107.233
lightbox/images/img005577.jpg,lightbox,0,53714,0,53113,0.689329,0.667787,-0.28004,0.0215415,26.7587
lightbox/images/img005578.jpg,lightbox,1,65425,0,27372,0.695817,-0.0652328,0.674072,-0.239187,140.841
lightbox/images/img005586.jpg,lightbox,1,40326,2,16576,0.364073,-0.25205,0.896179,-0.0280056,83.2747
lightbox/images/img005599.jpg,lightbox,3,03777,3,53320,0.613786,-0.0736543,0.0245514,0.785646,93.6607
lightbox/images/img005603.jpg,lightbox,0,56230,3,60312,-0.489437,0.283358,0.0257599,0.824315,175.947
lightbox/images/img005609.jpg,lightbox,2,72140,2,72542,0.222579,0.469888,0.791391,0.321503,22.5073
lightbox/images/img005620.jpg,lightbox,2,55237,2,03347,-0.121303,-0.121303,0.776342,-0.606517,147.363
lightbox/images/img005627.jpg,lightbox,1,46333,1,42232,-0.644503,0.763856,-0.0238705,0.0238705,51.265
lightbox/images/img005646.jpg,lightbox,3,74207,2,70601,0.0867835,0.260351,0.925691,0.260351,85.9546
lightbox/images/img005651.jpg,lightbox,0,61270,0,63100,0.866766,-0.189605,0.46047,0.0270864,19.8781
lightbox/images/img005655.jpg,lightbox,0,24570,0,04244,0.628176,-0.608545,-0.451501,-0.176674,74.3549
lightbox/images/img005662.jpg,lightbox,0,70725,2,70011,0.213498,0.0304997,0.975991,0.0304997,113.12
lightbox/images/img005667.jpg,lightbox,2,75360,2,53337,0.694049,-0.0223887,0.716438,0.067166,56.4642
lightbox/images/img005668.jpg,lightbox,2,50727,2,52432,0.143681,-0.258625,0.919555,0.258625,30.0469
lightbox/images/img005675.jpg,lightbox,0,76123,0,72044,0.866766,0.0270864,0.46047,0.189605,36.9488
lightbox/images/img005677.jpg,lightbox,1,30472,2,03537,-0.0254246,-0.228822,0.813589,-0.533917,152.897
lightbox/images/img005682.jpg,lightbox,1,07460,2,54132,0.283212,-0.544638,0.697136,0.370354,71.259
lightbox/images/img005692.jpg,lightbox,3,65213,2,52522,0.252845,-0.252845,0.899004,0.252845,123.849
lightbox/images/img005699.jpg,lightbox,1,06445,0,24741,0.811493,-0.532542,0.228232,-0.0760775,33.2196
lightbox/images/img005705.jpg,lightbox,3,06713,3,06621,-0.661315,-0.0684119,-0.159628,0.729727,28.9973
lightbox/images/img005709.jpg,lightbox,3,33402,3,00324,-0.438195,-0.361987,-0.552506,0.609662,135.156
lightbox/images/img005736.jpg,lightbox,0,05325,2,52116,0.351095,-0.351095,0.864234,0.0810219,165.594
lightbox/images/img005737.jpg,lightbox,3,25146,1,01736,-0.0714488,0.762121,-0.404877,-0.500142,150.692
lightbox/images/img005747.jpg,lightbox,0,76027,0,70674,0.842397,0.131625,0.342224,0.394874,26.1941
lightbox/images/img005754.jpg,lightbox,0,07441,0,06333,0.8157,-0.433341,-0.0254906,-0.38236,56.1844
lightbox/images/img005776.jpg,lightbox,0,52764,2,17404,0.430001,-0.379413,0.809414,-0.126471,162.468
lightbox/images/img005777.jpg,lightbox,2,76453,2,63530,-0.0760775,0.532542,0.811493,0.228232,56.4028
lightbox/images/img005779.jpg,lightbox,2,40714,2,43123,-0.148675,-0.267615,0.951522,0.0297351,55.0789
lightbox/images/img005781.jpg,lightbox,3,30324,2,22303,-0.373869,0.480689,0.569705,-0.551902,92.7532
lightbox/images/img005796.jpg,lightbox,0,07576,1,57227,0.454577,0.765603,-0.0239251,0.454577,139.634
lightbox/images/img005800.jpg,lightbox,0,42377,3,53052,0.51558,-0.319169,0.122757,0.785646,83.101
lightbox/images/img005801.jpg,lightbox,0,43603,0,43634,0.896179,-0.308062,-0.0840168,0.308062,12.6582
lightbox/images/img005811.jpg,lightbox,1,70505,2,16503,0.297951,-0.352124,0.866766,-0.189605,149.745
lightbox/images/img005817.jpg,lightbox,2,40203,2,12527,0.269417,-0.220432,0.783758,-0.514341,128.478
lightbox/images/img005819.jpg,lightbox,2,52225,2,43174,-0.0864945,-0.317146,0.922608,0.20182,35.1962
lightbox/images/img005825.jpg,lightbox,0,35625,0,35615,0.785646,0.564683,0.220963,-0.122757,14.7358
lightbox/images/img005840.jpg,lightbox,0,43475,0,52406,0.882444,0.0275764,-0.358493,0.30334,32.6005
lightbox/images/img005853.jpg,lightbox,3,65125,0,60706,0.755297,-0.54287,0.259633,0.259633,158.163
lightbox/images/img005859.jpg,lightbox,2,65356,1,61610,-0.304267,0.88514,0.248946,0.248946,108.115
lightbox/images/img005861.jpg,lightbox,3,16607,3,16661,0.092538,-0.092538,-0.092538,0.987072,9.76386
lightbox/images/img005863.jpg,lightbox,2,31545,3,05731,-0.0263982,-0.501565,-0.184787,0.844742,123.949
lightbox/images/img005867.jpg,lightbox,1,55201,1,57221,0.463139,0.780024,-0.0731272,0.414388,51.6793
lightbox/images/img005885.jpg,lightbox,1,03636,2,60542,-0.552814,0.0721062,0.769133,0.31246,178.516
lightbox/images/img005890.jpg,lightbox,3,73401,2,01737,-0.0238705,-0.405798,0.763856,-0.50128,135.304
lightbox/images/img005898.jpg,lightbox,0,71765,0,70533,0.861723,0.403933,0.188502,0.24236,31.6029
lightbox/images/img005900.jpg,lightbox,0,46010,2,42156,-0.474555,-0.324696,0.799251,0.174836,143.822
lightbox/images/img005906.jpg,lightbox,0,70317,0,71043,0.849491,0.504385,0.0796398,0.132733,27.8018
lightbox/images/img005913.jpg,lightbox,1,55377,1,31044,0.386065,0.72671,0.0227097,-0.567742,130
lightbox/images/img005918.jpg,lightbox,2,42461,2,21444,-0.38236,0.0254906,0.8157,-0.433341,96.7198
lightbox/images/img005930.jpg,lightbox,1,12366,1,13524,0.531674,0.680543,-0.233937,-0.446606,50.7882
lightbox/images/img005936.jpg,lightbox,0,25032,2,34607,0.0873704,0.320358,0.931951,-0.145617,156.704
lightbox/images/img005940.jpg,lightbox,1,43640,2,16523,0.308062,-0.25205,0.896179,-0.196039,110.868
lightbox/images/img005946.jpg,lightbox,0,25037,2,63551,-0.0259675,0.441447,0.830959,0.337577,171.002
lightbox/images/img005957.jpg,lightbox,0,70152,0,70353,0.856767,0.40161,0.294514,0.13387,24.1512
lightbox/images/img005961.jpg,lightbox,3,33620,2,33500,0.503333,0.342266,0.644266,-0.463066,153.973
lightbox/images/img005977.jpg,lightbox,3,70164,3,52033,0.205971,-0.26482,0.0294245,0.941584,49.5617
lightbox/images/img005999.jpg,lightbox,3,45133,3,50205,0.0756891,-0.580283,0.0756891,0.80735,40.3608
lightbox/images/img006002.jpg,lightbox,3,41421,3,10777,0.350931,-0.397722,-0.397722,0.748653,105.031
lightbox/images/img006007.jpg,lightbox,2,25446,1,23471,-0.206095,0.732782,0.480888,-0.435089,109.18
lightbox/images/img006016.jpg,lightbox,0,26210,0,23014,0.670902,-0.230623,0.356417,-0.608005,52.9093
lightbox/images/img006048.jpg,lightbox,3,63201,0,26314,0.685522,-0.407029,0.535564,-0.278493,100.983
lightbox/images/img006054.jpg,lightbox,0,21657,1,21345,-0.119352,0.763856,0.214834,-0.596762,172.923
lightbox/images/img006055.jpg,lightbox,3,72445,0,34171,0.856767,0.40161,0.13387,-0.294514,177.593
lightbox/images/img006058.jpg,lightbox,3,34375,3,07147,-0.138728,-0.360694,-0.249711,0.887862,102.829
lightbox/images/img006061.jpg,lightbox,0,16726,0,06673,0.785646,-0.613786,-0.0245514,-0.0736543,105.217
lightbox/images/img006062.jpg,lightbox,0,50327,2,12752,0.327154,-0.125828,0.805302,-0.478148,160.882
lightbox/images/img006067.jpg,lightbox,0,72125,2,72005,0.0822304,0.465972,0.877124,0.0822304,98.8843
lightbox/images/img006068.jpg,lightbox,0,64310,0,60577,0.80327,-0.426737,0.175715,0.376533,7.36761
lightbox/images/img006074.jpg,lightbox,2,27102,2,27071,-0.220432,0.514341,0.783758,-0.269417,11.7096
lightbox/images/img006075.jpg,lightbox,1,37024,1,37441,0.463139,0.780024,0.414388,-0.0731272,29.9005
lightbox/images/img006082.jpg,lightbox,3,56203,0,52701,0.896179,0.308062,-0.196039,0.25205,160.507
lightbox/images/img006087.jpg,lightbox,0,64107,1,02537,-0.396854,0.74702,-0.210099,-0.490232,52.2397
lightbox/images/img006091.jpg,lightbox,2,52556,2,67030,-0.254034,0.484974,0.739008,0.392598,119.077
lightbox/images/img006106.jpg,lightbox,0,07464,0,07733,0.975991,-0.0304997,-0.0304997,-0.213498,57.7791
lightbox/images/img006116.jpg,lightbox,3,21030,2,31074,0.45663,0.108721,0.695817,-0.543607,38.2988
lightbox/images/img006125.jpg,lightbox,3,54302,0,60575,0.809414,-0.430001,0.126471,0.379413,89.3843
lightbox/images/img006144.jpg,lightbox,1,32406,1,30451,0.184787,0.844742,0.0263982,-0.501565,51.9231
lightbox/images/img006149.jpg,lightbox,3,43223,3,53002,0.441447,-0.337577,0.0259675,0.830959,101.208
lightbox/images/img006150.jpg,lightbox,2,25226,2,21447,-0.33667,0.0776931,0.828726,-0.440261,39.6997
lightbox/images/img006156.jpg,lightbox,2,56733,0,52104,0.8745,0.245953,-0.409922,0.0819844,174.443
lightbox/images/img006158.jpg,lightbox,3,51405,0,01636,0.739008,-0.254034,-0.392598,-0.484974,174.762
lightbox/images/img006159.jpg,lightbox,2,21702,2,01774,-0.0731272,-0.463139,0.780024,-0.414388,87.54
lightbox/images/img006160.jpg,lightbox,2,43002,1,07077,-0.252845,0.899004,-0.252845,-0.252845,127.843
lightbox/images/img006161.jpg,lightbox,0,41412,1,44537,-0.329183,0.619639,-0.484093,0.52282,174.187
lightbox/images/img006168.jpg,lightbox,0,45531,0,45350,0.715006,-0.0670318,-0.51391,0.469222,9.40013
lightbox/images/img006169.jpg,lightbox,2,22136,1,11454,0.403027,0.614137,-0.594945,-0.32626,172.861
lightbox/images/img006188.jpg,lightbox,3,43315,3,53324,0.612311,-0.0734773,0.0734773,0.783758,77.3703
lightbox/images/img006189.jpg,lightbox,2,32432,1,21457,-0.240278,0.854321,0.0800926,-0.453858,95.5839
lightbox/images/img006203.jpg,lightbox,3,41551,0,47326,0.844742,-0.184787,-0.0263982,0.501565,125.982
lightbox/images/img006207.jpg,lightbox,1,36642,1,16626,0.030846,0.987072,-0.030846,-0.15423,85.8721
lightbox/images/img006215.jpg,lightbox,3,65312,3,64730,-0.407029,0.278493,0.535564,0.685522,40.8708
lightbox/images/img006217.jpg,lightbox,2,02314,3,01113,-0.0188078,-0.545425,-0.583041,0.601848,96.7226
lightbox/images/img006221.jpg,lightbox,0,55766,0,57104,0.676879,0.528812,-0.317287,0.401897,23.5584
lightbox/images/img006222.jpg,lightbox,1,07135,1,43427,-0.348062,0.856767,-0.240966,0.294514,87.7801
lightbox/images/img006224.jpg,lightbox,3,07577,2,12654,0.134255,-0.187958,0.859235,-0.456468,128.243
lightbox/images/img006226.jpg,lightbox,0,34051,1,70653,0.189605,0.866766,0.297951,0.352124,149.551
lightbox/images/img006228.jpg,lightbox,1,07136,1,16242,0.0292228,0.935129,-0.146114,-0.321451,20.2205
lightbox/images/img006234.jpg,lightbox,3,53056,2,03744,-0.186352,-0.186352,0.851896,-0.45257,152.213
lightbox/images/img006237.jpg,lightbox,3,25060,3,25343,-0.139158,0.306147,-0.306147,0.890609,38.5114
lightbox/images/img006255.jpg,lightbox,1,75530,3,71213,0.561979,0.268773,0.0244339,0.781884,55.5327
lightbox/images/img006262.jpg,lightbox,2,41464,2,15670,0.490232,-0.443543,0.74702,-0.0700331,110.903
lightbox/images/img006286.jpg,lightbox,2,24773,2,70217,0.20182,0.317146,0.922608,0.0864945,79.1473
lightbox/images/img006289.jpg,lightbox,2,27536,2,43174,-0.0864945,-0.317146,0.922608,0.20182,117.154
lightbox/images/img006293.jpg,lightbox,3,35551,3,06776,-0.510171,-0.0268511,-0.0268511,0.859235,150.687
lightbox/images/img006297.jpg,lightbox,2,05554,1,14656,0.129488,0.828726,-0.543852,-0.0258977,26.816
lightbox/images/img006315.jpg,lightbox,2,67701,0,52650,0.899004,0.140469,-0.196657,0.36522,177.922
lightbox/images/img006329.jpg,lightbox,1,70553,1,72145,0.285642,0.830959,0.441447,0.181772,50.4465
lightbox/images/img006333.jpg,lightbox,1,03237,2,41726,-0.181772,-0.441447,0.830959,0.285642,122.349
lightbox/images/img006350.jpg,lightbox,2,03467,1,30571,0.370965,0.791391,0.123655,-0.469888,178.518
lightbox/images/img006354.jpg,lightbox,1,65343,1,71024,0.463196,0.871899,0.136234,0.0817405,89.423
lightbox/images/img006360.jpg,lightbox,2,54556,1,04722,-0.52891,0.735875,-0.390934,-0.160973,66.9345
lightbox/images/img006364.jpg,lightbox,2,60171,1,23441,-0.302817,0.745396,0.395992,-0.442579,116.818
lightbox/images/img006366.jpg,lightbox,0,63105,0,06776,0.859235,-0.510171,-0.0268511,-0.0268511,72.471
lightbox/images/img006397.jpg,lightbox,0,17600,2,24150,-0.489437,0.0257599,0.824315,-0.283358,121.042
lightbox/images/img006414.jpg,lightbox,2,16131,2,71241,0.492056,0.233079,0.828726,0.129488,85.1179
lightbox/images/img006417.jpg,lightbox,1,14534,1,16077,0.199189,0.910577,-0.2561,-0.2561,51.2404
lightbox/images/img006425.jpg,lightbox,2,60127,1,03471,-0.22592,0.80327,-0.276124,-0.476942,179.762
lightbox/images/img006448.jpg,lightbox,1,25546,2,27554,-0.0824786,0.467379,0.879772,-0.0274929,113.102
lightbox/images/img006454.jpg,lightbox,0,20050,3,35241,0.476942,0.22592,-0.276124,0.80327,149.517
lightbox/images/img006455.jpg,lightbox,3,52606,3,52467,0.0819844,-0.245953,0.409922,0.8745,16.4936
lightbox/images/img006456.jpg,lightbox,2,33566,1,32454,0.123958,0.793334,0.421459,-0.421459,61.9062
lightbox/images/img006463.jpg,lightbox,1,25211,2,71022,0.46047,0.189605,0.866766,0.0270864,151.421
lightbox/images/img006482.jpg,lightbox,2,45013,2,41277,-0.236924,-0.447523,0.842397,0.184274,34.1453
lightbox/images/img006484.jpg,lightbox,3,57147,0,57242,0.758686,0.403052,-0.118545,0.497888,108.396
lightbox/images/img006485.jpg,lightbox,2,42456,2,17426,0.451292,-0.238919,0.849491,-0.132733,139.709
lightbox/images/img006508.jpg,lightbox,3,16721,1,50207,0.0779024,0.830959,-0.545317,0.0779024,164.564
lightbox/images/img006509.jpg,lightbox,2,45020,2,40773,-0.403961,-0.403961,0.760398,0.308911,25.1121
lightbox/images/img006515.jpg,lightbox,1,75246,2,41227,-0.33667,-0.440261,0.828726,0.0776931,157.481
lightbox/images/img006519.jpg,lightbox,0,60546,0,60126,0.797264,-0.573034,0.174402,0.0747435,37.7764
lightbox/images/img006525.jpg,lightbox,2,70503,2,70152,0.371126,0.0856444,0.91354,0.142741,15.4125
lightbox/images/img006527.jpg,lightbox,0,16265,2,34654,0.148675,0.267615,0.951522,-0.0297351,166.75
lightbox/images/img006528.jpg,lightbox,2,66150,2,05445,-0.28004,-0.667787,0.689329,-0.0215415,140.676
lightbox/images/img006532.jpg,lightbox,0,41476,0,41177,0.776342,-0.0242607,-0.606517,0.169825,31.1953
lightbox/images/img006548.jpg,lightbox,0,61535,0,70031,0.965275,0.211154,0.150824,0.0301648,42.1223
lightbox/images/img006567.jpg,lightbox,3,37002,2,32221,0.0563436,0.544655,0.600999,-0.582217,134.406
lightbox/images/img006569.jpg,lightbox,1,50035,1,17420,0.441447,0.830959,-0.285642,-0.181772,59.8518
lightbox/images/img006597.jpg,lightbox,2,51765,1,60705,-0.514341,0.783758,0.220432,0.269417,137.683
lightbox/images/img006601.jpg,lightbox,3,73060,3,71023,0.501565,0.184787,0.0263982,0.844742,39.8572
lightbox/images/img006607.jpg,lightbox,0,55277,0,53307,0.756986,0.638707,-0.118279,0.0709674,57.5244
lightbox/images/img006610.jpg,lightbox,1,11136,2,43666,-0.390567,-0.0260378,0.833209,0.390567,80.84
lightbox/images/img006614.jpg,lightbox,0,37060,0,37444,0.799251,0.424602,0.424602,-0.0249766,27.0029
lightbox/images/img006615.jpg,lightbox,1,13663,1,01737,-0.0238705,0.763856,-0.405798,-0.50128,72.0678
lightbox/images/img006616.jpg,lightbox,3,16056,3,16702,0.262111,-0.145617,-0.203864,0.931951,26.8982
lightbox/images/img006632.jpg,lightbox,0,61641,3,61447,-0.344137,0.0794162,0.397081,0.847106,171.701
lightbox/images/img006634.jpg,lightbox,0,74116,0,56233,0.866766,0.189605,-0.0270864,0.46047,21.2026
lightbox/images/img006647.jpg,lightbox,0,07506,2,34075,0.203864,0.145617,0.931951,-0.262111,163.655
lightbox/images/img006664.jpg,lightbox,3,75242,1,43763,-0.143208,0.916533,-0.0286417,0.372342,127.797
lightbox/images/img006665.jpg,lightbox,1,53424,1,52275,0.208145,0.951522,-0.0892052,0.208145,38.486
lightbox/images/img006668.jpg,lightbox,2,00427,3,12276,0.122169,-0.0244339,-0.610847,0.781884,86.5155
lightbox/images/img006671.jpg,lightbox,2,04137,2,01574,-0.0662428,-0.596185,0.706589,-0.375376,35.1298
lightbox/images/img006673.jpg,lightbox,3,41654,2,01671,-0.210559,-0.444513,0.748653,-0.444513,155.743
lightbox/images/img006674.jpg,lightbox,3,02342,2,60577,-0.426737,0.175715,0.80327,0.376533,178.334
lightbox/images/img006679.jpg,lightbox,2,05736,2,14436,0.121303,-0.606517,0.776342,-0.121303,31.5421
lightbox/images/img006684.jpg,lightbox,3,21440,3,07142,-0.189605,-0.352124,-0.297951,0.866766,54.6367
lightbox/images/img006686.jpg,lightbox,2,12324,2,31170,0.56667,0.0977017,0.625291,-0.527589,49.4644
lightbox/images/img006696.jpg,lightbox,3,20355,0,27434,0.797264,-0.27406,0.523205,-0.124573,87.036
lightbox/images/img006704.jpg,lightbox,0,56063,2,05736,-0.0817405,-0.463196,0.871899,-0.136234,137.437
lightbox/images/img006709.jpg,lightbox,0,35276,0,37550,0.688053,0.623548,0.365528,-0.0645049,23.2778
lightbox/images/img006711.jpg,lightbox,3,16212,3,12737,0.36477,-0.024318,-0.510678,0.778177,37.1175
lightbox/images/img006727.jpg,lightbox,0,24444,2,67100,-0.172276,0.418384,0.787547,0.418384,133.806
lightbox/images/img006733.jpg,lightbox,0,60106,0,06276,0.74702,-0.630298,-0.0233444,-0.210099,33.7228
lightbox/images/img006736.jpg,lightbox,2,50214,2,63174,-0.0768726,0.538108,0.819974,0.179369,140.353
sunlamp/images/img000005.jpg,sunlamp,3,57537,3,07736,-0.0921878,-0.0307293,-0.153646,0.983336,124.396
sunlamp/images/img000022.jpg,sunlamp,3,70166,3,34433,0.204559,0.204559,-0.204559,0.935129,50.1318
sunlamp/images/img000030.jpg,sunlamp,0,42170,0,02436,0.670902,-0.566074,-0.188691,-0.44028,67.7099
sunlamp/images/img000031.jpg,sunlamp,2,70435,1,70605,0.0853666,0.910577,0.2561,0.313011,123.285
sunlamp/images/img000033.jpg,sunlamp,3,07240,3,07141,-0.13387,-0.40161,-0.294514,0.856767,36.3487
sunlamp/images/img000034.jpg,sunlamp,1,07625,2,52404,0.0270073,-0.40511,0.864234,0.29708,120.123
sunlamp/images/img000039.jpg,sunlamp,3,24006,2,07524,-0.200492,-0.315058,0.916533,-0.143208,151.883
sunlamp/images/img000040.jpg,sunlamp,1,25003,2,21115,-0.0231434,0.0231434,0.74059,-0.67116,139.166
sunlamp/images/img000043.jpg,sunlamp,0,61033,3,07775,-0.0310835,-0.0932505,-0.0310835,0.994672,179.134
sunlamp/images/img000045.jpg,sunlamp,1,04567,1,52247,0.090167,0.961781,-0.150278,0.21039,91.1279
sunlamp/images/img000052.jpg,sunlamp,3,33145,0,31404,0.763856,0.405798,0.0238705,-0.50128,155.721
sunlamp/images/img000054.jpg,sunlamp,0,47712,2,52214,0.150278,-0.21039,0.961781,0.090167,170.921
sunlamp/images/img000060.jpg,sunlamp,3,17034,3,05227,-0.319941,-0.418384,-0.319941,0.787547,98.6371
sunlamp/images/img000062.jpg,sunlamp,2,45643,2,47623,-0.304808,-0.0234468,0.750298,0.58617,49.0754
sunlamp/images/img000066.jpg,sunlamp,3,52624,2,52036,0.148152,-0.266674,0.948174,0.0888913,129.346
sunlamp/images/img000072.jpg,sunlamp,3,27451,0,32554,0.760398,0.308911,0.403961,-0.403961,128.614
sunlamp/images/img000074.jpg,sunlamp,2,74303,2,14773,0.38137,-0.432219,0.813589,-0.0762739,102.87
sunlamp/images/img000076.jpg,sunlamp,3,42321,3,06731,-0.459124,-0.0810219,-0.189051,0.864234,24.6155
sunlamp/images/img000078.jpg,sunlamp,0,00352,3,03721,-0.125511,-0.0753066,-0.57735,0.80327,152.087
sunlamp/images/img000079.jpg,sunlamp,2,14634,2,16404,0.0280056,-0.420084,0.896179,-0.140028,19.3808
sunlamp/images/img000081.jpg,sunlamp,3,25337,0,34073,0.907642,0.198547,0.198547,-0.312002,148.521
sunlamp/images/img000084.jpg,sunlamp,1,02172,2,52016,0.142741,-0.371126,0.91354,0.0856444,116.717
sunlamp/images/img000089.jpg,sunlamp,2,64141,2,03426,-0.356436,-0.213862,0.760398,-0.499011,120.401
sunlamp/images/img000096.jpg,sunlamp,2,06756,2,23441,-0.302817,0.395992,0.745396,-0.442579,82.8194
sunlamp/images/img000097.jpg,sunlamp,2,27217,2,27411,-0.236924,0.447523,0.842397,-0.184274,25.4202
sunlamp/images/img000098.jpg,sunlamp,1,75426,2,52136,0.362936,-0.251263,0.893381,0.0837545,163.637
sunlamp/images/img000099.jpg,sunlamp,0,07524,0,07704,0.944862,-0.206689,-0.206689,-0.147635,10.3029
sunlamp/images/img000104.jpg,sunlamp,1,41426,1,43523,-0.143681,0.919555,-0.258625,0.258625,47.7143
sunlamp/images/img000105.jpg,sunlamp,2,12165,1,71601,0.483068,0.813589,0.228822,0.228822,174.281
sunlamp/images/img000106.jpg,sunlamp,1,52145,1,53201,0.501565,0.844742,-0.184787,0.0263982,37.2087
sunlamp/images/img000107.jpg,sunlamp,3,62600,3,61655,-0.239596,0.239596,0.399326,0.851896,63.112
sunlamp/images/img000114.jpg,sunlamp,0,61327,3,01222,-0.30006,-0.340068,-0.620124,0.640128,128.925
sunlamp/images/img000116.jpg,sunlamp,1,76262,1,47223,-0.337577,0.830959,-0.0259675,0.441447,89.5851
sunlamp/images/img000117.jpg,sunlamp,2,04005,2,30445,0.0824786,0.0274929,0.879772,-0.467379,110.531
sunlamp/images/img000118.jpg,sunlamp,2,06313,2,30572,0.324696,0.174836,0.799251,-0.474555,94.7859
sunlamp/images/img000122.jpg,sunlamp,0,60141,0,03757,0.8745,-0.0273281,-0.136641,-0.464578,92.8632
sunlamp/images/img000124.jpg,sunlamp,0,75536,3,37401,0.457732,0.409549,-0.168638,0.770916,52.5907
sunlamp/images/img000126.jpg,sunlamp,1,71357,1,71506,0.592723,0.758686,0.0711268,0.260798,24.6633
sunlamp/images/img000128.jpg,sunlamp,0,24133,0,25346,0.896179,-0.196039,0.308062,-0.25205,34.8535
sunlamp/images/img000136.jpg,sunlamp,0,57735,3,07342,-0.200492,-0.143208,-0.315058,0.916533,145.118
sunlamp/images/img000140.jpg,sunlamp,3,34422,3,34434,0.150824,0.150824,-0.150824,0.965275,15.7513
sunlamp/images/img000141.jpg,sunlamp,2,43142,1,07774,-0.0928922,0.99085,-0.0928922,-0.0309641,127.17
sunlamp/images/img000142.jpg,sunlamp,3,12602,0,07335,0.922608,-0.0288315,-0.0864945,-0.374809,155.555
sunlamp/images/img000144.jpg,sunlamp,2,61522,2,07641,-0.367549,-0.197911,0.904735,-0.0848189,66.5534
sunlamp/images/img000148.jpg,sunlamp,1,06760,1,06550,-0.472205,0.795292,-0.372793,-0.0745586,36.9019
sunlamp/images/img000149.jpg,sunlamp,2,41024,2,34073,0.198547,0.198547,0.907642,-0.312002,127.584
sunlamp/images/img000158.jpg,sunlamp,0,73646,0,74006,0.856767,0.026774,0.0803219,0.508706,76.2573
sunlamp/images/img000160.jpg,sunlamp,1,34156,2,34472,0.150278,0.21039,0.961781,-0.090167,139.144
sunlamp/images/img000161.jpg,sunlamp,0,35247,0,32444,0.799251,0.0249766,0.424602,-0.424602,61.6879
sunlamp/images/img000165.jpg,sunlamp,2,72034,1,70024,0.0307293,0.983336,0.153646,0.0921878,95.4904
sunlamp/images/img000167.jpg,sunlamp,3,46627,3,34341,0.299715,0.245222,-0.299715,0.871899,153.302
sunlamp/images/img000176.jpg,sunlamp,2,63702,2,52271,0.21039,-0.090167,0.961781,0.150278,101.067
sunlamp/images/img000177.jpg,sunlamp,2,12767,1,35655,0.568812,0.791391,0.222579,-0.024731,139.213
sunlamp/images/img000178.jpg,sunlamp,3,27130,3,27425,-0.319169,0.51558,-0.122757,0.785646,40.0058
sunlamp/images/img000179.jpg,sunlamp,2,16555,1,70601,0.0867835,0.925691,0.260351,0.260351,168.832
sunlamp/images/img000181.jpg,sunlamp,3,70612,3,30674,0.128799,0.334878,-0.437917,0.824315,83.4791
sunlamp/images/img000182.jpg,sunlamp,0,31077,0,31655,0.729727,0.524491,0.205236,-0.387667,18.1224
sunlamp/images/img000196.jpg,sunlamp,1,51424,2,32407,0.0700331,0.443543,0.74702,-0.490232,155.398
sunlamp/images/img000197.jpg,sunlamp,1,72175,1,43770,-0.0862083,0.919555,-0.0862083,0.373569,92.1315
sunlamp/images/img000198.jpg,sunlamp,1,44761,3,02556,-0.442579,-0.302817,-0.395992,0.745396,112.467
sunlamp/images/img000200.jpg,sunlamp,2,37371,2,31747,0.580544,0.236518,0.688053,-0.365528,39.5261
sunlamp/images/img000203.jpg,sunlamp,2,07530,2,16066,0.0290252,-0.261226,0.928805,-0.261226,15.8772
sunlamp/images/img000206.jpg,sunlamp,1,73000,1,34570,0.371126,0.91354,0.142741,-0.0856444,37.4902
sunlamp/images/img000207.jpg,sunlamp,0,22321,0,06237,0.750298,-0.58617,-0.0234468,-0.304808,76.9159
sunlamp/images/img000208.jpg,sunlamp,2,52734,2,52161,0.306147,-0.306147,0.890609,0.139158,31.5441
sunlamp/images/img000213.jpg,sunlamp,1,47225,1,30655,0.184274,0.842397,0.236924,-0.447523,133.085
sunlamp/images/img000214.jpg,sunlamp,1,07340,2,07742,-0.21039,-0.150278,0.961781,-0.090167,148.207
sunlamp/images/img000219.jpg,sunlamp,2,35602,2,34524,0.26482,0.147122,0.941584,-0.147122,31.2848
sunlamp/images/img000220.jpg,sunlamp,2,34150,1,70523,0.308062,0.896179,0.196039,0.25205,155.1
sunlamp/images/img000227.jpg,sunlamp,3,34161,2,02672,-0.587095,-0.0217443,0.695817,-0.413141,80.2488
sunlamp/images/img000228.jpg,sunlamp,2,52241,2,52013,0.198547,-0.368729,0.907642,0.0283638,26.3504
sunlamp/images/img000233.jpg,sunlamp,0,52642,3,03333,-0.0224337,-0.0224337,-0.695445,0.717879,139.303
sunlamp/images/img000235.jpg,sunlamp,3,61555,3,03337,-0.0231434,-0.0231434,-0.67116,0.74059,133.54
sunlamp/images/img000237.jpg,sunlamp,1,10644,1,14672,0.136234,0.871899,-0.463196,-0.0817405,40.3637
sunlamp/images/img000239.jpg,sunlamp,0,65451,3,07755,-0.0304997,-0.213498,-0.0304997,0.975991,96.2284
sunlamp/images/img000241.jpg,sunlamp,2,77475,1,70674,0.131625,0.842397,0.342224,0.394874,70.8093
sunlamp/images/img000247.jpg,sunlamp,3,35322,2,32454,0.123958,0.421459,0.793334,-0.421459,138.198
sunlamp/images/img000252.jpg,sunlamp,1,65333,1,14653,0.179369,0.819974,-0.538108,-0.0768726,127.251
sunlamp/images/img000254.jpg,sunlamp,0,16462,3,03723,-0.125828,-0.0251657,-0.578811,0.805302,173.79
sunlamp/images/img000255.jpg,sunlamp,1,03063,2,16016,0.134255,-0.349064,0.859235,-0.349064,150.528
sunlamp/images/img000256.jpg,sunlamp,0,25330,0,34344,0.899004,0.252845,0.252845,-0.252845,46.0289
sunlamp/images/img000257.jpg,sunlamp,3,34573,3,07741,-0.150278,-0.21039,-0.090167,0.961781,79.4139
sunlamp/images/img000260.jpg,sunlamp,2,75042,0,52720,0.925691,0.260351,-0.0867835,0.260351,127.544
sunlamp/images/img000261.jpg,sunlamp,2,43225,2,43221,-0.374809,-0.0864945,0.922608,0.0288315,5.27803
sunlamp/images/img000262.jpg,sunlamp,0,23555,0,34346,0.88514,0.248946,0.304267,-0.248946,42.1325
sunlamp/images/img000267.jpg,sunlamp,1,60525,0,06730,0.842397,-0.500173,-0.0789747,-0.184274,52.1172
sunlamp/images/img000272.jpg,sunlamp,3,42237,1,56223,0.0824786,0.879772,-0.0274929,0.467379,145.921
sunlamp/images/img000273.jpg,sunlamp,0,41672,0,31674,0.729727,0.478883,0.296452,-0.387667,155.354
sunlamp/images/img000274.jpg,sunlamp,3,25537,3,07731,-0.0303869,-0.0911606,-0.212708,0.972379,37.1329
sunlamp/images/img000277.jpg,sunlamp,3,31733,3,05226,-0.363057,-0.411464,-0.314649,0.774521,149.099
sunlamp/images/img000278.jpg,sunlamp,0,00151,0,07744,0.954905,-0.208885,-0.208885,-0.0298408,82.5963
sunlamp/images/img000280.jpg,sunlamp,2,24511,2,16740,0.263908,-0.205262,0.93834,-0.0879694,87.7318
sunlamp/images/img000282.jpg,sunlamp,2,06747,1,30244,0.0240354,0.769133,0.216319,-0.600885,171.632
sunlamp/images/img000283.jpg,sunlamp,3,06533,3,06731,-0.459124,-0.0810219,-0.189051,0.864234,18.2701
sunlamp/images/img000291.jpg,sunlamp,2,40717,2,70621,0.0837545,0.362936,0.893381,0.251263,116.591
sunlamp/images/img000297.jpg,sunlamp,1,47453,0,71135,0.712167,0.689912,0.111276,0.0667657,137.535
sunlamp/images/img000298.jpg,sunlamp,0,36446,3,07671,-0.268567,-0.0895223,-0.0895223,0.954905,144.989
sunlamp/images/img000307.jpg,sunlamp,3,41354,2,42174,-0.481824,-0.278951,0.811493,0.177514,125.15
sunlamp/images/img000315.jpg,sunlamp,2,64362,0,07354,0.93834,-0.0879694,-0.205262,-0.263908,84.1933
sunlamp/images/img000317.jpg,sunlamp,3,25212,3,07321,-0.139591,-0.0837545,-0.418772,0.893381,49.478
sunlamp/images/img000318.jpg,sunlamp,0,01272,3,03723,-0.125828,-0.0251657,-0.578811,0.805302,138.644
sunlamp/images/img000319.jpg,sunlamp,1,61570,3,12223,0.067166,-0.0223887,-0.694049,0.716438,164.035
sunlamp/images/img000320.jpg,sunlamp,2,35663,1,30747,0.278951,0.811493,0.278951,-0.431106,95.2451
sunlamp/images/img000323.jpg,sunlamp,3,61463,3,31663,0.427967,0.337869,-0.427967,0.720787,132.861
sunlamp/images/img000324.jpg,sunlamp,3,23450,0,32474,0.758686,0.118545,0.497888,-0.403052,93.3688
sunlamp/images/img000333.jpg,sunlamp,0,53032,0,52135,0.861723,0.403933,-0.296217,0.0807866,19.5002
sunlamp/images/img000335.jpg,sunlamp,3,21542,3,03326,-0.159961,-0.0228515,-0.662695,0.73125,25.2437
sunlamp/images/img000340.jpg,sunlamp,1,36140,1,36201,0.0691347,0.737437,0.576123,-0.345674,29.282
sunlamp/images/img000341.jpg,sunlamp,3,32034,0,53552,0.681778,0.617861,-0.276972,0.276972,92.24
sunlamp/images/img000342.jpg,sunlamp,2,47114,2,70077,0.204559,0.204559,0.935129,0.204559,84.7733
sunlamp/images/img000343.jpg,sunlamp,3,14335,0,14707,0.797264,0.27406,-0.523205,-0.124573,155.66
sunlamp/images/img000345.jpg,sunlamp,1,57302,2,31406,0.404877,0.0714488,0.762121,-0.500142,179.423
sunlamp/images/img000346.jpg,sunlamp,2,73622,1,70174,0.36522,0.899004,0.140469,0.196657,66.8629
sunlamp/images/img000348.jpg,sunlamp,3,16444,3,50233,0.189605,-0.46047,0.0270864,0.866766,20.5559
sunlamp/images/img000349.jpg,sunlamp,2,46125,2,42521,-0.514341,-0.269417,0.783758,0.220432,26.4795
sunlamp/images/img000351.jpg,sunlamp,2,26100,2,22514,-0.413141,0.369653,0.695817,-0.45663,16.2102
sunlamp/images/img000352.jpg,sunlamp,1,16375,1,34601,0.0879694,0.93834,0.263908,-0.205262,55.8508
sunlamp/images/img000353.jpg,sunlamp,1,12645,2,06372,-0.489437,-0.0257599,0.824315,-0.283358,170.539
sunlamp/images/img000356.jpg,sunlamp,2,50365,2,07712,-0.090167,-0.150278,0.961781,-0.21039,77.1748
sunlamp/images/img000358.jpg,sunlamp,0,31411,0,37240,0.705215,0.374646,0.55095,-0.242418,68.0991
sunlamp/images/img000359.jpg,sunlamp,0,51241,2,00347,-0.41742,-0.41742,0.636069,-0.496929,59.1317
sunlamp/images/img000360.jpg,sunlamp,1,21701,0,42256,0.748653,-0.631676,-0.116977,0.163768,89.1435
sunlamp/images/img000361.jpg,sunlamp,2,42162,2,01776,-0.0747435,-0.423547,0.797264,-0.423547,86.5668
sunlamp/images/img000363.jpg,sunlamp,1,15663,1,05755,-0.0253592,0.811493,-0.583261,-0.0253592,58.0963
sunlamp/images/img000364.jpg,sunlamp,0,53171,2,01705,-0.111276,-0.51187,0.712167,-0.46736,99.4895
sunlamp/images/img000365.jpg,sunlamp,3,52512,3,52532,0.353162,-0.244497,0.244497,0.869321,11.2129
sunlamp/images/img000375.jpg,sunlamp,1,75267,3,34401,0.0911606,0.0303869,-0.212708,0.972379,121.731
sunlamp/images/img000376.jpg,sunlamp,2,72074,2,52214,0.150278,-0.21039,0.961781,0.090167,91.2867
sunlamp/images/img000377.jpg,sunlamp,3,02046,0,01675,0.763856,-0.214834,-0.453539,-0.405798,128.115
sunlamp/images/img000379.jpg,sunlamp,2,70103,2,34457,0.212708,0.0911606,0.972379,-0.0303869,14.7744
sunlamp/images/img000380.jpg,sunlamp,2,27501,2,27544,-0.189605,0.46047,0.866766,-0.0270864,18.4501
sunlamp/images/img000382.jpg,sunlamp,1,14664,1,50623,0.0800926,0.854321,-0.453858,0.240278,28.6839
sunlamp/images/img000383.jpg,sunlamp,3,70317,3,34403,0.0908257,0.0908257,-0.211927,0.968808,57.4463
sunlamp/images/img000384.jpg,sunlamp,0,25071,2,34747,0.309033,0.309033,0.899004,-0.0280939,139.371
sunlamp/images/img000386.jpg,sunlamp,0,06334,0,07306,0.899004,-0.196657,-0.140469,-0.36522,36.4292
sunlamp/images/img000388.jpg,sunlamp,0,05336,0,05773,0.879772,-0.0274929,-0.467379,-0.0824786,29.446
sunlamp/images/img000389.jpg,sunlamp,2,37126,2,31456,0.500142,0.0714488,0.762121,-0.404877,49.2823
sunlamp/images/img000394.jpg,sunlamp,2,50461,2,43144,-0.190728,-0.408703,0.871899,0.190728,42.1201
sunlamp/images/img000395.jpg,sunlamp,0,13460,0,52525,0.859235,0.295362,-0.295362,0.295362,90.6159
sunlamp/images/img000397.jpg,sunlamp,0,27566,3,32244,0.0209657,0.524142,-0.524142,0.670902,133.283
sunlamp/images/img000398.jpg,sunlamp,1,52163,2,52421,0.0853666,-0.313011,0.910577,0.2561,129.14
sunlamp/images/img000399.jpg,sunlamp,3,34565,3,52124,0.2561,-0.313011,0.0853666,0.910577,56.4742
sunlamp/images/img000401.jpg,sunlamp,2,27750,2,36450,0.136234,0.463196,0.871899,-0.0817405,32.8472
sunlamp/images/img000402.jpg,sunlamp,3,70507,3,07373,-0.0295269,-0.0295269,-0.324796,0.944862,85.5682
sunlamp/images/img000404.jpg,sunlamp,3,36472,3,06627,-0.666887,-0.0229961,-0.114981,0.735875,119.585
sunlamp/images/img000407.jpg,sunlamp,2,43754,2,52014,0.139591,-0.418772,0.893381,0.0837545,52.1088
sunlamp/images/img000409.jpg,sunlamp,1,74300,1,70543,0.302422,0.879772,0.0824786,0.357407,19.703
sunlamp/images/img000411.jpg,sunlamp,3,30140,3,01742,-0.161658,-0.484974,-0.438786,0.739008,75.0275
sunlamp/images/img000412.jpg,sunlamp,1,42715,1,74243,0.0751175,0.801253,0.275431,0.525822,83.1283
sunlamp/images/img000419.jpg,sunlamp,1,01260,0,07231,0.8745,-0.245953,-0.0819844,-0.409922,157.56
sunlamp/images/img000423.jpg,sunlamp,3,62353,0,32446,0.781884,0.0244339,0.464244,-0.415376,116.788
sunlamp/images/img000425.jpg,sunlamp,1,72026,1,16623,0.0911606,0.972379,-0.0303869,-0.212708,83.9548
sunlamp/images/img000426.jpg,sunlamp,3,03756,3,07360,-0.20182,-0.0864945,-0.317146,0.922608,24.6251
sunlamp/images/img000429.jpg,sunlamp,3,63030,3,32672,0.102684,0.636643,-0.390201,0.65718,69.9938
sunlamp/images/img000432.jpg,sunlamp,1,34161,1,34052,0.145617,0.931951,0.0873704,-0.320358,18.285
sunlamp/images/img000436.jpg,sunlamp,1,21524,2,02557,-0.403961,-0.308911,0.760398,-0.403961,165.747
sunlamp/images/img000439.jpg,sunlamp,0,43526,1,07553,-0.0288315,0.922608,-0.374809,-0.0864945,165.295
sunlamp/images/img000440.jpg,sunlamp,0,15271,1,35231,0.521249,0.725215,0.294619,-0.339945,90.8137
sunlamp/images/img000442.jpg,sunlamp,2,17106,2,52215,0.208145,-0.208145,0.951522,0.0892052,65.5974
sunlamp/images/img000443.jpg,sunlamp,2,05772,2,07650,-0.317146,-0.20182,0.922608,-0.0864945,38.7972
sunlamp/images/img000449.jpg,sunlamp,0,46102,3,42706,-0.557996,-0.121303,0.266868,0.776342,167.602
sunlamp/images/img000451.jpg,sunlamp,1,06633,1,02773,-0.415376,0.781884,-0.0244339,-0.464244,41.6383
sunlamp/images/img000452.jpg,sunlamp,2,27735,2,07634,-0.320358,-0.0873704,0.931951,-0.145617,98.4529
sunlamp/images/img000458.jpg,sunlamp,0,06331,0,34355,0.851896,0.399326,0.239596,-0.239596,106.788
sunlamp/images/img000461.jpg,sunlamp,3,73103,0,34753,0.861723,0.403933,0.296217,-0.0807866,105.133
sunlamp/images/img000464.jpg,sunlamp,0,52630,2,03075,-0.209189,-0.255676,0.743784,-0.581081,124.891
sunlamp/images/img000466.jpg,sunlamp,2,40331,2,34042,0.0294245,0.0882735,0.941584,-0.323669,96.2331
sunlamp/images/img000478.jpg,sunlamp,0,25511,0,34034,0.907642,0.141819,0.141819,-0.368729,25.7369
sunlamp/images/img000479.jpg,sunlamp,0,55374,3,02154,-0.401897,-0.317287,-0.528812,0.676879,172.713
sunlamp/images/img000485.jpg,sunlamp,2,41206,2,16543,0.302422,-0.357407,0.879772,-0.0824786,85.4292
sunlamp/images/img000490.jpg,sunlamp,2,43756,2,07754,-0.0911606,-0.212708,0.972379,-0.0303869,55.4985
sunlamp/images/img000492.jpg,sunlamp,2,43603,2,43252,-0.318206,-0.144639,0.925691,0.144639,10.7505
sunlamp/images/img000497.jpg,sunlamp,0,70460,0,07736,0.983336,-0.0921878,-0.0307293,-0.153646,67.1592
sunlamp/images/img000499.jpg,sunlamp,0,63213,0,27250,0.735875,-0.252957,0.574903,-0.252957,30.5233
sunlamp/images/img000500.jpg,sunlamp,1,63533,1,07673,-0.269529,0.958324,-0.0299476,-0.0898429,86.0266
sunlamp/images/img000514.jpg,sunlamp,1,42521,3,16273,0.202495,-0.0289278,-0.318206,0.925691,162.885
sunlamp/images/img000516.jpg,sunlamp,1,70354,1,41723,-0.132733,0.849491,-0.451292,0.238919,101.233
sunlamp/images/img000517.jpg,sunlamp,3,56204,3,47133,-0.026774,-0.240966,0.455158,0.856767,9.27205
sunlamp/images/img000518.jpg,sunlamp,3,46131,3,07533,-0.0294245,-0.26482,-0.205971,0.941584,89.5419
sunlamp/images/img000519.jpg,sunlamp,0,56431,3,06374,-0.494718,-0.0781133,-0.23434,0.833209,160.128
sunlamp/images/img000522.jpg,sunlamp,2,17626,2,35047,0.494718,0.0781133,0.833209,-0.23434,15.7521
sunlamp/images/img000526.jpg,sunlamp,0,43566,2,01255,-0.189358,-0.483916,0.673274,-0.525995,128.182
sunlamp/images/img000532.jpg,sunlamp,3,35533,3,06373,-0.448769,-0.0263982,-0.29038,0.844742,143.247
sunlamp/images/img000538.jpg,sunlamp,2,16523,2,30777,0.357244,0.357244,0.762121,-0.404877,78.4315
sunlamp/images/img000540.jpg,sunlamp,3,25104,3,07761,-0.153069,-0.0918415,-0.0918415,0.979643,37.2206
sunlamp/images/img000541.jpg,sunlamp,1,42407,0,07256,0.904735,-0.311003,-0.141365,-0.254457,75.3769
sunlamp/images/img000545.jpg,sunlamp,1,63443,2,07733,-0.0304997,-0.0304997,0.975991,-0.213498,134.455
sunlamp/images/img000547.jpg,sunlamp,2,71605,2,17217,0.550277,-0.119625,0.765603,-0.311026,80.4753
sunlamp/images/img000550.jpg,sunlamp,1,54127,1,53225,0.507253,0.854321,-0.0800926,0.0800926,76.1011
sunlamp/images/img000551.jpg,sunlamp,3,06260,1,05671,-0.23434,0.833209,-0.494718,-0.0781133,161.948
sunlamp/images/img000553.jpg,sunlamp,3,07113,0,07535,0.935129,-0.0292228,-0.321451,-0.146114,179.189
sunlamp/images/img000554.jpg,sunlamp,3,21655,0,32744,0.712167,0.200297,0.55638,-0.378339,94.3601
sunlamp/images/img000557.jpg,sunlamp,3,70315,3,07307,-0.141819,-0.141819,-0.368729,0.907642,95.7693
sunlamp/images/img000559.jpg,sunlamp,3,00713,0,30434,0.822136,0.128459,0.128459,-0.539527,77.8504
sunlamp/images/img000561.jpg,sunlamp,2,55462,0,07314,0.904735,-0.0848189,-0.197911,-0.367549,179.982
sunlamp/images/img000563.jpg,sunlamp,0,25114,0,34247,0.910577,0.0853666,0.313011,-0.2561,40.0241
sunlamp/images/img000571.jpg,sunlamp,3,42127,3,07607,-0.368729,-0.141819,-0.141819,0.907642,32.5198
sunlamp/images/img000573.jpg,sunlamp,3,43776,3,03727,-0.129488,-0.0258977,-0.543852,0.828726,114.138
sunlamp/images/img000576.jpg,sunlamp,2,07731,2,07526,-0.203864,-0.262111,0.931951,-0.145617,28.5777
sunlamp/images/img000579.jpg,sunlamp,3,41574,3,07225,-0.351095,-0.0810219,-0.351095,0.864234,110.164
sunlamp/images/img000581.jpg,sunlamp,2,43762,2,07747,-0.152499,-0.152499,0.975991,-0.0304997,52.7229
sunlamp/images/img000582.jpg,sunlamp,0,65127,0,07736,0.983336,-0.0921878,-0.0307293,-0.153646,84.1711
sunlamp/images/img000583.jpg,sunlamp,1,40356,2,53253,0.574462,-0.124883,0.799251,0.124883,88.8615
sunlamp/images/img000584.jpg,sunlamp,1,50002,2,14726,0.238919,-0.451292,0.849491,-0.132733,51.7184
sunlamp/images/img000586.jpg,sunlamp,1,15066,1,16070,0.139158,0.890609,-0.306147,-0.306147,44.8979
sunlamp/images/img000587.jpg,sunlamp,0,71770,1,47102,-0.1789,0.817829,-0.332243,0.434472,129.381
sunlamp/images/img000598.jpg,sunlamp,0,60464,2,31044,0.386065,0.0227097,0.72671,-0.567742,164.517
sunlamp/images/img000599.jpg,sunlamp,2,50251,2,52212,0.152499,-0.152499,0.975991,0.0304997,52.4574
sunlamp/images/img000601.jpg,sunlamp,2,25525,1,34421,0.090167,0.961781,0.150278,-0.21039,146.22
sunlamp/images/img000602.jpg,sunlamp,2,64544,3,02372,-0.413141,-0.0217443,-0.587095,0.695817,151.34
sunlamp/images/img000606.jpg,sunlamp,1,47355,1,35207,0.464244,0.781884,0.268773,-0.317641,134.555
sunlamp/images/img000608.jpg,sunlamp,2,04266,0,30745,0.822136,0.282609,0.231226,-0.43676,133.045
sunlamp/images/img000611.jpg,sunlamp,1,32346,2,30444,0.0275764,0.0275764,0.882444,-0.468798,83.6477
sunlamp/images/img000613.jpg,sunlamp,0,07420,3,07760,-0.211927,-0.0908257,-0.0908257,0.968808,143.506
sunlamp/images/img000616.jpg,sunlamp,0,47652,0,72200,0.787547,0.0246108,0.615271,0.0246108,119.541
sunlamp/images/img000620.jpg,sunlamp,1,13576,2,03356,-0.0731272,-0.121879,0.780024,-0.609394,172.323
sunlamp/images/img000633.jpg,sunlamp,0,21610,2,73020,0.405798,0.50128,0.763856,0.0238705,142.348
sunlamp/images/img000647.jpg,sunlamp,2,34532,2,34751,0.409922,0.245953,0.8745,-0.0819844,16.2038
sunlamp/images/img000648.jpg,sunlamp,1,27056,1,23661,-0.265638,0.653879,0.592578,-0.388241,28.3586
sunlamp/images/img000654.jpg,sunlamp,3,14753,3,01741,-0.113548,-0.522323,-0.431484,0.72671,66.9333
sunlamp/images/img000662.jpg,sunlamp,1,36624,1,27453,-0.23434,0.833209,0.494718,-0.0781133,35.7454
sunlamp/images/img000668.jpg,sunlamp,2,23772,1,17622,0.46047,0.866766,-0.0270864,-0.189605,107.352
sunlamp/images/img000682.jpg,sunlamp,2,70631,2,70126,0.263908,0.205262,0.93834,0.0879694,28.323
sunlamp/images/img000690.jpg,sunlamp,2,27164,2,34670,0.142741,0.371126,0.91354,-0.0856444,44.7732
sunlamp/images/img000691.jpg,sunlamp,3,30165,3,33272,0.373869,0.551902,-0.480689,0.569705,56.8663
sunlamp/images/img000692.jpg,sunlamp,2,15360,2,10757,0.337185,-0.472059,0.719328,-0.382143,30.4659
sunlamp/images/img000694.jpg,sunlamp,0,16310,0,07747,0.975991,-0.152499,-0.152499,-0.0304997,74.2268
sunlamp/images/img000695.jpg,sunlamp,1,25170,1,25147,-0.148152,0.948174,0.0888913,-0.266674,9.8714
sunlamp/images/img000696.jpg,sunlamp,0,41132,3,05755,-0.0253592,-0.583261,-0.0253592,0.811493,173.45
sunlamp/images/img000699.jpg,sunlamp,0,33262,2,03256,-0.259633,-0.118015,0.755297,-0.590076,116.74
sunlamp/images/img000700.jpg,sunlamp,3,17640,3,03573,-0.0261087,-0.234978,-0.496065,0.835478,76.0103
sunlamp/images/img000701.jpg,sunlamp,3,72137,3,32572,0.284839,0.503945,-0.416302,0.701141,59.4374
sunlamp/images/img000702.jpg,sunlamp,2,42367,2,30474,0.135432,0.135432,0.866766,-0.46047,111.996
sunlamp/images/img000708.jpg,sunlamp,1,32422,1,16062,0.0285481,0.91354,-0.256933,-0.314029,95.9197
sunlamp/images/img000709.jpg,sunlamp,3,25673,3,05322,-0.175715,-0.426737,-0.376533,0.80327,108.495
sunlamp/images/img000711.jpg,sunlamp,2,32043,2,05270,-0.272709,-0.471042,0.793334,-0.272709,119.651
sunlamp/images/img000712.jpg,sunlamp,1,16344,1,16654,0.150824,0.965275,-0.211154,-0.0301648,26.5668
sunlamp/images/img000715.jpg,sunlamp,3,52510,3,52531,0.393784,-0.288775,0.23627,0.840072,14.5671
sunlamp/images/img000716.jpg,sunlamp,3,25425,3,03373,-0.0238705,-0.0238705,-0.644503,0.763856,75.4153
sunlamp/images/img000719.jpg,sunlamp,3,61102,3,07721,-0.150278,-0.090167,-0.21039,0.961781,36.4752
sunlamp/images/img000721.jpg,sunlamp,3,20453,3,35431,0.570209,0.123958,-0.173542,0.793334,142.423
sunlamp/images/img000722.jpg,sunlamp,3,23101,2,31604,0.396854,0.210099,0.74702,-0.490232,76.7494
sunlamp/images/img000723.jpg,sunlamp,2,07525,2,34454,0.15423,0.030846,0.987072,-0.030846,56.4811
sunlamp/images/img000727.jpg,sunlamp,1,56221,1,45622,-0.322525,0.688053,-0.365528,0.537541,59.9656
sunlamp/images/img000731.jpg,sunlamp,0,50673,2,03673,-0.234978,-0.0261087,0.835478,-0.496065,86.2904
sunlamp/images/img000735.jpg,sunlamp,0,66060,0,06736,0.851896,-0.505813,-0.0266217,-0.133109,84.4074
sunlamp/images/img000738.jpg,sunlamp,1,13171,2,03225,-0.287613,-0.0663723,0.707972,-0.641599,174.936
sunlamp/images/img000741.jpg,sunlamp,3,24734,3,32474,0.118545,0.497888,-0.403052,0.758686,79.514
sunlamp/images/img000742.jpg,sunlamp,2,13062,0,32666,0.670902,0.0209657,0.649937,-0.356417,50.2142
sunlamp/images/img000746.jpg,sunlamp,3,07753,1,05774,-0.0803219,0.856767,-0.508706,-0.026774,165.877
sunlamp/images/img000749.jpg,sunlamp,2,73267,2,70473,0.194821,0.194821,0.890609,0.36181,66.4847
sunlamp/images/img000756.jpg,sunlamp,3,04232,3,02277,-0.524142,-0.0209657,-0.524142,0.670902,48.1652
sunlamp/images/img000758.jpg,sunlamp,1,30447,1,14774,0.329669,0.811493,-0.481824,-0.0253592,88.4824
sunlamp/images/img000761.jpg,sunlamp,2,57421,3,03321,-0.111276,-0.0667657,-0.689912,0.712167,166.494
sunlamp/images/img000762.jpg,sunlamp,2,30706,1,35472,0.538108,0.819974,0.179369,-0.0768726,119.859
sunlamp/images/img000764.jpg,sunlamp,0,24713,2,70601,0.0867835,0.260351,0.925691,0.260351,158.41
sunlamp/images/img000771.jpg,sunlamp,2,72611,2,72214,0.121879,0.609394,0.780024,0.0731272,15.0478
sunlamp/images/img000772.jpg,sunlamp,1,52226,1,43374,-0.0908257,0.968808,-0.0908257,0.211927,19.255
sunlamp/images/img000777.jpg,sunlamp,1,60246,0,53025,0.822136,0.488143,-0.282609,0.0770752,149.775
sunlamp/images/img000784.jpg,sunlamp,1,43572,1,43743,-0.141819,0.907642,-0.141819,0.368729,12.5298
sunlamp/images/img000785.jpg,sunlamp,2,07751,2,16704,0.262111,-0.203864,0.931951,-0.145617,31.5766
sunlamp/images/img000787.jpg,sunlamp,3,35617,3,35024,0.437917,0.128799,-0.334878,0.824315,30.8939
sunlamp/images/img000795.jpg,sunlamp,1,74357,2,07730,-0.0908257,-0.0908257,0.968808,-0.211927,177.067
sunlamp/images/img000804.jpg,sunlamp,1,02054,3,43743,-0.141819,-0.141819,0.368729,0.907642,112.185
sunlamp/images/img000805.jpg,sunlamp,0,34716,0,36434,0.822136,0.128459,0.539527,-0.128459,40.6277
sunlamp/images/img000807.jpg,sunlamp,0,17154,2,70176,0.36181,0.194821,0.890609,0.194821,176.344
sunlamp/images/img000808.jpg,sunlamp,1,25265,1,43623,-0.364073,0.896179,-0.0280056,0.25205,71.1079
sunlamp/images/img000809.jpg,sunlamp,2,17135,2,03277,-0.216319,-0.0240354,0.769133,-0.600885,114.997
sunlamp/images/img000810.jpg,sunlamp,2,72360,2,43773,-0.0289278,-0.0289278,0.925691,0.376062,93.4008
sunlamp/images/img000812.jpg,sunlamp,3,14152,3,10772,0.302817,-0.395992,-0.442579,0.745396,38.0583
sunlamp/images/img000822.jpg,sunlamp,2,07524,2,07571,-0.0294245,-0.323669,0.941584,-0.0882735,22.357
sunlamp/images/img000825.jpg,sunlamp,2,62443,1,01652,-0.249293,0.725215,-0.475923,-0.430597,179.053
sunlamp/images/img000829.jpg,sunlamp,3,71400,3,51202,0.405798,-0.50128,0.0238705,0.763856,67.661
sunlamp/images/img000830.jpg,sunlamp,1,63302,1,61122,-0.208885,0.954905,0.208885,0.0298408,56.0229
sunlamp/images/img000831.jpg,sunlamp,2,50213,2,52070,0.144639,-0.318206,0.925691,0.144639,31.8343
sunlamp/images/img000832.jpg,sunlamp,1,34425,1,34412,0.150278,0.961781,0.090167,-0.21039,15.3907
sunlamp/images/img000834.jpg,sunlamp,3,43552,3,37002,0.390109,0.436005,-0.344214,0.734324,141.053
sunlamp/images/img000837.jpg,sunlamp,0,27553,3,32604,0.0218687,0.546718,-0.459243,0.699798,149.186
sunlamp/images/img000843.jpg,sunlamp,2,54516,2,07545,-0.140028,-0.420084,0.896179,-0.0280056,87.333
sunlamp/images/img000844.jpg,sunlamp,2,16563,1,52423,0.0867835,0.925691,-0.260351,0.260351,124.223
sunlamp/images/img000847.jpg,sunlamp,2,40037,2,34042,0.0294245,0.0882735,0.941584,-0.323669,113.102
sunlamp/images/img000854.jpg,sunlamp,0,16627,3,06373,-0.448769,-0.0263982,-0.29038,0.844742,110.078
sunlamp/images/img000855.jpg,sunlamp,2,25023,2,30444,0.0275764,0.0275764,0.882444,-0.468798,47.2926
sunlamp/images/img000856.jpg,sunlamp,0,50151,3,52022,0.0300557,-0.270501,0.0300557,0.961781,177.119
sunlamp/images/img000857.jpg,sunlamp,3,60753,3,06333,-0.433341,-0.0254906,-0.38236,0.8157,89.9072
sunlamp/images/img000858.jpg,sunlamp,2,12324,2,31056,0.458367,0.065481,0.698464,-0.545675,32.0582
sunlamp/images/img000860.jpg,sunlamp,0,32151,0,33221,0.566838,0.33656,0.513697,-0.549124,20.6294
sunlamp/images/img000864.jpg,sunlamp,1,43763,2,53240,0.456468,-0.187958,0.859235,0.134255,153.656
sunlamp/images/img000866.jpg,sunlamp,0,57220,0,32442,0.765603,0.0239251,0.454577,-0.454577,131.726
sunlamp/images/img000871.jpg,sunlamp,0,40727,0,46342,0.712167,-0.51187,-0.111276,0.46736,37.7602
sunlamp/images/img000872.jpg,sunlamp,1,13034,2,20520,-0.501067,0.108928,0.697136,-0.501067,179.142
sunlamp/images/img000873.jpg,sunlamp,1,34433,1,30464,0.0273281,0.8745,0.136641,-0.464578,39.1017
sunlamp/images/img000874.jpg,sunlamp,1,10742,2,43253,-0.26482,-0.147122,0.941584,0.147122,93.258
sunlamp/images/img000875.jpg,sunlamp,2,15167,0,37055,0.729727,0.524491,0.387667,-0.205236,132.104
sunlamp/images/img000876.jpg,sunlamp,1,25672,1,25471,-0.266674,0.948174,0.148152,-0.0888913,29.7778
sunlamp/images/img000879.jpg,sunlamp,0,32675,2,31654,0.490232,0.210099,0.74702,-0.396854,28.3204
sunlamp/images/img000880.jpg,sunlamp,2,34524,1,70603,0.0853666,0.910577,0.313011,0.2561,130.551
sunlamp/images/img000881.jpg,sunlamp,2,51040,2,70453,0.197911,0.0848189,0.904735,0.367549,99.3052
sunlamp/images/img000883.jpg,sunlamp,0,53474,0,31472,0.739008,0.484974,0.161658,-0.438786,106.603
sunlamp/images/img000884.jpg,sunlamp,3,71052,1,05771,-0.026774,0.856767,-0.508706,-0.0803219,170.946
sunlamp/images/img000886.jpg,sunlamp,2,50312,2,07572,-0.0895223,-0.268567,0.954905,-0.0895223,61.2376
sunlamp/images/img000888.jpg,sunlamp,0,66506,3,07706,-0.208885,-0.149204,-0.149204,0.954905,134.56
sunlamp/images/img000889.jpg,sunlamp,1,16551,1,71211,0.568812,0.791391,0.222579,0.024731,73.526
sunlamp/images/img000891.jpg,sunlamp,2,57205,0,54204,0.73125,0.0228515,-0.525586,0.434179,165.042
sunlamp/images/img000892.jpg,sunlamp,1,25501,2,43217,-0.266674,-0.148152,0.948174,0.0888913,169.31
sunlamp/images/img000895.jpg,sunlamp,0,65445,3,07746,-0.211154,-0.150824,-0.0301648,0.965275,114.203
sunlamp/images/img000898.jpg,sunlamp,0,05427,2,07536,-0.0888913,-0.266674,0.948174,-0.148152,115.194
sunlamp/images/img000899.jpg,sunlamp,2,17423,3,30774,0.319941,0.319941,-0.418384,0.787547,129.986
sunlamp/images/img000910.jpg,sunlamp,0,43020,1,07701,-0.147635,0.944862,-0.206689,-0.206689,128.363
sunlamp/images/img000915.jpg,sunlamp,1,42273,1,03664,-0.38137,0.813589,-0.0762739,-0.432219,68.1654
sunlamp/images/img000920.jpg,sunlamp,2,01675,1,53201,0.501565,0.844742,-0.184787,0.0263982,100.75
sunlamp/images/img000921.jpg,sunlamp,2,56132,0,35405,0.851896,0.505813,0.0266217,-0.133109,166.866
sunlamp/images/img000924.jpg,sunlamp,0,16563,0,16444,0.904735,0.028273,-0.424094,-0.028273,37.7287
sunlamp/images/img000926.jpg,sunlamp,2,61136,2,05773,-0.0274929,-0.467379,0.879772,-0.0824786,80.7054
sunlamp/images/img000928.jpg,sunlamp,0,44633,3,07276,-0.314029,-0.0285481,-0.256933,0.91354,139.086
sunlamp/images/img000935.jpg,sunlamp,3,25357,0,32655,0.717879,0.157036,0.560843,-0.381373,126.028
sunlamp/images/img000939.jpg,sunlamp,1,52020,1,53242,0.46047,0.866766,-0.135432,0.135432,56.0768
sunlamp/images/img000940.jpg,sunlamp,0,02165,3,57200,0.418384,-0.172276,0.418384,0.787547,161.24
sunlamp/images/img000941.jpg,sunlamp,3,25531,1,05712,-0.0768726,0.819974,-0.538108,-0.179369,170.197
sunlamp/images/img000945.jpg,sunlamp,3,24310,0,06776,0.859235,-0.510171,-0.0268511,-0.0268511,118.322
sunlamp/images/img000948.jpg,sunlamp,1,01346,2,06355,-0.447523,-0.184274,0.842397,-0.236924,145.925
sunlamp/images/img000957.jpg,sunlamp,2,42213,2,02677,-0.567742,-0.0227097,0.72671,-0.386065,47.2977
sunlamp/images/img000959.jpg,sunlamp,0,70074,0,52077,0.922608,0.20182,-0.259483,0.20182,44.6894
sunlamp/images/img000963.jpg,sunlamp,0,65112,0,05777,0.882444,-0.0275764,-0.468798,-0.0275764,87.4252
sunlamp/images/img000965.jpg,sunlamp,2,53240,2,53224,0.465972,-0.0822304,0.877124,0.0822304,16.9209
sunlamp/images/img000966.jpg,sunlamp,2,10653,1,03553,-0.0253592,0.811493,-0.329669,-0.481824,128.139
sunlamp/images/img000967.jpg,sunlamp,2,52363,2,52760,0.251263,-0.0837545,0.893381,0.362936,25.3629
sunlamp/images/img000968.jpg,sunlamp,1,03123,2,72006,0.026774,0.508706,0.856767,0.0803219,166.589
sunlamp/images/img000969.jpg,sunlamp,0,61510,3,61063,-0.36522,0.196657,0.140469,0.899004,163.707
sunlamp/images/img000970.jpg,sunlamp,1,76620,1,47227,-0.329669,0.811493,-0.0253592,0.481824,83.3005
sunlamp/images/img000971.jpg,sunlamp,0,61607,3,52333,0.424094,-0.028273,0.028273,0.904735,98.2912
sunlamp/images/img000973.jpg,sunlamp,3,61117,3,07723,-0.150824,-0.0301648,-0.211154,0.965275,39.3158
sunlamp/images/img000974.jpg,sunlamp,0,62776,3,43643,-0.349064,-0.134255,0.349064,0.859235,144.368
sunlamp/images/img000977.jpg,sunlamp,1,16605,1,16423,0.0879694,0.93834,-0.263908,-0.205262,9.79261
sunlamp/images/img000985.jpg,sunlamp,3,71201,3,05372,-0.0789747,-0.447523,-0.289574,0.842397,111.874
sunlamp/images/img000986.jpg,sunlamp,0,03670,3,07763,-0.153646,-0.0307293,-0.0921878,0.983336,106.494
sunlamp/images/img000987.jpg,sunlamp,0,73154,0,17474,0.80327,0.527146,-0.276124,-0.0251022,80.2428
sunlamp/images/img000988.jpg,sunlamp,3,06332,0,30435,0.8157,0.178434,0.127453,-0.535303,61.7917
sunlamp/images/img000998.jpg,sunlamp,2,65310,1,06553,-0.440261,0.828726,-0.33667,-0.0776931,171.28
sunlamp/images/img001009.jpg,sunlamp,0,34611,3,07333,-0.028273,-0.028273,-0.424094,0.904735,142.518
sunlamp/images/img001010.jpg,sunlamp,3,52246,3,52533,0.399326,-0.239596,0.239596,0.851896,46.2334
sunlamp/images/img001011.jpg,sunlamp,0,43654,2,52033,0.205971,-0.26482,0.941584,0.0294245,172.912
sunlamp/images/img001017.jpg,sunlamp,3,12160,3,12745,0.285642,-0.181772,-0.441447,0.830959,23.5034
sunlamp/images/img001019.jpg,sunlamp,0,50247,3,03523,-0.122757,-0.220963,-0.564683,0.785646,141.129
sunlamp/images/img001022.jpg,sunlamp,2,52165,2,52523,0.304267,-0.248946,0.88514,0.248946,9.86652
sunlamp/images/img001027.jpg,sunlamp,1,34750,1,53412,0.507093,0.772712,-0.313914,0.217325,80.2629
sunlamp/images/img001031.jpg,sunlamp,0,43637,2,07576,-0.0898429,-0.269529,0.958324,-0.0299476,175.784
sunlamp/images/img001032.jpg,sunlamp,0,34407,3,07373,-0.0295269,-0.0295269,-0.324796,0.944862,155.125
sunlamp/images/img001039.jpg,sunlamp,1,17775,2,03644,-0.376533,-0.175715,0.80327,-0.426737,131.534
sunlamp/images/img001040.jpg,sunlamp,1,25540,1,07752,-0.0918415,0.979643,-0.153069,-0.0918415,22.8975
sunlamp/images/img001041.jpg,sunlamp,0,61236,3,31664,0.403961,0.308911,-0.403961,0.760398,159.151
sunlamp/images/img001045.jpg,sunlamp,2,25326,2,25354,-0.0867835,0.260351,0.925691,-0.260351,22.743
sunlamp/images/img001048.jpg,sunlamp,2,03705,2,52215,0.208145,-0.208145,0.951522,0.0892052,83.9313
sunlamp/images/img001049.jpg,sunlamp,2,46515,2,43626,-0.40511,-0.0270073,0.864234,0.29708,50.7064
sunlamp/images/img001051.jpg,sunlamp,1,07063,2,56001,0.0762739,-0.38137,0.813589,0.432219,96.5803
sunlamp/images/img001052.jpg,sunlamp,3,53313,3,52221,0.0928922,-0.0928922,0.0309641,0.99085,76.7502
sunlamp/images/img001053.jpg,sunlamp,0,70314,0,30774,0.787547,0.319941,0.319941,-0.418384,61.2243
sunlamp/images/img001056.jpg,sunlamp,1,65670,3,63300,-0.169825,0.606517,0.0242607,0.776342,37.3207
sunlamp/images/img001060.jpg,sunlamp,2,05752,2,52204,0.0303869,-0.212708,0.972379,0.0911606,46.8361
sunlamp/images/img001067.jpg,sunlamp,1,61020,1,63510,-0.0800926,0.854321,0.453858,0.240278,61.8072
sunlamp/images/img001069.jpg,sunlamp,0,71133,3,03772,-0.0803219,-0.026774,-0.508706,0.856767,164.977
sunlamp/images/img001073.jpg,sunlamp,1,40353,1,43523,-0.143681,0.919555,-0.258625,0.258625,47.8368
sunlamp/images/img001075.jpg,sunlamp,1,36252,2,07652,-0.320358,-0.145617,0.931951,-0.0873704,126.408
sunlamp/images/img001076.jpg,sunlamp,2,43277,2,43234,-0.322554,-0.0879694,0.93834,0.0879694,15.2393
sunlamp/images/img001079.jpg,sunlamp,3,50367,2,05227,-0.319941,-0.418384,0.787547,-0.319941,176.073
sunlamp/images/img001080.jpg,sunlamp,0,07564,3,43705,-0.143208,-0.200492,0.315058,0.916533,154.784
sunlamp/images/img001082.jpg,sunlamp,1,25547,1,05573,-0.0245514,0.785646,-0.613786,-0.0736543,86.5148
sunlamp/images/img001083.jpg,sunlamp,0,53401,3,03773,-0.0268511,-0.0268511,-0.510171,0.859235,140.177
sunlamp/images/img001087.jpg,sunlamp,1,43147,2,52251,0.206689,-0.206689,0.944862,0.147635,115.387
sunlamp/images/img001095.jpg,sunlamp,3,23775,0,07224,0.847106,-0.397081,-0.0794162,-0.344137,123.737
sunlamp/images/img001096.jpg,sunlamp,1,43663,1,70443,0.0862083,0.919555,0.0862083,0.373569,50.644
sunlamp/images/img001097.jpg,sunlamp,2,53027,1,70413,0.205262,0.93834,0.0879694,0.263908,175.134
sunlamp/images/img001100.jpg,sunlamp,2,60607,0,54036,0.709362,0.110838,-0.554189,0.421184,89.3395
sunlamp/images/img001108.jpg,sunlamp,1,22743,1,16617,0.208885,0.954905,-0.149204,-0.149204,119.519
sunlamp/images/img001111.jpg,sunlamp,1,32410,2,34042,0.0294245,0.0882735,0.941584,-0.323669,105.345
sunlamp/images/img001113.jpg,sunlamp,2,21540,1,17402,0.434472,0.817829,-0.332243,-0.1789,150.442
sunlamp/images/img001118.jpg,sunlamp,1,71220,1,71442,0.440261,0.828726,0.0776931,0.33667,46.2345
sunlamp/images/img001120.jpg,sunlamp,2,53503,1,63401,-0.328824,0.809414,0.430001,0.227648,172.315
sunlamp/images/img001122.jpg,sunlamp,0,25653,3,67045,-0.289893,0.37909,0.512887,0.713582,146.843
sunlamp/images/img001124.jpg,sunlamp,3,34767,3,06375,-0.453858,-0.0800926,-0.240278,0.854321,108.894
sunlamp/images/img001134.jpg,sunlamp,0,31620,0,30454,0.8745,0.136641,0.0273281,-0.464578,45.7082
sunlamp/images/img001135.jpg,sunlamp,2,71450,2,16713,0.412393,-0.137464,0.879772,-0.19245,66.7216
sunlamp/images/img001137.jpg,sunlamp,0,66044,0,30474,0.866766,0.135432,0.135432,-0.46047,146.544
sunlamp/images/img001138.jpg,sunlamp,3,41750,2,01242,-0.304981,-0.426974,0.650627,-0.548966,174.24
sunlamp/images/img001139.jpg,sunlamp,3,74176,2,07217,-0.249711,-0.138728,0.887862,-0.360694,166.116
sunlamp/images/img001144.jpg,sunlamp,2,72262,1,16624,0.0307293,0.983336,-0.0921878,-0.153646,105.981
sunlamp/images/img001145.jpg,sunlamp,0,41462,0,50134,0.728214,0.295837,-0.61443,0.06827,80.8402
sunlamp/images/img001151.jpg,sunlamp,1,65017,2,34756,0.358493,0.30334,0.882444,-0.0275764,150.754
sunlamp/images/img001154.jpg,sunlamp,2,41542,2,43753,-0.0286417,-0.143208,0.916533,0.372342,65.4582
sunlamp/images/img001155.jpg,sunlamp,3,34470,3,06276,-0.630298,-0.0233444,-0.210099,0.74702,99.9695
sunlamp/images/img001159.jpg,sunlamp,1,25527,1,25452,-0.322554,0.93834,0.0879694,-0.0879694,24.8259
sunlamp/images/img001160.jpg,sunlamp,1,22432,1,02524,-0.500118,0.695817,-0.239187,-0.45663,78.3683
sunlamp/images/img001164.jpg,sunlamp,0,45732,3,07554,-0.084549,-0.422745,-0.028183,0.901856,122.748
sunlamp/images/img001166.jpg,sunlamp,3,50706,3,01222,-0.30006,-0.340068,-0.620124,0.640128,127.524
sunlamp/images/img001170.jpg,sunlamp,0,16274,3,07723,-0.150824,-0.0301648,-0.211154,0.965275,136.425
sunlamp/images/img001171.jpg,sunlamp,0,62675,0,07376,0.958324,-0.0898429,-0.0299476,-0.269529,115.075
sunlamp/images/img001172.jpg,sunlamp,0,76404,0,60771,0.787547,-0.418384,0.319941,0.319941,61.3481
sunlamp/images/img001173.jpg,sunlamp,3,06111,3,30472,0.130901,0.183261,-0.497423,0.837765,88.8375
sunlamp/images/img001180.jpg,sunlamp,3,45314,3,05222,-0.357244,-0.404877,-0.357244,0.762121,98.1014
sunlamp/images/img001183.jpg,sunlamp,2,60612,3,02224,-0.582217,-0.0563436,-0.544655,0.600999,172.133
sunlamp/images/img001188.jpg,sunlamp,1,50061,1,43372,-0.0921878,0.983336,-0.0307293,0.153646,79.5521
sunlamp/images/img001189.jpg,sunlamp,0,57605,3,30742,0.22592,0.276124,-0.476942,0.80327,72.6149
sunlamp/images/img001192.jpg,sunlamp,3,05303,1,34337,0.37006,0.789462,0.37006,-0.320719,69.7105
sunlamp/images/img001193.jpg,sunlamp,3,16022,3,30471,0.183261,0.130901,-0.497423,0.837765,46.3138
sunlamp/images/img001194.jpg,sunlamp,3,70410,3,56201,0.0810219,-0.189051,0.459124,0.864234,35.2881
sunlamp/images/img001195.jpg,sunlamp,1,63407,1,06537,-0.451292,0.849491,-0.238919,-0.132733,98.2509
sunlamp/images/img001197.jpg,sunlamp,0,61043,3,51212,0.480888,-0.480888,0.0228994,0.732782,86.3956
sunlamp/images/img001198.jpg,sunlamp,1,42120,1,07655,-0.26482,0.941584,-0.205971,-0.0294245,41.728
sunlamp/images/img001204.jpg,sunlamp,1,34377,2,30654,0.132733,0.238919,0.849491,-0.451292,95.1784
sunlamp/images/img001207.jpg,sunlamp,1,74127,2,35007,0.480589,0.0758825,0.809414,-0.328824,159.825
sunlamp/images/img001208.jpg,sunlamp,1,03775,1,26111,-0.397722,0.748653,0.397722,-0.350931,74.7323
sunlamp/images/img001209.jpg,sunlamp,3,35404,3,52005,0.0842816,-0.421408,0.0842816,0.899004,71.0338
sunlamp/images/img001213.jpg,sunlamp,0,23465,0,72050,0.866766,0.135432,0.46047,0.135432,79.1947
sunlamp/images/img001216.jpg,sunlamp,1,02653,0,02556,0.745396,-0.442579,-0.302817,-0.395992,115.133
sunlamp/images/img001218.jpg,sunlamp,1,16337,3,32641,0.0667657,0.55638,-0.422849,0.712167,148.013
sunlamp/images/img001219.jpg,sunlamp,2,20112,0,34136,0.851896,0.346083,0.186352,-0.346083,174.171
sunlamp/images/img001220.jpg,sunlamp,0,56024,3,06731,-0.459124,-0.0810219,-0.189051,0.864234,169.526
sunlamp/images/img001223.jpg,sunlamp,1,21746,2,40323,-0.50128,-0.405798,0.763856,0.0238705,176.543
sunlamp/images/img001224.jpg,sunlamp,2,37610,2,37621,0.398348,0.608005,0.670902,-0.14676,10.7018
sunlamp/images/img001225.jpg,sunlamp,2,70200,2,34474,0.152499,0.152499,0.975991,-0.0304997,20.2396
sunlamp/images/img001227.jpg,sunlamp,3,34024,3,02771,-0.414388,-0.0731272,-0.463139,0.780024,62.6129
sunlamp/images/img001229.jpg,sunlamp,2,52624,2,52720,0.260351,-0.0867835,0.925691,0.260351,29.9178
sunlamp/images/img001230.jpg,sunlamp,0,32017,3,31641,0.444513,0.210559,-0.444513,0.748653,145.272
sunlamp/images/img001231.jpg,sunlamp,1,43506,1,47502,-0.162004,0.74059,-0.300865,0.578586,33.437
sunlamp/images/img001232.jpg,sunlamp,2,15540,2,70720,0.244497,0.353162,0.869321,0.244497,129.036
sunlamp/images/img001233.jpg,sunlamp,2,40556,2,25474,-0.321451,0.146114,0.935129,-0.0292228,102.211
sunlamp/images/img001234.jpg,sunlamp,3,06724,3,06276,-0.630298,-0.0233444,-0.210099,0.74702,13.8106
sunlamp/images/img001238.jpg,sunlamp,2,67265,2,32441,0.0731272,0.414388,0.780024,-0.463139,120.627
sunlamp/images/img001240.jpg,sunlamp,2,70213,2,30454,0.136641,0.0273281,0.8745,-0.464578,65.178
sunlamp/images/img001241.jpg,sunlamp,0,61354,0,61053,0.948174,-0.266674,0.0888913,0.148152,32.8552
sunlamp/images/img001243.jpg,sunlamp,0,50530,2,13722,0.535564,-0.0214226,0.685522,-0.492719,164.814
sunlamp/images/img001252.jpg,sunlamp,2,61452,1,07631,-0.263908,0.93834,-0.0879694,-0.205262,178.604
sunlamp/images/img001255.jpg,sunlamp,3,44353,1,07525,-0.144639,0.925691,-0.318206,-0.144639,108.487
sunlamp/images/img001262.jpg,sunlamp,2,14177,2,14743,0.275431,-0.525822,0.801253,-0.0751175,17.9735
sunlamp/images/img001264.jpg,sunlamp,1,55064,2,30574,0.334878,0.128799,0.824315,-0.437917,126.329
sunlamp/images/img001267.jpg,sunlamp,3,16756,3,52374,0.367549,-0.0848189,0.197911,0.904735,27.8544
sunlamp/images/img001269.jpg,sunlamp,2,73055,2,71135,0.689912,0.111276,0.712167,0.0667657,37.6386
sunlamp/images/img001270.jpg,sunlamp,2,74474,1,63624,-0.319005,0.680543,0.616742,0.233937,97.6973
sunlamp/images/img001274.jpg,sunlamp,3,70032,3,16616,0.150824,-0.150824,-0.150824,0.965275,45.9659
sunlamp/images/img001277.jpg,sunlamp,2,24640,2,00154,-0.34858,-0.568736,0.587082,-0.458658,109.99
sunlamp/images/img001278.jpg,sunlamp,0,20212,0,52325,0.93834,0.322554,-0.0879694,0.0879694,140.922
sunlamp/images/img001279.jpg,sunlamp,0,05411,2,07456,-0.30334,-0.358493,0.882444,-0.0275764,87.2084
sunlamp/images/img001284.jpg,sunlamp,2,55436,0,50164,0.737437,0.207404,-0.622212,0.161314,167.787
sunlamp/images/img001286.jpg,sunlamp,2,65053,2,63504,-0.181772,0.441447,0.830959,0.285642,51.2315
sunlamp/images/img001287.jpg,sunlamp,1,72142,1,07573,-0.0299476,0.958324,-0.269529,-0.0898429,101.866
sunlamp/images/img001288.jpg,sunlamp,1,66571,1,63464,-0.342773,0.73125,0.479882,0.342773,30.5297
sunlamp/images/img001291.jpg,sunlamp,2,27144,2,25770,-0.0862083,0.373569,0.919555,-0.0862083,22.1329
sunlamp/images/img001299.jpg,sunlamp,3,04561,3,05225,-0.313185,-0.457732,-0.313185,0.770916,36.7049
sunlamp/images/img001300.jpg,sunlamp,0,21734,3,07737,-0.030846,-0.030846,-0.15423,0.987072,107.729
sunlamp/images/img001301.jpg,sunlamp,0,43514,0,07122,0.861723,-0.188502,-0.24236,-0.403933,87.9714
sunlamp/images/img001303.jpg,sunlamp,1,32737,2,05761,-0.132733,-0.504385,0.849491,-0.0796398,157.368
sunlamp/images/img001307.jpg,sunlamp,1,43707,1,43253,-0.26482,0.941584,-0.147122,0.147122,24.5799
sunlamp/images/img001308.jpg,sunlamp,2,32406,1,30575,0.379413,0.809414,0.126471,-0.430001,97.1849
sunlamp/images/img001311.jpg,sunlamp,0,27441,0,34632,0.879772,0.137464,0.412393,-0.19245,60.0021
sunlamp/images/img001313.jpg,sunlamp,2,70771,2,13740,0.55095,-0.154266,0.705215,-0.418722,108.647
sunlamp/images/img001316.jpg,sunlamp,3,30474,3,34172,0.352124,0.189605,-0.297951,0.866766,32.7918
sunlamp/images/img001318.jpg,sunlamp,1,70112,1,43743,-0.141819,0.907642,-0.141819,0.368729,77.4743
sunlamp/images/img001321.jpg,sunlamp,3,05512,2,00346,-0.449428,-0.410347,0.625291,-0.488509,162.007
sunlamp/images/img001322.jpg,sunlamp,2,06277,2,30043,0.0712873,0.0712873,0.760398,-0.641585,93.416
sunlamp/images/img001323.jpg,sunlamp,2,31156,0,32071,0.675671,0.147803,0.443409,-0.570097,29.8079
sunlamp/images/img001324.jpg,sunlamp,1,27413,2,25104,-0.198547,0.0283638,0.907642,-0.368729,111.378
sunlamp/images/img001326.jpg,sunlamp,1,07205,2,06142,-0.535754,-0.302817,0.745396,-0.25623,163.255
sunlamp/images/img001327.jpg,sunlamp,1,43506,1,12654,0.134255,0.859235,-0.187958,-0.456468,98.8489
sunlamp/images/img001329.jpg,sunlamp,1,05614,1,07761,-0.153069,0.979643,-0.0918415,-0.0918415,59.1511
sunlamp/images/img001330.jpg,sunlamp,3,53230,3,31272,0.426974,0.304981,-0.548966,0.650627,85.2337
sunlamp/images/img001331.jpg,sunlamp,3,43554,3,34003,0.0842816,0.0842816,-0.421408,0.899004,114.187
sunlamp/images/img001336.jpg,sunlamp,1,74072,3,13722,0.535564,-0.0214226,-0.492719,0.685522,142.07
sunlamp/images/img001338.jpg,sunlamp,1,27354,2,14604,0.0251657,-0.578811,0.805302,-0.125828,173.607
sunlamp/images/img001340.jpg,sunlamp,1,70123,1,05771,-0.026774,0.856767,-0.508706,-0.0803219,97.5292
sunlamp/images/img001343.jpg,sunlamp,3,52517,3,52076,0.145617,-0.262111,0.203864,0.931951,34.9793
sunlamp/images/img001344.jpg,sunlamp,3,53060,3,53021,0.489437,-0.283358,0.0257599,0.824315,15.7239
sunlamp/images/img001349.jpg,sunlamp,2,61710,2,05555,-0.0224337,-0.695445,0.717879,-0.0224337,122.707
sunlamp/images/img001354.jpg,sunlamp,0,67313,0,47634,0.737437,-0.253494,-0.0691347,0.622212,86.9164
sunlamp/images/img001355.jpg,sunlamp,1,01606,1,03764,-0.189051,0.864234,-0.0810219,-0.459124,51.7485
sunlamp/images/img001361.jpg,sunlamp,0,53403,3,32142,0.192099,0.405542,-0.576297,0.683019,95.4598
sunlamp/images/img001363.jpg,sunlamp,2,36735,1,17624,0.463196,0.871899,-0.0817405,-0.136234,97.5772
sunlamp/images/img001366.jpg,sunlamp,1,63407,1,60335,-0.440261,0.828726,0.33667,0.0776931,33.3303
sunlamp/images/img001370.jpg,sunlamp,3,72016,2,06353,-0.445063,-0.130901,0.837765,-0.287982,143.401
sunlamp/images/img001371.jpg,sunlamp,2,25755,2,34670,0.142741,0.371126,0.91354,-0.0856444,27.3117
sunlamp/images/img001376.jpg,sunlamp,0,60777,2,34053,0.20182,0.0864945,0.922608,-0.317146,140.219
sunlamp/images/img001379.jpg,sunlamp,1,76201,1,47223,-0.337577,0.830959,-0.0259675,0.441447,85.2623
sunlamp/images/img001386.jpg,sunlamp,3,43630,3,43753,-0.0286417,-0.143208,0.372342,0.916533,35.3902
sunlamp/images/img001390.jpg,sunlamp,1,65200,1,34436,0.149204,0.954905,0.208885,-0.149204,92.7911
sunlamp/images/img001392.jpg,sunlamp,0,43546,3,01227,-0.269723,-0.352715,-0.601691,0.663935,146.329
sunlamp/images/img001394.jpg,sunlamp,3,02171,3,32101,0.224771,0.347373,-0.633445,0.653879,98.3595
sunlamp/images/img001395.jpg,sunlamp,0,61043,0,01225,0.653879,-0.265638,-0.388241,-0.592578,106.515
sunlamp/images/img001402.jpg,sunlamp,1,22771,2,07674,-0.323669,-0.0882735,0.941584,-0.0294245,103.941
sunlamp/images/img001403.jpg,sunlamp,3,56002,3,43425,-0.343176,-0.29038,0.29038,0.844742,45.3412
sunlamp/images/img001404.jpg,sunlamp,1,27066,2,07742,-0.21039,-0.150278,0.961781,-0.090167,119.008
sunlamp/images/img001408.jpg,sunlamp,2,77337,3,30772,0.308216,0.355634,-0.45047,0.758686,139.68
sunlamp/images/img001413.jpg,sunlamp,1,03775,1,24711,-0.447523,0.842397,0.236924,-0.184274,68.8534
sunlamp/images/img001414.jpg,sunlamp,2,23254,2,16223,0.084549,-0.028183,0.901856,-0.422745,77.9654
sunlamp/images/img001417.jpg,sunlamp,3,60563,2,31402,0.395135,0.0697297,0.743784,-0.534595,134.904
sunlamp/images/img001418.jpg,sunlamp,0,32760,3,31767,0.567072,0.31504,-0.357045,0.672085,176.915
sunlamp/images/img001419.jpg,sunlamp,1,60670,0,62535,0.739008,-0.392598,0.484974,0.254034,121.053
sunlamp/images/img001424.jpg,sunlamp,0,17337,3,03573,-0.0261087,-0.234978,-0.496065,0.835478,132.67
sunlamp/images/img001427.jpg,sunlamp,3,05265,2,02742,-0.522323,-0.113548,0.72671,-0.431484,145.568
sunlamp/images/img001429.jpg,sunlamp,0,41603,3,07402,-0.39163,-0.339413,-0.182761,0.835478,170.31
sunlamp/images/img001434.jpg,sunlamp,0,72300,0,72032,0.805302,0.125828,0.578811,0.0251657,8.95787
sunlamp/images/img001438.jpg,sunlamp,1,16741,1,43273,-0.267615,0.951522,-0.0297351,0.148675,78.2424
sunlamp/images/img001439.jpg,sunlamp,1,41516,1,43532,-0.0867835,0.925691,-0.260351,0.260351,53.0083
sunlamp/images/img001445.jpg,sunlamp,2,17276,2,13673,0.525586,-0.0228515,0.73125,-0.434179,23.4957
sunlamp/images/img001448.jpg,sunlamp,1,17147,2,21475,-0.238919,0.132733,0.849491,-0.451292,156.845
sunlamp/images/img001449.jpg,sunlamp,1,20512,1,03224,-0.327405,0.698464,-0.065481,-0.632983,23.1551
sunlamp/images/img001452.jpg,sunlamp,3,06373,3,06735,-0.463196,-0.0817405,-0.136234,0.871899,17.6848
sunlamp/images/img001455.jpg,sunlamp,1,54060,1,45552,-0.0575753,0.614137,-0.556561,0.556561,16.24
sunlamp/images/img001457.jpg,sunlamp,3,52712,3,52057,0.194821,-0.36181,0.194821,0.890609,35.0962
sunlamp/images/img001458.jpg,sunlamp,0,62542,0,06243,0.713582,-0.646684,-0.111497,-0.245294,90.4524
sunlamp/images/img001459.jpg,sunlamp,2,37021,2,31764,0.544638,0.283212,0.697136,-0.370354,25.918
sunlamp/images/img001462.jpg,sunlamp,2,70614,2,05553,-0.023094,-0.669726,0.739008,-0.069282,120.175
sunlamp/images/img001463.jpg,sunlamp,0,34054,1,34355,0.399326,0.851896,0.239596,-0.239596,107.822
sunlamp/images/img001464.jpg,sunlamp,1,06275,3,03373,-0.0238705,-0.0238705,-0.644503,0.763856,169.026
sunlamp/images/img001465.jpg,sunlamp,1,53307,1,53267,0.501565,0.844742,-0.0263982,0.184787,25.4105
sunlamp/images/img001466.jpg,sunlamp,3,13427,2,53243,0.501565,-0.131991,0.844742,0.131991,172.805
sunlamp/images/img001473.jpg,sunlamp,2,45644,3,07226,-0.398199,-0.0265466,-0.345106,0.849491,131.299
sunlamp/images/img001476.jpg,sunlamp,0,61213,3,07372,-0.0882735,-0.0294245,-0.323669,0.941584,164.194
sunlamp/images/img001478.jpg,sunlamp,3,74040,3,07333,-0.028273,-0.028273,-0.424094,0.904735,116.028
sunlamp/images/img001482.jpg,sunlamp,0,74037,3,07736,-0.0921878,-0.0307293,-0.153646,0.983336,139.26
sunlamp/images/img001483.jpg,sunlamp,0,61225,2,30645,0.0800926,0.240278,0.854321,-0.453858,149.282
sunlamp/images/img001484.jpg,sunlamp,0,43317,3,03773,-0.0268511,-0.0268511,-0.510171,0.859235,168.199
sunlamp/images/img001485.jpg,sunlamp,0,13054,0,13277,0.685522,0.492719,-0.0214226,-0.535564,32.5445
sunlamp/images/img001486.jpg,sunlamp,2,05774,2,05754,-0.0758825,-0.581766,0.809414,-0.0252942,7.89091
sunlamp/images/img001488.jpg,sunlamp,1,12270,2,42132,-0.496065,-0.234978,0.835478,0.0261087,144.763
sunlamp/images/img001493.jpg,sunlamp,0,56656,3,06721,-0.538108,-0.0768726,-0.179369,0.819974,155.988
sunlamp/images/img001498.jpg,sunlamp,0,71626,0,71047,0.842397,0.500173,0.0789747,0.184274,37.4807
sunlamp/images/img001500.jpg,sunlamp,1,56220,2,52211,0.208885,-0.208885,0.954905,0.0298408,151.923
sunlamp/images/img001503.jpg,sunlamp,3,41312,3,07527,-0.147122,-0.26482,-0.147122,0.941584,43.743
sunlamp/images/img001504.jpg,sunlamp,0,12566,3,03573,-0.0261087,-0.234978,-0.496065,0.835478,144.034
sunlamp/images/img001505.jpg,sunlamp,1,10420,3,01742,-0.161658,-0.484974,-0.438786,0.739008,125.521
sunlamp/images/img001507.jpg,sunlamp,0,06713,0,07704,0.944862,-0.206689,-0.206689,-0.147635,29.6117
sunlamp/images/img001512.jpg,sunlamp,2,37642,1,10677,0.172276,0.787547,-0.418384,-0.418384,150.415
sunlamp/images/img001515.jpg,sunlamp,0,17463,2,16217,0.196657,-0.140469,0.899004,-0.36522,171.086
sunlamp/images/img001516.jpg,sunlamp,1,60443,0,31655,0.729727,0.524491,0.205236,-0.387667,158.802
sunlamp/images/img001518.jpg,sunlamp,2,31157,3,32642,0.0217443,0.587095,-0.413141,0.695817,114.746
sunlamp/images/img001521.jpg,sunlamp,1,56274,1,53227,0.508706,0.856767,-0.026774,0.0803219,71.1989
sunlamp/images/img001522.jpg,sunlamp,0,05262,0,30750,0.791391,0.321503,0.222579,-0.469888,115.765
sunlamp/images/img001528.jpg,sunlamp,1,27730,1,27550,-0.0822304,0.877124,0.465972,-0.0822304,27.4279
sunlamp/images/img001529.jpg,sunlamp,2,22460,0,47127,0.828726,-0.129488,-0.233079,0.492056,63.6599
sunlamp/images/img001530.jpg,sunlamp,2,12470,1,01657,-0.210099,0.74702,-0.490232,-0.396854,128.546
sunlamp/images/img001533.jpg,sunlamp,1,20533,2,07504,-0.19245,-0.412393,0.879772,-0.137464,179.531
sunlamp/images/img001535.jpg,sunlamp,2,05223,2,01772,-0.0731272,-0.414388,0.780024,-0.463139,31.4257
sunlamp/images/img001536.jpg,sunlamp,3,65171,3,07760,-0.211927,-0.0908257,-0.0908257,0.968808,81.9297
sunlamp/images/img001537.jpg,sunlamp,1,37045,1,35465,0.505813,0.851896,0.133109,-0.0266217,41.0007
sunlamp/images/img001539.jpg,sunlamp,0,17674,2,06357,-0.451292,-0.132733,0.849491,-0.238919,117.677
sunlamp/images/img001541.jpg,sunlamp,2,13001,1,73424,0.392598,0.739008,0.484974,0.254034,169.254
sunlamp/images/img001542.jpg,sunlamp,1,43666,0,06753,0.871899,-0.463196,-0.136234,-0.0817405,81.2623
sunlamp/images/img001545.jpg,sunlamp,3,44312,1,14230,0.123655,0.791391,-0.469888,-0.370965,65.7352
sunlamp/images/img001547.jpg,sunlamp,1,62043,0,70001,0.994672,0.0932505,0.0310835,0.0310835,113.398
sunlamp/images/img001550.jpg,sunlamp,0,04736,0,31404,0.763856,0.405798,0.0238705,-0.50128,126.043
sunlamp/images/img001551.jpg,sunlamp,2,61675,3,07370,-0.0879694,-0.0879694,-0.322554,0.93834,171.844
sunlamp/images/img001552.jpg,sunlamp,2,77425,2,23065,-0.273518,0.441836,0.673274,-0.525995,152.433
sunlamp/images/img001556.jpg,sunlamp,1,71416,1,71604,0.43676,0.822136,0.231226,0.282609,18.0614
sunlamp/images/img001557.jpg,sunlamp,1,47351,1,47227,-0.329669,0.811493,-0.0253592,0.481824,42.4649
sunlamp/images/img001560.jpg,sunlamp,1,16623,2,16474,0.146114,-0.321451,0.935129,-0.0292228,139.586
sunlamp/images/img001562.jpg,sunlamp,1,43312,2,16700,0.259483,-0.20182,0.922608,-0.20182,134.074
sunlamp/images/img001563.jpg,sunlamp,2,23346,1,16623,0.0911606,0.972379,-0.0303869,-0.212708,105.282
sunlamp/images/img001569.jpg,sunlamp,1,14101,1,16274,0.148152,0.948174,-0.0888913,-0.266674,73.7322
sunlamp/images/img001574.jpg,sunlamp,1,25436,1,05773,-0.0274929,0.879772,-0.467379,-0.0824786,86.9885
sunlamp/images/img001577.jpg,sunlamp,3,50270,3,50231,0.184787,-0.501565,0.0263982,0.844742,16.5043
sunlamp/images/img001578.jpg,sunlamp,1,74110,1,70543,0.302422,0.879772,0.0824786,0.357407,12.1762
sunlamp/images/img001586.jpg,sunlamp,2,66376,1,03667,-0.337577,0.830959,-0.0259675,-0.441447,131.599
sunlamp/images/img001592.jpg,sunlamp,2,77712,2,72124,0.228232,0.532542,0.811493,0.0760775,61.9526
sunlamp/images/img001595.jpg,sunlamp,1,56241,1,43477,-0.239596,0.851896,-0.239596,0.399326,40.6284
sunlamp/images/img001602.jpg,sunlamp,0,02775,0,30656,0.837765,0.130901,0.287982,-0.445063,78.7371
sunlamp/images/img001605.jpg,sunlamp,1,12444,2,03644,-0.376533,-0.175715,0.80327,-0.426737,146.692
sunlamp/images/img001606.jpg,sunlamp,2,61636,2,67110,-0.0747435,0.423547,0.797264,0.423547,30.003
sunlamp/images/img001607.jpg,sunlamp,2,56302,2,52721,0.313011,-0.0853666,0.910577,0.2561,22.71
sunlamp/images/img001608.jpg,sunlamp,2,74322,0,63144,0.851896,-0.186352,0.45257,0.186352,112.165
sunlamp/images/img001610.jpg,sunlamp,3,43015,3,31221,0.378865,0.259223,-0.618148,0.638089,145.952
sunlamp/images/img001615.jpg,sunlamp,2,07146,2,01775,-0.0244339,-0.464244,0.781884,-0.415376,30.8728
sunlamp/images/img001618.jpg,sunlamp,2,06350,2,01657,-0.210099,-0.490232,0.74702,-0.396854,50.2563
sunlamp/images/img001619.jpg,sunlamp,1,12300,2,10724,0.206095,-0.435089,0.732782,-0.480888,175.27
sunlamp/images/img001620.jpg,sunlamp,1,06661,2,60135,-0.463196,0.136234,0.871899,0.0817405,142.387
sunlamp/images/img001624.jpg,sunlamp,2,43562,2,43531,-0.0285481,-0.314029,0.91354,0.256933,24.4141
sunlamp/images/img001632.jpg,sunlamp,3,67271,0,03626,0.778177,-0.36477,-0.024318,-0.510678,92.9116
sunlamp/images/img001633.jpg,sunlamp,2,25743,1,70002,0.0310835,0.994672,0.0932505,0.0310835,130.332
sunlamp/images/img001634.jpg,sunlamp,1,17022,0,34074,0.941584,0.147122,0.147122,-0.26482,110.94
sunlamp/images/img001638.jpg,sunlamp,0,21746,3,32201,0.058621,0.488509,-0.605751,0.625291,121.038
sunlamp/images/img001639.jpg,sunlamp,2,05057,2,27500,-0.186352,0.45257,0.851896,-0.186352,132.894
sunlamp/images/img001640.jpg,sunlamp,0,30347,3,03727,-0.129488,-0.0258977,-0.543852,0.828726,90.2089
sunlamp/images/img001642.jpg,sunlamp,1,43255,3,47523,-0.119352,-0.214834,0.596762,0.763856,165.181
sunlamp/images/img001644.jpg,sunlamp,1,71510,3,03326,-0.159961,-0.0228515,-0.662695,0.73125,177.972
sunlamp/images/img001655.jpg,sunlamp,0,12716,3,03731,-0.0252942,-0.0758825,-0.581766,0.809414,131.704
sunlamp/images/img001656.jpg,sunlamp,0,16366,3,07633,-0.26482,-0.0294245,-0.205971,0.941584,123.462
sunlamp/images/img001658.jpg,sunlamp,3,20251,3,36334,0.276972,0.617861,-0.276972,0.681778,109.015
sunlamp/images/img001659.jpg,sunlamp,2,43335,2,52213,0.211154,-0.150824,0.965275,0.0301648,27.8276
sunlamp/images/img001660.jpg,sunlamp,0,23544,0,34052,0.931951,0.145617,0.0873704,-0.320358,56.9271
sunlamp/images/img001663.jpg,sunlamp,3,53405,3,51226,0.423547,-0.423547,0.0747435,0.797264,24.7537
sunlamp/images/img001664.jpg,sunlamp,3,10722,0,07055,0.851896,-0.239596,-0.399326,-0.239596,143.157
sunlamp/images/img001665.jpg,sunlamp,2,13006,1,20556,-0.463139,0.780024,0.0731272,-0.414388,169.677
sunlamp/images/img001669.jpg,sunlamp,2,43744,2,07536,-0.0888913,-0.266674,0.948174,-0.148152,67.7617
sunlamp/images/img001670.jpg,sunlamp,2,50514,1,43723,-0.148675,0.951522,-0.0297351,0.267615,104.63
sunlamp/images/img001671.jpg,sunlamp,1,73422,1,43343,-0.150824,0.965275,-0.150824,0.150824,107.252
sunlamp/images/img001672.jpg,sunlamp,3,05655,3,34401,0.0911606,0.0303869,-0.212708,0.972379,84.1709
sunlamp/images/img001675.jpg,sunlamp,2,16370,2,70335,0.397081,0.344137,0.847106,0.0794162,66.4522
sunlamp/images/img001676.jpg,sunlamp,0,24301,0,07336,0.922608,-0.0864945,-0.0288315,-0.374809,59.6065
sunlamp/images/img001680.jpg,sunlamp,1,74675,2,03774,-0.0822304,-0.0822304,0.877124,-0.465972,162.743
sunlamp/images/img001682.jpg,sunlamp,2,61606,1,70643,0.0824786,0.879772,0.302422,0.357407,108.042
sunlamp/images/img001684.jpg,sunlamp,3,52156,3,03743,-0.131991,-0.131991,-0.501565,0.844742,101.402
sunlamp/images/img001687.jpg,sunlamp,1,77004,2,51631,0.51494,-0.425385,0.716438,0.201498,151.34
sunlamp/images/img001689.jpg,sunlamp,3,65031,3,57202,0.421459,-0.123958,0.421459,0.793334,80.9487
sunlamp/images/img001697.jpg,sunlamp,2,54700,2,52165,0.30334,-0.30334,0.882444,0.193035,52.6715
sunlamp/images/img001699.jpg,sunlamp,3,26407,3,30674,0.128799,0.334878,-0.437917,0.824315,96.5128
sunlamp/images/img001701.jpg,sunlamp,3,42277,3,07722,-0.208885,-0.0298408,-0.208885,0.954905,65.2205
sunlamp/images/img001703.jpg,sunlamp,2,57101,0,07333,0.904735,-0.028273,-0.028273,-0.424094,138.877
sunlamp/images/img001704.jpg,sunlamp,3,16067,3,03753,-0.0266217,-0.133109,-0.505813,0.851896,37.5876
sunlamp/images/img001707.jpg,sunlamp,0,30506,2,07527,-0.147122,-0.26482,0.941584,-0.147122,174.889
sunlamp/images/img001708.jpg,sunlamp,2,63117,2,63513,-0.0261087,0.496065,0.835478,0.234978,16.7969
sunlamp/images/img001709.jpg,sunlamp,3,61442,0,07707,0.965275,-0.150824,-0.150824,-0.150824,108.017
sunlamp/images/img001712.jpg,sunlamp,3,27060,0,32144,0.712167,0.200297,0.378339,-0.55638,94.7335
sunlamp/images/img001713.jpg,sunlamp,2,15120,2,37055,0.524491,0.387667,0.729727,-0.205236,110.182
sunlamp/images/img001715.jpg,sunlamp,0,34424,3,36064,0.0254246,0.533917,-0.228822,0.813589,162.551
sunlamp/images/img001718.jpg,sunlamp,3,55363,0,05736,0.871899,-0.0817405,-0.463196,-0.136234,155.323
sunlamp/images/img001720.jpg,sunlamp,3,57144,3,60773,-0.411464,0.363057,0.314649,0.774521,141.681
sunlamp/images/img001725.jpg,sunlamp,1,51414,2,34074,0.147122,0.147122,0.941584,-0.26482,122.097
sunlamp/images/img001727.jpg,sunlamp,2,64434,0,01656,0.739008,-0.254034,-0.484974,-0.392598,38.9042
sunlamp/images/img001729.jpg,sunlamp,2,74742,1,24346,-0.549021,0.763856,0.262575,-0.214834,164.755
sunlamp/images/img001730.jpg,sunlamp,2,35753,2,01644,-0.329929,-0.505892,0.703849,-0.37392,159.909
sunlamp/images/img001732.jpg,sunlamp,1,26743,2,60117,-0.465972,0.0822304,0.877124,0.0822304,80.0341
sunlamp/images/img001736.jpg,sunlamp,0,50362,0,52123,0.91354,0.314029,-0.256933,0.0285481,27.6052
sunlamp/images/img001737.jpg,sunlamp,2,07227,2,30444,0.0275764,0.0275764,0.882444,-0.468798,48.3615
sunlamp/images/img001738.jpg,sunlamp,3,53261,3,53026,0.453858,-0.240278,0.0800926,0.854321,20.1032
sunlamp/images/img001739.jpg,sunlamp,3,60753,0,30674,0.824315,0.128799,0.334878,-0.437917,113.048
sunlamp/images/img001744.jpg,sunlamp,0,46375,3,07656,-0.321451,-0.146114,-0.0292228,0.935129,141.02
sunlamp/images/img001754.jpg,sunlamp,0,40410,2,62310,-0.423689,0.557486,0.713582,0.0222994,34.7802
sunlamp/images/img001755.jpg,sunlamp,0,57153,1,03355,-0.0242607,0.776342,-0.169825,-0.606517,153.106
sunlamp/images/img001760.jpg,sunlamp,2,34400,1,43371,-0.0307293,0.983336,-0.0921878,0.153646,168.06
sunlamp/images/img001763.jpg,sunlamp,0,65763,3,63330,-0.069282,0.669726,0.023094,0.739008,137.565
sunlamp/images/img001764.jpg,sunlamp,1,42727,1,42737,-0.448769,0.844742,-0.0263982,0.29038,8.36975
sunlamp/images/img001767.jpg,sunlamp,1,63444,1,04665,-0.614523,0.678094,-0.402618,-0.0211904,110.859
sunlamp/images/img001769.jpg,sunlamp,1,35414,1,50514,0.272554,0.670902,-0.649937,0.230623,99.1411
sunlamp/images/img001770.jpg,sunlamp,3,56066,1,53220,0.467379,0.879772,-0.0824786,0.0274929,152.925
sunlamp/images/img001771.jpg,sunlamp,3,26553,3,32641,0.0667657,0.55638,-0.422849,0.712167,73.1151
sunlamp/images/img001781.jpg,sunlamp,2,53521,1,05656,-0.276124,0.80327,-0.527146,-0.0251022,81.5206
sunlamp/images/img001785.jpg,sunlamp,2,74342,2,70273,0.19245,0.412393,0.879772,0.137464,46.2258
sunlamp/images/img001787.jpg,sunlamp,1,30742,2,12744,0.236924,-0.184274,0.842397,-0.447523,136.885
sunlamp/images/img001796.jpg,sunlamp,1,14664,1,16324,0.251263,0.893381,-0.0837545,-0.362936,71.5916
sunlamp/images/img001802.jpg,sunlamp,2,11102,1,20524,-0.51187,0.712167,0.111276,-0.46736,150.001
sunlamp/images/img001804.jpg,sunlamp,3,16546,3,52075,0.198547,-0.312002,0.198547,0.907642,29.3822
sunlamp/images/img001806.jpg,sunlamp,2,70710,2,14736,0.334878,-0.437917,0.824315,-0.128799,93.8946
sunlamp/images/img001807.jpg,sunlamp,1,44325,2,40373,-0.421459,-0.421459,0.793334,0.123958,137.456
sunlamp/images/img001813.jpg,sunlamp,2,65311,2,50173,0.344214,-0.57369,0.734324,0.114738,115.347
sunlamp/images/img001816.jpg,sunlamp,1,52663,1,43773,-0.0289278,0.925691,-0.0289278,0.376062,11.7441
sunlamp/images/img001819.jpg,sunlamp,3,35473,3,07561,-0.145617,-0.320358,-0.0873704,0.931951,102.563
sunlamp/images/img001830.jpg,sunlamp,3,41372,3,41355,-0.0249766,-0.574462,0.174836,0.799251,18.2933
sunlamp/images/img001832.jpg,sunlamp,2,36673,1,52274,0.150278,0.961781,-0.090167,0.21039,105.101
sunlamp/images/img001835.jpg,sunlamp,1,34465,1,50031,0.164854,0.753619,-0.635866,0.0235506,99.6559
sunlamp/images/img001837.jpg,sunlamp,0,67253,0,36642,0.762121,0.0238163,0.643039,-0.0714488,64.744
sunlamp/images/img001838.jpg,sunlamp,2,70174,2,16550,0.344137,-0.397081,0.847106,-0.0794162,72.3209
sunlamp/images/img001839.jpg,sunlamp,3,56201,3,57002,0.403961,-0.308911,0.403961,0.760398,41.8972
sunlamp/images/img001842.jpg,sunlamp,3,21245,3,37006,0.395992,0.442579,-0.302817,0.745396,90.4839
sunlamp/images/img001843.jpg,sunlamp,1,33456,0,04766,0.745396,-0.535754,-0.395992,-0.0232936,157.435
sunlamp/images/img001847.jpg,sunlamp,0,07023,3,03763,-0.133109,-0.0266217,-0.505813,0.851896,145.784
sunlamp/images/img001851.jpg,sunlamp,2,06560,1,17044,0.422499,0.795292,-0.372793,-0.223676,88.628
sunlamp/images/img001852.jpg,sunlamp,3,41241,3,41105,-0.111276,-0.689912,0.0667657,0.712167,29.5748
sunlamp/images/img001853.jpg,sunlamp,1,11643,2,20571,-0.412432,0.121303,0.776342,-0.460953,153.353
sunlamp/images/img001856.jpg,sunlamp,3,34251,3,34072,0.143208,0.200492,-0.315058,0.916533,10.3173
sunlamp/images/img001858.jpg,sunlamp,1,47145,3,35441,0.508706,0.026774,-0.0803219,0.856767,123.641
sunlamp/images/img001859.jpg,sunlamp,3,21470,3,03527,-0.126148,-0.227067,-0.529823,0.80735,45.8204
sunlamp/images/img001860.jpg,sunlamp,2,12777,2,35705,0.626216,0.208739,0.742182,-0.115966,53.1392
sunlamp/images/img001862.jpg,sunlamp,0,07747,3,43725,-0.145617,-0.0873704,0.320358,0.931951,157.14
sunlamp/images/img001864.jpg,sunlamp,1,52102,1,50673,0.1789,0.817829,-0.434472,0.332243,34.8778
sunlamp/images/img001867.jpg,sunlamp,3,52070,3,05231,-0.218862,-0.462042,-0.36477,0.778177,76.4586
sunlamp/images/img001871.jpg,sunlamp,3,37751,3,37601,0.418722,0.55095,-0.154266,0.705215,27.3534
sunlamp/images/img001873.jpg,sunlamp,2,63011,2,27554,-0.0824786,0.467379,0.879772,-0.0274929,22.5169
sunlamp/images/img001877.jpg,sunlamp,2,04656,2,30444,0.0275764,0.0275764,0.882444,-0.468798,108.516
sunlamp/images/img001879.jpg,sunlamp,0,32151,3,03127,-0.112623,-0.202721,-0.653213,0.720787,76.9683
sunlamp/images/img001880.jpg,sunlamp,1,04777,0,52405,0.861723,0.0807866,-0.403933,0.296217,162.841
sunlamp/images/img001881.jpg,sunlamp,1,73262,2,70144,0.26482,0.0294245,0.941584,0.205971,82.3261
sunlamp/images/img001885.jpg,sunlamp,1,07534,1,07634,-0.320358,0.931951,-0.0873704,-0.145617,40.0681
sunlamp/images/img001886.jpg,sunlamp,0,63614,0,07256,0.904735,-0.311003,-0.141365,-0.254457,103.553
sunlamp/images/img001893.jpg,sunlamp,3,24445,3,06275,-0.599501,-0.0719402,-0.215821,0.767362,27.6566
sunlamp/images/img001896.jpg,sunlamp,2,60046,2,01772,-0.0731272,-0.414388,0.780024,-0.463139,118.809
sunlamp/images/img001898.jpg,sunlamp,1,62230,1,05632,-0.285642,0.830959,-0.441447,-0.181772,132.111
sunlamp/images/img001901.jpg,sunlamp,0,36606,0,36056,0.828726,0.129488,0.492056,-0.233079,25.4879
sunlamp/images/img001912.jpg,sunlamp,0,61315,2,03324,-0.159628,-0.0684119,0.729727,-0.661315,178.156
sunlamp/images/img001916.jpg,sunlamp,1,74324,1,35741,0.628928,0.745396,0.209643,-0.0698809,80.0099
sunlamp/images/img001918.jpg,sunlamp,3,24505,3,06373,-0.448769,-0.0263982,-0.29038,0.844742,22.9491
sunlamp/images/img001919.jpg,sunlamp,2,46332,2,52605,0.0864945,-0.20182,0.922608,0.317146,70.8274
sunlamp/images/img001920.jpg,sunlamp,3,15226,2,47134,-0.0770752,-0.282609,0.822136,0.488143,158.032
sunlamp/images/img001921.jpg,sunlamp,0,34445,1,03774,-0.0822304,0.877124,-0.0822304,-0.465972,179.272
sunlamp/images/img001924.jpg,sunlamp,3,52253,3,07713,-0.0301648,-0.150824,-0.211154,0.965275,51.7275
sunlamp/images/img001929.jpg,sunlamp,2,01422,2,01437,-0.193158,-0.53655,0.686784,-0.450702,12.1416
sunlamp/images/img001932.jpg,sunlamp,3,34105,3,02741,-0.484974,-0.161658,-0.438786,0.739008,97.6463
sunlamp/images/img001937.jpg,sunlamp,0,71220,0,07747,0.975991,-0.152499,-0.152499,-0.0304997,91.0761
sunlamp/images/img001938.jpg,sunlamp,1,63565,1,63520,-0.175274,0.801253,0.525822,0.225352,16.1932
sunlamp/images/img001943.jpg,sunlamp,2,13421,0,34536,0.899004,0.36522,0.196657,-0.140469,119.214
sunlamp/images/img001946.jpg,sunlamp,3,51442,0,02721,0.715006,-0.469222,-0.0670318,-0.51391,158.09
sunlamp/images/img001947.jpg,sunlamp,1,01674,3,03322,-0.155173,-0.0221676,-0.687194,0.709362,175.104
sunlamp/images/img001950.jpg,sunlamp,0,21077,2,34057,0.205262,0.0879694,0.93834,-0.263908,124.675
sunlamp/images/img001952.jpg,sunlamp,2,61157,1,07721,-0.150278,0.961781,-0.090167,-0.21039,173.248
sunlamp/images/img001955.jpg,sunlamp,2,06700,2,03627,-0.321503,-0.024731,0.791391,-0.51935,50.912
sunlamp/images/img001957.jpg,sunlamp,2,47345,2,07557,-0.0289278,-0.376062,0.925691,-0.0289278,74.5608
sunlamp/images/img001959.jpg,sunlamp,1,33145,2,30544,0.240966,0.026774,0.856767,-0.455158,101.13
sunlamp/images/img001960.jpg,sunlamp,0,04107,1,07356,-0.0888913,0.948174,-0.148152,-0.266674,145.61
sunlamp/images/img001965.jpg,sunlamp,2,40351,2,25053,-0.2561,0.0853666,0.910577,-0.313011,93.697
sunlamp/images/img001968.jpg,sunlamp,3,21054,0,32442,0.765603,0.0239251,0.454577,-0.454577,72.4021
sunlamp/images/img001970.jpg,sunlamp,1,71736,1,43720,-0.205262,0.93834,-0.0879694,0.263908,114.043
sunlamp/images/img001974.jpg,sunlamp,0,06310,0,06736,0.851896,-0.505813,-0.0266217,-0.133109,31.6675
sunlamp/images/img001976.jpg,sunlamp,0,02554,0,32672,0.65718,0.102684,0.636643,-0.390201,134.601
sunlamp/images/img001981.jpg,sunlamp,3,43526,3,07576,-0.0898429,-0.269529,-0.0299476,0.958324,43.6111
sunlamp/images/img001987.jpg,sunlamp,1,65327,2,01757,-0.0238705,-0.50128,0.763856,-0.405798,144.574
sunlamp/images/img001993.jpg,sunlamp,0,06226,1,30474,0.135432,0.866766,0.135432,-0.46047,137.575
sunlamp/images/img001994.jpg,sunlamp,0,61611,0,07305,0.899004,-0.140469,-0.196657,-0.36522,92.0865
sunlamp/images/img001999.jpg,sunlamp,1,72766,2,43753,-0.0286417,-0.143208,0.916533,0.372342,103.892
sunlamp/images/img002002.jpg,sunlamp,0,47317,3,52033,0.205971,-0.26482,0.0294245,0.941584,96.5358
sunlamp/images/img002006.jpg,sunlamp,3,51250,0,01626,0.719328,-0.337185,-0.382143,-0.472059,165.275
sunlamp/images/img002007.jpg,sunlamp,1,73042,1,43743,-0.141819,0.907642,-0.141819,0.368729,101.732
sunlamp/images/img002012.jpg,sunlamp,0,15222,0,30525,0.797264,0.27406,0.124573,-0.523205,63.3835
sunlamp/images/img002013.jpg,sunlamp,1,16015,2,07652,-0.320358,-0.145617,0.931951,-0.0873704,118.317
sunlamp/images/img002014.jpg,sunlamp,0,60062,1,55110,0.5196,0.573351,-0.555434,0.304593,170.606
sunlamp/images/img002018.jpg,sunlamp,3,47213,3,07376,-0.0898429,-0.0299476,-0.269529,0.958324,88.3474
sunlamp/images/img002023.jpg,sunlamp,2,04707,2,34002,0.028183,0.084549,0.901856,-0.422745,98.0274
sunlamp/images/img002026.jpg,sunlamp,0,53166,0,30774,0.787547,0.319941,0.319941,-0.418384,99.3234
sunlamp/images/img002027.jpg,sunlamp,0,27100,3,33241,0.363043,0.477688,-0.515903,0.61144,150.629
sunlamp/images/img002028.jpg,sunlamp,0,23050,2,27574,-0.0781133,0.546793,0.833209,-0.0260378,164.36
sunlamp/images/img002031.jpg,sunlamp,1,07264,2,07655,-0.26482,-0.205971,0.941584,-0.0294245,164.896
sunlamp/images/img002034.jpg,sunlamp,2,77403,3,27526,-0.173542,0.570209,-0.123958,0.793334,121.865
sunlamp/images/img002035.jpg,sunlamp,3,13365,0,52055,0.871899,0.190728,-0.408703,0.190728,73.8506
sunlamp/images/img002036.jpg,sunlamp,3,36020,0,34734,0.859235,0.349064,0.349064,-0.134255,179.878
sunlamp/images/img002042.jpg,sunlamp,1,01726,0,06742,0.80327,-0.57735,-0.125511,-0.0753066,121.713
sunlamp/images/img002043.jpg,sunlamp,3,52114,3,42701,-0.525822,-0.175274,0.225352,0.801253,106.359
sunlamp/images/img002046.jpg,sunlamp,2,50422,2,50214,0.125511,-0.57735,0.80327,0.0753066,22.3379
sunlamp/images/img002047.jpg,sunlamp,2,07762,1,16626,0.030846,0.987072,-0.030846,-0.15423,174.83
sunlamp/images/img002050.jpg,sunlamp,2,60106,2,20741,-0.480888,0.206095,0.732782,-0.435089,62.7956
sunlamp/images/img002051.jpg,sunlamp,0,03755,2,63001,-0.337577,0.441447,0.830959,0.0259675,124.649
sunlamp/images/img002052.jpg,sunlamp,1,70375,1,43127,-0.148152,0.948174,-0.266674,0.0888913,96.1372
sunlamp/images/img002057.jpg,sunlamp,2,67636,0,52173,0.869321,0.407494,-0.244497,0.135831,178.152
sunlamp/images/img002059.jpg,sunlamp,2,41217,2,16474,0.146114,-0.321451,0.935129,-0.0292228,52.7059
sunlamp/images/img002060.jpg,sunlamp,1,42416,0,52154,0.835478,0.339413,-0.39163,0.182761,168.751
sunlamp/images/img002064.jpg,sunlamp,3,36052,3,02336,-0.402618,-0.0211904,-0.614523,0.678094,96.9787
sunlamp/images/img002068.jpg,sunlamp,0,27725,2,42233,-0.615271,-0.0246108,0.787547,0.0246108,170.648
sunlamp/images/img002073.jpg,sunlamp,0,72064,0,07757,0.987072,-0.030846,-0.15423,-0.030846,85.9213
sunlamp/images/img002074.jpg,sunlamp,1,60377,1,60135,-0.463196,0.871899,0.136234,0.0817405,29.7039
sunlamp/images/img002075.jpg,sunlamp,3,76124,2,03522,-0.17063,-0.219382,0.780024,-0.560642,156.434
sunlamp/images/img002080.jpg,sunlamp,2,63227,2,07754,-0.0911606,-0.212708,0.972379,-0.0303869,113.323
sunlamp/images/img002083.jpg,sunlamp,3,16460,3,07553,-0.0288315,-0.374809,-0.0864945,0.922608,10.3195
sunlamp/images/img002084.jpg,sunlamp,1,54524,3,07707,-0.150824,-0.150824,-0.150824,0.965275,125.517
sunlamp/images/img002086.jpg,sunlamp,3,72037,0,46334,0.763856,-0.453539,-0.0716115,0.453539,153.553
sunlamp/images/img002089.jpg,sunlamp,0,61324,0,70612,0.904735,0.141365,0.311003,0.254457,42.5562
sunlamp/images/img002093.jpg,sunlamp,1,24723,1,62114,-0.463139,0.780024,0.414388,0.0731272,27.0534
sunlamp/images/img002099.jpg,sunlamp,3,27502,3,37002,0.390109,0.436005,-0.344214,0.734324,68.8318
sunlamp/images/img002100.jpg,sunlamp,1,70475,1,50605,0.0731272,0.780024,-0.560642,0.268133,85.4252
sunlamp/images/img002105.jpg,sunlamp,3,50350,3,50211,0.174836,-0.574462,0.0249766,0.799251,19.9644
sunlamp/images/img002113.jpg,sunlamp,3,35753,1,07724,-0.21039,0.961781,-0.090167,-0.150278,178.622
sunlamp/images/img002114.jpg,sunlamp,2,62341,2,07625,-0.371126,-0.0856444,0.91354,-0.142741,81.5166
sunlamp/images/img002116.jpg,sunlamp,2,42032,0,16554,0.849491,0.345106,-0.398199,-0.0265466,51.8065
sunlamp/images/img002117.jpg,sunlamp,1,45026,3,70454,0.140028,0.0280056,0.420084,0.896179,168.115
sunlamp/images/img002120.jpg,sunlamp,2,37721,2,37061,0.430597,0.475923,0.725215,-0.249293,21.9331
sunlamp/images/img002121.jpg,sunlamp,1,50303,1,30467,0.0810219,0.864234,0.189051,-0.459124,106.393
sunlamp/images/img002126.jpg,sunlamp,1,70005,1,70274,0.140469,0.899004,0.36522,0.196657,43.4848
sunlamp/images/img002128.jpg,sunlamp,1,57632,2,35606,0.445063,0.287982,0.837765,-0.130901,141.304
sunlamp/images/img002132.jpg,sunlamp,1,03744,2,07611,-0.259483,-0.20182,0.922608,-0.20182,155.268
sunlamp/images/img002136.jpg,sunlamp,1,77742,1,03224,-0.327405,0.698464,-0.065481,-0.632983,168.192
sunlamp/images/img002138.jpg,sunlamp,2,47374,1,03437,-0.223125,0.793334,-0.223125,-0.520626,114.447
sunlamp/images/img002141.jpg,sunlamp,3,74032,3,52655,0.190728,-0.190728,0.408703,0.871899,45.9954
sunlamp/images/img002142.jpg,sunlamp,1,12541,1,12643,0.0796398,0.849491,-0.132733,-0.504385,34.8159
sunlamp/images/img002146.jpg,sunlamp,2,25310,2,21457,-0.240278,0.0800926,0.854321,-0.453858,26.3311
sunlamp/images/img002149.jpg,sunlamp,0,43412,3,31001,0.39219,0.0206416,-0.63989,0.660531,87.8155
sunlamp/images/img002151.jpg,sunlamp,2,70753,1,70703,0.299715,0.871899,0.299715,0.245222,93.0733
sunlamp/images/img002159.jpg,sunlamp,3,06377,2,06373,-0.448769,-0.0263982,0.844742,-0.29038,150.963
sunlamp/images/img002162.jpg,sunlamp,3,72150,3,32442,0.0239251,0.454577,-0.454577,0.765603,78.4503
sunlamp/images/img002163.jpg,sunlamp,2,30760,1,34473,0.208145,0.951522,0.208145,-0.0892052,112.722
sunlamp/images/img002166.jpg,sunlamp,0,52322,2,07707,-0.150824,-0.150824,0.965275,-0.150824,153.848
sunlamp/images/img002168.jpg,sunlamp,3,47034,3,43536,-0.0853666,-0.2561,0.313011,0.910577,32.5832
sunlamp/images/img002169.jpg,sunlamp,1,65107,1,23554,-0.0747435,0.797264,0.423547,-0.423547,120.181
sunlamp/images/img002171.jpg,sunlamp,3,45152,2,32644,0.0227097,0.567742,0.72671,-0.386065,145.996
sunlamp/images/img002173.jpg,sunlamp,2,76226,2,52563,0.294514,-0.240966,0.856767,0.348062,113.072
sunlamp/images/img002177.jpg,sunlamp,0,07645,3,47725,-0.118279,-0.0709674,0.638707,0.756986,153.125
sunlamp/images/img002181.jpg,sunlamp,1,10072,3,43133,-0.0300557,-0.270501,0.0300557,0.961781,89.2668
sunlamp/images/img002184.jpg,sunlamp,0,63016,2,53220,0.467379,-0.0824786,0.879772,0.0274929,65.4798
sunlamp/images/img002185.jpg,sunlamp,0,54017,3,01735,-0.0233954,-0.444513,-0.491304,0.748653,118.763
sunlamp/images/img002188.jpg,sunlamp,0,12527,3,32203,0.0574907,0.517416,-0.59407,0.613234,177.829
sunlamp/images/img002192.jpg,sunlamp,3,12436,3,01242,-0.304981,-0.426974,-0.548966,0.650627,59.0399
sunlamp/images/img002193.jpg,sunlamp,2,74157,2,70346,0.25205,0.308062,0.896179,0.196039,51.3746
sunlamp/images/img002194.jpg,sunlamp,3,31173,3,15236,0.478883,-0.387667,-0.296452,0.729727,67.2802
sunlamp/images/img002195.jpg,sunlamp,2,74174,2,71250,0.529823,0.227067,0.80735,0.126148,56.2457
sunlamp/images/img002198.jpg,sunlamp,3,70473,3,32602,0.0209289,0.565081,-0.481365,0.669726,116.965
sunlamp/images/img002201.jpg,sunlamp,0,42117,0,31404,0.763856,0.405798,0.0238705,-0.50128,133.722
sunlamp/images/img002208.jpg,sunlamp,2,40011,2,34522,0.259483,0.20182,0.922608,-0.20182,142.372
sunlamp/images/img002210.jpg,sunlamp,3,52163,3,52001,0.084549,-0.422745,0.028183,0.901856,37.1104
sunlamp/images/img002212.jpg,sunlamp,1,63321,1,27774,-0.069282,0.739008,0.669726,-0.023094,5.42843
sunlamp/images/img002213.jpg,sunlamp,1,12646,3,16077,0.199189,-0.2561,-0.2561,0.910577,104.265
sunlamp/images/img002218.jpg,sunlamp,3,07772,3,05723,-0.134255,-0.456468,-0.187958,0.859235,56.4915
sunlamp/images/img002220.jpg,sunlamp,2,47026,2,70350,0.360694,0.249711,0.887862,0.138728,109.267
sunlamp/images/img002225.jpg,sunlamp,2,74266,3,07433,-0.2561,-0.2561,-0.199189,0.910577,152.824
sunlamp/images/img002226.jpg,sunlamp,2,47121,2,43524,-0.193035,-0.30334,0.882444,0.30334,18.4168
sunlamp/images/img002227.jpg,sunlamp,1,06505,3,36263,0.0652328,0.674072,-0.239187,0.695817,120.318
sunlamp/images/img002228.jpg,sunlamp,1,76431,1,40523,-0.450702,0.686784,-0.53655,0.193158,149.922
sunlamp/images/img002229.jpg,sunlamp,3,50312,3,52001,0.084549,-0.422745,0.028183,0.901856,33.9879
sunlamp/images/img002231.jpg,sunlamp,0,22500,0,53206,0.871899,0.463196,-0.136234,0.0817405,149.323
sunlamp/images/img002232.jpg,sunlamp,3,54231,0,07034,0.844742,-0.29038,-0.29038,-0.343176,169.121
sunlamp/images/img002237.jpg,sunlamp,3,56400,2,37000,0.397722,0.397722,0.748653,-0.350931,175.974
sunlamp/images/img002240.jpg,sunlamp,1,27040,1,23644,-0.322525,0.688053,0.537541,-0.365528,19.3642
sunlamp/images/img002243.jpg,sunlamp,1,25017,2,03672,-0.283358,-0.0257599,0.824315,-0.489437,149.381
sunlamp/images/img002244.jpg,sunlamp,3,36501,3,06373,-0.448769,-0.0263982,-0.29038,0.844742,104.16
sunlamp/images/img002246.jpg,sunlamp,0,25155,3,36404,0.0273281,0.464578,-0.136641,0.8745,152.586
sunlamp/images/img002249.jpg,sunlamp,2,60441,0,47034,0.793334,-0.272709,-0.272709,0.471042,112.173
sunlamp/images/img002251.jpg,sunlamp,0,61115,3,53213,0.578811,-0.125828,0.0251657,0.805302,97.7375
sunlamp/images/img002253.jpg,sunlamp,2,25527,2,34473,0.208145,0.208145,0.951522,-0.0892052,39.0994
sunlamp/images/img002255.jpg,sunlamp,1,52776,1,70701,0.304267,0.88514,0.248946,0.248946,37.1284
sunlamp/images/img002258.jpg,sunlamp,0,25451,0,07703,0.954905,-0.149204,-0.149204,-0.208885,28.0513
sunlamp/images/img002263.jpg,sunlamp,3,32661,1,47107,-0.125828,0.805302,-0.327154,0.478148,38.8407
sunlamp/images/img002265.jpg,sunlamp,2,57443,2,00377,-0.360237,-0.360237,0.678094,-0.529761,170.207
sunlamp/images/img002267.jpg,sunlamp,2,76036,2,70711,0.399326,0.239596,0.851896,0.239596,53.8364
sunlamp/images/img002277.jpg,sunlamp,3,17320,3,11657,0.481365,-0.439508,-0.355792,0.669726,47.249
sunlamp/images/img002280.jpg,sunlamp,3,74030,3,53066,0.447523,-0.236924,0.184274,0.842397,64.1723
sunlamp/images/img002286.jpg,sunlamp,2,25146,1,25574,-0.0921878,0.983336,0.153646,-0.0307293,148.832
sunlamp/images/img002289.jpg,sunlamp,1,23672,2,30454,0.136641,0.0273281,0.8745,-0.464578,90.5785
sunlamp/images/img002294.jpg,sunlamp,3,66423,0,06734,0.849491,-0.504385,-0.0796398,-0.132733,80.2588
sunlamp/images/img002298.jpg,sunlamp,0,52346,0,52055,0.871899,0.190728,-0.408703,0.190728,33.6311
sunlamp/images/img002299.jpg,sunlamp,3,07142,3,31272,0.426974,0.304981,-0.548966,0.650627,115.456
sunlamp/images/img002303.jpg,sunlamp,1,40275,1,07715,-0.0301648,0.965275,-0.211154,-0.150824,78.8047
sunlamp/images/img002307.jpg,sunlamp,0,11700,2,00537,-0.348539,-0.512558,0.656074,-0.430548,112.856
sunlamp/images/img002310.jpg,sunlamp,3,65713,2,74004,0.0268511,0.0268511,0.859235,0.510171,49.8978
sunlamp/images/img002315.jpg,sunlamp,0,61222,0,27662,0.679315,-0.318429,0.658087,-0.0636858,36.0333
sunlamp/images/img002317.jpg,sunlamp,2,10472,1,43275,-0.263908,0.93834,-0.0879694,0.205262,90.5652
sunlamp/images/img002318.jpg,sunlamp,3,25255,3,07324,-0.197911,-0.0848189,-0.367549,0.904735,38.2985
sunlamp/images/img002321.jpg,sunlamp,1,16530,1,16603,0.090167,0.961781,-0.150278,-0.21039,36.5545
sunlamp/images/img002324.jpg,sunlamp,0,45573,0,16076,0.919555,0.143681,-0.258625,-0.258625,111.71
sunlamp/images/img002325.jpg,sunlamp,0,16032,2,51037,0.491817,-0.534584,0.684267,0.06415,161.357
sunlamp/images/img002332.jpg,sunlamp,1,42106,1,02455,-0.537541,0.688053,-0.322525,-0.365528,52.4336
sunlamp/images/img002338.jpg,sunlamp,2,30142,1,53524,0.574903,0.735875,-0.252957,0.252957,158.586
sunlamp/images/img002341.jpg,sunlamp,1,43300,2,52212,0.152499,-0.152499,0.975991,0.0304997,135.48
sunlamp/images/img002343.jpg,sunlamp,0,01270,3,03745,-0.134255,-0.187958,-0.456468,0.859235,136.729
sunlamp/images/img002344.jpg,sunlamp,2,27650,2,27451,-0.240278,0.453858,0.854321,-0.0800926,20.6053
sunlamp/images/img002347.jpg,sunlamp,0,60545,3,51207,0.443543,-0.490232,0.0700331,0.74702,59.842
sunlamp/images/img002352.jpg,sunlamp,3,13443,3,07543,-0.142741,-0.371126,-0.0856444,0.91354,83.4936
sunlamp/images/img002353.jpg,sunlamp,3,24100,0,31441,0.765603,0.454577,0.0239251,-0.454577,78.9517
sunlamp/images/img002359.jpg,sunlamp,3,30603,2,01746,-0.164854,-0.494563,0.753619,-0.40036,57.9013
sunlamp/images/img002361.jpg,sunlamp,1,74027,3,70026,0.0303869,0.212708,0.0911606,0.972379,92.0948
sunlamp/images/img002364.jpg,sunlamp,1,01356,1,20717,-0.392598,0.739008,0.254034,-0.484974,94.5807
sunlamp/images/img002367.jpg,sunlamp,0,65237,0,61303,0.935129,-0.146114,0.321451,0.0292228,56.1016
sunlamp/images/img002368.jpg,sunlamp,1,63662,2,52264,0.0303869,-0.0911606,0.972379,0.212708,104.595
sunlamp/images/img002375.jpg,sunlamp,2,34746,2,25577,-0.0304997,0.213498,0.975991,-0.0304997,38.4615
sunlamp/images/img002377.jpg,sunlamp,3,61416,3,57221,0.463139,-0.0731272,0.414388,0.780024,93.5906
sunlamp/images/img002379.jpg,sunlamp,0,72054,0,07705,0.954905,-0.149204,-0.208885,-0.149204,97.1189
sunlamp/images/img002380.jpg,sunlamp,0,42134,3,43503,-0.138728,-0.360694,0.249711,0.887862,173.783
sunlamp/images/img002384.jpg,sunlamp,2,65332,0,16144,0.851896,0.239596,-0.399326,-0.239596,133.769
sunlamp/images/img002385.jpg,sunlamp,0,47221,3,50336,0.33667,-0.440261,0.0776931,0.828726,77.5801
sunlamp/images/img002386.jpg,sunlamp,0,71302,3,01743,-0.116216,-0.488108,-0.441622,0.743784,123.373
sunlamp/images/img002389.jpg,sunlamp,3,62101,3,34604,0.0297351,0.267615,-0.148675,0.951522,72.0324
sunlamp/images/img002395.jpg,sunlamp,1,20564,0,02677,0.72671,-0.567742,-0.0227097,-0.386065,97.9404
sunlamp/images/img002399.jpg,sunlamp,2,06723,3,13644,0.418384,-0.172276,-0.418384,0.787547,90.8015
sunlamp/images/img002403.jpg,sunlamp,2,15376,2,14174,0.290471,-0.603286,0.715006,-0.201095,46.6611
sunlamp/images/img002404.jpg,sunlamp,2,73245,1,05573,-0.0245514,0.785646,-0.613786,-0.0736543,178.662
sunlamp/images/img002408.jpg,sunlamp,3,61210,3,25721,-0.140469,0.36522,-0.196657,0.899004,37.171
sunlamp/images/img002410.jpg,sunlamp,0,62121,0,07256,0.904735,-0.311003,-0.141365,-0.254457,84.3913
sunlamp/images/img002412.jpg,sunlamp,1,42564,3,23256,-0.220044,0.540108,-0.5001,0.640128,60.8369
sunlamp/images/img002414.jpg,sunlamp,0,74272,0,06772,0.856767,-0.508706,-0.026774,-0.0803219,110.121
sunlamp/images/img002415.jpg,sunlamp,2,55641,2,02535,-0.392598,-0.254034,0.739008,-0.484974,160.513
sunlamp/images/img002416.jpg,sunlamp,0,22233,0,62276,0.608779,-0.513657,0.589754,0.13317,77.3354
sunlamp/images/img002417.jpg,sunlamp,1,41546,1,43774,-0.0842816,0.899004,-0.0842816,0.421408,67.2271
sunlamp/images/img002418.jpg,sunlamp,3,70331,3,07331,-0.028183,-0.084549,-0.422745,0.901856,89.2931
sunlamp/images/img002420.jpg,sunlamp,0,21272,0,72052,0.844742,0.131991,0.501565,0.131991,101.286
sunlamp/images/img002421.jpg,sunlamp,2,70300,2,34700,0.2561,0.2561,0.910577,-0.199189,29.3204
sunlamp/images/img002422.jpg,sunlamp,3,22727,1,23524,-0.158316,0.72373,0.474948,-0.474948,178.416
sunlamp/images/img002423.jpg,sunlamp,2,55234,2,02755,-0.418384,-0.172276,0.787547,-0.418384,150.096
sunlamp/images/img002425.jpg,sunlamp,3,34443,3,06376,-0.496065,-0.0261087,-0.234978,0.835478,74.5046
sunlamp/images/img002431.jpg,sunlamp,0,56641,3,07776,-0.0932505,-0.0310835,-0.0310835,0.994672,107.821
sunlamp/images/img002432.jpg,sunlamp,1,61150,1,07777,-0.0312043,0.998538,-0.0312043,-0.0312043,25.9466
sunlamp/images/img002434.jpg,sunlamp,1,71343,2,37024,0.387667,0.478883,0.729727,-0.296452,86.2056
sunlamp/images/img002435.jpg,sunlamp,0,04575,3,05257,-0.223125,-0.520626,-0.223125,0.793334,160.311
sunlamp/images/img002444.jpg,sunlamp,3,44225,3,45730,-0.0667657,-0.422849,0.55638,0.712167,60.7474
sunlamp/images/img002447.jpg,sunlamp,2,52422,2,52613,0.203864,-0.145617,0.931951,0.262111,23.5608
sunlamp/images/img002454.jpg,sunlamp,1,71650,1,70741,0.294514,0.856767,0.240966,0.348062,27.7284
sunlamp/images/img002458.jpg,sunlamp,0,21465,3,61453,-0.251263,0.0837545,0.362936,0.893381,108.765
sunlamp/images/img002459.jpg,sunlamp,3,14366,3,14743,0.275431,-0.525822,-0.0751175,0.801253,23.8293
sunlamp/images/img002464.jpg,sunlamp,0,47026,0,46277,0.685522,-0.535564,-0.0214226,0.492719,31.9691
sunlamp/images/img002472.jpg,sunlamp,3,62702,3,36641,0.0734773,0.612311,-0.0734773,0.783758,72.26
sunlamp/images/img002475.jpg,sunlamp,2,56304,3,07744,-0.208885,-0.208885,-0.0298408,0.954905,127.864
sunlamp/images/img002477.jpg,sunlamp,2,50206,2,52214,0.150278,-0.21039,0.961781,0.090167,45.6468
sunlamp/images/img002478.jpg,sunlamp,2,25034,2,24512,-0.500173,0.0789747,0.842397,-0.184274,31.9138
sunlamp/images/img002480.jpg,sunlamp,0,25052,0,07723,0.965275,-0.150824,-0.0301648,-0.211154,23.8586
sunlamp/images/img002481.jpg,sunlamp,1,04512,2,53323,0.644503,-0.0238705,0.763856,0.0238705,84.6514
sunlamp/images/img002482.jpg,sunlamp,2,36065,2,07730,-0.0908257,-0.0908257,0.968808,-0.211927,78.47
sunlamp/images/img002485.jpg,sunlamp,3,04706,3,06551,-0.432219,-0.38137,-0.0762739,0.813589,17.2172
sunlamp/images/img002486.jpg,sunlamp,0,52235,2,52244,0.0298408,-0.208885,0.954905,0.208885,172.022
sunlamp/images/img002487.jpg,sunlamp,1,04312,3,07764,-0.212708,-0.0911606,-0.0303869,0.972379,144.48
sunlamp/images/img002488.jpg,sunlamp,1,66361,1,06735,-0.463196,0.871899,-0.0817405,-0.136234,104.51
sunlamp/images/img002491.jpg,sunlamp,1,36075,1,27550,-0.0822304,0.877124,0.465972,-0.0822304,37.0726
sunlamp/images/img002493.jpg,sunlamp,3,31402,3,41101,-0.111497,-0.691283,0.0222994,0.713582,127.692
sunlamp/images/img002496.jpg,sunlamp,2,17120,1,30570,0.327154,0.805302,0.125828,-0.478148,151.331
sunlamp/images/img002497.jpg,sunlamp,0,67137,2,70604,0.0285481,0.256933,0.91354,0.314029,102.806
sunlamp/images/img002498.jpg,sunlamp,1,14024,1,05767,-0.136641,0.8745,-0.464578,-0.0273281,43.7442
sunlamp/images/img002502.jpg,sunlamp,2,65133,2,05335,-0.0253592,-0.481824,0.811493,-0.329669,124.301
sunlamp/images/img002504.jpg,sunlamp,2,40301,2,34074,0.147122,0.147122,0.941584,-0.26482,117.239
sunlamp/images/img002508.jpg,sunlamp,2,32636,2,32464,0.0238705,0.50128,0.763856,-0.405798,20.8125
sunlamp/images/img002510.jpg,sunlamp,3,43164,3,07543,-0.142741,-0.371126,-0.0856444,0.91354,32.563
sunlamp/images/img002513.jpg,sunlamp,1,56063,1,47727,-0.118545,0.758686,-0.0237089,0.640141,32.2387
sunlamp/images/img002515.jpg,sunlamp,3,07550,3,03763,-0.133109,-0.0266217,-0.505813,0.851896,66.4628
sunlamp/images/img002524.jpg,sunlamp,3,43574,3,03343,-0.117753,-0.117753,-0.635866,0.753619,125.892
sunlamp/images/img002525.jpg,sunlamp,3,36545,3,02725,-0.479882,-0.0685546,-0.479882,0.73125,128.404
sunlamp/images/img002528.jpg,sunlamp,1,25305,1,30461,0.0796398,0.849491,0.132733,-0.504385,32.5798
sunlamp/images/img002529.jpg,sunlamp,1,27205,1,23461,-0.291053,0.716438,0.470162,-0.425385,18.6207
sunlamp/images/img002530.jpg,sunlamp,1,70006,1,05754,-0.0758825,0.809414,-0.581766,-0.0252942,86.5619
sunlamp/images/img002538.jpg,sunlamp,1,12633,3,03773,-0.0268511,-0.0268511,-0.510171,0.859235,117.542
sunlamp/images/img002540.jpg,sunlamp,0,55033,2,03674,-0.289574,-0.0789747,0.842397,-0.447523,71.9445
sunlamp/images/img002542.jpg,sunlamp,3,07772,3,07761,-0.153069,-0.0918415,-0.0918415,0.979643,7.47524
sunlamp/images/img002546.jpg,sunlamp,0,65537,0,07736,0.983336,-0.0921878,-0.0307293,-0.153646,100.809
sunlamp/images/img002548.jpg,sunlamp,2,17274,3,03773,-0.0268511,-0.0268511,-0.510171,0.859235,104.587
sunlamp/images/img002550.jpg,sunlamp,2,77031,1,70027,0.0908257,0.968808,0.211927,0.0908257,101.346
sunlamp/images/img002551.jpg,sunlamp,0,61461,3,61407,-0.357407,0.0824786,0.302422,0.879772,177.782
sunlamp/images/img002552.jpg,sunlamp,3,15644,3,34003,0.0842816,0.0842816,-0.421408,0.899004,96.9877
sunlamp/images/img002553.jpg,sunlamp,0,16206,0,07727,0.975991,-0.152499,-0.0304997,-0.152499,35.0636
sunlamp/images/img002555.jpg,sunlamp,3,77306,0,16561,0.896179,0.308062,-0.308062,-0.0840168,129.474
sunlamp/images/img002559.jpg,sunlamp,0,13072,0,43740,0.890609,-0.194821,-0.194821,0.36181,138.033
sunlamp/images/img002561.jpg,sunlamp,3,26151,0,34134,0.859235,0.349064,0.134255,-0.349064,119.438
sunlamp/images/img002562.jpg,sunlamp,2,06531,1,30564,0.238919,0.849491,0.132733,-0.451292,160.654
sunlamp/images/img002563.jpg,sunlamp,1,05573,1,14622,0.0270864,0.866766,-0.46047,-0.189605,26.2374
sunlamp/images/img002566.jpg,sunlamp,1,70032,1,25714,-0.0888913,0.948174,0.266674,-0.148152,33.2917
sunlamp/images/img002569.jpg,sunlamp,1,07326,2,05762,-0.189051,-0.459124,0.864234,-0.0810219,135.042
sunlamp/images/img002577.jpg,sunlamp,0,14305,0,07055,0.851896,-0.239596,-0.399326,-0.239596,61.7322
sunlamp/images/img002579.jpg,sunlamp,0,05731,3,05323,-0.126471,-0.430001,-0.379413,0.809414,172.787
sunlamp/images/img002581.jpg,sunlamp,3,70537,0,52125,0.896179,0.308062,-0.308062,0.0840168,133.03
sunlamp/images/img002584.jpg,sunlamp,3,26477,3,22554,-0.428838,0.383697,-0.383697,0.722254,44.7684
sunlamp/images/img002587.jpg,sunlamp,3,61467,3,61407,-0.357407,0.0824786,0.302422,0.879772,17.9772
sunlamp/images/img002589.jpg,sunlamp,1,25313,1,25123,-0.137464,0.879772,0.19245,-0.412393,18.063
sunlamp/images/img002592.jpg,sunlamp,0,36115,2,32444,0.0249766,0.424602,0.799251,-0.424602,99.8826
sunlamp/images/img002593.jpg,sunlamp,1,23703,3,34044,0.0300557,0.0300557,-0.270501,0.961781,108.826
sunlamp/images/img002596.jpg,sunlamp,0,67524,3,61655,-0.239596,0.239596,0.399326,0.851896,123.155
sunlamp/images/img002597.jpg,sunlamp,0,03213,3,53224,0.465972,-0.0822304,0.0822304,0.877124,148.248
sunlamp/images/img002598.jpg,sunlamp,0,40031,2,01346,-0.151354,-0.454061,0.691902,-0.540548,149.361
sunlamp/images/img002599.jpg,sunlamp,0,50625,1,03554,-0.0762739,0.813589,-0.38137,-0.432219,171.295
sunlamp/images/img002600.jpg,sunlamp,2,24560,2,21474,-0.287982,0.130901,0.837765,-0.445063,52.9221
sunlamp/images/img002602.jpg,sunlamp,3,42330,3,06725,-0.542398,-0.0774855,-0.129142,0.826512,21.0565
sunlamp/images/img002606.jpg,sunlamp,3,21451,0,32442,0.765603,0.0239251,0.454577,-0.454577,73.9993
sunlamp/images/img002612.jpg,sunlamp,0,27557,3,05276,-0.282609,-0.43676,-0.231226,0.822136,139.128
sunlamp/images/img002613.jpg,sunlamp,3,61207,3,70022,0.0304997,0.213498,0.0304997,0.975991,49.3917
sunlamp/images/img002623.jpg,sunlamp,2,61756,2,34635,0.196657,0.36522,0.899004,-0.140469,72.8044
sunlamp/images/img002630.jpg,sunlamp,3,70425,3,70066,0.0298408,0.208885,0.208885,0.954905,14.0176
sunlamp/images/img002631.jpg,sunlamp,0,24165,0,07636,0.935129,-0.321451,-0.0292228,-0.146114,35.446
sunlamp/images/img002632.jpg,sunlamp,1,34532,1,30654,0.132733,0.849491,0.238919,-0.451292,42.0074
sunlamp/images/img002636.jpg,sunlamp,0,40706,2,07056,-0.294514,-0.348062,0.856767,-0.240966,120.658
sunlamp/images/img002641.jpg,sunlamp,2,63442,0,07345,0.931951,-0.145617,-0.203864,-0.262111,102.912
sunlamp/images/img002649.jpg,sunlamp,3,34544,3,56203,0.0817405,-0.136234,0.463196,0.871899,65.7397
sunlamp/images/img002652.jpg,sunlamp,3,47000,3,55202,0.37611,-0.464606,0.37611,0.707972,87.9321
sunlamp/images/img002655.jpg,sunlamp,0,05355,3,05775,-0.0268511,-0.510171,-0.0268511,0.859235,158.652
sunlamp/images/img002656.jpg,sunlamp,1,56162,3,07707,-0.150824,-0.150824,-0.150824,0.965275,136.028
sunlamp/images/img002668.jpg,sunlamp,0,23577,0,34234,0.859235,0.134255,0.349064,-0.349064,30.2159
sunlamp/images/img002669.jpg,sunlamp,2,06174,2,16707,0.318206,-0.144639,0.925691,-0.144639,96.341
sunlamp/images/img002670.jpg,sunlamp,3,00234,2,03226,-0.328031,-0.0218687,0.699798,-0.634192,110.216
sunlamp/images/img002673.jpg,sunlamp,2,34521,2,34524,0.26482,0.147122,0.941584,-0.147122,8.68561
sunlamp/images/img002674.jpg,sunlamp,2,52542,2,50175,0.333169,-0.599704,0.71076,0.155479,41.5059
sunlamp/images/img002675.jpg,sunlamp,2,45262,2,41626,-0.368271,-0.417374,0.785646,0.270066,26.7742
sunlamp/images/img002676.jpg,sunlamp,1,61365,2,61135,-0.0307293,0.153646,0.983336,0.0921878,116.608
sunlamp/images/img002678.jpg,sunlamp,1,52642,1,52242,0.0304997,0.975991,-0.152499,0.152499,23.7742
sunlamp/images/img002681.jpg,sunlamp,0,12344,0,43331,0.994672,-0.0310835,-0.0932505,0.0310835,82.8909
sunlamp/images/img002685.jpg,sunlamp,3,55231,3,51721,0.576297,-0.405542,0.192099,0.683019,19.6932
sunlamp/images/img002686.jpg,sunlamp,0,34563,0,35445,0.859235,0.510171,0.0268511,-0.0268511,31.8541
sunlamp/images/img002687.jpg,sunlamp,1,60142,0,07330,0.899004,-0.0842816,-0.0842816,-0.421408,97.7892
sunlamp/images/img002688.jpg,sunlamp,2,45352,2,07545,-0.140028,-0.420084,0.896179,-0.0280056,64.9264
sunlamp/images/img002689.jpg,sunlamp,3,77107,3,72001,0.0824786,0.467379,0.0274929,0.879772,73.9572
sunlamp/images/img002691.jpg,sunlamp,1,20144,3,41272,-0.287982,-0.445063,0.130901,0.837765,102.634
sunlamp/images/img002692.jpg,sunlamp,3,23413,0,52471,0.866766,0.189605,-0.297951,0.352124,144.377
sunlamp/images/img002695.jpg,sunlamp,1,34435,1,34017,0.197911,0.904735,0.0848189,-0.367549,28.1724
sunlamp/images/img002698.jpg,sunlamp,0,21260,0,32554,0.760398,0.308911,0.403961,-0.403961,77.7343
sunlamp/images/img002702.jpg,sunlamp,2,02320,3,03524,-0.173117,-0.272041,-0.51935,0.791391,86.0973
sunlamp/images/img002704.jpg,sunlamp,2,53361,1,13574,0.608005,0.670902,-0.230623,-0.356417,164.741
sunlamp/images/img002705.jpg,sunlamp,1,14706,1,14672,0.136234,0.871899,-0.463196,-0.0817405,15.234
sunlamp/images/img002706.jpg,sunlamp,2,46576,1,05671,-0.23434,0.833209,-0.494718,-0.0781133,128.733
sunlamp/images/img002707.jpg,sunlamp,0,61133,3,53323,0.644503,-0.0238705,0.0238705,0.763856,94.5673
sunlamp/images/img002712.jpg,sunlamp,3,43104,3,31722,0.509992,0.305995,-0.469192,0.652789,146.241
sunlamp/images/img002716.jpg,sunlamp,3,25067,3,07343,-0.144639,-0.144639,-0.318206,0.925691,45.8654
sunlamp/images/img002717.jpg,sunlamp,1,16466,2,52214,0.150278,-0.21039,0.961781,0.090167,128.515
sunlamp/images/img002718.jpg,sunlamp,1,32541,2,53225,0.507253,-0.0800926,0.854321,0.0800926,134.803
sunlamp/images/img002719.jpg,sunlamp,2,30704,0,30655,0.842397,0.184274,0.236924,-0.447523,101.379
sunlamp/images/img002720.jpg,sunlamp,0,47161,3,52013,0.198547,-0.368729,0.0283638,0.907642,96.9571
sunlamp/images/img002721.jpg,sunlamp,2,25057,2,05552,-0.0691347,-0.668302,0.737437,-0.0691347,94.7508
sunlamp/images/img002722.jpg,sunlamp,1,16111,2,21574,-0.0817405,0.136234,0.871899,-0.463196,170.347
sunlamp/images/img002724.jpg,sunlamp,0,56404,3,16453,0.197911,-0.367549,-0.0848189,0.904735,90.309
sunlamp/images/img002725.jpg,sunlamp,1,07477,2,16614,0.149204,-0.208885,0.954905,-0.149204,121.409
sunlamp/images/img002732.jpg,sunlamp,1,52640,1,43705,-0.143208,0.916533,-0.200492,0.315058,22.2849
sunlamp/images/img002733.jpg,sunlamp,3,56430,3,52057,0.194821,-0.36181,0.194821,0.890609,51.1871
sunlamp/images/img002736.jpg,sunlamp,2,30524,2,03550,-0.0745586,-0.372793,0.795292,-0.472205,69.3615
sunlamp/images/img002737.jpg,sunlamp,2,12001,3,03336,-0.069282,-0.023094,-0.669726,0.739008,40.2113
sunlamp/images/img002739.jpg,sunlamp,2,74016,2,52523,0.304267,-0.248946,0.88514,0.248946,50.8844
sunlamp/images/img002740.jpg,sunlamp,1,20023,3,05275,-0.228822,-0.483068,-0.228822,0.813589,96.5042
sunlamp/images/img002741.jpg,sunlamp,0,11743,3,13037,0.462317,-0.180907,-0.582922,0.643224,157.191
sunlamp/images/img002743.jpg,sunlamp,0,52503,0,52104,0.8745,0.245953,-0.409922,0.0819844,20.964
sunlamp/images/img002746.jpg,sunlamp,1,47243,1,71020,0.464578,0.8745,0.136641,0.0273281,117.093
sunlamp/images/img002749.jpg,sunlamp,1,14676,1,70052,0.151934,0.972379,0.0911606,0.151934,67.7562
sunlamp/images/img002750.jpg,sunlamp,2,05172,2,14274,0.129488,-0.492056,0.828726,-0.233079,29.0634
sunlamp/images/img002756.jpg,sunlamp,1,33451,1,53713,0.67793,0.699798,-0.109344,0.196818,92.7453
sunlamp/images/img002762.jpg,sunlamp,1,15626,1,50621,0.0781133,0.833209,-0.494718,0.23434,56.6761
sunlamp/images/img002765.jpg,sunlamp,2,71242,2,17037,0.541664,-0.211955,0.753619,-0.306158,78.8928
sunlamp/images/img002767.jpg,sunlamp,2,36502,2,34454,0.15423,0.030846,0.987072,-0.030846,59.6251
sunlamp/images/img002768.jpg,sunlamp,2,17346,2,51032,0.459243,-0.546718,0.699798,0.0218687,57.8152
sunlamp/images/img002769.jpg,sunlamp,3,27203,0,72134,0.789462,0.320719,0.518084,0.0740121,160.616
sunlamp/images/img002773.jpg,sunlamp,3,45203,1,07735,-0.0307293,0.983336,-0.0921878,-0.153646,104.604
sunlamp/images/img002774.jpg,sunlamp,1,64103,1,34357,0.393784,0.840072,0.288775,-0.23627,135.021
sunlamp/images/img002776.jpg,sunlamp,0,37067,0,30774,0.787547,0.319941,0.319941,-0.418384,35.4508
sunlamp/images/img002777.jpg,sunlamp,1,23600,2,40377,-0.418384,-0.418384,0.787547,0.172276,160.903
sunlamp/images/img002778.jpg,sunlamp,3,01277,0,32454,0.793334,0.123958,0.421459,-0.421459,83.6067
sunlamp/images/img002780.jpg,sunlamp,0,00772,0,07247,0.887862,-0.360694,-0.138728,-0.249711,38.6084
sunlamp/images/img002781.jpg,sunlamp,3,43735,3,53421,0.476942,-0.276124,0.22592,0.80327,62.1147
sunlamp/images/img002782.jpg,sunlamp,3,02755,3,34142,0.2561,0.0853666,-0.313011,0.910577,89.2417
sunlamp/images/img002783.jpg,sunlamp,1,52474,1,43720,-0.205262,0.93834,-0.0879694,0.263908,48.6496
sunlamp/images/img002787.jpg,sunlamp,0,07771,3,07723,-0.150824,-0.0301648,-0.211154,0.965275,154.76
sunlamp/images/img002788.jpg,sunlamp,1,41117,1,16654,0.150824,0.965275,-0.211154,-0.0301648,64.2112
