image_relpath,domain,anchor_gt,anchor_pred,err_deg
synthetic/images/img000014.jpg,synthetic_val,1541,1793,13.4062
synthetic/images/img000022.jpg,synthetic_val,2119,2119,8.93043
synthetic/images/img000026.jpg,synthetic_val,75,16,9.72608
synthetic/images/img000033.jpg,synthetic_val,337,685,29.2578
synthetic/images/img000088.jpg,synthetic_val,2027,2026,29.8604
synthetic/images/img000132.jpg,synthetic_val,1801,1609,35.5512
synthetic/images/img000139.jpg,synthetic_val,2481,2481,7.60822
synthetic/images/img000200.jpg,synthetic_val,2063,2063,5.07173
synthetic/images/img000209.jpg,synthetic_val,70,70,10.86
synthetic/images/img000228.jpg,synthetic_val,457,806,28.8133
synthetic/images/img000230.jpg,synthetic_val,1029,1436,28.3235
synthetic/images/img000282.jpg,synthetic_val,1618,1618,9.57071
synthetic/images/img000343.jpg,synthetic_val,3007,2912,17.9903
synthetic/images/img000344.jpg,synthetic_val,1249,1248,18.839
synthetic/images/img000435.jpg,synthetic_val,435,435,6.33395
synthetic/images/img000448.jpg,synthetic_val,2935,2683,18.5016
synthetic/images/img000462.jpg,synthetic_val,2646,2647,18.0949
synthetic/images/img000482.jpg,synthetic_val,2024,2180,10.196
synthetic/images/img000507.jpg,synthetic_val,2848,2882,28.8994
synthetic/images/img000523.jpg,synthetic_val,2017,2173,9.94866
synthetic/images/img000524.jpg,synthetic_val,118,144,20.2135
synthetic/images/img000533.jpg,synthetic_val,2058,2310,12.1796
synthetic/images/img000637.jpg,synthetic_val,1118,1221,167.229
synthetic/images/img000655.jpg,synthetic_val,2629,2526,91.2178
synthetic/images/img000669.jpg,synthetic_val,1925,1927,73.1557
synthetic/images/img000741.jpg,synthetic_val,251,336,24.2099
synthetic/images/img000753.jpg,synthetic_val,524,873,25.6817
synthetic/images/img000782.jpg,synthetic_val,1810,2063,27.1578
synthetic/images/img000857.jpg,synthetic_val,2936,2875,15.5356
synthetic/images/img000907.jpg,synthetic_val,1064,752,32.7191
synthetic/images/img000915.jpg,synthetic_val,152,404,11.716
synthetic/images/img000990.jpg,synthetic_val,582,174,26.5815
synthetic/images/img000991.jpg,synthetic_val,2866,2900,28.3726
synthetic/images/img001002.jpg,synthetic_val,2709,2900,24.9053
synthetic/images/img001047.jpg,synthetic_val,696,948,19.9209
synthetic/images/img001069.jpg,synthetic_val,863,707,11.61
synthetic/images/img001193.jpg,synthetic_val,1365,1359,177.827
synthetic/images/img001244.jpg,synthetic_val,1119,1275,8.44543
synthetic/images/img001262.jpg,synthetic_val,2478,2382,16.0091
synthetic/images/img001290.jpg,synthetic_val,2843,2782,14.6983
synthetic/images/img001291.jpg,synthetic_val,177,174,97.9087
synthetic/images/img001292.jpg,synthetic_val,845,1252,28.2904
synthetic/images/img001322.jpg,synthetic_val,951,698,19.3083
synthetic/images/img001362.jpg,synthetic_val,2696,2696,11.9987
synthetic/images/img001371.jpg,synthetic_val,56,211,20.6318
synthetic/images/img001443.jpg,synthetic_val,1998,2250,13.6096
synthetic/images/img001487.jpg,synthetic_val,2323,1915,19.6555
synthetic/images/img001513.jpg,synthetic_val,779,682,21.8078
synthetic/images/img001522.jpg,synthetic_val,1144,1300,14.9545
synthetic/images/img001552.jpg,synthetic_val,1988,661,154.931
synthetic/images/img001554.jpg,synthetic_val,198,546,36.2136
synthetic/images/img001564.jpg,synthetic_val,54,151,9.35941
synthetic/images/img001567.jpg,synthetic_val,1239,1498,154.857
synthetic/images/img001588.jpg,synthetic_val,840,1093,19.677
synthetic/images/img001589.jpg,synthetic_val,349,853,24.591
synthetic/images/img001621.jpg,synthetic_val,2648,2804,18.234
synthetic/images/img001664.jpg,synthetic_val,1903,2310,26.1914
synthetic/images/img001665.jpg,synthetic_val,1436,1688,16.2813
synthetic/images/img001692.jpg,synthetic_val,1139,886,31.7267
synthetic/images/img001733.jpg,synthetic_val,850,694,13.7007
synthetic/images/img001747.jpg,synthetic_val,1218,1470,14.3277
synthetic/images/img001785.jpg,synthetic_val,769,772,97.3639
synthetic/images/img001786.jpg,synthetic_val,2340,2592,17.8524
synthetic/images/img001848.jpg,synthetic_val,2059,2210,161.343
synthetic/images/img001891.jpg,synthetic_val,319,475,14.018
synthetic/images/img001935.jpg,synthetic_val,2206,2050,8.07345
synthetic/images/img001937.jpg,synthetic_val,1589,1589,5.56332
synthetic/images/img001953.jpg,synthetic_val,422,422,7.57633
synthetic/images/img002019.jpg,synthetic_val,1586,1688,169.876
synthetic/images/img002040.jpg,synthetic_val,2810,2967,13.7372
synthetic/images/img002111.jpg,synthetic_val,1965,1964,18.8501
synthetic/images/img002128.jpg,synthetic_val,900,648,12.0817
synthetic/images/img002184.jpg,synthetic_val,2174,2018,14.1628
synthetic/images/img002210.jpg,synthetic_val,1144,1300,18.227
synthetic/images/img002261.jpg,synthetic_val,87,49,10.662
synthetic/images/img002317.jpg,synthetic_val,81,102,21.6721
synthetic/images/img002513.jpg,synthetic_val,2785,2976,13.703
synthetic/images/img002526.jpg,synthetic_val,2039,1787,18.7542
synthetic/images/img002546.jpg,synthetic_val,415,667,11.9669
synthetic/images/img002607.jpg,synthetic_val,473,473,8.8161
synthetic/images/img002637.jpg,synthetic_val,1295,1139,15.9461
synthetic/images/img002681.jpg,synthetic_val,2375,2366,81.3372
synthetic/images/img002702.jpg,synthetic_val,1889,2045,16.3291
synthetic/images/img002708.jpg,synthetic_val,789,537,12.9485
synthetic/images/img002744.jpg,synthetic_val,1482,1482,9.11381
synthetic/images/img002756.jpg,synthetic_val,502,502,5.62945
synthetic/images/img002786.jpg,synthetic_val,1255,2070,36.0264
synthetic/images/img002790.jpg,synthetic_val,584,484,102.822
synthetic/images/img002914.jpg,synthetic_val,237,698,178.852
synthetic/images/img003032.jpg,synthetic_val,1486,1486,7.98266
synthetic/images/img003033.jpg,synthetic_val,1810,1966,20.0859
synthetic/images/img003084.jpg,synthetic_val,676,676,5.15121
synthetic/images/img003123.jpg,synthetic_val,1394,1654,130.73
synthetic/images/img003138.jpg,synthetic_val,461,772,36.7071
synthetic/images/img003139.jpg,synthetic_val,1254,1255,27.0927
synthetic/images/img003170.jpg,synthetic_val,2563,2155,18.4682
synthetic/images/img003285.jpg,synthetic_val,1038,1135,27.4806
synthetic/images/img003304.jpg,synthetic_val,1091,1091,13.568
synthetic/images/img003328.jpg,synthetic_val,2657,2562,15.7276
synthetic/images/img003377.jpg,synthetic_val,1258,851,26.3723
synthetic/images/img003378.jpg,synthetic_val,277,685,26.1995
synthetic/images/img003401.jpg,synthetic_val,180,659,28.4594
synthetic/images/img003584.jpg,synthetic_val,145,301,12.4062
synthetic/images/img003639.jpg,synthetic_val,2359,2107,8.08296
synthetic/images/img003649.jpg,synthetic_val,247,499,17.3977
synthetic/images/img003707.jpg,synthetic_val,409,157,17.8253
synthetic/images/img003736.jpg,synthetic_val,1162,1161,25.9584
synthetic/images/img003783.jpg,synthetic_val,371,1787,62.3989
synthetic/images/img003795.jpg,synthetic_val,2705,2861,22.2578
synthetic/images/img003805.jpg,synthetic_val,43,102,12.49
synthetic/images/img003830.jpg,synthetic_val,830,830,10.3905
synthetic/images/img003864.jpg,synthetic_val,3012,2760,18.3799
synthetic/images/img003870.jpg,synthetic_val,797,389,12.259
synthetic/images/img003877.jpg,synthetic_val,1027,716,22.7173
synthetic/images/img003878.jpg,synthetic_val,533,533,10.0999
synthetic/images/img003880.jpg,synthetic_val,2593,2341,13.48
synthetic/images/img003901.jpg,synthetic_val,448,548,106.007
synthetic/images/img003987.jpg,synthetic_val,1695,1287,17.9658
synthetic/images/img004110.jpg,synthetic_val,688,532,11.0647
synthetic/images/img004258.jpg,synthetic_val,1976,1976,5.59515
synthetic/images/img004429.jpg,synthetic_val,387,38,25.1407
synthetic/images/img004489.jpg,synthetic_val,1119,963,19.0578
synthetic/images/img004509.jpg,synthetic_val,2849,3032,30.7888
synthetic/images/img004586.jpg,synthetic_val,419,1079,24.3337
synthetic/images/img004672.jpg,synthetic_val,2411,2411,8.82185
synthetic/images/img004684.jpg,synthetic_val,803,803,6.46307
synthetic/images/img004686.jpg,synthetic_val,2303,2147,16.0223
synthetic/images/img004707.jpg,synthetic_val,1519,1519,10.6292
synthetic/images/img004738.jpg,synthetic_val,1853,1807,178.505
synthetic/images/img004784.jpg,synthetic_val,1101,1096,150.222
synthetic/images/img004815.jpg,synthetic_val,375,939,26.4334
synthetic/images/img004848.jpg,synthetic_val,948,636,25.0692
synthetic/images/img005045.jpg,synthetic_val,458,711,28.5063
synthetic/images/img005049.jpg,synthetic_val,2130,2382,17.1765
synthetic/images/img005080.jpg,synthetic_val,840,1344,29.6181
synthetic/images/img005103.jpg,synthetic_val,690,341,19.6227
synthetic/images/img005113.jpg,synthetic_val,2306,1898,12.7573
synthetic/images/img005155.jpg,synthetic_val,2269,2772,21.8431
synthetic/images/img005184.jpg,synthetic_val,375,879,21.9498
synthetic/images/img005334.jpg,synthetic_val,2627,2566,21.3059
synthetic/images/img005335.jpg,synthetic_val,934,1186,16.7487
synthetic/images/img005381.jpg,synthetic_val,1946,1190,37.8588
synthetic/images/img005452.jpg,synthetic_val,468,791,17.0047
synthetic/images/img005483.jpg,synthetic_val,2100,2609,166.405
synthetic/images/img005528.jpg,synthetic_val,701,1050,21.9602
synthetic/images/img005529.jpg,synthetic_val,1179,927,15.3369
synthetic/images/img005542.jpg,synthetic_val,2913,2661,13.3139
synthetic/images/img005617.jpg,synthetic_val,861,453,13.328
synthetic/images/img005646.jpg,synthetic_val,940,940,7.39602
synthetic/images/img005668.jpg,synthetic_val,837,831,172.047
synthetic/images/img005800.jpg,synthetic_val,2083,2239,12.729
synthetic/images/img005805.jpg,synthetic_val,815,971,12.5003
synthetic/images/img005828.jpg,synthetic_val,2267,2160,25.3373
synthetic/images/img005871.jpg,synthetic_val,361,361,9.33619
synthetic/images/img005967.jpg,synthetic_val,3028,2994,10.4813
synthetic/images/img006003.jpg,synthetic_val,2938,2843,14.1826
synthetic/images/img006099.jpg,synthetic_val,659,588,17.2692
synthetic/images/img006184.jpg,synthetic_val,1702,1287,144.308
synthetic/images/img006210.jpg,synthetic_val,1535,1187,36.4745
synthetic/images/img006221.jpg,synthetic_val,1417,1328,153.581
synthetic/images/img006421.jpg,synthetic_val,2861,2861,7.38558
synthetic/images/img006587.jpg,synthetic_val,1458,1662,173.918
synthetic/images/img006641.jpg,synthetic_val,1031,682,29.524
synthetic/images/img006682.jpg,synthetic_val,3062,3062,11.6257
synthetic/images/img006689.jpg,synthetic_val,3008,2912,13.3254
synthetic/images/img006716.jpg,synthetic_val,590,842,17.0045
synthetic/images/img006781.jpg,synthetic_val,2077,1824,27.4561
synthetic/images/img006795.jpg,synthetic_val,269,425,15.3111
synthetic/images/img006865.jpg,synthetic_val,1527,1941,178.109
synthetic/images/img006877.jpg,synthetic_val,1283,1116,19.9656
synthetic/images/img006926.jpg,synthetic_val,9,30,14.3059
synthetic/images/img006943.jpg,synthetic_val,2814,2814,8.66005
synthetic/images/img006945.jpg,synthetic_val,289,697,18.0287
synthetic/images/img006959.jpg,synthetic_val,2484,2328,11.8008
synthetic/images/img007056.jpg,synthetic_val,3039,2882,22.357
synthetic/images/img007093.jpg,synthetic_val,785,474,18.737
synthetic/images/img007102.jpg,synthetic_val,1682,1529,83.5517
synthetic/images/img007118.jpg,synthetic_val,2209,2209,13.7605
synthetic/images/img007134.jpg,synthetic_val,2592,2844,21.2446
synthetic/images/img007190.jpg,synthetic_val,722,878,11.6124
synthetic/images/img007200.jpg,synthetic_val,1817,1661,11.3082
synthetic/images/img007226.jpg,synthetic_val,2329,2492,166.694
synthetic/images/img007259.jpg,synthetic_val,1880,1426,172.401
synthetic/images/img007277.jpg,synthetic_val,1219,1219,8.69849
synthetic/images/img007304.jpg,synthetic_val,2102,1190,34.7891
synthetic/images/img007368.jpg,synthetic_val,1333,1333,10.5252
synthetic/images/img007375.jpg,synthetic_val,375,85,29.6877
synthetic/images/img007457.jpg,synthetic_val,2226,1817,28.7678
synthetic/images/img007647.jpg,synthetic_val,2611,2605,178.976
synthetic/images/img007698.jpg,synthetic_val,909,501,17.5609
synthetic/images/img007753.jpg,synthetic_val,2071,2071,10.4141
synthetic/images/img007805.jpg,synthetic_val,813,1221,21.1429
synthetic/images/img007914.jpg,synthetic_val,763,355,23.2526
synthetic/images/img007917.jpg,synthetic_val,311,370,14.6232
synthetic/images/img007921.jpg,synthetic_val,2606,2363,91.09
synthetic/images/img007928.jpg,synthetic_val,1524,1368,19.8385
synthetic/images/img007932.jpg,synthetic_val,1593,1790,167.611
synthetic/images/img007937.jpg,synthetic_val,1361,857,21.5948
synthetic/images/img007966.jpg,synthetic_val,2610,2766,11.2981
synthetic/images/img007975.jpg,synthetic_val,1175,1175,9.71808
synthetic/images/img008000.jpg,synthetic_val,2289,2289,11.3697
synthetic/images/img008053.jpg,synthetic_val,34,211,30.0058
synthetic/images/img008078.jpg,synthetic_val,2343,2758,148.718
synthetic/images/img008083.jpg,synthetic_val,1886,2138,13.0144
synthetic/images/img008181.jpg,synthetic_val,1278,1684,51.1952
synthetic/images/img008191.jpg,synthetic_val,2700,2448,12.4803
synthetic/images/img008253.jpg,synthetic_val,1471,1718,145.567
synthetic/images/img008398.jpg,synthetic_val,1891,1430,174.023
synthetic/images/img008493.jpg,synthetic_val,33,33,4.10513
synthetic/images/img008515.jpg,synthetic_val,591,591,3.07612
synthetic/images/img008562.jpg,synthetic_val,2394,2489,16.6106
synthetic/images/img008609.jpg,synthetic_val,1148,1148,5.42873
synthetic/images/img008715.jpg,synthetic_val,590,338,13.101
synthetic/images/img008747.jpg,synthetic_val,2451,2451,8.83293
synthetic/images/img008812.jpg,synthetic_val,2071,1915,8.76276
synthetic/images/img008856.jpg,synthetic_val,2822,2727,25.1257
synthetic/images/img008863.jpg,synthetic_val,349,853,23.5407
synthetic/images/img008866.jpg,synthetic_val,3028,3055,11.1731
synthetic/images/img008868.jpg,synthetic_val,2376,2376,7.31748
synthetic/images/img008947.jpg,synthetic_val,123,123,4.90482
synthetic/images/img008965.jpg,synthetic_val,424,483,14.9656
synthetic/images/img008968.jpg,synthetic_val,86,182,14.9329
synthetic/images/img008999.jpg,synthetic_val,132,132,6.22526
synthetic/images/img009018.jpg,synthetic_val,3068,3068,8.24678
synthetic/images/img009103.jpg,synthetic_val,1000,1000,5.53955
synthetic/images/img009175.jpg,synthetic_val,157,539,41.0956
synthetic/images/img009184.jpg,synthetic_val,1384,1636,14.4906
synthetic/images/img009259.jpg,synthetic_val,2571,2667,13.5849
synthetic/images/img009270.jpg,synthetic_val,448,548,108.214
synthetic/images/img009280.jpg,synthetic_val,189,286,16.0217
synthetic/images/img009318.jpg,synthetic_val,2280,2124,17.7039
synthetic/images/img009384.jpg,synthetic_val,2019,2176,18.2289
synthetic/images/img009414.jpg,synthetic_val,354,198,11.6724
synthetic/images/img009443.jpg,synthetic_val,987,1244,149.919
synthetic/images/img009640.jpg,synthetic_val,522,678,11.5845
synthetic/images/img009666.jpg,synthetic_val,2063,2063,8.18312
synthetic/images/img009693.jpg,synthetic_val,1523,1465,167.679
synthetic/images/img009720.jpg,synthetic_val,1579,1831,9.10366
synthetic/images/img009801.jpg,synthetic_val,2338,2179,93.65
synthetic/images/img009880.jpg,synthetic_val,1897,1645,8.65331
synthetic/images/img009887.jpg,synthetic_val,2135,2280,28.9435
synthetic/images/img009916.jpg,synthetic_val,331,272,17.93
synthetic/images/img009933.jpg,synthetic_val,924,768,12.5365
synthetic/images/img009943.jpg,synthetic_val,1485,1329,11.2933
synthetic/images/img010030.jpg,synthetic_val,1995,927,38.5143
synthetic/images/img010063.jpg,synthetic_val,161,102,14.6247
synthetic/images/img010079.jpg,synthetic_val,2710,2649,18.5452
synthetic/images/img010088.jpg,synthetic_val,2436,2341,16.7248
synthetic/images/img010124.jpg,synthetic_val,561,969,22.2696
synthetic/images/img010133.jpg,synthetic_val,2689,2533,9.93917
synthetic/images/img010151.jpg,synthetic_val,1807,1807,9.14864
synthetic/images/img010177.jpg,synthetic_val,2435,2371,98.8944
synthetic/images/img010220.jpg,synthetic_val,1647,1654,141.721
synthetic/images/img010238.jpg,synthetic_val,2118,2526,24.6628
synthetic/images/img010321.jpg,synthetic_val,504,575,17.6342
synthetic/images/img010413.jpg,synthetic_val,2666,2163,24.0852
synthetic/images/img010451.jpg,synthetic_val,2593,2490,98.0488
synthetic/images/img010453.jpg,synthetic_val,1480,1732,10.0554
synthetic/images/img010478.jpg,synthetic_val,2985,3000,23.2543
synthetic/images/img010504.jpg,synthetic_val,963,1221,175.261
synthetic/images/img010547.jpg,synthetic_val,946,538,21.6371
synthetic/images/img010583.jpg,synthetic_val,1222,1222,6.53615
synthetic/images/img010589.jpg,synthetic_val,2015,2423,22.5371
synthetic/images/img010628.jpg,synthetic_val,2381,2629,106.588
synthetic/images/img010644.jpg,synthetic_val,746,843,18.6201
synthetic/images/img010697.jpg,synthetic_val,403,151,16.7613
synthetic/images/img010700.jpg,synthetic_val,2980,2946,25.9123
synthetic/images/img010701.jpg,synthetic_val,2510,2163,23.2586
synthetic/images/img010723.jpg,synthetic_val,2256,2005,16.6158
synthetic/images/img010791.jpg,synthetic_val,2858,2858,4.05465
synthetic/images/img010813.jpg,synthetic_val,2023,2023,6.02402
synthetic/images/img010897.jpg,synthetic_val,221,65,13.5123
synthetic/images/img010934.jpg,synthetic_val,2318,2324,170.01
synthetic/images/img010974.jpg,synthetic_val,946,1198,10.4062
synthetic/images/img011010.jpg,synthetic_val,273,525,19.6745
synthetic/images/img011172.jpg,synthetic_val,1419,1419,14.8875
synthetic/images/img011177.jpg,synthetic_val,1462,958,20.9493
synthetic/images/img011247.jpg,synthetic_val,3022,3030,30.7586
synthetic/images/img011311.jpg,synthetic_val,3026,2774,16.5078
synthetic/images/img011323.jpg,synthetic_val,2083,1925,49.3828
synthetic/images/img011339.jpg,synthetic_val,127,68,9.67752
synthetic/images/img011342.jpg,synthetic_val,425,422,81.0902
synthetic/images/img011364.jpg,synthetic_val,2245,2653,20.9506
synthetic/images/img011368.jpg,synthetic_val,2967,2872,18.4186
synthetic/images/img011395.jpg,synthetic_val,2917,2726,21.9553
synthetic/images/img011490.jpg,synthetic_val,2901,2649,14.3855
synthetic/images/img011513.jpg,synthetic_val,724,665,22.8144
synthetic/images/img011565.jpg,synthetic_val,2015,1859,15.2581
synthetic/images/img011611.jpg,synthetic_val,1327,1328,17.9135
synthetic/images/img011612.jpg,synthetic_val,790,1198,19.547
synthetic/images/img011614.jpg,synthetic_val,2740,2992,11.2068
synthetic/images/img011683.jpg,synthetic_val,3053,3053,13.5114
synthetic/images/img011853.jpg,synthetic_val,581,678,18.4823
synthetic/images/img011894.jpg,synthetic_val,1320,1068,11.512
synthetic/images/img011957.jpg,synthetic_val,354,606,12.4025
synthetic/images/img011966.jpg,synthetic_val,1742,1748,177.851
synthetic/images/img011990.jpg,synthetic_val,362,362,6.87235
synthetic/images/img012043.jpg,synthetic_val,2127,2480,172.339
synthetic/images/img012076.jpg,synthetic_val,995,1697,169.841
synthetic/images/img012085.jpg,synthetic_val,2817,2912,19.6364
synthetic/images/img012124.jpg,synthetic_val,989,988,20.945
synthetic/images/img012300.jpg,synthetic_val,2694,2599,13.7151
synthetic/images/img012407.jpg,synthetic_val,1603,2262,28.8338
synthetic/images/img012415.jpg,synthetic_val,280,532,24.4389
synthetic/images/img012425.jpg,synthetic_val,2208,2460,9.95691
synthetic/images/img012434.jpg,synthetic_val,371,467,16.5319
synthetic/images/img012461.jpg,synthetic_val,1693,1698,142.712
synthetic/images/img012476.jpg,synthetic_val,107,36,16.5622
synthetic/images/img012509.jpg,synthetic_val,1402,1399,99.1966
synthetic/images/img012532.jpg,synthetic_val,1128,721,26.746
synthetic/images/img012620.jpg,synthetic_val,586,430,15.1859
synthetic/images/img012662.jpg,synthetic_val,2414,2822,17.7473
synthetic/images/img012670.jpg,synthetic_val,2609,2704,12.7057
synthetic/images/img012676.jpg,synthetic_val,1148,890,167.779
synthetic/images/img012733.jpg,synthetic_val,608,764,15.09
synthetic/images/img012758.jpg,synthetic_val,1373,1372,24.4255
synthetic/images/img012817.jpg,synthetic_val,2238,2395,29.4067
synthetic/images/img012842.jpg,synthetic_val,102,102,8.03674
synthetic/images/img012919.jpg,synthetic_val,1171,1423,12.9298
synthetic/images/img012954.jpg,synthetic_val,2789,2629,103.557
synthetic/images/img013020.jpg,synthetic_val,1007,1823,29.3765
synthetic/images/img013044.jpg,synthetic_val,1181,1085,14.4737
synthetic/images/img013062.jpg,synthetic_val,1419,2989,91.5142
synthetic/images/img013143.jpg,synthetic_val,215,144,16.7882
synthetic/images/img013152.jpg,synthetic_val,1418,1419,29.59
synthetic/images/img013197.jpg,synthetic_val,1065,502,23.376
synthetic/images/img013218.jpg,synthetic_val,2551,2456,13.002
synthetic/images/img013315.jpg,synthetic_val,214,466,11.3372
synthetic/images/img013407.jpg,synthetic_val,1867,2119,20.0277
synthetic/images/img013470.jpg,synthetic_val,2800,2861,14.1618
synthetic/images/img013476.jpg,synthetic_val,556,460,15.1443
synthetic/images/img013486.jpg,synthetic_val,1856,1448,11.147
synthetic/images/img013503.jpg,synthetic_val,567,567,3.72727
synthetic/images/img013515.jpg,synthetic_val,431,839,16.381
synthetic/images/img013572.jpg,synthetic_val,1908,636,171.212
synthetic/images/img013589.jpg,synthetic_val,831,423,18.6187
synthetic/images/img013712.jpg,synthetic_val,1707,1551,8.81567
synthetic/images/img013719.jpg,synthetic_val,1646,1592,169.831
synthetic/images/img013815.jpg,synthetic_val,804,804,13.0525
synthetic/images/img013823.jpg,synthetic_val,409,720,17.1151
synthetic/images/img013853.jpg,synthetic_val,2463,2463,6.10498
synthetic/images/img013871.jpg,synthetic_val,209,3028,148.233
synthetic/images/img013907.jpg,synthetic_val,599,191,19.117
synthetic/images/img013966.jpg,synthetic_val,1659,1502,28.0959
synthetic/images/img013984.jpg,synthetic_val,654,558,19.5459
synthetic/images/img014020.jpg,synthetic_val,1764,1764,3.85083
synthetic/images/img014052.jpg,synthetic_val,714,1122,13.3557
synthetic/images/img014089.jpg,synthetic_val,2870,2775,16.3998
synthetic/images/img014092.jpg,synthetic_val,1266,1266,7.08665
synthetic/images/img014104.jpg,synthetic_val,1838,1838,10.6727
synthetic/images/img014162.jpg,synthetic_val,1512,1512,7.36091
synthetic/images/img014177.jpg,synthetic_val,952,1205,22.8155
synthetic/images/img014238.jpg,synthetic_val,2142,2143,32.5423
synthetic/images/img014248.jpg,synthetic_val,2725,2664,22.2897
synthetic/images/img014260.jpg,synthetic_val,2908,2847,10.7963
synthetic/images/img014276.jpg,synthetic_val,2525,2117,25.1348
synthetic/images/img014339.jpg,synthetic_val,1213,1212,17.1796
synthetic/images/img014368.jpg,synthetic_val,1359,543,31.5353
synthetic/images/img014379.jpg,synthetic_val,2279,2530,29.6984
synthetic/images/img014435.jpg,synthetic_val,135,38,10.1578
synthetic/images/img014462.jpg,synthetic_val,1747,1494,27.5361
synthetic/images/img014567.jpg,synthetic_val,1040,883,27.497
synthetic/images/img014596.jpg,synthetic_val,2777,2716,22.6511
synthetic/images/img014635.jpg,synthetic_val,1480,1732,15.2184
synthetic/images/img014660.jpg,synthetic_val,202,261,19.0183
synthetic/images/img014742.jpg,synthetic_val,1958,2210,13.0477
synthetic/images/img014764.jpg,synthetic_val,1566,1566,13.3949
synthetic/images/img014900.jpg,synthetic_val,2618,2774,17.0175
synthetic/images/img014918.jpg,synthetic_val,2855,2748,19.6355
synthetic/images/img014964.jpg,synthetic_val,210,269,14.0416
synthetic/images/img014971.jpg,synthetic_val,69,31,15.1902
synthetic/images/img014977.jpg,synthetic_val,481,737,110.308
synthetic/images/img014979.jpg,synthetic_val,2937,2937,6.06989
synthetic/images/img015000.jpg,synthetic_val,3004,3038,22.7742
synthetic/images/img015038.jpg,synthetic_val,308,308,6.80664
synthetic/images/img015041.jpg,synthetic_val,2193,1762,95.3724
synthetic/images/img015061.jpg,synthetic_val,578,578,11.5693
synthetic/images/img015080.jpg,synthetic_val,1858,1648,169.003
synthetic/images/img015096.jpg,synthetic_val,1571,1319,14.671
synthetic/images/img015163.jpg,synthetic_val,74,53,21.4037
synthetic/images/img015229.jpg,synthetic_val,2344,2188,12.6944
synthetic/images/img015299.jpg,synthetic_val,972,720,10.7783
synthetic/images/img015322.jpg,synthetic_val,499,402,20.1933
synthetic/images/img015382.jpg,synthetic_val,1769,2021,13.6526
synthetic/images/img015482.jpg,synthetic_val,1335,927,22.2394
synthetic/images/img015599.jpg,synthetic_val,786,533,33.1263
synthetic/images/img015688.jpg,synthetic_val,2617,2617,6.21073
synthetic/images/img015793.jpg,synthetic_val,1128,1536,16.6813
synthetic/images/img015833.jpg,synthetic_val,2666,2509,26.6854
synthetic/images/img015875.jpg,synthetic_val,2045,1837,155.744
synthetic/images/img015910.jpg,synthetic_val,420,420,10.0438
synthetic/images/img015926.jpg,synthetic_val,1011,1011,5.47121
synthetic/images/img015985.jpg,synthetic_val,1920,2328,18.1778
synthetic/images/img016003.jpg,synthetic_val,2127,2127,9.06814
synthetic/images/img016016.jpg,synthetic_val,2016,1860,18.1917
synthetic/images/img016029.jpg,synthetic_val,2972,3068,14.6733
synthetic/images/img016040.jpg,synthetic_val,951,855,18.7981
synthetic/images/img016063.jpg,synthetic_val,2110,2518,16.1414
synthetic/images/img016081.jpg,synthetic_val,866,361,23.1106
synthetic/images/img016252.jpg,synthetic_val,1667,1823,18.9314
synthetic/images/img016403.jpg,synthetic_val,2684,2684,5.1754
synthetic/images/img016411.jpg,synthetic_val,450,606,16.0559
synthetic/images/img016431.jpg,synthetic_val,48,300,16.882
synthetic/images/img016509.jpg,synthetic_val,194,446,15.3133
synthetic/images/img016539.jpg,synthetic_val,2463,2463,3.68192
synthetic/images/img016611.jpg,synthetic_val,2454,2550,18.4774
synthetic/images/img016691.jpg,synthetic_val,2613,1947,174.709
synthetic/images/img016749.jpg,synthetic_val,549,820,115.097
synthetic/images/img016763.jpg,synthetic_val,2651,2746,14.8303
synthetic/images/img016774.jpg,synthetic_val,2450,2140,86.5889
synthetic/images/img016778.jpg,synthetic_val,2328,2737,28.7666
synthetic/images/img016831.jpg,synthetic_val,446,446,9.71489
synthetic/images/img016856.jpg,synthetic_val,1978,1978,4.41087
synthetic/images/img016885.jpg,synthetic_val,681,525,10.1788
synthetic/images/img016952.jpg,synthetic_val,204,275,21.8715
synthetic/images/img016966.jpg,synthetic_val,1002,1158,17.3184
synthetic/images/img017010.jpg,synthetic_val,1524,1439,22.3184
synthetic/images/img017049.jpg,synthetic_val,1623,1874,24.2872
synthetic/images/img017062.jpg,synthetic_val,2061,1905,10.46
synthetic/images/img017087.jpg,synthetic_val,1498,1491,163.28
synthetic/images/img017294.jpg,synthetic_val,1037,991,154.447
synthetic/images/img017298.jpg,synthetic_val,381,70,24.1663
synthetic/images/img017324.jpg,synthetic_val,32,32,11.2299
synthetic/images/img017371.jpg,synthetic_val,163,66,17.7115
synthetic/images/img017421.jpg,synthetic_val,2467,2902,51.337
synthetic/images/img017432.jpg,synthetic_val,2488,2644,13.5988
synthetic/images/img017434.jpg,synthetic_val,1080,1236,17.4306
synthetic/images/img017456.jpg,synthetic_val,1292,1289,87.6678
synthetic/images/img017534.jpg,synthetic_val,2414,2414,5.42676
synthetic/images/img017688.jpg,synthetic_val,1355,947,13.0236
synthetic/images/img017740.jpg,synthetic_val,167,167,7.00236
synthetic/images/img017768.jpg,synthetic_val,437,496,14.8811
synthetic/images/img017772.jpg,synthetic_val,1902,2310,19.393
synthetic/images/img017791.jpg,synthetic_val,2522,2678,12.0549
synthetic/images/img017812.jpg,synthetic_val,2172,2382,113.589
synthetic/images/img017844.jpg,synthetic_val,1886,1730,8.46689
synthetic/images/img017859.jpg,synthetic_val,1331,1016,102.412
synthetic/images/img017864.jpg,synthetic_val,1660,1408,20.2995
synthetic/images/img017872.jpg,synthetic_val,2047,1796,35.1514
synthetic/images/img017892.jpg,synthetic_val,1087,679,12.7703
synthetic/images/img017925.jpg,synthetic_val,315,567,9.74527
synthetic/images/img017932.jpg,synthetic_val,748,1000,13.5306
synthetic/images/img017954.jpg,synthetic_val,2361,1947,174.46
synthetic/images/img017988.jpg,synthetic_val,2653,2653,3.31551
synthetic/images/img018006.jpg,synthetic_val,667,377,37.4387
synthetic/images/img018016.jpg,synthetic_val,752,752,6.94066
synthetic/images/img018080.jpg,synthetic_val,2460,2460,11.3919
synthetic/images/img018093.jpg,synthetic_val,1426,2288,172.206
synthetic/images/img018111.jpg,synthetic_val,2608,2452,16.4813
synthetic/images/img018118.jpg,synthetic_val,2146,2146,6.37697
synthetic/images/img018130.jpg,synthetic_val,2320,2572,11.3049
synthetic/images/img018134.jpg,synthetic_val,2887,2696,21.0643
synthetic/images/img018173.jpg,synthetic_val,2798,2546,15.681
synthetic/images/img018314.jpg,synthetic_val,2285,2285,12.7349
synthetic/images/img018385.jpg,synthetic_val,778,526,9.77471
synthetic/images/img018492.jpg,synthetic_val,1080,1236,13.9033
synthetic/images/img018494.jpg,synthetic_val,71,33,20.8261
synthetic/images/img018507.jpg,synthetic_val,1056,1080,85.0103
synthetic/images/img018547.jpg,synthetic_val,1626,1626,5.65445
synthetic/images/img018629.jpg,synthetic_val,1481,1733,7.56007
synthetic/images/img018690.jpg,synthetic_val,2909,2909,9.13953
synthetic/images/img018700.jpg,synthetic_val,2250,2250,4.20443
synthetic/images/img018716.jpg,synthetic_val,2544,1991,24.3887
synthetic/images/img018721.jpg,synthetic_val,2862,2706,13.1589
synthetic/images/img018743.jpg,synthetic_val,662,915,15.2566
synthetic/images/img018785.jpg,synthetic_val,1187,1186,19.374
synthetic/images/img018830.jpg,synthetic_val,1948,2357,21.3058
synthetic/images/img018845.jpg,synthetic_val,2905,2653,22.9025
synthetic/images/img018880.jpg,synthetic_val,1228,1231,77.2467
synthetic/images/img018894.jpg,synthetic_val,1663,1819,22.4345
synthetic/images/img018903.jpg,synthetic_val,2831,2831,10.5705
synthetic/images/img018936.jpg,synthetic_val,2262,2262,7.29709
synthetic/images/img018946.jpg,synthetic_val,2086,2084,72.9436
synthetic/images/img018981.jpg,synthetic_val,1532,1688,12.3195
synthetic/images/img019003.jpg,synthetic_val,2175,2432,164.165
synthetic/images/img019020.jpg,synthetic_val,2283,2440,22.95
synthetic/images/img019039.jpg,synthetic_val,1957,1957,5.57459
synthetic/images/img019047.jpg,synthetic_val,760,1012,8.34933
synthetic/images/img019075.jpg,synthetic_val,1023,1023,1.79245
synthetic/images/img019235.jpg,synthetic_val,2287,2192,20.1674
synthetic/images/img019238.jpg,synthetic_val,606,85,67.0449
synthetic/images/img019243.jpg,synthetic_val,2778,2526,9.2841
synthetic/images/img019269.jpg,synthetic_val,559,559,9.00247
synthetic/images/img019310.jpg,synthetic_val,2899,2960,10.9291
synthetic/images/img019348.jpg,synthetic_val,879,976,21.3338
synthetic/images/img019359.jpg,synthetic_val,2258,2007,16.8939
synthetic/images/img019430.jpg,synthetic_val,834,679,13.673
synthetic/images/img019444.jpg,synthetic_val,153,78,25.7157
synthetic/images/img019480.jpg,synthetic_val,1470,1626,13.1399
synthetic/images/img019493.jpg,synthetic_val,791,791,13.2934
synthetic/images/img019495.jpg,synthetic_val,872,1116,124.844
synthetic/images/img019508.jpg,synthetic_val,2477,2382,22.5546
synthetic/images/img019544.jpg,synthetic_val,826,923,21.5834
synthetic/images/img019545.jpg,synthetic_val,495,87,26.7721
synthetic/images/img019572.jpg,synthetic_val,220,161,15.1899
synthetic/images/img019583.jpg,synthetic_val,1881,2130,90.7263
synthetic/images/img019637.jpg,synthetic_val,1407,1407,5.08981
synthetic/images/img019664.jpg,synthetic_val,1624,1624,13.0887
synthetic/images/img019680.jpg,synthetic_val,505,253,20.5416
synthetic/images/img019717.jpg,synthetic_val,228,421,37.2748
synthetic/images/img019754.jpg,synthetic_val,1538,1538,7.15454
synthetic/images/img019755.jpg,synthetic_val,3065,3023,18.6944
synthetic/images/img019807.jpg,synthetic_val,1791,1382,26.8965
synthetic/images/img019855.jpg,synthetic_val,761,761,8.10688
synthetic/images/img019971.jpg,synthetic_val,1575,1322,21.8398
synthetic/images/img020011.jpg,synthetic_val,3063,3063,6.00728
synthetic/images/img020038.jpg,synthetic_val,1501,1501,7.88265
synthetic/images/img020052.jpg,synthetic_val,2019,2114,23.8985
synthetic/images/img020080.jpg,synthetic_val,545,389,13.9023
synthetic/images/img020102.jpg,synthetic_val,3071,3071,6.93396
synthetic/images/img020179.jpg,synthetic_val,989,989,5.97118
synthetic/images/img020198.jpg,synthetic_val,2224,2134,163.298
synthetic/images/img020252.jpg,synthetic_val,2927,2976,9.37844
synthetic/images/img020344.jpg,synthetic_val,74,267,32.8423
synthetic/images/img020416.jpg,synthetic_val,639,639,11.4515
synthetic/images/img020451.jpg,synthetic_val,2225,2572,18.3063
synthetic/images/img020500.jpg,synthetic_val,576,673,15.567
synthetic/images/img020520.jpg,synthetic_val,2098,2193,35.8893
synthetic/images/img020553.jpg,synthetic_val,1431,1227,177.006
synthetic/images/img020561.jpg,synthetic_val,152,93,11.8473
synthetic/images/img020568.jpg,synthetic_val,1545,1539,170.948
synthetic/images/img020607.jpg,synthetic_val,3040,3032,23.8412
synthetic/images/img020675.jpg,synthetic_val,1275,1023,14.1546
synthetic/images/img020747.jpg,synthetic_val,1070,1077,162.401
synthetic/images/img020767.jpg,synthetic_val,355,358,84.9662
synthetic/images/img020777.jpg,synthetic_val,2251,2248,90.442
synthetic/images/img020824.jpg,synthetic_val,1469,1625,17.7279
synthetic/images/img020904.jpg,synthetic_val,1822,1663,86.533
synthetic/images/img021012.jpg,synthetic_val,2109,2109,5.43479
synthetic/images/img021090.jpg,synthetic_val,489,296,24.6381
synthetic/images/img021128.jpg,synthetic_val,1560,1404,17.4187
synthetic/images/img021133.jpg,synthetic_val,3042,3042,5.97047
synthetic/images/img021170.jpg,synthetic_val,227,286,14.1328
synthetic/images/img021177.jpg,synthetic_val,2573,2512,22.3809
synthetic/images/img021178.jpg,synthetic_val,2460,2567,16.8806
synthetic/images/img021233.jpg,synthetic_val,1544,1796,12.9277
synthetic/images/img021263.jpg,synthetic_val,1821,1978,17.0782
synthetic/images/img021266.jpg,synthetic_val,725,532,27.1441
synthetic/images/img021391.jpg,synthetic_val,809,809,6.92788
synthetic/images/img021392.jpg,synthetic_val,523,523,7.8863
synthetic/images/img021394.jpg,synthetic_val,2702,2702,9.81304
synthetic/images/img021438.jpg,synthetic_val,1337,1181,15.5413
synthetic/images/img021469.jpg,synthetic_val,842,745,19.2596
synthetic/images/img021473.jpg,synthetic_val,2174,2269,21.5136
synthetic/images/img021577.jpg,synthetic_val,448,548,110.311
synthetic/images/img021704.jpg,synthetic_val,955,1110,24.3118
synthetic/images/img021724.jpg,synthetic_val,1950,1951,22.8751
synthetic/images/img021806.jpg,synthetic_val,2505,2661,19.1112
synthetic/images/img021841.jpg,synthetic_val,2447,2447,7.20753
synthetic/images/img021879.jpg,synthetic_val,1913,1661,9.88813
synthetic/images/img021883.jpg,synthetic_val,2969,2881,43.9145
synthetic/images/img021893.jpg,synthetic_val,869,1277,18.081
synthetic/images/img021986.jpg,synthetic_val,2549,2141,13.0589
synthetic/images/img022004.jpg,synthetic_val,353,391,45.3756
synthetic/images/img022009.jpg,synthetic_val,2624,2624,12.0939
synthetic/images/img022065.jpg,synthetic_val,2745,2649,20.9116
synthetic/images/img022067.jpg,synthetic_val,2618,2461,22.3363
synthetic/images/img022104.jpg,synthetic_val,1424,1581,37.955
synthetic/images/img022115.jpg,synthetic_val,1172,1328,15.664
synthetic/images/img022137.jpg,synthetic_val,767,767,7.0881
synthetic/images/img022231.jpg,synthetic_val,678,581,13.6829
synthetic/images/img022412.jpg,synthetic_val,2026,2180,71.3927
synthetic/images/img022425.jpg,synthetic_val,165,165,10.2794
synthetic/images/img022541.jpg,synthetic_val,2197,2605,22.1258
synthetic/images/img022562.jpg,synthetic_val,1147,739,13.8595
synthetic/images/img022580.jpg,synthetic_val,1073,917,21.3326
synthetic/images/img022612.jpg,synthetic_val,2305,2305,11.0198
synthetic/images/img022635.jpg,synthetic_val,1234,1389,16.8324
synthetic/images/img022651.jpg,synthetic_val,903,1058,18.3987
synthetic/images/img022679.jpg,synthetic_val,2408,2408,10.9065
synthetic/images/img022689.jpg,synthetic_val,2910,3032,20.4006
synthetic/images/img022746.jpg,synthetic_val,2851,2912,19.5654
synthetic/images/img022750.jpg,synthetic_val,2713,2461,16.9646
synthetic/images/img022807.jpg,synthetic_val,1846,1438,19.4954
synthetic/images/img022845.jpg,synthetic_val,2,19,14.8812
synthetic/images/img022867.jpg,synthetic_val,778,1030,8.12574
synthetic/images/img022870.jpg,synthetic_val,11,11,9.88589
synthetic/images/img022888.jpg,synthetic_val,420,420,7.67579
synthetic/images/img022929.jpg,synthetic_val,1617,1610,156.995
synthetic/images/img022945.jpg,synthetic_val,1350,1350,5.82489
synthetic/images/img023082.jpg,synthetic_val,311,370,15.429
synthetic/images/img023085.jpg,synthetic_val,321,321,9.65007
synthetic/images/img023117.jpg,synthetic_val,2834,3025,18.8644
synthetic/images/img023135.jpg,synthetic_val,2666,2822,17.4608
synthetic/images/img023210.jpg,synthetic_val,2059,1492,98.1142
synthetic/images/img023249.jpg,synthetic_val,445,289,15.6009
synthetic/images/img023254.jpg,synthetic_val,952,1048,15.0846
synthetic/images/img023274.jpg,synthetic_val,2567,2411,18.6639
synthetic/images/img023358.jpg,synthetic_val,1067,1319,10.6441
synthetic/images/img023402.jpg,synthetic_val,1244,1244,9.4942
synthetic/images/img023432.jpg,synthetic_val,395,395,6.49775
synthetic/images/img023447.jpg,synthetic_val,484,525,114.019
synthetic/images/img023472.jpg,synthetic_val,588,588,3.21591
synthetic/images/img023609.jpg,synthetic_val,2218,2062,11.3881
synthetic/images/img023614.jpg,synthetic_val,2859,2798,21.6447
synthetic/images/img023617.jpg,synthetic_val,1184,1087,24.7247
synthetic/images/img023619.jpg,synthetic_val,2398,2554,10.0544
synthetic/images/img023626.jpg,synthetic_val,518,421,16.489
synthetic/images/img023672.jpg,synthetic_val,218,218,9.75122
synthetic/images/img023705.jpg,synthetic_val,1759,1603,7.51748
synthetic/images/img023733.jpg,synthetic_val,2857,2857,9.75446
synthetic/images/img023754.jpg,synthetic_val,1621,1778,18.0117
synthetic/images/img023819.jpg,synthetic_val,213,251,25.8675
synthetic/images/img023852.jpg,synthetic_val,861,1016,17.4949
synthetic/images/img023869.jpg,synthetic_val,719,552,28.3118
synthetic/images/img023880.jpg,synthetic_val,2474,2474,13.7297
synthetic/images/img023900.jpg,synthetic_val,1909,1753,15.2459
synthetic/images/img023903.jpg,synthetic_val,1419,1419,10.8037
synthetic/images/img023927.jpg,synthetic_val,236,644,13.5195
synthetic/images/img023953.jpg,synthetic_val,3040,2979,15.2836
synthetic/images/img023973.jpg,synthetic_val,724,316,17.3326
synthetic/images/img023994.jpg,synthetic_val,1784,2282,179.373
synthetic/images/img024016.jpg,synthetic_val,207,207,8.11506
synthetic/images/img024030.jpg,synthetic_val,1542,1386,23.9164
synthetic/images/img024071.jpg,synthetic_val,2564,2312,11.4321
synthetic/images/img024117.jpg,synthetic_val,522,1182,21.6892
synthetic/images/img024207.jpg,synthetic_val,2892,2972,37.2502
synthetic/images/img024215.jpg,synthetic_val,2873,2778,15.203
synthetic/images/img024216.jpg,synthetic_val,1789,1789,5.39299
synthetic/images/img024285.jpg,synthetic_val,247,167,57.6876
synthetic/images/img024313.jpg,synthetic_val,1197,1353,10.7811
synthetic/images/img024370.jpg,synthetic_val,2139,2234,15.9469
synthetic/images/img024441.jpg,synthetic_val,2040,2796,36.9493
synthetic/images/img024455.jpg,synthetic_val,2361,1947,169.742
synthetic/images/img024536.jpg,synthetic_val,905,905,15.2247
synthetic/images/img024596.jpg,synthetic_val,1653,1498,20.6869
synthetic/images/img024615.jpg,synthetic_val,590,338,9.64763
synthetic/images/img024625.jpg,synthetic_val,2551,2959,19.7594
synthetic/images/img024654.jpg,synthetic_val,343,440,21.2607
synthetic/images/img024663.jpg,synthetic_val,1810,1966,8.95223
synthetic/images/img024709.jpg,synthetic_val,2950,2992,44.7433
synthetic/images/img024717.jpg,synthetic_val,1973,1409,22.5571
synthetic/images/img024799.jpg,synthetic_val,1943,2191,117.427
synthetic/images/img024835.jpg,synthetic_val,660,757,13.9041
synthetic/images/img024836.jpg,synthetic_val,1714,1715,27.8644
synthetic/images/img024897.jpg,synthetic_val,1991,2143,136.094
synthetic/images/img024940.jpg,synthetic_val,1399,2058,42.8807
synthetic/images/img024955.jpg,synthetic_val,1271,1512,21.5657
synthetic/images/img024969.jpg,synthetic_val,1415,1248,18.6595
synthetic/images/img024999.jpg,synthetic_val,2634,2634,8.04622
synthetic/images/img025050.jpg,synthetic_val,2787,2882,11.1954
synthetic/images/img025105.jpg,synthetic_val,2920,2859,8.77146
synthetic/images/img025287.jpg,synthetic_val,1580,1328,12.9057
synthetic/images/img025317.jpg,synthetic_val,2522,2522,6.42907
synthetic/images/img025325.jpg,synthetic_val,1002,1158,7.31188
synthetic/images/img025341.jpg,synthetic_val,2953,3007,31.6809
synthetic/images/img025343.jpg,synthetic_val,1529,1781,13.4749
synthetic/images/img025360.jpg,synthetic_val,1999,1688,44.2002
synthetic/images/img025443.jpg,synthetic_val,2807,2807,2.87145
synthetic/images/img025451.jpg,synthetic_val,972,564,16.8361
synthetic/images/img025460.jpg,synthetic_val,527,612,14.0669
synthetic/images/img025520.jpg,synthetic_val,489,430,20.925
synthetic/images/img025535.jpg,synthetic_val,786,1807,168.948
synthetic/images/img025550.jpg,synthetic_val,2481,1977,27.6039
synthetic/images/img025621.jpg,synthetic_val,379,379,11.7148
synthetic/images/img025663.jpg,synthetic_val,2768,3020,15.0677
synthetic/images/img025672.jpg,synthetic_val,3039,2882,25.5606
synthetic/images/img025700.jpg,synthetic_val,3011,2628,89.0268
synthetic/images/img025773.jpg,synthetic_val,416,260,18.2886
synthetic/images/img025827.jpg,synthetic_val,1883,1882,41.6035
synthetic/images/img025854.jpg,synthetic_val,2493,2493,3.71035
synthetic/images/img025877.jpg,synthetic_val,1340,1340,13.834
synthetic/images/img025889.jpg,synthetic_val,802,958,12.6184
synthetic/images/img026031.jpg,synthetic_val,2023,2180,24.5564
synthetic/images/img026076.jpg,synthetic_val,1252,1252,3.9243
synthetic/images/img026107.jpg,synthetic_val,2455,2458,83.5423
synthetic/images/img026156.jpg,synthetic_val,2565,2660,14.1845
synthetic/images/img026161.jpg,synthetic_val,2688,2532,11.8276
synthetic/images/img026244.jpg,synthetic_val,435,843,23.017
synthetic/images/img026259.jpg,synthetic_val,3069,3042,12.1432
synthetic/images/img026288.jpg,synthetic_val,1454,1202,13.1054
synthetic/images/img026383.jpg,synthetic_val,1463,1463,10.5731
synthetic/images/img026418.jpg,synthetic_val,1403,1715,24.1594
synthetic/images/img026443.jpg,synthetic_val,1855,2012,28.3052
synthetic/images/img026461.jpg,synthetic_val,2760,2508,11.3872
synthetic/images/img026465.jpg,synthetic_val,2768,2924,11.1479
synthetic/images/img026560.jpg,synthetic_val,1319,1560,18.521
synthetic/images/img026608.jpg,synthetic_val,2720,2876,14.3255
synthetic/images/img026641.jpg,synthetic_val,2285,2693,19.1258
synthetic/images/img026769.jpg,synthetic_val,611,766,16.1739
synthetic/images/img026806.jpg,synthetic_val,179,490,19.0556
synthetic/images/img026853.jpg,synthetic_val,2399,821,173.132
synthetic/images/img026898.jpg,synthetic_val,2505,2757,20.5266
synthetic/images/img026910.jpg,synthetic_val,1304,1304,13.1857
synthetic/images/img027037.jpg,synthetic_val,1172,1016,12.8193
synthetic/images/img027064.jpg,synthetic_val,535,538,88.3899
synthetic/images/img027065.jpg,synthetic_val,1111,1014,35.1147
synthetic/images/img027095.jpg,synthetic_val,2700,2807,14.9379
synthetic/images/img027107.jpg,synthetic_val,710,806,22.8802
synthetic/images/img027178.jpg,synthetic_val,1972,1972,13.6639
synthetic/images/img027202.jpg,synthetic_val,680,680,11.212
synthetic/images/img027219.jpg,synthetic_val,1556,1304,16.7643
synthetic/images/img027236.jpg,synthetic_val,2283,2752,29.0434
synthetic/images/img027244.jpg,synthetic_val,2022,1771,24.6694
synthetic/images/img027319.jpg,synthetic_val,431,360,20.1883
synthetic/images/img027327.jpg,synthetic_val,1877,1878,18.1352
synthetic/images/img027343.jpg,synthetic_val,2092,773,65.3545
synthetic/images/img027470.jpg,synthetic_val,2182,2084,67.8081
synthetic/images/img027473.jpg,synthetic_val,2774,2774,7.71016
synthetic/images/img027492.jpg,synthetic_val,512,512,9.57051
synthetic/images/img027551.jpg,synthetic_val,2714,2714,12.3643
synthetic/images/img027572.jpg,synthetic_val,3045,3060,17.9839
synthetic/images/img027611.jpg,synthetic_val,1095,1510,155.532
synthetic/images/img027620.jpg,synthetic_val,1371,1275,15.8909
synthetic/images/img027659.jpg,synthetic_val,2375,2627,20.8031
synthetic/images/img027810.jpg,synthetic_val,1866,1458,16.1717
synthetic/images/img027905.jpg,synthetic_val,915,759,14.8775
synthetic/images/img027923.jpg,synthetic_val,1706,1713,153.07
synthetic/images/img027970.jpg,synthetic_val,1695,1599,19.5589
synthetic/images/img028119.jpg,synthetic_val,711,711,13.3587
synthetic/images/img028144.jpg,synthetic_val,2479,1978,75.1329
synthetic/images/img028176.jpg,synthetic_val,377,533,13.6392
synthetic/images/img028238.jpg,synthetic_val,2889,2889,6.70051
synthetic/images/img028244.jpg,synthetic_val,1369,2125,32.2236
synthetic/images/img028264.jpg,synthetic_val,2659,2812,96.3685
synthetic/images/img028305.jpg,synthetic_val,141,141,9.49515
synthetic/images/img028328.jpg,synthetic_val,1977,1977,8.87052
synthetic/images/img028340.jpg,synthetic_val,1843,2251,12.6413
synthetic/images/img028392.jpg,synthetic_val,2019,2114,16.8229
synthetic/images/img028454.jpg,synthetic_val,2031,1221,173.717
synthetic/images/img028462.jpg,synthetic_val,127,68,7.9297
synthetic/images/img028512.jpg,synthetic_val,1594,2060,73.6465
synthetic/images/img028552.jpg,synthetic_val,1749,1588,142.719
synthetic/images/img028553.jpg,synthetic_val,1255,498,37.8774
synthetic/images/img028593.jpg,synthetic_val,1535,1787,17.7122
synthetic/images/img028614.jpg,synthetic_val,2010,1662,26.8888
synthetic/images/img028671.jpg,synthetic_val,1834,661,101.593
synthetic/images/img028682.jpg,synthetic_val,122,25,17.2093
synthetic/images/img028710.jpg,synthetic_val,678,678,9.94766
synthetic/images/img028711.jpg,synthetic_val,2352,2352,8.53128
synthetic/images/img028724.jpg,synthetic_val,2289,2289,7.6243
synthetic/images/img028888.jpg,synthetic_val,2420,2422,59.8442
synthetic/images/img028921.jpg,synthetic_val,1200,948,11.9345
synthetic/images/img028940.jpg,synthetic_val,1037,1036,22.9879
synthetic/images/img028985.jpg,synthetic_val,370,370,10.3728
synthetic/images/img029009.jpg,synthetic_val,1863,1706,26.4532
synthetic/images/img029027.jpg,synthetic_val,441,441,7.62995
synthetic/images/img029045.jpg,synthetic_val,751,595,15.2727
synthetic/images/img029053.jpg,synthetic_val,2046,1951,30.1727
synthetic/images/img029096.jpg,synthetic_val,1552,1648,19.2774
synthetic/images/img029133.jpg,synthetic_val,1860,1871,23.3371
synthetic/images/img029253.jpg,synthetic_val,2968,3029,12.1136
synthetic/images/img029259.jpg,synthetic_val,279,279,4.9557
synthetic/images/img029275.jpg,synthetic_val,2244,2244,5.29265
synthetic/images/img029279.jpg,synthetic_val,1690,1594,18.7122
synthetic/images/img029307.jpg,synthetic_val,2789,2694,12.2909
synthetic/images/img029339.jpg,synthetic_val,341,341,10.0286
synthetic/images/img029407.jpg,synthetic_val,2555,2303,16.7182
synthetic/images/img029430.jpg,synthetic_val,2663,2957,64.9567
synthetic/images/img029610.jpg,synthetic_val,2320,2572,14.7252
synthetic/images/img029628.jpg,synthetic_val,2218,2375,28.7931
synthetic/images/img029648.jpg,synthetic_val,1741,2158,87.1288
synthetic/images/img029658.jpg,synthetic_val,2989,2798,16.5128
synthetic/images/img029703.jpg,synthetic_val,2392,2141,20.8831
synthetic/images/img029714.jpg,synthetic_val,1445,1445,6.61567
synthetic/images/img029716.jpg,synthetic_val,1701,1605,19.5757
synthetic/images/img029760.jpg,synthetic_val,1907,2063,14.6525
synthetic/images/img029768.jpg,synthetic_val,511,766,84.6566
synthetic/images/img029808.jpg,synthetic_val,906,502,114.428
synthetic/images/img029830.jpg,synthetic_val,379,379,6.80329
synthetic/images/img029931.jpg,synthetic_val,1355,947,20.0448
synthetic/images/img029982.jpg,synthetic_val,481,578,29.9543
synthetic/images/img029995.jpg,synthetic_val,2355,2763,22.7333
synthetic/images/img030030.jpg,synthetic_val,1372,1216,7.63444
synthetic/images/img030033.jpg,synthetic_val,1924,1984,33.6803
synthetic/images/img030041.jpg,synthetic_val,1084,993,167.028
synthetic/images/img030088.jpg,synthetic_val,10,262,38.823
synthetic/images/img030110.jpg,synthetic_val,2720,2471,83.7816
synthetic/images/img030137.jpg,synthetic_val,1519,1266,29.3277
synthetic/images/img030209.jpg,synthetic_val,226,218,115.752
synthetic/images/img030230.jpg,synthetic_val,1725,1317,21.3932
synthetic/images/img030342.jpg,synthetic_val,31,283,14.7199
synthetic/images/img030367.jpg,synthetic_val,2567,2248,172.297
synthetic/images/img030417.jpg,synthetic_val,1011,609,168.147
synthetic/images/img030435.jpg,synthetic_val,1272,2244,46.3234
synthetic/images/img030437.jpg,synthetic_val,183,65,17.7411
synthetic/images/img030445.jpg,synthetic_val,2949,2819,37.9283
synthetic/images/img030535.jpg,synthetic_val,803,550,28.7219
synthetic/images/img030606.jpg,synthetic_val,2423,2257,73.6944
synthetic/images/img030610.jpg,synthetic_val,1,291,32.5448
synthetic/images/img030637.jpg,synthetic_val,2218,2210,116.535
synthetic/images/img030750.jpg,synthetic_val,1424,1783,168.241
synthetic/images/img030899.jpg,synthetic_val,2610,2770,104.663
synthetic/images/img030974.jpg,synthetic_val,2134,861,176.178
synthetic/images/img031002.jpg,synthetic_val,1381,973,19.4699
synthetic/images/img031029.jpg,synthetic_val,1523,1768,153.816
synthetic/images/img031045.jpg,synthetic_val,429,429,9.36897
synthetic/images/img031080.jpg,synthetic_val,1063,1975,36.2227
synthetic/images/img031218.jpg,synthetic_val,2917,2917,10.6281
synthetic/images/img031245.jpg,synthetic_val,2048,1689,164.459
synthetic/images/img031304.jpg,synthetic_val,2886,2733,106.873
synthetic/images/img031323.jpg,synthetic_val,3008,2974,19.1262
synthetic/images/img031365.jpg,synthetic_val,2860,2860,7.34808
synthetic/images/img031457.jpg,synthetic_val,2237,2142,22.4793
synthetic/images/img031546.jpg,synthetic_val,1957,1807,167.01
synthetic/images/img031608.jpg,synthetic_val,2016,1764,17.2167
synthetic/images/img031640.jpg,synthetic_val,2708,2708,8.51458
synthetic/images/img031646.jpg,synthetic_val,1292,1292,7.10834
synthetic/images/img031689.jpg,synthetic_val,2061,2463,175.708
synthetic/images/img031700.jpg,synthetic_val,221,729,116.65
synthetic/images/img031702.jpg,synthetic_val,2432,1920,120.675
synthetic/images/img031729.jpg,synthetic_val,881,635,176.257
synthetic/images/img031737.jpg,synthetic_val,1666,2222,119.809
synthetic/images/img031791.jpg,synthetic_val,1639,2204,23.7648
synthetic/images/img031804.jpg,synthetic_val,2307,2307,13.1303
synthetic/images/img031806.jpg,synthetic_val,446,349,15.5681
synthetic/images/img031931.jpg,synthetic_val,1742,2819,106.582
synthetic/images/img031940.jpg,synthetic_val,579,735,18.8176
synthetic/images/img031979.jpg,synthetic_val,857,1261,123.498
synthetic/images/img031991.jpg,synthetic_val,2628,2733,86.9022
synthetic/images/img032000.jpg,synthetic_val,2243,2651,15.2744
synthetic/images/img032002.jpg,synthetic_val,789,882,99.3048
synthetic/images/img032051.jpg,synthetic_val,208,268,43.3052
synthetic/images/img032273.jpg,synthetic_val,120,120,2.36065
synthetic/images/img032286.jpg,synthetic_val,57,120,23.2652
synthetic/images/img032307.jpg,synthetic_val,536,903,129.565
synthetic/images/img032343.jpg,synthetic_val,1078,982,19.952
synthetic/images/img032388.jpg,synthetic_val,887,476,90.3357
synthetic/images/img032401.jpg,synthetic_val,1459,1459,2.75341
synthetic/images/img032404.jpg,synthetic_val,2470,2157,26.7466
synthetic/images/img032469.jpg,synthetic_val,1680,1680,14.8414
synthetic/images/img032513.jpg,synthetic_val,1860,2268,18.1976
synthetic/images/img032542.jpg,synthetic_val,185,181,121.531
synthetic/images/img032587.jpg,synthetic_val,2228,2323,15.0328
synthetic/images/img032698.jpg,synthetic_val,1391,1235,15.9153
synthetic/images/img032702.jpg,synthetic_val,1542,1290,12.4441
synthetic/images/img032826.jpg,synthetic_val,2094,2603,159.338
synthetic/images/img032858.jpg,synthetic_val,1638,1998,159.988
synthetic/images/img032926.jpg,synthetic_val,556,964,12.8842
synthetic/images/img032972.jpg,synthetic_val,2018,2018,6.82585
synthetic/images/img032988.jpg,synthetic_val,526,214,24.9855
synthetic/images/img033037.jpg,synthetic_val,482,638,14.5415
synthetic/images/img033094.jpg,synthetic_val,897,1492,156.902
synthetic/images/img033123.jpg,synthetic_val,2167,1659,118.222
synthetic/images/img033157.jpg,synthetic_val,1189,1189,7.41644
synthetic/images/img033170.jpg,synthetic_val,2076,2232,11.0434
synthetic/images/img033186.jpg,synthetic_val,185,437,15.4252
synthetic/images/img033208.jpg,synthetic_val,1307,2060,102.823
synthetic/images/img033285.jpg,synthetic_val,2484,3048,43.762
synthetic/images/img033352.jpg,synthetic_val,360,516,12.5939
synthetic/images/img033356.jpg,synthetic_val,1595,1594,27.6381
synthetic/images/img033366.jpg,synthetic_val,471,67,119.484
synthetic/images/img033412.jpg,synthetic_val,945,478,34.4871
synthetic/images/img033440.jpg,synthetic_val,2877,2843,25.9687
synthetic/images/img033472.jpg,synthetic_val,242,494,12.2418
synthetic/images/img033493.jpg,synthetic_val,1153,493,32.9872
synthetic/images/img033543.jpg,synthetic_val,1000,1252,15.8905
synthetic/images/img033550.jpg,synthetic_val,3,3,7.51297
synthetic/images/img033611.jpg,synthetic_val,650,1316,178.905
synthetic/images/img033628.jpg,synthetic_val,2420,2101,165.239
synthetic/images/img033635.jpg,synthetic_val,1883,1573,169.004
synthetic/images/img033725.jpg,synthetic_val,2078,1583,99.6895
synthetic/images/img033732.jpg,synthetic_val,1919,1919,5.22102
synthetic/images/img033763.jpg,synthetic_val,2257,2414,22.4303
synthetic/images/img033800.jpg,synthetic_val,1190,1442,17.7976
synthetic/images/img033831.jpg,synthetic_val,1998,1746,10.156
synthetic/images/img033878.jpg,synthetic_val,1508,1502,173.019
synthetic/images/img033889.jpg,synthetic_val,1595,1283,29.9845
synthetic/images/img033911.jpg,synthetic_val,1175,1019,17.7615
synthetic/images/img033982.jpg,synthetic_val,1730,1526,172.545
synthetic/images/img033987.jpg,synthetic_val,801,957,16.3835
synthetic/images/img034061.jpg,synthetic_val,746,649,28.2496
synthetic/images/img034124.jpg,synthetic_val,2852,2253,45.8971
synthetic/images/img034217.jpg,synthetic_val,2962,2813,42.5496
synthetic/images/img034230.jpg,synthetic_val,2723,2662,17.2488
synthetic/images/img034355.jpg,synthetic_val,241,241,9.35655
synthetic/images/img034447.jpg,synthetic_val,2846,2533,31.9214
synthetic/images/img034491.jpg,synthetic_val,662,662,9.36064
synthetic/images/img034526.jpg,synthetic_val,276,684,22.3077
synthetic/images/img034552.jpg,synthetic_val,2853,2540,17.0747
synthetic/images/img034582.jpg,synthetic_val,1290,1540,58.8842
synthetic/images/img034633.jpg,synthetic_val,826,1234,14.211
synthetic/images/img034688.jpg,synthetic_val,2320,1098,88.9479
synthetic/images/img034784.jpg,synthetic_val,1662,1819,20.0255
synthetic/images/img034788.jpg,synthetic_val,1553,1556,96.6401
synthetic/images/img034792.jpg,synthetic_val,2225,2634,28.0104
synthetic/images/img034828.jpg,synthetic_val,480,732,13.7955
synthetic/images/img034884.jpg,synthetic_val,1865,1870,158.699
synthetic/images/img034926.jpg,synthetic_val,386,386,8.69182
synthetic/images/img034928.jpg,synthetic_val,459,207,19.7872
synthetic/images/img034950.jpg,synthetic_val,116,57,16.8971
synthetic/images/img034959.jpg,synthetic_val,161,102,13.5061
synthetic/images/img035004.jpg,synthetic_val,518,620,173.634
synthetic/images/img035083.jpg,synthetic_val,107,69,21.0618
synthetic/images/img035109.jpg,synthetic_val,1325,1482,39.5186
synthetic/images/img035117.jpg,synthetic_val,960,649,27.9793
synthetic/images/img035323.jpg,synthetic_val,1026,1026,14.355
synthetic/images/img035360.jpg,synthetic_val,1989,2240,37.2166
synthetic/images/img035363.jpg,synthetic_val,2362,2041,97.7205
synthetic/images/img035420.jpg,synthetic_val,2244,1836,14.4027
synthetic/images/img035463.jpg,synthetic_val,1181,883,138.98
synthetic/images/img035471.jpg,synthetic_val,1728,1737,100.671
synthetic/images/img035480.jpg,synthetic_val,2855,2699,15.8704
synthetic/images/img035529.jpg,synthetic_val,2715,2993,41.8351
synthetic/images/img035542.jpg,synthetic_val,2536,2533,90.1498
synthetic/images/img035593.jpg,synthetic_val,1899,1898,23.8567
synthetic/images/img035633.jpg,synthetic_val,2661,2913,12.2677
synthetic/images/img035646.jpg,synthetic_val,1644,1488,19.558
synthetic/images/img035697.jpg,synthetic_val,2118,1710,17.5817
synthetic/images/img035716.jpg,synthetic_val,1319,1152,22.3635
synthetic/images/img035721.jpg,synthetic_val,2043,1797,177.414
synthetic/images/img035738.jpg,synthetic_val,182,596,176.259
synthetic/images/img035865.jpg,synthetic_val,2220,2472,20.6197
synthetic/images/img035878.jpg,synthetic_val,646,801,17.4275
synthetic/images/img035889.jpg,synthetic_val,3069,3050,15.5656
synthetic/images/img035905.jpg,synthetic_val,1553,1557,126.378
synthetic/images/img035941.jpg,synthetic_val,595,340,94.759
synthetic/images/img035944.jpg,synthetic_val,1193,1353,116.2
synthetic/images/img035980.jpg,synthetic_val,1368,1626,173.544
synthetic/images/img035984.jpg,synthetic_val,1291,474,57.2225
synthetic/images/img036016.jpg,synthetic_val,2651,2651,2.20731
synthetic/images/img036050.jpg,synthetic_val,1020,973,162.829
synthetic/images/img036090.jpg,synthetic_val,1828,1573,93.4818
synthetic/images/img036117.jpg,synthetic_val,1351,1760,30.5096
synthetic/images/img036168.jpg,synthetic_val,1208,1364,12.7097
synthetic/images/img036230.jpg,synthetic_val,2807,2987,96.7007
synthetic/images/img036263.jpg,synthetic_val,1313,808,29.8878
synthetic/images/img036315.jpg,synthetic_val,632,529,158.301
synthetic/images/img036342.jpg,synthetic_val,448,255,30.5688
synthetic/images/img036380.jpg,synthetic_val,1831,1879,173.847
synthetic/images/img036421.jpg,synthetic_val,1673,1521,119.124
synthetic/images/img036436.jpg,synthetic_val,2355,2109,172.1
synthetic/images/img036506.jpg,synthetic_val,328,580,14.8806
synthetic/images/img036521.jpg,synthetic_val,628,880,14.3744
synthetic/images/img036537.jpg,synthetic_val,2993,3020,22.896
synthetic/images/img036551.jpg,synthetic_val,1922,1923,19.9059
synthetic/images/img036576.jpg,synthetic_val,1183,933,62.1395
synthetic/images/img036737.jpg,synthetic_val,2035,1783,15.6107
synthetic/images/img036770.jpg,synthetic_val,302,865,25.4388
synthetic/images/img036772.jpg,synthetic_val,1650,1492,47.1732
synthetic/images/img036781.jpg,synthetic_val,1700,1596,106.603
synthetic/images/img036846.jpg,synthetic_val,2895,2739,21.5178
synthetic/images/img036879.jpg,synthetic_val,2704,527,169.278
synthetic/images/img036891.jpg,synthetic_val,2573,1908,152.318
synthetic/images/img036892.jpg,synthetic_val,2311,2562,26.9771
synthetic/images/img036908.jpg,synthetic_val,1908,2473,29.2079
synthetic/images/img036985.jpg,synthetic_val,2349,2341,117.47
synthetic/images/img037098.jpg,synthetic_val,237,548,32.3431
synthetic/images/img037184.jpg,synthetic_val,561,657,19.4092
synthetic/images/img037240.jpg,synthetic_val,697,1768,102.207
synthetic/images/img037270.jpg,synthetic_val,126,13,32.0719
synthetic/images/img037296.jpg,synthetic_val,1911,1407,21.1103
synthetic/images/img037335.jpg,synthetic_val,704,548,10.0452
synthetic/images/img037351.jpg,synthetic_val,2464,2369,31.9128
synthetic/images/img037362.jpg,synthetic_val,3058,3028,89.1651
synthetic/images/img037501.jpg,synthetic_val,2144,2138,170.543
synthetic/images/img037527.jpg,synthetic_val,1913,1500,155.035
synthetic/images/img037596.jpg,synthetic_val,2393,1984,28.7114
synthetic/images/img037627.jpg,synthetic_val,1288,1192,27.5241
synthetic/images/img037634.jpg,synthetic_val,2640,2892,19.7016
synthetic/images/img037688.jpg,synthetic_val,2165,2669,24.8412
synthetic/images/img037698.jpg,synthetic_val,2217,2229,140.646
synthetic/images/img037719.jpg,synthetic_val,579,1305,166.442
synthetic/images/img037815.jpg,synthetic_val,1565,1817,9.67546
synthetic/images/img037871.jpg,synthetic_val,2990,2993,90.2915
synthetic/images/img037909.jpg,synthetic_val,967,812,16.1919
synthetic/images/img037913.jpg,synthetic_val,748,500,122.049
synthetic/images/img037944.jpg,synthetic_val,703,955,14.2286
synthetic/images/img037970.jpg,synthetic_val,3056,2842,107.51
synthetic/images/img038078.jpg,synthetic_val,1180,1274,60.8756
synthetic/images/img038101.jpg,synthetic_val,2997,2563,56.8332
synthetic/images/img038105.jpg,synthetic_val,455,636,26.5275
synthetic/images/img038122.jpg,synthetic_val,2997,2337,39.5244
synthetic/images/img038164.jpg,synthetic_val,1831,1517,69.3891
synthetic/images/img038191.jpg,synthetic_val,3013,2910,46.2785
synthetic/images/img038212.jpg,synthetic_val,1119,423,66.0385
synthetic/images/img038276.jpg,synthetic_val,1199,1596,26.283
synthetic/images/img038281.jpg,synthetic_val,1794,1590,176.4
synthetic/images/img038314.jpg,synthetic_val,1183,1594,103.451
synthetic/images/img038448.jpg,synthetic_val,801,795,178.004
synthetic/images/img038540.jpg,synthetic_val,483,51,94.2329
synthetic/images/img038588.jpg,synthetic_val,687,1192,25.3462
synthetic/images/img038649.jpg,synthetic_val,2897,2897,9.92124
synthetic/images/img038680.jpg,synthetic_val,2510,2674,123.718
synthetic/images/img038752.jpg,synthetic_val,168,13,19.2478
synthetic/images/img038758.jpg,synthetic_val,1713,1533,99.0974
synthetic/images/img038773.jpg,synthetic_val,203,132,12.4712
synthetic/images/img038791.jpg,synthetic_val,1927,809,179.535
synthetic/images/img038795.jpg,synthetic_val,381,69,29.4947
synthetic/images/img038871.jpg,synthetic_val,255,770,174.458
synthetic/images/img038882.jpg,synthetic_val,2606,2197,23.9157
synthetic/images/img038909.jpg,synthetic_val,1950,2888,67.2486
synthetic/images/img038990.jpg,synthetic_val,784,940,19.3179
synthetic/images/img039018.jpg,synthetic_val,569,569,9.98378
synthetic/images/img039049.jpg,synthetic_val,2925,2987,35.0763
synthetic/images/img039065.jpg,synthetic_val,845,1253,12.4105
synthetic/images/img039069.jpg,synthetic_val,1340,1090,70.2024
synthetic/images/img039103.jpg,synthetic_val,2487,2487,4.89381
synthetic/images/img039122.jpg,synthetic_val,434,281,75.2457
synthetic/images/img039196.jpg,synthetic_val,108,218,96.611
synthetic/images/img039259.jpg,synthetic_val,674,518,19.822
synthetic/images/img039268.jpg,synthetic_val,2920,2824,12.3494
synthetic/images/img039371.jpg,synthetic_val,2615,2864,87.1602
synthetic/images/img039383.jpg,synthetic_val,994,1084,163.168
synthetic/images/img039505.jpg,synthetic_val,1146,738,14.8003
synthetic/images/img039575.jpg,synthetic_val,1064,1216,112.145
synthetic/images/img039604.jpg,synthetic_val,1299,1600,161.285
synthetic/images/img039614.jpg,synthetic_val,1688,1636,171.958
synthetic/images/img039645.jpg,synthetic_val,2448,2604,19.0901
synthetic/images/img039691.jpg,synthetic_val,969,592,176.643
synthetic/images/img039693.jpg,synthetic_val,2966,3054,19.2408
synthetic/images/img039715.jpg,synthetic_val,2246,2090,13.8043
synthetic/images/img039779.jpg,synthetic_val,1903,2310,32.6912
synthetic/images/img039785.jpg,synthetic_val,2506,2411,17.726
synthetic/images/img039798.jpg,synthetic_val,1548,1704,18.988
synthetic/images/img039801.jpg,synthetic_val,3057,3070,164.537
synthetic/images/img039823.jpg,synthetic_val,1034,975,23.8414
synthetic/images/img039897.jpg,synthetic_val,535,283,12.9985
synthetic/images/img039902.jpg,synthetic_val,2183,1210,43.0103
synthetic/images/img039965.jpg,synthetic_val,2598,2503,13.3639
synthetic/images/img039989.jpg,synthetic_val,2765,2823,87.3377
synthetic/images/img039993.jpg,synthetic_val,1335,1496,161.96
synthetic/images/img040008.jpg,synthetic_val,1585,1592,155.336
synthetic/images/img040043.jpg,synthetic_val,1984,758,73.7937
synthetic/images/img040047.jpg,synthetic_val,1878,2130,15.5275
synthetic/images/img040056.jpg,synthetic_val,1685,1886,164.697
synthetic/images/img040058.jpg,synthetic_val,113,328,24.345
synthetic/images/img040066.jpg,synthetic_val,435,1053,118.662
synthetic/images/img040100.jpg,synthetic_val,2133,2224,137.814
synthetic/images/img040134.jpg,synthetic_val,2925,3047,27.516
synthetic/images/img040165.jpg,synthetic_val,1428,1732,175.15
synthetic/images/img040211.jpg,synthetic_val,2922,2990,32.7678
synthetic/images/img040227.jpg,synthetic_val,2961,2644,121.289
synthetic/images/img040231.jpg,synthetic_val,2367,2367,10.0073
synthetic/images/img040237.jpg,synthetic_val,1899,1492,36.4259
synthetic/images/img040240.jpg,synthetic_val,41,3,9.07319
synthetic/images/img040272.jpg,synthetic_val,952,1768,31.3554
synthetic/images/img040315.jpg,synthetic_val,2395,2993,44.4792
synthetic/images/img040461.jpg,synthetic_val,2929,3010,27.1217
synthetic/images/img040505.jpg,synthetic_val,1190,938,14.6009
synthetic/images/img040619.jpg,synthetic_val,2220,1656,21.4991
synthetic/images/img040683.jpg,synthetic_val,2497,2497,7.8671
synthetic/images/img040709.jpg,synthetic_val,344,752,16.1738
synthetic/images/img040764.jpg,synthetic_val,500,398,157.842
synthetic/images/img040861.jpg,synthetic_val,494,649,32.1472
synthetic/images/img040894.jpg,synthetic_val,395,550,28.893
synthetic/images/img040899.jpg,synthetic_val,802,958,10.3395
synthetic/images/img041039.jpg,synthetic_val,94,191,15.6209
synthetic/images/img041082.jpg,synthetic_val,2184,2184,7.747
synthetic/images/img041126.jpg,synthetic_val,87,70,129.951
synthetic/images/img041213.jpg,synthetic_val,2659,2503,15.0656
synthetic/images/img041258.jpg,synthetic_val,2987,2865,24.2955
synthetic/images/img041268.jpg,synthetic_val,2369,1149,123.725
synthetic/images/img041312.jpg,synthetic_val,561,309,18.8355
synthetic/images/img041372.jpg,synthetic_val,1792,1642,174.882
synthetic/images/img041438.jpg,synthetic_val,689,630,23.0367
synthetic/images/img041484.jpg,synthetic_val,1407,1414,150.24
synthetic/images/img041490.jpg,synthetic_val,2362,2861,152.694
synthetic/images/img041516.jpg,synthetic_val,1214,2037,151.091
synthetic/images/img041528.jpg,synthetic_val,2412,2824,110.604
synthetic/images/img041542.jpg,synthetic_val,22,43,25.5388
synthetic/images/img041593.jpg,synthetic_val,797,892,38.4614
synthetic/images/img041612.jpg,synthetic_val,271,389,31.6329
synthetic/images/img041614.jpg,synthetic_val,851,443,19.3032
synthetic/images/img041766.jpg,synthetic_val,882,1387,43.2825
synthetic/images/img041937.jpg,synthetic_val,1863,1611,9.46372
synthetic/images/img041957.jpg,synthetic_val,2667,3022,119.084
synthetic/images/img041970.jpg,synthetic_val,1230,1433,177.129
synthetic/images/img041987.jpg,synthetic_val,1769,1615,66.3918
synthetic/images/img042058.jpg,synthetic_val,2349,2254,20.9996
synthetic/images/img042077.jpg,synthetic_val,2351,2603,15.6255
synthetic/images/img042148.jpg,synthetic_val,1865,1872,155.01
synthetic/images/img042158.jpg,synthetic_val,2796,2765,114.662
synthetic/images/img042207.jpg,synthetic_val,867,459,18.0938
synthetic/images/img042224.jpg,synthetic_val,1721,1878,23.1254
synthetic/images/img042240.jpg,synthetic_val,2012,1372,133.249
synthetic/images/img042262.jpg,synthetic_val,1464,1212,17.6224
synthetic/images/img042304.jpg,synthetic_val,3051,3048,86.251
synthetic/images/img042342.jpg,synthetic_val,1460,1867,20.6365
synthetic/images/img042362.jpg,synthetic_val,888,636,8.5476
synthetic/images/img042375.jpg,synthetic_val,2813,2813,6.13818
synthetic/images/img042417.jpg,synthetic_val,860,766,83.5611
synthetic/images/img042464.jpg,synthetic_val,289,386,17.6131
synthetic/images/img042511.jpg,synthetic_val,2528,2216,23.3832
synthetic/images/img042547.jpg,synthetic_val,18,77,13.1997
synthetic/images/img042637.jpg,synthetic_val,1580,1834,72.2546
synthetic/images/img042717.jpg,synthetic_val,156,189,40.6145
synthetic/images/img042757.jpg,synthetic_val,1236,1554,169.761
synthetic/images/img042797.jpg,synthetic_val,2026,2019,142.107
synthetic/images/img042810.jpg,synthetic_val,764,1016,8.68043
synthetic/images/img042899.jpg,synthetic_val,349,290,32.0515
synthetic/images/img042943.jpg,synthetic_val,1290,1290,7.07995
synthetic/images/img042996.jpg,synthetic_val,527,682,14.7514
synthetic/images/img042998.jpg,synthetic_val,2102,2414,26.3892
synthetic/images/img043046.jpg,synthetic_val,154,251,17.9151
synthetic/images/img043062.jpg,synthetic_val,175,330,17.2552
synthetic/images/img043067.jpg,synthetic_val,372,528,12.9182
synthetic/images/img043078.jpg,synthetic_val,2494,2337,29.2835
synthetic/images/img043079.jpg,synthetic_val,1801,1644,24.0323
synthetic/images/img043137.jpg,synthetic_val,2747,2388,29.961
synthetic/images/img043209.jpg,synthetic_val,1649,1492,23.2854
synthetic/images/img043253.jpg,synthetic_val,2000,1844,13.1421
synthetic/images/img043270.jpg,synthetic_val,2337,2337,2.03397
synthetic/images/img043309.jpg,synthetic_val,1414,754,28.2516
synthetic/images/img043360.jpg,synthetic_val,2187,2350,165.097
synthetic/images/img043370.jpg,synthetic_val,1504,842,75.2283
synthetic/images/img043404.jpg,synthetic_val,138,487,36.5378
synthetic/images/img043545.jpg,synthetic_val,2579,2831,15.6547
synthetic/images/img043552.jpg,synthetic_val,112,361,102.987
synthetic/images/img043634.jpg,synthetic_val,2553,2454,108.603
synthetic/images/img043651.jpg,synthetic_val,2754,2910,9.87326
synthetic/images/img043686.jpg,synthetic_val,1432,1745,42.99
synthetic/images/img043794.jpg,synthetic_val,908,494,163.909
synthetic/images/img043823.jpg,synthetic_val,87,124,32.505
synthetic/images/img043871.jpg,synthetic_val,1967,1715,17.1855
synthetic/images/img043969.jpg,synthetic_val,393,231,174.09
synthetic/images/img043984.jpg,synthetic_val,2638,2638,5.4645
synthetic/images/img044163.jpg,synthetic_val,983,1432,157.763
synthetic/images/img044210.jpg,synthetic_val,52,52,7.94209
synthetic/images/img044262.jpg,synthetic_val,1008,2334,178.693
synthetic/images/img044274.jpg,synthetic_val,483,386,21.2433
synthetic/images/img044289.jpg,synthetic_val,1593,1749,10.1214
synthetic/images/img044456.jpg,synthetic_val,1254,1206,171.215
synthetic/images/img044489.jpg,synthetic_val,831,423,26.9992
synthetic/images/img044568.jpg,synthetic_val,2136,2041,18.0537
synthetic/images/img044597.jpg,synthetic_val,2510,2257,35.2683
synthetic/images/img044607.jpg,synthetic_val,1355,1704,165.681
synthetic/images/img044635.jpg,synthetic_val,208,364,14.0151
synthetic/images/img044728.jpg,synthetic_val,1977,1977,13.9545
synthetic/images/img044747.jpg,synthetic_val,1646,1142,29.6334
synthetic/images/img044752.jpg,synthetic_val,2375,1715,32.7037
synthetic/images/img044771.jpg,synthetic_val,1165,1824,34.8555
synthetic/images/img044799.jpg,synthetic_val,1756,1251,39.6302
synthetic/images/img044806.jpg,synthetic_val,326,2480,169.842
synthetic/images/img044817.jpg,synthetic_val,760,760,8.20913
synthetic/images/img044822.jpg,synthetic_val,134,158,93.1813
synthetic/images/img044848.jpg,synthetic_val,2150,2561,90.2569
synthetic/images/img044900.jpg,synthetic_val,1027,1185,66.9853
synthetic/images/img045019.jpg,synthetic_val,1922,2084,162.9
synthetic/images/img045041.jpg,synthetic_val,286,286,3.66973
synthetic/images/img045055.jpg,synthetic_val,391,955,33.421
synthetic/images/img045094.jpg,synthetic_val,1387,973,173.458
synthetic/images/img045229.jpg,synthetic_val,2694,2694,10.3317
synthetic/images/img045341.jpg,synthetic_val,317,476,99.0829
synthetic/images/img045435.jpg,synthetic_val,2607,2666,56.8139
synthetic/images/img045454.jpg,synthetic_val,1982,2390,24.7899
synthetic/images/img045462.jpg,synthetic_val,686,2054,167.089
synthetic/images/img045465.jpg,synthetic_val,2503,2095,23.9761
synthetic/images/img045497.jpg,synthetic_val,316,724,22.9363
synthetic/images/img045510.jpg,synthetic_val,285,340,131.971
synthetic/images/img045517.jpg,synthetic_val,2003,2411,14.1894
synthetic/images/img045578.jpg,synthetic_val,2800,2548,18.3561
synthetic/images/img045639.jpg,synthetic_val,2530,2565,36.379
synthetic/images/img045709.jpg,synthetic_val,1361,1613,16.9675
synthetic/images/img045763.jpg,synthetic_val,1746,2251,34.7436
synthetic/images/img045775.jpg,synthetic_val,2979,2865,124.712
synthetic/images/img045806.jpg,synthetic_val,2129,2285,14.0418
synthetic/images/img045906.jpg,synthetic_val,1683,1786,136.528
synthetic/images/img045908.jpg,synthetic_val,806,1062,114.02
synthetic/images/img045939.jpg,synthetic_val,1063,649,178.913
synthetic/images/img045985.jpg,synthetic_val,389,292,19.4138
synthetic/images/img045988.jpg,synthetic_val,2857,2700,16.9606
synthetic/images/img046073.jpg,synthetic_val,2676,2832,13.9872
synthetic/images/img046184.jpg,synthetic_val,2567,2975,25.2147
synthetic/images/img046213.jpg,synthetic_val,794,1978,174
synthetic/images/img046223.jpg,synthetic_val,2005,1755,71.5609
synthetic/images/img046244.jpg,synthetic_val,1675,1417,173.809
synthetic/images/img046251.jpg,synthetic_val,1421,1879,176.059
synthetic/images/img046265.jpg,synthetic_val,1417,1261,17.3893
synthetic/images/img046280.jpg,synthetic_val,2693,2788,12.816
synthetic/images/img046316.jpg,synthetic_val,3061,2921,92.2388
synthetic/images/img046341.jpg,synthetic_val,3071,2922,29.4678
synthetic/images/img046345.jpg,synthetic_val,1035,886,162.504
synthetic/images/img046357.jpg,synthetic_val,1574,1479,36.7342
synthetic/images/img046404.jpg,synthetic_val,874,1030,13.7289
synthetic/images/img046414.jpg,synthetic_val,100,393,101.819
synthetic/images/img046484.jpg,synthetic_val,1884,1980,19.0581
synthetic/images/img046488.jpg,synthetic_val,1562,1310,12.855
synthetic/images/img046539.jpg,synthetic_val,773,620,93.8587
synthetic/images/img046555.jpg,synthetic_val,1071,867,175.677
synthetic/images/img046570.jpg,synthetic_val,49,65,33.0275
synthetic/images/img046574.jpg,synthetic_val,2201,2363,179.278
synthetic/images/img046608.jpg,synthetic_val,1875,1369,77.9007
synthetic/images/img046629.jpg,synthetic_val,2523,2271,11.8837
synthetic/images/img046697.jpg,synthetic_val,1366,1768,178.594
synthetic/images/img046763.jpg,synthetic_val,542,386,17.6807
synthetic/images/img046828.jpg,synthetic_val,2767,2733,30.4104
synthetic/images/img046831.jpg,synthetic_val,1985,1836,142.791
synthetic/images/img046836.jpg,synthetic_val,177,43,21.2034
synthetic/images/img046849.jpg,synthetic_val,1944,1547,25.3329
synthetic/images/img046882.jpg,synthetic_val,291,117,96.8042
synthetic/images/img046929.jpg,synthetic_val,1503,1600,43.3272
synthetic/images/img046951.jpg,synthetic_val,2642,2832,31.026
synthetic/images/img047033.jpg,synthetic_val,1536,1788,10.7288
synthetic/images/img047037.jpg,synthetic_val,567,1077,177.556
synthetic/images/img047050.jpg,synthetic_val,50,3066,163.255
synthetic/images/img047075.jpg,synthetic_val,1239,735,25.0206
synthetic/images/img047092.jpg,synthetic_val,2277,2685,24.8382
synthetic/images/img047104.jpg,synthetic_val,2028,2089,23.776
synthetic/images/img047126.jpg,synthetic_val,1591,1380,176.511
synthetic/images/img047128.jpg,synthetic_val,2969,2466,34.0429
synthetic/images/img047136.jpg,synthetic_val,1017,1924,144.675
synthetic/images/img047242.jpg,synthetic_val,2885,3034,36.6239
synthetic/images/img047245.jpg,synthetic_val,534,690,15.4665
synthetic/images/img047371.jpg,synthetic_val,960,1212,14.7626
synthetic/images/img047373.jpg,synthetic_val,156,38,20.7582
synthetic/images/img047467.jpg,synthetic_val,1447,973,176.804
synthetic/images/img047492.jpg,synthetic_val,169,51,24.6425
synthetic/images/img047538.jpg,synthetic_val,1283,1792,177.056
synthetic/images/img047552.jpg,synthetic_val,2672,2510,177.016
synthetic/images/img047705.jpg,synthetic_val,2363,2111,10.9381
synthetic/images/img047712.jpg,synthetic_val,2068,1817,20.0944
synthetic/images/img047772.jpg,synthetic_val,855,951,22.271
synthetic/images/img047864.jpg,synthetic_val,1400,1556,14.9872
synthetic/images/img047868.jpg,synthetic_val,1714,1846,71.4474
synthetic/images/img047872.jpg,synthetic_val,2082,2334,17.4974
synthetic/images/img047873.jpg,synthetic_val,1738,1738,13.2068
synthetic/images/img047946.jpg,synthetic_val,2661,2603,87.4726
synthetic/images/img047953.jpg,synthetic_val,777,770,147.018
synthetic/images/img048130.jpg,synthetic_val,1770,2022,14.688
synthetic/images/img048200.jpg,synthetic_val,2033,2285,15.8393
synthetic/images/img048220.jpg,synthetic_val,764,764,8.65975
synthetic/images/img048250.jpg,synthetic_val,2358,2248,170.899
synthetic/images/img048264.jpg,synthetic_val,1957,2522,23.0087
synthetic/images/img048272.jpg,synthetic_val,1472,1879,38.0571
synthetic/images/img048374.jpg,synthetic_val,1881,1882,41.7675
synthetic/images/img048420.jpg,synthetic_val,1930,2019,160.74
synthetic/images/img048426.jpg,synthetic_val,2748,2723,78.738
synthetic/images/img048431.jpg,synthetic_val,394,490,15.3053
synthetic/images/img048459.jpg,synthetic_val,1755,1251,20.7075
synthetic/images/img048492.jpg,synthetic_val,935,1085,163.766
synthetic/images/img048566.jpg,synthetic_val,1759,2323,27.8898
synthetic/images/img048619.jpg,synthetic_val,2695,646,142.825
synthetic/images/img048626.jpg,synthetic_val,422,207,28.237
synthetic/images/img048641.jpg,synthetic_val,2463,2463,10.2114
synthetic/images/img048685.jpg,synthetic_val,678,678,10.4812
synthetic/images/img048880.jpg,synthetic_val,890,2522,66.363
synthetic/images/img048903.jpg,synthetic_val,2064,1571,31.1575
synthetic/images/img048905.jpg,synthetic_val,1909,1098,148.99
synthetic/images/img049028.jpg,synthetic_val,636,132,26.7283
synthetic/images/img049048.jpg,synthetic_val,262,784,130.159
synthetic/images/img049099.jpg,synthetic_val,2211,2367,15.8119
synthetic/images/img049133.jpg,synthetic_val,2230,1874,116.343
synthetic/images/img049150.jpg,synthetic_val,135,39,14.1535
synthetic/images/img049207.jpg,synthetic_val,2342,2603,87.8352
synthetic/images/img049276.jpg,synthetic_val,2243,2281,143.909
synthetic/images/img049289.jpg,synthetic_val,41,255,36.342
synthetic/images/img049310.jpg,synthetic_val,284,380,21.1327
synthetic/images/img049452.jpg,synthetic_val,1504,1098,72.2496
synthetic/images/img049464.jpg,synthetic_val,2830,2940,21.2447
synthetic/images/img049481.jpg,synthetic_val,2587,2281,116.007
synthetic/images/img049506.jpg,synthetic_val,2117,1964,91.2735
synthetic/images/img049536.jpg,synthetic_val,1465,1613,158.123
synthetic/images/img049540.jpg,synthetic_val,1316,1569,38.5258
synthetic/images/img049639.jpg,synthetic_val,1142,1142,14.0486
synthetic/images/img049717.jpg,synthetic_val,2890,3020,26.935
synthetic/images/img049727.jpg,synthetic_val,463,774,37.7419
synthetic/images/img049793.jpg,synthetic_val,142,239,17.2024
synthetic/images/img049818.jpg,synthetic_val,501,598,14.5972
synthetic/images/img049943.jpg,synthetic_val,1460,1665,176.76
synthetic/images/img049962.jpg,synthetic_val,1898,1238,31.8196
synthetic/images/img050038.jpg,synthetic_val,2337,2902,36.4507
synthetic/images/img050084.jpg,synthetic_val,2161,1962,147.921
synthetic/images/img050086.jpg,synthetic_val,13,2069,112.933
synthetic/images/img050100.jpg,synthetic_val,2038,2036,52.3466
synthetic/images/img050179.jpg,synthetic_val,1222,1471,90.9923
synthetic/images/img050198.jpg,synthetic_val,1128,972,12.254
synthetic/images/img050208.jpg,synthetic_val,542,643,132.186
synthetic/images/img050261.jpg,synthetic_val,1727,1515,171.671
synthetic/images/img050270.jpg,synthetic_val,1705,1870,87.1549
synthetic/images/img050288.jpg,synthetic_val,2052,2053,22.6902
synthetic/images/img050360.jpg,synthetic_val,2774,2930,11.9211
synthetic/images/img050371.jpg,synthetic_val,1621,1882,86.8988
synthetic/images/img050543.jpg,synthetic_val,2997,2902,14.7841
synthetic/images/img050602.jpg,synthetic_val,26,77,97.5658
synthetic/images/img050626.jpg,synthetic_val,1126,1372,170.782
synthetic/images/img050635.jpg,synthetic_val,406,656,68.5527
synthetic/images/img050661.jpg,synthetic_val,1427,1679,12.5266
synthetic/images/img050729.jpg,synthetic_val,1678,1012,167.962
synthetic/images/img050749.jpg,synthetic_val,98,312,26.3011
synthetic/images/img050834.jpg,synthetic_val,1295,1295,3.60064
synthetic/images/img050858.jpg,synthetic_val,96,499,72.0694
synthetic/images/img050916.jpg,synthetic_val,2920,3069,23.1708
synthetic/images/img051019.jpg,synthetic_val,911,1415,28.2428
synthetic/images/img051020.jpg,synthetic_val,738,330,22.8212
synthetic/images/img051045.jpg,synthetic_val,2212,1846,174.106
synthetic/images/img051051.jpg,synthetic_val,589,589,7.14406
synthetic/images/img051064.jpg,synthetic_val,2366,1965,142.52
synthetic/images/img051065.jpg,synthetic_val,1968,1716,12.9049
synthetic/images/img051123.jpg,synthetic_val,912,853,25.8743
synthetic/images/img051254.jpg,synthetic_val,2607,2770,162.494
synthetic/images/img051255.jpg,synthetic_val,1860,1463,19.8019
synthetic/images/img051263.jpg,synthetic_val,464,965,106.063
synthetic/images/img051272.jpg,synthetic_val,2237,2142,18.3673
synthetic/images/img051391.jpg,synthetic_val,2112,2160,172.135
synthetic/images/img051394.jpg,synthetic_val,1371,1531,129.165
synthetic/images/img051489.jpg,synthetic_val,1803,1959,20.386
synthetic/images/img051501.jpg,synthetic_val,2867,2898,111.166
synthetic/images/img051540.jpg,synthetic_val,2757,2692,121.072
synthetic/images/img051627.jpg,synthetic_val,326,69,46.9073
synthetic/images/img051634.jpg,synthetic_val,121,217,18.8997
synthetic/images/img051661.jpg,synthetic_val,1327,1372,160.421
synthetic/images/img051710.jpg,synthetic_val,1406,1918,112.575
synthetic/images/img051732.jpg,synthetic_val,2469,2625,22.7259
synthetic/images/img051765.jpg,synthetic_val,784,880,16.8565
synthetic/images/img051867.jpg,synthetic_val,2340,2595,89.012
synthetic/images/img051915.jpg,synthetic_val,2417,2324,77.5926
synthetic/images/img051973.jpg,synthetic_val,399,903,22.0353
synthetic/images/img051985.jpg,synthetic_val,2670,2768,84.3731
synthetic/images/img052004.jpg,synthetic_val,2092,1936,9.10482
synthetic/images/img052117.jpg,synthetic_val,1213,708,22.4338
synthetic/images/img052125.jpg,synthetic_val,183,86,9.30811
synthetic/images/img052140.jpg,synthetic_val,292,542,63.3092
synthetic/images/img052297.jpg,synthetic_val,567,218,29.201
synthetic/images/img052399.jpg,synthetic_val,2083,1979,136.066
synthetic/images/img052412.jpg,synthetic_val,1993,1080,42.752
synthetic/images/img052431.jpg,synthetic_val,2245,2041,171.502
synthetic/images/img052468.jpg,synthetic_val,1871,1808,78.4483
synthetic/images/img052494.jpg,synthetic_val,2461,2617,13.7459
synthetic/images/img052503.jpg,synthetic_val,2202,414,82.3649
synthetic/images/img052580.jpg,synthetic_val,210,559,32.2377
synthetic/images/img052635.jpg,synthetic_val,1252,1565,48.7506
synthetic/images/img052700.jpg,synthetic_val,2689,2403,45.5157
synthetic/images/img052798.jpg,synthetic_val,136,370,108.254
synthetic/images/img052807.jpg,synthetic_val,1704,1860,9.10737
synthetic/images/img052838.jpg,synthetic_val,858,1266,19.232
synthetic/images/img052927.jpg,synthetic_val,2076,1927,133.945
synthetic/images/img052985.jpg,synthetic_val,1709,1613,27.3282
synthetic/images/img053014.jpg,synthetic_val,1632,1638,167.349
synthetic/images/img053035.jpg,synthetic_val,2533,2037,132.833
synthetic/images/img053052.jpg,synthetic_val,157,774,92.1566
synthetic/images/img053083.jpg,synthetic_val,492,516,80.65
synthetic/images/img053094.jpg,synthetic_val,192,289,19.7392
synthetic/images/img053099.jpg,synthetic_val,1177,1594,81.8331
synthetic/images/img053122.jpg,synthetic_val,1561,1562,41.7443
synthetic/images/img053167.jpg,synthetic_val,2167,2071,21.0304
synthetic/images/img053204.jpg,synthetic_val,2260,2008,12.2347
synthetic/images/img053272.jpg,synthetic_val,2066,2570,26.3005
synthetic/images/img053274.jpg,synthetic_val,2083,1831,12.6755
synthetic/images/img053334.jpg,synthetic_val,1889,1793,16.8517
synthetic/images/img053361.jpg,synthetic_val,1174,1329,36.5304
synthetic/images/img053402.jpg,synthetic_val,1131,880,29.8532
synthetic/images/img053436.jpg,synthetic_val,1731,1730,26.8201
synthetic/images/img053485.jpg,synthetic_val,1298,1463,96.7122
synthetic/images/img053496.jpg,synthetic_val,925,931,175.082
synthetic/images/img053558.jpg,synthetic_val,716,364,103.523
synthetic/images/img053726.jpg,synthetic_val,704,2068,163.415
synthetic/images/img053733.jpg,synthetic_val,2480,2726,171.373
synthetic/images/img053753.jpg,synthetic_val,1974,2382,15.5187
synthetic/images/img053923.jpg,synthetic_val,2173,2424,28.0644
synthetic/images/img053927.jpg,synthetic_val,1949,1444,44.8622
synthetic/images/img054060.jpg,synthetic_val,628,323,174.339
synthetic/images/img054083.jpg,synthetic_val,572,883,22.9627
synthetic/images/img054106.jpg,synthetic_val,1389,1738,40.2425
synthetic/images/img054146.jpg,synthetic_val,267,401,38.8552
synthetic/images/img054198.jpg,synthetic_val,2201,2357,10.1679
synthetic/images/img054270.jpg,synthetic_val,2332,2644,29.9297
synthetic/images/img054329.jpg,synthetic_val,2524,2463,24.5542
synthetic/images/img054354.jpg,synthetic_val,2157,2305,105.601
synthetic/images/img054359.jpg,synthetic_val,2203,1951,14.9296
synthetic/images/img054384.jpg,synthetic_val,24,92,87.8046
synthetic/images/img054419.jpg,synthetic_val,783,880,21.9174
synthetic/images/img054428.jpg,synthetic_val,2093,2092,31.9726
synthetic/images/img054432.jpg,synthetic_val,1238,1238,1.69635
synthetic/images/img054446.jpg,synthetic_val,340,1253,40.8061
synthetic/images/img054462.jpg,synthetic_val,1106,1261,26.2085
synthetic/images/img054510.jpg,synthetic_val,2192,1940,15.8507
synthetic/images/img054524.jpg,synthetic_val,2623,2216,37.9223
synthetic/images/img054536.jpg,synthetic_val,1971,2135,120.198
synthetic/images/img054558.jpg,synthetic_val,1883,1882,29.6838
synthetic/images/img054639.jpg,synthetic_val,1142,892,73.502
synthetic/images/img054660.jpg,synthetic_val,2443,2790,20.0454
synthetic/images/img054693.jpg,synthetic_val,2854,2602,23.9587
synthetic/images/img054709.jpg,synthetic_val,1539,1792,30.7753
synthetic/images/img054750.jpg,synthetic_val,1974,1152,171.032
synthetic/images/img054779.jpg,synthetic_val,813,364,118.606
synthetic/images/img054797.jpg,synthetic_val,976,1130,44.2392
synthetic/images/img054835.jpg,synthetic_val,2552,2552,7.39855
synthetic/images/img054933.jpg,synthetic_val,621,555,159.777
synthetic/images/img054934.jpg,synthetic_val,712,621,170.815
synthetic/images/img055129.jpg,synthetic_val,1180,1180,4.63556
synthetic/images/img055132.jpg,synthetic_val,1364,1363,17.0131
synthetic/images/img055242.jpg,synthetic_val,1104,636,38.9525
synthetic/images/img055287.jpg,synthetic_val,41,441,110.697
synthetic/images/img055295.jpg,synthetic_val,3048,2999,11.8199
synthetic/images/img055337.jpg,synthetic_val,2714,2775,16.4397
synthetic/images/img055348.jpg,synthetic_val,325,207,37.2406
synthetic/images/img055356.jpg,synthetic_val,1667,1823,11.769
synthetic/images/img055439.jpg,synthetic_val,2150,2558,12.4804
synthetic/images/img055495.jpg,synthetic_val,3006,3048,32.7568
synthetic/images/img055513.jpg,synthetic_val,2173,601,59.3862
synthetic/images/img055515.jpg,synthetic_val,1357,1861,21.007
synthetic/images/img055550.jpg,synthetic_val,2812,2812,4.71701
synthetic/images/img055568.jpg,synthetic_val,1930,1766,119.269
synthetic/images/img055632.jpg,synthetic_val,990,834,8.79674
synthetic/images/img055645.jpg,synthetic_val,2655,2506,147.551
synthetic/images/img055648.jpg,synthetic_val,1397,1704,160.137
synthetic/images/img055658.jpg,synthetic_val,723,1042,140.253
synthetic/images/img055663.jpg,synthetic_val,455,203,11.3998
synthetic/images/img055702.jpg,synthetic_val,1940,1072,172.538
synthetic/images/img055710.jpg,synthetic_val,1107,1767,21.3689
synthetic/images/img055713.jpg,synthetic_val,1697,1601,19.676
synthetic/images/img055714.jpg,synthetic_val,2674,2674,10.0284
synthetic/images/img055841.jpg,synthetic_val,1907,1904,82.8461
synthetic/images/img055859.jpg,synthetic_val,1612,1768,17.1938
synthetic/images/img055892.jpg,synthetic_val,2359,1951,21.5469
synthetic/images/img055903.jpg,synthetic_val,870,233,75.2194
synthetic/images/img055921.jpg,synthetic_val,2983,2975,38.6936
synthetic/images/img056021.jpg,synthetic_val,1356,1869,85.8652
synthetic/images/img056036.jpg,synthetic_val,2957,2991,15.4638
synthetic/images/img056076.jpg,synthetic_val,1055,2268,49.9696
synthetic/images/img056156.jpg,synthetic_val,83,125,42.9529
synthetic/images/img056181.jpg,synthetic_val,780,876,23.7102
synthetic/images/img056229.jpg,synthetic_val,2813,2473,69.4402
synthetic/images/img056288.jpg,synthetic_val,841,589,13.5393
synthetic/images/img056335.jpg,synthetic_val,1500,1962,163.854
synthetic/images/img056391.jpg,synthetic_val,1246,783,144.962
synthetic/images/img056526.jpg,synthetic_val,562,770,144.377
synthetic/images/img056530.jpg,synthetic_val,1929,1673,113.292
synthetic/images/img056602.jpg,synthetic_val,337,493,7.73421
synthetic/images/img056609.jpg,synthetic_val,293,1047,83.3971
synthetic/images/img056791.jpg,synthetic_val,252,71,15.6157
synthetic/images/img056843.jpg,synthetic_val,2057,2465,22.6146
synthetic/images/img056895.jpg,synthetic_val,2106,2765,37.3023
synthetic/images/img056941.jpg,synthetic_val,325,266,15.1964
synthetic/images/img056945.jpg,synthetic_val,1940,1844,14.3567
synthetic/images/img056957.jpg,synthetic_val,929,1337,14.9833
synthetic/images/img057004.jpg,synthetic_val,1298,1551,27.6666
synthetic/images/img057033.jpg,synthetic_val,1721,1571,177.063
synthetic/images/img057041.jpg,synthetic_val,1165,1631,168.182
synthetic/images/img057079.jpg,synthetic_val,2172,2024,105.727
synthetic/images/img057086.jpg,synthetic_val,601,601,6.1013
synthetic/images/img057125.jpg,synthetic_val,2350,2602,14.524
synthetic/images/img057146.jpg,synthetic_val,1285,1091,159.872
synthetic/images/img057193.jpg,synthetic_val,2704,2391,14.4519
synthetic/images/img057199.jpg,synthetic_val,3002,3028,22.6191
synthetic/images/img057302.jpg,synthetic_val,2847,3041,109.654
synthetic/images/img057316.jpg,synthetic_val,551,647,15.76
synthetic/images/img057331.jpg,synthetic_val,1887,1797,170.37
synthetic/images/img057338.jpg,synthetic_val,1687,1594,77.5462
synthetic/images/img057360.jpg,synthetic_val,2309,2656,30.5487
synthetic/images/img057380.jpg,synthetic_val,1165,1879,179.624
synthetic/images/img057411.jpg,synthetic_val,1646,1646,14.4068
synthetic/images/img057494.jpg,synthetic_val,2122,2024,72.199
synthetic/images/img057502.jpg,synthetic_val,3045,2915,20.0279
synthetic/images/img057505.jpg,synthetic_val,1377,826,146.978
synthetic/images/img057554.jpg,synthetic_val,1248,1415,24.6728
synthetic/images/img057561.jpg,synthetic_val,1695,1698,82.4615
synthetic/images/img057613.jpg,synthetic_val,2672,2519,92.561
synthetic/images/img057614.jpg,synthetic_val,1520,1670,167.955
synthetic/images/img057648.jpg,synthetic_val,2314,1907,32.5621
synthetic/images/img057670.jpg,synthetic_val,3052,2758,49.0339
synthetic/images/img057718.jpg,synthetic_val,1471,1882,102.262
synthetic/images/img057732.jpg,synthetic_val,2894,2492,179.294
synthetic/images/img057747.jpg,synthetic_val,2690,2690,9.80323
synthetic/images/img057778.jpg,synthetic_val,2629,2506,154.447
synthetic/images/img057782.jpg,synthetic_val,1398,1649,40.929
synthetic/images/img057810.jpg,synthetic_val,752,386,103.083
synthetic/images/img057816.jpg,synthetic_val,1055,1296,19.8792
synthetic/images/img057914.jpg,synthetic_val,1187,1090,25.7507
synthetic/images/img057935.jpg,synthetic_val,1626,1625,38.3415
synthetic/images/img057966.jpg,synthetic_val,300,804,24.9977
synthetic/images/img057992.jpg,synthetic_val,70,440,34.2521
synthetic/images/img058001.jpg,synthetic_val,639,1203,24.8542
synthetic/images/img058007.jpg,synthetic_val,1488,1907,22.297
synthetic/images/img058074.jpg,synthetic_val,1896,1584,33.9236
synthetic/images/img058102.jpg,synthetic_val,2384,1058,177.056
synthetic/images/img058131.jpg,synthetic_val,627,1965,165.202
synthetic/images/img058193.jpg,synthetic_val,2355,2749,176.079
synthetic/images/img058312.jpg,synthetic_val,742,684,137.572
synthetic/images/img058321.jpg,synthetic_val,1355,1305,177.578
synthetic/images/img058392.jpg,synthetic_val,1920,1668,9.8468
synthetic/images/img058427.jpg,synthetic_val,1764,1764,5.32919
synthetic/images/img058463.jpg,synthetic_val,2378,1316,173.743
synthetic/images/img058465.jpg,synthetic_val,410,662,13.4248
synthetic/images/img058470.jpg,synthetic_val,1629,1418,174.526
synthetic/images/img058479.jpg,synthetic_val,2766,2827,17.0064
synthetic/images/img058541.jpg,synthetic_val,2224,2068,17.51
synthetic/images/img058603.jpg,synthetic_val,332,454,124.811
synthetic/images/img058622.jpg,synthetic_val,1178,1594,132.037
synthetic/images/img058673.jpg,synthetic_val,513,357,13.1005
synthetic/images/img058682.jpg,synthetic_val,2903,2746,21.5551
synthetic/images/img058719.jpg,synthetic_val,1123,1279,16.0611
synthetic/images/img058720.jpg,synthetic_val,1604,1462,148.802
synthetic/images/img058866.jpg,synthetic_val,984,673,20.202
synthetic/images/img058889.jpg,synthetic_val,1479,1483,107.245
synthetic/images/img058919.jpg,synthetic_val,226,122,134.884
synthetic/images/img058927.jpg,synthetic_val,1022,1788,166.783
synthetic/images/img058934.jpg,synthetic_val,1607,1295,23.8438
synthetic/images/img058996.jpg,synthetic_val,2115,2775,26.0472
synthetic/images/img059030.jpg,synthetic_val,2319,2326,154.566
synthetic/images/img059049.jpg,synthetic_val,2768,2921,99.1036
synthetic/images/img059189.jpg,synthetic_val,2449,2196,34.3493
synthetic/images/img059245.jpg,synthetic_val,2287,2446,89.6211
synthetic/images/img059279.jpg,synthetic_val,1963,1963,11.5056
synthetic/images/img059359.jpg,synthetic_val,2165,2162,91.4454
synthetic/images/img059396.jpg,synthetic_val,1012,1012,8.92884
synthetic/images/img059514.jpg,synthetic_val,2836,2993,24.4573
synthetic/images/img059541.jpg,synthetic_val,1598,1441,34.8335
synthetic/images/img059612.jpg,synthetic_val,2766,2922,16.4384
synthetic/images/img059714.jpg,synthetic_val,1903,1904,16.458
synthetic/images/img059729.jpg,synthetic_val,882,1293,98.1726
synthetic/images/img059741.jpg,synthetic_val,2353,2509,15.942
synthetic/images/img059763.jpg,synthetic_val,1455,1462,139.874
synthetic/images/img059775.jpg,synthetic_val,2600,2185,153.716
synthetic/images/img059828.jpg,synthetic_val,1108,1726,170.282
synthetic/images/img059835.jpg,synthetic_val,867,1274,23.2097
synthetic/images/img059910.jpg,synthetic_val,139,1674,77.7218
synthetic/images/img059929.jpg,synthetic_val,2443,2192,21.6101
synthetic/images/img059935.jpg,synthetic_val,1910,1909,18.0541
lightbox/images/img000002.jpg,lightbox,387,2584,100.01
lightbox/images/img000003.jpg,lightbox,2422,2888,92.3822
lightbox/images/img000008.jpg,lightbox,2697,2888,31.3671
lightbox/images/img000009.jpg,lightbox,1316,1492,123.619
lightbox/images/img000024.jpg,lightbox,2517,2256,97.7546
lightbox/images/img000035.jpg,lightbox,1310,2480,167.318
lightbox/images/img000057.jpg,lightbox,1970,2473,24.0617
lightbox/images/img000058.jpg,lightbox,1142,1648,74.8042
lightbox/images/img000061.jpg,lightbox,995,743,16.1227
lightbox/images/img000063.jpg,lightbox,2078,1623,172.013
lightbox/images/img000066.jpg,lightbox,3012,2448,31.9612
lightbox/images/img000086.jpg,lightbox,319,633,86.3969
lightbox/images/img000099.jpg,lightbox,166,418,23.0019
lightbox/images/img000124.jpg,lightbox,1393,1551,71.2819
lightbox/images/img000130.jpg,lightbox,2441,2502,19.1712
lightbox/images/img000133.jpg,lightbox,2779,1792,174.857
lightbox/images/img000140.jpg,lightbox,2352,630,177.363
lightbox/images/img000141.jpg,lightbox,411,2700,129.984
lightbox/images/img000164.jpg,lightbox,2946,2824,33.2988
lightbox/images/img000169.jpg,lightbox,1637,1938,161.49
lightbox/images/img000176.jpg,lightbox,1127,2191,124.742
lightbox/images/img000177.jpg,lightbox,2833,2966,102.277
lightbox/images/img000178.jpg,lightbox,2590,2934,102.27
lightbox/images/img000182.jpg,lightbox,2816,2603,122.077
lightbox/images/img000188.jpg,lightbox,776,2394,168.099
lightbox/images/img000199.jpg,lightbox,2186,2596,49.2379
lightbox/images/img000203.jpg,lightbox,748,2641,141.736
lightbox/images/img000209.jpg,lightbox,1917,1194,82.1189
lightbox/images/img000213.jpg,lightbox,2096,2191,17.9149
lightbox/images/img000226.jpg,lightbox,705,2700,117.968
lightbox/images/img000239.jpg,lightbox,2367,2622,103.484
lightbox/images/img000245.jpg,lightbox,67,2562,179.355
lightbox/images/img000248.jpg,lightbox,2099,2191,118.189
lightbox/images/img000251.jpg,lightbox,761,2026,148.259
lightbox/images/img000261.jpg,lightbox,583,878,121.592
lightbox/images/img000264.jpg,lightbox,2899,1475,127.676
lightbox/images/img000267.jpg,lightbox,1426,1599,152.783
lightbox/images/img000275.jpg,lightbox,657,1882,53.8741
lightbox/images/img000280.jpg,lightbox,2492,1927,31.5999
lightbox/images/img000290.jpg,lightbox,1695,1492,179.276
lightbox/images/img000298.jpg,lightbox,10,132,22.585
lightbox/images/img000315.jpg,lightbox,168,2466,176.957
lightbox/images/img000318.jpg,lightbox,773,773,9.34044
lightbox/images/img000319.jpg,lightbox,1681,1526,44.4762
lightbox/images/img000320.jpg,lightbox,535,535,9.25361
lightbox/images/img000321.jpg,lightbox,2069,1669,135.586
lightbox/images/img000334.jpg,lightbox,208,1221,127.388
lightbox/images/img000340.jpg,lightbox,289,2385,165.68
lightbox/images/img000345.jpg,lightbox,1485,1845,169.734
lightbox/images/img000349.jpg,lightbox,3039,2977,27.86
lightbox/images/img000351.jpg,lightbox,2991,1492,129.543
lightbox/images/img000359.jpg,lightbox,125,2848,154.745
lightbox/images/img000363.jpg,lightbox,624,2722,166.784
lightbox/images/img000366.jpg,lightbox,725,473,14.5487
lightbox/images/img000367.jpg,lightbox,3012,2641,85.8089
lightbox/images/img000376.jpg,lightbox,1616,1768,116.835
lightbox/images/img000377.jpg,lightbox,2162,2512,84.2792
lightbox/images/img000401.jpg,lightbox,1675,1368,171.497
lightbox/images/img000403.jpg,lightbox,879,1594,156.281
lightbox/images/img000410.jpg,lightbox,513,2797,149.437
lightbox/images/img000430.jpg,lightbox,1450,1492,171.194
lightbox/images/img000434.jpg,lightbox,2087,1656,132.726
lightbox/images/img000449.jpg,lightbox,817,662,17.9742
lightbox/images/img000450.jpg,lightbox,1584,2251,137.542
lightbox/images/img000458.jpg,lightbox,2372,2271,160.857
lightbox/images/img000460.jpg,lightbox,1982,1330,136.215
lightbox/images/img000472.jpg,lightbox,1411,1666,93.7974
lightbox/images/img000479.jpg,lightbox,1442,1688,173.301
lightbox/images/img000481.jpg,lightbox,2910,2910,7.41693
lightbox/images/img000493.jpg,lightbox,2180,2172,124.794
lightbox/images/img000496.jpg,lightbox,2439,2595,9.25281
lightbox/images/img000497.jpg,lightbox,17,1566,106.31
lightbox/images/img000499.jpg,lightbox,1028,1277,94.3421
lightbox/images/img000503.jpg,lightbox,1371,1779,19.6003
lightbox/images/img000507.jpg,lightbox,2528,2528,10.9933
lightbox/images/img000510.jpg,lightbox,1569,1818,90.8059
lightbox/images/img000512.jpg,lightbox,484,235,89.312
lightbox/images/img000514.jpg,lightbox,99,314,23.6864
lightbox/images/img000518.jpg,lightbox,1963,1558,80.9631
lightbox/images/img000525.jpg,lightbox,2548,2453,22.8437
lightbox/images/img000528.jpg,lightbox,1872,1219,161.624
lightbox/images/img000532.jpg,lightbox,525,272,21.794
lightbox/images/img000538.jpg,lightbox,2432,2026,68.2509
lightbox/images/img000539.jpg,lightbox,3057,2829,92.263
lightbox/images/img000542.jpg,lightbox,2368,2617,83.709
lightbox/images/img000554.jpg,lightbox,210,207,94.3696
lightbox/images/img000555.jpg,lightbox,1543,1543,3.71701
lightbox/images/img000564.jpg,lightbox,2932,2567,104.849
lightbox/images/img000571.jpg,lightbox,2572,2318,73.1407
lightbox/images/img000583.jpg,lightbox,2670,684,171.565
lightbox/images/img000587.jpg,lightbox,271,1792,140.726
lightbox/images/img000605.jpg,lightbox,2747,2590,27.0964
lightbox/images/img000620.jpg,lightbox,2839,2975,177.524
lightbox/images/img000628.jpg,lightbox,674,886,126.43
lightbox/images/img000629.jpg,lightbox,2966,2921,106.642
lightbox/images/img000643.jpg,lightbox,2717,2465,17.7052
lightbox/images/img000645.jpg,lightbox,15,90,27.7346
lightbox/images/img000646.jpg,lightbox,1008,1925,159.944
lightbox/images/img000655.jpg,lightbox,1616,2622,64.625
lightbox/images/img000666.jpg,lightbox,2540,2635,30.0016
lightbox/images/img000667.jpg,lightbox,2669,2669,10.2706
lightbox/images/img000671.jpg,lightbox,884,535,25.7725
lightbox/images/img000678.jpg,lightbox,1322,1886,28.6728
lightbox/images/img000690.jpg,lightbox,639,890,32.0488
lightbox/images/img000695.jpg,lightbox,422,740,170.602
lightbox/images/img000696.jpg,lightbox,2219,2466,143.561
lightbox/images/img000700.jpg,lightbox,1189,782,24.0092
lightbox/images/img000708.jpg,lightbox,2365,947,179.341
lightbox/images/img000711.jpg,lightbox,2503,2148,124.63
lightbox/images/img000719.jpg,lightbox,1861,2622,164.984
lightbox/images/img000727.jpg,lightbox,2201,779,176.965
lightbox/images/img000737.jpg,lightbox,1184,2422,149.024
lightbox/images/img000744.jpg,lightbox,2192,2603,95.1231
lightbox/images/img000745.jpg,lightbox,508,605,29.4444
lightbox/images/img000746.jpg,lightbox,2088,2191,130.845
lightbox/images/img000773.jpg,lightbox,665,2633,132.189
lightbox/images/img000794.jpg,lightbox,1749,1395,173.985
lightbox/images/img000797.jpg,lightbox,2991,214,165.196
lightbox/images/img000808.jpg,lightbox,1851,1851,10.663
lightbox/images/img000818.jpg,lightbox,164,357,32.8323
lightbox/images/img000823.jpg,lightbox,1301,1301,6.64638
lightbox/images/img000845.jpg,lightbox,2221,1656,25.2184
lightbox/images/img000849.jpg,lightbox,3013,2822,16.6196
lightbox/images/img000856.jpg,lightbox,1900,1089,146.997
lightbox/images/img000858.jpg,lightbox,2375,2026,44.8915
lightbox/images/img000861.jpg,lightbox,1920,2934,169.314
lightbox/images/img000867.jpg,lightbox,2554,322,96.1743
lightbox/images/img000871.jpg,lightbox,720,1792,123.013
lightbox/images/img000878.jpg,lightbox,3068,2790,32.0228
lightbox/images/img000888.jpg,lightbox,2169,2068,166.686
lightbox/images/img000892.jpg,lightbox,172,272,100.749
lightbox/images/img000893.jpg,lightbox,2245,2351,40.4111
lightbox/images/img000894.jpg,lightbox,3067,2910,24.4903
lightbox/images/img000895.jpg,lightbox,53,133,37.3232
lightbox/images/img000904.jpg,lightbox,2530,2060,53.9083
lightbox/images/img000911.jpg,lightbox,952,2061,155.602
lightbox/images/img000915.jpg,lightbox,1173,666,84.3859
lightbox/images/img000919.jpg,lightbox,1996,1590,61.4206
lightbox/images/img000930.jpg,lightbox,515,418,21.4745
lightbox/images/img000932.jpg,lightbox,1343,1846,33.9816
lightbox/images/img000933.jpg,lightbox,2583,2931,38.7265
lightbox/images/img000937.jpg,lightbox,398,554,15.9277
lightbox/images/img000950.jpg,lightbox,6,2229,165.763
lightbox/images/img000951.jpg,lightbox,1103,1355,10.8017
lightbox/images/img000956.jpg,lightbox,2089,2089,8.1067
lightbox/images/img000957.jpg,lightbox,1461,1557,21.4996
lightbox/images/img000962.jpg,lightbox,811,2084,179.162
lightbox/images/img000974.jpg,lightbox,1597,2512,108.892
lightbox/images/img000982.jpg,lightbox,512,2641,166.542
lightbox/images/img000988.jpg,lightbox,2736,2797,25.9571
lightbox/images/img000992.jpg,lightbox,1960,1708,9.53732
lightbox/images/img000995.jpg,lightbox,1116,1779,105.854
lightbox/images/img001003.jpg,lightbox,2409,2817,14.7246
lightbox/images/img001007.jpg,lightbox,1149,1395,170.662
lightbox/images/img001013.jpg,lightbox,680,272,19.5606
lightbox/images/img001018.jpg,lightbox,1748,1333,164.927
lightbox/images/img001026.jpg,lightbox,1742,2061,167.018
lightbox/images/img001030.jpg,lightbox,937,2512,102.166
lightbox/images/img001042.jpg,lightbox,1118,1273,27.051
lightbox/images/img001044.jpg,lightbox,2958,2454,25.5253
lightbox/images/img001045.jpg,lightbox,2413,2160,32.8022
lightbox/images/img001050.jpg,lightbox,1347,783,26.7084
lightbox/images/img001051.jpg,lightbox,1679,1476,42.188
lightbox/images/img001070.jpg,lightbox,695,947,17.1582
lightbox/images/img001087.jpg,lightbox,2162,1909,47.2964
lightbox/images/img001094.jpg,lightbox,634,634,3.48193
lightbox/images/img001105.jpg,lightbox,399,1481,130.714
lightbox/images/img001106.jpg,lightbox,824,883,30.6811
lightbox/images/img001107.jpg,lightbox,1011,1370,173.796
lightbox/images/img001108.jpg,lightbox,477,69,33.6958
lightbox/images/img001109.jpg,lightbox,156,2584,138.168
lightbox/images/img001111.jpg,lightbox,1230,827,161.376
lightbox/images/img001119.jpg,lightbox,2850,2819,109.342
lightbox/images/img001125.jpg,lightbox,762,1882,170.036
lightbox/images/img001129.jpg,lightbox,2593,2641,173.545
lightbox/images/img001139.jpg,lightbox,78,389,21.8534
lightbox/images/img001145.jpg,lightbox,1052,1882,131.761
lightbox/images/img001148.jpg,lightbox,2751,2598,96.0706
lightbox/images/img001150.jpg,lightbox,1531,2976,146.53
lightbox/images/img001154.jpg,lightbox,1497,1398,76.9533
lightbox/images/img001155.jpg,lightbox,938,1913,104.067
lightbox/images/img001159.jpg,lightbox,1941,1533,14.7522
lightbox/images/img001176.jpg,lightbox,1841,1797,168.798
lightbox/images/img001184.jpg,lightbox,2750,2089,46.1544
lightbox/images/img001187.jpg,lightbox,849,688,163.869
lightbox/images/img001196.jpg,lightbox,1764,2976,160.866
lightbox/images/img001199.jpg,lightbox,2887,2772,53.8055
lightbox/images/img001201.jpg,lightbox,1471,1718,160.995
lightbox/images/img001209.jpg,lightbox,1823,1663,110.15
lightbox/images/img001216.jpg,lightbox,1942,1333,84.7209
lightbox/images/img001220.jpg,lightbox,1380,1789,38.125
lightbox/images/img001234.jpg,lightbox,1622,2030,18.1851
lightbox/images/img001236.jpg,lightbox,962,826,148.937
lightbox/images/img001246.jpg,lightbox,2827,2934,134.63
lightbox/images/img001253.jpg,lightbox,3027,2966,14.3494
lightbox/images/img001255.jpg,lightbox,2242,1834,20.948
lightbox/images/img001264.jpg,lightbox,2693,2975,112.353
lightbox/images/img001268.jpg,lightbox,1540,1792,22.3017
lightbox/images/img001280.jpg,lightbox,2782,3041,39.6531
lightbox/images/img001287.jpg,lightbox,835,582,19.1263
lightbox/images/img001288.jpg,lightbox,1727,1656,48.1711
lightbox/images/img001295.jpg,lightbox,1416,1417,23.8137
lightbox/images/img001299.jpg,lightbox,1760,1304,178.271
lightbox/images/img001308.jpg,lightbox,2968,2968,12.1841
lightbox/images/img001314.jpg,lightbox,697,2065,168.556
lightbox/images/img001319.jpg,lightbox,2860,2680,91.5843
lightbox/images/img001323.jpg,lightbox,1817,955,175.681
lightbox/images/img001331.jpg,lightbox,2380,2135,155.028
lightbox/images/img001344.jpg,lightbox,766,863,35.2293
lightbox/images/img001350.jpg,lightbox,1492,1492,4.34297
lightbox/images/img001355.jpg,lightbox,159,508,18.2046
lightbox/images/img001365.jpg,lightbox,1566,1475,162.96
lightbox/images/img001366.jpg,lightbox,1079,826,19.8838
lightbox/images/img001371.jpg,lightbox,2430,2680,65.1164
lightbox/images/img001379.jpg,lightbox,1164,1824,24.6039
lightbox/images/img001382.jpg,lightbox,308,2751,158.891
lightbox/images/img001387.jpg,lightbox,382,732,125.984
lightbox/images/img001396.jpg,lightbox,776,2311,76.0803
lightbox/images/img001400.jpg,lightbox,251,2680,177.208
lightbox/images/img001414.jpg,lightbox,1780,1533,158.923
lightbox/images/img001419.jpg,lightbox,230,386,12.8857
lightbox/images/img001432.jpg,lightbox,1653,1492,157.819
lightbox/images/img001435.jpg,lightbox,648,1105,167.828
lightbox/images/img001436.jpg,lightbox,3004,2848,21.871
lightbox/images/img001440.jpg,lightbox,843,1792,68.768
lightbox/images/img001450.jpg,lightbox,2315,2160,161.713
lightbox/images/img001472.jpg,lightbox,1456,1048,21.1515
lightbox/images/img001474.jpg,lightbox,1704,1415,167.789
lightbox/images/img001482.jpg,lightbox,2438,2603,105.257
lightbox/images/img001485.jpg,lightbox,225,2848,172.642
lightbox/images/img001493.jpg,lightbox,223,433,140.203
lightbox/images/img001496.jpg,lightbox,1458,1710,10.3281
lightbox/images/img001500.jpg,lightbox,290,2622,134.792
lightbox/images/img001506.jpg,lightbox,2371,2054,133.456
lightbox/images/img001520.jpg,lightbox,1688,1779,154.359
lightbox/images/img001526.jpg,lightbox,1562,1566,133.288
lightbox/images/img001532.jpg,lightbox,1176,1789,179.31
lightbox/images/img001542.jpg,lightbox,770,1333,31.1568
lightbox/images/img001557.jpg,lightbox,1807,2053,170.848
lightbox/images/img001559.jpg,lightbox,1655,1907,12.9482
lightbox/images/img001567.jpg,lightbox,2461,2209,13.6979
lightbox/images/img001571.jpg,lightbox,1485,1733,119.572
lightbox/images/img001588.jpg,lightbox,2293,1524,169.986
lightbox/images/img001599.jpg,lightbox,1585,1488,20.9599
lightbox/images/img001603.jpg,lightbox,2355,2103,18.3555
lightbox/images/img001608.jpg,lightbox,2790,2634,15.6411
lightbox/images/img001620.jpg,lightbox,2630,2229,156.715
lightbox/images/img001624.jpg,lightbox,738,330,17.4108
lightbox/images/img001625.jpg,lightbox,2051,1333,176.412
lightbox/images/img001626.jpg,lightbox,915,1077,166.216
lightbox/images/img001632.jpg,lightbox,2629,2629,11.1082
lightbox/images/img001635.jpg,lightbox,787,2153,173.517
lightbox/images/img001642.jpg,lightbox,2938,2859,71.7369
lightbox/images/img001654.jpg,lightbox,800,2422,170.888
lightbox/images/img001662.jpg,lightbox,2838,2872,36.9239
lightbox/images/img001664.jpg,lightbox,1203,1203,6.59907
lightbox/images/img001675.jpg,lightbox,1752,1554,176.356
lightbox/images/img001682.jpg,lightbox,1259,1412,97.5147
lightbox/images/img001684.jpg,lightbox,716,2137,167.273
lightbox/images/img001687.jpg,lightbox,2242,2077,94.3403
lightbox/images/img001688.jpg,lightbox,313,2292,81.9222
lightbox/images/img001713.jpg,lightbox,2271,2830,104.468
lightbox/images/img001721.jpg,lightbox,1295,1294,29.9026
lightbox/images/img001726.jpg,lightbox,2420,1053,174.908
lightbox/images/img001731.jpg,lightbox,2963,2339,66.2671
lightbox/images/img001733.jpg,lightbox,308,560,11.2028
lightbox/images/img001734.jpg,lightbox,2057,1656,152.85
lightbox/images/img001735.jpg,lightbox,2478,1975,33.3378
lightbox/images/img001751.jpg,lightbox,129,2865,121.701
lightbox/images/img001771.jpg,lightbox,2777,2716,20.8949
lightbox/images/img001781.jpg,lightbox,1931,2989,79.4305
lightbox/images/img001784.jpg,lightbox,1771,1363,14.8738
lightbox/images/img001792.jpg,lightbox,12,2026,113.138
lightbox/images/img001800.jpg,lightbox,572,673,108.227
lightbox/images/img001812.jpg,lightbox,715,2098,107.408
lightbox/images/img001813.jpg,lightbox,2140,1882,139.547
lightbox/images/img001817.jpg,lightbox,2063,782,172.305
lightbox/images/img001828.jpg,lightbox,1586,1789,178.604
lightbox/images/img001831.jpg,lightbox,366,2584,142.272
lightbox/images/img001837.jpg,lightbox,115,775,31.8262
lightbox/images/img001839.jpg,lightbox,2034,1524,169.265
lightbox/images/img001869.jpg,lightbox,2362,2674,25.3526
lightbox/images/img001875.jpg,lightbox,2224,826,171.268
lightbox/images/img001876.jpg,lightbox,349,636,82.0542
lightbox/images/img001884.jpg,lightbox,2489,2489,11.9364
lightbox/images/img001886.jpg,lightbox,705,214,107.185
lightbox/images/img001887.jpg,lightbox,1512,1975,161.895
lightbox/images/img001889.jpg,lightbox,502,191,16.8496
lightbox/images/img001893.jpg,lightbox,2019,2271,16.0619
lightbox/images/img001908.jpg,lightbox,2289,1882,36.4545
lightbox/images/img001937.jpg,lightbox,1164,1824,24.752
lightbox/images/img001948.jpg,lightbox,118,2797,174.745
lightbox/images/img001957.jpg,lightbox,309,3028,171.611
lightbox/images/img001958.jpg,lightbox,1381,1837,173.502
lightbox/images/img001976.jpg,lightbox,1112,1115,87.8816
lightbox/images/img001984.jpg,lightbox,1347,2061,165.901
lightbox/images/img001987.jpg,lightbox,2045,1081,172.287
lightbox/images/img001991.jpg,lightbox,2235,2235,3.96653
lightbox/images/img002000.jpg,lightbox,1738,1780,163.971
lightbox/images/img002017.jpg,lightbox,2110,2222,95.9255
lightbox/images/img002018.jpg,lightbox,2546,2389,34.9109
lightbox/images/img002019.jpg,lightbox,1750,1905,21.6287
lightbox/images/img002025.jpg,lightbox,2286,2191,14.8127
lightbox/images/img002032.jpg,lightbox,1449,2060,175.871
lightbox/images/img002034.jpg,lightbox,1372,1059,52.8759
lightbox/images/img002035.jpg,lightbox,669,688,117.038
lightbox/images/img002036.jpg,lightbox,1638,1590,167.17
lightbox/images/img002050.jpg,lightbox,2696,2727,110.254
lightbox/images/img002058.jpg,lightbox,1918,890,172.916
lightbox/images/img002065.jpg,lightbox,1010,1219,146.323
lightbox/images/img002067.jpg,lightbox,671,826,25.1913
lightbox/images/img002070.jpg,lightbox,1780,1882,168.763
lightbox/images/img002071.jpg,lightbox,146,1417,170.364
lightbox/images/img002076.jpg,lightbox,1159,3002,174.562
lightbox/images/img002082.jpg,lightbox,1552,1462,176.908
lightbox/images/img002083.jpg,lightbox,2241,2865,65.3497
lightbox/images/img002089.jpg,lightbox,1549,1704,35.8997
lightbox/images/img002102.jpg,lightbox,1399,1151,127.878
lightbox/images/img002105.jpg,lightbox,1415,2067,127.459
lightbox/images/img002111.jpg,lightbox,2577,2160,89.8232
lightbox/images/img002114.jpg,lightbox,2098,2098,9.36734
lightbox/images/img002117.jpg,lightbox,2403,2722,162.44
lightbox/images/img002121.jpg,lightbox,1902,1789,167.373
lightbox/images/img002130.jpg,lightbox,1604,2061,165.838
lightbox/images/img002135.jpg,lightbox,2099,1574,143.753
lightbox/images/img002136.jpg,lightbox,2817,2466,119.655
lightbox/images/img002138.jpg,lightbox,2327,2075,14.4009
lightbox/images/img002146.jpg,lightbox,2744,1704,148.892
lightbox/images/img002149.jpg,lightbox,1968,2130,165.227
lightbox/images/img002154.jpg,lightbox,2575,2483,115.867
lightbox/images/img002163.jpg,lightbox,2458,2552,47.5606
lightbox/images/img002164.jpg,lightbox,2612,2363,96.5869
lightbox/images/img002165.jpg,lightbox,845,1962,179.662
lightbox/images/img002170.jpg,lightbox,2647,1479,132.999
lightbox/images/img002171.jpg,lightbox,1032,1440,21.5292
lightbox/images/img002175.jpg,lightbox,2159,2251,102.979
lightbox/images/img002176.jpg,lightbox,1505,1599,64.1995
lightbox/images/img002178.jpg,lightbox,166,2848,169.074
lightbox/images/img002179.jpg,lightbox,2612,528,129.426
lightbox/images/img002181.jpg,lightbox,12,125,30.3435
lightbox/images/img002183.jpg,lightbox,854,349,33.1907
lightbox/images/img002215.jpg,lightbox,255,314,20.395
lightbox/images/img002238.jpg,lightbox,1677,1627,166.703
lightbox/images/img002241.jpg,lightbox,693,593,105.477
lightbox/images/img002245.jpg,lightbox,260,181,122.314
lightbox/images/img002250.jpg,lightbox,2925,3020,16.231
lightbox/images/img002256.jpg,lightbox,2514,2827,31.0143
lightbox/images/img002257.jpg,lightbox,601,2424,79.9274
lightbox/images/img002262.jpg,lightbox,2324,2570,171.246
lightbox/images/img002298.jpg,lightbox,516,1792,149.249
lightbox/images/img002310.jpg,lightbox,2195,1574,163.531
lightbox/images/img002313.jpg,lightbox,162,218,95.2565
lightbox/images/img002320.jpg,lightbox,2547,2966,110.964
lightbox/images/img002330.jpg,lightbox,22,1524,89.4482
lightbox/images/img002333.jpg,lightbox,1078,826,20.8029
lightbox/images/img002344.jpg,lightbox,2824,2822,59.8596
lightbox/images/img002353.jpg,lightbox,1354,1089,141.31
lightbox/images/img002368.jpg,lightbox,2045,1181,179.966
lightbox/images/img002370.jpg,lightbox,2579,1524,88.6875
lightbox/images/img002390.jpg,lightbox,361,2865,165.17
lightbox/images/img002394.jpg,lightbox,658,2330,176.266
lightbox/images/img002396.jpg,lightbox,2084,2746,69.3201
lightbox/images/img002397.jpg,lightbox,489,1672,141.627
lightbox/images/img002411.jpg,lightbox,600,2946,152.127
lightbox/images/img002415.jpg,lightbox,180,2680,160.065
lightbox/images/img002417.jpg,lightbox,2561,733,130.846
lightbox/images/img002421.jpg,lightbox,1603,1507,16.5721
lightbox/images/img002422.jpg,lightbox,442,2210,166.055
lightbox/images/img002430.jpg,lightbox,1419,603,34.9918
lightbox/images/img002444.jpg,lightbox,834,1056,141.487
lightbox/images/img002447.jpg,lightbox,1132,1492,173.109
lightbox/images/img002452.jpg,lightbox,3042,1792,85.2666
lightbox/images/img002454.jpg,lightbox,414,339,60.2244
lightbox/images/img002468.jpg,lightbox,812,248,27.7728
lightbox/images/img002477.jpg,lightbox,2565,2817,12.6776
lightbox/images/img002505.jpg,lightbox,1619,1765,54.6512
lightbox/images/img002507.jpg,lightbox,1485,1479,173.406
lightbox/images/img002509.jpg,lightbox,1464,1098,159.83
lightbox/images/img002516.jpg,lightbox,257,181,48.1472
lightbox/images/img002517.jpg,lightbox,2652,2992,47.7139
lightbox/images/img002526.jpg,lightbox,1155,1726,138.657
lightbox/images/img002542.jpg,lightbox,2212,2212,13.3576
lightbox/images/img002547.jpg,lightbox,721,721,13.0888
lightbox/images/img002550.jpg,lightbox,2904,2722,99.3821
lightbox/images/img002560.jpg,lightbox,27,220,22.4684
lightbox/images/img002572.jpg,lightbox,2060,1492,120.214
lightbox/images/img002591.jpg,lightbox,1042,634,19.8909
lightbox/images/img002600.jpg,lightbox,729,826,19.2072
lightbox/images/img002603.jpg,lightbox,898,1353,168.54
lightbox/images/img002607.jpg,lightbox,1157,1927,165.951
lightbox/images/img002610.jpg,lightbox,1315,2135,135.576
lightbox/images/img002612.jpg,lightbox,959,235,150.245
lightbox/images/img002626.jpg,lightbox,1810,1441,162.228
lightbox/images/img002649.jpg,lightbox,553,2178,171.127
lightbox/images/img002654.jpg,lightbox,2465,2968,36.5183
lightbox/images/img002656.jpg,lightbox,27,2975,165.169
lightbox/images/img002660.jpg,lightbox,296,330,107.005
lightbox/images/img002663.jpg,lightbox,2580,59,171.038
lightbox/images/img002666.jpg,lightbox,1176,1524,26.6043
lightbox/images/img002669.jpg,lightbox,573,321,15.6829
lightbox/images/img002686.jpg,lightbox,784,636,140.002
lightbox/images/img002695.jpg,lightbox,1316,2385,47.9002
lightbox/images/img002696.jpg,lightbox,350,409,22.4846
lightbox/images/img002700.jpg,lightbox,126,630,31.1122
lightbox/images/img002702.jpg,lightbox,627,1850,50.7908
lightbox/images/img002705.jpg,lightbox,1396,1397,35.7072
lightbox/images/img002733.jpg,lightbox,2741,2584,19.1731
lightbox/images/img002734.jpg,lightbox,1728,1533,170.592
lightbox/images/img002749.jpg,lightbox,142,491,36.2655
lightbox/images/img002758.jpg,lightbox,1258,997,79.8921
lightbox/images/img002760.jpg,lightbox,2699,1787,35.0328
lightbox/images/img002768.jpg,lightbox,473,826,134.812
lightbox/images/img002770.jpg,lightbox,1251,2211,164.972
lightbox/images/img002801.jpg,lightbox,225,2849,169.315
lightbox/images/img002803.jpg,lightbox,2398,1927,88.2169
lightbox/images/img002805.jpg,lightbox,2411,2888,67.7594
lightbox/images/img002808.jpg,lightbox,703,235,52.9299
lightbox/images/img002828.jpg,lightbox,1938,1524,173.915
lightbox/images/img002831.jpg,lightbox,857,235,47.7693
lightbox/images/img002832.jpg,lightbox,2500,2411,169.896
lightbox/images/img002839.jpg,lightbox,2877,2160,139.594
lightbox/images/img002841.jpg,lightbox,804,552,12.0305
lightbox/images/img002843.jpg,lightbox,748,187,93.2462
lightbox/images/img002852.jpg,lightbox,2511,2512,29.4172
lightbox/images/img002858.jpg,lightbox,2376,2281,27.9081
lightbox/images/img002868.jpg,lightbox,822,1623,137.309
lightbox/images/img002869.jpg,lightbox,235,2764,164.457
lightbox/images/img002879.jpg,lightbox,1767,1768,27.1776
lightbox/images/img002885.jpg,lightbox,1524,1526,52.6755
lightbox/images/img002917.jpg,lightbox,2747,2966,178.076
lightbox/images/img002918.jpg,lightbox,1445,1566,70.0836
lightbox/images/img002932.jpg,lightbox,1660,2222,57.4555
lightbox/images/img002960.jpg,lightbox,2693,2285,13.5851
lightbox/images/img002963.jpg,lightbox,940,1192,17.6703
lightbox/images/img002976.jpg,lightbox,1482,1234,108.137
lightbox/images/img002978.jpg,lightbox,2277,546,104.804
lightbox/images/img002980.jpg,lightbox,2655,2654,25.9899
lightbox/images/img002988.jpg,lightbox,2766,2602,74.5178
lightbox/images/img002996.jpg,lightbox,537,593,107.951
lightbox/images/img002999.jpg,lightbox,602,508,78.1294
lightbox/images/img003010.jpg,lightbox,260,2191,179.35
lightbox/images/img003030.jpg,lightbox,2005,2512,91.0499
lightbox/images/img003033.jpg,lightbox,51,41,165.121
lightbox/images/img003038.jpg,lightbox,833,733,116.643
lightbox/images/img003043.jpg,lightbox,2084,2489,103.999
lightbox/images/img003052.jpg,lightbox,785,1796,94.0015
lightbox/images/img003062.jpg,lightbox,1535,1524,28.9432
lightbox/images/img003063.jpg,lightbox,204,2160,112.751
lightbox/images/img003081.jpg,lightbox,2795,1789,157.059
lightbox/images/img003090.jpg,lightbox,877,2089,163.131
lightbox/images/img003094.jpg,lightbox,1142,1599,176.451
lightbox/images/img003096.jpg,lightbox,303,1792,131.525
lightbox/images/img003106.jpg,lightbox,2983,2888,16.3756
lightbox/images/img003113.jpg,lightbox,732,828,19.7499
lightbox/images/img003114.jpg,lightbox,49,1792,115.235
lightbox/images/img003119.jpg,lightbox,2459,1789,74.3854
lightbox/images/img003129.jpg,lightbox,870,2394,174.802
lightbox/images/img003146.jpg,lightbox,564,446,38.9509
lightbox/images/img003153.jpg,lightbox,800,235,44.2995
lightbox/images/img003157.jpg,lightbox,2265,2256,96.7764
lightbox/images/img003166.jpg,lightbox,331,330,24.4941
lightbox/images/img003174.jpg,lightbox,1490,1648,55.8601
lightbox/images/img003177.jpg,lightbox,1369,1786,105.023
lightbox/images/img003181.jpg,lightbox,2769,2483,44.9925
lightbox/images/img003184.jpg,lightbox,1097,1252,22.5186
lightbox/images/img003186.jpg,lightbox,2750,2906,20.2245
lightbox/images/img003187.jpg,lightbox,1058,1882,109.141
lightbox/images/img003199.jpg,lightbox,555,2331,169.237
lightbox/images/img003213.jpg,lightbox,1332,1788,178.791
lightbox/images/img003215.jpg,lightbox,1220,2494,171.008
lightbox/images/img003217.jpg,lightbox,2008,2512,26.6007
lightbox/images/img003220.jpg,lightbox,134,2229,148.181
lightbox/images/img003221.jpg,lightbox,1465,1882,94.0873
lightbox/images/img003224.jpg,lightbox,2191,2191,13.018
lightbox/images/img003228.jpg,lightbox,1763,1656,27.9575
lightbox/images/img003229.jpg,lightbox,2502,2409,92.262
lightbox/images/img003246.jpg,lightbox,954,2622,77.5401
lightbox/images/img003256.jpg,lightbox,482,2026,118.698
lightbox/images/img003263.jpg,lightbox,1040,1541,101.614
lightbox/images/img003266.jpg,lightbox,633,478,30.3485
lightbox/images/img003286.jpg,lightbox,1575,1882,165.238
lightbox/images/img003298.jpg,lightbox,2338,2831,102.126
lightbox/images/img003301.jpg,lightbox,2853,2819,25.8443
lightbox/images/img003302.jpg,lightbox,2699,2316,82.6268
lightbox/images/img003309.jpg,lightbox,1447,1440,151.726
lightbox/images/img003313.jpg,lightbox,2375,2123,10.2836
lightbox/images/img003317.jpg,lightbox,2992,2489,39.7108
lightbox/images/img003338.jpg,lightbox,2392,2549,35.413
lightbox/images/img003361.jpg,lightbox,1916,1910,176.925
lightbox/images/img003364.jpg,lightbox,2314,2257,144.461
lightbox/images/img003366.jpg,lightbox,1109,1115,171.105
lightbox/images/img003374.jpg,lightbox,89,336,153.332
lightbox/images/img003385.jpg,lightbox,309,99,56.897
lightbox/images/img003389.jpg,lightbox,1898,2311,147.016
lightbox/images/img003392.jpg,lightbox,1008,1479,101.347
lightbox/images/img003395.jpg,lightbox,2553,441,107.233
lightbox/images/img003397.jpg,lightbox,1709,1962,43.4231
lightbox/images/img003403.jpg,lightbox,579,1882,178.196
lightbox/images/img003425.jpg,lightbox,1844,1590,49.0744
lightbox/images/img003426.jpg,lightbox,10,2727,166.175
lightbox/images/img003429.jpg,lightbox,1542,1789,158.091
lightbox/images/img003440.jpg,lightbox,1425,1584,143.752
lightbox/images/img003445.jpg,lightbox,3064,2900,27.5356
lightbox/images/img003449.jpg,lightbox,224,792,81.8852
lightbox/images/img003465.jpg,lightbox,1151,890,99.5727
lightbox/images/img003469.jpg,lightbox,2929,2700,109.129
lightbox/images/img003473.jpg,lightbox,1916,1919,89.6181
lightbox/images/img003475.jpg,lightbox,2890,2700,146.023
lightbox/images/img003476.jpg,lightbox,1611,1003,174.599
lightbox/images/img003477.jpg,lightbox,626,1594,136.721
lightbox/images/img003481.jpg,lightbox,1063,559,31.3401
lightbox/images/img003484.jpg,lightbox,1331,1476,35.1554
lightbox/images/img003487.jpg,lightbox,2642,2584,86.5019
lightbox/images/img003492.jpg,lightbox,710,710,9.1443
lightbox/images/img003497.jpg,lightbox,2095,821,176.683
lightbox/images/img003518.jpg,lightbox,2009,1297,168.494
lightbox/images/img003520.jpg,lightbox,2954,3011,103.273
lightbox/images/img003529.jpg,lightbox,1761,2622,142.074
lightbox/images/img003536.jpg,lightbox,670,592,126.373
lightbox/images/img003544.jpg,lightbox,1936,1372,21.4752
lightbox/images/img003555.jpg,lightbox,1138,1789,82.4611
lightbox/images/img003567.jpg,lightbox,711,1886,165.404
lightbox/images/img003571.jpg,lightbox,1606,1492,174.759
lightbox/images/img003572.jpg,lightbox,1726,1475,42.6569
lightbox/images/img003580.jpg,lightbox,1023,1435,126.323
lightbox/images/img003583.jpg,lightbox,2279,1962,153.926
lightbox/images/img003593.jpg,lightbox,1578,2934,77.4651
lightbox/images/img003595.jpg,lightbox,2685,2433,19.8797
lightbox/images/img003602.jpg,lightbox,865,1273,21.3181
lightbox/images/img003605.jpg,lightbox,947,947,13.3812
lightbox/images/img003607.jpg,lightbox,2446,1879,89.6768
lightbox/images/img003622.jpg,lightbox,7,90,96.7156
lightbox/images/img003624.jpg,lightbox,2716,2968,17.8459
lightbox/images/img003627.jpg,lightbox,1897,1492,94.4113
lightbox/images/img003643.jpg,lightbox,1074,661,138.694
lightbox/images/img003647.jpg,lightbox,626,374,13.8374
lightbox/images/img003651.jpg,lightbox,1141,1099,150.474
lightbox/images/img003652.jpg,lightbox,1982,1574,23.0846
lightbox/images/img003660.jpg,lightbox,1658,1665,161.406
lightbox/images/img003664.jpg,lightbox,2017,1656,170.22
lightbox/images/img003671.jpg,lightbox,1317,1221,17.5886
lightbox/images/img003684.jpg,lightbox,1345,1345,10.7179
lightbox/images/img003687.jpg,lightbox,860,2381,178.007
lightbox/images/img003688.jpg,lightbox,1470,1792,123.383
lightbox/images/img003690.jpg,lightbox,9,2160,179.982
lightbox/images/img003706.jpg,lightbox,1806,1554,17.9283
lightbox/images/img003710.jpg,lightbox,2581,2584,86.3827
lightbox/images/img003726.jpg,lightbox,620,175,36.3973
lightbox/images/img003731.jpg,lightbox,707,1115,17.926
lightbox/images/img003737.jpg,lightbox,593,2115,169.43
lightbox/images/img003739.jpg,lightbox,2978,2989,104.46
lightbox/images/img003742.jpg,lightbox,1608,1704,21.0114
lightbox/images/img003743.jpg,lightbox,635,1339,133.173
lightbox/images/img003749.jpg,lightbox,579,890,24.7037
lightbox/images/img003750.jpg,lightbox,1352,1758,49.0733
lightbox/images/img003767.jpg,lightbox,1773,1415,167.885
lightbox/images/img003769.jpg,lightbox,752,499,23.1868
lightbox/images/img003772.jpg,lightbox,2168,2160,113.728
lightbox/images/img003776.jpg,lightbox,2336,1927,40.4937
lightbox/images/img003790.jpg,lightbox,1827,1420,28.0348
lightbox/images/img003805.jpg,lightbox,1921,2512,96.6159
lightbox/images/img003807.jpg,lightbox,1111,1105,178.764
lightbox/images/img003817.jpg,lightbox,543,2176,79.3723
lightbox/images/img003822.jpg,lightbox,2702,1886,32.6618
lightbox/images/img003823.jpg,lightbox,478,478,11.559
lightbox/images/img003824.jpg,lightbox,852,1056,175.537
lightbox/images/img003832.jpg,lightbox,2817,2989,50.0038
lightbox/images/img003836.jpg,lightbox,668,2422,112.165
lightbox/images/img003845.jpg,lightbox,1247,1442,173.987
lightbox/images/img003846.jpg,lightbox,1720,1621,103.868
lightbox/images/img003848.jpg,lightbox,13,386,83.1564
lightbox/images/img003853.jpg,lightbox,1712,1962,50.8498
lightbox/images/img003867.jpg,lightbox,1827,2333,59.6101
lightbox/images/img003868.jpg,lightbox,964,1372,23.2315
lightbox/images/img003870.jpg,lightbox,756,386,48.2212
lightbox/images/img003889.jpg,lightbox,715,1375,24.4237
lightbox/images/img003893.jpg,lightbox,1079,2098,168.294
lightbox/images/img003897.jpg,lightbox,530,2222,79.9891
lightbox/images/img003900.jpg,lightbox,1630,1882,9.84513
lightbox/images/img003904.jpg,lightbox,1304,1304,13.9556
lightbox/images/img003907.jpg,lightbox,574,1547,64.5375
lightbox/images/img003922.jpg,lightbox,2355,2416,30.4397
lightbox/images/img003928.jpg,lightbox,1321,1882,172.617
lightbox/images/img003936.jpg,lightbox,1747,1395,128.021
lightbox/images/img003944.jpg,lightbox,1636,661,92.5688
lightbox/images/img003946.jpg,lightbox,865,1573,172.098
lightbox/images/img003963.jpg,lightbox,1349,1097,14.6114
lightbox/images/img003970.jpg,lightbox,2907,2855,93.9001
lightbox/images/img003973.jpg,lightbox,985,2465,134.028
lightbox/images/img003976.jpg,lightbox,591,905,80.5683
lightbox/images/img003977.jpg,lightbox,1619,1462,36.8204
lightbox/images/img003983.jpg,lightbox,446,446,9.80967
lightbox/images/img003995.jpg,lightbox,1389,1641,17.7144
lightbox/images/img003997.jpg,lightbox,247,305,32.0652
lightbox/images/img003998.jpg,lightbox,2832,2989,31.0697
lightbox/images/img004004.jpg,lightbox,3011,2797,128.176
lightbox/images/img004031.jpg,lightbox,2287,2130,28.9345
lightbox/images/img004033.jpg,lightbox,1698,1440,179.947
lightbox/images/img004042.jpg,lightbox,2673,2865,49.3081
lightbox/images/img004047.jpg,lightbox,1638,1488,177.668
lightbox/images/img004053.jpg,lightbox,195,140,119.736
lightbox/images/img004055.jpg,lightbox,1205,1412,166.908
lightbox/images/img004058.jpg,lightbox,1232,1635,165.033
lightbox/images/img004062.jpg,lightbox,2605,2509,18.9555
lightbox/images/img004076.jpg,lightbox,1653,2061,23.7239
lightbox/images/img004081.jpg,lightbox,1731,1641,176.09
lightbox/images/img004088.jpg,lightbox,924,1091,20.7584
lightbox/images/img004095.jpg,lightbox,1834,1780,156.366
lightbox/images/img004096.jpg,lightbox,1461,890,135.6
lightbox/images/img004099.jpg,lightbox,2591,2591,9.08302
lightbox/images/img004100.jpg,lightbox,2604,2641,76.3079
lightbox/images/img004110.jpg,lightbox,746,494,10.5653
lightbox/images/img004112.jpg,lightbox,2231,1656,35.4371
lightbox/images/img004121.jpg,lightbox,2588,2683,20.9073
lightbox/images/img004127.jpg,lightbox,2976,2724,16.0748
lightbox/images/img004128.jpg,lightbox,684,1440,37.476
lightbox/images/img004131.jpg,lightbox,2140,2746,151.135
lightbox/images/img004139.jpg,lightbox,68,122,143.088
lightbox/images/img004147.jpg,lightbox,723,980,132.855
lightbox/images/img004152.jpg,lightbox,1697,1547,168.712
lightbox/images/img004159.jpg,lightbox,2596,1886,145.244
lightbox/images/img004162.jpg,lightbox,603,1069,47.3503
lightbox/images/img004168.jpg,lightbox,488,2584,148
lightbox/images/img004172.jpg,lightbox,169,2584,149.672
lightbox/images/img004182.jpg,lightbox,412,512,102.302
lightbox/images/img004185.jpg,lightbox,2464,3037,56.7787
lightbox/images/img004186.jpg,lightbox,2540,2160,155.748
lightbox/images/img004191.jpg,lightbox,707,792,23.5087
lightbox/images/img004192.jpg,lightbox,1128,1829,159.976
lightbox/images/img004198.jpg,lightbox,2297,565,125.733
lightbox/images/img004210.jpg,lightbox,382,339,170.811
lightbox/images/img004237.jpg,lightbox,41,3,13.1449
lightbox/images/img004238.jpg,lightbox,131,56,21.2815
lightbox/images/img004243.jpg,lightbox,1769,2622,80.417
lightbox/images/img004251.jpg,lightbox,118,370,24.4665
lightbox/images/img004260.jpg,lightbox,1323,1116,164.051
lightbox/images/img004264.jpg,lightbox,2210,1574,86.5064
lightbox/images/img004265.jpg,lightbox,896,830,159.092
lightbox/images/img004267.jpg,lightbox,384,792,22.2495
lightbox/images/img004274.jpg,lightbox,938,1715,176.986
lightbox/images/img004277.jpg,lightbox,2466,1962,34.3923
lightbox/images/img004278.jpg,lightbox,277,588,21.0522
lightbox/images/img004281.jpg,lightbox,2824,1975,72.3608
lightbox/images/img004282.jpg,lightbox,2485,971,168.51
lightbox/images/img004288.jpg,lightbox,1310,2641,140.354
lightbox/images/img004296.jpg,lightbox,2319,2160,99.459
lightbox/images/img004297.jpg,lightbox,1059,965,83.5351
lightbox/images/img004300.jpg,lightbox,71,2966,171.833
lightbox/images/img004306.jpg,lightbox,1442,1698,120.007
lightbox/images/img004308.jpg,lightbox,1878,1464,177.394
lightbox/images/img004316.jpg,lightbox,2613,2770,27.3473
lightbox/images/img004324.jpg,lightbox,2652,2026,137.697
lightbox/images/img004327.jpg,lightbox,938,181,47.9737
lightbox/images/img004336.jpg,lightbox,2486,2641,33.9742
lightbox/images/img004337.jpg,lightbox,318,630,33.1949
lightbox/images/img004362.jpg,lightbox,2214,2315,156.771
lightbox/images/img004399.jpg,lightbox,1756,2160,109.745
lightbox/images/img004402.jpg,lightbox,2553,2454,103.463
lightbox/images/img004412.jpg,lightbox,1791,1546,147.011
lightbox/images/img004417.jpg,lightbox,631,476,14.7168
lightbox/images/img004419.jpg,lightbox,1160,589,139.171
lightbox/images/img004421.jpg,lightbox,2695,1783,40.583
lightbox/images/img004436.jpg,lightbox,2624,1806,71.342
lightbox/images/img004437.jpg,lightbox,393,235,72.7305
lightbox/images/img004451.jpg,lightbox,472,512,80.7268
lightbox/images/img004458.jpg,lightbox,428,120,83.8662
lightbox/images/img004464.jpg,lightbox,2646,3028,40.5425
lightbox/images/img004472.jpg,lightbox,1723,1158,33.8882
lightbox/images/img004477.jpg,lightbox,2983,2906,103.825
lightbox/images/img004478.jpg,lightbox,638,386,12.4729
lightbox/images/img004483.jpg,lightbox,2752,2752,4.63326
lightbox/images/img004487.jpg,lightbox,386,794,16.1917
lightbox/images/img004488.jpg,lightbox,2212,2210,57.8259
lightbox/images/img004494.jpg,lightbox,744,2724,76.3392
lightbox/images/img004508.jpg,lightbox,1430,1792,171.214
lightbox/images/img004510.jpg,lightbox,920,706,44.4677
lightbox/images/img004511.jpg,lightbox,2361,2359,70.3371
lightbox/images/img004520.jpg,lightbox,2870,2775,16.8425
lightbox/images/img004526.jpg,lightbox,635,733,127.61
lightbox/images/img004534.jpg,lightbox,2740,2770,111.128
lightbox/images/img004540.jpg,lightbox,1115,2026,33.712
lightbox/images/img004561.jpg,lightbox,717,1623,177.825
lightbox/images/img004572.jpg,lightbox,2648,2519,57.632
lightbox/images/img004578.jpg,lightbox,1352,1507,19.4836
lightbox/images/img004579.jpg,lightbox,221,784,29.015
lightbox/images/img004580.jpg,lightbox,1299,1551,9.92579
lightbox/images/img004581.jpg,lightbox,2825,3069,31.8817
lightbox/images/img004607.jpg,lightbox,2924,1882,65.7006
lightbox/images/img004613.jpg,lightbox,407,2584,177.774
lightbox/images/img004617.jpg,lightbox,899,295,106.593
lightbox/images/img004626.jpg,lightbox,1012,1012,6.8931
lightbox/images/img004627.jpg,lightbox,1272,1432,118.549
lightbox/images/img004633.jpg,lightbox,885,1792,152.459
lightbox/images/img004636.jpg,lightbox,1596,1440,16.1927
lightbox/images/img004654.jpg,lightbox,2183,2339,19.2591
lightbox/images/img004657.jpg,lightbox,35,2776,151.832
lightbox/images/img004660.jpg,lightbox,2551,1416,172.631
lightbox/images/img004664.jpg,lightbox,1757,2160,142.388
lightbox/images/img004672.jpg,lightbox,1003,1656,161.273
lightbox/images/img004688.jpg,lightbox,875,1012,149.683
lightbox/images/img004698.jpg,lightbox,1989,1574,155.563
lightbox/images/img004704.jpg,lightbox,376,2619,167.052
lightbox/images/img004710.jpg,lightbox,1546,335,144.904
lightbox/images/img004713.jpg,lightbox,2204,2204,5.25103
lightbox/images/img004719.jpg,lightbox,2371,2622,24.3241
lightbox/images/img004727.jpg,lightbox,450,1266,27.8678
lightbox/images/img004737.jpg,lightbox,618,1884,158.147
lightbox/images/img004740.jpg,lightbox,742,237,27.3252
lightbox/images/img004743.jpg,lightbox,936,1140,179.31
lightbox/images/img004749.jpg,lightbox,1420,2191,173.949
lightbox/images/img004752.jpg,lightbox,2080,1492,97.1068
lightbox/images/img004773.jpg,lightbox,2321,2385,101.502
lightbox/images/img004774.jpg,lightbox,861,2427,173.378
lightbox/images/img004777.jpg,lightbox,1976,1823,103.655
lightbox/images/img004778.jpg,lightbox,150,499,30.146
lightbox/images/img004781.jpg,lightbox,1539,335,143.566
lightbox/images/img004785.jpg,lightbox,2305,1081,46.0169
lightbox/images/img004799.jpg,lightbox,1291,1493,178.865
lightbox/images/img004802.jpg,lightbox,2809,2622,117.934
lightbox/images/img004804.jpg,lightbox,1455,2622,113.128
lightbox/images/img004812.jpg,lightbox,1113,353,103.166
lightbox/images/img004818.jpg,lightbox,507,548,114.111
lightbox/images/img004822.jpg,lightbox,847,1099,15.1247
lightbox/images/img004829.jpg,lightbox,708,2089,63.9028
lightbox/images/img004831.jpg,lightbox,2555,2700,22.6408
lightbox/images/img004840.jpg,lightbox,152,1098,117.601
lightbox/images/img004841.jpg,lightbox,665,706,120.298
lightbox/images/img004845.jpg,lightbox,1758,1098,27.4753
lightbox/images/img004848.jpg,lightbox,1860,1818,159.631
lightbox/images/img004866.jpg,lightbox,56,367,27.2595
lightbox/images/img004870.jpg,lightbox,285,478,17.1213
lightbox/images/img004872.jpg,lightbox,1831,2085,68.7075
lightbox/images/img004875.jpg,lightbox,1681,1913,160.48
lightbox/images/img004878.jpg,lightbox,1964,1574,165.612
lightbox/images/img004883.jpg,lightbox,233,548,112.589
lightbox/images/img004895.jpg,lightbox,1286,1285,19.9339
lightbox/images/img004905.jpg,lightbox,2341,2098,95.4841
lightbox/images/img004921.jpg,lightbox,1019,923,18.4718
lightbox/images/img004927.jpg,lightbox,348,537,60.1595
lightbox/images/img004928.jpg,lightbox,211,98,44.8595
lightbox/images/img004933.jpg,lightbox,1992,1594,64.383
lightbox/images/img004937.jpg,lightbox,2980,2633,23.0874
lightbox/images/img004940.jpg,lightbox,1438,1085,140.335
lightbox/images/img004950.jpg,lightbox,1814,1159,145.954
lightbox/images/img004967.jpg,lightbox,1021,1788,169.763
lightbox/images/img004971.jpg,lightbox,1357,1925,133.044
lightbox/images/img004973.jpg,lightbox,374,339,76.8823
lightbox/images/img004974.jpg,lightbox,1650,2311,40.5046
lightbox/images/img004979.jpg,lightbox,1642,1641,35.8575
lightbox/images/img004980.jpg,lightbox,1996,1146,74.8651
lightbox/images/img004990.jpg,lightbox,2808,2872,93.8377
lightbox/images/img004993.jpg,lightbox,2881,2881,5.67899
lightbox/images/img004999.jpg,lightbox,1664,1034,178.791
lightbox/images/img005001.jpg,lightbox,190,346,8.6875
lightbox/images/img005008.jpg,lightbox,1479,821,52.9132
lightbox/images/img005015.jpg,lightbox,955,1882,145.922
lightbox/images/img005016.jpg,lightbox,1940,1370,171.19
lightbox/images/img005023.jpg,lightbox,191,3028,169.506
lightbox/images/img005026.jpg,lightbox,2578,2422,12.3861
lightbox/images/img005038.jpg,lightbox,1097,1097,6.92589
lightbox/images/img005058.jpg,lightbox,1383,1546,138.534
lightbox/images/img005059.jpg,lightbox,2909,1792,144.905
lightbox/images/img005084.jpg,lightbox,2579,2957,115.231
lightbox/images/img005085.jpg,lightbox,2878,2855,113.647
lightbox/images/img005088.jpg,lightbox,294,600,159.251
lightbox/images/img005105.jpg,lightbox,2714,2257,159.255
lightbox/images/img005106.jpg,lightbox,1298,1306,124.703
lightbox/images/img005114.jpg,lightbox,1340,672,126.842
lightbox/images/img005124.jpg,lightbox,18,56,11.483
lightbox/images/img005125.jpg,lightbox,478,575,24.2542
lightbox/images/img005137.jpg,lightbox,1831,1980,160.895
lightbox/images/img005147.jpg,lightbox,1383,1131,13.2607
lightbox/images/img005151.jpg,lightbox,1263,1672,28.8955
lightbox/images/img005156.jpg,lightbox,3009,2772,40.5308
lightbox/images/img005163.jpg,lightbox,2138,661,68.4939
lightbox/images/img005164.jpg,lightbox,219,1056,81.3493
lightbox/images/img005166.jpg,lightbox,925,1633,168.153
lightbox/images/img005174.jpg,lightbox,1267,1115,110.255
lightbox/images/img005183.jpg,lightbox,1968,2934,95.5477
lightbox/images/img005186.jpg,lightbox,1620,1219,160.641
lightbox/images/img005192.jpg,lightbox,2172,1656,156.75
lightbox/images/img005196.jpg,lightbox,233,2949,169.831
lightbox/images/img005198.jpg,lightbox,129,344,19.835
lightbox/images/img005202.jpg,lightbox,2120,2210,163.04
lightbox/images/img005213.jpg,lightbox,2529,2433,24.079
lightbox/images/img005220.jpg,lightbox,906,1062,9.13783
lightbox/images/img005221.jpg,lightbox,2454,1779,170.023
lightbox/images/img005232.jpg,lightbox,125,321,85.5572
lightbox/images/img005233.jpg,lightbox,523,934,82.0119
lightbox/images/img005239.jpg,lightbox,310,2465,155.623
lightbox/images/img005244.jpg,lightbox,1270,1925,154.828
lightbox/images/img005253.jpg,lightbox,3014,2160,96.9588
lightbox/images/img005270.jpg,lightbox,1136,2092,171.301
lightbox/images/img005271.jpg,lightbox,2922,2323,37.9411
lightbox/images/img005273.jpg,lightbox,651,2848,99.4312
lightbox/images/img005274.jpg,lightbox,1630,1370,130.165
lightbox/images/img005281.jpg,lightbox,888,1975,176.071
lightbox/images/img005289.jpg,lightbox,2814,3069,98.2166
lightbox/images/img005290.jpg,lightbox,2513,2318,123.154
lightbox/images/img005305.jpg,lightbox,339,688,19.753
lightbox/images/img005311.jpg,lightbox,1296,2622,173.827
lightbox/images/img005314.jpg,lightbox,2817,1056,144.376
lightbox/images/img005315.jpg,lightbox,649,2680,167.186
lightbox/images/img005320.jpg,lightbox,523,2411,132.061
lightbox/images/img005327.jpg,lightbox,1306,1558,11.6166
lightbox/images/img005335.jpg,lightbox,121,684,41.6333
lightbox/images/img005337.jpg,lightbox,2904,2989,88.4852
lightbox/images/img005341.jpg,lightbox,228,2680,155.783
lightbox/images/img005345.jpg,lightbox,2742,3028,33.0292
lightbox/images/img005367.jpg,lightbox,3029,2968,12.2191
lightbox/images/img005376.jpg,lightbox,2946,2888,87.4077
lightbox/images/img005389.jpg,lightbox,575,575,8.1812
lightbox/images/img005394.jpg,lightbox,2104,2261,15.6144
lightbox/images/img005396.jpg,lightbox,987,931,98.6702
lightbox/images/img005401.jpg,lightbox,733,266,35.7398
lightbox/images/img005404.jpg,lightbox,1450,888,139.646
lightbox/images/img005410.jpg,lightbox,1233,1234,26.437
lightbox/images/img005428.jpg,lightbox,822,666,10.6424
lightbox/images/img005430.jpg,lightbox,2536,339,100.854
lightbox/images/img005431.jpg,lightbox,2449,2706,150.439
lightbox/images/img005444.jpg,lightbox,2908,2752,13.1785
lightbox/images/img005451.jpg,lightbox,124,592,45.8927
lightbox/images/img005481.jpg,lightbox,1987,1824,159.338
lightbox/images/img005482.jpg,lightbox,1116,2098,82.713
lightbox/images/img005484.jpg,lightbox,2346,1789,137.883
lightbox/images/img005492.jpg,lightbox,999,2160,95.666
lightbox/images/img005495.jpg,lightbox,2113,1704,24.2164
lightbox/images/img005498.jpg,lightbox,2830,3036,22.1302
lightbox/images/img005517.jpg,lightbox,2666,2822,15.2774
lightbox/images/img005519.jpg,lightbox,1422,1673,45.5578
lightbox/images/img005525.jpg,lightbox,709,2966,107.503
lightbox/images/img005530.jpg,lightbox,119,214,43.6175
lightbox/images/img005538.jpg,lightbox,1330,2137,93.5406
lightbox/images/img005563.jpg,lightbox,1929,1115,71.3749
lightbox/images/img005566.jpg,lightbox,2682,2433,81.2208
lightbox/images/img005570.jpg,lightbox,1304,2622,71.6067
lightbox/images/img005572.jpg,lightbox,1979,1973,173.473
lightbox/images/img005576.jpg,lightbox,245,2160,172.316
lightbox/images/img005577.jpg,lightbox,1297,1573,74.1835
lightbox/images/img005578.jpg,lightbox,1540,1650,163.966
lightbox/images/img005586.jpg,lightbox,2107,1524,148.534
lightbox/images/img005599.jpg,lightbox,642,449,37.1305
lightbox/images/img005603.jpg,lightbox,74,2271,111.624
lightbox/images/img005609.jpg,lightbox,2807,2448,30.1112
lightbox/images/img005620.jpg,lightbox,1857,1440,80.7142
lightbox/images/img005627.jpg,lightbox,1949,630,66.0608
lightbox/images/img005646.jpg,lightbox,1033,2616,151.775
lightbox/images/img005651.jpg,lightbox,632,318,80.3765
lightbox/images/img005655.jpg,lightbox,942,630,26.774
lightbox/images/img005662.jpg,lightbox,767,609,68.5764
lightbox/images/img005667.jpg,lightbox,1643,1641,59.6359
lightbox/images/img005668.jpg,lightbox,2517,2793,78.9495
lightbox/images/img005675.jpg,lightbox,1079,710,151.226
lightbox/images/img005677.jpg,lightbox,2253,865,126.955
lightbox/images/img005682.jpg,lightbox,2419,2827,19.0509
lightbox/images/img005692.jpg,lightbox,782,1432,152.646
lightbox/images/img005699.jpg,lightbox,1855,1350,36.4994
lightbox/images/img005705.jpg,lightbox,236,370,36.2492
lightbox/images/img005709.jpg,lightbox,1048,1462,172.535
lightbox/images/img005736.jpg,lightbox,807,418,127.95
lightbox/images/img005737.jpg,lightbox,294,2010,146.242
lightbox/images/img005747.jpg,lightbox,730,1235,27.1615
lightbox/images/img005754.jpg,lightbox,652,1975,89.3184
lightbox/images/img005776.jpg,lightbox,230,171,21.1416
lightbox/images/img005777.jpg,lightbox,1945,1792,106.802
lightbox/images/img005779.jpg,lightbox,2341,2089,11.4877
lightbox/images/img005781.jpg,lightbox,1457,1662,174.695
lightbox/images/img005796.jpg,lightbox,148,2160,152.997
lightbox/images/img005800.jpg,lightbox,750,171,72.7357
lightbox/images/img005801.jpg,lightbox,498,595,28.3679
lightbox/images/img005811.jpg,lightbox,2425,2173,18.2986
lightbox/images/img005817.jpg,lightbox,1994,1742,15.1029
lightbox/images/img005819.jpg,lightbox,3022,2934,32.805
lightbox/images/img005825.jpg,lightbox,1211,958,17.9112
lightbox/images/img005840.jpg,lightbox,461,305,11.8497
lightbox/images/img005853.jpg,lightbox,685,684,24.1234
lightbox/images/img005859.jpg,lightbox,2005,2512,105.538
lightbox/images/img005861.jpg,lightbox,116,432,63.4092
lightbox/images/img005863.jpg,lightbox,1676,1774,66.3801
lightbox/images/img005867.jpg,lightbox,2115,2622,109.738
lightbox/images/img005885.jpg,lightbox,1880,1872,114.791
lightbox/images/img005890.jpg,lightbox,661,1594,178.264
lightbox/images/img005898.jpg,lightbox,1260,1882,174.741
lightbox/images/img005900.jpg,lightbox,1470,1524,177.926
lightbox/images/img005906.jpg,lightbox,863,1115,15.3818
lightbox/images/img005913.jpg,lightbox,1454,1886,94.2569
lightbox/images/img005918.jpg,lightbox,1526,1779,45.6978
lightbox/images/img005930.jpg,lightbox,1846,1481,174.659
lightbox/images/img005936.jpg,lightbox,474,1792,87.7008
lightbox/images/img005940.jpg,lightbox,2201,1190,103.556
lightbox/images/img005946.jpg,lightbox,319,1034,125.652
lightbox/images/img005957.jpg,lightbox,540,636,16.6196
lightbox/images/img005961.jpg,lightbox,1611,1200,102.433
lightbox/images/img005977.jpg,lightbox,120,313,13.7795
lightbox/images/img005999.jpg,lightbox,1474,1779,141.509
lightbox/images/img006002.jpg,lightbox,1282,1333,91.8411
lightbox/images/img006007.jpg,lightbox,2595,2411,152.192
lightbox/images/img006016.jpg,lightbox,1639,1638,18.3635
lightbox/images/img006048.jpg,lightbox,976,1089,140.979
lightbox/images/img006054.jpg,lightbox,415,2501,176.701
lightbox/images/img006055.jpg,lightbox,877,2098,166.384
lightbox/images/img006058.jpg,lightbox,447,1882,157.042
lightbox/images/img006061.jpg,lightbox,324,600,75.9327
lightbox/images/img006062.jpg,lightbox,926,983,137.309
lightbox/images/img006067.jpg,lightbox,1174,1019,24.2976
lightbox/images/img006068.jpg,lightbox,848,537,33.8248
lightbox/images/img006074.jpg,lightbox,2658,2975,126.654
lightbox/images/img006075.jpg,lightbox,2374,1806,105.788
lightbox/images/img006082.jpg,lightbox,599,528,28.4008
lightbox/images/img006087.jpg,lightbox,751,2026,168.908
lightbox/images/img006091.jpg,lightbox,2266,2831,38.2248
lightbox/images/img006106.jpg,lightbox,749,2425,175.468
lightbox/images/img006116.jpg,lightbox,1614,1050,28.1809
lightbox/images/img006125.jpg,lightbox,1318,1156,174.142
lightbox/images/img006144.jpg,lightbox,2252,2411,84.0767
lightbox/images/img006149.jpg,lightbox,21,214,24.8531
lightbox/images/img006150.jpg,lightbox,2345,1590,39.1486
lightbox/images/img006156.jpg,lightbox,1859,1656,52.3508
lightbox/images/img006158.jpg,lightbox,1317,1115,166.467
lightbox/images/img006159.jpg,lightbox,1902,2562,20.6028
lightbox/images/img006160.jpg,lightbox,2498,2722,155.632
lightbox/images/img006161.jpg,lightbox,1528,1780,16.6416
lightbox/images/img006168.jpg,lightbox,928,1084,13.3565
lightbox/images/img006169.jpg,lightbox,1842,1182,21.6613
lightbox/images/img006188.jpg,lightbox,154,2584,162.432
lightbox/images/img006189.jpg,lightbox,2216,2562,43.6954
lightbox/images/img006203.jpg,lightbox,1630,1779,154.394
lightbox/images/img006207.jpg,lightbox,3033,2680,178.124
lightbox/images/img006215.jpg,lightbox,781,782,19.2223
lightbox/images/img006217.jpg,lightbox,1396,1648,15.857
lightbox/images/img006221.jpg,lightbox,1047,2098,152.852
lightbox/images/img006222.jpg,lightbox,2698,2541,15.068
lightbox/images/img006224.jpg,lightbox,213,2865,169.404
lightbox/images/img006226.jpg,lightbox,239,2824,172.842
lightbox/images/img006228.jpg,lightbox,2541,1517,149.665
lightbox/images/img006234.jpg,lightbox,345,1492,122.227
lightbox/images/img006237.jpg,lightbox,198,800,48.1263
lightbox/images/img006255.jpg,lightbox,1261,1882,171.301
lightbox/images/img006262.jpg,lightbox,2436,2098,76.4813
lightbox/images/img006286.jpg,lightbox,2440,826,171.985
lightbox/images/img006289.jpg,lightbox,2910,2448,72.0835
lightbox/images/img006293.jpg,lightbox,0,562,105.624
lightbox/images/img006297.jpg,lightbox,3061,2819,79.4457
lightbox/images/img006315.jpg,lightbox,2258,1849,27.2999
lightbox/images/img006329.jpg,lightbox,2173,2424,34.4146
lightbox/images/img006333.jpg,lightbox,1628,1524,105.909
lightbox/images/img006350.jpg,lightbox,2056,1492,30.0614
lightbox/images/img006354.jpg,lightbox,2199,1333,169.048
lightbox/images/img006360.jpg,lightbox,2074,1663,85.5825
lightbox/images/img006364.jpg,lightbox,2439,2599,114.658
lightbox/images/img006366.jpg,lightbox,825,688,110.281
lightbox/images/img006397.jpg,lightbox,576,630,110.625
lightbox/images/img006414.jpg,lightbox,2239,1623,153.498
lightbox/images/img006417.jpg,lightbox,2809,2791,115.287
lightbox/images/img006425.jpg,lightbox,2031,2344,25.9667
lightbox/images/img006448.jpg,lightbox,2982,2921,16.7649
lightbox/images/img006454.jpg,lightbox,881,2966,148.233
lightbox/images/img006455.jpg,lightbox,347,684,30.0119
lightbox/images/img006456.jpg,lightbox,1869,1869,4.17148
lightbox/images/img006463.jpg,lightbox,2287,2191,18.7969
lightbox/images/img006482.jpg,lightbox,2543,2966,46.7411
lightbox/images/img006484.jpg,lightbox,946,441,23.6306
lightbox/images/img006485.jpg,lightbox,1777,1370,26.6962
lightbox/images/img006508.jpg,lightbox,174,1792,137.491
lightbox/images/img006509.jpg,lightbox,2436,2519,95.451
lightbox/images/img006515.jpg,lightbox,1825,1669,18.9872
lightbox/images/img006519.jpg,lightbox,751,595,15.9061
lightbox/images/img006525.jpg,lightbox,2458,521,177.226
lightbox/images/img006527.jpg,lightbox,109,2257,156.943
lightbox/images/img006528.jpg,lightbox,1910,1919,99.4351
lightbox/images/img006532.jpg,lightbox,1277,1691,166.547
lightbox/images/img006548.jpg,lightbox,69,69,7.22376
lightbox/images/img006567.jpg,lightbox,951,795,17.7928
lightbox/images/img006569.jpg,lightbox,2870,2991,42.3987
lightbox/images/img006597.jpg,lightbox,1857,1290,91.7811
lightbox/images/img006601.jpg,lightbox,758,758,9.55882
lightbox/images/img006607.jpg,lightbox,1046,2365,63.907
lightbox/images/img006610.jpg,lightbox,1680,1526,69.0354
lightbox/images/img006614.jpg,lightbox,1366,1618,17.6449
lightbox/images/img006615.jpg,lightbox,1750,1594,21.1249
lightbox/images/img006616.jpg,lightbox,679,2137,166.948
lightbox/images/img006632.jpg,lightbox,536,685,155.307
lightbox/images/img006634.jpg,lightbox,348,2946,166.249
lightbox/images/img006647.jpg,lightbox,652,2339,172.056
lightbox/images/img006664.jpg,lightbox,720,1333,167.694
lightbox/images/img006665.jpg,lightbox,2270,2745,175.298
lightbox/images/img006668.jpg,lightbox,1803,2211,20.7224
lightbox/images/img006671.jpg,lightbox,2463,2966,39.7537
lightbox/images/img006673.jpg,lightbox,1127,2098,48.1561
lightbox/images/img006674.jpg,lightbox,956,1978,166.476
lightbox/images/img006679.jpg,lightbox,3028,3028,7.30879
lightbox/images/img006684.jpg,lightbox,547,139,31.2218
lightbox/images/img006686.jpg,lightbox,1614,1768,73.6853
lightbox/images/img006696.jpg,lightbox,858,1170,25.7959
lightbox/images/img006704.jpg,lightbox,268,2706,175.481
lightbox/images/img006709.jpg,lightbox,1210,1829,161.102
lightbox/images/img006711.jpg,lightbox,738,1245,78.4989
lightbox/images/img006727.jpg,lightbox,1350,1559,177.628
lightbox/images/img006733.jpg,lightbox,1098,1962,178.884
lightbox/images/img006736.jpg,lightbox,3020,2925,10.5645
sunlamp/images/img000005.jpg,sunlamp,790,235,144.183
sunlamp/images/img000022.jpg,sunlamp,313,2210,138.081
sunlamp/images/img000030.jpg,sunlamp,905,1332,145.303
sunlamp/images/img000031.jpg,sunlamp,2615,2829,97.5561
sunlamp/images/img000033.jpg,sunlamp,488,235,25.5638
sunlamp/images/img000034.jpg,sunlamp,2479,24,158.958
sunlamp/images/img000039.jpg,sunlamp,355,2966,162.152
sunlamp/images/img000040.jpg,sunlamp,2288,1975,22.2719
sunlamp/images/img000043.jpg,sunlamp,379,2605,172.396
sunlamp/images/img000045.jpg,sunlamp,2359,2668,114.168
sunlamp/images/img000052.jpg,sunlamp,1047,422,77.2743
sunlamp/images/img000054.jpg,sunlamp,54,2829,152.503
sunlamp/images/img000060.jpg,sunlamp,522,2706,177.077
sunlamp/images/img000062.jpg,sunlamp,1872,2888,102.572
sunlamp/images/img000066.jpg,sunlamp,347,594,161.52
sunlamp/images/img000072.jpg,sunlamp,664,214,84.8221
sunlamp/images/img000074.jpg,sunlamp,2352,2448,22.6548
sunlamp/images/img000076.jpg,sunlamp,22,678,122.653
sunlamp/images/img000078.jpg,sunlamp,843,390,131.105
sunlamp/images/img000079.jpg,sunlamp,2959,3020,19.6029
sunlamp/images/img000081.jpg,sunlamp,1012,1900,95.1929
sunlamp/images/img000084.jpg,sunlamp,1568,90,101.79
sunlamp/images/img000089.jpg,sunlamp,1718,2888,158.149
sunlamp/images/img000096.jpg,sunlamp,2343,2757,175.235
sunlamp/images/img000097.jpg,sunlamp,2754,2403,110.218
sunlamp/images/img000098.jpg,sunlamp,1574,1332,129.007
sunlamp/images/img000099.jpg,sunlamp,400,2966,154.268
sunlamp/images/img000104.jpg,sunlamp,2550,2584,45.9974
sunlamp/images/img000105.jpg,sunlamp,1926,2130,173.995
sunlamp/images/img000106.jpg,sunlamp,2774,2936,173.427
sunlamp/images/img000107.jpg,sunlamp,784,2584,123.262
sunlamp/images/img000114.jpg,sunlamp,573,2727,176.402
sunlamp/images/img000116.jpg,sunlamp,2449,2160,80.4434
sunlamp/images/img000117.jpg,sunlamp,2054,2155,148.264
sunlamp/images/img000118.jpg,sunlamp,2152,2155,86.3083
sunlamp/images/img000122.jpg,sunlamp,846,132,89.5543
sunlamp/images/img000124.jpg,sunlamp,1009,1492,114.3
sunlamp/images/img000126.jpg,sunlamp,1608,1332,83.4964
sunlamp/images/img000128.jpg,sunlamp,474,2764,104.163
sunlamp/images/img000136.jpg,sunlamp,950,1492,91.9941
sunlamp/images/img000140.jpg,sunlamp,293,132,156.866
sunlamp/images/img000141.jpg,sunlamp,2845,3002,18.3353
sunlamp/images/img000142.jpg,sunlamp,1146,646,120.085
sunlamp/images/img000144.jpg,sunlamp,2882,2483,81.3368
sunlamp/images/img000148.jpg,sunlamp,2166,24,169.326
sunlamp/images/img000149.jpg,sunlamp,2653,2653,10.01
sunlamp/images/img000158.jpg,sunlamp,1331,1623,174.854
sunlamp/images/img000160.jpg,sunlamp,2471,2727,131.553
sunlamp/images/img000161.jpg,sunlamp,1055,2584,161.788
sunlamp/images/img000165.jpg,sunlamp,3059,2727,48.0302
sunlamp/images/img000167.jpg,sunlamp,649,1115,153.109
sunlamp/images/img000176.jpg,sunlamp,2823,2839,109.159
sunlamp/images/img000177.jpg,sunlamp,2023,2339,111.026
sunlamp/images/img000178.jpg,sunlamp,1420,48,113.701
sunlamp/images/img000179.jpg,sunlamp,2708,2210,122.084
sunlamp/images/img000181.jpg,sunlamp,469,2411,179.035
sunlamp/images/img000182.jpg,sunlamp,742,192,117.898
sunlamp/images/img000196.jpg,sunlamp,2462,2584,42.4474
sunlamp/images/img000197.jpg,sunlamp,2484,3048,41.3519
sunlamp/images/img000198.jpg,sunlamp,1481,1531,170.7
sunlamp/images/img000200.jpg,sunlamp,2026,2176,175.991
sunlamp/images/img000203.jpg,sunlamp,3029,3002,26.0725
sunlamp/images/img000206.jpg,sunlamp,2687,2026,40.5674
sunlamp/images/img000207.jpg,sunlamp,1326,1329,79.5835
sunlamp/images/img000208.jpg,sunlamp,2362,2829,71.0038
sunlamp/images/img000213.jpg,sunlamp,2044,2584,72.5667
sunlamp/images/img000214.jpg,sunlamp,2636,2888,16.4708
sunlamp/images/img000219.jpg,sunlamp,2337,2745,22.1774
sunlamp/images/img000220.jpg,sunlamp,2336,2839,27.2073
sunlamp/images/img000227.jpg,sunlamp,233,2584,101.915
sunlamp/images/img000228.jpg,sunlamp,2987,2979,110.861
sunlamp/images/img000233.jpg,sunlamp,15,1332,113.069
sunlamp/images/img000235.jpg,sunlamp,432,1344,35.8949
sunlamp/images/img000237.jpg,sunlamp,2542,2584,92.514
sunlamp/images/img000239.jpg,sunlamp,92,521,51.0705
sunlamp/images/img000241.jpg,sunlamp,1632,2706,178.339
sunlamp/images/img000247.jpg,sunlamp,795,272,103.489
sunlamp/images/img000252.jpg,sunlamp,2450,2584,110.738
sunlamp/images/img000254.jpg,sunlamp,110,2962,172.681
sunlamp/images/img000255.jpg,sunlamp,1725,1566,79.2797
sunlamp/images/img000256.jpg,sunlamp,512,2137,168.186
sunlamp/images/img000257.jpg,sunlamp,195,388,22.3342
sunlamp/images/img000260.jpg,sunlamp,1703,2519,31.7985
sunlamp/images/img000261.jpg,sunlamp,2438,2751,14.4447
sunlamp/images/img000262.jpg,sunlamp,608,394,45.4089
sunlamp/images/img000267.jpg,sunlamp,2009,2829,122.555
sunlamp/images/img000272.jpg,sunlamp,48,931,122.267
sunlamp/images/img000273.jpg,sunlamp,713,1372,36.5605
sunlamp/images/img000274.jpg,sunlamp,352,352,9.05642
sunlamp/images/img000277.jpg,sunlamp,891,272,113.771
sunlamp/images/img000278.jpg,sunlamp,1407,2724,93.6651
sunlamp/images/img000280.jpg,sunlamp,2248,2411,150.81
sunlamp/images/img000282.jpg,sunlamp,2091,2584,106.627
sunlamp/images/img000283.jpg,sunlamp,177,871,106.525
sunlamp/images/img000291.jpg,sunlamp,2341,1988,133.372
sunlamp/images/img000297.jpg,sunlamp,1984,1332,159.906
sunlamp/images/img000298.jpg,sunlamp,921,2966,154.828
sunlamp/images/img000307.jpg,sunlamp,1126,2706,138.872
sunlamp/images/img000315.jpg,sunlamp,1658,1817,76.5092
sunlamp/images/img000317.jpg,sunlamp,761,235,48.1716
sunlamp/images/img000318.jpg,sunlamp,591,1332,102.813
sunlamp/images/img000319.jpg,sunlamp,2703,2839,179.68
sunlamp/images/img000320.jpg,sunlamp,2494,2724,98.118
sunlamp/images/img000323.jpg,sunlamp,530,420,111.6
sunlamp/images/img000324.jpg,sunlamp,1013,2130,168.368
sunlamp/images/img000333.jpg,sunlamp,985,1492,95.6436
sunlamp/images/img000335.jpg,sunlamp,954,546,11.8968
sunlamp/images/img000340.jpg,sunlamp,2721,2668,86.4112
sunlamp/images/img000341.jpg,sunlamp,1612,2622,75.4295
sunlamp/images/img000342.jpg,sunlamp,2231,2888,101.436
sunlamp/images/img000343.jpg,sunlamp,1027,646,144.082
sunlamp/images/img000345.jpg,sunlamp,1609,1704,46.0061
sunlamp/images/img000346.jpg,sunlamp,2495,2590,31.0799
sunlamp/images/img000348.jpg,sunlamp,465,272,26.9757
sunlamp/images/img000349.jpg,sunlamp,1621,1370,38.3187
sunlamp/images/img000351.jpg,sunlamp,1937,1492,60.6671
sunlamp/images/img000352.jpg,sunlamp,2315,2567,11.4433
sunlamp/images/img000353.jpg,sunlamp,2350,2888,47.9207
sunlamp/images/img000356.jpg,sunlamp,2769,2888,85.5321
sunlamp/images/img000358.jpg,sunlamp,839,1492,156.906
sunlamp/images/img000359.jpg,sunlamp,1490,1492,61.1611
sunlamp/images/img000360.jpg,sunlamp,1940,2137,139.394
sunlamp/images/img000361.jpg,sunlamp,1934,2584,106.344
sunlamp/images/img000363.jpg,sunlamp,2305,2727,178.635
sunlamp/images/img000364.jpg,sunlamp,1549,733,32.1206
sunlamp/images/img000365.jpg,sunlamp,657,2210,178.158
sunlamp/images/img000375.jpg,sunlamp,1573,2946,104.899
sunlamp/images/img000376.jpg,sunlamp,2952,2933,124.662
sunlamp/images/img000377.jpg,sunlamp,956,1492,151.528
sunlamp/images/img000379.jpg,sunlamp,2649,2839,40.0214
sunlamp/images/img000380.jpg,sunlamp,2910,2727,49.5277
sunlamp/images/img000382.jpg,sunlamp,3060,34,172.594
sunlamp/images/img000383.jpg,sunlamp,350,1477,52.832
sunlamp/images/img000384.jpg,sunlamp,319,1332,117.877
sunlamp/images/img000386.jpg,sunlamp,689,943,62.4849
sunlamp/images/img000388.jpg,sunlamp,651,1332,83.3676
sunlamp/images/img000389.jpg,sunlamp,2025,1818,157.975
sunlamp/images/img000394.jpg,sunlamp,2890,2888,67.3469
sunlamp/images/img000395.jpg,sunlamp,516,1332,29.8856
sunlamp/images/img000397.jpg,sunlamp,980,1226,170.4
sunlamp/images/img000398.jpg,sunlamp,2773,2839,148.297
sunlamp/images/img000399.jpg,sunlamp,98,235,76.8584
sunlamp/images/img000401.jpg,sunlamp,3040,2776,140.637
sunlamp/images/img000402.jpg,sunlamp,216,27,125.79
sunlamp/images/img000404.jpg,sunlamp,1167,1417,62.9366
sunlamp/images/img000407.jpg,sunlamp,2472,2724,13.7065
sunlamp/images/img000409.jpg,sunlamp,2390,2584,94.7392
sunlamp/images/img000411.jpg,sunlamp,1145,893,17.5349
sunlamp/images/img000412.jpg,sunlamp,2201,2354,98.8825
sunlamp/images/img000419.jpg,sunlamp,1821,284,86.8771
sunlamp/images/img000423.jpg,sunlamp,1132,1492,167.582
sunlamp/images/img000425.jpg,sunlamp,3014,2839,120.195
sunlamp/images/img000426.jpg,sunlamp,739,235,31.1922
sunlamp/images/img000429.jpg,sunlamp,820,1332,160.991
sunlamp/images/img000432.jpg,sunlamp,2566,2928,42.8748
sunlamp/images/img000436.jpg,sunlamp,2192,1524,116.258
sunlamp/images/img000439.jpg,sunlamp,305,24,139.787
sunlamp/images/img000440.jpg,sunlamp,1333,2622,146.822
sunlamp/images/img000442.jpg,sunlamp,1987,2641,174.001
sunlamp/images/img000443.jpg,sunlamp,3028,3028,7.0617
sunlamp/images/img000449.jpg,sunlamp,1062,27,151.133
sunlamp/images/img000451.jpg,sunlamp,1663,90,82.0496
sunlamp/images/img000452.jpg,sunlamp,3006,2853,104.268
sunlamp/images/img000458.jpg,sunlamp,533,1098,43.7349
sunlamp/images/img000461.jpg,sunlamp,446,2584,105.505
sunlamp/images/img000464.jpg,sunlamp,74,2727,160.878
sunlamp/images/img000466.jpg,sunlamp,2654,2584,78.2073
sunlamp/images/img000478.jpg,sunlamp,8,698,130.587
sunlamp/images/img000479.jpg,sunlamp,1298,1900,68.27
sunlamp/images/img000485.jpg,sunlamp,2749,2519,98.5809
sunlamp/images/img000490.jpg,sunlamp,2472,2724,13.4127
sunlamp/images/img000492.jpg,sunlamp,2438,2727,87.114
sunlamp/images/img000497.jpg,sunlamp,107,192,22.0868
sunlamp/images/img000499.jpg,sunlamp,1388,1789,138.634
sunlamp/images/img000500.jpg,sunlamp,3014,2584,139.367
sunlamp/images/img000514.jpg,sunlamp,2106,2262,19.3095
sunlamp/images/img000516.jpg,sunlamp,2424,2584,106.831
sunlamp/images/img000517.jpg,sunlamp,755,2465,167.544
sunlamp/images/img000518.jpg,sunlamp,804,2339,172.38
sunlamp/images/img000519.jpg,sunlamp,231,27,172.798
sunlamp/images/img000522.jpg,sunlamp,2492,2584,114.661
sunlamp/images/img000526.jpg,sunlamp,305,2280,164.396
sunlamp/images/img000532.jpg,sunlamp,231,2680,118.62
sunlamp/images/img000538.jpg,sunlamp,2743,2839,29.7009
sunlamp/images/img000540.jpg,sunlamp,546,235,18.3427
sunlamp/images/img000541.jpg,sunlamp,1698,1332,179.831
sunlamp/images/img000545.jpg,sunlamp,2511,2829,160.947
sunlamp/images/img000547.jpg,sunlamp,2051,1332,166.452
sunlamp/images/img000550.jpg,sunlamp,2271,2584,23.6819
sunlamp/images/img000551.jpg,sunlamp,296,132,109.203
sunlamp/images/img000553.jpg,sunlamp,835,272,34.1897
sunlamp/images/img000554.jpg,sunlamp,702,235,44.4142
sunlamp/images/img000557.jpg,sunlamp,157,1492,107.84
sunlamp/images/img000559.jpg,sunlamp,1148,1900,132.218
sunlamp/images/img000561.jpg,sunlamp,1918,1656,67.7524
sunlamp/images/img000563.jpg,sunlamp,29,29,11.2568
sunlamp/images/img000571.jpg,sunlamp,215,521,159.65
sunlamp/images/img000573.jpg,sunlamp,588,132,174.556
sunlamp/images/img000576.jpg,sunlamp,2873,2839,22.2407
sunlamp/images/img000579.jpg,sunlamp,1630,1417,175.671
sunlamp/images/img000581.jpg,sunlamp,2473,2629,10.2339
sunlamp/images/img000582.jpg,sunlamp,129,381,16.8778
sunlamp/images/img000583.jpg,sunlamp,2454,2519,121.545
sunlamp/images/img000584.jpg,sunlamp,3061,3057,102.636
sunlamp/images/img000586.jpg,sunlamp,2496,2724,92.5357
sunlamp/images/img000587.jpg,sunlamp,1512,2339,49.5825
sunlamp/images/img000598.jpg,sunlamp,1411,1206,176.918
sunlamp/images/img000599.jpg,sunlamp,2925,2925,4.30638
sunlamp/images/img000601.jpg,sunlamp,2908,2819,177.819
sunlamp/images/img000602.jpg,sunlamp,1309,2229,130.446
sunlamp/images/img000606.jpg,sunlamp,2235,2946,117.442
sunlamp/images/img000608.jpg,sunlamp,1743,1492,41.9291
sunlamp/images/img000611.jpg,sunlamp,2312,1492,128.233
sunlamp/images/img000613.jpg,sunlamp,748,588,137.684
sunlamp/images/img000616.jpg,sunlamp,151,2280,166.733
sunlamp/images/img000620.jpg,sunlamp,1488,1332,16.6388
sunlamp/images/img000633.jpg,sunlamp,318,1332,122.706
sunlamp/images/img000647.jpg,sunlamp,2432,2966,128.861
sunlamp/images/img000648.jpg,sunlamp,2694,2584,154.594
sunlamp/images/img000654.jpg,sunlamp,716,501,39.0664
sunlamp/images/img000662.jpg,sunlamp,2972,2584,165.016
sunlamp/images/img000668.jpg,sunlamp,2659,2411,112.603
sunlamp/images/img000682.jpg,sunlamp,2856,2376,96.3695
sunlamp/images/img000690.jpg,sunlamp,2910,2727,52.3933
sunlamp/images/img000691.jpg,sunlamp,1145,2411,172.002
sunlamp/images/img000692.jpg,sunlamp,2143,1780,172.146
sunlamp/images/img000694.jpg,sunlamp,420,2210,99.7869
sunlamp/images/img000695.jpg,sunlamp,2852,2791,21.7467
sunlamp/images/img000696.jpg,sunlamp,1275,709,74.6896
sunlamp/images/img000699.jpg,sunlamp,1209,2622,89.8918
sunlamp/images/img000700.jpg,sunlamp,152,34,26.5354
sunlamp/images/img000701.jpg,sunlamp,758,1574,25.9094
sunlamp/images/img000702.jpg,sunlamp,2030,2519,92.9341
sunlamp/images/img000708.jpg,sunlamp,2408,2411,93.6819
sunlamp/images/img000709.jpg,sunlamp,664,1332,159.144
sunlamp/images/img000711.jpg,sunlamp,2059,1492,95.868
sunlamp/images/img000712.jpg,sunlamp,2663,2411,15.7575
sunlamp/images/img000715.jpg,sunlamp,657,502,23.2697
sunlamp/images/img000716.jpg,sunlamp,101,235,31.0775
sunlamp/images/img000719.jpg,sunlamp,25,58,23.6202
sunlamp/images/img000721.jpg,sunlamp,607,272,84.0166
sunlamp/images/img000722.jpg,sunlamp,1769,1768,41.2958
sunlamp/images/img000723.jpg,sunlamp,2872,3002,19.4654
sunlamp/images/img000727.jpg,sunlamp,2391,3057,176.034
sunlamp/images/img000731.jpg,sunlamp,675,1900,57.5325
sunlamp/images/img000735.jpg,sunlamp,1508,2966,111.502
sunlamp/images/img000738.jpg,sunlamp,1187,1085,174.377
sunlamp/images/img000741.jpg,sunlamp,413,420,113.714
sunlamp/images/img000742.jpg,sunlamp,1519,2382,177.509
sunlamp/images/img000746.jpg,sunlamp,272,2706,165.894
sunlamp/images/img000749.jpg,sunlamp,2495,2280,161.862
sunlamp/images/img000756.jpg,sunlamp,741,235,60.1283
sunlamp/images/img000758.jpg,sunlamp,2349,2248,161.522
sunlamp/images/img000761.jpg,sunlamp,1606,1656,63.4906
sunlamp/images/img000762.jpg,sunlamp,1963,2276,21.4315
sunlamp/images/img000764.jpg,sunlamp,883,1036,80.4635
sunlamp/images/img000771.jpg,sunlamp,2952,2160,81.4972
sunlamp/images/img000772.jpg,sunlamp,3051,2724,163.581
sunlamp/images/img000777.jpg,sunlamp,1505,1704,170.75
sunlamp/images/img000784.jpg,sunlamp,2548,2584,44.0073
sunlamp/images/img000785.jpg,sunlamp,3029,2873,19.7903
sunlamp/images/img000787.jpg,sunlamp,291,58,101.577
sunlamp/images/img000795.jpg,sunlamp,1825,2519,121.096
sunlamp/images/img000804.jpg,sunlamp,1412,1099,47.223
sunlamp/images/img000805.jpg,sunlamp,706,706,9.95733
sunlamp/images/img000807.jpg,sunlamp,1488,1339,163.048
sunlamp/images/img000808.jpg,sunlamp,2538,2584,141.959
sunlamp/images/img000809.jpg,sunlamp,1328,1397,129.112
sunlamp/images/img000810.jpg,sunlamp,2903,2724,103.84
sunlamp/images/img000812.jpg,sunlamp,1532,1623,139.653
sunlamp/images/img000822.jpg,sunlamp,2811,3002,20.1569
sunlamp/images/img000825.jpg,sunlamp,1815,2724,95.1468
sunlamp/images/img000829.jpg,sunlamp,131,34,22.2554
sunlamp/images/img000830.jpg,sunlamp,2884,2567,111.72
sunlamp/images/img000831.jpg,sunlamp,2864,2949,86.7922
sunlamp/images/img000832.jpg,sunlamp,2974,2727,102.789
sunlamp/images/img000834.jpg,sunlamp,659,2584,167.384
sunlamp/images/img000837.jpg,sunlamp,669,2411,152.574
sunlamp/images/img000843.jpg,sunlamp,2074,2888,73.4341
sunlamp/images/img000844.jpg,sunlamp,2804,2584,89.9732
sunlamp/images/img000847.jpg,sunlamp,2245,2411,79.3135
sunlamp/images/img000854.jpg,sunlamp,13,29,24.5628
sunlamp/images/img000855.jpg,sunlamp,2405,2411,178.926
sunlamp/images/img000856.jpg,sunlamp,1587,1492,47.2517
sunlamp/images/img000857.jpg,sunlamp,686,1492,172.711
sunlamp/images/img000858.jpg,sunlamp,1615,2622,48.8295
sunlamp/images/img000860.jpg,sunlamp,801,1492,168.288
sunlamp/images/img000864.jpg,sunlamp,2452,2301,157.321
sunlamp/images/img000866.jpg,sunlamp,541,2888,157.671
sunlamp/images/img000871.jpg,sunlamp,1217,1721,27.1333
sunlamp/images/img000872.jpg,sunlamp,1439,1182,144.383
sunlamp/images/img000873.jpg,sunlamp,2722,2727,105.838
sunlamp/images/img000874.jpg,sunlamp,2195,2130,136.837
sunlamp/images/img000875.jpg,sunlamp,2047,1332,170.834
sunlamp/images/img000876.jpg,sunlamp,2790,2668,38.7161
sunlamp/images/img000879.jpg,sunlamp,1269,1492,159.241
sunlamp/images/img000880.jpg,sunlamp,2840,2339,81.7559
sunlamp/images/img000881.jpg,sunlamp,2516,2481,41.9019
sunlamp/images/img000883.jpg,sunlamp,890,1492,71.393
sunlamp/images/img000884.jpg,sunlamp,60,2934,172.795
sunlamp/images/img000886.jpg,sunlamp,2864,3020,22.9159
sunlamp/images/img000888.jpg,sunlamp,1101,2160,104.95
sunlamp/images/img000889.jpg,sunlamp,2556,2411,36.5956
sunlamp/images/img000891.jpg,sunlamp,1858,1492,170.872
sunlamp/images/img000892.jpg,sunlamp,2948,2635,19.7337
sunlamp/images/img000895.jpg,sunlamp,151,2966,174.671
sunlamp/images/img000898.jpg,sunlamp,1467,1332,112.518
sunlamp/images/img000899.jpg,sunlamp,2396,2891,81.6001
sunlamp/images/img000910.jpg,sunlamp,905,594,33.1408
sunlamp/images/img000915.jpg,sunlamp,2010,1344,171.894
sunlamp/images/img000920.jpg,sunlamp,2368,2776,21.6459
sunlamp/images/img000921.jpg,sunlamp,2266,235,163.697
sunlamp/images/img000924.jpg,sunlamp,421,2411,97.9238
sunlamp/images/img000926.jpg,sunlamp,3038,2962,31.858
sunlamp/images/img000928.jpg,sunlamp,966,826,129.395
sunlamp/images/img000935.jpg,sunlamp,352,1492,106.377
sunlamp/images/img000939.jpg,sunlamp,3052,2888,33.0465
sunlamp/images/img000940.jpg,sunlamp,688,1332,127.381
sunlamp/images/img000941.jpg,sunlamp,293,2629,168.518
sunlamp/images/img000945.jpg,sunlamp,606,34,136.219
sunlamp/images/img000948.jpg,sunlamp,2134,2724,95.5768
sunlamp/images/img000957.jpg,sunlamp,1683,2584,114.739
sunlamp/images/img000959.jpg,sunlamp,203,132,13.8022
sunlamp/images/img000963.jpg,sunlamp,32,70,15.4612
sunlamp/images/img000965.jpg,sunlamp,2457,2770,27.9109
sunlamp/images/img000966.jpg,sunlamp,2490,1008,167.999
sunlamp/images/img000967.jpg,sunlamp,2710,2584,127.994
sunlamp/images/img000968.jpg,sunlamp,1629,1623,171.234
sunlamp/images/img000969.jpg,sunlamp,31,439,35.179
sunlamp/images/img000970.jpg,sunlamp,2354,2357,99.3256
sunlamp/images/img000971.jpg,sunlamp,536,2727,163.528
sunlamp/images/img000973.jpg,sunlamp,62,1332,142.383
sunlamp/images/img000974.jpg,sunlamp,1449,1851,174.969
sunlamp/images/img000977.jpg,sunlamp,3010,2584,82.1229
sunlamp/images/img000985.jpg,sunlamp,194,34,35.1014
sunlamp/images/img000986.jpg,sunlamp,377,1332,111.357
sunlamp/images/img000987.jpg,sunlamp,1523,605,173.392
sunlamp/images/img000988.jpg,sunlamp,295,235,33.2086
sunlamp/images/img000998.jpg,sunlamp,2413,1332,144.025
sunlamp/images/img001009.jpg,sunlamp,298,2946,162.721
sunlamp/images/img001010.jpg,sunlamp,251,1332,122.855
sunlamp/images/img001011.jpg,sunlamp,402,1372,58.9299
sunlamp/images/img001017.jpg,sunlamp,1242,1085,37.9346
sunlamp/images/img001019.jpg,sunlamp,771,2584,123.574
sunlamp/images/img001022.jpg,sunlamp,2674,1947,171.116
sunlamp/images/img001027.jpg,sunlamp,2783,2928,26.279
sunlamp/images/img001031.jpg,sunlamp,187,1332,139.3
sunlamp/images/img001032.jpg,sunlamp,46,2584,179.909
sunlamp/images/img001039.jpg,sunlamp,1548,1332,47.179
sunlamp/images/img001040.jpg,sunlamp,2887,2724,165.603
sunlamp/images/img001041.jpg,sunlamp,884,476,13.3201
sunlamp/images/img001045.jpg,sunlamp,2658,2970,28.5982
sunlamp/images/img001048.jpg,sunlamp,1961,2465,21.6783
sunlamp/images/img001049.jpg,sunlamp,1872,1623,82.1467
sunlamp/images/img001051.jpg,sunlamp,2228,2888,29.9269
sunlamp/images/img001052.jpg,sunlamp,92,352,101.587
sunlamp/images/img001053.jpg,sunlamp,455,2629,174.749
sunlamp/images/img001056.jpg,sunlamp,1947,1796,153.846
sunlamp/images/img001060.jpg,sunlamp,3028,3002,36.3221
sunlamp/images/img001067.jpg,sunlamp,2574,2724,178.136
sunlamp/images/img001069.jpg,sunlamp,1452,1704,17.2435
sunlamp/images/img001073.jpg,sunlamp,2611,2706,16.8259
sunlamp/images/img001075.jpg,sunlamp,2877,2584,167.158
sunlamp/images/img001076.jpg,sunlamp,2690,2839,68.3949
sunlamp/images/img001079.jpg,sunlamp,813,1062,94.974
sunlamp/images/img001080.jpg,sunlamp,400,876,167.037
sunlamp/images/img001082.jpg,sunlamp,2982,1332,123.433
sunlamp/images/img001083.jpg,sunlamp,986,423,39.4212
sunlamp/images/img001087.jpg,sunlamp,2957,2706,29.3122
sunlamp/images/img001095.jpg,sunlamp,1672,1792,60.9325
sunlamp/images/img001096.jpg,sunlamp,2452,2357,13.9662
sunlamp/images/img001097.jpg,sunlamp,2457,2210,141.291
sunlamp/images/img001100.jpg,sunlamp,1719,1319,121.491
sunlamp/images/img001108.jpg,sunlamp,2190,2411,127.531
sunlamp/images/img001111.jpg,sunlamp,2000,1333,138.148
sunlamp/images/img001113.jpg,sunlamp,2309,2465,18.2214
sunlamp/images/img001118.jpg,sunlamp,2279,2791,90.2834
sunlamp/images/img001120.jpg,sunlamp,1953,2109,17.1176
sunlamp/images/img001122.jpg,sunlamp,475,1547,115.222
sunlamp/images/img001124.jpg,sunlamp,603,1492,101.278
sunlamp/images/img001134.jpg,sunlamp,898,192,116.483
sunlamp/images/img001135.jpg,sunlamp,1798,2519,37.6527
sunlamp/images/img001137.jpg,sunlamp,1256,2622,171.035
sunlamp/images/img001138.jpg,sunlamp,1222,1417,171.538
sunlamp/images/img001139.jpg,sunlamp,1032,1344,30.1723
sunlamp/images/img001144.jpg,sunlamp,3048,2724,104.948
sunlamp/images/img001145.jpg,sunlamp,1121,1085,55.7143
sunlamp/images/img001151.jpg,sunlamp,2200,2519,154.94
sunlamp/images/img001154.jpg,sunlamp,2844,2280,29.6374
sunlamp/images/img001155.jpg,sunlamp,99,2888,177.87
sunlamp/images/img001159.jpg,sunlamp,2947,2791,12.4727
sunlamp/images/img001160.jpg,sunlamp,1782,1492,90.6668
sunlamp/images/img001164.jpg,sunlamp,365,521,13.8918
sunlamp/images/img001166.jpg,sunlamp,1065,1062,102.968
sunlamp/images/img001170.jpg,sunlamp,109,281,54.5435
sunlamp/images/img001171.jpg,sunlamp,1605,973,133.587
sunlamp/images/img001172.jpg,sunlamp,323,2966,168.555
sunlamp/images/img001173.jpg,sunlamp,740,526,44.8693
sunlamp/images/img001180.jpg,sunlamp,1475,2584,140.676
sunlamp/images/img001183.jpg,sunlamp,1875,1417,170.061
sunlamp/images/img001188.jpg,sunlamp,3027,2173,99.6297
sunlamp/images/img001189.jpg,sunlamp,542,192,48.1169
sunlamp/images/img001192.jpg,sunlamp,1088,235,54.9782
sunlamp/images/img001193.jpg,sunlamp,583,235,39.9891
sunlamp/images/img001194.jpg,sunlamp,276,2160,85.6272
sunlamp/images/img001195.jpg,sunlamp,2572,2160,113.531
sunlamp/images/img001197.jpg,sunlamp,283,2727,140.775
sunlamp/images/img001198.jpg,sunlamp,2011,1085,160.606
sunlamp/images/img001204.jpg,sunlamp,2626,34,178.702
sunlamp/images/img001207.jpg,sunlamp,2234,2176,87.4506
sunlamp/images/img001208.jpg,sunlamp,2445,2584,118.758
sunlamp/images/img001209.jpg,sunlamp,77,34,29.0804
sunlamp/images/img001213.jpg,sunlamp,1075,1372,145.575
sunlamp/images/img001216.jpg,sunlamp,1568,1656,135.983
sunlamp/images/img001218.jpg,sunlamp,2159,2411,14.773
sunlamp/images/img001219.jpg,sunlamp,1493,1492,36.7408
sunlamp/images/img001220.jpg,sunlamp,268,423,19.5779
sunlamp/images/img001223.jpg,sunlamp,2348,1492,131.774
sunlamp/images/img001224.jpg,sunlamp,2434,2173,98.2473
sunlamp/images/img001225.jpg,sunlamp,3058,2376,86.1763
sunlamp/images/img001227.jpg,sunlamp,545,132,156.305
sunlamp/images/img001229.jpg,sunlamp,2724,2831,17.5487
sunlamp/images/img001230.jpg,sunlamp,704,132,105.096
sunlamp/images/img001231.jpg,sunlamp,2705,1339,178.654
sunlamp/images/img001232.jpg,sunlamp,2203,2519,99.4896
sunlamp/images/img001233.jpg,sunlamp,2340,2595,85.6206
sunlamp/images/img001234.jpg,sunlamp,43,220,41.6907
sunlamp/images/img001238.jpg,sunlamp,2258,2584,153.251
sunlamp/images/img001240.jpg,sunlamp,2997,192,139.41
sunlamp/images/img001241.jpg,sunlamp,321,2727,176.184
sunlamp/images/img001243.jpg,sunlamp,1335,1492,40.5071
sunlamp/images/img001252.jpg,sunlamp,2378,2888,161.645
sunlamp/images/img001255.jpg,sunlamp,1212,2339,165.989
sunlamp/images/img001262.jpg,sunlamp,2551,2806,101.724
sunlamp/images/img001264.jpg,sunlamp,2115,1332,104.829
sunlamp/images/img001267.jpg,sunlamp,56,626,93.3975
sunlamp/images/img001269.jpg,sunlamp,1991,1333,153.19
sunlamp/images/img001270.jpg,sunlamp,1596,1332,144.536
sunlamp/images/img001274.jpg,sunlamp,158,1492,118.457
sunlamp/images/img001277.jpg,sunlamp,1780,1623,25.6072
sunlamp/images/img001278.jpg,sunlamp,977,2411,171.055
sunlamp/images/img001279.jpg,sunlamp,1467,1882,154.343
sunlamp/images/img001284.jpg,sunlamp,1761,235,150.654
sunlamp/images/img001286.jpg,sunlamp,2065,1656,33.5839
sunlamp/images/img001287.jpg,sunlamp,2736,2382,91.6972
sunlamp/images/img001288.jpg,sunlamp,1851,1694,26.4242
sunlamp/images/img001291.jpg,sunlamp,2753,2727,53.0159
sunlamp/images/img001299.jpg,sunlamp,1090,2584,163.908
sunlamp/images/img001300.jpg,sunlamp,259,2727,165.734
sunlamp/images/img001301.jpg,sunlamp,364,927,32.7819
sunlamp/images/img001303.jpg,sunlamp,2217,1492,136.177
sunlamp/images/img001307.jpg,sunlamp,2704,2616,70.1622
sunlamp/images/img001308.jpg,sunlamp,2311,2155,16.8393
sunlamp/images/img001311.jpg,sunlamp,883,1084,154.498
sunlamp/images/img001313.jpg,sunlamp,2303,2459,15.0974
sunlamp/images/img001316.jpg,sunlamp,797,2465,71.6468
sunlamp/images/img001318.jpg,sunlamp,2520,336,175.525
sunlamp/images/img001321.jpg,sunlamp,1437,1584,98.6278
sunlamp/images/img001322.jpg,sunlamp,1840,1492,31.2028
sunlamp/images/img001323.jpg,sunlamp,1268,235,80.4202
sunlamp/images/img001324.jpg,sunlamp,2694,2584,149.293
sunlamp/images/img001326.jpg,sunlamp,2228,2888,27.7437
sunlamp/images/img001327.jpg,sunlamp,2705,2584,38.2463
sunlamp/images/img001329.jpg,sunlamp,2828,2584,69.8094
sunlamp/images/img001330.jpg,sunlamp,34,34,5.3135
sunlamp/images/img001331.jpg,sunlamp,1067,1332,92.1151
sunlamp/images/img001336.jpg,sunlamp,2138,2584,89.5985
sunlamp/images/img001338.jpg,sunlamp,2911,2339,75.531
sunlamp/images/img001340.jpg,sunlamp,2676,132,115.376
sunlamp/images/img001343.jpg,sunlamp,598,2727,170.386
sunlamp/images/img001344.jpg,sunlamp,249,111,114.574
sunlamp/images/img001349.jpg,sunlamp,2821,2483,82.9109
sunlamp/images/img001354.jpg,sunlamp,1138,1138,8.15741
sunlamp/images/img001355.jpg,sunlamp,2073,1818,90.7084
sunlamp/images/img001361.jpg,sunlamp,986,2622,137.47
sunlamp/images/img001363.jpg,sunlamp,2842,2839,92.7311
sunlamp/images/img001366.jpg,sunlamp,2572,1332,177.023
sunlamp/images/img001370.jpg,sunlamp,663,2411,157.976
sunlamp/images/img001371.jpg,sunlamp,3065,1332,161.846
sunlamp/images/img001376.jpg,sunlamp,944,733,127.633
sunlamp/images/img001379.jpg,sunlamp,2606,2354,17.5868
sunlamp/images/img001386.jpg,sunlamp,240,155,13.5083
sunlamp/images/img001390.jpg,sunlamp,2104,1332,178.997
sunlamp/images/img001392.jpg,sunlamp,461,305,12.1924
sunlamp/images/img001394.jpg,sunlamp,1304,235,51.5733
sunlamp/images/img001395.jpg,sunlamp,283,1332,142.062
sunlamp/images/img001402.jpg,sunlamp,2190,2757,81.8005
sunlamp/images/img001403.jpg,sunlamp,911,2262,146.439
sunlamp/images/img001404.jpg,sunlamp,2694,2694,9.77911
sunlamp/images/img001408.jpg,sunlamp,1980,2098,142.493
sunlamp/images/img001413.jpg,sunlamp,2445,2280,98.2298
sunlamp/images/img001414.jpg,sunlamp,1999,2411,130.757
sunlamp/images/img001417.jpg,sunlamp,434,1492,165.892
sunlamp/images/img001418.jpg,sunlamp,1113,1115,70.5951
sunlamp/images/img001419.jpg,sunlamp,1756,1656,134.011
sunlamp/images/img001424.jpg,sunlamp,1403,1492,140.193
sunlamp/images/img001427.jpg,sunlamp,1089,235,51.2808
sunlamp/images/img001429.jpg,sunlamp,965,1332,131.029
sunlamp/images/img001434.jpg,sunlamp,1174,1623,173.22
sunlamp/images/img001438.jpg,sunlamp,2712,1332,62.3928
sunlamp/images/img001439.jpg,sunlamp,2897,2829,51.2686
sunlamp/images/img001445.jpg,sunlamp,2084,1417,147.532
sunlamp/images/img001448.jpg,sunlamp,1896,1332,21.8935
sunlamp/images/img001449.jpg,sunlamp,1628,2934,172.309
sunlamp/images/img001452.jpg,sunlamp,295,2584,126.329
sunlamp/images/img001455.jpg,sunlamp,2584,2584,9.85311
sunlamp/images/img001457.jpg,sunlamp,190,3002,151.326
sunlamp/images/img001458.jpg,sunlamp,1352,1492,158.495
sunlamp/images/img001459.jpg,sunlamp,2277,1332,127.766
sunlamp/images/img001462.jpg,sunlamp,2760,1332,161.958
sunlamp/images/img001463.jpg,sunlamp,168,2706,157.896
sunlamp/images/img001464.jpg,sunlamp,1663,132,124.213
sunlamp/images/img001465.jpg,sunlamp,1704,1704,15.1437
sunlamp/images/img001466.jpg,sunlamp,930,2706,168.167
sunlamp/images/img001473.jpg,sunlamp,1620,2641,176.382
sunlamp/images/img001476.jpg,sunlamp,476,636,92.5702
sunlamp/images/img001478.jpg,sunlamp,840,1344,19.5734
sunlamp/images/img001482.jpg,sunlamp,263,372,85.8925
sunlamp/images/img001483.jpg,sunlamp,884,1332,150.586
sunlamp/images/img001484.jpg,sunlamp,148,2724,161.932
sunlamp/images/img001485.jpg,sunlamp,768,2619,115.713
sunlamp/images/img001486.jpg,sunlamp,3062,2967,13.483
sunlamp/images/img001488.jpg,sunlamp,1690,973,159.703
sunlamp/images/img001493.jpg,sunlamp,231,272,102.57
sunlamp/images/img001498.jpg,sunlamp,1019,1332,109.44
sunlamp/images/img001500.jpg,sunlamp,2391,2391,6.22638
sunlamp/images/img001503.jpg,sunlamp,873,2727,168.089
sunlamp/images/img001504.jpg,sunlamp,361,2706,178.937
sunlamp/images/img001505.jpg,sunlamp,2386,2888,63.687
sunlamp/images/img001507.jpg,sunlamp,593,2966,175.044
sunlamp/images/img001512.jpg,sunlamp,2590,2839,88.4863
sunlamp/images/img001515.jpg,sunlamp,829,1344,165.544
sunlamp/images/img001516.jpg,sunlamp,1601,1492,157.56
sunlamp/images/img001518.jpg,sunlamp,1112,235,80.7695
sunlamp/images/img001521.jpg,sunlamp,1983,2280,155.021
sunlamp/images/img001522.jpg,sunlamp,1156,1115,146.971
sunlamp/images/img001528.jpg,sunlamp,2911,2584,165.684
sunlamp/images/img001529.jpg,sunlamp,1529,1332,155.439
sunlamp/images/img001530.jpg,sunlamp,2178,1332,163.754
sunlamp/images/img001533.jpg,sunlamp,1627,1370,159.574
sunlamp/images/img001535.jpg,sunlamp,2212,2682,56.0581
sunlamp/images/img001536.jpg,sunlamp,937,684,19.5284
sunlamp/images/img001537.jpg,sunlamp,2374,2433,57.3402
sunlamp/images/img001539.jpg,sunlamp,888,732,12.6448
sunlamp/images/img001541.jpg,sunlamp,1674,1332,168.685
sunlamp/images/img001542.jpg,sunlamp,2200,2519,173.095
sunlamp/images/img001545.jpg,sunlamp,1127,1332,56.2953
sunlamp/images/img001547.jpg,sunlamp,1817,2222,87.2264
sunlamp/images/img001550.jpg,sunlamp,1156,696,139.201
sunlamp/images/img001551.jpg,sunlamp,2318,2584,172.688
sunlamp/images/img001552.jpg,sunlamp,1632,2706,178.51
sunlamp/images/img001556.jpg,sunlamp,2173,2339,63.6621
sunlamp/images/img001557.jpg,sunlamp,2235,2176,46.7277
sunlamp/images/img001560.jpg,sunlamp,2914,2966,92.1993
sunlamp/images/img001562.jpg,sunlamp,3017,2949,29.3301
sunlamp/images/img001563.jpg,sunlamp,2407,2411,123.622
sunlamp/images/img001569.jpg,sunlamp,2592,2966,42.042
sunlamp/images/img001574.jpg,sunlamp,2791,2825,28.7703
sunlamp/images/img001577.jpg,sunlamp,969,2706,140.881
sunlamp/images/img001578.jpg,sunlamp,2078,2173,18.6466
sunlamp/images/img001586.jpg,sunlamp,2163,2160,86.9926
sunlamp/images/img001592.jpg,sunlamp,1728,2966,177.9
sunlamp/images/img001595.jpg,sunlamp,2079,1332,132.118
sunlamp/images/img001602.jpg,sunlamp,533,1332,126.648
sunlamp/images/img001605.jpg,sunlamp,2698,2888,40.3686
sunlamp/images/img001606.jpg,sunlamp,2726,24,140.992
sunlamp/images/img001607.jpg,sunlamp,2267,2831,30.0226
sunlamp/images/img001608.jpg,sunlamp,2196,1947,90.5443
sunlamp/images/img001610.jpg,sunlamp,622,273,25.4963
sunlamp/images/img001615.jpg,sunlamp,2872,2693,123.174
sunlamp/images/img001618.jpg,sunlamp,2152,2248,24.0278
sunlamp/images/img001619.jpg,sunlamp,1534,1524,60.9198
sunlamp/images/img001620.jpg,sunlamp,1758,1704,168.442
sunlamp/images/img001624.jpg,sunlamp,2533,2483,35.3828
sunlamp/images/img001632.jpg,sunlamp,1694,1796,176.158
sunlamp/images/img001633.jpg,sunlamp,2909,2888,167.25
sunlamp/images/img001634.jpg,sunlamp,2255,2411,15.874
sunlamp/images/img001638.jpg,sunlamp,415,2210,175.521
sunlamp/images/img001639.jpg,sunlamp,2871,2966,18.0664
sunlamp/images/img001640.jpg,sunlamp,393,2727,178.116
sunlamp/images/img001642.jpg,sunlamp,2609,2262,30.8109
sunlamp/images/img001644.jpg,sunlamp,1609,1492,116.842
sunlamp/images/img001655.jpg,sunlamp,431,521,158.223
sunlamp/images/img001656.jpg,sunlamp,324,1332,56.6027
sunlamp/images/img001658.jpg,sunlamp,1015,2382,169.365
sunlamp/images/img001659.jpg,sunlamp,2976,2934,39.2502
sunlamp/images/img001660.jpg,sunlamp,667,1492,173.587
sunlamp/images/img001663.jpg,sunlamp,753,34,43.6407
sunlamp/images/img001664.jpg,sunlamp,1339,1086,20.7446
sunlamp/images/img001665.jpg,sunlamp,1674,2339,143.488
sunlamp/images/img001669.jpg,sunlamp,2472,2629,18.8834
sunlamp/images/img001670.jpg,sunlamp,2577,2829,10.831
sunlamp/images/img001671.jpg,sunlamp,2484,2591,15.9071
sunlamp/images/img001672.jpg,sunlamp,1185,235,65.4732
sunlamp/images/img001675.jpg,sunlamp,2587,2584,100.089
sunlamp/images/img001676.jpg,sunlamp,882,627,85.1869
sunlamp/images/img001680.jpg,sunlamp,1478,1796,179.597
sunlamp/images/img001682.jpg,sunlamp,2474,2382,103.123
sunlamp/images/img001684.jpg,sunlamp,405,2262,131.544
sunlamp/images/img001687.jpg,sunlamp,1981,1332,131.269
sunlamp/images/img001689.jpg,sunlamp,685,685,7.55726
sunlamp/images/img001697.jpg,sunlamp,2074,2483,28.9788
sunlamp/images/img001699.jpg,sunlamp,569,1332,137.716
sunlamp/images/img001701.jpg,sunlamp,48,214,49.0189
sunlamp/images/img001703.jpg,sunlamp,1701,630,105.205
sunlamp/images/img001704.jpg,sunlamp,427,272,16.3667
sunlamp/images/img001707.jpg,sunlamp,179,1332,66.5716
sunlamp/images/img001708.jpg,sunlamp,2978,1332,179.683
sunlamp/images/img001709.jpg,sunlamp,337,2210,166.02
sunlamp/images/img001712.jpg,sunlamp,917,2641,124.523
sunlamp/images/img001713.jpg,sunlamp,2299,2966,84.6816
sunlamp/images/img001715.jpg,sunlamp,105,593,63.4629
sunlamp/images/img001718.jpg,sunlamp,849,1099,72.9328
sunlamp/images/img001720.jpg,sunlamp,946,1099,78.1059
sunlamp/images/img001725.jpg,sunlamp,2462,2584,49.8597
sunlamp/images/img001727.jpg,sunlamp,1310,1332,95.0223
sunlamp/images/img001729.jpg,sunlamp,1692,1295,36.8771
sunlamp/images/img001730.jpg,sunlamp,1677,1417,107.352
sunlamp/images/img001732.jpg,sunlamp,2381,2888,110.422
sunlamp/images/img001736.jpg,sunlamp,830,1089,158.17
sunlamp/images/img001737.jpg,sunlamp,2404,2584,97.2904
sunlamp/images/img001738.jpg,sunlamp,34,248,29.6835
sunlamp/images/img001739.jpg,sunlamp,686,1574,102.631
sunlamp/images/img001744.jpg,sunlamp,655,336,135.498
sunlamp/images/img001754.jpg,sunlamp,1877,1623,56.7411
sunlamp/images/img001755.jpg,sunlamp,1454,2966,89.01
sunlamp/images/img001760.jpg,sunlamp,2778,2966,92.4937
sunlamp/images/img001763.jpg,sunlamp,382,1332,167.737
sunlamp/images/img001764.jpg,sunlamp,2105,2010,26.5065
sunlamp/images/img001767.jpg,sunlamp,2416,1332,177.569
sunlamp/images/img001769.jpg,sunlamp,2219,2160,176.444
sunlamp/images/img001770.jpg,sunlamp,1163,1656,31.1392
sunlamp/images/img001771.jpg,sunlamp,724,235,72.3279
sunlamp/images/img001781.jpg,sunlamp,1797,1541,119.463
sunlamp/images/img001785.jpg,sunlamp,1944,1947,96.1788
sunlamp/images/img001787.jpg,sunlamp,2157,2888,90.4583
sunlamp/images/img001796.jpg,sunlamp,3060,34,168.044
sunlamp/images/img001802.jpg,sunlamp,1578,2706,53.6298
sunlamp/images/img001804.jpg,sunlamp,464,420,158.069
sunlamp/images/img001806.jpg,sunlamp,2459,2806,22.5987
sunlamp/images/img001807.jpg,sunlamp,2046,2407,177.124
sunlamp/images/img001813.jpg,sunlamp,2413,2888,172.037
sunlamp/images/img001816.jpg,sunlamp,2799,2584,68.6631
sunlamp/images/img001819.jpg,sunlamp,135,2724,163.298
sunlamp/images/img001830.jpg,sunlamp,718,2584,171.073
sunlamp/images/img001832.jpg,sunlamp,3033,2839,96.373
sunlamp/images/img001835.jpg,sunlamp,3035,2913,23.4136
sunlamp/images/img001837.jpg,sunlamp,1041,1036,163.24
sunlamp/images/img001838.jpg,sunlamp,2554,1529,147.627
sunlamp/images/img001839.jpg,sunlamp,755,2680,163.432
sunlamp/images/img001842.jpg,sunlamp,1110,803,139.849
sunlamp/images/img001843.jpg,sunlamp,1966,2562,98.5834
sunlamp/images/img001847.jpg,sunlamp,592,1332,112.305
sunlamp/images/img001851.jpg,sunlamp,1995,2248,40.7511
sunlamp/images/img001852.jpg,sunlamp,1030,1337,150.035
sunlamp/images/img001853.jpg,sunlamp,2088,1594,54.9255
sunlamp/images/img001856.jpg,sunlamp,292,43,97.2874
sunlamp/images/img001858.jpg,sunlamp,2236,2584,33.6293
sunlamp/images/img001859.jpg,sunlamp,702,235,36.4457
sunlamp/images/img001860.jpg,sunlamp,2179,2339,105.226
sunlamp/images/img001862.jpg,sunlamp,148,132,51.8559
sunlamp/images/img001864.jpg,sunlamp,2869,2385,74.5263
sunlamp/images/img001867.jpg,sunlamp,309,1332,129.596
sunlamp/images/img001871.jpg,sunlamp,698,1492,90.2895
sunlamp/images/img001873.jpg,sunlamp,2944,2727,27.9245
sunlamp/images/img001877.jpg,sunlamp,1994,2584,83.7184
sunlamp/images/img001879.jpg,sunlamp,801,2584,162.567
sunlamp/images/img001880.jpg,sunlamp,2515,423,166.498
sunlamp/images/img001881.jpg,sunlamp,2747,2590,23.8885
sunlamp/images/img001885.jpg,sunlamp,2949,2376,102.087
sunlamp/images/img001886.jpg,sunlamp,1293,1492,168.443
sunlamp/images/img001893.jpg,sunlamp,6,2680,154.079
sunlamp/images/img001896.jpg,sunlamp,1371,1524,83.2573
sunlamp/images/img001898.jpg,sunlamp,2224,2888,118.144
sunlamp/images/img001901.jpg,sunlamp,1173,1492,172.512
sunlamp/images/img001912.jpg,sunlamp,165,1332,118.622
sunlamp/images/img001916.jpg,sunlamp,2389,2584,107.409
sunlamp/images/img001918.jpg,sunlamp,43,195,105.581
sunlamp/images/img001919.jpg,sunlamp,1874,2584,145.5
sunlamp/images/img001920.jpg,sunlamp,619,2706,169.674
sunlamp/images/img001921.jpg,sunlamp,47,2605,163.978
sunlamp/images/img001924.jpg,sunlamp,94,191,10.2145
sunlamp/images/img001929.jpg,sunlamp,2116,2625,167.411
sunlamp/images/img001932.jpg,sunlamp,485,1492,69.3862
sunlamp/images/img001937.jpg,sunlamp,1115,636,36.781
sunlamp/images/img001938.jpg,sunlamp,2606,2668,31.3489
sunlamp/images/img001943.jpg,sunlamp,1675,1669,171.611
sunlamp/images/img001946.jpg,sunlamp,1317,2160,110.507
sunlamp/images/img001947.jpg,sunlamp,2229,1332,116.008
sunlamp/images/img001950.jpg,sunlamp,162,1332,117.836
sunlamp/images/img001952.jpg,sunlamp,2881,3057,27.2043
sunlamp/images/img001955.jpg,sunlamp,1995,1332,98.3191
sunlamp/images/img001957.jpg,sunlamp,2064,1656,19.4914
sunlamp/images/img001959.jpg,sunlamp,1402,733,103.788
sunlamp/images/img001960.jpg,sunlamp,1563,1656,103.358
sunlamp/images/img001965.jpg,sunlamp,2497,2584,79.1603
sunlamp/images/img001968.jpg,sunlamp,1051,1332,150.763
sunlamp/images/img001970.jpg,sunlamp,1920,1566,171.593
sunlamp/images/img001974.jpg,sunlamp,689,788,94.1777
sunlamp/images/img001976.jpg,sunlamp,844,1332,124.346
sunlamp/images/img001981.jpg,sunlamp,407,696,177.955
sunlamp/images/img001987.jpg,sunlamp,2355,2605,53.282
sunlamp/images/img001993.jpg,sunlamp,1193,1332,160.572
sunlamp/images/img001994.jpg,sunlamp,380,90,37.1369
sunlamp/images/img001999.jpg,sunlamp,2701,2280,149.121
sunlamp/images/img002002.jpg,sunlamp,112,305,28.2934
sunlamp/images/img002006.jpg,sunlamp,812,189,44.4948
sunlamp/images/img002007.jpg,sunlamp,2484,2382,108.391
sunlamp/images/img002012.jpg,sunlamp,1021,821,137.491
sunlamp/images/img002013.jpg,sunlamp,2759,2888,49.6644
sunlamp/images/img002014.jpg,sunlamp,1507,1492,150.709
sunlamp/images/img002018.jpg,sunlamp,744,1332,100.658
sunlamp/images/img002023.jpg,sunlamp,2402,2248,60.6147
sunlamp/images/img002026.jpg,sunlamp,1297,1492,89.3284
sunlamp/images/img002027.jpg,sunlamp,667,1492,172.67
sunlamp/images/img002028.jpg,sunlamp,511,1623,143.626
sunlamp/images/img002031.jpg,sunlamp,2479,2888,36.986
sunlamp/images/img002034.jpg,sunlamp,1788,1792,124.064
sunlamp/images/img002035.jpg,sunlamp,677,1085,10.3175
sunlamp/images/img002036.jpg,sunlamp,1264,235,80.6728
sunlamp/images/img002042.jpg,sunlamp,2229,2382,100.341
sunlamp/images/img002043.jpg,sunlamp,405,502,29.388
sunlamp/images/img002046.jpg,sunlamp,2795,2829,23.2958
sunlamp/images/img002047.jpg,sunlamp,2908,3057,37.3934
sunlamp/images/img002050.jpg,sunlamp,2187,2757,170.304
sunlamp/images/img002051.jpg,sunlamp,146,2727,123.296
sunlamp/images/img002052.jpg,sunlamp,2580,2328,13.4813
sunlamp/images/img002057.jpg,sunlamp,2258,2519,92.5835
sunlamp/images/img002059.jpg,sunlamp,3001,2819,92.8907
sunlamp/images/img002060.jpg,sunlamp,1950,1332,176.698
sunlamp/images/img002064.jpg,sunlamp,856,1115,144.166
sunlamp/images/img002068.jpg,sunlamp,1328,2966,129.818
sunlamp/images/img002073.jpg,sunlamp,981,2727,155.46
sunlamp/images/img002074.jpg,sunlamp,2416,2475,58.5297
sunlamp/images/img002075.jpg,sunlamp,1381,1492,157.594
sunlamp/images/img002080.jpg,sunlamp,2884,2979,18.8928
sunlamp/images/img002083.jpg,sunlamp,272,272,10.637
sunlamp/images/img002084.jpg,sunlamp,2020,2588,120.556
sunlamp/images/img002086.jpg,sunlamp,1070,1234,124.847
sunlamp/images/img002089.jpg,sunlamp,476,2727,176.629
sunlamp/images/img002093.jpg,sunlamp,2130,2382,11.6201
sunlamp/images/img002099.jpg,sunlamp,916,2584,78.4477
sunlamp/images/img002100.jpg,sunlamp,2234,2641,32.3913
sunlamp/images/img002105.jpg,sunlamp,1065,1372,136.768
sunlamp/images/img002113.jpg,sunlamp,290,2966,140.277
sunlamp/images/img002114.jpg,sunlamp,2380,2839,113.124
sunlamp/images/img002116.jpg,sunlamp,2090,890,78.4747
sunlamp/images/img002117.jpg,sunlamp,2142,2635,102.41
sunlamp/images/img002120.jpg,sunlamp,2026,1927,92.6908
sunlamp/images/img002121.jpg,sunlamp,2965,2992,32.1726
sunlamp/images/img002126.jpg,sunlamp,2990,2966,94.9417
sunlamp/images/img002128.jpg,sunlamp,1514,1332,111.912
sunlamp/images/img002132.jpg,sunlamp,2289,2724,127.639
sunlamp/images/img002136.jpg,sunlamp,1728,2966,163.699
sunlamp/images/img002138.jpg,sunlamp,1908,1344,32.9465
sunlamp/images/img002141.jpg,sunlamp,780,876,26.6089
sunlamp/images/img002142.jpg,sunlamp,2351,2411,31.769
sunlamp/images/img002146.jpg,sunlamp,2718,2562,9.65587
sunlamp/images/img002149.jpg,sunlamp,557,1332,128.809
sunlamp/images/img002151.jpg,sunlamp,2303,2210,174.426
sunlamp/images/img002159.jpg,sunlamp,139,2724,170.446
sunlamp/images/img002162.jpg,sunlamp,662,2411,154.477
sunlamp/images/img002163.jpg,sunlamp,2120,2312,42.8722
sunlamp/images/img002166.jpg,sunlamp,228,2979,176.144
sunlamp/images/img002168.jpg,sunlamp,900,2829,105.464
sunlamp/images/img002169.jpg,sunlamp,2295,2357,47.266
sunlamp/images/img002171.jpg,sunlamp,1630,1492,167.689
sunlamp/images/img002173.jpg,sunlamp,2605,2605,10.4916
sunlamp/images/img002177.jpg,sunlamp,749,336,154.01
sunlamp/images/img002181.jpg,sunlamp,2291,1417,171.099
sunlamp/images/img002184.jpg,sunlamp,884,1332,155.348
sunlamp/images/img002185.jpg,sunlamp,1084,1339,102.719
sunlamp/images/img002188.jpg,sunlamp,360,2727,144.703
sunlamp/images/img002192.jpg,sunlamp,990,732,172.985
sunlamp/images/img002193.jpg,sunlamp,1703,1332,166.457
sunlamp/images/img002194.jpg,sunlamp,988,696,101.586
sunlamp/images/img002195.jpg,sunlamp,1955,1492,169.712
sunlamp/images/img002198.jpg,sunlamp,469,217,21.3712
sunlamp/images/img002201.jpg,sunlamp,905,1332,138.253
sunlamp/images/img002208.jpg,sunlamp,2401,2519,123.066
sunlamp/images/img002210.jpg,sunlamp,346,2210,168.723
sunlamp/images/img002212.jpg,sunlamp,2945,2839,108.527
sunlamp/images/img002213.jpg,sunlamp,2445,2411,44.2232
sunlamp/images/img002218.jpg,sunlamp,20,605,47.8304
sunlamp/images/img002220.jpg,sunlamp,2125,1332,82.1454
sunlamp/images/img002225.jpg,sunlamp,2257,2727,57.1874
sunlamp/images/img002226.jpg,sunlamp,2376,2724,24.6506
sunlamp/images/img002227.jpg,sunlamp,2263,2519,122.409
sunlamp/images/img002228.jpg,sunlamp,2293,2584,125.166
sunlamp/images/img002229.jpg,sunlamp,968,501,30.2633
sunlamp/images/img002231.jpg,sunlamp,978,419,145.03
sunlamp/images/img002232.jpg,sunlamp,1162,90,130.554
sunlamp/images/img002237.jpg,sunlamp,1415,1656,39.0495
sunlamp/images/img002240.jpg,sunlamp,2286,2130,16.9764
sunlamp/images/img002243.jpg,sunlamp,2696,2584,122.534
sunlamp/images/img002244.jpg,sunlamp,603,2888,150.272
sunlamp/images/img002246.jpg,sunlamp,8,2936,160.339
sunlamp/images/img002249.jpg,sunlamp,1622,2222,40.869
sunlamp/images/img002251.jpg,sunlamp,68,248,91.3689
sunlamp/images/img002253.jpg,sunlamp,2909,1332,158.606
sunlamp/images/img002255.jpg,sunlamp,2330,2357,87.1289
sunlamp/images/img002258.jpg,sunlamp,282,2966,175.351
sunlamp/images/img002263.jpg,sunlamp,1672,605,54.581
sunlamp/images/img002265.jpg,sunlamp,1354,2727,138.986
sunlamp/images/img002267.jpg,sunlamp,2353,2605,11.1606
sunlamp/images/img002277.jpg,sunlamp,425,2584,123.934
sunlamp/images/img002280.jpg,sunlamp,528,1332,150.627
sunlamp/images/img002286.jpg,sunlamp,2813,1332,148.039
sunlamp/images/img002289.jpg,sunlamp,2503,2407,20.9021
sunlamp/images/img002294.jpg,sunlamp,1095,1704,178.462
sunlamp/images/img002298.jpg,sunlamp,229,2727,161.372
sunlamp/images/img002299.jpg,sunlamp,584,272,27.3594
sunlamp/images/img002303.jpg,sunlamp,2202,2519,129.05
sunlamp/images/img002307.jpg,sunlamp,1272,1789,159.6
sunlamp/images/img002310.jpg,sunlamp,1189,2160,47.1928
sunlamp/images/img002315.jpg,sunlamp,1039,1033,167.595
sunlamp/images/img002317.jpg,sunlamp,2585,521,131.636
sunlamp/images/img002318.jpg,sunlamp,353,34,106.061
sunlamp/images/img002321.jpg,sunlamp,2556,2888,62.532
sunlamp/images/img002324.jpg,sunlamp,929,272,103.083
sunlamp/images/img002325.jpg,sunlamp,361,2727,127.891
sunlamp/images/img002332.jpg,sunlamp,2106,1332,161.583
sunlamp/images/img002338.jpg,sunlamp,1867,1704,158.534
sunlamp/images/img002341.jpg,sunlamp,2922,2724,146.062
sunlamp/images/img002343.jpg,sunlamp,591,2160,100.638
sunlamp/images/img002344.jpg,sunlamp,2849,2966,158.025
sunlamp/images/img002347.jpg,sunlamp,751,792,127.234
sunlamp/images/img002352.jpg,sunlamp,930,2706,175.223
sunlamp/images/img002353.jpg,sunlamp,451,199,14.1731
sunlamp/images/img002359.jpg,sunlamp,1205,1656,168.559
sunlamp/images/img002361.jpg,sunlamp,2390,1477,52.5065
sunlamp/images/img002364.jpg,sunlamp,2134,2376,66.0384
sunlamp/images/img002367.jpg,sunlamp,537,2109,61.4112
sunlamp/images/img002368.jpg,sunlamp,2571,2635,94.6008
sunlamp/images/img002375.jpg,sunlamp,2902,2933,95.3903
sunlamp/images/img002377.jpg,sunlamp,181,900,40.7891
sunlamp/images/img002379.jpg,sunlamp,670,1332,125.265
sunlamp/images/img002380.jpg,sunlamp,905,900,153.54
sunlamp/images/img002384.jpg,sunlamp,2257,2584,177.735
sunlamp/images/img002385.jpg,sunlamp,343,284,29.468
sunlamp/images/img002386.jpg,sunlamp,1367,1115,13.2571
sunlamp/images/img002389.jpg,sunlamp,472,628,12.9625
sunlamp/images/img002395.jpg,sunlamp,1723,1492,125.14
sunlamp/images/img002399.jpg,sunlamp,2091,2519,111.487
sunlamp/images/img002403.jpg,sunlamp,1892,973,165.584
sunlamp/images/img002404.jpg,sunlamp,2495,2584,167.776
sunlamp/images/img002408.jpg,sunlamp,219,1332,133.663
sunlamp/images/img002410.jpg,sunlamp,1292,1444,105.215
sunlamp/images/img002412.jpg,sunlamp,1950,1332,175.044
sunlamp/images/img002414.jpg,sunlamp,419,1332,143.265
sunlamp/images/img002415.jpg,sunlamp,1918,1492,175.862
sunlamp/images/img002416.jpg,sunlamp,1326,1332,165.088
sunlamp/images/img002417.jpg,sunlamp,2489,2584,23.9449
sunlamp/images/img002418.jpg,sunlamp,350,2584,109.32
sunlamp/images/img002420.jpg,sunlamp,414,2966,146.438
sunlamp/images/img002421.jpg,sunlamp,2806,2806,6.76464
sunlamp/images/img002422.jpg,sunlamp,1481,2966,102.711
sunlamp/images/img002423.jpg,sunlamp,1857,1344,79.7676
sunlamp/images/img002425.jpg,sunlamp,40,2979,171.182
sunlamp/images/img002431.jpg,sunlamp,172,2829,166.615
sunlamp/images/img002432.jpg,sunlamp,2860,2584,81.0925
sunlamp/images/img002434.jpg,sunlamp,1764,1656,163.158
sunlamp/images/img002435.jpg,sunlamp,1468,1721,30.2429
sunlamp/images/img002444.jpg,sunlamp,864,2727,139.184
sunlamp/images/img002447.jpg,sunlamp,2831,2724,19.7227
sunlamp/images/img002454.jpg,sunlamp,1920,235,172.77
sunlamp/images/img002458.jpg,sunlamp,474,627,77.2252
sunlamp/images/img002459.jpg,sunlamp,775,947,105.03
sunlamp/images/img002464.jpg,sunlamp,558,499,25.3589
sunlamp/images/img002472.jpg,sunlamp,1036,1492,177.693
sunlamp/images/img002475.jpg,sunlamp,2015,1656,44.1132
sunlamp/images/img002477.jpg,sunlamp,3047,2933,40.8439
sunlamp/images/img002478.jpg,sunlamp,2405,2561,9.62935
sunlamp/images/img002480.jpg,sunlamp,378,533,22.6308
sunlamp/images/img002481.jpg,sunlamp,2516,2668,125.676
sunlamp/images/img002482.jpg,sunlamp,2876,2727,65.5823
sunlamp/images/img002485.jpg,sunlamp,682,2210,140.237
sunlamp/images/img002486.jpg,sunlamp,73,2724,167.078
sunlamp/images/img002487.jpg,sunlamp,2168,235,160.472
sunlamp/images/img002488.jpg,sunlamp,2163,2109,170.986
sunlamp/images/img002491.jpg,sunlamp,2877,2966,161.064
sunlamp/images/img002493.jpg,sunlamp,989,1492,43.2496
sunlamp/images/img002496.jpg,sunlamp,1831,821,78.5417
sunlamp/images/img002497.jpg,sunlamp,730,2109,62.0702
sunlamp/images/img002498.jpg,sunlamp,2794,2584,80.5662
sunlamp/images/img002502.jpg,sunlamp,2569,2668,108.345
sunlamp/images/img002504.jpg,sunlamp,2402,2584,75.1007
sunlamp/images/img002508.jpg,sunlamp,2312,2966,173.484
sunlamp/images/img002510.jpg,sunlamp,466,2584,175.372
sunlamp/images/img002513.jpg,sunlamp,2079,2328,92.2124
sunlamp/images/img002515.jpg,sunlamp,369,2584,168.168
sunlamp/images/img002524.jpg,sunlamp,659,2680,162.216
sunlamp/images/img002525.jpg,sunlamp,506,1492,104.238
sunlamp/images/img002528.jpg,sunlamp,2600,2668,73.0801
sunlamp/images/img002529.jpg,sunlamp,2442,2888,101.543
sunlamp/images/img002530.jpg,sunlamp,3050,2584,91.8846
sunlamp/images/img002538.jpg,sunlamp,1846,2411,41.9331
sunlamp/images/img002540.jpg,sunlamp,1395,1492,46.39
sunlamp/images/img002542.jpg,sunlamp,79,272,26.5889
sunlamp/images/img002546.jpg,sunlamp,33,285,23.7206
sunlamp/images/img002548.jpg,sunlamp,2240,1372,167.635
sunlamp/images/img002550.jpg,sunlamp,2147,2641,67.5501
sunlamp/images/img002551.jpg,sunlamp,343,2727,148.519
sunlamp/images/img002552.jpg,sunlamp,968,90,101.415
sunlamp/images/img002553.jpg,sunlamp,50,879,105.947
sunlamp/images/img002555.jpg,sunlamp,1321,1574,44.994
sunlamp/images/img002559.jpg,sunlamp,768,2353,162.446
sunlamp/images/img002561.jpg,sunlamp,665,615,160.951
sunlamp/images/img002562.jpg,sunlamp,2403,2817,176.265
sunlamp/images/img002563.jpg,sunlamp,3046,2584,55.3129
sunlamp/images/img002566.jpg,sunlamp,3035,2936,110.323
sunlamp/images/img002569.jpg,sunlamp,2540,2888,35.3559
sunlamp/images/img002577.jpg,sunlamp,1021,773,113.996
sunlamp/images/img002579.jpg,sunlamp,963,1332,81.1366
sunlamp/images/img002581.jpg,sunlamp,468,1492,129.502
sunlamp/images/img002584.jpg,sunlamp,628,2584,105.124
sunlamp/images/img002587.jpg,sunlamp,589,685,18.2168
sunlamp/images/img002589.jpg,sunlamp,2504,2791,39.2595
sunlamp/images/img002592.jpg,sunlamp,958,2946,133.458
sunlamp/images/img002593.jpg,sunlamp,2251,2888,109.367
sunlamp/images/img002596.jpg,sunlamp,634,235,146.488
sunlamp/images/img002597.jpg,sunlamp,124,1332,104.817
sunlamp/images/img002598.jpg,sunlamp,1720,2888,126.326
sunlamp/images/img002599.jpg,sunlamp,927,1332,98.5929
sunlamp/images/img002600.jpg,sunlamp,1936,2888,179.198
sunlamp/images/img002602.jpg,sunlamp,59,451,53.3406
sunlamp/images/img002606.jpg,sunlamp,799,2584,105.993
sunlamp/images/img002612.jpg,sunlamp,669,2584,147.806
sunlamp/images/img002613.jpg,sunlamp,219,192,167.693
sunlamp/images/img002623.jpg,sunlamp,2413,2888,179.902
sunlamp/images/img002630.jpg,sunlamp,373,2304,179.111
sunlamp/images/img002631.jpg,sunlamp,786,1036,58.4816
sunlamp/images/img002632.jpg,sunlamp,2627,339,161.857
sunlamp/images/img002636.jpg,sunlamp,1217,1332,151.561
sunlamp/images/img002641.jpg,sunlamp,2475,2483,115.225
sunlamp/images/img002649.jpg,sunlamp,2,3002,174.446
sunlamp/images/img002652.jpg,sunlamp,719,1332,69.6999
sunlamp/images/img002655.jpg,sunlamp,963,1524,77.0262
sunlamp/images/img002656.jpg,sunlamp,2079,2130,146.297
sunlamp/images/img002668.jpg,sunlamp,764,1492,165.329
sunlamp/images/img002669.jpg,sunlamp,2151,1333,71.2169
sunlamp/images/img002670.jpg,sunlamp,1460,943,147.057
sunlamp/images/img002673.jpg,sunlamp,2588,2591,82.9459
sunlamp/images/img002674.jpg,sunlamp,2422,2483,25.2626
sunlamp/images/img002675.jpg,sunlamp,1872,2130,177.201
sunlamp/images/img002676.jpg,sunlamp,2920,2829,143.266
sunlamp/images/img002678.jpg,sunlamp,2643,2956,23.1326
sunlamp/images/img002681.jpg,sunlamp,360,23,25.9227
sunlamp/images/img002685.jpg,sunlamp,1005,903,174.009
sunlamp/images/img002686.jpg,sunlamp,551,235,138.275
sunlamp/images/img002687.jpg,sunlamp,2009,630,61.9956
sunlamp/images/img002688.jpg,sunlamp,2387,2888,88.0197
sunlamp/images/img002689.jpg,sunlamp,816,2680,148.257
sunlamp/images/img002691.jpg,sunlamp,1472,1265,171.534
sunlamp/images/img002692.jpg,sunlamp,1265,235,70.1474
sunlamp/images/img002695.jpg,sunlamp,2879,1332,90.0932
sunlamp/images/img002698.jpg,sunlamp,414,1332,135.099
sunlamp/images/img002702.jpg,sunlamp,1241,423,66.0346
sunlamp/images/img002704.jpg,sunlamp,1641,1789,113.157
sunlamp/images/img002705.jpg,sunlamp,2904,2724,98.3997
sunlamp/images/img002706.jpg,sunlamp,1309,2724,61.4233
sunlamp/images/img002707.jpg,sunlamp,165,132,34.8482
sunlamp/images/img002712.jpg,sunlamp,466,2584,177.162
sunlamp/images/img002716.jpg,sunlamp,353,58,54.157
sunlamp/images/img002717.jpg,sunlamp,3071,2979,128.174
sunlamp/images/img002718.jpg,sunlamp,2313,1332,98.076
sunlamp/images/img002719.jpg,sunlamp,2119,2966,132.573
sunlamp/images/img002720.jpg,sunlamp,209,900,171.489
sunlamp/images/img002721.jpg,sunlamp,2561,2567,175.475
sunlamp/images/img002722.jpg,sunlamp,2099,2411,27.2829
sunlamp/images/img002724.jpg,sunlamp,424,521,21.1146
sunlamp/images/img002725.jpg,sunlamp,2827,2888,18.2889
sunlamp/images/img002732.jpg,sunlamp,2739,2296,33.0169
sunlamp/images/img002733.jpg,sunlamp,1259,2465,154.495
sunlamp/images/img002736.jpg,sunlamp,2119,2966,124.568
sunlamp/images/img002737.jpg,sunlamp,1769,1566,178.69
sunlamp/images/img002739.jpg,sunlamp,2256,235,155.438
sunlamp/images/img002740.jpg,sunlamp,1219,1115,164.774
sunlamp/images/img002741.jpg,sunlamp,1428,1584,13.2246
sunlamp/images/img002743.jpg,sunlamp,578,1900,70.8355
sunlamp/images/img002746.jpg,sunlamp,2044,1333,166.177
sunlamp/images/img002749.jpg,sunlamp,3060,2724,112.959
sunlamp/images/img002750.jpg,sunlamp,2932,2966,29.2145
sunlamp/images/img002756.jpg,sunlamp,1810,2160,171.849
sunlamp/images/img002762.jpg,sunlamp,2400,34,174.245
sunlamp/images/img002765.jpg,sunlamp,2398,1332,157.058
sunlamp/images/img002767.jpg,sunlamp,2685,3037,83.7706
sunlamp/images/img002768.jpg,sunlamp,1988,1656,135.495
sunlamp/images/img002769.jpg,sunlamp,1325,2411,152.95
sunlamp/images/img002773.jpg,sunlamp,971,2641,168.054
sunlamp/images/img002774.jpg,sunlamp,1853,1851,47.0892
sunlamp/images/img002776.jpg,sunlamp,1366,235,115.37
sunlamp/images/img002777.jpg,sunlamp,2095,2411,116.854
sunlamp/images/img002778.jpg,sunlamp,1400,1900,112.404
sunlamp/images/img002780.jpg,sunlamp,844,1099,96.2184
sunlamp/images/img002781.jpg,sunlamp,347,594,166.366
sunlamp/images/img002782.jpg,sunlamp,644,526,54.5661
sunlamp/images/img002783.jpg,sunlamp,2331,2328,89.7502
sunlamp/images/img002787.jpg,sunlamp,51,732,63.2924
sunlamp/images/img002788.jpg,sunlamp,3061,2839,88.9423
