image_relpath,domain,chart_gt,path_gt,chart_pred,path_pred,q_pred_w,q_pred_x,q_pred_y,q_pred_z,err_deg
synthetic/images/img000014.jpg,synthetic_val,1,46211,1,46250,-0.570097,0.675671,-0.147803,0.443409,7.58725
synthetic/images/img000022.jpg,synthetic_val,2,30413,2,30435,0.178434,0.127453,0.8157,-0.535303,5.72395
synthetic/images/img000026.jpg,synthetic_val,0,56625,0,47530,0.758686,-0.0711268,-0.260798,0.592723,28.8758
synthetic/images/img000033.jpg,synthetic_val,3,61442,3,61456,-0.296217,0.0807866,0.403933,0.861723,13.2025
synthetic/images/img000088.jpg,synthetic_val,1,37541,1,37515,0.646535,0.667391,0.354552,-0.10428,9.03253
synthetic/images/img000132.jpg,synthetic_val,1,53161,1,53166,0.592723,0.758686,-0.21338,0.165963,10.7001
synthetic/images/img000139.jpg,synthetic_val,1,05217,1,01745,-0.115717,0.74059,-0.532299,-0.393438,11.7634
synthetic/images/img000200.jpg,synthetic_val,1,35045,3,03500,-0.163768,-0.350931,-0.538095,0.748653,111.632
synthetic/images/img000209.jpg,synthetic_val,0,61577,0,61741,0.887862,-0.138728,0.249711,0.360694,19.4812
synthetic/images/img000228.jpg,synthetic_val,0,12451,0,10651,0.722254,0.157993,-0.51912,-0.428838,18.556
synthetic/images/img000230.jpg,synthetic_val,3,05714,0,05747,0.828726,-0.129488,-0.543852,-0.0258977,174.076
synthetic/images/img000282.jpg,synthetic_val,0,37502,0,37575,0.649554,0.629255,0.42627,-0.0202986,20.343
synthetic/images/img000343.jpg,synthetic_val,1,25773,1,61337,-0.028183,0.901856,0.422745,0.084549,18.4916
synthetic/images/img000344.jpg,synthetic_val,3,65542,3,65525,-0.117753,0.117753,0.635866,0.753619,6.10988
synthetic/images/img000435.jpg,synthetic_val,0,03030,0,03221,0.688053,-0.279521,-0.0645049,-0.666551,20.7633
synthetic/images/img000448.jpg,synthetic_val,2,34402,2,61130,-0.0921878,0.153646,0.983336,0.0307293,34.5585
synthetic/images/img000462.jpg,synthetic_val,2,14347,2,14706,0.227067,-0.529823,0.80735,-0.126148,14.4121
synthetic/images/img000482.jpg,synthetic_val,2,35200,1,56173,0.356436,0.760398,-0.213862,0.499011,175.206
synthetic/images/img000507.jpg,synthetic_val,2,25675,2,25770,-0.0862083,0.373569,0.919555,-0.0862083,17.7781
synthetic/images/img000523.jpg,synthetic_val,1,71405,1,71404,0.448769,0.844742,0.0263982,0.29038,8.20191
synthetic/images/img000524.jpg,synthetic_val,3,43200,3,07644,-0.416185,-0.19422,-0.0277457,0.887862,9.47873
synthetic/images/img000533.jpg,synthetic_val,2,21526,0,17472,0.811493,0.532542,-0.228232,-0.0760775,155.559
synthetic/images/img000637.jpg,synthetic_val,0,14423,0,14106,0.695817,0.195698,-0.630584,-0.282675,22.1652
synthetic/images/img000655.jpg,synthetic_val,2,43635,1,25147,-0.148152,0.948174,0.0888913,-0.266674,173.521
synthetic/images/img000669.jpg,synthetic_val,3,23333,3,37741,0.552634,0.511698,-0.0614038,0.654974,90.9093
synthetic/images/img000741.jpg,synthetic_val,3,43352,3,35704,0.596762,0.214834,-0.119352,0.763856,101.342
synthetic/images/img000753.jpg,synthetic_val,3,07511,1,04555,-0.356417,0.670902,-0.649937,-0.0209657,160.282
synthetic/images/img000782.jpg,synthetic_val,1,35306,1,35172,0.642859,0.709362,0.155173,-0.243843,17.212
synthetic/images/img000857.jpg,synthetic_val,2,34612,2,34613,0.198547,0.312002,0.907642,-0.198547,6.64341
synthetic/images/img000907.jpg,synthetic_val,3,15540,0,73461,0.716438,0.425385,0.470162,0.291053,150.129
synthetic/images/img000915.jpg,synthetic_val,3,53030,3,53205,0.500173,-0.184274,0.0789747,0.842397,11.9221
synthetic/images/img000990.jpg,synthetic_val,3,16300,3,16304,0.247436,-0.19245,-0.357407,0.879772,7.92013
synthetic/images/img000991.jpg,synthetic_val,2,52360,3,35565,0.640141,0.118545,-0.0237089,0.758686,152.332
synthetic/images/img001002.jpg,synthetic_val,2,52316,2,52341,0.315058,-0.200492,0.916533,0.143208,13.1725
synthetic/images/img001047.jpg,synthetic_val,0,70533,0,71425,0.817829,0.485586,0.127786,0.281129,15.522
synthetic/images/img001069.jpg,synthetic_val,0,70335,0,71201,0.835478,0.496065,0.234978,0.0261087,19.1258
synthetic/images/img001193.jpg,synthetic_val,0,36313,3,32776,0.263016,0.627191,-0.343944,0.647423,174.848
synthetic/images/img001244.jpg,synthetic_val,0,14466,1,21314,-0.0678497,0.72373,0.203549,-0.65588,163.206
synthetic/images/img001262.jpg,synthetic_val,1,25422,3,43437,-0.248946,-0.248946,0.304267,0.88514,154.25
synthetic/images/img001290.jpg,synthetic_val,1,36564,1,36456,0.133109,0.851896,0.505813,-0.0266217,10.3321
synthetic/images/img001291.jpg,synthetic_val,3,06572,3,06732,-0.501565,-0.0263982,-0.184787,0.844742,27.7752
synthetic/images/img001292.jpg,synthetic_val,0,06523,2,61135,-0.0307293,0.153646,0.983336,0.0921878,141.112
synthetic/images/img001322.jpg,synthetic_val,3,37304,3,37111,0.620124,0.340068,-0.30006,0.640128,22.1774
synthetic/images/img001362.jpg,synthetic_val,1,25057,1,25147,-0.148152,0.948174,0.0888913,-0.266674,11.6327
synthetic/images/img001371.jpg,synthetic_val,3,16756,3,16573,0.409922,-0.245953,-0.0819844,0.8745,16.5363
synthetic/images/img001443.jpg,synthetic_val,2,21627,3,76535,0.304981,0.426974,0.548966,0.650627,164.05
synthetic/images/img001487.jpg,synthetic_val,1,06711,1,06717,-0.46047,0.866766,-0.135432,-0.135432,8.7169
synthetic/images/img001513.jpg,synthetic_val,3,40345,3,40356,-0.438786,-0.484974,0.161658,0.739008,6.70692
synthetic/images/img001522.jpg,synthetic_val,3,33144,3,31070,0.445801,0.106143,-0.573172,0.679315,26.9541
synthetic/images/img001552.jpg,synthetic_val,2,17344,0,27075,0.793334,-0.223125,0.520626,-0.223125,36.8057
synthetic/images/img001554.jpg,synthetic_val,3,25064,3,34760,0.251263,0.362936,-0.0837545,0.893381,85.733
synthetic/images/img001564.jpg,synthetic_val,0,47742,0,16250,0.916533,0.143208,-0.200492,-0.315058,126.238
synthetic/images/img001567.jpg,synthetic_val,0,54135,0,55040,0.614137,0.32626,-0.594945,0.403027,8.92993
synthetic/images/img001588.jpg,synthetic_val,3,65153,3,65550,-0.069282,0.023094,0.669726,0.739008,19.049
synthetic/images/img001589.jpg,synthetic_val,0,75446,0,37540,0.725215,0.566575,0.385271,-0.0679889,95.3067
synthetic/images/img001621.jpg,synthetic_val,2,16703,2,16536,0.360694,-0.249711,0.887862,-0.138728,12.0294
synthetic/images/img001664.jpg,synthetic_val,2,23150,0,60706,0.755297,-0.54287,0.259633,0.259633,152.83
synthetic/images/img001665.jpg,synthetic_val,3,14024,2,24120,-0.541664,0.117753,0.753619,-0.353259,108.606
synthetic/images/img001692.jpg,synthetic_val,2,75757,0,76402,0.713582,0.0222994,0.423689,0.557486,30.6772
synthetic/images/img001733.jpg,synthetic_val,3,57026,3,56305,0.278951,-0.177514,0.481824,0.811493,15.2514
synthetic/images/img001747.jpg,synthetic_val,0,42540,0,40063,0.638089,-0.578268,-0.498507,0.0997013,30.3099
synthetic/images/img001785.jpg,synthetic_val,0,14333,0,14334,0.770916,0.313185,-0.457732,-0.313185,10.2697
synthetic/images/img001786.jpg,synthetic_val,1,10576,3,17762,0.613786,-0.0245514,-0.0736543,0.785646,169.173
synthetic/images/img001848.jpg,synthetic_val,2,32401,2,32500,0.205236,0.387667,0.729727,-0.524491,13.8603
synthetic/images/img001891.jpg,synthetic_val,0,25522,0,25146,0.93834,-0.205262,0.0879694,-0.263908,14.6336
synthetic/images/img001935.jpg,synthetic_val,2,53627,2,71060,0.46047,0.135432,0.866766,0.135432,25.37
synthetic/images/img001937.jpg,synthetic_val,2,20433,2,20450,-0.587095,0.0217443,0.695817,-0.413141,18.5669
synthetic/images/img001953.jpg,synthetic_val,0,52142,0,52305,0.922608,0.317146,-0.20182,0.0864945,19.4125
synthetic/images/img002019.jpg,synthetic_val,0,15441,2,21073,-0.207404,0.161314,0.737437,-0.622212,120.786
synthetic/images/img002040.jpg,synthetic_val,2,05657,2,41343,-0.128459,-0.539527,0.822136,0.128459,22.564
synthetic/images/img002111.jpg,synthetic_val,2,33260,0,33445,0.722254,0.428838,0.383697,-0.383697,56.6072
synthetic/images/img002128.jpg,synthetic_val,3,47036,3,47030,-0.278951,-0.278951,0.431106,0.811493,6.40072
synthetic/images/img002184.jpg,synthetic_val,1,56314,1,52773,0.398199,0.849491,-0.0265466,0.345106,25.0268
synthetic/images/img002210.jpg,synthetic_val,3,33112,2,00343,-0.4091,-0.4091,0.62339,-0.525985,17.5972
synthetic/images/img002261.jpg,synthetic_val,0,03717,0,21505,0.828726,-0.129488,0.0258977,-0.543852,22.4127
synthetic/images/img002317.jpg,synthetic_val,3,06671,3,06436,-0.626216,-0.208739,-0.115966,0.742182,17.8305
synthetic/images/img002513.jpg,synthetic_val,2,43374,0,52305,0.922608,0.317146,-0.20182,0.0864945,144.699
synthetic/images/img002526.jpg,synthetic_val,1,10522,3,45143,-0.103562,-0.600657,0.434959,0.662794,25.7965
synthetic/images/img002546.jpg,synthetic_val,0,21767,0,21552,0.854321,-0.0800926,0.0800926,-0.507253,37.7061
synthetic/images/img002607.jpg,synthetic_val,3,26406,3,26406,-0.636643,0.390201,-0.102684,0.65718,2.31636
synthetic/images/img002637.jpg,synthetic_val,3,75476,2,74536,0.29282,0.157672,0.720787,0.608164,19.0583
synthetic/images/img002681.jpg,synthetic_val,1,35424,1,35422,0.45257,0.851896,0.186352,-0.186352,10.0412
synthetic/images/img002702.jpg,synthetic_val,1,44336,3,14234,0.125828,-0.478148,-0.327154,0.805302,171.636
synthetic/images/img002708.jpg,synthetic_val,0,67430,0,67410,0.705215,-0.242418,0.374646,0.55095,8.1577
synthetic/images/img002744.jpg,synthetic_val,0,22274,0,22627,0.559855,-0.507368,0.542359,-0.367405,8.79794
synthetic/images/img002756.jpg,synthetic_val,3,52435,3,52411,0.188502,-0.403933,0.24236,0.861723,15.5622
synthetic/images/img002786.jpg,synthetic_val,0,60047,1,06627,-0.666887,0.735875,-0.0229961,-0.114981,14.1076
synthetic/images/img002790.jpg,synthetic_val,3,07160,3,07744,-0.208885,-0.208885,-0.0298408,0.954905,32.3724
synthetic/images/img002914.jpg,synthetic_val,0,30030,3,20707,-0.466436,0.244324,-0.466436,0.71076,64.2647
synthetic/images/img003032.jpg,synthetic_val,0,72612,0,72610,0.763856,0.119352,0.596762,0.214834,5.74936
synthetic/images/img003033.jpg,synthetic_val,1,35215,1,31764,0.544638,0.697136,0.283212,-0.370354,12.5144
synthetic/images/img003084.jpg,synthetic_val,0,54260,0,54207,0.74702,0.0700331,-0.490232,0.443543,7.75584
synthetic/images/img003123.jpg,synthetic_val,0,51566,0,55120,0.619639,0.484093,-0.52282,0.329183,4.71543
synthetic/images/img003138.jpg,synthetic_val,0,47035,0,47002,0.774521,-0.363057,-0.314649,0.411464,19.984
synthetic/images/img003139.jpg,synthetic_val,0,42237,1,02411,-0.509992,0.652789,-0.305995,-0.469192,67.9055
synthetic/images/img003170.jpg,synthetic_val,2,23576,2,63167,-0.123958,0.570209,0.793334,0.173542,67.6934
synthetic/images/img003285.jpg,synthetic_val,0,24341,0,63425,0.763856,-0.310316,0.50128,0.262575,74.2577
synthetic/images/img003304.jpg,synthetic_val,0,13522,0,13522,0.673274,0.525995,-0.189358,-0.483916,2.03015
synthetic/images/img003328.jpg,synthetic_val,2,25340,2,63410,-0.282609,0.43676,0.822136,0.231226,66.9011
synthetic/images/img003377.jpg,synthetic_val,3,56512,0,60463,0.701141,-0.635409,0.153375,0.284839,93.2541
synthetic/images/img003378.jpg,synthetic_val,3,61520,1,61063,-0.36522,0.899004,0.196657,0.140469,133.826
synthetic/images/img003401.jpg,synthetic_val,3,43731,0,43303,0.975991,-0.152499,-0.152499,0.0304997,177.836
synthetic/images/img003584.jpg,synthetic_val,0,12027,0,03147,0.745396,-0.116468,-0.302817,-0.582341,21.9428
synthetic/images/img003639.jpg,synthetic_val,1,40302,1,40314,-0.433275,0.729727,-0.524491,0.0684119,11.956
synthetic/images/img003649.jpg,synthetic_val,0,47236,0,65300,0.842397,-0.184274,0.236924,0.447523,31.4604
synthetic/images/img003707.jpg,synthetic_val,3,71601,3,71245,0.488143,0.231226,0.179842,0.822136,6.51606
synthetic/images/img003736.jpg,synthetic_val,3,50746,3,54230,0.121303,-0.460953,0.412432,0.776342,10.9902
synthetic/images/img003783.jpg,synthetic_val,3,42054,3,06405,-0.630584,-0.326164,-0.108721,0.695817,29.0641
synthetic/images/img003795.jpg,synthetic_val,1,43471,1,43435,-0.245222,0.871899,-0.299715,0.299715,6.98744
synthetic/images/img003805.jpg,synthetic_val,3,24451,3,04453,-0.5001,-0.580116,-0.060012,0.640128,74.4473
synthetic/images/img003830.jpg,synthetic_val,0,50374,0,50622,0.856767,0.026774,-0.455158,0.240966,32.7561
synthetic/images/img003864.jpg,synthetic_val,2,70261,2,70622,0.0274101,0.411152,0.877124,0.246691,12.9204
synthetic/images/img003870.jpg,synthetic_val,3,34032,3,32157,0.317287,0.401897,-0.528812,0.676879,41.3884
synthetic/images/img003877.jpg,synthetic_val,3,14351,3,14340,0.214834,-0.549021,-0.262575,0.763856,15.3392
synthetic/images/img003878.jpg,synthetic_val,0,06313,0,07202,0.826512,-0.387427,-0.129142,-0.387427,4.68923
synthetic/images/img003880.jpg,synthetic_val,2,40377,2,40373,-0.421459,-0.421459,0.793334,0.123958,3.85802
synthetic/images/img003901.jpg,synthetic_val,3,34251,3,34453,0.211927,0.0908257,-0.0908257,0.968808,30.2629
synthetic/images/img003987.jpg,synthetic_val,1,65624,1,64553,-0.365528,0.688053,0.0645049,0.623548,27.847
synthetic/images/img004110.jpg,synthetic_val,0,02715,0,03606,0.772712,-0.362209,-0.120736,-0.507093,4.6766
synthetic/images/img004258.jpg,synthetic_val,1,02715,1,06331,-0.432219,0.813589,-0.0762739,-0.38137,16.6748
synthetic/images/img004429.jpg,synthetic_val,3,35702,3,35560,0.609394,0.121879,-0.0731272,0.780024,20.3194
synthetic/images/img004489.jpg,synthetic_val,0,14460,0,14441,0.715006,0.0670318,-0.692662,-0.0670318,10.8833
synthetic/images/img004509.jpg,synthetic_val,2,27562,0,70036,0.961781,0.150278,0.21039,0.090167,172.831
synthetic/images/img004586.jpg,synthetic_val,0,74361,0,74160,0.80735,0.227067,0.126148,0.529823,25.1216
synthetic/images/img004672.jpg,synthetic_val,1,16173,1,17033,0.533443,0.742182,-0.208739,-0.347898,20.555
synthetic/images/img004684.jpg,synthetic_val,0,35426,0,34171,0.856767,0.40161,0.13387,-0.294514,16.8432
synthetic/images/img004686.jpg,synthetic_val,2,71602,2,70733,0.380387,0.380387,0.811493,0.228232,10.5268
synthetic/images/img004707.jpg,synthetic_val,2,13623,2,31057,0.491817,0.06415,0.684267,-0.534584,13.8806
synthetic/images/img004738.jpg,synthetic_val,1,42637,1,64271,-0.525995,0.673274,0.273518,0.441836,42.5912
synthetic/images/img004784.jpg,synthetic_val,0,66565,1,60145,-0.539527,0.822136,0.0256917,0.179842,115.663
synthetic/images/img004815.jpg,synthetic_val,3,60376,3,60533,-0.447523,0.184274,0.236924,0.842397,21.5565
synthetic/images/img004848.jpg,synthetic_val,0,71074,3,35123,0.599704,0.155479,-0.333169,0.71076,97.9392
synthetic/images/img005045.jpg,synthetic_val,0,16421,0,16404,0.896179,0.0280056,-0.420084,-0.140028,15.9321
synthetic/images/img005049.jpg,synthetic_val,1,26504,1,24753,-0.447523,0.842397,0.289574,-0.0789747,20.108
synthetic/images/img005080.jpg,synthetic_val,3,47333,3,61117,-0.0309641,0.0928922,0.0928922,0.99085,48.7749
synthetic/images/img005103.jpg,synthetic_val,0,07662,3,65433,-0.21338,0.165963,0.592723,0.758686,140.232
synthetic/images/img005113.jpg,synthetic_val,2,04075,1,35110,0.634192,0.699798,0.0218687,-0.328031,100.747
synthetic/images/img005155.jpg,synthetic_val,1,70151,1,52731,0.409922,0.8745,-0.0819844,0.245953,16.9117
synthetic/images/img005184.jpg,synthetic_val,3,61260,3,61363,-0.138728,0.416185,0.138728,0.887862,31.6133
synthetic/images/img005334.jpg,synthetic_val,1,34526,1,34165,0.311003,0.904735,0.141365,-0.254457,16.8606
synthetic/images/img005335.jpg,synthetic_val,3,40305,3,40314,-0.433275,-0.524491,0.0684119,0.729727,4.09683
synthetic/images/img005381.jpg,synthetic_val,1,67527,2,50531,0.33057,-0.595026,0.705215,0.198342,177.803
synthetic/images/img005452.jpg,synthetic_val,3,74113,3,73044,0.418384,0.418384,0.172276,0.787547,47.0395
synthetic/images/img005483.jpg,synthetic_val,2,74304,2,74116,0.328824,0.0758825,0.809414,0.480589,19.7131
synthetic/images/img005528.jpg,synthetic_val,3,21575,3,21555,-0.0275764,0.0275764,-0.468798,0.882444,13.5175
synthetic/images/img005529.jpg,synthetic_val,0,50423,3,05354,-0.0740121,-0.567426,-0.222036,0.789462,153.781
synthetic/images/img005542.jpg,synthetic_val,1,34066,1,34166,0.2561,0.910577,0.199189,-0.2561,25.6366
synthetic/images/img005617.jpg,synthetic_val,0,36017,0,36223,0.679315,0.0636858,0.658087,-0.318429,30.4079
synthetic/images/img005646.jpg,synthetic_val,0,02067,0,02344,0.678094,-0.48738,-0.148333,-0.529761,11.3706
synthetic/images/img005668.jpg,synthetic_val,3,05226,1,32556,0.302817,0.745396,0.442579,-0.395992,62.8975
synthetic/images/img005800.jpg,synthetic_val,2,13466,2,17011,0.51391,-0.335159,0.715006,-0.335159,18.9439
synthetic/images/img005805.jpg,synthetic_val,3,43457,1,25240,-0.393784,0.840072,0.23627,-0.288775,138.223
synthetic/images/img005828.jpg,synthetic_val,2,56231,0,60123,0.822136,-0.539527,0.179842,0.0256917,137.74
synthetic/images/img005871.jpg,synthetic_val,0,16017,0,16102,0.826512,0.232456,-0.33577,-0.387427,7.92428
synthetic/images/img005967.jpg,synthetic_val,2,07515,2,16411,0.190728,-0.408703,0.871899,-0.190728,25.7646
synthetic/images/img006003.jpg,synthetic_val,1,36740,1,72122,0.222579,0.791391,0.568812,0.024731,11.9238
synthetic/images/img006099.jpg,synthetic_val,3,43741,3,43744,-0.190728,-0.190728,0.408703,0.871899,7.43709
synthetic/images/img006184.jpg,synthetic_val,2,57253,2,57720,0.523223,-0.0627868,0.669726,0.523223,9.36482
synthetic/images/img006210.jpg,synthetic_val,1,12105,1,12242,0.0237089,0.758686,-0.118545,-0.640141,35.2683
synthetic/images/img006221.jpg,synthetic_val,1,75652,2,71114,0.669726,0.023094,0.739008,0.069282,118.985
synthetic/images/img006421.jpg,synthetic_val,1,43345,3,06471,-0.592723,-0.260798,-0.0711268,0.758686,178.525
synthetic/images/img006587.jpg,synthetic_val,3,30024,3,32313,0.276689,0.49804,-0.571823,0.590269,59.1853
synthetic/images/img006641.jpg,synthetic_val,3,40701,3,40356,-0.438786,-0.484974,0.161658,0.739008,7.30493
synthetic/images/img006682.jpg,synthetic_val,2,05567,2,05573,-0.0245514,-0.613786,0.785646,-0.0736543,10.3358
synthetic/images/img006689.jpg,synthetic_val,1,34602,1,25731,-0.0283638,0.907642,0.368729,-0.198547,6.88024
synthetic/images/img006716.jpg,synthetic_val,3,64130,3,64113,-0.423547,0.0747435,0.423547,0.797264,7.41894
synthetic/images/img006781.jpg,synthetic_val,1,71647,1,75024,0.412432,0.776342,0.121303,0.460953,20.1731
synthetic/images/img006795.jpg,synthetic_val,3,35141,3,17365,0.628928,-0.0698809,-0.209643,0.745396,11.0374
synthetic/images/img006865.jpg,synthetic_val,0,05553,0,14461,0.760398,0.0712873,-0.641585,-0.0712873,11.8648
synthetic/images/img006877.jpg,synthetic_val,3,44123,3,44340,-0.457898,-0.457898,0.418081,0.637076,8.61478
synthetic/images/img006926.jpg,synthetic_val,0,52222,0,07777,0.998538,-0.0312043,-0.0312043,-0.0312043,6.38156
synthetic/images/img006943.jpg,synthetic_val,2,25723,2,25376,-0.0819844,0.409922,0.8745,-0.245953,7.00382
synthetic/images/img006945.jpg,synthetic_val,0,74110,3,70555,0.390567,0.0260378,0.390567,0.833209,91.9794
synthetic/images/img006959.jpg,synthetic_val,1,73421,1,73414,0.484974,0.739008,0.392598,0.254034,12.0869
synthetic/images/img007056.jpg,synthetic_val,2,61312,2,34610,0.145617,0.262111,0.931951,-0.203864,36.4114
synthetic/images/img007093.jpg,synthetic_val,0,20554,0,21464,0.809414,-0.379413,0.126471,-0.430001,12.4399
synthetic/images/img007102.jpg,synthetic_val,2,42062,2,14074,0.115966,-0.626216,0.742182,-0.208739,114.475
synthetic/images/img007118.jpg,synthetic_val,1,17564,1,17472,0.532542,0.811493,-0.228232,-0.0760775,11.2888
synthetic/images/img007134.jpg,synthetic_val,1,14112,3,70753,0.38236,0.280397,0.331378,0.8157,161.489
synthetic/images/img007190.jpg,synthetic_val,3,63511,3,70262,0.0280056,0.420084,0.140028,0.896179,13.8384
synthetic/images/img007200.jpg,synthetic_val,1,62004,2,65400,-0.34641,0.023094,0.739008,0.57735,113.804
synthetic/images/img007226.jpg,synthetic_val,1,70561,2,16277,0.205971,-0.0294245,0.941584,-0.26482,173.166
synthetic/images/img007259.jpg,synthetic_val,1,03633,2,60032,-0.635866,0.164854,0.753619,0.0235506,154.927
synthetic/images/img007277.jpg,synthetic_val,1,20070,3,15541,0.517416,-0.59407,-0.0574907,0.613234,10.4117
synthetic/images/img007304.jpg,synthetic_val,1,67607,1,60555,-0.433341,0.8157,0.0254906,0.38236,69.0872
synthetic/images/img007368.jpg,synthetic_val,0,15601,2,20454,-0.597351,0.0221241,0.707972,-0.37611,86.5702
synthetic/images/img007375.jpg,synthetic_val,3,60355,3,60533,-0.447523,0.184274,0.236924,0.842397,9.57133
synthetic/images/img007457.jpg,synthetic_val,1,24716,1,24716,-0.485586,0.817829,0.281129,-0.127786,2.69447
synthetic/images/img007647.jpg,synthetic_val,1,40131,2,76063,0.0670318,0.51391,0.715006,0.469222,172.833
synthetic/images/img007698.jpg,synthetic_val,3,51607,0,01671,0.748653,-0.210559,-0.444513,-0.444513,179.989
synthetic/images/img007753.jpg,synthetic_val,1,06367,1,06626,-0.691283,0.713582,-0.0222994,-0.111497,22.0199
synthetic/images/img007805.jpg,synthetic_val,3,50362,3,52502,0.244497,-0.353162,0.244497,0.869321,19.6101
synthetic/images/img007914.jpg,synthetic_val,0,23163,0,32007,0.676879,0.0634574,0.401897,-0.613422,23.4336
synthetic/images/img007917.jpg,synthetic_val,3,43063,3,43003,-0.352124,-0.352124,0.0270864,0.866766,16.92
synthetic/images/img007921.jpg,synthetic_val,1,76027,3,16666,0.0312043,-0.0312043,-0.0312043,0.998538,132.946
synthetic/images/img007928.jpg,synthetic_val,0,11115,0,45055,0.628176,-0.176674,-0.608545,0.451501,142.471
synthetic/images/img007932.jpg,synthetic_val,3,05105,2,04444,-0.571047,-0.571047,0.589468,-0.0184209,148.096
synthetic/images/img007937.jpg,synthetic_val,3,21733,3,02333,-0.356417,-0.0209657,-0.649937,0.670902,62.3706
synthetic/images/img007966.jpg,synthetic_val,1,43050,1,43106,-0.197911,0.904735,-0.367549,0.0848189,11.6166
synthetic/images/img007975.jpg,synthetic_val,0,73476,0,72203,0.762121,0.0714488,0.643039,0.0238163,56.9147
synthetic/images/img008000.jpg,synthetic_val,1,03651,1,03434,-0.266242,0.774521,-0.266242,-0.508279,12.4002
synthetic/images/img008053.jpg,synthetic_val,3,53223,3,53212,0.543852,-0.129488,0.0258977,0.828726,13.2338
synthetic/images/img008078.jpg,synthetic_val,2,42321,1,05715,-0.0251657,0.805302,-0.578811,-0.125828,115.387
synthetic/images/img008083.jpg,synthetic_val,1,74277,1,74435,0.163768,0.748653,0.116977,0.631676,26.4856
synthetic/images/img008181.jpg,synthetic_val,0,44545,2,44252,-0.525985,-0.4091,0.62339,0.4091,150.948
synthetic/images/img008191.jpg,synthetic_val,2,72471,0,12426,0.813589,0.0254246,-0.228822,-0.533917,156.148
synthetic/images/img008253.jpg,synthetic_val,1,20437,3,46351,-0.40036,-0.164854,0.494563,0.753619,162.979
synthetic/images/img008398.jpg,synthetic_val,2,15315,2,71524,0.590076,0.118015,0.755297,0.259633,91.4302
synthetic/images/img008493.jpg,synthetic_val,0,65574,0,65571,0.735875,-0.0229961,0.114981,0.666887,3.82625
synthetic/images/img008515.jpg,synthetic_val,0,01263,0,03041,0.690612,-0.280561,-0.323724,-0.582704,4.49936
synthetic/images/img008562.jpg,synthetic_val,1,45005,1,43500,-0.188502,0.861723,-0.403933,0.24236,39.9059
synthetic/images/img008609.jpg,synthetic_val,3,03405,3,03456,-0.274743,-0.324696,-0.424602,0.799251,10.9659
synthetic/images/img008715.jpg,synthetic_val,3,64036,3,64141,-0.480888,0.0228994,0.480888,0.732782,22.6502
synthetic/images/img008747.jpg,synthetic_val,1,61574,1,65103,-0.136234,0.871899,0.0817405,0.463196,9.31479
synthetic/images/img008812.jpg,synthetic_val,1,06347,1,06727,-0.543852,0.828726,-0.0258977,-0.129488,16.1565
synthetic/images/img008856.jpg,synthetic_val,2,63174,2,63536,-0.0731272,0.560642,0.780024,0.268133,10.1135
synthetic/images/img008863.jpg,synthetic_val,0,75464,2,34533,0.408703,0.190728,0.871899,-0.190728,143.346
synthetic/images/img008866.jpg,synthetic_val,2,07551,2,07551,-0.028183,-0.422745,0.901856,-0.084549,1.93132
synthetic/images/img008868.jpg,synthetic_val,2,47124,2,43547,-0.131625,-0.342224,0.842397,0.394874,13.8178
synthetic/images/img008947.jpg,synthetic_val,3,60163,3,60163,-0.535303,0.178434,0.127453,0.8157,2.32033
synthetic/images/img008965.jpg,synthetic_val,0,56410,1,52271,0.21039,0.961781,-0.090167,0.150278,132.503
synthetic/images/img008968.jpg,synthetic_val,3,60055,3,60031,-0.610847,0.122169,0.0244339,0.781884,18.7476
synthetic/images/img008999.jpg,synthetic_val,0,70053,0,70006,0.99085,0.0309641,0.0928922,0.0928922,22.183
synthetic/images/img009018.jpg,synthetic_val,1,63131,1,36403,0.0789747,0.842397,0.500173,-0.184274,26.8175
synthetic/images/img009103.jpg,synthetic_val,0,04336,0,05026,0.707972,-0.331862,-0.553103,-0.287613,23.0357
synthetic/images/img009175.jpg,synthetic_val,3,70172,1,52413,0.19245,0.879772,-0.357407,0.247436,132.742
synthetic/images/img009184.jpg,synthetic_val,1,46770,1,46716,-0.410817,0.691902,-0.10811,0.583792,5.35096
synthetic/images/img009259.jpg,synthetic_val,1,63606,1,62755,-0.365528,0.688053,0.537541,0.322525,12.9573
synthetic/images/img009270.jpg,synthetic_val,3,34252,1,52352,0.368729,0.907642,-0.141819,0.141819,118.54
synthetic/images/img009280.jpg,synthetic_val,3,53536,3,53305,0.63446,-0.16449,0.0704956,0.751953,19.4094
synthetic/images/img009318.jpg,synthetic_val,2,45224,2,44127,-0.424178,-0.504973,0.646366,0.38378,16.2904
synthetic/images/img009384.jpg,synthetic_val,1,54703,3,37060,0.392598,0.484974,-0.254034,0.739008,43.5461
synthetic/images/img009414.jpg,synthetic_val,3,24153,3,24530,-0.497423,0.130901,-0.183261,0.837765,16.4296
synthetic/images/img009443.jpg,synthetic_val,0,54316,0,54126,0.699798,0.196818,-0.546718,0.415505,14.293
synthetic/images/img009640.jpg,synthetic_val,3,17026,3,16304,0.247436,-0.19245,-0.357407,0.879772,21.1134
synthetic/images/img009666.jpg,synthetic_val,1,35055,3,03050,-0.240097,-0.327405,-0.589329,0.698464,109.823
synthetic/images/img009693.jpg,synthetic_val,0,73150,2,31057,0.491817,0.06415,0.684267,-0.534584,111.657
synthetic/images/img009720.jpg,synthetic_val,2,13415,2,11677,0.498237,-0.368262,0.6932,-0.368262,11.6139
synthetic/images/img009801.jpg,synthetic_val,2,73033,2,36345,0.255676,0.581081,0.743784,-0.209189,40.0277
synthetic/images/img009880.jpg,synthetic_val,1,15775,0,51312,0.666233,0.603774,-0.437215,0.0208198,9.23246
synthetic/images/img009887.jpg,synthetic_val,2,45507,1,01115,-0.0188078,0.601848,-0.583041,-0.545425,15.2089
synthetic/images/img009916.jpg,synthetic_val,3,07357,3,07717,-0.0304997,-0.152499,-0.152499,0.975991,13.0467
synthetic/images/img009933.jpg,synthetic_val,0,13450,0,15151,0.577821,0.559764,-0.559764,-0.198626,41.3303
synthetic/images/img009943.jpg,synthetic_val,0,63331,1,47341,-0.127453,0.8157,-0.178434,0.535303,156.263
synthetic/images/img010030.jpg,synthetic_val,2,06433,1,30654,0.132733,0.849491,0.238919,-0.451292,178.243
synthetic/images/img010063.jpg,synthetic_val,3,24700,3,24523,-0.531178,0.177059,-0.177059,0.809414,8.81938
synthetic/images/img010079.jpg,synthetic_val,2,70124,2,70166,0.259483,0.20182,0.922608,0.20182,15.186
synthetic/images/img010088.jpg,synthetic_val,2,41463,2,41164,-0.162703,-0.627568,0.743784,0.162703,23.8136
synthetic/images/img010124.jpg,synthetic_val,3,52104,3,16547,0.30334,-0.358493,-0.0275764,0.882444,13.3122
synthetic/images/img010133.jpg,synthetic_val,2,43434,2,43526,-0.196039,-0.25205,0.896179,0.308062,14.9162
synthetic/images/img010151.jpg,synthetic_val,2,30273,1,31757,0.633445,0.653879,0.224771,-0.347373,94.0995
synthetic/images/img010177.jpg,synthetic_val,1,37471,1,37412,0.484974,0.739008,0.438786,-0.161658,10.5821
synthetic/images/img010220.jpg,synthetic_val,0,55012,0,51235,0.729727,0.524491,-0.433275,0.0684119,37.858
synthetic/images/img010238.jpg,synthetic_val,2,12623,1,24444,-0.695445,0.717879,0.0224337,-0.0224337,172.751
synthetic/images/img010321.jpg,synthetic_val,0,74725,0,74760,0.695817,0.195698,0.282675,0.630584,7.92138
synthetic/images/img010413.jpg,synthetic_val,2,67233,2,63716,-0.0691347,0.622212,0.737437,0.253494,19.2105
synthetic/images/img010451.jpg,synthetic_val,2,41625,0,47304,0.830959,-0.181772,-0.181772,0.493382,158.051
synthetic/images/img010453.jpg,synthetic_val,1,47655,1,47604,-0.333169,0.71076,-0.155479,0.599704,17.1346
synthetic/images/img010478.jpg,synthetic_val,1,05530,1,14464,0.0238705,0.763856,-0.644503,-0.0238705,18.5542
synthetic/images/img010504.jpg,synthetic_val,0,05705,0,05333,0.8157,-0.0254906,-0.433341,-0.38236,35.5206
synthetic/images/img010547.jpg,synthetic_val,3,57502,3,57431,0.479687,-0.229416,0.521399,0.667391,8.82996
synthetic/images/img010583.jpg,synthetic_val,3,50604,3,45250,-0.239187,-0.500118,0.45663,0.695817,39.3485
synthetic/images/img010589.jpg,synthetic_val,2,56350,2,56303,0.287982,-0.130901,0.837765,0.445063,11.3559
synthetic/images/img010628.jpg,synthetic_val,1,26746,1,26227,-0.529907,0.584725,0.566452,-0.237544,27.918
synthetic/images/img010644.jpg,synthetic_val,0,01216,0,01201,0.617788,-0.250976,-0.444035,-0.598482,6.46932
synthetic/images/img010697.jpg,synthetic_val,0,47626,0,47653,0.720787,-0.202721,-0.112623,0.653213,18.4292
synthetic/images/img010700.jpg,synthetic_val,1,63160,1,27523,-0.123958,0.793334,0.570209,-0.173542,33.5953
synthetic/images/img010701.jpg,synthetic_val,2,67235,1,60730,-0.469888,0.791391,0.321503,0.222579,58.5176
synthetic/images/img010723.jpg,synthetic_val,2,74242,3,34001,0.084549,0.028183,-0.422745,0.901856,164.031
synthetic/images/img010791.jpg,synthetic_val,1,63535,1,72424,0.0251022,0.80327,0.527146,0.276124,5.09158
synthetic/images/img010813.jpg,synthetic_val,2,12763,2,31604,0.396854,0.210099,0.74702,-0.490232,32.1303
synthetic/images/img010897.jpg,synthetic_val,0,21057,0,21156,0.783758,-0.0734773,0.0734773,-0.612311,15.5353
synthetic/images/img010934.jpg,synthetic_val,2,63444,2,62436,-0.550791,0.469192,0.652789,0.224396,30.1312
synthetic/images/img010974.jpg,synthetic_val,3,57527,3,57722,0.524142,-0.0209657,0.524142,0.670902,16.4095
synthetic/images/img011010.jpg,synthetic_val,3,07476,3,07417,-0.249711,-0.360694,-0.138728,0.887862,16.8235
synthetic/images/img011172.jpg,synthetic_val,1,56765,2,53333,0.695445,-0.0224337,0.717879,0.0224337,165.188
synthetic/images/img011177.jpg,synthetic_val,0,37124,0,37514,0.685522,0.621254,0.364184,-0.107113,24.857
synthetic/images/img011247.jpg,synthetic_val,2,52225,2,16671,0.211927,-0.0908257,0.968808,-0.0908257,28.518
synthetic/images/img011311.jpg,synthetic_val,1,50235,1,05764,-0.184787,0.844742,-0.501565,-0.0263982,42.9353
synthetic/images/img011323.jpg,synthetic_val,2,12574,3,03562,-0.179842,-0.231226,-0.488143,0.822136,86.5289
synthetic/images/img011339.jpg,synthetic_val,0,61125,0,61124,0.961781,-0.21039,0.150278,0.090167,8.31642
synthetic/images/img011342.jpg,synthetic_val,3,13767,3,13625,0.443543,-0.0700331,-0.490232,0.74702,23.6128
synthetic/images/img011364.jpg,synthetic_val,2,40050,0,45731,0.713582,-0.0222994,-0.423689,0.557486,113.228
synthetic/images/img011368.jpg,synthetic_val,2,07540,2,07505,-0.138728,-0.416185,0.887862,-0.138728,11.2658
synthetic/images/img011395.jpg,synthetic_val,2,61733,2,61725,-0.136641,0.355266,0.8745,0.300609,17.0316
synthetic/images/img011490.jpg,synthetic_val,2,34564,2,70121,0.321451,0.146114,0.935129,0.0292228,12.453
synthetic/images/img011513.jpg,synthetic_val,3,26561,3,27442,-0.372793,0.472205,-0.0745586,0.795292,12.9182
synthetic/images/img011565.jpg,synthetic_val,2,56343,2,56712,0.302817,-0.116468,0.745396,0.582341,11.9636
synthetic/images/img011611.jpg,synthetic_val,0,23675,0,22773,0.62339,-0.331176,0.603909,-0.370138,16.494
synthetic/images/img011612.jpg,synthetic_val,3,57721,3,75654,0.419413,0.179749,0.619134,0.639106,32.8753
synthetic/images/img011614.jpg,synthetic_val,1,41713,1,41716,-0.0751175,0.801253,-0.525822,0.275431,8.73554
synthetic/images/img011683.jpg,synthetic_val,1,05774,1,41364,-0.181772,0.830959,-0.493382,0.181772,27.5079
synthetic/images/img011853.jpg,synthetic_val,3,12777,3,16336,0.352124,-0.0270864,-0.352124,0.866766,14.3422
synthetic/images/img011894.jpg,synthetic_val,3,77735,0,77777,0.511951,0.495952,0.495952,0.495952,6.66027
synthetic/images/img011957.jpg,synthetic_val,3,24136,1,27500,-0.186352,0.851896,0.45257,-0.186352,172.865
synthetic/images/img011966.jpg,synthetic_val,0,51015,3,01157,-0.0200361,-0.581047,-0.500902,0.641155,173.005
synthetic/images/img011990.jpg,synthetic_val,0,16430,0,16416,0.907642,0.141819,-0.368729,-0.141819,8.28338
synthetic/images/img012043.jpg,synthetic_val,2,60752,2,60750,-0.469888,0.222579,0.791391,0.321503,4.61881
synthetic/images/img012076.jpg,synthetic_val,0,17326,0,35051,0.781884,0.561979,0.0244339,-0.268773,7.42136
synthetic/images/img012085.jpg,synthetic_val,1,34225,1,34226,0.0265466,0.849491,0.398199,-0.345106,6.31965
synthetic/images/img012124.jpg,synthetic_val,3,31052,3,31412,0.469222,0.0670318,-0.51391,0.715006,7.13683
synthetic/images/img012300.jpg,synthetic_val,1,27034,1,27035,-0.217325,0.772712,0.507093,-0.313914,8.07463
synthetic/images/img012407.jpg,synthetic_val,1,06465,1,53020,0.448769,0.844742,-0.29038,0.0263982,135.016
synthetic/images/img012415.jpg,synthetic_val,0,03631,0,03366,0.776342,-0.169825,-0.0242607,-0.606517,8.39652
synthetic/images/img012425.jpg,synthetic_val,1,17647,1,17472,0.532542,0.811493,-0.228232,-0.0760775,13.5683
synthetic/images/img012434.jpg,synthetic_val,3,42500,3,06455,-0.57735,-0.34641,-0.023094,0.739008,24.3604
synthetic/images/img012461.jpg,synthetic_val,3,76462,3,67156,-0.0684119,0.433275,0.524491,0.729727,15.6229
synthetic/images/img012476.jpg,synthetic_val,0,70423,0,70436,0.916533,0.143208,0.200492,0.315058,6.08781
synthetic/images/img012509.jpg,synthetic_val,1,31527,1,31562,0.55095,0.705215,0.154266,-0.418722,4.14983
synthetic/images/img012532.jpg,synthetic_val,3,76157,3,27642,-0.336506,0.60571,-0.0673011,0.717879,105.992
synthetic/images/img012620.jpg,synthetic_val,3,04267,1,32604,0.0218687,0.699798,0.546718,-0.459243,93.3068
synthetic/images/img012662.jpg,synthetic_val,2,67121,2,63565,-0.120736,0.507093,0.772712,0.362209,4.54234
synthetic/images/img012670.jpg,synthetic_val,1,43613,1,43271,-0.266674,0.948174,-0.0888913,0.148152,15.4278
synthetic/images/img012676.jpg,synthetic_val,3,03410,3,03455,-0.223676,-0.372793,-0.422499,0.795292,15.6196
synthetic/images/img012733.jpg,synthetic_val,0,32406,0,30663,0.795292,0.0745586,0.372793,-0.472205,9.38639
synthetic/images/img012758.jpg,synthetic_val,0,40710,0,41033,0.769133,-0.216319,-0.600885,0.0240354,32.8487
synthetic/images/img012817.jpg,synthetic_val,2,11424,0,45343,0.728214,-0.113783,-0.47789,0.47789,159.038
synthetic/images/img012842.jpg,synthetic_val,3,24543,3,24534,-0.501565,0.131991,-0.131991,0.844742,9.34575
synthetic/images/img012919.jpg,synthetic_val,0,23237,0,72301,0.760398,0.261387,0.594061,0.0237624,85.7077
synthetic/images/img012954.jpg,synthetic_val,1,62331,0,74270,0.785646,0.122757,0.319169,0.51558,179.829
synthetic/images/img013020.jpg,synthetic_val,3,56063,1,06726,-0.578811,0.805302,-0.0251657,-0.125828,138.682
synthetic/images/img013044.jpg,synthetic_val,2,20201,2,20255,-0.515163,0.185459,0.659408,-0.515163,9.53916
synthetic/images/img013062.jpg,synthetic_val,3,36630,1,74124,0.233079,0.828726,0.129488,0.492056,50.004
synthetic/images/img013143.jpg,synthetic_val,3,42172,3,04772,-0.463139,-0.414388,-0.0731272,0.780024,30.7767
synthetic/images/img013152.jpg,synthetic_val,1,74551,2,13217,0.467638,-0.10166,0.650627,-0.589631,148.027
synthetic/images/img013197.jpg,synthetic_val,3,50725,3,50712,0.313914,-0.507093,0.217325,0.772712,9.61801
synthetic/images/img013218.jpg,synthetic_val,2,14753,2,14576,0.304808,-0.58617,0.750298,-0.0234468,14.9105
synthetic/images/img013315.jpg,synthetic_val,3,43126,3,43633,-0.261226,-0.0290252,0.261226,0.928805,34.0424
synthetic/images/img013407.jpg,synthetic_val,2,30144,0,35633,0.748653,0.538095,0.350931,-0.163768,114.791
synthetic/images/img013470.jpg,synthetic_val,1,43710,3,06734,-0.504385,-0.0796398,-0.132733,0.849491,156.42
synthetic/images/img013476.jpg,synthetic_val,0,43160,0,43120,0.925691,-0.202495,-0.318206,0.0289278,11.4959
synthetic/images/img013486.jpg,synthetic_val,0,62612,3,67240,-0.311757,0.519594,0.436459,0.665081,165.026
synthetic/images/img013503.jpg,synthetic_val,3,63101,3,25776,-0.084549,0.422745,-0.028183,0.901856,9.97455
synthetic/images/img013515.jpg,synthetic_val,0,31041,3,13260,0.375376,-0.0662428,-0.596185,0.706589,158.555
synthetic/images/img013572.jpg,synthetic_val,2,47376,3,47727,-0.118545,-0.0237089,0.640141,0.758686,26.8296
synthetic/images/img013589.jpg,synthetic_val,0,50767,0,52576,0.826512,0.33577,-0.232456,0.387427,22.1776
synthetic/images/img013712.jpg,synthetic_val,1,55515,2,00556,-0.378865,-0.578268,0.638089,-0.338985,25.015
synthetic/images/img013719.jpg,synthetic_val,0,51434,0,51077,0.678094,0.48738,-0.529761,0.148333,11.7824
synthetic/images/img013815.jpg,synthetic_val,3,46167,3,46535,-0.365528,-0.236518,0.580544,0.688053,17.2325
synthetic/images/img013823.jpg,synthetic_val,3,71607,3,71267,0.466477,0.368271,0.17186,0.785646,16.196
synthetic/images/img013853.jpg,synthetic_val,2,04136,0,54627,0.706589,0.0662428,-0.375376,0.596185,84.4906
synthetic/images/img013871.jpg,synthetic_val,0,47136,0,47300,0.851896,-0.186352,-0.186352,0.45257,16.1237
synthetic/images/img013907.jpg,synthetic_val,3,52670,3,52211,0.208885,-0.208885,0.0298408,0.954905,44.1486
synthetic/images/img013966.jpg,synthetic_val,2,66607,2,66457,-0.458658,0.34858,0.587082,0.568736,18.7048
synthetic/images/img013984.jpg,synthetic_val,0,42757,0,42572,0.791391,-0.469888,-0.222579,0.321503,14.2352
synthetic/images/img014020.jpg,synthetic_val,1,71716,1,71756,0.616742,0.680543,0.233937,0.319005,11.1448
synthetic/images/img014052.jpg,synthetic_val,0,46540,2,60162,-0.570209,0.173542,0.793334,0.123958,105.816
synthetic/images/img014089.jpg,synthetic_val,1,50161,1,50136,0.30414,0.748653,-0.584885,0.0701862,8.25914
synthetic/images/img014092.jpg,synthetic_val,3,21620,3,20711,-0.387667,0.205236,-0.524491,0.729727,13.6968
synthetic/images/img014104.jpg,synthetic_val,2,40267,0,14557,0.699798,0.328031,-0.634192,-0.0218687,16.2979
synthetic/images/img014162.jpg,synthetic_val,0,71751,0,71705,0.72373,0.610647,0.203549,0.248782,7.19792
synthetic/images/img014177.jpg,synthetic_val,3,30677,0,07650,0.922608,-0.317146,-0.20182,-0.0864945,173.447
synthetic/images/img014238.jpg,synthetic_val,1,44112,1,12432,0.122757,0.785646,-0.220963,-0.564683,135.042
synthetic/images/img014248.jpg,synthetic_val,2,61523,2,61135,-0.0307293,0.153646,0.983336,0.0921878,25.9596
synthetic/images/img014260.jpg,synthetic_val,2,25544,2,25455,-0.270501,0.0300557,0.961781,-0.0300557,5.42087
synthetic/images/img014276.jpg,synthetic_val,2,07107,2,03571,-0.0257599,-0.283358,0.824315,-0.489437,20.4899
synthetic/images/img014339.jpg,synthetic_val,3,46454,2,42625,-0.649272,-0.067166,0.716438,0.246276,51.38
synthetic/images/img014368.jpg,synthetic_val,3,36133,3,32756,0.276471,0.574208,-0.361538,0.680543,9.41331
synthetic/images/img014379.jpg,synthetic_val,1,35676,1,37412,0.484974,0.739008,0.438786,-0.161658,19.9628
synthetic/images/img014435.jpg,synthetic_val,3,35560,3,35471,0.57735,0.125511,-0.0753066,0.80327,4.84893
synthetic/images/img014462.jpg,synthetic_val,3,10212,1,31076,0.454061,0.691902,0.151354,-0.540548,91.857
synthetic/images/img014567.jpg,synthetic_val,0,60337,2,53663,0.481824,-0.0253592,0.811493,0.329669,81.7519
synthetic/images/img014596.jpg,synthetic_val,2,07171,2,07161,-0.139158,-0.306147,0.890609,-0.306147,10.3418
synthetic/images/img014635.jpg,synthetic_val,1,47764,1,47657,-0.196818,0.699798,-0.109344,0.67793,6.44903
synthetic/images/img014660.jpg,synthetic_val,0,34472,0,34546,0.958324,0.269529,0.0898429,-0.0299476,18.4769
synthetic/images/img014742.jpg,synthetic_val,1,51633,1,51764,0.528812,0.676879,-0.401897,0.317287,13.6518
synthetic/images/img014764.jpg,synthetic_val,0,42043,2,64510,-0.423689,0.0222994,0.713582,0.557486,127.941
synthetic/images/img014900.jpg,synthetic_val,1,50345,1,50300,0.222579,0.791391,-0.568812,0.024731,19.1888
synthetic/images/img014918.jpg,synthetic_val,1,14061,1,14160,0.203549,0.72373,-0.610647,-0.248782,13.6992
synthetic/images/img014964.jpg,synthetic_val,3,17356,3,17352,0.646684,-0.111497,-0.245294,0.713582,7.48433
synthetic/images/img014971.jpg,synthetic_val,0,61517,0,61541,0.916533,-0.143208,0.0286417,0.372342,17.5996
synthetic/images/img014977.jpg,synthetic_val,0,52355,2,52600,0.0294245,-0.205971,0.941584,0.26482,161.144
synthetic/images/img014979.jpg,synthetic_val,2,36472,2,36467,0.0758825,0.581766,0.809414,-0.0252942,9.90601
synthetic/images/img015000.jpg,synthetic_val,2,25563,2,25570,-0.0918415,0.153069,0.979643,-0.0918415,9.25127
synthetic/images/img015038.jpg,synthetic_val,3,52112,3,52115,0.389512,-0.389512,0.0779024,0.830959,10.0309
synthetic/images/img015041.jpg,synthetic_val,1,12606,3,51416,0.42627,-0.588658,0.223284,0.649554,58.8295
synthetic/images/img015061.jpg,synthetic_val,0,52176,0,52175,0.849491,0.398199,-0.292013,0.185826,6.21804
synthetic/images/img015080.jpg,synthetic_val,2,57250,3,57241,0.438786,-0.161658,0.484974,0.739008,41.0431
synthetic/images/img015096.jpg,synthetic_val,3,45772,3,54660,0.0211904,-0.402618,0.614523,0.678094,8.56965
synthetic/images/img015163.jpg,synthetic_val,0,52665,0,16416,0.907642,0.141819,-0.368729,-0.141819,74.2753
synthetic/images/img015229.jpg,synthetic_val,2,24563,2,24524,-0.574462,0.124883,0.799251,-0.124883,8.04113
synthetic/images/img015299.jpg,synthetic_val,3,75227,3,75206,0.401252,0.259633,0.448458,0.755297,8.69324
synthetic/images/img015322.jpg,synthetic_val,0,65005,0,47323,0.8745,-0.136641,-0.0273281,0.464578,23.998
synthetic/images/img015382.jpg,synthetic_val,2,10230,3,32614,0.108721,0.543607,-0.45663,0.695817,37.202
synthetic/images/img015482.jpg,synthetic_val,0,50454,0,50111,0.680543,0.319005,-0.659276,0.021267,41.0039
synthetic/images/img015599.jpg,synthetic_val,0,24176,0,65300,0.842397,-0.184274,0.236924,0.447523,86.904
synthetic/images/img015688.jpg,synthetic_val,1,52125,1,52171,0.40161,0.856767,-0.294514,0.13387,12.5951
synthetic/images/img015793.jpg,synthetic_val,3,74375,2,74251,0.175274,0.225352,0.801253,0.525822,43.6104
synthetic/images/img015833.jpg,synthetic_val,2,63743,2,63717,-0.023094,0.623538,0.739008,0.254034,11.1577
synthetic/images/img015875.jpg,synthetic_val,1,46110,3,10330,0.259223,-0.378865,-0.618148,0.638089,174.292
synthetic/images/img015910.jpg,synthetic_val,0,16372,0,34115,0.849491,0.398199,0.0265466,-0.345106,10.7912
synthetic/images/img015926.jpg,synthetic_val,3,36437,3,36435,0.178434,0.535303,-0.127453,0.8157,5.55078
synthetic/images/img015985.jpg,synthetic_val,1,71726,1,71774,0.610155,0.673274,0.273518,0.315597,13.1511
synthetic/images/img016003.jpg,synthetic_val,2,60712,2,61056,-0.317146,0.0864945,0.922608,0.20182,30.3684
synthetic/images/img016016.jpg,synthetic_val,1,71430,3,71006,0.465972,0.0822304,0.0822304,0.877124,118.388
synthetic/images/img016029.jpg,synthetic_val,1,36426,1,36620,0.0228515,0.73125,0.662695,-0.159961,11.0769
synthetic/images/img016040.jpg,synthetic_val,3,37006,3,35250,0.514341,0.220432,-0.269417,0.783758,26.4627
synthetic/images/img016063.jpg,synthetic_val,2,52755,2,53666,0.433341,-0.0254906,0.8157,0.38236,17.383
synthetic/images/img016081.jpg,synthetic_val,0,14273,0,14334,0.770916,0.313185,-0.457732,-0.313185,15.2887
synthetic/images/img016252.jpg,synthetic_val,3,56465,3,54764,0.182687,-0.385673,0.629255,0.649554,23.5038
synthetic/images/img016403.jpg,synthetic_val,2,34344,2,34255,0.199189,0.2561,0.910577,-0.2561,8.92806
synthetic/images/img016411.jpg,synthetic_val,3,25006,3,21464,-0.379413,0.126471,-0.430001,0.809414,12.2277
synthetic/images/img016431.jpg,synthetic_val,3,42631,3,60037,-0.605095,0.169426,0.0726113,0.774521,29.9711
synthetic/images/img016509.jpg,synthetic_val,3,71320,3,37560,0.545675,0.458367,-0.065481,0.698464,24.0588
synthetic/images/img016539.jpg,synthetic_val,2,05242,2,04352,-0.430597,-0.475923,0.725215,-0.249293,10.3994
synthetic/images/img016611.jpg,synthetic_val,1,40710,3,13046,0.370354,-0.283212,-0.544638,0.697136,172.684
synthetic/images/img016691.jpg,synthetic_val,2,52116,2,52140,0.244497,-0.407494,0.869321,0.135831,13.0573
synthetic/images/img016749.jpg,synthetic_val,0,30724,3,32241,0.0614038,0.511698,-0.552634,0.654974,140.683
synthetic/images/img016763.jpg,synthetic_val,2,72136,2,72530,0.313914,0.507093,0.772712,0.217325,15.921
synthetic/images/img016774.jpg,synthetic_val,1,76021,1,70426,0.0289278,0.925691,0.202495,0.318206,40.1302
synthetic/images/img016778.jpg,synthetic_val,1,71624,1,75224,0.395992,0.745396,0.302817,0.442579,20.401
synthetic/images/img016831.jpg,synthetic_val,3,35677,1,55066,0.342266,0.644266,-0.503333,0.463066,81.1467
synthetic/images/img016856.jpg,synthetic_val,1,01123,1,02515,-0.382143,0.719328,-0.337185,-0.472059,40.6077
synthetic/images/img016885.jpg,synthetic_val,3,07411,3,07417,-0.249711,-0.360694,-0.138728,0.887862,8.06766
synthetic/images/img016952.jpg,synthetic_val,3,42246,0,12203,0.712167,0.0667657,-0.111276,-0.689912,9.16755
synthetic/images/img016966.jpg,synthetic_val,0,42305,0,42336,0.856767,-0.508706,-0.026774,0.0803219,15.6544
synthetic/images/img017010.jpg,synthetic_val,3,44410,3,44166,-0.442063,-0.480503,0.442063,0.615044,10.3905
synthetic/images/img017049.jpg,synthetic_val,2,60047,2,60700,-0.555387,0.217325,0.772712,0.217325,21.0377
synthetic/images/img017062.jpg,synthetic_val,1,32512,1,32720,0.180907,0.643224,0.582922,-0.462317,21.3209
synthetic/images/img017087.jpg,synthetic_val,1,31204,1,13666,0.424602,0.799251,-0.0249766,-0.424602,34.9616
synthetic/images/img017294.jpg,synthetic_val,0,02621,1,64340,-0.504916,0.702491,0.197576,0.46101,26.0396
synthetic/images/img017298.jpg,synthetic_val,0,61747,0,61675,0.826512,-0.232456,0.33577,0.387427,15.0641
synthetic/images/img017324.jpg,synthetic_val,0,65121,0,65112,0.877124,-0.0822304,0.0822304,0.465972,9.19836
synthetic/images/img017371.jpg,synthetic_val,0,25122,0,25122,0.871899,-0.190728,0.190728,-0.408703,2.93263
synthetic/images/img017421.jpg,synthetic_val,2,36010,2,34276,0.135831,0.407494,0.869321,-0.244497,18.9072
synthetic/images/img017432.jpg,synthetic_val,1,52444,1,52440,0.0265466,0.849491,-0.398199,0.345106,3.98031
synthetic/images/img017434.jpg,synthetic_val,0,17211,0,13746,0.722254,0.564261,-0.112852,-0.383697,6.84427
synthetic/images/img017456.jpg,synthetic_val,0,62170,2,57260,0.404877,-0.0714488,0.762121,0.500142,80.7034
synthetic/images/img017534.jpg,synthetic_val,2,63475,2,67036,-0.243843,0.509854,0.709362,0.421184,9.65348
synthetic/images/img017688.jpg,synthetic_val,3,56707,3,56713,0.344214,-0.114738,0.57369,0.734324,11.6942
synthetic/images/img017740.jpg,synthetic_val,0,74423,0,74400,0.787547,0.0246108,0.0246108,0.615271,16.6685
synthetic/images/img017768.jpg,synthetic_val,0,07245,0,07244,0.861723,-0.403933,-0.188502,-0.24236,8.43506
synthetic/images/img017772.jpg,synthetic_val,2,21432,2,21412,-0.268133,0.0731272,0.780024,-0.560642,13.2033
synthetic/images/img017791.jpg,synthetic_val,1,52507,1,52651,0.194821,0.890609,-0.194821,0.36181,24.0746
synthetic/images/img017812.jpg,synthetic_val,1,71602,1,70504,0.256933,0.91354,0.0285481,0.314029,37.8999
synthetic/images/img017844.jpg,synthetic_val,1,74614,1,74437,0.162703,0.743784,0.162703,0.627568,8.04945
synthetic/images/img017859.jpg,synthetic_val,0,77023,1,20727,-0.454912,0.6932,0.324937,-0.454912,175.11
synthetic/images/img017864.jpg,synthetic_val,1,66224,2,65400,-0.34641,0.023094,0.739008,0.57735,79.4579
synthetic/images/img017872.jpg,synthetic_val,2,15115,0,22725,0.610549,-0.400673,0.55331,-0.400673,25.8089
synthetic/images/img017892.jpg,synthetic_val,3,12454,1,17027,0.469888,0.791391,-0.222579,-0.321503,132.144
synthetic/images/img017925.jpg,synthetic_val,3,61320,3,61320,-0.198547,0.368729,0.0283638,0.907642,2.88183
synthetic/images/img017932.jpg,synthetic_val,0,07044,0,07012,0.8157,-0.280397,-0.331378,-0.38236,21.218
synthetic/images/img017954.jpg,synthetic_val,2,51623,2,50277,0.186352,-0.45257,0.851896,0.186352,31.4399
synthetic/images/img017988.jpg,synthetic_val,1,15406,1,45515,-0.0191918,0.614137,-0.594945,0.518178,85.02
synthetic/images/img018006.jpg,synthetic_val,0,21661,0,23445,0.760398,-0.308911,0.403961,-0.403961,11.2209
synthetic/images/img018016.jpg,synthetic_val,0,64746,2,16633,0.208885,-0.0298408,0.954905,-0.208885,156.417
synthetic/images/img018080.jpg,synthetic_val,1,17624,1,17624,0.463196,0.871899,-0.0817405,-0.136234,2.21167
synthetic/images/img018093.jpg,synthetic_val,0,36745,0,72301,0.760398,0.261387,0.594061,0.0237624,4.12627
synthetic/images/img018111.jpg,synthetic_val,1,61564,0,03770,0.854321,-0.0800926,-0.0800926,-0.507253,127.017
synthetic/images/img018118.jpg,synthetic_val,2,71067,2,71423,0.488143,0.179842,0.822136,0.231226,4.85805
synthetic/images/img018130.jpg,synthetic_val,1,62173,1,62355,-0.381373,0.717879,0.560843,0.157036,6.57126
synthetic/images/img018134.jpg,synthetic_val,1,25506,1,25555,-0.0312043,0.998538,0.0312043,-0.0312043,26.0626
synthetic/images/img018173.jpg,synthetic_val,1,70616,1,70641,0.0837545,0.893381,0.251263,0.362936,12.1068
synthetic/images/img018314.jpg,synthetic_val,1,26347,1,26342,-0.469192,0.652789,0.550791,-0.224396,4.81969
synthetic/images/img018385.jpg,synthetic_val,3,41220,3,41722,-0.184274,-0.447523,0.236924,0.842397,33.056
synthetic/images/img018492.jpg,synthetic_val,0,17142,0,17310,0.691902,0.627036,-0.151354,-0.324329,20.7341
synthetic/images/img018494.jpg,synthetic_val,0,74474,0,56745,0.689329,0.236957,-0.150791,0.667787,34.8908
synthetic/images/img018507.jpg,synthetic_val,3,46537,3,46535,-0.365528,-0.236518,0.580544,0.688053,3.30333
synthetic/images/img018547.jpg,synthetic_val,0,44204,0,44601,0.582396,-0.527796,-0.418597,0.454997,11.8729
synthetic/images/img018629.jpg,synthetic_val,1,44774,1,47651,-0.201498,0.716438,-0.156721,0.649272,35.077
synthetic/images/img018690.jpg,synthetic_val,2,25743,2,25770,-0.0862083,0.373569,0.919555,-0.0862083,8.5268
synthetic/images/img018700.jpg,synthetic_val,2,23443,2,23446,-0.344214,0.436005,0.734324,-0.390109,8.29301
synthetic/images/img018716.jpg,synthetic_val,2,72573,2,73664,0.348539,0.594567,0.656074,0.307535,9.78432
synthetic/images/img018721.jpg,synthetic_val,1,41632,1,41363,-0.135432,0.866766,-0.46047,0.135432,17.4984
synthetic/images/img018743.jpg,synthetic_val,3,72013,3,72030,0.129488,0.543852,0.0258977,0.828726,7.05711
synthetic/images/img018785.jpg,synthetic_val,3,40017,1,21515,-0.0261087,0.835478,0.0261087,-0.548282,69.7215
synthetic/images/img018830.jpg,synthetic_val,1,47222,1,64157,-0.395135,0.743784,0.0697297,0.534595,16.432
synthetic/images/img018845.jpg,synthetic_val,2,41104,1,70511,0.411152,0.877124,0.0274101,0.246691,102.591
synthetic/images/img018880.jpg,synthetic_val,3,26733,3,24075,-0.596762,0.119352,-0.214834,0.763856,67.3135
synthetic/images/img018894.jpg,synthetic_val,1,06625,1,06627,-0.666887,0.735875,-0.0229961,-0.114981,5.04294
synthetic/images/img018903.jpg,synthetic_val,2,52424,2,52403,0.0837545,-0.362936,0.893381,0.251263,11.5885
synthetic/images/img018936.jpg,synthetic_val,1,42315,3,34170,0.355266,0.136641,-0.300609,0.8745,168.889
synthetic/images/img018946.jpg,synthetic_val,2,73136,2,37372,0.534205,0.571047,0.589468,-0.202629,35.1697
synthetic/images/img018981.jpg,synthetic_val,3,14500,0,14144,0.690612,0.194235,-0.66903,-0.194235,176.306
synthetic/images/img019003.jpg,synthetic_val,1,56124,1,54366,0.205236,0.729727,-0.387667,0.524491,17.255
synthetic/images/img019020.jpg,synthetic_val,2,60304,2,60307,-0.525822,0.275431,0.801253,0.0751175,6.19631
synthetic/images/img019039.jpg,synthetic_val,1,53164,1,53166,0.592723,0.758686,-0.21338,0.165963,4.76906
synthetic/images/img019047.jpg,synthetic_val,3,27150,3,36066,0.024731,0.568812,-0.222579,0.791391,16.8956
synthetic/images/img019075.jpg,synthetic_val,0,50204,3,11632,0.439508,-0.355792,-0.481365,0.669726,95.6274
synthetic/images/img019235.jpg,synthetic_val,1,21645,1,21477,-0.236924,0.842397,0.184274,-0.447523,11.2357
synthetic/images/img019238.jpg,synthetic_val,3,25204,3,21464,-0.379413,0.126471,-0.430001,0.809414,14.1705
synthetic/images/img019243.jpg,synthetic_val,2,16260,2,52634,0.145617,-0.0873704,0.931951,0.320358,79.1922
synthetic/images/img019269.jpg,synthetic_val,3,15376,3,17772,0.669726,-0.023094,-0.069282,0.739008,43.8418
synthetic/images/img019310.jpg,synthetic_val,2,16542,2,16526,0.258625,-0.258625,0.919555,-0.143681,12.1191
synthetic/images/img019348.jpg,synthetic_val,3,63060,3,63223,-0.28004,0.667787,0.0215415,0.689329,24.3786
synthetic/images/img019359.jpg,synthetic_val,1,67663,1,42704,-0.554096,0.770916,-0.168638,0.265003,101.157
synthetic/images/img019430.jpg,synthetic_val,3,12566,3,16013,0.182761,-0.339413,-0.39163,0.835478,12.8614
synthetic/images/img019444.jpg,synthetic_val,3,52213,3,52273,0.211154,-0.0301648,0.150824,0.965275,18.6622
synthetic/images/img019480.jpg,synthetic_val,1,26000,2,46560,-0.458626,-0.219343,0.638089,0.578268,158.55
synthetic/images/img019493.jpg,synthetic_val,3,57257,3,57257,0.501067,-0.108928,0.501067,0.697136,3.94664
synthetic/images/img019495.jpg,synthetic_val,3,14703,3,14721,0.278951,-0.481824,-0.177514,0.811493,8.09891
synthetic/images/img019508.jpg,synthetic_val,1,26555,1,24774,-0.481824,0.811493,0.329669,-0.0253592,13.3642
synthetic/images/img019544.jpg,synthetic_val,0,72414,0,70707,0.859235,0.295362,0.295362,0.295362,23.2138
synthetic/images/img019545.jpg,synthetic_val,0,07103,0,70407,0.93834,0.0879694,0.0879694,0.322554,106.315
synthetic/images/img019572.jpg,synthetic_val,3,24764,0,27504,0.859235,-0.187958,0.456468,-0.134255,97.7543
synthetic/images/img019583.jpg,synthetic_val,1,03071,1,03037,-0.199901,0.71076,-0.199901,-0.644126,6.13197
synthetic/images/img019637.jpg,synthetic_val,0,00147,0,00242,0.569705,-0.551902,-0.373869,-0.480689,27.9865
synthetic/images/img019664.jpg,synthetic_val,2,60202,0,41002,0.699798,-0.328031,-0.634192,0.0218687,13.0686
synthetic/images/img019680.jpg,synthetic_val,3,73057,3,71237,0.544084,0.354837,0.0709674,0.756986,14.4071
synthetic/images/img019717.jpg,synthetic_val,0,70100,0,12352,0.725215,0.294619,-0.113315,-0.6119,84.8479
synthetic/images/img019754.jpg,synthetic_val,3,67353,3,67370,-0.0623513,0.60273,0.436459,0.665081,5.46736
synthetic/images/img019755.jpg,synthetic_val,2,34464,2,61130,-0.0921878,0.153646,0.983336,0.0307293,13.465
synthetic/images/img019807.jpg,synthetic_val,1,65707,1,65370,-0.0740121,0.789462,0.320719,0.518084,15.9647
synthetic/images/img019855.jpg,synthetic_val,3,25326,3,27141,-0.130901,0.445063,-0.287982,0.837765,12.5938
synthetic/images/img019971.jpg,synthetic_val,1,56677,2,17207,0.478148,-0.125828,0.805302,-0.327154,151.064
synthetic/images/img020011.jpg,synthetic_val,2,43133,2,07576,-0.0898429,-0.269529,0.958324,-0.0299476,7.94051
synthetic/images/img020038.jpg,synthetic_val,3,65560,0,06017,0.717879,-0.560843,-0.291638,-0.291638,107.308
synthetic/images/img020052.jpg,synthetic_val,1,54373,1,54360,0.206095,0.732782,-0.435089,0.480888,14.3047
synthetic/images/img020080.jpg,synthetic_val,3,34023,3,34302,0.23627,0.288775,-0.393784,0.840072,21.356
synthetic/images/img020102.jpg,synthetic_val,1,52202,1,06756,-0.505813,0.851896,-0.133109,-0.0266217,62.6782
synthetic/images/img020179.jpg,synthetic_val,3,12373,3,12372,0.296452,-0.022804,-0.615707,0.729727,6.94364
synthetic/images/img020198.jpg,synthetic_val,1,62253,1,62612,-0.533322,0.632085,0.533322,0.177774,7.95493
synthetic/images/img020252.jpg,synthetic_val,2,52262,2,16670,0.153069,-0.0918415,0.979643,-0.0918415,31.082
synthetic/images/img020344.jpg,synthetic_val,0,56230,0,52467,0.8745,0.0819844,-0.245953,0.409922,22.48
synthetic/images/img020416.jpg,synthetic_val,3,31772,0,31401,0.73125,0.434179,0.0228515,-0.525586,157.34
synthetic/images/img020451.jpg,synthetic_val,1,62125,1,62355,-0.381373,0.717879,0.560843,0.157036,16.3932
synthetic/images/img020500.jpg,synthetic_val,0,16711,0,16535,0.856767,0.40161,-0.294514,-0.13387,15.7198
synthetic/images/img020520.jpg,synthetic_val,1,12526,1,21750,-0.0781133,0.833209,0.23434,-0.494718,63.3718
synthetic/images/img020553.jpg,synthetic_val,0,50047,3,11732,0.559871,-0.3282,-0.444035,0.617788,77.3999
synthetic/images/img020561.jpg,synthetic_val,3,53202,3,52313,0.420084,-0.140028,0.0280056,0.896179,3.03329
synthetic/images/img020568.jpg,synthetic_val,2,53751,3,67372,-0.0607955,0.628221,0.425569,0.648486,141.973
synthetic/images/img020607.jpg,synthetic_val,2,27576,2,36467,0.0758825,0.581766,0.809414,-0.0252942,20.1818
synthetic/images/img020675.jpg,synthetic_val,0,50006,3,11155,0.51876,-0.51876,-0.418355,0.535495,91.5137
synthetic/images/img020747.jpg,synthetic_val,3,72250,1,74437,0.162703,0.743784,0.162703,0.627568,24.5332
synthetic/images/img020767.jpg,synthetic_val,0,21336,0,30003,0.715006,0.0670318,0.0670318,-0.692662,35.5254
synthetic/images/img020777.jpg,synthetic_val,1,23362,3,40342,-0.51187,-0.46736,0.111276,0.712167,116.722
synthetic/images/img020824.jpg,synthetic_val,0,40305,0,40243,0.662794,-0.600657,-0.434959,0.103562,16.4194
synthetic/images/img020904.jpg,synthetic_val,3,54574,2,54217,0.161658,-0.484974,0.739008,0.438786,28.5987
synthetic/images/img021012.jpg,synthetic_val,2,51672,2,51663,0.442579,-0.395992,0.745396,0.302817,2.99263
synthetic/images/img021090.jpg,synthetic_val,3,06052,3,06405,-0.630584,-0.326164,-0.108721,0.695817,17.2744
synthetic/images/img021128.jpg,synthetic_val,2,47670,0,06454,0.719328,-0.606933,-0.337185,-0.022479,134.542
synthetic/images/img021133.jpg,synthetic_val,1,25757,1,25747,-0.146114,0.935129,0.321451,-0.0292228,10.8684
synthetic/images/img021170.jpg,synthetic_val,3,53763,3,71140,0.610847,0.0244339,0.122169,0.781884,23.7342
synthetic/images/img021177.jpg,synthetic_val,1,60351,1,61603,-0.348062,0.856767,0.294514,0.240966,15.3875
synthetic/images/img021178.jpg,synthetic_val,1,16717,1,16633,0.208885,0.954905,-0.0298408,-0.208885,28.9289
synthetic/images/img021233.jpg,synthetic_val,0,62320,3,67361,-0.103562,0.600657,0.434959,0.662794,171.994
synthetic/images/img021263.jpg,synthetic_val,1,01063,1,01034,-0.211109,0.614137,-0.518178,-0.556561,5.99791
synthetic/images/img021266.jpg,synthetic_val,3,26463,1,34270,0.136641,0.8745,0.355266,-0.300609,169.377
synthetic/images/img021391.jpg,synthetic_val,0,43403,0,43416,0.844742,-0.29038,-0.343176,0.29038,7.95761
synthetic/images/img021392.jpg,synthetic_val,3,16057,3,16343,0.306147,-0.139158,-0.306147,0.890609,26.581
synthetic/images/img021394.jpg,synthetic_val,1,61777,1,72444,0.0254906,0.8157,0.433341,0.38236,10.2388
synthetic/images/img021438.jpg,synthetic_val,2,20164,2,20420,-0.61522,0.099229,0.635066,-0.456453,15.6566
synthetic/images/img021469.jpg,synthetic_val,3,64163,3,64344,-0.494538,0.193515,0.494538,0.688053,6.12381
synthetic/images/img021473.jpg,synthetic_val,1,52757,3,37107,0.565081,0.39765,-0.272076,0.669726,66.2438
synthetic/images/img021577.jpg,synthetic_val,3,34612,3,34764,0.25205,0.364073,-0.0280056,0.896179,23.0669
synthetic/images/img021704.jpg,synthetic_val,3,21044,3,21610,-0.262575,0.214834,-0.549021,0.763856,26.2617
synthetic/images/img021724.jpg,synthetic_val,1,40632,0,24766,0.758686,-0.545305,0.355634,-0.0237089,32.6014
synthetic/images/img021806.jpg,synthetic_val,1,30462,1,21745,-0.132733,0.849491,0.238919,-0.451292,17.8862
synthetic/images/img021841.jpg,synthetic_val,1,10654,3,71162,0.602279,0.168638,0.120456,0.770916,158.498
synthetic/images/img021879.jpg,synthetic_val,1,60270,0,37120,0.665081,0.519594,0.436459,-0.311757,171.934
synthetic/images/img021883.jpg,synthetic_val,2,25514,0,70461,0.91354,0.0856444,0.142741,0.371126,179.322
synthetic/images/img021893.jpg,synthetic_val,0,45213,0,45023,0.697136,-0.283212,-0.544638,0.370354,12.331
synthetic/images/img021986.jpg,synthetic_val,1,41676,1,43650,-0.297951,0.866766,-0.189605,0.352124,25.4318
synthetic/images/img022004.jpg,synthetic_val,3,25257,3,25275,-0.244497,0.353162,-0.244497,0.869321,6.22095
synthetic/images/img022009.jpg,synthetic_val,2,36025,2,34276,0.135831,0.407494,0.869321,-0.244497,20.6456
synthetic/images/img022065.jpg,synthetic_val,2,34523,2,34524,0.26482,0.147122,0.941584,-0.147122,9.16531
synthetic/images/img022067.jpg,synthetic_val,1,50353,1,50334,0.328824,0.809414,-0.480589,0.0758825,9.05762
synthetic/images/img022104.jpg,synthetic_val,2,13765,2,13614,0.474948,-0.158316,0.72373,-0.474948,22.467
synthetic/images/img022115.jpg,synthetic_val,0,23756,0,22777,0.632085,-0.335795,0.612333,-0.335795,29.8577
synthetic/images/img022137.jpg,synthetic_val,0,70770,0,70777,0.776342,0.36391,0.36391,0.36391,6.93306
synthetic/images/img022231.jpg,synthetic_val,3,13642,3,13644,0.418384,-0.172276,-0.418384,0.787547,7.07912
synthetic/images/img022412.jpg,synthetic_val,1,37735,2,34133,0.384363,0.179369,0.819974,-0.384363,70.7851
synthetic/images/img022425.jpg,synthetic_val,0,61177,0,61157,0.972379,-0.0303869,0.0911606,0.212708,16.384
synthetic/images/img022541.jpg,synthetic_val,2,76702,1,76607,0.0601083,0.641155,0.540975,0.540975,20.6844
synthetic/images/img022562.jpg,synthetic_val,3,03561,3,03572,-0.0781133,-0.23434,-0.494718,0.833209,8.81016
synthetic/images/img022580.jpg,synthetic_val,3,26355,1,23516,-0.0700331,0.74702,0.443543,-0.490232,177.676
synthetic/images/img022612.jpg,synthetic_val,1,15672,1,17450,0.509475,0.776342,-0.36391,-0.0727821,3.32441
synthetic/images/img022635.jpg,synthetic_val,0,63731,0,63533,0.791391,-0.024731,0.568812,0.222579,13.1552
synthetic/images/img022651.jpg,synthetic_val,0,01473,2,12525,0.266242,-0.266242,0.774521,-0.508279,177.952
synthetic/images/img022679.jpg,synthetic_val,1,23713,1,23730,-0.061199,0.652789,0.59159,-0.469192,8.38293
synthetic/images/img022689.jpg,synthetic_val,2,27532,2,36460,0.0260378,0.546793,0.833209,-0.0781133,18.0019
synthetic/images/img022746.jpg,synthetic_val,1,25726,1,25726,-0.19245,0.879772,0.412393,-0.137464,4.33385
synthetic/images/img022750.jpg,synthetic_val,1,14775,1,50334,0.328824,0.809414,-0.480589,0.0758825,12.8648
synthetic/images/img022807.jpg,synthetic_val,1,12721,1,30520,0.220963,0.785646,0.122757,-0.564683,22.1864
synthetic/images/img022845.jpg,synthetic_val,3,34544,3,16762,0.269529,-0.0299476,-0.0898429,0.958324,8.72095
synthetic/images/img022867.jpg,synthetic_val,3,41207,3,41231,-0.234978,-0.496065,0.0261087,0.835478,10.3195
synthetic/images/img022870.jpg,synthetic_val,0,74003,0,74042,0.833209,0.0260378,0.0781133,0.546793,14.2668
synthetic/images/img022888.jpg,synthetic_val,0,16343,0,16355,0.861723,0.403933,-0.188502,-0.24236,15.0582
synthetic/images/img022929.jpg,synthetic_val,2,33542,1,55477,0.410518,0.571155,-0.446215,0.553307,170.816
synthetic/images/img022945.jpg,synthetic_val,0,24445,0,66041,0.628176,-0.569284,0.333718,0.41224,64.2105
synthetic/images/img023082.jpg,synthetic_val,3,43070,3,43033,-0.261226,-0.261226,0.0290252,0.928805,16.6955
synthetic/images/img023085.jpg,synthetic_val,0,61365,0,61356,0.922608,-0.0864945,0.317146,0.20182,7.85276
synthetic/images/img023117.jpg,synthetic_val,1,52076,1,52211,0.208885,0.954905,-0.208885,0.0298408,18.2454
synthetic/images/img023135.jpg,synthetic_val,2,63742,2,63717,-0.023094,0.623538,0.739008,0.254034,16.5364
synthetic/images/img023210.jpg,synthetic_val,2,32061,3,01666,-0.350931,-0.397722,-0.397722,0.748653,51.4456
synthetic/images/img023249.jpg,synthetic_val,0,74135,0,74151,0.778177,0.36477,0.024318,0.510678,10.6004
synthetic/images/img023254.jpg,synthetic_val,3,32554,3,37450,0.500142,0.404877,-0.0714488,0.762121,44.1534
synthetic/images/img023274.jpg,synthetic_val,1,16376,1,52011,0.19422,0.887862,-0.416185,0.0277457,59.3924
synthetic/images/img023358.jpg,synthetic_val,3,47140,2,47103,-0.128799,-0.334878,0.824315,0.437917,51.4666
synthetic/images/img023402.jpg,synthetic_val,3,01650,3,01636,-0.254034,-0.392598,-0.484974,0.739008,14.1584
synthetic/images/img023432.jpg,synthetic_val,0,34507,0,34504,0.951522,0.267615,0.0297351,-0.148675,7.33229
synthetic/images/img023447.jpg,synthetic_val,3,35035,2,52612,0.147122,-0.147122,0.941584,0.26482,173.975
synthetic/images/img023472.jpg,synthetic_val,3,47330,3,43734,-0.0879694,-0.0879694,0.322554,0.93834,16.7047
synthetic/images/img023609.jpg,synthetic_val,1,35242,2,32522,0.193515,0.494538,0.688053,-0.494538,67.5686
synthetic/images/img023614.jpg,synthetic_val,1,61356,1,25703,-0.143208,0.916533,0.315058,-0.200492,48.4181
synthetic/images/img023617.jpg,synthetic_val,3,14210,3,16211,0.190728,-0.190728,-0.408703,0.871899,42.8016
synthetic/images/img023619.jpg,synthetic_val,2,71062,2,71423,0.488143,0.179842,0.822136,0.231226,10.7441
synthetic/images/img023626.jpg,synthetic_val,0,16475,0,16615,0.944862,0.206689,-0.206689,-0.147635,18.0949
synthetic/images/img023672.jpg,synthetic_val,3,61352,1,61170,-0.0911606,0.972379,0.151934,0.151934,124.968
synthetic/images/img023705.jpg,synthetic_val,1,06406,0,07070,0.859235,-0.295362,-0.295362,-0.295362,97.122
synthetic/images/img023733.jpg,synthetic_val,2,72652,2,63231,-0.203967,0.657226,0.725215,0.022663,47.8036
synthetic/images/img023754.jpg,synthetic_val,2,42744,2,42645,-0.627036,-0.151354,0.691902,0.324329,12.2463
synthetic/images/img023819.jpg,synthetic_val,3,43310,1,50402,0.022663,0.725215,-0.657226,0.203967,178.097
synthetic/images/img023852.jpg,synthetic_val,0,36036,0,36076,0.785646,0.122757,0.564683,-0.220963,12.6639
synthetic/images/img023869.jpg,synthetic_val,3,43401,3,43040,-0.387427,-0.387427,0.129142,0.826512,11.3405
synthetic/images/img023880.jpg,synthetic_val,2,61477,1,62044,-0.643187,0.663935,0.352715,0.145236,98.7752
synthetic/images/img023900.jpg,synthetic_val,2,65530,2,65526,-0.162703,0.162703,0.743784,0.627568,10.9553
synthetic/images/img023903.jpg,synthetic_val,3,36727,2,35300,0.565414,0.203549,0.72373,-0.339248,175.962
synthetic/images/img023927.jpg,synthetic_val,3,06350,3,02775,-0.423547,-0.0747435,-0.423547,0.797264,18.5814
synthetic/images/img023953.jpg,synthetic_val,2,27765,2,27547,-0.133109,0.505813,0.851896,-0.0266217,24.838
synthetic/images/img023973.jpg,synthetic_val,3,26550,3,24772,-0.472205,0.372793,-0.0745586,0.795292,6.70947
synthetic/images/img023994.jpg,synthetic_val,1,21521,0,05417,0.720787,-0.202721,-0.653213,-0.112623,148.97
synthetic/images/img024016.jpg,synthetic_val,0,43137,0,43137,0.958324,-0.0299476,-0.269529,0.0898429,1.76379
synthetic/images/img024030.jpg,synthetic_val,1,46023,0,24220,0.656074,-0.635572,0.26653,-0.307535,12.457
synthetic/images/img024071.jpg,synthetic_val,1,32672,1,32621,0.061199,0.652789,0.59159,-0.469192,9.96663
synthetic/images/img024117.jpg,synthetic_val,3,13465,3,13644,0.418384,-0.172276,-0.418384,0.787547,11.1782
synthetic/images/img024207.jpg,synthetic_val,1,72253,1,72600,0.0240354,0.769133,0.600885,0.216319,19.4785
synthetic/images/img024215.jpg,synthetic_val,2,07356,3,43106,-0.197911,-0.367549,0.0848189,0.904735,169.734
synthetic/images/img024216.jpg,synthetic_val,3,76635,3,76255,0.148333,0.529761,0.48738,0.678094,7.21987
synthetic/images/img024285.jpg,synthetic_val,0,47234,0,47300,0.851896,-0.186352,-0.186352,0.45257,18.8175
synthetic/images/img024313.jpg,synthetic_val,0,66350,0,62145,0.753619,-0.494563,0.40036,0.164854,37.8658
synthetic/images/img024370.jpg,synthetic_val,1,74007,1,74032,0.134255,0.859235,0.187958,0.456468,13.6761
synthetic/images/img024441.jpg,synthetic_val,2,76161,2,75151,0.629255,0.0202986,0.649554,0.42627,71.7392
synthetic/images/img024455.jpg,synthetic_val,2,53041,1,52271,0.21039,0.961781,-0.090167,0.150278,143.019
synthetic/images/img024536.jpg,synthetic_val,0,42161,0,42225,0.737437,-0.668302,-0.0691347,0.0691347,29.5077
synthetic/images/img024596.jpg,synthetic_val,1,31261,0,51077,0.678094,0.48738,-0.529761,0.148333,137.413
synthetic/images/img024615.jpg,synthetic_val,3,60654,3,60441,-0.642859,0.0221676,0.288178,0.709362,21.3585
synthetic/images/img024625.jpg,synthetic_val,2,14752,2,14576,0.304808,-0.58617,0.750298,-0.0234468,11.1545
synthetic/images/img024654.jpg,synthetic_val,0,65010,0,65021,0.824315,-0.334878,0.128799,0.437917,14.0576
synthetic/images/img024663.jpg,synthetic_val,1,35231,1,31556,0.623548,0.688053,0.0645049,-0.365528,31.0283
synthetic/images/img024709.jpg,synthetic_val,1,05357,3,03751,-0.0263982,-0.184787,-0.501565,0.844742,171.893
synthetic/images/img024717.jpg,synthetic_val,0,04640,0,04502,0.647423,-0.465335,-0.586727,-0.141624,23.9044
synthetic/images/img024799.jpg,synthetic_val,1,10374,1,11066,0.335795,0.632085,-0.493817,-0.493817,14.3823
synthetic/images/img024835.jpg,synthetic_val,3,73517,3,73530,0.59357,0.429826,0.184211,0.654974,7.89533
synthetic/images/img024836.jpg,synthetic_val,1,33545,1,35346,0.581081,0.743784,0.255676,-0.209189,20.1486
synthetic/images/img024897.jpg,synthetic_val,2,73655,3,53431,0.549021,-0.262575,0.214834,0.763856,119.724
synthetic/images/img024940.jpg,synthetic_val,3,03531,3,03055,-0.203549,-0.339248,-0.565414,0.72373,21.4839
synthetic/images/img024955.jpg,synthetic_val,0,73415,2,13053,0.464575,-0.262586,0.646366,-0.545371,144.608
synthetic/images/img024969.jpg,synthetic_val,3,47537,1,43463,-0.342224,0.842397,-0.236924,0.342224,172.465
synthetic/images/img024999.jpg,synthetic_val,1,25641,1,21746,-0.181772,0.830959,0.285642,-0.441447,49.6592
synthetic/images/img025050.jpg,synthetic_val,2,61251,2,61350,-0.0888913,0.266674,0.948174,0.148152,19.4356
synthetic/images/img025105.jpg,synthetic_val,1,61345,1,61700,-0.199189,0.910577,0.2561,0.2561,9.53387
synthetic/images/img025287.jpg,synthetic_val,2,17356,0,27374,0.72373,-0.0678497,0.65588,-0.203549,11.1199
synthetic/images/img025317.jpg,synthetic_val,1,52530,1,52503,0.294514,0.856767,-0.348062,0.240966,6.2279
synthetic/images/img025325.jpg,synthetic_val,0,42257,0,03412,0.745396,-0.25623,-0.302817,-0.535754,93.6931
synthetic/images/img025341.jpg,synthetic_val,1,72043,1,72142,0.233079,0.828726,0.492056,0.129488,20.2726
synthetic/images/img025343.jpg,synthetic_val,0,44051,0,40554,0.631101,-0.374716,-0.611379,0.295829,15.6035
synthetic/images/img025360.jpg,synthetic_val,2,23332,1,15022,0.365528,0.688053,-0.537541,-0.322525,153.715
synthetic/images/img025443.jpg,synthetic_val,2,72142,2,72530,0.313914,0.507093,0.772712,0.217325,13.7185
synthetic/images/img025451.jpg,synthetic_val,3,77014,1,45270,-0.249293,0.725215,-0.430597,0.475923,143.139
synthetic/images/img025460.jpg,synthetic_val,0,13027,0,13025,0.660531,0.39219,-0.227058,-0.598607,3.89878
synthetic/images/img025520.jpg,synthetic_val,3,04261,3,06414,-0.603286,-0.335159,-0.11172,0.715006,15.2119
synthetic/images/img025535.jpg,synthetic_val,0,24141,0,07226,0.849491,-0.398199,-0.0265466,-0.345106,19.613
synthetic/images/img025550.jpg,synthetic_val,1,01654,1,01654,-0.248275,0.722254,-0.51912,-0.383697,1.49275
synthetic/images/img025621.jpg,synthetic_val,0,25465,0,27665,0.709362,-0.288178,0.642859,-0.0221676,62.4109
synthetic/images/img025663.jpg,synthetic_val,2,50106,2,50013,0.159961,-0.662695,0.73125,0.0228515,10.0094
synthetic/images/img025672.jpg,synthetic_val,2,25756,2,34607,0.0873704,0.320358,0.931951,-0.145617,24.3483
synthetic/images/img025700.jpg,synthetic_val,1,16410,2,54366,0.205236,-0.387667,0.729727,0.524491,85.6543
synthetic/images/img025773.jpg,synthetic_val,0,25702,0,25176,0.93834,-0.0879694,0.205262,-0.263908,17.0276
synthetic/images/img025827.jpg,synthetic_val,3,45463,3,45340,-0.154869,-0.508855,0.464606,0.707972,19.7685
synthetic/images/img025854.jpg,synthetic_val,2,34537,1,36455,0.189605,0.866766,0.46047,-0.0270864,98.171
synthetic/images/img025877.jpg,synthetic_val,3,05125,2,04220,-0.611379,-0.374716,0.631101,-0.295829,168.383
synthetic/images/img025889.jpg,synthetic_val,0,35247,0,35225,0.770916,0.457732,0.313185,-0.313185,9.74355
synthetic/images/img026031.jpg,synthetic_val,2,30543,0,37174,0.654974,0.59357,0.429826,-0.184211,96.6037
synthetic/images/img026076.jpg,synthetic_val,0,00766,3,65546,-0.154869,0.0663723,0.685847,0.707972,99.45
synthetic/images/img026107.jpg,synthetic_val,2,15447,2,14511,0.315597,-0.652234,0.673274,-0.147279,18.2189
synthetic/images/img026156.jpg,synthetic_val,1,34223,1,34222,0.0260378,0.833209,0.390567,-0.390567,7.54839
synthetic/images/img026161.jpg,synthetic_val,2,41747,2,45235,-0.210559,-0.444513,0.748653,0.444513,14.3574
synthetic/images/img026244.jpg,synthetic_val,0,03011,0,03011,0.668555,-0.188031,-0.313385,-0.647663,0.6916
synthetic/images/img026259.jpg,synthetic_val,1,25771,1,61707,-0.139158,0.890609,0.306147,0.306147,49.3922
synthetic/images/img026288.jpg,synthetic_val,1,55735,1,55723,0.52282,0.619639,-0.329183,0.484093,7.74477
synthetic/images/img026383.jpg,synthetic_val,0,35754,1,37545,0.597351,0.707972,0.37611,-0.0221241,24.4389
synthetic/images/img026418.jpg,synthetic_val,0,35117,2,30272,0.11172,0.335159,0.715006,-0.603286,115.508
synthetic/images/img026443.jpg,synthetic_val,1,04667,2,57436,0.44028,-0.188691,0.670902,0.566074,95.7843
synthetic/images/img026461.jpg,synthetic_val,2,70643,2,70610,0.143681,0.258625,0.919555,0.258625,14.0533
synthetic/images/img026465.jpg,synthetic_val,2,50114,1,04550,-0.391524,0.659408,-0.638802,-0.0618195,13.4042
synthetic/images/img026560.jpg,synthetic_val,3,47503,3,47506,-0.157672,-0.29282,0.608164,0.720787,3.58363
synthetic/images/img026608.jpg,synthetic_val,2,36213,2,36263,0.0652328,0.674072,0.695817,-0.239187,15.5159
synthetic/images/img026641.jpg,synthetic_val,1,26726,2,24577,-0.46047,0.189605,0.866766,-0.0270864,59.3088
synthetic/images/img026769.jpg,synthetic_val,0,70367,0,70346,0.896179,0.25205,0.308062,0.196039,15.0849
synthetic/images/img026806.jpg,synthetic_val,0,30514,0,30165,0.755297,0.259633,0.118015,-0.590076,17.8549
synthetic/images/img026853.jpg,synthetic_val,2,73400,0,17656,0.828726,0.543852,-0.129488,-0.0258977,123.34
synthetic/images/img026898.jpg,synthetic_val,1,30465,2,76162,0.197576,0.504916,0.702491,0.46101,141.085
synthetic/images/img026910.jpg,synthetic_val,3,00306,3,00342,-0.440762,-0.402435,-0.517416,0.613234,2.61901
synthetic/images/img027037.jpg,synthetic_val,0,36206,0,36200,0.739008,0.023094,0.57735,-0.34641,6.2288
synthetic/images/img027064.jpg,synthetic_val,0,61027,0,60136,0.842397,-0.500173,0.184274,0.0789747,16.4335
synthetic/images/img027065.jpg,synthetic_val,3,20011,0,37606,0.703849,0.37392,0.593873,-0.109976,79.6555
synthetic/images/img027095.jpg,synthetic_val,2,72525,2,72002,0.0268511,0.510171,0.859235,0.0268511,41.278
synthetic/images/img027107.jpg,synthetic_val,0,05373,0,14225,0.809414,0.0758825,-0.480589,-0.328824,12.72
synthetic/images/img027178.jpg,synthetic_val,2,62221,0,41003,0.709362,-0.288178,-0.642859,0.0221676,37.1727
synthetic/images/img027202.jpg,synthetic_val,3,07116,3,07075,-0.248946,-0.304267,-0.248946,0.88514,21.9799
synthetic/images/img027219.jpg,synthetic_val,3,00354,3,00142,-0.411568,-0.518934,-0.483145,0.572617,11.7064
synthetic/images/img027236.jpg,synthetic_val,2,60137,2,05766,-0.189605,-0.46047,0.866766,-0.0270864,81.4676
synthetic/images/img027244.jpg,synthetic_val,2,12255,1,56133,0.372793,0.795292,-0.223676,0.422499,123.129
synthetic/images/img027319.jpg,synthetic_val,0,13606,0,13427,0.732782,0.435089,-0.206095,-0.480888,11.1977
synthetic/images/img027327.jpg,synthetic_val,0,40640,2,46246,-0.61522,-0.099229,0.635066,0.456453,119.013
synthetic/images/img027343.jpg,synthetic_val,2,24501,2,40256,-0.570097,-0.443409,0.675671,0.147803,68.487
synthetic/images/img027470.jpg,synthetic_val,2,37703,2,34353,0.388465,0.284875,0.828726,-0.284875,42.8071
synthetic/images/img027473.jpg,synthetic_val,1,52145,1,52101,0.29708,0.864234,-0.40511,0.0270073,20.2625
synthetic/images/img027492.jpg,synthetic_val,0,27101,0,25323,0.826512,-0.129142,0.387427,-0.387427,3.86147
synthetic/images/img027551.jpg,synthetic_val,1,50513,1,50137,0.345674,0.737437,-0.576123,0.0691347,18.1476
synthetic/images/img027572.jpg,synthetic_val,1,07515,1,14663,0.0822304,0.877124,-0.465972,-0.0822304,17.5834
synthetic/images/img027611.jpg,synthetic_val,0,00023,2,56512,0.291638,-0.291638,0.717879,0.560843,145.976
synthetic/images/img027620.jpg,synthetic_val,0,05547,3,41553,-0.0221676,-0.642859,0.288178,0.709362,159.941
synthetic/images/img027659.jpg,synthetic_val,1,35647,1,71200,0.455158,0.856767,0.240966,0.026774,10.2682
synthetic/images/img027810.jpg,synthetic_val,2,12274,1,71077,0.566049,0.787547,0.172276,0.172276,174.856
synthetic/images/img027905.jpg,synthetic_val,3,36443,1,72024,0.0260378,0.833209,0.546793,0.0781133,123.966
synthetic/images/img027923.jpg,synthetic_val,1,57105,1,55723,0.52282,0.619639,-0.329183,0.484093,9.80364
synthetic/images/img027970.jpg,synthetic_val,1,64731,1,64133,-0.418384,0.787547,0.172276,0.418384,25.1413
synthetic/images/img028119.jpg,synthetic_val,0,14624,0,14661,0.854321,0.0800926,-0.507253,-0.0800926,8.51692
synthetic/images/img028144.jpg,synthetic_val,1,07260,3,56221,0.0822304,-0.0822304,0.465972,0.877124,131.661
synthetic/images/img028176.jpg,synthetic_val,0,21445,0,03666,0.8157,-0.38236,-0.0254906,-0.433341,9.63501
synthetic/images/img028238.jpg,synthetic_val,1,05723,1,05367,-0.132733,0.849491,-0.451292,-0.238919,6.39004
synthetic/images/img028244.jpg,synthetic_val,2,46056,0,07231,0.8745,-0.245953,-0.0819844,-0.409922,99.1979
synthetic/images/img028264.jpg,synthetic_val,2,27321,0,70241,0.948174,0.0888913,0.266674,0.148152,168.602
synthetic/images/img028305.jpg,synthetic_val,0,30241,0,32045,0.725215,0.0679889,0.385271,-0.566575,23.2604
synthetic/images/img028328.jpg,synthetic_val,1,03415,1,03340,-0.162703,0.743784,-0.162703,-0.627568,28.5678
synthetic/images/img028340.jpg,synthetic_val,2,23227,3,10133,0.281718,-0.46953,-0.582217,0.600999,14.1974
synthetic/images/img028392.jpg,synthetic_val,1,55226,1,53040,0.430001,0.809414,-0.379413,0.126471,36.4172
synthetic/images/img028454.jpg,synthetic_val,2,60075,2,60165,-0.535303,0.127453,0.8157,0.178434,9.55188
synthetic/images/img028462.jpg,synthetic_val,0,61121,0,61132,0.972379,-0.0911606,0.212708,0.0303869,10.0304
synthetic/images/img028512.jpg,synthetic_val,1,30111,1,10720,0.201498,0.716438,-0.425385,-0.51494,56.5829
synthetic/images/img028552.jpg,synthetic_val,1,30217,2,40242,-0.626167,-0.424178,0.646366,0.100995,146.289
synthetic/images/img028553.jpg,synthetic_val,0,60435,0,60507,0.801253,-0.525822,0.0751175,0.275431,10.2256
synthetic/images/img028593.jpg,synthetic_val,1,12114,1,12210,0.11019,0.705215,-0.154266,-0.683177,25.7419
synthetic/images/img028614.jpg,synthetic_val,1,42320,3,60554,-0.473376,0.0249145,0.373718,0.797264,149.08
synthetic/images/img028671.jpg,synthetic_val,2,71337,0,72201,0.785646,0.0736543,0.613786,0.0245514,35.1033
synthetic/images/img028682.jpg,synthetic_val,3,61007,1,61041,-0.372342,0.916533,0.0286417,0.143208,140.435
synthetic/images/img028710.jpg,synthetic_val,3,16131,3,16136,0.342224,-0.236924,-0.342224,0.842397,7.74454
synthetic/images/img028711.jpg,synthetic_val,2,74232,0,24315,0.809414,-0.430001,0.227648,-0.328824,179.221
synthetic/images/img028724.jpg,synthetic_val,1,03566,3,46114,-0.427967,-0.337869,0.427967,0.720787,99.6646
synthetic/images/img028888.jpg,synthetic_val,1,04356,1,07712,-0.090167,0.961781,-0.150278,-0.21039,63.0438
synthetic/images/img028921.jpg,synthetic_val,0,71073,1,71056,0.538108,0.819974,0.0768726,0.179369,42.2867
synthetic/images/img028940.jpg,synthetic_val,0,02623,1,64400,-0.606678,0.626248,0.0195703,0.489256,6.73274
synthetic/images/img028985.jpg,synthetic_val,3,43027,3,43003,-0.352124,-0.352124,0.0270864,0.866766,12.3768
synthetic/images/img029009.jpg,synthetic_val,1,55241,1,57000,0.397722,0.748653,-0.350931,0.397722,16.6806
synthetic/images/img029027.jpg,synthetic_val,3,53535,0,56440,0.699798,0.0218687,-0.328031,0.634192,69.931
synthetic/images/img029045.jpg,synthetic_val,0,64101,0,64101,0.763856,-0.50128,0.0238705,0.405798,1.08646
synthetic/images/img029053.jpg,synthetic_val,1,40764,1,13566,0.55638,0.712167,-0.200297,-0.378339,160.2
synthetic/images/img029096.jpg,synthetic_val,2,00362,2,00243,-0.526403,-0.381189,0.580859,-0.4901,10.3595
synthetic/images/img029133.jpg,synthetic_val,1,71305,1,71355,0.674072,0.695817,0.195698,0.15221,10.3576
synthetic/images/img029253.jpg,synthetic_val,2,07750,2,07702,-0.206689,-0.147635,0.944862,-0.206689,18.2229
synthetic/images/img029259.jpg,synthetic_val,3,60256,3,60067,-0.654542,0.157993,0.157993,0.722254,13.5535
synthetic/images/img029275.jpg,synthetic_val,1,15243,3,13035,0.458626,-0.219343,-0.578268,0.638089,160.42
synthetic/images/img029279.jpg,synthetic_val,1,12350,3,42154,-0.466477,-0.368271,0.17186,0.785646,51.9822
synthetic/images/img029307.jpg,synthetic_val,1,27461,1,27506,-0.183261,0.837765,0.497423,-0.130901,16.115
synthetic/images/img029339.jpg,synthetic_val,0,07675,0,07671,0.954905,-0.268567,-0.0895223,-0.0895223,6.0285
synthetic/images/img029407.jpg,synthetic_val,2,70723,2,70762,0.232456,0.387427,0.826512,0.33577,13.4118
synthetic/images/img029430.jpg,synthetic_val,1,16523,1,16166,0.252845,0.899004,-0.252845,-0.252845,9.30247
synthetic/images/img029610.jpg,synthetic_val,1,62714,1,62355,-0.381373,0.717879,0.560843,0.157036,10.2306
synthetic/images/img029628.jpg,synthetic_val,1,34335,1,34315,0.387427,0.826512,0.232456,-0.33577,12.9506
synthetic/images/img029648.jpg,synthetic_val,1,15711,0,51121,0.642187,0.541845,-0.541845,0.0200683,21.6211
synthetic/images/img029658.jpg,synthetic_val,1,70063,1,70033,0.208885,0.954905,0.208885,0.0298408,19.834
synthetic/images/img029703.jpg,synthetic_val,1,47124,1,47127,-0.129488,0.828726,-0.233079,0.492056,7.69787
synthetic/images/img029714.jpg,synthetic_val,1,46224,1,64001,-0.624704,0.689329,0.0215415,0.366206,9.66522
synthetic/images/img029716.jpg,synthetic_val,2,51753,2,53543,0.590455,-0.284293,0.699798,0.284293,17.1682
synthetic/images/img029760.jpg,synthetic_val,1,35000,1,33006,0.338985,0.638089,0.378865,-0.578268,52.7838
synthetic/images/img029768.jpg,synthetic_val,0,23143,0,23043,0.669726,-0.272076,0.39765,-0.565081,20.0623
synthetic/images/img029808.jpg,synthetic_val,0,42651,0,60502,0.789462,-0.567426,0.0740121,0.222036,29.3987
synthetic/images/img029830.jpg,synthetic_val,0,25474,0,07665,0.922608,-0.374809,-0.0864945,-0.0288315,25.4593
synthetic/images/img029931.jpg,synthetic_val,3,56765,2,56210,0.134255,-0.187958,0.859235,0.456468,38.5932
synthetic/images/img029982.jpg,synthetic_val,0,53260,2,52604,0.0289278,-0.202495,0.925691,0.318206,166.346
synthetic/images/img029995.jpg,synthetic_val,1,65324,1,67305,-0.110838,0.709362,0.554189,0.421184,26.4953
synthetic/images/img030030.jpg,synthetic_val,0,41032,2,44672,-0.502853,-0.316611,0.595974,0.540102,101.803
synthetic/images/img030033.jpg,synthetic_val,1,45573,1,55662,0.343944,0.647423,-0.343944,0.586727,45.1515
synthetic/images/img030041.jpg,synthetic_val,0,54073,2,24030,-0.603286,0.11172,0.715006,-0.335159,40.6384
synthetic/images/img030088.jpg,synthetic_val,0,52622,0,61145,0.965275,-0.150824,0.0301648,0.211154,22.1203
synthetic/images/img030110.jpg,synthetic_val,2,36320,0,60735,0.799251,-0.424602,0.324696,0.274743,177.414
synthetic/images/img030137.jpg,synthetic_val,2,13252,0,74136,0.799251,0.324696,0.174836,0.474555,161.414
synthetic/images/img030209.jpg,synthetic_val,0,74602,0,65536,0.751953,-0.0704956,0.16449,0.63446,14.4656
synthetic/images/img030230.jpg,synthetic_val,1,03064,2,64045,-0.592578,0.0204337,0.653879,0.469975,154.913
synthetic/images/img030342.jpg,synthetic_val,0,61147,0,61145,0.965275,-0.150824,0.0301648,0.211154,6.24456
synthetic/images/img030367.jpg,synthetic_val,1,16363,1,34107,0.302422,0.879772,0.0824786,-0.357407,13.6902
synthetic/images/img030417.jpg,synthetic_val,3,36714,1,70374,0.346083,0.851896,0.346083,0.186352,90.7945
synthetic/images/img030435.jpg,synthetic_val,3,44064,3,44016,-0.49669,-0.533481,0.349522,0.588669,11.5443
synthetic/images/img030437.jpg,synthetic_val,0,03306,0,07316,0.91354,-0.0856444,-0.142741,-0.371126,40.049
synthetic/images/img030445.jpg,synthetic_val,1,07710,1,07466,-0.411152,0.877124,-0.246691,-0.0274101,43.9011
synthetic/images/img030535.jpg,synthetic_val,0,35423,0,35401,0.844742,0.501565,0.0263982,-0.184787,17.0439
synthetic/images/img030606.jpg,synthetic_val,2,56033,2,07555,-0.028273,-0.424094,0.904735,-0.028273,64.1884
synthetic/images/img030610.jpg,synthetic_val,3,35445,3,53207,0.504385,-0.132733,0.0796398,0.849491,21.8228
synthetic/images/img030637.jpg,synthetic_val,1,35224,1,43377,-0.0304997,0.975991,-0.0304997,0.213498,95.6816
synthetic/images/img030750.jpg,synthetic_val,2,17331,1,74417,0.16449,0.751953,0.0704956,0.63446,169.396
synthetic/images/img030899.jpg,synthetic_val,1,41266,3,07411,-0.24236,-0.403933,-0.188502,0.861723,177.785
synthetic/images/img030974.jpg,synthetic_val,1,01723,1,03437,-0.223125,0.793334,-0.223125,-0.520626,22.8072
synthetic/images/img031002.jpg,synthetic_val,3,76071,2,70351,0.407494,0.244497,0.869321,0.135831,91.9683
synthetic/images/img031029.jpg,synthetic_val,0,73160,0,75030,0.758686,0.497888,0.118545,0.403052,53.8166
synthetic/images/img031045.jpg,synthetic_val,3,07442,3,07411,-0.24236,-0.403933,-0.188502,0.861723,22.5076
synthetic/images/img031080.jpg,synthetic_val,0,46250,2,45676,-0.224771,-0.347373,0.653879,0.633445,153.5
synthetic/images/img031218.jpg,synthetic_val,2,63153,2,71121,0.640141,0.118545,0.758686,0.0237089,91.0538
synthetic/images/img031245.jpg,synthetic_val,2,15727,2,51375,0.633445,-0.388241,0.653879,0.143036,31.5471
synthetic/images/img031304.jpg,synthetic_val,1,25654,1,61307,-0.145617,0.931951,0.320358,0.0873704,21.3686
synthetic/images/img031323.jpg,synthetic_val,1,34602,1,34247,0.0853666,0.910577,0.313011,-0.2561,11.0359
synthetic/images/img031365.jpg,synthetic_val,1,61503,3,61711,-0.0290252,0.261226,0.261226,0.928805,119.359
synthetic/images/img031457.jpg,synthetic_val,2,10154,3,25265,-0.342224,0.342224,-0.236924,0.842397,69.8238
synthetic/images/img031546.jpg,synthetic_val,1,53033,1,33065,0.38378,0.646366,0.424178,-0.504973,102.646
synthetic/images/img031608.jpg,synthetic_val,1,71423,3,47237,-0.234978,-0.0261087,0.496065,0.835478,164.686
synthetic/images/img031640.jpg,synthetic_val,2,14767,0,16640,0.972379,0.0303869,-0.212708,-0.0911606,166.682
synthetic/images/img031646.jpg,synthetic_val,0,63024,1,30702,0.214834,0.763856,0.262575,-0.549021,177.47
synthetic/images/img031689.jpg,synthetic_val,1,32516,3,62160,-0.51187,0.46736,0.111276,0.712167,167.168
synthetic/images/img031700.jpg,synthetic_val,0,03263,0,05424,0.715006,-0.335159,-0.603286,-0.11172,91.7968
synthetic/images/img031702.jpg,synthetic_val,2,34127,1,36126,0.211955,0.753619,0.541664,-0.306158,78.913
synthetic/images/img031729.jpg,synthetic_val,0,20146,0,70416,0.931951,0.145617,0.0873704,0.320358,133.522
synthetic/images/img031737.jpg,synthetic_val,3,54574,2,64173,-0.40036,0.164854,0.753619,0.494563,112.561
synthetic/images/img031791.jpg,synthetic_val,2,15711,2,71540,0.58617,0.0234468,0.750298,0.304808,76.3455
synthetic/images/img031804.jpg,synthetic_val,2,06117,3,04340,-0.490028,-0.490028,-0.234361,0.681778,176.951
synthetic/images/img031806.jpg,synthetic_val,3,37544,3,73006,0.414388,0.463139,0.0731272,0.780024,24.2882
synthetic/images/img031931.jpg,synthetic_val,0,51410,3,01011,-0.163582,-0.56345,-0.56345,0.581626,167.415
synthetic/images/img031940.jpg,synthetic_val,0,56015,3,47041,-0.301511,-0.347898,0.487057,0.742182,164.419
synthetic/images/img031979.jpg,synthetic_val,3,21761,3,21306,-0.155173,0.243843,-0.642859,0.709362,24.7186
synthetic/images/img031991.jpg,synthetic_val,2,43705,0,43725,0.931951,-0.145617,-0.0873704,0.320358,170.517
synthetic/images/img032000.jpg,synthetic_val,2,73254,0,73441,0.745396,0.442579,0.395992,0.302817,51.291
synthetic/images/img032002.jpg,synthetic_val,0,67015,0,67130,0.762121,-0.0714488,0.500142,0.404877,20.8118
synthetic/images/img032051.jpg,synthetic_val,0,43173,0,52211,0.954905,0.208885,-0.208885,0.0298408,34.2187
synthetic/images/img032273.jpg,synthetic_val,3,70055,3,52253,0.208885,-0.149204,0.149204,0.954905,20.6687
synthetic/images/img032286.jpg,synthetic_val,3,52230,3,16674,0.153646,-0.0921878,-0.0307293,0.983336,8.61336
synthetic/images/img032307.jpg,synthetic_val,0,61652,0,61351,0.951522,-0.0297351,0.267615,0.148675,41.6228
synthetic/images/img032343.jpg,synthetic_val,0,72067,0,72414,0.837765,0.130901,0.445063,0.287982,18.391
synthetic/images/img032388.jpg,synthetic_val,3,75147,3,70560,0.249711,0.138728,0.360694,0.887862,48.3354
synthetic/images/img032401.jpg,synthetic_val,3,03203,2,30177,0.342059,0.159628,0.729727,-0.570099,19.3868
synthetic/images/img032404.jpg,synthetic_val,1,34361,2,06775,-0.467379,-0.0824786,0.879772,-0.0274929,170.313
synthetic/images/img032469.jpg,synthetic_val,1,11250,3,15003,0.38378,-0.585769,-0.302984,0.646366,134.235
synthetic/images/img032513.jpg,synthetic_val,1,71161,1,53221,0.508706,0.856767,-0.0803219,0.026774,32.8075
synthetic/images/img032542.jpg,synthetic_val,0,07633,0,07264,0.8745,-0.409922,-0.0819844,-0.245953,22.243
synthetic/images/img032587.jpg,synthetic_val,1,06351,2,50605,0.0731272,-0.560642,0.780024,0.268133,86.0297
synthetic/images/img032698.jpg,synthetic_val,2,75172,2,75010,0.50128,0.0238705,0.763856,0.405798,20.5112
synthetic/images/img032702.jpg,synthetic_val,0,26014,0,26001,0.656074,-0.594567,0.348539,-0.307535,5.05302
synthetic/images/img032826.jpg,synthetic_val,2,22752,1,12641,0.0789747,0.842397,-0.184274,-0.500173,120.318
synthetic/images/img032858.jpg,synthetic_val,1,44610,2,22013,-0.458658,0.34858,0.587082,-0.568736,171.672
synthetic/images/img032926.jpg,synthetic_val,0,43100,2,34667,0.084549,0.422745,0.901856,-0.028183,133.419
synthetic/images/img032972.jpg,synthetic_val,1,52577,3,64114,-0.454577,0.0239251,0.454577,0.765603,177.369
synthetic/images/img032988.jpg,synthetic_val,3,42113,1,43147,-0.140469,0.899004,-0.36522,0.196657,170.394
synthetic/images/img033037.jpg,synthetic_val,0,56112,2,50244,0.0249766,-0.574462,0.799251,0.174836,141.604
synthetic/images/img033094.jpg,synthetic_val,3,00652,0,52075,0.907642,0.198547,-0.312002,0.198547,141.17
synthetic/images/img033123.jpg,synthetic_val,1,06705,3,56015,0.17186,-0.368271,0.466477,0.785646,110.454
synthetic/images/img033157.jpg,synthetic_val,3,74246,1,64420,-0.603909,0.62339,0.0974047,0.487023,106.698
synthetic/images/img033170.jpg,synthetic_val,1,73443,1,25461,-0.371126,0.91354,0.142741,-0.0856444,114.736
synthetic/images/img033186.jpg,synthetic_val,0,07613,0,07273,0.91354,-0.256933,-0.0285481,-0.314029,16.3849
synthetic/images/img033208.jpg,synthetic_val,0,35525,1,35711,0.674072,0.695817,0.195698,-0.15221,15.6529
synthetic/images/img033285.jpg,synthetic_val,1,72534,3,24305,-0.507093,0.217325,-0.313914,0.772712,175.656
synthetic/images/img033352.jpg,synthetic_val,0,12354,0,30055,0.776342,0.169825,0.0242607,-0.606517,28.3272
synthetic/images/img033356.jpg,synthetic_val,1,13605,0,17154,0.686784,0.622398,-0.32193,-0.193158,47.3752
synthetic/images/img033366.jpg,synthetic_val,3,63050,0,65223,0.774521,-0.314649,0.363057,0.411464,175.829
synthetic/images/img033412.jpg,synthetic_val,0,67422,0,07234,0.879772,-0.302422,-0.0824786,-0.357407,128.699
synthetic/images/img033440.jpg,synthetic_val,1,36436,1,27471,-0.228232,0.811493,0.532542,-0.0760775,39.9369
synthetic/images/img033472.jpg,synthetic_val,0,03107,0,01233,0.659408,-0.185459,-0.350311,-0.638802,10.0869
synthetic/images/img033493.jpg,synthetic_val,3,64554,1,07066,-0.399326,0.851896,-0.239596,-0.239596,164.915
synthetic/images/img033543.jpg,synthetic_val,0,06150,0,04376,0.763856,-0.453539,-0.405798,-0.214834,8.65383
synthetic/images/img033550.jpg,synthetic_val,3,43333,3,24056,-0.628928,0.0698809,-0.209643,0.745396,83.1024
synthetic/images/img033611.jpg,synthetic_val,0,01343,0,64246,0.62339,-0.603909,0.21429,0.448061,164.895
synthetic/images/img033628.jpg,synthetic_val,1,04703,2,67105,-0.121303,0.412432,0.776342,0.460953,168.545
synthetic/images/img033635.jpg,synthetic_val,2,45474,3,46151,-0.382143,-0.337185,0.472059,0.719328,35.5527
synthetic/images/img033725.jpg,synthetic_val,1,56367,1,74143,0.275431,0.801253,0.0751175,0.525822,11.5296
synthetic/images/img033732.jpg,synthetic_val,2,56470,2,56704,0.207404,-0.161314,0.737437,0.622212,12.2143
synthetic/images/img033763.jpg,synthetic_val,2,67150,1,61464,-0.387427,0.826512,0.129142,0.387427,97.893
synthetic/images/img033800.jpg,synthetic_val,3,65273,1,60716,-0.471042,0.793334,0.272709,0.272709,88.7545
synthetic/images/img033831.jpg,synthetic_val,2,23052,2,23074,-0.233937,0.446606,0.680543,-0.531674,8.08223
synthetic/images/img033878.jpg,synthetic_val,0,66025,2,65700,-0.165963,0.21338,0.758686,0.592723,144.144
synthetic/images/img033889.jpg,synthetic_val,1,13503,2,23074,-0.233937,0.446606,0.680543,-0.531674,155.984
synthetic/images/img033911.jpg,synthetic_val,0,73446,1,61777,-0.0260378,0.833209,0.390567,0.390567,103.715
synthetic/images/img033982.jpg,synthetic_val,1,74651,1,47033,-0.23434,0.833209,-0.23434,0.442642,74.6789
synthetic/images/img033987.jpg,synthetic_val,0,32155,0,31462,0.770916,0.409549,0.168638,-0.457732,27.4519
synthetic/images/img034061.jpg,synthetic_val,3,64254,1,06037,-0.57369,0.734324,-0.206529,-0.298319,162.088
synthetic/images/img034124.jpg,synthetic_val,1,25167,1,47147,-0.119625,0.765603,-0.311026,0.550277,115.704
synthetic/images/img034217.jpg,synthetic_val,2,34465,2,34564,0.267615,0.148675,0.951522,-0.0297351,17.4351
synthetic/images/img034230.jpg,synthetic_val,1,16722,1,72070,0.128459,0.822136,0.539527,0.128459,77.0066
synthetic/images/img034355.jpg,synthetic_val,3,42770,3,42772,-0.481824,-0.0253592,0.329669,0.811493,4.65925
synthetic/images/img034447.jpg,synthetic_val,2,43211,2,43331,-0.0310835,-0.0932505,0.994672,0.0310835,30.5481
synthetic/images/img034491.jpg,synthetic_val,3,72145,3,70324,0.251263,0.362936,0.0837545,0.893381,15.0731
synthetic/images/img034526.jpg,synthetic_val,3,70401,2,25154,-0.0898429,0.0299476,0.958324,-0.269529,177.751
synthetic/images/img034552.jpg,synthetic_val,1,07372,2,25057,-0.260351,0.0867835,0.925691,-0.260351,162.234
synthetic/images/img034582.jpg,synthetic_val,0,24207,1,40624,-0.624133,0.644266,-0.382533,0.221467,20.3177
synthetic/images/img034633.jpg,synthetic_val,0,72422,0,27001,0.774521,-0.314649,0.411464,-0.363057,83.963
synthetic/images/img034688.jpg,synthetic_val,1,62716,1,34147,0.313011,0.910577,0.0853666,-0.2561,121.344
synthetic/images/img034784.jpg,synthetic_val,1,24047,2,54661,0.0634574,-0.401897,0.676879,0.613422,131.636
synthetic/images/img034788.jpg,synthetic_val,2,03241,3,53000,0.433341,-0.38236,0.0254906,0.8157,114.546
synthetic/images/img034792.jpg,synthetic_val,1,26545,2,05567,-0.122169,-0.610847,0.781884,-0.0244339,171.872
synthetic/images/img034828.jpg,synthetic_val,0,35440,0,17625,0.849491,0.504385,-0.0796398,-0.132733,14.7674
synthetic/images/img034884.jpg,synthetic_val,2,01363,3,33232,0.360838,0.532665,-0.532665,0.549848,40.0119
synthetic/images/img034926.jpg,synthetic_val,0,56701,2,52413,0.19245,-0.357407,0.879772,0.247436,173.353
synthetic/images/img034928.jpg,synthetic_val,0,43110,0,47220,0.813589,-0.38137,-0.0762739,0.432219,71.4948
synthetic/images/img034950.jpg,synthetic_val,3,16640,2,50166,0.21338,-0.592723,0.758686,0.165963,156.991
synthetic/images/img034959.jpg,synthetic_val,3,24471,3,24271,-0.567742,0.295226,-0.249807,0.72671,30.0346
synthetic/images/img035004.jpg,synthetic_val,0,16453,0,16440,0.901856,0.028183,-0.422745,-0.084549,20.9286
synthetic/images/img035083.jpg,synthetic_val,0,70432,0,70604,0.91354,0.0285481,0.256933,0.314029,17.0818
synthetic/images/img035109.jpg,synthetic_val,3,23645,3,27217,-0.201095,0.603286,-0.290471,0.715006,14.177
synthetic/images/img035117.jpg,synthetic_val,3,46106,3,46102,-0.512887,-0.289893,0.37909,0.713582,6.21682
synthetic/images/img035323.jpg,synthetic_val,3,11643,3,27416,-0.281129,0.485586,-0.127786,0.817829,147.197
synthetic/images/img035360.jpg,synthetic_val,2,35475,3,36473,0.174402,0.573034,-0.0747435,0.797264,167.043
synthetic/images/img035363.jpg,synthetic_val,2,52735,2,52265,0.0908257,-0.0908257,0.968808,0.211927,38.1652
synthetic/images/img035420.jpg,synthetic_val,1,11665,3,15003,0.38378,-0.585769,-0.302984,0.646366,138.613
synthetic/images/img035463.jpg,synthetic_val,0,45412,2,71651,0.541664,0.211955,0.753619,0.306158,177.593
synthetic/images/img035471.jpg,synthetic_val,1,77615,1,16246,0.0297351,0.951522,-0.148675,-0.267615,136.979
synthetic/images/img035480.jpg,synthetic_val,1,14067,3,25715,-0.0297351,0.267615,-0.148675,0.951522,169.797
synthetic/images/img035529.jpg,synthetic_val,2,05607,2,05726,-0.187958,-0.456468,0.859235,-0.134255,16.3578
synthetic/images/img035542.jpg,synthetic_val,2,26556,0,05537,0.781884,-0.0244339,-0.610847,-0.122169,68.7201
synthetic/images/img035593.jpg,synthetic_val,2,04270,3,10373,0.31504,-0.357045,-0.567072,0.672085,107.378
synthetic/images/img035633.jpg,synthetic_val,1,34241,1,65130,-0.0817405,0.871899,0.136234,0.463196,93.5446
synthetic/images/img035646.jpg,synthetic_val,1,17343,1,31634,0.46101,0.702491,0.285387,-0.46101,53.579
synthetic/images/img035697.jpg,synthetic_val,2,12625,1,52074,0.143208,0.916533,-0.315058,0.200492,126.066
synthetic/images/img035716.jpg,synthetic_val,3,47145,2,47324,-0.184274,-0.0789747,0.842397,0.500173,53.9273
synthetic/images/img035721.jpg,synthetic_val,1,65345,1,64215,-0.546718,0.699798,0.196818,0.415505,55.2491
synthetic/images/img035738.jpg,synthetic_val,3,60506,3,50762,0.227648,-0.430001,0.328824,0.809414,111.117
synthetic/images/img035865.jpg,synthetic_val,2,47251,2,62504,-0.51912,0.383697,0.722254,0.248275,82.1977
synthetic/images/img035878.jpg,synthetic_val,0,31624,1,61034,-0.320358,0.931951,0.145617,0.0873704,167.738
synthetic/images/img035889.jpg,synthetic_val,1,34466,1,70070,0.150824,0.965275,0.150824,0.150824,30.5852
synthetic/images/img035905.jpg,synthetic_val,2,03032,2,03214,-0.243843,-0.155173,0.709362,-0.642859,5.00353
synthetic/images/img035941.jpg,synthetic_val,0,61446,3,51634,0.475923,-0.430597,0.249293,0.725215,57.6453
synthetic/images/img035944.jpg,synthetic_val,0,24000,1,64345,-0.46101,0.702491,0.197576,0.504916,41.8207
synthetic/images/img035980.jpg,synthetic_val,3,44670,0,77431,0.625291,0.449428,0.410347,0.488509,175.352
synthetic/images/img035984.jpg,synthetic_val,0,26542,0,76270,0.662794,0.103562,0.600657,0.434959,93.5436
synthetic/images/img036016.jpg,synthetic_val,2,72177,0,12155,0.698464,0.327405,-0.327405,-0.545675,168.068
synthetic/images/img036050.jpg,synthetic_val,0,11336,2,21066,-0.342059,0.159628,0.729727,-0.570099,177.352
synthetic/images/img036090.jpg,synthetic_val,1,47514,1,75000,0.424602,0.799251,0.0249766,0.424602,74.039
synthetic/images/img036117.jpg,synthetic_val,0,60271,2,56261,0.0779024,-0.0779024,0.830959,0.545317,129.637
synthetic/images/img036168.jpg,synthetic_val,2,31320,3,33342,0.448507,0.484388,-0.484388,0.574089,146.041
synthetic/images/img036230.jpg,synthetic_val,2,72145,0,07336,0.922608,-0.0864945,-0.0288315,-0.374809,166.599
synthetic/images/img036263.jpg,synthetic_val,0,42105,1,22526,-0.457898,0.637076,0.457898,-0.418081,59.4388
synthetic/images/img036315.jpg,synthetic_val,0,61276,2,52763,0.30334,-0.0275764,0.882444,0.358493,95.2715
synthetic/images/img036342.jpg,synthetic_val,3,34275,0,16616,0.965275,0.150824,-0.150824,-0.150824,162.654
synthetic/images/img036380.jpg,synthetic_val,2,13407,2,73777,0.550508,0.550508,0.568266,0.266375,139.595
synthetic/images/img036421.jpg,synthetic_val,3,23166,3,22165,-0.41742,0.41742,-0.496929,0.636069,30.2293
synthetic/images/img036436.jpg,synthetic_val,1,65320,2,25215,-0.244497,0.244497,0.869321,-0.353162,137.008
synthetic/images/img036506.jpg,synthetic_val,3,35131,3,25463,-0.367549,0.197911,-0.0848189,0.904735,128.807
synthetic/images/img036521.jpg,synthetic_val,3,62142,3,24655,-0.600885,0.216319,-0.0240354,0.769133,31.9173
synthetic/images/img036537.jpg,synthetic_val,2,14403,3,42723,-0.533917,-0.0254246,0.228822,0.813589,177.25
synthetic/images/img036551.jpg,synthetic_val,1,56350,0,36546,0.835478,0.234978,0.496065,-0.0261087,137.824
synthetic/images/img036576.jpg,synthetic_val,3,10762,1,15027,0.407029,0.685522,-0.535564,-0.278493,159.049
synthetic/images/img036737.jpg,synthetic_val,1,21643,1,25672,-0.296217,0.861723,0.403933,-0.0807866,48.4517
synthetic/images/img036770.jpg,synthetic_val,0,16012,0,27401,0.817829,-0.332243,0.434472,-0.1789,110.791
synthetic/images/img036772.jpg,synthetic_val,2,21027,2,21116,-0.0691347,0.0691347,0.737437,-0.668302,26.6309
synthetic/images/img036781.jpg,synthetic_val,2,51537,1,64375,-0.37909,0.713582,0.289893,0.512887,148.401
synthetic/images/img036846.jpg,synthetic_val,1,52242,1,52214,0.150278,0.961781,-0.21039,0.090167,16.8858
synthetic/images/img036879.jpg,synthetic_val,1,43723,1,63075,-0.225352,0.801253,0.525822,0.175274,70.9732
synthetic/images/img036891.jpg,synthetic_val,1,60351,1,60334,-0.480589,0.809414,0.328824,0.0758825,13.1635
synthetic/images/img036892.jpg,synthetic_val,2,23512,2,21310,-0.0658586,0.197576,0.702491,-0.680538,31.5937
synthetic/images/img036908.jpg,synthetic_val,2,47376,3,47773,-0.0231434,-0.0231434,0.67116,0.74059,26.116
synthetic/images/img036985.jpg,synthetic_val,1,30444,3,70407,0.0879694,0.0879694,0.322554,0.93834,136.12
synthetic/images/img037098.jpg,synthetic_val,3,06436,3,16246,0.0297351,-0.148675,-0.267615,0.951522,81.8656
synthetic/images/img037184.jpg,synthetic_val,3,50323,0,07157,0.896179,-0.0280056,-0.364073,-0.25205,176.876
synthetic/images/img037240.jpg,synthetic_val,0,75001,3,32760,0.187378,0.603774,-0.395576,0.666233,90.8954
synthetic/images/img037270.jpg,synthetic_val,0,25502,0,07307,0.907642,-0.141819,-0.141819,-0.368729,30.4881
synthetic/images/img037296.jpg,synthetic_val,2,66270,2,66247,-0.518934,0.483145,0.572617,0.411568,5.82584
synthetic/images/img037335.jpg,synthetic_val,0,32031,3,07255,-0.2561,-0.199189,-0.2561,0.910577,60.2198
synthetic/images/img037351.jpg,synthetic_val,2,07014,3,52316,0.371126,-0.142741,0.0856444,0.91354,147.449
synthetic/images/img037362.jpg,synthetic_val,2,70200,2,61351,-0.0297351,0.267615,0.951522,0.148675,16.315
synthetic/images/img037501.jpg,synthetic_val,2,17651,1,71022,0.46047,0.866766,0.189605,0.0270864,149.994
synthetic/images/img037527.jpg,synthetic_val,1,60063,0,34342,0.871899,0.245222,0.299715,-0.299715,137.078
synthetic/images/img037596.jpg,synthetic_val,1,45324,3,73046,0.409549,0.457732,0.168638,0.770916,114.856
synthetic/images/img037627.jpg,synthetic_val,3,62732,3,56736,0.296452,-0.022804,0.615707,0.729727,127.204
synthetic/images/img037634.jpg,synthetic_val,1,72714,1,72611,0.165963,0.758686,0.592723,0.21338,17.3136
synthetic/images/img037688.jpg,synthetic_val,1,60132,3,61122,-0.208885,0.208885,0.0298408,0.954905,141.427
synthetic/images/img037698.jpg,synthetic_val,1,32772,3,74044,0.0253592,0.0253592,0.583261,0.811493,174.21
synthetic/images/img037719.jpg,synthetic_val,0,56106,0,52475,0.849491,0.185826,-0.292013,0.398199,12.9058
synthetic/images/img037815.jpg,synthetic_val,0,40223,0,04532,0.705215,-0.418722,-0.55095,-0.154266,36.2288
synthetic/images/img037871.jpg,synthetic_val,1,52274,3,52615,0.198547,-0.198547,0.312002,0.907642,179.615
synthetic/images/img037909.jpg,synthetic_val,3,15453,3,37172,0.578268,0.458626,-0.219343,0.638089,126.17
synthetic/images/img037913.jpg,synthetic_val,0,07047,3,05776,-0.0824786,-0.467379,-0.0274929,0.879772,168.17
synthetic/images/img037944.jpg,synthetic_val,3,02772,3,02367,-0.459243,-0.0218687,-0.546718,0.699798,13.6388
synthetic/images/img037970.jpg,synthetic_val,2,16640,2,16647,0.0921878,-0.153646,0.983336,-0.0307293,9.59164
synthetic/images/img038078.jpg,synthetic_val,0,41571,0,16113,0.789462,0.37006,-0.320719,-0.37006,99.5929
synthetic/images/img038101.jpg,synthetic_val,2,34656,2,61351,-0.0297351,0.267615,0.951522,0.148675,30.2856
synthetic/images/img038105.jpg,synthetic_val,0,70127,0,16240,0.925691,0.0289278,-0.202495,-0.318206,74.1598
synthetic/images/img038122.jpg,synthetic_val,2,34670,2,34634,0.141819,0.368729,0.907642,-0.141819,8.9085
synthetic/images/img038164.jpg,synthetic_val,2,13475,0,27307,0.725215,-0.113315,0.6119,-0.294619,32.8783
synthetic/images/img038191.jpg,synthetic_val,2,72245,2,72204,0.0245514,0.613786,0.785646,0.0736543,10.8258
synthetic/images/img038212.jpg,synthetic_val,0,14426,3,14466,0.0246108,-0.615271,-0.0246108,0.787547,173.399
synthetic/images/img038276.jpg,synthetic_val,3,74555,3,03551,-0.0249145,-0.373718,-0.473376,0.797264,154.783
synthetic/images/img038281.jpg,synthetic_val,1,40673,0,27242,0.698464,-0.327405,0.589329,-0.240097,52.2181
synthetic/images/img038314.jpg,synthetic_val,3,10732,1,30076,0.120456,0.770916,0.168638,-0.602279,76.0833
synthetic/images/img038448.jpg,synthetic_val,0,32175,1,53261,0.504385,0.849491,-0.0796398,0.132733,121.652
synthetic/images/img038540.jpg,synthetic_val,0,56507,2,50166,0.21338,-0.592723,0.758686,0.165963,166.808
synthetic/images/img038588.jpg,synthetic_val,3,62460,3,62147,-0.484974,0.438786,0.161658,0.739008,22.9865
synthetic/images/img038649.jpg,synthetic_val,1,41572,1,41523,-0.119352,0.763856,-0.596762,0.214834,11.1727
synthetic/images/img038680.jpg,synthetic_val,2,67321,2,07546,-0.198547,-0.368729,0.907642,-0.0283638,132.355
synthetic/images/img038752.jpg,synthetic_val,0,16276,0,34071,0.916533,0.200492,0.143208,-0.315058,21.4856
synthetic/images/img038758.jpg,synthetic_val,2,33254,0,53023,0.835478,0.496065,-0.234978,0.0261087,130.655
synthetic/images/img038773.jpg,synthetic_val,0,70017,0,70012,0.983336,0.153646,0.0921878,0.0307293,7.78659
synthetic/images/img038791.jpg,synthetic_val,2,12755,0,25305,0.887862,-0.138728,0.249711,-0.360694,89.6769
synthetic/images/img038795.jpg,synthetic_val,0,61744,0,70616,0.890609,0.139158,0.306147,0.306147,39.5979
synthetic/images/img038871.jpg,synthetic_val,3,34647,3,36420,0.0256917,0.539527,-0.179842,0.822136,35.4063
synthetic/images/img038882.jpg,synthetic_val,1,76204,3,45626,-0.31504,-0.357045,0.567072,0.672085,139.528
synthetic/images/img038909.jpg,synthetic_val,1,40276,1,17253,0.557996,0.776342,-0.121303,-0.266868,153.676
synthetic/images/img038990.jpg,synthetic_val,0,02234,0,02522,0.688053,-0.494538,-0.193515,-0.494538,20.2074
synthetic/images/img039018.jpg,synthetic_val,3,26470,3,60222,-0.659276,0.319005,0.021267,0.680543,20.1751
synthetic/images/img039049.jpg,synthetic_val,2,50611,2,60515,-0.448769,0.0263982,0.844742,0.29038,100.98
synthetic/images/img039065.jpg,synthetic_val,0,06705,0,06167,0.793334,-0.520626,-0.223125,-0.223125,10.156
synthetic/images/img039069.jpg,synthetic_val,3,10644,3,10333,0.30006,-0.340068,-0.620124,0.640128,49.0355
synthetic/images/img039103.jpg,synthetic_val,1,56023,1,52635,0.20182,0.922608,-0.0864945,0.317146,24.7817
synthetic/images/img039122.jpg,synthetic_val,3,60745,1,74436,0.116977,0.748653,0.163768,0.631676,99.7284
synthetic/images/img039196.jpg,synthetic_val,0,12274,0,12256,0.776342,0.121303,-0.121303,-0.606517,5.31653
synthetic/images/img039259.jpg,synthetic_val,0,52105,2,21774,-0.0776931,0.33667,0.828726,-0.440261,139.474
synthetic/images/img039268.jpg,synthetic_val,1,61364,0,34221,0.847106,0.0794162,0.344137,-0.397081,174.428
synthetic/images/img039371.jpg,synthetic_val,2,70167,2,70140,0.267615,0.0297351,0.951522,0.148675,21.9672
synthetic/images/img039383.jpg,synthetic_val,0,31114,1,42113,-0.441447,0.830959,-0.337577,0.0259675,160.227
synthetic/images/img039505.jpg,synthetic_val,3,12630,3,00343,-0.4091,-0.4091,-0.525985,0.62339,75.1501
synthetic/images/img039575.jpg,synthetic_val,3,51120,3,43551,-0.0265466,-0.398199,0.345106,0.849491,78.4383
synthetic/images/img039604.jpg,synthetic_val,0,55750,3,00024,-0.519926,-0.452839,-0.486383,0.536698,172.024
synthetic/images/img039614.jpg,synthetic_val,3,14103,1,21624,-0.347898,0.742182,0.301511,-0.487057,30.0654
synthetic/images/img039645.jpg,synthetic_val,2,76103,2,72524,0.220432,0.514341,0.783758,0.269417,18.2448
synthetic/images/img039691.jpg,synthetic_val,3,50250,2,42717,-0.445063,-0.130901,0.837765,0.287982,137.659
synthetic/images/img039693.jpg,synthetic_val,2,41123,1,52747,0.294514,0.856767,-0.13387,0.40161,96.577
synthetic/images/img039715.jpg,synthetic_val,2,40323,2,04746,-0.51494,-0.470162,0.716438,-0.0223887,12.5068
synthetic/images/img039779.jpg,synthetic_val,2,23115,1,35002,0.432219,0.813589,0.0762739,-0.38137,107.298
synthetic/images/img039785.jpg,synthetic_val,1,16302,3,40726,-0.51912,-0.383697,0.248275,0.722254,76.3204
synthetic/images/img039798.jpg,synthetic_val,0,53312,1,51267,0.457732,0.770916,-0.409549,0.168638,51.7378
synthetic/images/img039801.jpg,synthetic_val,2,34447,0,07777,0.998538,-0.0312043,-0.0312043,-0.0312043,170.98
synthetic/images/img039823.jpg,synthetic_val,3,63506,0,63413,0.813589,-0.228822,0.483068,0.228822,173.54
synthetic/images/img039897.jpg,synthetic_val,0,61025,0,61030,0.935129,-0.321451,0.146114,0.0292228,5.43734
synthetic/images/img039902.jpg,synthetic_val,1,37765,1,56176,0.306158,0.753619,-0.211955,0.541664,119.814
synthetic/images/img039965.jpg,synthetic_val,1,23674,3,40237,-0.566575,-0.385271,0.0679889,0.725215,141.151
synthetic/images/img039989.jpg,synthetic_val,1,43272,2,25555,-0.0312043,0.0312043,0.998538,-0.0312043,179.675
synthetic/images/img039993.jpg,synthetic_val,0,50532,3,05551,-0.0223887,-0.694049,-0.067166,0.716438,176.296
synthetic/images/img040008.jpg,synthetic_val,0,15433,0,15626,0.793334,0.421459,-0.421459,-0.123958,18.402
synthetic/images/img040043.jpg,synthetic_val,1,47176,3,72331,0.328031,0.634192,0.0218687,0.699798,59.2124
synthetic/images/img040047.jpg,synthetic_val,1,26013,3,44155,-0.321098,-0.585531,0.434426,0.604419,151.046
synthetic/images/img040056.jpg,synthetic_val,2,22504,0,41444,0.648486,-0.303978,-0.628221,0.303978,26.1744
synthetic/images/img040058.jpg,synthetic_val,3,17732,3,35170,0.646684,0.111497,-0.245294,0.713582,20.0758
synthetic/images/img040066.jpg,synthetic_val,3,60646,3,54273,0.164854,-0.40036,0.494563,0.753619,125.318
synthetic/images/img040100.jpg,synthetic_val,1,03471,3,45277,-0.205236,-0.387667,0.524491,0.729727,81.8232
synthetic/images/img040134.jpg,synthetic_val,2,50346,2,50036,0.121879,-0.609394,0.780024,0.0731272,17.1251
synthetic/images/img040165.jpg,synthetic_val,0,11341,3,77775,0.503749,0.471249,0.503749,0.519999,171.279
synthetic/images/img040211.jpg,synthetic_val,1,43307,3,16741,0.317146,-0.20182,-0.0864945,0.922608,164.535
synthetic/images/img040227.jpg,synthetic_val,2,52300,2,07673,-0.269529,-0.0299476,0.958324,-0.0898429,63.6034
synthetic/images/img040231.jpg,synthetic_val,1,50571,3,61121,-0.152499,0.152499,0.0304997,0.975991,143.441
synthetic/images/img040237.jpg,synthetic_val,2,04234,1,42524,-0.54287,0.755297,-0.259633,0.259633,152.68
synthetic/images/img040240.jpg,synthetic_val,3,25557,3,25553,-0.0309641,0.0928922,-0.0928922,0.99085,5.09665
synthetic/images/img040272.jpg,synthetic_val,3,30677,1,52602,0.0297351,0.951522,-0.148675,0.267615,99.241
synthetic/images/img040315.jpg,synthetic_val,2,14372,2,25334,-0.0810219,0.351095,0.864234,-0.351095,104.659
synthetic/images/img040461.jpg,synthetic_val,1,52216,1,43314,-0.0908257,0.968808,-0.211927,0.0908257,25.7951
synthetic/images/img040505.jpg,synthetic_val,3,67015,3,65365,-0.119625,0.311026,0.550277,0.765603,16.8117
synthetic/images/img040619.jpg,synthetic_val,2,47167,3,60554,-0.473376,0.0249145,0.373718,0.797264,76.9646
synthetic/images/img040683.jpg,synthetic_val,2,40173,2,06416,-0.6119,-0.294619,0.725215,-0.113315,45.4473
synthetic/images/img040709.jpg,synthetic_val,0,64517,0,65242,0.751953,-0.352478,0.258484,0.493469,25.1553
synthetic/images/img040764.jpg,synthetic_val,0,64552,0,56666,0.717879,0.0224337,-0.0224337,0.695445,51.5294
synthetic/images/img040861.jpg,synthetic_val,0,01217,0,61074,0.916533,-0.315058,0.143208,0.200492,123.757
synthetic/images/img040894.jpg,synthetic_val,0,34516,0,34561,0.931951,0.320358,0.145617,-0.0873704,8.12543
synthetic/images/img040899.jpg,synthetic_val,0,35242,0,35261,0.781884,0.464244,0.317641,-0.268773,6.97699
synthetic/images/img041039.jpg,synthetic_val,3,52347,3,52741,0.297951,-0.189605,0.352124,0.866766,19.1597
synthetic/images/img041082.jpg,synthetic_val,2,44510,1,20065,-0.578268,0.638089,0.0997013,-0.498507,143.175
synthetic/images/img041126.jpg,synthetic_val,0,03751,0,12254,0.770916,0.120456,-0.168638,-0.602279,21.9399
synthetic/images/img041213.jpg,synthetic_val,1,27312,3,40636,-0.580544,-0.365528,0.236518,0.688053,143.898
synthetic/images/img041258.jpg,synthetic_val,2,52062,0,52345,0.907642,0.312002,-0.198547,0.198547,157.009
synthetic/images/img041268.jpg,synthetic_val,2,03705,1,52050,0.138728,0.887862,-0.416185,0.138728,105.225
synthetic/images/img041312.jpg,synthetic_val,3,50237,2,16014,0.131625,-0.394874,0.842397,-0.342224,177.527
synthetic/images/img041372.jpg,synthetic_val,1,47276,2,75015,0.525586,0.0228515,0.73125,0.434179,166.308
synthetic/images/img041438.jpg,synthetic_val,0,06373,0,02555,0.748653,-0.397722,-0.350931,-0.397722,40.863
synthetic/images/img041484.jpg,synthetic_val,0,00500,1,12437,0.175274,0.801253,-0.225352,-0.525822,166.688
synthetic/images/img041490.jpg,synthetic_val,2,52776,2,60540,-0.554096,0.0240911,0.770916,0.313185,106.855
synthetic/images/img041516.jpg,synthetic_val,0,01553,2,42770,-0.480589,-0.0758825,0.809414,0.328824,34.69
synthetic/images/img041528.jpg,synthetic_val,2,65131,2,34564,0.267615,0.148675,0.951522,-0.0297351,65.4955
synthetic/images/img041542.jpg,synthetic_val,3,42306,3,24535,-0.46047,0.135432,-0.135432,0.866766,40.536
synthetic/images/img041593.jpg,synthetic_val,3,34211,2,05232,-0.270066,-0.417374,0.785646,-0.368271,78.4579
synthetic/images/img041612.jpg,synthetic_val,3,16256,3,16276,0.148675,-0.0297351,-0.267615,0.951522,12.5016
synthetic/images/img041614.jpg,synthetic_val,3,56305,3,56014,0.123655,-0.370965,0.469888,0.791391,27.0997
synthetic/images/img041766.jpg,synthetic_val,0,20562,2,15321,0.558276,-0.392861,0.66166,-0.310153,62.3194
synthetic/images/img041937.jpg,synthetic_val,1,55605,1,54003,0.0645049,0.688053,-0.623548,0.365528,45.201
synthetic/images/img041957.jpg,synthetic_val,1,63746,2,07667,-0.376062,-0.0289278,0.925691,-0.0289278,108.289
synthetic/images/img041970.jpg,synthetic_val,0,22065,3,72163,0.266868,0.557996,0.121303,0.776342,126.75
synthetic/images/img041987.jpg,synthetic_val,3,23153,3,21477,-0.236924,0.184274,-0.447523,0.842397,44.5362
synthetic/images/img042058.jpg,synthetic_val,1,12663,3,62123,-0.470162,0.51494,0.0223887,0.716438,174.9
synthetic/images/img042077.jpg,synthetic_val,1,10763,3,77012,0.45663,0.413141,0.369653,0.695817,177.665
synthetic/images/img042148.jpg,synthetic_val,2,12024,3,30202,0.0217855,0.239641,-0.675351,0.697136,9.45149
synthetic/images/img042158.jpg,synthetic_val,2,72365,0,43313,0.987072,-0.030846,-0.15423,0.030846,166.553
synthetic/images/img042207.jpg,synthetic_val,0,14664,3,15763,0.596185,-0.375376,-0.0662428,0.706589,115.47
synthetic/images/img042224.jpg,synthetic_val,1,26422,1,02713,-0.393438,0.74059,-0.115717,-0.532299,86.7397
synthetic/images/img042240.jpg,synthetic_val,1,04265,0,05634,0.817829,-0.281129,-0.485586,-0.127786,123.421
synthetic/images/img042262.jpg,synthetic_val,3,46575,2,47036,-0.276124,-0.22592,0.80327,0.476942,28.3551
synthetic/images/img042304.jpg,synthetic_val,1,52226,3,42256,-0.631676,-0.116977,0.163768,0.748653,174.723
synthetic/images/img042342.jpg,synthetic_val,2,31204,1,37700,0.518699,0.663935,0.518699,-0.145236,83.9646
synthetic/images/img042362.jpg,synthetic_val,0,53223,0,33444,0.735875,0.390934,0.390934,-0.390934,70.1951
synthetic/images/img042375.jpg,synthetic_val,2,25521,2,25570,-0.0918415,0.153069,0.979643,-0.0918415,14.1876
synthetic/images/img042417.jpg,synthetic_val,0,23315,1,03762,-0.184787,0.844742,-0.0263982,-0.501565,162.315
synthetic/images/img042464.jpg,synthetic_val,0,56326,0,56343,0.797264,0.27406,-0.124573,0.523205,11.6861
synthetic/images/img042511.jpg,synthetic_val,2,34322,2,30774,0.319941,0.319941,0.787547,-0.418384,13.91
synthetic/images/img042547.jpg,synthetic_val,3,16735,3,16743,0.320358,-0.145617,-0.0873704,0.931951,14.1984
synthetic/images/img042637.jpg,synthetic_val,2,13754,2,17303,0.603286,-0.11172,0.715006,-0.335159,4.67181
synthetic/images/img042717.jpg,synthetic_val,3,71166,3,35174,0.653213,0.112623,-0.202721,0.720787,46.5668
synthetic/images/img042757.jpg,synthetic_val,0,17352,3,13517,0.608545,-0.255196,-0.41224,0.628176,160.639
synthetic/images/img042797.jpg,synthetic_val,1,37713,3,32277,0.13575,0.601177,-0.48482,0.62057,166.263
synthetic/images/img042810.jpg,synthetic_val,0,32464,0,36000,0.8157,0.0254906,0.433341,-0.38236,12.5099
synthetic/images/img042899.jpg,synthetic_val,3,73511,3,71736,0.616742,0.319005,0.233937,0.680543,6.8213
synthetic/images/img042943.jpg,synthetic_val,0,24256,0,24712,0.811493,-0.481824,0.278951,-0.177514,19.7217
synthetic/images/img042996.jpg,synthetic_val,3,40214,3,24401,-0.662695,0.0228515,-0.159961,0.73125,63.529
synthetic/images/img042998.jpg,synthetic_val,1,67631,1,42522,-0.555387,0.772712,-0.217325,0.217325,109.094
synthetic/images/img043046.jpg,synthetic_val,3,43316,3,43723,-0.148675,-0.0297351,0.267615,0.951522,27.1227
synthetic/images/img043062.jpg,synthetic_val,3,16621,3,16610,0.147635,-0.206689,-0.206689,0.944862,17.1931
synthetic/images/img043067.jpg,synthetic_val,3,70540,3,70450,0.143208,0.0286417,0.372342,0.916533,13.2862
synthetic/images/img043078.jpg,synthetic_val,2,70337,0,16606,0.975991,0.0304997,-0.152499,-0.152499,149.102
synthetic/images/img043079.jpg,synthetic_val,1,53113,2,02211,-0.48482,-0.13575,0.62057,-0.601177,106.61
synthetic/images/img043137.jpg,synthetic_val,1,72316,1,72316,0.295837,0.728214,0.61443,0.06827,1.91255
synthetic/images/img043209.jpg,synthetic_val,2,02375,2,03223,-0.28004,-0.0215415,0.689329,-0.667787,19.0301
synthetic/images/img043253.jpg,synthetic_val,1,32003,2,06166,-0.555387,-0.217325,0.772712,-0.217325,148.496
synthetic/images/img043270.jpg,synthetic_val,2,35606,0,34252,0.890609,0.139158,0.306147,-0.306147,83.3559
synthetic/images/img043309.jpg,synthetic_val,3,54136,2,64163,-0.474948,0.158316,0.72373,0.474948,131.562
synthetic/images/img043360.jpg,synthetic_val,2,24543,3,15456,0.437215,-0.603774,-0.0208198,0.666233,138.665
synthetic/images/img043370.jpg,synthetic_val,0,04226,1,24477,-0.606517,0.776342,0.169825,-0.0242607,42.021
synthetic/images/img043404.jpg,synthetic_val,3,25507,3,07635,-0.266674,-0.0888913,-0.148152,0.948174,23.5924
synthetic/images/img043545.jpg,synthetic_val,2,52640,2,52035,0.20182,-0.317146,0.922608,0.0864945,42.5592
synthetic/images/img043552.jpg,synthetic_val,0,47133,0,42662,0.689329,-0.667787,-0.0215415,0.28004,84.5056
synthetic/images/img043634.jpg,synthetic_val,2,52332,3,15763,0.596185,-0.375376,-0.0662428,0.706589,155.263
synthetic/images/img043651.jpg,synthetic_val,2,27344,2,71124,0.609394,0.121879,0.780024,0.0731272,111.745
synthetic/images/img043686.jpg,synthetic_val,2,06263,3,04566,-0.492719,-0.535564,-0.0214226,0.685522,164.195
synthetic/images/img043794.jpg,synthetic_val,3,51254,0,01306,0.659408,-0.144246,-0.432737,-0.597589,168.934
synthetic/images/img043823.jpg,synthetic_val,0,03754,0,70051,0.965275,0.211154,0.0301648,0.150824,85.3236
synthetic/images/img043871.jpg,synthetic_val,1,35076,1,07441,-0.344137,0.847106,-0.397081,-0.0794162,129.414
synthetic/images/img043969.jpg,synthetic_val,0,30306,0,16676,0.987072,0.15423,-0.030846,-0.030846,85.5333
synthetic/images/img043984.jpg,synthetic_val,1,01554,1,70416,0.145617,0.931951,0.0873704,0.320358,128.305
synthetic/images/img044163.jpg,synthetic_val,0,76256,2,25253,-0.245222,0.299715,0.871899,-0.299715,154.101
synthetic/images/img044210.jpg,synthetic_val,0,43356,0,52244,0.954905,0.0298408,-0.208885,0.208885,16.7461
synthetic/images/img044262.jpg,synthetic_val,0,75235,3,46106,-0.503945,-0.284839,0.416302,0.701141,168.84
synthetic/images/img044274.jpg,synthetic_val,0,56560,0,61654,0.840072,-0.288775,0.23627,0.393784,88.9987
synthetic/images/img044289.jpg,synthetic_val,1,30305,2,21016,-0.246276,0.067166,0.716438,-0.649272,114.556
synthetic/images/img044456.jpg,synthetic_val,0,06654,1,60674,-0.582704,0.690612,0.280561,0.323724,43.7585
synthetic/images/img044489.jpg,synthetic_val,0,50770,3,01250,-0.224396,-0.469192,-0.550791,0.652789,166.253
synthetic/images/img044568.jpg,synthetic_val,2,77622,3,77702,0.456207,0.492704,0.456207,0.583945,29.0877
synthetic/images/img044597.jpg,synthetic_val,2,67362,3,56721,0.260798,-0.0711268,0.592723,0.758686,103.158
synthetic/images/img044607.jpg,synthetic_val,3,56755,3,60156,-0.500173,0.0789747,0.184274,0.842397,117.08
synthetic/images/img044635.jpg,synthetic_val,0,43536,2,41707,-0.124573,-0.523205,0.797264,0.27406,157.626
synthetic/images/img044728.jpg,synthetic_val,1,01362,2,47306,-0.183261,-0.130901,0.837765,0.497423,97.0427
synthetic/images/img044747.jpg,synthetic_val,0,51175,1,51351,0.61522,0.635066,-0.456453,0.099229,9.82984
synthetic/images/img044752.jpg,synthetic_val,1,34751,1,34573,0.41491,0.88514,0.193624,-0.0829819,7.4906
synthetic/images/img044771.jpg,synthetic_val,3,73775,3,27037,-0.211955,0.541664,-0.306158,0.753619,116.263
synthetic/images/img044799.jpg,synthetic_val,1,62544,1,60675,-0.553103,0.707972,0.287613,0.331862,11.6895
synthetic/images/img044806.jpg,synthetic_val,0,52524,2,07660,-0.421408,-0.0842816,0.899004,-0.0842816,93.3668
synthetic/images/img044817.jpg,synthetic_val,3,27512,3,15607,0.441622,-0.488108,-0.116216,0.743784,135.37
synthetic/images/img044822.jpg,synthetic_val,0,56255,0,56304,0.822136,0.231226,-0.179842,0.488143,11.5155
synthetic/images/img044848.jpg,synthetic_val,2,04472,3,70544,0.246691,0.0274101,0.411152,0.877124,171.516
synthetic/images/img044900.jpg,synthetic_val,3,14332,3,70733,0.380387,0.380387,0.228232,0.811493,119.04
synthetic/images/img045019.jpg,synthetic_val,1,56354,1,56562,0.199901,0.71076,-0.199901,0.644126,20.3421
synthetic/images/img045041.jpg,synthetic_val,3,53617,3,56326,0.234978,-0.0261087,0.496065,0.835478,48.9059
synthetic/images/img045055.jpg,synthetic_val,3,07236,3,25250,-0.299715,0.245222,-0.299715,0.871899,34.326
synthetic/images/img045094.jpg,synthetic_val,0,26530,2,71545,0.606933,0.022479,0.719328,0.337185,86.73
synthetic/images/img045229.jpg,synthetic_val,1,27434,1,27471,-0.228232,0.811493,0.532542,-0.0760775,7.00931
synthetic/images/img045341.jpg,synthetic_val,3,24627,3,60265,-0.635409,0.284839,0.153375,0.701141,29.292
synthetic/images/img045435.jpg,synthetic_val,1,61774,0,16226,0.925691,0.0289278,-0.0289278,-0.376062,157.165
synthetic/images/img045454.jpg,synthetic_val,1,74412,0,47137,0.835478,-0.0261087,-0.234978,0.496065,137.826
synthetic/images/img045462.jpg,synthetic_val,3,61646,3,74700,0.211487,0.211487,0.587463,0.751953,74.6463
synthetic/images/img045465.jpg,synthetic_val,1,23576,1,27072,-0.259633,0.755297,0.54287,-0.259633,24.1964
synthetic/images/img045497.jpg,synthetic_val,3,25660,3,25072,-0.30334,0.193035,-0.30334,0.882444,32.8304
synthetic/images/img045510.jpg,synthetic_val,0,65760,0,74530,0.745396,0.302817,0.116468,0.582341,58.0687
synthetic/images/img045517.jpg,synthetic_val,1,17026,3,05507,-0.114258,-0.662695,-0.114258,0.73125,73.6821
synthetic/images/img045578.jpg,synthetic_val,1,43536,1,16434,0.144639,0.925691,-0.318206,-0.144639,56.1089
synthetic/images/img045639.jpg,synthetic_val,1,36710,1,61151,-0.030846,0.987072,0.030846,0.15423,88.6704
synthetic/images/img045709.jpg,synthetic_val,3,30620,2,47366,-0.174836,-0.0249766,0.799251,0.574462,178.85
synthetic/images/img045763.jpg,synthetic_val,2,23007,2,26072,-0.550791,0.469192,0.652789,-0.224396,53.5084
synthetic/images/img045775.jpg,synthetic_val,2,63253,0,32400,0.745396,0.0232936,0.395992,-0.535754,170.876
synthetic/images/img045806.jpg,synthetic_val,1,26257,2,46616,-0.539246,-0.0998603,0.639106,0.539246,127.187
synthetic/images/img045906.jpg,synthetic_val,2,42203,1,21061,-0.294619,0.725215,0.113315,-0.6119,159.721
synthetic/images/img045908.jpg,synthetic_val,0,01572,0,05467,0.750298,-0.304808,-0.58617,-0.0234468,55.1296
synthetic/images/img045939.jpg,synthetic_val,0,46601,3,20127,-0.432737,0.144246,-0.597589,0.659408,172.738
synthetic/images/img045985.jpg,synthetic_val,3,34035,1,52354,0.36181,0.890609,-0.194821,0.194821,129.924
synthetic/images/img045988.jpg,synthetic_val,2,72670,2,72366,0.195698,0.674072,0.695817,0.15221,19.0003
synthetic/images/img046073.jpg,synthetic_val,1,70341,1,25717,-0.0292228,0.935129,0.321451,-0.146114,54.7319
synthetic/images/img046184.jpg,synthetic_val,1,16703,1,16772,0.374809,0.922608,-0.0288315,-0.0864945,15.9835
synthetic/images/img046213.jpg,synthetic_val,0,57612,0,57223,0.781884,0.464244,-0.0244339,0.415376,19.3479
synthetic/images/img046223.jpg,synthetic_val,2,65355,1,65307,-0.127786,0.817829,0.281129,0.485586,94.586
synthetic/images/img046244.jpg,synthetic_val,2,13423,2,33556,0.578268,0.378865,0.638089,-0.338985,73.3657
synthetic/images/img046251.jpg,synthetic_val,3,23565,1,75365,0.545371,0.646366,0.262586,0.464575,121.865
synthetic/images/img046265.jpg,synthetic_val,1,75721,1,75324,0.535564,0.685522,0.278493,0.407029,11.0971
synthetic/images/img046280.jpg,synthetic_val,2,27462,0,72047,0.842397,0.0789747,0.500173,0.184274,168.923
synthetic/images/img046316.jpg,synthetic_val,1,50034,1,14423,0.0726113,0.774521,-0.605095,-0.169426,26.3659
synthetic/images/img046341.jpg,synthetic_val,1,52200,1,16462,0.0299476,0.958324,-0.269529,-0.0898429,13.7208
synthetic/images/img046345.jpg,synthetic_val,3,62177,2,25522,-0.204559,0.204559,0.935129,-0.204559,157.146
synthetic/images/img046357.jpg,synthetic_val,1,74576,2,21225,-0.276972,0.276972,0.681778,-0.617861,157.249
synthetic/images/img046404.jpg,synthetic_val,3,41255,1,70374,0.346083,0.851896,0.346083,0.186352,140.764
synthetic/images/img046414.jpg,synthetic_val,3,25556,3,25556,-0.0928922,0.0928922,-0.0309641,0.99085,3.10047
synthetic/images/img046484.jpg,synthetic_val,2,77215,0,77433,0.615044,0.442063,0.442063,0.480503,31.7015
synthetic/images/img046488.jpg,synthetic_val,2,64162,2,47122,-0.184274,-0.236924,0.842397,0.447523,62.0942
synthetic/images/img046539.jpg,synthetic_val,0,45347,3,15647,0.444513,-0.491304,-0.0233954,0.748653,81.2303
synthetic/images/img046555.jpg,synthetic_val,3,27752,3,72034,0.129142,0.542398,0.0774855,0.826512,30.8918
synthetic/images/img046570.jpg,synthetic_val,0,12245,0,12255,0.765603,0.167476,-0.167476,-0.598127,13.0253
synthetic/images/img046574.jpg,synthetic_val,1,43643,1,43647,-0.342224,0.842397,-0.131625,0.394874,6.72267
synthetic/images/img046608.jpg,synthetic_val,2,60217,2,46121,-0.484974,-0.254034,0.739008,0.392598,72.8667
synthetic/images/img046629.jpg,synthetic_val,1,54126,1,01541,-0.102684,0.65718,-0.636643,-0.390201,101.979
synthetic/images/img046697.jpg,synthetic_val,0,37075,0,37401,0.770916,0.457732,0.409549,-0.168638,12.0548
synthetic/images/img046763.jpg,synthetic_val,0,57645,1,52716,0.355266,0.8745,-0.136641,0.300609,77.4019
synthetic/images/img046828.jpg,synthetic_val,1,05654,1,50022,0.0246108,0.787547,-0.615271,0.0246108,34.5201
synthetic/images/img046831.jpg,synthetic_val,1,45610,3,27625,-0.286494,0.639101,-0.11019,0.705215,46.7772
synthetic/images/img046836.jpg,synthetic_val,3,06714,3,06765,-0.546793,-0.0781133,-0.0260378,0.833209,18.0661
synthetic/images/img046849.jpg,synthetic_val,2,74347,1,40326,-0.534595,0.743784,-0.395135,0.0697297,153.69
synthetic/images/img046882.jpg,synthetic_val,3,35601,1,16143,0.29038,0.844742,-0.343176,-0.29038,160.205
synthetic/images/img046929.jpg,synthetic_val,2,66656,2,66457,-0.458658,0.34858,0.587082,0.568736,15.1145
synthetic/images/img046951.jpg,synthetic_val,1,70430,1,70506,0.2561,0.910577,0.0853666,0.313011,15.6442
synthetic/images/img047033.jpg,synthetic_val,2,74763,3,76560,0.184211,0.429826,0.59357,0.654974,16.8949
synthetic/images/img047037.jpg,synthetic_val,3,63150,0,21153,0.762121,-0.0238163,0.0714488,-0.643039,103.126
synthetic/images/img047050.jpg,synthetic_val,0,16200,2,06715,-0.456468,-0.187958,0.859235,-0.134255,116.817
synthetic/images/img047075.jpg,synthetic_val,0,50757,1,32620,0.0204337,0.653879,0.592578,-0.469975,158.296
synthetic/images/img047092.jpg,synthetic_val,2,37037,1,05127,-0.116468,0.745396,-0.582341,-0.302817,178.366
synthetic/images/img047104.jpg,synthetic_val,2,44313,2,44376,-0.404805,-0.362194,0.681778,0.490028,16.6075
synthetic/images/img047126.jpg,synthetic_val,3,10344,3,70054,0.150824,0.0301648,0.211154,0.965275,112.667
synthetic/images/img047128.jpg,synthetic_val,2,25517,0,25577,0.975991,-0.0304997,0.213498,-0.0304997,161.293
synthetic/images/img047136.jpg,synthetic_val,0,36070,0,34366,0.851896,0.239596,0.399326,-0.239596,22.6869
synthetic/images/img047242.jpg,synthetic_val,1,63100,1,63100,-0.189605,0.866766,0.46047,0.0270864,2.68953
synthetic/images/img047245.jpg,synthetic_val,0,25407,0,24564,0.805302,-0.578811,0.125828,-0.0251657,28.4822
synthetic/images/img047371.jpg,synthetic_val,3,46142,3,26230,-0.50853,0.546198,-0.282516,0.602702,134.681
synthetic/images/img047373.jpg,synthetic_val,3,71166,3,35752,0.649272,0.246276,-0.067166,0.716438,28.1856
synthetic/images/img047467.jpg,synthetic_val,0,24634,2,53553,0.643187,-0.269723,0.663935,0.269723,72.0775
synthetic/images/img047492.jpg,synthetic_val,0,16653,0,14656,0.828726,0.129488,-0.543852,-0.0258977,50.4566
synthetic/images/img047538.jpg,synthetic_val,3,40556,3,76040,0.0238705,0.405798,0.50128,0.763856,134.979
synthetic/images/img047552.jpg,synthetic_val,1,05421,2,25335,-0.0270864,0.352124,0.866766,-0.352124,153.588
synthetic/images/img047705.jpg,synthetic_val,2,70547,2,50530,0.290471,-0.603286,0.715006,0.201095,87.2414
synthetic/images/img047712.jpg,synthetic_val,1,62073,0,04374,0.748653,-0.444513,-0.444513,-0.210559,38.2432
synthetic/images/img047772.jpg,synthetic_val,3,34367,1,07107,-0.134255,0.859235,-0.349064,-0.349064,168.376
synthetic/images/img047864.jpg,synthetic_val,3,01601,0,37241,0.6932,0.411587,0.541562,-0.238287,72.4425
synthetic/images/img047868.jpg,synthetic_val,1,33536,1,52047,0.0848189,0.904735,-0.367549,0.197911,137.089
synthetic/images/img047872.jpg,synthetic_val,2,10356,3,42276,-0.635866,-0.0235506,0.164854,0.753619,126.605
synthetic/images/img047873.jpg,synthetic_val,2,71161,0,72066,0.799251,0.0249766,0.574462,0.174836,30.4085
synthetic/images/img047946.jpg,synthetic_val,1,34250,0,21774,0.828726,-0.0776931,0.33667,-0.440261,151.275
synthetic/images/img047953.jpg,synthetic_val,3,05742,1,12033,0.15221,0.695817,-0.195698,-0.674072,43.2446
synthetic/images/img048130.jpg,synthetic_val,2,12345,1,71520,0.596762,0.763856,0.119352,0.214834,179.039
synthetic/images/img048200.jpg,synthetic_val,2,26232,2,42775,-0.432219,-0.0762739,0.813589,0.38137,113.27
synthetic/images/img048220.jpg,synthetic_val,0,27103,1,61611,-0.252845,0.899004,0.252845,0.252845,149.094
synthetic/images/img048250.jpg,synthetic_val,1,42116,2,03572,-0.0781133,-0.23434,0.833209,-0.494718,122.554
synthetic/images/img048264.jpg,synthetic_val,1,53430,1,56303,0.287982,0.837765,-0.130901,0.445063,41.2948
synthetic/images/img048272.jpg,synthetic_val,1,03222,2,45065,-0.262586,-0.545371,0.646366,0.464575,105.925
synthetic/images/img048374.jpg,synthetic_val,1,03254,2,45070,-0.228622,-0.561162,0.665081,0.436459,87.7443
synthetic/images/img048420.jpg,synthetic_val,2,37532,1,71706,0.574903,0.735875,0.252957,0.252957,71.3508
synthetic/images/img048426.jpg,synthetic_val,1,14125,3,70314,0.362936,0.251263,0.0837545,0.893381,175.729
synthetic/images/img048431.jpg,synthetic_val,0,30745,0,30577,0.80327,0.376533,0.175715,-0.426737,10.6526
synthetic/images/img048459.jpg,synthetic_val,1,66627,2,66707,-0.388423,0.499401,0.591883,0.499401,14.2071
synthetic/images/img048492.jpg,synthetic_val,3,40016,1,15262,0.409549,0.770916,-0.409549,-0.265003,63.7205
synthetic/images/img048566.jpg,synthetic_val,1,06056,2,56726,0.210099,-0.0233444,0.74702,0.630298,123.116
synthetic/images/img048619.jpg,synthetic_val,1,25255,1,34713,0.398199,0.849491,0.292013,-0.185826,77.606
synthetic/images/img048626.jpg,synthetic_val,0,52126,0,50212,0.828726,0.129488,-0.543852,0.0258977,39.7213
synthetic/images/img048641.jpg,synthetic_val,2,05261,3,70057,0.208145,0.0892052,0.208145,0.951522,156.835
synthetic/images/img048685.jpg,synthetic_val,3,12753,3,16132,0.33577,-0.232456,-0.387427,0.826512,17.3603
synthetic/images/img048880.jpg,synthetic_val,0,53447,1,27724,-0.158968,0.72671,0.658581,-0.113548,175.31
synthetic/images/img048903.jpg,synthetic_val,2,47533,2,56064,0.0244339,-0.268773,0.781884,0.561979,11.514
synthetic/images/img048905.jpg,synthetic_val,2,65433,0,60120,0.805302,-0.578811,0.125828,0.0251657,162.24
synthetic/images/img049028.jpg,synthetic_val,0,70111,0,52117,0.847106,0.397081,-0.344137,0.0794162,40.6343
synthetic/images/img049048.jpg,synthetic_val,0,70207,0,03064,0.716438,-0.33583,-0.246276,-0.559717,120.368
synthetic/images/img049099.jpg,synthetic_val,2,04102,3,35155,0.681854,0.0219953,-0.197958,0.703849,98.1438
synthetic/images/img049133.jpg,synthetic_val,1,01142,0,43556,0.847106,-0.0794162,-0.344137,0.397081,159.117
synthetic/images/img049150.jpg,synthetic_val,3,35470,3,07471,-0.2561,-0.313011,-0.0853666,0.910577,107.3
synthetic/images/img049207.jpg,synthetic_val,2,42130,2,52334,0.373569,-0.0862083,0.919555,0.0862083,107.986
synthetic/images/img049276.jpg,synthetic_val,2,73073,0,72147,0.811493,0.278951,0.481824,0.177514,51.5925
synthetic/images/img049289.jpg,synthetic_val,3,25515,1,43326,-0.212708,0.972379,-0.0303869,0.0911606,168.447
synthetic/images/img049310.jpg,synthetic_val,0,61560,0,61457,0.8745,-0.245953,0.0819844,0.409922,11.0634
synthetic/images/img049452.jpg,synthetic_val,0,00605,0,60562,0.760398,-0.546536,0.166337,0.308911,112.04
synthetic/images/img049464.jpg,synthetic_val,2,50267,3,05240,-0.344214,-0.527795,-0.252424,0.734324,161.145
synthetic/images/img049481.jpg,synthetic_val,2,16324,1,70506,0.2561,0.910577,0.0853666,0.313011,173.456
synthetic/images/img049506.jpg,synthetic_val,2,03535,2,16617,0.208885,-0.149204,0.954905,-0.149204,58.5334
synthetic/images/img049536.jpg,synthetic_val,2,46360,1,03222,-0.319005,0.680543,-0.021267,-0.659276,157.771
synthetic/images/img049540.jpg,synthetic_val,1,02275,1,03661,-0.328824,0.809414,-0.0758825,-0.480589,26.4335
synthetic/images/img049639.jpg,synthetic_val,0,53435,1,53431,0.549021,0.763856,-0.262575,0.214834,35.3566
synthetic/images/img049717.jpg,synthetic_val,2,50420,2,41106,-0.159628,-0.661315,0.729727,0.0684119,28.7214
synthetic/images/img049727.jpg,synthetic_val,3,15627,3,17605,0.497423,-0.183261,-0.130901,0.837765,25.8046
synthetic/images/img049793.jpg,synthetic_val,0,34035,0,25170,0.931951,-0.0873704,0.145617,-0.320358,34.663
synthetic/images/img049818.jpg,synthetic_val,3,52531,3,50624,0.0257599,-0.489437,0.283358,0.824315,45.346
synthetic/images/img049943.jpg,synthetic_val,2,33015,1,35743,0.622212,0.737437,0.253494,-0.0691347,89.6336
synthetic/images/img049962.jpg,synthetic_val,0,51110,1,17022,0.422499,0.795292,-0.223676,-0.372793,71.3739
synthetic/images/img050038.jpg,synthetic_val,2,35625,1,74141,0.276124,0.80327,0.0251022,0.527146,139.222
synthetic/images/img050084.jpg,synthetic_val,2,65701,2,65700,-0.165963,0.21338,0.758686,0.592723,8.16281
synthetic/images/img050086.jpg,synthetic_val,0,34404,0,34542,0.954905,0.268567,0.0895223,-0.0895223,31.9333
synthetic/images/img050100.jpg,synthetic_val,1,12064,1,27032,-0.252424,0.734324,0.527795,-0.344214,105.094
synthetic/images/img050179.jpg,synthetic_val,3,41537,3,45256,-0.239187,-0.45663,0.500118,0.695817,38.1432
synthetic/images/img050198.jpg,synthetic_val,3,75264,3,75725,0.524395,0.252487,0.524395,0.621506,22.109
synthetic/images/img050208.jpg,synthetic_val,0,57463,3,43223,-0.376062,-0.0289278,0.0289278,0.925691,144.271
synthetic/images/img050261.jpg,synthetic_val,3,45653,1,20250,-0.533322,0.632085,0.177774,-0.533322,129.008
synthetic/images/img050270.jpg,synthetic_val,1,53356,1,53363,0.640141,0.758686,-0.0237089,0.118545,13.4857
synthetic/images/img050288.jpg,synthetic_val,1,17473,3,12526,0.223125,-0.223125,-0.520626,0.793334,179.45
synthetic/images/img050360.jpg,synthetic_val,1,52055,1,14674,0.133109,0.851896,-0.505813,-0.0266217,30.6572
synthetic/images/img050371.jpg,synthetic_val,2,46053,2,44352,-0.39905,-0.441056,0.672085,0.441056,23.9869
synthetic/images/img050543.jpg,synthetic_val,2,70223,0,35027,0.799251,0.474555,0.174836,-0.324696,127.047
synthetic/images/img050602.jpg,synthetic_val,3,61006,3,07627,-0.372342,-0.0286417,-0.143208,0.916533,27.0448
synthetic/images/img050626.jpg,synthetic_val,3,41437,2,17364,0.599501,-0.0719402,0.767362,-0.215821,174.694
synthetic/images/img050635.jpg,synthetic_val,3,52420,1,07327,-0.143208,0.916533,-0.0286417,-0.372342,101.151
synthetic/images/img050661.jpg,synthetic_val,0,73076,2,42336,-0.508706,-0.026774,0.856767,0.0803219,169.219
synthetic/images/img050729.jpg,synthetic_val,0,73210,1,73116,0.613422,0.676879,0.401897,0.0634574,31.2888
synthetic/images/img050749.jpg,synthetic_val,3,71026,3,70310,0.364073,0.25205,0.0280056,0.896179,12.5234
synthetic/images/img050834.jpg,synthetic_val,2,75452,2,75065,0.431484,0.113548,0.72671,0.522323,13.4986
synthetic/images/img050858.jpg,synthetic_val,0,74073,0,74060,0.828726,0.0258977,0.129488,0.543852,19.1744
synthetic/images/img050916.jpg,synthetic_val,1,61350,1,61122,-0.208885,0.954905,0.208885,0.0298408,18.348
synthetic/images/img051019.jpg,synthetic_val,3,47127,0,43036,0.910577,-0.313011,-0.2561,0.0853666,169.3
synthetic/images/img051020.jpg,synthetic_val,3,12647,1,50331,0.373718,0.797264,-0.473376,0.0249145,160.881
synthetic/images/img051045.jpg,synthetic_val,2,03434,0,30754,0.809414,0.328824,0.227648,-0.430001,171.794
synthetic/images/img051051.jpg,synthetic_val,3,61445,1,52413,0.19245,0.879772,-0.357407,0.247436,175.021
synthetic/images/img051064.jpg,synthetic_val,1,51623,2,30407,0.0779024,0.0779024,0.830959,-0.545317,138.45
synthetic/images/img051065.jpg,synthetic_val,2,47500,2,45706,-0.147803,-0.443409,0.675671,0.570097,13.4946
synthetic/images/img051123.jpg,synthetic_val,0,75634,3,36007,0.0758825,0.480589,-0.328824,0.809414,104.818
synthetic/images/img051254.jpg,synthetic_val,1,61706,1,03773,-0.0268511,0.859235,-0.0268511,-0.510171,108.504
synthetic/images/img051255.jpg,synthetic_val,1,35576,0,37150,0.670902,0.608005,0.356417,-0.230623,37.5198
synthetic/images/img051263.jpg,synthetic_val,3,14766,0,52477,0.861723,0.188502,-0.24236,0.403933,122.661
synthetic/images/img051272.jpg,synthetic_val,1,45027,3,43207,-0.371126,-0.142741,0.0856444,0.91354,140.275
synthetic/images/img051391.jpg,synthetic_val,1,71010,3,47733,-0.0246108,-0.0246108,0.615271,0.787547,177.837
synthetic/images/img051394.jpg,synthetic_val,0,05517,1,21245,-0.298319,0.734324,0.206529,-0.57369,145.447
synthetic/images/img051489.jpg,synthetic_val,2,00671,1,17522,0.592723,0.758686,-0.21338,-0.165963,94.2011
synthetic/images/img051501.jpg,synthetic_val,2,70611,2,70072,0.149204,0.208885,0.954905,0.149204,14.5429
synthetic/images/img051540.jpg,synthetic_val,1,34060,3,71254,0.525822,0.225352,0.175274,0.801253,179.555
synthetic/images/img051627.jpg,synthetic_val,0,52615,3,57033,0.524491,-0.205236,0.387667,0.729727,105.072
synthetic/images/img051634.jpg,synthetic_val,3,61513,0,03424,0.751953,-0.352478,-0.258484,-0.493469,108.465
synthetic/images/img051661.jpg,synthetic_val,0,22731,2,14333,0.357244,-0.404877,0.762121,-0.357244,41.7391
synthetic/images/img051710.jpg,synthetic_val,2,64566,3,50714,0.302817,-0.535754,0.25623,0.745396,133.772
synthetic/images/img051732.jpg,synthetic_val,1,32527,1,31656,0.484974,0.739008,0.254034,-0.392598,40.3762
synthetic/images/img051765.jpg,synthetic_val,0,02212,3,67057,-0.201498,0.425385,0.51494,0.716438,70.7058
synthetic/images/img051867.jpg,synthetic_val,2,44101,3,14464,0.0238705,-0.644503,-0.0238705,0.763856,104.249
synthetic/images/img051915.jpg,synthetic_val,1,60137,3,03760,-0.184274,-0.0789747,-0.500173,0.842397,178.648
synthetic/images/img051973.jpg,synthetic_val,0,07106,0,02550,0.720787,-0.427967,-0.337869,-0.427967,32.7429
synthetic/images/img051985.jpg,synthetic_val,1,43225,0,16640,0.972379,0.0303869,-0.212708,-0.0911606,142.45
synthetic/images/img052004.jpg,synthetic_val,2,24521,2,24525,-0.539527,0.128459,0.822136,-0.128459,4.15228
synthetic/images/img052117.jpg,synthetic_val,3,46434,2,45623,-0.283212,-0.370354,0.697136,0.544638,37.5632
synthetic/images/img052125.jpg,synthetic_val,0,03123,2,34633,0.190728,0.408703,0.871899,-0.190728,173.821
synthetic/images/img052140.jpg,synthetic_val,3,34344,1,52406,0.0275764,0.882444,-0.358493,0.30334,106.119
synthetic/images/img052297.jpg,synthetic_val,3,63105,3,63512,-0.0781133,0.494718,0.23434,0.833209,18.545
synthetic/images/img052399.jpg,synthetic_val,2,12574,0,70247,0.922608,0.0864945,0.317146,0.20182,128.737
synthetic/images/img052412.jpg,synthetic_val,0,15530,0,15760,0.712167,0.55638,-0.422849,-0.0667657,17.8239
synthetic/images/img052431.jpg,synthetic_val,1,15505,2,24055,-0.600885,0.0240354,0.769133,-0.216319,85.913
synthetic/images/img052468.jpg,synthetic_val,1,37155,0,37171,0.634068,0.614253,0.416107,-0.217961,11.4704
synthetic/images/img052494.jpg,synthetic_val,1,53004,1,53601,0.488143,0.822136,-0.179842,0.231226,26.6853
synthetic/images/img052503.jpg,synthetic_val,1,42515,3,70073,0.206689,0.206689,0.147635,0.944862,146.967
synthetic/images/img052580.jpg,synthetic_val,3,17314,3,35107,0.61443,0.06827,-0.295837,0.728214,27.6594
synthetic/images/img052635.jpg,synthetic_val,0,00473,3,64553,-0.365528,0.0645049,0.623548,0.688053,71.6515
synthetic/images/img052700.jpg,synthetic_val,2,43075,2,43410,-0.288775,-0.393784,0.840072,0.23627,10.4728
synthetic/images/img052798.jpg,synthetic_val,3,34156,1,63635,-0.197958,0.703849,0.637864,0.241948,173.384
synthetic/images/img052807.jpg,synthetic_val,1,71112,2,30016,0.114738,0.0688428,0.734324,-0.665481,163.21
synthetic/images/img052838.jpg,synthetic_val,3,21640,3,25241,-0.348062,0.240966,-0.294514,0.856767,19.3879
synthetic/images/img052927.jpg,synthetic_val,1,73526,1,73321,0.530023,0.628176,0.569284,0.0196305,25.505
synthetic/images/img052985.jpg,synthetic_val,2,03073,2,03313,-0.0222994,-0.111497,0.713582,-0.691283,27.3375
synthetic/images/img053014.jpg,synthetic_val,2,77520,2,42000,-0.659276,-0.319005,0.680543,0.021267,179.489
synthetic/images/img053035.jpg,synthetic_val,2,43601,2,43526,-0.196039,-0.25205,0.896179,0.308062,18.1305
synthetic/images/img053052.jpg,synthetic_val,3,70176,3,70172,0.36522,0.196657,0.140469,0.899004,4.8491
synthetic/images/img053083.jpg,synthetic_val,3,43670,3,43627,-0.358493,-0.0275764,0.30334,0.882444,12.7954
synthetic/images/img053094.jpg,synthetic_val,0,70504,0,52720,0.925691,0.260351,-0.0867835,0.260351,18.0773
synthetic/images/img053099.jpg,synthetic_val,0,15234,1,13424,0.392598,0.739008,-0.254034,-0.484974,58.4682
synthetic/images/img053122.jpg,synthetic_val,2,47646,0,42666,0.680543,-0.659276,-0.021267,0.319005,176.251
synthetic/images/img053167.jpg,synthetic_val,1,06527,3,53000,0.433341,-0.38236,0.0254906,0.8157,101.065
synthetic/images/img053204.jpg,synthetic_val,1,60751,1,61436,-0.30334,0.882444,0.193035,0.30334,18.1263
synthetic/images/img053272.jpg,synthetic_val,2,65220,1,62125,-0.479882,0.73125,0.479882,0.0685546,72.9945
synthetic/images/img053274.jpg,synthetic_val,2,13645,2,15306,0.525995,-0.441836,0.673274,-0.273518,38.4686
synthetic/images/img053334.jpg,synthetic_val,1,46153,3,22627,-0.507368,0.542359,-0.367405,0.559855,29.3993
synthetic/images/img053361.jpg,synthetic_val,0,72350,2,43666,-0.390567,-0.0260378,0.833209,0.390567,152.81
synthetic/images/img053402.jpg,synthetic_val,3,63072,1,65072,-0.272041,0.791391,0.173117,0.51935,38.4979
synthetic/images/img053436.jpg,synthetic_val,1,74400,0,72235,0.729727,0.159628,0.661315,0.0684119,157.435
synthetic/images/img053485.jpg,synthetic_val,0,55361,0,57452,0.643224,0.422116,-0.26131,0.582922,25.545
synthetic/images/img053496.jpg,synthetic_val,0,16157,0,16161,0.859235,0.295362,-0.295362,-0.295362,11.8862
synthetic/images/img053558.jpg,synthetic_val,3,16554,3,16547,0.30334,-0.358493,-0.0275764,0.882444,8.04301
synthetic/images/img053726.jpg,synthetic_val,3,02246,2,43433,-0.252845,-0.252845,0.899004,0.252845,169.672
synthetic/images/img053733.jpg,synthetic_val,1,07421,2,56122,0.23434,-0.23434,0.833209,0.442642,103.359
synthetic/images/img053753.jpg,synthetic_val,1,24722,1,47134,-0.0770752,0.822136,-0.282609,0.488143,123.309
synthetic/images/img053923.jpg,synthetic_val,1,71406,1,71601,0.483068,0.813589,0.228822,0.228822,19.9165
synthetic/images/img053927.jpg,synthetic_val,1,42716,1,64157,-0.395135,0.743784,0.0697297,0.534595,36.5175
synthetic/images/img054060.jpg,synthetic_val,3,62060,3,07663,-0.374809,-0.0288315,-0.0864945,0.922608,72.2836
synthetic/images/img054083.jpg,synthetic_val,0,25637,3,74040,0.0261087,0.0261087,0.548282,0.835478,164.483
synthetic/images/img054106.jpg,synthetic_val,2,53715,0,63570,0.789462,-0.0740121,0.518084,0.320719,24.5884
synthetic/images/img054146.jpg,synthetic_val,0,52462,0,16617,0.954905,0.208885,-0.149204,-0.149204,61.8596
synthetic/images/img054198.jpg,synthetic_val,1,43643,1,61614,-0.299715,0.871899,0.245222,0.299715,43.2881
synthetic/images/img054270.jpg,synthetic_val,1,54240,3,36303,0.240097,0.589329,-0.327405,0.698464,45.9977
synthetic/images/img054329.jpg,synthetic_val,2,01477,3,43311,-0.0304997,-0.213498,0.0304997,0.975991,156.04
synthetic/images/img054354.jpg,synthetic_val,1,30716,2,12626,0.0261087,-0.0261087,0.835478,-0.548282,121.676
synthetic/images/img054359.jpg,synthetic_val,1,40014,0,67600,0.640128,-0.30006,0.5001,0.5001,76.6082
synthetic/images/img054384.jpg,synthetic_val,3,70041,3,24655,-0.600885,0.216319,-0.0240354,0.769133,87.3651
synthetic/images/img054419.jpg,synthetic_val,3,62527,0,16616,0.965275,0.150824,-0.150824,-0.150824,118.706
synthetic/images/img054428.jpg,synthetic_val,2,24335,1,67515,-0.0221241,0.707972,0.37611,0.597351,141.346
synthetic/images/img054432.jpg,synthetic_val,0,51265,0,51070,0.679315,0.445801,-0.573172,0.106143,17.7579
synthetic/images/img054446.jpg,synthetic_val,0,07254,0,07257,0.919555,-0.258625,-0.143681,-0.258625,6.52887
synthetic/images/img054462.jpg,synthetic_val,3,37770,1,56577,0.313385,0.668555,-0.188031,0.647663,34.7614
synthetic/images/img054510.jpg,synthetic_val,1,21651,1,21065,-0.302817,0.745396,0.116468,-0.582341,18.9029
synthetic/images/img054524.jpg,synthetic_val,2,34207,1,34613,0.198547,0.907642,0.312002,-0.198547,101.577
synthetic/images/img054536.jpg,synthetic_val,2,60635,2,50642,0.024731,-0.51935,0.791391,0.321503,121.24
synthetic/images/img054558.jpg,synthetic_val,3,45435,0,71406,0.842397,0.447523,0.0789747,0.289574,163.246
synthetic/images/img054639.jpg,synthetic_val,0,53417,1,53163,0.626216,0.742182,-0.208739,0.115966,35.2914
synthetic/images/img054660.jpg,synthetic_val,1,25261,1,25612,-0.30334,0.882444,0.30334,-0.193035,11.7698
synthetic/images/img054693.jpg,synthetic_val,1,16044,3,47545,-0.105762,-0.317287,0.655727,0.676879,88.9303
synthetic/images/img054709.jpg,synthetic_val,1,65656,1,40333,-0.424602,0.799251,-0.424602,0.0249766,110.916
synthetic/images/img054750.jpg,synthetic_val,1,24166,2,47436,-0.248782,-0.203549,0.72373,0.610647,176.609
synthetic/images/img054779.jpg,synthetic_val,3,50362,0,52420,0.91354,0.0285481,-0.314029,0.256933,131.992
synthetic/images/img054797.jpg,synthetic_val,3,63210,3,63035,-0.228232,0.532542,0.0760775,0.811493,12.6108
synthetic/images/img054835.jpg,synthetic_val,2,16535,2,71222,0.433341,0.38236,0.8157,0.0254906,79.1556
synthetic/images/img054933.jpg,synthetic_val,3,41333,0,34056,0.948174,0.148152,0.0888913,-0.266674,139.288
synthetic/images/img054934.jpg,synthetic_val,0,41325,0,10611,0.6932,0.151637,-0.498237,-0.498237,75.2513
synthetic/images/img055129.jpg,synthetic_val,0,41557,3,72566,0.208739,0.533443,0.347898,0.742182,162.518
synthetic/images/img055132.jpg,synthetic_val,2,31034,3,02775,-0.423547,-0.0747435,-0.423547,0.797264,37.2509
synthetic/images/img055242.jpg,synthetic_val,0,71611,1,73241,0.421184,0.709362,0.554189,0.110838,61.5927
synthetic/images/img055287.jpg,synthetic_val,3,34424,1,03657,-0.238919,0.849491,-0.132733,-0.451292,143.033
synthetic/images/img055295.jpg,synthetic_val,1,72225,0,61316,0.93834,-0.0879694,0.322554,0.0879694,153.916
synthetic/images/img055337.jpg,synthetic_val,1,50150,3,25514,-0.0921878,0.0307293,-0.153646,0.983336,155.97
synthetic/images/img055348.jpg,synthetic_val,0,52320,2,52627,0.0882735,-0.0294245,0.941584,0.323669,177.641
synthetic/images/img055356.jpg,synthetic_val,2,56452,2,56414,0.11172,-0.335159,0.715006,0.603286,6.12063
synthetic/images/img055439.jpg,synthetic_val,2,04526,1,16720,0.263908,0.93834,-0.0879694,-0.205262,96.4639
synthetic/images/img055495.jpg,synthetic_val,2,27721,1,34156,0.362936,0.893381,0.0837545,-0.251263,99.565
synthetic/images/img055513.jpg,synthetic_val,1,71444,3,36116,0.313185,0.457732,-0.313185,0.770916,72.7541
synthetic/images/img055515.jpg,synthetic_val,1,57332,1,61675,-0.232456,0.826512,0.33577,0.387427,110.716
synthetic/images/img055550.jpg,synthetic_val,2,07706,3,07611,-0.259483,-0.20182,-0.20182,0.922608,150.709
synthetic/images/img055568.jpg,synthetic_val,0,37762,1,71760,0.560843,0.717879,0.291638,0.291638,62.3112
synthetic/images/img055632.jpg,synthetic_val,3,12700,3,12757,0.379413,-0.126471,-0.430001,0.809414,21.9768
synthetic/images/img055645.jpg,synthetic_val,2,07614,0,27550,0.877124,-0.0822304,0.465972,-0.0822304,158.988
synthetic/images/img055648.jpg,synthetic_val,2,03236,3,74110,0.337577,0.0259675,0.441447,0.830959,143.863
synthetic/images/img055658.jpg,synthetic_val,3,63051,0,34032,0.879772,0.137464,0.19245,-0.412393,124.801
synthetic/images/img055663.jpg,synthetic_val,0,70160,0,70112,0.922608,0.374809,0.0864945,0.0288315,17.0217
synthetic/images/img055702.jpg,synthetic_val,1,21342,1,21223,-0.26653,0.656074,0.307535,-0.635572,17.1208
synthetic/images/img055710.jpg,synthetic_val,3,36310,1,54704,0.185144,0.658291,-0.473147,0.555433,30.623
synthetic/images/img055713.jpg,synthetic_val,1,42675,0,12172,0.715006,0.290471,-0.201095,-0.603286,132.189
synthetic/images/img055714.jpg,synthetic_val,2,52146,2,52070,0.144639,-0.318206,0.925691,0.144639,15.6181
synthetic/images/img055841.jpg,synthetic_val,1,17223,0,01615,0.702491,-0.197576,-0.504916,-0.46101,137.767
synthetic/images/img055859.jpg,synthetic_val,3,32126,1,52373,0.420084,0.896179,-0.0280056,0.140028,106.786
synthetic/images/img055892.jpg,synthetic_val,1,40123,2,76060,0.0228994,0.480888,0.732782,0.480888,171.83
synthetic/images/img055903.jpg,synthetic_val,3,11756,1,25663,-0.344137,0.847106,0.397081,-0.0794162,85.1742
synthetic/images/img055921.jpg,synthetic_val,1,07745,1,43304,-0.208145,0.951522,-0.208145,0.0892052,17.7402
synthetic/images/img056021.jpg,synthetic_val,0,71713,3,32212,0.0955375,0.515903,-0.592333,0.61144,135.727
synthetic/images/img056036.jpg,synthetic_val,1,43152,2,42530,-0.476942,-0.276124,0.80327,0.22592,119.615
synthetic/images/img056076.jpg,synthetic_val,0,35522,0,37141,0.688053,0.580544,0.365528,-0.236518,28.5435
synthetic/images/img056156.jpg,synthetic_val,0,34012,1,70073,0.206689,0.944862,0.206689,0.147635,146.554
synthetic/images/img056181.jpg,synthetic_val,3,74035,3,74010,0.136641,0.0273281,0.464578,0.8745,12.6117
synthetic/images/img056229.jpg,synthetic_val,2,25520,2,25564,-0.211154,0.150824,0.965275,-0.0301648,18.7037
synthetic/images/img056288.jpg,synthetic_val,3,65015,2,61720,-0.19245,0.357407,0.879772,0.247436,90.5693
synthetic/images/img056335.jpg,synthetic_val,3,65555,3,03716,-0.0774855,-0.129142,-0.542398,0.826512,156.92
synthetic/images/img056391.jpg,synthetic_val,1,31340,1,13066,0.378339,0.712167,-0.200297,-0.55638,47.9218
synthetic/images/img056526.jpg,synthetic_val,3,43156,1,70067,0.0892052,0.951522,0.208145,0.208145,165.073
synthetic/images/img056530.jpg,synthetic_val,2,35255,1,56504,0.198342,0.705215,-0.33057,0.595026,164.158
synthetic/images/img056602.jpg,synthetic_val,3,60555,0,56223,0.879772,0.0824786,-0.0274929,0.467379,178.323
synthetic/images/img056609.jpg,synthetic_val,3,34420,0,43313,0.987072,-0.030846,-0.15423,0.030846,169.926
synthetic/images/img056791.jpg,synthetic_val,3,71537,3,73455,0.505892,0.37392,0.329929,0.703849,35.5497
synthetic/images/img056843.jpg,synthetic_val,2,03636,2,03240,-0.333169,-0.155479,0.71076,-0.599704,22.0365
synthetic/images/img056895.jpg,synthetic_val,1,42172,2,24052,-0.622212,0.0691347,0.737437,-0.253494,160.701
synthetic/images/img056941.jpg,synthetic_val,0,52302,0,52030,0.935129,0.146114,-0.321451,0.0292228,22.6305
synthetic/images/img056945.jpg,synthetic_val,1,21360,3,14463,0.0734773,-0.612311,-0.0734773,0.783758,36.1802
synthetic/images/img056957.jpg,synthetic_val,0,45541,2,76101,0.265003,0.409549,0.770916,0.409549,167.904
synthetic/images/img057004.jpg,synthetic_val,0,55327,2,00641,-0.552506,-0.438195,0.609662,-0.361987,32.5178
synthetic/images/img057033.jpg,synthetic_val,0,40216,3,42771,-0.440261,-0.0776931,0.33667,0.828726,137.993
synthetic/images/img057041.jpg,synthetic_val,1,77547,3,15015,0.444035,-0.598482,-0.250976,0.617788,163.999
synthetic/images/img057079.jpg,synthetic_val,1,71362,0,35266,0.795292,0.422499,0.372793,-0.223676,59.6286
synthetic/images/img057086.jpg,synthetic_val,3,73173,3,20771,-0.395992,0.302817,-0.442579,0.745396,144.419
synthetic/images/img057125.jpg,synthetic_val,1,12655,1,27035,-0.217325,0.772712,0.507093,-0.313914,97.2761
synthetic/images/img057146.jpg,synthetic_val,3,74265,1,42524,-0.54287,0.755297,-0.259633,0.259633,152.056
synthetic/images/img057193.jpg,synthetic_val,1,43776,1,43766,-0.19422,0.887862,-0.0277457,0.416185,12.2079
synthetic/images/img057199.jpg,synthetic_val,2,43112,2,07556,-0.0864945,-0.374809,0.922608,-0.0288315,8.76494
synthetic/images/img057302.jpg,synthetic_val,2,07677,3,24253,-0.574903,0.252957,-0.252957,0.735875,168.837
synthetic/images/img057316.jpg,synthetic_val,0,34536,0,34157,0.8745,0.409922,0.0819844,-0.245953,19.6252
synthetic/images/img057331.jpg,synthetic_val,1,74422,3,72351,0.344214,0.57369,0.114738,0.734324,47.5933
synthetic/images/img057338.jpg,synthetic_val,3,10545,1,16323,0.29708,0.864234,-0.0270073,-0.40511,84.376
synthetic/images/img057360.jpg,synthetic_val,2,25013,2,25017,-0.251263,0.0837545,0.893381,-0.362936,6.60885
synthetic/images/img057380.jpg,synthetic_val,3,73631,3,27035,-0.217325,0.507093,-0.313914,0.772712,101.276
synthetic/images/img057411.jpg,synthetic_val,0,51271,2,52665,0.0842816,-0.0842816,0.899004,0.421408,139.932
synthetic/images/img057494.jpg,synthetic_val,1,37074,0,34341,0.871899,0.299715,0.245222,-0.299715,74.1081
synthetic/images/img057502.jpg,synthetic_val,1,07517,1,16421,0.0864945,0.922608,-0.317146,-0.20182,15.1208
synthetic/images/img057505.jpg,synthetic_val,3,50031,1,05333,-0.0254906,0.8157,-0.433341,-0.38236,68.6307
synthetic/images/img057554.jpg,synthetic_val,3,56620,2,07003,-0.326328,-0.326328,0.80327,-0.376533,152.275
synthetic/images/img057561.jpg,synthetic_val,1,65624,1,56644,0.0221676,0.709362,-0.155173,0.687194,68.8833
synthetic/images/img057613.jpg,synthetic_val,1,04513,0,03065,0.72671,-0.295226,-0.249807,-0.567742,154.589
synthetic/images/img057614.jpg,synthetic_val,2,31411,1,73216,0.447417,0.681778,0.57525,0.0639167,104.476
synthetic/images/img057648.jpg,synthetic_val,1,34136,1,35200,0.422499,0.795292,0.223676,-0.372793,10.9605
synthetic/images/img057670.jpg,synthetic_val,1,52026,1,16454,0.140028,0.896179,-0.420084,-0.0280056,29.4917
synthetic/images/img057718.jpg,synthetic_val,1,20653,3,44772,-0.378865,-0.338985,0.578268,0.638089,162.839
synthetic/images/img057732.jpg,synthetic_val,1,70041,1,43146,-0.194821,0.890609,-0.36181,0.194821,60.1848
synthetic/images/img057747.jpg,synthetic_val,2,43267,2,43266,-0.416185,-0.0277457,0.887862,0.19422,5.65232
synthetic/images/img057778.jpg,synthetic_val,2,61411,0,34722,0.861723,0.24236,0.403933,-0.188502,166.088
synthetic/images/img057782.jpg,synthetic_val,3,12072,0,51520,0.645313,0.504151,-0.544483,0.181494,126.763
synthetic/images/img057810.jpg,synthetic_val,0,64746,2,34031,0.19245,0.137464,0.879772,-0.412393,178.362
synthetic/images/img057816.jpg,synthetic_val,0,35417,0,35665,0.811493,0.481824,0.329669,-0.0253592,32.2429
synthetic/images/img057914.jpg,synthetic_val,3,40144,3,40522,-0.483916,-0.525995,0.189358,0.673274,11.3894
synthetic/images/img057935.jpg,synthetic_val,1,22403,0,47535,0.739008,-0.023094,-0.254034,0.623538,76.8648
synthetic/images/img057966.jpg,synthetic_val,3,42562,2,43251,-0.262111,-0.203864,0.931951,0.145617,110.388
synthetic/images/img057992.jpg,synthetic_val,0,65133,2,61226,-0.389512,0.389512,0.830959,0.0779024,164.662
synthetic/images/img058001.jpg,synthetic_val,0,57456,1,55047,0.361987,0.609662,-0.552506,0.438195,53.4521
synthetic/images/img058007.jpg,synthetic_val,1,17314,1,17122,0.565414,0.72373,-0.203549,-0.339248,11.1764
synthetic/images/img058074.jpg,synthetic_val,1,17433,3,17440,0.432219,-0.38137,-0.0762739,0.813589,162.111
synthetic/images/img058102.jpg,synthetic_val,1,07207,1,07255,-0.2561,0.910577,-0.199189,-0.2561,19.1382
synthetic/images/img058131.jpg,synthetic_val,3,61627,0,61305,0.948174,-0.148152,0.266674,0.0888913,152.038
synthetic/images/img058193.jpg,synthetic_val,1,65327,3,63025,-0.320719,0.518084,0.0740121,0.789462,64.4613
synthetic/images/img058312.jpg,synthetic_val,0,31162,1,34575,0.420084,0.896179,0.140028,-0.0280056,82.1185
synthetic/images/img058321.jpg,synthetic_val,3,57462,2,56712,0.302817,-0.116468,0.745396,0.582341,22.3355
synthetic/images/img058392.jpg,synthetic_val,1,73505,0,73551,0.647423,0.627191,0.343944,0.263016,11.5342
synthetic/images/img058427.jpg,synthetic_val,1,71345,3,32612,0.104099,0.562134,-0.478855,0.666233,123.292
synthetic/images/img058463.jpg,synthetic_val,2,61464,2,66406,-0.559035,0.342634,0.577069,0.486902,47.2995
synthetic/images/img058465.jpg,synthetic_val,3,70275,3,70271,0.196657,0.36522,0.140469,0.899004,4.62076
synthetic/images/img058470.jpg,synthetic_val,1,03137,1,21224,-0.315597,0.673274,0.273518,-0.610155,66.2825
synthetic/images/img058479.jpg,synthetic_val,1,43021,3,35152,0.649272,0.067166,-0.246276,0.716438,171.235
synthetic/images/img058541.jpg,synthetic_val,1,62236,3,61456,-0.296217,0.0807866,0.403933,0.861723,119.853
synthetic/images/img058603.jpg,synthetic_val,3,07522,3,36147,0.276124,0.476942,-0.22592,0.80327,106.413
synthetic/images/img058622.jpg,synthetic_val,0,50122,0,14744,0.791391,0.222579,-0.568812,-0.024731,8.79079
synthetic/images/img058673.jpg,synthetic_val,0,34626,3,24527,-0.535303,0.178434,-0.127453,0.8157,98.3018
synthetic/images/img058682.jpg,synthetic_val,2,72352,0,12214,0.72671,0.113548,-0.158968,-0.658581,167.136
synthetic/images/img058719.jpg,synthetic_val,3,11651,3,26334,-0.388241,0.592578,-0.265638,0.653879,173.502
synthetic/images/img058720.jpg,synthetic_val,0,62657,3,66535,-0.341162,0.421435,0.541845,0.642187,172.198
synthetic/images/img058866.jpg,synthetic_val,0,17605,2,04311,-0.37392,-0.505892,0.703849,-0.329929,96.9087
synthetic/images/img058889.jpg,synthetic_val,1,47762,1,70622,0.0274101,0.877124,0.411152,0.246691,73.945
synthetic/images/img058919.jpg,synthetic_val,0,65705,0,24576,0.844742,-0.501565,0.184787,-0.0263982,90.5272
synthetic/images/img058927.jpg,synthetic_val,0,14613,1,07433,-0.2561,0.910577,-0.2561,-0.199189,165.372
synthetic/images/img058934.jpg,synthetic_val,2,57606,2,52315,0.41491,-0.193624,0.88514,0.0829819,62.3757
synthetic/images/img058996.jpg,synthetic_val,1,54152,3,35333,0.628221,0.303978,-0.303978,0.648486,71.9583
synthetic/images/img059030.jpg,synthetic_val,2,66321,2,63101,-0.136641,0.464578,0.8745,0.0273281,55.4547
synthetic/images/img059049.jpg,synthetic_val,2,50117,2,50150,0.278493,-0.664099,0.685522,0.107113,5.94423
synthetic/images/img059189.jpg,synthetic_val,2,76233,1,15066,0.378339,0.712167,-0.55638,-0.200297,172.565
synthetic/images/img059245.jpg,synthetic_val,1,25206,1,20547,-0.500142,0.762121,0.0714488,-0.404877,30.2543
synthetic/images/img059279.jpg,synthetic_val,2,30360,1,33164,0.479794,0.614137,0.403027,-0.479794,63.3496
synthetic/images/img059359.jpg,synthetic_val,1,60341,3,07275,-0.260351,-0.0867835,-0.260351,0.925691,167.829
synthetic/images/img059396.jpg,synthetic_val,3,27131,0,27521,0.8157,-0.127453,0.535303,-0.178434,131.171
synthetic/images/img059514.jpg,synthetic_val,1,50460,0,07522,0.922608,-0.20182,-0.259483,-0.20182,179.09
synthetic/images/img059541.jpg,synthetic_val,3,67425,1,60414,-0.623538,0.739008,0.023094,0.254034,95.0701
synthetic/images/img059612.jpg,synthetic_val,1,43073,3,40304,-0.50298,-0.50298,0.0656061,0.699798,153.363
synthetic/images/img059714.jpg,synthetic_val,3,01135,1,17163,0.610647,0.72373,-0.203549,-0.248782,130.097
synthetic/images/img059729.jpg,synthetic_val,0,24122,0,20745,0.74702,-0.490232,0.210099,-0.396854,6.96222
synthetic/images/img059741.jpg,synthetic_val,2,67351,1,04167,-0.450702,0.686784,-0.53655,-0.193158,169.961
synthetic/images/img059763.jpg,synthetic_val,1,55743,1,55035,0.447383,0.622446,-0.525188,0.369577,27.2345
synthetic/images/img059775.jpg,synthetic_val,1,25314,1,25325,-0.134255,0.859235,0.349064,-0.349064,14.7581
synthetic/images/img059828.jpg,synthetic_val,3,32455,1,04372,-0.448458,0.755297,-0.401252,-0.259633,155.217
synthetic/images/img059835.jpg,synthetic_val,0,14645,2,16666,0.0312043,-0.0312043,0.998538,-0.0312043,113.15
synthetic/images/img059910.jpg,synthetic_val,3,25404,3,43223,-0.376062,-0.0289278,0.0289278,0.925691,23.2251
synthetic/images/img059929.jpg,synthetic_val,1,21675,1,21742,-0.177514,0.811493,0.278951,-0.481824,10.3659
synthetic/images/img059935.jpg,synthetic_val,2,65247,1,00221,-0.513697,0.566838,-0.33656,-0.549124,151.913
lightbox/images/img000002.jpg,lightbox,3,35253,0,32142,0.683019,0.192099,0.405542,-0.576297,168.514
lightbox/images/img000003.jpg,lightbox,2,52540,3,16740,0.263908,-0.205262,-0.0879694,0.93834,136.665
lightbox/images/img000008.jpg,lightbox,1,07334,3,16655,0.208885,-0.208885,-0.0298408,0.954905,111.855
lightbox/images/img000009.jpg,lightbox,1,02263,3,32242,0.0200683,0.541845,-0.541845,0.642187,178.428
lightbox/images/img000024.jpg,lightbox,2,51245,0,61750,0.893381,-0.0837545,0.251263,0.362936,97.5355
lightbox/images/img000035.jpg,lightbox,2,64401,1,03063,-0.290471,0.715006,-0.201095,-0.603286,151.985
lightbox/images/img000057.jpg,lightbox,2,65002,2,64053,-0.545675,0.065481,0.698464,0.458367,22.9664
lightbox/images/img000058.jpg,lightbox,0,53502,1,30614,0.126148,0.80735,0.227067,-0.529823,139.217
lightbox/images/img000061.jpg,lightbox,0,17326,2,25652,-0.308062,0.308062,0.896179,-0.0840168,171.983
lightbox/images/img000063.jpg,lightbox,1,74143,1,74271,0.17063,0.780024,0.316885,0.511891,29.7994
lightbox/images/img000066.jpg,lightbox,2,70267,2,70622,0.0274101,0.411152,0.877124,0.246691,11.4163
lightbox/images/img000086.jpg,lightbox,0,25214,3,61207,-0.357407,0.302422,0.0824786,0.879772,95.7047
lightbox/images/img000099.jpg,lightbox,0,61573,2,72402,0.0261087,0.496065,0.835478,0.234978,148.918
lightbox/images/img000124.jpg,lightbox,0,53301,2,03215,-0.201498,-0.156721,0.716438,-0.649272,131.517
lightbox/images/img000130.jpg,lightbox,2,26351,0,72524,0.783758,0.220432,0.514341,0.269417,163.086
lightbox/images/img000133.jpg,lightbox,2,34422,0,07255,0.910577,-0.2561,-0.199189,-0.2561,162.732
lightbox/images/img000140.jpg,lightbox,2,74231,2,70670,0.134255,0.349064,0.859235,0.349064,12.0318
lightbox/images/img000141.jpg,lightbox,3,25756,1,14224,0.0253592,0.811493,-0.481824,-0.329669,177.238
lightbox/images/img000164.jpg,lightbox,1,25727,1,25672,-0.296217,0.861723,0.403933,-0.0807866,17.516
lightbox/images/img000169.jpg,lightbox,1,46570,1,44625,-0.533481,0.588669,-0.349522,0.49669,27.02
lightbox/images/img000176.jpg,lightbox,3,41646,3,42723,-0.533917,-0.0254246,0.228822,0.813589,59.995
lightbox/images/img000177.jpg,lightbox,1,70142,1,05127,-0.116468,0.745396,-0.582341,-0.302817,108.98
lightbox/images/img000178.jpg,lightbox,2,37641,3,43457,-0.232456,-0.33577,0.387427,0.826512,174.621
lightbox/images/img000182.jpg,lightbox,1,36024,1,70745,0.288775,0.840072,0.23627,0.393784,96.7659
lightbox/images/img000188.jpg,lightbox,3,16404,2,40345,-0.464606,-0.508855,0.707972,0.154869,148.891
lightbox/images/img000199.jpg,lightbox,2,42316,1,34014,0.143208,0.916533,0.0286417,-0.372342,158.618
lightbox/images/img000203.jpg,lightbox,0,07043,3,34707,0.306147,0.306147,-0.139158,0.890609,171.498
lightbox/images/img000209.jpg,lightbox,1,00566,2,67004,-0.344214,0.390109,0.734324,0.436005,167.636
lightbox/images/img000213.jpg,lightbox,1,21631,1,23345,-0.10428,0.667391,0.521399,-0.521399,27.4412
lightbox/images/img000226.jpg,lightbox,0,32564,3,07275,-0.260351,-0.0867835,-0.260351,0.925691,89.3061
lightbox/images/img000239.jpg,lightbox,1,55020,1,34771,0.397081,0.847106,0.344137,-0.0794162,122.047
lightbox/images/img000245.jpg,lightbox,0,25143,0,34054,0.951522,0.148675,0.0297351,-0.267615,36.4289
lightbox/images/img000248.jpg,lightbox,1,12551,1,12644,0.0270864,0.866766,-0.189605,-0.46047,45.6351
lightbox/images/img000251.jpg,lightbox,3,25270,3,27005,-0.319941,0.418384,-0.319941,0.787547,10.5405
lightbox/images/img000261.jpg,lightbox,3,07134,3,07176,-0.0867835,-0.260351,-0.260351,0.925691,15.5534
lightbox/images/img000264.jpg,lightbox,2,16520,2,16523,0.308062,-0.25205,0.896179,-0.196039,11.071
lightbox/images/img000267.jpg,lightbox,0,73206,1,75431,0.490028,0.681778,0.106528,0.532639,89.7455
lightbox/images/img000275.jpg,lightbox,3,50374,3,32612,0.104099,0.562134,-0.478855,0.666233,155.173
lightbox/images/img000280.jpg,lightbox,2,16374,1,45634,-0.232677,0.676879,-0.401897,0.571117,99.8061
lightbox/images/img000290.jpg,lightbox,1,65625,1,42761,-0.518084,0.789462,-0.0740121,0.320719,60.9358
lightbox/images/img000298.jpg,lightbox,0,70401,2,16655,0.208885,-0.208885,0.954905,-0.0298408,156.951
lightbox/images/img000315.jpg,lightbox,0,16364,0,16727,0.935129,0.321451,-0.0292228,-0.146114,17.4635
lightbox/images/img000318.jpg,lightbox,0,45166,2,26352,-0.401897,0.571117,0.676879,-0.232677,69.8514
lightbox/images/img000319.jpg,lightbox,2,44027,0,43314,0.968808,-0.0908257,-0.211927,0.0908257,109.687
lightbox/images/img000320.jpg,lightbox,0,61072,0,61055,0.941584,-0.26482,0.0294245,0.205971,20.87
lightbox/images/img000321.jpg,lightbox,1,62051,1,52631,0.205262,0.93834,-0.0879694,0.263908,111.371
lightbox/images/img000334.jpg,lightbox,0,43572,0,52420,0.91354,0.0285481,-0.314029,0.256933,17.7612
lightbox/images/img000340.jpg,lightbox,0,74101,0,56123,0.822136,0.282609,-0.231226,0.43676,28.345
lightbox/images/img000345.jpg,lightbox,2,53373,1,65303,-0.130901,0.837765,0.287982,0.445063,165.587
lightbox/images/img000349.jpg,lightbox,2,61321,2,25354,-0.0867835,0.260351,0.925691,-0.260351,38.0772
lightbox/images/img000351.jpg,lightbox,1,52007,3,54033,0.157036,-0.560843,0.381373,0.717879,105.232
lightbox/images/img000359.jpg,lightbox,0,21457,0,21445,0.830959,-0.337577,0.0259675,-0.441447,12.6136
lightbox/images/img000363.jpg,lightbox,3,74131,3,75021,0.460953,0.121303,0.412432,0.776342,10.7883
lightbox/images/img000366.jpg,lightbox,3,26640,1,16616,0.150824,0.965275,-0.150824,-0.150824,147.251
lightbox/images/img000367.jpg,lightbox,2,70261,0,63045,0.817829,-0.332243,0.434472,0.1789,137.461
lightbox/images/img000376.jpg,lightbox,2,31245,2,04344,-0.494538,-0.494538,0.688053,-0.193515,148.774
lightbox/images/img000377.jpg,lightbox,2,67146,0,30504,0.813589,0.228822,0.0254246,-0.533917,143.478
lightbox/images/img000401.jpg,lightbox,2,13671,0,04376,0.763856,-0.453539,-0.405798,-0.214834,151.397
lightbox/images/img000403.jpg,lightbox,3,63417,1,61471,-0.249711,0.887862,0.138728,0.360694,70.3151
lightbox/images/img000410.jpg,lightbox,0,25733,1,70214,0.148152,0.948174,0.266674,0.0888913,155.465
lightbox/images/img000430.jpg,lightbox,2,57530,2,21560,-0.183261,0.130901,0.837765,-0.497423,163.401
lightbox/images/img000434.jpg,lightbox,0,73374,3,73722,0.481929,0.597592,0.173494,0.616869,73.9953
lightbox/images/img000449.jpg,lightbox,3,72507,3,70072,0.149204,0.208885,0.149204,0.954905,40.8849
lightbox/images/img000450.jpg,lightbox,1,13505,1,41217,-0.228232,0.811493,-0.532542,0.0760775,116.197
lightbox/images/img000458.jpg,lightbox,2,36110,1,53601,0.488143,0.822136,-0.179842,0.231226,151.041
lightbox/images/img000460.jpg,lightbox,1,74056,0,21555,0.882444,-0.0275764,0.0275764,-0.468798,157.127
lightbox/images/img000472.jpg,lightbox,1,06224,1,06176,-0.483068,0.813589,-0.228822,-0.228822,31.9767
lightbox/images/img000479.jpg,lightbox,3,67106,1,42500,-0.533443,0.742182,-0.347898,0.208739,132.528
lightbox/images/img000481.jpg,lightbox,2,27166,0,21742,0.811493,-0.177514,0.278951,-0.481824,171.108
lightbox/images/img000493.jpg,lightbox,2,34116,1,56540,0.193158,0.686784,-0.32193,0.622398,140.501
lightbox/images/img000496.jpg,lightbox,2,61007,3,43652,-0.300609,-0.136641,0.355266,0.8745,121.936
lightbox/images/img000497.jpg,lightbox,3,17762,3,35107,0.61443,0.06827,-0.295837,0.728214,27.4005
lightbox/images/img000499.jpg,lightbox,3,14612,3,26723,-0.422116,0.623123,-0.140705,0.643224,158.725
lightbox/images/img000503.jpg,lightbox,0,05534,0,05535,0.758686,-0.0237089,-0.640141,-0.118545,6.26305
lightbox/images/img000507.jpg,lightbox,2,34231,0,26376,0.649554,-0.385673,0.629255,-0.182687,110.903
lightbox/images/img000510.jpg,lightbox,3,55003,3,32177,0.305995,0.469192,-0.509992,0.652789,170.919
lightbox/images/img000512.jpg,lightbox,3,35023,3,17446,0.441447,-0.337577,-0.0259675,0.830959,69.9809
lightbox/images/img000514.jpg,lightbox,3,70021,3,70056,0.150278,0.090167,0.21039,0.961781,21.3633
lightbox/images/img000518.jpg,lightbox,2,30347,2,30061,0.0709674,0.118279,0.756986,-0.638707,26.0464
lightbox/images/img000525.jpg,lightbox,1,43567,1,70654,0.135831,0.869321,0.244497,0.407494,63.5688
lightbox/images/img000528.jpg,lightbox,2,47044,1,20433,-0.529761,0.678094,0.148333,-0.48738,160.527
lightbox/images/img000532.jpg,lightbox,3,07501,0,51222,0.799251,0.424602,-0.424602,0.0249766,159
lightbox/images/img000538.jpg,lightbox,2,34163,1,73043,0.451486,0.760398,0.451486,0.118812,101.149
lightbox/images/img000539.jpg,lightbox,2,70001,0,06757,0.8745,-0.464578,-0.136641,-0.0273281,172.417
lightbox/images/img000542.jpg,lightbox,2,01675,2,01361,-0.10811,-0.410817,0.691902,-0.583792,27.5592
lightbox/images/img000554.jpg,lightbox,3,17347,3,17273,0.561979,-0.0244339,-0.268773,0.781884,16.6055
lightbox/images/img000555.jpg,lightbox,0,26432,1,46324,-0.524491,0.729727,-0.0684119,0.433275,62.7146
lightbox/images/img000564.jpg,lightbox,2,05161,1,14774,0.329669,0.811493,-0.481824,-0.0253592,53.1909
lightbox/images/img000571.jpg,lightbox,1,63045,1,62514,-0.448458,0.755297,0.401252,0.259633,18.671
lightbox/images/img000583.jpg,lightbox,1,43261,2,05172,-0.0711268,-0.592723,0.758686,-0.260798,104.177
lightbox/images/img000587.jpg,lightbox,3,16614,0,07316,0.91354,-0.0856444,-0.142741,-0.371126,158.398
lightbox/images/img000605.jpg,lightbox,2,72377,0,43653,0.887862,-0.249711,-0.138728,0.360694,170.165
lightbox/images/img000620.jpg,lightbox,2,16627,3,60056,-0.63446,0.0704956,0.16449,0.751953,177.151
lightbox/images/img000628.jpg,lightbox,0,52142,0,52605,0.922608,0.0864945,-0.20182,0.317146,35.3464
lightbox/images/img000629.jpg,lightbox,2,05542,2,71442,0.440261,0.0776931,0.828726,0.33667,125.589
lightbox/images/img000643.jpg,lightbox,2,07366,2,07621,-0.367549,-0.0848189,0.904735,-0.197911,22.6813
lightbox/images/img000645.jpg,lightbox,0,52660,0,07770,0.987072,-0.092538,-0.092538,-0.092538,55.4638
lightbox/images/img000646.jpg,lightbox,0,71670,3,70013,0.212708,0.0911606,0.0303869,0.972379,117.181
lightbox/images/img000655.jpg,lightbox,2,31247,3,07714,-0.090167,-0.21039,-0.150278,0.961781,89.1074
lightbox/images/img000666.jpg,lightbox,1,07327,3,47520,-0.164128,-0.257915,0.58617,0.750298,119.703
lightbox/images/img000667.jpg,lightbox,1,61065,1,61074,-0.315058,0.916533,0.143208,0.200492,4.80106
lightbox/images/img000671.jpg,lightbox,0,61226,1,52171,0.40161,0.856767,-0.294514,0.13387,169.327
lightbox/images/img000678.jpg,lightbox,3,72237,1,74243,0.0751175,0.801253,0.275431,0.525822,36.8372
lightbox/images/img000690.jpg,lightbox,0,55666,1,73223,0.39219,0.660531,0.63989,0.0206416,149
lightbox/images/img000695.jpg,lightbox,0,52077,2,52655,0.190728,-0.190728,0.871899,0.408703,178.965
lightbox/images/img000696.jpg,lightbox,1,35432,1,35702,0.58617,0.750298,0.257915,-0.164128,13.6177
lightbox/images/img000700.jpg,lightbox,3,65365,0,25661,0.864234,-0.351095,0.351095,-0.0810219,167.765
lightbox/images/img000708.jpg,lightbox,1,53026,3,75205,0.444513,0.210559,0.444513,0.748653,143.459
lightbox/images/img000711.jpg,lightbox,1,23576,3,14441,0.0670318,-0.692662,-0.0670318,0.715006,64.5411
lightbox/images/img000719.jpg,lightbox,1,53631,2,37000,0.397722,0.397722,0.748653,-0.350931,132.489
lightbox/images/img000727.jpg,lightbox,1,43645,1,44025,-0.533481,0.588669,-0.49669,0.349522,53.479
lightbox/images/img000737.jpg,lightbox,3,14261,3,16012,0.131625,-0.342224,-0.394874,0.842397,22.6055
lightbox/images/img000744.jpg,lightbox,1,21615,1,11266,0.360237,0.678094,-0.360237,-0.529761,95.2676
lightbox/images/img000745.jpg,lightbox,3,25770,3,61304,-0.205262,0.263908,0.0879694,0.93834,28.2301
lightbox/images/img000746.jpg,lightbox,1,11607,1,11511,0.525877,0.542841,-0.525877,-0.390167,23.2485
lightbox/images/img000773.jpg,lightbox,3,26511,1,70373,0.387427,0.826512,0.387427,0.129142,153.726
lightbox/images/img000794.jpg,lightbox,1,30371,1,13722,0.535564,0.685522,-0.0214226,-0.492719,44.3724
lightbox/images/img000797.jpg,lightbox,1,43153,3,16743,0.320358,-0.145617,-0.0873704,0.931951,177.176
lightbox/images/img000808.jpg,lightbox,1,67425,2,21376,-0.0691347,0.345674,0.737437,-0.576123,152.506
lightbox/images/img000818.jpg,lightbox,0,25525,0,25532,0.951522,-0.0892052,0.208145,-0.208145,11.1695
lightbox/images/img000823.jpg,lightbox,3,30124,3,01611,-0.193515,-0.494538,-0.494538,0.688053,86.4595
lightbox/images/img000845.jpg,lightbox,2,47324,2,47736,-0.0714488,-0.0238163,0.762121,0.643039,22.6276
lightbox/images/img000849.jpg,lightbox,2,63533,0,03066,0.72373,-0.339248,-0.203549,-0.565414,122.434
lightbox/images/img000856.jpg,lightbox,2,02743,1,17527,0.626216,0.742182,-0.208739,-0.115966,120.432
lightbox/images/img000858.jpg,lightbox,1,35606,3,61461,-0.349064,0.134255,0.349064,0.859235,173.695
lightbox/images/img000861.jpg,lightbox,1,71657,2,13046,0.370354,-0.283212,0.697136,-0.544638,178.387
lightbox/images/img000867.jpg,lightbox,2,70351,2,70356,0.352124,0.297951,0.866766,0.189605,11.6386
lightbox/images/img000871.jpg,lightbox,3,75207,3,71111,0.695445,0.0224337,0.0224337,0.717879,64.7777
lightbox/images/img000878.jpg,lightbox,1,27555,1,70217,0.20182,0.922608,0.317146,0.0864945,33.9233
lightbox/images/img000888.jpg,lightbox,2,54155,0,65732,0.737437,-0.0691347,0.345674,0.576123,87.586
lightbox/images/img000892.jpg,lightbox,0,56465,0,65250,0.783758,-0.269417,0.220432,0.514341,71.4187
lightbox/images/img000893.jpg,lightbox,1,15071,2,22726,-0.423106,0.570273,0.588669,-0.386314,172.158
lightbox/images/img000894.jpg,lightbox,2,36604,0,70241,0.948174,0.0888913,0.266674,0.148152,146.349
lightbox/images/img000895.jpg,lightbox,0,43770,0,43777,0.904735,-0.028273,-0.028273,0.424094,12.5523
lightbox/images/img000904.jpg,lightbox,1,37600,1,62514,-0.448458,0.755297,0.401252,0.259633,113.326
lightbox/images/img000911.jpg,lightbox,3,36100,2,61114,-0.0928922,0.0309641,0.99085,0.0928922,143.417
lightbox/images/img000915.jpg,lightbox,0,36607,3,27424,-0.362209,0.507093,-0.120736,0.772712,130.27
lightbox/images/img000919.jpg,lightbox,2,06336,2,24114,-0.481824,0.0253592,0.811493,-0.329669,7.19942
lightbox/images/img000930.jpg,lightbox,0,70706,0,70770,0.817829,0.332243,0.332243,0.332243,10.9953
lightbox/images/img000932.jpg,lightbox,1,13307,0,15666,0.799251,0.424602,-0.424602,-0.0249766,85.0568
lightbox/images/img000933.jpg,lightbox,1,56001,1,56533,0.339248,0.72373,-0.203549,0.565414,38.8316
lightbox/images/img000937.jpg,lightbox,0,12401,2,16523,0.308062,-0.25205,0.896179,-0.196039,179.99
lightbox/images/img000950.jpg,lightbox,3,24457,3,24271,-0.567742,0.295226,-0.249807,0.72671,36.4277
lightbox/images/img000951.jpg,lightbox,3,56720,3,56345,0.265003,-0.168638,0.554096,0.770916,10.9534
lightbox/images/img000956.jpg,lightbox,2,40524,2,71064,0.456468,0.134255,0.859235,0.187958,141.839
lightbox/images/img000957.jpg,lightbox,0,33366,1,37465,0.444513,0.748653,0.491304,-0.0233954,60.9209
lightbox/images/img000962.jpg,lightbox,3,15711,3,45103,-0.107113,-0.621254,0.364184,0.685522,105.105
lightbox/images/img000974.jpg,lightbox,2,65757,2,02713,-0.393438,-0.115717,0.74059,-0.532299,164.129
lightbox/images/img000982.jpg,lightbox,0,25323,0,24373,0.785646,-0.417374,0.368271,-0.270066,39.0932
lightbox/images/img000988.jpg,lightbox,1,72150,1,25672,-0.296217,0.861723,0.403933,-0.0807866,76.138
lightbox/images/img000992.jpg,lightbox,2,01267,2,01121,-0.0955375,-0.515903,0.61144,-0.592333,27.1182
lightbox/images/img000995.jpg,lightbox,3,44307,1,74345,0.262575,0.763856,0.214834,0.549021,179.598
lightbox/images/img001003.jpg,lightbox,1,34216,1,34242,0.0280939,0.899004,0.309033,-0.309033,17.0297
lightbox/images/img001007.jpg,lightbox,3,00701,1,53334,0.668302,0.737437,-0.0691347,0.0691347,113.296
lightbox/images/img001013.jpg,lightbox,3,07171,3,74010,0.136641,0.0273281,0.464578,0.8745,102.011
lightbox/images/img001018.jpg,lightbox,3,10403,2,23626,-0.291331,0.602084,0.621506,-0.407863,40.6681
lightbox/images/img001026.jpg,lightbox,0,51040,2,21266,-0.327405,0.327405,0.698464,-0.545675,104.736
lightbox/images/img001030.jpg,lightbox,3,65340,3,65217,-0.22592,0.276124,0.476942,0.80327,9.96381
lightbox/images/img001042.jpg,lightbox,0,14030,0,43753,0.916533,-0.0286417,-0.143208,0.372342,103.92
lightbox/images/img001044.jpg,lightbox,1,41072,1,41107,-0.114738,0.734324,-0.665481,0.0688428,19.4806
lightbox/images/img001045.jpg,lightbox,2,65313,0,25152,0.93834,-0.0879694,0.0879694,-0.322554,165.249
lightbox/images/img001050.jpg,lightbox,3,66167,1,53001,0.473376,0.797264,-0.373718,0.0249145,179.394
lightbox/images/img001051.jpg,lightbox,0,73527,0,07300,0.871899,-0.190728,-0.190728,-0.408703,146.528
lightbox/images/img001070.jpg,lightbox,3,56320,3,56306,0.233079,-0.129488,0.492056,0.828726,8.19189
lightbox/images/img001087.jpg,lightbox,2,67026,0,60755,0.795292,-0.422499,0.223676,0.372793,161.561
lightbox/images/img001094.jpg,lightbox,0,67534,2,21452,-0.282609,0.0770752,0.822136,-0.488143,167.114
lightbox/images/img001105.jpg,lightbox,0,07157,0,16616,0.965275,0.150824,-0.150824,-0.150824,34.7674
lightbox/images/img001106.jpg,lightbox,0,27417,0,16420,0.925691,0.0289278,-0.318206,-0.202495,103.359
lightbox/images/img001107.jpg,lightbox,3,36524,3,36562,0.222036,0.567426,-0.0740121,0.789462,8.81086
lightbox/images/img001108.jpg,lightbox,0,61367,3,65225,-0.313185,0.313185,0.457732,0.770916,177.925
lightbox/images/img001109.jpg,lightbox,3,71071,3,71072,0.535303,0.178434,0.127453,0.8157,8.94371
lightbox/images/img001111.jpg,lightbox,0,20226,1,46505,-0.426974,0.650627,-0.304981,0.548966,21.8668
lightbox/images/img001119.jpg,lightbox,1,27364,3,24452,-0.641585,0.0712873,-0.0712873,0.760398,175.125
lightbox/images/img001125.jpg,lightbox,3,20770,3,40767,-0.472059,-0.382143,0.337185,0.719328,122.741
lightbox/images/img001129.jpg,lightbox,2,43044,0,46421,0.626248,-0.567537,-0.215273,0.489256,167.181
lightbox/images/img001139.jpg,lightbox,3,16632,3,16616,0.150824,-0.150824,-0.150824,0.965275,16.7488
lightbox/images/img001145.jpg,lightbox,3,02411,0,43463,0.842397,-0.342224,-0.236924,0.342224,177.568
lightbox/images/img001148.jpg,lightbox,2,07674,3,53325,0.641585,-0.0712873,0.0712873,0.760398,160.742
lightbox/images/img001150.jpg,lightbox,1,22163,3,27620,-0.324329,0.627036,-0.151354,0.691902,170.45
lightbox/images/img001154.jpg,lightbox,3,01461,2,21116,-0.0691347,0.0691347,0.737437,-0.668302,81.0093
lightbox/images/img001155.jpg,lightbox,3,65234,1,34531,0.412393,0.879772,0.137464,-0.19245,171.506
lightbox/images/img001159.jpg,lightbox,1,12266,2,43425,-0.343176,-0.29038,0.844742,0.29038,126.778
lightbox/images/img001176.jpg,lightbox,2,20730,1,44216,-0.534156,0.633074,-0.415455,0.375888,173.136
lightbox/images/img001184.jpg,lightbox,2,07465,2,17007,0.457732,-0.313185,0.770916,-0.313185,105.062
lightbox/images/img001187.jpg,lightbox,3,57116,3,61545,-0.140028,0.0280056,0.420084,0.896179,97.0117
lightbox/images/img001196.jpg,lightbox,1,71714,1,71534,0.646684,0.713582,0.111497,0.245294,8.65688
lightbox/images/img001199.jpg,lightbox,1,07763,2,43363,-0.152499,-0.0304997,0.975991,0.152499,173.149
lightbox/images/img001201.jpg,lightbox,1,20502,1,24107,-0.518084,0.789462,0.0740121,-0.320719,24.8013
lightbox/images/img001209.jpg,lightbox,2,54676,2,40334,-0.453539,-0.453539,0.763856,0.0716115,95.8722
lightbox/images/img001216.jpg,lightbox,1,12522,2,71170,0.662695,0.114258,0.73125,0.114258,178.938
lightbox/images/img001220.jpg,lightbox,3,77455,3,76535,0.304981,0.426974,0.548966,0.650627,18.4022
lightbox/images/img001234.jpg,lightbox,2,42677,3,45133,-0.0227097,-0.567742,0.386065,0.72671,110.527
lightbox/images/img001236.jpg,lightbox,0,14207,1,14212,0.120736,0.772712,-0.507093,-0.362209,115.646
lightbox/images/img001246.jpg,lightbox,1,07473,3,52176,0.357407,-0.247436,0.19245,0.879772,128.918
lightbox/images/img001253.jpg,lightbox,2,05552,2,50166,0.21338,-0.592723,0.758686,0.165963,43.0544
lightbox/images/img001255.jpg,lightbox,2,71225,0,70276,0.879772,0.137464,0.412393,0.19245,70.6058
lightbox/images/img001264.jpg,lightbox,2,27665,2,52047,0.0848189,-0.367549,0.904735,0.197911,135.614
lightbox/images/img001268.jpg,lightbox,1,64577,1,42223,-0.67116,0.74059,-0.0231434,0.0231434,84.3925
lightbox/images/img001280.jpg,lightbox,1,36524,0,07733,0.975991,-0.0304997,-0.0304997,-0.213498,156.909
lightbox/images/img001287.jpg,lightbox,3,12476,3,12742,0.233079,-0.129488,-0.492056,0.828726,19.384
lightbox/images/img001288.jpg,lightbox,3,45712,3,54056,0.10166,-0.589631,0.467638,0.650627,25.855
lightbox/images/img001295.jpg,lightbox,1,77157,3,20360,-0.464575,0.262586,-0.545371,0.646366,177.184
lightbox/images/img001299.jpg,lightbox,0,66244,3,65526,-0.162703,0.162703,0.627568,0.743784,132.733
lightbox/images/img001308.jpg,lightbox,2,07526,2,07532,-0.0879694,-0.263908,0.93834,-0.205262,18.2446
lightbox/images/img001314.jpg,lightbox,0,57275,0,57203,0.776342,0.460953,-0.121303,0.412432,17.0047
lightbox/images/img001319.jpg,lightbox,1,43373,2,70415,0.202495,0.0289278,0.925691,0.318206,174.403
lightbox/images/img001323.jpg,lightbox,1,26444,3,43347,-0.149204,-0.149204,0.208885,0.954905,173.591
lightbox/images/img001331.jpg,lightbox,2,62342,2,62212,-0.541845,0.541845,0.642187,0.0200683,13.9069
lightbox/images/img001344.jpg,lightbox,0,72010,3,53017,0.552814,-0.31246,0.0721062,0.769133,121.201
lightbox/images/img001350.jpg,lightbox,2,02653,0,51143,0.625291,0.527589,-0.56667,0.0977017,65.9983
lightbox/images/img001355.jpg,lightbox,3,25754,3,25752,-0.0879694,0.322554,-0.0879694,0.93834,7.68959
lightbox/images/img001365.jpg,lightbox,0,42042,1,24444,-0.695445,0.717879,0.0224337,-0.0224337,31.4816
lightbox/images/img001366.jpg,lightbox,0,76122,2,71657,0.527795,0.252424,0.734324,0.344214,33.5084
lightbox/images/img001371.jpg,lightbox,2,12651,0,42231,0.785646,-0.613786,-0.0736543,0.0245514,157.875
lightbox/images/img001379.jpg,lightbox,0,77514,0,77566,0.571155,0.446215,0.410518,0.553307,15.6962
lightbox/images/img001382.jpg,lightbox,3,16561,2,43221,-0.374809,-0.0864945,0.922608,0.0288315,162.984
lightbox/images/img001387.jpg,lightbox,0,65727,0,65532,0.774521,-0.0726113,0.169426,0.605095,19.0778
lightbox/images/img001396.jpg,lightbox,3,16054,2,05235,-0.222579,-0.469888,0.791391,-0.321503,145.917
lightbox/images/img001400.jpg,lightbox,3,43711,0,43316,0.979643,-0.0918415,-0.153069,0.0918415,175.391
lightbox/images/img001414.jpg,lightbox,2,24640,2,42445,-0.60273,-0.311757,0.665081,0.311757,74.2652
lightbox/images/img001419.jpg,lightbox,0,56126,0,56736,0.729727,0.296452,-0.022804,0.615707,27.6086
lightbox/images/img001432.jpg,lightbox,1,31224,1,17122,0.565414,0.72373,-0.203549,-0.339248,68.9713
lightbox/images/img001435.jpg,lightbox,3,47221,0,64343,0.71076,-0.466436,0.244324,0.466436,146.777
lightbox/images/img001436.jpg,lightbox,2,25752,0,67134,0.74702,-0.0700331,0.490232,0.443543,138.112
lightbox/images/img001440.jpg,lightbox,3,66006,1,07741,-0.150278,0.961781,-0.21039,-0.090167,142.28
lightbox/images/img001450.jpg,lightbox,1,17620,0,60144,0.799251,-0.574462,0.0249766,0.174836,160.351
lightbox/images/img001472.jpg,lightbox,3,32533,2,37414,0.497888,0.403052,0.758686,-0.118545,170.191
lightbox/images/img001474.jpg,lightbox,1,71141,3,43464,-0.375587,-0.275431,0.375587,0.801253,137.587
lightbox/images/img001482.jpg,lightbox,2,42334,1,27301,-0.114738,0.734324,0.57369,-0.344214,126.769
lightbox/images/img001485.jpg,lightbox,0,61745,2,03760,-0.184274,-0.0789747,0.842397,-0.500173,163.183
lightbox/images/img001493.jpg,lightbox,0,25523,2,70173,0.412393,0.19245,0.879772,0.137464,119.326
lightbox/images/img001496.jpg,lightbox,2,12236,0,07773,0.994672,-0.0310835,-0.0310835,-0.0932505,162.617
lightbox/images/img001500.jpg,lightbox,0,56754,1,34561,0.320358,0.931951,0.145617,-0.0873704,130.367
lightbox/images/img001506.jpg,lightbox,2,30427,1,72170,0.319169,0.785646,0.51558,0.122757,116.442
lightbox/images/img001520.jpg,lightbox,3,14045,2,21010,-0.239641,0.0217855,0.697136,-0.675351,97.6172
lightbox/images/img001526.jpg,lightbox,2,64503,0,64036,0.688053,-0.580544,0.150512,0.408531,175.896
lightbox/images/img001532.jpg,lightbox,0,13542,3,75634,0.432004,0.267431,0.555433,0.658291,177.484
lightbox/images/img001542.jpg,lightbox,0,14722,0,16016,0.859235,0.134255,-0.349064,-0.349064,28.7249
lightbox/images/img001557.jpg,lightbox,2,32016,2,21300,-0.15221,0.195698,0.695817,-0.674072,38.5532
lightbox/images/img001559.jpg,lightbox,1,35101,2,21316,-0.067166,0.246276,0.716438,-0.649272,135.447
lightbox/images/img001567.jpg,lightbox,1,53040,1,51705,0.550791,0.652789,-0.469192,0.224396,27.6989
lightbox/images/img001571.jpg,lightbox,0,63334,3,24245,-0.644126,0.199901,-0.199901,0.71076,109.59
lightbox/images/img001588.jpg,lightbox,1,76356,3,26025,-0.582922,0.422116,-0.26131,0.643224,148.279
lightbox/images/img001599.jpg,lightbox,0,15370,0,15364,0.699798,0.546718,-0.415505,-0.196818,7.84347
lightbox/images/img001603.jpg,lightbox,1,61764,0,16221,0.899004,0.0842816,-0.0842816,-0.421408,145.145
lightbox/images/img001608.jpg,lightbox,1,25675,3,25274,-0.294514,0.348062,-0.240966,0.856767,150.117
lightbox/images/img001620.jpg,lightbox,2,61600,0,57022,0.780024,0.414388,-0.219382,0.414388,147.726
lightbox/images/img001624.jpg,lightbox,3,12675,3,07554,-0.084549,-0.422745,-0.028183,0.901856,70.2115
lightbox/images/img001625.jpg,lightbox,2,71467,2,70715,0.393784,0.23627,0.840072,0.288775,13.9803
lightbox/images/img001626.jpg,lightbox,3,72032,2,43035,-0.2561,-0.313011,0.910577,0.0853666,164.951
lightbox/images/img001632.jpg,lightbox,2,43736,3,35446,0.467379,0.0824786,-0.0274929,0.879772,158.36
lightbox/images/img001635.jpg,lightbox,0,61224,2,04344,-0.494538,-0.494538,0.688053,-0.193515,178.945
lightbox/images/img001642.jpg,lightbox,1,36702,3,61014,-0.323669,0.0294245,0.0882735,0.941584,166.679
lightbox/images/img001654.jpg,lightbox,3,02475,3,02755,-0.418384,-0.172276,-0.418384,0.787547,22.4829
lightbox/images/img001662.jpg,lightbox,2,16070,2,37633,0.454311,0.612333,0.632085,-0.138269,121.035
lightbox/images/img001664.jpg,lightbox,3,33656,3,37033,0.478855,0.478855,-0.312297,0.666233,10.9781
lightbox/images/img001675.jpg,lightbox,2,56673,3,52211,0.208885,-0.208885,0.0298408,0.954905,91.0969
lightbox/images/img001682.jpg,lightbox,3,56427,0,66246,0.561923,-0.544363,0.474122,0.403882,83.6801
lightbox/images/img001684.jpg,lightbox,3,50303,2,43401,-0.33577,-0.387427,0.826512,0.232456,144.273
lightbox/images/img001687.jpg,lightbox,2,71235,2,17506,0.582341,-0.302817,0.745396,-0.116468,77.3514
lightbox/images/img001688.jpg,lightbox,3,70526,2,70074,0.149204,0.149204,0.954905,0.208885,113.506
lightbox/images/img001713.jpg,lightbox,1,54314,3,33535,0.578959,0.392198,-0.392198,0.597635,56.9442
lightbox/images/img001721.jpg,lightbox,2,75457,3,70214,0.148152,0.266674,0.0888913,0.948174,86.6913
lightbox/images/img001726.jpg,lightbox,1,05244,3,61464,-0.387427,0.129142,0.387427,0.826512,162.607
lightbox/images/img001731.jpg,lightbox,2,70234,2,70127,0.317146,0.20182,0.922608,0.0864945,27.8881
lightbox/images/img001733.jpg,lightbox,3,53002,2,61011,-0.270501,0.0300557,0.961781,0.0300557,171.113
lightbox/images/img001734.jpg,lightbox,2,03720,1,17653,0.57735,0.80327,-0.125511,-0.0753066,154.956
lightbox/images/img001735.jpg,lightbox,1,25460,3,25701,-0.145617,0.262111,-0.203864,0.931951,159.178
lightbox/images/img001751.jpg,lightbox,0,65310,0,74033,0.851896,0.186352,0.186352,0.45257,31.7044
lightbox/images/img001771.jpg,lightbox,2,07172,2,07512,-0.0848189,-0.367549,0.904735,-0.197911,20.2883
lightbox/images/img001781.jpg,lightbox,1,73315,2,02717,-0.403052,-0.118545,0.758686,-0.497888,178.459
lightbox/images/img001784.jpg,lightbox,2,12375,0,37556,0.678094,0.614523,0.402618,-0.0211904,119.881
lightbox/images/img001792.jpg,lightbox,0,16203,0,25115,0.925691,-0.0289278,0.0289278,-0.376062,21.6815
lightbox/images/img001800.jpg,lightbox,0,25726,0,25522,0.935129,-0.204559,0.204559,-0.204559,26.5251
lightbox/images/img001812.jpg,lightbox,3,15703,3,15755,0.618148,-0.458626,-0.0199403,0.638089,16.9492
lightbox/images/img001813.jpg,lightbox,1,47310,3,27421,-0.316885,0.511891,-0.17063,0.780024,59.0511
lightbox/images/img001817.jpg,lightbox,1,35034,3,17024,0.424602,-0.274743,-0.324696,0.799251,142.396
lightbox/images/img001828.jpg,lightbox,0,50135,1,30213,0.150791,0.689329,0.236957,-0.667787,162.67
lightbox/images/img001831.jpg,lightbox,3,17132,3,17120,0.559717,-0.246276,-0.33583,0.716438,10.2928
lightbox/images/img001837.jpg,lightbox,3,16710,3,16740,0.263908,-0.205262,-0.0879694,0.93834,15.0174
lightbox/images/img001839.jpg,lightbox,1,22574,3,62401,-0.613422,0.359592,0.190372,0.676879,138.354
lightbox/images/img001869.jpg,lightbox,2,52715,0,17054,0.760398,0.499011,-0.356436,-0.213862,160.724
lightbox/images/img001875.jpg,lightbox,1,62252,0,04554,0.660531,-0.39219,-0.63989,-0.0206416,34.1082
lightbox/images/img001876.jpg,lightbox,0,74555,1,56432,0.119352,0.763856,-0.214834,0.596762,91.2095
lightbox/images/img001884.jpg,lightbox,1,45174,1,45061,-0.267431,0.658291,-0.555433,0.432004,23.5739
lightbox/images/img001886.jpg,lightbox,0,32457,3,25250,-0.299715,0.245222,-0.299715,0.871899,93.2817
lightbox/images/img001887.jpg,lightbox,1,71750,0,43310,0.972379,-0.0911606,-0.212708,0.0303869,116.636
lightbox/images/img001889.jpg,lightbox,3,52611,3,52071,0.200492,-0.315058,0.143208,0.916533,19.7545
lightbox/images/img001893.jpg,lightbox,1,54375,1,53272,0.543852,0.828726,-0.0258977,0.129488,67.6307
lightbox/images/img001908.jpg,lightbox,1,03705,2,42376,-0.501565,-0.0263982,0.844742,0.184787,156.819
lightbox/images/img001937.jpg,lightbox,0,77552,1,21604,-0.356436,0.760398,0.213862,-0.499011,178.672
lightbox/images/img001948.jpg,lightbox,3,42312,3,42312,-0.505813,-0.133109,0.0266217,0.851896,2.7994
lightbox/images/img001957.jpg,lightbox,3,52036,3,50225,0.0800926,-0.507253,0.0800926,0.854321,33.1597
lightbox/images/img001958.jpg,lightbox,3,76073,0,16215,0.890609,0.194821,-0.194821,-0.36181,169.506
lightbox/images/img001976.jpg,lightbox,2,31177,2,43617,-0.254457,-0.141365,0.904735,0.311003,150.543
lightbox/images/img001984.jpg,lightbox,3,66615,2,43175,-0.0289278,-0.318206,0.925691,0.202495,128.532
lightbox/images/img001987.jpg,lightbox,1,46315,3,63660,-0.315597,0.610155,0.273518,0.673274,62.9561
lightbox/images/img001991.jpg,lightbox,1,56207,3,36421,0.0768726,0.538108,-0.179369,0.819974,53.7261
lightbox/images/img002000.jpg,lightbox,2,71734,0,27310,0.737437,-0.0691347,0.576123,-0.345674,81.3879
lightbox/images/img002017.jpg,lightbox,2,56314,0,60646,0.662794,-0.642082,0.227836,0.310685,96.7724
lightbox/images/img002018.jpg,lightbox,1,74200,1,41533,-0.0240354,0.769133,-0.600885,0.216319,104.942
lightbox/images/img002019.jpg,lightbox,1,30532,0,51020,0.707972,0.37611,-0.597351,0.0221241,134.663
lightbox/images/img002025.jpg,lightbox,1,22557,1,20544,-0.535754,0.745396,0.0232936,-0.395992,50.1287
lightbox/images/img002032.jpg,lightbox,0,66303,1,64367,-0.445801,0.679315,0.318429,0.488258,151.91
lightbox/images/img002034.jpg,lightbox,0,41074,2,13561,0.571117,-0.232677,0.676879,-0.401897,179.248
lightbox/images/img002035.jpg,lightbox,0,72000,3,17743,0.638707,-0.118279,-0.0709674,0.756986,113.889
lightbox/images/img002036.jpg,lightbox,1,44600,1,44025,-0.533481,0.588669,-0.49669,0.349522,16.9659
lightbox/images/img002050.jpg,lightbox,1,25147,1,25147,-0.148152,0.948174,0.0888913,-0.266674,3.01357
lightbox/images/img002058.jpg,lightbox,2,55245,0,60706,0.755297,-0.54287,0.259633,0.259633,69.9123
lightbox/images/img002065.jpg,lightbox,3,37654,1,56172,0.313914,0.772712,-0.217325,0.507093,42.4795
lightbox/images/img002067.jpg,lightbox,0,74322,2,24527,-0.535303,0.178434,0.8157,-0.127453,165.185
lightbox/images/img002070.jpg,lightbox,2,26402,0,41507,0.713582,-0.111497,-0.646684,0.245294,33.6217
lightbox/images/img002071.jpg,lightbox,0,03571,2,72002,0.0268511,0.510171,0.859235,0.0268511,151.8
lightbox/images/img002076.jpg,lightbox,0,46225,2,24117,-0.440261,0.0776931,0.828726,-0.33667,117.994
lightbox/images/img002082.jpg,lightbox,2,02107,2,56215,0.181772,-0.181772,0.830959,0.493382,155.14
lightbox/images/img002083.jpg,lightbox,2,35472,3,46341,-0.474948,-0.158316,0.474948,0.72373,173.008
lightbox/images/img002089.jpg,lightbox,0,53174,0,43312,0.983336,-0.0921878,-0.153646,0.0307293,94.4886
lightbox/images/img002102.jpg,lightbox,3,03172,0,03356,0.780024,-0.0731272,-0.121879,-0.609394,132.345
lightbox/images/img002105.jpg,lightbox,3,56400,3,34400,0.0304997,0.0304997,-0.213498,0.975991,109.399
lightbox/images/img002111.jpg,lightbox,2,50550,2,34522,0.259483,0.20182,0.922608,-0.20182,120.629
lightbox/images/img002114.jpg,lightbox,1,12746,2,40300,-0.503945,-0.503945,0.701141,0.0219107,101.526
lightbox/images/img002117.jpg,lightbox,2,06574,3,70733,0.380387,0.380387,0.228232,0.811493,162.967
lightbox/images/img002121.jpg,lightbox,2,21254,2,21244,-0.339248,0.203549,0.72373,-0.565414,9.6402
lightbox/images/img002130.jpg,lightbox,0,66201,3,47573,-0.022663,-0.203967,0.657226,0.725215,99.6762
lightbox/images/img002135.jpg,lightbox,1,11663,1,12521,0.259633,0.755297,-0.259633,-0.54287,29.5248
lightbox/images/img002136.jpg,lightbox,1,34256,1,34427,0.090167,0.961781,0.21039,-0.150278,18.4428
lightbox/images/img002138.jpg,lightbox,2,56007,0,52475,0.849491,0.185826,-0.292013,0.398199,176.821
lightbox/images/img002146.jpg,lightbox,2,34507,1,34474,0.152499,0.975991,0.152499,-0.0304997,149.862
lightbox/images/img002149.jpg,lightbox,2,47072,1,01033,-0.173494,0.616869,-0.481929,-0.597592,78.9507
lightbox/images/img002154.jpg,lightbox,1,07643,2,56122,0.23434,-0.23434,0.833209,0.442642,125.168
lightbox/images/img002163.jpg,lightbox,2,70155,0,35747,0.739008,0.623538,0.254034,-0.023094,114.091
lightbox/images/img002164.jpg,lightbox,2,15463,2,14434,0.117753,-0.635866,0.753619,-0.117753,34.9063
lightbox/images/img002165.jpg,lightbox,0,06347,0,35504,0.781884,0.610847,0.0244339,-0.122169,139.72
lightbox/images/img002170.jpg,lightbox,2,16154,1,53124,0.592723,0.758686,-0.260798,0.0711268,140.843
lightbox/images/img002171.jpg,lightbox,3,74174,0,74242,0.80327,0.0251022,0.276124,0.527146,71.7477
lightbox/images/img002175.jpg,lightbox,1,12775,1,30512,0.31246,0.769133,0.0721062,-0.552814,24.6654
lightbox/images/img002176.jpg,lightbox,0,06422,2,30001,0.067166,0.0223887,0.716438,-0.694049,177.697
lightbox/images/img002178.jpg,lightbox,0,61573,0,70424,0.935129,0.0292228,0.146114,0.321451,9.74465
lightbox/images/img002179.jpg,lightbox,2,51242,0,56262,0.835478,0.0261087,-0.0261087,0.548282,136.664
lightbox/images/img002181.jpg,lightbox,0,16222,0,34052,0.931951,0.145617,0.0873704,-0.320358,21.2125
lightbox/images/img002183.jpg,lightbox,3,37526,1,56174,0.302817,0.745396,-0.25623,0.535754,45.3302
lightbox/images/img002215.jpg,lightbox,3,34466,0,70142,0.948174,0.266674,0.0888913,0.148152,153.767
lightbox/images/img002238.jpg,lightbox,2,35700,0,74061,0.826512,0.0774855,0.129142,0.542398,116.228
lightbox/images/img002241.jpg,lightbox,0,66514,0,34071,0.916533,0.200492,0.143208,-0.315058,133.051
lightbox/images/img002245.jpg,lightbox,0,25177,3,61613,-0.248946,0.304267,0.248946,0.88514,130.501
lightbox/images/img002250.jpg,lightbox,2,50235,0,43720,0.93834,-0.205262,-0.0879694,0.263908,156.596
lightbox/images/img002256.jpg,lightbox,1,42173,1,16754,0.368729,0.907642,-0.198547,-0.0283638,100.752
lightbox/images/img002257.jpg,lightbox,0,75452,3,20771,-0.395992,0.302817,-0.442579,0.745396,146.2
lightbox/images/img002262.jpg,lightbox,1,06154,2,30502,0.222036,0.0740121,0.789462,-0.567426,157.981
lightbox/images/img002298.jpg,lightbox,0,12570,0,13422,0.729727,0.387667,-0.205236,-0.524491,12.8686
lightbox/images/img002310.jpg,lightbox,1,10347,1,30520,0.220963,0.785646,0.122757,-0.564683,65.2118
lightbox/images/img002313.jpg,lightbox,0,21164,0,21075,0.763856,-0.214834,0.119352,-0.596762,5.58453
lightbox/images/img002320.jpg,lightbox,1,61557,0,16075,0.896179,0.196039,-0.308062,-0.25205,175.915
lightbox/images/img002330.jpg,lightbox,3,06774,1,23546,-0.168638,0.770916,0.457732,-0.409549,142.162
lightbox/images/img002333.jpg,lightbox,0,72705,0,72726,0.684267,0.19245,0.662884,0.235217,14.9735
lightbox/images/img002344.jpg,lightbox,1,63054,3,63400,-0.372793,0.422499,0.223676,0.795292,92.9726
lightbox/images/img002353.jpg,lightbox,3,57453,3,56200,0.0270864,-0.189605,0.46047,0.866766,58.8965
lightbox/images/img002368.jpg,lightbox,1,47205,3,14543,0.246276,-0.649272,-0.067166,0.716438,150.731
lightbox/images/img002370.jpg,lightbox,2,52463,0,53061,0.817829,0.485586,-0.281129,0.127786,150.734
lightbox/images/img002390.jpg,lightbox,0,16035,3,07465,-0.358493,-0.30334,-0.0275764,0.882444,97.3249
lightbox/images/img002394.jpg,lightbox,3,52442,2,41767,-0.126471,-0.430001,0.809414,0.379413,80.116
lightbox/images/img002396.jpg,lightbox,2,17267,1,56104,0.218862,0.778177,-0.36477,0.462042,139.309
lightbox/images/img002397.jpg,lightbox,3,06044,1,52174,0.352124,0.866766,-0.297951,0.189605,144.779
lightbox/images/img002411.jpg,lightbox,0,75026,2,61161,-0.150824,0.150824,0.965275,0.150824,159.941
lightbox/images/img002415.jpg,lightbox,3,43377,0,03066,0.72373,-0.339248,-0.203549,-0.565414,104.704
lightbox/images/img002417.jpg,lightbox,2,25051,3,60615,-0.581081,0.209189,0.255676,0.743784,161.748
lightbox/images/img002421.jpg,lightbox,0,60261,2,02713,-0.393438,-0.115717,0.74059,-0.532299,174.555
lightbox/images/img002422.jpg,lightbox,3,53647,3,56034,0.127786,-0.281129,0.485586,0.817829,45.1359
lightbox/images/img002430.jpg,lightbox,3,36612,1,77144,0.503333,0.644266,0.342266,0.463066,83.4334
lightbox/images/img002444.jpg,lightbox,3,12744,3,12655,0.186352,-0.186352,-0.45257,0.851896,5.53445
lightbox/images/img002447.jpg,lightbox,3,62361,1,30770,0.313185,0.770916,0.313185,-0.457732,174.127
lightbox/images/img002452.jpg,lightbox,1,25767,3,50011,0.155173,-0.687194,0.0221676,0.709362,101.375
lightbox/images/img002454.jpg,lightbox,0,21257,0,21357,0.760398,-0.0237624,0.261387,-0.594061,20.6071
lightbox/images/img002468.jpg,lightbox,3,51212,0,03167,0.763856,-0.119352,-0.214834,-0.596762,177.294
lightbox/images/img002477.jpg,lightbox,1,34236,3,70172,0.36522,0.196657,0.140469,0.899004,173.904
lightbox/images/img002505.jpg,lightbox,0,71332,3,34414,0.152499,0.0304997,-0.152499,0.975991,168.011
lightbox/images/img002507.jpg,lightbox,0,72226,2,07657,-0.267615,-0.148675,0.951522,-0.0297351,124.399
lightbox/images/img002509.jpg,lightbox,3,46574,2,45667,-0.263016,-0.343944,0.647423,0.627191,19.6525
lightbox/images/img002516.jpg,lightbox,3,25424,3,25073,-0.25205,0.196039,-0.308062,0.896179,28.5434
lightbox/images/img002517.jpg,lightbox,1,14725,1,30673,0.17186,0.785646,0.368271,-0.466477,108.752
lightbox/images/img002526.jpg,lightbox,0,01437,3,54346,0.197576,-0.46101,0.504916,0.702491,138.846
lightbox/images/img002542.jpg,lightbox,2,07004,3,60560,-0.550277,0.119625,0.311026,0.765603,163.511
lightbox/images/img002547.jpg,lightbox,3,70720,2,42173,-0.451292,-0.238919,0.849491,0.132733,165.974
lightbox/images/img002550.jpg,lightbox,1,14704,1,14725,0.281129,0.817829,-0.485586,-0.127786,12.4264
lightbox/images/img002560.jpg,lightbox,3,24456,3,40672,-0.574208,-0.361538,0.276471,0.680543,62.2699
lightbox/images/img002572.jpg,lightbox,2,32341,0,51704,0.667391,0.521399,-0.479687,0.229416,178.546
lightbox/images/img002591.jpg,lightbox,0,67767,3,72560,0.217325,0.507093,0.313914,0.772712,93.4236
lightbox/images/img002600.jpg,lightbox,0,63511,2,27301,-0.114738,0.57369,0.734324,-0.344214,166.461
lightbox/images/img002603.jpg,lightbox,0,31742,1,65060,-0.362209,0.772712,0.120736,0.507093,179.844
lightbox/images/img002607.jpg,lightbox,0,42103,3,34400,0.0304997,0.0304997,-0.213498,0.975991,168.565
lightbox/images/img002610.jpg,lightbox,0,46205,1,03006,-0.315597,0.673274,-0.273518,-0.610155,69.7908
lightbox/images/img002612.jpg,lightbox,0,71021,0,02166,0.673274,-0.483916,-0.189358,-0.525995,147.822
lightbox/images/img002626.jpg,lightbox,1,35215,1,51543,0.513657,0.608779,-0.551706,0.247316,115.755
lightbox/images/img002649.jpg,lightbox,0,10267,0,12107,0.689329,0.236957,-0.28004,-0.624704,23.3917
lightbox/images/img002654.jpg,lightbox,2,07235,2,06334,-0.480589,-0.0758825,0.809414,-0.328824,27.5437
lightbox/images/img002656.jpg,lightbox,0,03334,1,34016,0.142741,0.91354,0.0856444,-0.371126,144.611
lightbox/images/img002660.jpg,lightbox,0,30233,2,53204,0.459124,-0.189051,0.864234,0.0810219,120.707
lightbox/images/img002663.jpg,lightbox,1,70343,1,25670,-0.302422,0.879772,0.357407,-0.0824786,78.3568
lightbox/images/img002666.jpg,lightbox,0,11634,0,23424,0.6932,-0.324937,0.454912,-0.454912,141.542
lightbox/images/img002669.jpg,lightbox,0,63154,3,65250,-0.269417,0.220432,0.514341,0.783758,165.669
lightbox/images/img002686.jpg,lightbox,3,62424,3,61444,-0.390567,0.0260378,0.390567,0.833209,62.8541
lightbox/images/img002695.jpg,lightbox,1,02122,3,61546,-0.193624,0.0829819,0.41491,0.88514,124.751
lightbox/images/img002696.jpg,lightbox,3,71220,3,35664,0.441447,0.337577,-0.0259675,0.830959,3.31306
lightbox/images/img002700.jpg,lightbox,0,25144,0,25152,0.93834,-0.0879694,0.0879694,-0.322554,18.4642
lightbox/images/img002702.jpg,lightbox,3,63400,3,61464,-0.387427,0.129142,0.387427,0.826512,37.0578
lightbox/images/img002705.jpg,lightbox,2,02075,1,17553,0.666551,0.688053,-0.279521,-0.0645049,98.9206
lightbox/images/img002733.jpg,lightbox,1,41552,1,41166,-0.167476,0.765603,-0.598127,0.167476,21.4326
lightbox/images/img002734.jpg,lightbox,2,77371,2,21016,-0.246276,0.067166,0.716438,-0.649272,171.78
lightbox/images/img002749.jpg,lightbox,0,34061,0,34152,0.879772,0.357407,0.0824786,-0.302422,31.7246
lightbox/images/img002758.jpg,lightbox,3,56530,2,53665,0.472205,-0.0745586,0.795292,0.372793,56.953
lightbox/images/img002760.jpg,lightbox,1,10457,1,10445,0.0627868,0.669726,-0.648797,-0.355792,11.6547
lightbox/images/img002768.jpg,lightbox,0,20161,1,65070,-0.27406,0.797264,0.124573,0.523205,68.4002
lightbox/images/img002770.jpg,lightbox,0,00034,3,60726,-0.527795,0.344214,0.252424,0.734324,40.3629
lightbox/images/img002801.jpg,lightbox,0,61715,2,61772,-0.0794162,0.397081,0.847106,0.344137,153.349
lightbox/images/img002803.jpg,lightbox,2,71260,0,71221,0.811493,0.481824,0.329669,0.0253592,73.986
lightbox/images/img002805.jpg,lightbox,1,16355,3,04550,-0.391524,-0.638802,-0.0618195,0.659408,61.3642
lightbox/images/img002808.jpg,lightbox,3,02633,2,16104,0.232456,-0.387427,0.826512,-0.33577,82.6547
lightbox/images/img002828.jpg,lightbox,2,22630,0,44110,0.62339,-0.370138,-0.603909,0.331176,26.9264
lightbox/images/img002831.jpg,lightbox,3,21740,0,71263,0.791391,0.469888,0.370965,0.123655,171.19
lightbox/images/img002832.jpg,lightbox,2,25430,2,25164,-0.203864,0.145617,0.931951,-0.262111,14.4708
lightbox/images/img002839.jpg,lightbox,1,36214,1,16672,0.153646,0.983336,-0.0307293,-0.0921878,82.2627
lightbox/images/img002841.jpg,lightbox,3,46135,3,45627,-0.276471,-0.361538,0.574208,0.680543,26.9911
lightbox/images/img002843.jpg,lightbox,0,05227,0,42237,0.785646,-0.613786,-0.0245514,0.0736543,71.819
lightbox/images/img002852.jpg,lightbox,1,63417,0,25035,0.887862,-0.249711,0.138728,-0.360694,126.472
lightbox/images/img002858.jpg,lightbox,2,43547,0,53023,0.835478,0.496065,-0.234978,0.0261087,124.205
lightbox/images/img002868.jpg,lightbox,0,20732,0,22422,0.580095,-0.561967,0.416943,-0.416943,25.6053
lightbox/images/img002869.jpg,lightbox,3,07365,3,07345,-0.145617,-0.203864,-0.262111,0.931951,16.1011
lightbox/images/img002879.jpg,lightbox,1,54776,1,37704,0.521399,0.667391,0.521399,-0.10428,140.689
lightbox/images/img002885.jpg,lightbox,0,11141,2,77516,0.533481,0.349522,0.588669,0.49669,171.817
lightbox/images/img002917.jpg,lightbox,2,72334,2,27706,-0.163768,0.631676,0.748653,-0.116977,55.3727
lightbox/images/img002918.jpg,lightbox,1,42665,1,64430,-0.550791,0.652789,0.101998,0.509992,30.2886
lightbox/images/img002932.jpg,lightbox,1,66220,1,06003,-0.610155,0.673274,-0.273518,-0.315597,123.504
lightbox/images/img002960.jpg,lightbox,2,26717,0,56023,0.854321,0.0800926,-0.240278,0.453858,119.175
lightbox/images/img002963.jpg,lightbox,0,02522,1,60715,-0.43676,0.822136,0.231226,0.282609,54.5083
lightbox/images/img002976.jpg,lightbox,0,22364,0,24332,0.74702,-0.443543,0.350165,-0.350165,30.2838
lightbox/images/img002978.jpg,lightbox,2,36135,0,71062,0.859235,0.456468,0.187958,0.134255,102.28
lightbox/images/img002980.jpg,lightbox,2,07467,2,07542,-0.197911,-0.367549,0.904735,-0.0848189,21.2885
lightbox/images/img002988.jpg,lightbox,1,43036,3,16741,0.317146,-0.20182,-0.0864945,0.922608,160.696
lightbox/images/img002996.jpg,lightbox,0,67410,0,06576,0.835478,-0.496065,-0.234978,-0.0261087,105.47
lightbox/images/img002999.jpg,lightbox,3,73030,0,72054,0.859235,0.134255,0.456468,0.187958,100.844
lightbox/images/img003010.jpg,lightbox,0,25317,0,34341,0.871899,0.299715,0.245222,-0.299715,39.2983
lightbox/images/img003030.jpg,lightbox,2,65367,2,30520,0.220963,0.122757,0.785646,-0.564683,145.915
lightbox/images/img003033.jpg,lightbox,0,07752,0,07577,0.961781,-0.0300557,-0.270501,-0.0300557,15.8442
lightbox/images/img003038.jpg,lightbox,3,13621,3,13652,0.488108,-0.116216,-0.441622,0.743784,10.1554
lightbox/images/img003043.jpg,lightbox,2,35047,1,73561,0.555433,0.658291,0.432004,0.267431,102.512
lightbox/images/img003052.jpg,lightbox,0,02766,0,63460,0.742182,-0.347898,0.487057,0.301511,103.56
lightbox/images/img003062.jpg,lightbox,1,11202,1,21225,-0.276972,0.681778,0.276972,-0.617861,107.567
lightbox/images/img003063.jpg,lightbox,3,42604,3,52075,0.198547,-0.312002,0.198547,0.907642,109.635
lightbox/images/img003081.jpg,lightbox,2,41531,2,41106,-0.159628,-0.661315,0.729727,0.0684119,23.5887
lightbox/images/img003090.jpg,lightbox,3,70672,3,70761,0.285642,0.337577,0.337577,0.830959,16.9395
lightbox/images/img003094.jpg,lightbox,0,55230,1,53122,0.600885,0.769133,-0.216319,0.0240354,61.4628
lightbox/images/img003096.jpg,lightbox,0,16420,0,25055,0.928805,-0.261226,0.0290252,-0.261226,51.9846
lightbox/images/img003106.jpg,lightbox,1,07743,1,07754,-0.0911606,0.972379,-0.212708,-0.0303869,11.5351
lightbox/images/img003113.jpg,lightbox,0,17625,1,17662,0.467379,0.879772,-0.0274929,-0.0824786,63.3089
lightbox/images/img003114.jpg,lightbox,0,12625,0,43313,0.987072,-0.030846,-0.15423,0.030846,72.6884
lightbox/images/img003119.jpg,lightbox,2,70534,3,76011,0.172276,0.418384,0.418384,0.787547,88.0313
lightbox/images/img003129.jpg,lightbox,0,44752,2,20575,-0.421459,0.123958,0.793334,-0.421459,59.7497
lightbox/images/img003146.jpg,lightbox,3,71635,3,43124,-0.20182,-0.317146,0.0864945,0.922608,118.447
lightbox/images/img003153.jpg,lightbox,3,02716,0,06364,0.789462,-0.567426,-0.0740121,-0.222036,131.533
lightbox/images/img003157.jpg,lightbox,2,51610,0,03605,0.780024,-0.316885,-0.17063,-0.511891,146.976
lightbox/images/img003166.jpg,lightbox,3,07353,0,16707,0.925691,0.318206,-0.144639,-0.144639,162.939
lightbox/images/img003174.jpg,lightbox,0,51074,2,21115,-0.0231434,0.0231434,0.74059,-0.67116,116.566
lightbox/images/img003177.jpg,lightbox,2,46022,3,34411,0.208885,0.0298408,-0.208885,0.954905,173.691
lightbox/images/img003181.jpg,lightbox,2,50362,2,50336,0.33667,-0.440261,0.828726,0.0776931,11.8484
lightbox/images/img003184.jpg,lightbox,0,06073,0,06347,0.80735,-0.529823,-0.126148,-0.227067,11.9764
lightbox/images/img003186.jpg,lightbox,2,43035,2,27035,-0.217325,0.507093,0.772712,-0.313914,109.916
lightbox/images/img003187.jpg,lightbox,0,10045,0,41224,0.795292,-0.372793,-0.472205,0.0745586,86.5168
lightbox/images/img003199.jpg,lightbox,0,07513,3,42772,-0.481824,-0.0253592,0.329669,0.811493,85.5227
lightbox/images/img003213.jpg,lightbox,0,13515,2,53022,0.455158,-0.240966,0.856767,0.026774,166.789
lightbox/images/img003215.jpg,lightbox,3,15464,0,72221,0.739008,0.069282,0.669726,0.023094,152.105
lightbox/images/img003217.jpg,lightbox,1,60725,3,03323,-0.111497,-0.0222994,-0.691283,0.713582,179.59
lightbox/images/img003220.jpg,lightbox,0,56702,0,74147,0.780024,0.268133,0.0731272,0.560642,21.6584
lightbox/images/img003221.jpg,lightbox,2,46341,2,32205,0.060012,0.5001,0.640128,-0.580116,171.627
lightbox/images/img003224.jpg,lightbox,1,21671,2,24130,-0.469888,0.123655,0.791391,-0.370965,102.781
lightbox/images/img003228.jpg,lightbox,2,56651,2,56705,0.250844,-0.159628,0.729727,0.615707,13.0849
lightbox/images/img003229.jpg,lightbox,2,27014,0,23061,0.658291,-0.267431,0.432004,-0.555433,154.831
lightbox/images/img003246.jpg,lightbox,3,21524,3,33646,0.35211,0.559233,-0.35211,0.662794,84.63
lightbox/images/img003256.jpg,lightbox,0,52750,3,34510,0.368729,0.0283638,-0.198547,0.907642,95.0842
lightbox/images/img003263.jpg,lightbox,0,63064,1,65017,-0.23434,0.833209,0.0781133,0.494718,140.911
lightbox/images/img003266.jpg,lightbox,0,63455,2,55333,0.612333,-0.335795,0.632085,0.335795,32.599
lightbox/images/img003286.jpg,lightbox,1,56645,0,74273,0.767362,0.16786,0.359701,0.503581,127.681
lightbox/images/img003298.jpg,lightbox,2,37443,0,52030,0.935129,0.146114,-0.321451,0.0292228,151.707
lightbox/images/img003301.jpg,lightbox,1,16264,3,70201,0.0898429,0.269529,0.0299476,0.958324,179.401
lightbox/images/img003302.jpg,lightbox,1,10466,3,75025,0.451486,0.118812,0.451486,0.760398,126.173
lightbox/images/img003309.jpg,lightbox,0,24766,1,65001,-0.337577,0.830959,0.0259675,0.441447,86.4879
lightbox/images/img003313.jpg,lightbox,1,35614,1,35426,0.456468,0.859235,0.187958,-0.134255,9.39045
lightbox/images/img003317.jpg,lightbox,1,50240,1,41710,-0.0740121,0.789462,-0.567426,0.222036,14.4491
lightbox/images/img003338.jpg,lightbox,1,47137,1,56212,0.135432,0.866766,-0.135432,0.46047,21.0845
lightbox/images/img003361.jpg,lightbox,1,06011,1,06276,-0.630298,0.74702,-0.0233444,-0.210099,39.8249
lightbox/images/img003364.jpg,lightbox,1,34351,1,35445,0.510171,0.859235,0.0268511,-0.0268511,39.9803
lightbox/images/img003366.jpg,lightbox,3,21725,3,33747,0.512915,0.512915,-0.322947,0.607899,85.465
lightbox/images/img003374.jpg,lightbox,0,07764,1,72160,0.227067,0.80735,0.529823,0.126148,179.195
lightbox/images/img003385.jpg,lightbox,3,52027,2,16012,0.131625,-0.342224,0.842397,-0.394874,159.133
lightbox/images/img003389.jpg,lightbox,0,51503,1,31704,0.53655,0.686784,0.193158,-0.450702,120.191
lightbox/images/img003392.jpg,lightbox,0,75300,3,61101,-0.15423,0.030846,0.030846,0.987072,145.47
lightbox/images/img003395.jpg,lightbox,2,71004,2,75300,0.55638,0.200297,0.712167,0.378339,45.4917
lightbox/images/img003397.jpg,lightbox,2,03053,3,56421,0.0711268,-0.260798,0.592723,0.758686,177.315
lightbox/images/img003403.jpg,lightbox,0,54326,3,70411,0.205971,0.0294245,0.26482,0.941584,122.866
lightbox/images/img003425.jpg,lightbox,1,23106,1,12376,0.304808,0.750298,-0.0234468,-0.58617,72.8159
lightbox/images/img003426.jpg,lightbox,0,70046,0,61073,0.931951,-0.262111,0.203864,0.145617,34.8636
lightbox/images/img003429.jpg,lightbox,1,40624,1,40046,-0.578153,0.596803,-0.540853,0.130551,24.0266
lightbox/images/img003440.jpg,lightbox,0,36276,3,20775,-0.403961,0.308911,-0.403961,0.760398,96.5703
lightbox/images/img003445.jpg,lightbox,2,07775,2,53260,0.463196,-0.0817405,0.871899,0.136234,60.6112
lightbox/images/img003449.jpg,lightbox,0,61163,0,61573,0.907642,-0.0283638,0.198547,0.368729,29.4234
lightbox/images/img003465.jpg,lightbox,0,35120,1,65305,-0.129488,0.828726,0.233079,0.492056,150.463
lightbox/images/img003469.jpg,lightbox,1,52272,1,07077,-0.252845,0.899004,-0.252845,-0.252845,73.8294
lightbox/images/img003473.jpg,lightbox,1,04232,0,40367,0.753619,-0.494563,-0.40036,0.164854,98.1548
lightbox/images/img003475.jpg,lightbox,2,50064,2,41106,-0.159628,-0.661315,0.729727,0.0684119,24.6323
lightbox/images/img003476.jpg,lightbox,1,55624,0,37304,0.647423,0.505799,0.505799,-0.263016,155.669
lightbox/images/img003477.jpg,lightbox,3,61703,0,63377,0.709362,-0.0221676,0.687194,0.155173,157.385
lightbox/images/img003481.jpg,lightbox,1,20066,1,24320,-0.521249,0.725215,0.294619,-0.339945,29.0021
lightbox/images/img003484.jpg,lightbox,0,73467,2,24630,-0.608164,0.29282,0.720787,-0.157672,179.615
lightbox/images/img003487.jpg,lightbox,1,70421,0,43434,0.859235,-0.295362,-0.295362,0.295362,162.104
lightbox/images/img003492.jpg,lightbox,0,14232,1,24134,-0.478148,0.805302,0.125828,-0.327154,154.383
lightbox/images/img003497.jpg,lightbox,1,23065,0,32554,0.760398,0.308911,0.403961,-0.403961,132.739
lightbox/images/img003518.jpg,lightbox,1,60142,0,31654,0.74702,0.490232,0.210099,-0.396854,172.249
lightbox/images/img003520.jpg,lightbox,1,61713,1,14674,0.133109,0.851896,-0.505813,-0.0266217,103.956
lightbox/images/img003529.jpg,lightbox,2,55704,0,60263,0.695817,-0.630584,0.326164,0.108721,66.3989
lightbox/images/img003536.jpg,lightbox,0,72056,0,72400,0.856767,0.026774,0.455158,0.240966,12.4298
lightbox/images/img003544.jpg,lightbox,2,24614,2,24015,-0.58617,0.0234468,0.750298,-0.304808,29.0607
lightbox/images/img003555.jpg,lightbox,0,76622,0,20675,0.697136,-0.544638,0.283212,-0.370354,130.982
lightbox/images/img003567.jpg,lightbox,0,05737,2,37044,0.414388,0.414388,0.780024,-0.219382,177.882
lightbox/images/img003571.jpg,lightbox,2,57067,2,56761,0.246276,-0.067166,0.716438,0.649272,28.8181
lightbox/images/img003572.jpg,lightbox,3,54142,1,24132,-0.466477,0.785646,0.17186,-0.368271,87.0136
lightbox/images/img003580.jpg,lightbox,0,50214,1,23020,-0.291331,0.621506,0.407863,-0.602084,127.127
lightbox/images/img003583.jpg,lightbox,1,71212,1,35700,0.592723,0.758686,0.21338,-0.165963,26.1387
lightbox/images/img003593.jpg,lightbox,2,11253,1,42255,-0.598127,0.765603,-0.167476,0.167476,81.5655
lightbox/images/img003595.jpg,lightbox,2,36500,0,01747,0.758686,-0.118545,-0.497888,-0.403052,155.982
lightbox/images/img003602.jpg,lightbox,0,10730,0,72064,0.822136,0.0256917,0.539527,0.179842,149.368
lightbox/images/img003605.jpg,lightbox,3,57600,3,57603,0.421184,-0.110838,0.554189,0.709362,8.11179
lightbox/images/img003607.jpg,lightbox,1,12405,3,15671,0.524491,-0.433275,-0.0684119,0.729727,100.066
lightbox/images/img003622.jpg,lightbox,0,21514,0,21455,0.856767,-0.240966,0.026774,-0.455158,23.8278
lightbox/images/img003624.jpg,lightbox,2,07344,0,60730,0.791391,-0.469888,0.321503,0.222579,160.251
lightbox/images/img003627.jpg,lightbox,1,15774,1,17527,0.626216,0.742182,-0.208739,-0.115966,25.4356
lightbox/images/img003643.jpg,lightbox,3,22654,2,04353,-0.392598,-0.484974,0.739008,-0.254034,130.086
lightbox/images/img003647.jpg,lightbox,3,61742,0,25305,0.887862,-0.138728,0.249711,-0.360694,128.63
lightbox/images/img003651.jpg,lightbox,0,53126,1,66525,-0.4091,0.62339,0.4091,0.525985,178.552
lightbox/images/img003652.jpg,lightbox,1,74343,2,03644,-0.376533,-0.175715,0.80327,-0.426737,150.307
lightbox/images/img003660.jpg,lightbox,2,66145,3,56425,0.0691347,-0.253494,0.622212,0.737437,99.7599
lightbox/images/img003664.jpg,lightbox,1,71504,3,43314,-0.0908257,-0.211927,0.0908257,0.968808,174.978
lightbox/images/img003671.jpg,lightbox,3,50157,2,66116,-0.413925,0.413925,0.697136,0.413925,179.205
lightbox/images/img003684.jpg,lightbox,3,65671,0,00242,0.569705,-0.551902,-0.373869,-0.480689,67.226
lightbox/images/img003687.jpg,lightbox,0,23317,2,23500,-0.160973,0.390934,0.735875,-0.52891,110.83
lightbox/images/img003688.jpg,lightbox,0,40676,0,30744,0.833209,0.23434,0.23434,-0.442642,155.687
lightbox/images/img003690.jpg,lightbox,0,34440,0,34542,0.954905,0.268567,0.0895223,-0.0895223,26.3658
lightbox/images/img003706.jpg,lightbox,2,21142,2,03216,-0.245294,-0.111497,0.713582,-0.646684,21.3573
lightbox/images/img003710.jpg,lightbox,1,70507,1,70333,0.390567,0.833209,0.390567,0.0260378,46.153
lightbox/images/img003726.jpg,lightbox,3,16055,3,16017,0.186352,-0.346083,-0.346083,0.851896,11.4785
lightbox/images/img003731.jpg,lightbox,0,34757,2,36111,0.357244,0.404877,0.762121,-0.357244,88.0623
lightbox/images/img003737.jpg,lightbox,0,06533,0,07430,0.882444,-0.30334,-0.30334,-0.193035,17.3526
lightbox/images/img003739.jpg,lightbox,2,63115,2,72404,0.0263982,0.448769,0.844742,0.29038,23.3189
lightbox/images/img003742.jpg,lightbox,1,71341,3,33007,0.373556,0.373556,-0.570164,0.629146,123.687
lightbox/images/img003743.jpg,lightbox,3,75003,3,75016,0.490232,0.0700331,0.443543,0.74702,4.32183
lightbox/images/img003749.jpg,lightbox,0,56107,3,07146,-0.19245,-0.357407,-0.247436,0.879772,150.844
lightbox/images/img003750.jpg,lightbox,0,62404,1,55701,0.500773,0.593509,-0.426585,0.463679,170.937
lightbox/images/img003767.jpg,lightbox,2,31766,1,54737,0.31504,0.672085,-0.357045,0.567072,172.349
lightbox/images/img003769.jpg,lightbox,0,64527,0,64132,0.770916,-0.457732,0.168638,0.409549,21.9641
lightbox/images/img003772.jpg,lightbox,1,04335,1,07604,-0.412393,0.879772,-0.19245,-0.137464,40.2997
lightbox/images/img003776.jpg,lightbox,2,34513,1,45400,-0.281718,0.600999,-0.582217,0.46953,94.3405
lightbox/images/img003790.jpg,lightbox,1,56641,3,72366,0.195698,0.674072,0.15221,0.695817,40.0283
lightbox/images/img003805.jpg,lightbox,1,71472,1,70330,0.352124,0.866766,0.352124,0.0270864,43.2806
lightbox/images/img003807.jpg,lightbox,3,02363,2,35236,0.487057,0.347898,0.742182,-0.301511,62.7161
lightbox/images/img003817.jpg,lightbox,3,35277,1,41161,-0.117753,0.753619,-0.635866,0.117753,132.135
lightbox/images/img003822.jpg,lightbox,1,72445,1,76144,0.205236,0.729727,0.387667,0.524491,25.2772
lightbox/images/img003823.jpg,lightbox,0,65363,0,65732,0.737437,-0.0691347,0.345674,0.576123,9.6212
lightbox/images/img003824.jpg,lightbox,0,71462,0,71253,0.776342,0.557996,0.266868,0.121303,32.3703
lightbox/images/img003832.jpg,lightbox,1,34266,3,52045,0.0829819,-0.41491,0.193624,0.88514,118.261
lightbox/images/img003836.jpg,lightbox,0,27053,2,25016,-0.302422,0.0824786,0.879772,-0.357407,150.572
lightbox/images/img003845.jpg,lightbox,1,31551,0,22026,0.552464,-0.535199,0.397083,-0.50067,157.983
lightbox/images/img003846.jpg,lightbox,0,40120,3,34075,0.203864,0.145617,-0.262111,0.931951,152.994
lightbox/images/img003848.jpg,lightbox,0,16661,0,07707,0.965275,-0.150824,-0.150824,-0.150824,30.1047
lightbox/images/img003853.jpg,lightbox,2,30376,1,35740,0.599501,0.767362,0.215821,-0.0719402,103.923
lightbox/images/img003867.jpg,lightbox,1,56422,3,27275,-0.199901,0.644126,-0.199901,0.71076,31.8348
lightbox/images/img003868.jpg,lightbox,0,41272,0,72442,0.811493,0.0253592,0.481824,0.329669,120.376
lightbox/images/img003870.jpg,lightbox,0,75242,0,75522,0.663935,0.518699,0.145236,0.518699,19.6306
lightbox/images/img003889.jpg,lightbox,3,15612,3,51637,0.51912,-0.383697,0.248275,0.722254,47.3589
lightbox/images/img003893.jpg,lightbox,0,77246,0,76115,0.734324,0.344214,0.390109,0.436005,19.2173
lightbox/images/img003897.jpg,lightbox,3,61641,3,03210,-0.236957,-0.150791,-0.667787,0.689329,132.405
lightbox/images/img003900.jpg,lightbox,1,10223,0,14063,0.758686,0.0711268,-0.592723,-0.260798,124.786
lightbox/images/img003904.jpg,lightbox,3,00213,2,00163,-0.395523,-0.470861,0.602702,-0.50853,147.753
lightbox/images/img003907.jpg,lightbox,0,70626,2,75355,0.608545,0.176674,0.628176,0.451501,45.2698
lightbox/images/img003922.jpg,lightbox,1,65217,0,24310,0.778177,-0.462042,0.218862,-0.36477,97.5204
lightbox/images/img003928.jpg,lightbox,1,75665,3,15337,0.627191,-0.343944,-0.263016,0.647423,137.694
lightbox/images/img003936.jpg,lightbox,3,10245,2,20166,-0.48738,0.148333,0.678094,-0.529761,66.8372
lightbox/images/img003944.jpg,lightbox,1,47671,0,27344,0.758686,-0.165963,0.592723,-0.21338,126.94
lightbox/images/img003946.jpg,lightbox,0,10744,1,52613,0.203864,0.931951,-0.145617,0.262111,144.944
lightbox/images/img003963.jpg,lightbox,0,06027,0,06776,0.859235,-0.510171,-0.0268511,-0.0268511,43.777
lightbox/images/img003970.jpg,lightbox,2,43303,1,16075,0.196039,0.896179,-0.308062,-0.25205,123.169
lightbox/images/img003973.jpg,lightbox,0,53201,2,07230,-0.296217,-0.0807866,0.861723,-0.403933,123.111
lightbox/images/img003976.jpg,lightbox,0,01252,3,40562,-0.474757,-0.51604,0.268341,0.660531,94.9105
lightbox/images/img003977.jpg,lightbox,1,35776,0,37311,0.600999,0.582217,0.46953,-0.281718,37.1909
lightbox/images/img003983.jpg,lightbox,3,35672,3,43343,-0.150824,-0.150824,0.150824,0.965275,104.986
lightbox/images/img003995.jpg,lightbox,0,63253,1,46467,-0.537868,0.593509,-0.166924,0.574962,110.59
lightbox/images/img003997.jpg,lightbox,0,47225,0,05777,0.882444,-0.0275764,-0.468798,-0.0275764,85.4461
lightbox/images/img003998.jpg,lightbox,1,70303,1,70307,0.308062,0.896179,0.308062,0.0840168,6.2883
lightbox/images/img004004.jpg,lightbox,1,14625,1,41327,-0.136234,0.871899,-0.463196,0.0817405,35.5377
lightbox/images/img004031.jpg,lightbox,1,25203,2,04235,-0.535564,-0.407029,0.685522,-0.278493,161.673
lightbox/images/img004033.jpg,lightbox,1,42431,1,17122,0.565414,0.72373,-0.203549,-0.339248,158.412
lightbox/images/img004042.jpg,lightbox,2,50534,2,50166,0.21338,-0.592723,0.758686,0.165963,12.1161
lightbox/images/img004047.jpg,lightbox,0,22642,2,75363,0.548966,0.304981,0.650627,0.426974,143.944
lightbox/images/img004053.jpg,lightbox,3,34567,3,34704,0.258625,0.258625,-0.143681,0.919555,16.6546
lightbox/images/img004055.jpg,lightbox,3,30274,0,07730,0.968808,-0.0908257,-0.0908257,-0.211927,176.976
lightbox/images/img004058.jpg,lightbox,0,27747,2,22013,-0.458658,0.34858,0.587082,-0.568736,179.874
lightbox/images/img004062.jpg,lightbox,2,72644,2,76200,0.0227097,0.567742,0.72671,0.386065,6.23807
lightbox/images/img004076.jpg,lightbox,3,00555,2,02713,-0.393438,-0.115717,0.74059,-0.532299,135.612
lightbox/images/img004081.jpg,lightbox,1,56663,0,72566,0.742182,0.208739,0.533443,0.347898,127.303
lightbox/images/img004088.jpg,lightbox,0,13437,0,13425,0.725215,0.430597,-0.249293,-0.475923,8.82839
lightbox/images/img004095.jpg,lightbox,2,71323,3,71411,0.568812,0.024731,0.222579,0.791391,116.913
lightbox/images/img004096.jpg,lightbox,0,33522,1,53052,0.51558,0.785646,-0.319169,0.122757,119.963
lightbox/images/img004099.jpg,lightbox,1,37645,2,34533,0.408703,0.190728,0.871899,-0.190728,74.771
lightbox/images/img004100.jpg,lightbox,2,70762,0,26572,0.729727,-0.433275,0.524491,-0.0684119,129.354
lightbox/images/img004110.jpg,lightbox,3,64240,3,40564,-0.459357,-0.539246,0.299581,0.639106,85.7673
lightbox/images/img004112.jpg,lightbox,2,45732,2,64145,-0.470162,0.0223887,0.716438,0.51494,66.2805
lightbox/images/img004121.jpg,lightbox,2,34520,0,32554,0.760398,0.308911,0.403961,-0.403961,87.2552
lightbox/images/img004127.jpg,lightbox,2,43375,3,34146,0.260351,0.0867835,-0.260351,0.925691,173.429
lightbox/images/img004128.jpg,lightbox,3,74001,3,74010,0.136641,0.0273281,0.464578,0.8745,8.31969
lightbox/images/img004131.jpg,lightbox,1,47356,3,27665,-0.288178,0.642859,-0.0221676,0.709362,37.4869
lightbox/images/img004139.jpg,lightbox,0,25574,0,16651,0.951522,0.208145,-0.208145,-0.0892052,55.3811
lightbox/images/img004147.jpg,lightbox,3,63030,1,34260,0.0275764,0.882444,0.358493,-0.30334,155.86
lightbox/images/img004152.jpg,lightbox,1,42656,2,52773,0.398199,-0.0265466,0.849491,0.345106,150.526
lightbox/images/img004159.jpg,lightbox,2,25604,2,25264,-0.387427,0.33577,0.826512,-0.232456,19.7766
lightbox/images/img004162.jpg,lightbox,3,34763,1,50336,0.33667,0.828726,-0.440261,0.0776931,114.408
lightbox/images/img004168.jpg,lightbox,3,06135,3,36411,0.186352,0.45257,-0.186352,0.851896,115.078
lightbox/images/img004172.jpg,lightbox,0,16764,0,16777,0.904735,0.424094,-0.028273,-0.028273,23.0427
lightbox/images/img004182.jpg,lightbox,3,25670,3,25276,-0.288775,0.393784,-0.23627,0.840072,19.2448
lightbox/images/img004185.jpg,lightbox,2,07073,2,07541,-0.139591,-0.418772,0.893381,-0.0837545,34.8024
lightbox/images/img004186.jpg,lightbox,1,07271,2,20015,-0.500902,0.0200361,0.641155,-0.581047,148.432
lightbox/images/img004191.jpg,lightbox,0,71204,3,43333,-0.0312043,-0.0312043,0.0312043,0.998538,171.689
lightbox/images/img004192.jpg,lightbox,3,75634,2,75615,0.473147,0.185144,0.658291,0.555433,19.1263
lightbox/images/img004198.jpg,lightbox,1,43475,1,47102,-0.1789,0.817829,-0.332243,0.434472,10.7115
lightbox/images/img004210.jpg,lightbox,3,57311,3,54133,0.322525,-0.537541,0.365528,0.688053,59.6179
lightbox/images/img004237.jpg,lightbox,3,25551,3,07375,-0.0299476,-0.0898429,-0.269529,0.958324,22.0963
lightbox/images/img004238.jpg,lightbox,3,52337,3,52341,0.315058,-0.200492,0.143208,0.916533,24.25
lightbox/images/img004243.jpg,lightbox,3,32204,1,72352,0.294619,0.725215,0.6119,0.113315,172.205
lightbox/images/img004251.jpg,lightbox,3,06755,3,42337,-0.467379,-0.0274929,0.0824786,0.879772,22.5929
lightbox/images/img004260.jpg,lightbox,3,36606,0,77575,0.549848,0.532665,0.360838,0.532665,87.3502
lightbox/images/img004264.jpg,lightbox,1,51641,1,35070,0.523205,0.797264,0.124573,-0.27406,101.2
lightbox/images/img004265.jpg,lightbox,3,02552,3,33602,0.335272,0.532492,-0.453604,0.631101,139.197
lightbox/images/img004267.jpg,lightbox,0,70105,0,61015,0.958324,-0.269529,0.0299476,0.0898429,70.5933
lightbox/images/img004274.jpg,lightbox,3,65224,1,60564,-0.541664,0.753619,0.117753,0.353259,80.9524
lightbox/images/img004277.jpg,lightbox,2,25123,0,24155,0.856767,-0.455158,0.026774,-0.240966,169.956
lightbox/images/img004278.jpg,lightbox,3,61501,1,34576,0.368729,0.907642,0.198547,-0.0283638,179.617
lightbox/images/img004281.jpg,lightbox,1,61272,0,34032,0.879772,0.137464,0.19245,-0.412393,165.779
lightbox/images/img004282.jpg,lightbox,1,70753,3,36007,0.0758825,0.480589,-0.328824,0.809414,109.788
lightbox/images/img004288.jpg,lightbox,2,64065,0,65023,0.817829,-0.332243,0.1789,0.434472,158.621
lightbox/images/img004296.jpg,lightbox,1,62762,3,51245,0.428838,-0.51912,0.157993,0.722254,153.752
lightbox/images/img004297.jpg,lightbox,0,01567,2,45623,-0.283212,-0.370354,0.697136,0.544638,81.7531
lightbox/images/img004300.jpg,lightbox,0,65575,0,07307,0.907642,-0.141819,-0.141819,-0.368729,136.082
lightbox/images/img004306.jpg,lightbox,3,67017,1,42434,-0.604494,0.716438,-0.246276,0.246276,117.318
lightbox/images/img004308.jpg,lightbox,1,22445,0,17420,0.830959,0.441447,-0.285642,-0.181772,153.919
lightbox/images/img004316.jpg,lightbox,2,52135,0,16575,0.864234,0.40511,-0.29708,-0.0270073,175.139
lightbox/images/img004324.jpg,lightbox,1,14711,3,71112,0.669726,0.069282,0.023094,0.739008,162.224
lightbox/images/img004327.jpg,lightbox,3,63444,3,65177,-0.0249766,0.174836,0.574462,0.799251,52.8663
lightbox/images/img004336.jpg,lightbox,1,70475,2,71337,0.658087,0.318429,0.679315,0.0636858,119.709
lightbox/images/img004337.jpg,lightbox,0,21436,0,21433,0.780024,-0.219382,0.17063,-0.560642,5.49866
lightbox/images/img004362.jpg,lightbox,2,21553,1,32655,0.157036,0.717879,0.560843,-0.381373,83.9701
lightbox/images/img004399.jpg,lightbox,1,66124,1,60560,-0.550277,0.765603,0.119625,0.311026,39.0677
lightbox/images/img004402.jpg,lightbox,2,52331,3,17601,0.493382,-0.181772,-0.181772,0.830959,172.181
lightbox/images/img004412.jpg,lightbox,1,65657,0,20675,0.697136,-0.544638,0.283212,-0.370354,94.2935
lightbox/images/img004417.jpg,lightbox,0,25656,1,34612,0.143208,0.916533,0.315058,-0.200492,175.507
lightbox/images/img004419.jpg,lightbox,3,51517,1,71257,0.554096,0.770916,0.265003,0.168638,173.151
lightbox/images/img004421.jpg,lightbox,1,25275,1,05773,-0.0274929,0.879772,-0.467379,-0.0824786,104.782
lightbox/images/img004436.jpg,lightbox,2,36125,2,36436,0.124883,0.574462,0.799251,-0.124883,30.7241
lightbox/images/img004437.jpg,lightbox,0,30361,2,61352,-0.0873704,0.320358,0.931951,0.145617,156.201
lightbox/images/img004451.jpg,lightbox,3,24762,2,53533,0.66903,-0.194235,0.690612,0.194235,143.856
lightbox/images/img004458.jpg,lightbox,3,07147,2,16620,0.0303869,-0.0911606,0.972379,-0.212708,129.882
lightbox/images/img004464.jpg,lightbox,2,14340,2,15644,0.395992,-0.535754,0.745396,-0.0232936,35.3784
lightbox/images/img004472.jpg,lightbox,1,24033,2,45667,-0.263016,-0.343944,0.647423,0.627191,155.432
lightbox/images/img004477.jpg,lightbox,1,07567,3,56365,0.268133,-0.0731272,0.560642,0.780024,150.01
lightbox/images/img004478.jpg,lightbox,0,57206,0,56726,0.74702,0.210099,-0.0233444,0.630298,32.2033
lightbox/images/img004483.jpg,lightbox,2,25434,2,25405,-0.372342,0.0286417,0.916533,-0.143208,14.7898
lightbox/images/img004487.jpg,lightbox,0,56533,0,74143,0.801253,0.275431,0.0751175,0.525822,32.2294
lightbox/images/img004488.jpg,lightbox,2,07001,3,70570,0.349064,0.134255,0.349064,0.859235,156.57
lightbox/images/img004494.jpg,lightbox,3,47341,1,25036,-0.297951,0.866766,0.189605,-0.352124,143.452
lightbox/images/img004508.jpg,lightbox,0,14157,2,75163,0.570097,0.147803,0.675671,0.443409,174.505
lightbox/images/img004510.jpg,lightbox,0,27171,3,27015,-0.227648,0.430001,-0.328824,0.809414,108.755
lightbox/images/img004511.jpg,lightbox,2,53425,1,37000,0.397722,0.748653,0.397722,-0.350931,160.122
lightbox/images/img004520.jpg,lightbox,1,50251,3,43165,-0.143208,-0.315058,0.200492,0.916533,148.247
lightbox/images/img004526.jpg,lightbox,3,75012,3,53530,0.637864,-0.241948,0.197958,0.703849,45.383
lightbox/images/img004534.jpg,lightbox,1,50606,1,41761,-0.125828,0.805302,-0.478148,0.327154,19.2845
lightbox/images/img004540.jpg,lightbox,0,37456,0,37554,0.689329,0.624704,0.366206,-0.0215415,19.9464
lightbox/images/img004561.jpg,lightbox,3,52010,0,47433,0.751953,-0.211487,-0.211487,0.587463,88.4273
lightbox/images/img004572.jpg,lightbox,2,16743,2,17662,0.467379,-0.0274929,0.879772,-0.0824786,21.0675
lightbox/images/img004578.jpg,lightbox,0,60663,3,61116,-0.092538,0.092538,0.092538,0.987072,160.616
lightbox/images/img004579.jpg,lightbox,0,03263,0,03605,0.780024,-0.316885,-0.17063,-0.511891,20.6221
lightbox/images/img004580.jpg,lightbox,3,33335,2,22212,-0.460146,0.460146,0.545358,-0.528315,112.286
lightbox/images/img004581.jpg,lightbox,1,61127,1,61124,-0.21039,0.961781,0.150278,0.090167,6.22463
lightbox/images/img004607.jpg,lightbox,1,05430,3,01571,-0.0217443,-0.587095,-0.413141,0.695817,147.986
lightbox/images/img004613.jpg,lightbox,3,43526,3,43151,-0.0280056,-0.420084,0.140028,0.896179,36.4076
lightbox/images/img004617.jpg,lightbox,0,35056,1,50253,0.178434,0.8157,-0.535303,0.127453,117.392
lightbox/images/img004626.jpg,lightbox,3,36062,3,36066,0.024731,0.568812,-0.222579,0.791391,7.09328
lightbox/images/img004627.jpg,lightbox,0,11163,0,47472,0.703849,-0.241948,-0.197958,0.637864,172.355
lightbox/images/img004633.jpg,lightbox,0,63473,0,63547,0.791391,-0.123655,0.469888,0.370965,15.8299
lightbox/images/img004636.jpg,lightbox,3,74647,1,42224,-0.692662,0.715006,-0.0670318,0.0670318,165.179
lightbox/images/img004654.jpg,lightbox,1,73106,1,56130,0.324696,0.799251,-0.274743,0.424602,97.4943
lightbox/images/img004657.jpg,lightbox,3,52233,3,70051,0.211154,0.0301648,0.150824,0.965275,13.9772
lightbox/images/img004660.jpg,lightbox,2,14345,0,74227,0.795292,0.0745586,0.372793,0.472205,135.858
lightbox/images/img004664.jpg,lightbox,1,60740,1,35466,0.46047,0.866766,0.189605,-0.0270864,129.721
lightbox/images/img004672.jpg,lightbox,0,42637,0,42762,0.770916,-0.554096,-0.0240911,0.313185,8.7737
lightbox/images/img004688.jpg,lightbox,3,40714,1,72132,0.313185,0.770916,0.554096,0.0240911,138.482
lightbox/images/img004698.jpg,lightbox,2,35540,3,22165,-0.41742,0.41742,-0.496929,0.636069,94.6599
lightbox/images/img004704.jpg,lightbox,0,03202,3,63632,-0.235217,0.662884,0.19245,0.684267,65.7344
lightbox/images/img004710.jpg,lightbox,2,57307,0,26515,0.793334,-0.421459,0.421459,-0.123958,83.3427
lightbox/images/img004713.jpg,lightbox,2,51211,2,51304,0.534584,-0.491817,0.684267,0.06415,4.91847
lightbox/images/img004719.jpg,lightbox,2,30463,2,30425,0.0774855,0.129142,0.826512,-0.542398,8.79887
lightbox/images/img004727.jpg,lightbox,3,25210,1,36541,0.289574,0.842397,0.447523,-0.0789747,166.505
lightbox/images/img004737.jpg,lightbox,3,13552,2,71052,0.542398,0.0774855,0.826512,0.129142,171.458
lightbox/images/img004740.jpg,lightbox,0,31216,3,61110,-0.0932505,0.0310835,0.0310835,0.994672,101.069
lightbox/images/img004743.jpg,lightbox,3,56272,1,52153,0.394874,0.842397,-0.342224,0.131625,176.396
lightbox/images/img004749.jpg,lightbox,3,27132,3,23360,-0.13616,0.564091,-0.525188,0.622446,25.421
lightbox/images/img004752.jpg,lightbox,1,54625,1,56042,0.024731,0.791391,-0.321503,0.51935,18.022
lightbox/images/img004773.jpg,lightbox,1,60316,0,31654,0.74702,0.490232,0.210099,-0.396854,172.057
lightbox/images/img004774.jpg,lightbox,0,36070,1,56021,0.0789747,0.842397,-0.289574,0.447523,168.553
lightbox/images/img004777.jpg,lightbox,1,06313,1,03653,-0.233079,0.828726,-0.129488,-0.492056,27.1031
lightbox/images/img004778.jpg,lightbox,0,47306,0,46306,0.72671,-0.522323,-0.113548,0.431484,41.6829
lightbox/images/img004781.jpg,lightbox,3,63265,3,63425,-0.310316,0.50128,0.262575,0.763856,21.6615
lightbox/images/img004785.jpg,lightbox,1,51306,0,60235,0.748653,-0.584885,0.30414,0.0701862,162.696
lightbox/images/img004799.jpg,lightbox,0,26574,1,66554,-0.370138,0.62339,0.331176,0.603909,130.241
lightbox/images/img004802.jpg,lightbox,1,15464,0,65222,0.762121,-0.357244,0.357244,0.404877,157.846
lightbox/images/img004804.jpg,lightbox,1,55573,0,35700,0.758686,0.592723,0.21338,-0.165963,112.089
lightbox/images/img004812.jpg,lightbox,0,32566,3,21560,-0.183261,0.130901,-0.497423,0.837765,91.1187
lightbox/images/img004818.jpg,lightbox,3,34663,0,27541,0.871899,-0.136234,0.463196,-0.0817405,167.027
lightbox/images/img004822.jpg,lightbox,0,60531,2,07547,-0.143208,-0.372342,0.916533,-0.0286417,161.061
lightbox/images/img004829.jpg,lightbox,3,46061,1,03053,-0.201095,0.715006,-0.290471,-0.603286,112.197
lightbox/images/img004831.jpg,lightbox,2,70723,2,71244,0.447523,0.236924,0.842397,0.184274,26.0221
lightbox/images/img004840.jpg,lightbox,3,53027,3,07774,-0.0928922,-0.0928922,-0.0309641,0.99085,73.195
lightbox/images/img004841.jpg,lightbox,3,24376,1,72145,0.285642,0.830959,0.441447,0.181772,155.387
lightbox/images/img004845.jpg,lightbox,1,06674,0,07627,0.916533,-0.372342,-0.0286417,-0.143208,59.6167
lightbox/images/img004848.jpg,lightbox,1,71127,0,04663,0.688053,-0.623548,-0.365528,-0.0645049,170.106
lightbox/images/img004866.jpg,lightbox,3,16756,2,07417,-0.249711,-0.360694,0.887862,-0.138728,156.758
lightbox/images/img004870.jpg,lightbox,0,65721,0,65333,0.8157,-0.0254906,0.38236,0.433341,23.2035
lightbox/images/img004872.jpg,lightbox,2,13460,0,77143,0.633074,0.534156,0.375888,0.415455,156.388
lightbox/images/img004875.jpg,lightbox,2,40466,2,71745,0.595026,0.198342,0.705215,0.33057,169.974
lightbox/images/img004878.jpg,lightbox,2,32503,0,07026,0.826512,-0.387427,-0.232456,-0.33577,175.714
lightbox/images/img004883.jpg,lightbox,3,34164,3,34554,0.376062,0.0289278,-0.0289278,0.925691,32.299
lightbox/images/img004895.jpg,lightbox,3,67113,2,51775,0.611379,-0.374716,0.631101,0.295829,144.776
lightbox/images/img004905.jpg,lightbox,2,40703,2,42420,-0.662884,-0.235217,0.684267,0.19245,35.5544
lightbox/images/img004921.jpg,lightbox,0,71626,0,70717,0.828726,0.388465,0.284875,0.284875,9.54414
lightbox/images/img004927.jpg,lightbox,0,74305,0,34236,0.842397,0.131625,0.394874,-0.342224,100.994
lightbox/images/img004928.jpg,lightbox,3,17605,3,53252,0.539527,-0.128459,0.128459,0.822136,29.6822
lightbox/images/img004933.jpg,lightbox,1,15362,2,21261,-0.284293,0.284293,0.699798,-0.590455,171.606
lightbox/images/img004937.jpg,lightbox,1,63033,0,25536,0.961781,-0.090167,0.21039,-0.150278,162.618
lightbox/images/img004940.jpg,lightbox,3,41014,1,16177,0.399326,0.851896,-0.239596,-0.239596,63.1061
lightbox/images/img004950.jpg,lightbox,2,64346,0,43460,0.8157,-0.38236,-0.280397,0.331378,117.051
lightbox/images/img004967.jpg,lightbox,0,11666,0,20745,0.74702,-0.490232,0.210099,-0.396854,127.761
lightbox/images/img004971.jpg,lightbox,0,75133,1,75030,0.497888,0.758686,0.118545,0.403052,22.6021
lightbox/images/img004973.jpg,lightbox,3,61613,1,61304,-0.205262,0.93834,0.263908,0.0879694,121.364
lightbox/images/img004974.jpg,lightbox,2,21162,1,17501,0.599704,0.71076,-0.333169,-0.155479,164.046
lightbox/images/img004979.jpg,lightbox,2,71546,0,25036,0.866766,-0.297951,0.189605,-0.352124,119.9
lightbox/images/img004980.jpg,lightbox,2,24105,0,51271,0.72671,0.522323,-0.431484,0.113548,85.7335
lightbox/images/img004990.jpg,lightbox,1,16547,1,27150,-0.0789747,0.842397,0.447523,-0.289574,108.736
lightbox/images/img004993.jpg,lightbox,2,61501,3,34356,0.348062,0.294514,-0.240966,0.856767,174.84
lightbox/images/img004999.jpg,lightbox,1,02461,3,74014,0.133109,0.0266217,0.505813,0.851896,118.826
lightbox/images/img005001.jpg,lightbox,3,52354,3,50325,0.282609,-0.488143,0.0770752,0.822136,40.0457
lightbox/images/img005008.jpg,lightbox,3,27766,1,17207,0.478148,0.805302,-0.125828,-0.327154,151.444
lightbox/images/img005015.jpg,lightbox,3,03620,3,42723,-0.533917,-0.0254246,0.228822,0.813589,91.609
lightbox/images/img005016.jpg,lightbox,1,21611,3,41261,-0.327154,-0.478148,0.125828,0.805302,89.3088
lightbox/images/img005023.jpg,lightbox,3,52270,2,07755,-0.0304997,-0.213498,0.975991,-0.0304997,162.982
lightbox/images/img005026.jpg,lightbox,2,50673,2,71121,0.640141,0.118545,0.758686,0.0237089,92.8252
lightbox/images/img005038.jpg,lightbox,0,06611,0,06611,0.765603,-0.598127,-0.167476,-0.167476,2.17726
lightbox/images/img005058.jpg,lightbox,3,63725,2,73444,0.397722,0.397722,0.748653,0.350931,100.631
lightbox/images/img005059.jpg,lightbox,2,25761,2,25655,-0.261226,0.261226,0.928805,-0.0290252,19.181
lightbox/images/img005084.jpg,lightbox,2,52477,0,53264,0.864234,0.459124,-0.0810219,0.189051,174.38
lightbox/images/img005085.jpg,lightbox,1,34277,1,34341,0.299715,0.871899,0.245222,-0.299715,25.0009
lightbox/images/img005088.jpg,lightbox,3,25106,3,07637,-0.267615,-0.0297351,-0.148675,0.951522,27.6579
lightbox/images/img005105.jpg,lightbox,1,50134,1,14575,0.337185,0.719328,-0.606933,-0.022479,10.6518
lightbox/images/img005106.jpg,lightbox,0,55326,2,30016,0.114738,0.0688428,0.734324,-0.665481,131.365
lightbox/images/img005114.jpg,lightbox,3,05311,1,30674,0.128799,0.824315,0.334878,-0.437917,52.5188
lightbox/images/img005124.jpg,lightbox,3,16776,3,16744,0.26482,-0.205971,-0.0294245,0.941584,23.124
lightbox/images/img005125.jpg,lightbox,0,67510,2,25575,-0.030846,0.15423,0.987072,-0.030846,139.259
lightbox/images/img005137.jpg,lightbox,2,13405,0,72553,0.758686,0.355634,0.45047,0.308216,137.125
lightbox/images/img005147.jpg,lightbox,3,63724,3,63257,-0.207404,0.622212,0.161314,0.737437,9.6971
lightbox/images/img005151.jpg,lightbox,3,36162,3,34353,0.388465,0.284875,-0.284875,0.828726,39.6711
lightbox/images/img005156.jpg,lightbox,1,16626,1,25545,-0.15423,0.987072,0.030846,-0.030846,24.6541
lightbox/images/img005163.jpg,lightbox,1,74067,0,27244,0.72373,-0.339248,0.565414,-0.203549,151.756
lightbox/images/img005164.jpg,lightbox,3,61243,1,61307,-0.145617,0.931951,0.320358,0.0873704,124.255
lightbox/images/img005166.jpg,lightbox,0,16510,1,30473,0.181772,0.830959,0.181772,-0.493382,126.636
lightbox/images/img005174.jpg,lightbox,2,13360,2,13066,0.378339,-0.200297,0.712167,-0.55638,23.431
lightbox/images/img005183.jpg,lightbox,2,47147,2,47161,-0.124573,-0.27406,0.797264,0.523205,6.16693
lightbox/images/img005186.jpg,lightbox,2,44376,2,42444,-0.628221,-0.303978,0.648486,0.303978,35.1798
lightbox/images/img005192.jpg,lightbox,1,71270,3,21400,-0.355634,0.0237089,-0.545305,0.758686,153.851
lightbox/images/img005196.jpg,lightbox,3,34051,3,17552,0.641599,-0.287613,-0.0663723,0.707972,75.1439
lightbox/images/img005198.jpg,lightbox,0,65166,0,65133,0.866766,-0.0270864,0.189605,0.46047,22.7287
lightbox/images/img005202.jpg,lightbox,2,30760,3,71220,0.441447,0.337577,0.0259675,0.830959,163.209
lightbox/images/img005213.jpg,lightbox,2,37202,2,47733,-0.0246108,-0.0246108,0.787547,0.615271,141.942
lightbox/images/img005220.jpg,lightbox,0,42525,0,42175,0.830959,-0.441447,-0.285642,0.181772,15.2552
lightbox/images/img005221.jpg,lightbox,1,41606,3,42265,-0.661315,-0.0684119,0.159628,0.729727,146.696
lightbox/images/img005232.jpg,lightbox,0,25011,0,62656,0.615044,-0.518943,0.518943,0.288302,113.095
lightbox/images/img005233.jpg,lightbox,3,16057,1,16055,0.188502,0.861723,-0.403933,-0.24236,134.384
lightbox/images/img005239.jpg,lightbox,3,43172,3,61050,-0.321451,0.0292228,0.146114,0.935129,42.7917
lightbox/images/img005244.jpg,lightbox,0,37466,2,35230,0.487057,0.301511,0.742182,-0.347898,54.1218
lightbox/images/img005253.jpg,lightbox,1,63731,1,72621,0.0678497,0.72373,0.65588,0.203549,8.40378
lightbox/images/img005270.jpg,lightbox,0,63002,0,53222,0.882444,0.468798,-0.0275764,0.0275764,117.766
lightbox/images/img005271.jpg,lightbox,1,43215,3,16346,0.258625,-0.143681,-0.258625,0.919555,169.494
lightbox/images/img005273.jpg,lightbox,0,07014,0,07047,0.842397,-0.342224,-0.342224,-0.236924,14.2709
lightbox/images/img005274.jpg,lightbox,1,03113,3,45140,-0.140705,-0.623123,0.422116,0.643224,26.0709
lightbox/images/img005281.jpg,lightbox,0,35456,0,35441,0.856767,0.508706,0.026774,-0.0803219,8.38308
lightbox/images/img005289.jpg,lightbox,2,25730,0,61354,0.93834,-0.0879694,0.263908,0.205262,168.956
lightbox/images/img005290.jpg,lightbox,1,43264,2,70074,0.149204,0.149204,0.954905,0.208885,173.126
lightbox/images/img005305.jpg,lightbox,0,03430,0,03065,0.72671,-0.295226,-0.249807,-0.567742,6.68795
lightbox/images/img005311.jpg,lightbox,0,53330,2,43257,-0.262111,-0.145617,0.931951,0.203864,140.351
lightbox/images/img005314.jpg,lightbox,1,34225,1,30775,0.363057,0.774521,0.314649,-0.411464,33.3887
lightbox/images/img005315.jpg,lightbox,3,64053,3,42662,-0.667787,-0.0215415,0.28004,0.689329,26.6407
lightbox/images/img005320.jpg,lightbox,3,16106,3,16531,0.398199,-0.292013,-0.185826,0.849491,25.6296
lightbox/images/img005327.jpg,lightbox,0,31770,1,30557,0.38137,0.813589,0.0762739,-0.432219,47.9424
lightbox/images/img005335.jpg,lightbox,3,70042,2,05450,-0.239187,-0.674072,0.695817,-0.0652328,174.586
lightbox/images/img005337.jpg,lightbox,1,14631,0,70053,0.961781,0.21039,0.090167,0.150278,145.892
lightbox/images/img005341.jpg,lightbox,0,34542,0,02776,0.781884,-0.464244,-0.0244339,-0.415376,99.9205
lightbox/images/img005345.jpg,lightbox,2,14277,0,41275,0.822136,-0.231226,-0.488143,0.179842,156.615
lightbox/images/img005367.jpg,lightbox,2,07752,2,43177,-0.0294245,-0.26482,0.941584,0.205971,35.5763
lightbox/images/img005376.jpg,lightbox,1,27545,1,27545,-0.136641,0.8745,0.464578,-0.0273281,2.37533
lightbox/images/img005389.jpg,lightbox,0,76056,2,25522,-0.204559,0.204559,0.935129,-0.204559,159.342
lightbox/images/img005394.jpg,lightbox,1,60571,0,02166,0.673274,-0.483916,-0.189358,-0.525995,51.7598
lightbox/images/img005396.jpg,lightbox,0,54340,3,12763,0.283358,-0.0257599,-0.489437,0.824315,68.2023
lightbox/images/img005401.jpg,lightbox,0,52313,0,53220,0.879772,0.467379,-0.0824786,0.0274929,6.81526
lightbox/images/img005404.jpg,lightbox,2,57750,0,24746,0.781884,-0.561979,0.268773,-0.0244339,96.9949
lightbox/images/img005410.jpg,lightbox,0,63315,1,30770,0.313185,0.770916,0.313185,-0.457732,135.656
lightbox/images/img005428.jpg,lightbox,0,20335,1,15047,0.395576,0.666233,-0.603774,-0.187378,177.21
lightbox/images/img005430.jpg,lightbox,2,26574,0,74125,0.817829,0.281129,0.127786,0.485586,165.562
lightbox/images/img005431.jpg,lightbox,1,76217,0,16414,0.887862,0.138728,-0.416185,-0.138728,169.639
lightbox/images/img005444.jpg,lightbox,2,25564,0,74600,0.769133,0.0240354,0.216319,0.600885,177.763
lightbox/images/img005451.jpg,lightbox,0,03360,0,63031,0.813589,-0.228822,0.533917,0.0254246,107.423
lightbox/images/img005481.jpg,lightbox,2,15223,0,76333,0.640128,0.30006,0.620124,0.340068,119.36
lightbox/images/img005482.jpg,lightbox,0,11021,0,77433,0.615044,0.442063,0.442063,0.480503,178.306
lightbox/images/img005484.jpg,lightbox,2,22755,2,27020,-0.342773,0.479882,0.73125,-0.342773,9.98329
lightbox/images/img005492.jpg,lightbox,0,00533,0,61075,0.931951,-0.262111,0.145617,0.203864,117.573
lightbox/images/img005495.jpg,lightbox,1,53253,0,33444,0.735875,0.390934,0.390934,-0.390934,100.864
lightbox/images/img005498.jpg,lightbox,2,50267,2,34070,0.144639,0.144639,0.925691,-0.318206,92.9399
lightbox/images/img005517.jpg,lightbox,2,63750,0,32554,0.760398,0.308911,0.403961,-0.403961,143.052
lightbox/images/img005519.jpg,lightbox,2,13013,0,36366,0.690612,0.194235,0.66903,-0.194235,76.5533
lightbox/images/img005525.jpg,lightbox,0,10703,0,72045,0.864234,0.0810219,0.459124,0.189051,142.817
lightbox/images/img005530.jpg,lightbox,3,42215,3,40701,-0.46101,-0.504916,0.197576,0.702491,44.085
lightbox/images/img005538.jpg,lightbox,0,72364,2,24111,-0.433341,0.0254906,0.8157,-0.38236,161.017
lightbox/images/img005563.jpg,lightbox,2,35257,1,56502,0.206529,0.734324,-0.298319,0.57369,174.814
lightbox/images/img005566.jpg,lightbox,2,16210,3,43541,-0.131625,-0.394874,0.342224,0.842397,177.396
lightbox/images/img005570.jpg,lightbox,3,03040,3,61146,-0.208145,0.0892052,0.208145,0.951522,111.747
lightbox/images/img005572.jpg,lightbox,2,45707,2,60654,-0.595026,0.198342,0.705215,0.33057,99.0127
lightbox/images/img005576.jpg,lightbox,0,43231,0,61033,0.941584,-0.26482,0.205971,0.0294245,35.582
lightbox/images/img005577.jpg,lightbox,0,53714,0,53166,0.758686,0.592723,-0.21338,0.165963,11.7703
lightbox/images/img005578.jpg,lightbox,1,65425,1,40670,-0.565081,0.669726,-0.39765,0.272076,77.1498
lightbox/images/img005586.jpg,lightbox,1,40326,2,67124,-0.161658,0.484974,0.739008,0.438786,160.263
lightbox/images/img005599.jpg,lightbox,3,03777,3,35173,0.667787,0.150791,-0.236957,0.689329,89.0963
lightbox/images/img005603.jpg,lightbox,0,56230,0,16256,0.941584,0.147122,-0.147122,-0.26482,84.0121
lightbox/images/img005609.jpg,lightbox,2,72140,2,72402,0.0261087,0.496065,0.835478,0.234978,28.2258
lightbox/images/img005620.jpg,lightbox,2,55237,1,42274,-0.63446,0.751953,-0.0704956,0.16449,111.56
lightbox/images/img005627.jpg,lightbox,1,46333,1,42634,-0.622212,0.737437,-0.0691347,0.253494,29.4592
lightbox/images/img005646.jpg,lightbox,3,74207,3,60656,-0.589329,0.240097,0.327405,0.698464,81.4174
lightbox/images/img005651.jpg,lightbox,0,61270,0,61352,0.931951,-0.0873704,0.320358,0.145617,24.4015
lightbox/images/img005655.jpg,lightbox,0,24570,0,07336,0.922608,-0.0864945,-0.0288315,-0.374809,61.4803
lightbox/images/img005662.jpg,lightbox,0,70725,2,70221,0.0864945,0.374809,0.922608,0.0288315,116.601
lightbox/images/img005667.jpg,lightbox,2,75360,2,75353,0.614253,0.217961,0.634068,0.416107,11.0767
lightbox/images/img005668.jpg,lightbox,2,50727,2,52053,0.196657,-0.36522,0.899004,0.140469,21.8469
lightbox/images/img005675.jpg,lightbox,0,76123,2,24515,-0.464578,0.0273281,0.8745,-0.136641,173.617
lightbox/images/img005677.jpg,lightbox,1,30472,2,76101,0.265003,0.409549,0.770916,0.409549,144.345
lightbox/images/img005682.jpg,lightbox,1,07460,2,50016,0.114738,-0.665481,0.734324,0.0688428,68.588
lightbox/images/img005692.jpg,lightbox,3,65213,1,35262,0.417374,0.785646,0.368271,-0.270066,172.977
lightbox/images/img005699.jpg,lightbox,1,06445,3,60115,-0.467379,0.0274929,0.0824786,0.879772,147.601
lightbox/images/img005705.jpg,lightbox,3,06713,3,24530,-0.497423,0.130901,-0.183261,0.837765,33.6126
lightbox/images/img005709.jpg,lightbox,3,33402,0,00276,0.619639,-0.52282,-0.329183,-0.484093,164.191
lightbox/images/img005736.jpg,lightbox,0,05325,0,07075,0.88514,-0.248946,-0.304267,-0.248946,28.4999
lightbox/images/img005737.jpg,lightbox,3,25146,3,61431,-0.258625,0.143681,0.258625,0.919555,64.2011
lightbox/images/img005747.jpg,lightbox,0,76027,2,52725,0.308062,-0.0840168,0.896179,0.308062,69.2923
lightbox/images/img005754.jpg,lightbox,0,07441,3,43644,-0.384363,-0.179369,0.384363,0.819974,125.764
lightbox/images/img005776.jpg,lightbox,0,52764,3,52505,0.284875,-0.388465,0.284875,0.828726,125.521
lightbox/images/img005777.jpg,lightbox,2,76453,2,21456,-0.289574,0.0789747,0.842397,-0.447523,147.63
lightbox/images/img005779.jpg,lightbox,2,40714,2,40346,-0.508855,-0.464606,0.707972,0.154869,12.093
lightbox/images/img005781.jpg,lightbox,3,30324,3,56014,0.123655,-0.370965,0.469888,0.791391,157.774
lightbox/images/img005796.jpg,lightbox,0,07576,1,35744,0.600885,0.769133,0.216319,-0.0240354,126.427
lightbox/images/img005800.jpg,lightbox,0,42377,0,61500,0.941584,-0.205971,0.0294245,0.26482,30.4703
lightbox/images/img005801.jpg,lightbox,0,43603,0,43743,0.907642,-0.141819,-0.141819,0.368729,29.6991
lightbox/images/img005811.jpg,lightbox,1,70505,0,70033,0.954905,0.208885,0.208885,0.0298408,121.064
lightbox/images/img005817.jpg,lightbox,2,40203,0,17022,0.795292,0.422499,-0.223676,-0.372793,68.3837
lightbox/images/img005819.jpg,lightbox,2,52225,3,16743,0.320358,-0.145617,-0.0873704,0.931951,177.955
lightbox/images/img005825.jpg,lightbox,0,35625,0,34054,0.951522,0.148675,0.0297351,-0.267615,57.2705
lightbox/images/img005840.jpg,lightbox,0,43475,3,52175,0.398199,-0.292013,0.185826,0.849491,94.3905
lightbox/images/img005853.jpg,lightbox,3,65125,1,34573,0.41491,0.88514,0.193624,-0.0829819,169.639
lightbox/images/img005859.jpg,lightbox,2,65356,1,61464,-0.387427,0.826512,0.129142,0.387427,111.725
lightbox/images/img005861.jpg,lightbox,3,16607,3,16601,0.0892052,-0.208145,-0.208145,0.951522,10.7
lightbox/images/img005863.jpg,lightbox,2,31545,1,73166,0.529761,0.678094,0.48738,0.148333,104.108
lightbox/images/img005867.jpg,lightbox,1,55201,3,60014,-0.643039,0.0238163,0.0714488,0.762121,179.375
lightbox/images/img005885.jpg,lightbox,1,03636,1,03252,-0.252424,0.734324,-0.114738,-0.619586,16.4704
lightbox/images/img005890.jpg,lightbox,3,73401,1,47105,-0.123655,0.791391,-0.370965,0.469888,115.792
lightbox/images/img005898.jpg,lightbox,0,71765,3,52273,0.211154,-0.0301648,0.150824,0.965275,119.205
lightbox/images/img005900.jpg,lightbox,0,46010,0,46106,0.701141,-0.503945,-0.284839,0.416302,11.6202
lightbox/images/img005906.jpg,lightbox,0,70317,3,43717,-0.0292228,-0.146114,0.321451,0.935129,168.099
lightbox/images/img005913.jpg,lightbox,1,55377,3,52271,0.21039,-0.090167,0.150278,0.961781,128.609
lightbox/images/img005918.jpg,lightbox,2,42461,3,11771,0.595823,-0.365182,-0.365182,0.615044,138.039
lightbox/images/img005930.jpg,lightbox,1,12366,1,12235,0.159628,0.729727,-0.0684119,-0.661315,10.9332
lightbox/images/img005936.jpg,lightbox,0,25032,0,21572,0.842397,-0.0789747,0.184274,-0.500173,28.3726
lightbox/images/img005940.jpg,lightbox,1,43640,0,35047,0.833209,0.494718,0.0781133,-0.23434,177.309
lightbox/images/img005946.jpg,lightbox,0,25037,0,21411,0.791391,-0.222579,0.024731,-0.568812,32.9185
lightbox/images/img005957.jpg,lightbox,0,70152,0,70007,0.987072,0.092538,0.092538,0.092538,35.755
lightbox/images/img005961.jpg,lightbox,3,33620,3,33262,0.310221,0.565697,-0.492704,0.583945,6.29811
lightbox/images/img005977.jpg,lightbox,3,70164,3,70713,0.393784,0.288775,0.23627,0.840072,26.0246
lightbox/images/img005999.jpg,lightbox,3,45133,3,42333,-0.468798,-0.0275764,0.0275764,0.882444,93.229
lightbox/images/img006002.jpg,lightbox,3,41421,3,62125,-0.479882,0.479882,0.0685546,0.73125,136.271
lightbox/images/img006007.jpg,lightbox,2,25446,0,75602,0.705215,0.374646,0.242418,0.55095,170.195
lightbox/images/img006016.jpg,lightbox,0,26210,0,22462,0.596803,-0.578153,0.428952,-0.354352,11.9635
lightbox/images/img006048.jpg,lightbox,3,63201,3,70761,0.285642,0.337577,0.337577,0.830959,82.7578
lightbox/images/img006054.jpg,lightbox,0,21657,0,25035,0.887862,-0.249711,0.138728,-0.360694,22.1842
lightbox/images/img006055.jpg,lightbox,3,72445,2,76141,0.254034,0.392598,0.739008,0.484974,62.8446
lightbox/images/img006058.jpg,lightbox,3,34375,3,52175,0.398199,-0.292013,0.185826,0.849491,88.8338
lightbox/images/img006061.jpg,lightbox,0,16726,0,32554,0.760398,0.308911,0.403961,-0.403961,65.3973
lightbox/images/img006062.jpg,lightbox,0,50327,1,30154,0.304808,0.750298,0.0234468,-0.58617,131.059
lightbox/images/img006067.jpg,lightbox,0,72125,0,72111,0.8157,0.38236,0.433341,0.0254906,15.0255
lightbox/images/img006068.jpg,lightbox,0,64310,0,60571,0.824315,-0.437917,0.128799,0.334878,13.3406
lightbox/images/img006074.jpg,lightbox,2,27102,0,21475,0.849491,-0.238919,0.132733,-0.451292,179.153
lightbox/images/img006075.jpg,lightbox,1,37024,2,34611,0.20182,0.259483,0.922608,-0.20182,78.4962
lightbox/images/img006082.jpg,lightbox,3,56203,2,56233,0.189605,-0.0270864,0.866766,0.46047,70.7992
lightbox/images/img006087.jpg,lightbox,0,64107,3,54234,0.118812,-0.451486,0.451486,0.760398,93.5347
lightbox/images/img006091.jpg,lightbox,2,52556,2,33626,0.32626,0.594945,0.614137,-0.403027,149.044
lightbox/images/img006106.jpg,lightbox,0,07464,3,43533,-0.0290252,-0.261226,0.261226,0.928805,175.935
lightbox/images/img006116.jpg,lightbox,3,21030,1,57711,0.601177,0.62057,-0.13575,0.48482,140.012
lightbox/images/img006125.jpg,lightbox,3,54302,0,65003,0.828726,-0.33667,0.0776931,0.440261,91.8609
lightbox/images/img006144.jpg,lightbox,1,32406,1,12742,0.233079,0.828726,-0.129488,-0.492056,70.7313
lightbox/images/img006149.jpg,lightbox,3,43223,3,25420,-0.412393,0.137464,-0.19245,0.879772,36.6786
lightbox/images/img006150.jpg,lightbox,2,25226,0,43775,0.901856,-0.028183,-0.084549,0.422745,115.568
lightbox/images/img006156.jpg,lightbox,2,56733,3,51636,0.484974,-0.392598,0.254034,0.739008,73.194
lightbox/images/img006158.jpg,lightbox,3,51405,1,07143,-0.136641,0.8745,-0.355266,-0.300609,61.1667
lightbox/images/img006159.jpg,lightbox,2,21702,2,53447,0.45047,-0.308216,0.758686,0.355634,151.454
lightbox/images/img006160.jpg,lightbox,2,43002,2,42125,-0.525822,-0.275431,0.801253,0.0751175,16.5982
lightbox/images/img006161.jpg,lightbox,0,41412,0,06764,0.809414,-0.581766,-0.0758825,-0.0252942,84.1504
lightbox/images/img006168.jpg,lightbox,0,45531,0,45235,0.748653,-0.210559,-0.444513,0.444513,26.7696
lightbox/images/img006169.jpg,lightbox,2,22136,1,17604,0.456468,0.859235,-0.187958,-0.134255,160.333
lightbox/images/img006188.jpg,lightbox,3,43315,0,43313,0.987072,-0.030846,-0.15423,0.030846,178.411
lightbox/images/img006189.jpg,lightbox,2,32432,1,52133,0.411152,0.877124,-0.246691,0.0274101,144.492
lightbox/images/img006203.jpg,lightbox,3,41551,2,02713,-0.393438,-0.115717,0.74059,-0.532299,172.51
lightbox/images/img006207.jpg,lightbox,1,36642,3,24556,-0.508706,0.0803219,-0.026774,0.856767,178.697
lightbox/images/img006215.jpg,lightbox,3,65312,1,60512,-0.494718,0.833209,0.0781133,0.23434,114.891
lightbox/images/img006217.jpg,lightbox,2,02314,2,07007,-0.332243,-0.332243,0.817829,-0.332243,41.8263
lightbox/images/img006221.jpg,lightbox,0,55766,2,30650,0.129488,0.233079,0.828726,-0.492056,138.573
lightbox/images/img006222.jpg,lightbox,1,07135,1,16002,0.0265466,0.849491,-0.345106,-0.398199,6.5774
lightbox/images/img006224.jpg,lightbox,3,07577,0,43313,0.987072,-0.030846,-0.15423,0.030846,176.022
lightbox/images/img006226.jpg,lightbox,0,34051,0,34162,0.896179,0.25205,0.196039,-0.308062,16.8252
lightbox/images/img006228.jpg,lightbox,1,07136,3,70211,0.205971,0.26482,0.0294245,0.941584,163.19
lightbox/images/img006234.jpg,lightbox,3,53056,3,35466,0.46047,0.189605,-0.0270864,0.866766,64.5194
lightbox/images/img006237.jpg,lightbox,3,25060,1,34743,0.308062,0.896179,0.308062,-0.0840168,159.242
lightbox/images/img006255.jpg,lightbox,1,75530,1,75536,0.564091,0.622446,0.13616,0.525188,5.51937
lightbox/images/img006262.jpg,lightbox,2,41464,2,25461,-0.371126,0.142741,0.91354,-0.0856444,101.326
lightbox/images/img006286.jpg,lightbox,2,24773,3,52722,0.261226,-0.0290252,0.261226,0.928805,176.206
lightbox/images/img006289.jpg,lightbox,2,27536,0,61755,0.877124,-0.0274101,0.246691,0.411152,173.401
lightbox/images/img006293.jpg,lightbox,3,35551,3,24551,-0.467379,0.0274929,-0.0824786,0.879772,144.997
lightbox/images/img006297.jpg,lightbox,2,05554,3,34451,0.212708,0.0303869,-0.0911606,0.972379,167.497
lightbox/images/img006315.jpg,lightbox,2,67701,2,67512,-0.0667657,0.422849,0.712167,0.55638,16.8178
lightbox/images/img006329.jpg,lightbox,1,70553,1,71641,0.469888,0.791391,0.222579,0.321503,22.4004
lightbox/images/img006333.jpg,lightbox,1,03237,0,45333,0.799251,-0.0249766,-0.424602,0.424602,126.2
lightbox/images/img006350.jpg,lightbox,2,03467,0,51704,0.667391,0.521399,-0.479687,0.229416,68.9532
lightbox/images/img006354.jpg,lightbox,1,65343,3,63035,-0.228232,0.532542,0.0760775,0.811493,50.7352
lightbox/images/img006360.jpg,lightbox,2,54556,1,06611,-0.598127,0.765603,-0.167476,-0.167476,85.0313
lightbox/images/img006364.jpg,lightbox,2,60171,3,42751,-0.434472,-0.1789,0.332243,0.817829,111.112
lightbox/images/img006366.jpg,lightbox,0,63105,3,35145,0.630298,0.0233444,-0.210099,0.74702,121.077
lightbox/images/img006397.jpg,lightbox,0,17600,3,74034,0.131991,0.131991,0.501565,0.844742,170.373
lightbox/images/img006414.jpg,lightbox,2,16131,0,25475,0.951522,-0.267615,0.148675,-0.0297351,111.825
lightbox/images/img006417.jpg,lightbox,1,14534,1,05312,-0.0727821,0.776342,-0.509475,-0.36391,54.6987
lightbox/images/img006425.jpg,lightbox,2,60127,2,15376,0.613422,-0.359592,0.676879,-0.190372,161.432
lightbox/images/img006448.jpg,lightbox,1,25546,1,70024,0.0307293,0.983336,0.153646,0.0921878,32.067
lightbox/images/img006454.jpg,lightbox,0,20050,3,67540,-0.149139,0.362194,0.617861,0.681778,96.8225
lightbox/images/img006455.jpg,lightbox,3,52606,3,53422,0.442642,-0.23434,0.23434,0.833209,47.8577
lightbox/images/img006456.jpg,lightbox,2,33566,3,43311,-0.0304997,-0.213498,0.0304997,0.975991,127.714
lightbox/images/img006463.jpg,lightbox,1,25211,2,42464,-0.642082,-0.227836,0.662794,0.310685,177.825
lightbox/images/img006482.jpg,lightbox,2,45013,3,50267,0.0810219,-0.459124,0.189051,0.864234,90.3489
lightbox/images/img006484.jpg,lightbox,3,57147,3,57014,0.463699,-0.331214,0.419537,0.706589,15.4095
lightbox/images/img006485.jpg,lightbox,2,42456,1,12035,0.155173,0.709362,-0.243843,-0.642859,95.6907
lightbox/images/img006508.jpg,lightbox,3,16721,3,16744,0.26482,-0.205971,-0.0294245,0.941584,23.5352
lightbox/images/img006509.jpg,lightbox,2,45020,2,25001,-0.345106,0.0265466,0.849491,-0.398199,116.797
lightbox/images/img006515.jpg,lightbox,1,75246,1,56555,0.303978,0.648486,-0.303978,0.628221,65.8165
lightbox/images/img006519.jpg,lightbox,0,60546,0,64305,0.732782,-0.480888,0.206095,0.435089,20.0372
lightbox/images/img006525.jpg,lightbox,2,70503,1,05357,-0.0254246,0.813589,-0.533917,-0.228822,121.586
lightbox/images/img006527.jpg,lightbox,0,16265,0,65303,0.837765,-0.130901,0.287982,0.445063,100.921
lightbox/images/img006528.jpg,lightbox,2,66150,3,33022,0.321098,0.434426,-0.585531,0.604419,167.321
lightbox/images/img006532.jpg,lightbox,0,41476,0,72602,0.74702,0.0233444,0.630298,0.210099,152.887
lightbox/images/img006548.jpg,lightbox,0,61535,0,70421,0.948174,0.0888913,0.148152,0.266674,12.7798
lightbox/images/img006567.jpg,lightbox,3,37002,1,52570,0.337577,0.830959,-0.285642,0.337577,66.1364
lightbox/images/img006569.jpg,lightbox,1,50035,1,27750,-0.0734773,0.783758,0.612311,-0.0734773,158.149
lightbox/images/img006597.jpg,lightbox,2,51765,1,64375,-0.37909,0.713582,0.289893,0.512887,164.462
lightbox/images/img006601.jpg,lightbox,3,73060,1,43473,-0.244497,0.869321,-0.244497,0.353162,110.324
lightbox/images/img006607.jpg,lightbox,0,55277,0,57107,0.669726,0.565081,-0.272076,0.39765,16.0438
lightbox/images/img006610.jpg,lightbox,1,11136,0,12532,0.753619,0.306158,-0.211955,-0.541664,48.054
lightbox/images/img006614.jpg,lightbox,0,37060,3,02337,-0.366206,-0.0215415,-0.624704,0.689329,83.7184
lightbox/images/img006615.jpg,lightbox,1,13663,2,21210,-0.235217,0.19245,0.684267,-0.662884,140.151
lightbox/images/img006616.jpg,lightbox,3,16056,3,16416,0.141819,-0.368729,-0.141819,0.907642,15.4298
lightbox/images/img006632.jpg,lightbox,0,61641,3,50127,0.260798,-0.592723,0.0711268,0.758686,90.5817
lightbox/images/img006634.jpg,lightbox,0,74116,1,12774,0.33667,0.828726,-0.0776931,-0.440261,143.969
lightbox/images/img006647.jpg,lightbox,0,07506,0,05332,0.813589,-0.0762739,-0.432219,-0.38137,34.9279
lightbox/images/img006664.jpg,lightbox,3,75242,3,63515,-0.0263982,0.448769,0.29038,0.844742,60.1256
lightbox/images/img006665.jpg,lightbox,1,53424,1,53602,0.451292,0.849491,-0.132733,0.238919,20.8195
lightbox/images/img006668.jpg,lightbox,2,00427,2,02566,-0.524491,-0.205236,0.729727,-0.387667,31.9167
lightbox/images/img006671.jpg,lightbox,2,04137,2,50745,0.252424,-0.527795,0.734324,0.344214,105.475
lightbox/images/img006673.jpg,lightbox,3,41654,2,35700,0.592723,0.21338,0.758686,-0.165963,163.413
lightbox/images/img006674.jpg,lightbox,3,02342,0,57077,0.688053,0.494538,-0.193515,0.494538,175.083
lightbox/images/img006679.jpg,lightbox,2,05736,2,05376,-0.0800926,-0.453858,0.854321,-0.240278,10.8895
lightbox/images/img006684.jpg,lightbox,3,21440,3,25256,-0.299715,0.299715,-0.245222,0.871899,40.0415
lightbox/images/img006686.jpg,lightbox,2,12324,0,37304,0.647423,0.505799,0.505799,-0.263016,101.53
lightbox/images/img006696.jpg,lightbox,3,20355,0,37443,0.763856,0.453539,0.453539,-0.0716115,119.692
lightbox/images/img006704.jpg,lightbox,0,56063,3,70461,0.0856444,0.142741,0.371126,0.91354,122.17
lightbox/images/img006709.jpg,lightbox,0,35276,2,07043,-0.337577,-0.337577,0.830959,-0.285642,170.934
lightbox/images/img006711.jpg,lightbox,3,16212,3,16716,0.368729,-0.141819,-0.141819,0.907642,41.9826
lightbox/images/img006727.jpg,lightbox,0,24444,3,61110,-0.0932505,0.0310835,0.0310835,0.994672,165.453
lightbox/images/img006733.jpg,lightbox,0,60106,1,03316,-0.0688428,0.734324,-0.114738,-0.665481,116.339
lightbox/images/img006736.jpg,lightbox,2,50214,2,50004,0.0223887,-0.694049,0.716438,0.067166,19.4055
sunlamp/images/img000005.jpg,sunlamp,3,57537,3,52414,0.13387,-0.40161,0.294514,0.856767,71.0164
sunlamp/images/img000022.jpg,sunlamp,3,70166,3,70761,0.285642,0.337577,0.337577,0.830959,21.1762
sunlamp/images/img000030.jpg,sunlamp,0,42170,1,73554,0.594567,0.656074,0.348539,0.307535,169.248
sunlamp/images/img000031.jpg,sunlamp,2,70435,2,51344,0.529761,-0.48738,0.678094,0.148333,89.1922
sunlamp/images/img000033.jpg,sunlamp,3,07240,3,07633,-0.26482,-0.0294245,-0.205971,0.941584,28.8101
sunlamp/images/img000034.jpg,sunlamp,1,07625,0,56020,0.844742,0.0263982,-0.29038,0.448769,139.343
sunlamp/images/img000039.jpg,sunlamp,3,24006,3,11247,0.38378,-0.424178,-0.504973,0.646366,145.227
sunlamp/images/img000040.jpg,sunlamp,1,25003,2,05767,-0.136641,-0.464578,0.8745,-0.0273281,146.99
sunlamp/images/img000043.jpg,sunlamp,0,61033,3,62172,-0.431484,0.522323,0.113548,0.72671,118.48
sunlamp/images/img000045.jpg,sunlamp,1,04567,2,63711,-0.0240354,0.600885,0.769133,0.216319,179.262
sunlamp/images/img000052.jpg,sunlamp,3,33145,0,16112,0.80327,0.326328,-0.326328,-0.376533,126.803
sunlamp/images/img000054.jpg,sunlamp,0,47712,2,14354,0.306158,-0.541664,0.753619,-0.211955,173.655
sunlamp/images/img000060.jpg,sunlamp,3,17034,3,11635,0.47395,-0.391524,-0.432737,0.659408,24.1515
sunlamp/images/img000062.jpg,sunlamp,2,45643,2,45620,-0.317287,-0.401897,0.676879,0.528812,9.23896
sunlamp/images/img000066.jpg,sunlamp,3,52624,2,50743,0.262575,-0.50128,0.763856,0.310316,106.245
sunlamp/images/img000072.jpg,sunlamp,3,27451,3,27524,-0.178434,0.535303,-0.127453,0.8157,15.0941
sunlamp/images/img000074.jpg,sunlamp,2,74303,1,70241,0.0888913,0.948174,0.266674,0.148152,110.952
sunlamp/images/img000076.jpg,sunlamp,3,42321,1,16422,0.0294245,0.941584,-0.26482,-0.205971,147.283
sunlamp/images/img000078.jpg,sunlamp,0,00352,1,06337,-0.441447,0.830959,-0.0259675,-0.337577,132.056
sunlamp/images/img000079.jpg,sunlamp,2,14634,2,16540,0.245953,-0.409922,0.8745,-0.0819844,16.2266
sunlamp/images/img000081.jpg,sunlamp,3,25337,1,16634,0.151934,0.972379,-0.0911606,-0.151934,144.898
sunlamp/images/img000084.jpg,sunlamp,1,02172,3,44373,-0.37611,-0.37611,0.464606,0.707972,107.514
sunlamp/images/img000089.jpg,sunlamp,2,64141,1,52223,0.0932505,0.994672,-0.0310835,0.0310835,174.72
sunlamp/images/img000096.jpg,sunlamp,2,06756,1,47107,-0.125828,0.805302,-0.327154,0.478148,143.806
sunlamp/images/img000097.jpg,sunlamp,2,27217,0,21155,0.787547,-0.0246108,0.0246108,-0.615271,178.178
sunlamp/images/img000098.jpg,sunlamp,1,75426,1,06131,-0.417374,0.785646,-0.270066,-0.368271,163.365
sunlamp/images/img000099.jpg,sunlamp,0,07524,3,60551,-0.441447,0.0259675,0.337577,0.830959,102.321
sunlamp/images/img000104.jpg,sunlamp,1,41426,0,73602,0.694504,0.368955,0.585988,0.195329,151.751
sunlamp/images/img000105.jpg,sunlamp,2,12165,2,13502,0.51604,-0.268341,0.660531,-0.474757,30.4417
sunlamp/images/img000106.jpg,sunlamp,1,52145,1,01664,-0.344214,0.734324,-0.436005,-0.390109,103.516
sunlamp/images/img000107.jpg,sunlamp,3,62600,3,70564,0.244497,0.135831,0.407494,0.869321,116.737
sunlamp/images/img000114.jpg,sunlamp,0,61327,1,14732,0.332243,0.817829,-0.434472,-0.1789,176.258
sunlamp/images/img000116.jpg,sunlamp,1,76262,1,42777,-0.433341,0.8157,-0.0254906,0.38236,95.2894
sunlamp/images/img000117.jpg,sunlamp,2,04005,1,33011,0.434426,0.604419,0.321098,-0.585531,151.713
sunlamp/images/img000118.jpg,sunlamp,2,06313,2,02716,-0.441622,-0.116216,0.743784,-0.488108,12.4707
sunlamp/images/img000122.jpg,sunlamp,0,60141,0,60704,0.763856,-0.549021,0.214834,0.262575,30.0467
sunlamp/images/img000124.jpg,sunlamp,0,75536,2,45627,-0.276471,-0.361538,0.680543,0.574208,175.91
sunlamp/images/img000126.jpg,sunlamp,1,71357,0,07356,0.948174,-0.0888913,-0.148152,-0.266674,120.651
sunlamp/images/img000128.jpg,sunlamp,0,24133,0,20515,0.763856,-0.405798,0.0238705,-0.50128,22.928
sunlamp/images/img000136.jpg,sunlamp,0,57735,3,60544,-0.545305,0.0237089,0.355634,0.758686,173.576
sunlamp/images/img000140.jpg,sunlamp,3,34422,3,02775,-0.423547,-0.0747435,-0.423547,0.797264,68.596
sunlamp/images/img000141.jpg,sunlamp,2,43142,2,43500,-0.188502,-0.403933,0.861723,0.24236,12.3724
sunlamp/images/img000142.jpg,sunlamp,3,12602,0,07336,0.922608,-0.0864945,-0.0288315,-0.374809,152.355
sunlamp/images/img000144.jpg,sunlamp,2,61522,2,61134,-0.0918415,0.153069,0.979643,0.0918415,23.4252
sunlamp/images/img000148.jpg,sunlamp,1,06760,3,56211,0.186352,-0.186352,0.45257,0.851896,139.568
sunlamp/images/img000149.jpg,sunlamp,2,41024,0,70033,0.954905,0.208885,0.208885,0.0298408,147.279
sunlamp/images/img000158.jpg,sunlamp,0,73646,0,73627,0.644266,0.382533,0.624133,0.221467,12.5779
sunlamp/images/img000160.jpg,sunlamp,1,34156,1,15711,0.612333,0.632085,-0.454311,-0.138269,75.9529
sunlamp/images/img000161.jpg,sunlamp,0,35247,0,35661,0.809414,0.480589,0.328824,-0.0758825,16.669
sunlamp/images/img000165.jpg,sunlamp,2,72034,2,72002,0.0268511,0.510171,0.859235,0.0268511,11.806
sunlamp/images/img000167.jpg,sunlamp,3,46627,2,34203,0.0807866,0.296217,0.861723,-0.403933,163.52
sunlamp/images/img000176.jpg,sunlamp,2,63702,0,30555,0.8157,0.38236,0.0254906,-0.433341,176.86
sunlamp/images/img000177.jpg,sunlamp,2,12767,1,37460,0.404877,0.762121,0.500142,-0.0714488,112.642
sunlamp/images/img000178.jpg,sunlamp,3,27130,2,34410,0.150824,0.0301648,0.965275,-0.211154,119.304
sunlamp/images/img000179.jpg,sunlamp,2,16555,0,25602,0.849491,-0.398199,0.292013,-0.185826,84.7743
sunlamp/images/img000181.jpg,sunlamp,3,70612,3,70472,0.140469,0.196657,0.36522,0.899004,16.9249
sunlamp/images/img000182.jpg,sunlamp,0,31077,2,72454,0.126471,0.430001,0.809414,0.379413,154.655
sunlamp/images/img000196.jpg,sunlamp,1,51424,1,14216,0.122757,0.785646,-0.51558,-0.319169,70.1698
sunlamp/images/img000197.jpg,sunlamp,1,72175,1,56122,0.23434,0.833209,-0.23434,0.442642,94.4508
sunlamp/images/img000198.jpg,sunlamp,1,44761,1,12376,0.304808,0.750298,-0.0234468,-0.58617,178.154
sunlamp/images/img000200.jpg,sunlamp,2,37371,1,37750,0.580116,0.640128,0.5001,-0.060012,23.8789
sunlamp/images/img000203.jpg,sunlamp,2,07530,0,60535,0.837765,-0.445063,0.130901,0.287982,164.183
sunlamp/images/img000206.jpg,sunlamp,1,73000,0,34344,0.899004,0.252845,0.252845,-0.252845,95.0393
sunlamp/images/img000207.jpg,sunlamp,0,22321,2,42304,-0.573034,-0.174402,0.797264,0.0747435,167.347
sunlamp/images/img000208.jpg,sunlamp,2,52734,0,70705,0.871899,0.299715,0.245222,0.299715,106.129
sunlamp/images/img000213.jpg,sunlamp,1,47225,1,30666,0.0254906,0.8157,0.38236,-0.433341,129.622
sunlamp/images/img000214.jpg,sunlamp,1,07340,0,52475,0.849491,0.185826,-0.292013,0.398199,171.776
sunlamp/images/img000219.jpg,sunlamp,2,35602,0,34252,0.890609,0.139158,0.306147,-0.306147,82.2632
sunlamp/images/img000220.jpg,sunlamp,2,34150,1,70161,0.318206,0.925691,0.144639,0.144639,155.866
sunlamp/images/img000227.jpg,sunlamp,3,34161,3,52136,0.362936,-0.251263,0.0837545,0.893381,63.0782
sunlamp/images/img000228.jpg,sunlamp,2,52241,2,43533,-0.0290252,-0.261226,0.928805,0.261226,17.1261
sunlamp/images/img000233.jpg,sunlamp,0,52642,2,07516,-0.0856444,-0.371126,0.91354,-0.142741,148.164
sunlamp/images/img000235.jpg,sunlamp,3,61555,3,74051,0.179842,0.0256917,0.539527,0.822136,29.3537
sunlamp/images/img000237.jpg,sunlamp,1,10644,1,05310,-0.0709674,0.756986,-0.544084,-0.354837,12.5957
sunlamp/images/img000239.jpg,sunlamp,0,65451,0,65567,0.705215,-0.11019,0.154266,0.683177,17.3416
sunlamp/images/img000241.jpg,sunlamp,2,77475,2,75775,0.555434,0.232924,0.573351,0.555434,24.9146
sunlamp/images/img000247.jpg,sunlamp,3,35322,0,32412,0.72671,0.113548,0.431484,-0.522323,171.054
sunlamp/images/img000252.jpg,sunlamp,1,65333,1,70654,0.135831,0.869321,0.244497,0.407494,25.2194
sunlamp/images/img000254.jpg,sunlamp,0,16462,0,65552,0.737437,-0.0691347,0.0691347,0.668302,101.554
sunlamp/images/img000255.jpg,sunlamp,1,03063,0,14455,0.709362,0.155173,-0.687194,-0.0221676,174.023
sunlamp/images/img000256.jpg,sunlamp,0,25330,1,52423,0.0867835,0.925691,-0.260351,0.260351,155.094
sunlamp/images/img000257.jpg,sunlamp,3,34573,3,07555,-0.028273,-0.424094,-0.028273,0.904735,88.1355
sunlamp/images/img000260.jpg,sunlamp,2,75042,2,71654,0.499011,0.213862,0.760398,0.356436,27.9012
sunlamp/images/img000261.jpg,sunlamp,2,43225,0,70550,0.866766,0.352124,0.0270864,0.352124,142.405
sunlamp/images/img000262.jpg,sunlamp,0,23555,1,34426,0.0301648,0.965275,0.211154,-0.150824,161.434
sunlamp/images/img000267.jpg,sunlamp,1,60525,1,70601,0.0867835,0.925691,0.260351,0.260351,73.9267
sunlamp/images/img000272.jpg,sunlamp,3,42237,3,24075,-0.596762,0.119352,-0.214834,0.763856,38.5953
sunlamp/images/img000273.jpg,sunlamp,0,41672,2,41534,-0.0691347,-0.622212,0.737437,0.253494,168.05
sunlamp/images/img000274.jpg,sunlamp,3,25537,0,70033,0.954905,0.208885,0.208885,0.0298408,179.319
sunlamp/images/img000277.jpg,sunlamp,3,31733,3,35170,0.646684,0.111497,-0.245294,0.713582,34.1117
sunlamp/images/img000278.jpg,sunlamp,0,00151,2,52235,0.211927,-0.0908257,0.968808,0.0908257,126.911
sunlamp/images/img000280.jpg,sunlamp,2,24511,2,06174,-0.476942,-0.276124,0.80327,-0.22592,33.9168
sunlamp/images/img000282.jpg,sunlamp,2,06747,3,72061,0.0774855,0.542398,0.129142,0.826512,177.426
sunlamp/images/img000283.jpg,sunlamp,3,06533,3,16535,0.40161,-0.294514,-0.13387,0.856767,98.9032
sunlamp/images/img000291.jpg,sunlamp,2,40717,2,41224,-0.372793,-0.472205,0.795292,0.0745586,21.9052
sunlamp/images/img000297.jpg,sunlamp,1,47453,3,44512,-0.35584,-0.543124,0.468211,0.59931,169.616
sunlamp/images/img000298.jpg,sunlamp,0,36446,1,27032,-0.252424,0.734324,0.527795,-0.344214,170.078
sunlamp/images/img000307.jpg,sunlamp,3,41354,3,12745,0.285642,-0.181772,-0.441447,0.830959,93.7283
sunlamp/images/img000315.jpg,sunlamp,2,64362,2,52225,0.092538,-0.092538,0.987072,0.092538,101.562
sunlamp/images/img000317.jpg,sunlamp,3,25212,1,25302,-0.185826,0.849491,0.292013,-0.398199,166.113
sunlamp/images/img000318.jpg,sunlamp,0,01272,0,03177,0.769133,-0.0240354,-0.216319,-0.600885,30.8367
sunlamp/images/img000319.jpg,sunlamp,1,61570,2,27504,-0.187958,0.456468,0.859235,-0.134255,117.975
sunlamp/images/img000320.jpg,sunlamp,2,35663,1,70333,0.390567,0.833209,0.390567,0.0260378,74.1796
sunlamp/images/img000323.jpg,sunlamp,3,61463,3,62125,-0.479882,0.479882,0.0685546,0.73125,52.2942
sunlamp/images/img000324.jpg,sunlamp,3,23450,1,75264,0.37909,0.713582,0.289893,0.512887,128.424
sunlamp/images/img000333.jpg,sunlamp,0,53032,2,52665,0.0842816,-0.0842816,0.899004,0.421408,159.028
sunlamp/images/img000335.jpg,sunlamp,3,21542,3,07275,-0.260351,-0.0867835,-0.260351,0.925691,36.938
sunlamp/images/img000340.jpg,sunlamp,1,36140,3,61467,-0.339413,0.182761,0.39163,0.835478,179.469
sunlamp/images/img000341.jpg,sunlamp,3,32034,1,71561,0.6119,0.725215,0.113315,0.294619,119.153
sunlamp/images/img000342.jpg,sunlamp,2,47114,2,54565,0.206593,-0.507093,0.600999,0.582217,43.2643
sunlamp/images/img000343.jpg,sunlamp,3,14335,0,37506,0.709362,0.554189,0.421184,-0.110838,154.292
sunlamp/images/img000345.jpg,sunlamp,1,57302,2,06042,-0.649937,-0.272554,0.670902,-0.230623,85.5854
sunlamp/images/img000346.jpg,sunlamp,2,73622,0,47170,0.801253,-0.0751175,-0.275431,0.525822,163.211
sunlamp/images/img000348.jpg,sunlamp,3,16444,3,43154,-0.0829819,-0.41491,0.193624,0.88514,28.2172
sunlamp/images/img000349.jpg,sunlamp,2,46125,3,40546,-0.449428,-0.56667,0.293105,0.625291,64.8921
sunlamp/images/img000351.jpg,sunlamp,2,26100,0,27440,0.813589,-0.38137,0.432219,-0.0762739,154.442
sunlamp/images/img000352.jpg,sunlamp,1,16375,1,30673,0.17186,0.785646,0.368271,-0.466477,64.4184
sunlamp/images/img000353.jpg,sunlamp,1,12645,3,42771,-0.440261,-0.0776931,0.33667,0.828726,111.708
sunlamp/images/img000356.jpg,sunlamp,2,50365,2,50220,0.0268511,-0.510171,0.859235,0.0268511,37.6658
sunlamp/images/img000358.jpg,sunlamp,0,31411,1,66554,-0.370138,0.62339,0.331176,0.603909,155.166
sunlamp/images/img000359.jpg,sunlamp,0,51241,2,21116,-0.0691347,0.0691347,0.737437,-0.668302,122.84
sunlamp/images/img000360.jpg,sunlamp,1,21701,0,62276,0.608779,-0.513657,0.589754,0.13317,127.552
sunlamp/images/img000361.jpg,sunlamp,2,42162,2,53434,0.508279,-0.266242,0.774521,0.266242,130.354
sunlamp/images/img000363.jpg,sunlamp,1,15663,1,17156,0.630584,0.695817,-0.282675,-0.195698,31.2286
sunlamp/images/img000364.jpg,sunlamp,0,53171,3,50111,0.319005,-0.659276,0.021267,0.680543,162.801
sunlamp/images/img000365.jpg,sunlamp,3,52512,2,06713,-0.456468,-0.134255,0.859235,-0.187958,169.599
sunlamp/images/img000375.jpg,sunlamp,1,75267,3,07611,-0.259483,-0.20182,-0.20182,0.922608,161.694
sunlamp/images/img000376.jpg,sunlamp,2,72074,2,72200,0.0246108,0.615271,0.787547,0.0246108,23.117
sunlamp/images/img000377.jpg,sunlamp,3,02046,2,52053,0.196657,-0.36522,0.899004,0.140469,137.079
sunlamp/images/img000379.jpg,sunlamp,2,70103,3,24677,-0.57735,0.34641,-0.023094,0.739008,161.318
sunlamp/images/img000380.jpg,sunlamp,2,27501,2,27504,-0.187958,0.456468,0.859235,-0.134255,9.36869
sunlamp/images/img000382.jpg,sunlamp,1,14664,1,50613,0.175274,0.801253,-0.525822,0.225352,31.7831
sunlamp/images/img000383.jpg,sunlamp,3,70317,0,56223,0.879772,0.0824786,-0.0274929,0.467379,78.5428
sunlamp/images/img000384.jpg,sunlamp,0,25071,0,25152,0.93834,-0.0879694,0.0879694,-0.322554,20.7488
sunlamp/images/img000386.jpg,sunlamp,0,06334,3,64166,-0.498237,0.151637,0.498237,0.6932,82.5932
sunlamp/images/img000388.jpg,sunlamp,0,05336,2,67124,-0.161658,0.484974,0.739008,0.438786,98.2499
sunlamp/images/img000389.jpg,sunlamp,2,37126,3,35236,0.487057,0.347898,-0.301511,0.742182,179.417
sunlamp/images/img000394.jpg,sunlamp,2,50461,3,34075,0.203864,0.145617,-0.262111,0.931951,179.283
sunlamp/images/img000395.jpg,sunlamp,0,13460,0,53466,0.795292,0.422499,-0.223676,0.372793,99.0696
sunlamp/images/img000397.jpg,sunlamp,0,27566,3,14766,0.240966,-0.455158,-0.026774,0.856767,152.762
sunlamp/images/img000398.jpg,sunlamp,1,52163,3,61116,-0.092538,0.092538,0.092538,0.987072,157.948
sunlamp/images/img000399.jpg,sunlamp,3,34565,3,36454,0.136641,0.464578,-0.0273281,0.8745,42.3813
sunlamp/images/img000401.jpg,sunlamp,2,27750,0,23551,0.781884,-0.0244339,0.415376,-0.464244,148.152
sunlamp/images/img000402.jpg,sunlamp,3,70507,3,16774,0.374809,-0.0864945,-0.0288315,0.922608,41.9899
sunlamp/images/img000404.jpg,sunlamp,3,36472,0,46153,0.729727,-0.387667,-0.296452,0.478883,149.16
sunlamp/images/img000407.jpg,sunlamp,2,43754,2,52540,0.232456,-0.387427,0.826512,0.33577,44.1096
sunlamp/images/img000409.jpg,sunlamp,1,74300,1,70333,0.390567,0.833209,0.390567,0.0260378,53.3971
sunlamp/images/img000411.jpg,sunlamp,3,30140,2,04363,-0.484974,-0.392598,0.739008,-0.254034,82.32
sunlamp/images/img000412.jpg,sunlamp,1,42715,3,61475,-0.244497,0.135831,0.407494,0.869321,133.156
sunlamp/images/img000419.jpg,sunlamp,1,01260,0,60176,0.830959,-0.493382,0.181772,0.181772,79.2101
sunlamp/images/img000423.jpg,sunlamp,3,62353,2,53745,0.599704,-0.155479,0.71076,0.333169,177.758
sunlamp/images/img000425.jpg,sunlamp,1,72026,1,72010,0.136641,0.8745,0.464578,0.0273281,23.0879
sunlamp/images/img000426.jpg,sunlamp,3,03756,0,61371,0.916533,-0.0286417,0.372342,0.143208,168.555
sunlamp/images/img000429.jpg,sunlamp,3,63030,3,70262,0.0280056,0.420084,0.140028,0.896179,41.1999
sunlamp/images/img000432.jpg,sunlamp,1,34161,1,54111,0.30006,0.640128,-0.620124,0.340068,127.066
sunlamp/images/img000436.jpg,sunlamp,1,21524,1,70654,0.135831,0.869321,0.244497,0.407494,118.651
sunlamp/images/img000439.jpg,sunlamp,0,43526,0,43344,0.935129,-0.204559,-0.204559,0.204559,16.1997
sunlamp/images/img000440.jpg,sunlamp,0,15271,1,52174,0.352124,0.866766,-0.297951,0.189605,77.0395
sunlamp/images/img000442.jpg,sunlamp,2,17106,0,17022,0.795292,0.422499,-0.223676,-0.372793,150.565
sunlamp/images/img000443.jpg,sunlamp,2,05772,2,07550,-0.0842816,-0.421408,0.899004,-0.0842816,5.60655
sunlamp/images/img000449.jpg,sunlamp,0,46102,0,43442,0.80327,-0.376533,-0.326328,0.326328,20.5504
sunlamp/images/img000451.jpg,sunlamp,1,06633,2,56411,0.159628,-0.342059,0.729727,0.570099,124.614
sunlamp/images/img000452.jpg,sunlamp,2,27735,1,32150,0.276471,0.680543,0.361538,-0.574208,79.6802
sunlamp/images/img000458.jpg,sunlamp,0,06331,1,55701,0.500773,0.593509,-0.426585,0.463679,179.263
sunlamp/images/img000461.jpg,sunlamp,3,73103,3,35535,0.687194,0.110838,-0.110838,0.709362,39.0279
sunlamp/images/img000464.jpg,sunlamp,0,52630,0,61500,0.941584,-0.205971,0.0294245,0.26482,44.4464
sunlamp/images/img000466.jpg,sunlamp,2,40331,2,40335,-0.414388,-0.463139,0.780024,0.0731272,3.4474
sunlamp/images/img000478.jpg,sunlamp,0,25511,2,21571,-0.0266217,0.133109,0.851896,-0.505813,163.95
sunlamp/images/img000479.jpg,sunlamp,0,55374,0,27511,0.866766,-0.0270864,0.46047,-0.189605,148.19
sunlamp/images/img000485.jpg,sunlamp,2,41206,0,52122,0.928805,0.261226,-0.261226,0.0290252,93.8036
sunlamp/images/img000490.jpg,sunlamp,2,43756,3,47531,-0.0237624,-0.261387,0.594061,0.760398,54.0434
sunlamp/images/img000492.jpg,sunlamp,2,43603,2,43045,-0.339413,-0.39163,0.835478,0.182761,28.6802
sunlamp/images/img000497.jpg,sunlamp,0,70460,0,70424,0.935129,0.0292228,0.146114,0.321451,7.30917
sunlamp/images/img000499.jpg,sunlamp,0,63213,3,25762,-0.193624,0.41491,-0.0829819,0.88514,146.989
sunlamp/images/img000500.jpg,sunlamp,1,63533,1,72072,0.124883,0.799251,0.574462,0.124883,18.0976
sunlamp/images/img000514.jpg,sunlamp,1,42521,1,42522,-0.555387,0.772712,-0.217325,0.217325,5.57038
sunlamp/images/img000516.jpg,sunlamp,1,70354,3,07702,-0.206689,-0.147635,-0.206689,0.944862,170.348
sunlamp/images/img000517.jpg,sunlamp,3,56204,1,52172,0.360694,0.887862,-0.249711,0.138728,161.661
sunlamp/images/img000518.jpg,sunlamp,3,46131,1,47007,-0.313185,0.770916,-0.313185,0.457732,165.355
sunlamp/images/img000519.jpg,sunlamp,0,56431,3,16664,0.0310835,-0.0932505,-0.0310835,0.994672,104.908
sunlamp/images/img000522.jpg,sunlamp,2,17626,1,70536,0.352124,0.866766,0.189605,0.297951,149.472
sunlamp/images/img000526.jpg,sunlamp,0,43566,1,01666,-0.350931,0.748653,-0.397722,-0.397722,117.257
sunlamp/images/img000532.jpg,sunlamp,3,35533,3,60201,-0.657226,0.203967,0.022663,0.725215,170.782
sunlamp/images/img000538.jpg,sunlamp,2,16523,1,70373,0.387427,0.826512,0.387427,0.129142,154.084
sunlamp/images/img000540.jpg,sunlamp,3,25104,1,25701,-0.145617,0.931951,0.262111,-0.203864,155.929
sunlamp/images/img000541.jpg,sunlamp,1,42407,2,53545,0.57525,-0.319583,0.681778,0.319583,93.7824
sunlamp/images/img000545.jpg,sunlamp,1,63443,0,67467,0.617788,-0.250976,0.444035,0.598482,177.213
sunlamp/images/img000547.jpg,sunlamp,2,71605,2,07015,-0.232456,-0.387427,0.826512,-0.33577,136.808
sunlamp/images/img000550.jpg,sunlamp,1,54127,0,15225,0.73125,0.434179,-0.434179,-0.29707,106.556
sunlamp/images/img000551.jpg,sunlamp,3,06260,3,42243,-0.662695,-0.114258,0.114258,0.73125,40.5067
sunlamp/images/img000553.jpg,sunlamp,3,07113,0,34157,0.8745,0.409922,0.0819844,-0.245953,131.856
sunlamp/images/img000554.jpg,sunlamp,3,21655,3,21742,-0.177514,0.278951,-0.481824,0.811493,11.9344
sunlamp/images/img000557.jpg,sunlamp,3,70315,3,43217,-0.266674,-0.148152,0.0888913,0.948174,91.9435
sunlamp/images/img000559.jpg,sunlamp,3,00713,2,02556,-0.442579,-0.302817,0.745396,-0.395992,141.795
sunlamp/images/img000561.jpg,sunlamp,2,55462,2,01633,-0.205236,-0.387667,0.729727,-0.524491,149.179
sunlamp/images/img000563.jpg,sunlamp,0,25114,0,34052,0.931951,0.145617,0.0873704,-0.320358,29.6302
sunlamp/images/img000571.jpg,sunlamp,3,42127,3,52344,0.259483,-0.20182,0.20182,0.922608,94.4891
sunlamp/images/img000573.jpg,sunlamp,3,43776,3,43541,-0.131625,-0.394874,0.342224,0.842397,44.4355
sunlamp/images/img000576.jpg,sunlamp,2,07731,0,52136,0.893381,0.362936,-0.251263,0.0837545,141.503
sunlamp/images/img000579.jpg,sunlamp,3,41574,1,22035,-0.461777,0.591074,0.387893,-0.535661,111.347
sunlamp/images/img000581.jpg,sunlamp,2,43762,1,52116,0.351095,0.864234,-0.351095,0.0810219,137.554
sunlamp/images/img000582.jpg,sunlamp,0,65127,0,65133,0.866766,-0.0270864,0.189605,0.46047,16.1267
sunlamp/images/img000583.jpg,sunlamp,1,40356,2,06567,-0.533917,-0.228822,0.813589,-0.0254246,138.63
sunlamp/images/img000584.jpg,sunlamp,1,50002,3,03766,-0.189605,-0.0270864,-0.46047,0.866766,144.298
sunlamp/images/img000586.jpg,sunlamp,1,15066,3,35135,0.664099,0.107113,-0.278493,0.685522,140.663
sunlamp/images/img000587.jpg,sunlamp,0,71770,1,26336,-0.378865,0.638089,0.618148,-0.259223,154.697
sunlamp/images/img000598.jpg,sunlamp,0,60464,3,64124,-0.522323,0.113548,0.431484,0.72671,162.639
sunlamp/images/img000599.jpg,sunlamp,2,50251,2,50204,0.0252942,-0.581766,0.809414,0.0758825,18.6927
sunlamp/images/img000601.jpg,sunlamp,2,25525,2,05122,-0.159628,-0.570099,0.729727,-0.342059,91.2225
sunlamp/images/img000602.jpg,sunlamp,2,64544,2,44335,-0.376848,-0.421184,0.709362,0.421184,56.3616
sunlamp/images/img000606.jpg,sunlamp,1,47355,1,47542,-0.153375,0.701141,-0.284839,0.635409,23.9647
sunlamp/images/img000608.jpg,sunlamp,2,04266,1,30356,0.295226,0.72671,0.249807,-0.567742,160.612
sunlamp/images/img000611.jpg,sunlamp,1,32346,0,51222,0.799251,0.424602,-0.424602,0.0249766,160.649
sunlamp/images/img000613.jpg,sunlamp,0,07420,0,60562,0.760398,-0.546536,0.166337,0.308911,81.0269
sunlamp/images/img000616.jpg,sunlamp,0,47652,2,15440,0.355792,-0.648797,0.669726,-0.0627868,146.595
sunlamp/images/img000620.jpg,sunlamp,1,13576,2,52431,0.196039,-0.308062,0.896179,0.25205,137.917
sunlamp/images/img000633.jpg,sunlamp,0,21610,0,30572,0.799251,0.324696,0.174836,-0.474555,69.5877
sunlamp/images/img000647.jpg,sunlamp,2,34532,0,07430,0.882444,-0.30334,-0.30334,-0.193035,174.943
sunlamp/images/img000648.jpg,sunlamp,1,27056,1,16424,0.0292228,0.935129,-0.321451,-0.146114,102.9
sunlamp/images/img000654.jpg,sunlamp,3,14753,3,52525,0.295362,-0.295362,0.295362,0.859235,52.1724
sunlamp/images/img000662.jpg,sunlamp,1,36624,3,24436,-0.631676,0.163768,-0.116977,0.748653,173.187
sunlamp/images/img000668.jpg,sunlamp,2,23772,3,07277,-0.261226,-0.0290252,-0.261226,0.928805,114.737
sunlamp/images/img000682.jpg,sunlamp,2,70631,2,61374,-0.0848189,0.367549,0.904735,0.197911,29.9794
sunlamp/images/img000690.jpg,sunlamp,2,27164,0,21746,0.830959,-0.181772,0.285642,-0.441447,168.436
sunlamp/images/img000691.jpg,sunlamp,3,30165,2,03716,-0.0774855,-0.129142,0.826512,-0.542398,42.0252
sunlamp/images/img000692.jpg,sunlamp,2,15360,2,15375,0.629255,-0.385673,0.649554,-0.182687,13.0033
sunlamp/images/img000694.jpg,sunlamp,0,16310,0,32550,0.745396,0.302817,0.395992,-0.442579,68.7387
sunlamp/images/img000695.jpg,sunlamp,1,25170,3,70356,0.352124,0.297951,0.189605,0.866766,179.127
sunlamp/images/img000696.jpg,sunlamp,0,41132,0,61334,0.919555,-0.0862083,0.373569,0.0862083,121.8
sunlamp/images/img000699.jpg,sunlamp,0,33262,2,31424,0.403052,0.118545,0.758686,-0.497888,38.7238
sunlamp/images/img000700.jpg,sunlamp,3,17640,3,53065,0.481824,-0.278951,0.177514,0.811493,29.6817
sunlamp/images/img000701.jpg,sunlamp,3,72137,0,34660,0.922608,0.0288315,0.374809,-0.0864945,142.268
sunlamp/images/img000702.jpg,sunlamp,2,42367,1,70377,0.384363,0.819974,0.384363,0.179369,166.34
sunlamp/images/img000708.jpg,sunlamp,1,32422,1,23151,-0.0221241,0.707972,0.37611,-0.597351,19.6807
sunlamp/images/img000709.jpg,sunlamp,3,25673,1,45127,-0.110838,0.709362,-0.554189,0.421184,84.7082
sunlamp/images/img000711.jpg,sunlamp,2,32043,1,17501,0.599704,0.71076,-0.333169,-0.155479,158.892
sunlamp/images/img000712.jpg,sunlamp,1,16344,1,43344,-0.204559,0.935129,-0.204559,0.204559,73.5367
sunlamp/images/img000715.jpg,sunlamp,3,52510,0,07641,0.904735,-0.367549,-0.197911,-0.0848189,137.977
sunlamp/images/img000716.jpg,sunlamp,3,25425,1,25671,-0.251263,0.893381,0.362936,-0.0837545,171.764
sunlamp/images/img000719.jpg,sunlamp,3,61102,3,25702,-0.198547,0.312002,-0.198547,0.907642,40.3093
sunlamp/images/img000721.jpg,sunlamp,3,20453,0,05577,0.787547,-0.0246108,-0.615271,-0.0246108,155.881
sunlamp/images/img000722.jpg,sunlamp,3,23101,1,56172,0.313914,0.772712,-0.217325,0.507093,89.0906
sunlamp/images/img000723.jpg,sunlamp,2,07525,2,07516,-0.0856444,-0.371126,0.91354,-0.142741,8.2291
sunlamp/images/img000727.jpg,sunlamp,1,56221,3,43202,-0.420084,-0.140028,0.0280056,0.896179,151.177
sunlamp/images/img000731.jpg,sunlamp,0,50673,3,52175,0.398199,-0.292013,0.185826,0.849491,120.262
sunlamp/images/img000735.jpg,sunlamp,0,66060,0,07331,0.901856,-0.028183,-0.084549,-0.422745,137.923
sunlamp/images/img000738.jpg,sunlamp,1,13171,2,23631,-0.180907,0.582922,0.643224,-0.462317,140.763
sunlamp/images/img000741.jpg,sunlamp,3,24734,3,24743,-0.525822,0.275431,-0.0751175,0.801253,11.0116
sunlamp/images/img000742.jpg,sunlamp,2,13062,0,71566,0.729727,0.570099,0.159628,0.342059,171.387
sunlamp/images/img000746.jpg,sunlamp,3,07753,3,43151,-0.0280056,-0.420084,0.140028,0.896179,40.811
sunlamp/images/img000749.jpg,sunlamp,2,73267,0,73544,0.688053,0.537541,0.365528,0.322525,55.2096
sunlamp/images/img000756.jpg,sunlamp,3,04232,3,16275,0.205262,-0.0879694,-0.263908,0.93834,102.068
sunlamp/images/img000758.jpg,sunlamp,1,30447,3,70565,0.294514,0.13387,0.40161,0.856767,154.184
sunlamp/images/img000761.jpg,sunlamp,2,57421,1,42340,-0.570209,0.793334,-0.173542,0.123958,121.836
sunlamp/images/img000762.jpg,sunlamp,2,30706,0,06144,0.742182,-0.533443,-0.347898,-0.208739,163.761
sunlamp/images/img000764.jpg,sunlamp,0,24713,0,25646,0.864234,-0.40511,0.29708,-0.0270073,15.7236
sunlamp/images/img000771.jpg,sunlamp,2,72611,0,12452,0.805302,0.125828,-0.327154,-0.478148,163.595
sunlamp/images/img000772.jpg,sunlamp,1,52226,1,16227,0.0864945,0.922608,-0.0288315,-0.374809,56.6249
sunlamp/images/img000777.jpg,sunlamp,1,60246,1,62555,-0.397722,0.748653,0.397722,0.350931,43.0933
sunlamp/images/img000784.jpg,sunlamp,1,43572,3,40762,-0.512887,-0.37909,0.289893,0.713582,169.74
sunlamp/images/img000785.jpg,sunlamp,2,07751,0,27415,0.849491,-0.238919,0.451292,-0.132733,120.341
sunlamp/images/img000787.jpg,sunlamp,3,35617,1,41522,-0.165963,0.758686,-0.592723,0.21338,137.828
sunlamp/images/img000795.jpg,sunlamp,1,74357,1,42520,-0.549021,0.763856,-0.262575,0.214834,131.386
sunlamp/images/img000804.jpg,sunlamp,1,02054,3,61467,-0.339413,0.182761,0.39163,0.835478,154.687
sunlamp/images/img000805.jpg,sunlamp,0,34716,0,34613,0.907642,0.198547,0.312002,-0.198547,19.7749
sunlamp/images/img000807.jpg,sunlamp,0,17154,1,65621,-0.291638,0.717879,0.291638,0.560843,175.971
sunlamp/images/img000808.jpg,sunlamp,1,25265,1,41212,-0.276124,0.80327,-0.527146,0.0251022,108.757
sunlamp/images/img000809.jpg,sunlamp,2,17135,2,15322,0.537541,-0.365528,0.688053,-0.322525,23.34
sunlamp/images/img000810.jpg,sunlamp,2,72360,0,12214,0.72671,0.113548,-0.158968,-0.658581,177.122
sunlamp/images/img000812.jpg,sunlamp,3,14152,1,44013,-0.474237,0.607024,-0.550115,0.322481,159.422
sunlamp/images/img000822.jpg,sunlamp,2,07524,3,42745,-0.503581,-0.16786,0.359701,0.767362,132.218
sunlamp/images/img000825.jpg,sunlamp,2,62443,1,24132,-0.466477,0.785646,0.17186,-0.368271,106.182
sunlamp/images/img000829.jpg,sunlamp,3,71400,3,35566,0.606517,0.169825,-0.0242607,0.776342,40.4728
sunlamp/images/img000830.jpg,sunlamp,1,63302,2,52142,0.249711,-0.360694,0.887862,0.138728,149.666
sunlamp/images/img000831.jpg,sunlamp,2,50213,0,74271,0.780024,0.17063,0.316885,0.511891,142.228
sunlamp/images/img000832.jpg,sunlamp,1,34425,1,61570,-0.0856444,0.91354,0.142741,0.371126,60.6903
sunlamp/images/img000834.jpg,sunlamp,3,43552,2,45333,-0.0249766,-0.424602,0.799251,0.424602,75.9752
sunlamp/images/img000837.jpg,sunlamp,0,27553,1,17404,0.430001,0.809414,-0.379413,-0.126471,158.603
sunlamp/images/img000843.jpg,sunlamp,2,54516,2,54161,0.228622,-0.561162,0.665081,0.436459,12.0282
sunlamp/images/img000844.jpg,sunlamp,2,16563,1,12744,0.236924,0.842397,-0.184274,-0.447523,148.499
sunlamp/images/img000847.jpg,sunlamp,2,40037,3,47010,-0.270066,-0.368271,0.417374,0.785646,95.3646
sunlamp/images/img000854.jpg,sunlamp,0,16627,1,63170,-0.0774855,0.826512,0.542398,0.129142,173.464
sunlamp/images/img000855.jpg,sunlamp,2,25023,1,17460,0.447523,0.842397,-0.289574,-0.0789747,154.612
sunlamp/images/img000856.jpg,sunlamp,0,50151,0,12744,0.842397,0.236924,-0.184274,-0.447523,89.4483
sunlamp/images/img000857.jpg,sunlamp,3,60753,1,17424,0.445063,0.837765,-0.287982,-0.130901,160.342
sunlamp/images/img000858.jpg,sunlamp,2,12324,2,65531,-0.0244339,0.122169,0.781884,0.610847,161.062
sunlamp/images/img000860.jpg,sunlamp,0,32151,0,43343,0.965275,-0.150824,-0.150824,0.150824,126.078
sunlamp/images/img000864.jpg,sunlamp,1,43763,1,72650,0.116468,0.745396,0.582341,0.302817,82.3817
sunlamp/images/img000866.jpg,sunlamp,0,57220,1,52161,0.306147,0.890609,-0.306147,0.139158,91.6819
sunlamp/images/img000871.jpg,sunlamp,0,40727,2,23534,-0.0685546,0.479882,0.73125,-0.479882,92.333
sunlamp/images/img000872.jpg,sunlamp,1,13034,1,12376,0.304808,0.750298,-0.0234468,-0.58617,29.7386
sunlamp/images/img000873.jpg,sunlamp,1,34433,3,63574,-0.0727821,0.509475,0.36391,0.776342,134.982
sunlamp/images/img000874.jpg,sunlamp,1,10742,3,15561,0.540975,-0.540975,-0.0601083,0.641155,115.373
sunlamp/images/img000875.jpg,sunlamp,2,15167,3,70762,0.232456,0.387427,0.33577,0.826512,179.797
sunlamp/images/img000876.jpg,sunlamp,1,25672,3,03655,-0.236924,-0.184274,-0.447523,0.842397,138.107
sunlamp/images/img000879.jpg,sunlamp,0,32675,3,70444,0.028273,0.028273,0.424094,0.904735,176.727
sunlamp/images/img000880.jpg,sunlamp,2,34524,0,07700,0.935129,-0.204559,-0.204559,-0.204559,174.38
sunlamp/images/img000881.jpg,sunlamp,2,51040,0,24557,0.879772,-0.467379,0.0824786,-0.0274929,94.701
sunlamp/images/img000883.jpg,sunlamp,0,53474,2,17660,0.465972,-0.0822304,0.877124,-0.0822304,173.058
sunlamp/images/img000884.jpg,sunlamp,3,71052,1,47107,-0.125828,0.805302,-0.327154,0.478148,139.887
sunlamp/images/img000886.jpg,sunlamp,2,50312,0,47232,0.844742,-0.29038,-0.0263982,0.448769,130.373
sunlamp/images/img000888.jpg,sunlamp,0,66506,3,61431,-0.258625,0.143681,0.258625,0.919555,137.287
sunlamp/images/img000889.jpg,sunlamp,1,16551,1,12743,0.281129,0.817829,-0.127786,-0.485586,57.602
sunlamp/images/img000891.jpg,sunlamp,2,57205,2,70324,0.251263,0.362936,0.893381,0.0837545,82.2008
sunlamp/images/img000892.jpg,sunlamp,1,25501,0,14657,0.822136,0.179842,-0.539527,-0.0256917,175.828
sunlamp/images/img000895.jpg,sunlamp,0,65445,0,05224,0.758686,-0.355634,-0.45047,-0.308216,130.956
sunlamp/images/img000898.jpg,sunlamp,0,05427,0,65025,0.805302,-0.327154,0.125828,0.478148,113.638
sunlamp/images/img000899.jpg,sunlamp,2,17423,3,62172,-0.431484,0.522323,0.113548,0.72671,136.197
sunlamp/images/img000910.jpg,sunlamp,0,43020,1,07173,-0.0285481,0.91354,-0.256933,-0.314029,144.358
sunlamp/images/img000915.jpg,sunlamp,1,42273,1,04365,-0.480888,0.732782,-0.435089,-0.206095,62.1261
sunlamp/images/img000920.jpg,sunlamp,2,01675,0,65000,0.8157,-0.38236,0.0254906,0.433341,159.329
sunlamp/images/img000921.jpg,sunlamp,2,56132,2,56264,0.0252942,-0.0758825,0.809414,0.581766,39.7843
sunlamp/images/img000924.jpg,sunlamp,0,16563,0,35626,0.809414,0.430001,0.379413,-0.126471,77.782
sunlamp/images/img000926.jpg,sunlamp,2,61136,0,65534,0.756986,-0.0709674,0.118279,0.638707,169.265
sunlamp/images/img000928.jpg,sunlamp,0,44633,0,43343,0.965275,-0.150824,-0.150824,0.150824,72.0621
sunlamp/images/img000935.jpg,sunlamp,3,25357,0,70712,0.856767,0.348062,0.294514,0.240966,152.683
sunlamp/images/img000939.jpg,sunlamp,1,52020,1,16422,0.0294245,0.941584,-0.26482,-0.205971,27.126
sunlamp/images/img000940.jpg,sunlamp,0,02165,2,05276,-0.282609,-0.43676,0.822136,-0.231226,173.777
sunlamp/images/img000941.jpg,sunlamp,3,25531,2,07623,-0.368729,-0.0283638,0.907642,-0.198547,134.694
sunlamp/images/img000945.jpg,sunlamp,3,24310,3,24345,-0.520626,0.223125,-0.223125,0.793334,19.2869
sunlamp/images/img000948.jpg,sunlamp,1,01346,1,24332,-0.443543,0.74702,0.350165,-0.350165,102.189
sunlamp/images/img000957.jpg,sunlamp,2,42213,0,12134,0.689329,0.28004,-0.236957,-0.624704,99.1489
sunlamp/images/img000959.jpg,sunlamp,0,70074,0,70245,0.93834,0.0879694,0.263908,0.205262,17.8748
sunlamp/images/img000963.jpg,sunlamp,0,65112,0,61573,0.907642,-0.0283638,0.198547,0.368729,18.6965
sunlamp/images/img000965.jpg,sunlamp,2,53240,0,17142,0.72671,0.567742,-0.295226,-0.249807,171.354
sunlamp/images/img000966.jpg,sunlamp,2,10653,2,34563,0.317146,0.20182,0.922608,-0.0864945,96.7447
sunlamp/images/img000967.jpg,sunlamp,2,52363,0,12654,0.859235,0.134255,-0.187958,-0.456468,177.572
sunlamp/images/img000968.jpg,sunlamp,1,03123,0,14426,0.781884,0.0244339,-0.610847,-0.122169,162.316
sunlamp/images/img000969.jpg,sunlamp,0,61510,0,61521,0.941584,-0.147122,0.147122,0.26482,14.6654
sunlamp/images/img000970.jpg,sunlamp,1,76620,0,62772,0.638089,-0.378865,0.618148,0.259223,150.565
sunlamp/images/img000971.jpg,sunlamp,0,61607,1,15711,0.612333,0.632085,-0.454311,-0.138269,162.831
sunlamp/images/img000973.jpg,sunlamp,3,61117,3,61170,-0.0911606,0.151934,0.151934,0.972379,12.5574
sunlamp/images/img000974.jpg,sunlamp,0,62776,3,61462,-0.39163,0.182761,0.339413,0.835478,163.159
sunlamp/images/img000977.jpg,sunlamp,1,16605,1,16654,0.150824,0.965275,-0.211154,-0.0301648,15.79
sunlamp/images/img000985.jpg,sunlamp,3,71201,3,71002,0.467379,0.0824786,0.0274929,0.879772,19.2438
sunlamp/images/img000986.jpg,sunlamp,0,03670,3,61511,-0.0300557,0.0300557,0.270501,0.961781,116.626
sunlamp/images/img000987.jpg,sunlamp,0,73154,2,10272,0.109976,-0.37392,0.703849,-0.593873,177.91
sunlamp/images/img000988.jpg,sunlamp,3,06332,2,35646,0.448769,0.29038,0.844742,-0.0263982,114.904
sunlamp/images/img000998.jpg,sunlamp,2,65310,0,61314,0.954905,-0.0895223,0.268567,0.0895223,160.57
sunlamp/images/img001009.jpg,sunlamp,0,34611,0,34144,0.928805,0.261226,0.0290252,-0.261226,25.04
sunlamp/images/img001010.jpg,sunlamp,3,52246,2,50743,0.262575,-0.50128,0.763856,0.310316,112.617
sunlamp/images/img001011.jpg,sunlamp,0,43654,0,74126,0.822136,0.231226,0.179842,0.488143,77.0482
sunlamp/images/img001017.jpg,sunlamp,3,12160,1,17122,0.565414,0.72373,-0.203549,-0.339248,159.367
sunlamp/images/img001019.jpg,sunlamp,0,50247,0,41651,0.753619,-0.211955,-0.541664,0.306158,37.3554
sunlamp/images/img001022.jpg,sunlamp,2,52165,2,52560,0.240966,-0.294514,0.856767,0.348062,16.3512
sunlamp/images/img001027.jpg,sunlamp,1,34750,1,34334,0.332243,0.817829,0.332243,-0.332243,30.8801
sunlamp/images/img001031.jpg,sunlamp,0,43637,2,16641,0.0908257,-0.211927,0.968808,-0.0908257,169.474
sunlamp/images/img001032.jpg,sunlamp,0,34407,0,34054,0.951522,0.148675,0.0297351,-0.267615,16.3747
sunlamp/images/img001039.jpg,sunlamp,1,17775,0,07373,0.944862,-0.0295269,-0.0295269,-0.324796,98.944
sunlamp/images/img001040.jpg,sunlamp,1,25540,0,07313,0.896179,-0.0280056,-0.140028,-0.420084,160.031
sunlamp/images/img001041.jpg,sunlamp,0,61236,1,15275,0.51494,0.716438,-0.425385,-0.201498,174.005
sunlamp/images/img001045.jpg,sunlamp,2,25326,2,16227,0.0864945,-0.0288315,0.922608,-0.374809,59.3639
sunlamp/images/img001048.jpg,sunlamp,2,03705,2,52653,0.196657,-0.140469,0.899004,0.36522,114.194
sunlamp/images/img001049.jpg,sunlamp,2,46515,1,20431,-0.532639,0.681778,0.106528,-0.490028,153.745
sunlamp/images/img001051.jpg,sunlamp,1,07063,2,07515,-0.0280056,-0.420084,0.896179,-0.140028,120.465
sunlamp/images/img001052.jpg,sunlamp,3,53313,1,43553,-0.0270864,0.866766,-0.352124,0.352124,162.994
sunlamp/images/img001053.jpg,sunlamp,0,70314,2,07536,-0.0888913,-0.266674,0.948174,-0.148152,175.756
sunlamp/images/img001056.jpg,sunlamp,1,65670,0,67510,0.725215,-0.0679889,0.385271,0.566575,151.351
sunlamp/images/img001060.jpg,sunlamp,2,05752,2,05616,-0.27406,-0.523205,0.797264,-0.124573,25.1626
sunlamp/images/img001067.jpg,sunlamp,1,61020,1,70024,0.0307293,0.983336,0.153646,0.0921878,53.9649
sunlamp/images/img001069.jpg,sunlamp,0,71133,3,21477,-0.236924,0.184274,-0.447523,0.842397,169.936
sunlamp/images/img001073.jpg,sunlamp,1,40353,2,52002,0.0289278,-0.376062,0.925691,0.0289278,81.4975
sunlamp/images/img001075.jpg,sunlamp,1,36252,1,16707,0.318206,0.925691,-0.144639,-0.144639,96.0863
sunlamp/images/img001076.jpg,sunlamp,2,43277,0,72062,0.805302,0.0251657,0.578811,0.125828,136.887
sunlamp/images/img001079.jpg,sunlamp,3,50367,1,42030,-0.623538,0.739008,-0.254034,0.023094,117.504
sunlamp/images/img001080.jpg,sunlamp,0,07564,3,61151,-0.030846,0.030846,0.15423,0.987072,167.858
sunlamp/images/img001082.jpg,sunlamp,1,25547,1,41126,-0.169426,0.774521,-0.605095,0.0726113,85.244
sunlamp/images/img001083.jpg,sunlamp,0,53401,0,43333,0.998538,-0.0312043,-0.0312043,0.0312043,75.5611
sunlamp/images/img001087.jpg,sunlamp,1,43147,1,43101,-0.140028,0.896179,-0.420084,0.0280056,22.2769
sunlamp/images/img001095.jpg,sunlamp,3,23775,1,04323,-0.472059,0.719328,-0.382143,-0.337185,136.463
sunlamp/images/img001096.jpg,sunlamp,1,43663,0,47050,0.751953,-0.258484,-0.352478,0.493469,148.731
sunlamp/images/img001097.jpg,sunlamp,2,53027,3,07465,-0.358493,-0.30334,-0.0275764,0.882444,172.992
sunlamp/images/img001100.jpg,sunlamp,2,60607,2,07530,-0.0864945,-0.317146,0.922608,-0.20182,110.302
sunlamp/images/img001108.jpg,sunlamp,1,22743,3,26165,-0.471108,0.471108,-0.201903,0.717879,167.528
sunlamp/images/img001111.jpg,sunlamp,1,32410,1,32222,0.0184209,0.589468,0.571047,-0.571047,29.7066
sunlamp/images/img001113.jpg,sunlamp,2,21540,3,31006,0.365528,0.0645049,-0.623548,0.688053,39.7979
sunlamp/images/img001118.jpg,sunlamp,1,71220,0,70006,0.99085,0.0309641,0.0928922,0.0928922,118.224
sunlamp/images/img001120.jpg,sunlamp,2,53503,3,63415,-0.231226,0.43676,0.282609,0.822136,166.252
sunlamp/images/img001122.jpg,sunlamp,0,25653,2,25254,-0.304267,0.248946,0.88514,-0.248946,175.332
sunlamp/images/img001124.jpg,sunlamp,3,34767,3,36404,0.0273281,0.464578,-0.136641,0.8745,33.6281
sunlamp/images/img001134.jpg,sunlamp,0,31620,0,01677,0.780024,-0.219382,-0.414388,-0.414388,110.709
sunlamp/images/img001135.jpg,sunlamp,2,71450,2,76011,0.172276,0.418384,0.787547,0.418384,60.3341
sunlamp/images/img001137.jpg,sunlamp,0,66044,2,20141,-0.448231,0.0213443,0.683019,-0.576297,143.003
sunlamp/images/img001138.jpg,sunlamp,3,41750,3,63514,-0.0789747,0.447523,0.289574,0.842397,121.56
sunlamp/images/img001139.jpg,sunlamp,3,74176,0,17105,0.690612,0.582704,-0.323724,-0.280561,167.973
sunlamp/images/img001144.jpg,sunlamp,2,72262,2,52225,0.092538,-0.092538,0.987072,0.092538,99.3674
sunlamp/images/img001145.jpg,sunlamp,0,41462,3,50431,0.161314,-0.622212,0.207404,0.737437,127.453
sunlamp/images/img001151.jpg,sunlamp,1,65017,2,53543,0.590455,-0.284293,0.699798,0.284293,161.56
sunlamp/images/img001154.jpg,sunlamp,2,41542,3,24245,-0.644126,0.199901,-0.199901,0.71076,175.207
sunlamp/images/img001155.jpg,sunlamp,3,34470,1,16436,0.147122,0.941584,-0.26482,-0.147122,173.679
sunlamp/images/img001159.jpg,sunlamp,1,25527,1,25745,-0.148675,0.951522,0.267615,-0.0297351,15.9348
sunlamp/images/img001160.jpg,sunlamp,1,22432,0,40777,0.748653,-0.397722,-0.397722,0.350931,37.5685
sunlamp/images/img001164.jpg,sunlamp,0,45732,1,41777,-0.0254906,0.8157,-0.433341,0.38236,143.206
sunlamp/images/img001166.jpg,sunlamp,3,50706,0,41062,0.734324,-0.344214,-0.57369,0.114738,149.959
sunlamp/images/img001170.jpg,sunlamp,0,16274,2,34747,0.309033,0.309033,0.899004,-0.0280939,149.994
sunlamp/images/img001171.jpg,sunlamp,0,62675,0,07334,0.919555,-0.0862083,-0.0862083,-0.373569,126.528
sunlamp/images/img001172.jpg,sunlamp,0,76404,0,76104,0.763856,0.214834,0.405798,0.453539,29.2375
sunlamp/images/img001173.jpg,sunlamp,3,06111,3,52123,0.314029,-0.256933,0.0285481,0.91354,97.1327
sunlamp/images/img001180.jpg,sunlamp,3,45314,1,70553,0.397081,0.847106,0.0794162,0.344137,156.728
sunlamp/images/img001183.jpg,sunlamp,2,60612,3,43301,-0.150824,-0.211154,0.0301648,0.965275,151.289
sunlamp/images/img001188.jpg,sunlamp,1,50061,2,16227,0.0864945,-0.0288315,0.922608,-0.374809,98.0259
sunlamp/images/img001189.jpg,sunlamp,0,57605,2,07512,-0.0848189,-0.367549,0.904735,-0.197911,122.877
sunlamp/images/img001192.jpg,sunlamp,3,05303,2,27764,-0.159961,0.662695,0.73125,-0.0228515,106.148
sunlamp/images/img001193.jpg,sunlamp,3,16022,3,52211,0.208885,-0.208885,0.0298408,0.954905,57.0554
sunlamp/images/img001194.jpg,sunlamp,3,70410,2,41237,-0.240278,-0.453858,0.854321,0.0800926,150.362
sunlamp/images/img001195.jpg,sunlamp,1,63407,3,61247,-0.352124,0.297951,0.189605,0.866766,97.1573
sunlamp/images/img001197.jpg,sunlamp,0,61043,0,53613,0.785646,0.564683,-0.122757,0.220963,115.029
sunlamp/images/img001198.jpg,sunlamp,1,42120,1,53255,0.566049,0.787547,-0.172276,0.172276,140.847
sunlamp/images/img001204.jpg,sunlamp,1,34377,3,61104,-0.212708,0.0303869,0.0911606,0.972379,149.54
sunlamp/images/img001207.jpg,sunlamp,1,74127,1,70333,0.390567,0.833209,0.390567,0.0260378,59.0925
sunlamp/images/img001208.jpg,sunlamp,1,03775,0,72557,0.74702,0.350165,0.443543,0.350165,168.351
sunlamp/images/img001209.jpg,sunlamp,3,35404,3,52152,0.349064,-0.349064,0.134255,0.859235,53.8
sunlamp/images/img001213.jpg,sunlamp,0,23465,2,24333,-0.404877,0.357244,0.762121,-0.357244,169.203
sunlamp/images/img001216.jpg,sunlamp,1,02653,3,54464,0.0191918,-0.518178,0.594945,0.614137,91.8344
sunlamp/images/img001218.jpg,sunlamp,1,16337,2,06376,-0.496065,-0.0261087,0.835478,-0.234978,160.388
sunlamp/images/img001219.jpg,sunlamp,2,20112,0,35401,0.844742,0.501565,0.0263982,-0.184787,163.478
sunlamp/images/img001220.jpg,sunlamp,0,56024,0,63272,0.6932,-0.238287,0.671537,0.108312,130.584
sunlamp/images/img001223.jpg,sunlamp,1,21746,3,43663,-0.352124,-0.0270864,0.352124,0.866766,153.344
sunlamp/images/img001224.jpg,sunlamp,2,37610,1,02263,-0.569284,0.628176,-0.0196305,-0.530023,162.968
sunlamp/images/img001225.jpg,sunlamp,2,70200,2,25572,-0.0908257,0.211927,0.968808,-0.0908257,22.1077
sunlamp/images/img001227.jpg,sunlamp,3,34024,2,07617,-0.26482,-0.147122,0.941584,-0.147122,114.391
sunlamp/images/img001229.jpg,sunlamp,2,52624,0,43347,0.954905,-0.149204,-0.149204,0.208885,174.985
sunlamp/images/img001230.jpg,sunlamp,0,32017,2,43722,-0.205971,-0.0294245,0.941584,0.26482,170.133
sunlamp/images/img001231.jpg,sunlamp,1,43506,1,16741,0.317146,0.922608,-0.20182,-0.0864945,76.9871
sunlamp/images/img001232.jpg,sunlamp,2,15540,0,63677,0.668555,-0.188031,0.647663,0.313385,68.5547
sunlamp/images/img001233.jpg,sunlamp,2,40556,2,25000,-0.390567,0.0260378,0.833209,-0.390567,113.168
sunlamp/images/img001234.jpg,sunlamp,3,06724,3,42301,-0.539527,-0.179842,0.0256917,0.822136,23.588
sunlamp/images/img001238.jpg,sunlamp,2,67265,0,53662,0.830959,0.441447,-0.0259675,0.337577,161.051
sunlamp/images/img001240.jpg,sunlamp,2,70213,2,34747,0.309033,0.309033,0.899004,-0.0280939,14.176
sunlamp/images/img001241.jpg,sunlamp,0,61354,0,70241,0.948174,0.0888913,0.266674,0.148152,19.9573
sunlamp/images/img001243.jpg,sunlamp,0,50530,1,17156,0.630584,0.695817,-0.282675,-0.195698,78.0062
sunlamp/images/img001252.jpg,sunlamp,2,61452,2,07534,-0.0873704,-0.320358,0.931951,-0.145617,80.7016
sunlamp/images/img001255.jpg,sunlamp,3,44353,1,27002,-0.350165,0.74702,0.443543,-0.350165,154.966
sunlamp/images/img001262.jpg,sunlamp,2,14177,0,70425,0.931951,0.0873704,0.145617,0.320358,141.186
sunlamp/images/img001264.jpg,sunlamp,1,55064,0,35700,0.758686,0.592723,0.21338,-0.165963,128.33
sunlamp/images/img001267.jpg,sunlamp,3,16756,1,52033,0.205971,0.941584,-0.26482,0.0294245,174.009
sunlamp/images/img001269.jpg,sunlamp,2,73055,1,44474,-0.460146,0.545358,-0.460146,0.528315,147.088
sunlamp/images/img001270.jpg,sunlamp,2,74474,3,74556,0.279521,0.0645049,0.666551,0.688053,23.5945
sunlamp/images/img001274.jpg,sunlamp,3,70032,1,07756,-0.0921878,0.983336,-0.153646,-0.0307293,162.694
sunlamp/images/img001277.jpg,sunlamp,2,24640,2,42445,-0.60273,-0.311757,0.665081,0.311757,75.4161
sunlamp/images/img001278.jpg,sunlamp,0,20212,2,23016,-0.227058,0.39219,0.660531,-0.598607,163.393
sunlamp/images/img001279.jpg,sunlamp,0,05411,2,42725,-0.525822,-0.0751175,0.801253,0.275431,42.8061
sunlamp/images/img001284.jpg,sunlamp,2,55436,2,30500,0.222579,0.024731,0.791391,-0.568812,148.367
sunlamp/images/img001286.jpg,sunlamp,2,65053,3,60611,-0.587463,0.211487,0.211487,0.751953,87.8144
sunlamp/images/img001287.jpg,sunlamp,1,72142,1,72165,0.272041,0.791391,0.51935,0.173117,5.70952
sunlamp/images/img001288.jpg,sunlamp,1,66571,0,61565,0.887862,-0.138728,0.138728,0.416185,171.753
sunlamp/images/img001291.jpg,sunlamp,2,27144,0,25301,0.869321,-0.135831,0.244497,-0.407494,172.34
sunlamp/images/img001299.jpg,sunlamp,3,04561,1,30760,0.222579,0.791391,0.321503,-0.469888,52.0456
sunlamp/images/img001300.jpg,sunlamp,0,21734,0,43335,0.99085,-0.0309641,-0.0928922,0.0928922,91.1136
sunlamp/images/img001301.jpg,sunlamp,0,43514,0,12442,0.811493,0.0253592,-0.329669,-0.481824,95.833
sunlamp/images/img001303.jpg,sunlamp,1,32737,0,60655,0.72373,-0.565414,0.203549,0.339248,161.788
sunlamp/images/img001307.jpg,sunlamp,1,43707,1,16652,0.151934,0.972379,-0.151934,-0.0911606,55.4487
sunlamp/images/img001308.jpg,sunlamp,2,32406,1,34340,0.248946,0.88514,0.248946,-0.304267,87.1987
sunlamp/images/img001311.jpg,sunlamp,0,27441,1,15277,0.524491,0.729727,-0.387667,-0.205236,177.779
sunlamp/images/img001313.jpg,sunlamp,2,70771,2,71437,0.554096,0.168638,0.770916,0.265003,27.0137
sunlamp/images/img001316.jpg,sunlamp,3,30474,3,36054,0.132733,0.451292,-0.238919,0.849491,46.7503
sunlamp/images/img001318.jpg,sunlamp,1,70112,3,43521,-0.141365,-0.311003,0.254457,0.904735,148.678
sunlamp/images/img001321.jpg,sunlamp,3,05512,2,70177,0.408703,0.190728,0.871899,0.190728,164.431
sunlamp/images/img001322.jpg,sunlamp,2,06277,2,26020,-0.602084,0.407863,0.621506,-0.291331,55.5648
sunlamp/images/img001323.jpg,sunlamp,2,31156,2,13037,0.462317,-0.180907,0.643224,-0.582922,31.5913
sunlamp/images/img001324.jpg,sunlamp,1,27413,1,07713,-0.0301648,0.965275,-0.150824,-0.211154,77.7751
sunlamp/images/img001326.jpg,sunlamp,1,07205,2,50620,0.0261087,-0.496065,0.835478,0.234978,94.6514
sunlamp/images/img001327.jpg,sunlamp,1,43506,3,42556,-0.45047,-0.308216,0.355634,0.758686,169.718
sunlamp/images/img001329.jpg,sunlamp,1,05614,2,16665,0.0928922,-0.0928922,0.99085,-0.0309641,100.649
sunlamp/images/img001330.jpg,sunlamp,3,53230,3,17672,0.546793,-0.0260378,-0.0781133,0.833209,14.3016
sunlamp/images/img001331.jpg,sunlamp,3,43554,0,73146,0.705215,0.55095,0.418722,0.154266,179.363
sunlamp/images/img001336.jpg,sunlamp,1,74072,2,17035,0.535754,-0.25623,0.745396,-0.302817,159.933
sunlamp/images/img001338.jpg,sunlamp,1,27354,3,70203,0.0882735,0.323669,0.0294245,0.941584,173.428
sunlamp/images/img001340.jpg,sunlamp,1,70123,1,61127,-0.150278,0.961781,0.21039,0.090167,57.3583
sunlamp/images/img001343.jpg,sunlamp,3,52517,2,47121,-0.130901,-0.287982,0.837765,0.445063,98.9791
sunlamp/images/img001344.jpg,sunlamp,3,53060,3,53066,0.447523,-0.236924,0.184274,0.842397,7.06756
sunlamp/images/img001349.jpg,sunlamp,2,61710,2,27555,-0.0275764,0.468798,0.882444,-0.0275764,42.4315
sunlamp/images/img001354.jpg,sunlamp,0,67313,0,25615,0.919555,-0.258625,0.258625,-0.143681,79.7125
sunlamp/images/img001355.jpg,sunlamp,1,01606,3,43637,-0.256933,-0.0285481,0.314029,0.91354,121.974
sunlamp/images/img001361.jpg,sunlamp,0,53403,2,07602,-0.412393,-0.137464,0.879772,-0.19245,89.4801
sunlamp/images/img001363.jpg,sunlamp,2,36735,3,43577,-0.0274101,-0.246691,0.411152,0.877124,175.321
sunlamp/images/img001366.jpg,sunlamp,1,63407,0,34154,0.896179,0.364073,0.0280056,-0.25205,175.966
sunlamp/images/img001370.jpg,sunlamp,3,72016,3,27435,-0.227067,0.529823,-0.126148,0.80735,44.8745
sunlamp/images/img001371.jpg,sunlamp,2,25755,2,61351,-0.0297351,0.267615,0.951522,0.148675,18.8211
sunlamp/images/img001376.jpg,sunlamp,0,60777,1,12621,0.0756891,0.80735,-0.0756891,-0.580283,119.81
sunlamp/images/img001379.jpg,sunlamp,1,76201,0,07222,0.833209,-0.390567,-0.0260378,-0.390567,131.743
sunlamp/images/img001386.jpg,sunlamp,3,43630,3,43623,-0.364073,-0.0280056,0.25205,0.896179,10.5994
sunlamp/images/img001390.jpg,sunlamp,1,65200,0,07341,0.916533,-0.143208,-0.200492,-0.315058,101.073
sunlamp/images/img001392.jpg,sunlamp,0,43546,2,31664,0.403961,0.308911,0.760398,-0.403961,165.821
sunlamp/images/img001394.jpg,sunlamp,3,02171,1,03336,-0.069282,0.739008,-0.023094,-0.669726,105.816
sunlamp/images/img001395.jpg,sunlamp,0,61043,0,61034,0.931951,-0.320358,0.145617,0.0873704,11.6939
sunlamp/images/img001402.jpg,sunlamp,1,22771,0,27566,0.799251,-0.174836,0.574462,-0.0249766,174.878
sunlamp/images/img001403.jpg,sunlamp,3,56002,0,42563,0.772712,-0.507093,-0.217325,0.313914,139.829
sunlamp/images/img001404.jpg,sunlamp,1,27066,1,27072,-0.259633,0.755297,0.54287,-0.259633,14.2629
sunlamp/images/img001408.jpg,sunlamp,2,77337,2,35534,0.662695,0.114258,0.73125,-0.114258,75.401
sunlamp/images/img001413.jpg,sunlamp,1,03775,0,77167,0.603559,0.509253,0.433808,0.433808,158.407
sunlamp/images/img001414.jpg,sunlamp,2,23254,1,41631,-0.228822,0.813589,-0.483068,0.228822,176.767
sunlamp/images/img001417.jpg,sunlamp,3,60563,0,34054,0.951522,0.148675,0.0297351,-0.267615,95.8971
sunlamp/images/img001418.jpg,sunlamp,0,32760,1,24117,-0.440261,0.828726,0.0776931,-0.33667,174.464
sunlamp/images/img001419.jpg,sunlamp,1,60670,2,00643,-0.561547,-0.406638,0.619639,-0.36791,166.409
sunlamp/images/img001424.jpg,sunlamp,0,17337,1,42324,-0.580283,0.80735,-0.0756891,0.0756891,167.064
sunlamp/images/img001427.jpg,sunlamp,3,05265,1,15604,0.393438,0.74059,-0.532299,-0.115717,126.937
sunlamp/images/img001429.jpg,sunlamp,0,41603,0,40734,0.74059,-0.439725,-0.439725,0.254578,18.1108
sunlamp/images/img001434.jpg,sunlamp,0,72300,0,52676,0.896179,0.140028,-0.0280056,0.420084,88.2778
sunlamp/images/img001438.jpg,sunlamp,1,16741,1,16454,0.140028,0.896179,-0.420084,-0.0280056,32.4107
sunlamp/images/img001439.jpg,sunlamp,1,41516,2,71047,0.500173,0.0789747,0.842397,0.184274,119.619
sunlamp/images/img001445.jpg,sunlamp,2,17276,3,63314,-0.0734773,0.612311,0.0734773,0.783758,158.644
sunlamp/images/img001448.jpg,sunlamp,1,17147,2,21160,-0.163768,0.116977,0.748653,-0.631676,168.358
sunlamp/images/img001449.jpg,sunlamp,1,20512,3,50025,0.0712873,-0.641585,0.0712873,0.760398,51.8507
sunlamp/images/img001452.jpg,sunlamp,3,06373,3,07633,-0.26482,-0.0294245,-0.205971,0.941584,27.2727
sunlamp/images/img001455.jpg,sunlamp,1,54060,1,45150,-0.0607955,0.648486,-0.628221,0.425569,13.1376
sunlamp/images/img001457.jpg,sunlamp,3,52712,3,16224,0.0288315,-0.0864945,-0.374809,0.922608,84.3976
sunlamp/images/img001458.jpg,sunlamp,0,62542,0,60766,0.715006,-0.51391,0.335159,0.335159,9.7552
sunlamp/images/img001459.jpg,sunlamp,2,37021,0,42766,0.758686,-0.545305,-0.0237089,0.355634,172.303
sunlamp/images/img001462.jpg,sunlamp,2,70614,2,70035,0.21039,0.150278,0.961781,0.090167,28.8732
sunlamp/images/img001463.jpg,sunlamp,0,34054,0,25154,0.958324,-0.0898429,0.0299476,-0.269529,30.1177
sunlamp/images/img001464.jpg,sunlamp,1,06275,3,56225,0.0800926,-0.0800926,0.507253,0.854321,142.38
sunlamp/images/img001465.jpg,sunlamp,1,53307,1,53167,0.622212,0.737437,-0.207404,0.161314,16.7267
sunlamp/images/img001466.jpg,sunlamp,3,13427,0,52615,0.907642,0.198547,-0.198547,0.312002,95.5937
sunlamp/images/img001473.jpg,sunlamp,2,45644,3,45270,-0.249293,-0.430597,0.475923,0.725215,23.2519
sunlamp/images/img001476.jpg,sunlamp,0,61213,1,30644,0.026774,0.856767,0.240966,-0.455158,163.619
sunlamp/images/img001478.jpg,sunlamp,3,74040,3,74055,0.174836,0.0249766,0.574462,0.799251,19.3342
sunlamp/images/img001482.jpg,sunlamp,0,74037,0,74033,0.851896,0.186352,0.186352,0.45257,3.82462
sunlamp/images/img001483.jpg,sunlamp,0,61225,3,34534,0.368729,0.141819,-0.141819,0.907642,148.667
sunlamp/images/img001484.jpg,sunlamp,0,43317,0,43236,0.941584,-0.323669,-0.0294245,0.0882735,36.5899
sunlamp/images/img001485.jpg,sunlamp,0,13054,0,12522,0.772712,0.217325,-0.217325,-0.555387,29.0612
sunlamp/images/img001486.jpg,sunlamp,2,05774,2,14621,0.0789747,-0.500173,0.842397,-0.184274,25.2011
sunlamp/images/img001488.jpg,sunlamp,1,12270,3,63155,-0.0270864,0.46047,0.189605,0.866766,153.003
sunlamp/images/img001493.jpg,sunlamp,0,56656,3,40633,-0.55638,-0.378339,0.200297,0.712167,175.89
sunlamp/images/img001498.jpg,sunlamp,0,71626,1,75005,0.454577,0.765603,0.0239251,0.454577,73.0506
sunlamp/images/img001500.jpg,sunlamp,1,56220,3,46241,-0.597589,-0.144246,0.432737,0.659408,166.37
sunlamp/images/img001503.jpg,sunlamp,3,41312,1,14241,0.0731272,0.780024,-0.560642,-0.268133,93.0294
sunlamp/images/img001504.jpg,sunlamp,0,12566,2,16420,0.0289278,-0.318206,0.925691,-0.202495,157.557
sunlamp/images/img001505.jpg,sunlamp,1,10420,0,01257,0.686784,-0.193158,-0.450702,-0.53655,131.426
sunlamp/images/img001507.jpg,sunlamp,0,06713,3,60711,-0.442642,0.23434,0.23434,0.833209,95.9809
sunlamp/images/img001512.jpg,sunlamp,2,37642,0,40267,0.681778,-0.617861,-0.362194,0.149139,137.734
sunlamp/images/img001515.jpg,sunlamp,0,17463,2,04311,-0.37392,-0.505892,0.703849,-0.329929,92.4217
sunlamp/images/img001516.jpg,sunlamp,1,60443,1,60464,-0.655727,0.676879,0.105762,0.317287,8.48205
sunlamp/images/img001518.jpg,sunlamp,2,31157,1,71610,0.520626,0.793334,0.223125,0.223125,131.999
sunlamp/images/img001521.jpg,sunlamp,1,56274,2,42725,-0.525822,-0.0751175,0.801253,0.275431,175.619
sunlamp/images/img001522.jpg,sunlamp,0,05262,0,35604,0.849491,0.451292,0.238919,-0.132733,128.385
sunlamp/images/img001528.jpg,sunlamp,1,27730,3,24443,-0.668302,0.0691347,-0.0691347,0.737437,172.563
sunlamp/images/img001529.jpg,sunlamp,2,22460,2,71124,0.609394,0.121879,0.780024,0.0731272,163.09
sunlamp/images/img001530.jpg,sunlamp,2,12470,0,42736,0.824315,-0.489437,-0.0257599,0.283358,170.017
sunlamp/images/img001533.jpg,sunlamp,1,20533,1,20761,-0.470162,0.716438,0.291053,-0.425385,19.5654
sunlamp/images/img001535.jpg,sunlamp,2,05223,3,50220,0.0268511,-0.510171,0.0268511,0.859235,168.415
sunlamp/images/img001536.jpg,sunlamp,3,65171,1,60560,-0.550277,0.765603,0.119625,0.311026,125.108
sunlamp/images/img001537.jpg,sunlamp,1,37045,3,52744,0.24236,-0.188502,0.403933,0.861723,175.831
sunlamp/images/img001539.jpg,sunlamp,0,17674,2,04313,-0.382143,-0.472059,0.719328,-0.337185,102.498
sunlamp/images/img001541.jpg,sunlamp,2,13001,2,07013,-0.232456,-0.33577,0.826512,-0.387427,78.5062
sunlamp/images/img001542.jpg,sunlamp,1,43666,1,61674,-0.280397,0.8157,0.331378,0.38236,40.8154
sunlamp/images/img001545.jpg,sunlamp,3,44312,1,70331,0.398199,0.849491,0.345106,0.0265466,132.903
sunlamp/images/img001547.jpg,sunlamp,1,62043,3,27031,-0.213862,0.499011,-0.356436,0.760398,132.531
sunlamp/images/img001550.jpg,sunlamp,0,04736,2,01534,-0.0639167,-0.57525,0.681778,-0.447417,177.153
sunlamp/images/img001551.jpg,sunlamp,2,61675,2,60566,-0.538095,0.163768,0.748653,0.350931,41.7543
sunlamp/images/img001552.jpg,sunlamp,2,77425,2,77536,0.518934,0.411568,0.572617,0.483145,16.5066
sunlamp/images/img001556.jpg,sunlamp,1,71416,2,12700,0.219382,-0.17063,0.780024,-0.560642,166.286
sunlamp/images/img001557.jpg,sunlamp,1,47351,1,47545,-0.105762,0.676879,-0.317287,0.655727,28.0553
sunlamp/images/img001560.jpg,sunlamp,1,16623,2,40134,-0.412362,-0.585988,0.694504,0.0651098,99.0113
sunlamp/images/img001562.jpg,sunlamp,1,43312,1,16064,0.0285481,0.91354,-0.314029,-0.256933,41.3887
sunlamp/images/img001563.jpg,sunlamp,2,23346,3,50150,0.278493,-0.664099,0.107113,0.685522,95.2203
sunlamp/images/img001569.jpg,sunlamp,1,14101,3,15650,0.469222,-0.51391,-0.0670318,0.715006,131.232
sunlamp/images/img001574.jpg,sunlamp,1,25436,3,43631,-0.260351,-0.0867835,0.260351,0.925691,168.679
sunlamp/images/img001577.jpg,sunlamp,3,50270,3,43155,-0.0277457,-0.416185,0.19422,0.887862,20.3303
sunlamp/images/img001578.jpg,sunlamp,1,74110,1,70251,0.203864,0.931951,0.262111,0.145617,46.5452
sunlamp/images/img001586.jpg,sunlamp,2,66376,2,03015,-0.193158,-0.32193,0.686784,-0.622398,177.372
sunlamp/images/img001592.jpg,sunlamp,2,77712,2,24141,-0.527146,0.0251022,0.80327,-0.276124,172.102
sunlamp/images/img001595.jpg,sunlamp,1,56241,1,45074,-0.224396,0.652789,-0.550791,0.469192,57.3766
sunlamp/images/img001602.jpg,sunlamp,0,02775,3,50117,0.327405,-0.632983,0.065481,0.698464,155.131
sunlamp/images/img001605.jpg,sunlamp,1,12444,2,43035,-0.2561,-0.313011,0.910577,0.0853666,98.4877
sunlamp/images/img001606.jpg,sunlamp,2,61636,2,73604,0.374646,0.55095,0.705215,0.242418,79.6462
sunlamp/images/img001607.jpg,sunlamp,2,56302,2,63164,-0.177059,0.531178,0.809414,0.177059,95.7924
sunlamp/images/img001608.jpg,sunlamp,2,74322,0,07427,0.887862,-0.360694,-0.249711,-0.138728,157.577
sunlamp/images/img001610.jpg,sunlamp,3,43015,3,43302,-0.211154,-0.150824,0.0301648,0.965275,30.791
sunlamp/images/img001615.jpg,sunlamp,2,07146,3,70066,0.0298408,0.208885,0.208885,0.954905,166.207
sunlamp/images/img001618.jpg,sunlamp,2,06350,2,14222,0.0254906,-0.433341,0.8157,-0.38236,66.429
sunlamp/images/img001619.jpg,sunlamp,1,12300,1,03314,-0.0684119,0.729727,-0.159628,-0.661315,31.7933
sunlamp/images/img001620.jpg,sunlamp,1,06661,1,52164,0.25205,0.896179,-0.308062,0.196039,119.558
sunlamp/images/img001624.jpg,sunlamp,2,43562,2,30444,0.0275764,0.0275764,0.882444,-0.468798,105.536
sunlamp/images/img001632.jpg,sunlamp,3,67271,0,20745,0.74702,-0.490232,0.210099,-0.396854,109.642
sunlamp/images/img001633.jpg,sunlamp,2,25743,0,65333,0.8157,-0.0254906,0.38236,0.433341,157.269
sunlamp/images/img001634.jpg,sunlamp,1,17022,1,12313,0.317287,0.676879,-0.105762,-0.655727,38.8832
sunlamp/images/img001638.jpg,sunlamp,0,21746,0,21572,0.842397,-0.0789747,0.184274,-0.500173,16.1468
sunlamp/images/img001639.jpg,sunlamp,2,05057,2,50146,0.201498,-0.649272,0.716438,0.156721,63.3224
sunlamp/images/img001640.jpg,sunlamp,0,30347,0,32540,0.763856,0.214834,0.405798,-0.453539,22.5427
sunlamp/images/img001642.jpg,sunlamp,1,43255,3,16611,0.204559,-0.204559,-0.204559,0.935129,178.684
sunlamp/images/img001644.jpg,sunlamp,1,71510,3,33464,0.37611,0.464606,-0.37611,0.707972,87.3057
sunlamp/images/img001655.jpg,sunlamp,0,12716,2,76304,0.196818,0.546718,0.699798,0.415505,176.15
sunlamp/images/img001656.jpg,sunlamp,0,16366,3,36401,0.0810219,0.459124,-0.189051,0.864234,179.886
sunlamp/images/img001658.jpg,sunlamp,3,20251,3,26201,-0.556561,0.479794,-0.287877,0.614137,44.1582
sunlamp/images/img001659.jpg,sunlamp,2,43335,2,07617,-0.26482,-0.147122,0.941584,-0.147122,44.1727
sunlamp/images/img001660.jpg,sunlamp,0,23544,3,07255,-0.2561,-0.199189,-0.2561,0.910577,99.6738
sunlamp/images/img001663.jpg,sunlamp,3,53405,3,53045,0.466477,-0.368271,0.17186,0.785646,12.1156
sunlamp/images/img001664.jpg,sunlamp,3,10722,3,05551,-0.0223887,-0.694049,-0.067166,0.716438,70.9435
sunlamp/images/img001665.jpg,sunlamp,2,13006,0,04370,0.74059,-0.439725,-0.439725,-0.254578,152.619
sunlamp/images/img001669.jpg,sunlamp,2,43744,2,47147,-0.119625,-0.311026,0.765603,0.550277,26.9297
sunlamp/images/img001670.jpg,sunlamp,2,50514,2,07530,-0.0864945,-0.317146,0.922608,-0.20182,83.3664
sunlamp/images/img001671.jpg,sunlamp,1,73422,1,73443,0.434179,0.73125,0.434179,0.29707,16.3269
sunlamp/images/img001672.jpg,sunlamp,3,05655,3,12444,0.0254906,-0.38236,-0.433341,0.8157,56.7921
sunlamp/images/img001675.jpg,sunlamp,2,16370,0,47233,0.856767,-0.240966,-0.026774,0.455158,163.499
sunlamp/images/img001676.jpg,sunlamp,0,24301,0,20535,0.758686,-0.403052,0.118545,-0.497888,23.343
sunlamp/images/img001680.jpg,sunlamp,1,74675,3,01372,-0.0662428,-0.375376,-0.596185,0.706589,174.53
sunlamp/images/img001682.jpg,sunlamp,2,61606,0,61361,0.907642,-0.141819,0.368729,0.141819,176.407
sunlamp/images/img001684.jpg,sunlamp,3,52156,1,42713,-0.451292,0.849491,-0.132733,0.238919,149.069
sunlamp/images/img001687.jpg,sunlamp,1,77004,3,72025,0.0779024,0.545317,0.0779024,0.830959,70.2109
sunlamp/images/img001689.jpg,sunlamp,3,65031,2,37044,0.414388,0.414388,0.780024,-0.219382,166.74
sunlamp/images/img001697.jpg,sunlamp,2,54700,3,30524,0.227067,0.126148,-0.529823,0.80735,172.803
sunlamp/images/img001699.jpg,sunlamp,3,26407,1,27502,-0.181772,0.830959,0.493382,-0.181772,148.581
sunlamp/images/img001701.jpg,sunlamp,3,42277,3,24521,-0.535303,0.127453,-0.178434,0.8157,44.7491
sunlamp/images/img001703.jpg,sunlamp,2,57101,0,24575,0.8745,-0.464578,0.136641,-0.0273281,87.0944
sunlamp/images/img001704.jpg,sunlamp,3,16067,0,43654,0.849491,-0.292013,-0.185826,0.398199,112.227
sunlamp/images/img001707.jpg,sunlamp,0,30506,0,21542,0.842397,-0.184274,0.0789747,-0.500173,45.9042
sunlamp/images/img001708.jpg,sunlamp,2,63117,2,72002,0.0268511,0.510171,0.859235,0.0268511,9.53804
sunlamp/images/img001709.jpg,sunlamp,3,61442,3,61446,-0.389512,0.0779024,0.389512,0.830959,5.78784
sunlamp/images/img001712.jpg,sunlamp,3,27060,0,27302,0.71076,-0.155479,0.599704,-0.333169,86.0531
sunlamp/images/img001713.jpg,sunlamp,2,15120,2,25352,-0.0840168,0.308062,0.896179,-0.308062,125.853
sunlamp/images/img001715.jpg,sunlamp,0,34424,0,34154,0.896179,0.364073,0.0280056,-0.25205,46.2958
sunlamp/images/img001718.jpg,sunlamp,3,55363,1,14731,0.368271,0.785646,-0.466477,-0.17186,137.089
sunlamp/images/img001720.jpg,sunlamp,3,57144,1,14734,0.327154,0.805302,-0.478148,-0.125828,133.673
sunlamp/images/img001725.jpg,sunlamp,1,51414,1,34411,0.208885,0.954905,0.0298408,-0.208885,102.267
sunlamp/images/img001727.jpg,sunlamp,2,64434,1,42133,-0.455158,0.856767,-0.240966,0.026774,158.701
sunlamp/images/img001729.jpg,sunlamp,2,74742,0,02267,0.641155,-0.581047,-0.0200361,-0.500902,139.091
sunlamp/images/img001730.jpg,sunlamp,2,35753,2,17316,0.639101,-0.11019,0.705215,-0.286494,48.3498
sunlamp/images/img001732.jpg,sunlamp,1,26743,2,07544,-0.19422,-0.416185,0.887862,-0.0277457,142.776
sunlamp/images/img001736.jpg,sunlamp,0,50362,0,41622,0.795292,-0.372793,-0.422499,0.223676,74.4835
sunlamp/images/img001737.jpg,sunlamp,2,07227,0,50212,0.828726,0.129488,-0.543852,0.0258977,76.1613
sunlamp/images/img001738.jpg,sunlamp,3,53261,3,17654,0.539527,-0.179842,-0.0256917,0.822136,21.9174
sunlamp/images/img001739.jpg,sunlamp,3,60753,1,66554,-0.370138,0.62339,0.331176,0.603909,47.8287
sunlamp/images/img001744.jpg,sunlamp,0,46375,0,65247,0.745396,-0.302817,0.25623,0.535754,41.5818
sunlamp/images/img001754.jpg,sunlamp,0,40410,2,05634,-0.281129,-0.485586,0.817829,-0.127786,129.851
sunlamp/images/img001755.jpg,sunlamp,0,57153,2,07621,-0.367549,-0.0848189,0.904735,-0.197911,106.246
sunlamp/images/img001760.jpg,sunlamp,2,34400,3,61113,-0.0310835,0.0932505,0.0310835,0.994672,155.924
sunlamp/images/img001763.jpg,sunlamp,0,65763,3,60523,-0.525822,0.175274,0.225352,0.801253,157.766
sunlamp/images/img001764.jpg,sunlamp,1,42727,1,04226,-0.627191,0.647423,-0.343944,-0.263016,76.4335
sunlamp/images/img001767.jpg,sunlamp,1,63444,1,64365,-0.451535,0.688053,0.279521,0.494538,24.0756
sunlamp/images/img001769.jpg,sunlamp,1,35414,1,34471,0.21039,0.961781,0.150278,-0.090167,41.9749
sunlamp/images/img001770.jpg,sunlamp,3,56066,3,34400,0.0304997,0.0304997,-0.213498,0.975991,99.5241
sunlamp/images/img001771.jpg,sunlamp,3,26553,3,70761,0.285642,0.337577,0.337577,0.830959,97.4021
sunlamp/images/img001781.jpg,sunlamp,2,53521,1,64373,-0.382143,0.719328,0.337185,0.472059,170.902
sunlamp/images/img001785.jpg,sunlamp,2,74342,2,70635,0.189605,0.352124,0.866766,0.297951,27.0346
sunlamp/images/img001787.jpg,sunlamp,1,30742,0,32654,0.722254,0.112852,0.564261,-0.383697,105.468
sunlamp/images/img001796.jpg,sunlamp,1,14664,3,07600,-0.408703,-0.190728,-0.190728,0.871899,170.531
sunlamp/images/img001802.jpg,sunlamp,2,11102,3,07657,-0.267615,-0.148675,-0.0297351,0.951522,111.59
sunlamp/images/img001804.jpg,sunlamp,3,16546,3,16465,0.0882735,-0.323669,-0.0294245,0.941584,22.9106
sunlamp/images/img001806.jpg,sunlamp,2,70710,1,70232,0.140028,0.896179,0.420084,0.0280056,98.9685
sunlamp/images/img001807.jpg,sunlamp,1,44325,1,47027,-0.321503,0.791391,-0.222579,0.469888,29.6831
sunlamp/images/img001813.jpg,sunlamp,2,65311,0,35044,0.856767,0.455158,0.026774,-0.240966,177.16
sunlamp/images/img001816.jpg,sunlamp,1,52663,3,15663,0.463139,-0.414388,-0.0731272,0.780024,170.789
sunlamp/images/img001819.jpg,sunlamp,3,35473,3,17202,0.430001,-0.126471,-0.379413,0.809414,49.9289
sunlamp/images/img001830.jpg,sunlamp,3,41372,1,43477,-0.239596,0.851896,-0.239596,0.399326,174.082
sunlamp/images/img001832.jpg,sunlamp,2,36673,0,43336,0.99085,-0.0928922,-0.0309641,0.0928922,174.508
sunlamp/images/img001835.jpg,sunlamp,1,34465,2,21747,-0.130901,0.287982,0.837765,-0.445063,129.484
sunlamp/images/img001837.jpg,sunlamp,0,67253,2,61655,-0.239596,0.239596,0.851896,0.399326,127.429
sunlamp/images/img001838.jpg,sunlamp,2,70174,3,64166,-0.498237,0.151637,0.498237,0.6932,129.456
sunlamp/images/img001839.jpg,sunlamp,3,56201,3,34020,0.0280056,0.140028,-0.420084,0.896179,112.852
sunlamp/images/img001842.jpg,sunlamp,3,21245,1,54412,0.0997013,0.638089,-0.578268,0.498507,73.5011
sunlamp/images/img001843.jpg,sunlamp,1,33456,1,30462,0.0263982,0.844742,0.184787,-0.501565,60.9229
sunlamp/images/img001847.jpg,sunlamp,0,07023,0,61565,0.887862,-0.138728,0.138728,0.416185,108.675
sunlamp/images/img001851.jpg,sunlamp,2,06560,2,25124,-0.196657,0.140469,0.899004,-0.36522,72.4606
sunlamp/images/img001852.jpg,sunlamp,3,41241,1,40771,-0.395992,0.745396,-0.442579,0.302817,166.755
sunlamp/images/img001853.jpg,sunlamp,1,11643,1,12522,0.217325,0.772712,-0.217325,-0.555387,38.3046
sunlamp/images/img001856.jpg,sunlamp,3,34251,0,52143,0.8745,0.300609,-0.355266,0.136641,121.72
sunlamp/images/img001858.jpg,sunlamp,1,47145,1,47525,-0.114738,0.734324,-0.252424,0.619586,14.41
sunlamp/images/img001859.jpg,sunlamp,3,21470,3,07630,-0.317146,-0.0864945,-0.20182,0.922608,42.0651
sunlamp/images/img001860.jpg,sunlamp,2,12777,1,57263,0.444513,0.748653,-0.0233954,0.491304,172.102
sunlamp/images/img001862.jpg,sunlamp,0,07747,1,72122,0.222579,0.791391,0.568812,0.024731,179.41
sunlamp/images/img001864.jpg,sunlamp,1,52102,3,07465,-0.358493,-0.30334,-0.0275764,0.882444,145.079
sunlamp/images/img001867.jpg,sunlamp,3,52070,3,52077,0.20182,-0.259483,0.20182,0.922608,11.8291
sunlamp/images/img001871.jpg,sunlamp,3,37751,1,55444,0.29889,0.562617,-0.545035,0.545035,69.6167
sunlamp/images/img001873.jpg,sunlamp,2,63011,0,70436,0.916533,0.143208,0.200492,0.315058,179.951
sunlamp/images/img001877.jpg,sunlamp,2,04656,0,17022,0.795292,0.422499,-0.223676,-0.372793,75.2442
sunlamp/images/img001879.jpg,sunlamp,0,32151,1,34545,0.324796,0.944862,0.0295269,-0.0295269,113.107
sunlamp/images/img001880.jpg,sunlamp,1,04777,2,72601,0.0719402,0.599501,0.767362,0.215821,166.932
sunlamp/images/img001881.jpg,sunlamp,1,73262,0,73001,0.781884,0.464244,0.415376,0.0244339,62.0362
sunlamp/images/img001885.jpg,sunlamp,1,07534,2,05272,-0.278951,-0.431106,0.811493,-0.278951,105.278
sunlamp/images/img001886.jpg,sunlamp,0,63614,1,65416,-0.253494,0.737437,0.0691347,0.622212,156.116
sunlamp/images/img001893.jpg,sunlamp,3,24445,3,24251,-0.581081,0.209189,-0.255676,0.743784,34.7979
sunlamp/images/img001896.jpg,sunlamp,2,60046,3,61020,-0.420084,0.140028,0.0280056,0.896179,126.536
sunlamp/images/img001898.jpg,sunlamp,1,62230,2,60656,-0.589329,0.240097,0.698464,0.327405,58.1972
sunlamp/images/img001901.jpg,sunlamp,0,36606,3,72032,0.125828,0.578811,0.0251657,0.805302,176.918
sunlamp/images/img001912.jpg,sunlamp,0,61315,0,61303,0.935129,-0.146114,0.321451,0.0292228,15.0877
sunlamp/images/img001916.jpg,sunlamp,1,74324,1,47525,-0.114738,0.734324,-0.252424,0.619586,80.8757
sunlamp/images/img001918.jpg,sunlamp,3,24505,3,42332,-0.510171,-0.0268511,0.0268511,0.859235,17.7637
sunlamp/images/img001919.jpg,sunlamp,2,46332,1,03663,-0.329669,0.811493,-0.0253592,-0.481824,171.314
sunlamp/images/img001920.jpg,sunlamp,3,15226,3,11247,0.38378,-0.424178,-0.504973,0.646366,26.011
sunlamp/images/img001921.jpg,sunlamp,0,34445,3,21477,-0.236924,0.184274,-0.447523,0.842397,152.659
sunlamp/images/img001924.jpg,sunlamp,3,52253,3,52175,0.398199,-0.292013,0.185826,0.849491,30.9398
sunlamp/images/img001929.jpg,sunlamp,2,01422,2,00511,-0.321098,-0.585531,0.604419,-0.434426,11.6456
sunlamp/images/img001932.jpg,sunlamp,3,34105,3,12766,0.240966,-0.026774,-0.455158,0.856767,15.5284
sunlamp/images/img001937.jpg,sunlamp,0,71220,2,07534,-0.0873704,-0.320358,0.931951,-0.145617,170.532
sunlamp/images/img001938.jpg,sunlamp,1,63565,0,16613,0.944862,0.206689,-0.147635,-0.206689,170.138
sunlamp/images/img001943.jpg,sunlamp,2,13421,1,63304,-0.169426,0.774521,0.605095,0.0726113,164.624
sunlamp/images/img001946.jpg,sunlamp,3,51442,0,07066,0.851896,-0.399326,-0.239596,-0.239596,141.139
sunlamp/images/img001947.jpg,sunlamp,1,01674,3,32632,0.099229,0.61522,-0.456453,0.635066,136.09
sunlamp/images/img001950.jpg,sunlamp,0,21077,0,21255,0.751953,-0.211487,0.211487,-0.587463,3.53053
sunlamp/images/img001952.jpg,sunlamp,2,61157,2,14471,0.16449,-0.63446,0.751953,-0.0704956,95.8468
sunlamp/images/img001955.jpg,sunlamp,2,06700,1,30512,0.31246,0.769133,0.0721062,-0.552814,162.116
sunlamp/images/img001957.jpg,sunlamp,2,47345,2,43573,-0.0280056,-0.25205,0.896179,0.364073,28.7227
sunlamp/images/img001959.jpg,sunlamp,1,33145,1,63457,-0.218862,0.778177,0.462042,0.36477,140.251
sunlamp/images/img001960.jpg,sunlamp,0,04107,1,02177,-0.378339,0.712167,-0.200297,-0.55638,147.657
sunlamp/images/img001965.jpg,sunlamp,2,40351,2,07003,-0.326328,-0.326328,0.80327,-0.376533,64.2859
sunlamp/images/img001968.jpg,sunlamp,3,21054,0,35042,0.842397,0.447523,0.0789747,-0.289574,122.925
sunlamp/images/img001970.jpg,sunlamp,1,71736,1,73544,0.537541,0.688053,0.365528,0.322525,15.9411
sunlamp/images/img001974.jpg,sunlamp,0,06310,3,47233,-0.240966,-0.026774,0.455158,0.856767,112.002
sunlamp/images/img001976.jpg,sunlamp,0,02554,1,60535,-0.445063,0.837765,0.130901,0.287982,62.9617
sunlamp/images/img001981.jpg,sunlamp,3,43526,3,43574,-0.0807866,-0.296217,0.403933,0.861723,15.3444
sunlamp/images/img001987.jpg,sunlamp,1,65327,1,34256,0.141365,0.904735,0.311003,-0.254457,92.787
sunlamp/images/img001993.jpg,sunlamp,0,06226,1,42404,-0.642082,0.662794,-0.310685,0.227836,38.0573
sunlamp/images/img001994.jpg,sunlamp,0,61611,0,61354,0.93834,-0.0879694,0.263908,0.205262,21.8942
sunlamp/images/img001999.jpg,sunlamp,1,72766,1,16067,0.0867835,0.925691,-0.260351,-0.260351,135.852
sunlamp/images/img002002.jpg,sunlamp,0,47317,0,43771,0.922608,-0.0288315,-0.0864945,0.374809,20.1574
sunlamp/images/img002006.jpg,sunlamp,3,51250,3,53400,0.422499,-0.372793,0.223676,0.795292,24.1202
sunlamp/images/img002007.jpg,sunlamp,1,73042,1,56162,0.223125,0.793334,-0.223125,0.520626,95.4749
sunlamp/images/img002012.jpg,sunlamp,0,15222,2,77004,0.383697,0.383697,0.722254,0.428838,179.904
sunlamp/images/img002013.jpg,sunlamp,1,16015,1,16122,0.239596,0.851896,-0.239596,-0.399326,19.271
sunlamp/images/img002014.jpg,sunlamp,0,60062,2,41163,-0.121303,-0.606517,0.776342,0.121303,125.146
sunlamp/images/img002018.jpg,sunlamp,3,47213,3,25700,-0.20182,0.259483,-0.20182,0.922608,89.7814
sunlamp/images/img002023.jpg,sunlamp,2,04707,2,07406,-0.394874,-0.342224,0.842397,-0.131625,21.822
sunlamp/images/img002026.jpg,sunlamp,0,53166,0,53422,0.833209,0.442642,-0.23434,0.23434,20.996
sunlamp/images/img002027.jpg,sunlamp,0,27100,0,43442,0.80327,-0.376533,-0.326328,0.326328,130.532
sunlamp/images/img002028.jpg,sunlamp,0,23050,2,07271,-0.2561,-0.0853666,0.910577,-0.313011,137.297
sunlamp/images/img002031.jpg,sunlamp,1,07264,2,05336,-0.0776931,-0.440261,0.828726,-0.33667,140.565
sunlamp/images/img002034.jpg,sunlamp,2,77403,2,75163,0.570097,0.147803,0.675671,0.443409,37.0683
sunlamp/images/img002035.jpg,sunlamp,3,13365,2,16624,0.0307293,-0.0921878,0.983336,-0.153646,108.127
sunlamp/images/img002036.jpg,sunlamp,3,36020,3,33633,0.416943,0.561967,-0.416943,0.580095,49.0861
sunlamp/images/img002042.jpg,sunlamp,1,01726,0,42666,0.680543,-0.659276,-0.021267,0.319005,80.7464
sunlamp/images/img002043.jpg,sunlamp,3,52114,3,41556,-0.065481,-0.632983,0.327405,0.698464,65.1351
sunlamp/images/img002046.jpg,sunlamp,2,50422,2,14700,0.219382,-0.560642,0.780024,-0.17063,52.3267
sunlamp/images/img002047.jpg,sunlamp,2,07762,1,35062,0.441447,0.830959,0.181772,-0.285642,171.15
sunlamp/images/img002050.jpg,sunlamp,2,60106,3,43576,-0.0819844,-0.245953,0.409922,0.8745,129.454
sunlamp/images/img002051.jpg,sunlamp,0,03755,2,72402,0.0261087,0.496065,0.835478,0.234978,150.487
sunlamp/images/img002052.jpg,sunlamp,1,70375,3,32277,0.13575,0.601177,-0.48482,0.62057,120.877
sunlamp/images/img002057.jpg,sunlamp,2,67636,0,61535,0.935129,-0.0292228,0.146114,0.321451,174.237
sunlamp/images/img002059.jpg,sunlamp,2,41217,2,50204,0.0252942,-0.581766,0.809414,0.0758825,28.2229
sunlamp/images/img002060.jpg,sunlamp,1,42416,1,37400,0.418384,0.787547,0.418384,-0.172276,161.819
sunlamp/images/img002064.jpg,sunlamp,3,36052,0,43333,0.998538,-0.0312043,-0.0312043,0.0312043,160.377
sunlamp/images/img002068.jpg,sunlamp,0,27725,3,71045,0.501565,0.0263982,0.184787,0.844742,135.641
sunlamp/images/img002073.jpg,sunlamp,0,72064,0,27035,0.772712,-0.217325,0.507093,-0.313914,64.4902
sunlamp/images/img002074.jpg,sunlamp,1,60377,1,65122,-0.186352,0.851896,0.186352,0.45257,47.3471
sunlamp/images/img002075.jpg,sunlamp,3,76124,1,07716,-0.0911606,0.972379,-0.151934,-0.151934,150.686
sunlamp/images/img002080.jpg,sunlamp,2,63227,2,61417,-0.2561,0.0853666,0.910577,0.313011,79.2941
sunlamp/images/img002083.jpg,sunlamp,3,16460,0,16254,0.931951,0.145617,-0.203864,-0.262111,149.011
sunlamp/images/img002084.jpg,sunlamp,1,54524,1,54544,0.163582,0.581626,-0.56345,0.56345,8.35065
sunlamp/images/img002086.jpg,sunlamp,3,72037,0,34753,0.861723,0.403933,0.296217,-0.0807866,140.674
sunlamp/images/img002089.jpg,sunlamp,0,61324,1,15766,0.567742,0.72671,-0.386065,-0.0227097,154.253
sunlamp/images/img002093.jpg,sunlamp,1,24723,3,32212,0.0955375,0.515903,-0.592333,0.61144,174.507
sunlamp/images/img002099.jpg,sunlamp,3,27502,3,61166,-0.204559,0.204559,0.204559,0.935129,55.921
sunlamp/images/img002100.jpg,sunlamp,1,70475,1,74106,0.23434,0.833209,0.0781133,0.494718,12.7717
sunlamp/images/img002105.jpg,sunlamp,3,50350,2,14675,0.184787,-0.501565,0.844742,-0.0263982,130.647
sunlamp/images/img002113.jpg,sunlamp,3,35753,3,35443,0.507253,0.0800926,-0.0800926,0.854321,32.3703
sunlamp/images/img002114.jpg,sunlamp,2,62341,0,71012,0.833209,0.546793,0.0781133,0.0260378,176.38
sunlamp/images/img002116.jpg,sunlamp,2,42032,0,14737,0.809414,0.379413,-0.430001,-0.126471,49.7481
sunlamp/images/img002117.jpg,sunlamp,1,45026,3,15005,0.378865,-0.618148,-0.259223,0.638089,162.15
sunlamp/images/img002120.jpg,sunlamp,2,37721,1,54151,0.291331,0.621506,-0.602084,0.407863,172.628
sunlamp/images/img002121.jpg,sunlamp,1,50303,1,15225,0.434179,0.73125,-0.434179,-0.29707,44.4044
sunlamp/images/img002126.jpg,sunlamp,1,70005,3,52333,0.424094,-0.028273,0.028273,0.904735,166.4
sunlamp/images/img002128.jpg,sunlamp,1,57632,1,14535,0.335159,0.715006,-0.603286,-0.11172,104.659
sunlamp/images/img002132.jpg,sunlamp,1,03744,0,72442,0.811493,0.0253592,0.481824,0.329669,135.762
sunlamp/images/img002136.jpg,sunlamp,1,77742,2,22033,-0.446215,0.410518,0.571155,-0.553307,177.671
sunlamp/images/img002138.jpg,sunlamp,2,47374,2,47736,-0.0714488,-0.0238163,0.762121,0.643039,10.5773
sunlamp/images/img002141.jpg,sunlamp,3,74032,2,70415,0.202495,0.0289278,0.925691,0.318206,86.3078
sunlamp/images/img002142.jpg,sunlamp,1,12541,1,16642,0.0307293,0.983336,-0.153646,-0.0921878,61.2199
sunlamp/images/img002146.jpg,sunlamp,2,25310,0,25152,0.93834,-0.0879694,0.0879694,-0.322554,168.515
sunlamp/images/img002149.jpg,sunlamp,0,43412,1,01636,-0.254034,0.739008,-0.392598,-0.484974,131.539
sunlamp/images/img002151.jpg,sunlamp,2,70753,0,41444,0.648486,-0.303978,-0.628221,0.303978,151.146
sunlamp/images/img002159.jpg,sunlamp,3,06377,3,42333,-0.468798,-0.0275764,0.0275764,0.882444,31.5016
sunlamp/images/img002162.jpg,sunlamp,3,72150,3,63514,-0.0789747,0.447523,0.289574,0.842397,48.2257
sunlamp/images/img002163.jpg,sunlamp,2,30760,3,56742,0.202721,-0.112623,0.653213,0.720787,158.458
sunlamp/images/img002166.jpg,sunlamp,0,52322,2,36424,0.0258977,0.543852,0.828726,-0.129488,163.011
sunlamp/images/img002168.jpg,sunlamp,3,47034,1,72637,0.150791,0.689329,0.667787,0.236957,146.529
sunlamp/images/img002169.jpg,sunlamp,1,65107,3,63527,-0.121303,0.557996,0.266868,0.776342,47.9032
sunlamp/images/img002171.jpg,sunlamp,3,45152,1,07302,-0.19245,0.879772,-0.137464,-0.412393,63.1735
sunlamp/images/img002173.jpg,sunlamp,2,76226,0,32554,0.760398,0.308911,0.403961,-0.403961,143.544
sunlamp/images/img002177.jpg,sunlamp,0,07645,0,20666,0.640128,-0.620124,0.30006,-0.340068,78.276
sunlamp/images/img002181.jpg,sunlamp,1,10072,1,03217,-0.202721,0.720787,-0.112623,-0.653213,60.7148
sunlamp/images/img002184.jpg,sunlamp,0,63016,1,75001,0.464244,0.781884,0.0244339,0.415376,154.806
sunlamp/images/img002185.jpg,sunlamp,0,54017,3,13722,0.535564,-0.0214226,-0.492719,0.685522,43.0609
sunlamp/images/img002188.jpg,sunlamp,0,12527,0,30453,0.842397,0.184274,0.0789747,-0.500173,34.4952
sunlamp/images/img002192.jpg,sunlamp,3,12436,3,13742,0.554189,-0.110838,-0.421184,0.709362,53.517
sunlamp/images/img002193.jpg,sunlamp,2,74157,0,06776,0.859235,-0.510171,-0.0268511,-0.0268511,152.6
sunlamp/images/img002194.jpg,sunlamp,3,31173,0,35022,0.80327,0.426737,0.175715,-0.376533,157.148
sunlamp/images/img002195.jpg,sunlamp,2,74174,0,26615,0.667391,-0.521399,0.521399,-0.10428,123.56
sunlamp/images/img002198.jpg,sunlamp,3,70473,1,16716,0.368729,0.907642,-0.141819,-0.141819,173.466
sunlamp/images/img002201.jpg,sunlamp,0,42117,0,74103,0.842397,0.289574,0.0789747,0.447523,109.034
sunlamp/images/img002208.jpg,sunlamp,2,40011,1,05714,-0.0753066,0.80327,-0.57735,-0.125511,69.5084
sunlamp/images/img002210.jpg,sunlamp,3,52163,3,52135,0.403933,-0.296217,0.0807866,0.861723,15.1412
sunlamp/images/img002212.jpg,sunlamp,1,63321,0,43333,0.998538,-0.0312043,-0.0312043,0.0312043,162.639
sunlamp/images/img002213.jpg,sunlamp,1,12646,1,47525,-0.114738,0.734324,-0.252424,0.619586,134.242
sunlamp/images/img002218.jpg,sunlamp,3,07772,3,07705,-0.149204,-0.208885,-0.149204,0.954905,25.946
sunlamp/images/img002220.jpg,sunlamp,2,47026,3,15235,0.503945,-0.416302,-0.284839,0.701141,178.986
sunlamp/images/img002225.jpg,sunlamp,2,74266,1,30647,0.0789747,0.842397,0.289574,-0.447523,146.747
sunlamp/images/img002226.jpg,sunlamp,2,47121,0,43436,0.871899,-0.299715,-0.245222,0.299715,168.857
sunlamp/images/img002227.jpg,sunlamp,1,06505,2,67104,-0.168638,0.409549,0.770916,0.457732,172.175
sunlamp/images/img002228.jpg,sunlamp,1,76431,1,64704,-0.473147,0.658291,0.185144,0.555433,79.1014
sunlamp/images/img002229.jpg,sunlamp,3,50312,1,43531,-0.0285481,0.91354,-0.314029,0.256933,146.933
sunlamp/images/img002231.jpg,sunlamp,0,22500,0,10735,0.706589,0.331214,-0.419537,-0.463699,134.311
sunlamp/images/img002232.jpg,sunlamp,3,54231,1,03546,-0.1789,0.817829,-0.332243,-0.434472,58.6311
sunlamp/images/img002237.jpg,sunlamp,3,56400,1,32665,0.0645049,0.688053,0.623548,-0.365528,161.615
sunlamp/images/img002240.jpg,sunlamp,1,27040,3,40736,-0.448458,-0.401252,0.259633,0.755297,152.353
sunlamp/images/img002243.jpg,sunlamp,1,25017,2,43035,-0.2561,-0.313011,0.910577,0.0853666,157.355
sunlamp/images/img002244.jpg,sunlamp,3,36501,1,16216,0.141819,0.907642,-0.141819,-0.368729,162.582
sunlamp/images/img002246.jpg,sunlamp,0,25155,2,16213,0.19245,-0.137464,0.879772,-0.412393,144.222
sunlamp/images/img002249.jpg,sunlamp,2,60441,3,53401,0.462042,-0.36477,0.218862,0.778177,169.288
sunlamp/images/img002251.jpg,sunlamp,0,61115,0,43237,0.958324,-0.269529,-0.0299476,0.0898429,27.0612
sunlamp/images/img002253.jpg,sunlamp,2,25527,0,65734,0.728214,-0.06827,0.295837,0.61443,169.993
sunlamp/images/img002255.jpg,sunlamp,1,52776,1,73561,0.555433,0.658291,0.432004,0.267431,65.467
sunlamp/images/img002258.jpg,sunlamp,0,25451,0,65225,0.770916,-0.313185,0.313185,0.457732,76.9142
sunlamp/images/img002263.jpg,sunlamp,3,32661,1,73044,0.418384,0.787547,0.418384,0.172276,124.078
sunlamp/images/img002265.jpg,sunlamp,2,57443,2,52502,0.244497,-0.353162,0.869321,0.244497,51.1597
sunlamp/images/img002267.jpg,sunlamp,2,76036,2,76105,0.259633,0.401252,0.755297,0.448458,22.0459
sunlamp/images/img002277.jpg,sunlamp,3,17320,3,43105,-0.139591,-0.418772,0.0837545,0.893381,110.003
sunlamp/images/img002280.jpg,sunlamp,3,74030,3,70204,0.0299476,0.269529,0.0898429,0.958324,47.8499
sunlamp/images/img002286.jpg,sunlamp,2,25146,2,25443,-0.373569,0.0862083,0.919555,-0.0862083,27.213
sunlamp/images/img002289.jpg,sunlamp,1,23672,3,27654,-0.261387,0.594061,-0.0237624,0.760398,164.192
sunlamp/images/img002294.jpg,sunlamp,3,66423,3,17777,0.695445,-0.0224337,-0.0224337,0.717879,175.927
sunlamp/images/img002298.jpg,sunlamp,0,52346,2,16645,0.0911606,-0.212708,0.972379,-0.0303869,168.495
sunlamp/images/img002299.jpg,sunlamp,3,07142,1,30700,0.217325,0.772712,0.217325,-0.555387,63.1425
sunlamp/images/img002303.jpg,sunlamp,1,40275,1,30541,0.283358,0.824315,0.0257599,-0.489437,138.663
sunlamp/images/img002307.jpg,sunlamp,0,11700,2,71423,0.488143,0.179842,0.822136,0.231226,170.198
sunlamp/images/img002310.jpg,sunlamp,3,65713,3,70604,0.0285481,0.256933,0.314029,0.91354,36.4859
sunlamp/images/img002315.jpg,sunlamp,0,61222,1,34144,0.261226,0.928805,0.0290252,-0.261226,161.947
sunlamp/images/img002317.jpg,sunlamp,2,10472,3,35303,0.589329,0.240097,-0.327405,0.698464,106.357
sunlamp/images/img002318.jpg,sunlamp,3,25255,3,43237,-0.269529,-0.0299476,0.0898429,0.958324,52.0468
sunlamp/images/img002321.jpg,sunlamp,1,16530,1,43314,-0.0908257,0.968808,-0.211927,0.0908257,63.6241
sunlamp/images/img002324.jpg,sunlamp,0,45573,0,25255,0.899004,-0.252845,0.252845,-0.252845,143
sunlamp/images/img002325.jpg,sunlamp,0,16032,2,21564,-0.187958,0.134255,0.859235,-0.456468,157.039
sunlamp/images/img002332.jpg,sunlamp,1,42106,1,12533,0.347898,0.742182,-0.208739,-0.533443,131.507
sunlamp/images/img002338.jpg,sunlamp,2,30142,1,37701,0.548061,0.649554,0.507464,-0.14209,103.552
sunlamp/images/img002341.jpg,sunlamp,1,43300,1,43304,-0.208145,0.951522,-0.208145,0.0892052,4.54805
sunlamp/images/img002343.jpg,sunlamp,0,01270,0,01665,0.745396,-0.302817,-0.442579,-0.395992,24.7883
sunlamp/images/img002344.jpg,sunlamp,2,27650,2,27302,-0.155479,0.599704,0.71076,-0.333169,32.3733
sunlamp/images/img002347.jpg,sunlamp,0,60545,0,02643,0.674469,-0.611238,-0.105386,-0.400466,92.0513
sunlamp/images/img002352.jpg,sunlamp,3,13443,2,52053,0.196657,-0.36522,0.899004,0.140469,167.243
sunlamp/images/img002353.jpg,sunlamp,3,24100,2,52014,0.139591,-0.418772,0.893381,0.0837545,141.2
sunlamp/images/img002359.jpg,sunlamp,3,30603,0,02427,0.654974,-0.59357,-0.184211,-0.429826,138.769
sunlamp/images/img002361.jpg,sunlamp,1,74027,3,15002,0.348539,-0.594567,-0.307535,0.656074,157.508
sunlamp/images/img002364.jpg,sunlamp,1,01356,1,26515,-0.421459,0.793334,0.421459,-0.123958,126.832
sunlamp/images/img002367.jpg,sunlamp,0,65237,3,67141,-0.118545,0.403052,0.497888,0.758686,138.262
sunlamp/images/img002368.jpg,sunlamp,1,63662,0,43316,0.979643,-0.0918415,-0.153069,0.0918415,127.344
sunlamp/images/img002375.jpg,sunlamp,2,34746,2,34675,0.198547,0.368729,0.907642,-0.0283638,9.29913
sunlamp/images/img002377.jpg,sunlamp,3,61416,2,52635,0.20182,-0.0864945,0.922608,0.317146,121.649
sunlamp/images/img002379.jpg,sunlamp,0,72054,3,62055,-0.560843,0.381373,0.157036,0.717879,155.716
sunlamp/images/img002380.jpg,sunlamp,0,42134,3,03745,-0.134255,-0.187958,-0.456468,0.859235,159.192
sunlamp/images/img002384.jpg,sunlamp,2,65332,2,27544,-0.189605,0.46047,0.866766,-0.0270864,57.79
sunlamp/images/img002385.jpg,sunlamp,0,47221,2,41261,-0.327154,-0.478148,0.805302,0.125828,167.986
sunlamp/images/img002386.jpg,sunlamp,0,71302,0,71147,0.751953,0.63446,0.0704956,0.16449,29.4084
sunlamp/images/img002389.jpg,sunlamp,3,62101,2,20555,-0.424602,0.0249766,0.799251,-0.424602,170.891
sunlamp/images/img002395.jpg,sunlamp,1,20564,2,62524,-0.500118,0.45663,0.695817,0.239187,107.914
sunlamp/images/img002399.jpg,sunlamp,2,06723,3,16465,0.0882735,-0.323669,-0.0294245,0.941584,153.906
sunlamp/images/img002403.jpg,sunlamp,2,15376,3,43521,-0.141365,-0.311003,0.254457,0.904735,175.842
sunlamp/images/img002404.jpg,sunlamp,2,73245,0,60663,0.673274,-0.610155,0.315597,0.273518,156.639
sunlamp/images/img002408.jpg,sunlamp,3,61210,1,25435,-0.26482,0.941584,0.147122,-0.147122,159.388
sunlamp/images/img002410.jpg,sunlamp,0,62121,1,65476,-0.236957,0.689329,0.150791,0.667787,129.565
sunlamp/images/img002412.jpg,sunlamp,1,42564,0,62345,0.691902,-0.454061,0.540548,0.151354,77.1852
sunlamp/images/img002414.jpg,sunlamp,0,74272,0,65333,0.8157,-0.0254906,0.38236,0.433341,16.6197
sunlamp/images/img002415.jpg,sunlamp,2,55641,1,06512,-0.474555,0.799251,-0.324696,-0.174836,70.9831
sunlamp/images/img002416.jpg,sunlamp,0,22233,2,07506,-0.196657,-0.36522,0.899004,-0.140469,107.204
sunlamp/images/img002417.jpg,sunlamp,1,41546,1,56044,0.0237089,0.758686,-0.355634,0.545305,43.5921
sunlamp/images/img002418.jpg,sunlamp,3,70331,1,07532,-0.0879694,0.93834,-0.263908,-0.205262,169.593
sunlamp/images/img002420.jpg,sunlamp,0,21272,0,12253,0.748653,0.163768,-0.116977,-0.631676,69.1889
sunlamp/images/img002421.jpg,sunlamp,2,70300,2,70353,0.40161,0.294514,0.856767,0.13387,21.9042
sunlamp/images/img002422.jpg,sunlamp,3,22727,2,21415,-0.228822,0.0254246,0.813589,-0.533917,115.788
sunlamp/images/img002423.jpg,sunlamp,2,55234,0,60704,0.763856,-0.549021,0.214834,0.262575,71.352
sunlamp/images/img002425.jpg,sunlamp,3,34443,2,43170,-0.0873704,-0.320358,0.931951,0.145617,177.922
sunlamp/images/img002431.jpg,sunlamp,0,56641,2,71020,0.464578,0.136641,0.8745,0.0273281,154.393
sunlamp/images/img002432.jpg,sunlamp,1,61150,1,61116,-0.092538,0.987072,0.092538,0.092538,11.4763
sunlamp/images/img002434.jpg,sunlamp,1,71343,2,02546,-0.512887,-0.289893,0.713582,-0.37909,131.514
sunlamp/images/img002435.jpg,sunlamp,0,04575,0,00335,0.638089,-0.338985,-0.378865,-0.578268,71.7711
sunlamp/images/img002444.jpg,sunlamp,3,44225,3,20775,-0.403961,0.308911,-0.403961,0.760398,128.848
sunlamp/images/img002447.jpg,sunlamp,2,52422,2,52562,0.244497,-0.244497,0.869321,0.353162,26.1901
sunlamp/images/img002454.jpg,sunlamp,1,71650,1,70374,0.346083,0.851896,0.346083,0.186352,29.9273
sunlamp/images/img002458.jpg,sunlamp,0,21465,0,03517,0.791391,-0.024731,-0.321503,-0.51935,64.4531
sunlamp/images/img002459.jpg,sunlamp,3,14366,3,43545,-0.129142,-0.387427,0.387427,0.826512,85.7972
sunlamp/images/img002464.jpg,sunlamp,0,47026,0,74037,0.830959,0.181772,0.181772,0.493382,81.474
sunlamp/images/img002472.jpg,sunlamp,3,62702,3,70674,0.131625,0.342224,0.394874,0.842397,83.5051
sunlamp/images/img002475.jpg,sunlamp,2,56304,3,47544,-0.147279,-0.315597,0.652234,0.673274,54.5177
sunlamp/images/img002477.jpg,sunlamp,2,50206,2,14650,0.125511,-0.57735,0.80327,-0.0753066,23.4839
sunlamp/images/img002478.jpg,sunlamp,2,25034,0,53220,0.879772,0.467379,-0.0824786,0.0274929,147.717
sunlamp/images/img002480.jpg,sunlamp,0,25052,3,60517,-0.447523,0.0789747,0.289574,0.842397,97.4479
sunlamp/images/img002481.jpg,sunlamp,1,04512,1,41564,-0.155479,0.71076,-0.599704,0.333169,64.4565
sunlamp/images/img002482.jpg,sunlamp,2,36065,0,61030,0.935129,-0.321451,0.146114,0.0292228,178.035
sunlamp/images/img002485.jpg,sunlamp,3,04706,1,16352,0.355266,0.8745,-0.136641,-0.300609,77.3978
sunlamp/images/img002486.jpg,sunlamp,0,52235,0,43316,0.979643,-0.0918415,-0.153069,0.0918415,33.3259
sunlamp/images/img002487.jpg,sunlamp,1,04312,1,60564,-0.541664,0.753619,0.117753,0.353259,109.208
sunlamp/images/img002488.jpg,sunlamp,1,66361,3,60712,-0.476942,0.276124,0.22592,0.80327,71.3781
sunlamp/images/img002491.jpg,sunlamp,1,36075,0,16761,0.93834,0.322554,-0.0879694,-0.0879694,132.187
sunlamp/images/img002493.jpg,sunlamp,3,31402,0,34035,0.899004,0.196657,0.140469,-0.36522,177.792
sunlamp/images/img002496.jpg,sunlamp,2,17120,2,35663,0.472205,0.372793,0.795292,-0.0745586,77.7701
sunlamp/images/img002497.jpg,sunlamp,0,67137,0,07326,0.907642,-0.198547,-0.0283638,-0.368729,119.528
sunlamp/images/img002498.jpg,sunlamp,1,14024,1,34535,0.416185,0.887862,0.138728,-0.138728,106.211
sunlamp/images/img002502.jpg,sunlamp,2,65133,0,25152,0.93834,-0.0879694,0.0879694,-0.322554,167.429
sunlamp/images/img002504.jpg,sunlamp,2,40301,0,16421,0.922608,0.0864945,-0.317146,-0.20182,90.9301
sunlamp/images/img002508.jpg,sunlamp,2,32636,0,17062,0.822136,0.43676,-0.231226,-0.282609,142.143
sunlamp/images/img002510.jpg,sunlamp,3,43164,3,37064,0.396854,0.490232,-0.210099,0.74702,131.195
sunlamp/images/img002513.jpg,sunlamp,1,56063,3,27035,-0.217325,0.507093,-0.313914,0.772712,55.7447
sunlamp/images/img002515.jpg,sunlamp,3,07550,3,41151,-0.0222994,-0.691283,0.111497,0.713582,46.9652
sunlamp/images/img002524.jpg,sunlamp,3,43574,3,43574,-0.0807866,-0.296217,0.403933,0.861723,4.13
sunlamp/images/img002525.jpg,sunlamp,3,36545,1,41632,-0.282609,0.822136,-0.43676,0.231226,120.77
sunlamp/images/img002528.jpg,sunlamp,1,25305,1,07336,-0.0864945,0.922608,-0.0288315,-0.374809,35.4024
sunlamp/images/img002529.jpg,sunlamp,1,27205,3,26161,-0.466436,0.466436,-0.244324,0.71076,163.312
sunlamp/images/img002530.jpg,sunlamp,1,70006,1,70024,0.0307293,0.983336,0.153646,0.0921878,4.30294
sunlamp/images/img002538.jpg,sunlamp,1,12633,3,42720,-0.567426,-0.0740121,0.222036,0.789462,102.873
sunlamp/images/img002540.jpg,sunlamp,0,55033,0,53074,0.791391,0.51935,-0.272041,0.173117,38.8474
sunlamp/images/img002542.jpg,sunlamp,3,07772,3,07741,-0.150278,-0.21039,-0.090167,0.961781,20.1563
sunlamp/images/img002546.jpg,sunlamp,0,65537,1,26161,-0.466436,0.71076,0.466436,-0.244324,127.664
sunlamp/images/img002548.jpg,sunlamp,2,17274,1,74213,0.181772,0.830959,0.285642,0.441447,159.136
sunlamp/images/img002550.jpg,sunlamp,2,77031,2,11525,0.499401,-0.499401,0.591883,-0.388423,146.048
sunlamp/images/img002551.jpg,sunlamp,0,61461,3,17161,0.604494,-0.246276,-0.246276,0.716438,66.0491
sunlamp/images/img002552.jpg,sunlamp,3,15644,1,06161,-0.508279,0.774521,-0.266242,-0.266242,71.5329
sunlamp/images/img002553.jpg,sunlamp,0,16206,3,03665,-0.33667,-0.0776931,-0.440261,0.828726,109.975
sunlamp/images/img002555.jpg,sunlamp,3,77306,2,56205,0.0789747,-0.184274,0.842397,0.500173,113.229
sunlamp/images/img002559.jpg,sunlamp,0,13072,0,16651,0.951522,0.208145,-0.208145,-0.0892052,68.1319
sunlamp/images/img002561.jpg,sunlamp,3,26151,2,34041,0.0882735,0.0294245,0.941584,-0.323669,113.834
sunlamp/images/img002562.jpg,sunlamp,2,06531,3,70754,0.33577,0.232456,0.387427,0.826512,177.25
sunlamp/images/img002563.jpg,sunlamp,1,05573,1,41107,-0.114738,0.734324,-0.665481,0.0688428,21.0429
sunlamp/images/img002566.jpg,sunlamp,1,70032,1,34427,0.090167,0.961781,0.21039,-0.150278,19.1697
sunlamp/images/img002569.jpg,sunlamp,1,07326,2,41634,-0.272709,-0.471042,0.793334,0.272709,119.152
sunlamp/images/img002577.jpg,sunlamp,0,14305,0,23415,0.74702,-0.210099,0.396854,-0.490232,129.806
sunlamp/images/img002579.jpg,sunlamp,0,05731,0,72066,0.799251,0.0249766,0.574462,0.174836,140.349
sunlamp/images/img002581.jpg,sunlamp,3,70537,3,17332,0.634192,-0.0218687,-0.328031,0.699798,82.5296
sunlamp/images/img002584.jpg,sunlamp,3,26477,3,07455,-0.246691,-0.411152,-0.0274101,0.877124,114.284
sunlamp/images/img002587.jpg,sunlamp,3,61467,3,61667,-0.320719,0.37006,0.37006,0.789462,23.2595
sunlamp/images/img002589.jpg,sunlamp,1,25313,1,52122,0.261226,0.928805,-0.261226,0.0290252,89.6456
sunlamp/images/img002592.jpg,sunlamp,0,36115,0,35222,0.762121,0.404877,0.357244,-0.357244,11.1252
sunlamp/images/img002593.jpg,sunlamp,1,23703,3,25156,-0.0895223,0.0895223,-0.268567,0.954905,116.712
sunlamp/images/img002596.jpg,sunlamp,0,67524,3,72564,0.213862,0.499011,0.356436,0.760398,95.6911
sunlamp/images/img002597.jpg,sunlamp,0,03213,3,24656,-0.623538,0.254034,-0.023094,0.739008,20.6867
sunlamp/images/img002598.jpg,sunlamp,0,40031,2,60445,-0.634192,0.0218687,0.699798,0.328031,72.7221
sunlamp/images/img002599.jpg,sunlamp,0,50625,0,41657,0.760398,-0.213862,-0.499011,0.356436,35.2317
sunlamp/images/img002600.jpg,sunlamp,2,24560,2,24562,-0.573034,0.174402,0.797264,-0.0747435,7.6233
sunlamp/images/img002602.jpg,sunlamp,3,42330,3,43300,-0.208885,-0.208885,0.0298408,0.954905,36.5985
sunlamp/images/img002606.jpg,sunlamp,3,21451,3,03722,-0.174836,-0.0249766,-0.574462,0.799251,15.6906
sunlamp/images/img002612.jpg,sunlamp,0,27557,3,27564,-0.179842,0.539527,-0.0256917,0.822136,156.907
sunlamp/images/img002613.jpg,sunlamp,3,61207,3,72007,0.0800926,0.507253,0.0800926,0.854321,58.5986
sunlamp/images/img002623.jpg,sunlamp,2,61756,0,61341,0.941584,-0.147122,0.26482,0.147122,163.206
sunlamp/images/img002630.jpg,sunlamp,3,70425,3,70434,0.144639,0.144639,0.318206,0.925691,6.02631
sunlamp/images/img002631.jpg,sunlamp,0,24165,1,60131,-0.464578,0.8745,0.136641,0.0273281,66.6931
sunlamp/images/img002632.jpg,sunlamp,1,34532,1,35422,0.45257,0.851896,0.186352,-0.186352,11.4598
sunlamp/images/img002636.jpg,sunlamp,0,40706,2,04335,-0.395992,-0.442579,0.745396,-0.302817,122.588
sunlamp/images/img002641.jpg,sunlamp,2,63442,0,07430,0.882444,-0.30334,-0.30334,-0.193035,85.319
sunlamp/images/img002649.jpg,sunlamp,3,34544,3,16475,0.202495,-0.318206,-0.0289278,0.925691,43.4838
sunlamp/images/img002652.jpg,sunlamp,3,47000,1,25162,-0.198547,0.907642,0.198547,-0.312002,132.356
sunlamp/images/img002655.jpg,sunlamp,0,05355,3,43514,-0.0807866,-0.403933,0.296217,0.861723,130.721
sunlamp/images/img002656.jpg,sunlamp,1,56162,1,75534,0.56667,0.625291,0.0977017,0.527589,57.6452
sunlamp/images/img002668.jpg,sunlamp,0,23577,1,25635,-0.249711,0.887862,0.360694,-0.138728,175.413
sunlamp/images/img002669.jpg,sunlamp,2,06174,3,71066,0.45257,0.186352,0.186352,0.851896,145.613
sunlamp/images/img002670.jpg,sunlamp,3,00234,3,30022,0.0221676,0.155173,-0.687194,0.709362,88.9318
sunlamp/images/img002673.jpg,sunlamp,2,34521,0,34506,0.948174,0.266674,0.0888913,-0.148152,125.45
sunlamp/images/img002674.jpg,sunlamp,2,52542,2,63544,-0.175715,0.426737,0.80327,0.376533,103.868
sunlamp/images/img002675.jpg,sunlamp,2,45262,2,46340,-0.508855,-0.154869,0.707972,0.464606,32.1216
sunlamp/images/img002676.jpg,sunlamp,1,61365,0,63635,0.703849,-0.197958,0.637864,0.241948,178.736
sunlamp/images/img002678.jpg,sunlamp,1,52642,3,40767,-0.472059,-0.382143,0.337185,0.719328,161.106
sunlamp/images/img002681.jpg,sunlamp,0,12344,0,12542,0.791391,0.222579,-0.321503,-0.469888,21.7549
sunlamp/images/img002685.jpg,sunlamp,3,55231,1,04321,-0.463699,0.706589,-0.419537,-0.331214,53.809
sunlamp/images/img002686.jpg,sunlamp,0,34563,0,34054,0.951522,0.148675,0.0297351,-0.267615,36.4669
sunlamp/images/img002687.jpg,sunlamp,1,60142,1,24565,-0.543852,0.828726,0.129488,-0.0258977,19.1298
sunlamp/images/img002688.jpg,sunlamp,2,45352,3,22125,-0.400673,0.400673,-0.55331,0.610549,149.104
sunlamp/images/img002689.jpg,sunlamp,3,77107,1,27002,-0.350165,0.74702,0.443543,-0.350165,175.989
sunlamp/images/img002691.jpg,sunlamp,1,20144,1,63114,-0.0822304,0.877124,0.465972,0.0822304,104.614
sunlamp/images/img002692.jpg,sunlamp,3,23413,1,07002,-0.37006,0.789462,-0.320719,-0.37006,143.555
sunlamp/images/img002695.jpg,sunlamp,1,34435,1,34245,0.0867835,0.925691,0.260351,-0.260351,22.9441
sunlamp/images/img002698.jpg,sunlamp,0,21260,2,25332,-0.0779024,0.389512,0.830959,-0.389512,145.264
sunlamp/images/img002702.jpg,sunlamp,2,02320,2,05770,-0.0800926,-0.507253,0.854321,-0.0800926,96.8116
sunlamp/images/img002704.jpg,sunlamp,2,53361,3,52225,0.092538,-0.092538,0.092538,0.987072,150.225
sunlamp/images/img002705.jpg,sunlamp,1,14706,1,14627,0.0817405,0.871899,-0.463196,-0.136234,18.6962
sunlamp/images/img002706.jpg,sunlamp,2,46576,2,47606,-0.335159,-0.11172,0.715006,0.603286,11.7093
sunlamp/images/img002707.jpg,sunlamp,0,61133,0,61033,0.941584,-0.26482,0.205971,0.0294245,28.3772
sunlamp/images/img002712.jpg,sunlamp,3,43104,1,50660,0.0253592,0.811493,-0.481824,0.329669,168.085
sunlamp/images/img002716.jpg,sunlamp,3,25067,1,45150,-0.0607955,0.648486,-0.628221,0.425569,94.593
sunlamp/images/img002717.jpg,sunlamp,1,16466,1,16464,0.0295269,0.944862,-0.324796,-0.0295269,9.79629
sunlamp/images/img002718.jpg,sunlamp,1,32541,1,61640,-0.387427,0.826512,0.232456,0.33577,125.821
sunlamp/images/img002719.jpg,sunlamp,2,30704,0,34343,0.859235,0.295362,0.295362,-0.295362,101.846
sunlamp/images/img002720.jpg,sunlamp,0,47161,2,14322,0.223676,-0.422499,0.795292,-0.372793,161.25
sunlamp/images/img002721.jpg,sunlamp,2,25057,3,34554,0.376062,0.0289278,-0.0289278,0.925691,136.797
sunlamp/images/img002722.jpg,sunlamp,1,16111,1,12522,0.217325,0.772712,-0.217325,-0.555387,34.0077
sunlamp/images/img002724.jpg,sunlamp,0,56404,2,43527,-0.141365,-0.254457,0.904735,0.311003,154.492
sunlamp/images/img002725.jpg,sunlamp,1,07477,3,16344,0.2561,-0.199189,-0.2561,0.910577,156.333
sunlamp/images/img002732.jpg,sunlamp,1,52640,0,76061,0.73125,0.0685546,0.479882,0.479882,161.5
sunlamp/images/img002733.jpg,sunlamp,3,56430,2,60136,-0.500173,0.184274,0.842397,0.0789747,126.601
sunlamp/images/img002736.jpg,sunlamp,2,30524,0,37140,0.705215,0.55095,0.374646,-0.242418,96.4951
sunlamp/images/img002737.jpg,sunlamp,2,12001,3,42533,-0.442642,-0.23434,0.23434,0.833209,139.877
sunlamp/images/img002739.jpg,sunlamp,2,74016,0,53225,0.854321,0.507253,-0.0800926,0.0800926,164.692
sunlamp/images/img002740.jpg,sunlamp,1,20023,1,43437,-0.248946,0.88514,-0.248946,0.304267,127.685
sunlamp/images/img002741.jpg,sunlamp,0,11743,3,77075,0.457898,0.418081,0.457898,0.637076,170.589
sunlamp/images/img002743.jpg,sunlamp,0,52503,0,31624,0.729727,0.387667,0.296452,-0.478883,118.399
sunlamp/images/img002746.jpg,sunlamp,1,47243,1,55444,0.29889,0.562617,-0.545035,0.545035,91.9487
sunlamp/images/img002749.jpg,sunlamp,1,14676,3,35703,0.615707,0.250844,-0.159628,0.729727,137.491
sunlamp/images/img002750.jpg,sunlamp,2,05172,3,52274,0.150278,-0.090167,0.21039,0.961781,173.716
sunlamp/images/img002756.jpg,sunlamp,1,33451,1,35443,0.507253,0.854321,0.0800926,-0.0800926,53.7628
sunlamp/images/img002762.jpg,sunlamp,1,15626,1,14732,0.332243,0.817829,-0.434472,-0.1789,11.9293
sunlamp/images/img002765.jpg,sunlamp,2,71242,1,26147,-0.480888,0.732782,0.435089,-0.206095,139.401
sunlamp/images/img002767.jpg,sunlamp,2,36502,2,72002,0.0268511,0.510171,0.859235,0.0268511,33.2589
sunlamp/images/img002768.jpg,sunlamp,2,17346,3,53404,0.417374,-0.368271,0.270066,0.785646,140.945
sunlamp/images/img002769.jpg,sunlamp,3,27203,1,12456,0.128799,0.824315,-0.334878,-0.437917,152.629
sunlamp/images/img002773.jpg,sunlamp,3,45203,1,24065,-0.653213,0.720787,0.112623,-0.202721,149.443
sunlamp/images/img002774.jpg,sunlamp,1,64103,3,61565,-0.138728,0.138728,0.416185,0.887862,112.407
sunlamp/images/img002776.jpg,sunlamp,0,37067,0,32575,0.719328,0.337185,0.472059,-0.382143,21.7218
sunlamp/images/img002777.jpg,sunlamp,1,23600,1,43556,-0.0794162,0.847106,-0.344137,0.397081,155.184
sunlamp/images/img002778.jpg,sunlamp,3,01277,0,54422,0.670902,0.0209657,-0.524142,0.524142,118.55
sunlamp/images/img002780.jpg,sunlamp,0,00772,3,52744,0.24236,-0.188502,0.403933,0.861723,151.332
sunlamp/images/img002781.jpg,sunlamp,3,43735,0,43336,0.99085,-0.0928922,-0.0309641,0.0928922,170.172
sunlamp/images/img002782.jpg,sunlamp,3,02755,1,52173,0.407494,0.869321,-0.244497,0.135831,165.099
sunlamp/images/img002783.jpg,sunlamp,1,52474,3,24305,-0.507093,0.217325,-0.313914,0.772712,117.474
sunlamp/images/img002787.jpg,sunlamp,0,07771,3,62152,-0.451486,0.451486,0.118812,0.760398,113.046
sunlamp/images/img002788.jpg,sunlamp,1,41117,3,07714,-0.090167,-0.21039,-0.150278,0.961781,178.96
