image_relpath,domain,chart_gt,path_gt,chart_pred,path_pred,q_pred_w,q_pred_x,q_pred_y,q_pred_z,err_deg
synthetic/images/img000014.jpg,synthetic_val,1,46211,1,46252,-0.573172,0.679315,-0.106143,0.445801,10.184
synthetic/images/img000022.jpg,synthetic_val,2,30413,2,30413,0.174402,0.0747435,0.797264,-0.573034,2.61787
synthetic/images/img000026.jpg,synthetic_val,0,56625,0,74401,0.785646,0.0736543,0.0245514,0.613786,9.78142
synthetic/images/img000033.jpg,synthetic_val,3,61442,3,60553,-0.440261,0.0776931,0.33667,0.828726,7.98547
synthetic/images/img000088.jpg,synthetic_val,1,37541,1,35715,0.67793,0.699798,0.196818,-0.109344,22.2532
synthetic/images/img000132.jpg,synthetic_val,1,53161,1,53166,0.592723,0.758686,-0.21338,0.165963,10.7001
synthetic/images/img000139.jpg,synthetic_val,1,05217,1,05250,-0.259633,0.755297,-0.54287,-0.259633,11.4601
synthetic/images/img000200.jpg,synthetic_val,1,35045,1,17657,0.578811,0.805302,-0.125828,-0.0251657,31.1681
synthetic/images/img000209.jpg,synthetic_val,0,61577,0,65211,0.833209,-0.23434,0.23434,0.442642,28.0464
synthetic/images/img000228.jpg,synthetic_val,0,12451,0,10366,0.712167,0.200297,-0.378339,-0.55638,11.1613
synthetic/images/img000230.jpg,synthetic_val,3,05714,3,05734,-0.0796398,-0.504385,-0.132733,0.849491,8.35825
synthetic/images/img000282.jpg,synthetic_val,0,37502,0,37503,0.688053,0.580544,0.408531,-0.150512,5.51629
synthetic/images/img000343.jpg,synthetic_val,1,25773,1,25771,-0.0288315,0.922608,0.374809,-0.0864945,8.36003
synthetic/images/img000344.jpg,synthetic_val,3,65542,3,65550,-0.069282,0.023094,0.669726,0.739008,11.8662
synthetic/images/img000435.jpg,synthetic_val,0,03030,0,03427,0.772712,-0.313914,-0.217325,-0.507093,21.3943
synthetic/images/img000448.jpg,synthetic_val,2,34402,2,07711,-0.0298408,-0.208885,0.954905,-0.208885,36.2983
synthetic/images/img000462.jpg,synthetic_val,2,14347,2,14342,0.220432,-0.514341,0.783758,-0.269417,6.74004
synthetic/images/img000482.jpg,synthetic_val,2,35200,2,35210,0.499011,0.213862,0.760398,-0.356436,11.5126
synthetic/images/img000507.jpg,synthetic_val,2,25675,2,25760,-0.197911,0.367549,0.904735,-0.0848189,6.12282
synthetic/images/img000523.jpg,synthetic_val,1,71405,1,71054,0.539527,0.822136,0.0256917,0.179842,12.2146
synthetic/images/img000524.jpg,synthetic_val,3,43200,3,42334,-0.507253,-0.0800926,0.0800926,0.854321,16.6896
synthetic/images/img000533.jpg,synthetic_val,2,21526,2,12606,0.0258977,-0.129488,0.828726,-0.543852,42.7237
synthetic/images/img000637.jpg,synthetic_val,0,14423,0,14400,0.709362,0.0221676,-0.687194,-0.155173,13.6116
synthetic/images/img000655.jpg,synthetic_val,2,43635,2,70452,0.142741,0.0856444,0.91354,0.371126,50.1794
synthetic/images/img000669.jpg,synthetic_val,3,23333,1,54144,0.176674,0.628176,-0.608545,0.451501,27.3719
synthetic/images/img000741.jpg,synthetic_val,3,43352,3,43701,-0.145617,-0.203864,0.262111,0.931951,17.8166
synthetic/images/img000753.jpg,synthetic_val,3,07511,3,16446,0.0289278,-0.376062,-0.0289278,0.925691,18.8973
synthetic/images/img000782.jpg,synthetic_val,1,35306,1,35322,0.545675,0.698464,0.327405,-0.327405,9.41193
synthetic/images/img000857.jpg,synthetic_val,2,34612,2,34611,0.20182,0.259483,0.922608,-0.20182,9.09616
synthetic/images/img000907.jpg,synthetic_val,3,15540,3,46145,-0.445801,-0.318429,0.488258,0.679315,136.398
synthetic/images/img000915.jpg,synthetic_val,3,53030,3,53215,0.573034,-0.174402,0.0747435,0.797264,14.2408
synthetic/images/img000990.jpg,synthetic_val,3,16300,3,16300,0.24236,-0.188502,-0.403933,0.861723,3.02682
synthetic/images/img000991.jpg,synthetic_val,2,52360,2,52722,0.261226,-0.0290252,0.928805,0.261226,16.4384
synthetic/images/img001002.jpg,synthetic_val,2,52316,2,52323,0.324796,-0.0295269,0.944862,0.0295269,12.9852
synthetic/images/img001047.jpg,synthetic_val,0,70533,0,71045,0.844742,0.501565,0.0263982,0.184787,23.8793
synthetic/images/img001069.jpg,synthetic_val,0,70335,0,16572,0.893381,0.362936,-0.251263,-0.0837545,71.7189
synthetic/images/img001193.jpg,synthetic_val,0,36313,0,54701,0.667391,0.229416,-0.479687,0.521399,172.256
synthetic/images/img001244.jpg,synthetic_val,0,14466,0,05577,0.787547,-0.0246108,-0.615271,-0.0246108,4.64233
synthetic/images/img001262.jpg,synthetic_val,1,25422,1,25047,-0.362936,0.893381,0.0837545,-0.251263,16.377
synthetic/images/img001290.jpg,synthetic_val,1,36564,1,36435,0.178434,0.8157,0.535303,-0.127453,12.1237
synthetic/images/img001291.jpg,synthetic_val,3,06572,3,06712,-0.497423,-0.130901,-0.183261,0.837765,17.7138
synthetic/images/img001292.jpg,synthetic_val,0,06523,0,06701,0.809414,-0.531178,-0.177059,-0.177059,4.61723
synthetic/images/img001322.jpg,synthetic_val,3,37304,3,37017,0.503945,0.416302,-0.284839,0.701141,11.7832
synthetic/images/img001362.jpg,synthetic_val,1,25057,1,25164,-0.203864,0.931951,0.145617,-0.262111,8.50552
synthetic/images/img001371.jpg,synthetic_val,3,16756,3,34575,0.420084,0.140028,-0.0280056,0.896179,29.9819
synthetic/images/img001443.jpg,synthetic_val,2,21627,2,23450,-0.259633,0.401252,0.755297,-0.448458,9.6881
synthetic/images/img001487.jpg,synthetic_val,1,06711,1,06770,-0.507253,0.854321,-0.0800926,-0.0800926,18.7984
synthetic/images/img001513.jpg,synthetic_val,3,40345,3,40304,-0.50298,-0.50298,0.0656061,0.699798,9.56032
synthetic/images/img001522.jpg,synthetic_val,3,33144,3,33276,0.380188,0.56123,-0.452605,0.579334,31.9915
synthetic/images/img001552.jpg,synthetic_val,2,17344,3,21750,-0.0781133,0.23434,-0.494718,0.833209,100.327
synthetic/images/img001554.jpg,synthetic_val,3,25064,3,25066,-0.403933,0.188502,-0.24236,0.861723,8.22077
synthetic/images/img001564.jpg,synthetic_val,0,47742,0,47556,0.688053,-0.0645049,-0.279521,0.666551,23.2982
synthetic/images/img001567.jpg,synthetic_val,0,54135,0,54125,0.676879,0.232677,-0.571117,0.401897,8.06377
synthetic/images/img001588.jpg,synthetic_val,3,65153,3,65513,-0.0245514,0.0736543,0.613786,0.785646,9.93118
synthetic/images/img001589.jpg,synthetic_val,0,75446,3,73530,0.59357,0.429826,0.184211,0.654974,19.326
synthetic/images/img001621.jpg,synthetic_val,2,16703,2,16772,0.374809,-0.0288315,0.922608,-0.0864945,20.843
synthetic/images/img001664.jpg,synthetic_val,2,23150,2,21306,-0.155173,0.243843,0.709362,-0.642859,20.127
synthetic/images/img001665.jpg,synthetic_val,3,14024,3,14530,0.29282,-0.608164,-0.157672,0.720787,33.6018
synthetic/images/img001692.jpg,synthetic_val,2,75757,0,76246,0.669726,0.0209289,0.565081,0.481365,23.5409
synthetic/images/img001733.jpg,synthetic_val,3,57026,3,57010,0.472059,-0.337185,0.382143,0.719328,17.9965
synthetic/images/img001747.jpg,synthetic_val,0,42540,0,46101,0.719328,-0.472059,-0.337185,0.382143,11.3197
synthetic/images/img001785.jpg,synthetic_val,0,14333,0,14327,0.799251,0.274743,-0.424602,-0.324696,11.0159
synthetic/images/img001786.jpg,synthetic_val,1,10576,1,14211,0.163768,0.748653,-0.538095,-0.350931,14.4623
synthetic/images/img001848.jpg,synthetic_val,2,32401,2,30672,0.123655,0.370965,0.791391,-0.469888,11.7306
synthetic/images/img001891.jpg,synthetic_val,0,25522,0,25522,0.935129,-0.204559,0.204559,-0.204559,1.44806
synthetic/images/img001935.jpg,synthetic_val,2,53627,2,71045,0.501565,0.0263982,0.844742,0.184787,13.0893
synthetic/images/img001937.jpg,synthetic_val,2,20433,2,20165,-0.45663,0.108721,0.695817,-0.543607,11.4741
synthetic/images/img001953.jpg,synthetic_val,0,52142,0,52125,0.896179,0.308062,-0.308062,0.0840168,9.71401
synthetic/images/img002019.jpg,synthetic_val,0,15441,1,14374,0.321503,0.791391,-0.469888,-0.222579,65.6396
synthetic/images/img002040.jpg,synthetic_val,2,05657,2,50203,0.0781133,-0.546793,0.833209,0.0260378,36.0752
synthetic/images/img002111.jpg,synthetic_val,2,33260,2,33622,0.321098,0.585531,0.604419,-0.434426,7.36694
synthetic/images/img002128.jpg,synthetic_val,3,47036,3,47257,-0.220963,-0.122757,0.564683,0.785646,18.388
synthetic/images/img002184.jpg,synthetic_val,1,56314,1,56136,0.321503,0.791391,-0.222579,0.469888,4.81074
synthetic/images/img002210.jpg,synthetic_val,3,33112,3,53411,0.533443,-0.347898,0.208739,0.742182,124.888
synthetic/images/img002261.jpg,synthetic_val,0,03717,0,12646,0.8745,0.0273281,-0.136641,-0.464578,12.3291
synthetic/images/img002317.jpg,synthetic_val,3,06671,3,35425,0.501565,0.131991,-0.131991,0.844742,137.964
synthetic/images/img002513.jpg,synthetic_val,2,43374,2,74223,0.0762739,0.38137,0.813589,0.432219,65.9601
synthetic/images/img002526.jpg,synthetic_val,1,10522,1,10616,0.113783,0.728214,-0.47789,-0.47789,12.356
synthetic/images/img002546.jpg,synthetic_val,0,21767,0,23506,0.739008,-0.161658,0.438786,-0.484974,11.2059
synthetic/images/img002607.jpg,synthetic_val,3,26406,3,26406,-0.636643,0.390201,-0.102684,0.65718,2.31636
synthetic/images/img002637.jpg,synthetic_val,3,75476,3,75655,0.451501,0.176674,0.608545,0.628176,6.94264
synthetic/images/img002681.jpg,synthetic_val,1,35424,1,35452,0.545317,0.830959,0.0779024,-0.0779024,12.5849
synthetic/images/img002702.jpg,synthetic_val,1,44336,1,44134,-0.381914,0.643224,-0.54272,0.381914,21.4154
synthetic/images/img002708.jpg,synthetic_val,0,67430,0,65245,0.753619,-0.306158,0.211955,0.541664,28.6292
synthetic/images/img002744.jpg,synthetic_val,0,22274,0,22223,0.519999,-0.471249,0.503749,-0.503749,9.61051
synthetic/images/img002756.jpg,synthetic_val,3,52435,3,56300,0.236924,-0.184274,0.447523,0.842397,23.5684
synthetic/images/img002786.jpg,synthetic_val,0,60047,0,60003,0.739008,-0.669726,0.069282,0.023094,14.7186
synthetic/images/img002790.jpg,synthetic_val,3,07160,3,07112,-0.0794162,-0.344137,-0.397081,0.847106,19.0908
synthetic/images/img002914.jpg,synthetic_val,0,30030,3,06347,-0.529823,-0.126148,-0.227067,0.80735,26.276
synthetic/images/img003032.jpg,synthetic_val,0,72612,0,72134,0.789462,0.320719,0.518084,0.0740121,30.7796
synthetic/images/img003033.jpg,synthetic_val,1,35215,1,35203,0.456673,0.769133,0.264389,-0.360531,12.3823
synthetic/images/img003084.jpg,synthetic_val,0,54260,0,45734,0.694504,-0.0651098,-0.412362,0.585988,18.1028
synthetic/images/img003123.jpg,synthetic_val,0,51566,1,55053,0.431968,0.600999,-0.544655,0.394405,29.4278
synthetic/images/img003138.jpg,synthetic_val,0,47035,0,47126,0.822136,-0.179842,-0.231226,0.488143,5.49927
synthetic/images/img003139.jpg,synthetic_val,0,42237,0,24443,0.737437,-0.668302,0.0691347,-0.0691347,22.777
synthetic/images/img003170.jpg,synthetic_val,2,23576,2,23774,-0.0645049,0.623548,0.688053,-0.365528,13.3958
synthetic/images/img003285.jpg,synthetic_val,0,24341,0,24074,0.742182,-0.626216,0.115966,-0.208739,16.5442
synthetic/images/img003304.jpg,synthetic_val,0,13522,3,13326,0.500902,-0.0200361,-0.581047,0.641155,166.206
synthetic/images/img003328.jpg,synthetic_val,2,25340,2,21711,-0.024731,0.222579,0.791391,-0.568812,39.9479
synthetic/images/img003377.jpg,synthetic_val,3,56512,3,57413,0.474757,-0.268341,0.51604,0.660531,22.2873
synthetic/images/img003378.jpg,synthetic_val,3,61520,3,61506,-0.20182,0.0864945,0.317146,0.922608,11.691
synthetic/images/img003401.jpg,synthetic_val,3,43731,3,43727,-0.146114,-0.0292228,0.321451,0.935129,16.776
synthetic/images/img003584.jpg,synthetic_val,0,12027,0,12233,0.709362,0.155173,-0.0221676,-0.687194,27.0693
synthetic/images/img003639.jpg,synthetic_val,1,40302,1,40073,-0.521399,0.667391,-0.521399,0.10428,13.9612
synthetic/images/img003649.jpg,synthetic_val,0,47236,0,47223,0.830959,-0.337577,-0.0259675,0.441447,11.7174
synthetic/images/img003707.jpg,synthetic_val,3,71601,3,71265,0.474555,0.324696,0.174836,0.799251,10.6796
synthetic/images/img003736.jpg,synthetic_val,3,50746,3,54123,0.242418,-0.55095,0.374646,0.705215,10.7533
synthetic/images/img003783.jpg,synthetic_val,3,42054,0,12177,0.72373,0.339248,-0.203549,-0.565414,22.7939
synthetic/images/img003795.jpg,synthetic_val,1,43471,1,43612,-0.311003,0.904735,-0.141365,0.254457,21.991
synthetic/images/img003805.jpg,synthetic_val,3,24451,3,24561,-0.542398,0.129142,-0.0774855,0.826512,13.8165
synthetic/images/img003830.jpg,synthetic_val,0,50374,0,50726,0.822136,0.231226,-0.43676,0.282609,12.9538
synthetic/images/img003864.jpg,synthetic_val,2,70261,2,70261,0.0856444,0.371126,0.91354,0.142741,2.29269
synthetic/images/img003870.jpg,synthetic_val,3,34032,3,30744,0.23434,0.23434,-0.442642,0.833209,12.923
synthetic/images/img003877.jpg,synthetic_val,3,14351,3,14350,0.302817,-0.535754,-0.25623,0.745396,5.13755
synthetic/images/img003878.jpg,synthetic_val,0,06313,0,07202,0.826512,-0.387427,-0.129142,-0.387427,4.68923
synthetic/images/img003880.jpg,synthetic_val,2,40377,2,41270,-0.281129,-0.485586,0.817829,0.127786,18.8566
synthetic/images/img003901.jpg,synthetic_val,3,34251,3,34145,0.314029,0.0285481,-0.256933,0.91354,30.1277
synthetic/images/img003987.jpg,synthetic_val,1,65624,1,66713,-0.329183,0.619639,0.52282,0.484093,29.6482
synthetic/images/img004110.jpg,synthetic_val,0,02715,0,07210,0.849491,-0.292013,-0.185826,-0.398199,20.932
synthetic/images/img004258.jpg,synthetic_val,1,02715,1,03401,-0.294619,0.725215,-0.339945,-0.521249,25.8285
synthetic/images/img004429.jpg,synthetic_val,3,35702,3,35361,0.597351,0.287613,-0.243365,0.707972,12.1167
synthetic/images/img004489.jpg,synthetic_val,0,14460,3,14750,0.31246,-0.552814,-0.0721062,0.769133,154.399
synthetic/images/img004509.jpg,synthetic_val,2,27562,2,27547,-0.133109,0.505813,0.851896,-0.0266217,13.7796
synthetic/images/img004586.jpg,synthetic_val,0,74361,0,74316,0.781884,0.317641,0.268773,0.464244,11.0568
synthetic/images/img004672.jpg,synthetic_val,1,16173,1,16173,0.393784,0.840072,-0.23627,-0.288775,2.89344
synthetic/images/img004684.jpg,synthetic_val,0,35426,0,35412,0.819974,0.538108,0.0768726,-0.179369,15.2427
synthetic/images/img004686.jpg,synthetic_val,2,71602,2,73414,0.484974,0.392598,0.739008,0.254034,15.2201
synthetic/images/img004707.jpg,synthetic_val,2,13623,2,13600,0.390934,-0.160973,0.735875,-0.52891,16.4644
synthetic/images/img004738.jpg,synthetic_val,1,42637,1,60077,-0.598127,0.765603,0.167476,0.167476,23.4079
synthetic/images/img004784.jpg,synthetic_val,0,66565,0,65640,0.686784,-0.32193,0.193158,0.622398,27.2501
synthetic/images/img004815.jpg,synthetic_val,3,60376,3,53005,0.472205,-0.372793,0.0745586,0.795292,146.411
synthetic/images/img004848.jpg,synthetic_val,0,71074,0,70077,0.935129,0.204559,0.204559,0.204559,39.7305
synthetic/images/img005045.jpg,synthetic_val,0,16421,0,16441,0.899004,0.0842816,-0.421408,-0.0842816,18.4951
synthetic/images/img005049.jpg,synthetic_val,1,26504,1,24357,-0.43676,0.822136,0.282609,-0.231226,22.5162
synthetic/images/img005080.jpg,synthetic_val,3,47333,3,74014,0.133109,0.0266217,0.505813,0.851896,20.6239
synthetic/images/img005103.jpg,synthetic_val,0,07662,0,07601,0.890609,-0.36181,-0.194821,-0.194821,24.2986
synthetic/images/img005113.jpg,synthetic_val,2,04075,1,37162,0.521399,0.667391,0.479687,-0.229416,146.822
synthetic/images/img005155.jpg,synthetic_val,1,70151,1,16773,0.422745,0.901856,-0.028183,-0.084549,25.3123
synthetic/images/img005184.jpg,synthetic_val,3,61260,3,07407,-0.349064,-0.349064,-0.134255,0.859235,88.7166
synthetic/images/img005334.jpg,synthetic_val,1,34526,1,34166,0.2561,0.910577,0.199189,-0.2561,14.4599
synthetic/images/img005335.jpg,synthetic_val,3,40305,3,40314,-0.433275,-0.524491,0.0684119,0.729727,4.09683
synthetic/images/img005381.jpg,synthetic_val,1,67527,1,67151,-0.0238705,0.763856,0.405798,0.50128,19.4066
synthetic/images/img005452.jpg,synthetic_val,3,74113,3,70754,0.33577,0.232456,0.387427,0.826512,17.9213
synthetic/images/img005483.jpg,synthetic_val,2,74304,2,47320,-0.189051,-0.0810219,0.864234,0.459124,58.0374
synthetic/images/img005528.jpg,synthetic_val,3,21575,3,25133,-0.0277457,0.19422,-0.416185,0.887862,6.77415
synthetic/images/img005529.jpg,synthetic_val,0,50423,0,50602,0.813589,0.0254246,-0.533917,0.228822,10.2494
synthetic/images/img005542.jpg,synthetic_val,1,34066,1,34016,0.142741,0.91354,0.0856444,-0.371126,19.5775
synthetic/images/img005617.jpg,synthetic_val,0,36017,0,32456,0.776342,0.121303,0.460953,-0.412432,10.3535
synthetic/images/img005646.jpg,synthetic_val,0,02067,0,02446,0.647423,-0.627191,-0.263016,-0.343944,21.043
synthetic/images/img005668.jpg,synthetic_val,3,05226,3,02752,-0.451486,-0.118812,-0.451486,0.760398,36.7706
synthetic/images/img005800.jpg,synthetic_val,2,13466,2,16300,0.24236,-0.188502,0.861723,-0.403933,22.8305
synthetic/images/img005805.jpg,synthetic_val,3,43457,3,43741,-0.140469,-0.196657,0.36522,0.899004,21.5292
synthetic/images/img005828.jpg,synthetic_val,2,56231,2,56212,0.135432,-0.135432,0.866766,0.46047,8.90775
synthetic/images/img005871.jpg,synthetic_val,0,16017,0,16324,0.893381,0.251263,-0.0837545,-0.362936,31.8463
synthetic/images/img005967.jpg,synthetic_val,2,07515,1,34671,0.197911,0.904735,0.367549,-0.0848189,173.701
synthetic/images/img006003.jpg,synthetic_val,1,36740,1,36706,0.208739,0.742182,0.626216,-0.115966,7.39879
synthetic/images/img006099.jpg,synthetic_val,3,43741,3,43763,-0.143208,-0.0286417,0.372342,0.916533,17.6464
synthetic/images/img006184.jpg,synthetic_val,2,57253,3,54732,0.283212,-0.370354,0.544638,0.697136,49.731
synthetic/images/img006210.jpg,synthetic_val,1,12105,0,11052,0.580859,0.381189,-0.526403,-0.4901,59.3166
synthetic/images/img006221.jpg,synthetic_val,1,75652,1,75077,0.498237,0.6932,0.151637,0.498237,14.4613
synthetic/images/img006421.jpg,synthetic_val,1,43345,1,43341,-0.149204,0.954905,-0.208885,0.149204,4.87038
synthetic/images/img006587.jpg,synthetic_val,3,30024,2,21103,-0.111276,0.0667657,0.712167,-0.689912,23.3395
synthetic/images/img006641.jpg,synthetic_val,3,40701,3,40314,-0.433275,-0.524491,0.0684119,0.729727,17.1447
synthetic/images/img006682.jpg,synthetic_val,2,05567,2,05573,-0.0245514,-0.613786,0.785646,-0.0736543,10.3358
synthetic/images/img006689.jpg,synthetic_val,1,34602,1,25733,-0.0277457,0.887862,0.416185,-0.19422,11.3434
synthetic/images/img006716.jpg,synthetic_val,3,64130,3,60745,-0.499011,0.213862,0.356436,0.760398,12.9606
synthetic/images/img006781.jpg,synthetic_val,1,71647,1,74170,0.319169,0.785646,0.122757,0.51558,28.8698
synthetic/images/img006795.jpg,synthetic_val,3,35141,3,17336,0.642859,-0.0221676,-0.288178,0.709362,5.46289
synthetic/images/img006865.jpg,synthetic_val,0,05553,3,14701,0.265003,-0.554096,-0.168638,0.770916,147.593
synthetic/images/img006877.jpg,synthetic_val,3,44123,3,44046,-0.535199,-0.50067,0.397083,0.552464,16.7929
synthetic/images/img006926.jpg,synthetic_val,0,52222,0,07774,0.99085,-0.0928922,-0.0928922,-0.0309641,14.2026
synthetic/images/img006943.jpg,synthetic_val,2,25723,2,25370,-0.0824786,0.357407,0.879772,-0.302422,14.1785
synthetic/images/img006945.jpg,synthetic_val,0,74110,0,71077,0.787547,0.566049,0.172276,0.172276,40.8742
synthetic/images/img006959.jpg,synthetic_val,1,73421,1,73423,0.425385,0.716438,0.51494,0.201498,5.05016
synthetic/images/img007056.jpg,synthetic_val,2,61312,2,61350,-0.0888913,0.266674,0.948174,0.148152,15.9462
synthetic/images/img007093.jpg,synthetic_val,0,20554,0,24015,0.750298,-0.58617,0.0234468,-0.304808,20.6547
synthetic/images/img007102.jpg,synthetic_val,2,42062,2,42040,-0.655727,-0.317287,0.676879,0.105762,16.0604
synthetic/images/img007118.jpg,synthetic_val,1,17564,1,53034,0.525822,0.801253,-0.275431,0.0751175,11.8158
synthetic/images/img007134.jpg,synthetic_val,1,14112,1,14311,0.335159,0.715006,-0.51391,-0.335159,15.4778
synthetic/images/img007190.jpg,synthetic_val,3,63511,3,63175,-0.0256917,0.539527,0.179842,0.822136,14.8973
synthetic/images/img007200.jpg,synthetic_val,1,62004,0,60263,0.695817,-0.630584,0.326164,0.108721,83.5877
synthetic/images/img007226.jpg,synthetic_val,1,70561,1,70535,0.40161,0.856767,0.13387,0.294514,13.7709
synthetic/images/img007259.jpg,synthetic_val,1,03633,1,03327,-0.114981,0.735875,-0.0229961,-0.666887,18.3558
synthetic/images/img007277.jpg,synthetic_val,1,20070,3,10747,0.254034,-0.484974,-0.392598,0.739008,55.3137
synthetic/images/img007304.jpg,synthetic_val,1,67607,2,64305,-0.480888,0.206095,0.732782,0.435089,61.0949
synthetic/images/img007368.jpg,synthetic_val,0,15601,0,15566,0.670902,0.524142,-0.524142,-0.0209657,19.225
synthetic/images/img007375.jpg,synthetic_val,3,60355,3,61632,-0.288775,0.393784,0.23627,0.840072,24.2047
synthetic/images/img007457.jpg,synthetic_val,1,24716,1,42330,-0.508706,0.856767,-0.0803219,0.026774,44.9253
synthetic/images/img007647.jpg,synthetic_val,1,40131,1,40177,-0.381373,0.717879,-0.560843,0.157036,14.9043
synthetic/images/img007698.jpg,synthetic_val,3,51607,3,62342,-0.478855,0.562134,0.104099,0.666233,176.483
synthetic/images/img007753.jpg,synthetic_val,1,06367,1,06663,-0.669726,0.739008,-0.023094,-0.069282,22.0748
synthetic/images/img007805.jpg,synthetic_val,3,50362,3,52431,0.196039,-0.308062,0.25205,0.896179,25.0262
synthetic/images/img007914.jpg,synthetic_val,0,23163,0,23231,0.593509,-0.166924,0.537868,-0.574962,12.7794
synthetic/images/img007917.jpg,synthetic_val,3,43063,3,42315,-0.459124,-0.189051,0.0810219,0.864234,14.3319
synthetic/images/img007921.jpg,synthetic_val,1,76027,1,76413,0.154266,0.705215,0.418722,0.55095,21.5681
synthetic/images/img007928.jpg,synthetic_val,0,11115,3,44427,-0.511137,-0.440636,0.475886,0.564013,12.152
synthetic/images/img007932.jpg,synthetic_val,3,05105,1,30526,0.225352,0.801253,0.175274,-0.525822,28.9206
synthetic/images/img007937.jpg,synthetic_val,3,21733,3,30276,0.114738,0.344214,-0.57369,0.734324,14.644
synthetic/images/img007966.jpg,synthetic_val,1,43050,1,43106,-0.197911,0.904735,-0.367549,0.0848189,11.6166
synthetic/images/img007975.jpg,synthetic_val,0,73476,0,72157,0.785646,0.368271,0.466477,0.17186,22.1772
synthetic/images/img008000.jpg,synthetic_val,1,03651,1,03437,-0.223125,0.793334,-0.223125,-0.520626,7.82561
synthetic/images/img008053.jpg,synthetic_val,3,53223,3,53203,0.505813,-0.133109,0.0266217,0.851896,11.4296
synthetic/images/img008078.jpg,synthetic_val,2,42321,2,42205,-0.661315,-0.159628,0.729727,0.0684119,21.8065
synthetic/images/img008083.jpg,synthetic_val,1,74277,1,74253,0.173117,0.791391,0.272041,0.51935,9.96888
synthetic/images/img008181.jpg,synthetic_val,0,44545,0,44502,0.582396,-0.418597,-0.527796,0.454997,13.1289
synthetic/images/img008191.jpg,synthetic_val,2,72471,2,72412,0.129488,0.492056,0.828726,0.233079,14.4112
synthetic/images/img008253.jpg,synthetic_val,1,20437,0,46220,0.669726,-0.648797,-0.0627868,0.355792,21.2595
synthetic/images/img008398.jpg,synthetic_val,2,15315,2,17121,0.589329,-0.240097,0.698464,-0.327405,26.4435
synthetic/images/img008493.jpg,synthetic_val,0,65574,0,65541,0.735875,-0.114981,0.0229961,0.666887,11.9505
synthetic/images/img008515.jpg,synthetic_val,0,01263,0,03041,0.690612,-0.280561,-0.323724,-0.582704,4.49936
synthetic/images/img008562.jpg,synthetic_val,1,45005,2,40355,-0.390934,-0.52891,0.735875,0.160973,103.022
synthetic/images/img008609.jpg,synthetic_val,3,03405,3,03054,-0.246276,-0.33583,-0.559717,0.716438,8.49608
synthetic/images/img008715.jpg,synthetic_val,3,64036,3,60467,-0.627036,0.151354,0.324329,0.691902,10.8146
synthetic/images/img008747.jpg,synthetic_val,1,61574,1,65102,-0.189051,0.864234,0.0810219,0.459124,13.4194
synthetic/images/img008812.jpg,synthetic_val,1,06347,1,06711,-0.45257,0.851896,-0.186352,-0.186352,12.259
synthetic/images/img008856.jpg,synthetic_val,2,63174,2,63530,-0.0760775,0.532542,0.811493,0.228232,4.30222
synthetic/images/img008863.jpg,synthetic_val,0,75464,0,74177,0.748653,0.350931,0.163768,0.538095,16.2949
synthetic/images/img008866.jpg,synthetic_val,2,07551,2,07551,-0.028183,-0.422745,0.901856,-0.084549,1.93132
synthetic/images/img008868.jpg,synthetic_val,2,47124,2,47121,-0.130901,-0.287982,0.837765,0.445063,7.47534
synthetic/images/img008947.jpg,synthetic_val,3,60163,3,60163,-0.535303,0.178434,0.127453,0.8157,2.32033
synthetic/images/img008965.jpg,synthetic_val,0,56410,0,30641,0.833209,0.0781133,0.23434,-0.494718,149.614
synthetic/images/img008968.jpg,synthetic_val,3,60055,3,60075,-0.602279,0.120456,0.168638,0.770916,12.2996
synthetic/images/img008999.jpg,synthetic_val,0,70053,0,70072,0.954905,0.149204,0.208885,0.149204,15.8597
synthetic/images/img009018.jpg,synthetic_val,1,63131,1,27574,-0.0781133,0.833209,0.546793,-0.0260378,8.83555
synthetic/images/img009103.jpg,synthetic_val,0,04336,0,06116,0.770916,-0.457732,-0.313185,-0.313185,10.0357
synthetic/images/img009175.jpg,synthetic_val,3,70172,3,71064,0.456468,0.134255,0.187958,0.859235,14.5563
synthetic/images/img009184.jpg,synthetic_val,1,46770,3,27607,-0.294619,0.6119,-0.113315,0.725215,19.2977
synthetic/images/img009259.jpg,synthetic_val,1,63606,1,62770,-0.388241,0.653879,0.592578,0.265638,10.9493
synthetic/images/img009270.jpg,synthetic_val,3,34252,3,34160,0.254457,0.141365,-0.311003,0.904735,22.7105
synthetic/images/img009280.jpg,synthetic_val,3,53536,0,65540,0.73125,-0.159961,0.0228515,0.662695,27.1672
synthetic/images/img009318.jpg,synthetic_val,2,45224,2,45224,-0.337869,-0.427967,0.720787,0.427967,2.57469
synthetic/images/img009384.jpg,synthetic_val,1,54703,1,55056,0.394405,0.600999,-0.544655,0.431968,26.2999
synthetic/images/img009414.jpg,synthetic_val,3,24153,3,24531,-0.456468,0.134255,-0.187958,0.859235,15.3051
synthetic/images/img009443.jpg,synthetic_val,0,54316,0,55047,0.609662,0.361987,-0.552506,0.438195,18.3709
synthetic/images/img009640.jpg,synthetic_val,3,17026,3,13644,0.418384,-0.172276,-0.418384,0.787547,12.6551
synthetic/images/img009666.jpg,synthetic_val,1,35055,1,35077,0.560642,0.780024,0.17063,-0.219382,17.7055
synthetic/images/img009693.jpg,synthetic_val,0,73150,1,75133,0.643187,0.663935,0.145236,0.352715,37.4256
synthetic/images/img009720.jpg,synthetic_val,2,13415,2,13410,0.445801,-0.318429,0.679315,-0.488258,8.669
synthetic/images/img009801.jpg,synthetic_val,2,73033,2,73061,0.441622,0.488108,0.743784,0.116216,14.1955
synthetic/images/img009880.jpg,synthetic_val,1,15775,1,51332,0.624704,0.689329,-0.366206,0.0215415,8.42564
synthetic/images/img009887.jpg,synthetic_val,2,45507,1,45056,-0.219343,0.638089,-0.578268,0.458626,127.3
synthetic/images/img009916.jpg,synthetic_val,3,07357,3,07711,-0.0298408,-0.208885,-0.208885,0.954905,10.5765
synthetic/images/img009933.jpg,synthetic_val,0,13450,0,13414,0.6932,0.454912,-0.324937,-0.454912,5.22922
synthetic/images/img009943.jpg,synthetic_val,0,63331,3,15407,0.400466,-0.611238,-0.105386,0.674469,148.863
synthetic/images/img010030.jpg,synthetic_val,2,06433,2,06007,-0.617861,-0.276972,0.681778,-0.276972,15.5532
synthetic/images/img010063.jpg,synthetic_val,3,24700,3,24521,-0.535303,0.127453,-0.178434,0.8157,13.4083
synthetic/images/img010079.jpg,synthetic_val,2,70124,2,70074,0.149204,0.149204,0.954905,0.208885,20.7843
synthetic/images/img010088.jpg,synthetic_val,2,41463,2,41604,-0.344214,-0.527795,0.734324,0.252424,4.56286
synthetic/images/img010124.jpg,synthetic_val,3,52104,3,52107,0.302422,-0.357407,0.0824786,0.879772,7.72272
synthetic/images/img010133.jpg,synthetic_val,2,43434,2,43423,-0.353162,-0.244497,0.869321,0.244497,6.60801
synthetic/images/img010151.jpg,synthetic_val,2,30273,2,30520,0.220963,0.122757,0.785646,-0.564683,28.4658
synthetic/images/img010177.jpg,synthetic_val,1,37471,1,37413,0.51912,0.722254,0.428838,-0.157993,10.1305
synthetic/images/img010220.jpg,synthetic_val,0,55012,0,55167,0.593509,0.500773,-0.463679,0.426585,21.3638
synthetic/images/img010238.jpg,synthetic_val,2,12623,2,12623,0.0758825,-0.0252942,0.809414,-0.581766,3.43027
synthetic/images/img010321.jpg,synthetic_val,0,74725,0,76413,0.705215,0.154266,0.418722,0.55095,19.7207
synthetic/images/img010413.jpg,synthetic_val,2,67233,2,63566,-0.163768,0.538095,0.748653,0.350931,15.3548
synthetic/images/img010451.jpg,synthetic_val,2,41625,2,41271,-0.233079,-0.492056,0.828726,0.129488,18.0311
synthetic/images/img010453.jpg,synthetic_val,1,47655,1,47655,-0.195698,0.695817,-0.15221,0.674072,2.30709
synthetic/images/img010478.jpg,synthetic_val,1,05530,1,05516,-0.0688428,0.734324,-0.665481,-0.114738,5.28426
synthetic/images/img010504.jpg,synthetic_val,0,05705,0,50600,0.791391,0.024731,-0.568812,0.222579,44.5024
synthetic/images/img010547.jpg,synthetic_val,3,57502,3,57411,0.469192,-0.305995,0.509992,0.652789,7.14899
synthetic/images/img010583.jpg,synthetic_val,3,50604,3,05773,-0.0274929,-0.467379,-0.0824786,0.879772,42.3365
synthetic/images/img010589.jpg,synthetic_val,2,56350,2,54263,0.0714488,-0.404877,0.762121,0.500142,37.8618
synthetic/images/img010628.jpg,synthetic_val,1,26746,1,26526,-0.501067,0.697136,0.501067,-0.108928,14.9837
synthetic/images/img010644.jpg,synthetic_val,0,01216,0,01346,0.691902,-0.151354,-0.454061,-0.540548,9.78614
synthetic/images/img010697.jpg,synthetic_val,0,47626,0,47650,0.709362,-0.243843,-0.155173,0.642859,17.752
synthetic/images/img010700.jpg,synthetic_val,1,63160,2,05576,-0.0736543,-0.613786,0.785646,-0.0245514,172.821
synthetic/images/img010701.jpg,synthetic_val,2,67235,1,67036,-0.243843,0.709362,0.509854,0.421184,20.9274
synthetic/images/img010723.jpg,synthetic_val,2,74242,2,76005,0.0731272,0.414388,0.780024,0.463139,19.8018
synthetic/images/img010791.jpg,synthetic_val,1,63535,1,72424,0.0251022,0.80327,0.527146,0.276124,5.09158
synthetic/images/img010813.jpg,synthetic_val,2,12763,2,21705,-0.126148,0.227067,0.80735,-0.529823,57.9894
synthetic/images/img010897.jpg,synthetic_val,0,21057,0,21125,0.73125,-0.114258,0.114258,-0.662695,14.6576
synthetic/images/img010934.jpg,synthetic_val,2,63444,2,62747,-0.426974,0.548966,0.650627,0.304981,23.0668
synthetic/images/img010974.jpg,synthetic_val,3,57527,3,57401,0.401897,-0.317287,0.528812,0.676879,24.194
synthetic/images/img011010.jpg,synthetic_val,3,07476,3,07744,-0.208885,-0.208885,-0.0298408,0.954905,11.8325
synthetic/images/img011172.jpg,synthetic_val,1,56765,0,36671,0.729727,0.159628,0.661315,-0.0684119,156.515
synthetic/images/img011177.jpg,synthetic_val,0,37124,0,37104,0.697136,0.544638,0.370354,-0.283212,8.73042
synthetic/images/img011247.jpg,synthetic_val,2,52225,2,43373,-0.030846,-0.030846,0.987072,0.15423,14.5434
synthetic/images/img011311.jpg,synthetic_val,1,50235,1,50263,0.0817405,0.871899,-0.463196,0.136234,13.8381
synthetic/images/img011323.jpg,synthetic_val,2,12574,2,24113,-0.432219,0.0762739,0.813589,-0.38137,97.6636
synthetic/images/img011339.jpg,synthetic_val,0,61125,0,61124,0.961781,-0.21039,0.150278,0.090167,8.31642
synthetic/images/img011342.jpg,synthetic_val,3,13767,3,40333,-0.424602,-0.424602,0.0249766,0.799251,145.379
synthetic/images/img011364.jpg,synthetic_val,2,40050,1,15274,0.480888,0.732782,-0.435089,-0.206095,28.6107
synthetic/images/img011368.jpg,synthetic_val,2,07540,2,36441,0.0822304,0.465972,0.877124,-0.0822304,112.495
synthetic/images/img011395.jpg,synthetic_val,2,61733,2,61720,-0.19245,0.357407,0.879772,0.247436,20.2016
synthetic/images/img011490.jpg,synthetic_val,2,34564,2,34453,0.211927,0.0908257,0.968808,-0.0908257,8.71774
synthetic/images/img011513.jpg,synthetic_val,3,26561,3,26443,-0.613422,0.401897,-0.0634574,0.676879,19.838
synthetic/images/img011565.jpg,synthetic_val,2,56343,2,54262,0.0238705,-0.405798,0.763856,0.50128,40.5475
synthetic/images/img011611.jpg,synthetic_val,0,23675,0,27007,0.770916,-0.313185,0.457732,-0.313185,24.4747
synthetic/images/img011612.jpg,synthetic_val,3,57721,3,57246,0.393438,-0.115717,0.532299,0.74059,20.5097
synthetic/images/img011614.jpg,synthetic_val,1,41713,1,41713,-0.0254246,0.813589,-0.533917,0.228822,3.38785
synthetic/images/img011683.jpg,synthetic_val,1,05774,1,41334,-0.0800926,0.854321,-0.507253,0.0800926,12.8023
synthetic/images/img011853.jpg,synthetic_val,3,12777,3,25014,-0.30334,0.0275764,-0.358493,0.882444,83.2912
synthetic/images/img011894.jpg,synthetic_val,3,77735,0,77567,0.561923,0.474122,0.403882,0.544363,7.13151
synthetic/images/img011957.jpg,synthetic_val,3,24136,3,20574,-0.460953,0.121303,-0.412432,0.776342,12.7547
synthetic/images/img011966.jpg,synthetic_val,0,51015,2,06146,-0.541664,-0.306158,0.753619,-0.211955,32.1718
synthetic/images/img011990.jpg,synthetic_val,0,16430,0,16424,0.935129,0.0292228,-0.321451,-0.146114,14.1165
synthetic/images/img012043.jpg,synthetic_val,2,60752,2,60556,-0.472205,0.0745586,0.795292,0.372793,22.0935
synthetic/images/img012076.jpg,synthetic_val,0,17326,0,35041,0.824315,0.489437,0.0257599,-0.283358,15.2858
synthetic/images/img012085.jpg,synthetic_val,1,34225,1,34225,0.0810219,0.864234,0.351095,-0.351095,3.48818
synthetic/images/img012124.jpg,synthetic_val,3,31052,3,13423,0.425385,-0.201498,-0.51494,0.716438,30.2525
synthetic/images/img012300.jpg,synthetic_val,1,27034,1,23434,-0.244324,0.71076,0.466436,-0.466436,22.0852
synthetic/images/img012407.jpg,synthetic_val,1,06465,1,60003,-0.669726,0.739008,0.069282,0.023094,38.3605
synthetic/images/img012415.jpg,synthetic_val,0,03631,0,03366,0.776342,-0.169825,-0.0242607,-0.606517,8.39652
synthetic/images/img012425.jpg,synthetic_val,1,17647,1,17656,0.543852,0.828726,-0.129488,-0.0258977,5.18399
synthetic/images/img012434.jpg,synthetic_val,3,42500,3,40367,-0.494563,-0.40036,0.164854,0.753619,8.75202
synthetic/images/img012461.jpg,synthetic_val,3,76462,2,74760,0.195698,0.282675,0.695817,0.630584,32.3548
synthetic/images/img012476.jpg,synthetic_val,0,70423,0,70461,0.91354,0.0856444,0.142741,0.371126,10.9207
synthetic/images/img012509.jpg,synthetic_val,1,31527,1,31566,0.560843,0.717879,0.157036,-0.381373,7.79016
synthetic/images/img012532.jpg,synthetic_val,3,76157,3,75036,0.484974,0.161658,0.438786,0.739008,33.3843
synthetic/images/img012620.jpg,synthetic_val,3,04267,0,32203,0.613234,0.0574907,0.517416,-0.59407,55.1016
synthetic/images/img012662.jpg,synthetic_val,2,67121,2,63565,-0.120736,0.507093,0.772712,0.362209,4.54234
synthetic/images/img012670.jpg,synthetic_val,1,43613,1,43720,-0.205262,0.93834,-0.0879694,0.263908,5.96107
synthetic/images/img012676.jpg,synthetic_val,3,03410,3,03562,-0.179842,-0.231226,-0.488143,0.822136,18.6262
synthetic/images/img012733.jpg,synthetic_val,0,32406,0,32442,0.765603,0.0239251,0.454577,-0.454577,4.21911
synthetic/images/img012758.jpg,synthetic_val,0,40710,2,26564,-0.51494,0.470162,0.716438,-0.0223887,38.2263
synthetic/images/img012817.jpg,synthetic_val,2,11424,2,40545,-0.407863,-0.602084,0.621506,0.291331,123.289
synthetic/images/img012842.jpg,synthetic_val,3,24543,3,24574,-0.505813,0.133109,-0.0266217,0.851896,10.6283
synthetic/images/img012919.jpg,synthetic_val,0,23237,0,45007,0.653879,-0.265638,-0.592578,0.388241,168.818
synthetic/images/img012954.jpg,synthetic_val,1,62331,2,27624,-0.326164,0.630584,0.695817,-0.108721,17.3801
synthetic/images/img013020.jpg,synthetic_val,3,56063,3,56434,0.114738,-0.252424,0.619586,0.734324,13.1859
synthetic/images/img013044.jpg,synthetic_val,2,20201,0,23602,0.639106,-0.299581,0.539246,-0.459357,157.68
synthetic/images/img013062.jpg,synthetic_val,3,36630,2,05703,-0.127453,-0.535303,0.8157,-0.178434,100.001
synthetic/images/img013143.jpg,synthetic_val,3,42172,3,42355,-0.45257,-0.186352,0.186352,0.851896,10.7088
synthetic/images/img013152.jpg,synthetic_val,1,74551,1,74703,0.252957,0.735875,0.252957,0.574903,28.6399
synthetic/images/img013197.jpg,synthetic_val,3,50725,3,53400,0.422499,-0.372793,0.223676,0.795292,21.7324
synthetic/images/img013218.jpg,synthetic_val,2,14753,2,14551,0.318429,-0.658087,0.679315,-0.0636858,22.5601
synthetic/images/img013315.jpg,synthetic_val,3,43126,3,43075,-0.25205,-0.308062,0.196039,0.896179,11.6449
synthetic/images/img013407.jpg,synthetic_val,2,30144,2,21212,-0.233095,0.233095,0.678094,-0.656904,60.5858
synthetic/images/img013470.jpg,synthetic_val,1,43710,1,52246,0.0301648,0.965275,-0.150824,0.211154,15.406
synthetic/images/img013476.jpg,synthetic_val,0,43160,0,25607,0.8745,-0.355266,0.300609,-0.136641,82.3152
synthetic/images/img013486.jpg,synthetic_val,0,62612,1,02500,-0.478855,0.666233,-0.312297,-0.478855,50.6696
synthetic/images/img013503.jpg,synthetic_val,3,63101,3,63305,-0.121879,0.609394,0.0731272,0.780024,22.4451
synthetic/images/img013515.jpg,synthetic_val,0,31041,0,73047,0.755297,0.448458,0.448458,0.165221,101.475
synthetic/images/img013572.jpg,synthetic_val,2,47376,2,47717,-0.0237089,-0.118545,0.758686,0.640141,13.7591
synthetic/images/img013589.jpg,synthetic_val,0,50767,0,54330,0.745396,0.302817,-0.442579,0.395992,6.94312
synthetic/images/img013712.jpg,synthetic_val,1,55515,2,00045,-0.493657,-0.527703,0.544725,-0.425567,5.02854
synthetic/images/img013719.jpg,synthetic_val,0,51434,0,51567,0.62721,0.529208,-0.490008,0.294005,15.2325
synthetic/images/img013815.jpg,synthetic_val,3,46167,3,46536,-0.405542,-0.192099,0.576297,0.683019,12.4656
synthetic/images/img013823.jpg,synthetic_val,3,71607,3,71267,0.466477,0.368271,0.17186,0.785646,16.196
synthetic/images/img013853.jpg,synthetic_val,2,04136,2,37042,0.401252,0.448458,0.755297,-0.259633,157.189
synthetic/images/img013871.jpg,synthetic_val,0,47136,0,47350,0.819974,-0.0768726,-0.179369,0.538108,9.49198
synthetic/images/img013907.jpg,synthetic_val,3,52670,3,52613,0.203864,-0.145617,0.262111,0.931951,18.1139
synthetic/images/img013966.jpg,synthetic_val,2,66607,2,66707,-0.388423,0.499401,0.591883,0.499401,15.7969
synthetic/images/img013984.jpg,synthetic_val,0,42757,0,46122,0.729727,-0.524491,-0.205236,0.387667,16.4332
synthetic/images/img014020.jpg,synthetic_val,1,71716,1,71534,0.646684,0.713582,0.111497,0.245294,14.9113
synthetic/images/img014052.jpg,synthetic_val,0,46540,3,42621,-0.65588,-0.0678497,0.203549,0.72373,175.153
synthetic/images/img014089.jpg,synthetic_val,1,50161,1,50165,0.250844,0.729727,-0.615707,0.159628,7.14997
synthetic/images/img014092.jpg,synthetic_val,3,21620,3,21064,-0.344214,0.114738,-0.57369,0.734324,22.8298
synthetic/images/img014104.jpg,synthetic_val,2,40267,2,42043,-0.639101,-0.286494,0.705215,0.11019,8.94663
synthetic/images/img014162.jpg,synthetic_val,0,71751,0,71533,0.695817,0.674072,0.15221,0.195698,10.0391
synthetic/images/img014177.jpg,synthetic_val,3,30677,3,34342,0.245222,0.299715,-0.299715,0.871899,20.0615
synthetic/images/img014238.jpg,synthetic_val,1,44112,1,44145,-0.386314,0.588669,-0.570273,0.423106,9.87165
synthetic/images/img014248.jpg,synthetic_val,2,61523,2,61530,-0.0888913,0.148152,0.948174,0.266674,7.54865
synthetic/images/img014260.jpg,synthetic_val,2,25544,2,25455,-0.270501,0.0300557,0.961781,-0.0300557,5.42087
synthetic/images/img014276.jpg,synthetic_val,2,07107,2,03544,-0.175715,-0.376533,0.80327,-0.426737,12.6575
synthetic/images/img014339.jpg,synthetic_val,3,46454,2,47442,-0.315597,-0.273518,0.673274,0.610155,25.3617
synthetic/images/img014368.jpg,synthetic_val,3,36133,3,53010,0.510678,-0.36477,0.024318,0.778177,117.228
synthetic/images/img014379.jpg,synthetic_val,1,35676,1,73001,0.464244,0.781884,0.415376,0.0244339,6.02923
synthetic/images/img014435.jpg,synthetic_val,3,35560,3,35741,0.628928,0.209643,-0.0698809,0.745396,9.50846
synthetic/images/img014462.jpg,synthetic_val,3,10212,3,21336,-0.065481,0.327405,-0.632983,0.698464,89.8147
synthetic/images/img014567.jpg,synthetic_val,0,60337,0,60704,0.763856,-0.549021,0.214834,0.262575,32.4811
synthetic/images/img014596.jpg,synthetic_val,2,07171,2,07315,-0.0283638,-0.198547,0.907642,-0.368729,11.5982
synthetic/images/img014635.jpg,synthetic_val,1,47764,1,65727,-0.11172,0.715006,0.335159,0.603286,48.2933
synthetic/images/img014660.jpg,synthetic_val,0,34472,0,70147,0.922608,0.317146,0.0864945,0.20182,37.9336
synthetic/images/img014742.jpg,synthetic_val,1,51633,1,51275,0.51912,0.722254,-0.428838,0.157993,6.77335
synthetic/images/img014764.jpg,synthetic_val,0,42043,1,42264,-0.685847,0.707972,-0.0663723,0.154869,49.9043
synthetic/images/img014900.jpg,synthetic_val,1,50345,1,50701,0.262575,0.763856,-0.549021,0.214834,3.62448
synthetic/images/img014918.jpg,synthetic_val,1,14061,1,14010,0.105762,0.676879,-0.655727,-0.317287,11.8206
synthetic/images/img014964.jpg,synthetic_val,3,17356,3,17615,0.570209,-0.173542,-0.123958,0.793334,16.0794
synthetic/images/img014971.jpg,synthetic_val,0,61517,0,52601,0.93834,0.0879694,-0.205262,0.263908,36.214
synthetic/images/img014977.jpg,synthetic_val,0,52355,0,52176,0.879772,0.357407,-0.247436,0.19245,11.0311
synthetic/images/img014979.jpg,synthetic_val,2,36472,1,36614,0.121303,0.776342,0.606517,-0.121303,32.3487
synthetic/images/img015000.jpg,synthetic_val,2,25563,2,25536,-0.090167,0.21039,0.961781,-0.150278,9.31016
synthetic/images/img015038.jpg,synthetic_val,3,52112,3,52134,0.357407,-0.302422,0.0824786,0.879772,9.98961
synthetic/images/img015041.jpg,synthetic_val,1,12606,1,21527,-0.127453,0.8157,0.178434,-0.535303,39.1076
synthetic/images/img015061.jpg,synthetic_val,0,52176,0,52176,0.879772,0.357407,-0.247436,0.19245,2.39173
synthetic/images/img015080.jpg,synthetic_val,2,57250,3,54343,0.244324,-0.466436,0.466436,0.71076,58.0282
synthetic/images/img015096.jpg,synthetic_val,3,45772,2,56611,0.167476,-0.167476,0.765603,0.598127,38.4464
synthetic/images/img015163.jpg,synthetic_val,0,52665,0,56271,0.819974,0.179369,-0.0768726,0.538108,16.2948
synthetic/images/img015229.jpg,synthetic_val,2,24563,2,24525,-0.539527,0.128459,0.822136,-0.128459,4.73911
synthetic/images/img015299.jpg,synthetic_val,3,75227,3,74125,0.281129,0.127786,0.485586,0.817829,29.9432
synthetic/images/img015322.jpg,synthetic_val,0,65005,0,65214,0.80327,-0.276124,0.22592,0.476942,26.2209
synthetic/images/img015382.jpg,synthetic_val,2,10230,2,21370,-0.06827,0.295837,0.728214,-0.61443,82.2524
synthetic/images/img015482.jpg,synthetic_val,0,50454,0,50614,0.776342,0.121303,-0.557996,0.266868,16.0202
synthetic/images/img015599.jpg,synthetic_val,0,24176,0,24552,0.854321,-0.507253,0.0800926,-0.0800926,23.4944
synthetic/images/img015688.jpg,synthetic_val,1,52125,1,52161,0.306147,0.890609,-0.306147,0.139158,9.15862
synthetic/images/img015793.jpg,synthetic_val,3,74375,3,74511,0.34641,0.023094,0.57735,0.739008,31.9281
synthetic/images/img015833.jpg,synthetic_val,2,63743,2,63536,-0.0731272,0.560642,0.780024,0.268133,8.59826
synthetic/images/img015875.jpg,synthetic_val,1,46110,2,42521,-0.514341,-0.269417,0.783758,0.220432,164.583
synthetic/images/img015910.jpg,synthetic_val,0,16372,0,16374,0.893381,0.362936,-0.0837545,-0.251263,9.23425
synthetic/images/img015926.jpg,synthetic_val,3,36437,3,36407,0.0796398,0.504385,-0.132733,0.849491,15.5752
synthetic/images/img015985.jpg,synthetic_val,1,71726,1,71355,0.674072,0.695817,0.195698,0.15221,21.6066
synthetic/images/img016003.jpg,synthetic_val,2,60712,2,60316,-0.488143,0.282609,0.822136,0.0770752,16.9561
synthetic/images/img016016.jpg,synthetic_val,1,71430,1,71134,0.665481,0.734324,0.114738,0.0688428,24.1439
synthetic/images/img016029.jpg,synthetic_val,1,36426,1,36422,0.0249766,0.799251,0.574462,-0.174836,4.61915
synthetic/images/img016040.jpg,synthetic_val,3,37006,3,35227,0.45047,0.355634,-0.308216,0.758686,9.19773
synthetic/images/img016063.jpg,synthetic_val,2,52755,2,57060,0.392598,-0.254034,0.739008,0.484974,19.0559
synthetic/images/img016081.jpg,synthetic_val,0,14273,0,16033,0.861723,0.188502,-0.24236,-0.403933,28.4072
synthetic/images/img016252.jpg,synthetic_val,3,56465,3,56464,0.0217855,-0.239641,0.675351,0.697136,6.87486
synthetic/images/img016403.jpg,synthetic_val,2,34344,2,34711,0.403933,0.24236,0.861723,-0.188502,16.661
synthetic/images/img016411.jpg,synthetic_val,3,25006,3,25044,-0.411152,0.0274101,-0.246691,0.877124,13.3561
synthetic/images/img016431.jpg,synthetic_val,3,42631,3,42625,-0.649272,-0.067166,0.246276,0.716438,9.57431
synthetic/images/img016509.jpg,synthetic_val,3,71320,3,71134,0.665481,0.114738,0.0688428,0.734324,22.2799
synthetic/images/img016539.jpg,synthetic_val,2,05242,2,04352,-0.430597,-0.475923,0.725215,-0.249293,10.3994
synthetic/images/img016611.jpg,synthetic_val,1,40710,1,44123,-0.430548,0.656074,-0.512558,0.348539,16.4379
synthetic/images/img016691.jpg,synthetic_val,2,52116,2,52110,0.345106,-0.398199,0.849491,0.0265466,7.13084
synthetic/images/img016749.jpg,synthetic_val,0,30724,0,30664,0.830959,0.0259675,0.337577,-0.441447,24.6105
synthetic/images/img016763.jpg,synthetic_val,2,72136,2,72165,0.272041,0.51935,0.791391,0.173117,12.7769
synthetic/images/img016774.jpg,synthetic_val,1,76021,1,72465,0.0727821,0.776342,0.509475,0.36391,4.83828
synthetic/images/img016778.jpg,synthetic_val,1,71624,1,70773,0.37006,0.789462,0.37006,0.320719,8.02256
synthetic/images/img016831.jpg,synthetic_val,3,35677,3,35603,0.481824,0.278951,-0.177514,0.811493,23.5732
synthetic/images/img016856.jpg,synthetic_val,1,01123,3,50552,0.276972,-0.617861,0.276972,0.681778,32.4834
synthetic/images/img016885.jpg,synthetic_val,3,07411,3,07417,-0.249711,-0.360694,-0.138728,0.887862,8.06766
synthetic/images/img016952.jpg,synthetic_val,3,42246,0,12253,0.748653,0.163768,-0.116977,-0.631676,12.2202
synthetic/images/img016966.jpg,synthetic_val,0,42305,0,42723,0.813589,-0.533917,-0.0254246,0.228822,22.9756
synthetic/images/img017010.jpg,synthetic_val,3,44410,3,44444,-0.495952,-0.495952,0.495952,0.511951,11.5807
synthetic/images/img017049.jpg,synthetic_val,2,60047,2,60744,-0.533443,0.208739,0.742182,0.347898,29.8953
synthetic/images/img017062.jpg,synthetic_val,1,32512,1,32365,0.215273,0.626248,0.567537,-0.489256,18.6504
synthetic/images/img017087.jpg,synthetic_val,1,31204,1,35302,0.559717,0.716438,0.246276,-0.33583,37.4645
synthetic/images/img017294.jpg,synthetic_val,0,02621,0,02460,0.644266,-0.624133,-0.221467,-0.382533,21.7928
synthetic/images/img017298.jpg,synthetic_val,0,61747,0,65210,0.822136,-0.282609,0.231226,0.43676,21.2812
synthetic/images/img017324.jpg,synthetic_val,0,65121,0,61541,0.916533,-0.143208,0.0286417,0.372342,14.9437
synthetic/images/img017371.jpg,synthetic_val,0,25122,0,21475,0.849491,-0.238919,0.132733,-0.451292,12.851
synthetic/images/img017421.jpg,synthetic_val,2,36010,2,05366,-0.184274,-0.447523,0.842397,-0.236924,109.895
synthetic/images/img017432.jpg,synthetic_val,1,52444,1,52440,0.0265466,0.849491,-0.398199,0.345106,3.98031
synthetic/images/img017434.jpg,synthetic_val,0,17211,0,17712,0.72671,0.658581,-0.113548,-0.158968,26.2537
synthetic/images/img017456.jpg,synthetic_val,0,62170,1,60231,-0.58617,0.750298,0.304808,0.0234468,102.623
synthetic/images/img017534.jpg,synthetic_val,2,63475,2,67036,-0.243843,0.509854,0.709362,0.421184,9.65348
synthetic/images/img017688.jpg,synthetic_val,3,56707,3,56653,0.158968,-0.113548,0.658581,0.72671,12.6046
synthetic/images/img017740.jpg,synthetic_val,0,74423,0,74460,0.735875,0.0229961,0.114981,0.666887,12.6448
synthetic/images/img017768.jpg,synthetic_val,0,07245,0,07266,0.877124,-0.411152,-0.0274101,-0.246691,19.1096
synthetic/images/img017772.jpg,synthetic_val,2,21432,2,21256,-0.252957,0.252957,0.735875,-0.574903,8.44096
synthetic/images/img017791.jpg,synthetic_val,1,52507,1,52165,0.30334,0.882444,-0.30334,0.193035,12.0409
synthetic/images/img017812.jpg,synthetic_val,1,71602,1,71423,0.488143,0.822136,0.179842,0.231226,15.5405
synthetic/images/img017844.jpg,synthetic_val,1,74614,1,74437,0.162703,0.743784,0.162703,0.627568,8.04945
synthetic/images/img017859.jpg,synthetic_val,0,77023,0,13434,0.71076,0.466436,-0.244324,-0.466436,133.537
synthetic/images/img017864.jpg,synthetic_val,1,66224,0,00442,0.566838,-0.549124,-0.513697,-0.33656,2.75178
synthetic/images/img017872.jpg,synthetic_val,2,15115,0,26621,0.609662,-0.552506,0.552506,-0.133364,12.4686
synthetic/images/img017892.jpg,synthetic_val,3,12454,3,14362,0.231226,-0.43676,-0.282609,0.822136,22.3855
synthetic/images/img017925.jpg,synthetic_val,3,61320,3,63104,-0.189051,0.459124,0.0810219,0.864234,10.6684
synthetic/images/img017932.jpg,synthetic_val,0,07044,0,07444,0.833209,-0.390567,-0.390567,-0.0260378,23.4811
synthetic/images/img017954.jpg,synthetic_val,2,51623,2,53410,0.499011,-0.356436,0.760398,0.213862,8.23986
synthetic/images/img017988.jpg,synthetic_val,1,15406,1,14716,0.319169,0.785646,-0.51558,-0.122757,18.6268
synthetic/images/img018006.jpg,synthetic_val,0,21661,0,25222,0.776342,-0.36391,0.36391,-0.36391,14.2946
synthetic/images/img018016.jpg,synthetic_val,0,64746,0,65444,0.680543,-0.319005,0.021267,0.659276,26.3882
synthetic/images/img018080.jpg,synthetic_val,1,17624,1,17635,0.57735,0.80327,-0.0753066,-0.125511,15.5539
synthetic/images/img018093.jpg,synthetic_val,0,36745,0,72127,0.780024,0.268133,0.560642,0.0731272,9.70655
synthetic/images/img018111.jpg,synthetic_val,1,61564,1,61477,-0.24236,0.861723,0.188502,0.403933,10.4344
synthetic/images/img018118.jpg,synthetic_val,2,71067,2,71423,0.488143,0.179842,0.822136,0.231226,4.85805
synthetic/images/img018130.jpg,synthetic_val,1,62173,1,62157,-0.409549,0.770916,0.457732,0.168638,8.99238
synthetic/images/img018134.jpg,synthetic_val,1,25506,1,25507,-0.151934,0.972379,0.0911606,-0.151934,8.08789
synthetic/images/img018173.jpg,synthetic_val,1,70616,1,70614,0.141365,0.904735,0.254457,0.311003,4.92723
synthetic/images/img018314.jpg,synthetic_val,1,26347,1,26343,-0.436459,0.665081,0.561162,-0.228622,4.70495
synthetic/images/img018385.jpg,synthetic_val,3,41220,3,41231,-0.234978,-0.496065,0.0261087,0.835478,16.5944
synthetic/images/img018492.jpg,synthetic_val,0,17142,0,17027,0.791391,0.469888,-0.222579,-0.321503,17.9108
synthetic/images/img018494.jpg,synthetic_val,0,74474,0,74550,0.709362,0.288178,0.0221676,0.642859,24.1147
synthetic/images/img018507.jpg,synthetic_val,3,46537,3,47525,-0.114738,-0.252424,0.619586,0.734324,29.73
synthetic/images/img018547.jpg,synthetic_val,0,44204,1,22411,-0.503333,0.644266,0.342266,-0.463066,19.582
synthetic/images/img018629.jpg,synthetic_val,1,44774,3,47227,-0.329669,-0.0253592,0.481824,0.811493,132.235
synthetic/images/img018690.jpg,synthetic_val,2,25743,2,25770,-0.0862083,0.373569,0.919555,-0.0862083,8.5268
synthetic/images/img018700.jpg,synthetic_val,2,23443,2,23441,-0.302817,0.395992,0.745396,-0.442579,4.89352
synthetic/images/img018716.jpg,synthetic_val,2,72573,2,73664,0.348539,0.594567,0.656074,0.307535,9.78432
synthetic/images/img018721.jpg,synthetic_val,1,41632,1,41632,-0.282609,0.822136,-0.43676,0.231226,3.52861
synthetic/images/img018743.jpg,synthetic_val,3,72013,3,70360,0.249711,0.360694,0.138728,0.887862,22.4196
synthetic/images/img018785.jpg,synthetic_val,3,40017,3,40314,-0.433275,-0.524491,0.0684119,0.729727,15.7814
synthetic/images/img018830.jpg,synthetic_val,1,47222,1,47063,-0.313914,0.772712,-0.217325,0.507093,25.9235
synthetic/images/img018845.jpg,synthetic_val,2,41104,2,41165,-0.116977,-0.631676,0.748653,0.163768,14.2279
synthetic/images/img018880.jpg,synthetic_val,3,26733,3,27647,-0.296452,0.615707,-0.022804,0.729727,18.8302
synthetic/images/img018894.jpg,synthetic_val,1,06625,1,60420,-0.67793,0.699798,0.109344,0.196818,43.2994
synthetic/images/img018903.jpg,synthetic_val,2,52424,2,52066,0.0294245,-0.26482,0.941584,0.205971,10.5984
synthetic/images/img018936.jpg,synthetic_val,1,42315,1,43247,-0.36522,0.899004,-0.140469,0.196657,15.7055
synthetic/images/img018946.jpg,synthetic_val,2,73136,2,71213,0.561979,0.268773,0.781884,0.0244339,28.3982
synthetic/images/img018981.jpg,synthetic_val,3,14500,1,14233,0.175715,0.80327,-0.426737,-0.376533,91.314
synthetic/images/img019003.jpg,synthetic_val,1,56124,1,56136,0.321503,0.791391,-0.222579,0.469888,10.4117
synthetic/images/img019020.jpg,synthetic_val,2,60304,2,60304,-0.567426,0.222036,0.789462,0.0740121,2.51514
synthetic/images/img019039.jpg,synthetic_val,1,53164,1,53072,0.529823,0.80735,-0.227067,0.126148,10.522
synthetic/images/img019047.jpg,synthetic_val,3,27150,3,27170,-0.0751175,0.525822,-0.275431,0.801253,8.19192
synthetic/images/img019075.jpg,synthetic_val,0,50204,0,50632,0.849491,0.132733,-0.451292,0.238919,24.7322
synthetic/images/img019235.jpg,synthetic_val,1,21645,1,25200,-0.380387,0.811493,0.228232,-0.380387,10.3907
synthetic/images/img019238.jpg,synthetic_val,3,25204,3,25244,-0.399326,0.239596,-0.239596,0.851896,13.8372
synthetic/images/img019243.jpg,synthetic_val,2,16260,2,16221,0.0842816,-0.0842816,0.899004,-0.421408,11.5681
synthetic/images/img019269.jpg,synthetic_val,3,15376,3,15706,0.543607,-0.45663,-0.108721,0.695817,16.0274
synthetic/images/img019310.jpg,synthetic_val,2,16542,2,16471,0.20182,-0.317146,0.922608,-0.0864945,7.46961
synthetic/images/img019348.jpg,synthetic_val,3,63060,3,36463,0.0756891,0.580283,-0.0756891,0.80735,55.5696
synthetic/images/img019359.jpg,synthetic_val,1,67663,1,66305,-0.424178,0.646366,0.504973,0.38378,26.5707
synthetic/images/img019430.jpg,synthetic_val,3,12566,3,16211,0.190728,-0.190728,-0.408703,0.871899,8.2833
synthetic/images/img019444.jpg,synthetic_val,3,52213,3,52253,0.208885,-0.149204,0.149204,0.954905,14.9436
synthetic/images/img019480.jpg,synthetic_val,1,26000,1,24225,-0.617861,0.681778,0.276972,-0.276972,8.6489
synthetic/images/img019493.jpg,synthetic_val,3,57257,3,57270,0.479882,-0.0685546,0.479882,0.73125,6.23963
synthetic/images/img019495.jpg,synthetic_val,3,14703,3,14343,0.266242,-0.508279,-0.266242,0.774521,9.06506
synthetic/images/img019508.jpg,synthetic_val,1,26555,1,24737,-0.430001,0.809414,0.379413,-0.126471,14.6986
synthetic/images/img019544.jpg,synthetic_val,0,72414,0,72504,0.822136,0.231226,0.43676,0.282609,9.86541
synthetic/images/img019545.jpg,synthetic_val,0,07103,0,03465,0.799251,-0.324696,-0.274743,-0.424602,22.4369
synthetic/images/img019572.jpg,synthetic_val,3,24764,3,24706,-0.557996,0.266868,-0.121303,0.776342,13.2643
synthetic/images/img019583.jpg,synthetic_val,1,03071,1,03077,-0.211487,0.751953,-0.211487,-0.587463,5.73593
synthetic/images/img019637.jpg,synthetic_val,0,00147,3,66245,-0.527796,0.454997,0.418597,0.582396,23.7002
synthetic/images/img019664.jpg,synthetic_val,2,60202,2,06264,-0.680538,-0.0658586,0.702491,-0.197576,43.3606
synthetic/images/img019680.jpg,synthetic_val,3,73057,3,73037,0.50298,0.50298,0.0656061,0.699798,15.5389
synthetic/images/img019717.jpg,synthetic_val,0,70100,0,70112,0.922608,0.374809,0.0864945,0.0288315,15.5109
synthetic/images/img019754.jpg,synthetic_val,3,67353,3,67431,-0.193158,0.450702,0.53655,0.686784,26.3639
synthetic/images/img019755.jpg,synthetic_val,2,34464,2,07751,-0.0303869,-0.212708,0.972379,-0.0911606,43.9077
synthetic/images/img019807.jpg,synthetic_val,1,65707,1,65751,-0.022663,0.725215,0.203967,0.657226,10.84
synthetic/images/img019855.jpg,synthetic_val,3,25326,3,27011,-0.223676,0.422499,-0.372793,0.795292,9.72724
synthetic/images/img019971.jpg,synthetic_val,1,56677,1,74416,0.118279,0.756986,0.0709674,0.638707,14.5681
synthetic/images/img020011.jpg,synthetic_val,2,43133,2,43136,-0.0895223,-0.268567,0.954905,0.0895223,9.8284
synthetic/images/img020038.jpg,synthetic_val,3,65560,3,65554,-0.067166,0.0223887,0.694049,0.716438,16.9077
synthetic/images/img020052.jpg,synthetic_val,1,54373,1,54703,0.233937,0.680543,-0.446606,0.531674,14.9172
synthetic/images/img020080.jpg,synthetic_val,3,34023,3,34040,0.0295269,0.0295269,-0.324796,0.944862,22.0963
synthetic/images/img020102.jpg,synthetic_val,1,52202,1,52202,0.030846,0.987072,-0.15423,0.030846,3.54602
synthetic/images/img020179.jpg,synthetic_val,3,12373,3,12342,0.208739,-0.115966,-0.626216,0.742182,21.1223
synthetic/images/img020198.jpg,synthetic_val,1,62253,1,62523,-0.46101,0.702491,0.504916,0.197576,13.9746
synthetic/images/img020252.jpg,synthetic_val,2,52262,2,70041,0.0921878,0.0307293,0.983336,0.153646,7.90998
synthetic/images/img020344.jpg,synthetic_val,0,56230,0,52677,0.887862,0.19422,-0.0277457,0.416185,11.3545
synthetic/images/img020416.jpg,synthetic_val,3,31772,3,31731,0.598482,0.250976,-0.444035,0.617788,9.04089
synthetic/images/img020451.jpg,synthetic_val,1,62125,1,62510,-0.453539,0.763856,0.405798,0.214834,16.6041
synthetic/images/img020500.jpg,synthetic_val,0,16711,0,16367,0.91354,0.314029,-0.0285481,-0.256933,20.9714
synthetic/images/img020520.jpg,synthetic_val,1,12526,1,12707,0.27406,0.797264,-0.124573,-0.523205,11.9216
synthetic/images/img020553.jpg,synthetic_val,0,50047,0,50630,0.828726,0.129488,-0.492056,0.233079,24.4742
synthetic/images/img020561.jpg,synthetic_val,3,53202,3,52313,0.420084,-0.140028,0.0280056,0.896179,3.03329
synthetic/images/img020568.jpg,synthetic_val,2,53751,2,53707,0.619586,-0.114738,0.734324,0.252424,8.11105
synthetic/images/img020607.jpg,synthetic_val,2,27576,2,63127,-0.125511,0.57735,0.80327,0.0753066,9.91507
synthetic/images/img020675.jpg,synthetic_val,0,50006,0,05504,0.705215,-0.154266,-0.683177,-0.11019,28.7811
synthetic/images/img020747.jpg,synthetic_val,3,72250,3,72421,0.0760775,0.532542,0.228232,0.811493,17.1606
synthetic/images/img020767.jpg,synthetic_val,0,21336,0,30223,0.679315,0.0636858,0.318429,-0.658087,13.3644
synthetic/images/img020777.jpg,synthetic_val,1,23362,1,27011,-0.223676,0.795292,0.422499,-0.372793,35.271
synthetic/images/img020824.jpg,synthetic_val,0,40305,0,40104,0.637076,-0.457898,-0.617168,0.0597259,16.0771
synthetic/images/img020904.jpg,synthetic_val,3,54574,3,07047,-0.342224,-0.342224,-0.236924,0.842397,124.216
synthetic/images/img021012.jpg,synthetic_val,2,51672,2,51667,0.436005,-0.390109,0.734324,0.344214,6.53197
synthetic/images/img021090.jpg,synthetic_val,3,06052,3,35303,0.589329,0.240097,-0.327405,0.698464,163.581
synthetic/images/img021128.jpg,synthetic_val,2,47670,3,47651,-0.201498,-0.156721,0.649272,0.716438,14.8511
synthetic/images/img021133.jpg,synthetic_val,1,25757,1,25775,-0.0289278,0.925691,0.376062,-0.0289278,8.06603
synthetic/images/img021170.jpg,synthetic_val,3,53763,0,74542,0.72373,0.203549,0.0678497,0.65588,41.7028
synthetic/images/img021177.jpg,synthetic_val,1,60351,1,60177,-0.45257,0.851896,0.186352,0.186352,7.52605
synthetic/images/img021178.jpg,synthetic_val,1,16717,1,17656,0.543852,0.828726,-0.129488,-0.0258977,19.672
synthetic/images/img021233.jpg,synthetic_val,0,62320,1,42743,-0.51558,0.785646,-0.122757,0.319169,79.6106
synthetic/images/img021263.jpg,synthetic_val,1,01063,1,01063,-0.25759,0.634068,-0.495365,-0.534994,2.17931
synthetic/images/img021266.jpg,synthetic_val,3,26463,3,26242,-0.582217,0.507093,-0.206593,0.600999,19.0728
synthetic/images/img021391.jpg,synthetic_val,0,43403,0,43410,0.840072,-0.288775,-0.393784,0.23627,5.30747
synthetic/images/img021392.jpg,synthetic_val,3,16057,3,16071,0.193035,-0.30334,-0.30334,0.882444,7.84898
synthetic/images/img021394.jpg,synthetic_val,1,61777,1,65307,-0.127786,0.817829,0.281129,0.485586,19.7339
synthetic/images/img021438.jpg,synthetic_val,2,20164,2,20455,-0.567742,0.0227097,0.72671,-0.386065,21.0471
synthetic/images/img021469.jpg,synthetic_val,3,64163,3,60745,-0.499011,0.213862,0.356436,0.760398,15.729
synthetic/images/img021473.jpg,synthetic_val,1,52757,1,52753,0.394874,0.842397,-0.131625,0.342224,4.17358
synthetic/images/img021577.jpg,synthetic_val,3,34612,3,34420,0.0301648,0.150824,-0.211154,0.965275,22.9245
synthetic/images/img021704.jpg,synthetic_val,3,21044,3,03666,-0.38236,-0.0254906,-0.433341,0.8157,19.9418
synthetic/images/img021724.jpg,synthetic_val,1,40632,1,26244,-0.597592,0.616869,0.481929,-0.173494,108.93
synthetic/images/img021806.jpg,synthetic_val,1,30462,1,34026,0.0283638,0.907642,0.198547,-0.368729,14.6438
synthetic/images/img021841.jpg,synthetic_val,1,10654,1,14216,0.122757,0.785646,-0.51558,-0.319169,12.358
synthetic/images/img021879.jpg,synthetic_val,1,60270,1,06276,-0.630298,0.74702,-0.0233444,-0.210099,53.4867
synthetic/images/img021883.jpg,synthetic_val,2,25514,2,16663,0.0928922,-0.0309641,0.99085,-0.0928922,24.0719
synthetic/images/img021893.jpg,synthetic_val,0,45213,0,45307,0.743784,-0.116216,-0.488108,0.441622,11.2093
synthetic/images/img021986.jpg,synthetic_val,1,41676,1,43465,-0.331378,0.8157,-0.280397,0.38236,15.0125
synthetic/images/img022004.jpg,synthetic_val,3,25257,3,25076,-0.308062,0.196039,-0.25205,0.896179,14.6863
synthetic/images/img022009.jpg,synthetic_val,2,36025,2,36015,0.1789,0.434472,0.817829,-0.332243,16.7023
synthetic/images/img022065.jpg,synthetic_val,2,34523,2,34705,0.311003,0.254457,0.904735,-0.141365,7.14764
synthetic/images/img022067.jpg,synthetic_val,1,50353,1,51066,0.381373,0.717879,-0.560843,0.157036,9.1781
synthetic/images/img022104.jpg,synthetic_val,2,13765,0,40557,0.656074,-0.348539,-0.594567,0.307535,167.518
synthetic/images/img022115.jpg,synthetic_val,0,23756,0,27302,0.71076,-0.155479,0.599704,-0.333169,8.45986
synthetic/images/img022137.jpg,synthetic_val,0,70770,0,70712,0.856767,0.348062,0.294514,0.240966,12.4306
synthetic/images/img022231.jpg,synthetic_val,3,13642,3,13644,0.418384,-0.172276,-0.418384,0.787547,7.07912
synthetic/images/img022412.jpg,synthetic_val,1,37735,1,37506,0.554189,0.709362,0.421184,-0.110838,20.8699
synthetic/images/img022425.jpg,synthetic_val,0,61177,0,61157,0.972379,-0.0303869,0.0911606,0.212708,16.384
synthetic/images/img022541.jpg,synthetic_val,2,76702,2,76225,0.0634574,0.613422,0.676879,0.401897,20.3538
synthetic/images/img022562.jpg,synthetic_val,3,03561,3,03342,-0.163768,-0.116977,-0.631676,0.748653,25.4166
synthetic/images/img022580.jpg,synthetic_val,3,26355,3,27610,-0.257915,0.58617,-0.164128,0.750298,16.957
synthetic/images/img022612.jpg,synthetic_val,1,15672,1,17450,0.509475,0.776342,-0.36391,-0.0727821,3.32441
synthetic/images/img022635.jpg,synthetic_val,0,63731,3,05573,-0.0245514,-0.613786,-0.0736543,0.785646,167.704
synthetic/images/img022651.jpg,synthetic_val,0,01473,0,01512,0.652789,-0.061199,-0.59159,-0.469192,18.1393
synthetic/images/img022679.jpg,synthetic_val,1,23713,1,32364,0.177497,0.631101,0.571935,-0.493048,21.1963
synthetic/images/img022689.jpg,synthetic_val,2,27532,2,27147,-0.129488,0.492056,0.828726,-0.233079,13.7389
synthetic/images/img022746.jpg,synthetic_val,1,25726,1,27500,-0.186352,0.851896,0.45257,-0.186352,4.98314
synthetic/images/img022750.jpg,synthetic_val,1,14775,1,14776,0.337577,0.830959,-0.441447,-0.0259675,5.32015
synthetic/images/img022807.jpg,synthetic_val,1,12721,2,53703,0.626216,-0.115966,0.742182,0.208739,171.606
synthetic/images/img022845.jpg,synthetic_val,3,34544,3,34560,0.266674,0.148152,-0.0888913,0.948174,17.5581
synthetic/images/img022867.jpg,synthetic_val,3,41207,3,41230,-0.283358,-0.489437,0.0257599,0.824315,6.92445
synthetic/images/img022870.jpg,synthetic_val,0,74003,0,74002,0.879772,0.0274929,0.0824786,0.467379,7.24617
synthetic/images/img022888.jpg,synthetic_val,0,16343,0,16325,0.879772,0.302422,-0.0824786,-0.357407,10.8223
synthetic/images/img022929.jpg,synthetic_val,2,33542,1,33440,0.383697,0.722254,0.383697,-0.428838,52.4605
synthetic/images/img022945.jpg,synthetic_val,0,24445,0,06663,0.739008,-0.669726,-0.023094,-0.069282,8.31019
synthetic/images/img023082.jpg,synthetic_val,3,43070,3,43071,-0.254457,-0.311003,0.141365,0.904735,4.74522
synthetic/images/img023085.jpg,synthetic_val,0,61365,0,61357,0.925691,-0.0289278,0.318206,0.202495,13.4328
synthetic/images/img023117.jpg,synthetic_val,1,52076,1,52413,0.19245,0.879772,-0.357407,0.247436,16.1228
synthetic/images/img023135.jpg,synthetic_val,2,63742,2,63567,-0.117753,0.541664,0.753619,0.353259,13.4507
synthetic/images/img023210.jpg,synthetic_val,2,32061,1,34103,0.296217,0.861723,0.0807866,-0.403933,94.1246
synthetic/images/img023249.jpg,synthetic_val,0,74135,0,74270,0.785646,0.122757,0.319169,0.51558,39.6571
synthetic/images/img023254.jpg,synthetic_val,3,32554,3,31666,0.397722,0.350931,-0.397722,0.748653,11.6292
synthetic/images/img023274.jpg,synthetic_val,1,16376,1,37414,0.497888,0.758686,0.403052,-0.118545,55.6257
synthetic/images/img023358.jpg,synthetic_val,3,47140,3,45633,-0.200297,-0.378339,0.55638,0.712167,7.78859
synthetic/images/img023402.jpg,synthetic_val,3,01650,3,01506,-0.144246,-0.597589,-0.432737,0.659408,16.6791
synthetic/images/img023432.jpg,synthetic_val,0,34507,0,34501,0.925691,0.318206,0.0289278,-0.202495,7.39766
synthetic/images/img023447.jpg,synthetic_val,3,35035,3,31741,0.576297,0.192099,-0.405542,0.683019,15.2458
synthetic/images/img023472.jpg,synthetic_val,3,47330,3,74030,0.135432,0.135432,0.46047,0.866766,35.0144
synthetic/images/img023609.jpg,synthetic_val,1,35242,1,32561,0.249293,0.725215,0.475923,-0.430597,33.2872
synthetic/images/img023614.jpg,synthetic_val,1,61356,1,61374,-0.0848189,0.904735,0.367549,0.197911,8.75234
synthetic/images/img023617.jpg,synthetic_val,3,14210,3,14556,0.288178,-0.642859,-0.0221676,0.709362,43.801
synthetic/images/img023619.jpg,synthetic_val,2,71062,2,71064,0.456468,0.134255,0.859235,0.187958,9.6074
synthetic/images/img023626.jpg,synthetic_val,0,16475,0,16546,0.896179,0.25205,-0.364073,-0.0280056,6.56478
synthetic/images/img023672.jpg,synthetic_val,3,61352,3,61334,-0.0862083,0.373569,0.0862083,0.919555,12.202
synthetic/images/img023705.jpg,synthetic_val,1,06406,0,60263,0.695817,-0.630584,0.326164,0.108721,10.1942
synthetic/images/img023733.jpg,synthetic_val,2,72652,2,72641,0.0701862,0.584885,0.748653,0.30414,5.09266
synthetic/images/img023754.jpg,synthetic_val,2,42744,2,42665,-0.632983,-0.065481,0.698464,0.327405,17.4191
synthetic/images/img023819.jpg,synthetic_val,3,43310,3,07377,-0.0300557,-0.0300557,-0.270501,0.961781,41.4205
synthetic/images/img023852.jpg,synthetic_val,0,36036,0,36226,0.689329,0.0215415,0.667787,-0.28004,19.6848
synthetic/images/img023869.jpg,synthetic_val,3,43401,3,41276,-0.285642,-0.441447,0.181772,0.830959,12.1186
synthetic/images/img023880.jpg,synthetic_val,2,61477,2,61615,-0.248946,0.248946,0.88514,0.304267,12.3339
synthetic/images/img023900.jpg,synthetic_val,2,65530,2,65235,-0.222579,0.321503,0.791391,0.469888,32.6751
synthetic/images/img023903.jpg,synthetic_val,3,36727,3,50363,0.287982,-0.445063,0.130901,0.837765,140.308
synthetic/images/img023927.jpg,synthetic_val,3,06350,3,06172,-0.476942,-0.22592,-0.276124,0.80327,6.88894
synthetic/images/img023953.jpg,synthetic_val,2,27765,1,27771,-0.023094,0.739008,0.669726,-0.069282,15.1212
synthetic/images/img023973.jpg,synthetic_val,3,26550,3,27420,-0.359701,0.503581,-0.16786,0.767362,18.4162
synthetic/images/img023994.jpg,synthetic_val,1,21521,1,12774,0.33667,0.828726,-0.0776931,-0.440261,62.4748
synthetic/images/img024016.jpg,synthetic_val,0,43137,0,43136,0.954905,-0.0895223,-0.268567,0.0895223,8.57764
synthetic/images/img024030.jpg,synthetic_val,1,46023,1,42461,-0.624704,0.689329,-0.236957,0.28004,9.87231
synthetic/images/img024071.jpg,synthetic_val,1,32672,1,32634,0.103562,0.662794,0.600657,-0.434959,6.00642
synthetic/images/img024117.jpg,synthetic_val,3,13465,3,13432,0.46101,-0.197576,-0.504916,0.702491,16.8941
synthetic/images/img024207.jpg,synthetic_val,1,72253,1,72250,0.121303,0.776342,0.606517,0.121303,5.58875
synthetic/images/img024215.jpg,synthetic_val,2,07356,2,07363,-0.146114,-0.0292228,0.935129,-0.321451,16.7341
synthetic/images/img024216.jpg,synthetic_val,3,76635,3,74255,0.17063,0.219382,0.560642,0.780024,43.5969
synthetic/images/img024285.jpg,synthetic_val,0,47234,0,47203,0.824315,-0.334878,-0.128799,0.437917,9.22702
synthetic/images/img024313.jpg,synthetic_val,0,66350,0,65246,0.734324,-0.344214,0.252424,0.527795,33.4252
synthetic/images/img024370.jpg,synthetic_val,1,74007,1,74005,0.0803219,0.856767,0.026774,0.508706,8.7203
synthetic/images/img024441.jpg,synthetic_val,2,76161,2,76234,0.105386,0.611238,0.674469,0.400466,22.1264
synthetic/images/img024455.jpg,synthetic_val,2,53041,2,51267,0.457732,-0.409549,0.770916,0.168638,6.47418
synthetic/images/img024536.jpg,synthetic_val,0,42161,0,42712,0.828726,-0.492056,-0.129488,0.233079,18.6684
synthetic/images/img024596.jpg,synthetic_val,1,31261,1,00533,-0.342266,0.644266,-0.503333,-0.463066,132.162
synthetic/images/img024615.jpg,synthetic_val,3,60654,3,60266,-0.652234,0.315597,0.147279,0.673274,28.4742
synthetic/images/img024625.jpg,synthetic_val,2,14752,2,50361,0.281129,-0.485586,0.817829,0.127786,24.7413
synthetic/images/img024654.jpg,synthetic_val,0,65010,0,61476,0.849491,-0.292013,0.185826,0.398199,20.1974
synthetic/images/img024663.jpg,synthetic_val,1,35231,1,37001,0.436005,0.734324,0.390109,-0.344214,12.9597
synthetic/images/img024709.jpg,synthetic_val,1,05357,1,14420,0.0235506,0.753619,-0.635866,-0.164854,15.5196
synthetic/images/img024717.jpg,synthetic_val,0,04640,1,02475,-0.55095,0.705215,-0.242418,-0.374646,99.4322
synthetic/images/img024799.jpg,synthetic_val,1,10374,1,11023,0.34858,0.587082,-0.458658,-0.568736,15.6866
synthetic/images/img024835.jpg,synthetic_val,3,73517,3,73530,0.59357,0.429826,0.184211,0.654974,7.89533
synthetic/images/img024836.jpg,synthetic_val,1,33545,1,33556,0.578268,0.638089,0.378865,-0.338985,4.52156
synthetic/images/img024897.jpg,synthetic_val,2,73655,2,71725,0.597351,0.287613,0.707972,0.243365,32.1935
synthetic/images/img024940.jpg,synthetic_val,3,03531,3,30240,0.0233444,0.210099,-0.630298,0.74702,57.3558
synthetic/images/img024955.jpg,synthetic_val,0,73415,0,73106,0.712167,0.55638,0.422849,0.0667657,22.8426
synthetic/images/img024969.jpg,synthetic_val,3,47537,3,47520,-0.164128,-0.257915,0.58617,0.750298,20.1522
synthetic/images/img024999.jpg,synthetic_val,1,25641,1,25640,-0.409922,0.8745,0.245953,-0.0819844,4.561
synthetic/images/img025050.jpg,synthetic_val,2,61251,2,61250,-0.311003,0.254457,0.904735,0.141365,7.15164
synthetic/images/img025105.jpg,synthetic_val,1,61345,1,61176,-0.0892052,0.951522,0.208145,0.208145,10.6734
synthetic/images/img025287.jpg,synthetic_val,2,17356,2,17714,0.658581,-0.158968,0.72671,-0.113548,13.5356
synthetic/images/img025317.jpg,synthetic_val,1,52530,1,52165,0.30334,0.882444,-0.30334,0.193035,7.31786
synthetic/images/img025325.jpg,synthetic_val,0,42257,0,42722,0.791391,-0.568812,-0.024731,0.222579,12.6465
synthetic/images/img025341.jpg,synthetic_val,1,72043,1,72423,0.0740121,0.789462,0.567426,0.222036,14.7848
synthetic/images/img025343.jpg,synthetic_val,0,44051,0,44010,0.583945,-0.492704,-0.565697,0.310221,7.20901
synthetic/images/img025360.jpg,synthetic_val,2,23332,2,13665,0.463139,-0.0731272,0.780024,-0.414388,102.739
synthetic/images/img025443.jpg,synthetic_val,2,72142,2,72140,0.238919,0.451292,0.849491,0.132733,5.06989
synthetic/images/img025451.jpg,synthetic_val,3,77014,3,75230,0.478883,0.296452,0.387667,0.729727,9.66345
synthetic/images/img025460.jpg,synthetic_val,0,13027,3,44302,-0.481365,-0.439508,0.355792,0.669726,28.7745
synthetic/images/img025520.jpg,synthetic_val,3,04261,3,04272,-0.580544,-0.365528,-0.236518,0.688053,3.38714
synthetic/images/img025535.jpg,synthetic_val,0,24141,0,06725,0.826512,-0.542398,-0.0774855,-0.129142,20.5431
synthetic/images/img025550.jpg,synthetic_val,1,01654,1,01627,-0.296452,0.729727,-0.387667,-0.478883,20.0655
synthetic/images/img025621.jpg,synthetic_val,0,25465,0,61043,0.91354,-0.371126,0.0856444,0.142741,22.2476
synthetic/images/img025663.jpg,synthetic_val,2,50106,2,50102,0.203967,-0.657226,0.725215,0.022663,6.89806
synthetic/images/img025672.jpg,synthetic_val,2,25756,2,34660,0.0288315,0.374809,0.922608,-0.0864945,14.9478
synthetic/images/img025700.jpg,synthetic_val,1,16410,1,16423,0.0879694,0.93834,-0.263908,-0.205262,20.8182
synthetic/images/img025773.jpg,synthetic_val,0,25702,0,25761,0.91354,-0.142741,0.371126,-0.0856444,16.749
synthetic/images/img025827.jpg,synthetic_val,3,45463,3,45533,-0.0209657,-0.524142,0.524142,0.670902,27.7932
synthetic/images/img025854.jpg,synthetic_val,2,34537,2,34573,0.41491,0.193624,0.88514,-0.0829819,4.96893
synthetic/images/img025877.jpg,synthetic_val,3,05125,3,05173,-0.0237624,-0.594061,-0.261387,0.760398,9.57872
synthetic/images/img025889.jpg,synthetic_val,0,35247,0,35241,0.80327,0.476942,0.22592,-0.276124,8.51264
synthetic/images/img026031.jpg,synthetic_val,2,30543,2,30275,0.162004,0.300865,0.74059,-0.578586,34.7941
synthetic/images/img026076.jpg,synthetic_val,0,00766,0,02043,0.608779,-0.551706,-0.247316,-0.513657,26.079
synthetic/images/img026107.jpg,synthetic_val,2,15447,1,40531,-0.368955,0.694504,-0.585988,0.195329,24.2152
synthetic/images/img026156.jpg,synthetic_val,1,34223,1,36015,0.1789,0.817829,0.434472,-0.332243,13.2833
synthetic/images/img026161.jpg,synthetic_val,2,41747,2,41747,-0.120736,-0.507093,0.772712,0.362209,1.78491
synthetic/images/img026244.jpg,synthetic_val,0,03011,0,03011,0.668555,-0.188031,-0.313385,-0.647663,0.6916
synthetic/images/img026259.jpg,synthetic_val,1,25771,1,34661,0.0862083,0.919555,0.373569,-0.0862083,11.0903
synthetic/images/img026288.jpg,synthetic_val,1,55735,1,55213,0.481365,0.669726,-0.439508,0.355792,24.2975
synthetic/images/img026383.jpg,synthetic_val,0,35754,0,71112,0.739008,0.669726,0.069282,0.023094,18.5223
synthetic/images/img026418.jpg,synthetic_val,0,35117,0,35571,0.712167,0.689912,0.111276,-0.0667657,26.7838
synthetic/images/img026443.jpg,synthetic_val,1,04667,1,06477,-0.600885,0.769133,-0.216319,-0.0240354,19.885
synthetic/images/img026461.jpg,synthetic_val,2,70643,2,43525,-0.139158,-0.306147,0.890609,0.306147,76.1081
synthetic/images/img026465.jpg,synthetic_val,2,50114,1,05450,-0.239187,0.695817,-0.674072,-0.0652328,6.37542
synthetic/images/img026560.jpg,synthetic_val,3,47503,3,47544,-0.147279,-0.315597,0.652234,0.673274,9.89596
synthetic/images/img026608.jpg,synthetic_val,2,36213,1,37222,0.340068,0.640128,0.620124,-0.30006,25.2304
synthetic/images/img026641.jpg,synthetic_val,1,26726,1,26526,-0.501067,0.697136,0.501067,-0.108928,15.7435
synthetic/images/img026769.jpg,synthetic_val,0,70367,0,72057,0.830959,0.181772,0.493382,0.181772,16.9614
synthetic/images/img026806.jpg,synthetic_val,0,30514,0,30551,0.797264,0.373718,0.0249145,-0.473376,6.74177
synthetic/images/img026853.jpg,synthetic_val,2,73400,1,05003,-0.273518,0.673274,-0.610155,-0.315597,134.404
synthetic/images/img026898.jpg,synthetic_val,1,30465,1,30425,0.0774855,0.826512,0.129142,-0.542398,10.1397
synthetic/images/img026910.jpg,synthetic_val,3,00306,3,00342,-0.440762,-0.402435,-0.517416,0.613234,2.61901
synthetic/images/img027037.jpg,synthetic_val,0,36206,0,16222,0.904735,0.028273,-0.028273,-0.424094,79.3843
synthetic/images/img027064.jpg,synthetic_val,0,61027,0,60110,0.859235,-0.510171,0.0268511,0.0268511,26.4712
synthetic/images/img027065.jpg,synthetic_val,3,20011,3,13612,0.46736,-0.111276,-0.51187,0.712167,118.75
synthetic/images/img027095.jpg,synthetic_val,2,72525,2,72176,0.308911,0.546536,0.760398,0.166337,11.4561
synthetic/images/img027107.jpg,synthetic_val,0,05373,0,05535,0.758686,-0.0237089,-0.640141,-0.118545,30.9676
synthetic/images/img027178.jpg,synthetic_val,2,62221,2,26407,-0.611238,0.400466,0.674469,-0.105386,25.1606
synthetic/images/img027202.jpg,synthetic_val,3,07116,3,07115,-0.0265466,-0.398199,-0.345106,0.849491,10.5766
synthetic/images/img027219.jpg,synthetic_val,3,00354,3,00342,-0.440762,-0.402435,-0.517416,0.613234,10.4398
synthetic/images/img027236.jpg,synthetic_val,2,60137,2,60117,-0.465972,0.0822304,0.877124,0.0822304,10.7487
synthetic/images/img027244.jpg,synthetic_val,2,12255,2,21174,-0.0731272,0.121879,0.780024,-0.609394,42.5056
synthetic/images/img027319.jpg,synthetic_val,0,13606,0,13252,0.679315,0.445801,-0.106143,-0.573172,12.6946
synthetic/images/img027327.jpg,synthetic_val,0,40640,1,26025,-0.582922,0.643224,0.422116,-0.26131,9.09998
synthetic/images/img027343.jpg,synthetic_val,2,24501,2,24536,-0.497423,0.183261,0.837765,-0.130901,17.8015
synthetic/images/img027470.jpg,synthetic_val,2,37703,2,37365,0.522038,0.560707,0.618711,-0.174013,6.91749
synthetic/images/img027473.jpg,synthetic_val,1,52145,1,50721,0.276124,0.80327,-0.476942,0.22592,10.0663
synthetic/images/img027492.jpg,synthetic_val,0,27101,0,23507,0.743784,-0.116216,0.441622,-0.488108,15.0104
synthetic/images/img027551.jpg,synthetic_val,1,50513,1,36701,0.257915,0.750298,0.58617,-0.164128,158.254
synthetic/images/img027572.jpg,synthetic_val,1,07515,1,07556,-0.0864945,0.922608,-0.374809,-0.0288315,15.7054
synthetic/images/img027611.jpg,synthetic_val,0,00023,0,00127,0.591074,-0.387893,-0.461777,-0.535661,13.1305
synthetic/images/img027620.jpg,synthetic_val,0,05547,0,05507,0.73125,-0.114258,-0.662695,-0.114258,9.49344
synthetic/images/img027659.jpg,synthetic_val,1,35647,1,52173,0.407494,0.869321,-0.244497,0.135831,64.6197
synthetic/images/img027810.jpg,synthetic_val,2,12274,2,21513,-0.0252942,0.0758825,0.809414,-0.581766,22.7232
synthetic/images/img027905.jpg,synthetic_val,3,36443,3,36404,0.0273281,0.464578,-0.136641,0.8745,11.6499
synthetic/images/img027923.jpg,synthetic_val,1,57105,1,57055,0.478855,0.666233,-0.312297,0.478855,10.4772
synthetic/images/img027970.jpg,synthetic_val,1,64731,1,66515,-0.35211,0.662794,0.35211,0.559233,6.88426
synthetic/images/img028119.jpg,synthetic_val,0,14624,0,14663,0.877124,0.0822304,-0.465972,-0.0822304,8.99928
synthetic/images/img028144.jpg,synthetic_val,1,07260,1,07243,-0.355266,0.8745,-0.136641,-0.300609,8.0964
synthetic/images/img028176.jpg,synthetic_val,0,21445,0,43622,0.877124,-0.411152,-0.0274101,0.246691,79.5581
synthetic/images/img028238.jpg,synthetic_val,1,05723,1,05346,-0.175274,0.801253,-0.525822,-0.225352,10.6725
synthetic/images/img028244.jpg,synthetic_val,2,46056,3,44743,-0.400673,-0.400673,0.55331,0.610549,30.2932
synthetic/images/img028264.jpg,synthetic_val,2,27321,1,23745,-0.112852,0.722254,0.564261,-0.383697,19.6458
synthetic/images/img028305.jpg,synthetic_val,0,30241,0,30026,0.73125,0.0228515,0.159961,-0.662695,8.63017
synthetic/images/img028328.jpg,synthetic_val,1,03415,1,01673,-0.214834,0.763856,-0.405798,-0.453539,6.75509
synthetic/images/img028340.jpg,synthetic_val,2,23227,2,23214,-0.215273,0.489256,0.626248,-0.567537,10.8378
synthetic/images/img028392.jpg,synthetic_val,1,55226,1,57000,0.397722,0.748653,-0.350931,0.397722,6.52042
synthetic/images/img028454.jpg,synthetic_val,2,60075,2,60745,-0.499011,0.213862,0.760398,0.356436,27.2292
synthetic/images/img028462.jpg,synthetic_val,0,61121,0,61102,0.972379,-0.212708,0.0911606,0.0303869,10.2129
synthetic/images/img028512.jpg,synthetic_val,1,30111,1,31476,0.494563,0.753619,0.164854,-0.40036,40.7864
synthetic/images/img028552.jpg,synthetic_val,1,30217,1,30034,0.114258,0.73125,0.114258,-0.662695,18.0077
synthetic/images/img028553.jpg,synthetic_val,0,60435,0,60503,0.811493,-0.532542,0.0760775,0.228232,11.4189
synthetic/images/img028593.jpg,synthetic_val,1,12114,1,12054,0.114738,0.734324,-0.344214,-0.57369,19.0355
synthetic/images/img028614.jpg,synthetic_val,1,42320,1,42303,-0.543852,0.828726,-0.129488,0.0258977,6.86421
synthetic/images/img028671.jpg,synthetic_val,2,71337,0,74720,0.734324,0.206529,0.298319,0.57369,77.19
synthetic/images/img028682.jpg,synthetic_val,3,61007,3,61146,-0.208145,0.0892052,0.208145,0.951522,21.6741
synthetic/images/img028710.jpg,synthetic_val,3,16131,3,16141,0.284875,-0.388465,-0.284875,0.828726,20.2087
synthetic/images/img028711.jpg,synthetic_val,2,74232,2,74232,0.126471,0.379413,0.809414,0.430001,2.26806
synthetic/images/img028724.jpg,synthetic_val,1,03566,1,03563,-0.129488,0.828726,-0.233079,-0.492056,5.47001
synthetic/images/img028888.jpg,synthetic_val,1,04356,2,50765,0.264389,-0.456673,0.769133,0.360531,51.1176
synthetic/images/img028921.jpg,synthetic_val,0,71073,0,71001,0.859235,0.510171,0.0268511,0.0268511,19.9219
synthetic/images/img028940.jpg,synthetic_val,0,02623,0,02646,0.667391,-0.646535,-0.10428,-0.354552,16.504
synthetic/images/img028985.jpg,synthetic_val,3,43027,3,43075,-0.25205,-0.308062,0.196039,0.896179,17.6046
synthetic/images/img029009.jpg,synthetic_val,1,55241,1,55416,0.381189,0.580859,-0.526403,0.4901,13.363
synthetic/images/img029027.jpg,synthetic_val,3,53535,0,65661,0.681778,-0.276972,0.276972,0.617861,10.7143
synthetic/images/img029045.jpg,synthetic_val,0,64101,0,60164,0.793334,-0.570209,0.123958,0.173542,29.2617
synthetic/images/img029053.jpg,synthetic_val,1,40764,1,44070,-0.499401,0.591883,-0.499401,0.388423,18.2173
synthetic/images/img029096.jpg,synthetic_val,2,00362,3,32345,0.224771,0.510843,-0.510843,0.653879,39.4929
synthetic/images/img029133.jpg,synthetic_val,1,71305,1,71523,0.622212,0.737437,0.161314,0.207404,13.7916
synthetic/images/img029253.jpg,synthetic_val,2,07750,2,07716,-0.0911606,-0.151934,0.972379,-0.151934,9.06633
synthetic/images/img029259.jpg,synthetic_val,3,60256,3,60227,-0.632983,0.327405,0.065481,0.698464,13.9593
synthetic/images/img029275.jpg,synthetic_val,1,15243,1,15225,0.434179,0.73125,-0.434179,-0.29707,8.7944
synthetic/images/img029279.jpg,synthetic_val,1,12350,1,12335,0.327405,0.698464,-0.065481,-0.632983,12.9808
synthetic/images/img029307.jpg,synthetic_val,1,27461,1,27654,-0.261387,0.760398,0.594061,-0.0237624,12.8663
synthetic/images/img029339.jpg,synthetic_val,0,07675,0,07667,0.925691,-0.376062,-0.0289278,-0.0289278,15.7376
synthetic/images/img029407.jpg,synthetic_val,2,70723,2,70762,0.232456,0.387427,0.826512,0.33577,13.4118
synthetic/images/img029430.jpg,synthetic_val,1,16523,1,16576,0.364073,0.896179,-0.25205,-0.0280056,20.5216
synthetic/images/img029610.jpg,synthetic_val,1,62714,1,62735,-0.356417,0.670902,0.608005,0.230623,12.1922
synthetic/images/img029628.jpg,synthetic_val,1,34335,1,36156,0.321503,0.791391,0.469888,-0.222579,20.1974
synthetic/images/img029648.jpg,synthetic_val,1,15711,1,17174,0.637864,0.703849,-0.241948,-0.197958,29.338
synthetic/images/img029658.jpg,synthetic_val,1,70063,1,70003,0.0928922,0.99085,0.0928922,0.0309641,21.1088
synthetic/images/img029703.jpg,synthetic_val,1,47124,1,47127,-0.129488,0.828726,-0.233079,0.492056,7.69787
synthetic/images/img029714.jpg,synthetic_val,1,46224,0,06266,0.703849,-0.681854,-0.0219953,-0.197958,23.5044
synthetic/images/img029716.jpg,synthetic_val,2,51753,2,51761,0.565081,-0.39765,0.669726,0.272076,8.73202
synthetic/images/img029760.jpg,synthetic_val,1,35000,1,35006,0.440261,0.828726,0.0776931,-0.33667,6.18363
synthetic/images/img029768.jpg,synthetic_val,0,23143,0,47535,0.739008,-0.023094,-0.254034,0.623538,173.318
synthetic/images/img029808.jpg,synthetic_val,0,42651,0,43463,0.842397,-0.342224,-0.236924,0.342224,30.4305
synthetic/images/img029830.jpg,synthetic_val,0,25474,0,61012,0.941584,-0.323669,0.0882735,0.0294245,8.39505
synthetic/images/img029931.jpg,synthetic_val,3,56765,3,56747,0.238287,-0.108312,0.671537,0.6932,4.93232
synthetic/images/img029982.jpg,synthetic_val,0,53260,0,53273,0.805302,0.578811,-0.0251657,0.125828,19.7007
synthetic/images/img029995.jpg,synthetic_val,1,65324,1,65300,-0.184274,0.842397,0.236924,0.447523,14.392
synthetic/images/img030030.jpg,synthetic_val,0,41032,0,41407,0.689329,-0.28004,-0.624704,0.236957,24.6188
synthetic/images/img030033.jpg,synthetic_val,1,45573,1,47112,-0.0776931,0.828726,-0.33667,0.440261,35.1913
synthetic/images/img030041.jpg,synthetic_val,0,54073,3,35222,0.404877,0.357244,-0.357244,0.762121,57.176
synthetic/images/img030088.jpg,synthetic_val,0,52622,0,70040,0.987072,0.030846,0.030846,0.15423,16.9139
synthetic/images/img030110.jpg,synthetic_val,2,36320,1,37106,0.535564,0.685522,0.407029,-0.278493,52.7566
synthetic/images/img030137.jpg,synthetic_val,2,13252,2,13216,0.434959,-0.103562,0.662794,-0.600657,2.94931
synthetic/images/img030209.jpg,synthetic_val,0,74602,0,74172,0.780024,0.316885,0.17063,0.511891,38.8717
synthetic/images/img030230.jpg,synthetic_val,1,03064,1,00712,-0.391524,0.659408,-0.432737,-0.47395,25.6773
synthetic/images/img030342.jpg,synthetic_val,0,61147,0,61070,0.925691,-0.318206,0.144639,0.144639,19.8199
synthetic/images/img030367.jpg,synthetic_val,1,16363,1,16721,0.317146,0.922608,-0.0864945,-0.20182,16.2719
synthetic/images/img030417.jpg,synthetic_val,3,36714,3,72122,0.222579,0.568812,0.024731,0.791391,20.0374
synthetic/images/img030435.jpg,synthetic_val,3,44064,3,77252,0.4091,0.525985,0.4091,0.62339,173.29
synthetic/images/img030437.jpg,synthetic_val,0,03306,3,35176,0.649272,0.156721,-0.201498,0.716438,179.737
synthetic/images/img030445.jpg,synthetic_val,1,07710,1,70264,0.0283638,0.907642,0.368729,0.198547,83.5964
synthetic/images/img030535.jpg,synthetic_val,0,35423,0,30745,0.822136,0.282609,0.231226,-0.43676,41.1195
synthetic/images/img030606.jpg,synthetic_val,2,56033,2,56232,0.136641,-0.0273281,0.8745,0.464578,22.1698
synthetic/images/img030610.jpg,synthetic_val,3,35445,3,34575,0.420084,0.140028,-0.0280056,0.896179,19.1647
synthetic/images/img030637.jpg,synthetic_val,1,35224,2,32574,0.296452,0.478883,0.729727,-0.387667,63.3045
synthetic/images/img030750.jpg,synthetic_val,2,17331,3,15043,0.39219,-0.598607,-0.227058,0.660531,170.572
synthetic/images/img030899.jpg,synthetic_val,1,41266,1,45211,-0.205236,0.729727,-0.524491,0.387667,36.3218
synthetic/images/img030974.jpg,synthetic_val,1,01723,1,03503,-0.119625,0.765603,-0.311026,-0.550277,8.66149
synthetic/images/img031002.jpg,synthetic_val,3,76071,1,74163,0.272041,0.791391,0.173117,0.51935,58.1698
synthetic/images/img031029.jpg,synthetic_val,0,73160,0,76103,0.755297,0.259633,0.448458,0.401252,47.1519
synthetic/images/img031045.jpg,synthetic_val,3,07442,3,12777,0.38236,-0.0254906,-0.433341,0.8157,107.945
synthetic/images/img031080.jpg,synthetic_val,0,46250,0,46723,0.699798,-0.459243,-0.0218687,0.546718,23.3903
synthetic/images/img031218.jpg,synthetic_val,2,63153,2,43112,-0.0864945,-0.374809,0.922608,0.0288315,105.869
synthetic/images/img031245.jpg,synthetic_val,2,15727,2,15611,0.498237,-0.498237,0.6932,-0.151637,16.2823
synthetic/images/img031304.jpg,synthetic_val,1,25654,1,43212,-0.321451,0.935129,-0.146114,0.0292228,48.5476
synthetic/images/img031323.jpg,synthetic_val,1,34602,1,34423,0.0892052,0.951522,0.208145,-0.208145,15.4862
synthetic/images/img031365.jpg,synthetic_val,1,61503,1,61011,-0.270501,0.961781,0.0300557,0.0300557,28.24
synthetic/images/img031457.jpg,synthetic_val,2,10154,2,11674,0.45663,-0.413141,0.695817,-0.369653,37.2518
synthetic/images/img031546.jpg,synthetic_val,1,53033,1,53032,0.533917,0.813589,-0.228822,0.0254246,5.08057
synthetic/images/img031608.jpg,synthetic_val,1,71423,1,71054,0.539527,0.822136,0.0256917,0.179842,20.5828
synthetic/images/img031640.jpg,synthetic_val,2,14767,1,52144,0.24236,0.861723,-0.403933,0.188502,96.2949
synthetic/images/img031646.jpg,synthetic_val,0,63024,0,62535,0.739008,-0.392598,0.484974,0.254034,21.6242
synthetic/images/img031689.jpg,synthetic_val,1,32516,1,32432,0.108928,0.697136,0.501067,-0.501067,23.384
synthetic/images/img031700.jpg,synthetic_val,0,03263,0,21473,0.822136,-0.231226,0.179842,-0.488143,27.6285
synthetic/images/img031702.jpg,synthetic_val,2,34127,2,34210,0.135831,0.244497,0.869321,-0.407494,22.193
synthetic/images/img031729.jpg,synthetic_val,0,20146,0,24242,0.678094,-0.656904,0.233095,-0.233095,43.4592
synthetic/images/img031737.jpg,synthetic_val,3,54574,2,54373,0.337185,-0.382143,0.719328,0.472059,28.2536
synthetic/images/img031791.jpg,synthetic_val,2,15711,2,15326,0.544638,-0.370354,0.697136,-0.283212,22.4783
synthetic/images/img031804.jpg,synthetic_val,2,06117,2,06510,-0.466477,-0.368271,0.785646,-0.17186,16.5959
synthetic/images/img031806.jpg,synthetic_val,3,37544,3,71231,0.554096,0.313185,0.0240911,0.770916,10.6424
synthetic/images/img031931.jpg,synthetic_val,0,51410,2,51361,0.583792,-0.410817,0.691902,0.10811,155.509
synthetic/images/img031940.jpg,synthetic_val,0,56015,3,53303,0.640141,-0.118545,0.0237089,0.758686,68.5846
synthetic/images/img031979.jpg,synthetic_val,3,21761,0,21466,0.80327,-0.376533,0.175715,-0.426737,95.8159
synthetic/images/img031991.jpg,synthetic_val,2,43705,2,43341,-0.149204,-0.208885,0.954905,0.149204,20.7255
synthetic/images/img032000.jpg,synthetic_val,2,73254,2,73050,0.497888,0.403052,0.758686,0.118545,18.7822
synthetic/images/img032002.jpg,synthetic_val,0,67015,0,65244,0.742182,-0.347898,0.208739,0.533443,30.6569
synthetic/images/img032051.jpg,synthetic_val,0,43173,0,25554,0.994672,-0.0932505,0.0310835,-0.0310835,40.3684
synthetic/images/img032273.jpg,synthetic_val,3,70055,3,70412,0.148152,0.0888913,0.266674,0.948174,13.7371
synthetic/images/img032286.jpg,synthetic_val,3,52230,3,70052,0.151934,0.0911606,0.151934,0.972379,22.4666
synthetic/images/img032307.jpg,synthetic_val,0,61652,0,61674,0.8157,-0.280397,0.331378,0.38236,6.48157
synthetic/images/img032343.jpg,synthetic_val,0,72067,0,72426,0.781884,0.0244339,0.561979,0.268773,9.30754
synthetic/images/img032388.jpg,synthetic_val,3,75147,3,56530,0.295226,-0.249807,0.567742,0.72671,49.8549
synthetic/images/img032401.jpg,synthetic_val,3,03203,3,03112,-0.0645049,-0.279521,-0.666551,0.688053,31.2983
synthetic/images/img032404.jpg,synthetic_val,1,34361,2,07016,-0.285642,-0.337577,0.830959,-0.337577,179.549
synthetic/images/img032469.jpg,synthetic_val,1,11250,1,44517,-0.316611,0.595974,-0.540102,0.502853,154.973
synthetic/images/img032513.jpg,synthetic_val,1,71161,1,71522,0.592723,0.758686,0.165963,0.21338,10.2013
synthetic/images/img032542.jpg,synthetic_val,0,07633,0,07720,0.951522,-0.208145,-0.0892052,-0.208145,6.58981
synthetic/images/img032587.jpg,synthetic_val,1,06351,1,60770,-0.457732,0.770916,0.313185,0.313185,93.1086
synthetic/images/img032698.jpg,synthetic_val,2,75172,2,75054,0.470162,0.0223887,0.716438,0.51494,21.5519
synthetic/images/img032702.jpg,synthetic_val,0,26014,0,24624,0.685522,-0.664099,0.278493,-0.107113,23.2041
synthetic/images/img032826.jpg,synthetic_val,2,22752,2,14326,0.227648,-0.430001,0.809414,-0.328824,140.337
synthetic/images/img032858.jpg,synthetic_val,1,44610,1,44164,-0.433808,0.603559,-0.509253,0.433808,14.8798
synthetic/images/img032926.jpg,synthetic_val,0,43100,0,43116,0.919555,-0.0862083,-0.373569,0.0862083,16.8755
synthetic/images/img032972.jpg,synthetic_val,1,52577,2,35204,0.430001,0.227648,0.809414,-0.328824,175.67
synthetic/images/img032988.jpg,synthetic_val,3,42113,3,34077,0.20182,0.20182,-0.259483,0.922608,105.875
synthetic/images/img033037.jpg,synthetic_val,0,56112,0,31464,0.793334,0.421459,0.123958,-0.421459,114.342
synthetic/images/img033094.jpg,synthetic_val,3,00652,3,35100,0.57735,0.023094,-0.34641,0.739008,148.488
synthetic/images/img033123.jpg,synthetic_val,1,06705,1,06724,-0.57735,0.80327,-0.0753066,-0.125511,10.054
synthetic/images/img033157.jpg,synthetic_val,3,74246,0,64271,0.673274,-0.525995,0.273518,0.441836,138.037
synthetic/images/img033170.jpg,synthetic_val,1,73443,1,73612,0.44028,0.670902,0.566074,0.188691,19.3728
synthetic/images/img033186.jpg,synthetic_val,0,07613,0,07274,0.910577,-0.313011,-0.0853666,-0.2561,10.8349
synthetic/images/img033208.jpg,synthetic_val,0,35525,0,33545,0.662794,0.559233,0.35211,-0.35211,38.8581
synthetic/images/img033285.jpg,synthetic_val,1,72534,1,72521,0.269417,0.783758,0.514341,0.220432,8.62342
synthetic/images/img033352.jpg,synthetic_val,0,12354,0,13211,0.632085,0.454311,-0.138269,-0.612333,21.346
synthetic/images/img033356.jpg,synthetic_val,1,13605,1,13613,0.501067,0.697136,-0.108928,-0.501067,10.9229
synthetic/images/img033366.jpg,synthetic_val,3,63050,3,61320,-0.198547,0.368729,0.0283638,0.907642,16.7743
synthetic/images/img033412.jpg,synthetic_val,0,67422,0,63461,0.753619,-0.306158,0.494563,0.306158,28.2514
synthetic/images/img033440.jpg,synthetic_val,1,36436,1,07357,-0.0297351,0.951522,-0.148675,-0.267615,88.6711
synthetic/images/img033472.jpg,synthetic_val,0,03107,0,01176,0.669726,-0.0627868,-0.523223,-0.523223,29.5843
synthetic/images/img033493.jpg,synthetic_val,3,64554,3,65541,-0.114981,0.0229961,0.666887,0.735875,33.3153
synthetic/images/img033543.jpg,synthetic_val,0,06150,0,64110,0.781884,-0.464244,0.0244339,0.415376,89.5663
synthetic/images/img033550.jpg,synthetic_val,3,43333,3,52003,0.0864945,-0.374809,0.0288315,0.922608,43.8266
synthetic/images/img033611.jpg,synthetic_val,0,01343,0,03417,0.772712,-0.217325,-0.313914,-0.507093,25.013
synthetic/images/img033628.jpg,synthetic_val,1,04703,1,06152,-0.464244,0.781884,-0.317641,-0.268773,24.4626
synthetic/images/img033635.jpg,synthetic_val,2,45474,2,45620,-0.317287,-0.401897,0.676879,0.528812,21.1786
synthetic/images/img033725.jpg,synthetic_val,1,56367,1,74016,0.132733,0.849491,0.0796398,0.504385,19.8807
synthetic/images/img033732.jpg,synthetic_val,2,56470,2,56640,0.0228515,-0.159961,0.73125,0.662695,15.5324
synthetic/images/img033763.jpg,synthetic_val,2,67150,1,67035,-0.206095,0.732782,0.480888,0.435089,52.4253
synthetic/images/img033800.jpg,synthetic_val,3,65273,3,61677,-0.228232,0.380387,0.380387,0.811493,13.9672
synthetic/images/img033831.jpg,synthetic_val,2,23052,2,12271,0.16449,-0.0704956,0.751953,-0.63446,71.7371
synthetic/images/img033878.jpg,synthetic_val,0,66025,0,62656,0.615044,-0.518943,0.518943,0.288302,17.3619
synthetic/images/img033889.jpg,synthetic_val,1,13503,3,46506,-0.464575,-0.262586,0.545371,0.646366,59.5991
synthetic/images/img033911.jpg,synthetic_val,0,73446,0,72117,0.795292,0.372793,0.472205,0.0745586,32.9518
synthetic/images/img033982.jpg,synthetic_val,1,74651,1,74505,0.254034,0.739008,0.023094,0.623538,25.4853
synthetic/images/img033987.jpg,synthetic_val,0,32155,0,32413,0.722254,0.157993,0.428838,-0.51912,22.4237
synthetic/images/img034061.jpg,synthetic_val,3,64254,0,54246,0.716438,0.0223887,-0.470162,0.51494,146.467
synthetic/images/img034124.jpg,synthetic_val,1,25167,1,25126,-0.194821,0.890609,0.194821,-0.36181,14.0904
synthetic/images/img034217.jpg,synthetic_val,2,34465,2,70214,0.148152,0.266674,0.948174,0.0888913,16.8053
synthetic/images/img034230.jpg,synthetic_val,1,16722,2,25147,-0.148152,0.0888913,0.948174,-0.266674,169.496
synthetic/images/img034355.jpg,synthetic_val,3,42770,3,42772,-0.481824,-0.0253592,0.329669,0.811493,4.65925
synthetic/images/img034447.jpg,synthetic_val,2,43211,2,25474,-0.321451,0.146114,0.935129,-0.0292228,38.6487
synthetic/images/img034491.jpg,synthetic_val,3,72145,0,72422,0.791391,0.024731,0.568812,0.222579,117.511
synthetic/images/img034526.jpg,synthetic_val,3,70401,3,61550,-0.0864945,0.0288315,0.374809,0.922608,21.3302
synthetic/images/img034552.jpg,synthetic_val,1,07372,1,07336,-0.0864945,0.922608,-0.0288315,-0.374809,6.23241
synthetic/images/img034582.jpg,synthetic_val,0,24207,1,20534,-0.441622,0.743784,0.116216,-0.488108,108.125
synthetic/images/img034633.jpg,synthetic_val,0,72422,0,72436,0.776342,0.121303,0.557996,0.266868,9.41479
synthetic/images/img034688.jpg,synthetic_val,1,62716,1,60776,-0.443543,0.74702,0.350165,0.350165,30.2961
synthetic/images/img034784.jpg,synthetic_val,1,24047,1,42430,-0.610647,0.72373,-0.248782,0.203549,57.8411
synthetic/images/img034788.jpg,synthetic_val,2,03241,2,30070,0.117753,0.117753,0.753619,-0.635866,55.9393
synthetic/images/img034792.jpg,synthetic_val,1,26545,1,60522,-0.560642,0.780024,0.17063,0.219382,42.0018
synthetic/images/img034828.jpg,synthetic_val,0,35440,0,17661,0.854321,0.507253,-0.0800926,-0.0800926,13.858
synthetic/images/img034884.jpg,synthetic_val,2,01363,2,03525,-0.124573,-0.27406,0.797264,-0.523205,19.3765
synthetic/images/img034926.jpg,synthetic_val,0,56701,0,30167,0.750298,0.257915,0.164128,-0.58617,148.981
synthetic/images/img034928.jpg,synthetic_val,0,43110,0,05567,0.781884,-0.122169,-0.610847,-0.0244339,29.0954
synthetic/images/img034950.jpg,synthetic_val,3,16640,3,25516,-0.0918415,0.0918415,-0.153069,0.979643,34.8653
synthetic/images/img034959.jpg,synthetic_val,3,24471,3,24565,-0.543852,0.129488,-0.0258977,0.828726,9.75705
synthetic/images/img035004.jpg,synthetic_val,0,16453,0,16651,0.951522,0.208145,-0.208145,-0.0892052,17.8644
synthetic/images/img035083.jpg,synthetic_val,0,70432,0,70473,0.890609,0.194821,0.194821,0.36181,14.9712
synthetic/images/img035109.jpg,synthetic_val,3,23645,3,27227,-0.269723,0.643187,-0.269723,0.663935,14.7147
synthetic/images/img035117.jpg,synthetic_val,3,46106,3,46102,-0.512887,-0.289893,0.37909,0.713582,6.21682
synthetic/images/img035323.jpg,synthetic_val,3,11643,3,20665,-0.601691,0.269723,-0.352715,0.663935,153.553
synthetic/images/img035360.jpg,synthetic_val,2,35475,2,71025,0.504385,0.132733,0.849491,0.0796398,12.0374
synthetic/images/img035363.jpg,synthetic_val,2,52735,2,52713,0.407494,-0.135831,0.869321,0.244497,9.56289
synthetic/images/img035420.jpg,synthetic_val,1,11665,1,11026,0.322481,0.607024,-0.474237,-0.550115,27.3101
synthetic/images/img035463.jpg,synthetic_val,0,45412,0,45407,0.608779,-0.247316,-0.551706,0.513657,4.81323
synthetic/images/img035471.jpg,synthetic_val,1,77615,1,47614,-0.250844,0.729727,-0.159628,0.615707,112.963
synthetic/images/img035480.jpg,synthetic_val,1,14067,1,25172,-0.0864945,0.922608,0.20182,-0.317146,100.768
synthetic/images/img035529.jpg,synthetic_val,2,05607,2,07414,-0.294514,-0.40161,0.856767,-0.13387,13.99
synthetic/images/img035542.jpg,synthetic_val,2,26556,2,60267,-0.627036,0.324329,0.691902,0.151354,33.676
synthetic/images/img035593.jpg,synthetic_val,2,04270,2,00536,-0.38378,-0.504973,0.646366,-0.424178,33.2394
synthetic/images/img035633.jpg,synthetic_val,1,34241,1,34077,0.20182,0.922608,0.20182,-0.259483,15.6456
synthetic/images/img035646.jpg,synthetic_val,1,17343,0,73116,0.676879,0.613422,0.401897,0.0634574,71.4068
synthetic/images/img035697.jpg,synthetic_val,2,12625,1,71046,0.459124,0.864234,0.0810219,0.189051,168.629
synthetic/images/img035716.jpg,synthetic_val,3,47145,3,45633,-0.200297,-0.378339,0.55638,0.712167,10.366
synthetic/images/img035721.jpg,synthetic_val,1,65345,1,56344,0.219382,0.780024,-0.17063,0.560642,57.4244
synthetic/images/img035738.jpg,synthetic_val,3,60506,0,61607,0.844742,-0.343176,0.29038,0.29038,159.014
synthetic/images/img035865.jpg,synthetic_val,2,47251,2,74007,0.0800926,0.0800926,0.854321,0.507253,44.7117
synthetic/images/img035878.jpg,synthetic_val,0,31624,0,31655,0.729727,0.524491,0.205236,-0.387667,22.8
synthetic/images/img035889.jpg,synthetic_val,1,34466,1,25575,-0.030846,0.987072,0.15423,-0.030846,9.64608
synthetic/images/img035905.jpg,synthetic_val,2,03032,2,02343,-0.445801,-0.106143,0.679315,-0.573172,26.3411
synthetic/images/img035941.jpg,synthetic_val,0,61446,0,61655,0.851896,-0.239596,0.239596,0.399326,25.5325
synthetic/images/img035944.jpg,synthetic_val,0,24000,0,24256,0.72373,-0.610647,0.248782,-0.203549,31.2518
synthetic/images/img035980.jpg,synthetic_val,3,44670,3,44746,-0.423106,-0.386314,0.570273,0.588669,9.49493
synthetic/images/img035984.jpg,synthetic_val,0,26542,0,64203,0.670902,-0.608005,0.230623,0.356417,54.9938
synthetic/images/img036016.jpg,synthetic_val,2,72177,2,36535,0.362209,0.507093,0.772712,-0.120736,31.3031
synthetic/images/img036050.jpg,synthetic_val,0,11336,3,40676,-0.567072,-0.357045,0.31504,0.672085,24.7374
synthetic/images/img036090.jpg,synthetic_val,1,47514,2,71505,0.623538,0.023094,0.739008,0.254034,165.571
synthetic/images/img036117.jpg,synthetic_val,0,60271,2,62144,-0.52891,0.390934,0.735875,0.160973,135.589
synthetic/images/img036168.jpg,synthetic_val,2,31320,3,32373,0.276689,0.571823,-0.49804,0.590269,136.25
synthetic/images/img036230.jpg,synthetic_val,2,72145,2,70671,0.186352,0.346083,0.851896,0.346083,23.326
synthetic/images/img036263.jpg,synthetic_val,0,42105,0,25423,0.890609,-0.36181,0.194821,-0.194821,75.8297
synthetic/images/img036315.jpg,synthetic_val,0,61276,0,61722,0.861723,-0.188502,0.403933,0.24236,15.6569
synthetic/images/img036342.jpg,synthetic_val,3,34275,3,34760,0.251263,0.362936,-0.0837545,0.893381,16.7804
synthetic/images/img036380.jpg,synthetic_val,2,13407,2,13261,0.412362,-0.0651098,0.694504,-0.585988,28.0881
synthetic/images/img036421.jpg,synthetic_val,3,23166,3,20377,-0.365528,0.322525,-0.537541,0.688053,28.8071
synthetic/images/img036436.jpg,synthetic_val,1,65320,1,65230,-0.274743,0.799251,0.324696,0.424602,9.25623
synthetic/images/img036506.jpg,synthetic_val,3,35131,3,51132,0.581047,-0.500902,0.0200361,0.641155,82.357
synthetic/images/img036521.jpg,synthetic_val,3,62142,3,62103,-0.491304,0.444513,0.0233954,0.748653,11.4972
synthetic/images/img036537.jpg,synthetic_val,2,14403,1,27572,-0.0756891,0.80735,0.580283,-0.0756891,166.865
synthetic/images/img036551.jpg,synthetic_val,1,56350,1,56700,0.21338,0.758686,-0.165963,0.592723,15.7314
synthetic/images/img036576.jpg,synthetic_val,3,10762,3,12672,0.133109,-0.0266217,-0.505813,0.851896,48.4568
synthetic/images/img036737.jpg,synthetic_val,1,21643,1,21374,-0.0701862,0.748653,0.30414,-0.584885,31.526
synthetic/images/img036770.jpg,synthetic_val,0,16012,0,14272,0.837765,0.130901,-0.445063,-0.287982,15.7929
synthetic/images/img036772.jpg,synthetic_val,2,21027,3,21067,-0.300865,0.162004,-0.578586,0.74059,79.6422
synthetic/images/img036781.jpg,synthetic_val,2,51537,1,64377,-0.37392,0.703849,0.329929,0.505892,152.001
synthetic/images/img036846.jpg,synthetic_val,1,52242,1,52023,0.0898429,0.958324,-0.269529,0.0299476,22.1186
synthetic/images/img036879.jpg,synthetic_val,1,43723,1,43563,-0.138728,0.887862,-0.249711,0.360694,25.362
synthetic/images/img036891.jpg,synthetic_val,1,60351,1,06727,-0.543852,0.828726,-0.0258977,-0.129488,43.7921
synthetic/images/img036892.jpg,synthetic_val,2,23512,3,12126,0.199901,-0.199901,-0.644126,0.71076,37.1825
synthetic/images/img036908.jpg,synthetic_val,2,47376,2,47133,-0.026774,-0.240966,0.856767,0.455158,26.9986
synthetic/images/img036985.jpg,synthetic_val,1,30444,1,16362,0.256933,0.91354,-0.0285481,-0.314029,35.5149
synthetic/images/img037098.jpg,synthetic_val,3,06436,3,06712,-0.497423,-0.130901,-0.183261,0.837765,20.6437
synthetic/images/img037184.jpg,synthetic_val,3,50323,3,52020,0.0295269,-0.324796,0.0295269,0.944862,33.0701
synthetic/images/img037240.jpg,synthetic_val,0,75001,0,34104,0.896179,0.25205,0.0280056,-0.364073,97.9104
synthetic/images/img037270.jpg,synthetic_val,0,25502,0,25147,0.948174,-0.148152,0.0888913,-0.266674,8.44425
synthetic/images/img037296.jpg,synthetic_val,2,66270,2,66265,-0.509872,0.509872,0.562617,0.404381,3.29222
synthetic/images/img037335.jpg,synthetic_val,0,32031,0,03526,0.801253,-0.175274,-0.225352,-0.525822,88.5292
synthetic/images/img037351.jpg,synthetic_val,2,07014,2,07000,-0.36391,-0.36391,0.776342,-0.36391,9.72589
synthetic/images/img037362.jpg,synthetic_val,2,70200,2,43114,-0.0842816,-0.421408,0.899004,0.0842816,81.072
synthetic/images/img037501.jpg,synthetic_val,2,17651,2,75043,0.443543,0.0700331,0.74702,0.490232,73.1402
synthetic/images/img037527.jpg,synthetic_val,1,60063,1,60031,-0.610847,0.781884,0.122169,0.0244339,15.1341
synthetic/images/img037596.jpg,synthetic_val,1,45324,1,13466,0.414388,0.780024,-0.219382,-0.414388,128.119
synthetic/images/img037627.jpg,synthetic_val,3,62732,1,64347,-0.45663,0.695817,0.239187,0.500118,21.2311
synthetic/images/img037634.jpg,synthetic_val,1,72714,1,72176,0.308911,0.760398,0.546536,0.166337,10.4833
synthetic/images/img037688.jpg,synthetic_val,1,60132,1,60153,-0.463196,0.871899,0.0817405,0.136234,14.8566
synthetic/images/img037698.jpg,synthetic_val,1,32772,2,60005,-0.669726,0.023094,0.739008,0.069282,150.5
synthetic/images/img037719.jpg,synthetic_val,0,56106,0,30220,0.689329,0.0215415,0.28004,-0.667787,163.776
synthetic/images/img037815.jpg,synthetic_val,0,40223,0,60224,0.688053,-0.666551,0.279521,0.0645049,77.6688
synthetic/images/img037871.jpg,synthetic_val,1,52274,1,70414,0.146114,0.935129,0.0292228,0.321451,17.9915
synthetic/images/img037909.jpg,synthetic_val,3,15453,3,05421,-0.29282,-0.608164,-0.157672,0.720787,92.6046
synthetic/images/img037913.jpg,synthetic_val,0,07047,0,02576,0.763856,-0.453539,-0.214834,-0.405798,29.7664
synthetic/images/img037944.jpg,synthetic_val,3,02772,3,02773,-0.415376,-0.0244339,-0.464244,0.781884,4.04934
synthetic/images/img037970.jpg,synthetic_val,2,16640,2,34466,0.0304997,0.213498,0.975991,-0.0304997,49.0702
synthetic/images/img038078.jpg,synthetic_val,0,41571,3,15045,0.385673,-0.629255,-0.182687,0.649554,104.356
synthetic/images/img038101.jpg,synthetic_val,2,34656,2,36504,0.238919,0.451292,0.849491,-0.132733,24.8271
synthetic/images/img038105.jpg,synthetic_val,0,70127,0,70142,0.948174,0.266674,0.0888913,0.148152,16.1056
synthetic/images/img038122.jpg,synthetic_val,2,34670,2,70230,0.143208,0.372342,0.916533,0.0286417,11.06
synthetic/images/img038164.jpg,synthetic_val,2,13475,1,47532,-0.0719402,0.767362,-0.215821,0.599501,105.476
synthetic/images/img038191.jpg,synthetic_val,2,72245,1,72423,0.0740121,0.789462,0.567426,0.222036,34.6246
synthetic/images/img038212.jpg,synthetic_val,0,14426,0,56122,0.833209,0.23434,-0.23434,0.442642,82.195
synthetic/images/img038276.jpg,synthetic_val,3,74555,3,47527,-0.115966,-0.208739,0.626216,0.742182,56.1884
synthetic/images/img038281.jpg,synthetic_val,1,40673,1,20367,-0.436459,0.665081,0.311757,-0.519594,129.99
synthetic/images/img038314.jpg,synthetic_val,3,10732,3,20777,-0.397722,0.350931,-0.397722,0.748653,121.653
synthetic/images/img038448.jpg,synthetic_val,0,32175,3,33174,0.535661,0.387893,-0.461777,0.591074,176.001
synthetic/images/img038540.jpg,synthetic_val,0,56507,0,56175,0.734324,0.344214,-0.252424,0.527795,13.9412
synthetic/images/img038588.jpg,synthetic_val,3,62460,3,02272,-0.541845,-0.0200683,-0.541845,0.642187,107.651
synthetic/images/img038649.jpg,synthetic_val,1,41572,1,41524,-0.159628,0.729727,-0.615707,0.250844,13.2212
synthetic/images/img038680.jpg,synthetic_val,2,67321,2,63570,-0.0740121,0.518084,0.789462,0.320719,17.3888
synthetic/images/img038752.jpg,synthetic_val,0,16276,0,16245,0.93834,0.0879694,-0.205262,-0.263908,21.2245
synthetic/images/img038758.jpg,synthetic_val,2,33254,2,33151,0.565697,0.310221,0.583945,-0.492704,25.5704
synthetic/images/img038773.jpg,synthetic_val,0,70017,0,70032,0.965275,0.150824,0.211154,0.0301648,13.5438
synthetic/images/img038791.jpg,synthetic_val,2,12755,2,16030,0.13387,-0.294514,0.856767,-0.40161,32.1861
synthetic/images/img038795.jpg,synthetic_val,0,61744,0,61562,0.890609,-0.194821,0.194821,0.36181,11.8099
synthetic/images/img038871.jpg,synthetic_val,3,34647,3,61332,-0.084549,0.422745,0.028183,0.901856,21.2414
synthetic/images/img038882.jpg,synthetic_val,1,76204,1,76262,0.0202986,0.649554,0.629255,0.42627,11.3126
synthetic/images/img038909.jpg,synthetic_val,1,40276,1,26141,-0.484974,0.739008,0.392598,-0.254034,103.491
synthetic/images/img038990.jpg,synthetic_val,0,02234,0,02650,0.688053,-0.580544,-0.150512,-0.408531,23.861
synthetic/images/img039018.jpg,synthetic_val,3,26470,3,26427,-0.589631,0.467638,-0.10166,0.650627,7.03744
synthetic/images/img039049.jpg,synthetic_val,2,50611,2,50165,0.250844,-0.615707,0.729727,0.159628,14.5903
synthetic/images/img039065.jpg,synthetic_val,0,06705,0,06364,0.789462,-0.567426,-0.0740121,-0.222036,17.5771
synthetic/images/img039069.jpg,synthetic_val,3,10644,3,01557,-0.0215415,-0.624704,-0.366206,0.689329,12.7533
synthetic/images/img039103.jpg,synthetic_val,1,56023,1,52476,0.135831,0.869321,-0.244497,0.407494,6.08945
synthetic/images/img039122.jpg,synthetic_val,3,60745,3,60557,-0.432219,0.0762739,0.38137,0.813589,19.7744
synthetic/images/img039196.jpg,synthetic_val,0,12274,0,74144,0.791391,0.222579,0.024731,0.568812,146.005
synthetic/images/img039259.jpg,synthetic_val,0,52105,0,34117,0.847106,0.397081,0.0794162,-0.344137,77.341
synthetic/images/img039268.jpg,synthetic_val,1,61364,1,72122,0.222579,0.791391,0.568812,0.024731,58.9163
synthetic/images/img039371.jpg,synthetic_val,2,70167,2,70114,0.374809,0.0288315,0.922608,0.0864945,26.0946
synthetic/images/img039383.jpg,synthetic_val,0,31114,0,17215,0.760398,0.546536,-0.166337,-0.308911,40.1177
synthetic/images/img039505.jpg,synthetic_val,3,12630,0,17245,0.822136,0.488143,-0.179842,-0.231226,177.526
synthetic/images/img039575.jpg,synthetic_val,3,51120,0,02556,0.745396,-0.442579,-0.302817,-0.395992,137.77
synthetic/images/img039604.jpg,synthetic_val,0,55750,0,57050,0.6932,0.454912,-0.324937,0.454912,18.6353
synthetic/images/img039614.jpg,synthetic_val,3,14103,1,21227,-0.273518,0.673274,0.315597,-0.610155,11.7179
synthetic/images/img039645.jpg,synthetic_val,2,76103,2,76074,0.111276,0.46736,0.712167,0.51187,23.7921
synthetic/images/img039691.jpg,synthetic_val,3,50250,3,43531,-0.0285481,-0.314029,0.256933,0.91354,39.2811
synthetic/images/img039693.jpg,synthetic_val,2,41123,1,14474,0.118545,0.758686,-0.640141,-0.0237089,22.4673
synthetic/images/img039715.jpg,synthetic_val,2,40323,2,42303,-0.543852,-0.129488,0.828726,0.0258977,31.6412
synthetic/images/img039779.jpg,synthetic_val,2,23115,2,32040,0.0221241,0.37611,0.707972,-0.597351,5.60693
synthetic/images/img039785.jpg,synthetic_val,1,16302,1,16237,0.198547,0.907642,-0.0283638,-0.368729,13.6471
synthetic/images/img039798.jpg,synthetic_val,0,53312,0,71007,0.854321,0.507253,0.0800926,0.0800926,32.7525
synthetic/images/img039801.jpg,synthetic_val,2,34447,2,16640,0.0303869,-0.212708,0.972379,-0.0911606,36.5501
synthetic/images/img039823.jpg,synthetic_val,3,63506,3,61677,-0.228232,0.380387,0.380387,0.811493,14.5245
synthetic/images/img039897.jpg,synthetic_val,0,61025,0,60150,0.851896,-0.505813,0.0266217,0.133109,24.3978
synthetic/images/img039902.jpg,synthetic_val,1,37765,2,37271,0.458626,0.578268,0.638089,-0.219343,25.2839
synthetic/images/img039965.jpg,synthetic_val,1,23674,2,23665,-0.269723,0.601691,0.663935,-0.352715,9.37642
synthetic/images/img039989.jpg,synthetic_val,1,43272,1,43212,-0.321451,0.935129,-0.146114,0.0292228,17.5433
synthetic/images/img039993.jpg,synthetic_val,0,50532,0,05475,0.74702,-0.210099,-0.630298,-0.0233444,62.9849
synthetic/images/img040008.jpg,synthetic_val,0,15433,1,75103,0.596185,0.706589,0.0662428,0.375376,96.2068
synthetic/images/img040043.jpg,synthetic_val,1,47176,1,56342,0.227067,0.80735,-0.126148,0.529823,36.1877
synthetic/images/img040047.jpg,synthetic_val,1,26013,2,21643,-0.317641,0.268773,0.781884,-0.464244,71.0925
synthetic/images/img040056.jpg,synthetic_val,2,22504,2,07061,-0.343176,-0.29038,0.844742,-0.29038,80.1584
synthetic/images/img040058.jpg,synthetic_val,3,17732,0,12432,0.785646,0.122757,-0.220963,-0.564683,162.663
synthetic/images/img040066.jpg,synthetic_val,3,60646,3,60661,-0.617861,0.276972,0.276972,0.681778,8.90454
synthetic/images/img040100.jpg,synthetic_val,1,03471,1,03452,-0.268773,0.781884,-0.317641,-0.464244,4.58454
synthetic/images/img040134.jpg,synthetic_val,2,50346,2,50253,0.178434,-0.535303,0.8157,0.127453,6.96159
synthetic/images/img040165.jpg,synthetic_val,0,11341,3,44116,-0.373556,-0.570164,0.373556,0.629146,31.0177
synthetic/images/img040211.jpg,synthetic_val,1,43307,1,43342,-0.208885,0.954905,-0.149204,0.149204,6.82127
synthetic/images/img040227.jpg,synthetic_val,2,52300,2,16547,0.30334,-0.358493,0.882444,-0.0275764,22.2832
synthetic/images/img040231.jpg,synthetic_val,1,50571,1,55465,0.342634,0.577069,-0.486902,0.559035,36.0107
synthetic/images/img040237.jpg,synthetic_val,2,04234,2,06003,-0.610155,-0.273518,0.673274,-0.315597,14.2247
synthetic/images/img040240.jpg,synthetic_val,3,25557,3,53037,0.567426,-0.222036,0.0740121,0.789462,81.9656
synthetic/images/img040272.jpg,synthetic_val,3,30677,3,32505,0.254034,0.392598,-0.484974,0.739008,13.2753
synthetic/images/img040315.jpg,synthetic_val,2,14372,2,16336,0.352124,-0.0270864,0.866766,-0.352124,47.5711
synthetic/images/img040461.jpg,synthetic_val,1,52216,1,70062,0.0301648,0.965275,0.211154,0.150824,46.5077
synthetic/images/img040505.jpg,synthetic_val,3,67015,3,64137,-0.409549,0.168638,0.457732,0.770916,35.0925
synthetic/images/img040619.jpg,synthetic_val,2,47167,2,65506,-0.16449,0.0704956,0.751953,0.63446,35.341
synthetic/images/img040683.jpg,synthetic_val,2,40173,2,40172,-0.421184,-0.554189,0.709362,0.110838,3.8665
synthetic/images/img040709.jpg,synthetic_val,0,64517,0,61447,0.847106,-0.344137,0.0794162,0.397081,29.8198
synthetic/images/img040764.jpg,synthetic_val,0,64552,0,03433,0.772712,-0.217325,-0.217325,-0.555387,150.049
synthetic/images/img040861.jpg,synthetic_val,0,01217,0,03475,0.822136,-0.231226,-0.282609,-0.43676,32.5074
synthetic/images/img040894.jpg,synthetic_val,0,34516,3,34474,0.152499,0.152499,-0.0304997,0.975991,171.84
synthetic/images/img040899.jpg,synthetic_val,0,35242,0,31462,0.770916,0.409549,0.168638,-0.457732,26.6567
synthetic/images/img041039.jpg,synthetic_val,3,52347,3,07227,-0.352124,-0.0270864,-0.352124,0.866766,103.555
synthetic/images/img041082.jpg,synthetic_val,2,44510,2,44520,-0.426585,-0.500773,0.593509,0.463679,10.1178
synthetic/images/img041126.jpg,synthetic_val,0,03751,0,03637,0.813589,-0.228822,-0.0254246,-0.533917,27.7328
synthetic/images/img041213.jpg,synthetic_val,1,27312,2,23655,-0.200297,0.55638,0.712167,-0.378339,28.4902
synthetic/images/img041258.jpg,synthetic_val,2,52062,2,16624,0.0307293,-0.0921878,0.983336,-0.153646,41.2708
synthetic/images/img041268.jpg,synthetic_val,2,03705,2,03521,-0.121303,-0.266868,0.776342,-0.557996,10.8835
synthetic/images/img041312.jpg,synthetic_val,3,50237,3,52071,0.200492,-0.315058,0.143208,0.916533,17.4508
synthetic/images/img041372.jpg,synthetic_val,1,47276,3,47602,-0.344214,-0.114738,0.57369,0.734324,131.058
synthetic/images/img041438.jpg,synthetic_val,0,06373,0,61244,0.861723,-0.403933,0.24236,0.188502,63.6357
synthetic/images/img041484.jpg,synthetic_val,0,00500,0,00673,0.667391,-0.521399,-0.354552,-0.396264,28.1982
synthetic/images/img041490.jpg,synthetic_val,2,52776,2,53243,0.501565,-0.131991,0.844742,0.131991,35.9233
synthetic/images/img041516.jpg,synthetic_val,0,01553,3,17075,0.549021,-0.262575,-0.214834,0.763856,157.811
synthetic/images/img041528.jpg,synthetic_val,2,65131,2,43763,-0.143208,-0.0286417,0.916533,0.372342,25.0647
synthetic/images/img041542.jpg,synthetic_val,3,42306,3,16775,0.422745,-0.084549,-0.028183,0.901856,122.452
synthetic/images/img041593.jpg,synthetic_val,3,34211,3,34213,0.185826,0.292013,-0.398199,0.849491,8.70375
synthetic/images/img041612.jpg,synthetic_val,3,16256,3,16620,0.0303869,-0.0911606,-0.212708,0.972379,15.6527
synthetic/images/img041614.jpg,synthetic_val,3,56305,3,65124,-0.183261,0.130901,0.497423,0.837765,65.7923
synthetic/images/img041766.jpg,synthetic_val,0,20562,0,42703,0.80735,-0.529823,-0.126148,0.227067,83.8948
synthetic/images/img041937.jpg,synthetic_val,1,55605,2,00046,-0.527703,-0.493657,0.544725,-0.425567,27.1541
synthetic/images/img041957.jpg,synthetic_val,1,63746,1,67125,-0.116216,0.743784,0.488108,0.441622,18.4102
synthetic/images/img041970.jpg,synthetic_val,0,22065,1,46762,-0.469975,0.653879,-0.0204337,0.592578,49.4834
synthetic/images/img041987.jpg,synthetic_val,3,23153,3,32012,0.102684,0.390201,-0.636643,0.65718,14.6469
synthetic/images/img042058.jpg,synthetic_val,1,12663,1,34014,0.143208,0.916533,0.0286417,-0.372342,19.5798
synthetic/images/img042077.jpg,synthetic_val,1,10763,1,45055,-0.176674,0.628176,-0.608545,0.451501,122.266
synthetic/images/img042148.jpg,synthetic_val,2,12024,2,21116,-0.0691347,0.0691347,0.737437,-0.668302,37.9336
synthetic/images/img042158.jpg,synthetic_val,2,72365,2,72065,0.0768726,0.538108,0.819974,0.179369,27.0682
synthetic/images/img042207.jpg,synthetic_val,0,14664,0,14670,0.849491,0.132733,-0.504385,-0.0796398,16.2128
synthetic/images/img042224.jpg,synthetic_val,1,26422,1,20653,-0.541562,0.6932,0.238287,-0.411587,41.8526
synthetic/images/img042240.jpg,synthetic_val,1,04265,1,06070,-0.604494,0.716438,-0.246276,-0.246276,20.5714
synthetic/images/img042262.jpg,synthetic_val,3,46575,3,45636,-0.236518,-0.365528,0.580544,0.688053,23.8392
synthetic/images/img042304.jpg,synthetic_val,1,52226,1,43372,-0.0921878,0.983336,-0.0307293,0.153646,12.9673
synthetic/images/img042342.jpg,synthetic_val,2,31204,2,02307,-0.434959,-0.103562,0.662794,-0.600657,99.9239
synthetic/images/img042362.jpg,synthetic_val,0,53223,0,71001,0.859235,0.510171,0.0268511,0.0268511,5.27108
synthetic/images/img042375.jpg,synthetic_val,2,25521,2,25431,-0.262111,0.145617,0.931951,-0.203864,12.1219
synthetic/images/img042417.jpg,synthetic_val,0,23315,0,23577,0.745396,-0.0232936,0.535754,-0.395992,24.9174
synthetic/images/img042464.jpg,synthetic_val,0,56326,0,30554,0.830959,0.337577,0.0259675,-0.441447,114.622
synthetic/images/img042511.jpg,synthetic_val,2,34322,2,03454,-0.270066,-0.368271,0.785646,-0.417374,106.931
synthetic/images/img042547.jpg,synthetic_val,3,16735,3,17670,0.545317,-0.0779024,-0.0779024,0.830959,18.4019
synthetic/images/img042637.jpg,synthetic_val,2,13754,2,12543,0.268773,-0.317641,0.781884,-0.464244,47.8197
synthetic/images/img042717.jpg,synthetic_val,3,71166,3,71050,0.543852,0.0258977,0.129488,0.828726,18.4971
synthetic/images/img042757.jpg,synthetic_val,0,17352,0,17072,0.783758,0.514341,-0.220432,-0.269417,21.8073
synthetic/images/img042797.jpg,synthetic_val,1,37713,1,31562,0.55095,0.705215,0.154266,-0.418722,56.2107
synthetic/images/img042810.jpg,synthetic_val,0,32464,0,32642,0.695817,0.0217443,0.587095,-0.413141,10.8441
synthetic/images/img042899.jpg,synthetic_val,3,73511,0,76430,0.695817,0.108721,0.45663,0.543607,43.7323
synthetic/images/img042943.jpg,synthetic_val,0,24256,0,42222,0.717879,-0.695445,-0.0224337,0.0224337,42.0532
synthetic/images/img042996.jpg,synthetic_val,3,40214,3,40623,-0.613422,-0.359592,0.190372,0.676879,20.1306
synthetic/images/img042998.jpg,synthetic_val,1,67631,2,67302,-0.153081,0.590455,0.699798,0.371768,21.3974
synthetic/images/img043046.jpg,synthetic_val,3,43316,3,43325,-0.153069,-0.0918415,0.0918415,0.979643,10.7112
synthetic/images/img043062.jpg,synthetic_val,3,16621,3,07716,-0.0911606,-0.151934,-0.151934,0.972379,22.2269
synthetic/images/img043067.jpg,synthetic_val,3,70540,3,52665,0.0842816,-0.0842816,0.421408,0.899004,23.1108
synthetic/images/img043078.jpg,synthetic_val,2,70337,2,70366,0.24236,0.403933,0.861723,0.188502,24.0713
synthetic/images/img043079.jpg,synthetic_val,1,53113,0,71531,0.699798,0.67793,0.109344,0.196818,49.7673
synthetic/images/img043137.jpg,synthetic_val,1,72316,2,72164,0.225352,0.525822,0.801253,0.175274,34.2403
synthetic/images/img043209.jpg,synthetic_val,2,02375,2,03036,-0.241948,-0.197958,0.703849,-0.637864,24.9957
synthetic/images/img043253.jpg,synthetic_val,1,32003,1,30026,0.0228515,0.73125,0.159961,-0.662695,27.8315
synthetic/images/img043270.jpg,synthetic_val,2,35606,2,34753,0.403933,0.296217,0.861723,-0.0807866,10.196
synthetic/images/img043309.jpg,synthetic_val,3,54136,3,67007,-0.29707,0.434179,0.434179,0.73125,136.499
synthetic/images/img043360.jpg,synthetic_val,2,24543,2,07647,-0.372342,-0.143208,0.916533,-0.0286417,33.2402
synthetic/images/img043370.jpg,synthetic_val,0,04226,0,06036,0.715006,-0.603286,-0.201095,-0.290471,19.1084
synthetic/images/img043404.jpg,synthetic_val,3,25507,0,70471,0.899004,0.196657,0.140469,0.36522,154.401
synthetic/images/img043545.jpg,synthetic_val,2,52640,2,61506,-0.20182,0.0864945,0.922608,0.317146,43.097
synthetic/images/img043552.jpg,synthetic_val,0,47133,0,30507,0.801253,0.275431,0.0751175,-0.525822,132.174
synthetic/images/img043634.jpg,synthetic_val,2,52332,2,70330,0.352124,0.352124,0.866766,0.0270864,44.3193
synthetic/images/img043651.jpg,synthetic_val,2,27344,1,14624,0.0266217,0.851896,-0.505813,-0.133109,162.719
synthetic/images/img043686.jpg,synthetic_val,2,06263,2,24215,-0.57369,0.206529,0.734324,-0.298319,26.0035
synthetic/images/img043794.jpg,synthetic_val,3,51254,0,02633,0.685522,-0.535564,-0.0214226,-0.492719,150.629
synthetic/images/img043823.jpg,synthetic_val,0,03754,0,61563,0.899004,-0.140469,0.196657,0.36522,108.393
synthetic/images/img043871.jpg,synthetic_val,1,35076,1,30567,0.285642,0.830959,0.181772,-0.441447,40.2795
synthetic/images/img043969.jpg,synthetic_val,0,30306,0,30136,0.701141,0.284839,0.153375,-0.635409,12.58
synthetic/images/img043984.jpg,synthetic_val,1,01554,2,50171,0.335159,-0.603286,0.715006,0.11172,43.1203
synthetic/images/img044163.jpg,synthetic_val,0,76256,0,76403,0.712167,0.0667657,0.422849,0.55638,20.8626
synthetic/images/img044210.jpg,synthetic_val,0,43356,0,43353,0.975991,-0.0304997,-0.152499,0.152499,9.79369
synthetic/images/img044262.jpg,synthetic_val,0,75235,0,76131,0.719328,0.337185,0.472059,0.382143,30.18
synthetic/images/img044274.jpg,synthetic_val,0,56560,3,53035,0.560642,-0.268133,0.0731272,0.780024,73.2627
synthetic/images/img044289.jpg,synthetic_val,1,30305,1,03302,-0.154266,0.705215,-0.11019,-0.683177,57.9828
synthetic/images/img044456.jpg,synthetic_val,0,06654,0,24446,0.716438,-0.694049,0.067166,-0.0223887,25.9637
synthetic/images/img044489.jpg,synthetic_val,0,50770,0,57020,0.770916,0.409549,-0.265003,0.409549,26.1598
synthetic/images/img044568.jpg,synthetic_val,2,77622,1,77275,0.425416,0.591883,0.536394,0.425416,16.5095
synthetic/images/img044597.jpg,synthetic_val,2,67362,1,67302,-0.153081,0.699798,0.590455,0.371768,13.5804
synthetic/images/img044607.jpg,synthetic_val,3,56755,3,56166,0.217325,-0.217325,0.555387,0.772712,21.3821
synthetic/images/img044635.jpg,synthetic_val,0,43536,0,43344,0.935129,-0.204559,-0.204559,0.204559,16.9754
synthetic/images/img044728.jpg,synthetic_val,1,01362,1,01362,-0.153081,0.699798,-0.371768,-0.590455,1.67394
synthetic/images/img044747.jpg,synthetic_val,0,51175,1,51527,0.540108,0.640128,-0.5001,0.220044,13.0356
synthetic/images/img044752.jpg,synthetic_val,1,34751,1,35245,0.483068,0.813589,0.228822,-0.228822,20.2722
synthetic/images/img044771.jpg,synthetic_val,3,73775,3,77010,0.464606,0.37611,0.37611,0.707972,28.9287
synthetic/images/img044799.jpg,synthetic_val,1,62544,1,60763,-0.487057,0.742182,0.347898,0.301511,8.77946
synthetic/images/img044806.jpg,synthetic_val,0,52524,0,14632,0.859235,0.134255,-0.456468,-0.187958,59.5902
synthetic/images/img044817.jpg,synthetic_val,3,27512,3,27503,-0.130901,0.497423,-0.183261,0.837765,8.62844
synthetic/images/img044822.jpg,synthetic_val,0,56255,0,30650,0.828726,0.129488,0.233079,-0.492056,137.274
synthetic/images/img044848.jpg,synthetic_val,2,04472,2,04146,-0.462317,-0.582922,0.643224,-0.180907,19.5146
synthetic/images/img044900.jpg,synthetic_val,3,14332,3,25063,-0.352124,0.189605,-0.297951,0.866766,109.519
synthetic/images/img045019.jpg,synthetic_val,1,56354,1,60577,-0.426737,0.80327,0.175715,0.376533,99.8981
synthetic/images/img045041.jpg,synthetic_val,3,53617,3,60500,-0.568812,0.024731,0.222579,0.791391,139.485
synthetic/images/img045055.jpg,synthetic_val,3,07236,3,07246,-0.407494,-0.135831,-0.244497,0.869321,19.3881
synthetic/images/img045094.jpg,synthetic_val,0,26530,0,27422,0.748653,-0.350931,0.538095,-0.163768,11.8067
synthetic/images/img045229.jpg,synthetic_val,1,27434,2,27451,-0.240278,0.453858,0.854321,-0.0800926,54.6277
synthetic/images/img045341.jpg,synthetic_val,3,24627,3,60076,-0.627568,0.162703,0.162703,0.743784,35.6686
synthetic/images/img045435.jpg,synthetic_val,1,61774,1,61773,-0.0265466,0.849491,0.398199,0.345106,11.2426
synthetic/images/img045454.jpg,synthetic_val,1,74412,1,74455,0.155173,0.709362,0.0221676,0.687194,14.8701
synthetic/images/img045462.jpg,synthetic_val,3,61646,0,62704,0.667391,-0.479687,0.521399,0.229416,178.606
synthetic/images/img045465.jpg,synthetic_val,1,23576,1,27052,-0.272709,0.793334,0.471042,-0.272709,26.1859
synthetic/images/img045497.jpg,synthetic_val,3,25660,3,61202,-0.40511,0.29708,0.0270073,0.864234,12.4213
synthetic/images/img045510.jpg,synthetic_val,0,65760,0,56276,0.805302,0.125828,-0.0251657,0.578811,50.8222
synthetic/images/img045517.jpg,synthetic_val,1,17026,1,17225,0.480589,0.809414,-0.0758825,-0.328824,15.1019
synthetic/images/img045578.jpg,synthetic_val,1,43536,1,47217,-0.233079,0.828726,-0.129488,0.492056,35.7453
synthetic/images/img045639.jpg,synthetic_val,1,36710,2,37244,0.378339,0.55638,0.712167,-0.200297,28.1701
synthetic/images/img045709.jpg,synthetic_val,3,30620,3,30225,0.0663723,0.287613,-0.641599,0.707972,16.1197
synthetic/images/img045763.jpg,synthetic_val,2,23007,2,21261,-0.284293,0.284293,0.699798,-0.590455,11.7717
synthetic/images/img045775.jpg,synthetic_val,2,63253,1,63164,-0.177059,0.809414,0.531178,0.177059,33.98
synthetic/images/img045806.jpg,synthetic_val,1,26257,1,26476,-0.565081,0.669726,0.481365,-0.0209289,21.2611
synthetic/images/img045906.jpg,synthetic_val,2,42203,2,42040,-0.655727,-0.317287,0.676879,0.105762,25.8869
synthetic/images/img045908.jpg,synthetic_val,0,01572,0,50644,0.758686,0.0237089,-0.545305,0.355634,92.9051
synthetic/images/img045939.jpg,synthetic_val,0,46601,0,46463,0.606152,-0.549325,-0.17048,0.549325,7.23943
synthetic/images/img045985.jpg,synthetic_val,3,34035,3,34070,0.144639,0.144639,-0.318206,0.925691,5.47162
synthetic/images/img045988.jpg,synthetic_val,2,72670,2,72473,0.166337,0.546536,0.760398,0.308911,13.6811
synthetic/images/img046073.jpg,synthetic_val,1,70341,1,70351,0.407494,0.869321,0.244497,0.135831,9.30035
synthetic/images/img046184.jpg,synthetic_val,1,16703,1,16700,0.259483,0.922608,-0.20182,-0.20182,12.2798
synthetic/images/img046213.jpg,synthetic_val,0,57612,0,56733,0.739008,0.34641,-0.023094,0.57735,18.2384
synthetic/images/img046223.jpg,synthetic_val,2,65355,1,14623,0.0810219,0.864234,-0.459124,-0.189051,146.438
synthetic/images/img046244.jpg,synthetic_val,2,13423,1,71570,0.639101,0.705215,0.11019,0.286494,172.812
synthetic/images/img046251.jpg,synthetic_val,3,23565,3,27217,-0.201095,0.603286,-0.290471,0.715006,20.3658
synthetic/images/img046265.jpg,synthetic_val,1,75721,1,77164,0.488509,0.625291,0.410347,0.449428,18.163
synthetic/images/img046280.jpg,synthetic_val,2,27462,2,26156,-0.444513,0.444513,0.748653,-0.210559,23.6356
synthetic/images/img046316.jpg,synthetic_val,1,50034,2,50360,0.233079,-0.492056,0.828726,0.129488,59.6635
synthetic/images/img046341.jpg,synthetic_val,1,52200,1,25741,-0.148152,0.948174,0.266674,-0.0888913,59.2742
synthetic/images/img046345.jpg,synthetic_val,3,62177,3,62352,-0.410817,0.583792,0.10811,0.691902,9.48265
synthetic/images/img046357.jpg,synthetic_val,1,74576,3,64345,-0.46101,0.197576,0.504916,0.702491,111.606
synthetic/images/img046404.jpg,synthetic_val,3,41255,3,41737,-0.0263982,-0.448769,0.29038,0.844742,28.6302
synthetic/images/img046414.jpg,synthetic_val,3,25556,3,25554,-0.0932505,0.0310835,-0.0310835,0.994672,9.3785
synthetic/images/img046484.jpg,synthetic_val,2,77215,2,45165,-0.104099,-0.562134,0.666233,0.478855,146.344
synthetic/images/img046488.jpg,synthetic_val,2,64162,2,64305,-0.480888,0.206095,0.732782,0.435089,7.52036
synthetic/images/img046539.jpg,synthetic_val,0,45347,3,15277,0.524491,-0.387667,-0.205236,0.729727,56.2701
synthetic/images/img046555.jpg,synthetic_val,3,27752,0,05132,0.737437,-0.0691347,-0.576123,-0.345674,141.388
synthetic/images/img046570.jpg,synthetic_val,0,12245,0,47373,0.835478,-0.0261087,-0.0261087,0.548282,142.78
synthetic/images/img046574.jpg,synthetic_val,1,43643,1,43663,-0.352124,0.866766,-0.0270864,0.352124,10.4051
synthetic/images/img046608.jpg,synthetic_val,2,60217,2,06525,-0.523205,-0.27406,0.797264,-0.124573,66.0128
synthetic/images/img046629.jpg,synthetic_val,1,54126,1,54304,0.201498,0.716438,-0.51494,0.425385,3.71947
synthetic/images/img046697.jpg,synthetic_val,0,37075,0,37304,0.647423,0.505799,0.505799,-0.263016,11.8213
synthetic/images/img046763.jpg,synthetic_val,0,57645,0,31420,0.74059,0.393438,0.115717,-0.532299,146.532
synthetic/images/img046828.jpg,synthetic_val,1,05654,1,50066,0.0242607,0.776342,-0.606517,0.169825,39.9929
synthetic/images/img046831.jpg,synthetic_val,1,45610,1,10422,0.0214226,0.685522,-0.535564,-0.492719,126.729
synthetic/images/img046836.jpg,synthetic_val,3,06714,3,35164,0.596762,0.119352,-0.214834,0.763856,139.15
synthetic/images/img046849.jpg,synthetic_val,2,74347,2,47022,-0.372793,-0.223676,0.795292,0.422499,96.2666
synthetic/images/img046882.jpg,synthetic_val,3,35601,3,35605,0.492056,0.233079,-0.129488,0.828726,6.76204
synthetic/images/img046929.jpg,synthetic_val,2,66656,2,66510,-0.396264,0.354552,0.667391,0.521399,20.5211
synthetic/images/img046951.jpg,synthetic_val,1,70430,1,52362,0.267615,0.951522,-0.0297351,0.148675,30.9447
synthetic/images/img047033.jpg,synthetic_val,2,74763,3,77446,0.331176,0.370138,0.603909,0.62339,13.0229
synthetic/images/img047037.jpg,synthetic_val,3,63150,3,50227,0.0822304,-0.465972,0.0822304,0.877124,110.564
synthetic/images/img047050.jpg,synthetic_val,0,16200,3,16773,0.422745,-0.028183,-0.084549,0.901856,175.916
synthetic/images/img047075.jpg,synthetic_val,0,50757,3,30727,0.258484,0.352478,-0.493469,0.751953,73.9624
synthetic/images/img047092.jpg,synthetic_val,2,37037,2,37071,0.500118,0.45663,0.695817,-0.239187,5.56849
synthetic/images/img047104.jpg,synthetic_val,2,44313,2,40161,-0.445801,-0.573172,0.679315,0.106143,34.8593
synthetic/images/img047126.jpg,synthetic_val,3,10344,3,12056,0.116468,-0.302817,-0.582341,0.745396,26.7005
synthetic/images/img047128.jpg,synthetic_val,2,25517,2,16664,0.0310835,-0.0932505,0.994672,-0.0310835,29.5251
synthetic/images/img047136.jpg,synthetic_val,0,36070,0,34023,0.88514,0.0829819,0.193624,-0.41491,41.4962
synthetic/images/img047242.jpg,synthetic_val,1,63100,1,61370,-0.0856444,0.91354,0.371126,0.142741,23.6336
synthetic/images/img047245.jpg,synthetic_val,0,25407,0,21444,0.8157,-0.38236,0.0254906,-0.433341,34.868
synthetic/images/img047371.jpg,synthetic_val,3,46142,3,77505,0.512915,0.322947,0.512915,0.607899,142.003
synthetic/images/img047373.jpg,synthetic_val,3,71166,3,71055,0.574462,0.0249766,0.174836,0.799251,15.1077
synthetic/images/img047467.jpg,synthetic_val,0,24634,1,24031,-0.57369,0.734324,0.114738,-0.344214,76.6667
synthetic/images/img047492.jpg,synthetic_val,0,16653,0,16621,0.968808,0.0908257,-0.0908257,-0.211927,18.9484
synthetic/images/img047538.jpg,synthetic_val,3,40556,1,45124,-0.150512,0.688053,-0.580544,0.408531,149.933
synthetic/images/img047552.jpg,synthetic_val,1,05421,1,05672,-0.289574,0.842397,-0.447523,-0.0789747,26.0999
synthetic/images/img047705.jpg,synthetic_val,2,70547,2,71412,0.532542,0.0760775,0.811493,0.228232,35.9856
synthetic/images/img047712.jpg,synthetic_val,1,62073,1,06331,-0.432219,0.813589,-0.0762739,-0.38137,89.3429
synthetic/images/img047772.jpg,synthetic_val,3,34367,0,07047,0.842397,-0.342224,-0.342224,-0.236924,178.424
synthetic/images/img047864.jpg,synthetic_val,3,01601,3,01651,-0.201498,-0.51494,-0.425385,0.716438,12.6685
synthetic/images/img047868.jpg,synthetic_val,1,33536,2,33351,0.53648,0.432645,0.553786,-0.467257,27.2947
synthetic/images/img047872.jpg,synthetic_val,2,10356,2,11066,0.335795,-0.493817,0.632085,-0.493817,13.2022
synthetic/images/img047873.jpg,synthetic_val,2,71161,1,12364,0.215821,0.767362,-0.0719402,-0.599501,169.4
synthetic/images/img047946.jpg,synthetic_val,1,34250,1,34072,0.143208,0.916533,0.200492,-0.315058,7.44101
synthetic/images/img047953.jpg,synthetic_val,3,05742,3,05774,-0.0803219,-0.508706,-0.026774,0.856767,14.5352
synthetic/images/img048130.jpg,synthetic_val,2,12345,2,12070,0.114738,-0.252424,0.734324,-0.619586,21.2249
synthetic/images/img048200.jpg,synthetic_val,2,26232,1,26221,-0.535661,0.591074,0.535661,-0.277066,7.78561
synthetic/images/img048220.jpg,synthetic_val,0,27103,0,27503,0.837765,-0.130901,0.497423,-0.183261,23.8177
synthetic/images/img048250.jpg,synthetic_val,1,42116,1,24716,-0.485586,0.817829,0.281129,-0.127786,77.1497
synthetic/images/img048264.jpg,synthetic_val,1,53430,1,53050,0.507093,0.772712,-0.362209,0.120736,14.3858
synthetic/images/img048272.jpg,synthetic_val,1,03222,2,03661,-0.328824,-0.0758825,0.809414,-0.480589,139.568
synthetic/images/img048374.jpg,synthetic_val,1,03254,1,07227,-0.352124,0.866766,-0.0270864,-0.352124,34.7891
synthetic/images/img048420.jpg,synthetic_val,2,37532,1,31762,0.528812,0.676879,0.317287,-0.401897,55.8832
synthetic/images/img048426.jpg,synthetic_val,1,14125,2,45072,-0.233937,-0.531674,0.680543,0.446606,30.1887
synthetic/images/img048431.jpg,synthetic_val,0,30745,3,06162,-0.549021,-0.214834,-0.262575,0.763856,48.9221
synthetic/images/img048459.jpg,synthetic_val,1,66627,2,66477,-0.446215,0.410518,0.571155,0.553307,19.8967
synthetic/images/img048492.jpg,synthetic_val,3,40016,3,17146,0.57369,-0.298319,-0.206529,0.734324,143.379
synthetic/images/img048566.jpg,synthetic_val,1,06056,0,50640,0.770916,0.0240911,-0.554096,0.313185,140.249
synthetic/images/img048619.jpg,synthetic_val,1,25255,1,25700,-0.20182,0.922608,0.259483,-0.20182,9.59892
synthetic/images/img048626.jpg,synthetic_val,0,52126,0,52127,0.910577,0.313011,-0.2561,0.0853666,8.91722
synthetic/images/img048641.jpg,synthetic_val,2,05261,2,07046,-0.387427,-0.33577,0.826512,-0.232456,19.118
synthetic/images/img048685.jpg,synthetic_val,3,12753,3,16532,0.357407,-0.247436,-0.19245,0.879772,37.5108
synthetic/images/img048880.jpg,synthetic_val,0,53447,0,33445,0.722254,0.428838,0.383697,-0.383697,123.969
synthetic/images/img048903.jpg,synthetic_val,2,47533,2,65754,-0.0658586,0.197576,0.702491,0.680538,47.3138
synthetic/images/img048905.jpg,synthetic_val,2,65433,2,46132,-0.453539,-0.214834,0.763856,0.405798,54.7886
synthetic/images/img049028.jpg,synthetic_val,0,70111,0,16774,0.922608,0.374809,-0.0864945,-0.0288315,13.639
synthetic/images/img049048.jpg,synthetic_val,0,70207,0,70073,0.944862,0.206689,0.206689,0.147635,17.8709
synthetic/images/img049099.jpg,synthetic_val,2,04102,2,50125,0.253494,-0.622212,0.737437,0.0691347,94.872
synthetic/images/img049133.jpg,synthetic_val,1,01142,1,01632,-0.248275,0.722254,-0.383697,-0.51912,26.2576
synthetic/images/img049150.jpg,synthetic_val,3,35470,3,35445,0.510171,0.0268511,-0.0268511,0.859235,13.1872
synthetic/images/img049207.jpg,synthetic_val,2,42130,1,54140,0.179749,0.639106,-0.619134,0.419413,77.5438
synthetic/images/img049276.jpg,synthetic_val,2,73073,2,71230,0.51935,0.321503,0.791391,0.024731,22.9903
synthetic/images/img049289.jpg,synthetic_val,3,25515,3,07733,-0.0304997,-0.0304997,-0.213498,0.975991,10.7831
synthetic/images/img049310.jpg,synthetic_val,0,61560,0,61706,0.882444,-0.193035,0.30334,0.30334,19.095
synthetic/images/img049452.jpg,synthetic_val,0,00605,0,00667,0.647423,-0.586727,-0.343944,-0.343944,13.8763
synthetic/images/img049464.jpg,synthetic_val,2,50267,2,61727,-0.13387,0.40161,0.856767,0.294514,107.826
synthetic/images/img049481.jpg,synthetic_val,2,16324,2,36503,0.278951,0.481824,0.811493,-0.177514,71.4886
synthetic/images/img049506.jpg,synthetic_val,2,03535,2,03571,-0.0257599,-0.283358,0.824315,-0.489437,6.91616
synthetic/images/img049536.jpg,synthetic_val,2,46360,2,46612,-0.550791,-0.101998,0.652789,0.509992,10.2473
synthetic/images/img049540.jpg,synthetic_val,1,02275,0,62054,0.699798,-0.590455,0.371768,0.153081,59.0376
synthetic/images/img049639.jpg,synthetic_val,0,53435,0,53463,0.791391,0.469888,-0.222579,0.321503,14.3153
synthetic/images/img049717.jpg,synthetic_val,2,50420,1,27744,-0.169825,0.776342,0.606517,-0.0242607,174.195
synthetic/images/img049727.jpg,synthetic_val,3,15627,0,16034,0.8745,0.136641,-0.300609,-0.355266,168.174
synthetic/images/img049793.jpg,synthetic_val,0,34035,0,52742,0.887862,0.249711,-0.138728,0.360694,93.5136
synthetic/images/img049818.jpg,synthetic_val,3,52531,0,07241,0.866766,-0.352124,-0.189605,-0.297951,164.674
synthetic/images/img049943.jpg,synthetic_val,2,33015,2,30371,0.323724,0.280561,0.690612,-0.582704,15.6911
synthetic/images/img049962.jpg,synthetic_val,0,51110,2,52517,0.38236,-0.331378,0.8157,0.280397,129.639
synthetic/images/img050038.jpg,synthetic_val,2,35625,2,35607,0.485586,0.281129,0.817829,-0.127786,4.45327
synthetic/images/img050084.jpg,synthetic_val,2,65701,2,65167,-0.123958,0.173542,0.793334,0.570209,7.57051
synthetic/images/img050086.jpg,synthetic_val,0,34404,0,16254,0.931951,0.145617,-0.203864,-0.262111,32.342
synthetic/images/img050100.jpg,synthetic_val,1,12064,1,12065,0.0711268,0.758686,-0.260798,-0.592723,4.676
synthetic/images/img050179.jpg,synthetic_val,3,41537,3,41533,-0.0240354,-0.600885,0.216319,0.769133,7.37126
synthetic/images/img050198.jpg,synthetic_val,3,75264,3,76530,0.273518,0.441836,0.525995,0.673274,19.2224
synthetic/images/img050208.jpg,synthetic_val,0,57463,0,57060,0.739008,0.392598,-0.254034,0.484974,19.3566
synthetic/images/img050261.jpg,synthetic_val,3,45653,2,45622,-0.322525,-0.365528,0.688053,0.537541,25.855
synthetic/images/img050270.jpg,synthetic_val,1,53356,1,53300,0.606517,0.776342,-0.169825,0.0242607,19.8348
synthetic/images/img050288.jpg,synthetic_val,1,17473,1,17613,0.570209,0.793334,-0.123958,-0.173542,15.773
synthetic/images/img050360.jpg,synthetic_val,1,52055,1,53040,0.430001,0.809414,-0.379413,0.126471,28.2334
synthetic/images/img050371.jpg,synthetic_val,2,46053,2,42520,-0.549021,-0.262575,0.763856,0.214834,28.4542
synthetic/images/img050543.jpg,synthetic_val,2,70223,2,72003,0.0803219,0.508706,0.856767,0.026774,12.005
synthetic/images/img050602.jpg,synthetic_val,3,61006,3,24516,-0.504385,0.0796398,-0.132733,0.849491,26.1681
synthetic/images/img050626.jpg,synthetic_val,3,41437,0,72036,0.80327,0.125511,0.57735,0.0753066,176.691
synthetic/images/img050635.jpg,synthetic_val,3,52420,3,43172,-0.0888913,-0.266674,0.148152,0.948174,19.0639
synthetic/images/img050661.jpg,synthetic_val,0,73076,0,71357,0.689329,0.667787,0.236957,0.150791,42.495
synthetic/images/img050729.jpg,synthetic_val,0,73210,1,13067,0.415505,0.699798,-0.196818,-0.546718,121.19
synthetic/images/img050749.jpg,synthetic_val,3,71026,3,71032,0.539527,0.179842,0.0256917,0.822136,12.279
synthetic/images/img050834.jpg,synthetic_val,2,75452,2,75106,0.55638,0.0667657,0.712167,0.422849,27.049
synthetic/images/img050858.jpg,synthetic_val,0,74073,0,74435,0.748653,0.163768,0.116977,0.631676,14.3182
synthetic/images/img050916.jpg,synthetic_val,1,61350,1,25572,-0.0908257,0.968808,0.211927,-0.0908257,25.227
synthetic/images/img051019.jpg,synthetic_val,3,47127,3,47327,-0.133109,-0.0266217,0.505813,0.851896,22.5176
synthetic/images/img051020.jpg,synthetic_val,3,12647,3,03777,-0.0275764,-0.0275764,-0.468798,0.882444,19.4942
synthetic/images/img051045.jpg,synthetic_val,2,03434,2,01663,-0.302817,-0.395992,0.745396,-0.442579,16.1868
synthetic/images/img051051.jpg,synthetic_val,3,61445,3,61442,-0.397081,0.0794162,0.344137,0.847106,8.15969
synthetic/images/img051064.jpg,synthetic_val,1,51623,1,35702,0.58617,0.750298,0.257915,-0.164128,90.6223
synthetic/images/img051065.jpg,synthetic_val,2,47500,2,47004,-0.350165,-0.350165,0.74702,0.443543,25.0205
synthetic/images/img051123.jpg,synthetic_val,0,75634,3,75712,0.567537,0.215273,0.489256,0.626248,36.7843
synthetic/images/img051254.jpg,synthetic_val,1,61706,1,61307,-0.145617,0.931951,0.320358,0.0873704,28.0184
synthetic/images/img051255.jpg,synthetic_val,1,35576,1,17562,0.599501,0.767362,-0.215821,-0.0719402,44.3737
synthetic/images/img051263.jpg,synthetic_val,3,14766,3,12745,0.285642,-0.181772,-0.441447,0.830959,55.5114
synthetic/images/img051272.jpg,synthetic_val,1,45027,2,10525,0.228622,-0.561162,0.665081,-0.436459,19.5439
synthetic/images/img051391.jpg,synthetic_val,1,71010,1,75003,0.463139,0.780024,0.0731272,0.414388,45.9837
synthetic/images/img051394.jpg,synthetic_val,0,05517,3,42736,-0.489437,-0.0257599,0.283358,0.824315,97.3545
synthetic/images/img051489.jpg,synthetic_val,2,00671,2,50753,0.347898,-0.487057,0.742182,0.301511,133.2
synthetic/images/img051501.jpg,synthetic_val,2,70611,2,16447,0.0864945,-0.374809,0.922608,-0.0288315,80.6001
synthetic/images/img051540.jpg,synthetic_val,1,34060,1,34074,0.147122,0.941584,0.147122,-0.26482,15.3686
synthetic/images/img051627.jpg,synthetic_val,0,52615,0,07337,0.925691,-0.0289278,-0.0289278,-0.376062,89.5882
synthetic/images/img051634.jpg,synthetic_val,3,61513,3,43627,-0.358493,-0.0275764,0.30334,0.882444,43.2715
synthetic/images/img051661.jpg,synthetic_val,0,22731,0,27240,0.716438,-0.33583,0.559717,-0.246276,25.2859
synthetic/images/img051710.jpg,synthetic_val,2,64566,3,57264,0.395135,-0.0697297,0.534595,0.743784,107.422
synthetic/images/img051732.jpg,synthetic_val,1,32527,1,32770,0.265638,0.653879,0.592578,-0.388241,13.7858
synthetic/images/img051765.jpg,synthetic_val,0,02212,0,64131,0.793334,-0.421459,0.123958,0.421459,127.801
synthetic/images/img051867.jpg,synthetic_val,2,44101,1,15061,0.401897,0.676879,-0.571117,-0.232677,15.3936
synthetic/images/img051915.jpg,synthetic_val,1,60137,1,07642,-0.418772,0.893381,-0.139591,-0.0837545,42.3912
synthetic/images/img051973.jpg,synthetic_val,0,07106,0,05607,0.785646,-0.319169,-0.51558,-0.122757,35.0466
synthetic/images/img051985.jpg,synthetic_val,1,43225,1,52443,0.0810219,0.864234,-0.351095,0.351095,67.994
synthetic/images/img052004.jpg,synthetic_val,2,24521,2,24513,-0.459124,0.0810219,0.864234,-0.189051,13.9442
synthetic/images/img052117.jpg,synthetic_val,3,46434,3,46545,-0.407863,-0.291331,0.602084,0.621506,16.1401
synthetic/images/img052125.jpg,synthetic_val,0,03123,3,60043,-0.665481,0.0688428,0.114738,0.734324,12.0594
synthetic/images/img052140.jpg,synthetic_val,3,34344,3,35062,0.441447,0.181772,-0.285642,0.830959,25.4133
synthetic/images/img052297.jpg,synthetic_val,3,63105,3,63101,-0.136641,0.464578,0.0273281,0.8745,8.45023
synthetic/images/img052399.jpg,synthetic_val,2,12574,2,16330,0.344137,-0.0794162,0.847106,-0.397081,24.7694
synthetic/images/img052412.jpg,synthetic_val,0,15530,2,75251,0.504916,0.197576,0.702491,0.46101,179.386
synthetic/images/img052431.jpg,synthetic_val,1,15505,2,75415,0.481365,0.0209289,0.669726,0.565081,156.546
synthetic/images/img052468.jpg,synthetic_val,1,37155,0,37514,0.685522,0.621254,0.364184,-0.107113,9.67739
synthetic/images/img052494.jpg,synthetic_val,1,53004,1,53001,0.473376,0.797264,-0.373718,0.0249145,8.6399
synthetic/images/img052503.jpg,synthetic_val,1,42515,1,40375,-0.409549,0.770916,-0.457732,0.168638,16.0148
synthetic/images/img052580.jpg,synthetic_val,3,17314,3,42037,-0.599501,-0.215821,0.0719402,0.767362,161
synthetic/images/img052635.jpg,synthetic_val,0,00473,0,00663,0.638089,-0.578268,-0.338985,-0.378865,19.0709
synthetic/images/img052700.jpg,synthetic_val,2,43075,2,41724,-0.177514,-0.481824,0.811493,0.278951,23.982
synthetic/images/img052798.jpg,synthetic_val,3,34156,2,34324,0.236924,0.342224,0.842397,-0.342224,135.13
synthetic/images/img052807.jpg,synthetic_val,1,71112,1,53366,0.606517,0.776342,-0.0242607,0.169825,19.1018
synthetic/images/img052838.jpg,synthetic_val,3,21640,3,21461,-0.327154,0.125828,-0.478148,0.805302,14.3694
synthetic/images/img052927.jpg,synthetic_val,1,73526,1,73641,0.407029,0.685522,0.535564,0.278493,14.0737
synthetic/images/img052985.jpg,synthetic_val,2,03073,2,30073,0.162703,0.162703,0.743784,-0.627568,62.7458
synthetic/images/img053014.jpg,synthetic_val,2,77520,1,75613,0.479687,0.667391,0.229416,0.521399,56.1469
synthetic/images/img053035.jpg,synthetic_val,2,43601,2,70424,0.0292228,0.146114,0.935129,0.321451,59.7759
synthetic/images/img053052.jpg,synthetic_val,3,70176,0,74122,0.842397,0.236924,0.184274,0.447523,74.5911
synthetic/images/img053083.jpg,synthetic_val,3,43670,3,43614,-0.30334,-0.193035,0.30334,0.882444,11.1331
synthetic/images/img053094.jpg,synthetic_val,0,70504,0,70413,0.93834,0.205262,0.0879694,0.263908,12.3667
synthetic/images/img053099.jpg,synthetic_val,0,15234,0,10657,0.753619,0.164854,-0.494563,-0.40036,36.2486
synthetic/images/img053122.jpg,synthetic_val,2,47646,2,47544,-0.147279,-0.315597,0.673274,0.652234,32.9148
synthetic/images/img053167.jpg,synthetic_val,1,06527,1,06711,-0.45257,0.851896,-0.186352,-0.186352,14.9903
synthetic/images/img053204.jpg,synthetic_val,1,60751,1,60176,-0.493382,0.830959,0.181772,0.181772,20.8198
synthetic/images/img053272.jpg,synthetic_val,2,65220,2,60715,-0.43676,0.231226,0.822136,0.282609,18.2851
synthetic/images/img053274.jpg,synthetic_val,2,13645,0,26655,0.670902,-0.524142,0.524142,-0.0209657,72.2785
synthetic/images/img053334.jpg,synthetic_val,1,46153,1,42575,-0.417374,0.785646,-0.270066,0.368271,16.9335
synthetic/images/img053361.jpg,synthetic_val,0,72350,2,71175,0.683177,0.11019,0.705215,0.154266,26.0907
synthetic/images/img053402.jpg,synthetic_val,3,63072,3,63630,-0.241948,0.637864,0.197958,0.703849,13.822
synthetic/images/img053436.jpg,synthetic_val,1,74400,2,74131,0.379413,0.126471,0.809414,0.430001,133.139
synthetic/images/img053485.jpg,synthetic_val,0,55361,0,53450,0.742182,0.487057,-0.347898,0.301511,17.9806
synthetic/images/img053496.jpg,synthetic_val,0,16157,0,16354,0.879772,0.357407,-0.19245,-0.247436,18.6268
synthetic/images/img053558.jpg,synthetic_val,3,16554,3,16573,0.409922,-0.245953,-0.0819844,0.8745,22.3102
synthetic/images/img053726.jpg,synthetic_val,3,02246,3,31641,0.444513,0.210559,-0.444513,0.748653,134.142
synthetic/images/img053733.jpg,synthetic_val,1,07421,1,61257,-0.25205,0.896179,0.308062,0.196039,85.798
synthetic/images/img053753.jpg,synthetic_val,1,24722,1,26215,-0.505799,0.647423,0.505799,-0.263016,25.2773
synthetic/images/img053923.jpg,synthetic_val,1,71406,1,71074,0.535303,0.8157,0.127453,0.178434,16.5847
synthetic/images/img053927.jpg,synthetic_val,1,42716,1,42257,-0.602279,0.770916,-0.120456,0.168638,20.9057
synthetic/images/img054060.jpg,synthetic_val,3,62060,3,60203,-0.650578,0.246771,0.0224337,0.717879,24.7358
synthetic/images/img054083.jpg,synthetic_val,0,25637,0,25635,0.887862,-0.249711,0.360694,-0.138728,4.90112
synthetic/images/img054106.jpg,synthetic_val,2,53715,2,60653,-0.567742,0.249807,0.72671,0.295226,162.7
synthetic/images/img054146.jpg,synthetic_val,0,52462,0,43341,0.954905,-0.149204,-0.208885,0.149204,30.3229
synthetic/images/img054198.jpg,synthetic_val,1,43643,1,47031,-0.231226,0.822136,-0.282609,0.43676,26.1033
synthetic/images/img054270.jpg,synthetic_val,1,54240,1,50674,0.123655,0.791391,-0.469888,0.370965,18.2043
synthetic/images/img054329.jpg,synthetic_val,2,01477,2,05136,-0.0701862,-0.584885,0.748653,-0.30414,15.0204
synthetic/images/img054354.jpg,synthetic_val,1,30716,1,33066,0.342266,0.644266,0.463066,-0.503333,26.6273
synthetic/images/img054359.jpg,synthetic_val,1,40014,2,15064,0.368955,-0.585988,0.694504,-0.195329,26.5644
synthetic/images/img054384.jpg,synthetic_val,3,70041,3,70012,0.153646,0.0921878,0.0307293,0.983336,16.9872
synthetic/images/img054419.jpg,synthetic_val,3,62527,3,62147,-0.484974,0.438786,0.161658,0.739008,11.622
synthetic/images/img054428.jpg,synthetic_val,2,24335,2,26151,-0.409549,0.409549,0.770916,-0.265003,13.044
synthetic/images/img054432.jpg,synthetic_val,0,51265,0,57207,0.760398,0.451486,-0.118812,0.451486,49.9768
synthetic/images/img054446.jpg,synthetic_val,0,07254,0,07236,0.882444,-0.30334,-0.0275764,-0.358493,21.0623
synthetic/images/img054462.jpg,synthetic_val,3,37770,1,57431,0.479687,0.667391,-0.229416,0.521399,27.7153
synthetic/images/img054510.jpg,synthetic_val,1,21651,1,21675,-0.227648,0.809414,0.328824,-0.430001,13.6872
synthetic/images/img054524.jpg,synthetic_val,2,34207,2,07553,-0.0288315,-0.374809,0.922608,-0.0864945,87.0578
synthetic/images/img054536.jpg,synthetic_val,2,60635,2,53410,0.499011,-0.356436,0.760398,0.213862,154.686
synthetic/images/img054558.jpg,synthetic_val,3,45435,2,45621,-0.278493,-0.407029,0.685522,0.535564,28.6657
synthetic/images/img054639.jpg,synthetic_val,0,53417,0,53074,0.791391,0.51935,-0.272041,0.173117,11.5306
synthetic/images/img054660.jpg,synthetic_val,1,25261,1,25252,-0.295362,0.859235,0.295362,-0.295362,8.13889
synthetic/images/img054693.jpg,synthetic_val,1,16044,1,16422,0.0294245,0.941584,-0.26482,-0.205971,17.8229
synthetic/images/img054709.jpg,synthetic_val,1,65656,1,60715,-0.43676,0.822136,0.231226,0.282609,51.765
synthetic/images/img054750.jpg,synthetic_val,1,24166,1,06317,-0.437917,0.824315,-0.128799,-0.334878,40.4383
synthetic/images/img054779.jpg,synthetic_val,3,50362,3,52127,0.313011,-0.2561,0.0853666,0.910577,25.4768
synthetic/images/img054797.jpg,synthetic_val,3,63210,3,36423,0.0747435,0.573034,-0.174402,0.797264,47.5995
synthetic/images/img054835.jpg,synthetic_val,2,16535,2,16750,0.367549,-0.197911,0.904735,-0.0848189,12.0565
synthetic/images/img054933.jpg,synthetic_val,3,41333,3,43151,-0.0280056,-0.420084,0.140028,0.896179,16.356
synthetic/images/img054934.jpg,synthetic_val,0,41325,0,43112,0.922608,-0.0864945,-0.374809,0.0288315,19.4717
synthetic/images/img055129.jpg,synthetic_val,0,41557,0,41447,0.673274,-0.273518,-0.610155,0.315597,29.3313
synthetic/images/img055132.jpg,synthetic_val,2,31034,3,03026,-0.32193,-0.193158,-0.622398,0.686784,19.4452
synthetic/images/img055242.jpg,synthetic_val,0,71611,0,71066,0.851896,0.45257,0.186352,0.186352,14.9555
synthetic/images/img055287.jpg,synthetic_val,3,34424,3,53033,0.568812,-0.222579,0.024731,0.791391,83.433
synthetic/images/img055295.jpg,synthetic_val,1,72225,2,27761,-0.114738,0.665481,0.734324,-0.0688428,28.1441
synthetic/images/img055337.jpg,synthetic_val,1,50150,2,05166,-0.165963,-0.592723,0.758686,-0.21338,24.11
synthetic/images/img055348.jpg,synthetic_val,0,52320,0,34554,0.925691,0.376062,0.0289278,-0.0289278,20.2157
synthetic/images/img055356.jpg,synthetic_val,2,56452,2,56444,0.021267,-0.319005,0.680543,0.659276,9.62068
synthetic/images/img055439.jpg,synthetic_val,2,04526,1,54136,0.278493,0.685522,-0.535564,0.407029,48.5206
synthetic/images/img055495.jpg,synthetic_val,2,27721,2,27766,-0.155173,0.687194,0.709362,-0.0221676,16.4703
synthetic/images/img055513.jpg,synthetic_val,1,71444,1,52757,0.387427,0.826512,-0.129142,0.387427,15.8212
synthetic/images/img055515.jpg,synthetic_val,1,57332,1,17537,0.67793,0.699798,-0.196818,-0.109344,60.7274
synthetic/images/img055550.jpg,synthetic_val,2,07706,2,43323,-0.15423,-0.030846,0.987072,0.030846,24.9293
synthetic/images/img055568.jpg,synthetic_val,0,37762,2,31765,0.574208,0.276471,0.680543,-0.361538,42.3595
synthetic/images/img055632.jpg,synthetic_val,3,12700,3,21535,-0.0258977,0.129488,-0.543852,0.828726,44.5299
synthetic/images/img055645.jpg,synthetic_val,2,07614,2,07611,-0.259483,-0.20182,0.922608,-0.20182,10.3763
synthetic/images/img055648.jpg,synthetic_val,2,03236,3,03044,-0.327405,-0.327405,-0.545675,0.698464,80.2554
synthetic/images/img055658.jpg,synthetic_val,3,63051,0,07015,0.826512,-0.232456,-0.387427,-0.33577,102.112
synthetic/images/img055663.jpg,synthetic_val,0,70160,3,70055,0.208885,0.0298408,0.208885,0.954905,138.067
synthetic/images/img055702.jpg,synthetic_val,1,21342,1,21630,-0.25623,0.745396,0.302817,-0.535754,17.2317
synthetic/images/img055710.jpg,synthetic_val,3,36310,3,36036,0.119625,0.550277,-0.311026,0.765603,21.8245
synthetic/images/img055713.jpg,synthetic_val,1,42675,0,60246,0.689329,-0.667787,0.236957,0.150791,63.578
synthetic/images/img055714.jpg,synthetic_val,2,52146,2,50163,0.259633,-0.590076,0.755297,0.118015,31.014
synthetic/images/img055841.jpg,synthetic_val,1,17223,1,30577,0.376533,0.80327,0.175715,-0.426737,25.1182
synthetic/images/img055859.jpg,synthetic_val,3,32126,3,32012,0.102684,0.390201,-0.636643,0.65718,14.2778
synthetic/images/img055892.jpg,synthetic_val,1,40123,1,04074,-0.533322,0.632085,-0.533322,-0.177774,25.4832
synthetic/images/img055903.jpg,synthetic_val,3,11756,3,15155,0.56345,-0.56345,-0.163582,0.581626,26.6958
synthetic/images/img055921.jpg,synthetic_val,1,07745,1,07514,-0.0837545,0.893381,-0.418772,-0.139591,28.5515
synthetic/images/img056021.jpg,synthetic_val,0,71713,0,71700,0.751953,0.587463,0.211487,0.211487,10.8137
synthetic/images/img056036.jpg,synthetic_val,1,43152,1,41314,-0.0756891,0.80735,-0.580283,0.0756891,25.7783
synthetic/images/img056076.jpg,synthetic_val,0,35522,0,35631,0.760398,0.546536,0.308911,-0.166337,19.5832
synthetic/images/img056156.jpg,synthetic_val,0,34012,0,34243,0.896179,0.0840168,0.308062,-0.308062,30.502
synthetic/images/img056181.jpg,synthetic_val,3,74035,3,74010,0.136641,0.0273281,0.464578,0.8745,12.6117
synthetic/images/img056229.jpg,synthetic_val,2,25520,2,25164,-0.203864,0.145617,0.931951,-0.262111,9.55798
synthetic/images/img056288.jpg,synthetic_val,3,65015,3,65011,-0.240966,0.026774,0.455158,0.856767,6.98449
synthetic/images/img056335.jpg,synthetic_val,3,65555,3,65557,-0.0223887,0.067166,0.694049,0.716438,5.86144
synthetic/images/img056391.jpg,synthetic_val,1,31340,2,31504,0.546718,0.0218687,0.699798,-0.459243,95.3818
synthetic/images/img056526.jpg,synthetic_val,3,43156,3,12674,0.136234,-0.0817405,-0.463196,0.871899,90.8049
synthetic/images/img056530.jpg,synthetic_val,2,35255,2,70006,0.0309641,0.0928922,0.99085,0.0928922,78.212
synthetic/images/img056602.jpg,synthetic_val,3,60555,3,53773,0.667787,-0.0215415,0.28004,0.689329,136.494
synthetic/images/img056609.jpg,synthetic_val,3,34420,3,07370,-0.0879694,-0.0879694,-0.322554,0.93834,30.8613
synthetic/images/img056791.jpg,synthetic_val,3,71537,0,74535,0.715006,0.335159,0.11172,0.603286,27.4382
synthetic/images/img056843.jpg,synthetic_val,2,03636,2,32555,0.350931,0.397722,0.748653,-0.397722,90.426
synthetic/images/img056895.jpg,synthetic_val,1,42172,1,42741,-0.511891,0.780024,-0.17063,0.316885,20.3073
synthetic/images/img056941.jpg,synthetic_val,0,52302,0,70053,0.961781,0.21039,0.090167,0.150278,31.1151
synthetic/images/img056945.jpg,synthetic_val,1,21360,1,21637,-0.213862,0.760398,0.356436,-0.499011,16.2531
synthetic/images/img056957.jpg,synthetic_val,0,45541,0,15447,0.678094,0.402618,-0.614523,-0.0211904,88.7515
synthetic/images/img057004.jpg,synthetic_val,0,55327,1,51166,0.518699,0.663935,-0.518699,0.145236,38.0453
synthetic/images/img057033.jpg,synthetic_val,0,40216,0,04676,0.707972,-0.597351,-0.37611,-0.0221241,12.2936
synthetic/images/img057041.jpg,synthetic_val,1,77547,1,75064,0.393438,0.74059,0.115717,0.532299,33.569
synthetic/images/img057079.jpg,synthetic_val,1,71362,1,17050,0.493469,0.751953,-0.352478,-0.258484,92.7572
synthetic/images/img057086.jpg,synthetic_val,3,73173,3,71731,0.655727,0.274982,0.190372,0.676879,23.2264
synthetic/images/img057125.jpg,synthetic_val,1,12655,1,12542,0.222579,0.791391,-0.321503,-0.469888,16.5354
synthetic/images/img057146.jpg,synthetic_val,3,74265,3,45637,-0.195329,-0.368955,0.585988,0.694504,87.8789
synthetic/images/img057193.jpg,synthetic_val,1,43776,1,43735,-0.0294245,0.941584,-0.0882735,0.323669,13.7413
synthetic/images/img057199.jpg,synthetic_val,2,43112,1,07514,-0.0837545,0.893381,-0.418772,-0.139591,89.2949
synthetic/images/img057302.jpg,synthetic_val,2,07677,2,25574,-0.0921878,0.153646,0.983336,-0.0307293,27.5078
synthetic/images/img057316.jpg,synthetic_val,0,34536,0,34713,0.849491,0.398199,0.292013,-0.185826,12.1454
synthetic/images/img057331.jpg,synthetic_val,1,74422,1,74133,0.376533,0.80327,0.175715,0.426737,48.2419
synthetic/images/img057338.jpg,synthetic_val,3,10545,3,12054,0.114738,-0.344214,-0.57369,0.734324,44.0204
synthetic/images/img057360.jpg,synthetic_val,2,25013,2,25300,-0.188502,0.24236,0.861723,-0.403933,18.859
synthetic/images/img057380.jpg,synthetic_val,3,73631,3,76303,0.236518,0.580544,0.365528,0.688053,33.0921
synthetic/images/img057411.jpg,synthetic_val,0,51271,0,51223,0.781884,0.464244,-0.415376,0.0244339,14.2651
synthetic/images/img057494.jpg,synthetic_val,1,37074,1,32524,0.201903,0.717879,0.471108,-0.471108,44.2073
synthetic/images/img057502.jpg,synthetic_val,1,07517,1,16406,0.0286417,0.916533,-0.372342,-0.143208,4.362
synthetic/images/img057505.jpg,synthetic_val,3,50031,3,14444,0.0224337,-0.695445,-0.0224337,0.717879,16.3377
synthetic/images/img057554.jpg,synthetic_val,3,56620,3,75400,0.386065,0.0227097,0.567742,0.72671,47.1745
synthetic/images/img057561.jpg,synthetic_val,1,65624,1,66255,-0.472203,0.604419,0.472203,0.434426,31.0086
synthetic/images/img057613.jpg,synthetic_val,1,04513,2,56106,0.222579,-0.321503,0.791391,0.469888,62.0525
synthetic/images/img057614.jpg,synthetic_val,2,31411,2,32051,0.153081,0.371768,0.699798,-0.590455,58.7488
synthetic/images/img057648.jpg,synthetic_val,1,34136,1,30772,0.308216,0.758686,0.355634,-0.45047,24.9832
synthetic/images/img057670.jpg,synthetic_val,1,52026,1,52122,0.261226,0.928805,-0.261226,0.0290252,29.6375
synthetic/images/img057718.jpg,synthetic_val,1,20653,2,20560,-0.522323,0.113548,0.72671,-0.431484,88.7715
synthetic/images/img057732.jpg,synthetic_val,1,70041,1,70052,0.151934,0.972379,0.0911606,0.151934,7.04635
synthetic/images/img057747.jpg,synthetic_val,2,43267,2,61064,-0.412393,0.137464,0.879772,0.19245,22.5414
synthetic/images/img057778.jpg,synthetic_val,2,61411,2,61502,-0.205262,0.0879694,0.93834,0.263908,11.5668
synthetic/images/img057782.jpg,synthetic_val,3,12072,2,03276,-0.261387,-0.0237624,0.760398,-0.594061,38.5656
synthetic/images/img057810.jpg,synthetic_val,0,64746,0,56031,0.830959,0.181772,-0.285642,0.441447,100.683
synthetic/images/img057816.jpg,synthetic_val,0,35417,0,35614,0.80735,0.529823,0.227067,-0.126148,17.1282
synthetic/images/img057914.jpg,synthetic_val,3,40144,3,40314,-0.433275,-0.524491,0.0684119,0.729727,16.3204
synthetic/images/img057935.jpg,synthetic_val,1,22403,1,21267,-0.287613,0.707972,0.331862,-0.553103,34.3113
synthetic/images/img057966.jpg,synthetic_val,3,42562,3,42562,-0.541664,-0.211955,0.306158,0.753619,2.68834
synthetic/images/img057992.jpg,synthetic_val,0,65133,0,61575,0.896179,-0.0280056,0.140028,0.420084,11.554
synthetic/images/img058001.jpg,synthetic_val,0,57456,0,32250,0.652789,0.101998,0.509992,-0.550791,177.79
synthetic/images/img058007.jpg,synthetic_val,1,17314,1,17053,0.535754,0.745396,-0.302817,-0.25623,19.1121
synthetic/images/img058074.jpg,synthetic_val,1,17433,1,17467,0.496065,0.835478,-0.234978,-0.0261087,19.2284
synthetic/images/img058102.jpg,synthetic_val,1,07207,1,30650,0.129488,0.828726,0.233079,-0.492056,67.9525
synthetic/images/img058131.jpg,synthetic_val,3,61627,3,61622,-0.380387,0.380387,0.228232,0.811493,6.03871
synthetic/images/img058193.jpg,synthetic_val,1,65327,1,72444,0.0254906,0.8157,0.433341,0.38236,19.6374
synthetic/images/img058312.jpg,synthetic_val,0,31162,0,31415,0.716438,0.51494,0.0223887,-0.470162,19.3291
synthetic/images/img058321.jpg,synthetic_val,3,57462,3,57425,0.401897,-0.232677,0.571117,0.676879,8.78642
synthetic/images/img058392.jpg,synthetic_val,1,73505,1,71373,0.655727,0.676879,0.317287,0.105762,19.2897
synthetic/images/img058427.jpg,synthetic_val,1,71345,1,71531,0.67793,0.699798,0.109344,0.196818,16.37
synthetic/images/img058463.jpg,synthetic_val,2,61464,2,64311,-0.414388,0.219382,0.780024,0.414388,15.4835
synthetic/images/img058465.jpg,synthetic_val,3,70275,3,72012,0.133109,0.505813,0.0266217,0.851896,23.5506
synthetic/images/img058470.jpg,synthetic_val,1,03137,1,01333,-0.0209657,0.670902,-0.356417,-0.649937,17.0151
synthetic/images/img058479.jpg,synthetic_val,1,43021,1,25624,-0.394874,0.842397,0.342224,-0.131625,76.5753
synthetic/images/img058541.jpg,synthetic_val,1,62236,1,62144,-0.52891,0.735875,0.390934,0.160973,28.9856
synthetic/images/img058603.jpg,synthetic_val,3,07522,3,34172,0.352124,0.189605,-0.297951,0.866766,86.3251
synthetic/images/img058622.jpg,synthetic_val,0,50122,0,14746,0.813589,0.228822,-0.533917,-0.0254246,12.2869
synthetic/images/img058673.jpg,synthetic_val,0,34626,0,34072,0.916533,0.143208,0.200492,-0.315058,32.4773
synthetic/images/img058682.jpg,synthetic_val,2,72352,1,72522,0.217325,0.772712,0.555387,0.217325,31.4303
synthetic/images/img058719.jpg,synthetic_val,3,11651,3,11767,0.559233,-0.35211,-0.35211,0.662794,17.4247
synthetic/images/img058720.jpg,synthetic_val,0,62657,0,64221,0.663935,-0.601691,0.269723,0.352715,34.4109
synthetic/images/img058866.jpg,synthetic_val,0,17605,0,17607,0.844742,0.501565,-0.131991,-0.131991,7.90842
synthetic/images/img058889.jpg,synthetic_val,1,47762,1,47617,-0.208739,0.742182,-0.115966,0.626216,14.9558
synthetic/images/img058919.jpg,synthetic_val,0,65705,0,56566,0.690612,0.194235,-0.194235,0.66903,60.3688
synthetic/images/img058927.jpg,synthetic_val,0,14613,0,14712,0.780024,0.316885,-0.511891,-0.17063,15.6256
synthetic/images/img058934.jpg,synthetic_val,2,57606,2,54331,0.344214,-0.436005,0.734324,0.390109,44.3973
synthetic/images/img058996.jpg,synthetic_val,1,54152,1,04335,-0.395992,0.745396,-0.442579,-0.302817,119.391
synthetic/images/img059030.jpg,synthetic_val,2,66321,1,66175,-0.355792,0.669726,0.439508,0.481365,30.9559
synthetic/images/img059049.jpg,synthetic_val,2,50117,2,50141,0.238287,-0.671537,0.6932,0.108312,9.92285
synthetic/images/img059189.jpg,synthetic_val,2,76233,1,72772,0.269723,0.663935,0.643187,0.269723,16.6728
synthetic/images/img059245.jpg,synthetic_val,1,25206,1,25244,-0.399326,0.851896,0.239596,-0.239596,13.658
synthetic/images/img059279.jpg,synthetic_val,2,30360,2,30301,0.235217,0.19245,0.684267,-0.662884,13.5024
synthetic/images/img059359.jpg,synthetic_val,1,60341,1,60161,-0.539527,0.822136,0.128459,0.128459,10.9598
synthetic/images/img059396.jpg,synthetic_val,3,27131,3,32640,0.0222994,0.557486,-0.423689,0.713582,14.1822
synthetic/images/img059514.jpg,synthetic_val,1,50460,1,50562,0.206529,0.734324,-0.57369,0.298319,20.4969
synthetic/images/img059541.jpg,synthetic_val,3,67425,2,56125,0.272709,-0.272709,0.793334,0.471042,113.434
synthetic/images/img059612.jpg,synthetic_val,1,43073,1,43342,-0.208885,0.954905,-0.149204,0.149204,15.6701
synthetic/images/img059714.jpg,synthetic_val,3,01135,3,01112,-0.0563436,-0.544655,-0.582217,0.600999,6.35818
synthetic/images/img059729.jpg,synthetic_val,0,24122,0,20745,0.74702,-0.490232,0.210099,-0.396854,6.96222
synthetic/images/img059741.jpg,synthetic_val,2,67351,2,67330,-0.0645049,0.623548,0.688053,0.365528,16.5262
synthetic/images/img059763.jpg,synthetic_val,1,55743,0,57500,0.640128,0.5001,-0.30006,0.5001,20.5464
synthetic/images/img059775.jpg,synthetic_val,1,25314,1,21747,-0.130901,0.837765,0.287982,-0.445063,11.975
synthetic/images/img059828.jpg,synthetic_val,3,32455,3,07055,-0.239596,-0.399326,-0.239596,0.851896,113.216
synthetic/images/img059835.jpg,synthetic_val,0,14645,0,72035,0.819974,0.179369,0.538108,0.0768726,136.419
synthetic/images/img059910.jpg,synthetic_val,3,25404,3,25424,-0.416185,0.138728,-0.138728,0.887862,10.6778
synthetic/images/img059929.jpg,synthetic_val,1,21675,1,23541,-0.121303,0.776342,0.412432,-0.460953,16.3648
synthetic/images/img059935.jpg,synthetic_val,2,65247,2,66505,-0.421435,0.341162,0.642187,0.541845,20.2988
lightbox/images/img000002.jpg,lightbox,3,35253,3,36163,0.259633,0.54287,-0.259633,0.755297,48.3848
lightbox/images/img000003.jpg,lightbox,2,52540,2,27501,-0.134255,0.456468,0.859235,-0.187958,128.874
lightbox/images/img000008.jpg,lightbox,1,07334,1,21617,-0.220432,0.783758,0.269417,-0.514341,50.3638
lightbox/images/img000009.jpg,lightbox,1,02263,1,07351,-0.0289278,0.925691,-0.202495,-0.318206,78.4029
lightbox/images/img000024.jpg,lightbox,2,51245,1,42113,-0.441447,0.830959,-0.337577,0.0259675,62.2905
lightbox/images/img000035.jpg,lightbox,2,64401,1,60517,-0.447523,0.842397,0.0789747,0.289574,122.365
lightbox/images/img000057.jpg,lightbox,2,65002,1,25142,-0.20182,0.922608,0.0864945,-0.317146,172.735
lightbox/images/img000058.jpg,lightbox,0,53502,3,33262,0.310221,0.565697,-0.492704,0.583945,67.5818
lightbox/images/img000061.jpg,lightbox,0,17326,0,70171,0.887862,0.416185,0.138728,0.138728,59.8561
lightbox/images/img000063.jpg,lightbox,1,74143,1,70513,0.409922,0.8745,0.0819844,0.245953,35.3829
lightbox/images/img000066.jpg,lightbox,2,70267,2,16461,0.0879694,-0.322554,0.93834,-0.0879694,91.0906
lightbox/images/img000086.jpg,lightbox,0,25214,0,07466,0.877124,-0.411152,-0.246691,-0.0274101,66.5824
lightbox/images/img000099.jpg,lightbox,0,61573,0,74270,0.785646,0.122757,0.319169,0.51558,31.53
lightbox/images/img000124.jpg,lightbox,0,53301,1,71164,0.602279,0.770916,0.120456,0.168638,44.8791
lightbox/images/img000130.jpg,lightbox,2,26351,2,27472,-0.268133,0.560642,0.780024,-0.0731272,21.867
lightbox/images/img000133.jpg,lightbox,2,34422,2,07631,-0.263908,-0.0879694,0.93834,-0.205262,51.3784
lightbox/images/img000140.jpg,lightbox,2,74231,2,52562,0.244497,-0.244497,0.869321,0.353162,69.5574
lightbox/images/img000141.jpg,lightbox,3,25756,1,52102,0.25205,0.896179,-0.364073,0.0280056,143.042
lightbox/images/img000164.jpg,lightbox,1,25727,1,70224,0.0288315,0.922608,0.374809,0.0864945,32.4871
lightbox/images/img000169.jpg,lightbox,1,46570,1,10315,0.293105,0.625291,-0.449428,-0.56667,172.592
lightbox/images/img000176.jpg,lightbox,3,41646,1,46177,-0.387667,0.729727,-0.205236,0.524491,169.453
lightbox/images/img000177.jpg,lightbox,1,70142,2,51271,0.522323,-0.431484,0.72671,0.113548,159.277
lightbox/images/img000178.jpg,lightbox,2,37641,2,34707,0.306147,0.306147,0.890609,-0.139158,39.2055
lightbox/images/img000182.jpg,lightbox,1,36024,2,27526,-0.173542,0.570209,0.793334,-0.123958,50.2311
lightbox/images/img000188.jpg,lightbox,3,16404,1,17066,0.442642,0.833209,-0.23434,-0.23434,115.232
lightbox/images/img000199.jpg,lightbox,2,42316,2,24577,-0.46047,0.189605,0.866766,-0.0270864,37.8668
lightbox/images/img000203.jpg,lightbox,0,07043,2,60515,-0.448769,0.0263982,0.844742,0.29038,82.5493
lightbox/images/img000209.jpg,lightbox,1,00566,2,56123,0.282609,-0.231226,0.822136,0.43676,65.3294
lightbox/images/img000213.jpg,lightbox,1,21631,1,21672,-0.264389,0.769133,0.360531,-0.456673,14.5697
lightbox/images/img000226.jpg,lightbox,0,32564,3,12736,0.321503,-0.024731,-0.51935,0.791391,141.356
lightbox/images/img000239.jpg,lightbox,1,55020,1,50717,0.352478,0.751953,-0.493469,0.258484,16.478
lightbox/images/img000245.jpg,lightbox,0,25143,2,15270,0.475923,-0.430597,0.725215,-0.249293,99.3404
lightbox/images/img000248.jpg,lightbox,1,12551,1,17027,0.469888,0.791391,-0.222579,-0.321503,23.3798
lightbox/images/img000251.jpg,lightbox,3,25270,1,21607,-0.310316,0.763856,0.262575,-0.50128,164.03
lightbox/images/img000261.jpg,lightbox,3,07134,1,07445,-0.345106,0.849491,-0.398199,-0.0265466,168.002
lightbox/images/img000264.jpg,lightbox,2,16520,1,16304,0.247436,0.879772,-0.19245,-0.357407,142.461
lightbox/images/img000267.jpg,lightbox,0,73206,1,12562,0.228822,0.813589,-0.228822,-0.483068,145.339
lightbox/images/img000275.jpg,lightbox,3,50374,1,07213,-0.244497,0.869321,-0.135831,-0.407494,66.2628
lightbox/images/img000280.jpg,lightbox,2,16374,2,16730,0.367549,-0.0848189,0.904735,-0.197911,5.06208
lightbox/images/img000290.jpg,lightbox,1,65625,1,20717,-0.392598,0.739008,0.254034,-0.484974,132.676
lightbox/images/img000298.jpg,lightbox,0,70401,1,34363,0.284875,0.828726,0.388465,-0.284875,150.527
lightbox/images/img000315.jpg,lightbox,0,16364,2,16576,0.364073,-0.25205,0.896179,-0.0280056,157.051
lightbox/images/img000318.jpg,lightbox,0,45166,2,15344,0.525995,-0.483916,0.673274,-0.189358,178.212
lightbox/images/img000319.jpg,lightbox,2,44027,1,45526,-0.14209,0.649554,-0.507464,0.548061,141.542
lightbox/images/img000320.jpg,lightbox,0,61072,0,61652,0.844742,-0.29038,0.29038,0.343176,27.5175
lightbox/images/img000321.jpg,lightbox,1,62051,1,60365,-0.511891,0.780024,0.316885,0.17063,13.6013
lightbox/images/img000334.jpg,lightbox,0,43572,0,25035,0.887862,-0.249711,0.138728,-0.360694,99.0794
lightbox/images/img000340.jpg,lightbox,0,74101,1,61711,-0.0290252,0.928805,0.261226,0.261226,136.817
lightbox/images/img000345.jpg,lightbox,2,53373,1,12763,0.283358,0.824315,-0.0257599,-0.489437,169.576
lightbox/images/img000349.jpg,lightbox,2,61321,2,61727,-0.13387,0.40161,0.856767,0.294514,29.7045
lightbox/images/img000351.jpg,lightbox,1,52007,1,34614,0.147122,0.941584,0.26482,-0.147122,79.2802
lightbox/images/img000359.jpg,lightbox,0,21457,2,16316,0.349064,-0.134255,0.859235,-0.349064,113.349
lightbox/images/img000363.jpg,lightbox,3,74131,1,53663,0.481824,0.811493,-0.0253592,0.329669,116.012
lightbox/images/img000366.jpg,lightbox,3,26640,1,12445,0.0762739,0.813589,-0.38137,-0.432219,169.698
lightbox/images/img000367.jpg,lightbox,2,70261,2,34614,0.147122,0.26482,0.941584,-0.147122,37.5133
lightbox/images/img000376.jpg,lightbox,2,31245,2,31044,0.386065,0.0227097,0.72671,-0.567742,22.1065
lightbox/images/img000377.jpg,lightbox,2,67146,2,56033,0.184274,-0.236924,0.842397,0.447523,88.3909
lightbox/images/img000401.jpg,lightbox,2,13671,1,70654,0.135831,0.869321,0.244497,0.407494,179.977
lightbox/images/img000403.jpg,lightbox,3,63417,1,07614,-0.315058,0.916533,-0.200492,-0.143208,138.497
lightbox/images/img000410.jpg,lightbox,0,25733,2,16061,0.0840168,-0.308062,0.896179,-0.308062,121.063
lightbox/images/img000430.jpg,lightbox,2,57530,2,56313,0.379413,-0.126471,0.809414,0.430001,32.6298
lightbox/images/img000434.jpg,lightbox,0,73374,2,30657,0.181772,0.285642,0.830959,-0.441447,95.1271
lightbox/images/img000449.jpg,lightbox,3,72507,3,70725,0.29038,0.343176,0.29038,0.844742,17.8695
lightbox/images/img000450.jpg,lightbox,1,13505,3,45062,-0.311757,-0.519594,0.436459,0.665081,43.2324
lightbox/images/img000458.jpg,lightbox,2,36110,1,34731,0.39163,0.835478,0.339413,-0.182761,76.1922
lightbox/images/img000460.jpg,lightbox,1,74056,1,16207,0.0856444,0.91354,-0.142741,-0.371126,117.421
lightbox/images/img000472.jpg,lightbox,1,06224,1,24066,-0.674072,0.695817,0.15221,-0.195698,25.4236
lightbox/images/img000479.jpg,lightbox,3,67106,2,64305,-0.480888,0.206095,0.732782,0.435089,66.6586
lightbox/images/img000481.jpg,lightbox,2,27166,2,27701,-0.120456,0.602279,0.770916,-0.168638,9.18246
lightbox/images/img000493.jpg,lightbox,2,34116,1,17244,0.447523,0.842397,-0.184274,-0.236924,159.892
lightbox/images/img000496.jpg,lightbox,2,61007,2,07661,-0.373569,-0.0862083,0.919555,-0.0862083,24.8644
lightbox/images/img000497.jpg,lightbox,3,17762,1,74001,0.0824786,0.879772,0.0274929,0.467379,132.789
lightbox/images/img000499.jpg,lightbox,3,14612,3,14063,0.0711268,-0.592723,-0.260798,0.758686,13.6536
lightbox/images/img000503.jpg,lightbox,0,05534,1,05667,-0.337577,0.830959,-0.441447,-0.0259675,176.029
lightbox/images/img000507.jpg,lightbox,2,34231,2,01677,-0.219382,-0.414388,0.780024,-0.414388,102.353
lightbox/images/img000510.jpg,lightbox,3,55003,1,07422,-0.403933,0.861723,-0.24236,-0.188502,62.0561
lightbox/images/img000512.jpg,lightbox,3,35023,1,07051,-0.23627,0.840072,-0.393784,-0.288775,172.553
lightbox/images/img000514.jpg,lightbox,3,70021,3,52172,0.360694,-0.249711,0.138728,0.887862,55.1093
lightbox/images/img000518.jpg,lightbox,2,30347,1,35343,0.604494,0.716438,0.246276,-0.246276,98.5265
lightbox/images/img000525.jpg,lightbox,1,43567,1,16246,0.0297351,0.951522,-0.148675,-0.267615,80.4866
lightbox/images/img000528.jpg,lightbox,2,47044,1,17525,0.619586,0.734324,-0.252424,-0.114738,92.1573
lightbox/images/img000532.jpg,lightbox,3,07501,1,07231,-0.245953,0.8745,-0.0819844,-0.409922,97.5146
lightbox/images/img000538.jpg,lightbox,2,34163,2,52513,0.387427,-0.33577,0.826512,0.232456,89.9971
lightbox/images/img000539.jpg,lightbox,2,70001,1,61160,-0.208885,0.954905,0.149204,0.149204,158.314
lightbox/images/img000542.jpg,lightbox,2,01675,2,05270,-0.272709,-0.471042,0.793334,-0.272709,15.3774
lightbox/images/img000554.jpg,lightbox,3,17347,1,21604,-0.356436,0.760398,0.213862,-0.499011,87.4006
lightbox/images/img000555.jpg,lightbox,0,26432,3,23337,-0.0188078,0.583041,-0.545425,0.601848,94.5808
lightbox/images/img000564.jpg,lightbox,2,05161,1,16161,0.295362,0.859235,-0.295362,-0.295362,88.1282
lightbox/images/img000571.jpg,lightbox,1,63045,1,60377,-0.426737,0.80327,0.376533,0.175715,12.2246
lightbox/images/img000583.jpg,lightbox,1,43261,3,40173,-0.383697,-0.564261,0.112852,0.722254,146.669
lightbox/images/img000587.jpg,lightbox,3,16614,1,60515,-0.448769,0.844742,0.0263982,0.29038,174.587
lightbox/images/img000605.jpg,lightbox,2,72377,2,40357,-0.40036,-0.494563,0.753619,0.164854,169.359
lightbox/images/img000620.jpg,lightbox,2,16627,2,50225,0.0800926,-0.507253,0.854321,0.0800926,65.1465
lightbox/images/img000628.jpg,lightbox,0,52142,0,34711,0.861723,0.403933,0.24236,-0.188502,83.3737
lightbox/images/img000629.jpg,lightbox,2,05542,2,41172,-0.0731272,-0.609394,0.780024,0.121879,25.6896
lightbox/images/img000643.jpg,lightbox,2,07366,1,05721,-0.130901,0.837765,-0.497423,-0.183261,128.896
lightbox/images/img000645.jpg,lightbox,0,52660,1,52364,0.263908,0.93834,-0.0879694,0.205262,138.306
lightbox/images/img000646.jpg,lightbox,0,71670,1,35426,0.456468,0.859235,0.187958,-0.134255,77.2356
lightbox/images/img000655.jpg,lightbox,2,31247,3,02337,-0.366206,-0.0215415,-0.624704,0.689329,33.0612
lightbox/images/img000666.jpg,lightbox,1,07327,1,25147,-0.148152,0.948174,0.0888913,-0.266674,17.2293
lightbox/images/img000667.jpg,lightbox,1,61065,1,43063,-0.360694,0.887862,-0.249711,0.138728,46.123
lightbox/images/img000671.jpg,lightbox,0,61226,0,52565,0.828726,0.284875,-0.284875,0.388465,118.578
lightbox/images/img000678.jpg,lightbox,3,72237,1,74653,0.155173,0.709362,0.243843,0.642859,22.819
lightbox/images/img000690.jpg,lightbox,0,55666,3,01747,-0.118545,-0.497888,-0.403052,0.758686,138.955
lightbox/images/img000695.jpg,lightbox,0,52077,3,03371,-0.0238163,-0.0714488,-0.643039,0.762121,146.027
lightbox/images/img000696.jpg,lightbox,1,35432,1,53050,0.507093,0.772712,-0.362209,0.120736,71.4892
lightbox/images/img000700.jpg,lightbox,3,65365,2,61675,-0.232456,0.33577,0.826512,0.387427,56.6968
lightbox/images/img000708.jpg,lightbox,1,53026,1,52111,0.390567,0.833209,-0.390567,0.0260378,17.72
lightbox/images/img000711.jpg,lightbox,1,23576,2,25613,-0.25205,0.308062,0.896179,-0.196039,74.6764
lightbox/images/img000719.jpg,lightbox,1,53631,1,05262,-0.368271,0.785646,-0.417374,-0.270066,133.74
lightbox/images/img000727.jpg,lightbox,1,43645,1,25351,-0.0285481,0.91354,0.256933,-0.314029,106.149
lightbox/images/img000737.jpg,lightbox,3,14261,1,71404,0.448769,0.844742,0.0263982,0.29038,160.775
lightbox/images/img000744.jpg,lightbox,1,21615,2,71546,0.576123,0.0691347,0.737437,0.345674,168.111
lightbox/images/img000745.jpg,lightbox,3,25770,3,25373,-0.0270073,0.40511,-0.29708,0.864234,24.88
lightbox/images/img000746.jpg,lightbox,1,11607,1,76013,0.168638,0.770916,0.457732,0.409549,154.811
lightbox/images/img000773.jpg,lightbox,3,26511,1,41666,-0.357244,0.762121,-0.404877,0.357244,70.2828
lightbox/images/img000794.jpg,lightbox,1,30371,0,56217,0.837765,0.183261,-0.130901,0.497423,174.074
lightbox/images/img000797.jpg,lightbox,1,43153,1,71022,0.46047,0.866766,0.189605,0.0270864,87.3283
lightbox/images/img000808.jpg,lightbox,1,67425,2,53144,0.570099,-0.342059,0.729727,0.159628,175.206
lightbox/images/img000818.jpg,lightbox,0,25525,0,06662,0.716438,-0.694049,-0.0223887,-0.067166,76.0978
lightbox/images/img000823.jpg,lightbox,3,30124,3,01376,-0.0679889,-0.385271,-0.566575,0.725215,65.9103
lightbox/images/img000845.jpg,lightbox,2,47324,1,52512,0.342224,0.842397,-0.342224,0.236924,146.075
lightbox/images/img000849.jpg,lightbox,2,63533,1,63067,-0.308911,0.760398,0.546536,0.166337,49.4639
lightbox/images/img000856.jpg,lightbox,2,02743,2,05332,-0.0762739,-0.432219,0.813589,-0.38137,59.6499
lightbox/images/img000858.jpg,lightbox,1,35606,1,52111,0.390567,0.833209,-0.390567,0.0260378,82.7426
lightbox/images/img000861.jpg,lightbox,1,71657,1,71561,0.6119,0.725215,0.113315,0.294619,21.5678
lightbox/images/img000867.jpg,lightbox,2,70351,2,16523,0.308062,-0.25205,0.896179,-0.196039,68.652
lightbox/images/img000871.jpg,lightbox,3,75207,2,15763,0.596185,-0.375376,0.706589,-0.0662428,130.239
lightbox/images/img000878.jpg,lightbox,1,27555,1,27506,-0.183261,0.837765,0.497423,-0.130901,23.084
lightbox/images/img000888.jpg,lightbox,2,54155,1,04341,-0.45663,0.695817,-0.500118,-0.239187,35.9444
lightbox/images/img000892.jpg,lightbox,0,56465,1,56102,0.227648,0.809414,-0.328824,0.430001,108.324
lightbox/images/img000893.jpg,lightbox,1,15071,2,75212,0.484974,0.254034,0.739008,0.392598,170.684
lightbox/images/img000894.jpg,lightbox,2,36604,2,36407,0.0796398,0.504385,0.849491,-0.132733,16.8064
lightbox/images/img000895.jpg,lightbox,0,43770,2,16515,0.387427,-0.387427,0.826512,-0.129142,147.69
lightbox/images/img000904.jpg,lightbox,1,37600,2,05352,-0.0751175,-0.525822,0.801253,-0.275431,168.499
lightbox/images/img000911.jpg,lightbox,3,36100,3,32241,0.0614038,0.511698,-0.552634,0.654974,33.3144
lightbox/images/img000915.jpg,lightbox,0,36607,0,07015,0.826512,-0.232456,-0.387427,-0.33577,131.502
lightbox/images/img000919.jpg,lightbox,2,06336,1,30565,0.287982,0.837765,0.130901,-0.445063,170.405
lightbox/images/img000930.jpg,lightbox,0,70706,0,53366,0.776342,0.606517,-0.0242607,0.169825,59.078
lightbox/images/img000932.jpg,lightbox,1,13307,1,31534,0.600657,0.662794,0.103562,-0.434959,28.1266
lightbox/images/img000933.jpg,lightbox,1,56001,1,56112,0.319941,0.787547,-0.319941,0.418384,27.0057
lightbox/images/img000937.jpg,lightbox,0,12401,0,43463,0.842397,-0.342224,-0.236924,0.342224,116.238
lightbox/images/img000950.jpg,lightbox,3,24457,1,61373,-0.0280056,0.896179,0.420084,0.140028,160.015
lightbox/images/img000951.jpg,lightbox,3,56720,1,56311,0.376533,0.80327,-0.175715,0.426737,153.09
lightbox/images/img000956.jpg,lightbox,2,40524,1,75066,0.390934,0.735875,0.160973,0.52891,137.791
lightbox/images/img000957.jpg,lightbox,0,33366,2,31074,0.45663,0.108721,0.695817,-0.543607,46.9968
lightbox/images/img000962.jpg,lightbox,3,15711,1,15265,0.444513,0.748653,-0.444513,-0.210559,162.234
lightbox/images/img000974.jpg,lightbox,2,65757,1,52561,0.29038,0.844742,-0.29038,0.343176,153.484
lightbox/images/img000982.jpg,lightbox,0,25323,0,25621,0.851896,-0.346083,0.346083,-0.186352,37.3029
lightbox/images/img000988.jpg,lightbox,1,72150,1,70214,0.148152,0.948174,0.266674,0.0888913,31.1396
lightbox/images/img000992.jpg,lightbox,2,01267,1,52513,0.387427,0.826512,-0.33577,0.232456,77.8043
lightbox/images/img000995.jpg,lightbox,3,44307,1,13066,0.378339,0.712167,-0.200297,-0.55638,42.4372
lightbox/images/img001003.jpg,lightbox,1,34216,1,25116,-0.0862083,0.919555,0.0862083,-0.373569,37.4623
lightbox/images/img001007.jpg,lightbox,3,00701,1,01774,-0.0731272,0.780024,-0.463139,-0.414388,135.669
lightbox/images/img001013.jpg,lightbox,3,07171,1,21564,-0.187958,0.859235,0.134255,-0.456468,88.5387
lightbox/images/img001018.jpg,lightbox,3,10403,2,12737,0.36477,-0.024318,0.778177,-0.510678,98.5144
lightbox/images/img001026.jpg,lightbox,0,51040,2,52513,0.387427,-0.33577,0.826512,0.232456,135.733
lightbox/images/img001030.jpg,lightbox,3,65340,2,56121,0.278951,-0.278951,0.811493,0.431106,98.5483
lightbox/images/img001042.jpg,lightbox,0,14030,1,56103,0.274743,0.799251,-0.324696,0.424602,138.423
lightbox/images/img001044.jpg,lightbox,1,41072,2,14601,0.0747435,-0.573034,0.797264,-0.174402,40.3257
lightbox/images/img001045.jpg,lightbox,2,65313,1,07351,-0.0289278,0.925691,-0.202495,-0.318206,173.57
lightbox/images/img001050.jpg,lightbox,3,66167,1,06560,-0.560642,0.780024,-0.268133,-0.0731272,130.608
lightbox/images/img001051.jpg,lightbox,0,73527,2,71161,0.635866,0.117753,0.753619,0.117753,60.1836
lightbox/images/img001070.jpg,lightbox,3,56320,3,52565,0.284875,-0.284875,0.388465,0.828726,24.2807
lightbox/images/img001087.jpg,lightbox,2,67026,1,60715,-0.43676,0.822136,0.231226,0.282609,69.0722
lightbox/images/img001094.jpg,lightbox,0,67534,0,75065,0.72671,0.431484,0.113548,0.522323,67.9675
lightbox/images/img001105.jpg,lightbox,0,07157,2,52503,0.294514,-0.348062,0.856767,0.240966,169.775
lightbox/images/img001106.jpg,lightbox,0,27417,2,25640,-0.409922,0.245953,0.8745,-0.0819844,172.273
lightbox/images/img001107.jpg,lightbox,3,36524,1,07076,-0.304267,0.88514,-0.248946,-0.248946,154.951
lightbox/images/img001108.jpg,lightbox,0,61367,2,60375,-0.434472,0.332243,0.817829,0.1789,170.917
lightbox/images/img001109.jpg,lightbox,3,71071,3,53302,0.610847,-0.122169,0.0244339,0.781884,29.2756
lightbox/images/img001111.jpg,lightbox,0,20226,1,12300,0.195698,0.695817,-0.15221,-0.674072,175.083
lightbox/images/img001119.jpg,lightbox,1,27364,2,16416,0.141819,-0.368729,0.907642,-0.141819,140.102
lightbox/images/img001125.jpg,lightbox,3,20770,3,11332,0.5196,-0.304593,-0.555434,0.573351,140.172
lightbox/images/img001129.jpg,lightbox,2,43044,1,07163,-0.141365,0.904735,-0.254457,-0.311003,111.538
lightbox/images/img001139.jpg,lightbox,3,16632,1,07146,-0.19245,0.879772,-0.357407,-0.247436,155.574
lightbox/images/img001145.jpg,lightbox,3,02411,1,07007,-0.332243,0.817829,-0.332243,-0.332243,165.036
lightbox/images/img001148.jpg,lightbox,2,07674,2,25600,-0.403933,0.24236,0.861723,-0.188502,40.9772
lightbox/images/img001150.jpg,lightbox,1,22163,1,16321,0.296217,0.861723,-0.0807866,-0.403933,108.761
lightbox/images/img001154.jpg,lightbox,3,01461,3,01727,-0.118545,-0.403052,-0.497888,0.758686,29.7915
lightbox/images/img001155.jpg,lightbox,3,65234,2,65161,-0.128459,0.128459,0.822136,0.539527,59.0416
lightbox/images/img001159.jpg,lightbox,1,12266,2,17273,0.561979,-0.0244339,0.781884,-0.268773,165.841
lightbox/images/img001176.jpg,lightbox,2,20730,1,13435,0.500118,0.695817,-0.239187,-0.45663,175.349
lightbox/images/img001184.jpg,lightbox,2,07465,2,43100,-0.19422,-0.416185,0.887862,0.0277457,24.4146
lightbox/images/img001187.jpg,lightbox,3,57116,3,52533,0.399326,-0.239596,0.239596,0.851896,35.5938
lightbox/images/img001196.jpg,lightbox,1,71714,1,35067,0.488143,0.822136,0.179842,-0.231226,59.3592
lightbox/images/img001199.jpg,lightbox,1,07763,1,61121,-0.152499,0.975991,0.152499,0.0304997,26.5229
lightbox/images/img001201.jpg,lightbox,1,20502,1,52557,0.37006,0.789462,-0.320719,0.37006,162.317
lightbox/images/img001209.jpg,lightbox,2,54676,1,54263,0.0714488,0.762121,-0.404877,0.500142,154.025
lightbox/images/img001216.jpg,lightbox,1,12522,1,47127,-0.129488,0.828726,-0.233079,0.492056,133.918
lightbox/images/img001220.jpg,lightbox,3,77455,1,74373,0.342773,0.73125,0.342773,0.479882,56.8916
lightbox/images/img001234.jpg,lightbox,2,42677,2,65307,-0.127786,0.281129,0.817829,0.485586,64.4668
lightbox/images/img001236.jpg,lightbox,0,14207,2,52533,0.399326,-0.239596,0.851896,0.239596,152.925
lightbox/images/img001246.jpg,lightbox,1,07473,1,34024,0.0286417,0.916533,0.143208,-0.372342,66.463
lightbox/images/img001253.jpg,lightbox,2,05552,2,14605,0.0753066,-0.57735,0.80327,-0.125511,20.2789
lightbox/images/img001255.jpg,lightbox,2,71225,2,34704,0.258625,0.258625,0.919555,-0.143681,38.8232
lightbox/images/img001264.jpg,lightbox,2,27665,2,56160,0.220432,-0.269417,0.783758,0.514341,144.639
lightbox/images/img001268.jpg,lightbox,1,64577,1,07312,-0.0837545,0.893381,-0.139591,-0.418772,141.523
lightbox/images/img001280.jpg,lightbox,1,36524,1,14463,0.0734773,0.783758,-0.612311,-0.0734773,142.808
lightbox/images/img001287.jpg,lightbox,3,12476,3,25014,-0.30334,0.0275764,-0.358493,0.882444,56.6658
lightbox/images/img001288.jpg,lightbox,3,45712,1,06341,-0.51935,0.791391,-0.173117,-0.272041,103.765
lightbox/images/img001295.jpg,lightbox,1,77157,1,13376,0.581047,0.641155,-0.0200361,-0.500902,121.117
lightbox/images/img001299.jpg,lightbox,0,66244,0,62663,0.584725,-0.529907,0.566452,0.237544,23.3705
lightbox/images/img001308.jpg,lightbox,2,07526,2,07531,-0.0289278,-0.318206,0.925691,-0.202495,25.4547
lightbox/images/img001314.jpg,lightbox,0,57275,1,76003,0.0731272,0.780024,0.463139,0.414388,101.009
lightbox/images/img001319.jpg,lightbox,1,43373,1,50623,0.0800926,0.854321,-0.453858,0.240278,54.3669
lightbox/images/img001323.jpg,lightbox,1,26444,1,06311,-0.426737,0.80327,-0.175715,-0.376533,81.2353
lightbox/images/img001331.jpg,lightbox,2,62342,2,27464,-0.36477,0.510678,0.778177,-0.024318,24.3721
lightbox/images/img001344.jpg,lightbox,0,72010,1,70361,0.300609,0.8745,0.355266,0.136641,111.106
lightbox/images/img001350.jpg,lightbox,2,02653,0,07002,0.789462,-0.37006,-0.320719,-0.37006,123.87
lightbox/images/img001355.jpg,lightbox,3,25754,3,25373,-0.0270073,0.40511,-0.29708,0.864234,35.5377
lightbox/images/img001365.jpg,lightbox,0,42042,1,42724,-0.560642,0.780024,-0.0731272,0.268133,63.3263
lightbox/images/img001366.jpg,lightbox,0,76122,1,61655,-0.239596,0.851896,0.239596,0.399326,147.029
lightbox/images/img001371.jpg,lightbox,2,12651,2,31456,0.500142,0.0714488,0.762121,-0.404877,49.8882
lightbox/images/img001379.jpg,lightbox,0,77514,3,76136,0.284839,0.503945,0.416302,0.701141,43.3342
lightbox/images/img001382.jpg,lightbox,3,16561,1,07326,-0.198547,0.907642,-0.0283638,-0.368729,95.5367
lightbox/images/img001387.jpg,lightbox,0,65727,2,60301,-0.533917,0.228822,0.813589,0.0254246,163.899
lightbox/images/img001396.jpg,lightbox,3,16054,1,17030,0.493469,0.751953,-0.258484,-0.352478,120.076
lightbox/images/img001400.jpg,lightbox,3,43711,0,71464,0.809414,0.430001,0.126471,0.379413,145.556
lightbox/images/img001414.jpg,lightbox,2,24640,3,35063,0.481824,0.177514,-0.278951,0.811493,114.369
lightbox/images/img001419.jpg,lightbox,0,56126,3,33040,0.35211,0.35211,-0.559233,0.662794,70.6187
lightbox/images/img001432.jpg,lightbox,1,31224,1,12572,0.321503,0.791391,-0.222579,-0.469888,62.975
lightbox/images/img001435.jpg,lightbox,3,47221,3,42771,-0.440261,-0.0776931,0.33667,0.828726,15.6457
lightbox/images/img001436.jpg,lightbox,2,25752,2,16414,0.138728,-0.416185,0.887862,-0.138728,88.9951
lightbox/images/img001440.jpg,lightbox,3,66006,1,55223,0.428838,0.722254,-0.383697,0.383697,167.555
lightbox/images/img001450.jpg,lightbox,1,17620,1,16037,0.19245,0.879772,-0.247436,-0.357407,40.429
lightbox/images/img001472.jpg,lightbox,3,32533,3,01760,-0.165221,-0.448458,-0.448458,0.755297,127.941
lightbox/images/img001474.jpg,lightbox,1,71141,1,73001,0.464244,0.781884,0.415376,0.0244339,51.5273
lightbox/images/img001482.jpg,lightbox,2,42334,2,71410,0.533917,0.0254246,0.813589,0.228822,125.283
lightbox/images/img001485.jpg,lightbox,0,61745,0,25245,0.869321,-0.353162,0.244497,-0.244497,82.0114
lightbox/images/img001493.jpg,lightbox,0,25523,2,53423,0.483068,-0.228822,0.813589,0.228822,104.131
lightbox/images/img001496.jpg,lightbox,2,12236,1,21575,-0.0273281,0.8745,0.136641,-0.464578,134.03
lightbox/images/img001500.jpg,lightbox,0,56754,1,05616,-0.27406,0.797264,-0.523205,-0.124573,174.5
lightbox/images/img001506.jpg,lightbox,2,30427,1,55014,0.397787,0.606152,-0.58721,0.359903,115.065
lightbox/images/img001520.jpg,lightbox,3,14045,1,74104,0.234978,0.835478,0.0261087,0.496065,156.462
lightbox/images/img001526.jpg,lightbox,2,64503,1,52563,0.294514,0.856767,-0.240966,0.348062,174.076
lightbox/images/img001532.jpg,lightbox,0,13542,2,51173,0.603909,-0.487023,0.62339,0.0974047,172.763
lightbox/images/img001542.jpg,lightbox,0,14722,1,16432,0.145617,0.931951,-0.262111,-0.203864,119.702
lightbox/images/img001557.jpg,lightbox,2,32016,1,31404,0.405798,0.763856,0.0238705,-0.50128,96.0622
lightbox/images/img001559.jpg,lightbox,1,35101,1,30574,0.334878,0.824315,0.128799,-0.437917,35.5673
lightbox/images/img001567.jpg,lightbox,1,53040,2,35061,0.485586,0.127786,0.817829,-0.281129,177.146
lightbox/images/img001571.jpg,lightbox,0,63334,1,14523,0.257915,0.750298,-0.58617,-0.164128,149.173
lightbox/images/img001588.jpg,lightbox,1,76356,2,60511,-0.455158,0.026774,0.856767,0.240966,122.353
lightbox/images/img001599.jpg,lightbox,0,15370,1,71462,0.434472,0.817829,0.1789,0.332243,105.23
lightbox/images/img001603.jpg,lightbox,1,61764,1,43677,-0.246691,0.877124,-0.0274101,0.411152,42.7989
lightbox/images/img001608.jpg,lightbox,1,25675,1,07614,-0.315058,0.916533,-0.200492,-0.143208,66.2516
lightbox/images/img001620.jpg,lightbox,2,61600,1,07227,-0.352124,0.866766,-0.0270864,-0.352124,153.849
lightbox/images/img001624.jpg,lightbox,3,12675,3,07273,-0.256933,-0.0285481,-0.314029,0.91354,53.4259
lightbox/images/img001625.jpg,lightbox,2,71467,1,25605,-0.360694,0.887862,0.249711,-0.138728,163.352
lightbox/images/img001626.jpg,lightbox,3,72032,0,43507,0.8745,-0.136641,-0.355266,0.300609,148.71
lightbox/images/img001632.jpg,lightbox,2,43736,2,43721,-0.148152,-0.0888913,0.948174,0.266674,8.17943
lightbox/images/img001635.jpg,lightbox,0,61224,2,35401,0.501565,0.0263982,0.844742,-0.184787,91.9679
lightbox/images/img001642.jpg,lightbox,1,36702,2,36424,0.0258977,0.543852,0.828726,-0.129488,37.3793
lightbox/images/img001654.jpg,lightbox,3,02475,1,30644,0.026774,0.856767,0.240966,-0.455158,100.296
lightbox/images/img001662.jpg,lightbox,2,16070,2,07261,-0.357407,-0.0824786,0.879772,-0.302422,61.4991
lightbox/images/img001664.jpg,lightbox,3,33656,3,07405,-0.342224,-0.394874,-0.131625,0.842397,153.409
lightbox/images/img001675.jpg,lightbox,2,56673,2,47122,-0.184274,-0.236924,0.842397,0.447523,54.042
lightbox/images/img001682.jpg,lightbox,3,56427,0,07273,0.91354,-0.256933,-0.0285481,-0.314029,164.138
lightbox/images/img001684.jpg,lightbox,3,50303,3,16673,0.212708,-0.0303869,-0.0911606,0.972379,60.5961
lightbox/images/img001687.jpg,lightbox,2,71235,2,70131,0.420084,0.140028,0.896179,0.0280056,30.8277
lightbox/images/img001688.jpg,lightbox,3,70526,1,31664,0.403961,0.760398,0.308911,-0.403961,179.722
lightbox/images/img001713.jpg,lightbox,1,54314,1,34731,0.39163,0.835478,0.339413,-0.182761,128.439
lightbox/images/img001721.jpg,lightbox,2,75457,1,16302,0.244497,0.869321,-0.135831,-0.407494,158.089
lightbox/images/img001726.jpg,lightbox,1,05244,1,07067,-0.353162,0.869321,-0.244497,-0.244497,36.5032
lightbox/images/img001731.jpg,lightbox,2,70234,2,16617,0.208885,-0.149204,0.954905,-0.149204,64.9313
lightbox/images/img001733.jpg,lightbox,3,53002,1,05671,-0.23434,0.833209,-0.494718,-0.0781133,124.046
lightbox/images/img001734.jpg,lightbox,2,03720,1,12572,0.321503,0.791391,-0.222579,-0.469888,177.013
lightbox/images/img001735.jpg,lightbox,1,25460,1,43152,-0.0856444,0.91354,-0.371126,0.142741,74.458
lightbox/images/img001751.jpg,lightbox,0,65310,0,70422,0.941584,0.0294245,0.205971,0.26482,28.2177
lightbox/images/img001771.jpg,lightbox,2,07172,2,07516,-0.0856444,-0.371126,0.91354,-0.142741,25.3956
lightbox/images/img001781.jpg,lightbox,1,73315,1,34716,0.355266,0.8745,0.300609,-0.136641,52.6053
lightbox/images/img001784.jpg,lightbox,2,12375,2,15363,0.580544,-0.365528,0.688053,-0.236518,59.1624
lightbox/images/img001792.jpg,lightbox,0,16203,1,52503,0.294514,0.856767,-0.348062,0.240966,147.723
lightbox/images/img001800.jpg,lightbox,0,25726,2,52503,0.294514,-0.348062,0.856767,0.240966,98.1724
lightbox/images/img001812.jpg,lightbox,3,15703,1,11433,0.442063,0.615044,-0.480503,-0.442063,149.806
lightbox/images/img001813.jpg,lightbox,1,47310,0,56126,0.813589,0.228822,-0.228822,0.483068,134.483
lightbox/images/img001817.jpg,lightbox,1,35034,1,12702,0.220963,0.785646,-0.122757,-0.564683,51.2639
lightbox/images/img001828.jpg,lightbox,0,50135,2,15567,0.553562,-0.512558,0.656074,-0.0205023,157.629
lightbox/images/img001831.jpg,lightbox,3,17132,0,15442,0.688053,0.365528,-0.623548,-0.0645049,119.202
lightbox/images/img001837.jpg,lightbox,3,16710,3,03361,-0.118279,-0.0709674,-0.638707,0.756986,78.7285
lightbox/images/img001839.jpg,lightbox,1,22574,1,16306,0.249711,0.887862,-0.138728,-0.360694,107.615
lightbox/images/img001869.jpg,lightbox,2,52715,2,52641,0.0848189,-0.197911,0.904735,0.367549,36.8376
lightbox/images/img001875.jpg,lightbox,1,62252,1,06561,-0.525822,0.801253,-0.275431,-0.0751175,100.777
lightbox/images/img001876.jpg,lightbox,0,74555,1,36544,0.240966,0.856767,0.455158,-0.026774,130.216
lightbox/images/img001884.jpg,lightbox,1,45174,2,12572,0.321503,-0.222579,0.791391,-0.469888,64.4556
lightbox/images/img001886.jpg,lightbox,0,32457,2,24211,-0.565414,0.203549,0.72373,-0.339248,170.52
lightbox/images/img001887.jpg,lightbox,1,71750,1,17073,0.549021,0.763856,-0.214834,-0.262575,80.3526
lightbox/images/img001889.jpg,lightbox,3,52611,3,16743,0.320358,-0.145617,-0.0873704,0.931951,45.8711
lightbox/images/img001893.jpg,lightbox,1,54375,2,51211,0.503945,-0.503945,0.701141,0.0219107,127.909
lightbox/images/img001908.jpg,lightbox,1,03705,0,43663,0.866766,-0.352124,-0.0270864,0.352124,110.789
lightbox/images/img001937.jpg,lightbox,0,77552,1,75076,0.464606,0.707972,0.154869,0.508855,33.7332
lightbox/images/img001948.jpg,lightbox,3,42312,3,43172,-0.0888913,-0.266674,0.148152,0.948174,54.7556
lightbox/images/img001957.jpg,lightbox,3,52036,1,52502,0.244497,0.869321,-0.353162,0.244497,176.304
lightbox/images/img001958.jpg,lightbox,3,76073,1,70655,0.188502,0.861723,0.24236,0.403933,58.0824
lightbox/images/img001976.jpg,lightbox,2,31177,2,25001,-0.345106,0.0265466,0.849491,-0.398199,116.46
lightbox/images/img001984.jpg,lightbox,3,66615,1,05323,-0.126471,0.809414,-0.430001,-0.379413,179.28
lightbox/images/img001987.jpg,lightbox,1,46315,1,46373,-0.405798,0.763856,-0.0238705,0.50128,19.4452
lightbox/images/img001991.jpg,lightbox,1,56207,1,07107,-0.134255,0.859235,-0.349064,-0.349064,106.567
lightbox/images/img002000.jpg,lightbox,2,71734,1,17326,0.58617,0.750298,-0.0234468,-0.304808,121.643
lightbox/images/img002017.jpg,lightbox,2,56314,1,50625,0.0770752,0.822136,-0.488143,0.282609,133.739
lightbox/images/img002018.jpg,lightbox,1,74200,1,61525,-0.144639,0.925691,0.144639,0.318206,28.9527
lightbox/images/img002019.jpg,lightbox,1,30532,2,34116,0.351095,0.0810219,0.864234,-0.351095,118.001
lightbox/images/img002025.jpg,lightbox,1,22557,1,21643,-0.317641,0.781884,0.268773,-0.464244,23.2384
lightbox/images/img002032.jpg,lightbox,0,66303,2,53543,0.590455,-0.284293,0.699798,0.284293,25.4696
lightbox/images/img002034.jpg,lightbox,0,41074,2,23445,-0.308911,0.403961,0.760398,-0.403961,61.9693
lightbox/images/img002035.jpg,lightbox,0,72000,2,16524,0.254457,-0.311003,0.904735,-0.141365,102.161
lightbox/images/img002036.jpg,lightbox,1,44600,1,47660,-0.327405,0.698464,-0.065481,0.632983,53.1261
lightbox/images/img002050.jpg,lightbox,1,25147,1,25747,-0.146114,0.935129,0.321451,-0.0292228,40.703
lightbox/images/img002058.jpg,lightbox,2,55245,1,60777,-0.404877,0.762121,0.357244,0.357244,169.535
lightbox/images/img002065.jpg,lightbox,3,37654,3,70533,0.403933,0.188502,0.24236,0.861723,56.5332
lightbox/images/img002067.jpg,lightbox,0,74322,1,53603,0.492056,0.828726,-0.129488,0.233079,104.362
lightbox/images/img002070.jpg,lightbox,2,26402,2,46131,-0.409549,-0.265003,0.770916,0.409549,106.427
lightbox/images/img002071.jpg,lightbox,0,03571,2,07615,-0.262111,-0.203864,0.931951,-0.145617,132.13
lightbox/images/img002076.jpg,lightbox,0,46225,1,70613,0.196039,0.896179,0.308062,0.25205,139.067
lightbox/images/img002082.jpg,lightbox,2,02107,3,52104,0.245953,-0.409922,0.0819844,0.8745,124.663
lightbox/images/img002083.jpg,lightbox,2,35472,0,71241,0.828726,0.492056,0.233079,0.129488,89.3799
lightbox/images/img002089.jpg,lightbox,0,53174,0,06376,0.835478,-0.496065,-0.0261087,-0.234978,152.247
lightbox/images/img002102.jpg,lightbox,3,03172,1,01744,-0.160973,0.735875,-0.52891,-0.390934,168.579
lightbox/images/img002105.jpg,lightbox,3,56400,2,64130,-0.460953,0.121303,0.776342,0.412432,92.5244
lightbox/images/img002111.jpg,lightbox,2,50550,1,06117,-0.418384,0.787547,-0.319941,-0.319941,47.0708
lightbox/images/img002114.jpg,lightbox,1,12746,2,17427,0.492056,-0.233079,0.828726,-0.129488,166.187
lightbox/images/img002117.jpg,lightbox,2,06574,1,34344,0.252845,0.899004,0.252845,-0.252845,160.731
lightbox/images/img002121.jpg,lightbox,2,21254,1,07007,-0.332243,0.817829,-0.332243,-0.332243,154.008
lightbox/images/img002130.jpg,lightbox,0,66201,1,06760,-0.580283,0.80735,-0.0756891,-0.0756891,62.4942
lightbox/images/img002135.jpg,lightbox,1,11663,1,31464,0.421459,0.793334,0.123958,-0.421459,61.0459
lightbox/images/img002136.jpg,lightbox,1,34256,2,25611,-0.2561,0.2561,0.910577,-0.199189,117.383
lightbox/images/img002138.jpg,lightbox,2,56007,2,07655,-0.26482,-0.205971,0.941584,-0.0294245,74.7766
lightbox/images/img002146.jpg,lightbox,2,34507,2,16054,0.135831,-0.407494,0.869321,-0.244497,59.6487
lightbox/images/img002149.jpg,lightbox,2,47072,2,07620,-0.41491,-0.0829819,0.88514,-0.193624,87.8389
lightbox/images/img002154.jpg,lightbox,1,07643,2,54213,0.164854,-0.494563,0.753619,0.40036,97.9835
lightbox/images/img002163.jpg,lightbox,2,70155,1,70445,0.084549,0.901856,0.028183,0.422745,162.369
lightbox/images/img002164.jpg,lightbox,2,15463,1,10664,0.0244339,0.781884,-0.464244,-0.415376,82.735
lightbox/images/img002165.jpg,lightbox,0,06347,1,06311,-0.426737,0.80327,-0.175715,-0.376533,95.7694
lightbox/images/img002170.jpg,lightbox,2,16154,2,07061,-0.343176,-0.29038,0.844742,-0.29038,78.7323
lightbox/images/img002171.jpg,lightbox,3,74174,1,12353,0.335159,0.715006,-0.11172,-0.603286,140.254
lightbox/images/img002175.jpg,lightbox,1,12775,1,53403,0.469888,0.791391,-0.321503,0.222579,80.9824
lightbox/images/img002176.jpg,lightbox,0,06422,2,65425,-0.294619,0.113315,0.725215,0.6119,116.086
lightbox/images/img002178.jpg,lightbox,0,61573,0,43751,0.907642,-0.0283638,-0.198547,0.368729,44.7535
lightbox/images/img002179.jpg,lightbox,2,51242,1,05625,-0.327154,0.805302,-0.478148,-0.125828,47.7904
lightbox/images/img002181.jpg,lightbox,0,16222,3,03373,-0.0238705,-0.0238705,-0.644503,0.763856,144.131
lightbox/images/img002183.jpg,lightbox,3,37526,1,74032,0.134255,0.859235,0.187958,0.456468,74.1831
lightbox/images/img002215.jpg,lightbox,3,34466,3,70167,0.312002,0.198547,0.198547,0.907642,42.7597
lightbox/images/img002238.jpg,lightbox,2,35700,1,13076,0.450702,0.686784,-0.193158,-0.53655,138.538
lightbox/images/img002241.jpg,lightbox,0,66514,0,60276,0.71076,-0.599704,0.333169,0.155479,52.7255
lightbox/images/img002245.jpg,lightbox,0,25177,0,25306,0.866766,-0.189605,0.297951,-0.352124,26.1337
lightbox/images/img002250.jpg,lightbox,2,50235,2,50205,0.0756891,-0.580283,0.80735,0.0756891,15.257
lightbox/images/img002256.jpg,lightbox,1,42173,1,43604,-0.398199,0.849491,-0.185826,0.292013,23.6103
lightbox/images/img002257.jpg,lightbox,0,75452,2,36531,0.359701,0.503581,0.767362,-0.16786,131.133
lightbox/images/img002262.jpg,lightbox,1,06154,1,07612,-0.315058,0.916533,-0.143208,-0.200492,33.8971
lightbox/images/img002298.jpg,lightbox,0,12570,2,07615,-0.262111,-0.203864,0.931951,-0.145617,128.245
lightbox/images/img002310.jpg,lightbox,1,10347,1,34341,0.299715,0.871899,0.245222,-0.299715,87.6734
lightbox/images/img002313.jpg,lightbox,0,21164,3,21607,-0.310316,0.262575,-0.50128,0.763856,73.7855
lightbox/images/img002320.jpg,lightbox,1,61557,1,56203,0.0817405,0.871899,-0.136234,0.463196,27.8923
lightbox/images/img002330.jpg,lightbox,3,06774,1,36007,0.0758825,0.809414,0.480589,-0.328824,135.096
lightbox/images/img002333.jpg,lightbox,0,72705,2,71545,0.606933,0.022479,0.719328,0.337185,36.4963
lightbox/images/img002344.jpg,lightbox,1,63054,1,16214,0.140469,0.899004,-0.196657,-0.36522,111.804
lightbox/images/img002353.jpg,lightbox,3,57453,1,56101,0.270066,0.785646,-0.368271,0.417374,177.818
lightbox/images/img002368.jpg,lightbox,1,47205,1,21647,-0.324696,0.799251,0.274743,-0.424602,119.749
lightbox/images/img002370.jpg,lightbox,2,52463,1,61605,-0.348062,0.856767,0.240966,0.294514,173.687
lightbox/images/img002390.jpg,lightbox,0,16035,2,70512,0.362936,0.0837545,0.893381,0.251263,178.635
lightbox/images/img002394.jpg,lightbox,3,52442,3,54323,0.265003,-0.409549,0.409549,0.770916,27.4618
lightbox/images/img002396.jpg,lightbox,2,17267,2,16355,0.403933,-0.188502,0.861723,-0.24236,19.4698
lightbox/images/img002397.jpg,lightbox,3,06044,1,30566,0.236924,0.842397,0.184274,-0.447523,83.5504
lightbox/images/img002411.jpg,lightbox,0,75026,1,05306,-0.17063,0.780024,-0.511891,-0.316885,174.452
lightbox/images/img002415.jpg,lightbox,3,43377,0,07524,0.916533,-0.200492,-0.315058,-0.143208,153.061
lightbox/images/img002417.jpg,lightbox,2,25051,1,24705,-0.529823,0.80735,0.227067,-0.126148,133.018
lightbox/images/img002421.jpg,lightbox,0,60261,1,24464,-0.691283,0.713582,0.111497,-0.0222994,48.5774
lightbox/images/img002422.jpg,lightbox,3,53647,2,52563,0.294514,-0.240966,0.856767,0.348062,80.3664
lightbox/images/img002430.jpg,lightbox,3,36612,0,05717,0.828726,-0.0258977,-0.543852,-0.129488,172.867
lightbox/images/img002444.jpg,lightbox,3,12744,1,07504,-0.19245,0.879772,-0.412393,-0.137464,168.066
lightbox/images/img002447.jpg,lightbox,3,62361,1,56012,0.128799,0.824315,-0.334878,0.437917,92.8311
lightbox/images/img002452.jpg,lightbox,1,25767,1,74027,0.0789747,0.842397,0.184274,0.500173,67.9684
lightbox/images/img002454.jpg,lightbox,0,21257,2,71461,0.478148,0.125828,0.805302,0.327154,141.307
lightbox/images/img002468.jpg,lightbox,3,51212,0,25045,0.896179,-0.364073,0.0280056,-0.25205,130.476
lightbox/images/img002477.jpg,lightbox,1,34236,1,25717,-0.0292228,0.935129,0.321451,-0.146114,33.4277
lightbox/images/img002505.jpg,lightbox,0,71332,2,30144,0.216319,0.0240354,0.769133,-0.600885,133.585
lightbox/images/img002507.jpg,lightbox,0,72226,2,71621,0.469888,0.321503,0.791391,0.222579,48.9677
lightbox/images/img002509.jpg,lightbox,3,46574,2,46127,-0.480888,-0.206095,0.732782,0.435089,28.8167
lightbox/images/img002516.jpg,lightbox,3,25424,3,21212,-0.233095,0.233095,-0.656904,0.678094,68.8518
lightbox/images/img002517.jpg,lightbox,1,14725,2,14661,0.0800926,-0.507253,0.854321,-0.0800926,75.9837
lightbox/images/img002526.jpg,lightbox,0,01437,2,17601,0.493382,-0.181772,0.830959,-0.181772,179.48
lightbox/images/img002542.jpg,lightbox,2,07004,2,16520,0.25205,-0.308062,0.896179,-0.196039,76.552
lightbox/images/img002547.jpg,lightbox,3,70720,1,70674,0.131625,0.842397,0.342224,0.394874,79.3397
lightbox/images/img002550.jpg,lightbox,1,14704,1,70207,0.0879694,0.93834,0.322554,0.0879694,109.534
lightbox/images/img002560.jpg,lightbox,3,24456,3,52303,0.321451,-0.146114,0.0292228,0.935129,121.144
lightbox/images/img002572.jpg,lightbox,2,32341,1,31473,0.51912,0.722254,0.157993,-0.428838,70.7246
lightbox/images/img002591.jpg,lightbox,0,67767,2,06155,-0.422499,-0.372793,0.795292,-0.223676,164.817
lightbox/images/img002600.jpg,lightbox,0,63511,1,61573,-0.0283638,0.907642,0.198547,0.368729,167.357
lightbox/images/img002603.jpg,lightbox,0,31742,2,31465,0.460953,0.121303,0.776342,-0.412432,85.4715
lightbox/images/img002607.jpg,lightbox,0,42103,1,06311,-0.426737,0.80327,-0.175715,-0.376533,87.5568
lightbox/images/img002610.jpg,lightbox,0,46205,0,26565,0.732782,-0.480888,0.480888,-0.0228994,91.2752
lightbox/images/img002612.jpg,lightbox,0,71021,1,34013,0.193624,0.88514,0.0829819,-0.41491,102.034
lightbox/images/img002626.jpg,lightbox,1,35215,1,31664,0.403961,0.760398,0.308911,-0.403961,19.6345
lightbox/images/img002649.jpg,lightbox,0,10267,1,34365,0.294514,0.856767,0.348062,-0.240966,146.647
lightbox/images/img002654.jpg,lightbox,2,07235,1,07500,-0.190728,0.871899,-0.408703,-0.190728,142.433
lightbox/images/img002656.jpg,lightbox,0,03334,2,27774,-0.069282,0.669726,0.739008,-0.023094,167.967
lightbox/images/img002660.jpg,lightbox,0,30233,3,06471,-0.592723,-0.260798,-0.0711268,0.758686,33.5717
lightbox/images/img002663.jpg,lightbox,1,70343,2,43531,-0.0285481,-0.314029,0.91354,0.256933,174.477
lightbox/images/img002666.jpg,lightbox,0,11634,2,55323,0.559233,-0.35211,0.662794,0.35211,156.353
lightbox/images/img002669.jpg,lightbox,0,63154,2,61375,-0.0283638,0.368729,0.907642,0.198547,134.847
lightbox/images/img002686.jpg,lightbox,3,62424,0,06703,0.8157,-0.535303,-0.127453,-0.178434,58.6171
lightbox/images/img002695.jpg,lightbox,1,02122,1,61611,-0.252845,0.899004,0.252845,0.252845,121.863
lightbox/images/img002696.jpg,lightbox,3,71220,1,71644,0.422499,0.795292,0.223676,0.372793,80.4114
lightbox/images/img002700.jpg,lightbox,0,25144,1,16303,0.294514,0.856767,-0.13387,-0.40161,158.488
lightbox/images/img002702.jpg,lightbox,3,63400,3,61402,-0.409922,0.0819844,0.245953,0.8745,39.569
lightbox/images/img002705.jpg,lightbox,2,02075,2,03542,-0.174836,-0.324696,0.799251,-0.474555,45.2743
lightbox/images/img002733.jpg,lightbox,1,41552,2,07514,-0.0837545,-0.418772,0.893381,-0.139591,50.4024
lightbox/images/img002734.jpg,lightbox,2,77371,2,71507,0.622212,0.0691347,0.737437,0.253494,56.6315
lightbox/images/img002749.jpg,lightbox,0,34061,3,25106,-0.197911,0.0848189,-0.367549,0.904735,116.296
lightbox/images/img002758.jpg,lightbox,3,56530,2,65502,-0.169426,0.0726113,0.774521,0.605095,69.5895
lightbox/images/img002760.jpg,lightbox,1,10457,1,43010,-0.29708,0.864234,-0.40511,0.0270073,78.8459
lightbox/images/img002768.jpg,lightbox,0,20161,2,71575,0.655727,0.105762,0.676879,0.317287,147.822
lightbox/images/img002770.jpg,lightbox,0,00034,0,06143,0.763856,-0.50128,-0.310316,-0.262575,41.2279
lightbox/images/img002801.jpg,lightbox,0,61715,2,25621,-0.346083,0.346083,0.851896,-0.186352,158.49
lightbox/images/img002803.jpg,lightbox,2,71260,2,71001,0.510171,0.0268511,0.859235,0.0268511,38.7331
lightbox/images/img002805.jpg,lightbox,1,16355,1,16427,0.0888913,0.948174,-0.266674,-0.148152,39.1269
lightbox/images/img002808.jpg,lightbox,3,02633,2,03605,-0.316885,-0.17063,0.780024,-0.511891,111.639
lightbox/images/img002828.jpg,lightbox,2,22630,1,44137,-0.354552,0.667391,-0.521399,0.396264,174.85
lightbox/images/img002831.jpg,lightbox,3,21740,1,17065,0.476942,0.80327,-0.276124,-0.22592,171.4
lightbox/images/img002832.jpg,lightbox,2,25430,2,16652,0.151934,-0.151934,0.972379,-0.0911606,65.6427
lightbox/images/img002839.jpg,lightbox,1,36214,1,17055,0.533443,0.742182,-0.347898,-0.208739,123.795
lightbox/images/img002841.jpg,lightbox,3,46135,1,74123,0.285642,0.830959,0.181772,0.441447,171.254
lightbox/images/img002843.jpg,lightbox,0,05227,0,60725,0.763856,-0.50128,0.310316,0.262575,112.737
lightbox/images/img002852.jpg,lightbox,1,63417,1,61617,-0.245222,0.871899,0.299715,0.299715,22.212
lightbox/images/img002858.jpg,lightbox,2,43547,2,14661,0.0800926,-0.507253,0.854321,-0.0800926,66.8003
lightbox/images/img002868.jpg,lightbox,0,20732,1,11562,0.487023,0.62339,-0.487023,-0.370138,167.85
lightbox/images/img002869.jpg,lightbox,3,07365,1,27011,-0.223676,0.795292,0.422499,-0.372793,120.549
lightbox/images/img002879.jpg,lightbox,1,54776,3,36176,0.306158,0.541664,-0.211955,0.753619,24.4006
lightbox/images/img002885.jpg,lightbox,0,11141,1,44523,-0.403027,0.614137,-0.479794,0.479794,168.387
lightbox/images/img002917.jpg,lightbox,2,72334,1,17601,0.493382,0.830959,-0.181772,-0.181772,114.86
lightbox/images/img002918.jpg,lightbox,1,42665,1,41663,-0.319941,0.787547,-0.418384,0.319941,54.904
lightbox/images/img002932.jpg,lightbox,1,66220,1,56216,0.131991,0.844742,-0.131991,0.501565,120.68
lightbox/images/img002960.jpg,lightbox,2,26717,1,27404,-0.379413,0.809414,0.430001,-0.126471,39.3921
lightbox/images/img002963.jpg,lightbox,0,02522,2,52537,0.393784,-0.23627,0.840072,0.288775,168.627
lightbox/images/img002976.jpg,lightbox,0,22364,1,25766,-0.19422,0.887862,0.416185,-0.0277457,149.509
lightbox/images/img002978.jpg,lightbox,2,36135,2,36507,0.281129,0.485586,0.817829,-0.127786,25.3016
lightbox/images/img002980.jpg,lightbox,2,07467,2,07516,-0.0856444,-0.371126,0.91354,-0.142741,34.4613
lightbox/images/img002988.jpg,lightbox,1,43036,1,70603,0.0853666,0.910577,0.313011,0.2561,85.2669
lightbox/images/img002996.jpg,lightbox,0,67410,0,50667,0.813589,0.0762739,-0.432219,0.38137,107.581
lightbox/images/img002999.jpg,lightbox,3,73030,1,71443,0.480589,0.809414,0.0758825,0.328824,59.0928
lightbox/images/img003010.jpg,lightbox,0,25317,2,16524,0.254457,-0.311003,0.904735,-0.141365,113.736
lightbox/images/img003030.jpg,lightbox,2,65367,2,65335,-0.0253592,0.329669,0.811493,0.481824,16.7981
lightbox/images/img003033.jpg,lightbox,0,07752,3,13667,0.464244,-0.0244339,-0.415376,0.781884,125.294
lightbox/images/img003038.jpg,lightbox,3,13621,1,01772,-0.0731272,0.780024,-0.414388,-0.463139,154.8
lightbox/images/img003043.jpg,lightbox,2,35047,2,16317,0.394874,-0.131625,0.842397,-0.342224,29.7228
lightbox/images/img003052.jpg,lightbox,0,02766,2,52515,0.375587,-0.375587,0.801253,0.275431,137.212
lightbox/images/img003062.jpg,lightbox,1,11202,1,41666,-0.357244,0.762121,-0.404877,0.357244,146.83
lightbox/images/img003063.jpg,lightbox,3,42604,2,14207,0.0740121,-0.518084,0.789462,-0.320719,179.183
lightbox/images/img003081.jpg,lightbox,2,41531,2,50204,0.0252942,-0.581766,0.809414,0.0758825,20.6893
lightbox/images/img003090.jpg,lightbox,3,70672,1,76003,0.0731272,0.780024,0.463139,0.414388,67.8527
lightbox/images/img003094.jpg,lightbox,0,55230,3,52533,0.399326,-0.239596,0.239596,0.851896,132.106
lightbox/images/img003096.jpg,lightbox,0,16420,1,34304,0.244497,0.869321,0.244497,-0.353162,154.247
lightbox/images/img003106.jpg,lightbox,1,07743,1,25741,-0.148152,0.948174,0.266674,-0.0888913,48.9912
lightbox/images/img003113.jpg,lightbox,0,17625,2,52533,0.399326,-0.239596,0.851896,0.239596,167.819
lightbox/images/img003114.jpg,lightbox,0,12625,1,14223,0.0762739,0.813589,-0.432219,-0.38137,137.103
lightbox/images/img003119.jpg,lightbox,2,70534,1,56201,0.0810219,0.864234,-0.189051,0.459124,165.186
lightbox/images/img003129.jpg,lightbox,0,44752,1,14300,0.208739,0.742182,-0.533443,-0.347898,166.621
lightbox/images/img003146.jpg,lightbox,3,71635,3,25463,-0.367549,0.197911,-0.0848189,0.904735,116.299
lightbox/images/img003153.jpg,lightbox,3,02716,3,01373,-0.0221241,-0.37611,-0.597351,0.707972,58.7767
lightbox/images/img003157.jpg,lightbox,2,51610,1,67021,-0.296452,0.729727,0.478883,0.387667,170.587
lightbox/images/img003166.jpg,lightbox,3,07353,3,12333,0.319005,-0.021267,-0.659276,0.680543,66.0782
lightbox/images/img003174.jpg,lightbox,0,51074,2,34360,0.240966,0.348062,0.856767,-0.294514,156.595
lightbox/images/img003177.jpg,lightbox,2,46022,2,17117,0.643187,-0.269723,0.663935,-0.269723,179.818
lightbox/images/img003181.jpg,lightbox,2,50362,2,52067,0.0879694,-0.263908,0.93834,0.205262,30.035
lightbox/images/img003184.jpg,lightbox,0,06073,0,06261,0.716438,-0.649272,-0.067166,-0.246276,19.0997
lightbox/images/img003186.jpg,lightbox,2,43035,2,61172,-0.090167,0.21039,0.961781,0.150278,63.1393
lightbox/images/img003187.jpg,lightbox,0,10045,2,07467,-0.364073,-0.25205,0.896179,-0.0280056,77.5107
lightbox/images/img003199.jpg,lightbox,0,07513,0,56237,0.844742,0.184787,-0.0263982,0.501565,98.6193
lightbox/images/img003213.jpg,lightbox,0,13515,1,13663,0.454577,0.765603,-0.0239251,-0.454577,40.2743
lightbox/images/img003215.jpg,lightbox,3,15464,1,56103,0.274743,0.799251,-0.324696,0.424602,170.386
lightbox/images/img003217.jpg,lightbox,1,60725,1,52661,0.0862083,0.919555,-0.0862083,0.373569,85.456
lightbox/images/img003220.jpg,lightbox,0,56702,1,14513,0.324329,0.691902,-0.627036,-0.151354,136.831
lightbox/images/img003221.jpg,lightbox,2,46341,1,56353,0.362209,0.772712,-0.120736,0.507093,165.321
lightbox/images/img003224.jpg,lightbox,1,21671,2,16317,0.394874,-0.131625,0.842397,-0.342224,151.634
lightbox/images/img003228.jpg,lightbox,2,56651,2,56652,0.114258,-0.114258,0.73125,0.662695,8.03552
lightbox/images/img003229.jpg,lightbox,2,27014,2,25611,-0.2561,0.2561,0.910577,-0.199189,30.0309
lightbox/images/img003246.jpg,lightbox,3,21524,1,07074,-0.299715,0.871899,-0.299715,-0.245222,164.328
lightbox/images/img003256.jpg,lightbox,0,52750,1,52513,0.387427,0.826512,-0.33577,0.232456,81.8996
lightbox/images/img003263.jpg,lightbox,0,63064,1,07262,-0.40511,0.864234,-0.0270073,-0.29708,94.5252
lightbox/images/img003266.jpg,lightbox,0,63455,0,25631,0.879772,-0.247436,0.357407,-0.19245,66.0818
lightbox/images/img003286.jpg,lightbox,1,56645,1,12524,0.220432,0.783758,-0.269417,-0.514341,148.41
lightbox/images/img003298.jpg,lightbox,2,37443,1,37044,0.414388,0.780024,0.414388,-0.219382,57.2994
lightbox/images/img003301.jpg,lightbox,1,16264,1,25151,-0.0295269,0.944862,0.0295269,-0.324796,15.3128
lightbox/images/img003302.jpg,lightbox,1,10466,2,14621,0.0789747,-0.500173,0.842397,-0.184274,77.6396
lightbox/images/img003309.jpg,lightbox,0,24766,1,60066,-0.67923,0.701141,0.153375,0.153375,62.8958
lightbox/images/img003313.jpg,lightbox,1,35614,1,07114,-0.0794162,0.847106,-0.397081,-0.344137,103.836
lightbox/images/img003317.jpg,lightbox,1,50240,2,16404,0.0280056,-0.420084,0.896179,-0.140028,58.6986
lightbox/images/img003338.jpg,lightbox,1,47137,1,43722,-0.205971,0.941584,-0.0294245,0.26482,40.0726
lightbox/images/img003361.jpg,lightbox,1,06011,1,06341,-0.51935,0.791391,-0.173117,-0.272041,23.2867
lightbox/images/img003364.jpg,lightbox,1,34351,1,34711,0.403933,0.861723,0.24236,-0.188502,13.6703
lightbox/images/img003366.jpg,lightbox,3,21725,1,07205,-0.346083,0.851896,-0.186352,-0.346083,165.555
lightbox/images/img003374.jpg,lightbox,0,07764,3,52572,0.342224,-0.236924,0.342224,0.842397,145.029
lightbox/images/img003385.jpg,lightbox,3,52027,3,52163,0.311003,-0.254457,0.141365,0.904735,24.1428
lightbox/images/img003389.jpg,lightbox,0,51503,1,30754,0.328824,0.809414,0.227648,-0.430001,130.7
lightbox/images/img003392.jpg,lightbox,0,75300,1,70054,0.150824,0.965275,0.0301648,0.211154,88.0783
lightbox/images/img003395.jpg,lightbox,2,71004,2,75115,0.63989,0.0206416,0.660531,0.39219,48.282
lightbox/images/img003397.jpg,lightbox,2,03053,2,30566,0.236924,0.184274,0.842397,-0.447523,79.7528
lightbox/images/img003403.jpg,lightbox,0,54326,1,70604,0.0285481,0.91354,0.256933,0.314029,151.588
lightbox/images/img003425.jpg,lightbox,1,23106,1,12605,0.0768726,0.819974,-0.179369,-0.538108,74.8307
lightbox/images/img003426.jpg,lightbox,0,70046,0,42266,0.709362,-0.687194,-0.0221676,0.155173,89.5338
lightbox/images/img003429.jpg,lightbox,1,40624,1,16307,0.300609,0.8745,-0.136641,-0.355266,139.498
lightbox/images/img003440.jpg,lightbox,0,36276,1,17024,0.424602,0.799251,-0.274743,-0.324696,149.322
lightbox/images/img003445.jpg,lightbox,2,07775,2,16664,0.0310835,-0.0932505,0.994672,-0.0310835,5.26291
lightbox/images/img003449.jpg,lightbox,0,61163,2,25574,-0.0921878,0.153646,0.983336,-0.0307293,173.279
lightbox/images/img003465.jpg,lightbox,0,35120,1,53663,0.481824,0.811493,-0.0253592,0.329669,89.2616
lightbox/images/img003469.jpg,lightbox,1,52272,1,70002,0.0310835,0.994672,0.0932505,0.0310835,24.7823
lightbox/images/img003473.jpg,lightbox,1,04232,1,06345,-0.525822,0.801253,-0.175274,-0.225352,29.6799
lightbox/images/img003475.jpg,lightbox,2,50064,1,70203,0.0882735,0.941584,0.323669,0.0294245,138.687
lightbox/images/img003476.jpg,lightbox,1,55624,3,02137,-0.359592,-0.190372,-0.613422,0.676879,137.29
lightbox/images/img003477.jpg,lightbox,3,61703,1,34027,0.0848189,0.904735,0.197911,-0.367549,179.659
lightbox/images/img003481.jpg,lightbox,1,20066,1,13046,0.370354,0.697136,-0.283212,-0.544638,127.067
lightbox/images/img003484.jpg,lightbox,0,73467,0,73454,0.719328,0.472059,0.382143,0.337185,16.8798
lightbox/images/img003487.jpg,lightbox,1,70421,1,41522,-0.165963,0.758686,-0.592723,0.21338,94.9693
lightbox/images/img003492.jpg,lightbox,0,14232,2,14673,0.189051,-0.459124,0.864234,-0.0810219,150.386
lightbox/images/img003497.jpg,lightbox,1,23065,1,31435,0.51187,0.712167,0.111276,-0.46736,100.928
lightbox/images/img003518.jpg,lightbox,1,60142,1,42524,-0.54287,0.755297,-0.259633,0.259633,41.2478
lightbox/images/img003520.jpg,lightbox,1,61713,1,25744,-0.205971,0.941584,0.26482,-0.0294245,38.3798
lightbox/images/img003529.jpg,lightbox,2,55704,1,56316,0.327154,0.805302,-0.125828,0.478148,177.74
lightbox/images/img003536.jpg,lightbox,0,72056,2,71425,0.485586,0.127786,0.817829,0.281129,55.8079
lightbox/images/img003544.jpg,lightbox,2,24614,1,47012,-0.274743,0.799251,-0.324696,0.424602,175.576
lightbox/images/img003555.jpg,lightbox,0,76622,1,16311,0.384363,0.819974,-0.179369,-0.384363,175.771
lightbox/images/img003567.jpg,lightbox,0,05737,2,70304,0.260351,0.260351,0.925691,0.0867835,153.858
lightbox/images/img003571.jpg,lightbox,2,57067,2,65004,-0.373718,0.0249145,0.797264,0.473376,97.4686
lightbox/images/img003572.jpg,lightbox,3,54142,1,60750,-0.469888,0.791391,0.222579,0.321503,150.282
lightbox/images/img003580.jpg,lightbox,0,50214,2,05267,-0.328824,-0.430001,0.809414,-0.227648,75.1163
lightbox/images/img003583.jpg,lightbox,1,71212,0,53114,0.698464,0.632983,-0.327405,0.065481,78.1335
lightbox/images/img003593.jpg,lightbox,2,11253,1,21646,-0.368271,0.785646,0.270066,-0.417374,169.455
lightbox/images/img003595.jpg,lightbox,2,36500,2,07176,-0.0867835,-0.260351,0.925691,-0.260351,95.069
lightbox/images/img003602.jpg,lightbox,0,10730,2,15663,0.463139,-0.414388,0.780024,-0.0731272,169.376
lightbox/images/img003605.jpg,lightbox,3,57600,3,56121,0.278951,-0.278951,0.431106,0.811493,26.2531
lightbox/images/img003607.jpg,lightbox,1,12405,1,25217,-0.240966,0.856767,0.294514,-0.348062,87.3793
lightbox/images/img003622.jpg,lightbox,0,21514,3,33663,0.365182,0.595823,-0.365182,0.615044,168.137
lightbox/images/img003624.jpg,lightbox,2,07344,2,07502,-0.194821,-0.36181,0.890609,-0.194821,18.917
lightbox/images/img003627.jpg,lightbox,1,15774,1,30756,0.324696,0.799251,0.274743,-0.424602,99.6523
lightbox/images/img003643.jpg,lightbox,3,22654,1,70607,0.0840168,0.896179,0.308062,0.308062,123.071
lightbox/images/img003647.jpg,lightbox,3,61742,1,52161,0.306147,0.890609,-0.306147,0.139158,156.012
lightbox/images/img003651.jpg,lightbox,0,53126,1,52513,0.387427,0.826512,-0.33577,0.232456,57.5903
lightbox/images/img003652.jpg,lightbox,1,74343,1,56133,0.372793,0.795292,-0.223676,0.422499,57.4271
lightbox/images/img003660.jpg,lightbox,2,66145,2,06433,-0.592723,-0.21338,0.758686,-0.165963,104.764
lightbox/images/img003664.jpg,lightbox,1,71504,1,13573,0.629255,0.649554,-0.182687,-0.385673,81.5239
lightbox/images/img003671.jpg,lightbox,3,50157,1,25342,-0.193035,0.882444,0.30334,-0.30334,76.944
lightbox/images/img003684.jpg,lightbox,3,65671,2,56563,0.241948,-0.197958,0.703849,0.637864,75.4347
lightbox/images/img003687.jpg,lightbox,0,23317,1,61665,-0.326328,0.80327,0.326328,0.376533,147.79
lightbox/images/img003688.jpg,lightbox,0,40676,1,07306,-0.196657,0.899004,-0.140469,-0.36522,89.8704
lightbox/images/img003690.jpg,lightbox,0,34440,1,72423,0.0740121,0.789462,0.567426,0.222036,166.44
lightbox/images/img003706.jpg,lightbox,2,21142,3,03037,-0.199901,-0.199901,-0.644126,0.71076,49.7714
lightbox/images/img003710.jpg,lightbox,1,70507,1,17023,0.462042,0.778177,-0.218862,-0.36477,87.6003
lightbox/images/img003726.jpg,lightbox,3,16055,3,25112,-0.0842816,0.0842816,-0.421408,0.899004,65.6974
lightbox/images/img003731.jpg,lightbox,0,34757,3,52133,0.411152,-0.246691,0.0274101,0.877124,152.076
lightbox/images/img003737.jpg,lightbox,0,06533,2,16016,0.134255,-0.349064,0.859235,-0.349064,166.593
lightbox/images/img003739.jpg,lightbox,2,63115,2,16414,0.138728,-0.416185,0.887862,-0.138728,109.315
lightbox/images/img003742.jpg,lightbox,1,71341,3,31265,0.407029,0.278493,-0.535564,0.685522,128.348
lightbox/images/img003743.jpg,lightbox,3,75003,1,75003,0.463139,0.780024,0.0731272,0.414388,101.732
lightbox/images/img003749.jpg,lightbox,0,56107,1,52651,0.194821,0.890609,-0.194821,0.36181,103.714
lightbox/images/img003750.jpg,lightbox,0,62404,1,06031,-0.559717,0.716438,-0.246276,-0.33583,23.275
lightbox/images/img003767.jpg,lightbox,2,31766,1,71007,0.507253,0.854321,0.0800926,0.0800926,110.636
lightbox/images/img003769.jpg,lightbox,0,64527,0,07204,0.835478,-0.39163,-0.182761,-0.339413,117.09
lightbox/images/img003772.jpg,lightbox,1,04335,1,07300,-0.190728,0.871899,-0.190728,-0.408703,44.0464
lightbox/images/img003776.jpg,lightbox,2,34513,2,16347,0.311003,-0.141365,0.904735,-0.254457,27.8934
lightbox/images/img003790.jpg,lightbox,1,56641,1,07233,-0.246691,0.877124,-0.0274101,-0.411152,136.287
lightbox/images/img003805.jpg,lightbox,1,71472,1,17055,0.533443,0.742182,-0.347898,-0.208739,88.7209
lightbox/images/img003807.jpg,lightbox,3,02363,3,12333,0.319005,-0.021267,-0.659276,0.680543,90.1496
lightbox/images/img003817.jpg,lightbox,3,35277,0,07303,0.887862,-0.138728,-0.138728,-0.416185,161.815
lightbox/images/img003822.jpg,lightbox,1,72445,1,65303,-0.130901,0.837765,0.287982,0.445063,27.9543
lightbox/images/img003823.jpg,lightbox,0,65363,2,25601,-0.357407,0.247436,0.879772,-0.19245,169.938
lightbox/images/img003824.jpg,lightbox,0,71462,1,56003,0.0776931,0.828726,-0.33667,0.440261,115.477
lightbox/images/img003832.jpg,lightbox,1,34266,2,30704,0.223125,0.223125,0.793334,-0.520626,98.9875
lightbox/images/img003836.jpg,lightbox,0,27053,1,34351,0.393784,0.840072,0.23627,-0.288775,139.977
lightbox/images/img003845.jpg,lightbox,1,31551,1,30777,0.357244,0.762121,0.357244,-0.404877,51.9638
lightbox/images/img003846.jpg,lightbox,0,40120,1,64416,-0.540975,0.641155,0.0601083,0.540975,91.8821
lightbox/images/img003848.jpg,lightbox,0,16661,1,52273,0.211154,0.965275,-0.0301648,0.150824,146.198
lightbox/images/img003853.jpg,lightbox,2,30376,2,30301,0.235217,0.19245,0.684267,-0.662884,21.2745
lightbox/images/img003867.jpg,lightbox,1,56422,1,47112,-0.0776931,0.828726,-0.33667,0.440261,29.0698
lightbox/images/img003868.jpg,lightbox,0,41272,3,10747,0.254034,-0.484974,-0.392598,0.739008,103.207
lightbox/images/img003870.jpg,lightbox,0,75242,0,71471,0.765603,0.550277,0.119625,0.311026,30.6623
lightbox/images/img003889.jpg,lightbox,3,15612,2,16517,0.394874,-0.342224,0.842397,-0.131625,164.098
lightbox/images/img003893.jpg,lightbox,0,77246,0,11722,0.644266,0.503333,-0.342266,-0.463066,158.954
lightbox/images/img003897.jpg,lightbox,3,61641,2,65511,-0.0246108,0.0246108,0.787547,0.615271,72.1106
lightbox/images/img003900.jpg,lightbox,1,10223,1,16313,0.387427,0.826512,-0.129142,-0.387427,59.2601
lightbox/images/img003904.jpg,lightbox,3,00213,3,02311,-0.352715,-0.145236,-0.643187,0.663935,32.9675
lightbox/images/img003907.jpg,lightbox,0,70626,1,52503,0.294514,0.856767,-0.348062,0.240966,156.266
lightbox/images/img003922.jpg,lightbox,1,65217,3,63160,-0.178434,0.535303,0.127453,0.8157,54.8737
lightbox/images/img003928.jpg,lightbox,1,75665,1,25306,-0.189605,0.866766,0.297951,-0.352124,141.222
lightbox/images/img003936.jpg,lightbox,3,10245,1,12515,0.342773,0.73125,-0.342773,-0.479882,122.886
lightbox/images/img003944.jpg,lightbox,1,47671,3,36107,0.268773,0.464244,-0.317641,0.781884,70.4005
lightbox/images/img003946.jpg,lightbox,0,10744,1,16303,0.294514,0.856767,-0.13387,-0.40161,106.598
lightbox/images/img003963.jpg,lightbox,0,06027,0,06667,0.74059,-0.67116,-0.0231434,-0.0231434,38.2982
lightbox/images/img003970.jpg,lightbox,2,43303,1,34014,0.143208,0.916533,0.0286417,-0.372342,163.346
lightbox/images/img003973.jpg,lightbox,0,53201,0,52172,0.887862,0.360694,-0.249711,0.138728,21.6017
lightbox/images/img003976.jpg,lightbox,0,01252,3,65005,-0.329669,0.0253592,0.481824,0.811493,54.1326
lightbox/images/img003977.jpg,lightbox,1,35776,0,71737,0.662794,0.642082,0.310685,0.227836,28.6551
lightbox/images/img003983.jpg,lightbox,3,35672,3,70306,0.2561,0.313011,0.0853666,0.910577,38.633
lightbox/images/img003995.jpg,lightbox,0,63253,1,35064,0.451292,0.849491,0.132733,-0.238919,156.626
lightbox/images/img003997.jpg,lightbox,0,47225,0,25605,0.887862,-0.360694,0.249711,-0.138728,84.0277
lightbox/images/img003998.jpg,lightbox,1,70303,2,16406,0.0286417,-0.372342,0.916533,-0.143208,177.324
lightbox/images/img004004.jpg,lightbox,1,14625,1,14027,0.0701862,0.748653,-0.584885,-0.30414,23.5777
lightbox/images/img004031.jpg,lightbox,1,25203,1,05276,-0.282609,0.822136,-0.43676,-0.231226,88.6966
lightbox/images/img004033.jpg,lightbox,1,42431,3,42374,-0.500173,-0.0789747,0.184274,0.842397,137.395
lightbox/images/img004042.jpg,lightbox,2,50534,1,61355,-0.0294245,0.941584,0.26482,0.205971,139.346
lightbox/images/img004047.jpg,lightbox,0,22642,2,27564,-0.179842,0.539527,0.822136,-0.0256917,178.732
lightbox/images/img004053.jpg,lightbox,3,34567,1,52176,0.357407,0.879772,-0.247436,0.19245,125.043
lightbox/images/img004055.jpg,lightbox,3,30274,1,01334,-0.0634574,0.676879,-0.401897,-0.613422,174.77
lightbox/images/img004058.jpg,lightbox,0,27747,0,72354,0.74059,0.300865,0.578586,0.162004,55.7861
lightbox/images/img004062.jpg,lightbox,2,72644,2,50663,0.0776931,-0.440261,0.828726,0.33667,122.686
lightbox/images/img004076.jpg,lightbox,3,00555,3,31267,0.401897,0.317287,-0.528812,0.676879,148.32
lightbox/images/img004081.jpg,lightbox,1,56663,1,47457,-0.190372,0.676879,-0.274982,0.655727,44.9366
lightbox/images/img004088.jpg,lightbox,0,13437,3,40372,-0.460953,-0.412432,0.121303,0.776342,48.5941
lightbox/images/img004095.jpg,lightbox,2,71323,1,56413,0.162004,0.74059,-0.300865,0.578586,164.736
lightbox/images/img004096.jpg,lightbox,0,33522,2,01344,-0.148333,-0.48738,0.678094,-0.529761,156.098
lightbox/images/img004099.jpg,lightbox,1,37645,1,34716,0.355266,0.8745,0.300609,-0.136641,38.7568
lightbox/images/img004100.jpg,lightbox,2,70762,2,70540,0.25205,0.0280056,0.896179,0.364073,40.3382
lightbox/images/img004110.jpg,lightbox,3,64240,0,07003,0.80327,-0.326328,-0.326328,-0.376533,44.0531
lightbox/images/img004112.jpg,lightbox,2,45732,1,43444,-0.36391,0.776342,-0.36391,0.36391,141.927
lightbox/images/img004121.jpg,lightbox,2,34520,2,07117,-0.0270864,-0.352124,0.866766,-0.352124,69.9427
lightbox/images/img004127.jpg,lightbox,2,43375,2,61134,-0.0918415,0.153069,0.979643,0.0918415,31.2851
lightbox/images/img004128.jpg,lightbox,3,74001,1,52563,0.294514,0.856767,-0.240966,0.348062,152.518
lightbox/images/img004131.jpg,lightbox,1,47356,1,74035,0.183261,0.837765,0.130901,0.497423,43.3965
lightbox/images/img004139.jpg,lightbox,0,25574,3,25751,-0.0299476,0.269529,-0.0898429,0.958324,167.454
lightbox/images/img004147.jpg,lightbox,3,63030,0,27001,0.774521,-0.314649,0.411464,-0.363057,96.0122
lightbox/images/img004152.jpg,lightbox,1,42656,1,21657,-0.231226,0.822136,0.282609,-0.43676,114.65
lightbox/images/img004159.jpg,lightbox,2,25604,2,14776,0.337577,-0.441447,0.830959,-0.0259675,119.73
lightbox/images/img004162.jpg,lightbox,3,34763,3,36053,0.177514,0.481824,-0.278951,0.811493,30.0346
lightbox/images/img004168.jpg,lightbox,3,06135,3,06573,-0.453858,-0.240278,-0.0800926,0.854321,28.7686
lightbox/images/img004172.jpg,lightbox,0,16764,1,16367,0.314029,0.91354,-0.0285481,-0.256933,113.796
lightbox/images/img004182.jpg,lightbox,3,25670,1,25676,-0.29708,0.864234,0.40511,-0.0270073,140.03
lightbox/images/img004185.jpg,lightbox,2,07073,2,16502,0.247436,-0.357407,0.879772,-0.19245,58.429
lightbox/images/img004186.jpg,lightbox,1,07271,1,05674,-0.283358,0.824315,-0.489437,-0.0257599,59.1987
lightbox/images/img004191.jpg,lightbox,0,71204,0,72472,0.765603,0.119625,0.550277,0.311026,56.2505
lightbox/images/img004192.jpg,lightbox,3,75634,2,35054,0.533917,0.0254246,0.813589,-0.228822,114.705
lightbox/images/img004198.jpg,lightbox,1,43475,1,61671,-0.236924,0.842397,0.342224,0.342224,72.9322
lightbox/images/img004210.jpg,lightbox,3,57311,2,52513,0.387427,-0.33577,0.826512,0.232456,84.612
lightbox/images/img004237.jpg,lightbox,3,25551,3,70503,0.313011,0.0853666,0.2561,0.910577,58.4495
lightbox/images/img004238.jpg,lightbox,3,52337,3,16677,0.213498,-0.0304997,-0.0304997,0.975991,30.187
lightbox/images/img004243.jpg,lightbox,3,32204,3,53003,0.481824,-0.329669,0.0253592,0.811493,139.15
lightbox/images/img004251.jpg,lightbox,3,06755,3,07470,-0.308062,-0.308062,-0.0840168,0.896179,23.5671
lightbox/images/img004260.jpg,lightbox,3,36606,3,27362,-0.150791,0.667787,-0.236957,0.689329,26.6597
lightbox/images/img004264.jpg,lightbox,1,51641,1,52161,0.306147,0.890609,-0.306147,0.139158,37.546
lightbox/images/img004265.jpg,lightbox,3,02552,1,07166,-0.199189,0.910577,-0.2561,-0.2561,148.891
lightbox/images/img004267.jpg,lightbox,0,70105,0,24362,0.734324,-0.527795,0.344214,-0.252424,121.296
lightbox/images/img004274.jpg,lightbox,3,65224,1,34123,0.292013,0.849491,0.185826,-0.398199,174.175
lightbox/images/img004277.jpg,lightbox,2,25123,2,07307,-0.141819,-0.141819,0.907642,-0.368729,36.2904
lightbox/images/img004278.jpg,lightbox,3,61501,3,53064,0.441447,-0.285642,0.181772,0.830959,79.3364
lightbox/images/img004281.jpg,lightbox,1,61272,1,61613,-0.248946,0.88514,0.304267,0.248946,20.7581
lightbox/images/img004282.jpg,lightbox,1,70753,1,30451,0.184787,0.844742,0.0263982,-0.501565,104.383
lightbox/images/img004288.jpg,lightbox,2,64065,1,65344,-0.17063,0.780024,0.219382,0.560642,109.482
lightbox/images/img004296.jpg,lightbox,1,62762,1,14224,0.0253592,0.811493,-0.481824,-0.329669,166.19
lightbox/images/img004297.jpg,lightbox,0,01567,1,05667,-0.337577,0.830959,-0.441447,-0.0259675,169.342
lightbox/images/img004300.jpg,lightbox,0,65575,2,16544,0.246691,-0.411152,0.877124,-0.0274101,150.418
lightbox/images/img004306.jpg,lightbox,3,67017,1,72514,0.324696,0.799251,0.424602,0.274743,92.1562
lightbox/images/img004308.jpg,lightbox,1,22445,1,16123,0.288775,0.840072,-0.23627,-0.393784,128.306
lightbox/images/img004316.jpg,lightbox,2,52135,2,52421,0.0853666,-0.313011,0.910577,0.2561,40.3263
lightbox/images/img004324.jpg,lightbox,1,14711,1,07307,-0.141819,0.907642,-0.141819,-0.368729,78.6485
lightbox/images/img004327.jpg,lightbox,3,63444,1,07260,-0.403933,0.861723,-0.0807866,-0.296217,152.032
lightbox/images/img004336.jpg,lightbox,1,70475,1,74411,0.169825,0.776342,0.0242607,0.606517,27.6392
lightbox/images/img004337.jpg,lightbox,0,21436,3,20377,-0.365528,0.322525,-0.537541,0.688053,69.2239
lightbox/images/img004362.jpg,lightbox,2,21553,1,35202,0.417374,0.785646,0.270066,-0.368271,121.07
lightbox/images/img004399.jpg,lightbox,1,66124,1,56205,0.0789747,0.842397,-0.184274,0.500173,99.3969
lightbox/images/img004402.jpg,lightbox,2,52331,1,34363,0.284875,0.828726,0.388465,-0.284875,132.253
lightbox/images/img004412.jpg,lightbox,1,65657,1,65252,-0.266242,0.774521,0.266242,0.508279,21.8468
lightbox/images/img004417.jpg,lightbox,0,25656,0,07066,0.851896,-0.399326,-0.239596,-0.239596,67.8962
lightbox/images/img004419.jpg,lightbox,3,51517,1,21444,-0.38236,0.8157,0.0254906,-0.433341,50.0734
lightbox/images/img004421.jpg,lightbox,1,25275,1,25641,-0.362936,0.893381,0.251263,-0.0837545,25.6234
lightbox/images/img004436.jpg,lightbox,2,36125,2,14612,0.127453,-0.535303,0.8157,-0.178434,127.041
lightbox/images/img004437.jpg,lightbox,0,30361,3,03207,-0.286494,-0.11019,-0.639101,0.705215,67.6255
lightbox/images/img004451.jpg,lightbox,3,24762,1,45327,-0.121303,0.776342,-0.412432,0.460953,90.5074
lightbox/images/img004458.jpg,lightbox,3,07147,1,52461,0.0824786,0.879772,-0.302422,0.357407,170.818
lightbox/images/img004464.jpg,lightbox,2,14340,1,72504,0.231226,0.822136,0.43676,0.282609,163.184
lightbox/images/img004472.jpg,lightbox,1,24033,1,46324,-0.524491,0.729727,-0.0684119,0.433275,97.1191
lightbox/images/img004477.jpg,lightbox,1,07567,1,61313,-0.0295269,0.944862,0.324796,0.0295269,69.6694
lightbox/images/img004478.jpg,lightbox,0,57206,0,52676,0.896179,0.140028,-0.0280056,0.420084,37.3816
lightbox/images/img004483.jpg,lightbox,2,25434,2,25520,-0.206689,0.147635,0.944862,-0.206689,17.7289
lightbox/images/img004487.jpg,lightbox,0,56533,0,06173,0.822136,-0.43676,-0.231226,-0.282609,141.819
lightbox/images/img004488.jpg,lightbox,2,07001,2,03554,-0.0762739,-0.38137,0.813589,-0.432219,30.5343
lightbox/images/img004494.jpg,lightbox,3,47341,1,71460,0.437917,0.824315,0.128799,0.334878,166.501
lightbox/images/img004508.jpg,lightbox,0,14157,1,12474,0.130901,0.837765,-0.287982,-0.445063,101.358
lightbox/images/img004510.jpg,lightbox,0,27171,1,70565,0.294514,0.856767,0.13387,0.40161,157.968
lightbox/images/img004511.jpg,lightbox,2,53425,2,52543,0.285642,-0.337577,0.830959,0.337577,21.5448
lightbox/images/img004520.jpg,lightbox,1,50251,2,14602,0.0256917,-0.539527,0.822136,-0.179842,47.4801
lightbox/images/img004526.jpg,lightbox,3,75012,1,53643,0.478148,0.805302,-0.125828,0.327154,122.76
lightbox/images/img004534.jpg,lightbox,1,50606,1,14624,0.0266217,0.851896,-0.505813,-0.133109,49.9835
lightbox/images/img004540.jpg,lightbox,0,37456,1,71614,0.514341,0.783758,0.220432,0.269417,61.8984
lightbox/images/img004561.jpg,lightbox,3,52010,1,21477,-0.236924,0.842397,0.184274,-0.447523,74.5162
lightbox/images/img004572.jpg,lightbox,2,16743,1,71424,0.445063,0.837765,0.130901,0.287982,165.055
lightbox/images/img004578.jpg,lightbox,0,60663,1,55266,0.368262,0.6932,-0.368262,0.498237,160.826
lightbox/images/img004579.jpg,lightbox,0,03263,0,14224,0.811493,0.0253592,-0.481824,-0.329669,73.2806
lightbox/images/img004580.jpg,lightbox,3,33335,2,05333,-0.0254906,-0.433341,0.8157,-0.38236,71.575
lightbox/images/img004581.jpg,lightbox,1,61127,1,25574,-0.0921878,0.983336,0.153646,-0.0307293,20.1161
lightbox/images/img004607.jpg,lightbox,1,05430,1,34014,0.143208,0.916533,0.0286417,-0.372342,94.9197
lightbox/images/img004613.jpg,lightbox,3,43526,1,70561,0.300609,0.8745,0.136641,0.355266,170.763
lightbox/images/img004617.jpg,lightbox,0,35056,1,56303,0.287982,0.837765,-0.130901,0.445063,110.661
lightbox/images/img004626.jpg,lightbox,3,36062,1,47146,-0.166337,0.760398,-0.308911,0.546536,43.0079
lightbox/images/img004627.jpg,lightbox,0,11163,2,16513,0.39163,-0.339413,0.835478,-0.182761,153.112
lightbox/images/img004633.jpg,lightbox,0,63473,1,57015,0.497305,0.691902,-0.324329,0.410817,159.828
lightbox/images/img004636.jpg,lightbox,3,74647,1,70563,0.297951,0.866766,0.189605,0.352124,105.593
lightbox/images/img004654.jpg,lightbox,1,73106,1,35414,0.543852,0.828726,0.0258977,-0.129488,55.4117
lightbox/images/img004657.jpg,lightbox,3,52233,1,70621,0.0837545,0.893381,0.362936,0.251263,150.9
lightbox/images/img004660.jpg,lightbox,2,14345,3,20327,-0.41742,0.298157,-0.576437,0.636069,63.5089
lightbox/images/img004664.jpg,lightbox,1,60740,1,06341,-0.51935,0.791391,-0.173117,-0.272041,78.1631
lightbox/images/img004672.jpg,lightbox,0,42637,2,52562,0.244497,-0.244497,0.869321,0.353162,130.08
lightbox/images/img004688.jpg,lightbox,3,40714,3,43703,-0.147122,-0.147122,0.26482,0.941584,57.908
lightbox/images/img004698.jpg,lightbox,2,35540,2,16504,0.244497,-0.407494,0.869321,-0.135831,66.0817
lightbox/images/img004704.jpg,lightbox,0,03202,1,12624,0.0260378,0.833209,-0.0781133,-0.546793,166.584
lightbox/images/img004710.jpg,lightbox,2,57307,1,70511,0.411152,0.877124,0.0274101,0.246691,148.474
lightbox/images/img004713.jpg,lightbox,2,51211,1,14200,0.0237089,0.758686,-0.545305,-0.355634,80.5897
lightbox/images/img004719.jpg,lightbox,2,30463,2,05236,-0.274743,-0.424602,0.799251,-0.324696,85.0395
lightbox/images/img004727.jpg,lightbox,3,25210,1,34106,0.251263,0.893381,0.0837545,-0.362936,158.217
lightbox/images/img004737.jpg,lightbox,3,13552,3,26522,-0.498237,0.498237,-0.151637,0.6932,170.351
lightbox/images/img004740.jpg,lightbox,0,31216,3,07502,-0.194821,-0.36181,-0.194821,0.890609,63.0305
lightbox/images/img004743.jpg,lightbox,3,56272,2,71062,0.456468,0.187958,0.859235,0.134255,98.2938
lightbox/images/img004749.jpg,lightbox,3,27132,1,21643,-0.317641,0.781884,0.268773,-0.464244,179.171
lightbox/images/img004752.jpg,lightbox,1,54625,1,30667,0.0762739,0.813589,0.38137,-0.432219,162.545
lightbox/images/img004773.jpg,lightbox,1,60316,1,06300,-0.538095,0.748653,-0.163768,-0.350931,71.4415
lightbox/images/img004774.jpg,lightbox,0,36070,2,16513,0.39163,-0.339413,0.835478,-0.182761,81.9343
lightbox/images/img004777.jpg,lightbox,1,06313,1,64173,-0.40036,0.753619,0.164854,0.494563,107.436
lightbox/images/img004778.jpg,lightbox,0,47306,3,43171,-0.0292228,-0.321451,0.146114,0.935129,122.688
lightbox/images/img004781.jpg,lightbox,3,63265,1,74304,0.228822,0.813589,0.228822,0.483068,67.2332
lightbox/images/img004785.jpg,lightbox,1,51306,2,51176,0.575528,-0.496145,0.635066,0.138921,141.114
lightbox/images/img004799.jpg,lightbox,0,26574,2,40304,-0.50298,-0.50298,0.699798,0.0656061,157.546
lightbox/images/img004802.jpg,lightbox,1,15464,1,52514,0.331378,0.8157,-0.38236,0.280397,42.3162
lightbox/images/img004804.jpg,lightbox,1,55573,2,00364,-0.456453,-0.37707,0.635066,-0.496145,33.6
lightbox/images/img004812.jpg,lightbox,0,32566,1,32152,0.272076,0.669726,0.39765,-0.565081,79.4588
lightbox/images/img004818.jpg,lightbox,3,34663,1,61542,-0.197911,0.904735,0.0848189,0.367549,90.5501
lightbox/images/img004822.jpg,lightbox,0,60531,0,60721,0.772712,-0.507093,0.313914,0.217325,23.358
lightbox/images/img004829.jpg,lightbox,3,46061,2,75106,0.55638,0.0667657,0.712167,0.422849,154.4
lightbox/images/img004831.jpg,lightbox,2,70723,2,71001,0.510171,0.0268511,0.859235,0.0268511,54.1474
lightbox/images/img004840.jpg,lightbox,3,53027,2,52523,0.304267,-0.248946,0.88514,0.248946,122.015
lightbox/images/img004841.jpg,lightbox,3,24376,1,21646,-0.368271,0.785646,0.270066,-0.417374,174.013
lightbox/images/img004845.jpg,lightbox,1,06674,1,42720,-0.567426,0.789462,-0.0740121,0.222036,29.6571
lightbox/images/img004848.jpg,lightbox,1,71127,1,17074,0.514341,0.783758,-0.269417,-0.220432,61.8899
lightbox/images/img004866.jpg,lightbox,3,16756,3,43072,-0.311003,-0.254457,0.141365,0.904735,81.3065
lightbox/images/img004870.jpg,lightbox,0,65721,0,43562,0.879772,-0.19245,-0.247436,0.357407,71.9779
lightbox/images/img004872.jpg,lightbox,2,13460,1,21661,-0.313185,0.770916,0.313185,-0.457732,168.759
lightbox/images/img004875.jpg,lightbox,2,40466,2,17505,0.603286,-0.335159,0.715006,-0.11172,154.811
lightbox/images/img004878.jpg,lightbox,2,32503,2,03651,-0.231226,-0.179842,0.822136,-0.488143,92.7728
lightbox/images/img004883.jpg,lightbox,3,34164,3,07261,-0.357407,-0.0824786,-0.302422,0.879772,77.4027
lightbox/images/img004895.jpg,lightbox,3,67113,2,52561,0.29038,-0.29038,0.844742,0.343176,122.255
lightbox/images/img004905.jpg,lightbox,2,40703,1,50563,0.249807,0.72671,-0.567742,0.295226,74.001
lightbox/images/img004921.jpg,lightbox,0,71626,0,71501,0.74702,0.630298,0.0233444,0.210099,46.9752
lightbox/images/img004927.jpg,lightbox,0,74305,3,52353,0.416185,-0.138728,0.138728,0.887862,81.4366
lightbox/images/img004928.jpg,lightbox,3,17605,1,12674,0.136234,0.871899,-0.0817405,-0.463196,124.07
lightbox/images/img004933.jpg,lightbox,1,15362,1,13463,0.444513,0.748653,-0.210559,-0.444513,32.5717
lightbox/images/img004937.jpg,lightbox,1,63033,1,07612,-0.315058,0.916533,-0.143208,-0.200492,92.3043
lightbox/images/img004940.jpg,lightbox,3,41014,3,25323,-0.129142,0.387427,-0.387427,0.826512,143.374
lightbox/images/img004950.jpg,lightbox,2,64346,1,60655,-0.565414,0.72373,0.203549,0.339248,82.029
lightbox/images/img004967.jpg,lightbox,0,11666,2,15364,0.546718,-0.415505,0.699798,-0.196818,173.372
lightbox/images/img004971.jpg,lightbox,0,75133,0,53613,0.785646,0.564683,-0.122757,0.220963,37.3178
lightbox/images/img004973.jpg,lightbox,3,61613,1,43547,-0.131625,0.842397,-0.342224,0.394874,112.716
lightbox/images/img004974.jpg,lightbox,2,21162,1,14332,0.314649,0.774521,-0.411464,-0.363057,178.904
lightbox/images/img004979.jpg,lightbox,2,71546,1,07307,-0.141819,0.907642,-0.141819,-0.368729,152.064
lightbox/images/img004980.jpg,lightbox,2,24105,3,23077,-0.189358,0.483916,-0.525995,0.673274,116.622
lightbox/images/img004990.jpg,lightbox,1,16547,1,07551,-0.028183,0.901856,-0.422745,-0.084549,37.0852
lightbox/images/img004993.jpg,lightbox,2,61501,2,65100,-0.189605,0.0270864,0.866766,0.46047,26.2707
lightbox/images/img004999.jpg,lightbox,1,02461,0,46361,0.73125,-0.479882,-0.0685546,0.479882,43.8685
lightbox/images/img005001.jpg,lightbox,3,52354,1,25067,-0.357407,0.879772,0.19245,-0.247436,123.008
lightbox/images/img005008.jpg,lightbox,3,27766,1,47506,-0.157672,0.720787,-0.29282,0.608164,35.9767
lightbox/images/img005015.jpg,lightbox,3,03620,3,02572,-0.444513,-0.210559,-0.444513,0.748653,22.6554
lightbox/images/img005016.jpg,lightbox,1,21611,2,15363,0.580544,-0.365528,0.688053,-0.236518,166.058
lightbox/images/img005023.jpg,lightbox,3,52270,1,52561,0.29038,0.844742,-0.29038,0.343176,154.161
lightbox/images/img005026.jpg,lightbox,2,50673,1,52002,0.0289278,0.925691,-0.376062,0.0289278,93.0309
lightbox/images/img005038.jpg,lightbox,0,06611,0,60561,0.785646,-0.51558,0.122757,0.319169,67.9237
lightbox/images/img005058.jpg,lightbox,3,63725,2,36352,0.287613,0.597351,0.707972,-0.243365,140.491
lightbox/images/img005059.jpg,lightbox,2,25761,1,34250,0.141365,0.904735,0.254457,-0.311003,110.509
lightbox/images/img005084.jpg,lightbox,2,52477,2,16562,0.260351,-0.260351,0.925691,-0.0867835,55.6837
lightbox/images/img005085.jpg,lightbox,1,34277,2,07704,-0.206689,-0.206689,0.944862,-0.147635,157.486
lightbox/images/img005088.jpg,lightbox,3,25106,3,16603,0.090167,-0.150278,-0.21039,0.961781,46.1822
lightbox/images/img005105.jpg,lightbox,1,50134,2,05176,-0.0719402,-0.599501,0.767362,-0.215821,39.8934
lightbox/images/img005106.jpg,lightbox,0,55326,0,53461,0.781884,0.464244,-0.268773,0.317641,19.0084
lightbox/images/img005114.jpg,lightbox,3,05311,1,16322,0.246691,0.877124,-0.0274101,-0.411152,77.8805
lightbox/images/img005124.jpg,lightbox,3,16776,3,52305,0.317146,-0.20182,0.0864945,0.922608,23.5242
lightbox/images/img005125.jpg,lightbox,0,67510,1,65770,-0.0663723,0.707972,0.287613,0.641599,134.875
lightbox/images/img005137.jpg,lightbox,2,13405,2,16516,0.349064,-0.349064,0.859235,-0.134255,41.9034
lightbox/images/img005147.jpg,lightbox,3,63724,1,56463,0.0678497,0.72373,-0.203549,0.65588,57.9899
lightbox/images/img005151.jpg,lightbox,3,36162,2,30557,0.38137,0.0762739,0.813589,-0.432219,131.095
lightbox/images/img005156.jpg,lightbox,1,16626,1,25507,-0.151934,0.972379,0.0911606,-0.151934,21.7048
lightbox/images/img005163.jpg,lightbox,1,74067,1,71655,0.533443,0.742182,0.208739,0.347898,61.7569
lightbox/images/img005164.jpg,lightbox,3,61243,1,05337,-0.0259675,0.830959,-0.441447,-0.337577,170.22
lightbox/images/img005166.jpg,lightbox,0,16510,0,16506,0.887862,0.249711,-0.360694,-0.138728,14.7765
lightbox/images/img005174.jpg,lightbox,2,13360,1,13645,0.457732,0.770916,-0.168638,-0.409549,145.579
lightbox/images/img005183.jpg,lightbox,2,47147,1,61576,-0.0829819,0.88514,0.193624,0.41491,166.902
lightbox/images/img005186.jpg,lightbox,2,44376,2,71616,0.508279,0.266242,0.774521,0.266242,139.165
lightbox/images/img005192.jpg,lightbox,1,71270,2,16516,0.349064,-0.349064,0.859235,-0.134255,163.191
lightbox/images/img005196.jpg,lightbox,3,34051,1,34260,0.0275764,0.882444,0.358493,-0.30334,138.374
lightbox/images/img005198.jpg,lightbox,0,65166,0,25475,0.951522,-0.267615,0.148675,-0.0297351,74.6147
lightbox/images/img005202.jpg,lightbox,2,30760,1,35615,0.564683,0.785646,0.220963,-0.122757,102.553
lightbox/images/img005213.jpg,lightbox,2,37202,2,37423,0.428838,0.51912,0.722254,-0.157993,19.7893
lightbox/images/img005220.jpg,lightbox,0,42525,1,12572,0.321503,0.791391,-0.222579,-0.469888,153.624
lightbox/images/img005221.jpg,lightbox,1,41606,1,07056,-0.294514,0.856767,-0.348062,-0.240966,62.9701
lightbox/images/img005232.jpg,lightbox,0,25011,1,25623,-0.339413,0.835478,0.39163,-0.182761,128.932
lightbox/images/img005233.jpg,lightbox,3,16057,3,16102,0.232456,-0.33577,-0.387427,0.826512,16.7321
lightbox/images/img005239.jpg,lightbox,3,43172,3,43562,-0.19245,-0.247436,0.357407,0.879772,27.7443
lightbox/images/img005244.jpg,lightbox,0,37466,1,31442,0.414388,0.780024,0.0731272,-0.463139,94.3791
lightbox/images/img005253.jpg,lightbox,1,63731,1,14624,0.0266217,0.851896,-0.505813,-0.133109,148.404
lightbox/images/img005270.jpg,lightbox,0,63002,0,24373,0.785646,-0.417374,0.368271,-0.270066,38.6249
lightbox/images/img005271.jpg,lightbox,1,43215,1,42713,-0.451292,0.849491,-0.132733,0.238919,32.0768
lightbox/images/img005273.jpg,lightbox,0,07014,0,05266,0.795292,-0.372793,-0.422499,-0.223676,16.8033
lightbox/images/img005274.jpg,lightbox,1,03113,1,16363,0.309033,0.899004,-0.0280939,-0.309033,66.9807
lightbox/images/img005281.jpg,lightbox,0,35456,1,71064,0.456468,0.859235,0.134255,0.187958,63.7295
lightbox/images/img005289.jpg,lightbox,2,25730,2,16641,0.0908257,-0.211927,0.968808,-0.0908257,74.2729
lightbox/images/img005290.jpg,lightbox,1,43264,1,61521,-0.147122,0.941584,0.147122,0.26482,39.567
lightbox/images/img005305.jpg,lightbox,0,03430,0,52460,0.882444,0.0275764,-0.30334,0.358493,113.483
lightbox/images/img005311.jpg,lightbox,0,53330,0,53301,0.753619,0.635866,-0.164854,0.0235506,12.5284
lightbox/images/img005314.jpg,lightbox,1,34225,1,16307,0.300609,0.8745,-0.136641,-0.355266,60.7776
lightbox/images/img005315.jpg,lightbox,3,64053,2,07651,-0.263908,-0.205262,0.93834,-0.0879694,118.431
lightbox/images/img005320.jpg,lightbox,3,16106,1,12074,0.118015,0.755297,-0.259633,-0.590076,101.193
lightbox/images/img005327.jpg,lightbox,0,31770,2,30177,0.342059,0.159628,0.729727,-0.570099,83.7865
lightbox/images/img005335.jpg,lightbox,3,70042,3,52563,0.294514,-0.240966,0.348062,0.856767,60.3298
lightbox/images/img005337.jpg,lightbox,1,14631,1,27451,-0.240278,0.854321,0.453858,-0.0800926,127.064
lightbox/images/img005341.jpg,lightbox,0,34542,1,52664,0.028183,0.901856,-0.084549,0.422745,151.536
lightbox/images/img005345.jpg,lightbox,2,14277,2,25615,-0.258625,0.258625,0.919555,-0.143681,98.4452
lightbox/images/img005367.jpg,lightbox,2,07752,2,16670,0.153069,-0.0918415,0.979643,-0.0918415,25.9086
lightbox/images/img005376.jpg,lightbox,1,27545,1,27451,-0.240278,0.854321,0.453858,-0.0800926,11.6481
lightbox/images/img005389.jpg,lightbox,0,76056,1,70765,0.280397,0.8157,0.331378,0.38236,100.682
lightbox/images/img005394.jpg,lightbox,1,60571,1,42535,-0.431106,0.811493,-0.278951,0.278951,49.7048
lightbox/images/img005396.jpg,lightbox,0,54340,3,30747,0.278951,0.278951,-0.431106,0.811493,64.1859
lightbox/images/img005401.jpg,lightbox,0,52313,0,34735,0.842397,0.394874,0.342224,-0.131625,58.5874
lightbox/images/img005404.jpg,lightbox,2,57750,3,57225,0.453539,-0.0716115,0.453539,0.763856,34.3916
lightbox/images/img005410.jpg,lightbox,0,63315,0,05225,0.770916,-0.313185,-0.457732,-0.313185,146.136
lightbox/images/img005428.jpg,lightbox,0,20335,2,15567,0.553562,-0.512558,0.656074,-0.0205023,84.5129
lightbox/images/img005430.jpg,lightbox,2,26574,1,75040,0.405798,0.763856,0.0238705,0.50128,154.99
lightbox/images/img005431.jpg,lightbox,1,76217,1,16345,0.308062,0.896179,-0.196039,-0.25205,128.884
lightbox/images/img005444.jpg,lightbox,2,25564,2,16661,0.092538,-0.092538,0.987072,-0.092538,44.8711
lightbox/images/img005451.jpg,lightbox,0,03360,3,52102,0.25205,-0.364073,0.0280056,0.896179,141.243
lightbox/images/img005481.jpg,lightbox,2,15223,1,70657,0.185826,0.849491,0.292013,0.398199,160.105
lightbox/images/img005482.jpg,lightbox,0,11021,3,75116,0.613422,0.0634574,0.401897,0.676879,156.216
lightbox/images/img005484.jpg,lightbox,2,22755,1,27146,-0.179842,0.822136,0.488143,-0.231226,47.5721
lightbox/images/img005492.jpg,lightbox,0,00533,1,65315,-0.0261087,0.835478,0.234978,0.496065,97.0363
lightbox/images/img005495.jpg,lightbox,1,53253,1,51266,0.418384,0.787547,-0.418384,0.172276,38.6232
lightbox/images/img005498.jpg,lightbox,2,50267,2,14660,0.026774,-0.508706,0.856767,-0.0803219,34.1641
lightbox/images/img005517.jpg,lightbox,2,63750,1,61704,-0.196039,0.896179,0.25205,0.308062,70.4603
lightbox/images/img005519.jpg,lightbox,2,13013,1,13072,0.44028,0.670902,-0.188691,-0.566074,150.574
lightbox/images/img005525.jpg,lightbox,0,10703,2,14741,0.268133,-0.560642,0.780024,-0.0731272,149.302
lightbox/images/img005530.jpg,lightbox,3,42215,3,06173,-0.43676,-0.231226,-0.282609,0.822136,45.1924
lightbox/images/img005538.jpg,lightbox,0,72364,1,16304,0.247436,0.879772,-0.19245,-0.357407,158.173
lightbox/images/img005563.jpg,lightbox,2,35257,0,34773,0.830959,0.389512,0.389512,-0.0779024,59.0141
lightbox/images/img005566.jpg,lightbox,2,16210,2,34162,0.25205,0.196039,0.896179,-0.308062,46.824
lightbox/images/img005570.jpg,lightbox,3,03040,1,05617,-0.227067,0.80735,-0.529823,-0.126148,173.988
lightbox/images/img005572.jpg,lightbox,2,45707,1,06325,-0.518084,0.789462,-0.0740121,-0.320719,116.825
lightbox/images/img005576.jpg,lightbox,0,43231,1,55206,0.369653,0.695817,-0.45663,0.413141,153.668
lightbox/images/img005577.jpg,lightbox,0,53714,1,53301,0.635866,0.753619,-0.164854,0.0235506,27.8901
lightbox/images/img005578.jpg,lightbox,1,65425,2,56103,0.274743,-0.324696,0.799251,0.424602,177.167
lightbox/images/img005586.jpg,lightbox,1,40326,1,60573,-0.434472,0.817829,0.1789,0.332243,76.7541
lightbox/images/img005599.jpg,lightbox,3,03777,3,12372,0.296452,-0.022804,-0.615707,0.729727,42.4014
lightbox/images/img005603.jpg,lightbox,0,56230,3,71204,0.453858,0.240278,0.0800926,0.854321,73.1815
lightbox/images/img005609.jpg,lightbox,2,72140,2,43112,-0.0864945,-0.374809,0.922608,0.0288315,106.379
lightbox/images/img005620.jpg,lightbox,2,55237,1,60551,-0.441447,0.830959,0.0259675,0.337577,137.319
lightbox/images/img005627.jpg,lightbox,1,46333,1,21665,-0.319941,0.787547,0.319941,-0.418384,107.849
lightbox/images/img005646.jpg,lightbox,3,74207,2,74221,0.0776931,0.33667,0.828726,0.440261,62.1027
lightbox/images/img005651.jpg,lightbox,0,61270,0,17065,0.80327,0.476942,-0.276124,-0.22592,129.168
lightbox/images/img005655.jpg,lightbox,0,24570,1,25521,-0.149204,0.954905,0.149204,-0.208885,111.128
lightbox/images/img005662.jpg,lightbox,0,70725,2,34064,0.0297351,0.148675,0.951522,-0.267615,140.743
lightbox/images/img005667.jpg,lightbox,2,75360,1,20745,-0.490232,0.74702,0.210099,-0.396854,168.057
lightbox/images/img005668.jpg,lightbox,2,50727,1,42514,-0.456673,0.769133,-0.360531,0.264389,91.3889
lightbox/images/img005675.jpg,lightbox,0,76123,0,25673,0.8745,-0.245953,0.409922,-0.0819844,81.3033
lightbox/images/img005677.jpg,lightbox,1,30472,1,72111,0.38236,0.8157,0.433341,0.0254906,75.2967
lightbox/images/img005682.jpg,lightbox,1,07460,1,07650,-0.317146,0.922608,-0.20182,-0.0864945,16.8687
lightbox/images/img005692.jpg,lightbox,3,65213,1,56102,0.227648,0.809414,-0.328824,0.430001,134.809
lightbox/images/img005699.jpg,lightbox,1,06445,1,24536,-0.497423,0.837765,0.183261,-0.130901,66.4963
lightbox/images/img005705.jpg,lightbox,3,06713,3,43203,-0.372342,-0.143208,0.0286417,0.916533,27.9473
lightbox/images/img005709.jpg,lightbox,3,33402,3,50726,0.231226,-0.43676,0.282609,0.822136,141.506
lightbox/images/img005736.jpg,lightbox,0,05325,0,07047,0.842397,-0.342224,-0.342224,-0.236924,31.8226
lightbox/images/img005737.jpg,lightbox,3,25146,1,16016,0.134255,0.859235,-0.349064,-0.349064,162.093
lightbox/images/img005747.jpg,lightbox,0,76027,2,16573,0.409922,-0.245953,0.8745,-0.0819844,89.7003
lightbox/images/img005754.jpg,lightbox,0,07441,1,21645,-0.328824,0.809414,0.227648,-0.430001,101.529
lightbox/images/img005776.jpg,lightbox,0,52764,1,17404,0.430001,0.809414,-0.379413,-0.126471,111.352
lightbox/images/img005777.jpg,lightbox,2,76453,1,07043,-0.337577,0.830959,-0.337577,-0.285642,165.598
lightbox/images/img005779.jpg,lightbox,2,40714,2,41076,-0.257915,-0.58617,0.750298,0.164128,24.3803
lightbox/images/img005781.jpg,lightbox,3,30324,2,06311,-0.426737,-0.175715,0.80327,-0.376533,52.7248
lightbox/images/img005796.jpg,lightbox,0,07576,1,16307,0.300609,0.8745,-0.136641,-0.355266,150.156
lightbox/images/img005800.jpg,lightbox,0,42377,0,24262,0.662794,-0.642082,0.310685,-0.227836,73.8857
lightbox/images/img005801.jpg,lightbox,0,43603,3,43171,-0.0292228,-0.321451,0.146114,0.935129,145.096
lightbox/images/img005811.jpg,lightbox,1,70505,1,51661,0.434179,0.73125,-0.434179,0.29707,59.1882
lightbox/images/img005817.jpg,lightbox,2,40203,1,56367,0.268773,0.781884,-0.0244339,0.561979,121.712
lightbox/images/img005819.jpg,lightbox,2,52225,2,43334,-0.092538,-0.092538,0.987072,0.092538,20.0454
lightbox/images/img005825.jpg,lightbox,0,35625,2,07605,-0.36522,-0.196657,0.899004,-0.140469,170.539
lightbox/images/img005840.jpg,lightbox,0,43475,0,25071,0.904735,-0.254457,0.141365,-0.311003,99.6667
lightbox/images/img005853.jpg,lightbox,3,65125,2,65161,-0.128459,0.128459,0.822136,0.539527,51.1255
lightbox/images/img005859.jpg,lightbox,2,65356,1,61621,-0.342224,0.842397,0.342224,0.236924,99.6108
lightbox/images/img005861.jpg,lightbox,3,16607,3,03300,-0.153375,-0.153375,-0.67923,0.701141,74.9665
lightbox/images/img005863.jpg,lightbox,2,31545,1,21245,-0.298319,0.734324,0.206529,-0.57369,157.233
lightbox/images/img005867.jpg,lightbox,1,55201,2,34363,0.284875,0.388465,0.828726,-0.284875,163.354
lightbox/images/img005885.jpg,lightbox,1,03636,1,25702,-0.198547,0.907642,0.312002,-0.198547,57.1515
lightbox/images/img005890.jpg,lightbox,3,73401,1,56513,0.331862,0.707972,-0.287613,0.553103,75.5437
lightbox/images/img005898.jpg,lightbox,0,71765,1,50554,0.26653,0.656074,-0.635572,0.307535,122.81
lightbox/images/img005900.jpg,lightbox,0,46010,1,42654,-0.599704,0.71076,-0.155479,0.333169,99.5569
lightbox/images/img005906.jpg,lightbox,0,70317,1,17065,0.476942,0.80327,-0.276124,-0.22592,102.321
lightbox/images/img005913.jpg,lightbox,1,55377,1,05312,-0.0727821,0.776342,-0.509475,-0.36391,129.094
lightbox/images/img005918.jpg,lightbox,2,42461,1,61566,-0.190728,0.871899,0.190728,0.408703,162.069
lightbox/images/img005930.jpg,lightbox,1,12366,1,12654,0.134255,0.859235,-0.187958,-0.456468,28.3786
lightbox/images/img005936.jpg,lightbox,0,25032,1,74214,0.129488,0.828726,0.233079,0.492056,146.972
lightbox/images/img005940.jpg,lightbox,1,43640,1,52511,0.380387,0.811493,-0.380387,0.228232,96.0112
lightbox/images/img005946.jpg,lightbox,0,25037,1,75026,0.409549,0.770916,0.168638,0.457732,173.156
lightbox/images/img005957.jpg,lightbox,0,70152,3,07403,-0.346083,-0.346083,-0.186352,0.851896,136.527
lightbox/images/img005961.jpg,lightbox,3,33620,3,01232,-0.224771,-0.347373,-0.633445,0.653879,129.38
lightbox/images/img005977.jpg,lightbox,3,70164,1,52563,0.294514,0.856767,-0.240966,0.348062,124.821
lightbox/images/img005999.jpg,lightbox,3,45133,1,71406,0.447523,0.842397,0.0789747,0.289574,151.943
lightbox/images/img006002.jpg,lightbox,3,41421,1,41467,-0.287613,0.707972,-0.553103,0.331862,154.027
lightbox/images/img006007.jpg,lightbox,2,25446,2,06525,-0.523205,-0.27406,0.797264,-0.124573,42.8464
lightbox/images/img006016.jpg,lightbox,0,26210,2,15364,0.546718,-0.415505,0.699798,-0.196818,32.1286
lightbox/images/img006048.jpg,lightbox,3,63201,0,62662,0.573351,-0.555434,0.555434,0.232924,145.267
lightbox/images/img006054.jpg,lightbox,0,21657,0,16072,0.904735,0.141365,-0.254457,-0.311003,79.0859
lightbox/images/img006055.jpg,lightbox,3,72445,1,56111,0.357244,0.762121,-0.357244,0.404877,114.229
lightbox/images/img006058.jpg,lightbox,3,34375,3,32166,0.189358,0.483916,-0.525995,0.673274,46.8013
lightbox/images/img006061.jpg,lightbox,0,16726,0,52413,0.879772,0.19245,-0.357407,0.247436,58.7001
lightbox/images/img006062.jpg,lightbox,0,50327,2,52513,0.387427,-0.33577,0.826512,0.232456,164.391
lightbox/images/img006067.jpg,lightbox,0,72125,2,17565,0.623538,-0.254034,0.739008,-0.023094,72.5597
lightbox/images/img006068.jpg,lightbox,0,64310,2,60301,-0.533917,0.228822,0.813589,0.0254246,139.502
lightbox/images/img006074.jpg,lightbox,2,27102,2,27001,-0.314649,0.411464,0.774521,-0.363057,19.083
lightbox/images/img006075.jpg,lightbox,1,37024,2,14613,0.177059,-0.531178,0.809414,-0.177059,164.325
lightbox/images/img006082.jpg,lightbox,3,56203,1,52766,0.246691,0.877124,-0.0274101,0.411152,153.488
lightbox/images/img006087.jpg,lightbox,0,64107,1,52511,0.380387,0.811493,-0.380387,0.228232,175.376
lightbox/images/img006091.jpg,lightbox,2,52556,2,56003,0.0776931,-0.33667,0.828726,0.440261,32.0023
lightbox/images/img006106.jpg,lightbox,0,07464,2,71241,0.492056,0.233079,0.828726,0.129488,170.321
lightbox/images/img006116.jpg,lightbox,3,21030,2,02173,-0.368955,-0.195329,0.694504,-0.585988,71.8277
lightbox/images/img006125.jpg,lightbox,3,54302,3,52534,0.343176,-0.29038,0.29038,0.844742,32.576
lightbox/images/img006144.jpg,lightbox,1,32406,1,40777,-0.397722,0.748653,-0.397722,0.350931,155.655
lightbox/images/img006149.jpg,lightbox,3,43223,3,03672,-0.283358,-0.0257599,-0.489437,0.824315,64.3965
lightbox/images/img006150.jpg,lightbox,2,25226,1,21611,-0.217325,0.772712,0.217325,-0.555387,87.5817
lightbox/images/img006156.jpg,lightbox,2,56733,2,56253,0.178434,-0.127453,0.8157,0.535303,25.0097
lightbox/images/img006158.jpg,lightbox,3,51405,1,26545,-0.50128,0.763856,0.405798,-0.0238705,106.66
lightbox/images/img006159.jpg,lightbox,2,21702,1,21616,-0.266242,0.774521,0.266242,-0.508279,85.9155
lightbox/images/img006160.jpg,lightbox,2,43002,1,14427,0.0731272,0.780024,-0.609394,-0.121879,69.0225
lightbox/images/img006161.jpg,lightbox,0,41412,1,47437,-0.205664,0.73125,-0.205664,0.616992,174.498
lightbox/images/img006168.jpg,lightbox,0,45531,3,35063,0.481824,0.177514,-0.278951,0.811493,57.886
lightbox/images/img006169.jpg,lightbox,2,22136,1,12367,0.261387,0.760398,-0.0237624,-0.594061,113.06
lightbox/images/img006188.jpg,lightbox,3,43315,1,74121,0.287982,0.837765,0.130901,0.445063,150.111
lightbox/images/img006189.jpg,lightbox,2,32432,1,05513,-0.0228515,0.73125,-0.662695,-0.159961,176.83
lightbox/images/img006203.jpg,lightbox,3,41551,1,16007,0.0810219,0.864234,-0.351095,-0.351095,45.913
lightbox/images/img006207.jpg,lightbox,1,36642,2,43166,-0.20182,-0.259483,0.922608,0.20182,133.596
lightbox/images/img006215.jpg,lightbox,3,65312,3,61477,-0.24236,0.188502,0.403933,0.861723,22.5607
lightbox/images/img006217.jpg,lightbox,2,02314,2,02147,-0.441836,-0.273518,0.673274,-0.525995,17.1133
lightbox/images/img006221.jpg,lightbox,0,55766,1,51667,0.436005,0.734324,-0.390109,0.344214,46.7056
lightbox/images/img006222.jpg,lightbox,1,07135,1,07077,-0.252845,0.899004,-0.252845,-0.252845,32.1585
lightbox/images/img006224.jpg,lightbox,3,07577,1,52472,0.138728,0.887862,-0.249711,0.360694,166.636
lightbox/images/img006226.jpg,lightbox,0,34051,2,61355,-0.0294245,0.26482,0.941584,0.205971,178.068
lightbox/images/img006228.jpg,lightbox,1,07136,1,61521,-0.147122,0.941584,0.147122,0.26482,90.5648
lightbox/images/img006234.jpg,lightbox,3,53056,2,34014,0.143208,0.0286417,0.916533,-0.372342,172.575
lightbox/images/img006237.jpg,lightbox,3,25060,1,21604,-0.356436,0.760398,0.213862,-0.499011,151.262
lightbox/images/img006255.jpg,lightbox,1,75530,3,43632,-0.314029,-0.0285481,0.256933,0.91354,147.885
lightbox/images/img006262.jpg,lightbox,2,41464,2,05707,-0.128459,-0.539527,0.822136,-0.128459,60.9982
lightbox/images/img006286.jpg,lightbox,2,24773,1,21675,-0.227648,0.809414,0.328824,-0.430001,92.2297
lightbox/images/img006289.jpg,lightbox,2,27536,1,43112,-0.0864945,0.922608,-0.374809,0.0288315,150.833
lightbox/images/img006293.jpg,lightbox,3,35551,3,56173,0.356436,-0.213862,0.499011,0.760398,80.4488
lightbox/images/img006297.jpg,lightbox,2,05554,2,34661,0.0862083,0.373569,0.919555,-0.0862083,133.3
lightbox/images/img006315.jpg,lightbox,2,67701,1,07250,-0.30334,0.882444,-0.193035,-0.30334,153.263
lightbox/images/img006329.jpg,lightbox,1,70553,1,71603,0.476942,0.80327,0.276124,0.22592,31.0771
lightbox/images/img006333.jpg,lightbox,1,03237,1,47303,-0.135432,0.866766,-0.135432,0.46047,139.559
lightbox/images/img006350.jpg,lightbox,2,03467,2,30544,0.240966,0.026774,0.856767,-0.455158,73.5475
lightbox/images/img006354.jpg,lightbox,1,65343,1,16302,0.244497,0.869321,-0.135831,-0.407494,132.409
lightbox/images/img006360.jpg,lightbox,2,54556,1,04760,-0.524491,0.729727,-0.433275,-0.0684119,73.1288
lightbox/images/img006364.jpg,lightbox,2,60171,2,06537,-0.451292,-0.238919,0.849491,-0.132733,50.333
lightbox/images/img006366.jpg,lightbox,0,63105,2,53075,0.554096,-0.265003,0.770916,0.168638,54.6923
lightbox/images/img006397.jpg,lightbox,0,17600,1,17562,0.599501,0.767362,-0.215821,-0.0719402,51.0975
lightbox/images/img006414.jpg,lightbox,2,16131,1,16324,0.251263,0.893381,-0.0837545,-0.362936,169.44
lightbox/images/img006417.jpg,lightbox,1,14534,1,52143,0.300609,0.8745,-0.355266,0.136641,44.3146
lightbox/images/img006425.jpg,lightbox,2,60127,1,34501,0.318206,0.925691,0.0289278,-0.202495,179.966
lightbox/images/img006448.jpg,lightbox,1,25546,1,25504,-0.211154,0.965275,0.0301648,-0.150824,14.516
lightbox/images/img006454.jpg,lightbox,0,20050,1,61365,-0.140469,0.899004,0.36522,0.196657,93.9286
lightbox/images/img006455.jpg,lightbox,3,52606,0,70525,0.890609,0.306147,0.139158,0.306147,141.793
lightbox/images/img006456.jpg,lightbox,2,33566,1,07144,-0.188502,0.861723,-0.403933,-0.24236,163.415
lightbox/images/img006463.jpg,lightbox,1,25211,1,16347,0.311003,0.904735,-0.141365,-0.254457,83.6426
lightbox/images/img006482.jpg,lightbox,2,45013,1,14714,0.311026,0.765603,-0.550277,-0.119625,38.3908
lightbox/images/img006484.jpg,lightbox,3,57147,0,56003,0.828726,0.0776931,-0.33667,0.440261,109.747
lightbox/images/img006485.jpg,lightbox,2,42456,3,71664,0.411464,0.314649,0.363057,0.774521,160.354
lightbox/images/img006508.jpg,lightbox,3,16721,1,14214,0.119625,0.765603,-0.550277,-0.311026,155.65
lightbox/images/img006509.jpg,lightbox,2,45020,1,16340,0.25205,0.896179,-0.196039,-0.308062,66.9376
lightbox/images/img006515.jpg,lightbox,1,75246,1,16323,0.29708,0.864234,-0.0270073,-0.40511,118.664
lightbox/images/img006519.jpg,lightbox,0,60546,2,56033,0.184274,-0.236924,0.842397,0.447523,122.917
lightbox/images/img006525.jpg,lightbox,2,70503,2,16577,0.411152,-0.246691,0.877124,-0.0274101,51.7559
lightbox/images/img006527.jpg,lightbox,0,16265,2,72104,0.240278,0.453858,0.854321,0.0800926,157.725
lightbox/images/img006528.jpg,lightbox,2,66150,2,56215,0.181772,-0.181772,0.830959,0.493382,97.9093
lightbox/images/img006532.jpg,lightbox,0,41476,1,25641,-0.362936,0.893381,0.251263,-0.0837545,100.397
lightbox/images/img006548.jpg,lightbox,0,61535,2,25504,-0.211154,0.0301648,0.965275,-0.150824,169.425
lightbox/images/img006567.jpg,lightbox,3,37002,0,07005,0.80327,-0.326328,-0.376533,-0.326328,171.561
lightbox/images/img006569.jpg,lightbox,1,50035,1,14742,0.228232,0.811493,-0.532542,-0.0760775,22.9008
lightbox/images/img006597.jpg,lightbox,2,51765,1,40337,-0.423547,0.797264,-0.423547,0.0747435,72.5966
lightbox/images/img006601.jpg,lightbox,3,73060,3,25602,-0.398199,0.292013,-0.185826,0.849491,106.349
lightbox/images/img006607.jpg,lightbox,0,55277,2,03044,-0.327405,-0.327405,0.698464,-0.545675,57.6896
lightbox/images/img006610.jpg,lightbox,1,11136,1,65355,-0.024731,0.791391,0.222579,0.568812,174.861
lightbox/images/img006614.jpg,lightbox,0,37060,0,31404,0.763856,0.405798,0.0238705,-0.50128,60.1138
lightbox/images/img006615.jpg,lightbox,1,13663,1,30567,0.285642,0.830959,0.181772,-0.441447,30.1423
lightbox/images/img006616.jpg,lightbox,3,16056,3,14264,0.0261087,-0.496065,-0.234978,0.835478,24.4407
lightbox/images/img006632.jpg,lightbox,0,61641,0,61621,0.842397,-0.342224,0.342224,0.236924,20.5669
lightbox/images/img006634.jpg,lightbox,0,74116,1,52513,0.387427,0.826512,-0.33577,0.232456,97.6716
lightbox/images/img006647.jpg,lightbox,0,07506,1,70567,0.292013,0.849491,0.185826,0.398199,174.834
lightbox/images/img006664.jpg,lightbox,3,75242,1,74113,0.38137,0.813589,0.0762739,0.432219,87.7929
lightbox/images/img006665.jpg,lightbox,1,53424,1,51661,0.434179,0.73125,-0.434179,0.29707,18.0794
lightbox/images/img006668.jpg,lightbox,2,00427,3,03147,-0.116468,-0.302817,-0.582341,0.745396,127.275
lightbox/images/img006671.jpg,lightbox,2,04137,2,52511,0.380387,-0.380387,0.811493,0.228232,110.35
lightbox/images/img006673.jpg,lightbox,3,41654,0,44223,0.647423,-0.586727,-0.343944,0.343944,147.507
lightbox/images/img006674.jpg,lightbox,3,02342,1,52663,0.0864945,0.922608,-0.0288315,0.374809,167.298
lightbox/images/img006679.jpg,lightbox,2,05736,2,07500,-0.190728,-0.408703,0.871899,-0.190728,13.6059
lightbox/images/img006684.jpg,lightbox,3,21440,3,06371,-0.447523,-0.0789747,-0.289574,0.842397,25.5243
lightbox/images/img006686.jpg,lightbox,2,12324,3,55263,0.413141,-0.369653,0.45663,0.695817,179.217
lightbox/images/img006696.jpg,lightbox,3,20355,1,31074,0.45663,0.695817,0.108721,-0.543607,120.842
lightbox/images/img006704.jpg,lightbox,0,56063,1,53556,0.610155,0.673274,-0.273518,0.315597,80.2646
lightbox/images/img006709.jpg,lightbox,0,35276,1,56111,0.357244,0.762121,-0.357244,0.404877,126.718
lightbox/images/img006711.jpg,lightbox,3,16212,3,07072,-0.299715,-0.245222,-0.299715,0.871899,50.677
lightbox/images/img006727.jpg,lightbox,0,24444,1,06266,-0.681854,0.703849,-0.0219953,-0.197958,27.9649
lightbox/images/img006733.jpg,lightbox,0,60106,2,20755,-0.414388,0.219382,0.780024,-0.414388,128.806
lightbox/images/img006736.jpg,lightbox,2,50214,2,41174,-0.0704956,-0.63446,0.751953,0.16449,25.2923
sunlamp/images/img000005.jpg,sunlamp,3,57537,2,07065,-0.348062,-0.294514,0.856767,-0.240966,162.542
sunlamp/images/img000022.jpg,sunlamp,3,70166,3,60533,-0.447523,0.184274,0.236924,0.842397,80.8391
sunlamp/images/img000030.jpg,sunlamp,0,42170,0,43042,0.842397,-0.394874,-0.342224,0.131625,14.2043
sunlamp/images/img000031.jpg,sunlamp,2,70435,2,70655,0.188502,0.24236,0.861723,0.403933,17.3166
sunlamp/images/img000033.jpg,sunlamp,3,07240,2,06533,-0.447523,-0.236924,0.842397,-0.184274,158.443
sunlamp/images/img000034.jpg,sunlamp,1,07625,1,07336,-0.0864945,0.922608,-0.0288315,-0.374809,42.5428
sunlamp/images/img000039.jpg,sunlamp,3,24006,2,06301,-0.503581,-0.16786,0.767362,-0.359701,164.483
sunlamp/images/img000040.jpg,sunlamp,1,25003,1,07063,-0.348062,0.856767,-0.240966,-0.294514,37.7047
sunlamp/images/img000043.jpg,sunlamp,0,61033,2,25534,-0.0911606,0.151934,0.972379,-0.151934,170.455
sunlamp/images/img000045.jpg,sunlamp,1,04567,1,50642,0.024731,0.791391,-0.51935,0.321503,72.1763
sunlamp/images/img000052.jpg,sunlamp,3,33145,2,05366,-0.184274,-0.447523,0.842397,-0.236924,74.9176
sunlamp/images/img000054.jpg,sunlamp,0,47712,1,43514,-0.0807866,0.861723,-0.403933,0.296217,166.497
sunlamp/images/img000060.jpg,sunlamp,3,17034,1,45372,-0.0714488,0.762121,-0.404877,0.500142,147.94
sunlamp/images/img000062.jpg,sunlamp,2,45643,1,71443,0.480589,0.809414,0.0758825,0.328824,152.047
sunlamp/images/img000066.jpg,sunlamp,3,52624,1,43512,-0.0837545,0.893381,-0.362936,0.251263,175.632
sunlamp/images/img000072.jpg,sunlamp,3,27451,3,43072,-0.311003,-0.254457,0.141365,0.904735,87.2419
sunlamp/images/img000074.jpg,sunlamp,2,74303,2,70500,0.261226,0.0290252,0.928805,0.261226,35.6302
sunlamp/images/img000076.jpg,sunlamp,3,42321,3,43503,-0.138728,-0.360694,0.249711,0.887862,62.9377
sunlamp/images/img000078.jpg,sunlamp,0,00352,3,60335,-0.440261,0.33667,0.0776931,0.828726,56.1309
sunlamp/images/img000079.jpg,sunlamp,2,14634,1,50272,0.135432,0.866766,-0.46047,0.135432,69.4851
sunlamp/images/img000081.jpg,sunlamp,3,25337,1,47102,-0.1789,0.817829,-0.332243,0.434472,69.2059
sunlamp/images/img000084.jpg,sunlamp,1,02172,1,07303,-0.138728,0.887862,-0.138728,-0.416185,42.2376
sunlamp/images/img000089.jpg,sunlamp,2,64141,1,56431,0.164128,0.750298,-0.257915,0.58617,178.578
sunlamp/images/img000096.jpg,sunlamp,2,06756,2,61522,-0.20182,0.20182,0.922608,0.259483,58.1218
sunlamp/images/img000097.jpg,sunlamp,2,27217,2,27541,-0.136234,0.463196,0.871899,-0.0817405,35.3417
sunlamp/images/img000098.jpg,sunlamp,1,75426,3,41522,-0.165963,-0.592723,0.21338,0.758686,178.756
sunlamp/images/img000099.jpg,sunlamp,0,07524,0,07473,0.925691,-0.260351,-0.260351,-0.0867835,8.60663
sunlamp/images/img000104.jpg,sunlamp,1,41426,1,41672,-0.274743,0.799251,-0.424602,0.324696,21.0757
sunlamp/images/img000105.jpg,sunlamp,2,12165,1,45237,-0.214834,0.763856,-0.405798,0.453539,69.9272
sunlamp/images/img000106.jpg,sunlamp,1,52145,1,52542,0.236924,0.842397,-0.342224,0.342224,22.0588
sunlamp/images/img000107.jpg,sunlamp,3,62600,1,45313,-0.0238705,0.763856,-0.50128,0.405798,113.329
sunlamp/images/img000114.jpg,sunlamp,0,61327,2,07515,-0.0280056,-0.420084,0.896179,-0.140028,130.588
sunlamp/images/img000116.jpg,sunlamp,1,76262,1,61501,-0.148675,0.951522,0.0297351,0.267615,82.4802
sunlamp/images/img000117.jpg,sunlamp,2,04005,2,31241,0.405542,0.192099,0.683019,-0.576297,155.167
sunlamp/images/img000118.jpg,sunlamp,2,06313,2,07215,-0.247436,-0.19245,0.879772,-0.357407,24.5077
sunlamp/images/img000122.jpg,sunlamp,0,60141,0,46203,0.685522,-0.621254,-0.107113,0.364184,37.2799
sunlamp/images/img000124.jpg,sunlamp,0,75536,1,16313,0.387427,0.826512,-0.129142,-0.387427,122.945
sunlamp/images/img000126.jpg,sunlamp,1,71357,3,71072,0.535303,0.178434,0.127453,0.8157,103.38
sunlamp/images/img000128.jpg,sunlamp,0,24133,0,07520,0.907642,-0.198547,-0.312002,-0.198547,66.8439
sunlamp/images/img000136.jpg,sunlamp,0,57735,2,01673,-0.214834,-0.405798,0.763856,-0.453539,97.168
sunlamp/images/img000140.jpg,sunlamp,3,34422,0,34034,0.907642,0.141819,0.141819,-0.368729,141.164
sunlamp/images/img000141.jpg,sunlamp,2,43142,2,50360,0.233079,-0.492056,0.828726,0.129488,50.4201
sunlamp/images/img000142.jpg,sunlamp,3,12602,3,03231,-0.197576,-0.0658586,-0.680538,0.702491,31.6542
sunlamp/images/img000144.jpg,sunlamp,2,61522,2,52563,0.294514,-0.240966,0.856767,0.348062,78.5806
sunlamp/images/img000148.jpg,sunlamp,1,06760,1,65123,-0.134255,0.859235,0.187958,0.456468,85.8298
sunlamp/images/img000149.jpg,sunlamp,2,41024,2,50601,0.0740121,-0.567426,0.789462,0.222036,49.9263
sunlamp/images/img000158.jpg,sunlamp,0,73646,2,42522,-0.555387,-0.217325,0.772712,0.217325,175.076
sunlamp/images/img000160.jpg,sunlamp,1,34156,1,52511,0.380387,0.811493,-0.380387,0.228232,79.9739
sunlamp/images/img000161.jpg,sunlamp,0,35247,2,06503,-0.511891,-0.316885,0.780024,-0.17063,144.42
sunlamp/images/img000165.jpg,sunlamp,2,72034,1,41373,-0.0273281,0.8745,-0.464578,0.136641,168.907
sunlamp/images/img000167.jpg,sunlamp,3,46627,0,06267,0.725215,-0.657226,-0.022663,-0.203967,114.418
sunlamp/images/img000176.jpg,sunlamp,2,63702,1,50622,0.026774,0.856767,-0.455158,0.240966,150.484
sunlamp/images/img000177.jpg,sunlamp,2,12767,1,50563,0.249807,0.72671,-0.567742,0.295226,112.906
sunlamp/images/img000178.jpg,sunlamp,3,27130,3,03062,-0.33057,-0.198342,-0.595026,0.705215,94.791
sunlamp/images/img000179.jpg,sunlamp,2,16555,1,43512,-0.0837545,0.893381,-0.362936,0.251263,94.9525
sunlamp/images/img000181.jpg,sunlamp,3,70612,2,41331,-0.0268511,-0.510171,0.859235,0.0268511,169.027
sunlamp/images/img000182.jpg,sunlamp,0,31077,1,56111,0.357244,0.762121,-0.357244,0.404877,139.814
sunlamp/images/img000196.jpg,sunlamp,1,51424,2,05255,-0.217325,-0.555387,0.772712,-0.217325,31.6083
sunlamp/images/img000197.jpg,sunlamp,1,72175,1,70472,0.140469,0.899004,0.196657,0.36522,51.6974
sunlamp/images/img000198.jpg,sunlamp,1,44761,1,46135,-0.401252,0.755297,-0.259633,0.448458,23.0772
sunlamp/images/img000200.jpg,sunlamp,2,37371,1,52571,0.38236,0.8157,-0.280397,0.331378,131.213
sunlamp/images/img000203.jpg,sunlamp,2,07530,2,07555,-0.028273,-0.424094,0.904735,-0.028273,23.6796
sunlamp/images/img000206.jpg,sunlamp,1,73000,1,70713,0.393784,0.840072,0.288775,0.23627,30.1746
sunlamp/images/img000207.jpg,sunlamp,0,22321,3,21662,-0.350165,0.350165,-0.443543,0.74702,34.7517
sunlamp/images/img000208.jpg,sunlamp,2,52734,1,43611,-0.2561,0.910577,-0.199189,0.2561,147.188
sunlamp/images/img000213.jpg,sunlamp,1,47225,1,52671,0.197911,0.904735,-0.0848189,0.367549,64.7839
sunlamp/images/img000214.jpg,sunlamp,1,07340,1,61101,-0.15423,0.987072,0.030846,0.030846,49.1624
sunlamp/images/img000219.jpg,sunlamp,2,35602,2,70511,0.411152,0.0274101,0.877124,0.246691,59.232
sunlamp/images/img000220.jpg,sunlamp,2,34150,1,16710,0.36181,0.890609,-0.194821,-0.194821,176.224
sunlamp/images/img000227.jpg,sunlamp,3,34161,2,06573,-0.453858,-0.240278,0.854321,-0.0800926,119.713
sunlamp/images/img000228.jpg,sunlamp,2,52241,1,52521,0.299715,0.871899,-0.299715,0.245222,128.079
sunlamp/images/img000233.jpg,sunlamp,0,52642,2,52512,0.342224,-0.342224,0.842397,0.236924,148.362
sunlamp/images/img000235.jpg,sunlamp,3,61555,3,70474,0.138728,0.138728,0.416185,0.887862,23.0151
sunlamp/images/img000237.jpg,sunlamp,1,10644,1,70563,0.297951,0.866766,0.189605,0.352124,129.223
sunlamp/images/img000239.jpg,sunlamp,0,65451,0,05364,0.822136,-0.179842,-0.488143,-0.231226,125.534
sunlamp/images/img000241.jpg,sunlamp,2,77475,1,74053,0.179369,0.819974,0.0768726,0.538108,82.687
sunlamp/images/img000247.jpg,sunlamp,3,35322,1,56133,0.372793,0.795292,-0.223676,0.422499,68.1744
sunlamp/images/img000252.jpg,sunlamp,1,65333,1,61501,-0.148675,0.951522,0.0297351,0.267615,46.3661
sunlamp/images/img000254.jpg,sunlamp,0,16462,2,52522,0.252845,-0.252845,0.899004,0.252845,179.266
sunlamp/images/img000255.jpg,sunlamp,1,03063,2,53341,0.631676,-0.163768,0.748653,0.116977,116.931
sunlamp/images/img000256.jpg,sunlamp,0,25330,0,70721,0.856767,0.294514,0.348062,0.240966,88.4127
sunlamp/images/img000257.jpg,sunlamp,3,34573,3,03373,-0.0238705,-0.0238705,-0.644503,0.763856,85.2811
sunlamp/images/img000260.jpg,sunlamp,2,75042,2,16533,0.403933,-0.24236,0.861723,-0.188502,91.0214
sunlamp/images/img000261.jpg,sunlamp,2,43225,2,43241,-0.36522,-0.196657,0.899004,0.140469,14.522
sunlamp/images/img000262.jpg,sunlamp,0,23555,1,05635,-0.233079,0.828726,-0.492056,-0.129488,138.189
sunlamp/images/img000267.jpg,sunlamp,1,60525,1,06312,-0.469888,0.791391,-0.123655,-0.370965,82.0034
sunlamp/images/img000272.jpg,sunlamp,3,42237,1,56123,0.282609,0.822136,-0.231226,0.43676,165.157
sunlamp/images/img000273.jpg,sunlamp,0,41672,3,03470,-0.272709,-0.272709,-0.471042,0.793334,144.996
sunlamp/images/img000274.jpg,sunlamp,3,25537,1,05771,-0.026774,0.856767,-0.508706,-0.0803219,156.623
sunlamp/images/img000277.jpg,sunlamp,3,31733,1,50574,0.280561,0.690612,-0.582704,0.323724,68.8874
sunlamp/images/img000278.jpg,sunlamp,0,00151,1,06501,-0.503581,0.767362,-0.359701,-0.16786,152.775
sunlamp/images/img000280.jpg,sunlamp,2,24511,2,16061,0.0840168,-0.308062,0.896179,-0.308062,73.5926
sunlamp/images/img000282.jpg,sunlamp,2,06747,2,52523,0.304267,-0.248946,0.88514,0.248946,104.743
sunlamp/images/img000283.jpg,sunlamp,3,06533,3,52200,0.0304997,-0.213498,0.0304997,0.975991,61.5726
sunlamp/images/img000291.jpg,sunlamp,2,40717,2,25641,-0.362936,0.251263,0.893381,-0.0837545,96.9459
sunlamp/images/img000297.jpg,sunlamp,1,47453,2,17612,0.535303,-0.127453,0.8157,-0.178434,113.835
sunlamp/images/img000298.jpg,sunlamp,0,36446,0,07540,0.88514,-0.193624,-0.41491,-0.0829819,115.823
sunlamp/images/img000307.jpg,sunlamp,3,41354,3,10267,0.0679889,-0.385271,-0.566575,0.725215,90.0004
sunlamp/images/img000315.jpg,sunlamp,2,64362,1,56211,0.186352,0.851896,-0.186352,0.45257,149.269
sunlamp/images/img000317.jpg,sunlamp,3,25212,3,12372,0.296452,-0.022804,-0.615707,0.729727,85.1377
sunlamp/images/img000318.jpg,sunlamp,0,01272,3,52033,0.205971,-0.26482,0.0294245,0.941584,136.974
sunlamp/images/img000319.jpg,sunlamp,1,61570,1,61144,-0.208885,0.954905,0.0298408,0.208885,31.065
sunlamp/images/img000320.jpg,sunlamp,2,35663,2,07510,-0.0829819,-0.41491,0.88514,-0.193624,116.443
sunlamp/images/img000323.jpg,sunlamp,3,61463,1,52051,0.19245,0.879772,-0.412393,0.137464,171.789
sunlamp/images/img000324.jpg,sunlamp,3,23450,0,26373,0.653879,-0.347373,0.633445,-0.224771,78.13
sunlamp/images/img000333.jpg,sunlamp,0,53032,0,06262,0.697136,-0.675351,-0.0217855,-0.239641,155.287
sunlamp/images/img000335.jpg,sunlamp,3,21542,3,03776,-0.0824786,-0.0274929,-0.467379,0.879772,17.7722
sunlamp/images/img000340.jpg,sunlamp,1,36140,1,52414,0.13387,0.856767,-0.40161,0.294514,121.646
sunlamp/images/img000341.jpg,sunlamp,3,32034,2,01716,-0.0685546,-0.479882,0.73125,-0.479882,27.5989
sunlamp/images/img000342.jpg,sunlamp,2,47114,2,61611,-0.252845,0.252845,0.899004,0.252845,82.6744
sunlamp/images/img000343.jpg,sunlamp,3,14335,3,41371,-0.0266217,-0.505813,0.133109,0.851896,67.5037
sunlamp/images/img000345.jpg,sunlamp,1,57302,3,01336,-0.0645049,-0.365528,-0.623548,0.688053,175.946
sunlamp/images/img000346.jpg,sunlamp,2,73622,1,41571,-0.022804,0.729727,-0.615707,0.296452,166.84
sunlamp/images/img000348.jpg,sunlamp,3,16444,3,41302,-0.179842,-0.539527,0.0256917,0.822136,29.3278
sunlamp/images/img000349.jpg,sunlamp,2,46125,2,43601,-0.357407,-0.19245,0.879772,0.247436,31.5926
sunlamp/images/img000351.jpg,sunlamp,2,26100,0,42272,0.758686,-0.640141,-0.0237089,0.118545,94.2132
sunlamp/images/img000352.jpg,sunlamp,1,16375,1,70504,0.256933,0.91354,0.0285481,0.314029,70.4314
sunlamp/images/img000353.jpg,sunlamp,1,12645,1,25122,-0.190728,0.871899,0.190728,-0.408703,54.6635
sunlamp/images/img000356.jpg,sunlamp,2,50365,1,41712,-0.0760775,0.811493,-0.532542,0.228232,76.2308
sunlamp/images/img000358.jpg,sunlamp,0,31411,0,05275,0.813589,-0.228822,-0.483068,-0.228822,114.112
sunlamp/images/img000359.jpg,sunlamp,0,51241,1,52522,0.252845,0.899004,-0.252845,0.252845,86.1258
sunlamp/images/img000360.jpg,sunlamp,1,21701,1,21612,-0.259633,0.755297,0.259633,-0.54287,17.2391
sunlamp/images/img000361.jpg,sunlamp,2,42162,1,17007,0.457732,0.770916,-0.313185,-0.313185,87.6439
sunlamp/images/img000363.jpg,sunlamp,1,15663,1,52521,0.299715,0.871899,-0.299715,0.245222,45.6245
sunlamp/images/img000364.jpg,sunlamp,0,53171,1,53463,0.469888,0.791391,-0.222579,0.321503,39.3911
sunlamp/images/img000365.jpg,sunlamp,3,52512,3,52363,0.321451,-0.0292228,0.146114,0.935129,37.4652
sunlamp/images/img000375.jpg,sunlamp,1,75267,1,41677,-0.223676,0.795292,-0.422499,0.372793,118.31
sunlamp/images/img000376.jpg,sunlamp,2,72074,1,61377,-0.0277457,0.887862,0.416185,0.19422,63.021
sunlamp/images/img000377.jpg,sunlamp,3,02046,3,03762,-0.184787,-0.0263982,-0.501565,0.844742,59.807
sunlamp/images/img000379.jpg,sunlamp,2,70103,1,70072,0.149204,0.954905,0.208885,0.149204,138.862
sunlamp/images/img000380.jpg,sunlamp,2,27501,2,70214,0.148152,0.266674,0.948174,0.0888913,49.177
sunlamp/images/img000382.jpg,sunlamp,1,14664,1,52251,0.206689,0.944862,-0.206689,0.147635,42.9236
sunlamp/images/img000383.jpg,sunlamp,3,70317,0,07063,0.856767,-0.348062,-0.240966,-0.294514,175.142
sunlamp/images/img000384.jpg,sunlamp,0,25071,2,70522,0.2561,0.199189,0.910577,0.2561,151.45
sunlamp/images/img000386.jpg,sunlamp,0,06334,2,25060,-0.40161,0.13387,0.856767,-0.294514,137.414
sunlamp/images/img000388.jpg,sunlamp,0,05336,2,16512,0.346083,-0.346083,0.851896,-0.186352,178.643
sunlamp/images/img000389.jpg,sunlamp,2,37126,1,34771,0.397081,0.847106,0.344137,-0.0794162,63.6903
sunlamp/images/img000394.jpg,sunlamp,2,50461,1,61541,-0.143208,0.916533,0.0286417,0.372342,126.207
sunlamp/images/img000395.jpg,sunlamp,0,13460,1,41674,-0.264389,0.769133,-0.456673,0.360531,174.816
sunlamp/images/img000397.jpg,sunlamp,0,27566,1,47131,-0.0263982,0.844742,-0.29038,0.448769,138.249
sunlamp/images/img000398.jpg,sunlamp,1,52163,1,52611,0.20182,0.922608,-0.20182,0.259483,16.5118
sunlamp/images/img000399.jpg,sunlamp,3,34565,3,52271,0.21039,-0.090167,0.150278,0.961781,37.1154
sunlamp/images/img000401.jpg,sunlamp,2,27750,2,07570,-0.0879694,-0.322554,0.93834,-0.0879694,113.722
sunlamp/images/img000402.jpg,sunlamp,3,70507,3,52123,0.314029,-0.256933,0.0285481,0.91354,48.4746
sunlamp/images/img000404.jpg,sunlamp,3,36472,3,05776,-0.0824786,-0.467379,-0.0274929,0.879772,130.201
sunlamp/images/img000407.jpg,sunlamp,2,43754,1,52247,0.090167,0.961781,-0.150278,0.21039,151.368
sunlamp/images/img000409.jpg,sunlamp,1,74300,1,52651,0.194821,0.890609,-0.194821,0.36181,48.8865
sunlamp/images/img000411.jpg,sunlamp,3,30140,3,41230,-0.283358,-0.489437,0.0257599,0.824315,113.78
sunlamp/images/img000412.jpg,sunlamp,1,42715,1,43612,-0.311003,0.904735,-0.141365,0.254457,15.3384
sunlamp/images/img000419.jpg,sunlamp,1,01260,0,06032,0.705215,-0.595026,-0.198342,-0.33057,136.297
sunlamp/images/img000423.jpg,sunlamp,3,62353,3,41773,-0.0259675,-0.441447,0.337577,0.830959,138.586
sunlamp/images/img000425.jpg,sunlamp,1,72026,1,61512,-0.0895223,0.954905,0.0895223,0.268567,66.1864
sunlamp/images/img000426.jpg,sunlamp,3,03756,3,03372,-0.0714488,-0.0238163,-0.643039,0.762121,29.1431
sunlamp/images/img000429.jpg,sunlamp,3,63030,1,52563,0.294514,0.856767,-0.240966,0.348062,101.255
sunlamp/images/img000432.jpg,sunlamp,1,34161,2,16503,0.297951,-0.352124,0.866766,-0.189605,176.486
sunlamp/images/img000436.jpg,sunlamp,1,21524,1,71474,0.507093,0.772712,0.120736,0.362209,135.249
sunlamp/images/img000439.jpg,sunlamp,0,43526,2,52523,0.304267,-0.248946,0.88514,0.248946,158.786
sunlamp/images/img000440.jpg,sunlamp,0,15271,1,13676,0.50128,0.763856,-0.0238705,-0.405798,62.0566
sunlamp/images/img000442.jpg,sunlamp,2,17106,1,41672,-0.274743,0.799251,-0.424602,0.324696,75.0992
sunlamp/images/img000443.jpg,sunlamp,2,05772,2,07555,-0.028273,-0.424094,0.904735,-0.028273,10.7074
sunlamp/images/img000449.jpg,sunlamp,0,46102,3,36051,0.181772,0.441447,-0.285642,0.830959,144.023
sunlamp/images/img000451.jpg,sunlamp,1,06633,2,56313,0.379413,-0.126471,0.809414,0.430001,131.372
sunlamp/images/img000452.jpg,sunlamp,2,27735,1,50631,0.179842,0.822136,-0.488143,0.231226,161.294
sunlamp/images/img000458.jpg,sunlamp,0,06331,1,70524,0.254457,0.904735,0.141365,0.311003,143.976
sunlamp/images/img000461.jpg,sunlamp,3,73103,1,75003,0.463139,0.780024,0.0731272,0.414388,56.618
sunlamp/images/img000464.jpg,sunlamp,0,52630,0,52502,0.869321,0.244497,-0.353162,0.244497,33.6577
sunlamp/images/img000466.jpg,sunlamp,2,40331,1,70671,0.186352,0.851896,0.346083,0.346083,158.211
sunlamp/images/img000478.jpg,sunlamp,0,25511,3,52123,0.314029,-0.256933,0.0285481,0.91354,169.552
sunlamp/images/img000479.jpg,sunlamp,0,55374,3,03267,-0.304808,-0.0234468,-0.58617,0.750298,140.651
sunlamp/images/img000485.jpg,sunlamp,2,41206,1,52503,0.294514,0.856767,-0.348062,0.240966,75.2396
sunlamp/images/img000490.jpg,sunlamp,2,43756,2,43524,-0.193035,-0.30334,0.882444,0.30334,28.879
sunlamp/images/img000492.jpg,sunlamp,2,43603,1,61501,-0.148675,0.951522,0.0297351,0.267615,179.262
sunlamp/images/img000497.jpg,sunlamp,0,70460,1,52503,0.294514,0.856767,-0.348062,0.240966,138.633
sunlamp/images/img000499.jpg,sunlamp,0,63213,2,25245,-0.353162,0.244497,0.869321,-0.244497,151.836
sunlamp/images/img000500.jpg,sunlamp,1,63533,1,61524,-0.200492,0.916533,0.143208,0.315058,57.2364
sunlamp/images/img000514.jpg,sunlamp,1,42521,1,70614,0.141365,0.904735,0.254457,0.311003,102.005
sunlamp/images/img000516.jpg,sunlamp,1,70354,1,70504,0.256933,0.91354,0.0285481,0.314029,31.9298
sunlamp/images/img000517.jpg,sunlamp,3,56204,3,47132,-0.0800926,-0.240278,0.453858,0.854321,12.9197
sunlamp/images/img000518.jpg,sunlamp,3,46131,3,47003,-0.319941,-0.319941,0.418384,0.787547,12.9141
sunlamp/images/img000519.jpg,sunlamp,0,56431,3,32661,0.0634574,0.613422,-0.401897,0.676879,97.6328
sunlamp/images/img000522.jpg,sunlamp,2,17626,1,47331,-0.0274929,0.879772,-0.0824786,0.467379,160.158
sunlamp/images/img000526.jpg,sunlamp,0,43566,2,52524,0.245222,-0.299715,0.871899,0.299715,158.425
sunlamp/images/img000532.jpg,sunlamp,3,35533,1,06537,-0.451292,0.849491,-0.238919,-0.132733,153.316
sunlamp/images/img000538.jpg,sunlamp,2,16523,1,52641,0.0848189,0.904735,-0.197911,0.367549,125.44
sunlamp/images/img000540.jpg,sunlamp,3,25104,3,52273,0.211154,-0.0301648,0.150824,0.965275,79.9564
sunlamp/images/img000541.jpg,sunlamp,1,42407,2,25601,-0.357407,0.247436,0.879772,-0.19245,169.922
sunlamp/images/img000545.jpg,sunlamp,1,63443,2,52561,0.29038,-0.29038,0.844742,0.343176,156.62
sunlamp/images/img000547.jpg,sunlamp,2,71605,1,56012,0.128799,0.824315,-0.334878,0.437917,168.952
sunlamp/images/img000550.jpg,sunlamp,1,54127,1,52563,0.294514,0.856767,-0.240966,0.348062,41.8825
sunlamp/images/img000551.jpg,sunlamp,3,06260,2,06331,-0.432219,-0.0762739,0.813589,-0.38137,162.497
sunlamp/images/img000553.jpg,sunlamp,3,07113,1,52566,0.239596,0.851896,-0.239596,0.399326,164.166
sunlamp/images/img000554.jpg,sunlamp,3,21655,3,03571,-0.0257599,-0.283358,-0.489437,0.824315,68.9413
sunlamp/images/img000557.jpg,sunlamp,3,70315,1,70575,0.387427,0.826512,0.129142,0.387427,88.4184
sunlamp/images/img000559.jpg,sunlamp,3,00713,3,03432,-0.262575,-0.214834,-0.549021,0.763856,30.836
sunlamp/images/img000561.jpg,sunlamp,2,55462,1,05665,-0.329669,0.811493,-0.481824,-0.0253592,74.5324
sunlamp/images/img000563.jpg,sunlamp,0,25114,3,52305,0.317146,-0.20182,0.0864945,0.922608,177.544
sunlamp/images/img000571.jpg,sunlamp,3,42127,3,52503,0.294514,-0.348062,0.240966,0.856767,99.7318
sunlamp/images/img000573.jpg,sunlamp,3,43776,1,43517,-0.0275764,0.882444,-0.358493,0.30334,167.115
sunlamp/images/img000576.jpg,sunlamp,2,07731,1,52251,0.206689,0.944862,-0.206689,0.147635,141.236
sunlamp/images/img000579.jpg,sunlamp,3,41574,1,47302,-0.187958,0.859235,-0.134255,0.456468,155.591
sunlamp/images/img000581.jpg,sunlamp,2,43762,1,06315,-0.434472,0.817829,-0.1789,-0.332243,157.474
sunlamp/images/img000582.jpg,sunlamp,0,65127,3,52221,0.0928922,-0.0928922,0.0309641,0.99085,105.595
sunlamp/images/img000583.jpg,sunlamp,1,40356,1,52641,0.0848189,0.904735,-0.197911,0.367549,75.6418
sunlamp/images/img000584.jpg,sunlamp,1,50002,1,50411,0.15221,0.695817,-0.674072,0.195698,23.7272
sunlamp/images/img000586.jpg,sunlamp,1,15066,1,70511,0.411152,0.877124,0.0274101,0.246691,88.036
sunlamp/images/img000587.jpg,sunlamp,0,71770,0,71421,0.828726,0.492056,0.129488,0.233079,27.8065
sunlamp/images/img000598.jpg,sunlamp,0,60464,1,07264,-0.409922,0.8745,-0.0819844,-0.245953,39.4715
sunlamp/images/img000599.jpg,sunlamp,2,50251,1,50262,0.0273281,0.8745,-0.464578,0.136641,65.884
sunlamp/images/img000601.jpg,sunlamp,2,25525,1,43351,-0.0301648,0.965275,-0.211154,0.150824,170.055
sunlamp/images/img000602.jpg,sunlamp,2,64544,1,56101,0.270066,0.785646,-0.368271,0.417374,169.036
sunlamp/images/img000606.jpg,sunlamp,1,47355,1,56102,0.227648,0.809414,-0.328824,0.430001,35.0223
sunlamp/images/img000608.jpg,sunlamp,2,04266,1,35636,0.507093,0.772712,0.362209,-0.120736,141.1
sunlamp/images/img000611.jpg,sunlamp,1,32346,1,56011,0.175715,0.80327,-0.376533,0.426737,165.893
sunlamp/images/img000613.jpg,sunlamp,0,07420,0,06366,0.791391,-0.568812,-0.024731,-0.222579,34.4206
sunlamp/images/img000616.jpg,sunlamp,0,47652,1,70713,0.393784,0.840072,0.288775,0.23627,155.696
sunlamp/images/img000620.jpg,sunlamp,1,13576,1,71560,0.582341,0.745396,0.116468,0.302817,86.2402
sunlamp/images/img000633.jpg,sunlamp,0,21610,1,70504,0.256933,0.91354,0.0285481,0.314029,155.396
sunlamp/images/img000647.jpg,sunlamp,2,34532,1,52413,0.19245,0.879772,-0.357407,0.247436,167.738
sunlamp/images/img000648.jpg,sunlamp,1,27056,2,07521,-0.143208,-0.315058,0.916533,-0.200492,148.825
sunlamp/images/img000654.jpg,sunlamp,3,14753,1,52564,0.23627,0.840072,-0.288775,0.393784,179.683
sunlamp/images/img000662.jpg,sunlamp,1,36624,1,72421,0.0760775,0.811493,0.532542,0.228232,45.1279
sunlamp/images/img000668.jpg,sunlamp,2,23772,1,54033,0.157036,0.717879,-0.560843,0.381373,173.226
sunlamp/images/img000682.jpg,sunlamp,2,70631,1,70601,0.0867835,0.925691,0.260351,0.260351,98.4096
sunlamp/images/img000690.jpg,sunlamp,2,27164,2,50225,0.0800926,-0.507253,0.854321,0.0800926,133.347
sunlamp/images/img000691.jpg,sunlamp,3,30165,1,03463,-0.321503,0.791391,-0.222579,-0.469888,155.974
sunlamp/images/img000692.jpg,sunlamp,2,15360,1,42511,-0.422499,0.795292,-0.372793,0.223676,60.2414
sunlamp/images/img000694.jpg,sunlamp,0,16310,3,43074,-0.30334,-0.30334,0.193035,0.882444,84.1467
sunlamp/images/img000695.jpg,sunlamp,1,25170,1,41772,-0.0776931,0.828726,-0.440261,0.33667,102.99
sunlamp/images/img000696.jpg,sunlamp,0,41132,3,41777,-0.0254906,-0.433341,0.38236,0.8157,156.077
sunlamp/images/img000699.jpg,sunlamp,0,33262,2,07016,-0.285642,-0.337577,0.830959,-0.337577,138.229
sunlamp/images/img000700.jpg,sunlamp,3,17640,1,52502,0.244497,0.869321,-0.353162,0.244497,160.467
sunlamp/images/img000701.jpg,sunlamp,3,72137,2,51363,0.593873,-0.37392,0.703849,0.109976,161.667
sunlamp/images/img000702.jpg,sunlamp,2,42367,2,16565,0.309033,-0.309033,0.899004,-0.0280939,110.421
sunlamp/images/img000708.jpg,sunlamp,1,32422,1,41577,-0.023094,0.739008,-0.57735,0.34641,173.44
sunlamp/images/img000709.jpg,sunlamp,3,25673,1,07506,-0.196657,0.899004,-0.36522,-0.140469,140.155
sunlamp/images/img000711.jpg,sunlamp,2,32043,1,05332,-0.0762739,0.813589,-0.432219,-0.38137,150.4
sunlamp/images/img000712.jpg,sunlamp,1,16344,1,56131,0.368271,0.785646,-0.270066,0.417374,79.6273
sunlamp/images/img000715.jpg,sunlamp,3,52510,3,52533,0.399326,-0.239596,0.239596,0.851896,20.308
sunlamp/images/img000716.jpg,sunlamp,3,25425,1,05677,-0.240966,0.856767,-0.455158,-0.026774,154.378
sunlamp/images/img000719.jpg,sunlamp,3,61102,3,52321,0.323669,-0.0882735,0.0294245,0.941584,65.9338
sunlamp/images/img000721.jpg,sunlamp,3,20453,1,07503,-0.140469,0.899004,-0.36522,-0.196657,160.66
sunlamp/images/img000722.jpg,sunlamp,3,23101,1,05334,-0.0758825,0.809414,-0.480589,-0.328824,134.522
sunlamp/images/img000723.jpg,sunlamp,2,07525,2,07521,-0.143208,-0.315058,0.916533,-0.200492,9.1571
sunlamp/images/img000727.jpg,sunlamp,1,56221,1,52561,0.29038,0.844742,-0.29038,0.343176,37.6192
sunlamp/images/img000731.jpg,sunlamp,0,50673,2,07035,-0.240966,-0.294514,0.856767,-0.348062,85.5797
sunlamp/images/img000735.jpg,sunlamp,0,66060,1,61625,-0.337577,0.830959,0.337577,0.285642,127.543
sunlamp/images/img000738.jpg,sunlamp,1,13171,1,44333,-0.390934,0.735875,-0.390934,0.390934,166.811
sunlamp/images/img000741.jpg,sunlamp,3,24734,0,43561,0.8745,-0.136641,-0.300609,0.355266,163.057
sunlamp/images/img000742.jpg,sunlamp,2,13062,3,21336,-0.065481,0.327405,-0.632983,0.698464,41.3523
sunlamp/images/img000746.jpg,sunlamp,3,07753,1,52002,0.0289278,0.925691,-0.376062,0.0289278,168.386
sunlamp/images/img000749.jpg,sunlamp,2,73267,1,70774,0.326328,0.80327,0.326328,0.376533,51.1735
sunlamp/images/img000756.jpg,sunlamp,3,04232,2,06301,-0.503581,-0.16786,0.767362,-0.359701,165.165
sunlamp/images/img000758.jpg,sunlamp,1,30447,1,52245,0.0892052,0.951522,-0.208145,0.208145,86.9021
sunlamp/images/img000761.jpg,sunlamp,2,57421,1,05277,-0.23434,0.833209,-0.442642,-0.23434,85.9987
sunlamp/images/img000762.jpg,sunlamp,2,30706,2,01776,-0.0747435,-0.423547,0.797264,-0.423547,86.8563
sunlamp/images/img000764.jpg,sunlamp,0,24713,0,43662,0.849491,-0.398199,-0.0265466,0.345106,69.38
sunlamp/images/img000771.jpg,sunlamp,2,72611,1,61504,-0.202495,0.925691,0.0289278,0.318206,106.393
sunlamp/images/img000772.jpg,sunlamp,1,52226,1,43371,-0.0307293,0.983336,-0.0921878,0.153646,10.1302
sunlamp/images/img000777.jpg,sunlamp,1,60246,3,02322,-0.458626,-0.0199403,-0.618148,0.638089,149.431
sunlamp/images/img000784.jpg,sunlamp,1,43572,1,61505,-0.146114,0.935129,0.0292228,0.321451,32.6207
sunlamp/images/img000785.jpg,sunlamp,2,07751,1,52217,0.21039,0.961781,-0.150278,0.090167,137.404
sunlamp/images/img000787.jpg,sunlamp,3,35617,3,03662,-0.373718,-0.0249145,-0.473376,0.797264,122.804
sunlamp/images/img000795.jpg,sunlamp,1,74357,1,74133,0.376533,0.80327,0.175715,0.426737,18.1637
sunlamp/images/img000804.jpg,sunlamp,1,02054,0,65220,0.774521,-0.363057,0.314649,0.411464,42.9914
sunlamp/images/img000805.jpg,sunlamp,0,34716,0,06676,0.763856,-0.644503,-0.0238705,-0.0238705,128.724
sunlamp/images/img000807.jpg,sunlamp,0,17154,1,71614,0.514341,0.783758,0.220432,0.269417,89.7125
sunlamp/images/img000808.jpg,sunlamp,1,25265,1,61501,-0.148675,0.951522,0.0297351,0.267615,72.0963
sunlamp/images/img000809.jpg,sunlamp,2,17135,2,17521,0.615707,-0.250844,0.729727,-0.159628,15.195
sunlamp/images/img000810.jpg,sunlamp,2,72360,1,43511,-0.0274101,0.877124,-0.411152,0.246691,144.314
sunlamp/images/img000812.jpg,sunlamp,3,14152,1,47122,-0.184274,0.842397,-0.236924,0.447523,154.114
sunlamp/images/img000822.jpg,sunlamp,2,07524,2,07520,-0.198547,-0.312002,0.907642,-0.198547,9.9271
sunlamp/images/img000825.jpg,sunlamp,2,62443,2,51613,0.504916,-0.46101,0.702491,0.197576,176.165
sunlamp/images/img000829.jpg,sunlamp,3,71400,1,52503,0.294514,0.856767,-0.348062,0.240966,147.266
sunlamp/images/img000830.jpg,sunlamp,1,63302,2,61347,-0.143208,0.315058,0.916533,0.200492,62.3114
sunlamp/images/img000831.jpg,sunlamp,2,50213,1,52411,0.188502,0.861723,-0.403933,0.24236,81.8211
sunlamp/images/img000832.jpg,sunlamp,1,34425,1,52241,0.090167,0.961781,-0.21039,0.150278,52.1875
sunlamp/images/img000834.jpg,sunlamp,3,43552,1,43561,-0.136641,0.8745,-0.300609,0.355266,168.814
sunlamp/images/img000837.jpg,sunlamp,0,27553,3,32225,0.0575753,0.556561,-0.556561,0.614137,147.874
sunlamp/images/img000843.jpg,sunlamp,2,54516,2,56103,0.274743,-0.324696,0.799251,0.424602,35.0153
sunlamp/images/img000844.jpg,sunlamp,2,16563,1,52521,0.299715,0.871899,-0.299715,0.245222,130.247
sunlamp/images/img000847.jpg,sunlamp,2,40037,1,05646,-0.36477,0.778177,-0.510678,-0.024318,111.104
sunlamp/images/img000854.jpg,sunlamp,0,16627,3,52433,0.199189,-0.2561,0.2561,0.910577,176.692
sunlamp/images/img000855.jpg,sunlamp,2,25023,2,16700,0.259483,-0.20182,0.922608,-0.20182,86.9556
sunlamp/images/img000856.jpg,sunlamp,0,50151,2,70513,0.409922,0.0819844,0.8745,0.245953,150.018
sunlamp/images/img000857.jpg,sunlamp,3,60753,1,56163,0.269417,0.783758,-0.220432,0.514341,129.041
sunlamp/images/img000858.jpg,sunlamp,2,12324,2,01376,-0.0679889,-0.385271,0.725215,-0.566575,52.3889
sunlamp/images/img000860.jpg,sunlamp,0,32151,1,56101,0.270066,0.785646,-0.368271,0.417374,172.349
sunlamp/images/img000864.jpg,sunlamp,1,43763,1,52403,0.0837545,0.893381,-0.362936,0.251263,49.0109
sunlamp/images/img000866.jpg,sunlamp,0,57220,1,52501,0.288775,0.840072,-0.393784,0.23627,89.9392
sunlamp/images/img000871.jpg,sunlamp,0,40727,1,12244,0.0242607,0.776342,-0.169825,-0.606517,124.297
sunlamp/images/img000872.jpg,sunlamp,1,13034,1,41662,-0.363057,0.774521,-0.411464,0.314649,149.78
sunlamp/images/img000873.jpg,sunlamp,1,34433,1,52522,0.252845,0.899004,-0.252845,0.252845,77.8968
sunlamp/images/img000874.jpg,sunlamp,1,10742,1,16032,0.135831,0.869321,-0.244497,-0.407494,34.306
sunlamp/images/img000875.jpg,sunlamp,2,15167,1,41677,-0.223676,0.795292,-0.422499,0.372793,59.6323
sunlamp/images/img000876.jpg,sunlamp,1,25672,1,61162,-0.206689,0.944862,0.206689,0.147635,38.6998
sunlamp/images/img000879.jpg,sunlamp,0,32675,2,25064,-0.407494,0.135831,0.869321,-0.244497,137.605
sunlamp/images/img000880.jpg,sunlamp,2,34524,2,52611,0.20182,-0.20182,0.922608,0.259483,62.5497
sunlamp/images/img000881.jpg,sunlamp,2,51040,1,61611,-0.252845,0.899004,0.252845,0.252845,121.7
sunlamp/images/img000883.jpg,sunlamp,0,53474,2,01635,-0.206095,-0.435089,0.732782,-0.480888,87.1348
sunlamp/images/img000884.jpg,sunlamp,3,71052,1,52503,0.294514,0.856767,-0.348062,0.240966,135.309
sunlamp/images/img000886.jpg,sunlamp,2,50312,1,52042,0.0286417,0.916533,-0.372342,0.143208,80.4332
sunlamp/images/img000888.jpg,sunlamp,0,66506,1,56103,0.274743,0.799251,-0.324696,0.424602,170.552
sunlamp/images/img000889.jpg,sunlamp,1,16551,1,16112,0.326328,0.80327,-0.326328,-0.376533,37.1971
sunlamp/images/img000891.jpg,sunlamp,2,57205,1,07241,-0.352124,0.866766,-0.189605,-0.297951,107.113
sunlamp/images/img000892.jpg,sunlamp,1,25501,2,17661,0.507253,-0.0800926,0.854321,-0.0800926,167.539
sunlamp/images/img000895.jpg,sunlamp,0,65445,3,03372,-0.0714488,-0.0238163,-0.643039,0.762121,124.707
sunlamp/images/img000898.jpg,sunlamp,0,05427,2,14373,0.368271,-0.417374,0.785646,-0.270066,175.22
sunlamp/images/img000899.jpg,sunlamp,2,17423,2,17407,0.478148,-0.327154,0.805302,-0.125828,15.1715
sunlamp/images/img000910.jpg,sunlamp,0,43020,0,27044,0.795292,-0.372793,0.422499,-0.223676,91.9297
sunlamp/images/img000915.jpg,sunlamp,1,42273,3,45234,-0.254578,-0.439725,0.439725,0.74059,165.837
sunlamp/images/img000920.jpg,sunlamp,2,01675,2,05271,-0.22592,-0.476942,0.80327,-0.276124,17.769
sunlamp/images/img000921.jpg,sunlamp,2,56132,1,60511,-0.455158,0.856767,0.026774,0.240966,157.164
sunlamp/images/img000924.jpg,sunlamp,0,16563,2,17463,0.494718,-0.23434,0.833209,-0.0781133,161.493
sunlamp/images/img000926.jpg,sunlamp,2,61136,1,52221,0.0928922,0.99085,-0.0928922,0.0309641,169.552
sunlamp/images/img000928.jpg,sunlamp,0,44633,1,16303,0.294514,0.856767,-0.13387,-0.40161,134.101
sunlamp/images/img000935.jpg,sunlamp,3,25357,3,03775,-0.0274929,-0.0824786,-0.467379,0.879772,54.5505
sunlamp/images/img000939.jpg,sunlamp,1,52020,1,52201,0.0911606,0.972379,-0.212708,0.0303869,12.8544
sunlamp/images/img000940.jpg,sunlamp,0,02165,2,05663,-0.33667,-0.440261,0.828726,-0.0776931,159.899
sunlamp/images/img000941.jpg,sunlamp,3,25531,1,41713,-0.0254246,0.813589,-0.533917,0.228822,123.329
sunlamp/images/img000945.jpg,sunlamp,3,24310,3,43503,-0.138728,-0.360694,0.249711,0.887862,109.48
sunlamp/images/img000948.jpg,sunlamp,1,01346,2,06521,-0.51935,-0.272041,0.791391,-0.173117,138.34
sunlamp/images/img000957.jpg,sunlamp,2,42213,2,17077,0.555387,-0.217325,0.772712,-0.217325,147.929
sunlamp/images/img000959.jpg,sunlamp,0,70074,2,07570,-0.0879694,-0.322554,0.93834,-0.0879694,175.96
sunlamp/images/img000963.jpg,sunlamp,0,65112,2,52523,0.304267,-0.248946,0.88514,0.248946,121.57
sunlamp/images/img000965.jpg,sunlamp,2,53240,1,52642,0.0286417,0.916533,-0.143208,0.372342,151.726
sunlamp/images/img000966.jpg,sunlamp,2,10653,2,07512,-0.0848189,-0.367549,0.904735,-0.197911,46.4058
sunlamp/images/img000967.jpg,sunlamp,2,52363,2,52721,0.313011,-0.0853666,0.910577,0.2561,13.4004
sunlamp/images/img000968.jpg,sunlamp,1,03123,1,71604,0.43676,0.822136,0.231226,0.282609,145.159
sunlamp/images/img000969.jpg,sunlamp,0,61510,0,07340,0.907642,-0.198547,-0.198547,-0.312002,72.6788
sunlamp/images/img000970.jpg,sunlamp,1,76620,1,61677,-0.228232,0.811493,0.380387,0.380387,43.6163
sunlamp/images/img000971.jpg,sunlamp,0,61607,0,50662,0.830959,0.0259675,-0.441447,0.337577,94.156
sunlamp/images/img000973.jpg,sunlamp,3,61117,3,43071,-0.254457,-0.311003,0.141365,0.904735,55.1652
sunlamp/images/img000974.jpg,sunlamp,0,62776,0,60723,0.760398,-0.499011,0.356436,0.213862,37.7558
sunlamp/images/img000977.jpg,sunlamp,1,16605,1,70611,0.199189,0.910577,0.2561,0.2561,72.8779
sunlamp/images/img000985.jpg,sunlamp,3,71201,3,43533,-0.0290252,-0.261226,0.261226,0.928805,90.3267
sunlamp/images/img000986.jpg,sunlamp,0,03670,0,07503,0.899004,-0.140469,-0.36522,-0.196657,53.1697
sunlamp/images/img000987.jpg,sunlamp,0,73154,3,21237,-0.193158,0.32193,-0.622398,0.686784,172.673
sunlamp/images/img000988.jpg,sunlamp,3,06332,1,34613,0.198547,0.907642,0.312002,-0.198547,135.627
sunlamp/images/img000998.jpg,sunlamp,2,65310,2,56252,0.128459,-0.128459,0.822136,0.539527,51.6797
sunlamp/images/img001009.jpg,sunlamp,0,34611,1,07503,-0.140469,0.899004,-0.36522,-0.196657,178.631
sunlamp/images/img001010.jpg,sunlamp,3,52246,1,52074,0.143208,0.916533,-0.315058,0.200492,176.131
sunlamp/images/img001011.jpg,sunlamp,0,43654,2,16516,0.349064,-0.349064,0.859235,-0.134255,161.159
sunlamp/images/img001017.jpg,sunlamp,3,12160,3,16077,0.199189,-0.2561,-0.2561,0.910577,44.4076
sunlamp/images/img001019.jpg,sunlamp,0,50247,1,47031,-0.231226,0.822136,-0.282609,0.43676,166.796
sunlamp/images/img001022.jpg,sunlamp,2,52165,1,61702,-0.196039,0.896179,0.308062,0.25205,177.44
sunlamp/images/img001027.jpg,sunlamp,1,34750,1,52211,0.208885,0.954905,-0.208885,0.0298408,59.8859
sunlamp/images/img001031.jpg,sunlamp,0,43637,1,70614,0.141365,0.904735,0.254457,0.311003,178.531
sunlamp/images/img001032.jpg,sunlamp,0,34407,1,52502,0.244497,0.869321,-0.353162,0.244497,151.3
sunlamp/images/img001039.jpg,sunlamp,1,17775,1,71160,0.606517,0.776342,0.121303,0.121303,29.5219
sunlamp/images/img001040.jpg,sunlamp,1,25540,1,52235,0.211927,0.968808,-0.0908257,0.0908257,52.1012
sunlamp/images/img001041.jpg,sunlamp,0,61236,2,05373,-0.0263982,-0.448769,0.844742,-0.29038,132.256
sunlamp/images/img001045.jpg,sunlamp,2,25326,1,25735,-0.0286417,0.916533,0.372342,-0.143208,88.541
sunlamp/images/img001048.jpg,sunlamp,2,03705,2,01776,-0.0747435,-0.423547,0.797264,-0.423547,29.9982
sunlamp/images/img001049.jpg,sunlamp,2,46515,1,75243,0.430597,0.725215,0.249293,0.475923,174.297
sunlamp/images/img001051.jpg,sunlamp,1,07063,1,56002,0.0259675,0.830959,-0.337577,0.441447,102.281
sunlamp/images/img001052.jpg,sunlamp,3,53313,3,41373,-0.0273281,-0.464578,0.136641,0.8745,98.2433
sunlamp/images/img001053.jpg,sunlamp,0,70314,0,16376,0.896179,0.364073,-0.0280056,-0.25205,49.9145
sunlamp/images/img001056.jpg,sunlamp,1,65670,1,20577,-0.418384,0.787547,0.172276,-0.418384,128.321
sunlamp/images/img001060.jpg,sunlamp,2,05752,1,70611,0.199189,0.910577,0.2561,0.2561,144.244
sunlamp/images/img001067.jpg,sunlamp,1,61020,1,52164,0.25205,0.896179,-0.308062,0.196039,96.6
sunlamp/images/img001069.jpg,sunlamp,0,71133,1,71410,0.533917,0.813589,0.0254246,0.228822,37.1621
sunlamp/images/img001073.jpg,sunlamp,1,40353,1,52641,0.0848189,0.904735,-0.197911,0.367549,75.0019
sunlamp/images/img001075.jpg,sunlamp,1,36252,1,50741,0.25623,0.745396,-0.535754,0.302817,159.652
sunlamp/images/img001076.jpg,sunlamp,2,43277,2,25541,-0.153646,0.0307293,0.983336,-0.0921878,36.5029
sunlamp/images/img001079.jpg,sunlamp,3,50367,1,52524,0.245222,0.871899,-0.299715,0.299715,165.584
sunlamp/images/img001080.jpg,sunlamp,0,07564,2,52513,0.387427,-0.33577,0.826512,0.232456,161.67
sunlamp/images/img001082.jpg,sunlamp,1,25547,1,52254,0.147635,0.944862,-0.206689,0.206689,52.5387
sunlamp/images/img001083.jpg,sunlamp,0,53401,3,41230,-0.283358,-0.489437,0.0257599,0.824315,148.97
sunlamp/images/img001087.jpg,sunlamp,1,43147,1,52025,0.0879694,0.93834,-0.322554,0.0879694,29.5158
sunlamp/images/img001095.jpg,sunlamp,3,23775,1,12572,0.321503,0.791391,-0.222579,-0.469888,150.978
sunlamp/images/img001096.jpg,sunlamp,1,43663,1,61540,-0.198547,0.907642,0.0283638,0.368729,17.8009
sunlamp/images/img001097.jpg,sunlamp,2,53027,1,16314,0.346083,0.851896,-0.186352,-0.346083,154.321
sunlamp/images/img001100.jpg,sunlamp,2,60607,1,24341,-0.514341,0.783758,0.220432,-0.269417,103.566
sunlamp/images/img001108.jpg,sunlamp,1,22743,1,16513,0.39163,0.835478,-0.339413,-0.182761,149.092
sunlamp/images/img001111.jpg,sunlamp,1,32410,2,56103,0.274743,-0.324696,0.799251,0.424602,165.135
sunlamp/images/img001113.jpg,sunlamp,2,21540,1,52566,0.239596,0.851896,-0.239596,0.399326,130.128
sunlamp/images/img001118.jpg,sunlamp,1,71220,1,52122,0.261226,0.928805,-0.261226,0.0290252,76.3594
sunlamp/images/img001120.jpg,sunlamp,2,53503,1,56343,0.27406,0.797264,-0.124573,0.523205,175.025
sunlamp/images/img001122.jpg,sunlamp,0,25653,2,43527,-0.141365,-0.254457,0.904735,0.311003,157.82
sunlamp/images/img001124.jpg,sunlamp,3,34767,3,05603,-0.316885,-0.511891,-0.17063,0.780024,135.239
sunlamp/images/img001134.jpg,sunlamp,0,31620,1,52573,0.387427,0.826512,-0.232456,0.33577,137.847
sunlamp/images/img001135.jpg,sunlamp,2,71450,2,07605,-0.36522,-0.196657,0.899004,-0.140469,124.189
sunlamp/images/img001137.jpg,sunlamp,0,66044,1,05626,-0.379413,0.809414,-0.430001,-0.126471,51.8075
sunlamp/images/img001138.jpg,sunlamp,3,41750,1,16033,0.188502,0.861723,-0.24236,-0.403933,56.5874
sunlamp/images/img001139.jpg,sunlamp,3,74176,3,47570,-0.067166,-0.246276,0.649272,0.716438,63.2612
sunlamp/images/img001144.jpg,sunlamp,2,72262,2,61171,-0.0304997,0.152499,0.975991,0.152499,70.8962
sunlamp/images/img001145.jpg,sunlamp,0,41462,3,23332,-0.0551877,0.570273,-0.570273,0.588669,151.687
sunlamp/images/img001151.jpg,sunlamp,1,65017,1,56242,0.0258977,0.828726,-0.129488,0.543852,38.7693
sunlamp/images/img001154.jpg,sunlamp,2,41542,2,07662,-0.422745,-0.028183,0.901856,-0.084549,93.1553
sunlamp/images/img001155.jpg,sunlamp,3,34470,3,32221,0.0563436,0.544655,-0.582217,0.600999,86.693
sunlamp/images/img001159.jpg,sunlamp,1,25527,1,52207,0.0918415,0.979643,-0.153069,0.0918415,56.6057
sunlamp/images/img001160.jpg,sunlamp,1,22432,1,41667,-0.314649,0.774521,-0.411464,0.363057,144.978
sunlamp/images/img001164.jpg,sunlamp,0,45732,3,16543,0.302422,-0.357407,-0.0824786,0.879772,79.6254
sunlamp/images/img001166.jpg,sunlamp,3,50706,1,25631,-0.247436,0.879772,0.357407,-0.19245,113.156
sunlamp/images/img001170.jpg,sunlamp,0,16274,3,52304,0.263908,-0.205262,0.0879694,0.93834,176.849
sunlamp/images/img001171.jpg,sunlamp,0,62675,2,50231,0.184787,-0.501565,0.844742,0.0263982,66.8156
sunlamp/images/img001172.jpg,sunlamp,0,76404,2,70531,0.407494,0.135831,0.869321,0.244497,81.6982
sunlamp/images/img001173.jpg,sunlamp,3,06111,3,03271,-0.209643,-0.0698809,-0.628928,0.745396,48.597
sunlamp/images/img001180.jpg,sunlamp,3,45314,1,16305,0.297951,0.866766,-0.189605,-0.352124,68.907
sunlamp/images/img001183.jpg,sunlamp,2,60612,2,43441,-0.326328,-0.376533,0.80327,0.326328,81.6101
sunlamp/images/img001188.jpg,sunlamp,1,50061,2,41721,-0.129488,-0.492056,0.828726,0.233079,54.946
sunlamp/images/img001189.jpg,sunlamp,0,57605,0,34173,0.849491,0.398199,0.185826,-0.292013,112.211
sunlamp/images/img001192.jpg,sunlamp,3,05303,1,07551,-0.028183,0.901856,-0.422745,-0.084549,138.492
sunlamp/images/img001193.jpg,sunlamp,3,16022,3,03773,-0.0268511,-0.0268511,-0.510171,0.859235,26.6071
sunlamp/images/img001194.jpg,sunlamp,3,70410,1,41637,-0.231226,0.822136,-0.43676,0.282609,164.085
sunlamp/images/img001195.jpg,sunlamp,1,63407,2,61615,-0.248946,0.248946,0.88514,0.304267,78.8855
sunlamp/images/img001197.jpg,sunlamp,0,61043,0,07066,0.851896,-0.399326,-0.239596,-0.239596,61.5997
sunlamp/images/img001198.jpg,sunlamp,1,42120,1,52666,0.028273,0.904735,-0.028273,0.424094,91.2262
sunlamp/images/img001204.jpg,sunlamp,1,34377,1,70562,0.247436,0.879772,0.19245,0.357407,75.8076
sunlamp/images/img001207.jpg,sunlamp,1,74127,1,70560,0.249711,0.887862,0.138728,0.360694,15.3886
sunlamp/images/img001208.jpg,sunlamp,1,03775,1,45127,-0.110838,0.709362,-0.554189,0.421184,122.732
sunlamp/images/img001209.jpg,sunlamp,3,35404,3,03672,-0.283358,-0.0257599,-0.489437,0.824315,96.1994
sunlamp/images/img001213.jpg,sunlamp,0,23465,0,14624,0.851896,0.0266217,-0.505813,-0.133109,128.262
sunlamp/images/img001216.jpg,sunlamp,1,02653,3,01336,-0.0645049,-0.365528,-0.623548,0.688053,128.087
sunlamp/images/img001218.jpg,sunlamp,1,16337,2,16563,0.313011,-0.2561,0.910577,-0.0853666,166.927
sunlamp/images/img001219.jpg,sunlamp,2,20112,2,16013,0.182761,-0.339413,0.835478,-0.39163,89.3335
sunlamp/images/img001220.jpg,sunlamp,0,56024,0,07247,0.887862,-0.360694,-0.138728,-0.249711,100.111
sunlamp/images/img001223.jpg,sunlamp,1,21746,1,07035,-0.240966,0.856767,-0.294514,-0.348062,68.6668
sunlamp/images/img001224.jpg,sunlamp,2,37610,1,52506,0.240966,0.856767,-0.348062,0.294514,147.673
sunlamp/images/img001225.jpg,sunlamp,2,70200,1,61357,-0.0289278,0.925691,0.318206,0.202495,113.886
sunlamp/images/img001227.jpg,sunlamp,3,34024,1,34501,0.318206,0.925691,0.0289278,-0.202495,176.162
sunlamp/images/img001229.jpg,sunlamp,2,52624,1,61501,-0.148675,0.951522,0.0297351,0.267615,177.083
sunlamp/images/img001230.jpg,sunlamp,0,32017,3,03677,-0.240966,-0.026774,-0.455158,0.856767,60.5763
sunlamp/images/img001231.jpg,sunlamp,1,43506,1,16432,0.145617,0.931951,-0.262111,-0.203864,72.888
sunlamp/images/img001232.jpg,sunlamp,2,15540,2,41631,-0.228822,-0.483068,0.813589,0.228822,95.7091
sunlamp/images/img001233.jpg,sunlamp,2,40556,1,41572,-0.0701862,0.748653,-0.584885,0.30414,89.8124
sunlamp/images/img001234.jpg,sunlamp,3,06724,3,52503,0.294514,-0.348062,0.240966,0.856767,118.434
sunlamp/images/img001238.jpg,sunlamp,2,67265,1,61601,-0.353162,0.869321,0.244497,0.244497,63.108
sunlamp/images/img001240.jpg,sunlamp,2,70213,1,52211,0.208885,0.954905,-0.208885,0.0298408,162.469
sunlamp/images/img001241.jpg,sunlamp,0,61354,2,07575,-0.0295269,-0.324796,0.944862,-0.0295269,151.712
sunlamp/images/img001243.jpg,sunlamp,0,50530,1,05635,-0.233079,0.828726,-0.492056,-0.129488,141.55
sunlamp/images/img001252.jpg,sunlamp,2,61452,1,61501,-0.148675,0.951522,0.0297351,0.267615,151.243
sunlamp/images/img001255.jpg,sunlamp,3,44353,1,70566,0.24236,0.861723,0.188502,0.403933,168.868
sunlamp/images/img001262.jpg,sunlamp,2,14177,1,52562,0.244497,0.869321,-0.244497,0.353162,101.2
sunlamp/images/img001264.jpg,sunlamp,1,55064,1,16531,0.398199,0.849491,-0.292013,-0.185826,83.2701
sunlamp/images/img001267.jpg,sunlamp,3,16756,3,03367,-0.122169,-0.0244339,-0.610847,0.781884,91.7291
sunlamp/images/img001269.jpg,sunlamp,2,73055,2,01637,-0.210099,-0.396854,0.74702,-0.490232,157.419
sunlamp/images/img001270.jpg,sunlamp,2,74474,1,74523,0.257915,0.750298,0.164128,0.58617,100.17
sunlamp/images/img001274.jpg,sunlamp,3,70032,1,52522,0.252845,0.899004,-0.252845,0.252845,126.647
sunlamp/images/img001277.jpg,sunlamp,2,24640,2,21461,-0.327154,0.125828,0.805302,-0.478148,63.0597
sunlamp/images/img001278.jpg,sunlamp,0,20212,2,11777,0.612333,-0.335795,0.632085,-0.335795,62.0893
sunlamp/images/img001279.jpg,sunlamp,0,05411,3,40377,-0.418384,-0.418384,0.172276,0.787547,127.416
sunlamp/images/img001284.jpg,sunlamp,2,55436,1,60505,-0.527146,0.80327,0.0251022,0.276124,128.314
sunlamp/images/img001286.jpg,sunlamp,2,65053,1,07430,-0.30334,0.882444,-0.30334,-0.193035,155.539
sunlamp/images/img001287.jpg,sunlamp,1,72142,1,72051,0.187958,0.859235,0.456468,0.134255,9.53499
sunlamp/images/img001288.jpg,sunlamp,1,66571,3,56542,0.195698,-0.282675,0.630584,0.695817,129.804
sunlamp/images/img001291.jpg,sunlamp,2,27144,2,70522,0.2561,0.199189,0.910577,0.2561,81.6741
sunlamp/images/img001299.jpg,sunlamp,3,04561,1,05665,-0.329669,0.811493,-0.481824,-0.0253592,144.663
sunlamp/images/img001300.jpg,sunlamp,0,21734,0,25363,0.856767,-0.13387,0.40161,-0.294514,29.8743
sunlamp/images/img001301.jpg,sunlamp,0,43514,0,43463,0.842397,-0.342224,-0.236924,0.342224,36.0235
sunlamp/images/img001303.jpg,sunlamp,1,32737,1,34722,0.24236,0.861723,0.403933,-0.188502,44.8072
sunlamp/images/img001307.jpg,sunlamp,1,43707,1,52522,0.252845,0.899004,-0.252845,0.252845,45.3138
sunlamp/images/img001308.jpg,sunlamp,2,32406,2,01772,-0.0731272,-0.414388,0.780024,-0.463139,101.047
sunlamp/images/img001311.jpg,sunlamp,0,27441,2,71225,0.480589,0.328824,0.809414,0.0758825,103.866
sunlamp/images/img001313.jpg,sunlamp,2,70771,2,25527,-0.149204,0.208885,0.954905,-0.149204,89.017
sunlamp/images/img001316.jpg,sunlamp,3,30474,2,03561,-0.127786,-0.281129,0.817829,-0.485586,60.9731
sunlamp/images/img001318.jpg,sunlamp,1,70112,1,70104,0.269529,0.958324,0.0299476,0.0898429,17.1703
sunlamp/images/img001321.jpg,sunlamp,3,05512,1,16302,0.244497,0.869321,-0.135831,-0.407494,60.2874
sunlamp/images/img001322.jpg,sunlamp,2,06277,1,74131,0.379413,0.809414,0.126471,0.430001,151.276
sunlamp/images/img001323.jpg,sunlamp,2,31156,3,05232,-0.270066,-0.417374,-0.368271,0.785646,73.8765
sunlamp/images/img001324.jpg,sunlamp,1,27413,2,07515,-0.0280056,-0.420084,0.896179,-0.140028,168.137
sunlamp/images/img001326.jpg,sunlamp,1,07205,1,07502,-0.194821,0.890609,-0.36181,-0.194821,29.1723
sunlamp/images/img001327.jpg,sunlamp,1,43506,1,07522,-0.20182,0.922608,-0.259483,-0.20182,60.1585
sunlamp/images/img001329.jpg,sunlamp,1,05614,1,50602,0.0254246,0.813589,-0.533917,0.228822,52.0278
sunlamp/images/img001330.jpg,sunlamp,3,53230,3,03677,-0.240966,-0.026774,-0.455158,0.856767,110.841
sunlamp/images/img001331.jpg,sunlamp,3,43554,3,41275,-0.231226,-0.488143,0.179842,0.822136,29.031
sunlamp/images/img001336.jpg,sunlamp,1,74072,1,56002,0.0259675,0.830959,-0.337577,0.441447,62.9269
sunlamp/images/img001338.jpg,sunlamp,1,27354,2,70361,0.300609,0.355266,0.8745,0.136641,84.2312
sunlamp/images/img001340.jpg,sunlamp,1,70123,1,70011,0.213498,0.975991,0.0304997,0.0304997,27.0076
sunlamp/images/img001343.jpg,sunlamp,3,52517,1,70563,0.297951,0.866766,0.189605,0.352124,161.591
sunlamp/images/img001344.jpg,sunlamp,3,53060,3,52123,0.314029,-0.256933,0.0285481,0.91354,21.8543
sunlamp/images/img001349.jpg,sunlamp,2,61710,1,61505,-0.146114,0.935129,0.0292228,0.321451,136.737
sunlamp/images/img001354.jpg,sunlamp,0,67313,2,52531,0.393784,-0.288775,0.840072,0.23627,56.6748
sunlamp/images/img001355.jpg,sunlamp,1,01606,1,07207,-0.349064,0.859235,-0.134255,-0.349064,44.6194
sunlamp/images/img001361.jpg,sunlamp,0,53403,1,07551,-0.028183,0.901856,-0.422745,-0.084549,115.369
sunlamp/images/img001363.jpg,sunlamp,2,36735,1,70722,0.239596,0.851896,0.399326,0.239596,57.0611
sunlamp/images/img001366.jpg,sunlamp,1,63407,1,07500,-0.190728,0.871899,-0.408703,-0.190728,122.086
sunlamp/images/img001370.jpg,sunlamp,3,72016,3,16536,0.360694,-0.249711,-0.138728,0.887862,94.8322
sunlamp/images/img001371.jpg,sunlamp,2,25755,2,52071,0.200492,-0.315058,0.916533,0.143208,76.8049
sunlamp/images/img001376.jpg,sunlamp,0,60777,1,52561,0.29038,0.844742,-0.29038,0.343176,168.888
sunlamp/images/img001379.jpg,sunlamp,1,76201,1,70627,0.0807866,0.861723,0.403933,0.296217,29.0025
sunlamp/images/img001386.jpg,sunlamp,3,43630,3,52204,0.0303869,-0.212708,0.0911606,0.972379,44.0593
sunlamp/images/img001390.jpg,sunlamp,1,65200,1,52561,0.29038,0.844742,-0.29038,0.343176,100.539
sunlamp/images/img001392.jpg,sunlamp,0,43546,2,51362,0.564261,-0.383697,0.722254,0.112852,139.511
sunlamp/images/img001394.jpg,sunlamp,3,02171,3,03530,-0.0731272,-0.268133,-0.560642,0.780024,34.7751
sunlamp/images/img001395.jpg,sunlamp,0,61043,0,63044,0.80327,-0.376533,0.426737,0.175715,43.0582
sunlamp/images/img001402.jpg,sunlamp,1,22771,1,74121,0.287982,0.837765,0.130901,0.445063,141.018
sunlamp/images/img001403.jpg,sunlamp,3,56002,1,46351,-0.40036,0.753619,-0.164854,0.494563,172.029
sunlamp/images/img001404.jpg,sunlamp,1,27066,1,61502,-0.205262,0.93834,0.0879694,0.263908,81.3588
sunlamp/images/img001408.jpg,sunlamp,2,77337,1,56012,0.128799,0.824315,-0.334878,0.437917,124.322
sunlamp/images/img001413.jpg,sunlamp,1,03775,1,61141,-0.152499,0.975991,0.0304997,0.152499,74.5351
sunlamp/images/img001414.jpg,sunlamp,2,23254,1,11562,0.487023,0.62339,-0.487023,-0.370138,170.166
sunlamp/images/img001417.jpg,sunlamp,3,60563,1,05635,-0.233079,0.828726,-0.492056,-0.129488,179.916
sunlamp/images/img001418.jpg,sunlamp,0,32760,3,01736,-0.0714488,-0.404877,-0.500142,0.762121,87.5046
sunlamp/images/img001419.jpg,sunlamp,1,60670,1,50616,0.124573,0.797264,-0.523205,0.27406,131.308
sunlamp/images/img001424.jpg,sunlamp,0,17337,1,17244,0.447523,0.842397,-0.184274,-0.236924,40.7263
sunlamp/images/img001427.jpg,sunlamp,3,05265,3,52103,0.30334,-0.358493,0.0275764,0.882444,79.1269
sunlamp/images/img001429.jpg,sunlamp,0,41603,2,24121,-0.507093,0.120736,0.772712,-0.362209,51.3224
sunlamp/images/img001434.jpg,sunlamp,0,72300,1,05632,-0.285642,0.830959,-0.441447,-0.181772,141.333
sunlamp/images/img001438.jpg,sunlamp,1,16741,1,70504,0.256933,0.91354,0.0285481,0.314029,56.376
sunlamp/images/img001439.jpg,sunlamp,1,41516,1,41751,-0.0240911,0.770916,-0.554096,0.313185,18.7294
sunlamp/images/img001445.jpg,sunlamp,2,17276,1,16533,0.403933,0.861723,-0.24236,-0.188502,174.927
sunlamp/images/img001448.jpg,sunlamp,1,17147,2,16517,0.394874,-0.342224,0.842397,-0.131625,156.054
sunlamp/images/img001449.jpg,sunlamp,1,20512,1,12572,0.321503,0.791391,-0.222579,-0.469888,94.7588
sunlamp/images/img001452.jpg,sunlamp,3,06373,1,07507,-0.141819,0.907642,-0.368729,-0.141819,175.529
sunlamp/images/img001455.jpg,sunlamp,1,54060,1,41577,-0.023094,0.739008,-0.57735,0.34641,15.0106
sunlamp/images/img001457.jpg,sunlamp,3,52712,3,52275,0.208145,-0.0892052,0.208145,0.951522,22.6739
sunlamp/images/img001458.jpg,sunlamp,0,62542,3,60330,-0.481824,0.329669,0.0253592,0.811493,151.135
sunlamp/images/img001459.jpg,sunlamp,2,37021,1,35206,0.424602,0.799251,0.274743,-0.324696,65.324
sunlamp/images/img001462.jpg,sunlamp,2,70614,1,70524,0.254457,0.904735,0.141365,0.311003,124.728
sunlamp/images/img001463.jpg,sunlamp,0,34054,3,16213,0.19245,-0.137464,-0.412393,0.879772,170.494
sunlamp/images/img001464.jpg,sunlamp,1,06275,3,54230,0.121303,-0.460953,0.412432,0.776342,104.415
sunlamp/images/img001465.jpg,sunlamp,1,53307,1,52171,0.40161,0.856767,-0.294514,0.13387,39.4001
sunlamp/images/img001466.jpg,sunlamp,3,13427,1,07501,-0.137464,0.879772,-0.412393,-0.19245,157.08
sunlamp/images/img001473.jpg,sunlamp,2,45644,1,07035,-0.240966,0.856767,-0.294514,-0.348062,92.0571
sunlamp/images/img001476.jpg,sunlamp,0,61213,2,61562,-0.194821,0.194821,0.890609,0.36181,171.598
sunlamp/images/img001478.jpg,sunlamp,3,74040,3,47114,-0.0745586,-0.372793,0.472205,0.795292,46.0265
sunlamp/images/img001482.jpg,sunlamp,0,74037,0,06773,0.879772,-0.467379,-0.0274929,-0.0824786,106.575
sunlamp/images/img001483.jpg,sunlamp,0,61225,0,26545,0.763856,-0.50128,0.405798,-0.0238705,23.9297
sunlamp/images/img001484.jpg,sunlamp,0,43317,3,52363,0.321451,-0.0292228,0.146114,0.935129,138.396
sunlamp/images/img001485.jpg,sunlamp,0,13054,3,40372,-0.460953,-0.412432,0.121303,0.776342,43.6304
sunlamp/images/img001486.jpg,sunlamp,2,05774,1,50223,0.0824786,0.879772,-0.467379,0.0274929,60.1999
sunlamp/images/img001488.jpg,sunlamp,1,12270,2,14373,0.368271,-0.417374,0.785646,-0.270066,164.385
sunlamp/images/img001493.jpg,sunlamp,0,56656,3,36101,0.270066,0.417374,-0.368271,0.785646,67.5946
sunlamp/images/img001498.jpg,sunlamp,0,71626,2,71077,0.566049,0.172276,0.787547,0.172276,61.3707
sunlamp/images/img001500.jpg,sunlamp,1,56220,1,52612,0.147122,0.941584,-0.147122,0.26482,27.4818
sunlamp/images/img001503.jpg,sunlamp,3,41312,1,45372,-0.0714488,0.762121,-0.404877,0.500142,176.649
sunlamp/images/img001504.jpg,sunlamp,0,12566,1,52562,0.244497,0.869321,-0.244497,0.353162,143.069
sunlamp/images/img001505.jpg,sunlamp,1,10420,1,27445,-0.337577,0.830959,0.441447,-0.0259675,143.316
sunlamp/images/img001507.jpg,sunlamp,0,06713,3,56125,0.272709,-0.272709,0.471042,0.793334,163.023
sunlamp/images/img001512.jpg,sunlamp,2,37642,1,52521,0.299715,0.871899,-0.299715,0.245222,133.378
sunlamp/images/img001515.jpg,sunlamp,0,17463,0,17062,0.822136,0.43676,-0.231226,-0.282609,23.2794
sunlamp/images/img001516.jpg,sunlamp,1,60443,1,60524,-0.557996,0.776342,0.121303,0.266868,13.432
sunlamp/images/img001518.jpg,sunlamp,2,31157,1,05334,-0.0758825,0.809414,-0.480589,-0.328824,165.335
sunlamp/images/img001521.jpg,sunlamp,1,56274,1,52442,0.0270864,0.866766,-0.352124,0.352124,43.007
sunlamp/images/img001522.jpg,sunlamp,0,05262,3,03262,-0.337185,-0.022479,-0.606933,0.719328,157.913
sunlamp/images/img001528.jpg,sunlamp,1,27730,2,50221,0.0803219,-0.508706,0.856767,0.026774,160.167
sunlamp/images/img001529.jpg,sunlamp,2,22460,1,46131,-0.409549,0.770916,-0.265003,0.409549,151.739
sunlamp/images/img001530.jpg,sunlamp,2,12470,1,52502,0.244497,0.869321,-0.353162,0.244497,104.22
sunlamp/images/img001533.jpg,sunlamp,1,20533,1,21617,-0.220432,0.783758,0.269417,-0.514341,24.172
sunlamp/images/img001535.jpg,sunlamp,2,05223,2,52511,0.380387,-0.380387,0.811493,0.228232,111.618
sunlamp/images/img001536.jpg,sunlamp,3,65171,1,43572,-0.0837545,0.893381,-0.251263,0.362936,143.667
sunlamp/images/img001537.jpg,sunlamp,1,37045,2,32564,0.210099,0.490232,0.74702,-0.396854,60.6767
sunlamp/images/img001539.jpg,sunlamp,0,17674,1,71612,0.514341,0.783758,0.269417,0.220432,70.4041
sunlamp/images/img001541.jpg,sunlamp,2,13001,3,47030,-0.278951,-0.278951,0.431106,0.811493,151.889
sunlamp/images/img001542.jpg,sunlamp,1,43666,2,06571,-0.447523,-0.289574,0.842397,-0.0789747,169.022
sunlamp/images/img001545.jpg,sunlamp,3,44312,3,41274,-0.278951,-0.481824,0.177514,0.811493,27.948
sunlamp/images/img001547.jpg,sunlamp,1,62043,1,60744,-0.533443,0.742182,0.208739,0.347898,38.2363
sunlamp/images/img001550.jpg,sunlamp,0,04736,1,05635,-0.233079,0.828726,-0.492056,-0.129488,141.068
sunlamp/images/img001551.jpg,sunlamp,2,61675,2,56300,0.236924,-0.184274,0.842397,0.447523,84.7018
sunlamp/images/img001552.jpg,sunlamp,2,77425,1,21641,-0.321503,0.791391,0.222579,-0.469888,166.756
sunlamp/images/img001556.jpg,sunlamp,1,71416,1,17666,0.468798,0.882444,-0.0275764,-0.0275764,40.9683
sunlamp/images/img001557.jpg,sunlamp,1,47351,1,47002,-0.363057,0.774521,-0.314649,0.411464,47.8543
sunlamp/images/img001560.jpg,sunlamp,1,16623,1,52244,0.0298408,0.954905,-0.208885,0.208885,50.7016
sunlamp/images/img001562.jpg,sunlamp,1,43312,1,52241,0.090167,0.961781,-0.21039,0.150278,25.2982
sunlamp/images/img001563.jpg,sunlamp,2,23346,1,56002,0.0259675,0.830959,-0.337577,0.441447,179.005
sunlamp/images/img001569.jpg,sunlamp,1,14101,1,15667,0.464244,0.781884,-0.415376,-0.0244339,52.5304
sunlamp/images/img001574.jpg,sunlamp,1,25436,1,61071,-0.26482,0.941584,0.147122,0.147122,37.1055
sunlamp/images/img001577.jpg,sunlamp,3,50270,1,07501,-0.137464,0.879772,-0.412393,-0.19245,94.1677
sunlamp/images/img001578.jpg,sunlamp,1,74110,1,52562,0.244497,0.869321,-0.244497,0.353162,34.0426
sunlamp/images/img001586.jpg,sunlamp,2,66376,1,61615,-0.248946,0.88514,0.248946,0.304267,55.5477
sunlamp/images/img001592.jpg,sunlamp,2,77712,1,41667,-0.314649,0.774521,-0.411464,0.363057,164.573
sunlamp/images/img001595.jpg,sunlamp,1,56241,1,43504,-0.185826,0.849491,-0.398199,0.292013,48.1049
sunlamp/images/img001602.jpg,sunlamp,0,02775,0,07476,0.91354,-0.314029,-0.256933,-0.0285481,55.1509
sunlamp/images/img001605.jpg,sunlamp,1,12444,1,61502,-0.205262,0.93834,0.0879694,0.263908,102.832
sunlamp/images/img001606.jpg,sunlamp,2,61636,2,61561,-0.141819,0.141819,0.907642,0.368729,36.0007
sunlamp/images/img001607.jpg,sunlamp,2,56302,1,52661,0.0862083,0.919555,-0.0862083,0.373569,179.314
sunlamp/images/img001608.jpg,sunlamp,2,74322,1,25647,-0.358493,0.882444,0.30334,-0.0275764,123.069
sunlamp/images/img001610.jpg,sunlamp,3,43015,3,61174,-0.090167,0.150278,0.21039,0.961781,67.5372
sunlamp/images/img001615.jpg,sunlamp,2,07146,1,50613,0.175274,0.801253,-0.525822,0.225352,64.3654
sunlamp/images/img001618.jpg,sunlamp,2,06350,2,05277,-0.23434,-0.442642,0.833209,-0.23434,41.5883
sunlamp/images/img001619.jpg,sunlamp,1,12300,3,41073,-0.214834,-0.596762,0.119352,0.763856,14.3192
sunlamp/images/img001620.jpg,sunlamp,1,06661,1,05664,-0.373718,0.797264,-0.473376,-0.0249145,56.5303
sunlamp/images/img001624.jpg,sunlamp,2,43562,2,61507,-0.145617,0.0873704,0.931951,0.320358,38.9528
sunlamp/images/img001632.jpg,sunlamp,3,67271,1,60757,-0.417374,0.785646,0.270066,0.368271,54.2213
sunlamp/images/img001633.jpg,sunlamp,2,25743,1,52422,0.0290252,0.928805,-0.261226,0.261226,174.14
sunlamp/images/img001634.jpg,sunlamp,1,17022,2,70510,0.364073,0.0280056,0.896179,0.25205,164.351
sunlamp/images/img001638.jpg,sunlamp,0,21746,3,03672,-0.283358,-0.0257599,-0.489437,0.824315,84.1374
sunlamp/images/img001639.jpg,sunlamp,2,05057,2,05731,-0.0263982,-0.501565,0.844742,-0.184787,30.8491
sunlamp/images/img001640.jpg,sunlamp,0,30347,3,06535,-0.445063,-0.287982,-0.130901,0.837765,49.1341
sunlamp/images/img001642.jpg,sunlamp,1,43255,1,43522,-0.199189,0.910577,-0.2561,0.2561,12.2207
sunlamp/images/img001644.jpg,sunlamp,1,71510,1,71433,0.560642,0.780024,0.17063,0.219382,20.707
sunlamp/images/img001655.jpg,sunlamp,0,12716,3,06552,-0.480589,-0.328824,-0.0758825,0.809414,52.0507
sunlamp/images/img001656.jpg,sunlamp,0,16366,1,52522,0.252845,0.899004,-0.252845,0.252845,128.705
sunlamp/images/img001658.jpg,sunlamp,3,20251,1,43674,-0.296217,0.861723,-0.0807866,0.403933,102.383
sunlamp/images/img001659.jpg,sunlamp,2,43335,1,70611,0.199189,0.910577,0.2561,0.2561,156.716
sunlamp/images/img001660.jpg,sunlamp,0,23544,2,21665,-0.319941,0.319941,0.787547,-0.418384,158.207
sunlamp/images/img001663.jpg,sunlamp,3,53405,1,56301,0.285642,0.830959,-0.181772,0.441447,165.933
sunlamp/images/img001664.jpg,sunlamp,3,10722,3,03331,-0.0223887,-0.067166,-0.694049,0.716438,49.3648
sunlamp/images/img001665.jpg,sunlamp,2,13006,1,12772,0.329669,0.811493,-0.0253592,-0.481824,162.732
sunlamp/images/img001669.jpg,sunlamp,2,43744,1,17664,0.467379,0.879772,-0.0824786,-0.0274929,143.06
sunlamp/images/img001670.jpg,sunlamp,2,50514,1,05247,-0.313914,0.772712,-0.507093,-0.217325,23.8863
sunlamp/images/img001671.jpg,sunlamp,1,73422,1,70116,0.373569,0.919555,0.0862083,0.0862083,55.7927
sunlamp/images/img001672.jpg,sunlamp,3,05655,3,03673,-0.234978,-0.0261087,-0.496065,0.835478,83.5169
sunlamp/images/img001675.jpg,sunlamp,2,16370,2,52652,0.141819,-0.141819,0.907642,0.368729,84.3402
sunlamp/images/img001676.jpg,sunlamp,0,24301,1,74034,0.131991,0.844742,0.131991,0.501565,122.91
sunlamp/images/img001680.jpg,sunlamp,1,74675,3,12532,0.306158,-0.211955,-0.541664,0.753619,150.24
sunlamp/images/img001682.jpg,sunlamp,2,61606,1,05634,-0.281129,0.817829,-0.485586,-0.127786,169.227
sunlamp/images/img001684.jpg,sunlamp,3,52156,1,52503,0.294514,0.856767,-0.348062,0.240966,175.14
sunlamp/images/img001687.jpg,sunlamp,1,77004,1,41677,-0.223676,0.795292,-0.422499,0.372793,120.91
sunlamp/images/img001689.jpg,sunlamp,3,65031,1,52655,0.190728,0.871899,-0.190728,0.408703,141.944
sunlamp/images/img001697.jpg,sunlamp,2,54700,2,06705,-0.535303,-0.178434,0.8157,-0.127453,125.818
sunlamp/images/img001699.jpg,sunlamp,3,26407,2,24103,-0.509475,0.0727821,0.776342,-0.36391,179.428
sunlamp/images/img001701.jpg,sunlamp,3,42277,1,52251,0.206689,0.944862,-0.206689,0.147635,171.057
sunlamp/images/img001703.jpg,sunlamp,2,57101,1,14332,0.314649,0.774521,-0.411464,-0.363057,122.685
sunlamp/images/img001704.jpg,sunlamp,3,16067,3,52033,0.205971,-0.26482,0.0294245,0.941584,33.663
sunlamp/images/img001707.jpg,sunlamp,0,30506,2,07575,-0.0295269,-0.324796,0.944862,-0.0295269,177.209
sunlamp/images/img001708.jpg,sunlamp,2,63117,1,70614,0.141365,0.904735,0.254457,0.311003,90.8834
sunlamp/images/img001709.jpg,sunlamp,3,61442,2,52533,0.399326,-0.239596,0.851896,0.239596,143.835
sunlamp/images/img001712.jpg,sunlamp,3,27060,3,41270,-0.281129,-0.485586,0.127786,0.817829,125.124
sunlamp/images/img001713.jpg,sunlamp,2,15120,3,41630,-0.276124,-0.476942,0.22592,0.80327,175.738
sunlamp/images/img001715.jpg,sunlamp,0,34424,2,16543,0.302422,-0.357407,0.879772,-0.0824786,124.804
sunlamp/images/img001718.jpg,sunlamp,3,55363,0,60625,0.689329,-0.624704,0.28004,0.236957,63.1723
sunlamp/images/img001720.jpg,sunlamp,3,57144,0,60735,0.799251,-0.424602,0.324696,0.274743,58.9188
sunlamp/images/img001725.jpg,sunlamp,1,51414,1,52174,0.352124,0.866766,-0.297951,0.189605,46.7439
sunlamp/images/img001727.jpg,sunlamp,2,64434,1,52543,0.285642,0.830959,-0.337577,0.337577,167.778
sunlamp/images/img001729.jpg,sunlamp,2,74742,1,24611,-0.592723,0.758686,0.21338,-0.165963,166.347
sunlamp/images/img001730.jpg,sunlamp,2,35753,1,52503,0.294514,0.856767,-0.348062,0.240966,162.667
sunlamp/images/img001732.jpg,sunlamp,1,26743,2,07641,-0.367549,-0.197911,0.904735,-0.0848189,111.837
sunlamp/images/img001736.jpg,sunlamp,0,50362,1,45302,-0.164854,0.753619,-0.494563,0.40036,140.815
sunlamp/images/img001737.jpg,sunlamp,2,07227,2,16573,0.409922,-0.245953,0.8745,-0.0819844,100.27
sunlamp/images/img001738.jpg,sunlamp,3,53261,1,52573,0.387427,0.826512,-0.232456,0.33577,135.598
sunlamp/images/img001739.jpg,sunlamp,3,60753,1,52561,0.29038,0.844742,-0.29038,0.343176,148.698
sunlamp/images/img001744.jpg,sunlamp,0,46375,3,52245,0.0892052,-0.208145,0.208145,0.951522,99.4362
sunlamp/images/img001754.jpg,sunlamp,0,40410,1,21641,-0.321503,0.791391,0.222579,-0.469888,72.8406
sunlamp/images/img001755.jpg,sunlamp,0,57153,2,01657,-0.210099,-0.490232,0.74702,-0.396854,76.3435
sunlamp/images/img001760.jpg,sunlamp,2,34400,2,50621,0.0781133,-0.494718,0.833209,0.23434,84.3584
sunlamp/images/img001763.jpg,sunlamp,0,65763,1,52501,0.288775,0.840072,-0.393784,0.23627,163.186
sunlamp/images/img001764.jpg,sunlamp,1,42727,3,47342,-0.178434,-0.127453,0.535303,0.8157,157.457
sunlamp/images/img001767.jpg,sunlamp,1,63444,2,52560,0.240966,-0.294514,0.856767,0.348062,162.138
sunlamp/images/img001769.jpg,sunlamp,1,35414,1,71401,0.496065,0.835478,0.0261087,0.234978,43.2323
sunlamp/images/img001770.jpg,sunlamp,3,56066,1,34165,0.311003,0.904735,0.141365,-0.254457,140.424
sunlamp/images/img001771.jpg,sunlamp,3,26553,1,52563,0.294514,0.856767,-0.240966,0.348062,113.779
sunlamp/images/img001781.jpg,sunlamp,2,53521,1,25645,-0.364073,0.896179,0.25205,-0.0280056,147.372
sunlamp/images/img001785.jpg,sunlamp,2,74342,2,61500,-0.205971,0.0294245,0.941584,0.26482,67.8568
sunlamp/images/img001787.jpg,sunlamp,1,30742,1,16013,0.182761,0.835478,-0.339413,-0.39163,73.9406
sunlamp/images/img001796.jpg,sunlamp,1,14664,1,52037,0.205262,0.93834,-0.263908,0.0879694,41.9612
sunlamp/images/img001802.jpg,sunlamp,2,11102,1,74663,0.065481,0.698464,0.327405,0.632983,124.592
sunlamp/images/img001804.jpg,sunlamp,3,16546,1,52074,0.143208,0.916533,-0.315058,0.200492,166.478
sunlamp/images/img001806.jpg,sunlamp,2,70710,2,43522,-0.199189,-0.2561,0.910577,0.2561,87.7
sunlamp/images/img001807.jpg,sunlamp,1,44325,1,52674,0.139591,0.893381,-0.0837545,0.418772,83.0393
sunlamp/images/img001813.jpg,sunlamp,2,65311,1,61502,-0.205262,0.93834,0.0879694,0.263908,128.901
sunlamp/images/img001816.jpg,sunlamp,1,52663,1,52611,0.20182,0.922608,-0.20182,0.259483,29.9502
sunlamp/images/img001819.jpg,sunlamp,3,35473,1,52502,0.244497,0.869321,-0.353162,0.244497,120.29
sunlamp/images/img001830.jpg,sunlamp,3,41372,3,41722,-0.184274,-0.447523,0.236924,0.842397,14.3283
sunlamp/images/img001832.jpg,sunlamp,2,36673,1,41151,-0.0222994,0.713582,-0.691283,0.111497,179.267
sunlamp/images/img001835.jpg,sunlamp,1,34465,1,70611,0.199189,0.910577,0.2561,0.2561,37.136
sunlamp/images/img001837.jpg,sunlamp,0,67253,0,24663,0.698464,-0.632983,0.327405,-0.065481,83.4472
sunlamp/images/img001838.jpg,sunlamp,2,70174,1,70542,0.251263,0.893381,0.0837545,0.362936,135.557
sunlamp/images/img001839.jpg,sunlamp,3,56201,1,52563,0.294514,0.856767,-0.240966,0.348062,176.179
sunlamp/images/img001842.jpg,sunlamp,3,21245,3,41336,-0.0822304,-0.465972,0.0822304,0.877124,115.348
sunlamp/images/img001843.jpg,sunlamp,1,33456,1,32541,0.259633,0.755297,0.401252,-0.448458,25.0557
sunlamp/images/img001847.jpg,sunlamp,0,07023,1,07341,-0.143208,0.916533,-0.200492,-0.315058,150.331
sunlamp/images/img001851.jpg,sunlamp,2,06560,2,07511,-0.0277457,-0.416185,0.887862,-0.19422,67.3606
sunlamp/images/img001852.jpg,sunlamp,3,41241,1,41673,-0.227648,0.809414,-0.430001,0.328824,158.882
sunlamp/images/img001853.jpg,sunlamp,1,11643,1,47133,-0.026774,0.856767,-0.240966,0.455158,122.02
sunlamp/images/img001856.jpg,sunlamp,3,34251,3,03262,-0.337185,-0.022479,-0.606933,0.719328,83.6895
sunlamp/images/img001858.jpg,sunlamp,1,47145,1,52564,0.23627,0.840072,-0.288775,0.393784,44.7741
sunlamp/images/img001859.jpg,sunlamp,3,21470,3,03772,-0.0803219,-0.026774,-0.508706,0.856767,28.9648
sunlamp/images/img001860.jpg,sunlamp,2,12777,1,51266,0.418384,0.787547,-0.418384,0.172276,149.307
sunlamp/images/img001862.jpg,sunlamp,0,07747,2,52224,0.0309641,-0.0928922,0.99085,0.0928922,164.968
sunlamp/images/img001864.jpg,sunlamp,1,52102,1,07507,-0.141819,0.907642,-0.368729,-0.141819,47.438
sunlamp/images/img001867.jpg,sunlamp,3,52070,1,05672,-0.289574,0.842397,-0.447523,-0.0789747,127.482
sunlamp/images/img001871.jpg,sunlamp,3,37751,2,01673,-0.214834,-0.405798,0.763856,-0.453539,99.6312
sunlamp/images/img001873.jpg,sunlamp,2,63011,1,70614,0.141365,0.904735,0.254457,0.311003,108.56
sunlamp/images/img001877.jpg,sunlamp,2,04656,1,70573,0.39163,0.835478,0.182761,0.339413,122.288
sunlamp/images/img001879.jpg,sunlamp,0,32151,2,06137,-0.430001,-0.227648,0.809414,-0.328824,166.704
sunlamp/images/img001880.jpg,sunlamp,1,04777,1,61501,-0.148675,0.951522,0.0297351,0.267615,73.3628
sunlamp/images/img001881.jpg,sunlamp,1,73262,1,70761,0.285642,0.830959,0.337577,0.337577,50.118
sunlamp/images/img001885.jpg,sunlamp,1,07534,1,07514,-0.0837545,0.893381,-0.418772,-0.139591,10.7809
sunlamp/images/img001886.jpg,sunlamp,0,63614,1,36524,0.227067,0.80735,0.529823,-0.126148,155.551
sunlamp/images/img001893.jpg,sunlamp,3,24445,3,03672,-0.283358,-0.0257599,-0.489437,0.824315,71.6167
sunlamp/images/img001896.jpg,sunlamp,2,60046,2,16517,0.394874,-0.342224,0.842397,-0.131625,147.411
sunlamp/images/img001898.jpg,sunlamp,1,62230,1,61641,-0.342224,0.842397,0.236924,0.342224,62.9169
sunlamp/images/img001901.jpg,sunlamp,0,36606,3,05572,-0.0734773,-0.612311,-0.0734773,0.783758,156.007
sunlamp/images/img001912.jpg,sunlamp,0,61315,2,25571,-0.0307293,0.153646,0.983336,-0.0921878,155.44
sunlamp/images/img001916.jpg,sunlamp,1,74324,1,70565,0.294514,0.856767,0.13387,0.40161,26.1149
sunlamp/images/img001918.jpg,sunlamp,3,24505,3,52345,0.312002,-0.198547,0.198547,0.907642,110.609
sunlamp/images/img001919.jpg,sunlamp,2,46332,2,52503,0.294514,-0.348062,0.856767,0.240966,100.924
sunlamp/images/img001920.jpg,sunlamp,3,15226,2,11632,0.439508,-0.355792,0.669726,-0.481365,148.612
sunlamp/images/img001921.jpg,sunlamp,0,34445,1,05773,-0.0274929,0.879772,-0.467379,-0.0824786,176.03
sunlamp/images/img001924.jpg,sunlamp,3,52253,1,52254,0.147635,0.944862,-0.206689,0.206689,171.31
sunlamp/images/img001929.jpg,sunlamp,2,01422,1,56101,0.270066,0.785646,-0.368271,0.417374,46.1067
sunlamp/images/img001932.jpg,sunlamp,3,34105,3,03273,-0.210099,-0.0233444,-0.630298,0.74702,69.0494
sunlamp/images/img001937.jpg,sunlamp,0,71220,0,17072,0.783758,0.514341,-0.220432,-0.269417,73.1532
sunlamp/images/img001938.jpg,sunlamp,1,63565,1,52542,0.236924,0.842397,-0.342224,0.342224,108.151
sunlamp/images/img001943.jpg,sunlamp,2,13421,1,71462,0.434472,0.817829,0.1789,0.332243,174.178
sunlamp/images/img001946.jpg,sunlamp,3,51442,3,52524,0.245222,-0.299715,0.299715,0.871899,45.7307
sunlamp/images/img001947.jpg,sunlamp,1,01674,1,52502,0.244497,0.869321,-0.353162,0.244497,100.692
sunlamp/images/img001950.jpg,sunlamp,0,21077,1,15674,0.491304,0.748653,-0.444513,-0.0233954,164.875
sunlamp/images/img001952.jpg,sunlamp,2,61157,1,52252,0.150824,0.965275,-0.150824,0.150824,173.577
sunlamp/images/img001955.jpg,sunlamp,2,06700,1,71604,0.43676,0.822136,0.231226,0.282609,149.506
sunlamp/images/img001957.jpg,sunlamp,2,47345,1,47102,-0.1789,0.817829,-0.332243,0.434472,162.782
sunlamp/images/img001959.jpg,sunlamp,1,33145,1,05735,-0.0266217,0.851896,-0.505813,-0.133109,129.417
sunlamp/images/img001960.jpg,sunlamp,0,04107,1,56211,0.186352,0.851896,-0.186352,0.45257,152.548
sunlamp/images/img001965.jpg,sunlamp,2,40351,1,41741,-0.119625,0.765603,-0.550277,0.311026,86.0547
sunlamp/images/img001968.jpg,sunlamp,3,21054,2,01677,-0.219382,-0.414388,0.780024,-0.414388,87.4405
sunlamp/images/img001970.jpg,sunlamp,1,71736,1,16513,0.39163,0.835478,-0.339413,-0.182761,96.6257
sunlamp/images/img001974.jpg,sunlamp,0,06310,0,07066,0.851896,-0.399326,-0.239596,-0.239596,20.5175
sunlamp/images/img001976.jpg,sunlamp,0,02554,1,06331,-0.432219,0.813589,-0.0762739,-0.38137,120.776
sunlamp/images/img001981.jpg,sunlamp,3,43526,3,43524,-0.193035,-0.30334,0.30334,0.882444,7.43678
sunlamp/images/img001987.jpg,sunlamp,1,65327,1,61501,-0.148675,0.951522,0.0297351,0.267615,48.775
sunlamp/images/img001993.jpg,sunlamp,0,06226,1,47326,-0.184787,0.844742,-0.0263982,0.501565,68.8769
sunlamp/images/img001994.jpg,sunlamp,0,61611,3,03331,-0.0223887,-0.067166,-0.694049,0.716438,179.596
sunlamp/images/img001999.jpg,sunlamp,1,72766,1,25771,-0.0288315,0.922608,0.374809,-0.0864945,69.437
sunlamp/images/img002002.jpg,sunlamp,0,47317,2,07513,-0.0283638,-0.368729,0.907642,-0.198547,151.234
sunlamp/images/img002006.jpg,sunlamp,3,51250,0,24263,0.680543,-0.616742,0.319005,-0.233937,120.442
sunlamp/images/img002007.jpg,sunlamp,1,73042,1,70511,0.411152,0.877124,0.0274101,0.246691,53.4769
sunlamp/images/img002012.jpg,sunlamp,0,15222,0,16502,0.879772,0.247436,-0.357407,-0.19245,29.1776
sunlamp/images/img002013.jpg,sunlamp,1,16015,1,70504,0.256933,0.91354,0.0285481,0.314029,92.115
sunlamp/images/img002014.jpg,sunlamp,0,60062,1,06326,-0.554096,0.770916,-0.0240911,-0.313185,34.2554
sunlamp/images/img002018.jpg,sunlamp,3,47213,1,74103,0.289574,0.842397,0.0789747,0.447523,150.178
sunlamp/images/img002023.jpg,sunlamp,2,04707,2,07263,-0.358493,-0.0275764,0.882444,-0.30334,59.4006
sunlamp/images/img002026.jpg,sunlamp,0,53166,2,35621,0.474555,0.324696,0.799251,-0.174836,138.89
sunlamp/images/img002027.jpg,sunlamp,0,27100,0,07075,0.88514,-0.248946,-0.304267,-0.248946,90.9185
sunlamp/images/img002028.jpg,sunlamp,0,23050,2,07533,-0.0294245,-0.26482,0.941584,-0.205971,117.777
sunlamp/images/img002031.jpg,sunlamp,1,07264,1,06311,-0.426737,0.80327,-0.175715,-0.376533,22.3774
sunlamp/images/img002034.jpg,sunlamp,2,77403,3,70634,0.136641,0.355266,0.300609,0.8745,65.533
sunlamp/images/img002035.jpg,sunlamp,3,13365,2,20543,-0.490232,0.0700331,0.74702,-0.443543,36.1008
sunlamp/images/img002036.jpg,sunlamp,3,36020,1,71066,0.45257,0.851896,0.186352,0.186352,113.174
sunlamp/images/img002042.jpg,sunlamp,1,01726,1,04370,-0.439725,0.74059,-0.439725,-0.254578,40.3396
sunlamp/images/img002043.jpg,sunlamp,3,52114,3,52433,0.199189,-0.2561,0.2561,0.910577,30.4093
sunlamp/images/img002046.jpg,sunlamp,2,50422,1,52402,0.0280056,0.896179,-0.364073,0.25205,81.9591
sunlamp/images/img002047.jpg,sunlamp,2,07762,2,07524,-0.200492,-0.315058,0.916533,-0.143208,36.0857
sunlamp/images/img002050.jpg,sunlamp,2,60106,2,52533,0.399326,-0.239596,0.851896,0.239596,124.812
sunlamp/images/img002051.jpg,sunlamp,0,03755,1,07474,-0.309033,0.899004,-0.309033,-0.0280939,155.634
sunlamp/images/img002052.jpg,sunlamp,1,70375,1,70504,0.256933,0.91354,0.0285481,0.314029,43.3035
sunlamp/images/img002057.jpg,sunlamp,2,67636,1,61641,-0.342224,0.842397,0.236924,0.342224,58.5387
sunlamp/images/img002059.jpg,sunlamp,2,41217,1,52421,0.0853666,0.910577,-0.313011,0.2561,83.829
sunlamp/images/img002060.jpg,sunlamp,1,42416,1,41602,-0.356436,0.760398,-0.499011,0.213862,37.333
sunlamp/images/img002064.jpg,sunlamp,3,36052,3,33262,0.310221,0.565697,-0.492704,0.583945,40.5923
sunlamp/images/img002068.jpg,sunlamp,0,27725,2,17631,0.573034,-0.0747435,0.797264,-0.174402,23.4392
sunlamp/images/img002073.jpg,sunlamp,0,72064,0,05502,0.722254,-0.157993,-0.654542,-0.157993,153.958
sunlamp/images/img002074.jpg,sunlamp,1,60377,1,06355,-0.447523,0.842397,-0.184274,-0.236924,80.8678
sunlamp/images/img002075.jpg,sunlamp,3,76124,1,52561,0.29038,0.844742,-0.29038,0.343176,109.94
sunlamp/images/img002080.jpg,sunlamp,2,63227,2,50341,0.266868,-0.557996,0.776342,0.121303,169.185
sunlamp/images/img002083.jpg,sunlamp,3,16460,3,41373,-0.0273281,-0.464578,0.136641,0.8745,34.1374
sunlamp/images/img002084.jpg,sunlamp,1,54524,2,05270,-0.272709,-0.471042,0.793334,-0.272709,44.9828
sunlamp/images/img002086.jpg,sunlamp,3,72037,3,43575,-0.0270073,-0.29708,0.40511,0.864234,112.012
sunlamp/images/img002089.jpg,sunlamp,0,61324,2,52521,0.299715,-0.299715,0.871899,0.245222,92.9866
sunlamp/images/img002093.jpg,sunlamp,1,24723,2,25611,-0.2561,0.2561,0.910577,-0.199189,94.6375
sunlamp/images/img002099.jpg,sunlamp,3,27502,1,52561,0.29038,0.844742,-0.29038,0.343176,91.5947
sunlamp/images/img002100.jpg,sunlamp,1,70475,1,47007,-0.313185,0.770916,-0.313185,0.457732,78.4305
sunlamp/images/img002105.jpg,sunlamp,3,50350,3,03672,-0.283358,-0.0257599,-0.489437,0.824315,120.597
sunlamp/images/img002113.jpg,sunlamp,3,35753,1,52561,0.29038,0.844742,-0.29038,0.343176,98.8669
sunlamp/images/img002114.jpg,sunlamp,2,62341,2,52501,0.288775,-0.393784,0.840072,0.23627,147.966
sunlamp/images/img002116.jpg,sunlamp,2,42032,2,42143,-0.51558,-0.319169,0.785646,0.122757,21.6839
sunlamp/images/img002117.jpg,sunlamp,1,45026,1,70562,0.247436,0.879772,0.19245,0.357407,111.988
sunlamp/images/img002120.jpg,sunlamp,2,37721,1,73201,0.423689,0.713582,0.557486,0.0222994,30.3572
sunlamp/images/img002121.jpg,sunlamp,1,50303,1,52400,0.0274101,0.877124,-0.411152,0.246691,41.3117
sunlamp/images/img002126.jpg,sunlamp,1,70005,1,43374,-0.0908257,0.968808,-0.0908257,0.211927,28.1011
sunlamp/images/img002128.jpg,sunlamp,1,57632,1,71563,0.608164,0.720787,0.157672,0.29282,37.1066
sunlamp/images/img002132.jpg,sunlamp,1,03744,1,07611,-0.259483,0.922608,-0.20182,-0.20182,32.7288
sunlamp/images/img002136.jpg,sunlamp,1,77742,1,41666,-0.357244,0.762121,-0.404877,0.357244,147.765
sunlamp/images/img002138.jpg,sunlamp,2,47374,3,47530,-0.0711268,-0.260798,0.592723,0.758686,36.9706
sunlamp/images/img002141.jpg,sunlamp,3,74032,1,74333,0.357244,0.762121,0.357244,0.404877,89.5936
sunlamp/images/img002142.jpg,sunlamp,1,12541,1,07217,-0.249711,0.887862,-0.138728,-0.360694,67.6571
sunlamp/images/img002146.jpg,sunlamp,2,25310,2,16700,0.259483,-0.20182,0.922608,-0.20182,69.504
sunlamp/images/img002149.jpg,sunlamp,0,43412,3,25231,-0.232456,0.33577,-0.387427,0.826512,174.073
sunlamp/images/img002151.jpg,sunlamp,2,70753,2,16527,0.311003,-0.254457,0.904735,-0.141365,85.5095
sunlamp/images/img002159.jpg,sunlamp,3,06377,3,07506,-0.196657,-0.36522,-0.140469,0.899004,48.2483
sunlamp/images/img002162.jpg,sunlamp,3,72150,1,16575,0.40511,0.864234,-0.29708,-0.0270073,127.211
sunlamp/images/img002163.jpg,sunlamp,2,30760,1,52561,0.29038,0.844742,-0.29038,0.343176,173.059
sunlamp/images/img002166.jpg,sunlamp,0,52322,1,71602,0.43676,0.822136,0.282609,0.231226,99.7033
sunlamp/images/img002168.jpg,sunlamp,3,47034,3,32661,0.0634574,0.613422,-0.401897,0.676879,161.46
sunlamp/images/img002169.jpg,sunlamp,1,65107,1,65112,-0.0822304,0.877124,0.0822304,0.465972,8.97696
sunlamp/images/img002171.jpg,sunlamp,3,45152,1,06335,-0.440261,0.828726,-0.0776931,-0.33667,87.1164
sunlamp/images/img002173.jpg,sunlamp,2,76226,1,52042,0.0286417,0.916533,-0.372342,0.143208,133.065
sunlamp/images/img002177.jpg,sunlamp,0,07645,1,43511,-0.0274101,0.877124,-0.411152,0.246691,144.977
sunlamp/images/img002181.jpg,sunlamp,1,10072,1,46121,-0.484974,0.739008,-0.254034,0.392598,137.505
sunlamp/images/img002184.jpg,sunlamp,0,63016,2,25061,-0.355266,0.136641,0.8745,-0.300609,171.744
sunlamp/images/img002185.jpg,sunlamp,0,54017,0,06666,0.717879,-0.695445,-0.0224337,-0.0224337,135.754
sunlamp/images/img002188.jpg,sunlamp,0,12527,1,70564,0.244497,0.869321,0.135831,0.407494,158.175
sunlamp/images/img002192.jpg,sunlamp,3,12436,3,50332,0.337577,-0.441447,0.0259675,0.830959,74.7266
sunlamp/images/img002193.jpg,sunlamp,2,74157,1,40712,-0.435089,0.732782,-0.480888,0.206095,138.111
sunlamp/images/img002194.jpg,sunlamp,3,31173,3,20377,-0.365528,0.322525,-0.537541,0.688053,116.143
sunlamp/images/img002195.jpg,sunlamp,2,74174,1,07535,-0.0292228,0.935129,-0.321451,-0.146114,156.708
sunlamp/images/img002198.jpg,sunlamp,3,70473,3,70645,0.0819844,0.245953,0.409922,0.8745,14.6549
sunlamp/images/img002201.jpg,sunlamp,0,42117,0,27066,0.742182,-0.347898,0.533443,-0.208739,110.433
sunlamp/images/img002208.jpg,sunlamp,2,40011,1,52503,0.294514,0.856767,-0.348062,0.240966,56.5835
sunlamp/images/img002210.jpg,sunlamp,3,52163,3,52363,0.321451,-0.0292228,0.146114,0.935129,25.5372
sunlamp/images/img002212.jpg,sunlamp,1,63321,2,27472,-0.268133,0.560642,0.780024,-0.0731272,30.231
sunlamp/images/img002213.jpg,sunlamp,1,12646,1,41572,-0.0701862,0.748653,-0.584885,0.30414,108.151
sunlamp/images/img002218.jpg,sunlamp,3,07772,3,07775,-0.0310835,-0.0932505,-0.0310835,0.994672,15.7099
sunlamp/images/img002220.jpg,sunlamp,2,47026,1,52502,0.244497,0.869321,-0.353162,0.244497,127.49
sunlamp/images/img002225.jpg,sunlamp,2,74266,1,47112,-0.0776931,0.828726,-0.33667,0.440261,148.43
sunlamp/images/img002226.jpg,sunlamp,2,47121,1,61527,-0.143208,0.916533,0.200492,0.315058,171.743
sunlamp/images/img002227.jpg,sunlamp,1,06505,1,56031,0.181772,0.830959,-0.285642,0.441447,104.681
sunlamp/images/img002228.jpg,sunlamp,1,76431,1,16362,0.256933,0.91354,-0.0285481,-0.314029,122.563
sunlamp/images/img002229.jpg,sunlamp,3,50312,3,50372,0.334878,-0.437917,0.128799,0.824315,16.3018
sunlamp/images/img002231.jpg,sunlamp,0,22500,3,25044,-0.411152,0.0274101,-0.246691,0.877124,75.4753
sunlamp/images/img002232.jpg,sunlamp,3,54231,1,50670,0.125828,0.805302,-0.478148,0.327154,147.286
sunlamp/images/img002237.jpg,sunlamp,3,56400,1,56103,0.274743,0.799251,-0.324696,0.424602,164.598
sunlamp/images/img002240.jpg,sunlamp,1,27040,1,25672,-0.296217,0.861723,0.403933,-0.0807866,27.0667
sunlamp/images/img002243.jpg,sunlamp,1,25017,1,52641,0.0848189,0.904735,-0.197911,0.367549,97.1369
sunlamp/images/img002244.jpg,sunlamp,3,36501,1,52542,0.236924,0.842397,-0.342224,0.342224,77.8264
sunlamp/images/img002246.jpg,sunlamp,0,25155,2,52322,0.270501,-0.0300557,0.961781,0.0300557,150.953
sunlamp/images/img002249.jpg,sunlamp,2,60441,2,21657,-0.231226,0.282609,0.822136,-0.43676,106.648
sunlamp/images/img002251.jpg,sunlamp,0,61115,1,70125,0.320358,0.931951,0.145617,0.0873704,146.756
sunlamp/images/img002253.jpg,sunlamp,2,25527,2,52051,0.19245,-0.412393,0.879772,0.137464,90.7909
sunlamp/images/img002255.jpg,sunlamp,1,52776,1,56133,0.372793,0.795292,-0.223676,0.422499,23.274
sunlamp/images/img002258.jpg,sunlamp,0,25451,2,52523,0.304267,-0.248946,0.88514,0.248946,136.696
sunlamp/images/img002263.jpg,sunlamp,3,32661,2,52512,0.342224,-0.342224,0.842397,0.236924,136.914
sunlamp/images/img002265.jpg,sunlamp,2,57443,1,75033,0.52891,0.735875,0.160973,0.390934,139.922
sunlamp/images/img002267.jpg,sunlamp,2,76036,1,70561,0.300609,0.8745,0.136641,0.355266,82.5409
sunlamp/images/img002277.jpg,sunlamp,3,17320,3,43401,-0.33577,-0.387427,0.232456,0.826512,137.936
sunlamp/images/img002280.jpg,sunlamp,3,74030,1,70563,0.297951,0.866766,0.189605,0.352124,113.128
sunlamp/images/img002286.jpg,sunlamp,2,25146,1,52411,0.188502,0.861723,-0.403933,0.24236,133.258
sunlamp/images/img002289.jpg,sunlamp,1,23672,1,24331,-0.411464,0.774521,0.314649,-0.363057,43.1586
sunlamp/images/img002294.jpg,sunlamp,3,66423,1,60545,-0.510678,0.778177,0.024318,0.36477,71.7911
sunlamp/images/img002298.jpg,sunlamp,0,52346,2,61575,-0.0280056,0.140028,0.896179,0.420084,178.542
sunlamp/images/img002299.jpg,sunlamp,3,07142,3,03671,-0.23434,-0.0781133,-0.494718,0.833209,38.8824
sunlamp/images/img002303.jpg,sunlamp,1,40275,1,70661,0.0810219,0.864234,0.351095,0.351095,121.575
sunlamp/images/img002307.jpg,sunlamp,0,11700,1,47142,-0.17063,0.780024,-0.316885,0.511891,160.432
sunlamp/images/img002310.jpg,sunlamp,3,65713,2,60531,-0.451292,0.132733,0.849491,0.238919,87.2852
sunlamp/images/img002315.jpg,sunlamp,0,61222,1,52651,0.194821,0.890609,-0.194821,0.36181,147.456
sunlamp/images/img002317.jpg,sunlamp,2,10472,1,43571,-0.0275764,0.882444,-0.30334,0.358493,60.2568
sunlamp/images/img002318.jpg,sunlamp,3,25255,3,07506,-0.196657,-0.36522,-0.140469,0.899004,71.2721
sunlamp/images/img002321.jpg,sunlamp,1,16530,1,70501,0.314029,0.91354,0.0285481,0.256933,65.0367
sunlamp/images/img002324.jpg,sunlamp,0,45573,0,41443,0.681778,-0.276972,-0.617861,0.276972,47.8881
sunlamp/images/img002325.jpg,sunlamp,0,16032,1,52523,0.304267,0.88514,-0.248946,0.248946,139.788
sunlamp/images/img002332.jpg,sunlamp,1,42106,1,70562,0.247436,0.879772,0.19245,0.357407,117.723
sunlamp/images/img002338.jpg,sunlamp,2,30142,2,11266,0.360237,-0.360237,0.678094,-0.529761,53.8231
sunlamp/images/img002341.jpg,sunlamp,1,43300,1,61151,-0.030846,0.987072,0.030846,0.15423,36.3786
sunlamp/images/img002343.jpg,sunlamp,0,01270,3,52433,0.199189,-0.2561,0.2561,0.910577,128.632
sunlamp/images/img002344.jpg,sunlamp,2,27650,2,16547,0.30334,-0.358493,0.882444,-0.0275764,136.193
sunlamp/images/img002347.jpg,sunlamp,0,60545,1,52524,0.245222,0.871899,-0.299715,0.299715,162.375
sunlamp/images/img002352.jpg,sunlamp,3,13443,1,52563,0.294514,0.856767,-0.240966,0.348062,150.931
sunlamp/images/img002353.jpg,sunlamp,3,24100,1,07601,-0.36181,0.890609,-0.194821,-0.194821,164.699
sunlamp/images/img002359.jpg,sunlamp,3,30603,3,03223,-0.28004,-0.0215415,-0.667787,0.689329,56.2011
sunlamp/images/img002361.jpg,sunlamp,1,74027,1,43502,-0.19245,0.879772,-0.357407,0.247436,73.8684
sunlamp/images/img002364.jpg,sunlamp,1,01356,1,05616,-0.27406,0.797264,-0.523205,-0.124573,54.773
sunlamp/images/img002367.jpg,sunlamp,0,65237,1,52524,0.245222,0.871899,-0.299715,0.299715,177.588
sunlamp/images/img002368.jpg,sunlamp,1,63662,1,62141,-0.497888,0.758686,0.403052,0.118545,40.2185
sunlamp/images/img002375.jpg,sunlamp,2,34746,2,52522,0.252845,-0.252845,0.899004,0.252845,76.6518
sunlamp/images/img002377.jpg,sunlamp,3,61416,3,07471,-0.2561,-0.313011,-0.0853666,0.910577,62.6127
sunlamp/images/img002379.jpg,sunlamp,0,72054,0,71065,0.837765,0.497423,0.130901,0.183261,55.7737
sunlamp/images/img002380.jpg,sunlamp,0,42134,2,43555,-0.0260378,-0.390567,0.833209,0.390567,174.495
sunlamp/images/img002384.jpg,sunlamp,2,65332,2,61605,-0.348062,0.240966,0.856767,0.294514,41.0846
sunlamp/images/img002385.jpg,sunlamp,0,47221,3,52344,0.259483,-0.20182,0.20182,0.922608,96.0555
sunlamp/images/img002386.jpg,sunlamp,0,71302,0,15676,0.763856,0.50128,-0.405798,-0.0238705,80.5489
sunlamp/images/img002389.jpg,sunlamp,3,62101,0,52404,0.864234,0.0270073,-0.40511,0.29708,155.205
sunlamp/images/img002395.jpg,sunlamp,1,20564,1,60574,-0.469888,0.791391,0.123655,0.370965,90.1548
sunlamp/images/img002399.jpg,sunlamp,2,06723,1,56341,0.272041,0.791391,-0.173117,0.51935,133.115
sunlamp/images/img002403.jpg,sunlamp,2,15376,2,41635,-0.22592,-0.476942,0.80327,0.276124,115.483
sunlamp/images/img002404.jpg,sunlamp,2,73245,1,41677,-0.223676,0.795292,-0.422499,0.372793,166.589
sunlamp/images/img002408.jpg,sunlamp,3,61210,1,52503,0.294514,0.856767,-0.348062,0.240966,142.985
sunlamp/images/img002410.jpg,sunlamp,0,62121,2,07066,-0.399326,-0.239596,0.851896,-0.239596,154.685
sunlamp/images/img002412.jpg,sunlamp,1,42564,3,47512,-0.0701862,-0.30414,0.584885,0.748653,171.025
sunlamp/images/img002414.jpg,sunlamp,0,74272,2,51373,0.646535,-0.354552,0.667391,0.10428,80.4208
sunlamp/images/img002415.jpg,sunlamp,2,55641,2,06615,-0.602279,-0.168638,0.770916,-0.120456,147.846
sunlamp/images/img002416.jpg,sunlamp,0,22233,3,41642,-0.347898,-0.487057,0.301511,0.742182,156.275
sunlamp/images/img002417.jpg,sunlamp,1,41546,1,41721,-0.129488,0.828726,-0.492056,0.233079,23.5815
sunlamp/images/img002418.jpg,sunlamp,3,70331,3,07501,-0.137464,-0.412393,-0.19245,0.879772,113.678
sunlamp/images/img002420.jpg,sunlamp,0,21272,0,71542,0.748653,0.584885,0.0701862,0.30414,154.644
sunlamp/images/img002421.jpg,sunlamp,2,70300,1,52522,0.252845,0.899004,-0.252845,0.252845,169.796
sunlamp/images/img002422.jpg,sunlamp,3,22727,3,11662,0.383697,-0.383697,-0.428838,0.722254,154.169
sunlamp/images/img002423.jpg,sunlamp,2,55234,1,07254,-0.308062,0.896179,-0.196039,-0.25205,86.4404
sunlamp/images/img002425.jpg,sunlamp,3,34443,3,03773,-0.0268511,-0.0268511,-0.510171,0.859235,53.4719
sunlamp/images/img002431.jpg,sunlamp,0,56641,3,43573,-0.0280056,-0.25205,0.364073,0.896179,121.178
sunlamp/images/img002432.jpg,sunlamp,1,61150,1,61177,-0.0298408,0.954905,0.208885,0.208885,20.0843
sunlamp/images/img002434.jpg,sunlamp,1,71343,1,52563,0.294514,0.856767,-0.240966,0.348062,74.735
sunlamp/images/img002435.jpg,sunlamp,0,04575,1,43647,-0.342224,0.842397,-0.131625,0.394874,120.859
sunlamp/images/img002444.jpg,sunlamp,3,44225,1,41562,-0.162004,0.74059,-0.578586,0.300865,154.078
sunlamp/images/img002447.jpg,sunlamp,2,52422,2,07570,-0.0879694,-0.322554,0.93834,-0.0879694,44.6743
sunlamp/images/img002454.jpg,sunlamp,1,71650,1,52573,0.387427,0.826512,-0.232456,0.33577,56.3285
sunlamp/images/img002458.jpg,sunlamp,0,21465,3,52370,0.371126,-0.0856444,0.142741,0.91354,174.47
sunlamp/images/img002459.jpg,sunlamp,3,14366,3,07502,-0.194821,-0.36181,-0.194821,0.890609,50.1958
sunlamp/images/img002464.jpg,sunlamp,0,47026,3,43504,-0.185826,-0.398199,0.292013,0.849491,142.825
sunlamp/images/img002472.jpg,sunlamp,3,62702,1,52675,0.193624,0.88514,-0.0829819,0.41491,97.1338
sunlamp/images/img002475.jpg,sunlamp,2,56304,2,52516,0.337577,-0.337577,0.830959,0.285642,32.7153
sunlamp/images/img002477.jpg,sunlamp,2,50206,2,16674,0.153646,-0.0921878,0.983336,-0.0307293,60.9053
sunlamp/images/img002478.jpg,sunlamp,2,25034,2,16727,0.321451,-0.0292228,0.935129,-0.146114,77.591
sunlamp/images/img002480.jpg,sunlamp,0,25052,3,43433,-0.252845,-0.252845,0.252845,0.899004,132.322
sunlamp/images/img002481.jpg,sunlamp,1,04512,1,52441,0.0794162,0.847106,-0.397081,0.344137,88.0913
sunlamp/images/img002482.jpg,sunlamp,2,36065,1,52402,0.0280056,0.896179,-0.364073,0.25205,165.089
sunlamp/images/img002485.jpg,sunlamp,3,04706,3,43506,-0.189605,-0.352124,0.297951,0.866766,64.8776
sunlamp/images/img002486.jpg,sunlamp,0,52235,2,61377,-0.0277457,0.416185,0.887862,0.19422,179.653
sunlamp/images/img002487.jpg,sunlamp,1,04312,1,52462,0.0280056,0.896179,-0.25205,0.364073,104.603
sunlamp/images/img002488.jpg,sunlamp,1,66361,1,04341,-0.45663,0.695817,-0.500118,-0.239187,153.47
sunlamp/images/img002491.jpg,sunlamp,1,36075,2,70502,0.260351,0.0867835,0.925691,0.260351,111.403
sunlamp/images/img002493.jpg,sunlamp,3,31402,3,03263,-0.296452,-0.022804,-0.615707,0.729727,82.3369
sunlamp/images/img002496.jpg,sunlamp,2,17120,1,16333,0.390567,0.833209,-0.0260378,-0.390567,164.266
sunlamp/images/img002497.jpg,sunlamp,0,67137,0,16074,0.904735,0.141365,-0.311003,-0.254457,132.285
sunlamp/images/img002498.jpg,sunlamp,1,14024,1,52561,0.29038,0.844742,-0.29038,0.343176,91.4598
sunlamp/images/img002502.jpg,sunlamp,2,65133,1,61611,-0.252845,0.899004,0.252845,0.252845,116.798
sunlamp/images/img002504.jpg,sunlamp,2,40301,1,74032,0.134255,0.859235,0.187958,0.456468,136.872
sunlamp/images/img002508.jpg,sunlamp,2,32636,1,37461,0.443543,0.74702,0.490232,-0.0700331,62.6315
sunlamp/images/img002510.jpg,sunlamp,3,43164,3,41732,-0.0800926,-0.453858,0.240278,0.854321,27.13
sunlamp/images/img002513.jpg,sunlamp,1,56063,1,43501,-0.135831,0.869321,-0.407494,0.244497,47.2084
sunlamp/images/img002515.jpg,sunlamp,3,07550,1,07503,-0.140469,0.899004,-0.36522,-0.196657,120.783
sunlamp/images/img002524.jpg,sunlamp,3,43574,1,41677,-0.223676,0.795292,-0.422499,0.372793,176.069
sunlamp/images/img002525.jpg,sunlamp,3,36545,1,52563,0.294514,0.856767,-0.240966,0.348062,77.1473
sunlamp/images/img002528.jpg,sunlamp,1,25305,1,70502,0.260351,0.925691,0.0867835,0.260351,91.1567
sunlamp/images/img002529.jpg,sunlamp,1,27205,2,25746,-0.202495,0.318206,0.925691,-0.0289278,72.1718
sunlamp/images/img002530.jpg,sunlamp,1,70006,1,61171,-0.0304997,0.975991,0.152499,0.152499,10.9461
sunlamp/images/img002538.jpg,sunlamp,1,12633,1,16513,0.39163,0.835478,-0.339413,-0.182761,64.5305
sunlamp/images/img002540.jpg,sunlamp,0,55033,3,03131,-0.0217855,-0.239641,-0.675351,0.697136,124.538
sunlamp/images/img002542.jpg,sunlamp,3,07772,1,52074,0.143208,0.916533,-0.315058,0.200492,159.608
sunlamp/images/img002546.jpg,sunlamp,0,65537,3,43161,-0.144639,-0.318206,0.144639,0.925691,118.889
sunlamp/images/img002548.jpg,sunlamp,2,17274,1,21631,-0.211955,0.753619,0.306158,-0.541664,156.698
sunlamp/images/img002550.jpg,sunlamp,2,77031,1,71644,0.422499,0.795292,0.223676,0.372793,68.5961
sunlamp/images/img002551.jpg,sunlamp,0,61461,0,63025,0.789462,-0.320719,0.518084,0.0740121,58.8263
sunlamp/images/img002552.jpg,sunlamp,3,15644,1,25672,-0.296217,0.861723,0.403933,-0.0807866,99.8034
sunlamp/images/img002553.jpg,sunlamp,0,16206,3,52533,0.399326,-0.239596,0.239596,0.851896,179.57
sunlamp/images/img002555.jpg,sunlamp,3,77306,1,10717,0.324937,0.6932,-0.454912,-0.454912,171.441
sunlamp/images/img002559.jpg,sunlamp,0,13072,3,25074,-0.311003,0.141365,-0.254457,0.904735,106.467
sunlamp/images/img002561.jpg,sunlamp,3,26151,3,21633,-0.208739,0.347898,-0.533443,0.742182,35.8529
sunlamp/images/img002562.jpg,sunlamp,2,06531,2,16562,0.260351,-0.260351,0.925691,-0.0867835,83.2752
sunlamp/images/img002563.jpg,sunlamp,1,05573,1,52412,0.138728,0.887862,-0.360694,0.249711,53.0138
sunlamp/images/img002566.jpg,sunlamp,1,70032,2,70611,0.199189,0.2561,0.910577,0.2561,121.073
sunlamp/images/img002569.jpg,sunlamp,1,07326,1,61542,-0.197911,0.904735,0.0848189,0.367549,87.4493
sunlamp/images/img002577.jpg,sunlamp,0,14305,0,16616,0.965275,0.150824,-0.150824,-0.150824,56.7915
sunlamp/images/img002579.jpg,sunlamp,0,05731,2,07631,-0.263908,-0.0879694,0.93834,-0.205262,98.5241
sunlamp/images/img002581.jpg,sunlamp,3,70537,1,70573,0.39163,0.835478,0.182761,0.339413,100.79
sunlamp/images/img002584.jpg,sunlamp,3,26477,3,40131,-0.37611,-0.597351,0.0221241,0.707972,131.901
sunlamp/images/img002587.jpg,sunlamp,3,61467,3,61171,-0.0304997,0.152499,0.152499,0.975991,47.7284
sunlamp/images/img002589.jpg,sunlamp,1,25313,1,43542,-0.186352,0.851896,-0.346083,0.346083,119.925
sunlamp/images/img002592.jpg,sunlamp,0,36115,1,05776,-0.0824786,0.879772,-0.467379,-0.0274929,174.78
sunlamp/images/img002593.jpg,sunlamp,1,23703,1,05732,-0.0810219,0.864234,-0.459124,-0.189051,130.119
sunlamp/images/img002596.jpg,sunlamp,0,67524,2,16527,0.311003,-0.254457,0.904735,-0.141365,112.437
sunlamp/images/img002597.jpg,sunlamp,0,03213,1,15272,0.484974,0.739008,-0.392598,-0.254034,132.013
sunlamp/images/img002598.jpg,sunlamp,0,40031,1,34164,0.258625,0.919555,0.143681,-0.258625,133.621
sunlamp/images/img002599.jpg,sunlamp,0,50625,1,07334,-0.0862083,0.919555,-0.0862083,-0.373569,173.269
sunlamp/images/img002600.jpg,sunlamp,2,24560,2,24523,-0.531178,0.177059,0.809414,-0.177059,13.4334
sunlamp/images/img002602.jpg,sunlamp,3,42330,3,52503,0.294514,-0.348062,0.240966,0.856767,100.543
sunlamp/images/img002606.jpg,sunlamp,3,21451,1,07475,-0.256933,0.91354,-0.314029,-0.0285481,155.007
sunlamp/images/img002612.jpg,sunlamp,0,27557,2,05571,-0.0238163,-0.643039,0.762121,-0.0714488,133.058
sunlamp/images/img002613.jpg,sunlamp,3,61207,3,52263,0.0921878,-0.0307293,0.153646,0.983336,66.7269
sunlamp/images/img002623.jpg,sunlamp,2,61756,1,61500,-0.205971,0.941584,0.0294245,0.26482,128.309
sunlamp/images/img002630.jpg,sunlamp,3,70425,2,43522,-0.199189,-0.2561,0.910577,0.2561,127.339
sunlamp/images/img002631.jpg,sunlamp,0,24165,3,47030,-0.278951,-0.278951,0.431106,0.811493,155.158
sunlamp/images/img002632.jpg,sunlamp,1,34532,1,52111,0.390567,0.833209,-0.390567,0.0260378,70.827
sunlamp/images/img002636.jpg,sunlamp,0,40706,1,41667,-0.314649,0.774521,-0.411464,0.363057,142.323
sunlamp/images/img002641.jpg,sunlamp,2,63442,1,60737,-0.417374,0.785646,0.368271,0.270066,58.4554
sunlamp/images/img002649.jpg,sunlamp,3,34544,3,52275,0.208145,-0.0892052,0.208145,0.951522,32.5583
sunlamp/images/img002652.jpg,sunlamp,3,47000,1,05374,-0.0781133,0.833209,-0.494718,-0.23434,101.526
sunlamp/images/img002655.jpg,sunlamp,0,05355,2,16533,0.403933,-0.24236,0.861723,-0.188502,164.632
sunlamp/images/img002656.jpg,sunlamp,1,56162,1,25062,-0.398199,0.849491,0.185826,-0.292013,132.695
sunlamp/images/img002668.jpg,sunlamp,0,23577,2,01573,-0.0222994,-0.557486,0.713582,-0.423689,115.051
sunlamp/images/img002669.jpg,sunlamp,2,06174,2,16534,0.355266,-0.300609,0.8745,-0.136641,98.6474
sunlamp/images/img002670.jpg,sunlamp,3,00234,3,01374,-0.0667657,-0.422849,-0.55638,0.712167,52.7318
sunlamp/images/img002673.jpg,sunlamp,2,34521,2,16705,0.315058,-0.200492,0.916533,-0.143208,41.9129
sunlamp/images/img002674.jpg,sunlamp,2,52542,2,52563,0.294514,-0.240966,0.856767,0.348062,15.6587
sunlamp/images/img002675.jpg,sunlamp,2,45262,1,16342,0.254457,0.904735,-0.141365,-0.311003,93.6472
sunlamp/images/img002676.jpg,sunlamp,1,61365,1,61502,-0.205262,0.93834,0.0879694,0.263908,34.9173
sunlamp/images/img002678.jpg,sunlamp,1,52642,1,52242,0.0304997,0.975991,-0.152499,0.152499,23.7742
sunlamp/images/img002681.jpg,sunlamp,0,12344,3,43203,-0.372342,-0.143208,0.0286417,0.916533,62.8537
sunlamp/images/img002685.jpg,sunlamp,3,55231,3,52744,0.24236,-0.188502,0.403933,0.861723,44.9636
sunlamp/images/img002686.jpg,sunlamp,0,34563,1,52562,0.244497,0.869321,-0.244497,0.353162,129.744
sunlamp/images/img002687.jpg,sunlamp,1,60142,1,60515,-0.448769,0.844742,0.0263982,0.29038,26.8982
sunlamp/images/img002688.jpg,sunlamp,2,45352,1,06531,-0.441447,0.830959,-0.285642,-0.181772,95.5916
sunlamp/images/img002689.jpg,sunlamp,3,77107,3,13673,0.525586,-0.0228515,-0.434179,0.73125,107.541
sunlamp/images/img002691.jpg,sunlamp,1,20144,1,44333,-0.390934,0.735875,-0.390934,0.390934,124.897
sunlamp/images/img002692.jpg,sunlamp,3,23413,3,03262,-0.337185,-0.022479,-0.606933,0.719328,55.0093
sunlamp/images/img002695.jpg,sunlamp,1,34435,1,70611,0.199189,0.910577,0.2561,0.2561,47.5318
sunlamp/images/img002698.jpg,sunlamp,0,21260,0,70563,0.866766,0.297951,0.189605,0.352124,139.366
sunlamp/images/img002702.jpg,sunlamp,2,02320,1,04333,-0.397722,0.748653,-0.397722,-0.350931,169.441
sunlamp/images/img002704.jpg,sunlamp,2,53361,1,07334,-0.0862083,0.919555,-0.0862083,-0.373569,153.295
sunlamp/images/img002705.jpg,sunlamp,1,14706,1,70274,0.140469,0.899004,0.36522,0.196657,114.94
sunlamp/images/img002706.jpg,sunlamp,2,46576,2,07061,-0.343176,-0.29038,0.844742,-0.29038,113.636
sunlamp/images/img002707.jpg,sunlamp,0,61133,2,25561,-0.151934,0.151934,0.972379,-0.0911606,175.176
sunlamp/images/img002712.jpg,sunlamp,3,43104,3,43015,-0.245953,-0.409922,0.0819844,0.8745,4.08154
sunlamp/images/img002716.jpg,sunlamp,3,25067,1,07574,-0.0882735,0.941584,-0.323669,-0.0294245,149.184
sunlamp/images/img002717.jpg,sunlamp,1,16466,1,70027,0.0908257,0.968808,0.211927,0.0908257,54.5819
sunlamp/images/img002718.jpg,sunlamp,1,32541,1,71604,0.43676,0.822136,0.231226,0.282609,91.5351
sunlamp/images/img002719.jpg,sunlamp,2,30704,1,53061,0.485586,0.817829,-0.281129,0.127786,179.968
sunlamp/images/img002720.jpg,sunlamp,0,47161,1,52573,0.387427,0.826512,-0.232456,0.33577,128.746
sunlamp/images/img002721.jpg,sunlamp,2,25057,1,43741,-0.140469,0.899004,-0.196657,0.36522,158.773
sunlamp/images/img002722.jpg,sunlamp,1,16111,1,70577,0.384363,0.819974,0.179369,0.384363,110.506
sunlamp/images/img002724.jpg,sunlamp,0,56404,3,42572,-0.469888,-0.222579,0.321503,0.791391,176.906
sunlamp/images/img002725.jpg,sunlamp,1,07477,1,52222,0.0312043,0.998538,-0.0312043,0.0312043,44.1703
sunlamp/images/img002732.jpg,sunlamp,1,52640,1,43503,-0.138728,0.887862,-0.360694,0.249711,29.3211
sunlamp/images/img002733.jpg,sunlamp,3,56430,2,52533,0.399326,-0.239596,0.851896,0.239596,74.0688
sunlamp/images/img002736.jpg,sunlamp,2,30524,2,01576,-0.0679889,-0.566575,0.725215,-0.385271,92.0166
sunlamp/images/img002737.jpg,sunlamp,2,12001,1,01734,-0.0700331,0.74702,-0.443543,-0.490232,154.114
sunlamp/images/img002739.jpg,sunlamp,2,74016,2,52543,0.285642,-0.337577,0.830959,0.337577,53.342
sunlamp/images/img002740.jpg,sunlamp,1,20023,1,16222,0.028273,0.904735,-0.028273,-0.424094,81.4289
sunlamp/images/img002741.jpg,sunlamp,0,11743,1,47077,-0.217325,0.772712,-0.217325,0.555387,162.981
sunlamp/images/img002743.jpg,sunlamp,0,52503,2,17202,0.430001,-0.126471,0.809414,-0.379413,173.881
sunlamp/images/img002746.jpg,sunlamp,1,47243,1,16222,0.028273,0.904735,-0.028273,-0.424094,123.032
sunlamp/images/img002749.jpg,sunlamp,1,14676,1,52002,0.0289278,0.925691,-0.376062,0.0289278,16.229
sunlamp/images/img002750.jpg,sunlamp,2,05172,1,41712,-0.0760775,0.811493,-0.532542,0.228232,38.9292
sunlamp/images/img002756.jpg,sunlamp,1,33451,1,56141,0.258484,0.751953,-0.352478,0.493469,143.908
sunlamp/images/img002762.jpg,sunlamp,1,15626,1,52573,0.387427,0.826512,-0.232456,0.33577,56.3867
sunlamp/images/img002765.jpg,sunlamp,2,71242,2,70510,0.364073,0.0280056,0.896179,0.25205,37.9914
sunlamp/images/img002767.jpg,sunlamp,2,36502,2,50252,0.128459,-0.539527,0.822136,0.128459,130.649
sunlamp/images/img002768.jpg,sunlamp,2,17346,1,47102,-0.1789,0.817829,-0.332243,0.434472,111.668
sunlamp/images/img002769.jpg,sunlamp,3,27203,1,41667,-0.314649,0.774521,-0.411464,0.363057,46.2198
sunlamp/images/img002773.jpg,sunlamp,3,45203,3,41272,-0.287982,-0.445063,0.130901,0.837765,31.0795
sunlamp/images/img002774.jpg,sunlamp,1,64103,1,52562,0.244497,0.869321,-0.244497,0.353162,97.1966
sunlamp/images/img002776.jpg,sunlamp,0,37067,3,03516,-0.0740121,-0.320719,-0.518084,0.789462,102.424
sunlamp/images/img002777.jpg,sunlamp,1,23600,1,41572,-0.0701862,0.748653,-0.584885,0.30414,171.778
sunlamp/images/img002778.jpg,sunlamp,3,01277,1,05635,-0.233079,0.828726,-0.492056,-0.129488,169.249
sunlamp/images/img002780.jpg,sunlamp,0,00772,1,06301,-0.503581,0.767362,-0.16786,-0.359701,122.005
sunlamp/images/img002781.jpg,sunlamp,3,43735,3,52671,0.197911,-0.0848189,0.367549,0.904735,23.6648
sunlamp/images/img002782.jpg,sunlamp,3,02755,3,07601,-0.36181,-0.194821,-0.194821,0.890609,27.9521
sunlamp/images/img002783.jpg,sunlamp,1,52474,1,43502,-0.19245,0.879772,-0.357407,0.247436,42.8337
sunlamp/images/img002787.jpg,sunlamp,0,07771,0,52220,0.994672,0.0310835,-0.0932505,0.0310835,16.9711
sunlamp/images/img002788.jpg,sunlamp,1,41117,1,52412,0.138728,0.887862,-0.360694,0.249711,49.4399
