image_relpath,domain,chart_gt,path_gt,chart_pred,path_pred,q_pred_w,q_pred_x,q_pred_y,q_pred_z,err_deg
synthetic/images/img000014.jpg,synthetic_val,1,46211,1,46314,-0.448458,0.755297,-0.165221,0.448458,14.8182
synthetic/images/img000022.jpg,synthetic_val,2,30413,2,30431,0.173542,0.123958,0.793334,-0.570209,4.70029
synthetic/images/img000026.jpg,synthetic_val,0,56625,0,74401,0.785646,0.0736543,0.0245514,0.613786,9.78142
synthetic/images/img000033.jpg,synthetic_val,3,61442,3,61450,-0.30334,0.0275764,0.358493,0.882444,11.8456
synthetic/images/img000088.jpg,synthetic_val,1,37541,1,37145,0.585988,0.694504,0.368955,-0.195329,15.3363
synthetic/images/img000132.jpg,synthetic_val,1,53161,1,53160,0.590076,0.755297,-0.259633,0.118015,5.48292
synthetic/images/img000139.jpg,synthetic_val,1,05217,1,05346,-0.175274,0.801253,-0.525822,-0.225352,13.2258
synthetic/images/img000200.jpg,synthetic_val,1,35045,1,35066,0.447523,0.842397,0.184274,-0.236924,18.629
synthetic/images/img000209.jpg,synthetic_val,0,61577,0,61751,0.896179,-0.0280056,0.25205,0.364073,12.0411
synthetic/images/img000228.jpg,synthetic_val,0,12451,0,10656,0.758686,0.118545,-0.497888,-0.403052,18.4257
synthetic/images/img000230.jpg,synthetic_val,3,05714,3,05511,-0.0221676,-0.687194,-0.155173,0.709362,19.7803
synthetic/images/img000282.jpg,synthetic_val,0,37502,0,37063,0.709362,0.421184,0.509854,-0.243843,18.8797
synthetic/images/img000343.jpg,synthetic_val,1,25773,1,25731,-0.0283638,0.907642,0.368729,-0.198547,16.451
synthetic/images/img000344.jpg,synthetic_val,3,65542,3,65554,-0.067166,0.0223887,0.694049,0.716438,13.1662
synthetic/images/img000435.jpg,synthetic_val,0,03030,0,03041,0.690612,-0.280561,-0.323724,-0.582704,13.5319
synthetic/images/img000448.jpg,synthetic_val,2,34402,2,34431,0.206689,0.147635,0.944862,-0.206689,19.119
synthetic/images/img000462.jpg,synthetic_val,2,14347,2,14342,0.220432,-0.514341,0.783758,-0.269417,6.74004
synthetic/images/img000482.jpg,synthetic_val,2,35200,2,34343,0.295362,0.295362,0.859235,-0.295362,18.7889
synthetic/images/img000507.jpg,synthetic_val,2,25675,2,25675,-0.25205,0.364073,0.896179,-0.0280056,3.24556
synthetic/images/img000523.jpg,synthetic_val,1,71405,1,71407,0.488143,0.822136,0.0770752,0.282609,3.95534
synthetic/images/img000524.jpg,synthetic_val,3,43200,3,43033,-0.261226,-0.261226,0.0290252,0.928805,21.1775
synthetic/images/img000533.jpg,synthetic_val,2,21526,2,17400,0.426737,-0.376533,0.80327,-0.175715,106.801
synthetic/images/img000637.jpg,synthetic_val,0,14423,0,14460,0.762121,0.0238163,-0.643039,-0.0714488,12.722
synthetic/images/img000655.jpg,synthetic_val,2,43635,2,43364,-0.208145,-0.0892052,0.951522,0.208145,11.8947
synthetic/images/img000669.jpg,synthetic_val,3,23333,1,14777,0.38236,0.8157,-0.433341,-0.0254906,91.1312
synthetic/images/img000741.jpg,synthetic_val,3,43352,3,53023,0.496065,-0.234978,0.0261087,0.835478,75.3764
synthetic/images/img000753.jpg,synthetic_val,3,07511,3,16062,0.0285481,-0.256933,-0.314029,0.91354,24.4835
synthetic/images/img000782.jpg,synthetic_val,1,35306,1,35322,0.545675,0.698464,0.327405,-0.327405,9.41193
synthetic/images/img000857.jpg,synthetic_val,2,34612,2,34613,0.198547,0.312002,0.907642,-0.198547,6.64341
synthetic/images/img000907.jpg,synthetic_val,3,15540,3,15251,0.490028,-0.490028,-0.234361,0.681778,25.4745
synthetic/images/img000915.jpg,synthetic_val,3,53030,3,53205,0.500173,-0.184274,0.0789747,0.842397,11.9221
synthetic/images/img000990.jpg,synthetic_val,3,16300,3,16342,0.254457,-0.141365,-0.311003,0.904735,14.1299
synthetic/images/img000991.jpg,synthetic_val,2,52360,2,52255,0.204559,-0.204559,0.935129,0.204559,14.797
synthetic/images/img001002.jpg,synthetic_val,2,52316,2,16743,0.320358,-0.145617,0.931951,-0.0873704,17.1505
synthetic/images/img001047.jpg,synthetic_val,0,70533,0,70135,0.893381,0.418772,0.139591,0.0837545,18.1805
synthetic/images/img001069.jpg,synthetic_val,0,70335,0,70273,0.879772,0.19245,0.412393,0.137464,24.2245
synthetic/images/img001193.jpg,synthetic_val,0,36313,3,36136,0.298949,0.52891,-0.298949,0.735875,173.876
synthetic/images/img001244.jpg,synthetic_val,0,14466,0,05577,0.787547,-0.0246108,-0.615271,-0.0246108,4.64233
synthetic/images/img001262.jpg,synthetic_val,1,25422,1,25017,-0.251263,0.893381,0.0837545,-0.362936,30.6836
synthetic/images/img001290.jpg,synthetic_val,1,36564,1,72102,0.234978,0.835478,0.496065,0.0261087,7.55834
synthetic/images/img001291.jpg,synthetic_val,3,06572,3,06474,-0.623538,-0.254034,-0.023094,0.739008,18.8005
synthetic/images/img001292.jpg,synthetic_val,0,06523,0,06711,0.851896,-0.45257,-0.186352,-0.186352,10.856
synthetic/images/img001322.jpg,synthetic_val,3,37304,3,37217,0.464575,0.545371,-0.262586,0.646366,8.41658
synthetic/images/img001362.jpg,synthetic_val,1,25057,1,25147,-0.148152,0.948174,0.0888913,-0.266674,11.6327
synthetic/images/img001371.jpg,synthetic_val,3,16756,3,12772,0.329669,-0.0253592,-0.481824,0.811493,54.7269
synthetic/images/img001443.jpg,synthetic_val,2,21627,2,70722,0.239596,0.399326,0.851896,0.239596,110.004
synthetic/images/img001487.jpg,synthetic_val,1,06711,1,06714,-0.497423,0.837765,-0.183261,-0.130901,8.46476
synthetic/images/img001513.jpg,synthetic_val,3,40345,3,40314,-0.433275,-0.524491,0.0684119,0.729727,11.2307
synthetic/images/img001522.jpg,synthetic_val,3,33144,3,33051,0.453604,0.335272,-0.532492,0.631101,6.16505
synthetic/images/img001552.jpg,synthetic_val,2,17344,1,74023,0.0810219,0.864234,0.189051,0.459124,175.967
synthetic/images/img001554.jpg,synthetic_val,3,25064,3,21741,-0.129488,0.233079,-0.492056,0.828726,47.6846
synthetic/images/img001564.jpg,synthetic_val,0,47742,0,47504,0.71076,-0.155479,-0.333169,0.599704,27.046
synthetic/images/img001567.jpg,synthetic_val,0,54135,3,12575,0.368271,-0.270066,-0.417374,0.785646,88.4603
synthetic/images/img001588.jpg,synthetic_val,3,65153,3,65156,-0.0756891,0.0756891,0.580283,0.80735,5.57437
synthetic/images/img001589.jpg,synthetic_val,0,75446,3,75533,0.601177,0.13575,0.48482,0.62057,54.164
synthetic/images/img001621.jpg,synthetic_val,2,16703,2,16530,0.352124,-0.297951,0.866766,-0.189605,15.722
synthetic/images/img001664.jpg,synthetic_val,2,23150,1,30716,0.310316,0.763856,0.262575,-0.50128,82.7668
synthetic/images/img001665.jpg,synthetic_val,3,14024,0,20666,0.640128,-0.620124,0.30006,-0.340068,171.534
synthetic/images/img001692.jpg,synthetic_val,2,75757,3,76570,0.26131,0.422116,0.582922,0.643224,46.1672
synthetic/images/img001733.jpg,synthetic_val,3,57026,3,57031,0.51912,-0.248275,0.383697,0.722254,17.9622
synthetic/images/img001747.jpg,synthetic_val,0,42540,0,46000,0.640128,-0.620124,-0.30006,0.340068,15.786
synthetic/images/img001785.jpg,synthetic_val,0,14333,0,17402,0.817829,0.434472,-0.332243,-0.1789,22.8469
synthetic/images/img001786.jpg,synthetic_val,1,10576,1,14212,0.120736,0.772712,-0.507093,-0.362209,20.4241
synthetic/images/img001848.jpg,synthetic_val,2,32401,2,32066,0.0214226,0.492719,0.685522,-0.535564,13.9176
synthetic/images/img001891.jpg,synthetic_val,0,25522,0,25165,0.941584,-0.147122,0.147122,-0.26482,10.4787
synthetic/images/img001935.jpg,synthetic_val,2,53627,2,75011,0.535754,0.0232936,0.745396,0.395992,16.5803
synthetic/images/img001937.jpg,synthetic_val,2,20433,2,20470,-0.583792,0.10811,0.691902,-0.410817,11.985
synthetic/images/img001953.jpg,synthetic_val,0,52142,0,52112,0.866766,0.352124,-0.352124,0.0270864,17.0446
synthetic/images/img002019.jpg,synthetic_val,0,15441,2,11077,0.434426,-0.472203,0.604419,-0.472203,151.242
synthetic/images/img002040.jpg,synthetic_val,2,05657,2,05431,-0.207404,-0.622212,0.737437,-0.161314,19.6755
synthetic/images/img002111.jpg,synthetic_val,2,33260,2,33621,0.361987,0.552506,0.609662,-0.438195,8.26843
synthetic/images/img002128.jpg,synthetic_val,3,47036,3,47340,-0.177059,-0.177059,0.531178,0.809414,14.1262
synthetic/images/img002184.jpg,synthetic_val,1,56314,1,56133,0.372793,0.795292,-0.223676,0.422499,9.17395
synthetic/images/img002210.jpg,synthetic_val,3,33112,0,33251,0.593509,0.426585,0.463679,-0.500773,170.805
synthetic/images/img002261.jpg,synthetic_val,0,03717,0,03723,0.805302,-0.125828,-0.0251657,-0.578811,18.0234
synthetic/images/img002317.jpg,synthetic_val,3,06671,3,04776,-0.464244,-0.415376,-0.0244339,0.781884,44.4096
synthetic/images/img002513.jpg,synthetic_val,2,43374,2,53602,0.451292,-0.132733,0.849491,0.238919,66.362
synthetic/images/img002526.jpg,synthetic_val,1,10522,1,10017,0.133364,0.609662,-0.552506,-0.552506,11.8859
synthetic/images/img002546.jpg,synthetic_val,0,21767,0,23506,0.739008,-0.161658,0.438786,-0.484974,11.2059
synthetic/images/img002607.jpg,synthetic_val,3,26406,3,26406,-0.636643,0.390201,-0.102684,0.65718,2.31636
synthetic/images/img002637.jpg,synthetic_val,3,75476,0,75425,0.691902,0.410817,0.10811,0.583792,75.9365
synthetic/images/img002681.jpg,synthetic_val,1,35424,1,35472,0.538108,0.819974,0.179369,-0.0768726,9.15032
synthetic/images/img002702.jpg,synthetic_val,1,44336,1,14052,0.111497,0.713582,-0.646684,-0.245294,106.16
synthetic/images/img002708.jpg,synthetic_val,0,67430,0,67415,0.694504,-0.195329,0.368955,0.585988,10.8614
synthetic/images/img002744.jpg,synthetic_val,0,22274,0,22627,0.559855,-0.507368,0.542359,-0.367405,8.79794
synthetic/images/img002756.jpg,synthetic_val,3,52435,3,52411,0.188502,-0.403933,0.24236,0.861723,15.5622
synthetic/images/img002786.jpg,synthetic_val,0,60047,0,00017,0.55445,-0.433164,-0.502471,-0.502471,108.393
synthetic/images/img002790.jpg,synthetic_val,3,07160,3,07520,-0.198547,-0.312002,-0.198547,0.907642,10.7624
synthetic/images/img002914.jpg,synthetic_val,0,30030,0,36071,0.791391,0.173117,0.51935,-0.272041,68.9294
synthetic/images/img003032.jpg,synthetic_val,0,72612,0,72601,0.767362,0.0719402,0.599501,0.215821,9.20483
synthetic/images/img003033.jpg,synthetic_val,1,35215,1,35202,0.417374,0.785646,0.270066,-0.368271,16.8757
synthetic/images/img003084.jpg,synthetic_val,0,54260,0,54207,0.74702,0.0700331,-0.490232,0.443543,7.75584
synthetic/images/img003123.jpg,synthetic_val,0,51566,0,55120,0.619639,0.484093,-0.52282,0.329183,4.71543
synthetic/images/img003138.jpg,synthetic_val,0,47035,2,45325,-0.118812,-0.451486,0.760398,0.451486,177.6
synthetic/images/img003139.jpg,synthetic_val,0,42237,0,65020,0.809414,-0.379413,0.126471,0.430001,50.9586
synthetic/images/img003170.jpg,synthetic_val,2,23576,1,14756,0.321503,0.791391,-0.51935,-0.024731,177.823
synthetic/images/img003285.jpg,synthetic_val,0,24341,0,24314,0.791391,-0.469888,0.222579,-0.321503,10.5035
synthetic/images/img003304.jpg,synthetic_val,0,13522,0,13522,0.673274,0.525995,-0.189358,-0.483916,2.03015
synthetic/images/img003328.jpg,synthetic_val,2,25340,2,24133,-0.426737,0.175715,0.80327,-0.376533,28.5432
synthetic/images/img003377.jpg,synthetic_val,3,56512,3,56503,0.249807,-0.295226,0.567742,0.72671,5.8813
synthetic/images/img003378.jpg,synthetic_val,3,61520,3,61750,-0.0837545,0.251263,0.362936,0.893381,25.3513
synthetic/images/img003401.jpg,synthetic_val,3,43731,3,43717,-0.0292228,-0.146114,0.321451,0.935129,9.21218
synthetic/images/img003584.jpg,synthetic_val,0,12027,0,12016,0.705215,0.11019,-0.286494,-0.639101,10.4725
synthetic/images/img003639.jpg,synthetic_val,1,40302,1,04657,-0.546718,0.699798,-0.459243,-0.0218687,7.20129
synthetic/images/img003649.jpg,synthetic_val,0,47236,0,74027,0.842397,0.0789747,0.184274,0.500173,45.6365
synthetic/images/img003707.jpg,synthetic_val,3,71601,3,71601,0.483068,0.228822,0.228822,0.813589,3.09171
synthetic/images/img003736.jpg,synthetic_val,3,50746,3,54233,0.172276,-0.418384,0.418384,0.787547,10.8282
synthetic/images/img003783.jpg,synthetic_val,3,42054,3,40276,-0.590455,-0.371768,0.153081,0.699798,3.44749
synthetic/images/img003795.jpg,synthetic_val,1,43471,1,43740,-0.194821,0.890609,-0.194821,0.36181,10.1717
synthetic/images/img003805.jpg,synthetic_val,3,24451,3,04777,-0.424602,-0.424602,-0.0249766,0.799251,56.9885
synthetic/images/img003830.jpg,synthetic_val,0,50374,0,50723,0.822136,0.282609,-0.43676,0.231226,5.28757
synthetic/images/img003864.jpg,synthetic_val,2,70261,2,70621,0.0837545,0.362936,0.893381,0.251263,10.6463
synthetic/images/img003870.jpg,synthetic_val,3,34032,3,16701,0.312002,-0.198547,-0.198547,0.907642,54.6096
synthetic/images/img003877.jpg,synthetic_val,3,14351,3,41372,-0.0817405,-0.463196,0.136234,0.871899,68.6856
synthetic/images/img003878.jpg,synthetic_val,0,06313,0,07242,0.856767,-0.40161,-0.13387,-0.294514,11.5476
synthetic/images/img003880.jpg,synthetic_val,2,40377,2,40153,-0.364184,-0.621254,0.685522,0.107113,29.1675
synthetic/images/img003901.jpg,synthetic_val,3,34251,3,34255,0.199189,0.2561,-0.2561,0.910577,5.29274
synthetic/images/img003987.jpg,synthetic_val,1,65624,0,63656,0.698464,-0.240097,0.589329,0.327405,178.201
synthetic/images/img004110.jpg,synthetic_val,0,02715,0,02746,0.74059,-0.532299,-0.115717,-0.393438,21.3183
synthetic/images/img004258.jpg,synthetic_val,1,02715,2,64171,-0.403052,0.118545,0.758686,0.497888,167.965
synthetic/images/img004429.jpg,synthetic_val,3,35702,3,35600,0.447523,0.236924,-0.184274,0.842397,19.2855
synthetic/images/img004489.jpg,synthetic_val,0,14460,0,14405,0.712167,0.0667657,-0.689912,-0.111276,11.644
synthetic/images/img004509.jpg,synthetic_val,2,27562,2,27451,-0.240278,0.453858,0.854321,-0.0800926,17.2545
synthetic/images/img004586.jpg,synthetic_val,0,74361,0,74174,0.765603,0.311026,0.119625,0.550277,26.6523
synthetic/images/img004672.jpg,synthetic_val,1,16173,1,17062,0.43676,0.822136,-0.231226,-0.282609,5.11843
synthetic/images/img004684.jpg,synthetic_val,0,35426,0,35412,0.819974,0.538108,0.0768726,-0.179369,15.2427
synthetic/images/img004686.jpg,synthetic_val,2,71602,2,70713,0.393784,0.288775,0.840072,0.23627,5.11868
synthetic/images/img004707.jpg,synthetic_val,2,13623,2,13665,0.463139,-0.0731272,0.780024,-0.414388,13.3131
synthetic/images/img004738.jpg,synthetic_val,1,42637,1,42662,-0.667787,0.689329,-0.0215415,0.28004,13.1056
synthetic/images/img004784.jpg,synthetic_val,0,66565,2,10567,0.242418,-0.55095,0.705215,-0.374646,130.261
synthetic/images/img004815.jpg,synthetic_val,3,60376,3,60325,-0.518084,0.320719,0.0740121,0.789462,12.6713
synthetic/images/img004848.jpg,synthetic_val,0,71074,3,37000,0.397722,0.397722,-0.350931,0.748653,103.32
synthetic/images/img005045.jpg,synthetic_val,0,16421,0,16416,0.907642,0.141819,-0.368729,-0.141819,10.5267
synthetic/images/img005049.jpg,synthetic_val,1,26504,1,24737,-0.430001,0.809414,0.379413,-0.126471,15.6579
synthetic/images/img005080.jpg,synthetic_val,3,47333,3,65113,-0.0274929,0.0824786,0.467379,0.879772,11.858
synthetic/images/img005103.jpg,synthetic_val,0,07662,0,06555,0.8157,-0.433341,-0.38236,-0.0254906,40.2995
synthetic/images/img005113.jpg,synthetic_val,2,04075,2,02540,-0.497305,-0.324329,0.691902,-0.410817,37.8978
synthetic/images/img005155.jpg,synthetic_val,1,70151,1,52235,0.211927,0.968808,-0.0908257,0.0908257,30.2806
synthetic/images/img005184.jpg,synthetic_val,3,61260,3,61222,-0.390567,0.390567,0.0260378,0.833209,15.3006
synthetic/images/img005334.jpg,synthetic_val,1,34526,1,34565,0.321451,0.935129,0.146114,-0.0292228,15.0863
synthetic/images/img005335.jpg,synthetic_val,3,40305,3,40314,-0.433275,-0.524491,0.0684119,0.729727,4.09683
synthetic/images/img005381.jpg,synthetic_val,1,67527,1,67300,-0.157036,0.717879,0.560843,0.381373,24.9277
synthetic/images/img005452.jpg,synthetic_val,3,74113,3,70624,0.0275764,0.358493,0.30334,0.882444,55.0449
synthetic/images/img005483.jpg,synthetic_val,2,74304,2,74120,0.238919,0.132733,0.849491,0.451292,10.5901
synthetic/images/img005528.jpg,synthetic_val,3,21575,3,21535,-0.0258977,0.129488,-0.543852,0.828726,13.0773
synthetic/images/img005529.jpg,synthetic_val,0,50423,3,51011,0.458626,-0.618148,0.0199403,0.638089,126.389
synthetic/images/img005542.jpg,synthetic_val,1,34066,1,34076,0.145617,0.931951,0.203864,-0.262111,12.931
synthetic/images/img005617.jpg,synthetic_val,0,36017,0,34233,0.819974,0.179369,0.384363,-0.384363,9.37723
synthetic/images/img005646.jpg,synthetic_val,0,02067,1,02441,-0.585769,0.646366,-0.302984,-0.38378,120.931
synthetic/images/img005668.jpg,synthetic_val,3,05226,3,02536,-0.435089,-0.206095,-0.480888,0.732782,30.4381
synthetic/images/img005800.jpg,synthetic_val,2,13466,2,17231,0.544084,-0.0709674,0.756986,-0.354837,24.7881
synthetic/images/img005805.jpg,synthetic_val,3,43457,3,43541,-0.131625,-0.394874,0.342224,0.842397,12.3564
synthetic/images/img005828.jpg,synthetic_val,2,56231,2,52653,0.196657,-0.140469,0.899004,0.36522,12.6454
synthetic/images/img005871.jpg,synthetic_val,0,16017,0,16611,0.935129,0.204559,-0.204559,-0.204559,25.1432
synthetic/images/img005967.jpg,synthetic_val,2,07515,2,07515,-0.0280056,-0.420084,0.896179,-0.140028,3.17568
synthetic/images/img006003.jpg,synthetic_val,1,36740,1,36552,0.328824,0.809414,0.480589,-0.0758825,18.1449
synthetic/images/img006099.jpg,synthetic_val,3,43741,3,43767,-0.140028,-0.0280056,0.420084,0.896179,18.0001
synthetic/images/img006184.jpg,synthetic_val,2,57253,3,77046,0.362194,0.404805,0.490028,0.681778,71.1068
synthetic/images/img006210.jpg,synthetic_val,1,12105,1,12240,0.0235506,0.753619,-0.164854,-0.635866,32.0111
synthetic/images/img006221.jpg,synthetic_val,1,75652,1,74747,0.233095,0.678094,0.233095,0.656904,25.7015
synthetic/images/img006421.jpg,synthetic_val,1,43345,1,43307,-0.151934,0.972379,-0.151934,0.0911606,11.5362
synthetic/images/img006587.jpg,synthetic_val,3,30024,2,30303,0.233095,0.233095,0.678094,-0.656904,48.249
synthetic/images/img006641.jpg,synthetic_val,3,40701,3,40356,-0.438786,-0.484974,0.161658,0.739008,7.30493
synthetic/images/img006682.jpg,synthetic_val,2,05567,2,05571,-0.0238163,-0.643039,0.762121,-0.0714488,11.7065
synthetic/images/img006689.jpg,synthetic_val,1,34602,1,25731,-0.0283638,0.907642,0.368729,-0.198547,6.88024
synthetic/images/img006716.jpg,synthetic_val,3,64130,3,64110,-0.464244,0.0244339,0.415376,0.781884,11.261
synthetic/images/img006781.jpg,synthetic_val,1,71647,1,75231,0.512887,0.713582,0.289893,0.37909,10.5997
synthetic/images/img006795.jpg,synthetic_val,3,35141,3,17365,0.628928,-0.0698809,-0.209643,0.745396,11.0374
synthetic/images/img006865.jpg,synthetic_val,0,05553,0,14413,0.722254,0.157993,-0.654542,-0.157993,23.7391
synthetic/images/img006877.jpg,synthetic_val,3,44123,3,44340,-0.457898,-0.457898,0.418081,0.637076,8.61478
synthetic/images/img006926.jpg,synthetic_val,0,52222,0,63037,0.789462,-0.222036,0.567426,0.0740121,79.5298
synthetic/images/img006943.jpg,synthetic_val,2,25723,2,25367,-0.135831,0.407494,0.869321,-0.244497,5.91234
synthetic/images/img006945.jpg,synthetic_val,0,74110,0,52572,0.842397,0.342224,-0.236924,0.342224,31.8453
synthetic/images/img006959.jpg,synthetic_val,1,73421,1,73434,0.466436,0.71076,0.466436,0.244324,4.71615
synthetic/images/img007056.jpg,synthetic_val,2,61312,2,61330,-0.0864945,0.374809,0.922608,0.0288315,6.95963
synthetic/images/img007093.jpg,synthetic_val,0,20554,0,20564,0.74059,-0.532299,0.115717,-0.393438,13.8277
synthetic/images/img007102.jpg,synthetic_val,2,42062,3,14454,0.111497,-0.691283,-0.0222994,0.713582,167.969
synthetic/images/img007118.jpg,synthetic_val,1,17564,1,17470,0.525822,0.801253,-0.275431,-0.0751175,11.404
synthetic/images/img007134.jpg,synthetic_val,1,14112,1,14411,0.153375,0.701141,-0.67923,-0.153375,22.6884
synthetic/images/img007190.jpg,synthetic_val,3,63511,3,63532,-0.0740121,0.567426,0.222036,0.789462,18.6981
synthetic/images/img007200.jpg,synthetic_val,1,62004,1,60652,-0.597351,0.707972,0.243365,0.287613,30.4576
synthetic/images/img007226.jpg,synthetic_val,1,70561,2,16365,0.313011,-0.0853666,0.910577,-0.2561,175.315
synthetic/images/img007259.jpg,synthetic_val,1,03633,2,66000,-0.612333,0.335795,0.632085,0.335795,159.072
synthetic/images/img007277.jpg,synthetic_val,1,20070,1,20411,-0.535564,0.685522,0.0214226,-0.492719,12.9062
synthetic/images/img007304.jpg,synthetic_val,1,67607,1,47367,-0.125828,0.805302,-0.0251657,0.578811,69.7427
synthetic/images/img007368.jpg,synthetic_val,0,15601,0,15607,0.743784,0.441622,-0.488108,-0.116216,5.26714
synthetic/images/img007375.jpg,synthetic_val,3,60355,3,60133,-0.46047,0.189605,0.0270864,0.866766,21.462
synthetic/images/img007457.jpg,synthetic_val,1,24716,1,24717,-0.445063,0.837765,0.287982,-0.130901,6.63039
synthetic/images/img007647.jpg,synthetic_val,1,40131,2,63535,-0.0251022,0.527146,0.80327,0.276124,171.487
synthetic/images/img007698.jpg,synthetic_val,3,51607,0,52400,0.877124,0.0274101,-0.411152,0.246691,126.34
synthetic/images/img007753.jpg,synthetic_val,1,06367,1,06726,-0.578811,0.805302,-0.0251657,-0.125828,9.9056
synthetic/images/img007805.jpg,synthetic_val,3,50362,3,50255,0.172276,-0.566049,0.172276,0.787547,16.8986
synthetic/images/img007914.jpg,synthetic_val,0,23163,0,23045,0.697136,-0.283212,0.370354,-0.544638,25.4876
synthetic/images/img007917.jpg,synthetic_val,3,43063,3,43023,-0.364073,-0.25205,0.0280056,0.896179,11.3387
synthetic/images/img007921.jpg,synthetic_val,1,76027,1,43617,-0.254457,0.904735,-0.141365,0.311003,88.7705
synthetic/images/img007928.jpg,synthetic_val,0,11115,2,42406,-0.649937,-0.272554,0.670902,0.230623,46.7412
synthetic/images/img007932.jpg,synthetic_val,3,05105,0,05335,0.811493,-0.0253592,-0.481824,-0.329669,161.642
synthetic/images/img007937.jpg,synthetic_val,3,21733,2,01271,-0.192099,-0.405542,0.683019,-0.576297,36.2638
synthetic/images/img007966.jpg,synthetic_val,1,43050,1,43102,-0.198547,0.907642,-0.368729,0.0283638,16.056
synthetic/images/img007975.jpg,synthetic_val,0,73476,0,13017,0.632085,0.454311,-0.256785,-0.572827,142.961
synthetic/images/img008000.jpg,synthetic_val,1,03651,1,03340,-0.162703,0.743784,-0.162703,-0.627568,22.1006
synthetic/images/img008053.jpg,synthetic_val,3,53223,3,53213,0.578811,-0.125828,0.0251657,0.805302,16.2874
synthetic/images/img008078.jpg,synthetic_val,2,42321,2,32044,0.0227097,0.386065,0.72671,-0.567742,112.573
synthetic/images/img008083.jpg,synthetic_val,1,74277,1,74255,0.17063,0.780024,0.219382,0.560642,13.8814
synthetic/images/img008181.jpg,synthetic_val,0,44545,0,44404,0.527863,-0.511367,-0.511367,0.445384,21.3246
synthetic/images/img008191.jpg,synthetic_val,2,72471,2,72561,0.262575,0.50128,0.763856,0.310316,11.9979
synthetic/images/img008253.jpg,synthetic_val,1,20437,3,54400,0.0195703,-0.606678,0.489256,0.626248,101.986
synthetic/images/img008398.jpg,synthetic_val,2,15315,2,71524,0.590076,0.118015,0.755297,0.259633,91.4302
synthetic/images/img008493.jpg,synthetic_val,0,65574,0,65571,0.735875,-0.0229961,0.114981,0.666887,3.82625
synthetic/images/img008515.jpg,synthetic_val,0,01263,0,01141,0.61144,-0.0955375,-0.592333,-0.515903,37.7123
synthetic/images/img008562.jpg,synthetic_val,1,45005,1,45334,-0.0716115,0.763856,-0.453539,0.453539,33.9438
synthetic/images/img008609.jpg,synthetic_val,3,03405,3,03056,-0.249807,-0.295226,-0.567742,0.72671,9.8654
synthetic/images/img008715.jpg,synthetic_val,3,64036,3,64546,-0.457898,0.0597259,0.617168,0.637076,31.3796
synthetic/images/img008747.jpg,synthetic_val,1,61574,1,65103,-0.136234,0.871899,0.0817405,0.463196,9.31479
synthetic/images/img008812.jpg,synthetic_val,1,06347,1,06721,-0.538108,0.819974,-0.0768726,-0.179369,7.95769
synthetic/images/img008856.jpg,synthetic_val,2,63174,2,72046,0.0263982,0.501565,0.844742,0.184787,11.1551
synthetic/images/img008863.jpg,synthetic_val,0,75464,3,73711,0.597592,0.481929,0.173494,0.616869,18.4446
synthetic/images/img008866.jpg,synthetic_val,2,07551,2,07551,-0.028183,-0.422745,0.901856,-0.084549,1.93132
synthetic/images/img008868.jpg,synthetic_val,2,47124,2,47541,-0.108721,-0.326164,0.695817,0.630584,22.3261
synthetic/images/img008947.jpg,synthetic_val,3,60163,3,60303,-0.527146,0.276124,0.0251022,0.80327,15.8054
synthetic/images/img008965.jpg,synthetic_val,0,56410,0,56025,0.822136,0.0770752,-0.282609,0.488143,16.7379
synthetic/images/img008968.jpg,synthetic_val,3,60055,3,60140,-0.578811,0.0251657,0.125828,0.805302,3.59222
synthetic/images/img008999.jpg,synthetic_val,0,70053,0,70131,0.896179,0.420084,0.140028,0.0280056,29.6613
synthetic/images/img009018.jpg,synthetic_val,1,63131,1,27543,-0.132733,0.849491,0.504385,-0.0796398,17.8088
synthetic/images/img009103.jpg,synthetic_val,0,04336,0,06115,0.774521,-0.411464,-0.363057,-0.314649,6.711
synthetic/images/img009175.jpg,synthetic_val,3,70172,3,70166,0.259483,0.20182,0.20182,0.922608,13.1141
synthetic/images/img009184.jpg,synthetic_val,1,46770,1,46716,-0.410817,0.691902,-0.10811,0.583792,5.35096
synthetic/images/img009259.jpg,synthetic_val,1,63606,1,63452,-0.268773,0.781884,0.464244,0.317641,20.0915
synthetic/images/img009270.jpg,synthetic_val,3,34252,3,34255,0.199189,0.2561,-0.2561,0.910577,9.29744
synthetic/images/img009280.jpg,synthetic_val,3,53536,3,53021,0.489437,-0.283358,0.0257599,0.824315,32.326
synthetic/images/img009318.jpg,synthetic_val,2,45224,2,44337,-0.383697,-0.383697,0.722254,0.428838,5.27765
synthetic/images/img009384.jpg,synthetic_val,1,54703,3,43311,-0.0304997,-0.213498,0.0304997,0.975991,137.359
synthetic/images/img009414.jpg,synthetic_val,3,24153,3,24530,-0.497423,0.130901,-0.183261,0.837765,16.4296
synthetic/images/img009443.jpg,synthetic_val,0,54316,3,51140,0.487023,-0.603909,0.0974047,0.62339,133.351
synthetic/images/img009640.jpg,synthetic_val,3,17026,3,13614,0.474948,-0.158316,-0.474948,0.72373,22.2538
synthetic/images/img009666.jpg,synthetic_val,1,35055,1,35006,0.440261,0.828726,0.0776931,-0.33667,20.0277
synthetic/images/img009693.jpg,synthetic_val,0,73150,0,73103,0.695817,0.587095,0.413141,0.0217443,13.2588
synthetic/images/img009720.jpg,synthetic_val,2,13415,2,11372,0.540102,-0.316611,0.595974,-0.502853,12.168
synthetic/images/img009801.jpg,synthetic_val,2,73033,2,36343,0.246276,0.604494,0.716438,-0.246276,43.9934
synthetic/images/img009880.jpg,synthetic_val,1,15775,0,51312,0.666233,0.603774,-0.437215,0.0208198,9.23246
synthetic/images/img009887.jpg,synthetic_val,2,45507,2,45506,-0.13616,-0.564091,0.622446,0.525188,4.65475
synthetic/images/img009916.jpg,synthetic_val,3,07357,3,07175,-0.0285481,-0.314029,-0.256933,0.91354,21.2103
synthetic/images/img009933.jpg,synthetic_val,0,13450,0,11252,0.62339,0.4091,-0.4091,-0.525985,20.2584
synthetic/images/img009943.jpg,synthetic_val,0,63331,2,27224,-0.315597,0.610155,0.673274,-0.273518,157.968
synthetic/images/img010030.jpg,synthetic_val,2,06433,2,06416,-0.6119,-0.294619,0.725215,-0.113315,11.4292
synthetic/images/img010063.jpg,synthetic_val,3,24700,3,24211,-0.565414,0.203549,-0.339248,0.72373,22.4651
synthetic/images/img010079.jpg,synthetic_val,2,70124,2,70121,0.321451,0.146114,0.935129,0.0292228,8.11623
synthetic/images/img010088.jpg,synthetic_val,2,41463,2,41660,-0.355634,-0.45047,0.758686,0.308216,12.922
synthetic/images/img010124.jpg,synthetic_val,3,52104,3,16126,0.244497,-0.244497,-0.353162,0.869321,52.4071
synthetic/images/img010133.jpg,synthetic_val,2,43434,2,43476,-0.288775,-0.23627,0.840072,0.393784,14.9066
synthetic/images/img010151.jpg,synthetic_val,2,30273,2,30306,0.197958,0.241948,0.703849,-0.637864,12.9545
synthetic/images/img010177.jpg,synthetic_val,1,37471,1,37417,0.522323,0.72671,0.431484,-0.113548,5.63498
synthetic/images/img010220.jpg,synthetic_val,0,55012,2,21215,-0.199901,0.199901,0.71076,-0.644126,97.1767
synthetic/images/img010238.jpg,synthetic_val,2,12623,2,31620,0.37909,0.289893,0.713582,-0.512887,53.3668
synthetic/images/img010321.jpg,synthetic_val,0,74725,0,74632,0.734324,0.114738,0.344214,0.57369,17.8704
synthetic/images/img010413.jpg,synthetic_val,2,67233,1,67633,-0.173494,0.616869,0.597592,0.481929,19.0224
synthetic/images/img010451.jpg,synthetic_val,2,41625,2,41626,-0.368271,-0.417374,0.785646,0.270066,9.12514
synthetic/images/img010453.jpg,synthetic_val,1,47655,1,47607,-0.294619,0.725215,-0.113315,0.6119,12.9798
synthetic/images/img010478.jpg,synthetic_val,1,05530,1,05511,-0.0221676,0.709362,-0.687194,-0.155173,10.3713
synthetic/images/img010504.jpg,synthetic_val,0,05705,0,54201,0.743784,0.0697297,-0.534595,0.395135,65.8367
synthetic/images/img010547.jpg,synthetic_val,3,57502,3,57431,0.479687,-0.229416,0.521399,0.667391,8.82996
synthetic/images/img010583.jpg,synthetic_val,3,50604,0,41543,0.705215,-0.11019,-0.639101,0.286494,164.579
synthetic/images/img010589.jpg,synthetic_val,2,56350,1,04634,-0.583792,0.691902,-0.410817,-0.10811,93.307
synthetic/images/img010628.jpg,synthetic_val,1,26746,1,26766,-0.458626,0.638089,0.618148,-0.0199403,6.44536
synthetic/images/img010644.jpg,synthetic_val,0,01216,0,01215,0.643224,-0.180907,-0.462317,-0.582922,4.00227
synthetic/images/img010697.jpg,synthetic_val,0,47626,0,46733,0.72671,-0.386065,-0.0227097,0.567742,8.4169
synthetic/images/img010700.jpg,synthetic_val,1,63160,1,63470,-0.262575,0.763856,0.50128,0.310316,26.6149
synthetic/images/img010701.jpg,synthetic_val,2,67235,2,67632,-0.21049,0.5932,0.612335,0.478387,9.89778
synthetic/images/img010723.jpg,synthetic_val,2,74242,2,56033,0.184274,-0.236924,0.842397,0.447523,61.3627
synthetic/images/img010791.jpg,synthetic_val,1,63535,1,72424,0.0251022,0.80327,0.527146,0.276124,5.09158
synthetic/images/img010813.jpg,synthetic_val,2,12763,2,12707,0.27406,-0.124573,0.797264,-0.523205,10.4031
synthetic/images/img010897.jpg,synthetic_val,0,21057,0,21105,0.735875,-0.114981,0.0229961,-0.666887,13.8519
synthetic/images/img010934.jpg,synthetic_val,2,63444,2,66102,-0.490028,0.404805,0.681778,0.362194,16.2899
synthetic/images/img010974.jpg,synthetic_val,3,57527,3,57742,0.498507,-0.0997013,0.578268,0.638089,9.78121
synthetic/images/img011010.jpg,synthetic_val,3,07476,1,41427,-0.295226,0.72671,-0.567742,0.249807,162.487
synthetic/images/img011172.jpg,synthetic_val,1,56765,1,54764,0.182687,0.649554,-0.385673,0.629255,38.6419
synthetic/images/img011177.jpg,synthetic_val,0,37124,0,37514,0.685522,0.621254,0.364184,-0.107113,24.857
synthetic/images/img011247.jpg,synthetic_val,2,52225,2,52223,0.0932505,-0.0310835,0.994672,0.0310835,11.2498
synthetic/images/img011311.jpg,synthetic_val,1,50235,1,50214,0.125511,0.80327,-0.57735,0.0753066,11.3876
synthetic/images/img011323.jpg,synthetic_val,2,12574,3,52520,0.248946,-0.304267,0.248946,0.88514,179.789
synthetic/images/img011339.jpg,synthetic_val,0,61125,0,61124,0.961781,-0.21039,0.150278,0.090167,8.31642
synthetic/images/img011342.jpg,synthetic_val,3,13767,3,13221,0.391524,-0.0618195,-0.638802,0.659408,38.738
synthetic/images/img011364.jpg,synthetic_val,2,40050,2,25040,-0.40511,0.0270073,0.864234,-0.29708,93.0081
synthetic/images/img011368.jpg,synthetic_val,2,07540,2,07515,-0.0280056,-0.420084,0.896179,-0.140028,21.1976
synthetic/images/img011395.jpg,synthetic_val,2,61733,2,72446,0.0249145,0.473376,0.797264,0.373718,21.7616
synthetic/images/img011490.jpg,synthetic_val,2,34564,2,34471,0.21039,0.150278,0.961781,-0.090167,6.90548
synthetic/images/img011513.jpg,synthetic_val,3,26561,3,26575,-0.405798,0.50128,-0.0238705,0.763856,10.0277
synthetic/images/img011565.jpg,synthetic_val,2,56343,2,56251,0.177059,-0.177059,0.809414,0.531178,9.71033
synthetic/images/img011611.jpg,synthetic_val,0,23675,0,23632,0.62339,-0.21429,0.603909,-0.448061,11.631
synthetic/images/img011612.jpg,synthetic_val,3,57721,3,75444,0.356417,0.0209657,0.649937,0.670902,27.3938
synthetic/images/img011614.jpg,synthetic_val,1,41713,1,41716,-0.0751175,0.801253,-0.525822,0.275431,8.73554
synthetic/images/img011683.jpg,synthetic_val,1,05774,1,14664,0.0268511,0.859235,-0.510171,-0.0268511,11.9315
synthetic/images/img011853.jpg,synthetic_val,3,12777,3,13646,0.421459,-0.123958,-0.421459,0.793334,10.4655
synthetic/images/img011894.jpg,synthetic_val,3,77735,0,77563,0.572617,0.483145,0.411568,0.518934,7.03148
synthetic/images/img011957.jpg,synthetic_val,3,24136,3,24533,-0.45257,0.186352,-0.186352,0.851896,16.1812
synthetic/images/img011966.jpg,synthetic_val,0,51015,1,15077,0.483916,0.673274,-0.525995,-0.189358,42.5693
synthetic/images/img011990.jpg,synthetic_val,0,16430,0,16416,0.907642,0.141819,-0.368729,-0.141819,8.28338
synthetic/images/img012043.jpg,synthetic_val,2,60752,2,60752,-0.464244,0.268773,0.781884,0.317641,3.25898
synthetic/images/img012076.jpg,synthetic_val,0,17326,3,31502,0.534584,0.06415,-0.491817,0.684267,153.296
synthetic/images/img012085.jpg,synthetic_val,1,34225,1,25372,-0.0807866,0.861723,0.403933,-0.296217,18.2132
synthetic/images/img012124.jpg,synthetic_val,3,31052,3,13223,0.39219,-0.0206416,-0.63989,0.660531,14.1266
synthetic/images/img012300.jpg,synthetic_val,1,27034,1,27034,-0.262575,0.763856,0.50128,-0.310316,3.41786
synthetic/images/img012407.jpg,synthetic_val,1,06465,1,64571,-0.364184,0.685522,0.107113,0.621254,93.6155
synthetic/images/img012415.jpg,synthetic_val,0,03631,0,03726,0.822136,-0.179842,-0.0256917,-0.539527,9.11626
synthetic/images/img012425.jpg,synthetic_val,1,17647,1,17661,0.507253,0.854321,-0.0800926,-0.0800926,6.80349
synthetic/images/img012434.jpg,synthetic_val,3,42500,3,40276,-0.590455,-0.371768,0.153081,0.699798,8.82999
synthetic/images/img012461.jpg,synthetic_val,3,76462,2,76431,0.151354,0.454061,0.691902,0.540548,23.4515
synthetic/images/img012476.jpg,synthetic_val,0,70423,0,70422,0.941584,0.0294245,0.205971,0.26482,9.87594
synthetic/images/img012509.jpg,synthetic_val,1,31527,1,31562,0.55095,0.705215,0.154266,-0.418722,4.14983
synthetic/images/img012532.jpg,synthetic_val,3,76157,3,76215,0.154266,0.55095,0.418722,0.705215,27.8654
synthetic/images/img012620.jpg,synthetic_val,3,04267,3,04405,-0.543124,-0.580581,-0.0936422,0.59931,27.5284
synthetic/images/img012662.jpg,synthetic_val,2,67121,2,63566,-0.163768,0.538095,0.748653,0.350931,7.02824
synthetic/images/img012670.jpg,synthetic_val,1,43613,1,43720,-0.205262,0.93834,-0.0879694,0.263908,5.96107
synthetic/images/img012676.jpg,synthetic_val,3,03410,3,03434,-0.266242,-0.266242,-0.508279,0.774521,11.1471
synthetic/images/img012733.jpg,synthetic_val,0,32406,0,32453,0.755297,0.165221,0.448458,-0.448458,16.0911
synthetic/images/img012758.jpg,synthetic_val,0,40710,0,41023,0.750298,-0.304808,-0.58617,0.0234468,25.933
synthetic/images/img012817.jpg,synthetic_val,2,11424,2,14055,0.15221,-0.674072,0.695817,-0.195698,35.7631
synthetic/images/img012842.jpg,synthetic_val,3,24543,3,24552,-0.507253,0.0800926,-0.0800926,0.854321,5.5884
synthetic/images/img012919.jpg,synthetic_val,0,23237,2,13530,0.578268,-0.219343,0.638089,-0.458626,12.5886
synthetic/images/img012954.jpg,synthetic_val,1,62331,2,43526,-0.196039,-0.25205,0.896179,0.308062,125.811
synthetic/images/img013020.jpg,synthetic_val,3,56063,3,47217,-0.233079,-0.129488,0.492056,0.828726,38.3265
synthetic/images/img013044.jpg,synthetic_val,2,20201,2,20415,-0.546718,0.0218687,0.699798,-0.459243,25.5292
synthetic/images/img013062.jpg,synthetic_val,3,36630,1,77726,0.432645,0.553786,0.53648,0.467257,97.4346
synthetic/images/img013143.jpg,synthetic_val,3,42172,1,43473,-0.244497,0.869321,-0.244497,0.353162,159.475
synthetic/images/img013152.jpg,synthetic_val,1,74551,1,75404,0.37611,0.707972,0.0221241,0.597351,7.38504
synthetic/images/img013197.jpg,synthetic_val,3,50725,3,50727,0.278951,-0.431106,0.278951,0.811493,4.99523
synthetic/images/img013218.jpg,synthetic_val,2,14753,2,14747,0.276124,-0.527146,0.80327,-0.0251022,14.2853
synthetic/images/img013315.jpg,synthetic_val,3,43126,3,43341,-0.149204,-0.208885,0.149204,0.954905,13.2836
synthetic/images/img013407.jpg,synthetic_val,2,30144,2,12722,0.222579,-0.024731,0.791391,-0.568812,5.18347
synthetic/images/img013470.jpg,synthetic_val,1,43710,1,43307,-0.151934,0.972379,-0.151934,0.0911606,20.1777
synthetic/images/img013476.jpg,synthetic_val,0,43160,0,43070,0.890609,-0.306147,-0.306147,0.139158,10.6091
synthetic/images/img013486.jpg,synthetic_val,0,62612,3,67547,-0.102684,0.390201,0.636643,0.65718,159.575
synthetic/images/img013503.jpg,synthetic_val,3,63101,3,61702,-0.196039,0.308062,0.25205,0.896179,29.8976
synthetic/images/img013515.jpg,synthetic_val,0,31041,3,03721,-0.125511,-0.0753066,-0.57735,0.80327,107.258
synthetic/images/img013572.jpg,synthetic_val,2,47376,2,62747,-0.426974,0.548966,0.650627,0.304981,88.3394
synthetic/images/img013589.jpg,synthetic_val,0,50767,0,52530,0.856767,0.348062,-0.294514,0.240966,23.0681
synthetic/images/img013712.jpg,synthetic_val,1,55515,2,55044,0.321098,-0.585531,0.604419,0.434426,149.721
synthetic/images/img013719.jpg,synthetic_val,0,51434,0,51075,0.662794,0.476383,-0.559233,0.144986,11.5007
synthetic/images/img013815.jpg,synthetic_val,3,46167,3,46655,-0.48482,-0.13575,0.601177,0.62057,16.3051
synthetic/images/img013823.jpg,synthetic_val,3,71607,3,71203,0.489437,0.283358,0.0257599,0.824315,29.8061
synthetic/images/img013853.jpg,synthetic_val,2,04136,2,05111,-0.021267,-0.659276,0.680543,-0.319005,46.4939
synthetic/images/img013871.jpg,synthetic_val,0,47136,0,47162,0.801253,-0.175274,-0.225352,0.525822,15.18
synthetic/images/img013907.jpg,synthetic_val,3,52670,3,52617,0.200492,-0.143208,0.315058,0.916533,13.704
synthetic/images/img013966.jpg,synthetic_val,2,66607,3,65444,-0.319005,0.021267,0.659276,0.680543,62.116
synthetic/images/img013984.jpg,synthetic_val,0,42757,0,47022,0.795292,-0.372793,-0.223676,0.422499,14.6205
synthetic/images/img014020.jpg,synthetic_val,1,71716,1,71372,0.630584,0.695817,0.326164,0.108721,16.7482
synthetic/images/img014052.jpg,synthetic_val,0,46540,0,44734,0.643224,-0.381914,-0.381914,0.54272,12.2389
synthetic/images/img014089.jpg,synthetic_val,1,50161,1,50136,0.30414,0.748653,-0.584885,0.0701862,8.25914
synthetic/images/img014092.jpg,synthetic_val,3,21620,3,20377,-0.365528,0.322525,-0.537541,0.688053,5.89145
synthetic/images/img014104.jpg,synthetic_val,2,40267,2,42223,-0.67116,-0.0231434,0.74059,0.0231434,41.1783
synthetic/images/img014162.jpg,synthetic_val,0,71751,0,71536,0.709362,0.642859,0.155173,0.243843,6.86656
synthetic/images/img014177.jpg,synthetic_val,3,30677,3,32602,0.0209289,0.565081,-0.481365,0.669726,33.6624
synthetic/images/img014238.jpg,synthetic_val,1,44112,1,74002,0.0274929,0.879772,0.0824786,0.467379,95.7775
synthetic/images/img014248.jpg,synthetic_val,2,61523,2,61156,-0.0908257,0.0908257,0.968808,0.211927,16.2619
synthetic/images/img014260.jpg,synthetic_val,2,25544,2,25454,-0.324796,0.0295269,0.944862,-0.0295269,11.8166
synthetic/images/img014276.jpg,synthetic_val,2,07107,2,03554,-0.0762739,-0.38137,0.813589,-0.432219,12.0389
synthetic/images/img014339.jpg,synthetic_val,3,46454,2,14772,0.33667,-0.440261,0.828726,-0.0776931,135.806
synthetic/images/img014368.jpg,synthetic_val,3,36133,3,32612,0.104099,0.562134,-0.478855,0.666233,30.46
synthetic/images/img014379.jpg,synthetic_val,1,35676,1,37414,0.497888,0.758686,0.403052,-0.118545,13.8264
synthetic/images/img014435.jpg,synthetic_val,3,35560,3,35561,0.638707,0.118279,-0.0709674,0.756986,5.23361
synthetic/images/img014462.jpg,synthetic_val,3,10212,1,15076,0.450702,0.686784,-0.53655,-0.193158,175.811
synthetic/images/img014567.jpg,synthetic_val,0,60337,2,61336,-0.0842816,0.421408,0.899004,0.0842816,166.112
synthetic/images/img014596.jpg,synthetic_val,2,07171,2,07171,-0.0280939,-0.309033,0.899004,-0.309033,4.454
synthetic/images/img014635.jpg,synthetic_val,1,47764,1,72651,0.162004,0.74059,0.578586,0.300865,96.5366
synthetic/images/img014660.jpg,synthetic_val,0,34472,0,34652,0.931951,0.145617,0.320358,-0.0873704,14.022
synthetic/images/img014742.jpg,synthetic_val,1,51633,1,51275,0.51912,0.722254,-0.428838,0.157993,6.77335
synthetic/images/img014764.jpg,synthetic_val,0,42043,2,64502,-0.491817,0.06415,0.684267,0.534584,118.862
synthetic/images/img014900.jpg,synthetic_val,1,50345,1,50520,0.205664,0.73125,-0.616992,0.205664,10.6094
synthetic/images/img014918.jpg,synthetic_val,1,14061,1,14420,0.0235506,0.753619,-0.635866,-0.164854,13.6115
synthetic/images/img014964.jpg,synthetic_val,3,17356,3,17362,0.594061,-0.0237624,-0.261387,0.760398,16.7973
synthetic/images/img014971.jpg,synthetic_val,0,61517,0,61571,0.916533,-0.0286417,0.143208,0.372342,10.5782
synthetic/images/img014977.jpg,synthetic_val,0,52355,0,52176,0.879772,0.357407,-0.247436,0.19245,11.0311
synthetic/images/img014979.jpg,synthetic_val,2,36472,2,36461,0.0779024,0.545317,0.830959,-0.0779024,8.41829
synthetic/images/img015000.jpg,synthetic_val,2,25563,2,25530,-0.090167,0.150278,0.961781,-0.21039,14.1402
synthetic/images/img015038.jpg,synthetic_val,3,52112,3,52121,0.309033,-0.309033,0.0280939,0.899004,9.25324
synthetic/images/img015041.jpg,synthetic_val,1,12606,3,66100,-0.498237,0.368262,0.368262,0.6932,164.137
synthetic/images/img015061.jpg,synthetic_val,0,52176,0,52175,0.849491,0.398199,-0.292013,0.185826,6.21804
synthetic/images/img015080.jpg,synthetic_val,2,57250,0,76056,0.72671,0.113548,0.431484,0.522323,57.2982
synthetic/images/img015096.jpg,synthetic_val,3,45772,3,47542,-0.153375,-0.284839,0.635409,0.701141,16.0943
synthetic/images/img015163.jpg,synthetic_val,0,52665,0,52656,0.887862,0.138728,-0.138728,0.416185,5.41918
synthetic/images/img015229.jpg,synthetic_val,2,24563,2,24527,-0.535303,0.178434,0.8157,-0.127453,4.21747
synthetic/images/img015299.jpg,synthetic_val,3,75227,2,75201,0.453539,0.214834,0.763856,0.405798,54.9786
synthetic/images/img015322.jpg,synthetic_val,0,65005,0,64113,0.797264,-0.423547,0.0747435,0.423547,13.9575
synthetic/images/img015382.jpg,synthetic_val,2,10230,2,10277,0.157036,-0.381373,0.717879,-0.560843,14.4945
synthetic/images/img015482.jpg,synthetic_val,0,50454,1,35010,0.510678,0.778177,0.024318,-0.36477,144.228
synthetic/images/img015599.jpg,synthetic_val,0,24176,0,24713,0.830959,-0.441447,0.285642,-0.181772,11.569
synthetic/images/img015688.jpg,synthetic_val,1,52125,1,52111,0.390567,0.833209,-0.390567,0.0260378,14.6098
synthetic/images/img015793.jpg,synthetic_val,3,74375,2,70676,0.129142,0.387427,0.826512,0.387427,58.1379
synthetic/images/img015833.jpg,synthetic_val,2,63743,2,63716,-0.0691347,0.622212,0.737437,0.253494,7.08476
synthetic/images/img015875.jpg,synthetic_val,1,46110,3,11237,0.444035,-0.3282,-0.559871,0.617788,177.313
synthetic/images/img015910.jpg,synthetic_val,0,16372,0,16166,0.899004,0.252845,-0.252845,-0.252845,27.4361
synthetic/images/img015926.jpg,synthetic_val,3,36437,3,36435,0.178434,0.535303,-0.127453,0.8157,5.55078
synthetic/images/img015985.jpg,synthetic_val,1,71726,1,73145,0.590455,0.699798,0.371768,0.153081,11.2607
synthetic/images/img016003.jpg,synthetic_val,2,60712,2,60716,-0.471042,0.272709,0.793334,0.272709,6.51352
synthetic/images/img016016.jpg,synthetic_val,1,71430,2,12707,0.27406,-0.124573,0.797264,-0.523205,174.52
synthetic/images/img016029.jpg,synthetic_val,1,36426,1,36423,0.0747435,0.797264,0.573034,-0.174402,5.65022
synthetic/images/img016040.jpg,synthetic_val,3,37006,3,37043,0.439725,0.439725,-0.254578,0.74059,4.90489
synthetic/images/img016063.jpg,synthetic_val,2,52755,2,53666,0.433341,-0.0254906,0.8157,0.38236,17.383
synthetic/images/img016081.jpg,synthetic_val,0,14273,0,14234,0.805302,0.125828,-0.478148,-0.327154,10.1314
synthetic/images/img016252.jpg,synthetic_val,3,56465,3,56471,0.155173,-0.243843,0.642859,0.709362,9.69497
synthetic/images/img016403.jpg,synthetic_val,2,34344,2,34255,0.199189,0.2561,0.910577,-0.2561,8.92806
synthetic/images/img016411.jpg,synthetic_val,3,25006,3,24103,-0.509475,0.0727821,-0.36391,0.776342,14.0543
synthetic/images/img016431.jpg,synthetic_val,3,42631,3,42742,-0.550277,-0.119625,0.311026,0.765603,16.3805
synthetic/images/img016509.jpg,synthetic_val,3,71320,3,71700,0.587463,0.211487,0.211487,0.751953,22.6902
synthetic/images/img016539.jpg,synthetic_val,2,05242,2,05215,-0.211955,-0.541664,0.753619,-0.306158,16.9585
synthetic/images/img016611.jpg,synthetic_val,1,40710,1,45601,-0.268341,0.660531,-0.474757,0.51604,39.3769
synthetic/images/img016691.jpg,synthetic_val,2,52116,2,52520,0.248946,-0.304267,0.88514,0.248946,23.2817
synthetic/images/img016749.jpg,synthetic_val,0,30724,0,30744,0.833209,0.23434,0.23434,-0.442642,13.0945
synthetic/images/img016763.jpg,synthetic_val,2,72136,2,72136,0.31246,0.552814,0.769133,0.0721062,2.76848
synthetic/images/img016774.jpg,synthetic_val,1,76021,1,76410,0.112852,0.722254,0.383697,0.564261,23.5968
synthetic/images/img016778.jpg,synthetic_val,1,71624,1,56025,0.0770752,0.822136,-0.282609,0.488143,87.1198
synthetic/images/img016831.jpg,synthetic_val,3,35677,3,35700,0.592723,0.21338,-0.165963,0.758686,23.6674
synthetic/images/img016856.jpg,synthetic_val,1,01123,1,01722,-0.160973,0.735875,-0.390934,-0.52891,20.0872
synthetic/images/img016885.jpg,synthetic_val,3,07411,3,07411,-0.24236,-0.403933,-0.188502,0.861723,3.03262
synthetic/images/img016952.jpg,synthetic_val,3,42246,0,42222,0.717879,-0.695445,-0.0224337,0.0224337,134.259
synthetic/images/img016966.jpg,synthetic_val,0,42305,0,42133,0.856767,-0.455158,-0.240966,0.026774,14.3329
synthetic/images/img017010.jpg,synthetic_val,3,44410,3,44134,-0.381914,-0.54272,0.381914,0.643224,14.9534
synthetic/images/img017049.jpg,synthetic_val,2,60047,2,03664,-0.38137,-0.0762739,0.813589,-0.432219,78.1244
synthetic/images/img017062.jpg,synthetic_val,1,32512,1,32550,0.302817,0.745396,0.395992,-0.442579,10.5449
synthetic/images/img017087.jpg,synthetic_val,1,31204,1,31026,0.362194,0.681778,0.149139,-0.617861,5.53719
synthetic/images/img017294.jpg,synthetic_val,0,02621,1,60467,-0.627036,0.691902,0.151354,0.324329,22.9045
synthetic/images/img017298.jpg,synthetic_val,0,61747,0,61655,0.851896,-0.239596,0.239596,0.399326,15.9259
synthetic/images/img017324.jpg,synthetic_val,0,65121,0,65113,0.879772,-0.0274929,0.0824786,0.467379,14.7236
synthetic/images/img017371.jpg,synthetic_val,0,25122,0,25215,0.869321,-0.244497,0.244497,-0.353162,11.7027
synthetic/images/img017421.jpg,synthetic_val,2,36010,2,32466,0.0232936,0.535754,0.745396,-0.395992,18.4061
synthetic/images/img017432.jpg,synthetic_val,1,52444,1,52440,0.0265466,0.849491,-0.398199,0.345106,3.98031
synthetic/images/img017434.jpg,synthetic_val,0,17211,0,17215,0.760398,0.546536,-0.166337,-0.308911,5.52561
synthetic/images/img017456.jpg,synthetic_val,0,62170,2,57044,0.37392,-0.329929,0.703849,0.505892,67.94
synthetic/images/img017534.jpg,synthetic_val,2,63475,2,67036,-0.243843,0.509854,0.709362,0.421184,9.65348
synthetic/images/img017688.jpg,synthetic_val,3,56707,3,56533,0.339248,-0.203549,0.565414,0.72373,17.0333
synthetic/images/img017740.jpg,synthetic_val,0,74423,0,74560,0.720787,0.202721,0.112623,0.653213,16.8676
synthetic/images/img017768.jpg,synthetic_val,0,07245,0,07244,0.861723,-0.403933,-0.188502,-0.24236,8.43506
synthetic/images/img017772.jpg,synthetic_val,2,21432,1,17031,0.527795,0.734324,-0.252424,-0.344214,179.752
synthetic/images/img017791.jpg,synthetic_val,1,52507,1,52141,0.294514,0.856767,-0.40161,0.13387,18.2712
synthetic/images/img017812.jpg,synthetic_val,1,71602,1,52447,0.0794162,0.847106,-0.344137,0.397081,86.635
synthetic/images/img017844.jpg,synthetic_val,1,74614,1,74437,0.162703,0.743784,0.162703,0.627568,8.04945
synthetic/images/img017859.jpg,synthetic_val,0,77023,1,12727,0.276124,0.80327,-0.0251022,-0.527146,143.657
synthetic/images/img017864.jpg,synthetic_val,1,66224,2,65430,-0.259633,0.118015,0.755297,0.590076,76.302
synthetic/images/img017872.jpg,synthetic_val,2,15115,0,26727,0.646366,-0.424178,0.626167,-0.100995,22.8959
synthetic/images/img017892.jpg,synthetic_val,3,12454,3,12032,0.109344,-0.196818,-0.67793,0.699798,37.8555
synthetic/images/img017925.jpg,synthetic_val,3,61320,3,61320,-0.198547,0.368729,0.0283638,0.907642,2.88183
synthetic/images/img017932.jpg,synthetic_val,0,07044,0,06165,0.783758,-0.514341,-0.269417,-0.220432,20.2684
synthetic/images/img017954.jpg,synthetic_val,2,51623,2,50723,0.282609,-0.43676,0.822136,0.231226,19.9121
synthetic/images/img017988.jpg,synthetic_val,1,15406,1,14451,0.154869,0.707972,-0.685847,-0.0663723,23.5755
synthetic/images/img018006.jpg,synthetic_val,0,21661,0,23400,0.703849,-0.329929,0.37392,-0.505892,10.9869
synthetic/images/img018016.jpg,synthetic_val,0,64746,1,54416,0.0977017,0.625291,-0.56667,0.527589,179.036
synthetic/images/img018080.jpg,synthetic_val,1,17624,1,17624,0.463196,0.871899,-0.0817405,-0.136234,2.21167
synthetic/images/img018093.jpg,synthetic_val,0,36745,0,72301,0.760398,0.261387,0.594061,0.0237624,4.12627
synthetic/images/img018111.jpg,synthetic_val,1,61564,1,61417,-0.2561,0.910577,0.0853666,0.313011,15.3065
synthetic/images/img018118.jpg,synthetic_val,2,71067,2,71423,0.488143,0.179842,0.822136,0.231226,4.85805
synthetic/images/img018130.jpg,synthetic_val,1,62173,1,62355,-0.381373,0.717879,0.560843,0.157036,6.57126
synthetic/images/img018134.jpg,synthetic_val,1,25506,1,25471,-0.266674,0.948174,0.148152,-0.0888913,12.3622
synthetic/images/img018173.jpg,synthetic_val,1,70616,1,70641,0.0837545,0.893381,0.251263,0.362936,12.1068
synthetic/images/img018314.jpg,synthetic_val,1,26347,1,26342,-0.469192,0.652789,0.550791,-0.224396,4.81969
synthetic/images/img018385.jpg,synthetic_val,3,41220,3,40711,-0.387667,-0.524491,0.205236,0.729727,23.3124
synthetic/images/img018492.jpg,synthetic_val,0,17142,0,17000,0.762121,0.404877,-0.357244,-0.357244,24.2375
synthetic/images/img018494.jpg,synthetic_val,0,74474,0,74755,0.668555,0.313385,0.188031,0.647663,25.7377
synthetic/images/img018507.jpg,synthetic_val,3,46537,2,47054,-0.252424,-0.344214,0.734324,0.527795,33.5579
synthetic/images/img018547.jpg,synthetic_val,0,44204,1,22413,-0.496145,0.635066,0.37707,-0.456453,17.331
synthetic/images/img018629.jpg,synthetic_val,1,44774,1,47471,-0.197958,0.703849,-0.241948,0.637864,28.3483
synthetic/images/img018690.jpg,synthetic_val,2,25743,2,25770,-0.0862083,0.373569,0.919555,-0.0862083,8.5268
synthetic/images/img018700.jpg,synthetic_val,2,23443,2,23446,-0.344214,0.436005,0.734324,-0.390109,8.29301
synthetic/images/img018716.jpg,synthetic_val,2,72573,2,73464,0.382143,0.472059,0.719328,0.337185,8.50332
synthetic/images/img018721.jpg,synthetic_val,1,41632,1,41631,-0.228822,0.813589,-0.483068,0.228822,6.8531
synthetic/images/img018743.jpg,synthetic_val,3,72013,3,72030,0.129488,0.543852,0.0258977,0.828726,7.05711
synthetic/images/img018785.jpg,synthetic_val,3,40017,3,04532,-0.418722,-0.55095,-0.154266,0.705215,28.5149
synthetic/images/img018830.jpg,synthetic_val,1,47222,1,47703,-0.121303,0.776342,-0.121303,0.606517,38.5751
synthetic/images/img018845.jpg,synthetic_val,2,41104,2,41144,-0.153375,-0.67923,0.701141,0.153375,10.4822
synthetic/images/img018880.jpg,synthetic_val,3,26733,3,22727,-0.392198,0.578959,-0.392198,0.597635,29.6498
synthetic/images/img018894.jpg,synthetic_val,1,06625,1,06067,-0.644126,0.71076,-0.199901,-0.199901,18.0567
synthetic/images/img018903.jpg,synthetic_val,2,52424,2,52605,0.0864945,-0.20182,0.922608,0.317146,11.6992
synthetic/images/img018936.jpg,synthetic_val,1,42315,3,16741,0.317146,-0.20182,-0.0864945,0.922608,155.36
synthetic/images/img018946.jpg,synthetic_val,2,73136,2,73221,0.402618,0.614523,0.678094,0.0211904,28.5213
synthetic/images/img018981.jpg,synthetic_val,3,14500,0,14004,0.689329,0.0215415,-0.667787,-0.28004,177.413
synthetic/images/img019003.jpg,synthetic_val,1,56124,1,56141,0.258484,0.751953,-0.352478,0.493469,11.3807
synthetic/images/img019020.jpg,synthetic_val,2,60304,2,60315,-0.453858,0.240278,0.854321,0.0800926,14.9441
synthetic/images/img019039.jpg,synthetic_val,1,53164,1,53166,0.592723,0.758686,-0.21338,0.165963,4.76906
synthetic/images/img019047.jpg,synthetic_val,3,27150,3,27156,-0.0781133,0.494718,-0.23434,0.833209,5.95485
synthetic/images/img019075.jpg,synthetic_val,0,50204,0,50225,0.854321,0.0800926,-0.507253,0.0800926,9.0014
synthetic/images/img019235.jpg,synthetic_val,1,21645,1,21477,-0.236924,0.842397,0.184274,-0.447523,11.2357
synthetic/images/img019238.jpg,synthetic_val,3,25204,0,26424,0.646366,-0.626167,0.424178,-0.100995,105.131
synthetic/images/img019243.jpg,synthetic_val,2,16260,2,16361,0.308062,-0.0840168,0.896179,-0.308062,32.7618
synthetic/images/img019269.jpg,synthetic_val,3,15376,3,15744,0.535564,-0.492719,-0.0214226,0.685522,25.8335
synthetic/images/img019310.jpg,synthetic_val,2,16542,2,16560,0.2561,-0.313011,0.910577,-0.0853666,5.3599
synthetic/images/img019348.jpg,synthetic_val,3,63060,3,63432,-0.262575,0.549021,0.214834,0.763856,13.3246
synthetic/images/img019359.jpg,synthetic_val,1,67663,1,67432,-0.229416,0.667391,0.479687,0.521399,14.0354
synthetic/images/img019430.jpg,synthetic_val,3,12566,3,12431,0.168638,-0.265003,-0.554096,0.770916,17.2074
synthetic/images/img019444.jpg,synthetic_val,3,52213,3,52214,0.150278,-0.21039,0.090167,0.961781,13.9998
synthetic/images/img019480.jpg,synthetic_val,1,26000,2,46701,-0.454061,-0.151354,0.691902,0.540548,150.311
synthetic/images/img019493.jpg,synthetic_val,3,57257,3,57225,0.453539,-0.0716115,0.453539,0.763856,11.1985
synthetic/images/img019495.jpg,synthetic_val,3,14703,3,14374,0.321503,-0.469888,-0.222579,0.791391,11.6256
synthetic/images/img019508.jpg,synthetic_val,1,26555,1,25652,-0.308062,0.896179,0.308062,-0.0840168,22.6197
synthetic/images/img019544.jpg,synthetic_val,0,72414,0,72403,0.833209,0.0781133,0.494718,0.23434,13.5601
synthetic/images/img019545.jpg,synthetic_val,0,07103,0,03416,0.763856,-0.262575,-0.310316,-0.50128,18.7486
synthetic/images/img019572.jpg,synthetic_val,3,24764,3,24727,-0.507093,0.362209,-0.120736,0.772712,14.6458
synthetic/images/img019583.jpg,synthetic_val,1,03071,1,03034,-0.239641,0.697136,-0.239641,-0.63178,6.69172
synthetic/images/img019637.jpg,synthetic_val,0,00147,0,00512,0.609662,-0.361987,-0.552506,-0.438195,3.17946
synthetic/images/img019664.jpg,synthetic_val,2,60202,0,41002,0.699798,-0.328031,-0.634192,0.0218687,13.0686
synthetic/images/img019680.jpg,synthetic_val,3,73057,3,73236,0.425569,0.628221,0.0607955,0.648486,30.0198
synthetic/images/img019717.jpg,synthetic_val,0,70100,3,30057,0.169426,0.0726113,-0.605095,0.774521,158.886
synthetic/images/img019754.jpg,synthetic_val,3,67353,3,76020,0.0238705,0.50128,0.405798,0.763856,15.2829
synthetic/images/img019755.jpg,synthetic_val,2,34464,2,25571,-0.0307293,0.153646,0.983336,-0.0921878,7.88352
synthetic/images/img019807.jpg,synthetic_val,1,65707,1,65745,-0.109344,0.699798,0.196818,0.67793,9.76853
synthetic/images/img019855.jpg,synthetic_val,3,25326,3,27011,-0.223676,0.422499,-0.372793,0.795292,9.72724
synthetic/images/img019971.jpg,synthetic_val,1,56677,2,11722,0.503333,-0.342266,0.644266,-0.463066,121.602
synthetic/images/img020011.jpg,synthetic_val,2,43133,2,16466,0.0300557,-0.270501,0.961781,-0.0300557,9.95758
synthetic/images/img020038.jpg,synthetic_val,3,65560,3,65527,-0.116977,0.163768,0.631676,0.748653,8.39967
synthetic/images/img020052.jpg,synthetic_val,1,54373,1,54170,0.267431,0.658291,-0.555433,0.432004,21.1816
synthetic/images/img020080.jpg,synthetic_val,3,34023,3,34027,0.0848189,0.197911,-0.367549,0.904735,5.80008
synthetic/images/img020102.jpg,synthetic_val,1,52202,1,43311,-0.0304997,0.975991,-0.213498,0.0304997,7.6003
synthetic/images/img020179.jpg,synthetic_val,3,12373,3,12372,0.296452,-0.022804,-0.615707,0.729727,6.94364
synthetic/images/img020198.jpg,synthetic_val,1,62253,1,62167,-0.464606,0.707972,0.508855,0.154869,11.1684
synthetic/images/img020252.jpg,synthetic_val,2,52262,1,72272,0.110838,0.709362,0.687194,0.110838,94.1357
synthetic/images/img020344.jpg,synthetic_val,0,56230,0,52434,0.890609,0.139158,-0.306147,0.306147,33.6239
synthetic/images/img020416.jpg,synthetic_val,3,31772,3,32171,0.304981,0.426974,-0.548966,0.650627,37.9843
synthetic/images/img020451.jpg,synthetic_val,1,62125,1,62350,-0.421184,0.709362,0.554189,0.110838,11.5646
synthetic/images/img020500.jpg,synthetic_val,0,16711,0,16532,0.879772,0.357407,-0.247436,-0.19245,8.55206
synthetic/images/img020520.jpg,synthetic_val,1,12526,1,23535,-0.0228994,0.732782,0.480888,-0.480888,87.4472
synthetic/images/img020553.jpg,synthetic_val,0,50047,3,05551,-0.0223887,-0.694049,-0.067166,0.716438,168.674
synthetic/images/img020561.jpg,synthetic_val,3,53202,3,52313,0.420084,-0.140028,0.0280056,0.896179,3.03329
synthetic/images/img020568.jpg,synthetic_val,2,53751,0,26300,0.652789,-0.469192,0.509992,-0.305995,78.7175
synthetic/images/img020607.jpg,synthetic_val,2,27576,2,36464,0.0261087,0.548282,0.835478,-0.0261087,15.9477
synthetic/images/img020675.jpg,synthetic_val,0,50006,3,01676,-0.265003,-0.409549,-0.409549,0.770916,165.336
synthetic/images/img020747.jpg,synthetic_val,3,72250,3,72074,0.127453,0.535303,0.178434,0.8157,12.931
synthetic/images/img020767.jpg,synthetic_val,0,21336,0,26201,0.614137,-0.556561,0.479794,-0.287877,73.9846
synthetic/images/img020777.jpg,synthetic_val,1,23362,2,23614,-0.233937,0.531674,0.680543,-0.446606,20.3543
synthetic/images/img020824.jpg,synthetic_val,0,40305,0,40201,0.653879,-0.592578,-0.469975,0.0204337,15.6794
synthetic/images/img020904.jpg,synthetic_val,3,54574,2,47611,-0.21338,-0.165963,0.758686,0.592723,69.1395
synthetic/images/img021012.jpg,synthetic_val,2,51672,2,51663,0.442579,-0.395992,0.745396,0.302817,2.99263
synthetic/images/img021090.jpg,synthetic_val,3,06052,3,06430,-0.615707,-0.250844,-0.159628,0.729727,11.4937
synthetic/images/img021128.jpg,synthetic_val,2,47670,0,05402,0.691902,-0.324329,-0.627036,-0.151354,92.1925
synthetic/images/img021133.jpg,synthetic_val,1,25757,1,25747,-0.146114,0.935129,0.321451,-0.0292228,10.8684
synthetic/images/img021170.jpg,synthetic_val,3,53763,3,65141,-0.129488,0.0258977,0.543852,0.828726,91.5715
synthetic/images/img021177.jpg,synthetic_val,1,60351,1,60366,-0.538095,0.748653,0.350931,0.163768,21.8601
synthetic/images/img021178.jpg,synthetic_val,1,16717,1,17622,0.46047,0.866766,-0.0270864,-0.189605,14.8433
synthetic/images/img021233.jpg,synthetic_val,0,62320,0,26761,0.665081,-0.436459,0.60273,-0.0623513,12.3168
synthetic/images/img021263.jpg,synthetic_val,1,01063,1,01034,-0.211109,0.614137,-0.518178,-0.556561,5.99791
synthetic/images/img021266.jpg,synthetic_val,3,26463,3,22122,-0.416943,0.416943,-0.561967,0.580095,62.8824
synthetic/images/img021391.jpg,synthetic_val,0,43403,0,43414,0.828726,-0.284875,-0.388465,0.284875,8.15385
synthetic/images/img021392.jpg,synthetic_val,3,16057,3,16017,0.186352,-0.346083,-0.346083,0.851896,11.277
synthetic/images/img021394.jpg,synthetic_val,1,61777,1,70624,0.0275764,0.882444,0.358493,0.30334,13.7568
synthetic/images/img021438.jpg,synthetic_val,2,20164,2,20525,-0.47789,0.113783,0.728214,-0.47789,7.64539
synthetic/images/img021469.jpg,synthetic_val,3,64163,3,64340,-0.504916,0.197576,0.46101,0.702491,5.96765
synthetic/images/img021473.jpg,synthetic_val,1,52757,1,52773,0.398199,0.849491,-0.0265466,0.345106,13.2357
synthetic/images/img021577.jpg,synthetic_val,3,34612,3,34242,0.0280939,0.309033,-0.309033,0.899004,20.4997
synthetic/images/img021704.jpg,synthetic_val,3,21044,3,21404,-0.36477,0.024318,-0.510678,0.778177,9.67567
synthetic/images/img021724.jpg,synthetic_val,1,40632,2,65372,-0.0727821,0.36391,0.776342,0.509475,164.98
synthetic/images/img021806.jpg,synthetic_val,1,30462,1,21742,-0.177514,0.811493,0.278951,-0.481824,24.3408
synthetic/images/img021841.jpg,synthetic_val,1,10654,1,14212,0.120736,0.772712,-0.507093,-0.362209,7.71804
synthetic/images/img021879.jpg,synthetic_val,1,60270,3,03764,-0.189051,-0.0810219,-0.459124,0.864234,177.988
synthetic/images/img021883.jpg,synthetic_val,2,25514,2,34404,0.030846,0.030846,0.987072,-0.15423,13.6804
synthetic/images/img021893.jpg,synthetic_val,0,45213,0,45033,0.712167,-0.200297,-0.55638,0.378339,6.54338
synthetic/images/img021986.jpg,synthetic_val,1,41676,1,47032,-0.282609,0.822136,-0.231226,0.43676,20.7525
synthetic/images/img022004.jpg,synthetic_val,3,25257,3,25216,-0.29038,0.29038,-0.343176,0.844742,14.8796
synthetic/images/img022009.jpg,synthetic_val,2,36025,2,36432,0.123958,0.570209,0.793334,-0.173542,19.6656
synthetic/images/img022065.jpg,synthetic_val,2,34523,2,34750,0.362936,0.251263,0.893381,-0.0837545,13.3748
synthetic/images/img022067.jpg,synthetic_val,1,50353,1,50334,0.328824,0.809414,-0.480589,0.0758825,9.05762
synthetic/images/img022104.jpg,synthetic_val,2,13765,2,11212,0.392198,-0.392198,0.597635,-0.578959,52.8279
synthetic/images/img022115.jpg,synthetic_val,0,23756,0,23746,0.699798,-0.153081,0.590455,-0.371768,8.30015
synthetic/images/img022137.jpg,synthetic_val,0,70770,0,70777,0.776342,0.36391,0.36391,0.36391,6.93306
synthetic/images/img022231.jpg,synthetic_val,3,13642,3,13644,0.418384,-0.172276,-0.418384,0.787547,7.07912
synthetic/images/img022412.jpg,synthetic_val,1,37735,2,37032,0.445801,0.488258,0.679315,-0.318429,36.4275
synthetic/images/img022425.jpg,synthetic_val,0,61177,0,61177,0.954905,-0.0298408,0.208885,0.208885,3.82137
synthetic/images/img022541.jpg,synthetic_val,2,76702,2,76161,0.244324,0.466436,0.71076,0.466436,15.7472
synthetic/images/img022562.jpg,synthetic_val,3,03561,3,03542,-0.174836,-0.324696,-0.474555,0.799251,7.51552
synthetic/images/img022580.jpg,synthetic_val,3,26355,3,26154,-0.453539,0.405798,-0.214834,0.763856,20.9838
synthetic/images/img022612.jpg,synthetic_val,1,15672,1,17450,0.509475,0.776342,-0.36391,-0.0727821,3.32441
synthetic/images/img022635.jpg,synthetic_val,0,63731,0,22735,0.628176,-0.333718,0.569284,-0.41224,83.4155
synthetic/images/img022651.jpg,synthetic_val,0,01473,0,01613,0.702491,-0.197576,-0.46101,-0.504916,15.0854
synthetic/images/img022679.jpg,synthetic_val,1,23713,1,23333,-0.0184209,0.589468,0.571047,-0.571047,13.6545
synthetic/images/img022689.jpg,synthetic_val,2,27532,2,27134,-0.0740121,0.518084,0.789462,-0.320719,16.1291
synthetic/images/img022746.jpg,synthetic_val,1,25726,1,27506,-0.183261,0.837765,0.497423,-0.130901,9.2551
synthetic/images/img022750.jpg,synthetic_val,1,14775,1,14736,0.334878,0.824315,-0.437917,-0.128799,12.4088
synthetic/images/img022807.jpg,synthetic_val,1,12721,1,23412,-0.243843,0.709362,0.421184,-0.509854,84.0419
synthetic/images/img022845.jpg,synthetic_val,3,34544,3,16762,0.269529,-0.0299476,-0.0898429,0.958324,8.72095
synthetic/images/img022867.jpg,synthetic_val,3,41207,3,41230,-0.283358,-0.489437,0.0257599,0.824315,6.92445
synthetic/images/img022870.jpg,synthetic_val,0,74003,0,74002,0.879772,0.0274929,0.0824786,0.467379,7.24617
synthetic/images/img022888.jpg,synthetic_val,0,16343,0,16325,0.879772,0.302422,-0.0824786,-0.357407,10.8223
synthetic/images/img022929.jpg,synthetic_val,2,33542,2,33550,0.578268,0.338985,0.638089,-0.378865,8.85263
synthetic/images/img022945.jpg,synthetic_val,0,24445,3,65400,-0.34641,0.023094,0.57735,0.739008,148.118
synthetic/images/img023082.jpg,synthetic_val,3,43070,3,43055,-0.24236,-0.403933,0.188502,0.861723,12.7941
synthetic/images/img023085.jpg,synthetic_val,0,61365,0,61702,0.896179,-0.196039,0.308062,0.25205,12.131
synthetic/images/img023117.jpg,synthetic_val,1,52076,1,52214,0.150278,0.961781,-0.21039,0.090167,11.7901
synthetic/images/img023135.jpg,synthetic_val,2,63742,2,63717,-0.023094,0.623538,0.739008,0.254034,16.5364
synthetic/images/img023210.jpg,synthetic_val,2,32061,1,17066,0.442642,0.833209,-0.23434,-0.23434,137.495
synthetic/images/img023249.jpg,synthetic_val,0,74135,0,74133,0.80327,0.376533,0.175715,0.426737,9.90915
synthetic/images/img023254.jpg,synthetic_val,3,32554,3,32552,0.29707,0.434179,-0.434179,0.73125,5.7574
synthetic/images/img023274.jpg,synthetic_val,1,16376,3,03576,-0.0800926,-0.240278,-0.453858,0.854321,126.776
synthetic/images/img023358.jpg,synthetic_val,3,47140,3,47114,-0.0745586,-0.372793,0.472205,0.795292,12.6551
synthetic/images/img023402.jpg,synthetic_val,3,01650,3,01276,-0.242418,-0.374646,-0.55095,0.705215,19.7213
synthetic/images/img023432.jpg,synthetic_val,0,34507,0,34505,0.935129,0.321451,0.0292228,-0.146114,6.58178
synthetic/images/img023447.jpg,synthetic_val,3,35035,3,31742,0.541562,0.238287,-0.411587,0.6932,17.2929
synthetic/images/img023472.jpg,synthetic_val,3,47330,3,70003,0.0928922,0.0928922,0.0309641,0.99085,58.0473
synthetic/images/img023609.jpg,synthetic_val,1,35242,1,30770,0.313185,0.770916,0.313185,-0.457732,22.1669
synthetic/images/img023614.jpg,synthetic_val,1,61356,1,61305,-0.148152,0.948174,0.266674,0.0888913,16.3774
synthetic/images/img023617.jpg,synthetic_val,3,14210,3,16221,0.0842816,-0.0842816,-0.421408,0.899004,54.9633
synthetic/images/img023619.jpg,synthetic_val,2,71062,2,71423,0.488143,0.179842,0.822136,0.231226,10.7441
synthetic/images/img023626.jpg,synthetic_val,0,16475,0,16561,0.896179,0.308062,-0.308062,-0.0840168,11.1568
synthetic/images/img023672.jpg,synthetic_val,3,61352,3,61750,-0.0837545,0.251263,0.362936,0.893381,25.6453
synthetic/images/img023705.jpg,synthetic_val,1,06406,2,55647,0.359903,-0.397787,0.606152,0.58721,84.305
synthetic/images/img023733.jpg,synthetic_val,2,72652,2,72671,0.153375,0.635409,0.701141,0.284839,7.60798
synthetic/images/img023754.jpg,synthetic_val,2,42744,2,42636,-0.623538,-0.023094,0.739008,0.254034,23.2875
synthetic/images/img023819.jpg,synthetic_val,3,43310,3,43303,-0.152499,-0.152499,0.0304997,0.975991,10.2749
synthetic/images/img023852.jpg,synthetic_val,0,36036,0,36036,0.765603,0.119625,0.550277,-0.311026,2.05063
synthetic/images/img023869.jpg,synthetic_val,3,43401,3,41530,-0.0698809,-0.628928,0.209643,0.745396,45.2874
synthetic/images/img023880.jpg,synthetic_val,2,61477,0,60366,0.748653,-0.538095,0.350931,0.163768,171.708
synthetic/images/img023900.jpg,synthetic_val,2,65530,2,65536,-0.0704956,0.16449,0.751953,0.63446,5.09509
synthetic/images/img023903.jpg,synthetic_val,3,36727,3,36744,0.216319,0.600885,-0.0240354,0.769133,14.6241
synthetic/images/img023927.jpg,synthetic_val,3,06350,3,02755,-0.418384,-0.172276,-0.418384,0.787547,14.3674
synthetic/images/img023953.jpg,synthetic_val,2,27765,2,27767,-0.111497,0.691283,0.713582,-0.0222994,2.13473
synthetic/images/img023973.jpg,synthetic_val,3,26550,3,26572,-0.433275,0.524491,-0.0684119,0.729727,13.7547
synthetic/images/img023994.jpg,synthetic_val,1,21521,2,42305,-0.538108,-0.179369,0.819974,0.0768726,177.567
synthetic/images/img024016.jpg,synthetic_val,0,43137,0,43136,0.954905,-0.0895223,-0.268567,0.0895223,8.57764
synthetic/images/img024030.jpg,synthetic_val,1,46023,1,24425,-0.662695,0.73125,0.114258,-0.114258,63.7573
synthetic/images/img024071.jpg,synthetic_val,1,32672,2,16217,0.196657,-0.140469,0.899004,-0.36522,99.8651
synthetic/images/img024117.jpg,synthetic_val,3,13465,3,17007,0.457732,-0.313185,-0.313185,0.770916,10.7203
synthetic/images/img024207.jpg,synthetic_val,1,72253,1,72302,0.210099,0.74702,0.630298,0.0233444,12.3866
synthetic/images/img024215.jpg,synthetic_val,2,07356,2,16721,0.317146,-0.0864945,0.922608,-0.20182,45.6407
synthetic/images/img024216.jpg,synthetic_val,3,76635,3,76235,0.14676,0.608005,0.398348,0.670902,14.8777
synthetic/images/img024285.jpg,synthetic_val,0,47234,0,47220,0.813589,-0.38137,-0.0762739,0.432219,11.6601
synthetic/images/img024313.jpg,synthetic_val,0,66350,0,66355,0.644266,-0.342266,0.503333,0.463066,5.42998
synthetic/images/img024370.jpg,synthetic_val,1,74007,1,74032,0.134255,0.859235,0.187958,0.456468,13.6761
synthetic/images/img024441.jpg,synthetic_val,2,76161,1,40277,-0.560843,0.717879,-0.381373,0.157036,177.235
synthetic/images/img024455.jpg,synthetic_val,2,53041,2,51265,0.448458,-0.448458,0.755297,0.165221,9.9717
synthetic/images/img024536.jpg,synthetic_val,0,42161,0,42202,0.713582,-0.691283,-0.111497,0.0222994,30.7442
synthetic/images/img024596.jpg,synthetic_val,1,31261,1,31034,0.434959,0.662794,0.103562,-0.600657,21.7812
synthetic/images/img024615.jpg,synthetic_val,3,60654,3,60562,-0.546536,0.166337,0.308911,0.760398,8.35626
synthetic/images/img024625.jpg,synthetic_val,2,14752,2,14747,0.276124,-0.527146,0.80327,-0.0251022,9.2592
synthetic/images/img024654.jpg,synthetic_val,0,65010,0,65013,0.854321,-0.240278,0.0800926,0.453858,10.4381
synthetic/images/img024663.jpg,synthetic_val,1,35231,1,35306,0.567742,0.72671,0.249807,-0.295226,10.7981
synthetic/images/img024709.jpg,synthetic_val,1,05357,1,14246,0.0254246,0.813589,-0.533917,-0.228822,5.18596
synthetic/images/img024717.jpg,synthetic_val,0,04640,1,64400,-0.606678,0.626248,0.0195703,0.489256,71.8487
synthetic/images/img024799.jpg,synthetic_val,1,10374,1,13640,0.409549,0.770916,-0.168638,-0.457732,31.6957
synthetic/images/img024835.jpg,synthetic_val,3,73517,3,73530,0.59357,0.429826,0.184211,0.654974,7.89533
synthetic/images/img024836.jpg,synthetic_val,1,33545,1,33524,0.496929,0.636069,0.41742,-0.41742,15.6066
synthetic/images/img024897.jpg,synthetic_val,2,73655,3,17377,0.681854,-0.0219953,-0.197958,0.703849,132.281
synthetic/images/img024940.jpg,synthetic_val,3,03531,3,03144,-0.159628,-0.342059,-0.570099,0.729727,17.0276
synthetic/images/img024955.jpg,synthetic_val,0,73415,0,71766,0.698464,0.545675,0.327405,0.327405,10.8716
synthetic/images/img024969.jpg,synthetic_val,3,47537,1,56306,0.233079,0.828726,-0.129488,0.492056,167.01
synthetic/images/img024999.jpg,synthetic_val,1,25641,1,25754,-0.0898429,0.958324,0.269529,-0.0299476,34.4634
synthetic/images/img025050.jpg,synthetic_val,2,61251,2,61350,-0.0888913,0.266674,0.948174,0.148152,19.4356
synthetic/images/img025105.jpg,synthetic_val,1,61345,1,61360,-0.196657,0.899004,0.36522,0.140469,14.3013
synthetic/images/img025287.jpg,synthetic_val,2,17356,2,17371,0.674072,-0.0652328,0.695817,-0.239187,5.71272
synthetic/images/img025317.jpg,synthetic_val,1,52530,1,52145,0.292013,0.849491,-0.398199,0.185826,13.0302
synthetic/images/img025325.jpg,synthetic_val,0,42257,0,42502,0.753619,-0.541664,-0.306158,0.211955,24.242
synthetic/images/img025341.jpg,synthetic_val,1,72043,1,72126,0.222036,0.789462,0.567426,0.0740121,20.6758
synthetic/images/img025343.jpg,synthetic_val,0,44051,0,40527,0.680543,-0.446606,-0.531674,0.233937,19.5392
synthetic/images/img025360.jpg,synthetic_val,2,23332,1,30012,0.111276,0.712167,0.0667657,-0.689912,68.2612
synthetic/images/img025443.jpg,synthetic_val,2,72142,2,72140,0.238919,0.451292,0.849491,0.132733,5.06989
synthetic/images/img025451.jpg,synthetic_val,3,77014,3,75232,0.472059,0.337185,0.382143,0.719328,5.05755
synthetic/images/img025460.jpg,synthetic_val,0,13027,0,13225,0.676879,0.401897,-0.0634574,-0.613422,15.3084
synthetic/images/img025520.jpg,synthetic_val,3,04261,3,34030,0.138728,0.138728,-0.416185,0.887862,112.746
synthetic/images/img025535.jpg,synthetic_val,0,24141,0,06755,0.866766,-0.46047,-0.189605,-0.0270864,39.2838
synthetic/images/img025550.jpg,synthetic_val,1,01654,1,01654,-0.248275,0.722254,-0.51912,-0.383697,1.49275
synthetic/images/img025621.jpg,synthetic_val,0,25465,0,25467,0.907642,-0.368729,0.198547,-0.0283638,5.89649
synthetic/images/img025663.jpg,synthetic_val,2,50106,2,50053,0.158968,-0.658581,0.72671,0.113548,8.79465
synthetic/images/img025672.jpg,synthetic_val,2,25756,2,25770,-0.0862083,0.373569,0.919555,-0.0862083,10.6945
synthetic/images/img025700.jpg,synthetic_val,1,16410,1,25172,-0.0864945,0.922608,0.20182,-0.317146,79.0307
synthetic/images/img025773.jpg,synthetic_val,0,25702,0,25712,0.922608,-0.0864945,0.317146,-0.20182,10.906
synthetic/images/img025827.jpg,synthetic_val,3,45463,2,40553,-0.352715,-0.601691,0.663935,0.269723,44.841
synthetic/images/img025854.jpg,synthetic_val,2,34537,2,34751,0.409922,0.245953,0.8745,-0.0819844,7.87064
synthetic/images/img025877.jpg,synthetic_val,3,05125,2,00046,-0.527703,-0.493657,0.544725,-0.425567,167.636
synthetic/images/img025889.jpg,synthetic_val,0,35247,0,35612,0.791391,0.51935,0.272041,-0.173117,10.5823
synthetic/images/img026031.jpg,synthetic_val,2,30543,2,30540,0.234978,0.0261087,0.835478,-0.496065,7.58438
synthetic/images/img026076.jpg,synthetic_val,0,00766,0,00266,0.594328,-0.575755,-0.315737,-0.464318,20.3178
synthetic/images/img026107.jpg,synthetic_val,2,15447,2,15551,0.570273,-0.570273,0.588669,-0.0551877,22.2249
synthetic/images/img026156.jpg,synthetic_val,1,34223,1,34225,0.0810219,0.864234,0.351095,-0.351095,8.27975
synthetic/images/img026161.jpg,synthetic_val,2,41747,1,07364,-0.205262,0.93834,-0.0879694,-0.263908,104.983
synthetic/images/img026244.jpg,synthetic_val,0,03011,0,03011,0.668555,-0.188031,-0.313385,-0.647663,0.6916
synthetic/images/img026259.jpg,synthetic_val,1,25771,1,25735,-0.0286417,0.916533,0.372342,-0.143208,5.9956
synthetic/images/img026288.jpg,synthetic_val,1,55735,1,55773,0.555434,0.573351,-0.304593,0.5196,5.91096
synthetic/images/img026383.jpg,synthetic_val,0,35754,0,35743,0.737437,0.622212,0.253494,-0.0691347,6.75308
synthetic/images/img026418.jpg,synthetic_val,0,35117,3,31172,0.564091,0.13616,-0.525188,0.622446,150.768
synthetic/images/img026443.jpg,synthetic_val,1,04667,1,06073,-0.581081,0.743784,-0.209189,-0.255676,32.3696
synthetic/images/img026461.jpg,synthetic_val,2,70643,2,70656,0.13387,0.294514,0.856767,0.40161,8.32918
synthetic/images/img026465.jpg,synthetic_val,2,50114,1,05450,-0.239187,0.695817,-0.674072,-0.0652328,6.37542
synthetic/images/img026560.jpg,synthetic_val,3,47503,3,47542,-0.153375,-0.284839,0.635409,0.701141,6.85099
synthetic/images/img026608.jpg,synthetic_val,2,36213,2,36322,0.188031,0.647663,0.668555,-0.313385,8.28661
synthetic/images/img026641.jpg,synthetic_val,1,26726,2,26726,-0.456453,0.61522,0.635066,-0.099229,3.46862
synthetic/images/img026769.jpg,synthetic_val,0,70367,0,72043,0.849491,0.0796398,0.504385,0.132733,27.958
synthetic/images/img026806.jpg,synthetic_val,0,30514,1,61575,-0.0280056,0.896179,0.140028,0.420084,173.184
synthetic/images/img026853.jpg,synthetic_val,2,73400,0,17047,0.791391,0.469888,-0.321503,-0.222579,152.215
synthetic/images/img026898.jpg,synthetic_val,1,30465,2,23041,-0.276471,0.361538,0.680543,-0.574208,99.5796
synthetic/images/img026910.jpg,synthetic_val,3,00306,3,00342,-0.440762,-0.402435,-0.517416,0.613234,2.61901
synthetic/images/img027037.jpg,synthetic_val,0,36206,0,36200,0.739008,0.023094,0.57735,-0.34641,6.2288
synthetic/images/img027064.jpg,synthetic_val,0,61027,0,61026,0.88514,-0.41491,0.193624,0.0829819,5.44187
synthetic/images/img027065.jpg,synthetic_val,3,20011,3,20117,-0.365528,0.0645049,-0.623548,0.688053,18.5109
synthetic/images/img027095.jpg,synthetic_val,2,72525,2,72532,0.306158,0.541664,0.753619,0.211955,6.93275
synthetic/images/img027107.jpg,synthetic_val,0,05373,0,14234,0.805302,0.125828,-0.478148,-0.327154,17.9419
synthetic/images/img027178.jpg,synthetic_val,2,62221,2,46216,-0.583792,-0.10811,0.691902,0.410817,93.477
synthetic/images/img027202.jpg,synthetic_val,3,07116,3,07144,-0.188502,-0.403933,-0.24236,0.861723,18.5945
synthetic/images/img027219.jpg,synthetic_val,3,00354,3,00136,-0.35584,-0.468211,-0.543124,0.59931,8.9723
synthetic/images/img027236.jpg,synthetic_val,2,60137,2,70022,0.0304997,0.213498,0.975991,0.0304997,57.7919
synthetic/images/img027244.jpg,synthetic_val,2,12255,1,57033,0.524491,0.729727,-0.205236,0.387667,132.283
synthetic/images/img027319.jpg,synthetic_val,0,13606,0,13344,0.663935,0.518699,-0.145236,-0.518699,16.9764
synthetic/images/img027327.jpg,synthetic_val,0,40640,0,40021,0.628176,-0.569284,-0.530023,0.0196305,26.2391
synthetic/images/img027343.jpg,synthetic_val,2,24501,2,24522,-0.566049,0.172276,0.787547,-0.172276,16.4088
synthetic/images/img027470.jpg,synthetic_val,2,37703,1,73033,0.503945,0.701141,0.503945,0.0219107,31.7652
synthetic/images/img027473.jpg,synthetic_val,1,52145,1,52141,0.294514,0.856767,-0.40161,0.13387,8.29169
synthetic/images/img027492.jpg,synthetic_val,0,27101,0,25323,0.826512,-0.129142,0.387427,-0.387427,3.86147
synthetic/images/img027551.jpg,synthetic_val,1,50513,1,50116,0.287613,0.707972,-0.641599,0.0663723,16.935
synthetic/images/img027572.jpg,synthetic_val,1,07515,1,05766,-0.189605,0.866766,-0.46047,-0.0270864,21.0575
synthetic/images/img027611.jpg,synthetic_val,0,00023,0,00027,0.55445,-0.502471,-0.433164,-0.502471,3.20006
synthetic/images/img027620.jpg,synthetic_val,0,05547,0,44612,0.602702,-0.50853,-0.395523,0.470861,84.6323
synthetic/images/img027659.jpg,synthetic_val,1,35647,1,34771,0.397081,0.847106,0.344137,-0.0794162,13.355
synthetic/images/img027810.jpg,synthetic_val,2,12274,1,71075,0.570209,0.793334,0.123958,0.173542,179.221
synthetic/images/img027905.jpg,synthetic_val,3,36443,3,36462,0.0252942,0.581766,-0.0758825,0.809414,8.63015
synthetic/images/img027923.jpg,synthetic_val,1,57105,1,53550,0.610155,0.673274,-0.315597,0.273518,17.8948
synthetic/images/img027970.jpg,synthetic_val,1,64731,0,63606,0.698464,-0.327405,0.589329,0.240097,161.365
synthetic/images/img028119.jpg,synthetic_val,0,14624,0,14661,0.854321,0.0800926,-0.507253,-0.0800926,8.51692
synthetic/images/img028144.jpg,synthetic_val,1,07260,1,07247,-0.360694,0.887862,-0.138728,-0.249711,9.47516
synthetic/images/img028176.jpg,synthetic_val,0,21445,0,03666,0.8157,-0.38236,-0.0254906,-0.433341,9.63501
synthetic/images/img028238.jpg,synthetic_val,1,05723,1,05367,-0.132733,0.849491,-0.451292,-0.238919,6.39004
synthetic/images/img028244.jpg,synthetic_val,2,46056,0,07231,0.8745,-0.245953,-0.0819844,-0.409922,99.1979
synthetic/images/img028264.jpg,synthetic_val,2,27321,2,07722,-0.208885,-0.0298408,0.954905,-0.208885,86.2817
synthetic/images/img028305.jpg,synthetic_val,0,30241,0,30006,0.739008,0.023094,0.069282,-0.669726,16.376
synthetic/images/img028328.jpg,synthetic_val,1,03415,1,01763,-0.121303,0.776342,-0.412432,-0.460953,11.9108
synthetic/images/img028340.jpg,synthetic_val,2,23227,3,23213,-0.170236,0.510708,-0.586369,0.605284,140.349
synthetic/images/img028392.jpg,synthetic_val,1,55226,1,57000,0.397722,0.748653,-0.350931,0.397722,6.52042
synthetic/images/img028454.jpg,synthetic_val,2,60075,2,60144,-0.574462,0.0249766,0.799251,0.174836,12.0025
synthetic/images/img028462.jpg,synthetic_val,0,61121,0,61132,0.972379,-0.0911606,0.212708,0.0303869,10.0304
synthetic/images/img028512.jpg,synthetic_val,1,30111,3,10712,0.279521,-0.451535,-0.494538,0.688053,94.5759
synthetic/images/img028552.jpg,synthetic_val,1,30217,2,00455,-0.464318,-0.575755,0.594328,-0.315737,165.764
synthetic/images/img028553.jpg,synthetic_val,0,60435,0,60562,0.760398,-0.546536,0.166337,0.308911,9.00845
synthetic/images/img028593.jpg,synthetic_val,1,12114,1,41241,-0.311026,0.765603,-0.550277,0.119625,115.56
synthetic/images/img028614.jpg,synthetic_val,1,42320,1,42257,-0.602279,0.770916,-0.120456,0.168638,19.6242
synthetic/images/img028671.jpg,synthetic_val,2,71337,0,72607,0.737437,0.0691347,0.622212,0.253494,39.7736
synthetic/images/img028682.jpg,synthetic_val,3,61007,3,61033,-0.26482,0.205971,0.0294245,0.941584,18.7706
synthetic/images/img028710.jpg,synthetic_val,3,16131,3,13616,0.47789,-0.113783,-0.47789,0.728214,25.982
synthetic/images/img028711.jpg,synthetic_val,2,74232,2,61377,-0.0277457,0.416185,0.887862,0.19422,33.2966
synthetic/images/img028724.jpg,synthetic_val,1,03566,1,07136,-0.0837545,0.893381,-0.251263,-0.362936,16.535
synthetic/images/img028888.jpg,synthetic_val,1,04356,1,04722,-0.52891,0.735875,-0.390934,-0.160973,17.2209
synthetic/images/img028921.jpg,synthetic_val,0,71073,0,71003,0.856767,0.508706,0.0803219,0.026774,16.0392
synthetic/images/img028940.jpg,synthetic_val,0,02623,1,64060,-0.626167,0.646366,0.100995,0.424178,11.4923
synthetic/images/img028985.jpg,synthetic_val,3,43027,3,43023,-0.364073,-0.25205,0.0280056,0.896179,6.97337
synthetic/images/img029009.jpg,synthetic_val,1,55241,1,55700,0.472203,0.604419,-0.434426,0.472203,12.8603
synthetic/images/img029027.jpg,synthetic_val,3,53535,0,63416,0.793334,-0.272709,0.471042,0.272709,56.9973
synthetic/images/img029045.jpg,synthetic_val,0,64101,0,64141,0.732782,-0.480888,0.0228994,0.480888,10.4853
synthetic/images/img029053.jpg,synthetic_val,1,40764,1,53640,0.434472,0.817829,-0.1789,0.332243,117.589
synthetic/images/img029096.jpg,synthetic_val,2,00362,2,00362,-0.453604,-0.335272,0.631101,-0.532492,2.1067
synthetic/images/img029133.jpg,synthetic_val,1,71305,1,71352,0.646684,0.713582,0.245294,0.111497,7.50406
synthetic/images/img029253.jpg,synthetic_val,2,07750,2,07741,-0.150278,-0.21039,0.961781,-0.090167,5.10906
synthetic/images/img029259.jpg,synthetic_val,3,60256,3,60075,-0.602279,0.120456,0.168638,0.770916,16.9744
synthetic/images/img029275.jpg,synthetic_val,1,15243,1,15353,0.614253,0.634068,-0.416107,-0.217961,23.727
synthetic/images/img029279.jpg,synthetic_val,1,12350,1,12344,0.21338,0.758686,-0.165963,-0.592723,8.29278
synthetic/images/img029307.jpg,synthetic_val,1,27461,1,27470,-0.275431,0.801253,0.525822,-0.0751175,4.29368
synthetic/images/img029339.jpg,synthetic_val,0,07675,0,07707,0.965275,-0.150824,-0.150824,-0.150824,19.2112
synthetic/images/img029407.jpg,synthetic_val,2,70723,2,70742,0.240966,0.294514,0.856767,0.348062,16.4812
synthetic/images/img029430.jpg,synthetic_val,1,16523,1,16354,0.357407,0.879772,-0.19245,-0.247436,12.6626
synthetic/images/img029610.jpg,synthetic_val,1,62714,1,62532,-0.425385,0.716438,0.51494,0.201498,4.19229
synthetic/images/img029628.jpg,synthetic_val,1,34335,1,30776,0.314649,0.774521,0.363057,-0.411464,12.9565
synthetic/images/img029648.jpg,synthetic_val,1,15711,1,35020,0.430001,0.809414,0.126471,-0.379413,81.5198
synthetic/images/img029658.jpg,synthetic_val,1,70063,1,70063,0.090167,0.961781,0.21039,0.150278,2.20734
synthetic/images/img029703.jpg,synthetic_val,1,47124,1,47124,-0.177514,0.811493,-0.278951,0.481824,2.3301
synthetic/images/img029714.jpg,synthetic_val,1,46224,1,64001,-0.624704,0.689329,0.0215415,0.366206,9.66522
synthetic/images/img029716.jpg,synthetic_val,2,51753,0,52666,0.904735,0.028273,-0.028273,0.424094,100.658
synthetic/images/img029760.jpg,synthetic_val,1,35000,1,31060,0.37392,0.703849,0.109976,-0.593873,31.7152
synthetic/images/img029768.jpg,synthetic_val,0,23143,0,23045,0.697136,-0.283212,0.370354,-0.544638,21.7786
synthetic/images/img029808.jpg,synthetic_val,0,42651,0,00212,0.569705,-0.480689,-0.373869,-0.551902,105.631
synthetic/images/img029830.jpg,synthetic_val,0,25474,0,25467,0.907642,-0.368729,0.198547,-0.0283638,10.5397
synthetic/images/img029931.jpg,synthetic_val,3,56765,0,56300,0.842397,0.236924,-0.184274,0.447523,137.002
synthetic/images/img029982.jpg,synthetic_val,0,53260,0,53225,0.854321,0.507253,-0.0800926,0.0800926,10.7622
synthetic/images/img029995.jpg,synthetic_val,1,65324,1,65325,-0.125828,0.805302,0.327154,0.478148,4.45386
synthetic/images/img030030.jpg,synthetic_val,0,41032,0,41044,0.673274,-0.315597,-0.652234,0.147279,18.3629
synthetic/images/img030033.jpg,synthetic_val,1,45573,1,75024,0.412432,0.776342,0.121303,0.460953,92.2453
synthetic/images/img030041.jpg,synthetic_val,0,54073,0,04777,0.799251,-0.424602,-0.424602,-0.0249766,90.6056
synthetic/images/img030088.jpg,synthetic_val,0,52622,0,70402,0.958324,0.0299476,0.0898429,0.269529,14.9267
synthetic/images/img030110.jpg,synthetic_val,2,36320,3,03775,-0.0274929,-0.0824786,-0.467379,0.879772,95.6183
synthetic/images/img030137.jpg,synthetic_val,2,13252,2,13235,0.469192,-0.061199,0.652789,-0.59159,6.49895
synthetic/images/img030209.jpg,synthetic_val,0,74602,0,65532,0.774521,-0.0726113,0.169426,0.605095,14.1671
synthetic/images/img030230.jpg,synthetic_val,1,03064,1,24207,-0.624704,0.689329,0.236957,-0.28004,74.0646
synthetic/images/img030342.jpg,synthetic_val,0,61147,0,61417,0.910577,-0.2561,0.0853666,0.313011,17.3155
synthetic/images/img030367.jpg,synthetic_val,1,16363,1,32434,0.113783,0.728214,0.47789,-0.47789,68.8383
synthetic/images/img030417.jpg,synthetic_val,3,36714,3,72517,0.360531,0.456673,0.264389,0.769133,45.6915
synthetic/images/img030435.jpg,synthetic_val,3,44064,2,45126,-0.154266,-0.55095,0.705215,0.418722,58.4743
synthetic/images/img030437.jpg,synthetic_val,0,03306,0,03303,0.709362,-0.110838,-0.110838,-0.687194,5.57321
synthetic/images/img030445.jpg,synthetic_val,1,07710,1,16621,0.0908257,0.968808,-0.0908257,-0.211927,24.5484
synthetic/images/img030535.jpg,synthetic_val,0,35423,0,34354,0.869321,0.353162,0.244497,-0.244497,21.4584
synthetic/images/img030606.jpg,synthetic_val,2,56033,2,05334,-0.0758825,-0.480589,0.809414,-0.328824,100.866
synthetic/images/img030610.jpg,synthetic_val,3,35445,3,35405,0.505813,0.0266217,-0.133109,0.851896,11.1575
synthetic/images/img030637.jpg,synthetic_val,1,35224,2,30630,0.119625,0.311026,0.765603,-0.550277,89.7833
synthetic/images/img030750.jpg,synthetic_val,2,17331,1,72410,0.132733,0.849491,0.451292,0.238919,148.792
synthetic/images/img030899.jpg,synthetic_val,1,41266,1,47211,-0.236924,0.842397,-0.184274,0.447523,47.4243
synthetic/images/img030974.jpg,synthetic_val,1,01723,1,01703,-0.111276,0.712167,-0.46736,-0.51187,10.8502
synthetic/images/img031002.jpg,synthetic_val,3,76071,0,26575,0.763856,-0.405798,0.50128,-0.0238705,162.148
synthetic/images/img031029.jpg,synthetic_val,0,73160,0,73533,0.628176,0.608545,0.451501,0.176674,13.7944
synthetic/images/img031045.jpg,synthetic_val,3,07442,3,07444,-0.390567,-0.390567,-0.0260378,0.833209,7.75063
synthetic/images/img031080.jpg,synthetic_val,0,46250,3,45607,-0.267431,-0.432004,0.555433,0.658291,148.258
synthetic/images/img031218.jpg,synthetic_val,2,63153,2,27476,-0.268773,0.561979,0.781884,-0.0244339,37.0764
synthetic/images/img031245.jpg,synthetic_val,2,15727,2,71656,0.493469,0.258484,0.751953,0.352478,95.9339
synthetic/images/img031304.jpg,synthetic_val,1,25654,1,61033,-0.26482,0.941584,0.205971,0.0294245,9.87958
synthetic/images/img031323.jpg,synthetic_val,1,34602,1,25715,-0.0297351,0.951522,0.267615,-0.148675,9.48391
synthetic/images/img031365.jpg,synthetic_val,1,61503,1,61146,-0.208145,0.951522,0.0892052,0.208145,6.86093
synthetic/images/img031457.jpg,synthetic_val,2,10154,2,15024,0.361538,-0.574208,0.680543,-0.276471,27.9386
synthetic/images/img031546.jpg,synthetic_val,1,53033,2,16014,0.131625,-0.394874,0.842397,-0.342224,129.27
synthetic/images/img031608.jpg,synthetic_val,1,71423,1,71600,0.442642,0.833209,0.23434,0.23434,9.0972
synthetic/images/img031640.jpg,synthetic_val,2,14767,2,14473,0.169426,-0.605095,0.774521,-0.0726113,24.0295
synthetic/images/img031646.jpg,synthetic_val,0,63024,0,63256,0.729727,-0.250844,0.615707,0.159628,22.6324
synthetic/images/img031689.jpg,synthetic_val,1,32516,1,70153,0.418772,0.893381,0.0837545,0.139591,86.8204
synthetic/images/img031700.jpg,synthetic_val,0,03263,0,21256,0.735875,-0.252957,0.252957,-0.574903,29.887
synthetic/images/img031702.jpg,synthetic_val,2,34127,2,34737,0.387427,0.387427,0.826512,-0.129142,35.954
synthetic/images/img031729.jpg,synthetic_val,0,20146,0,66100,0.6932,-0.498237,0.368262,0.368262,113.504
synthetic/images/img031737.jpg,synthetic_val,3,54574,2,42706,-0.557996,-0.121303,0.776342,0.266868,115.493
synthetic/images/img031791.jpg,synthetic_val,2,15711,0,26575,0.763856,-0.405798,0.50128,-0.0238705,25.3965
synthetic/images/img031804.jpg,synthetic_val,2,06117,2,07010,-0.275431,-0.375587,0.801253,-0.375587,17.973
synthetic/images/img031806.jpg,synthetic_val,3,37544,3,73501,0.585988,0.368955,0.195329,0.694504,22.8055
synthetic/images/img031931.jpg,synthetic_val,0,51410,1,13070,0.436459,0.665081,-0.228622,-0.561162,105.621
synthetic/images/img031940.jpg,synthetic_val,0,56015,3,34441,0.0928922,0.0309641,-0.0928922,0.99085,110.909
synthetic/images/img031979.jpg,synthetic_val,3,21761,0,21772,0.795292,-0.0745586,0.372793,-0.472205,91.8195
synthetic/images/img031991.jpg,synthetic_val,2,43705,2,43527,-0.141365,-0.254457,0.904735,0.311003,6.67235
synthetic/images/img032000.jpg,synthetic_val,2,73254,2,73633,0.451501,0.608545,0.628176,0.176674,10.8935
synthetic/images/img032002.jpg,synthetic_val,0,67015,0,61212,0.899004,-0.309033,0.309033,0.0280939,51.5322
synthetic/images/img032051.jpg,synthetic_val,0,43173,0,43361,0.972379,-0.151934,-0.0911606,0.151934,21.6348
synthetic/images/img032273.jpg,synthetic_val,3,70055,3,12774,0.33667,-0.0776931,-0.440261,0.828726,77.1709
synthetic/images/img032286.jpg,synthetic_val,3,52230,2,43624,-0.403933,-0.0807866,0.861723,0.296217,148.972
synthetic/images/img032307.jpg,synthetic_val,0,61652,0,61260,0.842397,-0.394874,0.342224,0.131625,28.9544
synthetic/images/img032343.jpg,synthetic_val,0,72067,0,72401,0.854321,0.0800926,0.453858,0.240278,13.853
synthetic/images/img032388.jpg,synthetic_val,3,75147,0,47126,0.822136,-0.179842,-0.231226,0.488143,96.6542
synthetic/images/img032401.jpg,synthetic_val,3,03203,2,30102,0.197576,0.0658586,0.702491,-0.680538,8.17469
synthetic/images/img032404.jpg,synthetic_val,1,34361,3,00534,-0.375888,-0.534156,-0.415455,0.633074,53.6044
synthetic/images/img032469.jpg,synthetic_val,1,11250,3,27621,-0.284839,0.635409,-0.153375,0.701141,177.975
synthetic/images/img032513.jpg,synthetic_val,1,71161,2,74330,0.319941,0.319941,0.787547,0.418384,105.499
synthetic/images/img032542.jpg,synthetic_val,0,07633,0,07726,0.965275,-0.211154,-0.0301648,-0.150824,6.26383
synthetic/images/img032587.jpg,synthetic_val,1,06351,1,56000,0.0254906,0.8157,-0.38236,0.433341,102.921
synthetic/images/img032698.jpg,synthetic_val,2,75172,2,47377,-0.0253592,-0.0253592,0.811493,0.583261,77.5074
synthetic/images/img032702.jpg,synthetic_val,0,26014,0,26071,0.680543,-0.531674,0.446606,-0.233937,14.0703
synthetic/images/img032826.jpg,synthetic_val,2,22752,2,07640,-0.41491,-0.193624,0.88514,-0.0829819,97.6631
synthetic/images/img032858.jpg,synthetic_val,1,44610,0,22745,0.656074,-0.430548,0.512558,-0.348539,31.1017
synthetic/images/img032926.jpg,synthetic_val,0,43100,0,43347,0.954905,-0.149204,-0.149204,0.208885,39.0846
synthetic/images/img032972.jpg,synthetic_val,1,52577,1,52572,0.342224,0.842397,-0.236924,0.342224,6.99621
synthetic/images/img032988.jpg,synthetic_val,3,42113,3,47401,-0.287613,-0.331862,0.553103,0.707972,65.2309
synthetic/images/img033037.jpg,synthetic_val,0,56112,0,52475,0.849491,0.185826,-0.292013,0.398199,16.5422
synthetic/images/img033094.jpg,synthetic_val,3,00652,0,06776,0.859235,-0.510171,-0.0268511,-0.0268511,148.275
synthetic/images/img033123.jpg,synthetic_val,1,06705,1,06714,-0.497423,0.837765,-0.183261,-0.130901,7.20134
synthetic/images/img033157.jpg,synthetic_val,3,74246,3,64355,-0.387667,0.205236,0.524491,0.729727,47.8868
synthetic/images/img033170.jpg,synthetic_val,1,73443,1,42735,-0.447523,0.842397,-0.0789747,0.289574,124.998
synthetic/images/img033186.jpg,synthetic_val,0,07613,0,07372,0.941584,-0.0882735,-0.0294245,-0.323669,24.5818
synthetic/images/img033208.jpg,synthetic_val,0,35525,3,35533,0.67923,0.153375,-0.153375,0.701141,119.605
synthetic/images/img033285.jpg,synthetic_val,1,72534,1,72012,0.133109,0.851896,0.505813,0.0266217,35.9819
synthetic/images/img033352.jpg,synthetic_val,0,12354,0,12527,0.783758,0.269417,-0.220432,-0.514341,11.0011
synthetic/images/img033356.jpg,synthetic_val,1,13605,1,03376,-0.0736543,0.785646,-0.0245514,-0.613786,65.7855
synthetic/images/img033366.jpg,synthetic_val,3,63050,3,61360,-0.196657,0.36522,0.140469,0.899004,14.0435
synthetic/images/img033412.jpg,synthetic_val,0,67422,3,74004,0.0268511,0.0268511,0.510171,0.859235,91.256
synthetic/images/img033440.jpg,synthetic_val,1,36436,1,36445,0.0824786,0.879772,0.467379,-0.0274929,18.9766
synthetic/images/img033472.jpg,synthetic_val,0,03107,0,03145,0.734324,-0.114738,-0.344214,-0.57369,8.79903
synthetic/images/img033493.jpg,synthetic_val,3,64554,3,55130,0.540102,-0.502853,0.316611,0.595974,136.686
synthetic/images/img033543.jpg,synthetic_val,0,06150,0,07066,0.851896,-0.399326,-0.239596,-0.239596,15.6857
synthetic/images/img033550.jpg,synthetic_val,3,43333,2,34400,0.0304997,0.0304997,0.975991,-0.213498,157.603
synthetic/images/img033611.jpg,synthetic_val,0,01343,2,34214,0.138728,0.249711,0.887862,-0.360694,164.331
synthetic/images/img033628.jpg,synthetic_val,1,04703,2,07566,-0.205971,-0.26482,0.941584,-0.0294245,113.944
synthetic/images/img033635.jpg,synthetic_val,2,45474,3,32663,0.0618195,0.638802,-0.391524,0.659408,159.868
synthetic/images/img033725.jpg,synthetic_val,1,56367,1,74113,0.38137,0.813589,0.0762739,0.432219,23.497
synthetic/images/img033732.jpg,synthetic_val,2,56470,2,56447,0.0645049,-0.279521,0.688053,0.666551,10.7887
synthetic/images/img033763.jpg,synthetic_val,2,67150,2,61774,-0.0794162,0.344137,0.847106,0.397081,18.8669
synthetic/images/img033800.jpg,synthetic_val,3,65273,3,67146,-0.157993,0.428838,0.51912,0.722254,12.0418
synthetic/images/img033831.jpg,synthetic_val,2,23052,2,30074,0.121303,0.121303,0.776342,-0.606517,52.8151
synthetic/images/img033878.jpg,synthetic_val,0,66025,0,66024,0.606152,-0.58721,0.397787,0.359903,4.65762
synthetic/images/img033889.jpg,synthetic_val,1,13503,1,13451,0.497305,0.691902,-0.324329,-0.410817,11.4672
synthetic/images/img033911.jpg,synthetic_val,0,73446,2,12473,0.179842,-0.231226,0.822136,-0.488143,154.803
synthetic/images/img033982.jpg,synthetic_val,1,74651,2,14473,0.169426,-0.605095,0.774521,-0.0726113,146.88
synthetic/images/img033987.jpg,synthetic_val,0,32155,0,33444,0.735875,0.390934,0.390934,-0.390934,16.7929
synthetic/images/img034061.jpg,synthetic_val,3,64254,3,64506,-0.480524,0.0626771,0.564094,0.668555,18.3076
synthetic/images/img034124.jpg,synthetic_val,1,25167,1,25164,-0.203864,0.931951,0.145617,-0.262111,8.02417
synthetic/images/img034217.jpg,synthetic_val,2,34465,2,34461,0.0918415,0.153069,0.979643,-0.0918415,9.44352
synthetic/images/img034230.jpg,synthetic_val,1,16722,1,16722,0.26482,0.941584,-0.0294245,-0.205971,3.29747
synthetic/images/img034355.jpg,synthetic_val,3,42770,3,42723,-0.533917,-0.0254246,0.228822,0.813589,12.8587
synthetic/images/img034447.jpg,synthetic_val,2,43211,2,43231,-0.269529,-0.0898429,0.958324,0.0299476,10.5604
synthetic/images/img034491.jpg,synthetic_val,3,72145,3,72125,0.275431,0.525822,0.0751175,0.801253,17.3362
synthetic/images/img034526.jpg,synthetic_val,3,70401,3,70414,0.146114,0.0292228,0.321451,0.935129,8.89115
synthetic/images/img034552.jpg,synthetic_val,1,07372,1,34047,0.0895223,0.954905,0.0895223,-0.268567,24.976
synthetic/images/img034582.jpg,synthetic_val,0,24207,2,24177,-0.447523,0.184274,0.842397,-0.236924,163.023
synthetic/images/img034633.jpg,synthetic_val,0,72422,0,72401,0.854321,0.0800926,0.453858,0.240278,14.1525
synthetic/images/img034688.jpg,synthetic_val,1,62716,3,07340,-0.198547,-0.198547,-0.312002,0.907642,177.415
synthetic/images/img034784.jpg,synthetic_val,1,24047,0,04651,0.684267,-0.534584,-0.491817,-0.06415,62.3911
synthetic/images/img034788.jpg,synthetic_val,2,03241,2,03214,-0.243843,-0.155173,0.709362,-0.642859,5.49434
synthetic/images/img034792.jpg,synthetic_val,1,26545,1,26552,-0.453539,0.763856,0.453539,-0.0716115,7.30622
synthetic/images/img034828.jpg,synthetic_val,0,35440,0,34540,0.958324,0.269529,0.0299476,-0.0898429,24.1462
synthetic/images/img034884.jpg,synthetic_val,2,01363,2,01773,-0.0244339,-0.415376,0.781884,-0.464244,21.2518
synthetic/images/img034926.jpg,synthetic_val,0,56701,0,50433,0.758686,0.165963,-0.592723,0.21338,67.4905
synthetic/images/img034928.jpg,synthetic_val,0,43110,2,07057,-0.244497,-0.353162,0.869321,-0.244497,112.128
synthetic/images/img034950.jpg,synthetic_val,3,16640,3,16663,0.0928922,-0.0309641,-0.0928922,0.99085,20.4471
synthetic/images/img034959.jpg,synthetic_val,3,24471,3,12276,0.122169,-0.0244339,-0.610847,0.781884,111.567
synthetic/images/img035004.jpg,synthetic_val,0,16453,0,16540,0.8745,0.245953,-0.409922,-0.0819844,9.02686
synthetic/images/img035083.jpg,synthetic_val,0,70432,0,70433,0.922608,0.20182,0.20182,0.259483,8.13727
synthetic/images/img035109.jpg,synthetic_val,3,23645,3,27217,-0.201095,0.603286,-0.290471,0.715006,14.177
synthetic/images/img035117.jpg,synthetic_val,3,46106,3,46102,-0.512887,-0.289893,0.37909,0.713582,6.21682
synthetic/images/img035323.jpg,synthetic_val,3,11643,3,14036,0.116468,-0.582341,-0.302817,0.745396,42.3356
synthetic/images/img035360.jpg,synthetic_val,2,35475,2,75200,0.414388,0.219382,0.780024,0.414388,52.0838
synthetic/images/img035363.jpg,synthetic_val,2,52735,0,16410,0.879772,0.137464,-0.412393,-0.19245,170.38
synthetic/images/img035420.jpg,synthetic_val,1,11665,1,15230,0.463699,0.706589,-0.419537,-0.331214,6.7195
synthetic/images/img035463.jpg,synthetic_val,0,45412,0,45407,0.608779,-0.247316,-0.551706,0.513657,4.81323
synthetic/images/img035471.jpg,synthetic_val,1,77615,3,14572,0.30414,-0.584885,-0.0701862,0.748653,164.89
synthetic/images/img035480.jpg,synthetic_val,1,14067,1,14420,0.0235506,0.753619,-0.635866,-0.164854,7.57204
synthetic/images/img035529.jpg,synthetic_val,2,05607,2,05434,-0.252424,-0.619586,0.734324,-0.114738,16.0185
synthetic/images/img035542.jpg,synthetic_val,2,26556,2,61226,-0.389512,0.389512,0.830959,0.0779024,16.8066
synthetic/images/img035593.jpg,synthetic_val,2,04270,1,34011,0.19422,0.887862,0.0277457,-0.416185,141
synthetic/images/img035633.jpg,synthetic_val,1,34241,1,34245,0.0867835,0.925691,0.260351,-0.260351,5.53036
synthetic/images/img035646.jpg,synthetic_val,1,17343,2,12412,0.119625,-0.311026,0.765603,-0.550277,170.312
synthetic/images/img035697.jpg,synthetic_val,2,12625,1,52027,0.0895223,0.954905,-0.268567,0.0895223,137.797
synthetic/images/img035716.jpg,synthetic_val,3,47145,3,47503,-0.116468,-0.302817,0.582341,0.745396,5.62091
synthetic/images/img035721.jpg,synthetic_val,1,65345,2,61370,-0.0856444,0.371126,0.91354,0.142741,110.235
synthetic/images/img035738.jpg,synthetic_val,3,60506,0,07470,0.896179,-0.308062,-0.308062,-0.0840168,95.8636
synthetic/images/img035865.jpg,synthetic_val,2,47251,1,03742,-0.183261,0.837765,-0.130901,-0.497423,123.092
synthetic/images/img035878.jpg,synthetic_val,0,31624,0,31744,0.712167,0.55638,0.200297,-0.378339,26.6088
synthetic/images/img035889.jpg,synthetic_val,1,34466,1,25572,-0.0908257,0.968808,0.211927,-0.0908257,11.6389
synthetic/images/img035905.jpg,synthetic_val,2,03032,2,03014,-0.233937,-0.319005,0.680543,-0.616742,15.4897
synthetic/images/img035941.jpg,synthetic_val,0,61446,0,60574,0.791391,-0.469888,0.123655,0.370965,10.2273
synthetic/images/img035944.jpg,synthetic_val,0,24000,1,60051,-0.610847,0.781884,0.0244339,0.122169,27.6295
synthetic/images/img035980.jpg,synthetic_val,3,44670,3,45666,-0.30006,-0.340068,0.620124,0.640128,24.7816
synthetic/images/img035984.jpg,synthetic_val,0,26542,2,76545,0.224771,0.347373,0.653879,0.633445,150.246
synthetic/images/img036016.jpg,synthetic_val,2,72177,2,73601,0.415505,0.546718,0.699798,0.196818,10.2265
synthetic/images/img036050.jpg,synthetic_val,0,11336,0,10615,0.707972,0.154869,-0.508855,-0.464606,52.2493
synthetic/images/img036090.jpg,synthetic_val,1,47514,1,03677,-0.240966,0.856767,-0.026774,-0.455158,136.708
synthetic/images/img036117.jpg,synthetic_val,0,60271,2,50217,0.179369,-0.538108,0.819974,0.0768726,90.9634
synthetic/images/img036168.jpg,synthetic_val,2,31320,3,35302,0.559717,0.246276,-0.33583,0.716438,146.774
synthetic/images/img036230.jpg,synthetic_val,2,72145,0,72624,0.717879,0.0224337,0.650578,0.246771,74.8909
synthetic/images/img036263.jpg,synthetic_val,0,42105,0,42277,0.776342,-0.606517,-0.0242607,0.169825,45.1105
synthetic/images/img036315.jpg,synthetic_val,0,61276,3,25724,-0.196657,0.36522,-0.140469,0.899004,159.887
synthetic/images/img036342.jpg,synthetic_val,3,34275,3,34655,0.205971,0.26482,-0.0294245,0.941584,25.6464
synthetic/images/img036380.jpg,synthetic_val,2,13407,2,13714,0.597589,-0.144246,0.659408,-0.432737,27.8219
synthetic/images/img036421.jpg,synthetic_val,3,23166,1,20774,-0.442579,0.745396,0.302817,-0.395992,179.765
synthetic/images/img036436.jpg,synthetic_val,1,65320,1,65316,-0.0770752,0.822136,0.282609,0.488143,15.3662
synthetic/images/img036506.jpg,synthetic_val,3,35131,3,35173,0.667787,0.150791,-0.236957,0.689329,8.67551
synthetic/images/img036521.jpg,synthetic_val,3,62142,3,60267,-0.627036,0.324329,0.151354,0.691902,18.8682
synthetic/images/img036537.jpg,synthetic_val,2,14403,1,54664,0.0206416,0.660531,-0.39219,0.63989,69.5965
synthetic/images/img036551.jpg,synthetic_val,1,56350,1,56333,0.38236,0.8157,-0.0254906,0.433341,19.9347
synthetic/images/img036576.jpg,synthetic_val,3,10762,3,10733,0.329929,-0.37392,-0.505892,0.703849,18.2997
synthetic/images/img036737.jpg,synthetic_val,1,21643,1,21437,-0.225352,0.801253,0.175274,-0.525822,15.7674
synthetic/images/img036770.jpg,synthetic_val,0,16012,2,36411,0.186352,0.45257,0.851896,-0.186352,177.21
synthetic/images/img036772.jpg,synthetic_val,2,21027,3,02337,-0.366206,-0.0215415,-0.624704,0.689329,78.2726
synthetic/images/img036781.jpg,synthetic_val,2,51537,0,67342,0.675671,-0.147803,0.570097,0.443409,45.8479
synthetic/images/img036846.jpg,synthetic_val,1,52242,1,42317,-0.463196,0.871899,-0.136234,0.0817405,61.2796
synthetic/images/img036879.jpg,synthetic_val,1,43723,1,43673,-0.25205,0.896179,-0.0280056,0.364073,15.4824
synthetic/images/img036891.jpg,synthetic_val,1,60351,2,65113,-0.0274929,0.0824786,0.879772,0.467379,139.005
synthetic/images/img036892.jpg,synthetic_val,2,23512,1,62014,-0.596185,0.706589,0.375376,0.0662428,107.865
synthetic/images/img036908.jpg,synthetic_val,2,47376,1,76000,0.0249766,0.799251,0.424602,0.424602,113.326
synthetic/images/img036985.jpg,synthetic_val,1,30444,2,23454,-0.265003,0.409549,0.770916,-0.409549,111.633
synthetic/images/img037098.jpg,synthetic_val,3,06436,3,56002,0.0259675,-0.337577,0.441447,0.830959,104.535
synthetic/images/img037184.jpg,synthetic_val,3,50323,0,50600,0.791391,0.024731,-0.568812,0.222579,136.355
synthetic/images/img037240.jpg,synthetic_val,0,75001,0,06750,0.842397,-0.500173,-0.184274,-0.0789747,133.855
synthetic/images/img037270.jpg,synthetic_val,0,25502,0,25174,0.948174,-0.0888913,0.148152,-0.266674,16.4107
synthetic/images/img037296.jpg,synthetic_val,2,66270,1,04321,-0.463699,0.706589,-0.419537,-0.331214,154.001
synthetic/images/img037335.jpg,synthetic_val,0,32031,0,25642,0.861723,-0.403933,0.296217,-0.0807866,94.7601
synthetic/images/img037351.jpg,synthetic_val,2,07014,2,07041,-0.331378,-0.38236,0.8157,-0.280397,5.37753
synthetic/images/img037362.jpg,synthetic_val,2,70200,2,65170,-0.0774855,0.129142,0.826512,0.542398,65.8249
synthetic/images/img037501.jpg,synthetic_val,2,17651,2,10421,0.0626771,-0.564094,0.668555,-0.480524,91.8057
synthetic/images/img037527.jpg,synthetic_val,1,60063,2,70633,0.188502,0.403933,0.861723,0.24236,137.718
synthetic/images/img037596.jpg,synthetic_val,1,45324,1,45224,-0.337869,0.720787,-0.427967,0.427967,20.8199
synthetic/images/img037627.jpg,synthetic_val,3,62732,0,07272,0.899004,-0.309033,-0.0280939,-0.309033,82.9771
synthetic/images/img037634.jpg,synthetic_val,1,72714,1,43773,-0.0289278,0.925691,-0.0289278,0.376062,85.3009
synthetic/images/img037688.jpg,synthetic_val,1,60132,1,61034,-0.320358,0.931951,0.145617,0.0873704,23.3043
synthetic/images/img037698.jpg,synthetic_val,1,32772,2,00751,-0.362194,-0.490028,0.681778,-0.404805,161.416
synthetic/images/img037719.jpg,synthetic_val,0,56106,3,34424,0.0304997,0.152499,-0.152499,0.975991,111.437
synthetic/images/img037815.jpg,synthetic_val,0,40223,1,02101,-0.407863,0.621506,-0.291331,-0.602084,111.358
synthetic/images/img037871.jpg,synthetic_val,1,52274,1,52271,0.21039,0.961781,-0.090167,0.150278,11.6028
synthetic/images/img037909.jpg,synthetic_val,3,15453,3,15541,0.517416,-0.59407,-0.0574907,0.613234,6.83631
synthetic/images/img037913.jpg,synthetic_val,0,07047,0,63044,0.80327,-0.376533,0.426737,0.175715,103.465
synthetic/images/img037944.jpg,synthetic_val,3,02772,0,70171,0.887862,0.416185,0.138728,0.138728,137.306
synthetic/images/img037970.jpg,synthetic_val,2,16640,2,43315,-0.0303869,-0.212708,0.972379,0.0911606,20.216
synthetic/images/img038078.jpg,synthetic_val,0,41571,3,44353,-0.362854,-0.448231,0.448231,0.683019,143.129
synthetic/images/img038101.jpg,synthetic_val,2,34656,0,34254,0.919555,0.143681,0.258625,-0.258625,129.059
synthetic/images/img038105.jpg,synthetic_val,0,70127,0,71061,0.844742,0.501565,0.131991,0.131991,23.0405
synthetic/images/img038122.jpg,synthetic_val,2,34670,2,34344,0.252845,0.252845,0.899004,-0.252845,27.5065
synthetic/images/img038164.jpg,synthetic_val,2,13475,2,34212,0.13387,0.294514,0.856767,-0.40161,78.4394
synthetic/images/img038191.jpg,synthetic_val,2,72245,0,12644,0.866766,0.0270864,-0.189605,-0.46047,161.534
synthetic/images/img038212.jpg,synthetic_val,0,14426,0,14165,0.72373,0.248782,-0.610647,-0.203549,30.7291
synthetic/images/img038276.jpg,synthetic_val,3,74555,3,07261,-0.357407,-0.0824786,-0.302422,0.879772,146.419
synthetic/images/img038281.jpg,synthetic_val,1,40673,0,16676,0.987072,0.15423,-0.030846,-0.030846,129.389
synthetic/images/img038314.jpg,synthetic_val,3,10732,3,10776,0.308911,-0.403961,-0.403961,0.760398,12.6982
synthetic/images/img038448.jpg,synthetic_val,0,32175,0,33025,0.619639,0.36791,0.406638,-0.561547,11.4266
synthetic/images/img038540.jpg,synthetic_val,0,56507,0,56147,0.745396,0.25623,-0.302817,0.535754,8.6132
synthetic/images/img038588.jpg,synthetic_val,3,62460,0,60265,0.701141,-0.635409,0.284839,0.153375,116.671
synthetic/images/img038649.jpg,synthetic_val,1,41572,1,41712,-0.0760775,0.811493,-0.532542,0.228232,10.5979
synthetic/images/img038680.jpg,synthetic_val,2,67321,3,52370,0.371126,-0.0856444,0.142741,0.91354,138.196
synthetic/images/img038752.jpg,synthetic_val,0,16276,0,25571,0.983336,-0.0307293,0.153646,-0.0921878,37.2881
synthetic/images/img038758.jpg,synthetic_val,2,33254,2,42030,-0.623538,-0.254034,0.739008,0.023094,171.997
synthetic/images/img038773.jpg,synthetic_val,0,70017,0,70015,0.972379,0.212708,0.0303869,0.0911606,9.79628
synthetic/images/img038791.jpg,synthetic_val,2,12755,2,66445,-0.5196,0.304593,0.573351,0.555434,177.414
synthetic/images/img038795.jpg,synthetic_val,0,61744,0,65133,0.866766,-0.0270864,0.189605,0.46047,19.8408
synthetic/images/img038871.jpg,synthetic_val,3,34647,0,34430,0.954905,0.149204,0.149204,-0.208885,169.822
synthetic/images/img038882.jpg,synthetic_val,1,76204,1,47423,-0.298319,0.734324,-0.206529,0.57369,98.5858
synthetic/images/img038909.jpg,synthetic_val,1,40276,0,16304,0.879772,0.247436,-0.19245,-0.357407,142.371
synthetic/images/img038990.jpg,synthetic_val,0,02234,0,02266,0.626248,-0.606678,-0.0195703,-0.489256,13.7752
synthetic/images/img039018.jpg,synthetic_val,3,26470,3,26446,-0.63989,0.39219,-0.0206416,0.660531,11.8823
synthetic/images/img039049.jpg,synthetic_val,2,50611,2,50256,0.127453,-0.535303,0.8157,0.178434,6.45669
synthetic/images/img039065.jpg,synthetic_val,0,06705,0,06561,0.801253,-0.525822,-0.275431,-0.0751175,12.6467
synthetic/images/img039069.jpg,synthetic_val,3,10644,3,14150,0.272554,-0.649937,-0.230623,0.670902,40.3528
synthetic/images/img039103.jpg,synthetic_val,1,56023,1,52641,0.0848189,0.904735,-0.197911,0.367549,10.4256
synthetic/images/img039122.jpg,synthetic_val,3,60745,1,35557,0.694049,0.716438,0.067166,-0.0223887,158.677
synthetic/images/img039196.jpg,synthetic_val,0,12274,0,12252,0.753619,0.117753,-0.117753,-0.635866,6.12403
synthetic/images/img039259.jpg,synthetic_val,0,52105,0,52015,0.88514,0.193624,-0.41491,0.0829819,13.5571
synthetic/images/img039268.jpg,synthetic_val,1,61364,0,03662,0.797264,-0.373718,-0.0249145,-0.473376,107.708
synthetic/images/img039371.jpg,synthetic_val,2,70167,2,70172,0.36522,0.196657,0.899004,0.140469,11.2039
synthetic/images/img039383.jpg,synthetic_val,0,31114,3,13603,0.431484,-0.113548,-0.522323,0.72671,154.769
synthetic/images/img039505.jpg,synthetic_val,3,12630,3,50236,0.136234,-0.463196,0.0817405,0.871899,90.6088
synthetic/images/img039575.jpg,synthetic_val,3,51120,3,55201,0.404805,-0.490028,0.362194,0.681778,41.3418
synthetic/images/img039604.jpg,synthetic_val,0,55750,1,55700,0.472203,0.604419,-0.434426,0.472203,15.8943
synthetic/images/img039614.jpg,synthetic_val,3,14103,3,14100,0.188031,-0.647663,-0.313385,0.668555,4.45407
synthetic/images/img039645.jpg,synthetic_val,2,76103,2,76134,0.291053,0.470162,0.716438,0.425385,5.79365
synthetic/images/img039691.jpg,synthetic_val,3,50250,2,42704,-0.554096,-0.168638,0.770916,0.265003,139.792
synthetic/images/img039693.jpg,synthetic_val,2,41123,1,70744,0.239596,0.851896,0.239596,0.399326,136.962
synthetic/images/img039715.jpg,synthetic_val,2,40323,2,40725,-0.475923,-0.430597,0.725215,0.249293,26.4201
synthetic/images/img039779.jpg,synthetic_val,2,23115,2,21136,-0.0684119,0.159628,0.729727,-0.661315,26.4291
synthetic/images/img039785.jpg,synthetic_val,1,16302,1,16307,0.300609,0.8745,-0.136641,-0.355266,8.83517
synthetic/images/img039798.jpg,synthetic_val,0,53312,2,00700,-0.450116,-0.450116,0.626248,-0.450116,90.1719
synthetic/images/img039801.jpg,synthetic_val,2,34447,2,34447,0.0928922,0.0928922,0.99085,-0.0309641,3.09633
synthetic/images/img039823.jpg,synthetic_val,3,63506,3,63433,-0.217325,0.555387,0.217325,0.772712,14.3027
synthetic/images/img039897.jpg,synthetic_val,0,61025,0,61053,0.948174,-0.266674,0.0888913,0.148152,15.2918
synthetic/images/img039902.jpg,synthetic_val,1,37765,2,37431,0.508855,0.464606,0.707972,-0.154869,29.2173
synthetic/images/img039965.jpg,synthetic_val,1,23674,1,23724,-0.144246,0.659408,0.597589,-0.432737,14.4262
synthetic/images/img039989.jpg,synthetic_val,1,43272,1,43430,-0.299715,0.871899,-0.299715,0.245222,33.5059
synthetic/images/img039993.jpg,synthetic_val,0,50532,0,50256,0.8157,0.127453,-0.535303,0.178434,20.6113
synthetic/images/img040008.jpg,synthetic_val,0,15433,3,43172,-0.0888913,-0.266674,0.148152,0.948174,132.849
synthetic/images/img040043.jpg,synthetic_val,1,47176,1,47127,-0.129488,0.828726,-0.233079,0.492056,12.885
synthetic/images/img040047.jpg,synthetic_val,1,26013,1,24334,-0.457732,0.770916,0.313185,-0.313185,17.5811
synthetic/images/img040056.jpg,synthetic_val,2,22504,2,27434,-0.27406,0.523205,0.797264,-0.124573,48.5777
synthetic/images/img040058.jpg,synthetic_val,3,17732,3,17353,0.671537,-0.108312,-0.238287,0.6932,11.763
synthetic/images/img040066.jpg,synthetic_val,3,60646,0,01611,0.688053,-0.193515,-0.494538,-0.494538,27.5669
synthetic/images/img040100.jpg,synthetic_val,1,03471,1,03540,-0.17186,0.785646,-0.368271,-0.466477,12.3187
synthetic/images/img040134.jpg,synthetic_val,2,50346,2,50253,0.178434,-0.535303,0.8157,0.127453,6.96159
synthetic/images/img040165.jpg,synthetic_val,0,11341,1,14073,0.164128,0.750298,-0.58617,-0.257915,65.8599
synthetic/images/img040211.jpg,synthetic_val,1,43307,1,43317,-0.0307293,0.983336,-0.153646,0.0921878,17.14
synthetic/images/img040227.jpg,synthetic_val,2,52300,2,16645,0.0911606,-0.212708,0.972379,-0.0303869,18.5594
synthetic/images/img040231.jpg,synthetic_val,1,50571,1,55007,0.373556,0.629146,-0.570164,0.373556,13.5024
synthetic/images/img040237.jpg,synthetic_val,2,04234,3,43704,-0.198547,-0.198547,0.312002,0.907642,164.525
synthetic/images/img040240.jpg,synthetic_val,3,25557,2,07771,-0.0309641,-0.0928922,0.99085,-0.0928922,161.869
synthetic/images/img040272.jpg,synthetic_val,3,30677,0,34416,0.972379,0.151934,0.0911606,-0.151934,169.485
synthetic/images/img040315.jpg,synthetic_val,2,14372,2,14377,0.372793,-0.422499,0.795292,-0.223676,7.12331
synthetic/images/img040461.jpg,synthetic_val,1,52216,1,52217,0.21039,0.961781,-0.150278,0.090167,9.99233
synthetic/images/img040505.jpg,synthetic_val,3,67015,3,67166,-0.151637,0.498237,0.498237,0.6932,17.3126
synthetic/images/img040619.jpg,synthetic_val,2,47167,0,16424,0.935129,0.0292228,-0.321451,-0.146114,127.844
synthetic/images/img040683.jpg,synthetic_val,2,40173,1,07332,-0.084549,0.901856,-0.028183,-0.422745,116.538
synthetic/images/img040709.jpg,synthetic_val,0,64517,0,65443,0.707972,-0.287613,0.0663723,0.641599,9.74454
synthetic/images/img040764.jpg,synthetic_val,0,64552,0,65443,0.707972,-0.287613,0.0663723,0.641599,14.0039
synthetic/images/img040861.jpg,synthetic_val,0,01217,0,01236,0.670902,-0.230623,-0.356417,-0.608005,11.0191
synthetic/images/img040894.jpg,synthetic_val,0,34516,0,34743,0.896179,0.308062,0.308062,-0.0840168,24.4528
synthetic/images/img040899.jpg,synthetic_val,0,35242,0,35222,0.762121,0.404877,0.357244,-0.357244,12.8695
synthetic/images/img041039.jpg,synthetic_val,3,52347,3,52651,0.194821,-0.194821,0.36181,0.890609,23.689
synthetic/images/img041082.jpg,synthetic_val,2,44510,2,67071,-0.201903,0.471108,0.717879,0.471108,126.802
synthetic/images/img041126.jpg,synthetic_val,0,03751,0,70421,0.948174,0.0888913,0.148152,0.266674,101.557
synthetic/images/img041213.jpg,synthetic_val,1,27312,1,23734,-0.0623513,0.665081,0.60273,-0.436459,14.4377
synthetic/images/img041258.jpg,synthetic_val,2,52062,2,52034,0.145617,-0.320358,0.931951,0.0873704,13.4108
synthetic/images/img041268.jpg,synthetic_val,2,03705,2,03161,-0.114738,-0.252424,0.734324,-0.619586,17.0052
synthetic/images/img041312.jpg,synthetic_val,3,50237,2,57066,0.387667,-0.205236,0.729727,0.524491,93.3878
synthetic/images/img041372.jpg,synthetic_val,1,47276,2,57130,0.608005,-0.230623,0.670902,0.356417,163.503
synthetic/images/img041438.jpg,synthetic_val,0,06373,0,52424,0.899004,0.0280939,-0.309033,0.309033,96.6065
synthetic/images/img041484.jpg,synthetic_val,0,00500,1,00131,-0.310221,0.583945,-0.492704,-0.565697,169.441
synthetic/images/img041490.jpg,synthetic_val,2,52776,2,76036,0.113548,0.522323,0.72671,0.431484,73.6054
synthetic/images/img041516.jpg,synthetic_val,0,01553,0,10623,0.743784,0.0697297,-0.395135,-0.534595,30.7973
synthetic/images/img041528.jpg,synthetic_val,2,65131,2,61547,-0.139591,0.0837545,0.893381,0.418772,15.8746
synthetic/images/img041542.jpg,synthetic_val,3,42306,1,14636,0.135432,0.866766,-0.46047,-0.135432,142.763
synthetic/images/img041593.jpg,synthetic_val,3,34211,3,34340,0.248946,0.248946,-0.304267,0.88514,14.0812
synthetic/images/img041612.jpg,synthetic_val,3,16256,3,16276,0.148675,-0.0297351,-0.267615,0.951522,12.5016
synthetic/images/img041614.jpg,synthetic_val,3,56305,3,56126,0.228822,-0.228822,0.483068,0.813589,7.08713
synthetic/images/img041766.jpg,synthetic_val,0,20562,0,76124,0.732782,0.206095,0.480888,0.435089,141.305
synthetic/images/img041937.jpg,synthetic_val,1,55605,2,31012,0.425569,0.0607955,0.648486,-0.628221,129.347
synthetic/images/img041957.jpg,synthetic_val,1,63746,1,63675,-0.193158,0.686784,0.622398,0.32193,5.59937
synthetic/images/img041970.jpg,synthetic_val,0,22065,3,72062,0.0251657,0.578811,0.125828,0.805302,104.317
synthetic/images/img041987.jpg,synthetic_val,3,23153,3,32257,0.14209,0.548061,-0.507464,0.649554,24.9842
synthetic/images/img042058.jpg,synthetic_val,1,12663,2,14172,0.295226,-0.567742,0.72671,-0.249807,139.434
synthetic/images/img042077.jpg,synthetic_val,1,10763,1,11056,0.387893,0.591074,-0.535661,-0.461777,27.365
synthetic/images/img042148.jpg,synthetic_val,2,12024,3,47537,-0.0233444,-0.210099,0.630298,0.74702,178.367
synthetic/images/img042158.jpg,synthetic_val,2,72365,2,72325,0.246276,0.649272,0.716438,0.067166,9.72107
synthetic/images/img042207.jpg,synthetic_val,0,14664,0,14645,0.809414,0.0758825,-0.581766,-0.0252942,11.3609
synthetic/images/img042224.jpg,synthetic_val,1,26422,1,26426,-0.61522,0.635066,0.456453,-0.099229,5.00303
synthetic/images/img042240.jpg,synthetic_val,1,04265,2,62635,-0.489256,0.567537,0.626248,0.215273,134.178
synthetic/images/img042262.jpg,synthetic_val,3,46575,2,46566,-0.451501,-0.176674,0.628176,0.608545,12.2273
synthetic/images/img042304.jpg,synthetic_val,1,52226,3,16624,0.0307293,-0.0921878,-0.153646,0.983336,177.659
synthetic/images/img042342.jpg,synthetic_val,2,31204,0,37154,0.676879,0.613422,0.359592,-0.190372,89.087
synthetic/images/img042362.jpg,synthetic_val,0,53223,0,17667,0.859235,0.510171,-0.0268511,-0.0268511,5.28671
synthetic/images/img042375.jpg,synthetic_val,2,25521,2,25570,-0.0918415,0.153069,0.979643,-0.0918415,14.1876
synthetic/images/img042417.jpg,synthetic_val,0,23315,0,32143,0.676879,0.232677,0.401897,-0.571117,29.86
synthetic/images/img042464.jpg,synthetic_val,0,56326,0,56372,0.791391,0.321503,-0.024731,0.51935,8.81059
synthetic/images/img042511.jpg,synthetic_val,2,34322,1,30775,0.363057,0.774521,0.314649,-0.411464,76.293
synthetic/images/img042547.jpg,synthetic_val,3,16735,3,12736,0.321503,-0.024731,-0.51935,0.791391,47.6405
synthetic/images/img042637.jpg,synthetic_val,2,13754,0,17477,0.791391,0.568812,-0.222579,-0.024731,149.488
synthetic/images/img042717.jpg,synthetic_val,3,71166,1,60333,-0.433341,0.8157,0.38236,0.0254906,176.417
synthetic/images/img042757.jpg,synthetic_val,0,17352,2,21412,-0.268133,0.0731272,0.780024,-0.560642,169.268
synthetic/images/img042797.jpg,synthetic_val,1,37713,1,53227,0.508706,0.856767,-0.026774,0.0803219,74.438
synthetic/images/img042810.jpg,synthetic_val,0,32464,0,36053,0.811493,0.177514,0.481824,-0.278951,26.3323
synthetic/images/img042899.jpg,synthetic_val,3,73511,3,71734,0.624704,0.28004,0.236957,0.689329,10.0578
synthetic/images/img042943.jpg,synthetic_val,0,24256,2,74612,0.118015,0.259633,0.755297,0.590076,176.914
synthetic/images/img042996.jpg,synthetic_val,3,40214,3,04655,-0.535564,-0.492719,-0.0214226,0.685522,10.4919
synthetic/images/img042998.jpg,synthetic_val,1,67631,2,57632,0.459243,-0.0218687,0.699798,0.546718,111.439
synthetic/images/img043046.jpg,synthetic_val,3,43316,3,43355,-0.0298408,-0.208885,0.208885,0.954905,17.7025
synthetic/images/img043062.jpg,synthetic_val,3,16621,3,16601,0.0892052,-0.208145,-0.208145,0.951522,14.817
synthetic/images/img043067.jpg,synthetic_val,3,70540,3,70470,0.141819,0.141819,0.368729,0.907642,19.4976
synthetic/images/img043078.jpg,synthetic_val,2,70337,2,72111,0.38236,0.433341,0.8157,0.0254906,4.74014
synthetic/images/img043079.jpg,synthetic_val,1,53113,2,02552,-0.434179,-0.29707,0.73125,-0.434179,90.348
synthetic/images/img043137.jpg,synthetic_val,1,72316,1,72312,0.296452,0.729727,0.615707,0.022804,6.78765
synthetic/images/img043209.jpg,synthetic_val,2,02375,2,02326,-0.469975,-0.0204337,0.653879,-0.592578,13.9572
synthetic/images/img043253.jpg,synthetic_val,1,32003,1,13243,0.410817,0.691902,-0.10811,-0.583792,72.3339
synthetic/images/img043270.jpg,synthetic_val,2,35606,2,35650,0.532542,0.228232,0.811493,-0.0760775,12.4989
synthetic/images/img043309.jpg,synthetic_val,3,54136,3,50772,0.319941,-0.418384,0.319941,0.787547,20.6748
synthetic/images/img043360.jpg,synthetic_val,2,24543,2,24571,-0.463196,0.136234,0.871899,-0.0817405,11.6077
synthetic/images/img043370.jpg,synthetic_val,0,04226,0,60444,0.680543,-0.659276,0.021267,0.319005,79.8295
synthetic/images/img043404.jpg,synthetic_val,3,25507,1,14643,0.0779024,0.830959,-0.545317,-0.0779024,173.867
synthetic/images/img043545.jpg,synthetic_val,2,52640,2,53602,0.451292,-0.132733,0.849491,0.238919,52.6706
synthetic/images/img043552.jpg,synthetic_val,0,47133,1,17147,0.603286,0.715006,-0.290471,-0.201095,124.497
synthetic/images/img043634.jpg,synthetic_val,2,52332,3,17363,0.623538,-0.023094,-0.254034,0.739008,174.826
synthetic/images/img043651.jpg,synthetic_val,2,27344,2,27504,-0.187958,0.456468,0.859235,-0.134255,22.0285
synthetic/images/img043686.jpg,synthetic_val,2,06263,2,24104,-0.554096,0.0240911,0.770916,-0.313185,14.4694
synthetic/images/img043794.jpg,synthetic_val,3,51254,0,43146,0.890609,-0.194821,-0.36181,0.194821,105.692
synthetic/images/img043823.jpg,synthetic_val,0,03754,0,56233,0.866766,0.189605,-0.0270864,0.46047,117.525
synthetic/images/img043871.jpg,synthetic_val,1,35076,1,14332,0.314649,0.774521,-0.411464,-0.363057,78.2297
synthetic/images/img043969.jpg,synthetic_val,0,30306,0,30103,0.695817,0.239187,0.0652328,-0.674072,19.8506
synthetic/images/img043984.jpg,synthetic_val,1,01554,1,01541,-0.102684,0.65718,-0.636643,-0.390201,6.29061
synthetic/images/img044163.jpg,synthetic_val,0,76256,0,76200,0.72671,0.0227097,0.567742,0.386065,15.6753
synthetic/images/img044210.jpg,synthetic_val,0,43356,0,12246,0.781884,0.0244339,-0.122169,-0.610847,98.9061
synthetic/images/img044262.jpg,synthetic_val,0,75235,0,75271,0.688053,0.494538,0.279521,0.451535,5.07521
synthetic/images/img044274.jpg,synthetic_val,0,56560,3,53375,0.685847,-0.0663723,0.154869,0.707972,59.3727
synthetic/images/img044289.jpg,synthetic_val,1,30305,3,30073,0.162703,0.162703,-0.627568,0.743784,127.022
synthetic/images/img044456.jpg,synthetic_val,0,06654,1,07217,-0.249711,0.887862,-0.138728,-0.360694,84.6565
synthetic/images/img044489.jpg,synthetic_val,0,50770,0,50707,0.774521,0.266242,-0.508279,0.266242,10.7604
synthetic/images/img044568.jpg,synthetic_val,2,77622,2,75205,0.444513,0.210559,0.748653,0.444513,49.0544
synthetic/images/img044597.jpg,synthetic_val,2,67362,2,76033,0.160973,0.52891,0.735875,0.390934,39.1465
synthetic/images/img044607.jpg,synthetic_val,3,56755,3,56521,0.252957,-0.252957,0.574903,0.735875,18.5037
synthetic/images/img044635.jpg,synthetic_val,0,43536,2,42065,-0.642859,-0.243843,0.709362,0.155173,90.0195
synthetic/images/img044728.jpg,synthetic_val,1,01362,2,03457,-0.227648,-0.328824,0.809414,-0.430001,151.696
synthetic/images/img044747.jpg,synthetic_val,0,51175,2,31500,0.535564,0.0214226,0.685522,-0.492719,171.092
synthetic/images/img044752.jpg,synthetic_val,1,34751,3,32577,0.329929,0.505892,-0.37392,0.703849,128.847
synthetic/images/img044771.jpg,synthetic_val,3,73775,0,75704,0.645313,0.504151,0.181494,0.544483,14.3763
synthetic/images/img044799.jpg,synthetic_val,1,62544,1,60365,-0.511891,0.780024,0.316885,0.17063,22.8624
synthetic/images/img044806.jpg,synthetic_val,0,52524,2,07267,-0.364073,-0.0280056,0.896179,-0.25205,95.7416
synthetic/images/img044817.jpg,synthetic_val,3,27512,3,72054,0.134255,0.456468,0.187958,0.859235,48.3575
synthetic/images/img044822.jpg,synthetic_val,0,56255,0,56304,0.822136,0.231226,-0.179842,0.488143,11.5155
synthetic/images/img044848.jpg,synthetic_val,2,04472,3,00777,-0.390934,-0.390934,-0.390934,0.735875,166.261
synthetic/images/img044900.jpg,synthetic_val,3,14332,3,45221,-0.302817,-0.442579,0.395992,0.745396,118.045
synthetic/images/img045019.jpg,synthetic_val,1,56354,1,37260,0.356417,0.670902,0.608005,-0.230623,133.783
synthetic/images/img045041.jpg,synthetic_val,3,53617,0,15525,0.639106,0.539246,-0.539246,-0.0998603,169.436
synthetic/images/img045055.jpg,synthetic_val,3,07236,3,05722,-0.186352,-0.45257,-0.186352,0.851896,51.5714
synthetic/images/img045094.jpg,synthetic_val,0,26530,0,76120,0.74702,0.210099,0.490232,0.396854,101.889
synthetic/images/img045229.jpg,synthetic_val,1,27434,1,27474,-0.276124,0.80327,0.527146,-0.0251022,9.7953
synthetic/images/img045341.jpg,synthetic_val,3,24627,3,26476,-0.565081,0.481365,-0.0209289,0.669726,22.3756
synthetic/images/img045435.jpg,synthetic_val,1,61774,1,76200,0.0227097,0.72671,0.567742,0.386065,32.0733
synthetic/images/img045454.jpg,synthetic_val,1,74412,0,72146,0.822136,0.231226,0.488143,0.179842,130.602
synthetic/images/img045462.jpg,synthetic_val,3,61646,3,62145,-0.494563,0.40036,0.164854,0.753619,31.4625
synthetic/images/img045465.jpg,synthetic_val,1,23576,1,23744,-0.157036,0.717879,0.560843,-0.381373,8.74933
synthetic/images/img045497.jpg,synthetic_val,3,25660,3,25275,-0.244497,0.353162,-0.244497,0.869321,25.3665
synthetic/images/img045510.jpg,synthetic_val,0,65760,0,65442,0.698464,-0.327405,0.065481,0.632983,31.5908
synthetic/images/img045517.jpg,synthetic_val,1,17026,1,17023,0.462042,0.778177,-0.218862,-0.36477,6.01167
synthetic/images/img045578.jpg,synthetic_val,1,43536,1,43531,-0.0285481,0.91354,-0.314029,0.256933,7.58009
synthetic/images/img045639.jpg,synthetic_val,1,36710,2,74133,0.376533,0.175715,0.80327,0.426737,100.806
synthetic/images/img045709.jpg,synthetic_val,3,30620,3,34007,0.0862083,0.0862083,-0.373569,0.919555,36.3154
synthetic/images/img045763.jpg,synthetic_val,2,23007,1,33060,0.341162,0.642187,0.421435,-0.541845,83.7744
synthetic/images/img045775.jpg,synthetic_val,2,63253,2,63167,-0.123958,0.570209,0.793334,0.173542,16.8848
synthetic/images/img045806.jpg,synthetic_val,1,26257,1,26526,-0.501067,0.697136,0.501067,-0.108928,10.548
synthetic/images/img045906.jpg,synthetic_val,2,42203,1,12323,0.239641,0.697136,-0.0217855,-0.675351,148.102
synthetic/images/img045908.jpg,synthetic_val,0,01572,3,55106,0.468211,-0.543124,0.35584,0.59931,169.505
synthetic/images/img045939.jpg,synthetic_val,0,46601,2,46406,-0.57735,-0.242115,0.595974,0.502853,174.224
synthetic/images/img045985.jpg,synthetic_val,3,34035,3,34074,0.147122,0.147122,-0.26482,0.941584,10.5554
synthetic/images/img045988.jpg,synthetic_val,2,72670,0,72332,0.689329,0.28004,0.667787,0.0215415,86.0192
synthetic/images/img046073.jpg,synthetic_val,1,70341,1,70175,0.412393,0.879772,0.137464,0.19245,15.4201
synthetic/images/img046184.jpg,synthetic_val,1,16703,1,16612,0.149204,0.954905,-0.149204,-0.208885,21.493
synthetic/images/img046213.jpg,synthetic_val,0,57612,0,57607,0.691902,0.410817,-0.10811,0.583792,8.73771
synthetic/images/img046223.jpg,synthetic_val,2,65355,0,65630,0.72671,-0.249807,0.295226,0.567742,122.386
synthetic/images/img046244.jpg,synthetic_val,2,13423,1,73011,0.535754,0.745396,0.395992,0.0232936,139.087
synthetic/images/img046251.jpg,synthetic_val,3,23565,3,27217,-0.201095,0.603286,-0.290471,0.715006,20.3658
synthetic/images/img046265.jpg,synthetic_val,1,75721,1,75046,0.395135,0.743784,0.0697297,0.534595,30.5164
synthetic/images/img046280.jpg,synthetic_val,2,27462,2,27604,-0.344214,0.57369,0.734324,-0.114738,7.80357
synthetic/images/img046316.jpg,synthetic_val,1,50034,1,50520,0.205664,0.73125,-0.616992,0.205664,20.6463
synthetic/images/img046341.jpg,synthetic_val,1,52200,1,16651,0.208145,0.951522,-0.208145,-0.0892052,22.8084
synthetic/images/img046345.jpg,synthetic_val,3,62177,0,24373,0.785646,-0.417374,0.368271,-0.270066,96.3195
synthetic/images/img046357.jpg,synthetic_val,1,74576,3,34376,0.33577,0.387427,-0.232456,0.826512,59.067
synthetic/images/img046404.jpg,synthetic_val,3,41255,3,41653,-0.217325,-0.507093,0.313914,0.772712,16.4459
synthetic/images/img046414.jpg,synthetic_val,3,25556,3,25543,-0.153069,0.0918415,-0.0918415,0.979643,12.0841
synthetic/images/img046484.jpg,synthetic_val,2,77215,2,77027,0.398348,0.482211,0.670902,0.398348,7.09493
synthetic/images/img046488.jpg,synthetic_val,2,64162,2,27510,-0.0810219,0.459124,0.864234,-0.189051,99.9492
synthetic/images/img046539.jpg,synthetic_val,0,45347,0,45307,0.743784,-0.116216,-0.488108,0.441622,7.58661
synthetic/images/img046555.jpg,synthetic_val,3,27752,3,72073,0.173542,0.570209,0.123958,0.793334,36.2468
synthetic/images/img046570.jpg,synthetic_val,0,12245,0,12254,0.770916,0.120456,-0.168638,-0.602279,7.78024
synthetic/images/img046574.jpg,synthetic_val,1,43643,1,43643,-0.349064,0.859235,-0.134255,0.349064,2.97742
synthetic/images/img046608.jpg,synthetic_val,2,60217,2,60211,-0.600885,0.216319,0.769133,0.0240354,6.22838
synthetic/images/img046629.jpg,synthetic_val,1,54126,1,70151,0.420084,0.896179,0.0280056,0.140028,81.0019
synthetic/images/img046697.jpg,synthetic_val,0,37075,1,32714,0.273518,0.673274,0.525995,-0.441836,62.2392
synthetic/images/img046763.jpg,synthetic_val,0,57645,0,57457,0.617788,0.444035,-0.250976,0.598482,13.7349
synthetic/images/img046828.jpg,synthetic_val,1,05654,1,07647,-0.372342,0.916533,-0.143208,-0.0286417,53.647
synthetic/images/img046831.jpg,synthetic_val,1,45610,1,77044,0.368262,0.6932,0.368262,0.498237,124.958
synthetic/images/img046836.jpg,synthetic_val,3,06714,3,06705,-0.535303,-0.178434,-0.127453,0.8157,5.0228
synthetic/images/img046849.jpg,synthetic_val,2,74347,2,74122,0.236924,0.184274,0.842397,0.447523,16.8527
synthetic/images/img046882.jpg,synthetic_val,3,35601,3,16376,0.364073,-0.0280056,-0.25205,0.896179,36.3097
synthetic/images/img046929.jpg,synthetic_val,2,66656,2,66747,-0.373869,0.480689,0.569705,0.551902,9.68538
synthetic/images/img046951.jpg,synthetic_val,1,70430,1,70441,0.0864945,0.922608,0.0288315,0.374809,20.2955
synthetic/images/img047033.jpg,synthetic_val,2,74763,3,76570,0.26131,0.422116,0.582922,0.643224,14.9919
synthetic/images/img047037.jpg,synthetic_val,3,63150,3,73002,0.415376,0.464244,0.0244339,0.781884,58.1101
synthetic/images/img047050.jpg,synthetic_val,0,16200,2,01534,-0.0639167,-0.57525,0.681778,-0.447417,176.323
synthetic/images/img047075.jpg,synthetic_val,0,50757,3,43314,-0.0908257,-0.211927,0.0908257,0.968808,165.024
synthetic/images/img047092.jpg,synthetic_val,2,37037,2,17734,0.665481,-0.0688428,0.734324,-0.114738,70.4859
synthetic/images/img047104.jpg,synthetic_val,2,44313,2,24570,-0.504385,0.132733,0.849491,-0.0796398,89.2111
synthetic/images/img047126.jpg,synthetic_val,3,10344,1,16113,0.37006,0.789462,-0.320719,-0.37006,132.349
synthetic/images/img047128.jpg,synthetic_val,2,25517,2,25570,-0.0918415,0.153069,0.979643,-0.0918415,10.4299
synthetic/images/img047136.jpg,synthetic_val,0,36070,1,27004,-0.363057,0.774521,0.411464,-0.314649,168.973
synthetic/images/img047242.jpg,synthetic_val,1,63100,1,27455,-0.240966,0.856767,0.455158,-0.026774,7.26421
synthetic/images/img047245.jpg,synthetic_val,0,25407,0,24566,0.799251,-0.574462,0.174836,-0.0249766,29.7851
synthetic/images/img047371.jpg,synthetic_val,3,46142,3,56004,0.0249145,-0.373718,0.473376,0.797264,61.8599
synthetic/images/img047373.jpg,synthetic_val,3,71166,3,71066,0.45257,0.186352,0.186352,0.851896,20.577
synthetic/images/img047467.jpg,synthetic_val,0,24634,0,66642,0.536698,-0.519926,0.452839,0.486383,75.4766
synthetic/images/img047492.jpg,synthetic_val,0,16653,0,16653,0.961781,0.21039,-0.150278,-0.090167,1.86327
synthetic/images/img047538.jpg,synthetic_val,3,40556,3,45121,-0.109976,-0.593873,0.37392,0.703849,33.2165
synthetic/images/img047552.jpg,synthetic_val,1,05421,2,62130,-0.444513,0.491304,0.748653,0.0233954,178.256
synthetic/images/img047705.jpg,synthetic_val,2,70547,2,74120,0.238919,0.132733,0.849491,0.451292,8.26808
synthetic/images/img047712.jpg,synthetic_val,1,62073,1,62100,-0.535754,0.745396,0.395992,0.0232936,15.4877
synthetic/images/img047772.jpg,synthetic_val,3,34367,0,34076,0.931951,0.145617,0.203864,-0.262111,171.346
synthetic/images/img047864.jpg,synthetic_val,3,01601,3,21175,-0.0244339,0.122169,-0.610847,0.781884,76.6765
synthetic/images/img047868.jpg,synthetic_val,1,33536,1,70027,0.0908257,0.968808,0.211927,0.0908257,92.6415
synthetic/images/img047872.jpg,synthetic_val,2,10356,2,16104,0.232456,-0.387427,0.826512,-0.33577,29.3962
synthetic/images/img047873.jpg,synthetic_val,2,71161,2,71170,0.662695,0.114258,0.73125,0.114258,4.54697
synthetic/images/img047946.jpg,synthetic_val,1,34250,1,34250,0.141365,0.904735,0.254457,-0.311003,2.87159
synthetic/images/img047953.jpg,synthetic_val,3,05742,1,14244,0.024731,0.791391,-0.568812,-0.222579,113.746
synthetic/images/img048130.jpg,synthetic_val,2,12345,2,12772,0.329669,-0.0253592,0.811493,-0.481824,20.3482
synthetic/images/img048200.jpg,synthetic_val,2,26232,2,26221,-0.535661,0.535661,0.591074,-0.277066,5.16725
synthetic/images/img048220.jpg,synthetic_val,0,27103,1,67111,-0.0249766,0.799251,0.424602,0.424602,172.981
synthetic/images/img048250.jpg,synthetic_val,1,42116,2,56234,0.132733,-0.0796398,0.849491,0.504385,135.029
synthetic/images/img048264.jpg,synthetic_val,1,53430,1,33476,0.439508,0.669726,0.481365,-0.355792,115.092
synthetic/images/img048272.jpg,synthetic_val,1,03222,2,42077,-0.592723,-0.21338,0.758686,0.165963,171.535
synthetic/images/img048374.jpg,synthetic_val,1,03254,2,42515,-0.417374,-0.368271,0.785646,0.270066,126.777
synthetic/images/img048420.jpg,synthetic_val,2,37532,1,36565,0.276124,0.80327,0.527146,-0.0251022,56.3438
synthetic/images/img048426.jpg,synthetic_val,1,14125,3,25437,-0.262111,0.203864,-0.145617,0.931951,169.578
synthetic/images/img048431.jpg,synthetic_val,0,30745,0,34525,0.925691,0.318206,0.144639,-0.144639,38.2344
synthetic/images/img048459.jpg,synthetic_val,1,66627,2,56650,0.113548,-0.158968,0.72671,0.658581,114.386
synthetic/images/img048492.jpg,synthetic_val,3,40016,3,14370,0.317641,-0.464244,-0.268773,0.781884,110.851
synthetic/images/img048566.jpg,synthetic_val,1,06056,2,56065,0.0731272,-0.268133,0.780024,0.560642,110.78
synthetic/images/img048619.jpg,synthetic_val,1,25255,1,25730,-0.0848189,0.904735,0.367549,-0.197911,24.7787
synthetic/images/img048626.jpg,synthetic_val,0,52126,0,52212,0.975991,0.152499,-0.152499,0.0304997,15.7651
synthetic/images/img048641.jpg,synthetic_val,2,05261,2,05631,-0.231226,-0.488143,0.822136,-0.179842,14.6129
synthetic/images/img048685.jpg,synthetic_val,3,12753,3,12316,0.286494,-0.11019,-0.639101,0.705215,22.9849
synthetic/images/img048880.jpg,synthetic_val,0,53447,3,52044,0.0277457,-0.416185,0.19422,0.887862,168.777
synthetic/images/img048903.jpg,synthetic_val,2,47533,2,47760,-0.159628,-0.0684119,0.729727,0.661315,22.4328
synthetic/images/img048905.jpg,synthetic_val,2,65433,0,60324,0.769133,-0.552814,0.31246,0.0721062,176.92
synthetic/images/img049028.jpg,synthetic_val,0,70111,3,53022,0.455158,-0.240966,0.026774,0.856767,138.47
synthetic/images/img049048.jpg,synthetic_val,0,70207,0,62275,0.635066,-0.496145,0.575528,0.138921,84.2963
synthetic/images/img049099.jpg,synthetic_val,2,04102,2,00555,-0.335795,-0.612333,0.632085,-0.335795,14.8317
synthetic/images/img049133.jpg,synthetic_val,1,01142,2,34010,0.140028,0.0280056,0.896179,-0.420084,148.505
synthetic/images/img049150.jpg,synthetic_val,3,35470,3,15264,0.405798,-0.453539,-0.214834,0.763856,69.0841
synthetic/images/img049207.jpg,synthetic_val,2,42130,2,25126,-0.194821,0.194821,0.890609,-0.36181,81.4521
synthetic/images/img049276.jpg,synthetic_val,2,73073,2,73036,0.469222,0.51391,0.715006,0.0670318,5.42285
synthetic/images/img049289.jpg,synthetic_val,3,25515,3,23554,-0.0747435,0.423547,-0.423547,0.797264,63.9312
synthetic/images/img049310.jpg,synthetic_val,0,61560,0,61477,0.861723,-0.24236,0.188502,0.403933,8.97853
synthetic/images/img049452.jpg,synthetic_val,0,00605,0,06724,0.80327,-0.57735,-0.0753066,-0.125511,57.0269
synthetic/images/img049464.jpg,synthetic_val,2,50267,2,25451,-0.269529,0.0299476,0.958324,-0.0898429,80.9459
synthetic/images/img049481.jpg,synthetic_val,2,16324,2,16363,0.309033,-0.0280939,0.899004,-0.309033,10.8739
synthetic/images/img049506.jpg,synthetic_val,2,03535,2,42665,-0.632983,-0.065481,0.698464,0.327405,129.437
synthetic/images/img049536.jpg,synthetic_val,2,46360,2,46255,-0.529761,-0.148333,0.678094,0.48738,10.4726
synthetic/images/img049540.jpg,synthetic_val,1,02275,3,64511,-0.386065,0.0227097,0.567742,0.72671,156.038
synthetic/images/img049639.jpg,synthetic_val,0,53435,0,53411,0.742182,0.533443,-0.347898,0.208739,8.74859
synthetic/images/img049717.jpg,synthetic_val,2,50420,2,43513,-0.0280056,-0.364073,0.896179,0.25205,36.257
synthetic/images/img049727.jpg,synthetic_val,3,15627,3,17711,0.67923,-0.153375,-0.153375,0.701141,39.3075
synthetic/images/img049793.jpg,synthetic_val,0,34035,0,34013,0.88514,0.193624,0.0829819,-0.41491,6.73605
synthetic/images/img049818.jpg,synthetic_val,3,52531,0,43721,0.948174,-0.148152,-0.0888913,0.266674,106.146
synthetic/images/img049943.jpg,synthetic_val,2,33015,3,35354,0.644126,0.199901,-0.199901,0.71076,159.26
synthetic/images/img049962.jpg,synthetic_val,0,51110,3,03662,-0.373718,-0.0249145,-0.473376,0.797264,173.286
synthetic/images/img050038.jpg,synthetic_val,2,35625,1,40161,-0.445801,0.679315,-0.573172,0.106143,121.641
synthetic/images/img050084.jpg,synthetic_val,2,65701,3,65566,-0.153375,0.153375,0.67923,0.701141,20.5159
synthetic/images/img050086.jpg,synthetic_val,0,34404,0,36404,0.8745,0.0273281,0.464578,-0.136641,53.0826
synthetic/images/img050100.jpg,synthetic_val,1,12064,1,14224,0.0253592,0.811493,-0.481824,-0.329669,38.5142
synthetic/images/img050179.jpg,synthetic_val,3,41537,3,41546,-0.151354,-0.627036,0.324329,0.691902,16.6164
synthetic/images/img050198.jpg,synthetic_val,3,75264,3,76011,0.172276,0.418384,0.418384,0.787547,28.7416
synthetic/images/img050208.jpg,synthetic_val,0,57463,0,57657,0.635066,0.456453,-0.099229,0.61522,12.8825
synthetic/images/img050261.jpg,synthetic_val,3,45653,3,45506,-0.13616,-0.564091,0.525188,0.622446,16.6802
synthetic/images/img050270.jpg,synthetic_val,1,53356,1,52211,0.208885,0.954905,-0.208885,0.0298408,60.2949
synthetic/images/img050288.jpg,synthetic_val,1,17473,1,17472,0.532542,0.811493,-0.228232,-0.0760775,2.88763
synthetic/images/img050360.jpg,synthetic_val,1,52055,1,14673,0.189051,0.864234,-0.459124,-0.0810219,33.7187
synthetic/images/img050371.jpg,synthetic_val,2,46053,0,42252,0.753619,-0.635866,-0.117753,0.117753,151.611
synthetic/images/img050543.jpg,synthetic_val,2,70223,0,70071,0.954905,0.208885,0.149204,0.149204,141.531
synthetic/images/img050602.jpg,synthetic_val,3,61006,3,43223,-0.376062,-0.0289278,0.0289278,0.925691,12.6446
synthetic/images/img050626.jpg,synthetic_val,3,41437,3,40335,-0.414388,-0.463139,0.0731272,0.780024,35.0226
synthetic/images/img050635.jpg,synthetic_val,3,52420,3,43175,-0.0289278,-0.318206,0.202495,0.925691,9.52714
synthetic/images/img050661.jpg,synthetic_val,0,73076,0,73027,0.729727,0.433275,0.524491,0.0684119,9.02736
synthetic/images/img050729.jpg,synthetic_val,0,73210,1,73035,0.51391,0.715006,0.469222,0.0670318,37.6133
synthetic/images/img050749.jpg,synthetic_val,3,71026,3,35643,0.488143,0.282609,-0.0770752,0.822136,19.074
synthetic/images/img050834.jpg,synthetic_val,2,75452,2,34232,0.129142,0.387427,0.826512,-0.387427,133.617
synthetic/images/img050858.jpg,synthetic_val,0,74073,0,74402,0.785646,0.0245514,0.0736543,0.613786,23.5654
synthetic/images/img050916.jpg,synthetic_val,1,61350,1,61303,-0.146114,0.935129,0.321451,0.0292228,15.2256
synthetic/images/img051019.jpg,synthetic_val,3,47127,3,47307,-0.131991,-0.131991,0.501565,0.844742,10.4519
synthetic/images/img051020.jpg,synthetic_val,3,12647,0,16735,0.893381,0.418772,-0.0837545,-0.139591,173.683
synthetic/images/img051045.jpg,synthetic_val,2,03434,1,03321,-0.111276,0.712167,-0.0667657,-0.689912,165.578
synthetic/images/img051051.jpg,synthetic_val,3,61445,1,52762,0.25205,0.896179,-0.0280056,0.364073,151.064
synthetic/images/img051064.jpg,synthetic_val,1,51623,1,53046,0.434472,0.817829,-0.332243,0.1789,11.5081
synthetic/images/img051065.jpg,synthetic_val,2,47500,2,47447,-0.269723,-0.269723,0.663935,0.643187,17.5617
synthetic/images/img051123.jpg,synthetic_val,0,75634,3,75441,0.402618,0.0211904,0.614523,0.678094,69.5938
synthetic/images/img051254.jpg,synthetic_val,1,61706,0,36046,0.835478,0.0261087,0.496065,-0.234978,175.621
synthetic/images/img051255.jpg,synthetic_val,1,35576,1,35751,0.680538,0.702491,0.197576,-0.0658586,9.18077
synthetic/images/img051263.jpg,synthetic_val,3,14766,3,16126,0.244497,-0.244497,-0.353162,0.869321,42.3739
synthetic/images/img051272.jpg,synthetic_val,1,45027,1,45064,-0.299581,0.639106,-0.539246,0.459357,7.26172
synthetic/images/img051391.jpg,synthetic_val,1,71010,3,43747,-0.138728,-0.138728,0.416185,0.887862,163.267
synthetic/images/img051394.jpg,synthetic_val,0,05517,1,45156,-0.061199,0.652789,-0.59159,0.469192,149.558
synthetic/images/img051489.jpg,synthetic_val,2,00671,1,17621,0.500173,0.842397,-0.0789747,-0.184274,110.231
synthetic/images/img051501.jpg,synthetic_val,2,70611,2,70174,0.36522,0.140469,0.899004,0.196657,24.5068
synthetic/images/img051540.jpg,synthetic_val,1,34060,1,25175,-0.0297351,0.951522,0.148675,-0.267615,7.47641
synthetic/images/img051627.jpg,synthetic_val,0,52615,2,07116,-0.0810219,-0.351095,0.864234,-0.351095,130.934
synthetic/images/img051634.jpg,synthetic_val,3,61513,3,07373,-0.0295269,-0.0295269,-0.324796,0.944862,68.6424
synthetic/images/img051661.jpg,synthetic_val,0,22731,2,27656,-0.254034,0.623538,0.739008,-0.023094,174.388
synthetic/images/img051710.jpg,synthetic_val,2,64566,1,52003,0.0864945,0.922608,-0.374809,0.0288315,165.715
synthetic/images/img051732.jpg,synthetic_val,1,32527,2,07530,-0.0864945,-0.317146,0.922608,-0.20182,143.964
synthetic/images/img051765.jpg,synthetic_val,0,02212,0,02360,0.668555,-0.480524,-0.0626771,-0.564094,9.76754
synthetic/images/img051867.jpg,synthetic_val,2,44101,2,20474,-0.593873,0.109976,0.703849,-0.37392,122.844
synthetic/images/img051915.jpg,synthetic_val,1,60137,1,60360,-0.550277,0.765603,0.311026,0.119625,20.6566
synthetic/images/img051973.jpg,synthetic_val,0,07106,0,75034,0.743784,0.488108,0.116216,0.441622,138.217
synthetic/images/img051985.jpg,synthetic_val,1,43225,2,50270,0.131991,-0.501565,0.844742,0.131991,111.787
synthetic/images/img052004.jpg,synthetic_val,2,24521,2,24522,-0.566049,0.172276,0.787547,-0.172276,5.19018
synthetic/images/img052117.jpg,synthetic_val,3,46434,0,46653,0.638089,-0.498507,-0.0997013,0.578268,169.499
synthetic/images/img052125.jpg,synthetic_val,0,03123,0,03112,0.688053,-0.0645049,-0.279521,-0.666551,12.7624
synthetic/images/img052140.jpg,synthetic_val,3,34344,3,34364,0.244497,0.353162,-0.244497,0.869321,10.2865
synthetic/images/img052297.jpg,synthetic_val,3,63105,3,61327,-0.139591,0.418772,0.0837545,0.893381,4.02889
synthetic/images/img052399.jpg,synthetic_val,2,12574,2,17006,0.418384,-0.319941,0.787547,-0.319941,18.332
synthetic/images/img052412.jpg,synthetic_val,0,15530,2,20113,-0.355792,0.0627868,0.669726,-0.648797,126.182
synthetic/images/img052431.jpg,synthetic_val,1,15505,2,07263,-0.358493,-0.0275764,0.882444,-0.30334,91.5588
synthetic/images/img052468.jpg,synthetic_val,1,37155,2,30374,0.291638,0.291638,0.717879,-0.560843,87.5517
synthetic/images/img052494.jpg,synthetic_val,1,53004,1,52151,0.387427,0.826512,-0.387427,0.129142,8.66299
synthetic/images/img052503.jpg,synthetic_val,1,42515,3,40317,-0.404877,-0.500142,0.0714488,0.762121,174.025
synthetic/images/img052580.jpg,synthetic_val,3,17314,0,12522,0.772712,0.217325,-0.217325,-0.555387,164.757
synthetic/images/img052635.jpg,synthetic_val,0,00473,3,65454,-0.239641,0.0217855,0.675351,0.697136,84.7746
synthetic/images/img052700.jpg,synthetic_val,2,43075,2,52044,0.0277457,-0.416185,0.887862,0.19422,35.3316
synthetic/images/img052798.jpg,synthetic_val,3,34156,0,52006,0.922608,0.0288315,-0.374809,0.0864945,117.061
synthetic/images/img052807.jpg,synthetic_val,1,71112,1,60357,-0.441447,0.830959,0.285642,0.181772,138.379
synthetic/images/img052838.jpg,synthetic_val,3,21640,3,24171,-0.445063,0.130901,-0.287982,0.837765,25.0522
synthetic/images/img052927.jpg,synthetic_val,1,73526,1,73073,0.501067,0.697136,0.501067,0.108928,13.561
synthetic/images/img052985.jpg,synthetic_val,2,03073,0,60262,0.676879,-0.655727,0.317287,0.105762,160.927
synthetic/images/img053014.jpg,synthetic_val,2,77520,0,76153,0.706589,0.331214,0.419537,0.463699,36.0644
synthetic/images/img053035.jpg,synthetic_val,2,43601,2,43473,-0.244497,-0.244497,0.869321,0.353162,15.7649
synthetic/images/img053052.jpg,synthetic_val,3,70176,3,70333,0.390567,0.390567,0.0260378,0.833209,30.0474
synthetic/images/img053083.jpg,synthetic_val,3,43670,3,43710,-0.0879694,-0.205262,0.263908,0.93834,28.9108
synthetic/images/img053094.jpg,synthetic_val,0,70504,0,70545,0.864234,0.29708,0.0270073,0.40511,10.0754
synthetic/images/img053099.jpg,synthetic_val,0,15234,1,53070,0.523205,0.797264,-0.27406,0.124573,69.8175
synthetic/images/img053122.jpg,synthetic_val,2,47646,0,34353,0.828726,0.388465,0.284875,-0.284875,143.856
synthetic/images/img053167.jpg,synthetic_val,1,06527,1,06714,-0.497423,0.837765,-0.183261,-0.130901,7.50302
synthetic/images/img053204.jpg,synthetic_val,1,60751,1,60715,-0.43676,0.822136,0.231226,0.282609,6.80231
synthetic/images/img053272.jpg,synthetic_val,2,65220,2,67005,-0.302817,0.395992,0.745396,0.442579,15.1781
synthetic/images/img053274.jpg,synthetic_val,2,13645,0,43247,0.899004,-0.36522,-0.140469,0.196657,146.431
synthetic/images/img053334.jpg,synthetic_val,1,46153,1,47003,-0.319941,0.787547,-0.319941,0.418384,12.4632
synthetic/images/img053361.jpg,synthetic_val,0,72350,0,72104,0.854321,0.240278,0.453858,0.0800926,20.3549
synthetic/images/img053402.jpg,synthetic_val,3,63072,3,63435,-0.220432,0.514341,0.269417,0.783758,19.0357
synthetic/images/img053436.jpg,synthetic_val,1,74400,2,77162,0.488509,0.449428,0.625291,0.410347,101.618
synthetic/images/img053485.jpg,synthetic_val,0,55361,0,55273,0.669726,0.481365,-0.355792,0.439508,6.71148
synthetic/images/img053496.jpg,synthetic_val,0,16157,0,16414,0.887862,0.138728,-0.416185,-0.138728,31.5169
synthetic/images/img053558.jpg,synthetic_val,3,16554,2,16543,0.302422,-0.357407,0.879772,-0.0824786,162.823
synthetic/images/img053726.jpg,synthetic_val,3,02246,3,32602,0.0209289,0.565081,-0.481365,0.669726,108.841
synthetic/images/img053733.jpg,synthetic_val,1,07421,1,44147,-0.394405,0.600999,-0.544655,0.431968,86.7457
synthetic/images/img053753.jpg,synthetic_val,1,24722,1,24712,-0.481824,0.811493,0.278951,-0.177514,13.0604
synthetic/images/img053923.jpg,synthetic_val,1,71406,1,71401,0.496065,0.835478,0.0261087,0.234978,8.48614
synthetic/images/img053927.jpg,synthetic_val,1,42716,1,44321,-0.45663,0.695817,-0.413141,0.369653,37.717
synthetic/images/img054060.jpg,synthetic_val,3,62060,3,62022,-0.618148,0.458626,0.0199403,0.638089,9.35594
synthetic/images/img054083.jpg,synthetic_val,0,25637,1,40173,-0.383697,0.722254,-0.564261,0.112852,84.6851
synthetic/images/img054106.jpg,synthetic_val,2,53715,1,47617,-0.208739,0.742182,-0.115966,0.626216,161.791
synthetic/images/img054146.jpg,synthetic_val,0,52462,0,52660,0.922608,0.0288315,-0.0864945,0.374809,17.6897
synthetic/images/img054198.jpg,synthetic_val,1,43643,3,43111,-0.028273,-0.424094,0.028273,0.904735,176.524
synthetic/images/img054270.jpg,synthetic_val,1,54240,3,43253,-0.26482,-0.147122,0.147122,0.941584,151.535
synthetic/images/img054329.jpg,synthetic_val,2,01477,2,05730,-0.0789747,-0.500173,0.842397,-0.184274,28.4059
synthetic/images/img054354.jpg,synthetic_val,1,30716,1,30712,0.302817,0.745396,0.25623,-0.535754,5.04529
synthetic/images/img054359.jpg,synthetic_val,1,40014,2,15050,0.416107,-0.614253,0.634068,-0.217961,22.5784
synthetic/images/img054384.jpg,synthetic_val,3,70041,3,70024,0.0307293,0.153646,0.0921878,0.983336,14.4761
synthetic/images/img054419.jpg,synthetic_val,3,62527,3,67142,-0.161658,0.438786,0.484974,0.739008,45.1439
synthetic/images/img054428.jpg,synthetic_val,2,24335,2,24325,-0.494563,0.306158,0.753619,-0.306158,12.1053
synthetic/images/img054432.jpg,synthetic_val,0,51265,0,51255,0.6932,0.498237,-0.498237,0.151637,10.2585
synthetic/images/img054446.jpg,synthetic_val,0,07254,0,27445,0.830959,-0.337577,0.441447,-0.0259675,77.3294
synthetic/images/img054462.jpg,synthetic_val,3,37770,3,37716,0.56667,0.527589,-0.0977017,0.625291,5.50109
synthetic/images/img054510.jpg,synthetic_val,1,21651,1,21471,-0.233079,0.828726,0.129488,-0.492056,12.0743
synthetic/images/img054524.jpg,synthetic_val,2,34207,1,14677,0.189605,0.866766,-0.46047,-0.0270864,166.138
synthetic/images/img054536.jpg,synthetic_val,2,60635,2,62552,-0.434179,0.434179,0.73125,0.29707,22.6278
synthetic/images/img054558.jpg,synthetic_val,3,45435,0,43220,0.901856,-0.422745,-0.084549,0.028183,173.874
synthetic/images/img054639.jpg,synthetic_val,0,53417,0,53401,0.778177,0.462042,-0.36477,0.218862,9.58841
synthetic/images/img054660.jpg,synthetic_val,1,25261,1,25272,-0.284875,0.828726,0.388465,-0.284875,9.81403
synthetic/images/img054693.jpg,synthetic_val,1,16044,2,47502,-0.162004,-0.300865,0.74059,0.578586,89.2354
synthetic/images/img054709.jpg,synthetic_val,1,65656,0,74407,0.760398,0.0712873,0.0712873,0.641585,143.716
synthetic/images/img054750.jpg,synthetic_val,1,24166,2,47057,-0.211955,-0.306158,0.753619,0.541664,167.538
synthetic/images/img054779.jpg,synthetic_val,3,50362,3,50331,0.373718,-0.473376,0.0249145,0.797264,17.1161
synthetic/images/img054797.jpg,synthetic_val,3,63210,3,63235,-0.203549,0.65588,0.0678497,0.72373,10.5584
synthetic/images/img054835.jpg,synthetic_val,2,16535,2,16537,0.407494,-0.244497,0.869321,-0.135831,3.36405
synthetic/images/img054933.jpg,synthetic_val,3,41333,3,15770,0.613422,-0.401897,-0.0634574,0.676879,81.6791
synthetic/images/img054934.jpg,synthetic_val,0,41325,0,41323,0.8745,-0.136641,-0.464578,0.0273281,9.18864
synthetic/images/img055129.jpg,synthetic_val,0,41557,3,14130,0.280561,-0.582704,-0.323724,0.690612,100.262
synthetic/images/img055132.jpg,synthetic_val,2,31034,1,13234,0.436459,0.665081,-0.0623513,-0.60273,108.477
synthetic/images/img055242.jpg,synthetic_val,0,71611,0,36003,0.795292,0.0745586,0.472205,-0.372793,95.1982
synthetic/images/img055287.jpg,synthetic_val,3,34424,2,25552,-0.092538,0.092538,0.987072,-0.092538,153.302
synthetic/images/img055295.jpg,synthetic_val,1,72225,1,72223,0.067166,0.716438,0.694049,0.0223887,5.58551
synthetic/images/img055337.jpg,synthetic_val,1,50150,1,50115,0.318429,0.679315,-0.658087,0.0636858,6.77792
synthetic/images/img055348.jpg,synthetic_val,0,52320,0,56214,0.837765,0.130901,-0.183261,0.497423,56.7024
synthetic/images/img055356.jpg,synthetic_val,2,56452,2,64527,-0.443409,0.147803,0.675671,0.570097,82.4261
synthetic/images/img055439.jpg,synthetic_val,2,04526,2,04131,-0.357045,-0.567072,0.672085,-0.31504,28.127
synthetic/images/img055495.jpg,synthetic_val,2,27721,0,60133,0.866766,-0.46047,0.189605,0.0270864,150.005
synthetic/images/img055513.jpg,synthetic_val,1,71444,1,56333,0.38236,0.8157,-0.0254906,0.433341,7.45949
synthetic/images/img055515.jpg,synthetic_val,1,57332,1,72041,0.0817405,0.871899,0.463196,0.136234,91.1003
synthetic/images/img055550.jpg,synthetic_val,2,07706,2,07707,-0.150824,-0.150824,0.965275,-0.150824,6.7637
synthetic/images/img055568.jpg,synthetic_val,0,37762,2,33460,0.369653,0.45663,0.695817,-0.413141,50.5737
synthetic/images/img055632.jpg,synthetic_val,3,12700,0,16055,0.861723,0.188502,-0.403933,-0.24236,156.432
synthetic/images/img055645.jpg,synthetic_val,2,07614,3,70053,0.21039,0.090167,0.150278,0.961781,171.894
synthetic/images/img055648.jpg,synthetic_val,2,03236,2,02717,-0.403052,-0.118545,0.758686,-0.497888,29.1994
synthetic/images/img055658.jpg,synthetic_val,3,63051,3,63514,-0.0789747,0.447523,0.289574,0.842397,25.6412
synthetic/images/img055663.jpg,synthetic_val,0,70160,0,70067,0.951522,0.0892052,0.208145,0.208145,25.2136
synthetic/images/img055702.jpg,synthetic_val,1,21342,1,21341,-0.115966,0.742182,0.208739,-0.626216,5.98953
synthetic/images/img055710.jpg,synthetic_val,3,36310,3,21706,-0.173117,0.272041,-0.51935,0.791391,67.9255
synthetic/images/img055713.jpg,synthetic_val,1,42675,1,65402,-0.345674,0.737437,0.0691347,0.576123,40.5719
synthetic/images/img055714.jpg,synthetic_val,2,52146,2,52772,0.352124,-0.0270864,0.866766,0.352124,44.1736
synthetic/images/img055841.jpg,synthetic_val,1,17223,1,11767,0.559233,0.662794,-0.35211,-0.35211,42.6639
synthetic/images/img055859.jpg,synthetic_val,3,32126,2,31600,0.387667,0.205236,0.729727,-0.524491,106.952
synthetic/images/img055892.jpg,synthetic_val,1,40123,2,76060,0.0228994,0.480888,0.732782,0.480888,171.83
synthetic/images/img055903.jpg,synthetic_val,3,11756,3,25723,-0.137464,0.412393,-0.19245,0.879772,137.208
synthetic/images/img055921.jpg,synthetic_val,1,07745,1,52252,0.150824,0.965275,-0.150824,0.150824,39.9403
synthetic/images/img056021.jpg,synthetic_val,0,71713,2,61164,-0.206689,0.147635,0.944862,0.206689,155.788
synthetic/images/img056036.jpg,synthetic_val,1,43152,1,52077,0.20182,0.922608,-0.259483,0.20182,35.2431
synthetic/images/img056076.jpg,synthetic_val,0,35522,0,07626,0.896179,-0.420084,-0.0280056,-0.140028,126.365
synthetic/images/img056156.jpg,synthetic_val,0,34012,0,30641,0.833209,0.0781133,0.23434,-0.494718,23.0647
synthetic/images/img056181.jpg,synthetic_val,3,74035,3,74035,0.183261,0.130901,0.497423,0.837765,1.68027
synthetic/images/img056229.jpg,synthetic_val,2,25520,2,25524,-0.208885,0.149204,0.954905,-0.149204,6.09008
synthetic/images/img056288.jpg,synthetic_val,3,65015,0,71112,0.739008,0.669726,0.069282,0.023094,166.673
synthetic/images/img056335.jpg,synthetic_val,3,65555,3,65554,-0.067166,0.0223887,0.694049,0.716438,6.03305
synthetic/images/img056391.jpg,synthetic_val,1,31340,0,52010,0.896179,0.140028,-0.420084,0.0280056,128.486
synthetic/images/img056526.jpg,synthetic_val,3,43156,3,43171,-0.0292228,-0.321451,0.146114,0.935129,12.1271
synthetic/images/img056530.jpg,synthetic_val,2,35255,1,70702,0.248946,0.88514,0.304267,0.248946,121.111
synthetic/images/img056602.jpg,synthetic_val,3,60555,3,41570,-0.06827,-0.61443,0.295837,0.728214,87.5748
synthetic/images/img056609.jpg,synthetic_val,3,34420,3,25531,-0.0301648,0.150824,-0.211154,0.965275,7.14414
synthetic/images/img056791.jpg,synthetic_val,3,71537,3,74513,0.345674,0.0691347,0.576123,0.737437,57.3437
synthetic/images/img056843.jpg,synthetic_val,2,03636,2,02567,-0.490232,-0.210099,0.74702,-0.396854,36.6145
synthetic/images/img056895.jpg,synthetic_val,1,42172,1,42432,-0.616992,0.73125,-0.205664,0.205664,17.2846
synthetic/images/img056941.jpg,synthetic_val,0,52302,0,52234,0.979643,0.153069,-0.0918415,0.0918415,14.8943
synthetic/images/img056945.jpg,synthetic_val,1,21360,1,21741,-0.129488,0.828726,0.233079,-0.492056,17.3558
synthetic/images/img056957.jpg,synthetic_val,0,45541,0,25412,0.922608,-0.317146,0.0864945,-0.20182,129.285
synthetic/images/img057004.jpg,synthetic_val,0,55327,2,20143,-0.447417,0.0639167,0.681778,-0.57525,86.9606
synthetic/images/img057033.jpg,synthetic_val,0,40216,1,03047,-0.291638,0.717879,-0.291638,-0.560843,117.761
synthetic/images/img057041.jpg,synthetic_val,1,77547,3,75336,0.585769,0.302984,0.38378,0.646366,34.9569
synthetic/images/img057079.jpg,synthetic_val,1,71362,1,71372,0.630584,0.695817,0.326164,0.108721,7.20393
synthetic/images/img057086.jpg,synthetic_val,3,73173,3,73331,0.583041,0.545425,0.0188078,0.601848,16.2808
synthetic/images/img057125.jpg,synthetic_val,1,12655,1,12463,0.0781133,0.833209,-0.23434,-0.494718,12.6136
synthetic/images/img057146.jpg,synthetic_val,3,74265,3,74016,0.132733,0.0796398,0.504385,0.849491,29.9083
synthetic/images/img057193.jpg,synthetic_val,1,43776,1,43777,-0.028273,0.904735,-0.028273,0.424094,7.65842
synthetic/images/img057199.jpg,synthetic_val,2,43112,3,12673,0.184787,-0.0263982,-0.501565,0.844742,128.016
synthetic/images/img057302.jpg,synthetic_val,2,07677,2,27077,-0.217325,0.555387,0.772712,-0.217325,73.3192
synthetic/images/img057316.jpg,synthetic_val,0,34536,0,34571,0.893381,0.418772,0.139591,-0.0837545,12.9994
synthetic/images/img057331.jpg,synthetic_val,1,74422,1,44533,-0.335795,0.632085,-0.493817,0.493817,91.3023
synthetic/images/img057338.jpg,synthetic_val,3,10545,1,21370,-0.06827,0.728214,0.295837,-0.61443,21.3016
synthetic/images/img057360.jpg,synthetic_val,2,25013,2,21417,-0.228232,0.0760775,0.811493,-0.532542,15.2512
synthetic/images/img057380.jpg,synthetic_val,3,73631,3,73255,0.48738,0.529761,0.148333,0.678094,10.2592
synthetic/images/img057411.jpg,synthetic_val,0,51271,0,51712,0.654974,0.59357,-0.429826,0.184211,13.9811
synthetic/images/img057494.jpg,synthetic_val,1,37074,1,37417,0.522323,0.72671,0.431484,-0.113548,12.9929
synthetic/images/img057502.jpg,synthetic_val,1,07517,1,14434,0.117753,0.753619,-0.635866,-0.117753,38.4896
synthetic/images/img057505.jpg,synthetic_val,3,50031,3,45046,-0.293105,-0.56667,0.449428,0.625291,73.5204
synthetic/images/img057554.jpg,synthetic_val,3,56620,3,56201,0.0810219,-0.189051,0.459124,0.864234,26.0266
synthetic/images/img057561.jpg,synthetic_val,1,65624,1,64177,-0.390934,0.735875,0.160973,0.52891,17.7731
synthetic/images/img057613.jpg,synthetic_val,1,04513,3,52064,0.0289278,-0.318206,0.202495,0.925691,121.284
synthetic/images/img057614.jpg,synthetic_val,2,31411,2,31411,0.503945,0.0219107,0.701141,-0.503945,2.21619
synthetic/images/img057648.jpg,synthetic_val,1,34136,1,30756,0.324696,0.799251,0.274743,-0.424602,14.1662
synthetic/images/img057670.jpg,synthetic_val,1,52026,1,43311,-0.0304997,0.975991,-0.213498,0.0304997,10.611
synthetic/images/img057718.jpg,synthetic_val,1,20653,3,55700,0.472203,-0.434426,0.472203,0.604419,92.8154
synthetic/images/img057732.jpg,synthetic_val,1,70041,1,70016,0.153069,0.979643,0.0918415,0.0918415,10.0357
synthetic/images/img057747.jpg,synthetic_val,2,43267,2,45172,-0.065481,-0.545675,0.698464,0.458367,78.1023
synthetic/images/img057778.jpg,synthetic_val,2,61411,2,61037,-0.263908,0.205262,0.93834,0.0879694,28.995
synthetic/images/img057782.jpg,synthetic_val,3,12072,2,12070,0.114738,-0.252424,0.734324,-0.619586,61.5338
synthetic/images/img057810.jpg,synthetic_val,0,64746,0,03447,0.787547,-0.319941,-0.319941,-0.418384,143.837
synthetic/images/img057816.jpg,synthetic_val,0,35417,0,35412,0.819974,0.538108,0.0768726,-0.179369,7.8386
synthetic/images/img057914.jpg,synthetic_val,3,40144,3,40112,-0.402618,-0.614523,0.0211904,0.678094,15.9893
synthetic/images/img057935.jpg,synthetic_val,1,22403,1,24423,-0.654542,0.722254,0.157993,-0.157993,43.8777
synthetic/images/img057966.jpg,synthetic_val,3,42562,3,42566,-0.533443,-0.208739,0.347898,0.742182,7.14926
synthetic/images/img057992.jpg,synthetic_val,0,65133,0,65133,0.866766,-0.0270864,0.189605,0.46047,3.55836
synthetic/images/img058001.jpg,synthetic_val,0,57456,3,47430,-0.252957,-0.252957,0.574903,0.735875,176.339
synthetic/images/img058007.jpg,synthetic_val,1,17314,1,17120,0.559717,0.716438,-0.246276,-0.33583,13.78
synthetic/images/img058074.jpg,synthetic_val,1,17433,3,52241,0.090167,-0.21039,0.150278,0.961781,146.091
synthetic/images/img058102.jpg,synthetic_val,1,07207,1,07251,-0.25205,0.896179,-0.196039,-0.308062,15.2566
synthetic/images/img058131.jpg,synthetic_val,3,61627,3,61660,-0.376533,0.326328,0.326328,0.80327,9.97182
synthetic/images/img058193.jpg,synthetic_val,1,65327,1,67305,-0.110838,0.709362,0.554189,0.421184,22.0637
synthetic/images/img058312.jpg,synthetic_val,0,31162,0,30150,0.729727,0.296452,0.022804,-0.615707,29.4863
synthetic/images/img058321.jpg,synthetic_val,3,57462,3,57640,0.362194,-0.149139,0.617861,0.681778,3.25963
synthetic/images/img058392.jpg,synthetic_val,1,73505,1,73553,0.618148,0.638089,0.378865,0.259223,8.87508
synthetic/images/img058427.jpg,synthetic_val,1,71345,1,71352,0.646684,0.713582,0.245294,0.111497,7.1938
synthetic/images/img058463.jpg,synthetic_val,2,61464,2,54062,0.0218687,-0.546718,0.699798,0.459243,92.685
synthetic/images/img058465.jpg,synthetic_val,3,70275,3,70615,0.196039,0.25205,0.308062,0.896179,21.4582
synthetic/images/img058470.jpg,synthetic_val,1,03137,1,21732,-0.0709674,0.756986,0.354837,-0.544084,68.1166
synthetic/images/img058479.jpg,synthetic_val,1,43021,3,16304,0.247436,-0.19245,-0.357407,0.879772,166.51
synthetic/images/img058541.jpg,synthetic_val,1,62236,2,46135,-0.401252,-0.259633,0.755297,0.448458,116.263
synthetic/images/img058603.jpg,synthetic_val,3,07522,3,12662,0.0268511,-0.0268511,-0.510171,0.859235,52.2252
synthetic/images/img058622.jpg,synthetic_val,0,50122,0,50710,0.753619,0.306158,-0.541664,0.211955,23.3117
synthetic/images/img058673.jpg,synthetic_val,0,34626,3,34422,0.0298408,0.208885,-0.208885,0.954905,156.707
synthetic/images/img058682.jpg,synthetic_val,2,72352,2,72175,0.359701,0.503581,0.767362,0.16786,17.9469
synthetic/images/img058719.jpg,synthetic_val,3,11651,3,41260,-0.370965,-0.469888,0.123655,0.791391,118.127
synthetic/images/img058720.jpg,synthetic_val,0,62657,1,64225,-0.592578,0.653879,0.265638,0.388241,129.63
synthetic/images/img058866.jpg,synthetic_val,0,17605,0,17607,0.844742,0.501565,-0.131991,-0.131991,7.90842
synthetic/images/img058889.jpg,synthetic_val,1,47762,3,47365,-0.125511,-0.0753066,0.57735,0.80327,121.054
synthetic/images/img058919.jpg,synthetic_val,0,65705,0,65576,0.707972,-0.0663723,0.154869,0.685847,12.4271
synthetic/images/img058927.jpg,synthetic_val,0,14613,3,14223,0.0762739,-0.432219,-0.38137,0.813589,175.227
synthetic/images/img058934.jpg,synthetic_val,2,57606,2,61674,-0.280397,0.331378,0.8157,0.38236,97.4718
synthetic/images/img058996.jpg,synthetic_val,1,54152,1,55060,0.341162,0.642187,-0.541845,0.421435,12.1431
synthetic/images/img059030.jpg,synthetic_val,2,66321,0,03433,0.772712,-0.217325,-0.217325,-0.555387,82.2223
synthetic/images/img059049.jpg,synthetic_val,2,50117,0,50064,0.753619,0.0235506,-0.635866,0.164854,156.076
synthetic/images/img059189.jpg,synthetic_val,2,76233,2,76322,0.185459,0.638802,0.659408,0.350311,3.47228
synthetic/images/img059245.jpg,synthetic_val,1,25206,1,24312,-0.456673,0.769133,0.264389,-0.360531,11.8233
synthetic/images/img059279.jpg,synthetic_val,2,30360,2,07307,-0.141819,-0.141819,0.907642,-0.368729,73.1074
synthetic/images/img059359.jpg,synthetic_val,1,60341,0,63010,0.844742,-0.29038,0.448769,0.0263982,109.777
synthetic/images/img059396.jpg,synthetic_val,3,27131,3,36006,0.0253592,0.481824,-0.329669,0.811493,7.10714
synthetic/images/img059514.jpg,synthetic_val,1,50460,1,50426,0.0237624,0.760398,-0.594061,0.261387,7.06249
synthetic/images/img059541.jpg,synthetic_val,3,67425,3,67600,-0.30006,0.5001,0.5001,0.640128,9.33095
synthetic/images/img059612.jpg,synthetic_val,1,43073,1,43304,-0.208145,0.951522,-0.208145,0.0892052,13.1655
synthetic/images/img059714.jpg,synthetic_val,3,01135,1,31110,0.545425,0.601848,0.0188078,-0.583041,91.4379
synthetic/images/img059729.jpg,synthetic_val,0,24122,0,20745,0.74702,-0.490232,0.210099,-0.396854,6.96222
synthetic/images/img059741.jpg,synthetic_val,2,67351,2,67330,-0.0645049,0.623548,0.688053,0.365528,16.5262
synthetic/images/img059763.jpg,synthetic_val,1,55743,1,35350,0.637864,0.703849,0.197958,-0.241948,117.318
synthetic/images/img059775.jpg,synthetic_val,1,25314,1,25124,-0.196657,0.899004,0.140469,-0.36522,14.5082
synthetic/images/img059828.jpg,synthetic_val,3,32455,1,65315,-0.0261087,0.835478,0.234978,0.496065,98.2091
synthetic/images/img059835.jpg,synthetic_val,0,14645,0,14605,0.80327,0.0753066,-0.57735,-0.125511,12.3409
synthetic/images/img059910.jpg,synthetic_val,3,25404,3,25423,-0.36181,0.194821,-0.194821,0.890609,19.2508
synthetic/images/img059929.jpg,synthetic_val,1,21675,1,21477,-0.236924,0.842397,0.184274,-0.447523,17.3047
synthetic/images/img059935.jpg,synthetic_val,2,65247,2,56013,0.1789,-0.332243,0.817829,0.434472,91.0093
lightbox/images/img000002.jpg,lightbox,3,35253,1,31602,0.383697,0.722254,0.248275,-0.51912,173.9
lightbox/images/img000003.jpg,lightbox,2,52540,3,50276,0.134255,-0.456468,0.187958,0.859235,100.282
lightbox/images/img000008.jpg,lightbox,1,07334,3,52074,0.143208,-0.315058,0.200492,0.916533,97.413
lightbox/images/img000009.jpg,lightbox,1,02263,3,06327,-0.51935,-0.024731,-0.321503,0.791391,161.98
lightbox/images/img000024.jpg,lightbox,2,51245,2,54033,0.157036,-0.560843,0.717879,0.381373,37.6291
lightbox/images/img000035.jpg,lightbox,2,64401,2,43665,-0.344137,-0.0794162,0.847106,0.397081,40.8595
lightbox/images/img000057.jpg,lightbox,2,65002,2,64105,-0.491304,0.0233954,0.748653,0.444513,14.6923
lightbox/images/img000058.jpg,lightbox,0,53502,0,74404,0.763856,0.0238705,0.0238705,0.644503,89.2281
lightbox/images/img000061.jpg,lightbox,0,17326,0,35052,0.801253,0.525822,0.0751175,-0.275431,15.3738
lightbox/images/img000063.jpg,lightbox,1,74143,1,72145,0.285642,0.830959,0.441447,0.181772,56.8312
lightbox/images/img000066.jpg,lightbox,2,70267,2,70622,0.0274101,0.411152,0.877124,0.246691,11.4163
lightbox/images/img000086.jpg,lightbox,0,25214,0,70601,0.925691,0.0867835,0.260351,0.260351,83.435
lightbox/images/img000099.jpg,lightbox,0,61573,0,71464,0.809414,0.430001,0.126471,0.379413,53.7654
lightbox/images/img000124.jpg,lightbox,0,53301,0,53366,0.776342,0.606517,-0.0242607,0.169825,24.29
lightbox/images/img000130.jpg,lightbox,2,26351,0,22461,0.619639,-0.561547,0.406638,-0.36791,161.243
lightbox/images/img000133.jpg,lightbox,2,34422,2,34760,0.251263,0.362936,0.893381,-0.0837545,33.4426
lightbox/images/img000140.jpg,lightbox,2,74231,2,74071,0.178434,0.127453,0.8157,0.535303,26.5032
lightbox/images/img000141.jpg,lightbox,3,25756,3,25707,-0.144639,0.318206,-0.144639,0.925691,16.7576
lightbox/images/img000164.jpg,lightbox,1,25727,1,34264,0.0280056,0.896179,0.364073,-0.25205,26.4371
lightbox/images/img000169.jpg,lightbox,1,46570,3,44663,-0.529907,-0.310635,0.529907,0.584725,153.081
lightbox/images/img000176.jpg,lightbox,3,41646,1,24527,-0.535303,0.8157,0.178434,-0.127453,151.46
lightbox/images/img000177.jpg,lightbox,1,70142,0,43703,0.941584,-0.147122,-0.147122,0.26482,161.833
lightbox/images/img000178.jpg,lightbox,2,37641,3,13273,0.481365,-0.0209289,-0.565081,0.669726,153.471
lightbox/images/img000182.jpg,lightbox,1,36024,1,14224,0.0253592,0.811493,-0.481824,-0.329669,121.299
lightbox/images/img000188.jpg,lightbox,3,16404,0,25421,0.899004,-0.36522,0.140469,-0.196657,179.728
lightbox/images/img000199.jpg,lightbox,2,42316,2,20561,-0.488108,0.116216,0.743784,-0.441622,67.988
lightbox/images/img000203.jpg,lightbox,0,07043,2,05776,-0.0824786,-0.467379,0.879772,-0.0274929,157.225
lightbox/images/img000209.jpg,lightbox,1,00566,2,60747,-0.493469,0.258484,0.751953,0.352478,168.345
lightbox/images/img000213.jpg,lightbox,1,21631,1,47617,-0.208739,0.742182,-0.115966,0.626216,155.379
lightbox/images/img000226.jpg,lightbox,0,32564,3,34205,0.0837545,0.251263,-0.362936,0.893381,130.69
lightbox/images/img000239.jpg,lightbox,1,55020,2,30255,0.165963,0.21338,0.758686,-0.592723,129.21
lightbox/images/img000245.jpg,lightbox,0,25143,0,25521,0.954905,-0.149204,0.149204,-0.208885,13.6507
lightbox/images/img000248.jpg,lightbox,1,12551,1,17444,0.433341,0.8157,-0.38236,-0.0254906,48.0075
lightbox/images/img000251.jpg,lightbox,3,25270,3,25270,-0.29038,0.343176,-0.29038,0.844742,2.28867
lightbox/images/img000261.jpg,lightbox,3,07134,3,17502,0.578586,-0.300865,-0.162004,0.74059,82.7604
lightbox/images/img000264.jpg,lightbox,2,16520,2,17520,0.58617,-0.257915,0.750298,-0.164128,45.0967
lightbox/images/img000267.jpg,lightbox,0,73206,3,42524,-0.54287,-0.259633,0.259633,0.755297,148.999
lightbox/images/img000275.jpg,lightbox,3,50374,0,47347,0.799251,-0.124883,-0.124883,0.574462,82.4677
lightbox/images/img000280.jpg,lightbox,2,16374,1,70701,0.304267,0.88514,0.248946,0.248946,158.919
lightbox/images/img000290.jpg,lightbox,1,65625,1,65634,-0.243365,0.707972,0.287613,0.597351,3.98603
lightbox/images/img000298.jpg,lightbox,0,70401,1,27536,-0.0753066,0.80327,0.57735,-0.125511,174.992
lightbox/images/img000315.jpg,lightbox,0,16364,0,36044,0.856767,0.026774,0.455158,-0.240966,69.3164
lightbox/images/img000318.jpg,lightbox,0,45166,0,45047,0.632085,-0.256785,-0.572827,0.454311,16.6785
lightbox/images/img000319.jpg,lightbox,2,44027,2,70627,0.0807866,0.403933,0.861723,0.296217,134.891
lightbox/images/img000320.jpg,lightbox,0,61072,0,61066,0.871899,-0.408703,0.190728,0.190728,10.8888
lightbox/images/img000321.jpg,lightbox,1,62051,1,06320,-0.544084,0.756986,-0.0709674,-0.354837,79.3632
lightbox/images/img000334.jpg,lightbox,0,43572,0,53466,0.795292,0.422499,-0.223676,0.372793,57.9992
lightbox/images/img000340.jpg,lightbox,0,74101,0,56342,0.80735,0.227067,-0.126148,0.529823,20.116
lightbox/images/img000345.jpg,lightbox,2,53373,1,52562,0.244497,0.869321,-0.244497,0.353162,178.404
lightbox/images/img000349.jpg,lightbox,2,61321,2,61361,-0.141819,0.368729,0.907642,0.141819,11.1729
lightbox/images/img000351.jpg,lightbox,1,52007,0,03663,0.811493,-0.329669,-0.0253592,-0.481824,148.219
lightbox/images/img000359.jpg,lightbox,0,21457,0,21744,0.842397,-0.184274,0.236924,-0.447523,20.7732
lightbox/images/img000363.jpg,lightbox,3,74131,3,70114,0.374809,0.0288315,0.0864945,0.922608,41.5147
lightbox/images/img000366.jpg,lightbox,3,26640,3,26422,-0.612333,0.454311,-0.138269,0.632085,10.0732
lightbox/images/img000367.jpg,lightbox,2,70261,2,34074,0.147122,0.147122,0.941584,-0.26482,55.659
lightbox/images/img000376.jpg,lightbox,2,31245,0,37520,0.691902,0.540548,0.454061,-0.151354,73.1251
lightbox/images/img000377.jpg,lightbox,2,67146,2,61770,-0.0810219,0.351095,0.864234,0.351095,29.3721
lightbox/images/img000401.jpg,lightbox,2,13671,1,03344,-0.167476,0.765603,-0.167476,-0.598127,177.709
lightbox/images/img000403.jpg,lightbox,3,63417,2,63555,-0.0254906,0.433341,0.8157,0.38236,84.9319
lightbox/images/img000410.jpg,lightbox,0,25733,0,34600,0.941584,0.0294245,0.26482,-0.205971,16.2186
lightbox/images/img000430.jpg,lightbox,2,57530,1,70066,0.0298408,0.954905,0.208885,0.208885,176.683
lightbox/images/img000434.jpg,lightbox,0,73374,2,24553,-0.465972,0.0822304,0.877124,-0.0822304,151.643
lightbox/images/img000449.jpg,lightbox,3,72507,3,74451,0.159961,0.0228515,0.662695,0.73125,73.459
lightbox/images/img000450.jpg,lightbox,1,13505,1,16111,0.36391,0.776342,-0.36391,-0.36391,27.907
lightbox/images/img000458.jpg,lightbox,2,36110,1,53270,0.542398,0.826512,-0.0774855,0.129142,134.504
lightbox/images/img000460.jpg,lightbox,1,74056,2,77066,0.349127,0.472348,0.65718,0.472348,85.6516
lightbox/images/img000472.jpg,lightbox,1,06224,1,06353,-0.445063,0.837765,-0.130901,-0.287982,31.3194
lightbox/images/img000479.jpg,lightbox,3,67106,3,67521,-0.108721,0.45663,0.543607,0.695817,12.5951
lightbox/images/img000481.jpg,lightbox,2,27166,2,27701,-0.120456,0.602279,0.770916,-0.168638,9.18246
lightbox/images/img000493.jpg,lightbox,2,34116,2,34143,0.308062,0.0840168,0.896179,-0.308062,9.14985
lightbox/images/img000496.jpg,lightbox,2,61007,3,16406,0.0286417,-0.372342,-0.143208,0.916533,166.92
lightbox/images/img000497.jpg,lightbox,3,17762,1,47317,-0.0266217,0.851896,-0.133109,0.505813,135.659
lightbox/images/img000499.jpg,lightbox,3,14612,3,14233,0.175715,-0.426737,-0.376533,0.80327,23.8381
lightbox/images/img000503.jpg,lightbox,0,05534,0,04651,0.684267,-0.534584,-0.491817,-0.06415,56.4744
lightbox/images/img000507.jpg,lightbox,2,34231,2,10664,0.0244339,-0.464244,0.781884,-0.415376,98.668
lightbox/images/img000510.jpg,lightbox,3,55003,1,60364,-0.546536,0.760398,0.308911,0.166337,128.148
lightbox/images/img000512.jpg,lightbox,3,35023,3,35605,0.492056,0.233079,-0.129488,0.828726,29.7784
lightbox/images/img000514.jpg,lightbox,3,70021,3,04337,-0.403961,-0.403961,-0.308911,0.760398,101.669
lightbox/images/img000518.jpg,lightbox,2,30347,2,30566,0.236924,0.184274,0.842397,-0.447523,21.5735
lightbox/images/img000525.jpg,lightbox,1,43567,1,52654,0.137464,0.879772,-0.19245,0.412393,30.9975
lightbox/images/img000528.jpg,lightbox,2,47044,1,22554,-0.428838,0.722254,0.383697,-0.383697,179.6
lightbox/images/img000532.jpg,lightbox,3,07501,0,12527,0.783758,0.269417,-0.220432,-0.514341,101.065
lightbox/images/img000538.jpg,lightbox,2,34163,2,34435,0.208885,0.149204,0.954905,-0.149204,25.3192
lightbox/images/img000539.jpg,lightbox,2,70001,2,53100,0.57735,-0.34641,0.739008,0.023094,77.9022
lightbox/images/img000542.jpg,lightbox,2,01675,2,01727,-0.118545,-0.403052,0.758686,-0.497888,18.3737
lightbox/images/img000554.jpg,lightbox,3,17347,0,15777,0.670902,0.649937,-0.356417,-0.0209657,131.902
lightbox/images/img000555.jpg,lightbox,0,26432,2,76532,0.268341,0.474757,0.660531,0.51604,162.923
lightbox/images/img000564.jpg,lightbox,2,05161,1,44544,-0.390167,0.542841,-0.525877,0.525877,71.9271
lightbox/images/img000571.jpg,lightbox,1,63045,1,72046,0.0263982,0.844742,0.501565,0.184787,43.4297
lightbox/images/img000583.jpg,lightbox,1,43261,1,54222,0.0249766,0.799251,-0.424602,0.424602,71.7549
lightbox/images/img000587.jpg,lightbox,3,16614,3,56701,0.257915,-0.164128,0.58617,0.750298,91.1431
lightbox/images/img000605.jpg,lightbox,2,72377,2,15672,0.500142,-0.404877,0.762121,-0.0714488,131.618
lightbox/images/img000620.jpg,lightbox,2,16627,0,07751,0.972379,-0.0303869,-0.212708,-0.0911606,169.45
lightbox/images/img000628.jpg,lightbox,0,52142,0,52112,0.866766,0.352124,-0.352124,0.0270864,17.2226
lightbox/images/img000629.jpg,lightbox,2,05542,3,53333,0.695445,-0.0224337,0.0224337,0.717879,165.844
lightbox/images/img000643.jpg,lightbox,2,07366,2,63231,-0.203967,0.657226,0.725215,0.022663,92.7612
lightbox/images/img000645.jpg,lightbox,0,52660,0,43354,0.951522,-0.0892052,-0.208145,0.208145,28.1927
lightbox/images/img000646.jpg,lightbox,0,71670,3,25732,-0.0829819,0.41491,-0.193624,0.88514,137.509
lightbox/images/img000655.jpg,lightbox,2,31247,3,32337,0.271563,0.56123,-0.525021,0.579334,130.459
lightbox/images/img000666.jpg,lightbox,1,07327,1,27272,-0.233095,0.678094,0.656904,-0.233095,87.4828
lightbox/images/img000667.jpg,lightbox,1,61065,1,61074,-0.315058,0.916533,0.143208,0.200492,4.80106
lightbox/images/img000671.jpg,lightbox,0,61226,3,21735,-0.024731,0.321503,-0.51935,0.791391,149.429
lightbox/images/img000678.jpg,lightbox,3,72237,3,27772,-0.0670318,0.692662,-0.0670318,0.715006,28.8714
lightbox/images/img000690.jpg,lightbox,0,55666,0,36070,0.797264,0.124573,0.523205,-0.27406,157.631
lightbox/images/img000695.jpg,lightbox,0,52077,0,52425,0.896179,0.0840168,-0.308062,0.308062,19.9097
lightbox/images/img000696.jpg,lightbox,1,35432,1,35706,0.590076,0.755297,0.259633,-0.118015,14.8031
lightbox/images/img000700.jpg,lightbox,3,65365,0,03663,0.811493,-0.329669,-0.0253592,-0.481824,105.974
lightbox/images/img000708.jpg,lightbox,1,53026,1,16577,0.411152,0.877124,-0.246691,-0.0274101,11.7448
lightbox/images/img000711.jpg,lightbox,1,23576,1,27311,-0.023094,0.739008,0.57735,-0.34641,10.5937
lightbox/images/img000719.jpg,lightbox,1,53631,1,73000,0.424602,0.799251,0.424602,0.0249766,65.5068
lightbox/images/img000727.jpg,lightbox,1,43645,0,74432,0.770916,0.120456,0.168638,0.602279,172.23
lightbox/images/img000737.jpg,lightbox,3,14261,0,14653,0.819974,0.179369,-0.538108,-0.0768726,173.769
lightbox/images/img000744.jpg,lightbox,1,21615,2,34004,0.0289278,0.0289278,0.925691,-0.376062,132.228
lightbox/images/img000745.jpg,lightbox,3,25770,3,25747,-0.146114,0.321451,-0.0292228,0.935129,12
lightbox/images/img000746.jpg,lightbox,1,11607,1,72141,0.287982,0.837765,0.445063,0.130901,128.209
lightbox/images/img000773.jpg,lightbox,3,26511,3,36501,0.285642,0.441447,-0.181772,0.830959,84.6562
lightbox/images/img000794.jpg,lightbox,1,30371,3,70004,0.0310835,0.0310835,0.0932505,0.994672,115.323
lightbox/images/img000797.jpg,lightbox,1,43153,3,06771,-0.465972,-0.0822304,-0.0822304,0.877124,171.134
lightbox/images/img000808.jpg,lightbox,1,67425,1,44137,-0.354552,0.667391,-0.521399,0.396264,116.953
lightbox/images/img000818.jpg,lightbox,0,25525,0,05567,0.781884,-0.122169,-0.610847,-0.0244339,95.5327
lightbox/images/img000823.jpg,lightbox,3,30124,3,30056,0.121879,0.0731272,-0.609394,0.780024,12.2285
lightbox/images/img000845.jpg,lightbox,2,47324,2,64141,-0.480888,0.0228994,0.732782,0.480888,37.2743
lightbox/images/img000849.jpg,lightbox,2,63533,2,72466,0.0237089,0.545305,0.758686,0.355634,18.4673
lightbox/images/img000856.jpg,lightbox,2,02743,2,07042,-0.38236,-0.331378,0.8157,-0.280397,33.1836
lightbox/images/img000858.jpg,lightbox,1,35606,3,33227,0.33656,0.549124,-0.513697,0.566838,135.12
lightbox/images/img000861.jpg,lightbox,1,71657,1,77171,0.578959,0.597635,0.392198,0.392198,22.0909
lightbox/images/img000867.jpg,lightbox,2,70351,2,25720,-0.194821,0.36181,0.890609,-0.194821,79.1345
lightbox/images/img000871.jpg,lightbox,3,75207,3,70066,0.0298408,0.208885,0.208885,0.954905,59.1973
lightbox/images/img000878.jpg,lightbox,1,27555,1,16660,0.0309641,0.99085,-0.0928922,-0.0928922,66.7267
lightbox/images/img000888.jpg,lightbox,2,54155,0,74043,0.830959,0.0779024,0.0779024,0.545317,121.971
lightbox/images/img000892.jpg,lightbox,0,56465,3,14773,0.38137,-0.432219,-0.0762739,0.813589,73.5663
lightbox/images/img000893.jpg,lightbox,1,15071,1,15251,0.490028,0.681778,-0.490028,-0.234361,7.19355
lightbox/images/img000894.jpg,lightbox,2,36604,0,03767,0.8745,-0.136641,-0.0273281,-0.464578,178.577
lightbox/images/img000895.jpg,lightbox,0,43770,0,43771,0.922608,-0.0288315,-0.0864945,0.374809,8.90127
lightbox/images/img000904.jpg,lightbox,1,37600,1,32524,0.201903,0.717879,0.471108,-0.471108,42.8868
lightbox/images/img000911.jpg,lightbox,3,36100,3,02762,-0.525586,-0.0228515,-0.434179,0.73125,101.811
lightbox/images/img000915.jpg,lightbox,0,36607,1,25772,-0.0842816,0.899004,0.421408,-0.0842816,147.347
lightbox/images/img000919.jpg,lightbox,2,06336,1,35002,0.432219,0.813589,0.0762739,-0.38137,174.029
lightbox/images/img000930.jpg,lightbox,0,70706,0,70376,0.835478,0.339413,0.39163,0.182761,20.5366
lightbox/images/img000932.jpg,lightbox,1,13307,1,13346,0.521399,0.667391,-0.10428,-0.521399,7.85628
lightbox/images/img000933.jpg,lightbox,1,56001,1,52470,0.136641,0.8745,-0.300609,0.355266,14.7111
lightbox/images/img000937.jpg,lightbox,0,12401,0,12527,0.783758,0.269417,-0.220432,-0.514341,30.61
lightbox/images/img000950.jpg,lightbox,3,24457,3,22642,-0.559035,0.486902,-0.342634,0.577069,64.5239
lightbox/images/img000951.jpg,lightbox,3,56720,3,56530,0.295226,-0.249807,0.567742,0.72671,20.47
lightbox/images/img000956.jpg,lightbox,2,40524,2,40373,-0.421459,-0.421459,0.793334,0.123958,23.2102
lightbox/images/img000957.jpg,lightbox,0,33366,1,53315,0.685847,0.707972,-0.154869,0.0663723,106.817
lightbox/images/img000962.jpg,lightbox,3,15711,3,15707,0.573172,-0.445801,-0.106143,0.679315,8.1981
lightbox/images/img000974.jpg,lightbox,2,65757,1,64211,-0.55638,0.712167,0.200297,0.378339,110.81
lightbox/images/img000982.jpg,lightbox,0,25323,0,27464,0.778177,-0.36477,0.510678,-0.024318,54.7432
lightbox/images/img000988.jpg,lightbox,1,72150,1,36450,0.136234,0.871899,0.463196,-0.0817405,32.268
lightbox/images/img000992.jpg,lightbox,2,01267,2,01324,-0.14676,-0.398348,0.670902,-0.608005,15.4495
lightbox/images/img000995.jpg,lightbox,3,44307,3,47007,-0.313185,-0.313185,0.457732,0.770916,25.5105
lightbox/images/img001003.jpg,lightbox,1,34216,2,34204,0.0280056,0.25205,0.896179,-0.364073,103.453
lightbox/images/img001007.jpg,lightbox,3,00701,2,50476,0.114738,-0.57369,0.734324,0.344214,168.901
lightbox/images/img001013.jpg,lightbox,3,07171,3,16421,0.0864945,-0.317146,-0.20182,0.922608,18.6713
lightbox/images/img001018.jpg,lightbox,3,10403,1,17064,0.43676,0.822136,-0.282609,-0.231226,123.222
lightbox/images/img001026.jpg,lightbox,0,51040,3,10667,0.0747435,-0.423547,-0.423547,0.797264,149.726
lightbox/images/img001030.jpg,lightbox,3,65340,0,25254,0.88514,-0.304267,0.248946,-0.248946,147.08
lightbox/images/img001042.jpg,lightbox,0,14030,0,43477,0.851896,-0.239596,-0.239596,0.399326,107.012
lightbox/images/img001044.jpg,lightbox,1,41072,3,07711,-0.0298408,-0.208885,-0.208885,0.954905,172.82
lightbox/images/img001045.jpg,lightbox,2,65313,2,52356,0.36522,-0.140469,0.899004,0.196657,74.4847
lightbox/images/img001050.jpg,lightbox,3,66167,3,66100,-0.498237,0.368262,0.368262,0.6932,18.668
lightbox/images/img001051.jpg,lightbox,0,73527,2,73544,0.537541,0.365528,0.688053,0.322525,36.3564
lightbox/images/img001070.jpg,lightbox,3,56320,3,52766,0.246691,-0.0274101,0.411152,0.877124,8.35003
lightbox/images/img001087.jpg,lightbox,2,67026,0,34426,0.965275,0.0301648,0.211154,-0.150824,155.973
lightbox/images/img001094.jpg,lightbox,0,67534,0,67530,0.698464,-0.065481,0.458367,0.545675,3.90008
lightbox/images/img001105.jpg,lightbox,0,07157,0,14667,0.879772,0.0824786,-0.467379,-0.0274929,31.9138
lightbox/images/img001106.jpg,lightbox,0,27417,0,27562,0.797264,-0.174402,0.573034,-0.0747435,11.1861
lightbox/images/img001107.jpg,lightbox,3,36524,1,75472,0.432737,0.659408,0.144246,0.597589,48.6638
lightbox/images/img001108.jpg,lightbox,0,61367,0,63702,0.737437,-0.161314,0.622212,0.207404,31.3306
lightbox/images/img001109.jpg,lightbox,3,71071,3,71072,0.535303,0.178434,0.127453,0.8157,8.94371
lightbox/images/img001111.jpg,lightbox,0,20226,3,22132,-0.354352,0.428952,-0.578153,0.596803,47.0446
lightbox/images/img001119.jpg,lightbox,1,27364,1,27651,-0.215821,0.767362,0.599501,-0.0719402,18.2195
lightbox/images/img001125.jpg,lightbox,3,20770,1,27472,-0.268133,0.780024,0.560642,-0.0731272,174.349
lightbox/images/img001129.jpg,lightbox,2,43044,2,42155,-0.426737,-0.376533,0.80327,0.175715,6.92335
lightbox/images/img001139.jpg,lightbox,3,16632,3,52254,0.147635,-0.206689,0.206689,0.944862,53.4224
lightbox/images/img001145.jpg,lightbox,3,02411,3,52051,0.19245,-0.412393,0.137464,0.879772,115.296
lightbox/images/img001148.jpg,lightbox,2,07674,2,61031,-0.267615,0.148675,0.951522,0.0297351,26.3474
lightbox/images/img001150.jpg,lightbox,1,22163,3,60526,-0.554096,0.168638,0.265003,0.770916,176.188
lightbox/images/img001154.jpg,lightbox,3,01461,2,02340,-0.476383,-0.144986,0.662794,-0.559233,129.408
lightbox/images/img001155.jpg,lightbox,3,65234,3,61666,-0.36391,0.36391,0.36391,0.776342,14.7922
lightbox/images/img001159.jpg,lightbox,1,12266,2,40740,-0.484775,-0.484775,0.674469,0.274003,108.287
lightbox/images/img001176.jpg,lightbox,2,20730,2,20676,-0.567072,0.31504,0.672085,-0.357045,22.0656
lightbox/images/img001184.jpg,lightbox,2,07465,2,64177,-0.390934,0.160973,0.735875,0.52891,86.994
lightbox/images/img001187.jpg,lightbox,3,57116,0,55025,0.643224,0.381914,-0.54272,0.381914,144.156
lightbox/images/img001196.jpg,lightbox,1,71714,1,71712,0.637864,0.703849,0.241948,0.197958,8.17387
lightbox/images/img001199.jpg,lightbox,1,07763,0,14266,0.856767,0.026774,-0.455158,-0.240966,174.709
lightbox/images/img001201.jpg,lightbox,1,20502,0,45002,0.656074,-0.307535,-0.594567,0.348539,82.1083
lightbox/images/img001209.jpg,lightbox,2,54676,2,64101,-0.50128,0.0238705,0.763856,0.405798,91.0835
lightbox/images/img001216.jpg,lightbox,1,12522,3,17243,0.485586,-0.127786,-0.281129,0.817829,137.252
lightbox/images/img001220.jpg,lightbox,3,77455,2,15520,0.507464,-0.548061,0.649554,-0.14209,141.637
lightbox/images/img001234.jpg,lightbox,2,42677,2,45243,-0.285387,-0.46101,0.702491,0.46101,62.3743
lightbox/images/img001236.jpg,lightbox,0,14207,0,14055,0.695817,0.15221,-0.674072,-0.195698,27.0281
lightbox/images/img001246.jpg,lightbox,1,07473,0,70131,0.896179,0.420084,0.140028,0.0280056,164.729
lightbox/images/img001253.jpg,lightbox,2,05552,2,05556,-0.069282,-0.669726,0.739008,-0.023094,6.4788
lightbox/images/img001255.jpg,lightbox,2,71225,2,13610,0.464606,-0.154869,0.707972,-0.508855,89.5818
lightbox/images/img001264.jpg,lightbox,2,27665,0,23661,0.653879,-0.265638,0.592578,-0.388241,171.755
lightbox/images/img001268.jpg,lightbox,1,64577,1,36610,0.120456,0.770916,0.602279,-0.168638,127.454
lightbox/images/img001280.jpg,lightbox,1,36524,0,07767,0.987072,-0.15423,-0.030846,-0.030846,171.227
lightbox/images/img001287.jpg,lightbox,3,12476,0,12655,0.851896,0.186352,-0.186352,-0.45257,150.017
lightbox/images/img001288.jpg,lightbox,3,45712,3,45576,-0.058621,-0.488509,0.605751,0.625291,13.0142
lightbox/images/img001295.jpg,lightbox,1,77157,3,20364,-0.474757,0.268341,-0.51604,0.660531,178.764
lightbox/images/img001299.jpg,lightbox,0,66244,3,65400,-0.34641,0.023094,0.57735,0.739008,138.912
lightbox/images/img001308.jpg,lightbox,2,07526,2,07536,-0.0888913,-0.266674,0.948174,-0.148152,16.387
lightbox/images/img001314.jpg,lightbox,0,57275,0,57602,0.722254,0.383697,-0.112852,0.564261,18.4488
lightbox/images/img001319.jpg,lightbox,1,43373,0,16674,0.983336,0.153646,-0.0921878,-0.0307293,168.97
lightbox/images/img001323.jpg,lightbox,1,26444,1,04637,-0.564261,0.722254,-0.383697,-0.112852,88.4875
lightbox/images/img001331.jpg,lightbox,2,62342,2,47723,-0.122169,-0.0244339,0.781884,0.610847,102.119
lightbox/images/img001344.jpg,lightbox,0,72010,0,72104,0.854321,0.240278,0.453858,0.0800926,11.5636
lightbox/images/img001350.jpg,lightbox,2,02653,2,00542,-0.438195,-0.552506,0.609662,-0.361987,56.4237
lightbox/images/img001355.jpg,lightbox,3,25754,3,25747,-0.146114,0.321451,-0.0292228,0.935129,7.12196
lightbox/images/img001365.jpg,lightbox,0,42042,1,24466,-0.687194,0.709362,0.155173,-0.0221676,18.1791
lightbox/images/img001366.jpg,lightbox,0,76122,3,22124,-0.431968,0.394405,-0.544655,0.600999,146.773
lightbox/images/img001371.jpg,lightbox,2,12651,3,43574,-0.0807866,-0.296217,0.403933,0.861723,175.844
lightbox/images/img001379.jpg,lightbox,0,77514,1,75774,0.529907,0.584725,0.237544,0.566452,15.1923
lightbox/images/img001382.jpg,lightbox,3,16561,0,21576,0.864234,-0.0810219,0.189051,-0.459124,167.226
lightbox/images/img001387.jpg,lightbox,0,65727,0,65566,0.701141,-0.153375,0.153375,0.67923,21.221
lightbox/images/img001396.jpg,lightbox,3,16054,3,16417,0.196657,-0.36522,-0.140469,0.899004,14.3853
lightbox/images/img001400.jpg,lightbox,3,43711,3,43755,-0.0277457,-0.19422,0.416185,0.887862,18.7998
lightbox/images/img001414.jpg,lightbox,2,24640,0,14556,0.709362,0.288178,-0.642859,-0.0221676,57.4404
lightbox/images/img001419.jpg,lightbox,0,56126,0,56074,0.776342,0.121303,-0.266868,0.557996,17.3769
lightbox/images/img001432.jpg,lightbox,1,31224,1,70052,0.151934,0.972379,0.0911606,0.151934,101.152
lightbox/images/img001435.jpg,lightbox,3,47221,3,47660,-0.327405,-0.065481,0.632983,0.698464,26.8882
lightbox/images/img001436.jpg,lightbox,2,25752,2,61301,-0.148675,0.267615,0.951522,0.0297351,13.4949
lightbox/images/img001440.jpg,lightbox,3,66006,0,72176,0.760398,0.308911,0.546536,0.166337,174.787
lightbox/images/img001450.jpg,lightbox,1,17620,3,70064,0.0301648,0.150824,0.211154,0.965275,171.661
lightbox/images/img001472.jpg,lightbox,3,32533,3,33642,0.346794,0.550791,-0.387594,0.652789,13.1778
lightbox/images/img001474.jpg,lightbox,1,71141,1,07754,-0.0911606,0.972379,-0.212708,-0.0303869,94.6971
lightbox/images/img001482.jpg,lightbox,2,42334,2,43220,-0.422745,-0.084549,0.901856,0.028183,12.1785
lightbox/images/img001485.jpg,lightbox,0,61745,0,61360,0.899004,-0.196657,0.36522,0.140469,35.8691
lightbox/images/img001493.jpg,lightbox,0,25523,0,25533,0.954905,-0.0298408,0.208885,-0.208885,16.7984
lightbox/images/img001496.jpg,lightbox,2,12236,1,24722,-0.538095,0.748653,0.350931,-0.163768,146.261
lightbox/images/img001500.jpg,lightbox,0,56754,0,65166,0.787547,-0.172276,0.172276,0.566049,68.0458
lightbox/images/img001506.jpg,lightbox,2,30427,1,70320,0.25205,0.896179,0.364073,0.0280056,124.673
lightbox/images/img001520.jpg,lightbox,3,14045,1,12657,0.187958,0.859235,-0.134255,-0.456468,62.3199
lightbox/images/img001526.jpg,lightbox,2,64503,0,24536,0.837765,-0.497423,0.183261,-0.130901,136.941
lightbox/images/img001532.jpg,lightbox,0,13542,2,70054,0.150824,0.0301648,0.965275,0.211154,152.413
lightbox/images/img001542.jpg,lightbox,0,14722,0,14665,0.856767,0.0803219,-0.508706,-0.026774,24.5708
lightbox/images/img001557.jpg,lightbox,2,32016,1,31262,0.357045,0.672085,0.31504,-0.567072,60.3417
lightbox/images/img001559.jpg,lightbox,1,35101,2,21176,-0.0726113,0.169426,0.774521,-0.605095,144.44
lightbox/images/img001567.jpg,lightbox,1,53040,1,52177,0.403933,0.861723,-0.24236,0.188502,18.6763
lightbox/images/img001571.jpg,lightbox,0,63334,1,42114,-0.472205,0.795292,-0.372793,0.0745586,98.8999
lightbox/images/img001588.jpg,lightbox,1,76356,1,47345,-0.123958,0.793334,-0.173542,0.570209,99.5758
lightbox/images/img001599.jpg,lightbox,0,15370,0,15770,0.676879,0.613422,-0.401897,-0.0634574,20.9928
lightbox/images/img001603.jpg,lightbox,1,61764,1,61370,-0.0856444,0.91354,0.371126,0.142741,34.4167
lightbox/images/img001608.jpg,lightbox,1,25675,1,25671,-0.251263,0.893381,0.362936,-0.0837545,4.01969
lightbox/images/img001620.jpg,lightbox,2,61600,2,60151,-0.464578,0.0273281,0.8745,0.136641,29.6554
lightbox/images/img001624.jpg,lightbox,3,12675,2,16420,0.0289278,-0.318206,0.925691,-0.202495,111.101
lightbox/images/img001625.jpg,lightbox,2,71467,2,71463,0.474555,0.174836,0.799251,0.324696,4.40844
lightbox/images/img001626.jpg,lightbox,3,72032,3,72011,0.189605,0.46047,0.0270864,0.866766,17.1156
lightbox/images/img001632.jpg,lightbox,2,43736,1,01541,-0.102684,0.65718,-0.636643,-0.390201,85.0192
lightbox/images/img001635.jpg,lightbox,0,61224,0,25352,0.896179,-0.0840168,0.308062,-0.308062,57.1864
lightbox/images/img001642.jpg,lightbox,1,36702,1,36545,0.29038,0.844742,0.448769,-0.0263982,29.6793
lightbox/images/img001654.jpg,lightbox,3,02475,0,06766,0.811493,-0.583261,-0.0253592,-0.0253592,143.506
lightbox/images/img001662.jpg,lightbox,2,16070,3,62031,-0.546718,0.459243,0.0218687,0.699798,131.662
lightbox/images/img001664.jpg,lightbox,3,33656,0,37024,0.729727,0.387667,0.478883,-0.296452,161.105
lightbox/images/img001675.jpg,lightbox,2,56673,2,56020,0.0263982,-0.29038,0.844742,0.448769,44.8097
lightbox/images/img001682.jpg,lightbox,3,56427,0,06277,0.769133,-0.600885,-0.0240354,-0.216319,179.031
lightbox/images/img001684.jpg,lightbox,3,50303,0,16413,0.890609,0.194821,-0.36181,-0.194821,178.291
lightbox/images/img001687.jpg,lightbox,2,71235,2,71234,0.518084,0.320719,0.789462,0.0740121,4.61416
lightbox/images/img001688.jpg,lightbox,3,70526,2,74120,0.238919,0.132733,0.849491,0.451292,82.3716
lightbox/images/img001713.jpg,lightbox,1,54314,1,71047,0.500173,0.842397,0.0789747,0.184274,81.704
lightbox/images/img001721.jpg,lightbox,2,75457,3,74560,0.202721,0.112623,0.653213,0.720787,30.5665
lightbox/images/img001726.jpg,lightbox,1,05244,0,47020,0.785646,-0.368271,-0.270066,0.417374,120.67
lightbox/images/img001731.jpg,lightbox,2,70234,2,34760,0.251263,0.362936,0.893381,-0.0837545,22.8806
lightbox/images/img001733.jpg,lightbox,3,53002,3,52135,0.403933,-0.296217,0.0807866,0.861723,9.92706
lightbox/images/img001734.jpg,lightbox,2,03720,2,07030,-0.284875,-0.284875,0.828726,-0.388465,34.2441
lightbox/images/img001735.jpg,lightbox,1,25460,1,03723,-0.125828,0.805302,-0.0251657,-0.578811,68.2753
lightbox/images/img001751.jpg,lightbox,0,65310,0,65133,0.866766,-0.0270864,0.189605,0.46047,8.50397
lightbox/images/img001771.jpg,lightbox,2,07172,2,07134,-0.0824786,-0.302422,0.879772,-0.357407,8.85184
lightbox/images/img001781.jpg,lightbox,1,73315,2,37060,0.392598,0.484974,0.739008,-0.254034,56.1214
lightbox/images/img001784.jpg,lightbox,2,12375,2,32015,0.149139,0.362194,0.681778,-0.617861,55.1988
lightbox/images/img001792.jpg,lightbox,0,16203,0,16225,0.919555,0.0862083,-0.0862083,-0.373569,5.91378
lightbox/images/img001800.jpg,lightbox,0,25726,0,70473,0.890609,0.194821,0.194821,0.36181,76.4886
lightbox/images/img001812.jpg,lightbox,3,15703,3,15707,0.573172,-0.445801,-0.106143,0.679315,5.37052
lightbox/images/img001813.jpg,lightbox,1,47310,3,75070,0.47789,0.113783,0.47789,0.728214,142.605
lightbox/images/img001817.jpg,lightbox,1,35034,0,51741,0.646366,0.545371,-0.464575,0.262586,106.971
lightbox/images/img001828.jpg,lightbox,0,50135,1,30772,0.308216,0.758686,0.355634,-0.45047,153.443
lightbox/images/img001831.jpg,lightbox,3,17132,0,13222,0.670902,0.356417,-0.0209657,-0.649937,169.624
lightbox/images/img001837.jpg,lightbox,3,16710,3,12777,0.38236,-0.0254906,-0.433341,0.8157,35.3322
lightbox/images/img001839.jpg,lightbox,1,22574,3,43116,-0.0862083,-0.373569,0.0862083,0.919555,117.867
lightbox/images/img001869.jpg,lightbox,2,52715,2,52715,0.398199,-0.185826,0.849491,0.292013,1.93786
lightbox/images/img001875.jpg,lightbox,1,62252,2,56000,0.0254906,-0.38236,0.8157,0.433341,153.639
lightbox/images/img001876.jpg,lightbox,0,74555,3,75303,0.580544,0.236518,0.365528,0.688053,40.1527
lightbox/images/img001884.jpg,lightbox,1,45174,1,47057,-0.211955,0.753619,-0.306158,0.541664,36.1741
lightbox/images/img001886.jpg,lightbox,0,32457,3,25171,-0.0292228,0.146114,-0.321451,0.935129,115.727
lightbox/images/img001887.jpg,lightbox,1,71750,2,34751,0.409922,0.245953,0.8745,-0.0819844,106.473
lightbox/images/img001889.jpg,lightbox,3,52611,3,52610,0.145617,-0.203864,0.262111,0.931951,5.87824
lightbox/images/img001893.jpg,lightbox,1,54375,0,71242,0.837765,0.445063,0.287982,0.130901,114.002
lightbox/images/img001908.jpg,lightbox,1,03705,1,70626,0.0270073,0.864234,0.40511,0.29708,121.083
lightbox/images/img001937.jpg,lightbox,0,77552,0,75774,0.584725,0.529907,0.237544,0.566452,14.6028
lightbox/images/img001948.jpg,lightbox,3,42312,3,16442,0.0288315,-0.374809,-0.0864945,0.922608,71.7231
lightbox/images/img001957.jpg,lightbox,3,52036,3,50273,0.187958,-0.456468,0.134255,0.859235,27.1463
lightbox/images/img001958.jpg,lightbox,3,76073,2,53416,0.50128,-0.310316,0.763856,0.262575,125.081
lightbox/images/img001976.jpg,lightbox,2,31177,0,34742,0.910577,0.2561,0.313011,-0.0853666,71.3354
lightbox/images/img001984.jpg,lightbox,3,66615,2,45726,-0.153081,-0.371768,0.699798,0.590455,109.15
lightbox/images/img001987.jpg,lightbox,1,46315,1,46317,-0.412432,0.776342,-0.121303,0.460953,7.58682
lightbox/images/img001991.jpg,lightbox,1,56207,1,52652,0.141819,0.907642,-0.141819,0.368729,16.1115
lightbox/images/img002000.jpg,lightbox,2,71734,0,17170,0.697136,0.63178,-0.239641,-0.239641,133.999
lightbox/images/img002017.jpg,lightbox,2,56314,0,72604,0.760398,0.0237624,0.594061,0.261387,65.7198
lightbox/images/img002018.jpg,lightbox,1,74200,1,51231,0.525586,0.73125,-0.434179,0.0228515,114.948
lightbox/images/img002019.jpg,lightbox,1,30532,1,30572,0.324696,0.799251,0.174836,-0.474555,8.71536
lightbox/images/img002025.jpg,lightbox,1,22557,1,23444,-0.350931,0.748653,0.397722,-0.397722,6.25883
lightbox/images/img002032.jpg,lightbox,0,66303,0,24254,0.73125,-0.616992,0.205664,-0.205664,77.7696
lightbox/images/img002034.jpg,lightbox,0,41074,0,41062,0.734324,-0.344214,-0.57369,0.114738,12.1232
lightbox/images/img002035.jpg,lightbox,0,72000,3,70076,0.147635,0.206689,0.206689,0.944862,150.304
lightbox/images/img002036.jpg,lightbox,1,44600,1,63555,-0.0254906,0.8157,0.433341,0.38236,122.433
lightbox/images/img002050.jpg,lightbox,1,25147,1,25147,-0.148152,0.948174,0.0888913,-0.266674,3.01357
lightbox/images/img002058.jpg,lightbox,2,55245,2,55242,0.362854,-0.448231,0.683019,0.448231,4.26079
lightbox/images/img002065.jpg,lightbox,3,37654,3,33645,0.396264,0.521399,-0.354552,0.667391,39.6456
lightbox/images/img002067.jpg,lightbox,0,74322,0,76320,0.676879,0.190372,0.613422,0.359592,30.6677
lightbox/images/img002070.jpg,lightbox,2,26402,0,44572,0.59931,-0.35584,-0.468211,0.543124,49.6032
lightbox/images/img002071.jpg,lightbox,0,03571,0,71400,0.856767,0.455158,0.026774,0.240966,109.731
lightbox/images/img002076.jpg,lightbox,0,46225,2,07644,-0.416185,-0.19422,0.887862,-0.0277457,155.391
lightbox/images/img002082.jpg,lightbox,2,02107,2,02312,-0.390201,-0.102684,0.65718,-0.636643,17.7734
lightbox/images/img002083.jpg,lightbox,2,35472,1,25664,-0.398199,0.849491,0.345106,-0.0265466,153.488
lightbox/images/img002089.jpg,lightbox,0,53174,0,53260,0.871899,0.463196,-0.0817405,0.136234,32.8461
lightbox/images/img002102.jpg,lightbox,3,03172,3,03532,-0.0740121,-0.222036,-0.567426,0.789462,9.58256
lightbox/images/img002105.jpg,lightbox,3,56400,2,47704,-0.162703,-0.162703,0.743784,0.627568,39.032
lightbox/images/img002111.jpg,lightbox,2,50550,1,05566,-0.169825,0.776342,-0.606517,-0.0242607,36.2592
lightbox/images/img002114.jpg,lightbox,1,12746,1,12726,0.228822,0.813589,-0.0254246,-0.533917,14.2152
lightbox/images/img002117.jpg,lightbox,2,06574,2,07611,-0.259483,-0.20182,0.922608,-0.20182,35.7707
lightbox/images/img002121.jpg,lightbox,2,21254,2,07617,-0.26482,-0.147122,0.941584,-0.147122,71.7203
lightbox/images/img002130.jpg,lightbox,0,66201,1,56221,0.0822304,0.877124,-0.0822304,0.465972,141.641
lightbox/images/img002135.jpg,lightbox,1,11663,1,15074,0.44028,0.670902,-0.566074,-0.188691,31.8638
lightbox/images/img002136.jpg,lightbox,1,34256,1,34215,0.19245,0.879772,0.247436,-0.357407,13.7694
lightbox/images/img002138.jpg,lightbox,2,56007,2,56005,0.0745586,-0.372793,0.795292,0.472205,6.95778
lightbox/images/img002146.jpg,lightbox,2,34507,2,52064,0.0289278,-0.318206,0.925691,0.202495,68.7616
lightbox/images/img002149.jpg,lightbox,2,47072,2,47053,-0.217325,-0.313914,0.772712,0.507093,13.1045
lightbox/images/img002154.jpg,lightbox,1,07643,2,47123,-0.132733,-0.238919,0.849491,0.451292,141.524
lightbox/images/img002163.jpg,lightbox,2,70155,2,75000,0.424602,0.0249766,0.799251,0.424602,28.9196
lightbox/images/img002164.jpg,lightbox,2,15463,2,15544,0.489256,-0.606678,0.626248,-0.0195703,14.7041
lightbox/images/img002165.jpg,lightbox,0,06347,0,06743,0.826512,-0.542398,-0.129142,-0.0774855,15.1955
lightbox/images/img002170.jpg,lightbox,2,16154,2,64115,-0.415376,0.0244339,0.781884,0.464244,130.913
lightbox/images/img002171.jpg,lightbox,3,74174,1,74004,0.0268511,0.859235,0.0268511,0.510171,119.333
lightbox/images/img002175.jpg,lightbox,1,12775,1,32061,0.0639167,0.681778,0.447417,-0.57525,74.8429
lightbox/images/img002176.jpg,lightbox,0,06422,0,06466,0.703849,-0.681854,-0.197958,-0.0219953,14.8015
lightbox/images/img002178.jpg,lightbox,0,61573,3,70076,0.147635,0.206689,0.206689,0.944862,118.423
lightbox/images/img002179.jpg,lightbox,2,51242,2,70624,0.0275764,0.358493,0.882444,0.30334,117.08
lightbox/images/img002181.jpg,lightbox,0,16222,0,07333,0.904735,-0.028273,-0.028273,-0.424094,9.57747
lightbox/images/img002183.jpg,lightbox,3,37526,3,37741,0.552634,0.511698,-0.0614038,0.654974,5.91412
lightbox/images/img002215.jpg,lightbox,3,34466,3,70027,0.0908257,0.211927,0.0908257,0.968808,15.343
lightbox/images/img002238.jpg,lightbox,2,35700,2,07657,-0.267615,-0.148675,0.951522,-0.0297351,116.419
lightbox/images/img002241.jpg,lightbox,0,66514,0,07344,0.922608,-0.20182,-0.20182,-0.259483,124.28
lightbox/images/img002245.jpg,lightbox,0,25177,0,25174,0.948174,-0.0888913,0.148152,-0.266674,10.7055
lightbox/images/img002250.jpg,lightbox,2,50235,2,14677,0.189605,-0.46047,0.866766,-0.0270864,11.5445
lightbox/images/img002256.jpg,lightbox,1,42173,3,52704,0.25205,-0.196039,0.308062,0.896179,149.631
lightbox/images/img002257.jpg,lightbox,0,75452,3,75333,0.620124,0.30006,0.340068,0.640128,36.4149
lightbox/images/img002262.jpg,lightbox,1,06154,2,06757,-0.464578,-0.136641,0.8745,-0.0273281,158.494
lightbox/images/img002298.jpg,lightbox,0,12570,2,25071,-0.254457,0.141365,0.904735,-0.311003,152.926
lightbox/images/img002310.jpg,lightbox,1,10347,1,10230,0.102684,0.65718,-0.390201,-0.636643,18.1537
lightbox/images/img002313.jpg,lightbox,0,21164,0,21455,0.856767,-0.240966,0.026774,-0.455158,22.4799
lightbox/images/img002320.jpg,lightbox,1,61557,0,70221,0.922608,0.0864945,0.374809,0.0288315,168.358
lightbox/images/img002330.jpg,lightbox,3,06774,1,61675,-0.232456,0.826512,0.33577,0.387427,133.892
lightbox/images/img002333.jpg,lightbox,0,72705,0,72607,0.737437,0.0691347,0.622212,0.253494,21.8339
lightbox/images/img002344.jpg,lightbox,1,63054,3,67116,-0.0716115,0.453539,0.453539,0.763856,86.7456
lightbox/images/img002353.jpg,lightbox,3,57453,3,65753,-0.0224337,0.246771,0.650578,0.717879,80.9668
lightbox/images/img002368.jpg,lightbox,1,47205,1,67413,-0.196818,0.699798,0.415505,0.546718,70.9834
lightbox/images/img002370.jpg,lightbox,2,52463,0,34154,0.896179,0.364073,0.0280056,-0.25205,172.467
lightbox/images/img002390.jpg,lightbox,0,16035,0,30477,0.851896,0.186352,0.186352,-0.45257,57.0665
lightbox/images/img002394.jpg,lightbox,3,52442,2,61060,-0.416185,0.138728,0.887862,0.138728,137.174
lightbox/images/img002396.jpg,lightbox,2,17267,2,16771,0.421408,-0.0842816,0.899004,-0.0842816,21.9338
lightbox/images/img002397.jpg,lightbox,3,06044,0,36175,0.760398,0.356436,0.499011,-0.213862,66.775
lightbox/images/img002411.jpg,lightbox,0,75026,0,45772,0.688053,-0.0645049,-0.365528,0.623548,85.8226
lightbox/images/img002415.jpg,lightbox,3,43377,3,03737,-0.0261087,-0.0261087,-0.548282,0.835478,87.8885
lightbox/images/img002417.jpg,lightbox,2,25051,2,07233,-0.246691,-0.0274101,0.877124,-0.411152,14.4614
lightbox/images/img002421.jpg,lightbox,0,60261,3,62232,-0.518178,0.594945,0.0191918,0.614137,96.7035
lightbox/images/img002422.jpg,lightbox,3,53647,3,03775,-0.0274929,-0.0824786,-0.467379,0.879772,117.559
lightbox/images/img002430.jpg,lightbox,3,36612,1,75274,0.451535,0.688053,0.279521,0.494538,73.0397
lightbox/images/img002444.jpg,lightbox,3,12744,1,42277,-0.606517,0.776342,-0.0242607,0.169825,168.104
lightbox/images/img002447.jpg,lightbox,3,62361,2,70074,0.149204,0.149204,0.954905,0.208885,147.796
lightbox/images/img002452.jpg,lightbox,1,25767,0,74524,0.742182,0.208739,0.115966,0.626216,162.963
lightbox/images/img002454.jpg,lightbox,0,21257,0,21773,0.797264,-0.0249145,0.373718,-0.473376,29.3882
lightbox/images/img002468.jpg,lightbox,3,51212,3,17427,0.492056,-0.233079,-0.129488,0.828726,35.5397
lightbox/images/img002477.jpg,lightbox,1,34236,1,34216,0.136641,0.8745,0.300609,-0.355266,10.755
lightbox/images/img002505.jpg,lightbox,0,71332,1,71334,0.641599,0.707972,0.287613,0.0663723,12.1482
lightbox/images/img002507.jpg,lightbox,0,72226,1,70112,0.374809,0.922608,0.0864945,0.0288315,137.342
lightbox/images/img002509.jpg,lightbox,3,46574,2,43574,-0.0807866,-0.296217,0.861723,0.403933,51.5907
lightbox/images/img002516.jpg,lightbox,3,25424,1,61070,-0.318206,0.925691,0.144639,0.144639,135.221
lightbox/images/img002517.jpg,lightbox,1,14725,1,14742,0.228232,0.811493,-0.532542,-0.0760775,11.8247
lightbox/images/img002526.jpg,lightbox,0,01437,3,47036,-0.276124,-0.22592,0.476942,0.80327,82.4887
lightbox/images/img002542.jpg,lightbox,2,07004,2,07700,-0.204559,-0.204559,0.935129,-0.204559,36.6896
lightbox/images/img002547.jpg,lightbox,3,70720,3,70413,0.205262,0.0879694,0.263908,0.93834,34.4373
lightbox/images/img002550.jpg,lightbox,1,14704,1,14742,0.228232,0.811493,-0.532542,-0.0760775,6.46517
lightbox/images/img002560.jpg,lightbox,3,24456,3,24277,-0.565414,0.339248,-0.203549,0.72373,38.6596
lightbox/images/img002572.jpg,lightbox,2,32341,1,05731,-0.0263982,0.844742,-0.501565,-0.184787,156.234
lightbox/images/img002591.jpg,lightbox,0,67767,3,64334,-0.434179,0.29707,0.434179,0.73125,135.894
lightbox/images/img002600.jpg,lightbox,0,63511,0,63533,0.791391,-0.024731,0.568812,0.222579,15.806
lightbox/images/img002603.jpg,lightbox,0,31742,0,31364,0.647423,0.505799,0.263016,-0.505799,14.8703
lightbox/images/img002607.jpg,lightbox,0,42103,0,43666,0.833209,-0.390567,-0.0260378,0.390567,55.8811
lightbox/images/img002610.jpg,lightbox,0,46205,0,46073,0.686784,-0.53655,-0.193158,0.450702,9.55091
lightbox/images/img002612.jpg,lightbox,0,71021,1,72004,0.0274929,0.879772,0.467379,0.0824786,112.877
lightbox/images/img002626.jpg,lightbox,1,35215,2,30706,0.220432,0.269417,0.783758,-0.514341,98.2606
lightbox/images/img002649.jpg,lightbox,0,10267,0,12055,0.729727,0.159628,-0.342059,-0.570099,10.2788
lightbox/images/img002654.jpg,lightbox,2,07235,2,07702,-0.206689,-0.147635,0.944862,-0.206689,22.467
lightbox/images/img002656.jpg,lightbox,0,03334,0,72004,0.879772,0.0274929,0.467379,0.0824786,111.115
lightbox/images/img002660.jpg,lightbox,0,30233,3,30003,0.0670318,0.0670318,-0.692662,0.715006,101.711
lightbox/images/img002663.jpg,lightbox,1,70343,1,72014,0.136234,0.871899,0.463196,0.0817405,28.1637
lightbox/images/img002666.jpg,lightbox,0,11634,3,15702,0.540548,-0.454061,-0.151354,0.691902,170.383
lightbox/images/img002669.jpg,lightbox,0,63154,0,63431,0.793334,-0.223125,0.520626,0.223125,21.3503
lightbox/images/img002686.jpg,lightbox,3,62424,0,64442,0.600999,-0.582217,0.0563436,0.544655,148.735
lightbox/images/img002695.jpg,lightbox,1,02122,2,43547,-0.131625,-0.342224,0.842397,0.394874,116.098
lightbox/images/img002696.jpg,lightbox,3,71220,3,34633,0.190728,0.408703,-0.190728,0.871899,37.4624
lightbox/images/img002700.jpg,lightbox,0,25144,0,27500,0.851896,-0.186352,0.45257,-0.186352,50.7363
lightbox/images/img002702.jpg,lightbox,3,63400,3,61237,-0.245953,0.409922,0.0819844,0.8745,25.4479
lightbox/images/img002705.jpg,lightbox,2,02075,2,02316,-0.400466,-0.105386,0.674469,-0.611238,22.9466
lightbox/images/img002733.jpg,lightbox,1,41552,3,16177,0.399326,-0.239596,-0.239596,0.851896,155.227
lightbox/images/img002734.jpg,lightbox,2,77371,1,12764,0.240278,0.854321,-0.0800926,-0.453858,138.022
lightbox/images/img002749.jpg,lightbox,0,34061,0,34054,0.951522,0.148675,0.0297351,-0.267615,17.3725
lightbox/images/img002758.jpg,lightbox,3,56530,3,56521,0.252957,-0.252957,0.574903,0.735875,3.10581
lightbox/images/img002760.jpg,lightbox,1,10457,1,14012,0.108721,0.695817,-0.630584,-0.326164,8.66365
lightbox/images/img002768.jpg,lightbox,0,20161,3,72464,0.024318,0.510678,0.36477,0.778177,102.35
lightbox/images/img002770.jpg,lightbox,0,00034,1,63007,-0.328824,0.809414,0.480589,0.0758825,69.0114
lightbox/images/img002801.jpg,lightbox,0,61715,0,74030,0.866766,0.135432,0.135432,0.46047,28.6867
lightbox/images/img002803.jpg,lightbox,2,71260,3,30232,0.105762,0.317287,-0.655727,0.676879,143.907
lightbox/images/img002805.jpg,lightbox,1,16355,1,16576,0.364073,0.896179,-0.25205,-0.0280056,27.5194
lightbox/images/img002808.jpg,lightbox,3,02633,0,36422,0.799251,0.0249766,0.574462,-0.174836,67.694
lightbox/images/img002828.jpg,lightbox,2,22630,0,22367,0.579334,-0.380188,0.56123,-0.452605,174.869
lightbox/images/img002831.jpg,lightbox,3,21740,3,25331,-0.0265466,0.345106,-0.398199,0.849491,20.1955
lightbox/images/img002832.jpg,lightbox,2,25430,2,25061,-0.355266,0.136641,0.8745,-0.300609,11.0828
lightbox/images/img002839.jpg,lightbox,1,36214,1,16627,0.0921878,0.983336,-0.0307293,-0.153646,80.4448
lightbox/images/img002841.jpg,lightbox,3,46135,3,46153,-0.387667,-0.296452,0.478883,0.729727,7.89243
lightbox/images/img002843.jpg,lightbox,0,05227,0,02642,0.65718,-0.636643,-0.102684,-0.390201,54.9093
lightbox/images/img002852.jpg,lightbox,1,63417,0,66170,0.672085,-0.39905,0.441056,0.441056,163.392
lightbox/images/img002858.jpg,lightbox,2,43547,1,03562,-0.179842,0.822136,-0.231226,-0.488143,101.459
lightbox/images/img002868.jpg,lightbox,0,20732,2,27551,-0.0274929,0.467379,0.879772,-0.0824786,167.278
lightbox/images/img002869.jpg,lightbox,3,07365,3,07732,-0.0911606,-0.0303869,-0.212708,0.972379,11.6108
lightbox/images/img002879.jpg,lightbox,1,54776,1,52571,0.38236,0.8157,-0.280397,0.331378,41.1524
lightbox/images/img002885.jpg,lightbox,0,11141,2,42424,-0.656904,-0.233095,0.678094,0.233095,44.0765
lightbox/images/img002917.jpg,lightbox,2,72334,3,70061,0.0911606,0.151934,0.151934,0.972379,144.952
lightbox/images/img002918.jpg,lightbox,1,42665,1,64255,-0.525995,0.673274,0.189358,0.483916,36.4738
lightbox/images/img002932.jpg,lightbox,1,66220,2,47617,-0.208739,-0.115966,0.742182,0.626216,101.01
lightbox/images/img002960.jpg,lightbox,2,26717,2,27205,-0.291638,0.560843,0.717879,-0.291638,23.328
lightbox/images/img002963.jpg,lightbox,0,02522,3,61756,-0.0807866,0.296217,0.403933,0.861723,91.7262
lightbox/images/img002976.jpg,lightbox,0,22364,2,24115,-0.441447,0.0259675,0.830959,-0.337577,142.161
lightbox/images/img002978.jpg,lightbox,2,36135,0,33044,0.678094,0.360237,0.360237,-0.529761,63.3897
lightbox/images/img002980.jpg,lightbox,2,07467,2,43033,-0.261226,-0.261226,0.928805,0.0290252,14.5939
lightbox/images/img002988.jpg,lightbox,1,43036,2,53066,0.447523,-0.236924,0.842397,0.184274,111.111
lightbox/images/img002996.jpg,lightbox,0,67410,0,57412,0.673274,0.441836,-0.273518,0.525995,114.623
lightbox/images/img002999.jpg,lightbox,3,73030,0,72547,0.769133,0.264389,0.456673,0.360531,77.125
lightbox/images/img003010.jpg,lightbox,0,25317,0,07337,0.925691,-0.0289278,-0.0289278,-0.376062,36.7395
lightbox/images/img003030.jpg,lightbox,2,65367,2,51640,0.37909,-0.512887,0.713582,0.289893,126.465
lightbox/images/img003033.jpg,lightbox,0,07752,0,07747,0.975991,-0.152499,-0.152499,-0.0304997,11.6031
lightbox/images/img003038.jpg,lightbox,3,13621,3,12612,0.124883,-0.124883,-0.574462,0.799251,39.4608
lightbox/images/img003043.jpg,lightbox,2,35047,1,50554,0.26653,0.656074,-0.635572,0.307535,130.133
lightbox/images/img003052.jpg,lightbox,0,02766,0,70055,0.954905,0.208885,0.0298408,0.208885,116.527
lightbox/images/img003062.jpg,lightbox,1,11202,1,74074,0.124883,0.799251,0.124883,0.574462,164.998
lightbox/images/img003063.jpg,lightbox,3,42604,2,26124,-0.494538,0.451535,0.688053,-0.279521,153.252
lightbox/images/img003081.jpg,lightbox,2,41531,3,36423,0.0747435,0.573034,-0.174402,0.797264,142.993
lightbox/images/img003090.jpg,lightbox,3,70672,0,62470,0.658291,-0.555433,0.432004,0.267431,150.252
lightbox/images/img003094.jpg,lightbox,0,55230,2,70605,0.0853666,0.2561,0.910577,0.313011,171.835
lightbox/images/img003096.jpg,lightbox,0,16420,2,14471,0.16449,-0.63446,0.751953,-0.0704956,170.384
lightbox/images/img003106.jpg,lightbox,1,07743,1,07754,-0.0911606,0.972379,-0.212708,-0.0303869,11.5351
lightbox/images/img003113.jpg,lightbox,0,17625,1,16627,0.0921878,0.983336,-0.0307293,-0.153646,107.2
lightbox/images/img003114.jpg,lightbox,0,12625,2,63501,-0.132733,0.451292,0.849491,0.238919,145.721
lightbox/images/img003119.jpg,lightbox,2,70534,2,70071,0.208885,0.149204,0.954905,0.149204,26.1176
lightbox/images/img003129.jpg,lightbox,0,44752,0,14740,0.789462,0.222036,-0.567426,-0.0740121,106.503
lightbox/images/img003146.jpg,lightbox,3,71635,3,71362,0.57369,0.344214,0.114738,0.734324,18.8543
lightbox/images/img003153.jpg,lightbox,3,02716,0,34652,0.931951,0.145617,0.320358,-0.0873704,97.183
lightbox/images/img003157.jpg,lightbox,2,51610,2,74035,0.183261,0.130901,0.837765,0.497423,89.0057
lightbox/images/img003166.jpg,lightbox,3,07353,0,07773,0.994672,-0.0310835,-0.0310835,-0.0932505,169.366
lightbox/images/img003174.jpg,lightbox,0,51074,1,44034,-0.506379,0.600152,-0.506379,0.35634,149.386
lightbox/images/img003177.jpg,lightbox,2,46022,3,41122,-0.169825,-0.606517,0.0242607,0.776342,118.304
lightbox/images/img003181.jpg,lightbox,2,50362,2,52503,0.294514,-0.348062,0.856767,0.240966,17.2875
lightbox/images/img003184.jpg,lightbox,0,06073,0,06314,0.799251,-0.474555,-0.174836,-0.324696,16.0606
lightbox/images/img003186.jpg,lightbox,2,43035,2,43035,-0.2561,-0.313011,0.910577,0.0853666,3.68809
lightbox/images/img003187.jpg,lightbox,0,10045,0,41205,0.769133,-0.31246,-0.552814,0.0721062,79.9525
lightbox/images/img003199.jpg,lightbox,0,07513,1,07671,-0.268567,0.954905,-0.0895223,-0.0895223,152.554
lightbox/images/img003213.jpg,lightbox,0,13515,2,13511,0.592333,-0.286613,0.61144,-0.439473,156.982
lightbox/images/img003215.jpg,lightbox,3,15464,0,10107,0.601848,0.206885,-0.545425,-0.545425,146.705
lightbox/images/img003217.jpg,lightbox,1,60725,0,60762,0.725215,-0.521249,0.339945,0.294619,108.587
lightbox/images/img003220.jpg,lightbox,0,56702,0,46177,0.729727,-0.387667,-0.205236,0.524491,70.786
lightbox/images/img003221.jpg,lightbox,2,46341,2,16033,0.188502,-0.24236,0.861723,-0.403933,137.488
lightbox/images/img003224.jpg,lightbox,1,21671,1,12431,0.168638,0.770916,-0.265003,-0.554096,82.9201
lightbox/images/img003228.jpg,lightbox,2,56651,2,56047,0.0721062,-0.31246,0.769133,0.552814,21.6605
lightbox/images/img003229.jpg,lightbox,2,27014,2,53076,0.525822,-0.225352,0.801253,0.175274,143.167
lightbox/images/img003246.jpg,lightbox,3,21524,3,34720,0.247436,0.357407,-0.19245,0.879772,68.6218
lightbox/images/img003256.jpg,lightbox,0,52750,0,52356,0.899004,0.36522,-0.140469,0.196657,19.0185
lightbox/images/img003263.jpg,lightbox,0,63064,2,62055,-0.560843,0.381373,0.717879,0.157036,159.556
lightbox/images/img003266.jpg,lightbox,0,63455,0,63415,0.822136,-0.231226,0.43676,0.282609,10.1075
lightbox/images/img003286.jpg,lightbox,1,56645,1,75044,0.395992,0.745396,0.0232936,0.535754,48.0711
lightbox/images/img003298.jpg,lightbox,2,37443,2,72477,0.163768,0.538095,0.748653,0.350931,62.1238
lightbox/images/img003301.jpg,lightbox,1,16264,1,27051,-0.231226,0.822136,0.43676,-0.282609,68.575
lightbox/images/img003302.jpg,lightbox,1,10466,1,10067,0.0627868,0.669726,-0.523223,-0.523223,19.4169
lightbox/images/img003309.jpg,lightbox,0,24766,1,74616,0.114738,0.734324,0.252424,0.619586,149.381
lightbox/images/img003313.jpg,lightbox,1,35614,1,35206,0.424602,0.799251,0.274743,-0.324696,24.2116
lightbox/images/img003317.jpg,lightbox,1,50240,3,45313,-0.0238705,-0.50128,0.405798,0.763856,115.925
lightbox/images/img003338.jpg,lightbox,1,47137,1,56204,0.0263982,0.844742,-0.184787,0.501565,7.56667
lightbox/images/img003361.jpg,lightbox,1,06011,3,56060,0.0251022,-0.276124,0.527146,0.80327,99.693
lightbox/images/img003364.jpg,lightbox,1,34351,1,35436,0.535303,0.8157,0.178434,-0.127453,25.4171
lightbox/images/img003366.jpg,lightbox,3,21725,1,15771,0.638802,0.659408,-0.391524,-0.0618195,149.353
lightbox/images/img003374.jpg,lightbox,0,07764,0,07737,0.987072,-0.030846,-0.030846,-0.15423,24.5698
lightbox/images/img003385.jpg,lightbox,3,52027,3,52040,0.0280056,-0.420084,0.140028,0.896179,19.3783
lightbox/images/img003389.jpg,lightbox,0,51503,1,31645,0.453539,0.763856,0.214834,-0.405798,122.313
lightbox/images/img003392.jpg,lightbox,0,75300,1,03736,-0.0781133,0.833209,-0.0260378,-0.546793,159.588
lightbox/images/img003395.jpg,lightbox,2,71004,0,75047,0.729727,0.433275,0.0684119,0.524491,127.216
lightbox/images/img003397.jpg,lightbox,2,03053,2,03562,-0.179842,-0.231226,0.822136,-0.488143,19.6193
lightbox/images/img003403.jpg,lightbox,0,54326,2,70415,0.202495,0.0289278,0.925691,0.318206,171.792
lightbox/images/img003425.jpg,lightbox,1,23106,1,12473,0.179842,0.822136,-0.231226,-0.488143,86.4302
lightbox/images/img003426.jpg,lightbox,0,70046,0,61157,0.972379,-0.0303869,0.0911606,0.212708,5.74467
lightbox/images/img003429.jpg,lightbox,1,40624,3,76004,0.0244339,0.415376,0.464244,0.781884,149.257
lightbox/images/img003440.jpg,lightbox,0,36276,1,25774,-0.0864945,0.922608,0.374809,-0.0288315,144.99
lightbox/images/img003445.jpg,lightbox,2,07775,2,43373,-0.030846,-0.030846,0.987072,0.15423,23.1312
lightbox/images/img003449.jpg,lightbox,0,61163,0,61077,0.922608,-0.259483,0.20182,0.20182,11.4897
lightbox/images/img003465.jpg,lightbox,0,35120,0,57024,0.755297,0.401252,-0.259633,0.448458,105.743
lightbox/images/img003469.jpg,lightbox,1,52272,0,03647,0.824315,-0.334878,-0.128799,-0.437917,151.864
lightbox/images/img003473.jpg,lightbox,1,04232,0,52477,0.861723,0.188502,-0.24236,0.403933,133.484
lightbox/images/img003475.jpg,lightbox,2,50064,3,50376,0.332243,-0.434472,0.1789,0.817829,110.642
lightbox/images/img003476.jpg,lightbox,1,55624,2,31740,0.546718,0.196818,0.699798,-0.415505,158.655
lightbox/images/img003477.jpg,lightbox,3,61703,2,52043,0.0856444,-0.371126,0.91354,0.142741,153.264
lightbox/images/img003481.jpg,lightbox,1,20066,3,40502,-0.462317,-0.582922,0.180907,0.643224,134.792
lightbox/images/img003484.jpg,lightbox,0,73467,0,77211,0.644266,0.463066,0.503333,0.342266,9.94951
lightbox/images/img003487.jpg,lightbox,1,70421,1,42137,-0.453858,0.854321,-0.240278,0.0800926,82.6009
lightbox/images/img003492.jpg,lightbox,0,14232,0,14454,0.713582,0.111497,-0.691283,-0.0222994,50.5863
lightbox/images/img003497.jpg,lightbox,1,23065,3,24114,-0.481824,0.0253592,-0.329669,0.811493,128.759
lightbox/images/img003518.jpg,lightbox,1,60142,1,60164,-0.570209,0.793334,0.123958,0.173542,8.30017
lightbox/images/img003520.jpg,lightbox,1,61713,3,16622,0.0304997,-0.0304997,-0.213498,0.975991,164.971
lightbox/images/img003529.jpg,lightbox,2,55704,1,43660,-0.397081,0.847106,-0.0794162,0.344137,131.127
lightbox/images/img003536.jpg,lightbox,0,72056,0,72002,0.859235,0.0268511,0.510171,0.0268511,20.7805
lightbox/images/img003544.jpg,lightbox,2,24614,2,24347,-0.514341,0.269417,0.783758,-0.220432,17.2997
lightbox/images/img003555.jpg,lightbox,0,76622,0,76626,0.614137,0.0191918,0.594945,0.518178,5.0366
lightbox/images/img003567.jpg,lightbox,0,05737,2,34074,0.147122,0.147122,0.941584,-0.26482,146.948
lightbox/images/img003571.jpg,lightbox,2,57067,1,46033,-0.55638,0.712167,-0.200297,0.378339,142.245
lightbox/images/img003572.jpg,lightbox,3,54142,3,50056,0.113548,-0.658581,0.158968,0.72671,32.3795
lightbox/images/img003580.jpg,lightbox,0,50214,1,10676,0.123958,0.793334,-0.421459,-0.421459,133.117
lightbox/images/img003583.jpg,lightbox,1,71212,1,71003,0.508706,0.856767,0.0803219,0.026774,24.342
lightbox/images/img003593.jpg,lightbox,2,11253,1,75261,0.425385,0.716438,0.291053,0.470162,159.473
lightbox/images/img003595.jpg,lightbox,2,36500,2,36411,0.186352,0.45257,0.851896,-0.186352,7.22603
lightbox/images/img003602.jpg,lightbox,0,10730,0,10755,0.703849,0.329929,-0.505892,-0.37392,16.5349
lightbox/images/img003605.jpg,lightbox,3,57600,3,56613,0.168638,-0.120456,0.602279,0.770916,24.8521
lightbox/images/img003607.jpg,lightbox,1,12405,1,10633,0.160973,0.735875,-0.390934,-0.52891,11.8806
lightbox/images/img003622.jpg,lightbox,0,21514,0,21557,0.879772,-0.0274929,0.0824786,-0.467379,14.4297
lightbox/images/img003624.jpg,lightbox,2,07344,3,53700,0.592723,-0.165963,0.21338,0.758686,170.171
lightbox/images/img003627.jpg,lightbox,1,15774,0,17047,0.791391,0.469888,-0.321503,-0.222579,40.7781
lightbox/images/img003643.jpg,lightbox,3,22654,3,70026,0.0303869,0.212708,0.0911606,0.972379,96.6925
lightbox/images/img003647.jpg,lightbox,3,61742,3,02777,-0.424602,-0.0249766,-0.424602,0.799251,102.923
lightbox/images/img003651.jpg,lightbox,0,53126,3,70023,0.0911606,0.212708,0.0303869,0.972379,147.219
lightbox/images/img003652.jpg,lightbox,1,74343,2,57520,0.510843,-0.224771,0.653879,0.510843,135.567
lightbox/images/img003660.jpg,lightbox,2,66145,2,56400,0.023094,-0.34641,0.739008,0.57735,101.606
lightbox/images/img003664.jpg,lightbox,1,71504,3,47533,-0.0240354,-0.216319,0.600885,0.769133,175.068
lightbox/images/img003671.jpg,lightbox,3,50157,0,05556,0.739008,-0.069282,-0.669726,-0.023094,160.67
lightbox/images/img003684.jpg,lightbox,3,65671,3,65657,-0.19245,0.235217,0.662884,0.684267,4.97683
lightbox/images/img003687.jpg,lightbox,0,23317,0,32152,0.669726,0.272076,0.39765,-0.565081,38.5576
lightbox/images/img003688.jpg,lightbox,0,40676,0,74160,0.80735,0.227067,0.126148,0.529823,113.155
lightbox/images/img003690.jpg,lightbox,0,34440,0,25536,0.961781,-0.090167,0.21039,-0.150278,25.3694
lightbox/images/img003706.jpg,lightbox,2,21142,2,21006,-0.327405,0.065481,0.698464,-0.632983,17.4379
lightbox/images/img003710.jpg,lightbox,1,70507,1,70527,0.30334,0.882444,0.193035,0.30334,11.3302
lightbox/images/img003726.jpg,lightbox,3,16055,3,16411,0.190728,-0.408703,-0.190728,0.871899,8.25677
lightbox/images/img003731.jpg,lightbox,0,34757,3,34223,0.0779024,0.389512,-0.389512,0.830959,171.719
lightbox/images/img003737.jpg,lightbox,0,06533,0,07660,0.899004,-0.421408,-0.0842816,-0.0842816,21.9039
lightbox/images/img003739.jpg,lightbox,2,63115,2,10655,0.160973,-0.52891,0.735875,-0.390934,136.718
lightbox/images/img003742.jpg,lightbox,1,71341,3,71132,0.662695,0.159961,0.0228515,0.73125,103.046
lightbox/images/img003743.jpg,lightbox,3,75003,3,75046,0.395135,0.0697297,0.534595,0.743784,16.4075
lightbox/images/img003749.jpg,lightbox,0,56107,0,56435,0.729727,0.159628,-0.250844,0.615707,22.1933
lightbox/images/img003750.jpg,lightbox,0,62404,3,67000,-0.350931,0.397722,0.397722,0.748653,160.217
lightbox/images/img003767.jpg,lightbox,2,31766,3,34374,0.342224,0.342224,-0.236924,0.842397,160.802
lightbox/images/img003769.jpg,lightbox,0,64527,0,65552,0.737437,-0.0691347,0.0691347,0.668302,44.7879
lightbox/images/img003772.jpg,lightbox,1,04335,1,04720,-0.51912,0.722254,-0.428838,-0.157993,22.1813
lightbox/images/img003776.jpg,lightbox,2,34513,1,34537,0.412393,0.879772,0.19245,-0.137464,128.32
lightbox/images/img003790.jpg,lightbox,1,56641,1,75314,0.603774,0.666233,0.187378,0.395576,81.7709
lightbox/images/img003805.jpg,lightbox,1,71472,0,22554,0.722254,-0.428838,0.383697,-0.383697,178.385
lightbox/images/img003807.jpg,lightbox,3,02363,1,72022,0.0253592,0.811493,0.583261,0.0253592,140.952
lightbox/images/img003817.jpg,lightbox,3,35277,3,14343,0.266242,-0.508279,-0.266242,0.774521,106.192
lightbox/images/img003822.jpg,lightbox,1,72445,1,74206,0.0257599,0.824315,0.283358,0.489437,20.6705
lightbox/images/img003823.jpg,lightbox,0,65363,0,65360,0.780024,-0.17063,0.316885,0.511891,7.75029
lightbox/images/img003824.jpg,lightbox,0,71462,3,32177,0.305995,0.469192,-0.509992,0.652789,105.396
lightbox/images/img003832.jpg,lightbox,1,34266,1,52251,0.206689,0.944862,-0.206689,0.147635,86.8912
lightbox/images/img003836.jpg,lightbox,0,27053,0,25671,0.893381,-0.251263,0.362936,-0.0837545,28.4201
lightbox/images/img003845.jpg,lightbox,1,31551,1,67160,-0.158316,0.72373,0.474948,0.474948,155.919
lightbox/images/img003846.jpg,lightbox,0,40120,0,02741,0.739008,-0.484974,-0.161658,-0.438786,70.9877
lightbox/images/img003848.jpg,lightbox,0,16661,0,14744,0.791391,0.222579,-0.568812,-0.024731,62.1517
lightbox/images/img003853.jpg,lightbox,2,30376,1,53403,0.469888,0.791391,-0.321503,0.222579,175.077
lightbox/images/img003867.jpg,lightbox,1,56422,1,47535,-0.023094,0.739008,-0.254034,0.623538,8.7357
lightbox/images/img003868.jpg,lightbox,0,41272,0,76001,0.797264,0.0747435,0.423547,0.423547,118.916
lightbox/images/img003870.jpg,lightbox,0,75242,0,75421,0.709362,0.421184,0.110838,0.554189,18.2248
lightbox/images/img003889.jpg,lightbox,3,15612,3,17477,0.568812,-0.222579,-0.024731,0.791391,36.4639
lightbox/images/img003893.jpg,lightbox,0,77246,0,76150,0.729727,0.296452,0.387667,0.478883,19.3623
lightbox/images/img003897.jpg,lightbox,3,61641,3,05777,-0.0275764,-0.468798,-0.0275764,0.882444,98.8784
lightbox/images/img003900.jpg,lightbox,1,10223,1,01133,-0.0195703,0.626248,-0.489256,-0.606678,19.7431
lightbox/images/img003904.jpg,lightbox,3,00213,2,00142,-0.411568,-0.518934,0.572617,-0.483145,154.577
lightbox/images/img003907.jpg,lightbox,0,70626,0,42773,0.830959,-0.441447,-0.0259675,0.337577,76.1191
lightbox/images/img003922.jpg,lightbox,1,65217,0,34102,0.8745,0.245953,0.0819844,-0.409922,159.857
lightbox/images/img003928.jpg,lightbox,1,75665,3,27272,-0.233095,0.656904,-0.233095,0.678094,93.448
lightbox/images/img003936.jpg,lightbox,3,10245,0,70114,0.922608,0.374809,0.0288315,0.0864945,171.887
lightbox/images/img003944.jpg,lightbox,1,47671,0,60361,0.785646,-0.51558,0.319169,0.122757,124.955
lightbox/images/img003946.jpg,lightbox,0,10744,1,53603,0.492056,0.828726,-0.129488,0.233079,120.431
lightbox/images/img003963.jpg,lightbox,0,06027,1,30653,0.177514,0.811493,0.278951,-0.481824,145.096
lightbox/images/img003970.jpg,lightbox,2,43303,1,67011,-0.219382,0.780024,0.414388,0.414388,143.227
lightbox/images/img003973.jpg,lightbox,0,53201,0,33442,0.709362,0.376848,0.421184,-0.421184,93.0396
lightbox/images/img003976.jpg,lightbox,0,01252,0,01211,0.628176,-0.176674,-0.451501,-0.608545,10.1579
lightbox/images/img003977.jpg,lightbox,1,35776,1,35754,0.657226,0.725215,0.203967,-0.022663,14.8448
lightbox/images/img003983.jpg,lightbox,3,35672,3,35760,0.584885,0.30414,-0.0701862,0.748653,8.81293
lightbox/images/img003995.jpg,lightbox,0,63253,1,63555,-0.0254906,0.8157,0.433341,0.38236,166.88
lightbox/images/img003997.jpg,lightbox,0,47225,2,74000,0.0275764,0.0275764,0.882444,0.468798,157.148
lightbox/images/img003998.jpg,lightbox,1,70303,1,32454,0.123958,0.793334,0.421459,-0.421459,59.3901
lightbox/images/img004004.jpg,lightbox,1,14625,3,67101,-0.123958,0.421459,0.421459,0.793334,177.463
lightbox/images/img004031.jpg,lightbox,1,25203,1,12434,0.124573,0.797264,-0.27406,-0.523205,86.4582
lightbox/images/img004033.jpg,lightbox,1,42431,1,72404,0.0263982,0.844742,0.448769,0.29038,112.474
lightbox/images/img004042.jpg,lightbox,2,50534,2,50503,0.241948,-0.637864,0.703849,0.197958,6.51576
lightbox/images/img004047.jpg,lightbox,0,22642,2,75023,0.457732,0.168638,0.770916,0.409549,133.047
lightbox/images/img004053.jpg,lightbox,3,34567,3,42375,-0.459124,-0.0810219,0.189051,0.864234,102.408
lightbox/images/img004055.jpg,lightbox,3,30274,3,56364,0.222036,-0.0740121,0.567426,0.789462,148.554
lightbox/images/img004058.jpg,lightbox,0,27747,3,42354,-0.493382,-0.181772,0.181772,0.830959,149.249
lightbox/images/img004062.jpg,lightbox,2,72644,2,76200,0.0227097,0.567742,0.72671,0.386065,6.23807
lightbox/images/img004076.jpg,lightbox,3,00555,2,00744,-0.472348,-0.472348,0.65718,-0.349127,179.006
lightbox/images/img004081.jpg,lightbox,1,56663,1,77141,0.541845,0.642187,0.341162,0.421435,73.4494
lightbox/images/img004088.jpg,lightbox,0,13437,0,13227,0.678094,0.402618,-0.0211904,-0.614523,30.2543
lightbox/images/img004095.jpg,lightbox,2,71323,0,70144,0.941584,0.26482,0.0294245,0.205971,92.8657
lightbox/images/img004096.jpg,lightbox,0,33522,0,34154,0.896179,0.364073,0.0280056,-0.25205,64.9845
lightbox/images/img004099.jpg,lightbox,1,37645,1,37547,0.587095,0.695817,0.413141,-0.0217443,22.7979
lightbox/images/img004100.jpg,lightbox,2,70762,2,15655,0.503945,-0.503945,0.701141,-0.0219107,119.003
lightbox/images/img004110.jpg,lightbox,3,64240,3,64431,-0.521399,0.10428,0.521399,0.667391,16.4449
lightbox/images/img004112.jpg,lightbox,2,45732,3,56061,0.0751175,-0.275431,0.525822,0.801253,40.7621
lightbox/images/img004121.jpg,lightbox,2,34520,2,34522,0.259483,0.20182,0.922608,-0.20182,7.66335
lightbox/images/img004127.jpg,lightbox,2,43375,2,16674,0.153646,-0.0921878,0.983336,-0.0307293,33.8317
lightbox/images/img004128.jpg,lightbox,3,74001,2,50236,0.136234,-0.463196,0.871899,0.0817405,122.774
lightbox/images/img004131.jpg,lightbox,1,47356,1,47307,-0.131991,0.844742,-0.131991,0.501565,14.2423
lightbox/images/img004139.jpg,lightbox,0,25574,0,25744,0.941584,-0.205971,0.26482,-0.0294245,18.4287
lightbox/images/img004147.jpg,lightbox,3,63030,3,70342,0.254457,0.311003,0.141365,0.904735,70.5411
lightbox/images/img004152.jpg,lightbox,1,42656,0,26555,0.799251,-0.424602,0.424602,-0.0249766,63.3608
lightbox/images/img004159.jpg,lightbox,2,25604,2,25652,-0.308062,0.308062,0.896179,-0.0840168,14.6588
lightbox/images/img004162.jpg,lightbox,3,34763,1,27011,-0.223676,0.795292,0.422499,-0.372793,171.98
lightbox/images/img004168.jpg,lightbox,3,06135,3,06173,-0.43676,-0.231226,-0.282609,0.822136,6.73109
lightbox/images/img004172.jpg,lightbox,0,16764,0,16672,0.983336,0.153646,-0.0307293,-0.0921878,14.238
lightbox/images/img004182.jpg,lightbox,3,25670,3,25306,-0.189605,0.297951,-0.352124,0.866766,35.0802
lightbox/images/img004185.jpg,lightbox,2,07073,2,07033,-0.239596,-0.239596,0.851896,-0.399326,9.21327
lightbox/images/img004186.jpg,lightbox,1,07271,2,07756,-0.0921878,-0.153646,0.983336,-0.0307293,159.736
lightbox/images/img004191.jpg,lightbox,0,71204,0,71007,0.854321,0.507253,0.0800926,0.0800926,22.0652
lightbox/images/img004192.jpg,lightbox,3,75634,3,47211,-0.236924,-0.184274,0.447523,0.842397,97.8572
lightbox/images/img004198.jpg,lightbox,1,43475,1,47102,-0.1789,0.817829,-0.332243,0.434472,10.7115
lightbox/images/img004210.jpg,lightbox,3,57311,0,07664,0.901856,-0.422745,-0.084549,-0.028183,105.918
lightbox/images/img004237.jpg,lightbox,3,25551,3,30456,0.136234,0.0817405,-0.463196,0.871899,48.0421
lightbox/images/img004238.jpg,lightbox,3,52337,3,52335,0.421408,-0.0842816,0.0842816,0.899004,6.66858
lightbox/images/img004243.jpg,lightbox,3,32204,1,42512,-0.469888,0.791391,-0.321503,0.222579,88.5455
lightbox/images/img004251.jpg,lightbox,3,06755,3,07477,-0.261226,-0.261226,-0.0290252,0.928805,25.6584
lightbox/images/img004260.jpg,lightbox,3,36606,0,77562,0.582396,0.454997,0.418597,0.527796,96.7449
lightbox/images/img004264.jpg,lightbox,1,51641,1,17206,0.437917,0.824315,-0.128799,-0.334878,85.7393
lightbox/images/img004265.jpg,lightbox,3,02552,0,75042,0.762121,0.404877,0.0714488,0.500142,166.459
lightbox/images/img004267.jpg,lightbox,0,70105,0,71013,0.809414,0.581766,0.0758825,0.0252942,33.6704
lightbox/images/img004274.jpg,lightbox,3,65224,0,16177,0.851896,0.399326,-0.239596,-0.239596,123.698
lightbox/images/img004277.jpg,lightbox,2,25123,0,25432,0.907642,-0.312002,0.198547,-0.198547,172.456
lightbox/images/img004278.jpg,lightbox,3,61501,3,61521,-0.147122,0.147122,0.26482,0.941584,14.526
lightbox/images/img004281.jpg,lightbox,1,61272,0,34145,0.91354,0.314029,0.0285481,-0.256933,176.114
lightbox/images/img004282.jpg,lightbox,1,70753,1,02774,-0.463139,0.780024,-0.0731272,-0.414388,142.937
lightbox/images/img004288.jpg,lightbox,2,64065,2,04765,-0.491304,-0.444513,0.748653,-0.0233954,86.8327
lightbox/images/img004296.jpg,lightbox,1,62762,2,34024,0.0286417,0.143208,0.916533,-0.372342,116.27
lightbox/images/img004297.jpg,lightbox,0,01567,0,11523,0.593509,0.500773,-0.463679,-0.426585,76.5613
lightbox/images/img004300.jpg,lightbox,0,65575,3,07753,-0.0307293,-0.153646,-0.0921878,0.983336,98.6296
lightbox/images/img004306.jpg,lightbox,3,67017,2,62054,-0.590455,0.371768,0.699798,0.153081,90.0374
lightbox/images/img004308.jpg,lightbox,1,22445,2,25426,-0.412393,0.19245,0.879772,-0.137464,87.6439
lightbox/images/img004316.jpg,lightbox,2,52135,1,43477,-0.239596,0.851896,-0.239596,0.399326,116.632
lightbox/images/img004324.jpg,lightbox,1,14711,1,14744,0.222579,0.791391,-0.568812,-0.024731,21.7472
lightbox/images/img004327.jpg,lightbox,3,63444,0,61644,0.811493,-0.380387,0.228232,0.380387,171.926
lightbox/images/img004336.jpg,lightbox,1,70475,3,12727,0.276124,-0.0251022,-0.527146,0.80327,145.168
lightbox/images/img004337.jpg,lightbox,0,21436,0,21470,0.817829,-0.281129,0.127786,-0.485586,7.91476
lightbox/images/img004362.jpg,lightbox,2,21553,1,42757,-0.430001,0.809414,-0.126471,0.379413,155.056
lightbox/images/img004399.jpg,lightbox,1,66124,3,52664,0.028183,-0.084549,0.422745,0.901856,123.348
lightbox/images/img004402.jpg,lightbox,2,52331,3,17372,0.650578,-0.0224337,-0.246771,0.717879,173.304
lightbox/images/img004412.jpg,lightbox,1,65657,3,63637,-0.19245,0.662884,0.235217,0.684267,5.41279
lightbox/images/img004417.jpg,lightbox,0,25656,1,34061,0.0873704,0.931951,0.145617,-0.320358,163.919
lightbox/images/img004419.jpg,lightbox,3,51517,0,07446,0.849491,-0.398199,-0.345106,-0.0265466,102.503
lightbox/images/img004421.jpg,lightbox,1,25275,1,34033,0.190728,0.871899,0.190728,-0.408703,59.7436
lightbox/images/img004436.jpg,lightbox,2,36125,1,56122,0.23434,0.833209,-0.23434,0.442642,162.382
lightbox/images/img004437.jpg,lightbox,0,30361,0,30770,0.770916,0.313185,0.313185,-0.457732,17.517
lightbox/images/img004451.jpg,lightbox,3,24762,0,67361,0.662794,-0.103562,0.600657,0.434959,170.117
lightbox/images/img004458.jpg,lightbox,3,07147,3,56205,0.0789747,-0.184274,0.500173,0.842397,97.1069
lightbox/images/img004464.jpg,lightbox,2,14340,0,74021,0.871899,0.0817405,0.136234,0.463196,165.964
lightbox/images/img004472.jpg,lightbox,1,24033,3,45503,-0.0997013,-0.578268,0.498507,0.638089,119.302
lightbox/images/img004477.jpg,lightbox,1,07567,3,43314,-0.0908257,-0.211927,0.0908257,0.968808,154.265
lightbox/images/img004478.jpg,lightbox,0,57206,0,57670,0.665081,0.436459,-0.0623513,0.60273,20.8559
lightbox/images/img004483.jpg,lightbox,2,25434,2,25464,-0.420084,0.140028,0.896179,-0.0280056,15.1266
lightbox/images/img004487.jpg,lightbox,0,56533,2,56500,0.203549,-0.339248,0.72373,0.565414,154.545
lightbox/images/img004488.jpg,lightbox,2,07001,2,07010,-0.275431,-0.375587,0.801253,-0.375587,7.14792
lightbox/images/img004494.jpg,lightbox,3,47341,0,42747,0.772712,-0.507093,-0.120736,0.362209,154.847
lightbox/images/img004508.jpg,lightbox,0,14157,0,43473,0.869321,-0.244497,-0.244497,0.353162,105.97
lightbox/images/img004510.jpg,lightbox,0,27171,3,26170,-0.430597,0.475923,-0.249293,0.725215,94.1464
lightbox/images/img004511.jpg,lightbox,2,53425,2,52524,0.245222,-0.299715,0.871899,0.299715,26.1827
lightbox/images/img004520.jpg,lightbox,1,50251,1,50520,0.205664,0.73125,-0.616992,0.205664,12.2424
lightbox/images/img004526.jpg,lightbox,3,75012,3,70654,0.135831,0.244497,0.407494,0.869321,48.3694
lightbox/images/img004534.jpg,lightbox,1,50606,0,06756,0.851896,-0.505813,-0.133109,-0.0266217,143.31
lightbox/images/img004540.jpg,lightbox,0,37456,0,71533,0.695817,0.674072,0.15221,0.195698,47.3457
lightbox/images/img004561.jpg,lightbox,3,52010,0,14676,0.8745,0.136641,-0.464578,-0.0273281,176.58
lightbox/images/img004572.jpg,lightbox,2,16743,3,17721,0.63446,-0.0704956,-0.16449,0.751953,178.72
lightbox/images/img004578.jpg,lightbox,0,60663,3,60550,-0.481824,0.0253592,0.329669,0.811493,177.385
lightbox/images/img004579.jpg,lightbox,0,03263,0,03706,0.8157,-0.178434,-0.127453,-0.535303,21.6263
lightbox/images/img004580.jpg,lightbox,3,33335,1,71100,0.615271,0.787547,0.0246108,0.0246108,91.7193
lightbox/images/img004581.jpg,lightbox,1,61127,1,61127,-0.150278,0.961781,0.21039,0.090167,5.45446
lightbox/images/img004607.jpg,lightbox,1,05430,3,50774,0.308216,-0.45047,0.355634,0.758686,84.0348
lightbox/images/img004613.jpg,lightbox,3,43526,3,43521,-0.141365,-0.311003,0.254457,0.904735,14.1014
lightbox/images/img004617.jpg,lightbox,0,35056,0,35062,0.830959,0.441447,0.181772,-0.285642,18.7599
lightbox/images/img004626.jpg,lightbox,3,36062,3,37047,0.444513,0.444513,-0.210559,0.748653,51.6766
lightbox/images/img004627.jpg,lightbox,0,11163,3,42124,-0.560642,-0.268133,0.0731272,0.780024,61.8115
lightbox/images/img004633.jpg,lightbox,0,63473,0,24573,0.864234,-0.459124,0.189051,-0.0810219,68.3507
lightbox/images/img004636.jpg,lightbox,3,74647,3,62232,-0.518178,0.594945,0.0191918,0.614137,113.507
lightbox/images/img004654.jpg,lightbox,1,73106,3,33632,0.386314,0.570273,-0.423106,0.588669,122.788
lightbox/images/img004657.jpg,lightbox,3,52233,3,16702,0.262111,-0.145617,-0.203864,0.931951,32.319
lightbox/images/img004660.jpg,lightbox,2,14345,2,16654,0.150824,-0.211154,0.965275,-0.0301648,50.7731
lightbox/images/img004664.jpg,lightbox,1,60740,3,62144,-0.52891,0.390934,0.160973,0.735875,67.679
lightbox/images/img004672.jpg,lightbox,0,42637,0,50625,0.822136,0.0770752,-0.488143,0.282609,98.7394
lightbox/images/img004688.jpg,lightbox,3,40714,3,40334,-0.453539,-0.453539,0.0716115,0.763856,22.9007
lightbox/images/img004698.jpg,lightbox,2,35540,1,16176,0.353162,0.869321,-0.244497,-0.244497,174.627
lightbox/images/img004704.jpg,lightbox,0,03202,3,60337,-0.432219,0.38137,0.0762739,0.813589,33.6477
lightbox/images/img004710.jpg,lightbox,2,57307,2,74650,0.112623,0.202721,0.720787,0.653213,71.5561
lightbox/images/img004713.jpg,lightbox,2,51211,2,51304,0.534584,-0.491817,0.684267,0.06415,4.91847
lightbox/images/img004719.jpg,lightbox,2,30463,2,30462,0.0263982,0.184787,0.844742,-0.501565,7.35213
lightbox/images/img004727.jpg,lightbox,3,25210,1,21674,-0.274743,0.799251,0.324696,-0.424602,156.854
lightbox/images/img004737.jpg,lightbox,3,13552,0,16122,0.851896,0.239596,-0.239596,-0.399326,147.776
lightbox/images/img004740.jpg,lightbox,0,31216,0,36171,0.751953,0.352478,0.493469,-0.258484,51.9544
lightbox/images/img004743.jpg,lightbox,3,56272,3,74434,0.117753,0.117753,0.635866,0.753619,17.9867
lightbox/images/img004749.jpg,lightbox,3,27132,3,27347,-0.115966,0.626216,-0.208739,0.742182,21.078
lightbox/images/img004752.jpg,lightbox,1,54625,3,36001,0.0762739,0.432219,-0.38137,0.813589,39.486
lightbox/images/img004773.jpg,lightbox,1,60316,2,50160,0.208739,-0.626216,0.742182,0.115966,132.294
lightbox/images/img004774.jpg,lightbox,0,36070,3,25271,-0.240966,0.348062,-0.294514,0.856767,114.375
lightbox/images/img004777.jpg,lightbox,1,06313,1,07651,-0.263908,0.93834,-0.205262,-0.0879694,40.2243
lightbox/images/img004778.jpg,lightbox,0,47306,0,44276,0.631101,-0.532492,-0.335272,0.453604,51.9016
lightbox/images/img004781.jpg,lightbox,3,63265,3,74421,0.0731272,0.121879,0.609394,0.780024,91.1776
lightbox/images/img004785.jpg,lightbox,1,51306,0,02356,0.709362,-0.421184,-0.110838,-0.554189,167.563
lightbox/images/img004799.jpg,lightbox,0,26574,0,76410,0.722254,0.112852,0.383697,0.564261,98.282
lightbox/images/img004802.jpg,lightbox,1,15464,3,47024,-0.360531,-0.264389,0.456673,0.769133,107.172
lightbox/images/img004804.jpg,lightbox,1,55573,0,53342,0.776342,0.606517,-0.121303,0.121303,62.2766
lightbox/images/img004812.jpg,lightbox,0,32566,3,34611,0.20182,0.259483,-0.20182,0.922608,148.254
lightbox/images/img004818.jpg,lightbox,3,34663,3,24277,-0.565414,0.339248,-0.203549,0.72373,78.6356
lightbox/images/img004822.jpg,lightbox,0,60531,0,60164,0.793334,-0.570209,0.123958,0.173542,13.78
lightbox/images/img004829.jpg,lightbox,3,46061,0,14656,0.828726,0.129488,-0.543852,-0.0258977,78.8803
lightbox/images/img004831.jpg,lightbox,2,70723,2,70374,0.346083,0.346083,0.851896,0.186352,9.54261
lightbox/images/img004840.jpg,lightbox,3,53027,2,52604,0.0289278,-0.202495,0.925691,0.318206,132.797
lightbox/images/img004841.jpg,lightbox,3,24376,3,26155,-0.414388,0.414388,-0.219382,0.780024,7.81773
lightbox/images/img004845.jpg,lightbox,1,06674,2,62011,-0.567742,0.386065,0.72671,0.0227097,102.857
lightbox/images/img004848.jpg,lightbox,1,71127,2,61130,-0.0921878,0.153646,0.983336,0.0307293,156.036
lightbox/images/img004866.jpg,lightbox,3,16756,3,52302,0.267615,-0.148675,0.0297351,0.951522,12.4275
lightbox/images/img004870.jpg,lightbox,0,65721,0,65532,0.774521,-0.0726113,0.169426,0.605095,18.1975
lightbox/images/img004872.jpg,lightbox,2,13460,2,75211,0.524491,0.205236,0.729727,0.387667,116.317
lightbox/images/img004875.jpg,lightbox,2,40466,2,40220,-0.63989,-0.39219,0.660531,0.0206416,33.2294
lightbox/images/img004878.jpg,lightbox,2,32503,0,34436,0.954905,0.149204,0.208885,-0.149204,116.818
lightbox/images/img004883.jpg,lightbox,3,34164,3,34071,0.200492,0.143208,-0.315058,0.916533,9.57263
lightbox/images/img004895.jpg,lightbox,3,67113,2,67150,-0.0714488,0.404877,0.762121,0.500142,49.9227
lightbox/images/img004905.jpg,lightbox,2,40703,2,40744,-0.478855,-0.478855,0.666233,0.312297,13.3258
lightbox/images/img004921.jpg,lightbox,0,71626,0,72145,0.830959,0.285642,0.441447,0.181772,19.6844
lightbox/images/img004927.jpg,lightbox,0,74305,2,75000,0.424602,0.0249766,0.799251,0.424602,86.433
lightbox/images/img004928.jpg,lightbox,3,17605,0,22226,0.519999,-0.503749,0.503749,-0.471249,166.314
lightbox/images/img004933.jpg,lightbox,1,15362,2,10772,0.302817,-0.395992,0.745396,-0.442579,148.738
lightbox/images/img004937.jpg,lightbox,1,63033,1,63270,-0.245294,0.713582,0.646684,0.111497,14.4008
lightbox/images/img004940.jpg,lightbox,3,41014,3,12024,0.0224337,-0.246771,-0.650578,0.717879,104.504
lightbox/images/img004950.jpg,lightbox,2,64346,1,04233,-0.537541,0.688053,-0.365528,-0.322525,177.497
lightbox/images/img004967.jpg,lightbox,0,11666,0,14123,0.716438,0.246276,-0.559717,-0.33583,27.6234
lightbox/images/img004971.jpg,lightbox,0,75133,1,21742,-0.177514,0.811493,0.278951,-0.481824,147.716
lightbox/images/img004973.jpg,lightbox,3,61613,0,31644,0.780024,0.414388,0.219382,-0.414388,138.956
lightbox/images/img004974.jpg,lightbox,2,21162,1,21534,-0.0774855,0.826512,0.129142,-0.542398,109.218
lightbox/images/img004979.jpg,lightbox,2,71546,2,25513,-0.0303869,0.0911606,0.972379,-0.212708,100.493
lightbox/images/img004980.jpg,lightbox,2,24105,1,12616,0.128459,0.822136,-0.128459,-0.539527,174.361
lightbox/images/img004990.jpg,lightbox,1,16547,1,12576,0.328824,0.809414,-0.227648,-0.430001,47.1166
lightbox/images/img004993.jpg,lightbox,2,61501,2,71044,0.46047,0.0270864,0.866766,0.189605,69.02
lightbox/images/img004999.jpg,lightbox,1,02461,0,42724,0.780024,-0.560642,-0.0731272,0.268133,43.8637
lightbox/images/img005001.jpg,lightbox,3,52354,2,52523,0.304267,-0.248946,0.88514,0.248946,111.072
lightbox/images/img005008.jpg,lightbox,3,27766,1,47665,-0.279521,0.688053,-0.0645049,0.666551,17.3367
lightbox/images/img005015.jpg,lightbox,3,03620,3,72011,0.189605,0.46047,0.0270864,0.866766,113.046
lightbox/images/img005016.jpg,lightbox,1,21611,3,71204,0.453858,0.240278,0.0800926,0.854321,138.455
lightbox/images/img005023.jpg,lightbox,3,52270,3,03237,-0.203967,-0.022663,-0.657226,0.725215,109.855
lightbox/images/img005026.jpg,lightbox,2,50673,2,56122,0.23434,-0.23434,0.833209,0.442642,25.9509
lightbox/images/img005038.jpg,lightbox,0,06611,0,06616,0.753619,-0.635866,-0.117753,-0.117753,9.54747
lightbox/images/img005058.jpg,lightbox,3,63725,0,76160,0.717879,0.201903,0.471108,0.471108,120.364
lightbox/images/img005059.jpg,lightbox,2,25761,2,27154,-0.0800926,0.453858,0.854321,-0.240278,24.1065
lightbox/images/img005084.jpg,lightbox,2,52477,2,52642,0.0286417,-0.143208,0.916533,0.372342,24.0779
lightbox/images/img005085.jpg,lightbox,1,34277,1,17527,0.626216,0.742182,-0.208739,-0.115966,92.0227
lightbox/images/img005088.jpg,lightbox,3,25106,3,27145,-0.132733,0.451292,-0.238919,0.849491,45.1419
lightbox/images/img005105.jpg,lightbox,1,50134,1,50126,0.215821,0.767362,-0.599501,0.0719402,12.1457
lightbox/images/img005106.jpg,lightbox,0,55326,0,53475,0.734324,0.527795,-0.252424,0.344214,14.8309
lightbox/images/img005114.jpg,lightbox,3,05311,1,30173,0.333169,0.71076,0.155479,-0.599704,52.484
lightbox/images/img005124.jpg,lightbox,3,16776,3,12332,0.28004,-0.0215415,-0.667787,0.689329,81.4378
lightbox/images/img005125.jpg,lightbox,0,67510,0,65532,0.774521,-0.0726113,0.169426,0.605095,27.868
lightbox/images/img005137.jpg,lightbox,2,13405,2,71414,0.527146,0.0251022,0.80327,0.276124,99.0227
lightbox/images/img005147.jpg,lightbox,3,63724,3,63257,-0.207404,0.622212,0.161314,0.737437,9.6971
lightbox/images/img005151.jpg,lightbox,3,36162,3,06726,-0.578811,-0.0251657,-0.125828,0.805302,117.663
lightbox/images/img005156.jpg,lightbox,1,16626,1,34420,0.0301648,0.965275,0.150824,-0.211154,18.6158
lightbox/images/img005163.jpg,lightbox,1,74067,1,74014,0.133109,0.851896,0.0266217,0.505813,22.3569
lightbox/images/img005164.jpg,lightbox,3,61243,3,61033,-0.26482,0.205971,0.0294245,0.941584,22.9805
lightbox/images/img005166.jpg,lightbox,0,16510,3,16020,0.0270073,-0.29708,-0.40511,0.864234,173.282
lightbox/images/img005174.jpg,lightbox,2,13360,0,73070,0.728214,0.47789,0.47789,0.113783,106.28
lightbox/images/img005183.jpg,lightbox,2,47147,0,42747,0.772712,-0.507093,-0.120736,0.362209,159.159
lightbox/images/img005186.jpg,lightbox,2,44376,2,46566,-0.451501,-0.176674,0.628176,0.608545,26.1686
lightbox/images/img005192.jpg,lightbox,1,71270,3,32267,0.058621,0.605751,-0.488509,0.625291,127.066
lightbox/images/img005196.jpg,lightbox,3,34051,1,27344,-0.165963,0.758686,0.592723,-0.21338,135.331
lightbox/images/img005198.jpg,lightbox,0,65166,0,65640,0.686784,-0.32193,0.193158,0.622398,23.0029
lightbox/images/img005202.jpg,lightbox,2,30760,1,35476,0.539527,0.822136,0.179842,-0.0256917,112.543
lightbox/images/img005213.jpg,lightbox,2,37202,0,03542,0.799251,-0.174836,-0.324696,-0.474555,167.883
lightbox/images/img005220.jpg,lightbox,0,42525,0,43076,0.896179,-0.308062,-0.25205,0.196039,28.4724
lightbox/images/img005221.jpg,lightbox,1,41606,1,77164,0.488509,0.625291,0.410347,0.449428,153.347
lightbox/images/img005232.jpg,lightbox,0,25011,0,65203,0.799251,-0.324696,0.274743,0.424602,106.572
lightbox/images/img005233.jpg,lightbox,3,16057,1,54212,0.118545,0.758686,-0.497888,0.403052,153.772
lightbox/images/img005239.jpg,lightbox,3,43172,2,03774,-0.0822304,-0.0822304,0.877124,-0.465972,147.158
lightbox/images/img005244.jpg,lightbox,0,37466,2,33401,0.404805,0.362194,0.681778,-0.490028,68.4127
lightbox/images/img005253.jpg,lightbox,1,63731,3,16676,0.15423,-0.030846,-0.030846,0.987072,161.021
lightbox/images/img005270.jpg,lightbox,0,63002,0,24774,0.811493,-0.481824,0.329669,-0.0253592,23.09
lightbox/images/img005271.jpg,lightbox,1,43215,1,52244,0.0298408,0.954905,-0.208885,0.208885,37.2387
lightbox/images/img005273.jpg,lightbox,0,07014,3,53660,0.440261,-0.0776931,0.33667,0.828726,178.535
lightbox/images/img005274.jpg,lightbox,1,03113,1,20510,-0.434179,0.73125,0.0228515,-0.525586,61.745
lightbox/images/img005281.jpg,lightbox,0,35456,1,63050,-0.287982,0.837765,0.445063,0.130901,152.441
lightbox/images/img005289.jpg,lightbox,2,25730,2,25374,-0.0837545,0.362936,0.893381,-0.251263,9.64657
lightbox/images/img005290.jpg,lightbox,1,43264,2,46742,-0.467638,-0.10166,0.650627,0.589631,158.36
lightbox/images/img005305.jpg,lightbox,0,03430,0,03726,0.822136,-0.179842,-0.0256917,-0.539527,27.4284
lightbox/images/img005311.jpg,lightbox,0,53330,0,53273,0.805302,0.578811,-0.0251657,0.125828,15.1115
lightbox/images/img005314.jpg,lightbox,1,34225,1,16621,0.0908257,0.968808,-0.0908257,-0.211927,53.8688
lightbox/images/img005315.jpg,lightbox,3,64053,3,64140,-0.51494,0.0223887,0.470162,0.716438,5.31428
lightbox/images/img005320.jpg,lightbox,3,16106,3,16413,0.194821,-0.36181,-0.194821,0.890609,18.3833
lightbox/images/img005327.jpg,lightbox,0,31770,3,03767,-0.136641,-0.0273281,-0.464578,0.8745,109.315
lightbox/images/img005335.jpg,lightbox,3,70042,3,61172,-0.090167,0.21039,0.150278,0.961781,15.4634
lightbox/images/img005337.jpg,lightbox,1,14631,2,25552,-0.092538,0.092538,0.987072,-0.092538,131.31
lightbox/images/img005341.jpg,lightbox,0,34542,0,34507,0.931951,0.320358,0.0873704,-0.145617,9.1612
lightbox/images/img005345.jpg,lightbox,2,14277,2,14277,0.184274,-0.447523,0.842397,-0.236924,1.57402
lightbox/images/img005367.jpg,lightbox,2,07752,2,52037,0.205262,-0.263908,0.93834,0.0879694,38.715
lightbox/images/img005376.jpg,lightbox,1,27545,1,27545,-0.136641,0.8745,0.464578,-0.0273281,2.37533
lightbox/images/img005389.jpg,lightbox,0,76056,0,76410,0.722254,0.112852,0.383697,0.564261,7.63858
lightbox/images/img005394.jpg,lightbox,1,60571,1,60572,-0.474555,0.799251,0.174836,0.324696,4.13671
lightbox/images/img005396.jpg,lightbox,0,54340,0,16651,0.951522,0.208145,-0.208145,-0.0892052,79.3886
lightbox/images/img005401.jpg,lightbox,0,52313,0,52334,0.919555,0.373569,-0.0862083,0.0862083,12.1023
lightbox/images/img005404.jpg,lightbox,2,57750,0,24745,0.813589,-0.533917,0.228822,-0.0254246,98.802
lightbox/images/img005410.jpg,lightbox,0,63315,0,77420,0.656074,0.348539,0.430548,0.512558,69.8372
lightbox/images/img005428.jpg,lightbox,0,20335,0,70072,0.954905,0.149204,0.208885,0.149204,113.275
lightbox/images/img005430.jpg,lightbox,2,26574,2,62711,-0.378339,0.55638,0.712167,0.200297,25.686
lightbox/images/img005431.jpg,lightbox,1,76217,1,47327,-0.133109,0.851896,-0.0266217,0.505813,81.759
lightbox/images/img005444.jpg,lightbox,2,25564,2,25470,-0.320358,0.145617,0.931951,-0.0873704,13.6238
lightbox/images/img005451.jpg,lightbox,0,03360,0,03473,0.813589,-0.228822,-0.228822,-0.483068,28.5461
lightbox/images/img005481.jpg,lightbox,2,15223,2,11345,0.500773,-0.426585,0.593509,-0.463679,23.3154
lightbox/images/img005482.jpg,lightbox,0,11021,3,14374,0.321503,-0.469888,-0.222579,0.791391,143.188
lightbox/images/img005484.jpg,lightbox,2,22755,2,53041,0.469888,-0.370965,0.791391,0.123655,166.355
lightbox/images/img005492.jpg,lightbox,0,00533,1,46324,-0.524491,0.729727,-0.0684119,0.433275,80.3803
lightbox/images/img005495.jpg,lightbox,1,53253,0,16156,0.842397,0.342224,-0.342224,-0.236924,77.7659
lightbox/images/img005498.jpg,lightbox,2,50267,2,52502,0.244497,-0.353162,0.869321,0.244497,22.3893
lightbox/images/img005517.jpg,lightbox,2,63750,2,70161,0.318206,0.144639,0.925691,0.144639,72.6866
lightbox/images/img005519.jpg,lightbox,2,13013,0,73043,0.760398,0.451486,0.451486,0.118812,129.351
lightbox/images/img005525.jpg,lightbox,0,10703,3,12527,0.269417,-0.220432,-0.514341,0.783758,175.316
lightbox/images/img005530.jpg,lightbox,3,42215,3,42072,-0.626216,-0.208739,0.115966,0.742182,7.68963
lightbox/images/img005538.jpg,lightbox,0,72364,0,52463,0.893381,0.0837545,-0.251263,0.362936,113.058
lightbox/images/img005563.jpg,lightbox,2,35257,1,70753,0.38236,0.8157,0.280397,0.331378,110.823
lightbox/images/img005566.jpg,lightbox,2,16210,2,43134,-0.0879694,-0.322554,0.93834,0.0879694,64.1719
lightbox/images/img005570.jpg,lightbox,3,03040,1,42121,-0.527146,0.80327,-0.276124,0.0251022,168.241
lightbox/images/img005572.jpg,lightbox,2,45707,2,45776,-0.0627868,-0.355792,0.669726,0.648797,13.2955
lightbox/images/img005576.jpg,lightbox,0,43231,3,65430,-0.259633,0.118015,0.590076,0.755297,142.802
lightbox/images/img005577.jpg,lightbox,0,53714,0,53414,0.751953,0.493469,-0.352478,0.258484,27.3905
lightbox/images/img005578.jpg,lightbox,1,65425,1,66355,-0.342266,0.644266,0.503333,0.463066,49.4165
lightbox/images/img005586.jpg,lightbox,1,40326,3,70023,0.0911606,0.212708,0.0303869,0.972379,161.892
lightbox/images/img005599.jpg,lightbox,3,03777,0,03775,0.879772,-0.0274929,-0.0824786,-0.467379,135.89
lightbox/images/img005603.jpg,lightbox,0,56230,0,52467,0.8745,0.0819844,-0.245953,0.409922,19.769
lightbox/images/img005609.jpg,lightbox,2,72140,2,72410,0.132733,0.451292,0.849491,0.238919,17.4337
lightbox/images/img005620.jpg,lightbox,2,55237,1,74004,0.0268511,0.859235,0.0268511,0.510171,170.586
lightbox/images/img005627.jpg,lightbox,1,46333,1,64354,-0.425385,0.716438,0.201498,0.51494,27.7771
lightbox/images/img005646.jpg,lightbox,3,74207,2,74021,0.0817405,0.136234,0.871899,0.463196,65.6654
lightbox/images/img005651.jpg,lightbox,0,61270,2,70322,0.246691,0.411152,0.877124,0.0274101,129.14
lightbox/images/img005655.jpg,lightbox,0,24570,2,61400,-0.411152,0.0274101,0.877124,0.246691,148.241
lightbox/images/img005662.jpg,lightbox,0,70725,3,70701,0.304267,0.248946,0.248946,0.88514,94.9044
lightbox/images/img005667.jpg,lightbox,2,75360,1,63575,-0.024318,0.778177,0.510678,0.36477,92.9285
lightbox/images/img005668.jpg,lightbox,2,50727,2,50703,0.269417,-0.514341,0.783758,0.220432,9.97656
lightbox/images/img005675.jpg,lightbox,0,76123,2,74120,0.238919,0.132733,0.849491,0.451292,71.4625
lightbox/images/img005677.jpg,lightbox,1,30472,2,70073,0.206689,0.206689,0.944862,0.147635,145.302
lightbox/images/img005682.jpg,lightbox,1,07460,2,56000,0.0254906,-0.38236,0.8157,0.433341,105.984
lightbox/images/img005692.jpg,lightbox,3,65213,3,61652,-0.29038,0.29038,0.343176,0.844742,12.858
lightbox/images/img005699.jpg,lightbox,1,06445,1,60111,-0.468798,0.882444,0.0275764,0.0275764,51.0163
lightbox/images/img005705.jpg,lightbox,3,06713,1,06776,-0.510171,0.859235,-0.0268511,-0.0268511,170.666
lightbox/images/img005709.jpg,lightbox,3,33402,3,33332,0.471249,0.503749,-0.503749,0.519999,24.657
lightbox/images/img005736.jpg,lightbox,0,05325,0,16445,0.901856,0.084549,-0.422745,-0.028183,43.1221
lightbox/images/img005737.jpg,lightbox,3,25146,0,70046,0.972379,0.0303869,0.0911606,0.212708,179.434
lightbox/images/img005747.jpg,lightbox,0,76027,0,21774,0.828726,-0.0776931,0.33667,-0.440261,107.82
lightbox/images/img005754.jpg,lightbox,0,07441,0,07443,0.864234,-0.351095,-0.351095,-0.0810219,4.4663
lightbox/images/img005776.jpg,lightbox,0,52764,2,03756,-0.0817405,-0.136234,0.871899,-0.463196,135.676
lightbox/images/img005777.jpg,lightbox,2,76453,0,75246,0.722254,0.383697,0.248275,0.51912,84.1394
lightbox/images/img005779.jpg,lightbox,2,40714,2,40355,-0.390934,-0.52891,0.735875,0.160973,10.0622
lightbox/images/img005781.jpg,lightbox,3,30324,3,03253,-0.208739,-0.115966,-0.626216,0.742182,64.0924
lightbox/images/img005796.jpg,lightbox,0,07576,0,77457,0.596803,0.428952,0.354352,0.578153,131.185
lightbox/images/img005800.jpg,lightbox,0,42377,0,03544,0.80327,-0.175715,-0.376533,-0.426737,90.1829
lightbox/images/img005801.jpg,lightbox,0,43603,0,43633,0.928805,-0.261226,-0.0290252,0.261226,19.4222
lightbox/images/img005811.jpg,lightbox,1,70505,1,52562,0.244497,0.869321,-0.244497,0.353162,32.7105
lightbox/images/img005817.jpg,lightbox,2,40203,1,12377,0.34641,0.739008,-0.023094,-0.57735,111.548
lightbox/images/img005819.jpg,lightbox,2,52225,2,52225,0.092538,-0.092538,0.987072,0.092538,3.70229
lightbox/images/img005825.jpg,lightbox,0,35625,0,35664,0.830959,0.441447,0.337577,-0.0259675,12.503
lightbox/images/img005840.jpg,lightbox,0,43475,2,15621,0.448458,-0.448458,0.755297,-0.165221,159.444
lightbox/images/img005853.jpg,lightbox,3,65125,3,65121,-0.135432,0.135432,0.46047,0.866766,5.74504
lightbox/images/img005859.jpg,lightbox,2,65356,2,61774,-0.0794162,0.344137,0.847106,0.397081,21.9335
lightbox/images/img005861.jpg,lightbox,3,16607,3,16601,0.0892052,-0.208145,-0.208145,0.951522,10.7
lightbox/images/img005863.jpg,lightbox,2,31545,1,16226,0.0289278,0.925691,-0.0289278,-0.376062,162.902
lightbox/images/img005867.jpg,lightbox,1,55201,0,35453,0.80735,0.580283,0.0756891,-0.0756891,99.3353
lightbox/images/img005885.jpg,lightbox,1,03636,1,26253,-0.5001,0.640128,0.540108,-0.220044,83.6261
lightbox/images/img005890.jpg,lightbox,3,73401,3,77144,0.503333,0.342266,0.463066,0.644266,31.2566
lightbox/images/img005898.jpg,lightbox,0,71765,1,74012,0.136234,0.871899,0.0817405,0.463196,79.1552
lightbox/images/img005900.jpg,lightbox,0,46010,0,56000,0.8157,0.0254906,-0.38236,0.433341,73.404
lightbox/images/img005906.jpg,lightbox,0,70317,0,71241,0.828726,0.492056,0.233079,0.129488,14.0685
lightbox/images/img005913.jpg,lightbox,1,55377,2,00353,-0.341162,-0.421435,0.642187,-0.541845,54.8131
lightbox/images/img005918.jpg,lightbox,2,42461,0,07354,0.93834,-0.0879694,-0.205262,-0.263908,76.567
lightbox/images/img005930.jpg,lightbox,1,12366,1,13066,0.378339,0.712167,-0.200297,-0.55638,31.0243
lightbox/images/img005936.jpg,lightbox,0,25032,2,61271,-0.249711,0.360694,0.887862,0.138728,155.069
lightbox/images/img005940.jpg,lightbox,1,43640,0,14727,0.837765,0.287982,-0.445063,-0.130901,172.997
lightbox/images/img005946.jpg,lightbox,0,25037,0,76167,0.681778,0.234361,0.490028,0.490028,123.777
lightbox/images/img005957.jpg,lightbox,0,70152,0,71053,0.80327,0.57735,0.0753066,0.125511,24.5248
lightbox/images/img005961.jpg,lightbox,3,33620,2,31755,0.638802,0.185459,0.659408,-0.350311,156.501
lightbox/images/img005977.jpg,lightbox,3,70164,2,70473,0.194821,0.194821,0.890609,0.36181,107.36
lightbox/images/img005999.jpg,lightbox,3,45133,3,07771,-0.0309641,-0.0928922,-0.0928922,0.99085,84.8251
lightbox/images/img006002.jpg,lightbox,3,41421,1,47407,-0.284293,0.699798,-0.284293,0.590455,178.178
lightbox/images/img006007.jpg,lightbox,2,25446,3,25473,-0.263908,0.205262,-0.0879694,0.93834,177.69
lightbox/images/img006016.jpg,lightbox,0,26210,0,22462,0.596803,-0.578153,0.428952,-0.354352,11.9635
lightbox/images/img006048.jpg,lightbox,3,63201,3,76033,0.160973,0.52891,0.390934,0.735875,68.4407
lightbox/images/img006054.jpg,lightbox,0,21657,0,23545,0.793334,-0.123958,0.421459,-0.421459,17.7643
lightbox/images/img006055.jpg,lightbox,3,72445,3,76404,0.0221241,0.37611,0.597351,0.707972,30.0254
lightbox/images/img006058.jpg,lightbox,3,34375,3,07331,-0.028183,-0.084549,-0.422745,0.901856,71.5967
lightbox/images/img006061.jpg,lightbox,0,16726,0,16746,0.951522,0.267615,-0.148675,-0.0297351,17.3573
lightbox/images/img006062.jpg,lightbox,0,50327,3,01716,-0.0685546,-0.479882,-0.479882,0.73125,170.767
lightbox/images/img006067.jpg,lightbox,0,72125,0,72112,0.811493,0.329669,0.481824,0.0253592,7.95102
lightbox/images/img006068.jpg,lightbox,0,64310,0,60574,0.791391,-0.469888,0.123655,0.370965,9.49951
lightbox/images/img006074.jpg,lightbox,2,27102,2,27704,-0.168638,0.602279,0.770916,-0.120456,29.7009
lightbox/images/img006075.jpg,lightbox,1,37024,1,36211,0.159628,0.729727,0.570099,-0.342059,29.6492
lightbox/images/img006082.jpg,lightbox,3,56203,3,52667,0.084549,-0.028183,0.422745,0.901856,15.9775
lightbox/images/img006087.jpg,lightbox,0,64107,3,45176,-0.06415,-0.534584,0.491817,0.684267,112.063
lightbox/images/img006091.jpg,lightbox,2,52556,2,52705,0.30334,-0.193035,0.882444,0.30334,19.2946
lightbox/images/img006106.jpg,lightbox,0,07464,3,47701,-0.120456,-0.168638,0.602279,0.770916,151.63
lightbox/images/img006116.jpg,lightbox,3,21030,2,30574,0.334878,0.128799,0.824315,-0.437917,43.0882
lightbox/images/img006125.jpg,lightbox,3,54302,3,54302,0.210099,-0.490232,0.396854,0.74702,2.90126
lightbox/images/img006144.jpg,lightbox,1,32406,2,16440,0.028183,-0.422745,0.901856,-0.084549,166.584
lightbox/images/img006149.jpg,lightbox,3,43223,3,07673,-0.269529,-0.0299476,-0.0898429,0.958324,19.5155
lightbox/images/img006150.jpg,lightbox,2,25226,2,42115,-0.432219,-0.38137,0.813589,0.0762739,102.473
lightbox/images/img006156.jpg,lightbox,2,56733,2,67152,-0.0700331,0.443543,0.74702,0.490232,76.4439
lightbox/images/img006158.jpg,lightbox,3,51405,0,43402,0.826512,-0.387427,-0.33577,0.232456,99.9928
lightbox/images/img006159.jpg,lightbox,2,21702,2,74002,0.0274929,0.0824786,0.879772,0.467379,125.96
lightbox/images/img006160.jpg,lightbox,2,43002,2,40373,-0.421459,-0.421459,0.793334,0.123958,12.4477
lightbox/images/img006161.jpg,lightbox,0,41412,0,05570,0.760398,-0.0712873,-0.641585,-0.0712873,38.1785
lightbox/images/img006168.jpg,lightbox,0,45531,0,45141,0.646366,-0.100995,-0.626167,0.424178,14.3573
lightbox/images/img006169.jpg,lightbox,2,22136,3,06156,-0.469888,-0.321503,-0.222579,0.791391,113.736
lightbox/images/img006188.jpg,lightbox,3,43315,3,43351,-0.0301648,-0.211154,0.150824,0.965275,4.91002
lightbox/images/img006189.jpg,lightbox,2,32432,3,01735,-0.0233954,-0.444513,-0.491304,0.748653,41.5489
lightbox/images/img006203.jpg,lightbox,3,41551,3,05571,-0.0238163,-0.643039,-0.0714488,0.762121,43.5005
lightbox/images/img006207.jpg,lightbox,1,36642,1,63031,-0.228822,0.813589,0.533917,0.0254246,34.0061
lightbox/images/img006215.jpg,lightbox,3,65312,3,61756,-0.0807866,0.296217,0.403933,0.861723,6.55804
lightbox/images/img006217.jpg,lightbox,2,02314,2,07602,-0.412393,-0.137464,0.879772,-0.19245,52.1883
lightbox/images/img006221.jpg,lightbox,0,55766,3,56312,0.334878,-0.128799,0.437917,0.824315,122.047
lightbox/images/img006222.jpg,lightbox,1,07135,1,07156,-0.0837545,0.893381,-0.362936,-0.251263,16.5829
lightbox/images/img006224.jpg,lightbox,3,07577,0,16560,0.910577,0.2561,-0.313011,-0.0853666,163.274
lightbox/images/img006226.jpg,lightbox,0,34051,0,34141,0.899004,0.309033,0.0280939,-0.309033,11.8338
lightbox/images/img006228.jpg,lightbox,1,07136,1,12674,0.136234,0.871899,-0.0817405,-0.463196,33.6503
lightbox/images/img006234.jpg,lightbox,3,53056,3,13222,0.356417,-0.0209657,-0.649937,0.670902,106.501
lightbox/images/img006237.jpg,lightbox,3,25060,3,36073,0.168638,0.554096,-0.265003,0.770916,85.8504
lightbox/images/img006255.jpg,lightbox,1,75530,0,34351,0.840072,0.393784,0.23627,-0.288775,102.688
lightbox/images/img006262.jpg,lightbox,2,41464,2,40173,-0.383697,-0.564261,0.722254,0.112852,26.1404
lightbox/images/img006286.jpg,lightbox,2,24773,2,24575,-0.464578,0.136641,0.8745,-0.0273281,28.2248
lightbox/images/img006289.jpg,lightbox,2,27536,0,27155,0.856767,-0.026774,0.455158,-0.240966,143.513
lightbox/images/img006293.jpg,lightbox,3,35551,3,43573,-0.0280056,-0.25205,0.364073,0.896179,106.717
lightbox/images/img006297.jpg,lightbox,2,05554,3,53333,0.695445,-0.0224337,0.0224337,0.717879,178.045
lightbox/images/img006315.jpg,lightbox,2,67701,2,56160,0.220432,-0.269417,0.783758,0.514341,105.112
lightbox/images/img006329.jpg,lightbox,1,70553,1,70553,0.397081,0.847106,0.0794162,0.344137,3.03808
lightbox/images/img006333.jpg,lightbox,1,03237,2,64117,-0.414388,0.0731272,0.780024,0.463139,158.84
lightbox/images/img006350.jpg,lightbox,2,03467,1,07531,-0.0289278,0.925691,-0.318206,-0.202495,138.612
lightbox/images/img006354.jpg,lightbox,1,65343,2,74020,0.0273281,0.136641,0.8745,0.464578,108.005
lightbox/images/img006360.jpg,lightbox,2,54556,1,06251,-0.58617,0.750298,-0.164128,-0.257915,78.4184
lightbox/images/img006364.jpg,lightbox,2,60171,3,16221,0.0842816,-0.0842816,-0.421408,0.899004,143.695
lightbox/images/img006366.jpg,lightbox,0,63105,3,70072,0.149204,0.208885,0.149204,0.954905,153.976
lightbox/images/img006397.jpg,lightbox,0,17600,0,17621,0.842397,0.500173,-0.0789747,-0.184274,12.9242
lightbox/images/img006414.jpg,lightbox,2,16131,0,10645,0.743784,0.0697297,-0.534595,-0.395135,176.883
lightbox/images/img006417.jpg,lightbox,1,14534,1,16166,0.252845,0.899004,-0.252845,-0.252845,49.7114
lightbox/images/img006425.jpg,lightbox,2,60127,2,45322,-0.172276,-0.418384,0.787547,0.418384,91.3683
lightbox/images/img006448.jpg,lightbox,1,25546,1,25525,-0.150824,0.965275,0.150824,-0.150824,16.0308
lightbox/images/img006454.jpg,lightbox,0,20050,0,62064,0.643224,-0.623123,0.422116,0.140705,95.8582
lightbox/images/img006455.jpg,lightbox,3,52606,0,43217,0.948174,-0.266674,-0.148152,0.0888913,164.803
lightbox/images/img006456.jpg,lightbox,2,33566,0,43374,0.968808,-0.0908257,-0.0908257,0.211927,145.938
lightbox/images/img006463.jpg,lightbox,1,25211,1,21575,-0.0273281,0.8745,0.136641,-0.464578,31.1413
lightbox/images/img006482.jpg,lightbox,2,45013,3,07601,-0.36181,-0.194821,-0.194821,0.890609,135.938
lightbox/images/img006484.jpg,lightbox,3,57147,3,57030,0.484974,-0.254034,0.392598,0.739008,15.2062
lightbox/images/img006485.jpg,lightbox,2,42456,3,03343,-0.117753,-0.117753,-0.635866,0.753619,169.914
lightbox/images/img006508.jpg,lightbox,3,16721,3,52343,0.318206,-0.144639,0.144639,0.925691,38.5831
lightbox/images/img006509.jpg,lightbox,2,45020,3,45173,-0.0218687,-0.546718,0.459243,0.699798,58.511
lightbox/images/img006515.jpg,lightbox,1,75246,1,72071,0.178434,0.8157,0.535303,0.127453,62.6372
lightbox/images/img006519.jpg,lightbox,0,60546,0,64162,0.707972,-0.508855,0.154869,0.464606,16.8406
lightbox/images/img006525.jpg,lightbox,2,70503,2,70115,0.422745,0.028183,0.901856,0.084549,24.4009
lightbox/images/img006527.jpg,lightbox,0,16265,1,30467,0.0810219,0.864234,0.189051,-0.459124,147.808
lightbox/images/img006528.jpg,lightbox,2,66150,2,53446,0.411464,-0.314649,0.774521,0.363057,131.056
lightbox/images/img006532.jpg,lightbox,0,41476,0,41774,0.795292,-0.0745586,-0.472205,0.372793,24.3049
lightbox/images/img006548.jpg,lightbox,0,61535,0,70461,0.91354,0.0856444,0.142741,0.371126,12.2294
lightbox/images/img006567.jpg,lightbox,3,37002,3,33642,0.346794,0.550791,-0.387594,0.652789,17.4958
lightbox/images/img006569.jpg,lightbox,1,50035,3,41066,-0.342059,-0.570099,0.159628,0.729727,115.784
lightbox/images/img006597.jpg,lightbox,2,51765,2,65135,-0.0266217,0.133109,0.851896,0.505813,97.5305
lightbox/images/img006601.jpg,lightbox,3,73060,3,35606,0.445063,0.287982,-0.130901,0.837765,37.7447
lightbox/images/img006607.jpg,lightbox,0,55277,0,55212,0.683019,0.448231,-0.448231,0.362854,15.5155
lightbox/images/img006610.jpg,lightbox,1,11136,1,14214,0.119625,0.765603,-0.550277,-0.311026,57.1377
lightbox/images/img006614.jpg,lightbox,0,37060,0,37224,0.663935,0.352715,0.601691,-0.269723,18.4362
lightbox/images/img006615.jpg,lightbox,1,13663,1,30573,0.368271,0.785646,0.17186,-0.466477,23.041
lightbox/images/img006616.jpg,lightbox,3,16056,3,16413,0.194821,-0.36181,-0.194821,0.890609,10.6309
lightbox/images/img006632.jpg,lightbox,0,61641,0,61614,0.871899,-0.299715,0.245222,0.299715,8.94041
lightbox/images/img006634.jpg,lightbox,0,74116,0,74135,0.791391,0.370965,0.123655,0.469888,8.09304
lightbox/images/img006647.jpg,lightbox,0,07506,0,56500,0.72373,0.203549,-0.339248,0.565414,99.386
lightbox/images/img006664.jpg,lightbox,3,75242,2,70271,0.196657,0.36522,0.899004,0.140469,90.5001
lightbox/images/img006665.jpg,lightbox,1,53424,1,56173,0.356436,0.760398,-0.213862,0.499011,29.1308
lightbox/images/img006668.jpg,lightbox,2,00427,1,10677,0.172276,0.787547,-0.418384,-0.418384,116.359
lightbox/images/img006671.jpg,lightbox,2,04137,1,50664,0.0249145,0.797264,-0.473376,0.373718,56.5952
lightbox/images/img006673.jpg,lightbox,3,41654,3,12777,0.38236,-0.0254906,-0.433341,0.8157,136.583
lightbox/images/img006674.jpg,lightbox,3,02342,0,52567,0.840072,0.288775,-0.23627,0.393784,174.438
lightbox/images/img006679.jpg,lightbox,2,05736,2,05736,-0.0817405,-0.463196,0.871899,-0.136234,2.83608
lightbox/images/img006684.jpg,lightbox,3,21440,3,36004,0.0259675,0.441447,-0.337577,0.830959,67.4904
lightbox/images/img006686.jpg,lightbox,2,12324,2,31744,0.55638,0.200297,0.712167,-0.378339,60.736
lightbox/images/img006696.jpg,lightbox,3,20355,1,76173,0.318429,0.679315,0.488258,0.445801,173.388
lightbox/images/img006704.jpg,lightbox,0,56063,2,01776,-0.0747435,-0.423547,0.797264,-0.423547,121.034
lightbox/images/img006709.jpg,lightbox,0,35276,0,35520,0.770916,0.602279,0.120456,-0.168638,28.4921
lightbox/images/img006711.jpg,lightbox,3,16212,0,17604,0.859235,0.456468,-0.187958,-0.134255,178.194
lightbox/images/img006727.jpg,lightbox,0,24444,1,66100,-0.498237,0.6932,0.368262,0.368262,66.9546
lightbox/images/img006733.jpg,lightbox,0,60106,1,03647,-0.334878,0.824315,-0.128799,-0.437917,76.9073
lightbox/images/img006736.jpg,lightbox,2,50214,2,50234,0.132733,-0.504385,0.849491,0.0796398,11.8437
sunlamp/images/img000005.jpg,sunlamp,3,57537,0,54264,0.73125,0.0228515,-0.434179,0.525586,119.169
sunlamp/images/img000022.jpg,sunlamp,3,70166,3,70162,0.262111,0.203864,0.145617,0.931951,10.2516
sunlamp/images/img000030.jpg,sunlamp,0,42170,1,47522,-0.165963,0.758686,-0.21338,0.592723,134.676
sunlamp/images/img000031.jpg,sunlamp,2,70435,2,15656,0.480888,-0.480888,0.732782,-0.0228994,91.2781
sunlamp/images/img000033.jpg,sunlamp,3,07240,1,75422,0.381373,0.717879,0.157036,0.560843,164.586
sunlamp/images/img000034.jpg,sunlamp,1,07625,2,52614,0.143208,-0.200492,0.916533,0.315058,137.109
sunlamp/images/img000039.jpg,sunlamp,3,24006,3,16776,0.376062,-0.0289278,-0.0289278,0.925691,134.833
sunlamp/images/img000040.jpg,sunlamp,1,25003,2,45522,-0.145236,-0.518699,0.663935,0.518699,111.388
sunlamp/images/img000043.jpg,sunlamp,0,61033,0,61112,0.99085,-0.0928922,0.0928922,0.0309641,23.9101
sunlamp/images/img000045.jpg,sunlamp,1,04567,2,52763,0.30334,-0.0275764,0.882444,0.358493,98.7016
sunlamp/images/img000052.jpg,sunlamp,3,33145,0,52446,0.849491,0.0265466,-0.345106,0.398199,60.5085
sunlamp/images/img000054.jpg,sunlamp,0,47712,0,76106,0.748653,0.210559,0.444513,0.444513,74.1713
sunlamp/images/img000060.jpg,sunlamp,3,17034,3,53002,0.441447,-0.337577,0.0259675,0.830959,41.1346
sunlamp/images/img000062.jpg,sunlamp,2,45643,2,16120,0.23627,-0.288775,0.840072,-0.393784,135.645
sunlamp/images/img000066.jpg,sunlamp,3,52624,3,40337,-0.423547,-0.423547,0.0747435,0.797264,76.9713
sunlamp/images/img000072.jpg,sunlamp,3,27451,3,25721,-0.140469,0.36522,-0.196657,0.899004,22.4379
sunlamp/images/img000074.jpg,sunlamp,2,74303,2,50723,0.282609,-0.43676,0.822136,0.231226,86.3427
sunlamp/images/img000076.jpg,sunlamp,3,42321,1,43317,-0.0307293,0.983336,-0.153646,0.0921878,179.578
sunlamp/images/img000078.jpg,sunlamp,0,00352,1,60171,-0.46047,0.866766,0.135432,0.135432,82.368
sunlamp/images/img000079.jpg,sunlamp,2,14634,2,14670,0.132733,-0.504385,0.849491,-0.0796398,4.41221
sunlamp/images/img000081.jpg,sunlamp,3,25337,0,06733,0.866766,-0.46047,-0.0270864,-0.189605,137.905
sunlamp/images/img000084.jpg,sunlamp,1,02172,1,06561,-0.525822,0.801253,-0.275431,-0.0751175,61.1852
sunlamp/images/img000089.jpg,sunlamp,2,64141,0,05552,0.737437,-0.0691347,-0.668302,-0.0691347,57.0843
sunlamp/images/img000096.jpg,sunlamp,2,06756,1,25431,-0.262111,0.931951,0.145617,-0.203864,162.511
sunlamp/images/img000097.jpg,sunlamp,2,27217,2,27254,-0.255676,0.581081,0.743784,-0.209189,11.7831
sunlamp/images/img000098.jpg,sunlamp,1,75426,0,31454,0.763856,0.50128,0.0238705,-0.405798,131.399
sunlamp/images/img000099.jpg,sunlamp,0,07524,0,76152,0.716438,0.291053,0.425385,0.470162,132.132
sunlamp/images/img000104.jpg,sunlamp,1,41426,1,41611,-0.217325,0.772712,-0.555387,0.217325,15.5149
sunlamp/images/img000105.jpg,sunlamp,2,12165,1,73022,0.395992,0.745396,0.535754,0.0232936,146.918
sunlamp/images/img000106.jpg,sunlamp,1,52145,1,50722,0.23434,0.833209,-0.442642,0.23434,12.2505
sunlamp/images/img000107.jpg,sunlamp,3,62600,0,07667,0.925691,-0.376062,-0.0289278,-0.0289278,81.5004
sunlamp/images/img000114.jpg,sunlamp,0,61327,3,71106,0.612311,0.0734773,0.0734773,0.783758,101.706
sunlamp/images/img000116.jpg,sunlamp,1,76262,2,43175,-0.0289278,-0.318206,0.925691,0.202495,125.483
sunlamp/images/img000117.jpg,sunlamp,2,04005,2,31444,0.424602,0.0249766,0.799251,-0.424602,141.133
sunlamp/images/img000118.jpg,sunlamp,2,06313,2,07116,-0.0810219,-0.351095,0.864234,-0.351095,49.301
sunlamp/images/img000122.jpg,sunlamp,0,60141,0,42723,0.813589,-0.533917,-0.0254246,0.228822,13.9542
sunlamp/images/img000124.jpg,sunlamp,0,75536,3,07651,-0.263908,-0.205262,-0.0879694,0.93834,155.85
sunlamp/images/img000126.jpg,sunlamp,1,71357,1,21437,-0.225352,0.801253,0.175274,-0.525822,135.22
sunlamp/images/img000128.jpg,sunlamp,0,24133,2,25305,-0.138728,0.249711,0.887862,-0.360694,171.134
sunlamp/images/img000136.jpg,sunlamp,0,57735,3,67141,-0.118545,0.403052,0.497888,0.758686,116.127
sunlamp/images/img000140.jpg,sunlamp,3,34422,1,70021,0.0921878,0.983336,0.153646,0.0307293,158.891
sunlamp/images/img000141.jpg,sunlamp,2,43142,0,43771,0.922608,-0.0288315,-0.0864945,0.374809,159.144
sunlamp/images/img000142.jpg,sunlamp,3,12602,0,16107,0.830959,0.285642,-0.337577,-0.337577,171.495
sunlamp/images/img000144.jpg,sunlamp,2,61522,2,61176,-0.0892052,0.208145,0.951522,0.208145,12.0116
sunlamp/images/img000148.jpg,sunlamp,1,06760,2,50763,0.274743,-0.424602,0.799251,0.324696,109.11
sunlamp/images/img000149.jpg,sunlamp,2,41024,2,41065,-0.29282,-0.608164,0.720787,0.157672,11.2973
sunlamp/images/img000158.jpg,sunlamp,0,73646,2,14716,0.319169,-0.51558,0.785646,-0.122757,129.977
sunlamp/images/img000160.jpg,sunlamp,1,34156,1,34155,0.411152,0.877124,0.0274101,-0.246691,7.8794
sunlamp/images/img000161.jpg,sunlamp,0,35247,2,57021,0.448458,-0.259633,0.755297,0.401252,138.09
sunlamp/images/img000165.jpg,sunlamp,2,72034,0,70027,0.968808,0.0908257,0.211927,0.0908257,140.141
sunlamp/images/img000167.jpg,sunlamp,3,46627,2,62165,-0.474948,0.474948,0.72373,0.158316,84.3419
sunlamp/images/img000176.jpg,sunlamp,2,63702,2,63174,-0.0768726,0.538108,0.819974,0.179369,19.1897
sunlamp/images/img000177.jpg,sunlamp,2,12767,1,32565,0.254034,0.739008,0.484974,-0.392598,99.323
sunlamp/images/img000178.jpg,sunlamp,3,27130,1,14466,0.0246108,0.787547,-0.615271,-0.0246108,104.607
sunlamp/images/img000179.jpg,sunlamp,2,16555,2,10756,0.296452,-0.478883,0.729727,-0.387667,45.7899
sunlamp/images/img000181.jpg,sunlamp,3,70612,3,70072,0.149204,0.208885,0.149204,0.954905,19.0127
sunlamp/images/img000182.jpg,sunlamp,0,31077,0,31447,0.780024,0.463139,0.0731272,-0.414388,19.031
sunlamp/images/img000196.jpg,sunlamp,1,51424,1,16521,0.30334,0.882444,-0.30334,-0.193035,62.5358
sunlamp/images/img000197.jpg,sunlamp,1,72175,0,36663,0.715006,0.0670318,0.692662,-0.0670318,99.6174
sunlamp/images/img000198.jpg,sunlamp,1,44761,1,17714,0.658581,0.72671,-0.158968,-0.113548,160.299
sunlamp/images/img000200.jpg,sunlamp,2,37371,1,52730,0.362936,0.893381,-0.0837545,0.251263,109.667
sunlamp/images/img000203.jpg,sunlamp,2,07530,2,07535,-0.0292228,-0.321451,0.935129,-0.146114,7.40562
sunlamp/images/img000206.jpg,sunlamp,1,73000,0,37001,0.734324,0.436005,0.390109,-0.344214,71.2753
sunlamp/images/img000207.jpg,sunlamp,0,22321,2,43627,-0.358493,-0.0275764,0.882444,0.30334,168.759
sunlamp/images/img000208.jpg,sunlamp,2,52734,2,56326,0.234978,-0.0261087,0.835478,0.496065,28.5399
sunlamp/images/img000213.jpg,sunlamp,1,47225,1,70666,0.0260378,0.833209,0.390567,0.390567,70.4829
sunlamp/images/img000214.jpg,sunlamp,1,07340,3,56023,0.0800926,-0.240278,0.453858,0.854321,107.975
sunlamp/images/img000219.jpg,sunlamp,2,35602,2,34720,0.247436,0.357407,0.879772,-0.19245,25.8188
sunlamp/images/img000220.jpg,sunlamp,2,34150,1,34567,0.318206,0.925691,0.202495,-0.0289278,143.102
sunlamp/images/img000227.jpg,sunlamp,3,34161,2,56102,0.227648,-0.328824,0.809414,0.430001,160.161
sunlamp/images/img000228.jpg,sunlamp,2,52241,2,52340,0.262111,-0.203864,0.931951,0.145617,23.1973
sunlamp/images/img000233.jpg,sunlamp,0,52642,2,52413,0.19245,-0.357407,0.879772,0.247436,164.579
sunlamp/images/img000235.jpg,sunlamp,3,61555,3,70444,0.028273,0.028273,0.424094,0.904735,6.30209
sunlamp/images/img000237.jpg,sunlamp,1,10644,1,70022,0.0304997,0.975991,0.213498,0.0304997,103.964
sunlamp/images/img000239.jpg,sunlamp,0,65451,0,07770,0.987072,-0.092538,-0.092538,-0.092538,96.7222
sunlamp/images/img000241.jpg,sunlamp,2,77475,3,62167,-0.464606,0.508855,0.154869,0.707972,119.672
sunlamp/images/img000247.jpg,sunlamp,3,35322,0,52276,0.965275,0.150824,-0.0301648,0.211154,86.0338
sunlamp/images/img000252.jpg,sunlamp,1,65333,0,16356,0.887862,0.360694,-0.138728,-0.249711,167.78
sunlamp/images/img000254.jpg,sunlamp,0,16462,0,70170,0.907642,0.368729,0.141819,0.141819,65.1922
sunlamp/images/img000255.jpg,sunlamp,1,03063,0,56000,0.8157,0.0254906,-0.38236,0.433341,132.303
sunlamp/images/img000256.jpg,sunlamp,0,25330,0,25350,0.910577,-0.0853666,0.2561,-0.313011,15.6715
sunlamp/images/img000257.jpg,sunlamp,3,34573,0,25351,0.91354,-0.0285481,0.256933,-0.314029,174.822
sunlamp/images/img000260.jpg,sunlamp,2,75042,2,14772,0.33667,-0.440261,0.828726,-0.0776931,92.2283
sunlamp/images/img000261.jpg,sunlamp,2,43225,2,14724,0.233079,-0.492056,0.828726,-0.129488,90.58
sunlamp/images/img000262.jpg,sunlamp,0,23555,0,34741,0.910577,0.313011,0.2561,-0.0853666,61.4563
sunlamp/images/img000267.jpg,sunlamp,1,60525,0,72044,0.866766,0.0270864,0.46047,0.189605,143.213
sunlamp/images/img000272.jpg,sunlamp,3,42237,3,16676,0.15423,-0.030846,-0.030846,0.987072,95.0295
sunlamp/images/img000273.jpg,sunlamp,0,41672,2,14574,0.296452,-0.615707,0.729727,-0.022804,167.987
sunlamp/images/img000274.jpg,sunlamp,3,25537,3,30547,0.289574,0.0789747,-0.447523,0.842397,55.5686
sunlamp/images/img000277.jpg,sunlamp,3,31733,0,51246,0.753619,0.40036,-0.494563,0.164854,55.515
sunlamp/images/img000278.jpg,sunlamp,0,00151,0,42673,0.750298,-0.58617,-0.0234468,0.304808,123.38
sunlamp/images/img000280.jpg,sunlamp,2,24511,2,52022,0.0300557,-0.270501,0.961781,0.0300557,68.5027
sunlamp/images/img000282.jpg,sunlamp,2,06747,2,25421,-0.36522,0.140469,0.899004,-0.196657,43.1255
sunlamp/images/img000283.jpg,sunlamp,3,06533,3,34545,0.324796,0.0295269,-0.0295269,0.944862,97.3278
sunlamp/images/img000291.jpg,sunlamp,2,40717,2,40126,-0.491817,-0.534584,0.684267,0.06415,27.3735
sunlamp/images/img000297.jpg,sunlamp,1,47453,0,16471,0.922608,0.20182,-0.317146,-0.0864945,178.119
sunlamp/images/img000298.jpg,sunlamp,0,36446,3,72074,0.127453,0.535303,0.178434,0.8157,157.851
sunlamp/images/img000307.jpg,sunlamp,3,41354,2,41213,-0.228822,-0.533917,0.813589,0.0254246,124.069
sunlamp/images/img000315.jpg,sunlamp,2,64362,0,36604,0.781884,0.0244339,0.610847,-0.122169,178.267
sunlamp/images/img000317.jpg,sunlamp,3,25212,3,25277,-0.239596,0.399326,-0.239596,0.851896,19.0126
sunlamp/images/img000318.jpg,sunlamp,0,01272,0,03527,0.80735,-0.126148,-0.227067,-0.529823,25.2408
sunlamp/images/img000319.jpg,sunlamp,1,61570,1,70220,0.0289278,0.925691,0.376062,0.0289278,49.4895
sunlamp/images/img000320.jpg,sunlamp,2,35663,2,11624,0.369653,-0.413141,0.695817,-0.45663,104.681
sunlamp/images/img000323.jpg,sunlamp,3,61463,0,05750,0.80735,-0.0756891,-0.580283,-0.0756891,114.952
sunlamp/images/img000324.jpg,sunlamp,3,23450,3,36042,0.0257599,0.489437,-0.283358,0.824315,42.0692
sunlamp/images/img000333.jpg,sunlamp,0,53032,0,53243,0.844742,0.501565,-0.131991,0.131991,19.2631
sunlamp/images/img000335.jpg,sunlamp,3,21542,3,31767,0.567072,0.31504,-0.357045,0.672085,95.6312
sunlamp/images/img000340.jpg,sunlamp,1,36140,1,36503,0.278951,0.811493,0.481824,-0.177514,15.0949
sunlamp/images/img000341.jpg,sunlamp,3,32034,2,41336,-0.0822304,-0.465972,0.877124,0.0822304,94.3504
sunlamp/images/img000342.jpg,sunlamp,2,47114,2,47543,-0.11019,-0.286494,0.705215,0.639101,23.3198
sunlamp/images/img000343.jpg,sunlamp,3,14335,3,60142,-0.57735,0.0753066,0.125511,0.80327,141.13
sunlamp/images/img000345.jpg,sunlamp,1,57302,3,74114,0.329669,0.0253592,0.481824,0.811493,126.807
sunlamp/images/img000346.jpg,sunlamp,2,73622,1,73277,0.454311,0.632085,0.612333,0.138269,14.8053
sunlamp/images/img000348.jpg,sunlamp,3,16444,0,12444,0.8157,0.0254906,-0.38236,-0.433341,136.363
sunlamp/images/img000349.jpg,sunlamp,2,46125,2,03412,-0.25623,-0.302817,0.745396,-0.535754,119.226
sunlamp/images/img000351.jpg,sunlamp,2,26100,2,26121,-0.454912,0.454912,0.6932,-0.324937,8.64688
sunlamp/images/img000352.jpg,sunlamp,1,16375,1,17622,0.46047,0.866766,-0.0270864,-0.189605,10.424
sunlamp/images/img000353.jpg,sunlamp,1,12645,1,16032,0.135831,0.869321,-0.244497,-0.407494,12.081
sunlamp/images/img000356.jpg,sunlamp,2,50365,2,50253,0.178434,-0.535303,0.8157,0.127453,17.9059
sunlamp/images/img000358.jpg,sunlamp,0,31411,2,32454,0.123958,0.421459,0.793334,-0.421459,114.437
sunlamp/images/img000359.jpg,sunlamp,0,51241,0,50256,0.8157,0.127453,-0.535303,0.178434,37.2411
sunlamp/images/img000360.jpg,sunlamp,1,21701,0,42746,0.753619,-0.541664,-0.117753,0.353259,83.2087
sunlamp/images/img000361.jpg,sunlamp,2,42162,2,42344,-0.566049,-0.172276,0.787547,0.172276,11.2405
sunlamp/images/img000363.jpg,sunlamp,1,15663,1,14716,0.319169,0.785646,-0.51558,-0.122757,18.2384
sunlamp/images/img000364.jpg,sunlamp,0,53171,2,75001,0.464244,0.0244339,0.781884,0.415376,158.867
sunlamp/images/img000365.jpg,sunlamp,3,52512,2,07650,-0.317146,-0.20182,0.922608,-0.0864945,170.803
sunlamp/images/img000375.jpg,sunlamp,1,75267,0,17144,0.72373,0.565414,-0.339248,-0.203549,122.298
sunlamp/images/img000376.jpg,sunlamp,2,72074,0,12655,0.851896,0.186352,-0.186352,-0.45257,176.19
sunlamp/images/img000377.jpg,sunlamp,3,02046,0,42743,0.785646,-0.51558,-0.122757,0.319169,169.496
sunlamp/images/img000379.jpg,sunlamp,2,70103,2,14476,0.122169,-0.610847,0.781884,-0.0244339,90.0714
sunlamp/images/img000380.jpg,sunlamp,2,27501,2,27471,-0.228232,0.532542,0.811493,-0.0760775,19.5671
sunlamp/images/img000382.jpg,sunlamp,1,14664,3,43221,-0.374809,-0.0864945,0.0288315,0.922608,167.893
sunlamp/images/img000383.jpg,sunlamp,3,70317,3,34473,0.208145,0.208145,-0.0892052,0.951522,33.9647
sunlamp/images/img000384.jpg,sunlamp,0,25071,0,25142,0.922608,-0.20182,0.0864945,-0.317146,9.97853
sunlamp/images/img000386.jpg,sunlamp,0,06334,1,60051,-0.610847,0.781884,0.0244339,0.122169,47.6757
sunlamp/images/img000388.jpg,sunlamp,0,05336,0,42171,0.837765,-0.445063,-0.287982,0.130901,70.2888
sunlamp/images/img000389.jpg,sunlamp,2,37126,3,41573,-0.0234468,-0.58617,0.304808,0.750298,146.848
sunlamp/images/img000394.jpg,sunlamp,2,50461,1,07766,-0.213498,0.975991,-0.0304997,-0.0304997,98.8534
sunlamp/images/img000395.jpg,sunlamp,0,13460,2,70415,0.202495,0.0289278,0.925691,0.318206,154.208
sunlamp/images/img000397.jpg,sunlamp,0,27566,3,73024,0.404877,0.500142,0.0714488,0.762121,151.314
sunlamp/images/img000398.jpg,sunlamp,1,52163,1,52161,0.306147,0.890609,-0.306147,0.139158,9.3211
sunlamp/images/img000399.jpg,sunlamp,3,34565,3,16743,0.320358,-0.145617,-0.0873704,0.931951,36.1075
sunlamp/images/img000401.jpg,sunlamp,2,27750,0,30065,0.780024,0.0731272,0.121879,-0.609394,166.654
sunlamp/images/img000402.jpg,sunlamp,3,70507,3,52653,0.196657,-0.140469,0.36522,0.899004,29.0679
sunlamp/images/img000404.jpg,sunlamp,3,36472,3,32642,0.0217443,0.587095,-0.413141,0.695817,41.9046
sunlamp/images/img000407.jpg,sunlamp,2,43754,0,46273,0.699798,-0.546718,-0.0218687,0.459243,155.234
sunlamp/images/img000409.jpg,sunlamp,1,74300,1,70742,0.240966,0.856767,0.294514,0.348062,12.3196
sunlamp/images/img000411.jpg,sunlamp,3,30140,0,07355,0.941584,-0.0294245,-0.205971,-0.26482,167.325
sunlamp/images/img000412.jpg,sunlamp,1,42715,1,74025,0.0796398,0.849491,0.132733,0.504385,72.9483
sunlamp/images/img000419.jpg,sunlamp,1,01260,3,43711,-0.0294245,-0.205971,0.26482,0.941584,83.7511
sunlamp/images/img000423.jpg,sunlamp,3,62353,1,74642,0.0224337,0.717879,0.246771,0.650578,51.435
sunlamp/images/img000425.jpg,sunlamp,1,72026,1,63170,-0.0774855,0.826512,0.542398,0.129142,13.5777
sunlamp/images/img000426.jpg,sunlamp,3,03756,3,03717,-0.0258977,-0.129488,-0.543852,0.828726,12.3474
sunlamp/images/img000429.jpg,sunlamp,3,63030,0,25601,0.879772,-0.357407,0.247436,-0.19245,108.61
sunlamp/images/img000432.jpg,sunlamp,1,34161,1,34513,0.41491,0.88514,0.0829819,-0.193624,23.0321
sunlamp/images/img000436.jpg,sunlamp,1,21524,1,72055,0.186352,0.851896,0.45257,0.186352,101.454
sunlamp/images/img000439.jpg,sunlamp,0,43526,2,16676,0.15423,-0.030846,0.987072,-0.030846,167.777
sunlamp/images/img000440.jpg,sunlamp,0,15271,1,44124,-0.447383,0.622446,-0.525188,0.369577,163.403
sunlamp/images/img000442.jpg,sunlamp,2,17106,2,76400,0.0227097,0.386065,0.72671,0.567742,150.059
sunlamp/images/img000443.jpg,sunlamp,2,05772,2,07505,-0.138728,-0.416185,0.887862,-0.138728,10.5324
sunlamp/images/img000449.jpg,sunlamp,0,46102,0,14120,0.705215,0.198342,-0.595026,-0.33057,127.863
sunlamp/images/img000451.jpg,sunlamp,1,06633,2,47737,-0.0238705,-0.0238705,0.763856,0.644503,166.325
sunlamp/images/img000452.jpg,sunlamp,2,27735,1,16766,0.270501,0.961781,-0.0300557,-0.0300557,104.122
sunlamp/images/img000458.jpg,sunlamp,0,06331,1,34427,0.090167,0.961781,0.21039,-0.150278,144.226
sunlamp/images/img000461.jpg,sunlamp,3,73103,3,70303,0.309033,0.309033,0.0280939,0.899004,40.0064
sunlamp/images/img000464.jpg,sunlamp,0,52630,0,52034,0.931951,0.145617,-0.320358,0.0873704,34.9412
sunlamp/images/img000466.jpg,sunlamp,2,40331,2,41221,-0.329669,-0.481824,0.811493,0.0253592,10.7414
sunlamp/images/img000478.jpg,sunlamp,0,25511,1,27071,-0.220432,0.783758,0.514341,-0.269417,165.621
sunlamp/images/img000479.jpg,sunlamp,0,55374,1,24374,-0.469888,0.791391,0.321503,-0.222579,171.892
sunlamp/images/img000485.jpg,sunlamp,2,41206,3,07722,-0.208885,-0.0298408,-0.208885,0.954905,177.579
sunlamp/images/img000490.jpg,sunlamp,2,43756,1,02737,-0.405798,0.763856,-0.0238705,-0.50128,145.489
sunlamp/images/img000492.jpg,sunlamp,2,43603,2,43252,-0.318206,-0.144639,0.925691,0.144639,10.7505
sunlamp/images/img000497.jpg,sunlamp,0,70460,0,61751,0.896179,-0.0280056,0.25205,0.364073,16.2045
sunlamp/images/img000499.jpg,sunlamp,0,63213,1,50633,0.184274,0.842397,-0.447523,0.236924,141.094
sunlamp/images/img000500.jpg,sunlamp,1,63533,1,63351,-0.0244339,0.781884,0.610847,0.122169,10.6079
sunlamp/images/img000514.jpg,sunlamp,1,42521,1,42502,-0.541664,0.753619,-0.306158,0.211955,6.2416
sunlamp/images/img000516.jpg,sunlamp,1,70354,1,70341,0.311003,0.904735,0.254457,0.141365,6.54841
sunlamp/images/img000517.jpg,sunlamp,3,56204,3,56021,0.0789747,-0.289574,0.447523,0.842397,16.4296
sunlamp/images/img000518.jpg,sunlamp,3,46131,0,16621,0.968808,0.0908257,-0.0908257,-0.211927,101.802
sunlamp/images/img000519.jpg,sunlamp,0,56431,3,16671,0.211927,-0.0908257,-0.0908257,0.968808,84.0406
sunlamp/images/img000522.jpg,sunlamp,2,17626,2,35534,0.662695,0.114258,0.73125,-0.114258,34.4195
sunlamp/images/img000526.jpg,sunlamp,0,43566,2,16556,0.352124,-0.352124,0.866766,-0.0270864,161.77
sunlamp/images/img000532.jpg,sunlamp,3,35533,3,53060,0.445063,-0.287982,0.130901,0.837765,69.6028
sunlamp/images/img000538.jpg,sunlamp,2,16523,2,16736,0.372342,-0.0286417,0.916533,-0.143208,28.5095
sunlamp/images/img000540.jpg,sunlamp,3,25104,3,07727,-0.152499,-0.0304997,-0.152499,0.975991,28.5736
sunlamp/images/img000541.jpg,sunlamp,1,42407,0,62747,0.650627,-0.426974,0.548966,0.304981,79.3648
sunlamp/images/img000545.jpg,sunlamp,1,63443,1,63146,-0.181772,0.830959,0.493382,0.181772,20.5581
sunlamp/images/img000547.jpg,sunlamp,2,71605,0,70443,0.919555,0.0862083,0.0862083,0.373569,100.334
sunlamp/images/img000550.jpg,sunlamp,1,54127,0,44670,0.588669,-0.49669,-0.349522,0.533481,154.922
sunlamp/images/img000551.jpg,sunlamp,3,06260,3,04277,-0.55638,-0.378339,-0.200297,0.712167,37.8506
sunlamp/images/img000553.jpg,sunlamp,3,07113,3,17422,0.447523,-0.236924,-0.184274,0.842397,62.936
sunlamp/images/img000554.jpg,sunlamp,3,21655,3,21742,-0.177514,0.278951,-0.481824,0.811493,11.9344
sunlamp/images/img000557.jpg,sunlamp,3,70315,3,17422,0.447523,-0.236924,-0.184274,0.842397,65.8056
sunlamp/images/img000559.jpg,sunlamp,3,00713,3,03376,-0.0736543,-0.0245514,-0.613786,0.785646,61.7489
sunlamp/images/img000561.jpg,sunlamp,2,55462,0,42727,0.80327,-0.527146,-0.0251022,0.276124,99.7902
sunlamp/images/img000563.jpg,sunlamp,0,25114,0,34017,0.904735,0.197911,0.0848189,-0.367549,35.1132
sunlamp/images/img000571.jpg,sunlamp,3,42127,3,42701,-0.525822,-0.175274,0.225352,0.801253,21.1801
sunlamp/images/img000573.jpg,sunlamp,3,43776,3,61453,-0.251263,0.0837545,0.362936,0.893381,22.0046
sunlamp/images/img000576.jpg,sunlamp,2,07731,2,07731,-0.0303869,-0.0911606,0.972379,-0.212708,1.07247
sunlamp/images/img000579.jpg,sunlamp,3,41574,0,14740,0.789462,0.222036,-0.567426,-0.0740121,127.375
sunlamp/images/img000581.jpg,sunlamp,2,43762,2,61555,-0.028273,0.028273,0.904735,0.424094,22.6433
sunlamp/images/img000582.jpg,sunlamp,0,65127,0,25520,0.944862,-0.206689,0.147635,-0.206689,85.9085
sunlamp/images/img000583.jpg,sunlamp,1,40356,2,17601,0.493382,-0.181772,0.830959,-0.181772,76.7533
sunlamp/images/img000584.jpg,sunlamp,1,50002,3,34170,0.355266,0.136641,-0.300609,0.8745,140.106
sunlamp/images/img000586.jpg,sunlamp,1,15066,1,16721,0.317146,0.922608,-0.0864945,-0.20182,58.9596
sunlamp/images/img000587.jpg,sunlamp,0,71770,1,47437,-0.205664,0.73125,-0.205664,0.616992,127.444
sunlamp/images/img000598.jpg,sunlamp,0,60464,1,00263,-0.540102,0.595974,-0.316611,-0.502853,36.8734
sunlamp/images/img000599.jpg,sunlamp,2,50251,2,50200,0.0253592,-0.583261,0.811493,0.0253592,21.1331
sunlamp/images/img000601.jpg,sunlamp,2,25525,2,25523,-0.147635,0.206689,0.944862,-0.206689,12.0825
sunlamp/images/img000602.jpg,sunlamp,2,64544,0,76100,0.780024,0.219382,0.414388,0.414388,162.029
sunlamp/images/img000606.jpg,sunlamp,1,47355,1,47524,-0.159628,0.729727,-0.250844,0.615707,21.0987
sunlamp/images/img000608.jpg,sunlamp,2,04266,1,37171,0.614253,0.634068,0.416107,-0.217961,144.789
sunlamp/images/img000611.jpg,sunlamp,1,32346,1,37061,0.430597,0.725215,0.475923,-0.249293,43.4157
sunlamp/images/img000613.jpg,sunlamp,0,07420,0,07726,0.965275,-0.211154,-0.0301648,-0.150824,39.1828
sunlamp/images/img000616.jpg,sunlamp,0,47652,0,16574,0.882444,0.358493,-0.30334,-0.0275764,111.716
sunlamp/images/img000620.jpg,sunlamp,1,13576,2,00631,-0.496145,-0.37707,0.635066,-0.456453,116.846
sunlamp/images/img000633.jpg,sunlamp,0,21610,0,20754,0.763856,-0.453539,0.214834,-0.405798,26.894
sunlamp/images/img000647.jpg,sunlamp,2,34532,0,37744,0.670902,0.524142,0.524142,-0.0209657,68.2988
sunlamp/images/img000648.jpg,sunlamp,1,27056,1,27051,-0.231226,0.822136,0.43676,-0.282609,9.42171
sunlamp/images/img000654.jpg,sunlamp,3,14753,0,17002,0.774521,0.411464,-0.314649,-0.363057,158.33
sunlamp/images/img000662.jpg,sunlamp,1,36624,1,27635,-0.202721,0.720787,0.653213,-0.112623,24.6833
sunlamp/images/img000668.jpg,sunlamp,2,23772,1,27301,-0.114738,0.734324,0.57369,-0.344214,16.0262
sunlamp/images/img000682.jpg,sunlamp,2,70631,2,36074,0.126148,0.529823,0.80735,-0.227067,56.3399
sunlamp/images/img000690.jpg,sunlamp,2,27164,2,27541,-0.136234,0.463196,0.871899,-0.0817405,20.2619
sunlamp/images/img000691.jpg,sunlamp,3,30165,0,43233,0.961781,-0.270501,-0.0300557,0.0300557,149.826
sunlamp/images/img000692.jpg,sunlamp,2,15360,2,15325,0.565081,-0.39765,0.669726,-0.272076,7.22452
sunlamp/images/img000694.jpg,sunlamp,0,16310,0,16474,0.935129,0.146114,-0.321451,-0.0292228,52.2655
sunlamp/images/img000695.jpg,sunlamp,1,25170,1,25142,-0.20182,0.922608,0.0864945,-0.317146,14.3589
sunlamp/images/img000696.jpg,sunlamp,0,41132,0,14557,0.699798,0.328031,-0.634192,-0.0218687,45.6359
sunlamp/images/img000699.jpg,sunlamp,0,33262,3,53003,0.481824,-0.329669,0.0253592,0.811493,155.64
sunlamp/images/img000700.jpg,sunlamp,3,17640,3,52255,0.204559,-0.204559,0.204559,0.935129,43.1611
sunlamp/images/img000701.jpg,sunlamp,3,72137,1,72142,0.233079,0.828726,0.492056,0.129488,95.1455
sunlamp/images/img000702.jpg,sunlamp,2,42367,3,52746,0.244497,-0.135831,0.407494,0.869321,139.462
sunlamp/images/img000708.jpg,sunlamp,1,32422,1,27331,-0.0218687,0.699798,0.634192,-0.328031,24.1989
sunlamp/images/img000709.jpg,sunlamp,3,25673,3,25305,-0.138728,0.249711,-0.360694,0.887862,40.6852
sunlamp/images/img000711.jpg,sunlamp,2,32043,1,30742,0.22592,0.80327,0.276124,-0.476942,70.8135
sunlamp/images/img000712.jpg,sunlamp,1,16344,1,16722,0.26482,0.941584,-0.0294245,-0.205971,18.2244
sunlamp/images/img000715.jpg,sunlamp,3,52510,2,14521,0.250844,-0.615707,0.729727,-0.159628,137.363
sunlamp/images/img000716.jpg,sunlamp,3,25425,3,25641,-0.362936,0.251263,-0.0837545,0.893381,16.2308
sunlamp/images/img000719.jpg,sunlamp,3,61102,3,21557,-0.0274929,0.0824786,-0.467379,0.879772,65.0188
sunlamp/images/img000721.jpg,sunlamp,3,20453,3,34037,0.194821,0.194821,-0.36181,0.890609,93.1812
sunlamp/images/img000722.jpg,sunlamp,3,23101,2,74352,0.310316,0.262575,0.763856,0.50128,167.17
sunlamp/images/img000723.jpg,sunlamp,2,07525,2,07555,-0.028273,-0.424094,0.904735,-0.028273,20.1149
sunlamp/images/img000727.jpg,sunlamp,1,56221,3,15265,0.444513,-0.444513,-0.210559,0.748653,178.081
sunlamp/images/img000731.jpg,sunlamp,0,50673,2,52433,0.199189,-0.2561,0.910577,0.2561,159.366
sunlamp/images/img000735.jpg,sunlamp,0,66060,3,63524,-0.173117,0.51935,0.272041,0.791391,179.879
sunlamp/images/img000738.jpg,sunlamp,1,13171,1,53004,0.432219,0.813589,-0.38137,0.0762739,75.6649
sunlamp/images/img000741.jpg,sunlamp,3,24734,3,25671,-0.251263,0.362936,-0.0837545,0.893381,28.5412
sunlamp/images/img000742.jpg,sunlamp,2,13062,1,71460,0.437917,0.824315,0.128799,0.334878,169.091
sunlamp/images/img000746.jpg,sunlamp,3,07753,0,52205,0.968808,0.0908257,-0.211927,0.0908257,174.583
sunlamp/images/img000749.jpg,sunlamp,2,73267,2,16723,0.318206,-0.0289278,0.925691,-0.202495,93.9189
sunlamp/images/img000756.jpg,sunlamp,3,04232,3,50276,0.134255,-0.456468,0.187958,0.859235,103.965
sunlamp/images/img000758.jpg,sunlamp,1,30447,2,30451,0.184787,0.0263982,0.844742,-0.501565,139.718
sunlamp/images/img000761.jpg,sunlamp,2,57421,2,65031,-0.238919,0.132733,0.849491,0.451292,92.4232
sunlamp/images/img000762.jpg,sunlamp,2,30706,2,34211,0.188502,0.24236,0.861723,-0.403933,16.5246
sunlamp/images/img000764.jpg,sunlamp,0,24713,0,24771,0.828726,-0.440261,0.33667,-0.0776931,11.3673
sunlamp/images/img000771.jpg,sunlamp,2,72611,2,72016,0.132733,0.504385,0.849491,0.0796398,19.4305
sunlamp/images/img000772.jpg,sunlamp,1,52226,1,52223,0.0932505,0.994672,-0.0310835,0.0310835,11.4021
sunlamp/images/img000777.jpg,sunlamp,1,60246,0,76150,0.729727,0.296452,0.387667,0.478883,166.814
sunlamp/images/img000784.jpg,sunlamp,1,43572,3,47111,-0.0254906,-0.38236,0.433341,0.8157,163.711
sunlamp/images/img000785.jpg,sunlamp,2,07751,2,36054,0.132733,0.451292,0.849491,-0.238919,82.1875
sunlamp/images/img000787.jpg,sunlamp,3,35617,3,35563,0.63446,0.16449,-0.0704956,0.751953,17.7472
sunlamp/images/img000795.jpg,sunlamp,1,74357,0,75043,0.74702,0.443543,0.0700331,0.490232,60.0628
sunlamp/images/img000804.jpg,sunlamp,1,02054,0,07660,0.899004,-0.421408,-0.0842816,-0.0842816,94.4834
sunlamp/images/img000805.jpg,sunlamp,0,34716,0,34770,0.864234,0.351095,0.351095,-0.0810219,12.2952
sunlamp/images/img000807.jpg,sunlamp,0,17154,3,74170,0.319169,0.122757,0.51558,0.785646,176.195
sunlamp/images/img000808.jpg,sunlamp,1,25265,1,25472,-0.317146,0.922608,0.20182,-0.0864945,24.5496
sunlamp/images/img000809.jpg,sunlamp,2,17135,3,47621,-0.30414,-0.0701862,0.584885,0.748653,178.921
sunlamp/images/img000810.jpg,sunlamp,2,72360,2,12674,0.136234,-0.0817405,0.871899,-0.463196,114.742
sunlamp/images/img000812.jpg,sunlamp,3,14152,0,14777,0.8157,0.38236,-0.433341,-0.0254906,171.792
sunlamp/images/img000822.jpg,sunlamp,2,07524,2,07657,-0.267615,-0.148675,0.951522,-0.0297351,22.8507
sunlamp/images/img000825.jpg,sunlamp,2,62443,2,47242,-0.362209,-0.120736,0.772712,0.507093,72.8504
sunlamp/images/img000829.jpg,sunlamp,3,71400,3,70073,0.206689,0.206689,0.147635,0.944862,36.1259
sunlamp/images/img000830.jpg,sunlamp,1,63302,1,63341,-0.121303,0.776342,0.606517,0.121303,13.8696
sunlamp/images/img000831.jpg,sunlamp,2,50213,1,16621,0.0908257,0.968808,-0.0908257,-0.211927,108.773
sunlamp/images/img000832.jpg,sunlamp,1,34425,1,70221,0.0864945,0.922608,0.374809,0.0288315,32.6996
sunlamp/images/img000834.jpg,sunlamp,3,43552,3,17707,0.635866,-0.117753,-0.117753,0.753619,105.412
sunlamp/images/img000837.jpg,sunlamp,0,27553,0,27534,0.826512,-0.0774855,0.542398,-0.129142,12.2242
sunlamp/images/img000843.jpg,sunlamp,2,54516,2,56404,0.022479,-0.337185,0.719328,0.606933,39.3299
sunlamp/images/img000844.jpg,sunlamp,2,16563,2,17426,0.451292,-0.238919,0.849491,-0.132733,17.7858
sunlamp/images/img000847.jpg,sunlamp,2,40037,1,16041,0.0807866,0.861723,-0.403933,-0.296217,76.2147
sunlamp/images/img000854.jpg,sunlamp,0,16627,1,36440,0.0274929,0.879772,0.467379,-0.0824786,170.225
sunlamp/images/img000855.jpg,sunlamp,2,25023,2,27000,-0.357244,0.404877,0.762121,-0.357244,28.2651
sunlamp/images/img000856.jpg,sunlamp,0,50151,2,06063,-0.637864,-0.197958,0.703849,-0.241948,19.7972
sunlamp/images/img000857.jpg,sunlamp,3,60753,0,30744,0.833209,0.23434,0.23434,-0.442642,110.2
sunlamp/images/img000858.jpg,sunlamp,2,12324,1,65555,-0.0224337,0.717879,0.0224337,0.695445,123.609
sunlamp/images/img000860.jpg,sunlamp,0,32151,0,52324,0.954905,0.268567,-0.0895223,0.0895223,100.383
sunlamp/images/img000864.jpg,sunlamp,1,43763,2,53140,0.57369,-0.344214,0.734324,0.114738,133.855
sunlamp/images/img000866.jpg,sunlamp,0,57220,3,52251,0.206689,-0.206689,0.147635,0.944862,124.971
sunlamp/images/img000871.jpg,sunlamp,0,40727,0,05050,0.678094,-0.233095,-0.656904,-0.233095,74.4806
sunlamp/images/img000872.jpg,sunlamp,1,13034,1,16354,0.357407,0.879772,-0.19245,-0.247436,48.1676
sunlamp/images/img000873.jpg,sunlamp,1,34433,1,34435,0.208885,0.954905,0.149204,-0.149204,11.7428
sunlamp/images/img000874.jpg,sunlamp,1,10742,1,12442,0.0253592,0.811493,-0.329669,-0.481824,30.026
sunlamp/images/img000875.jpg,sunlamp,2,15167,3,70663,0.0794162,0.397081,0.344137,0.847106,170.097
sunlamp/images/img000876.jpg,sunlamp,1,25672,1,25760,-0.197911,0.904735,0.367549,-0.0848189,12.1004
sunlamp/images/img000879.jpg,sunlamp,0,32675,3,22132,-0.354352,0.428952,-0.578153,0.596803,85.9164
sunlamp/images/img000880.jpg,sunlamp,2,34524,2,34463,0.0908257,0.211927,0.968808,-0.0908257,21.7358
sunlamp/images/img000881.jpg,sunlamp,2,51040,1,07727,-0.152499,0.975991,-0.0304997,-0.152499,87.3711
sunlamp/images/img000883.jpg,sunlamp,0,53474,0,43131,0.944862,-0.0295269,-0.324796,0.0295269,74.728
sunlamp/images/img000884.jpg,sunlamp,3,71052,3,15673,0.534595,-0.395135,-0.0697297,0.743784,57.7967
sunlamp/images/img000886.jpg,sunlamp,2,50312,2,14671,0.184274,-0.500173,0.842397,-0.0789747,22.0347
sunlamp/images/img000888.jpg,sunlamp,0,66506,3,62121,-0.480888,0.480888,0.0228994,0.732782,167.329
sunlamp/images/img000889.jpg,sunlamp,1,16551,1,75510,0.581047,0.641155,0.0200361,0.500902,87.3136
sunlamp/images/img000891.jpg,sunlamp,2,57205,2,25666,-0.390567,0.390567,0.833209,-0.0260378,137.573
sunlamp/images/img000892.jpg,sunlamp,1,25501,0,27246,0.705215,-0.33057,0.595026,-0.198342,137.966
sunlamp/images/img000895.jpg,sunlamp,0,65445,0,07773,0.994672,-0.0310835,-0.0310835,-0.0932505,102.026
sunlamp/images/img000898.jpg,sunlamp,0,05427,0,42252,0.753619,-0.635866,-0.117753,0.117753,75.7022
sunlamp/images/img000899.jpg,sunlamp,2,17423,0,16445,0.901856,0.084549,-0.422745,-0.028183,172.337
sunlamp/images/img000910.jpg,sunlamp,0,43020,3,43750,-0.0848189,-0.197911,0.367549,0.904735,168.602
sunlamp/images/img000915.jpg,sunlamp,1,42273,1,63443,-0.313185,0.770916,0.457732,0.313185,69.7796
sunlamp/images/img000920.jpg,sunlamp,2,01675,2,01727,-0.118545,-0.403052,0.758686,-0.497888,15.8914
sunlamp/images/img000921.jpg,sunlamp,2,56132,2,53146,0.578586,-0.300865,0.74059,0.162004,46.6942
sunlamp/images/img000924.jpg,sunlamp,0,16563,3,34034,0.141819,0.141819,-0.368729,0.907642,155.66
sunlamp/images/img000926.jpg,sunlamp,2,61136,2,24155,-0.455158,0.026774,0.856767,-0.240966,61.972
sunlamp/images/img000928.jpg,sunlamp,0,44633,2,15520,0.507464,-0.548061,0.649554,-0.14209,145.127
sunlamp/images/img000935.jpg,sunlamp,3,25357,2,16674,0.153646,-0.0921878,0.983336,-0.0307293,145.548
sunlamp/images/img000939.jpg,sunlamp,1,52020,3,52071,0.200492,-0.315058,0.143208,0.916533,143.488
sunlamp/images/img000940.jpg,sunlamp,0,02165,1,62141,-0.497888,0.758686,0.403052,0.118545,68.5437
sunlamp/images/img000941.jpg,sunlamp,3,25531,1,70021,0.0921878,0.983336,0.153646,0.0307293,161.444
sunlamp/images/img000945.jpg,sunlamp,3,24310,1,25671,-0.251263,0.893381,0.362936,-0.0837545,166.3
sunlamp/images/img000948.jpg,sunlamp,1,01346,0,42773,0.830959,-0.441447,-0.0259675,0.337577,104.602
sunlamp/images/img000957.jpg,sunlamp,2,42213,1,43054,-0.292013,0.849491,-0.398199,0.185826,154.38
sunlamp/images/img000959.jpg,sunlamp,0,70074,0,70035,0.961781,0.21039,0.150278,0.090167,14.7073
sunlamp/images/img000963.jpg,sunlamp,0,65112,0,74033,0.851896,0.186352,0.186352,0.45257,35.6918
sunlamp/images/img000965.jpg,sunlamp,2,53240,2,53176,0.649272,-0.201498,0.716438,0.156721,26.8988
sunlamp/images/img000966.jpg,sunlamp,2,10653,1,12747,0.287982,0.837765,-0.130901,-0.445063,148.506
sunlamp/images/img000967.jpg,sunlamp,2,52363,2,16767,0.324796,-0.0295269,0.944862,-0.0295269,23.1949
sunlamp/images/img000968.jpg,sunlamp,1,03123,0,72475,0.767362,0.16786,0.503581,0.359701,144.244
sunlamp/images/img000969.jpg,sunlamp,0,61510,0,70416,0.931951,0.145617,0.0873704,0.320358,27.0926
sunlamp/images/img000970.jpg,sunlamp,1,76620,2,76260,0.0208198,0.603774,0.666233,0.437215,14.872
sunlamp/images/img000971.jpg,sunlamp,0,61607,2,07733,-0.0304997,-0.0304997,0.975991,-0.213498,158.404
sunlamp/images/img000973.jpg,sunlamp,3,61117,3,03373,-0.0238705,-0.0238705,-0.644503,0.763856,90.5859
sunlamp/images/img000974.jpg,sunlamp,0,62776,1,64410,-0.553562,0.656074,0.0205023,0.512558,129.49
sunlamp/images/img000977.jpg,sunlamp,1,16605,1,16652,0.151934,0.972379,-0.151934,-0.0911606,10.7519
sunlamp/images/img000985.jpg,sunlamp,3,71201,3,75041,0.444513,0.0233954,0.491304,0.748653,63.012
sunlamp/images/img000986.jpg,sunlamp,0,03670,2,27114,-0.0776931,0.440261,0.828726,-0.33667,171.768
sunlamp/images/img000987.jpg,sunlamp,0,73154,1,14374,0.321503,0.791391,-0.469888,-0.222579,118.911
sunlamp/images/img000988.jpg,sunlamp,3,06332,3,07170,-0.0840168,-0.308062,-0.308062,0.896179,56.5942
sunlamp/images/img000998.jpg,sunlamp,2,65310,2,65175,-0.0251657,0.125828,0.805302,0.578811,22.8173
sunlamp/images/img001009.jpg,sunlamp,0,34611,1,36440,0.0274929,0.879772,0.467379,-0.0824786,140.929
sunlamp/images/img001010.jpg,sunlamp,3,52246,2,53204,0.459124,-0.189051,0.864234,0.0810219,144.542
sunlamp/images/img001011.jpg,sunlamp,0,43654,2,15076,0.450702,-0.53655,0.686784,-0.193158,142.842
sunlamp/images/img001017.jpg,sunlamp,3,12160,2,03016,-0.236957,-0.28004,0.689329,-0.624704,63.6552
sunlamp/images/img001019.jpg,sunlamp,0,50247,2,53026,0.453858,-0.240278,0.854321,0.0800926,170.165
sunlamp/images/img001022.jpg,sunlamp,2,52165,2,52433,0.199189,-0.2561,0.910577,0.2561,13.7969
sunlamp/images/img001027.jpg,sunlamp,1,34750,1,70170,0.368729,0.907642,0.141819,0.141819,29.8488
sunlamp/images/img001031.jpg,sunlamp,0,43637,0,72050,0.866766,0.135432,0.46047,0.135432,76.2176
sunlamp/images/img001032.jpg,sunlamp,0,34407,1,36460,0.0260378,0.833209,0.546793,-0.0781133,159.921
sunlamp/images/img001039.jpg,sunlamp,1,17775,0,70144,0.941584,0.26482,0.0294245,0.205971,66.7692
sunlamp/images/img001040.jpg,sunlamp,1,25540,0,50240,0.805302,0.0251657,-0.578811,0.125828,162.668
sunlamp/images/img001041.jpg,sunlamp,0,61236,1,34152,0.357407,0.879772,0.0824786,-0.302422,174.07
sunlamp/images/img001045.jpg,sunlamp,2,25326,2,25344,-0.199189,0.2561,0.910577,-0.2561,18.1577
sunlamp/images/img001048.jpg,sunlamp,2,03705,2,07437,-0.258625,-0.258625,0.919555,-0.143681,49.0523
sunlamp/images/img001049.jpg,sunlamp,2,46515,2,44540,-0.397083,-0.535199,0.552464,0.50067,29.7964
sunlamp/images/img001051.jpg,sunlamp,1,07063,1,07411,-0.24236,0.861723,-0.403933,-0.188502,29.7768
sunlamp/images/img001052.jpg,sunlamp,3,53313,3,13667,0.464244,-0.0244339,-0.415376,0.781884,55.9223
sunlamp/images/img001053.jpg,sunlamp,0,70314,3,16222,0.028273,-0.028273,-0.424094,0.904735,179.55
sunlamp/images/img001056.jpg,sunlamp,1,65670,1,64315,-0.405798,0.763856,0.214834,0.453539,29.9553
sunlamp/images/img001060.jpg,sunlamp,2,05752,2,47716,-0.0709674,-0.118279,0.756986,0.638707,100.84
sunlamp/images/img001067.jpg,sunlamp,1,61020,1,61074,-0.315058,0.916533,0.143208,0.200492,25.6566
sunlamp/images/img001069.jpg,sunlamp,0,71133,1,71104,0.613786,0.785646,0.0245514,0.0736543,22.481
sunlamp/images/img001073.jpg,sunlamp,1,40353,2,52127,0.313011,-0.2561,0.910577,0.0853666,79.9412
sunlamp/images/img001075.jpg,sunlamp,1,36252,3,36005,0.0776931,0.440261,-0.33667,0.828726,170.942
sunlamp/images/img001076.jpg,sunlamp,2,43277,1,05562,-0.169426,0.774521,-0.605095,-0.0726113,108.447
sunlamp/images/img001079.jpg,sunlamp,3,50367,3,50274,0.130901,-0.497423,0.183261,0.837765,16.3016
sunlamp/images/img001080.jpg,sunlamp,0,07564,1,54407,0.0588009,0.62721,-0.568409,0.529208,167.573
sunlamp/images/img001082.jpg,sunlamp,1,25547,3,13740,0.55095,-0.154266,-0.418722,0.705215,149.759
sunlamp/images/img001083.jpg,sunlamp,0,53401,0,52407,0.879772,0.0824786,-0.357407,0.302422,44.8192
sunlamp/images/img001087.jpg,sunlamp,1,43147,3,07601,-0.36181,-0.194821,-0.194821,0.890609,164.26
sunlamp/images/img001095.jpg,sunlamp,3,23775,1,43227,-0.374809,0.922608,-0.0288315,0.0864945,98.0932
sunlamp/images/img001096.jpg,sunlamp,1,43663,2,76020,0.0238705,0.50128,0.763856,0.405798,113.971
sunlamp/images/img001097.jpg,sunlamp,2,53027,1,16611,0.204559,0.935129,-0.204559,-0.204559,142.921
sunlamp/images/img001100.jpg,sunlamp,2,60607,2,16406,0.0286417,-0.372342,0.916533,-0.143208,120.854
sunlamp/images/img001108.jpg,sunlamp,1,22743,3,72024,0.0260378,0.546793,0.0781133,0.833209,174.058
sunlamp/images/img001111.jpg,sunlamp,1,32410,1,17062,0.43676,0.822136,-0.231226,-0.282609,87.917
sunlamp/images/img001113.jpg,sunlamp,2,21540,3,31446,0.423547,0.0747435,-0.423547,0.797264,66.2298
sunlamp/images/img001118.jpg,sunlamp,1,71220,1,34753,0.403933,0.861723,0.296217,-0.0807866,17.7798
sunlamp/images/img001120.jpg,sunlamp,2,53503,0,67107,0.760398,-0.118812,0.451486,0.451486,49.7126
sunlamp/images/img001122.jpg,sunlamp,0,25653,0,70667,0.830959,0.0779024,0.389512,0.389512,72.5746
sunlamp/images/img001124.jpg,sunlamp,3,34767,3,07701,-0.147635,-0.206689,-0.206689,0.944862,91.4343
sunlamp/images/img001134.jpg,sunlamp,0,31620,2,72567,0.252424,0.527795,0.734324,0.344214,132.113
sunlamp/images/img001135.jpg,sunlamp,2,71450,0,06771,0.877124,-0.465972,-0.0822304,-0.0822304,140.081
sunlamp/images/img001137.jpg,sunlamp,0,66044,3,42524,-0.54287,-0.259633,0.259633,0.755297,153.283
sunlamp/images/img001138.jpg,sunlamp,3,41750,3,45375,-0.0228515,-0.434179,0.525586,0.73125,28.3941
sunlamp/images/img001139.jpg,sunlamp,3,74176,1,74612,0.118015,0.755297,0.259633,0.590076,84.3672
sunlamp/images/img001144.jpg,sunlamp,2,72262,2,52224,0.0309641,-0.0928922,0.99085,0.0928922,99.1485
sunlamp/images/img001145.jpg,sunlamp,0,41462,0,16420,0.925691,0.0289278,-0.318206,-0.202495,82.1309
sunlamp/images/img001151.jpg,sunlamp,1,65017,1,76061,0.0685546,0.73125,0.479882,0.479882,56.4932
sunlamp/images/img001154.jpg,sunlamp,2,41542,1,07572,-0.0895223,0.954905,-0.268567,-0.0895223,72.2098
sunlamp/images/img001155.jpg,sunlamp,3,34470,1,03576,-0.0800926,0.854321,-0.240278,-0.453858,145.866
sunlamp/images/img001159.jpg,sunlamp,1,25527,1,25754,-0.0898429,0.958324,0.269529,-0.0299476,17.3333
sunlamp/images/img001160.jpg,sunlamp,1,22432,3,43650,-0.297951,-0.189605,0.352124,0.866766,158.516
sunlamp/images/img001164.jpg,sunlamp,0,45732,0,16744,0.941584,0.26482,-0.205971,-0.0294245,84.7149
sunlamp/images/img001166.jpg,sunlamp,3,50706,0,42523,0.793334,-0.520626,-0.223125,0.223125,114.091
sunlamp/images/img001170.jpg,sunlamp,0,16274,0,07364,0.93834,-0.205262,-0.0879694,-0.263908,41.5929
sunlamp/images/img001171.jpg,sunlamp,0,62675,2,63050,-0.287982,0.445063,0.837765,0.130901,166.02
sunlamp/images/img001172.jpg,sunlamp,0,76404,0,76407,0.694504,0.0651098,0.412362,0.585988,7.93246
sunlamp/images/img001173.jpg,sunlamp,3,06111,3,32641,0.0667657,0.55638,-0.422849,0.712167,122.079
sunlamp/images/img001180.jpg,sunlamp,3,45314,3,50707,0.266242,-0.508279,0.266242,0.774521,44.8896
sunlamp/images/img001183.jpg,sunlamp,2,60612,3,52601,0.0879694,-0.205262,0.263908,0.93834,149.315
sunlamp/images/img001188.jpg,sunlamp,1,50061,3,34174,0.360694,0.138728,-0.249711,0.887862,133.278
sunlamp/images/img001189.jpg,sunlamp,0,57605,3,06333,-0.433341,-0.0254906,-0.38236,0.8157,155.131
sunlamp/images/img001192.jpg,sunlamp,3,05303,2,07612,-0.315058,-0.143208,0.916533,-0.200492,134.225
sunlamp/images/img001193.jpg,sunlamp,3,16022,1,30764,0.227648,0.809414,0.328824,-0.430001,91.8248
sunlamp/images/img001194.jpg,sunlamp,3,70410,2,50233,0.189605,-0.46047,0.866766,0.0270864,149.223
sunlamp/images/img001195.jpg,sunlamp,1,63407,0,76000,0.799251,0.0249766,0.424602,0.424602,170.388
sunlamp/images/img001197.jpg,sunlamp,0,61043,0,60553,0.828726,-0.440261,0.0776931,0.33667,24.9809
sunlamp/images/img001198.jpg,sunlamp,1,42120,1,42117,-0.440261,0.828726,-0.33667,0.0776931,19.0317
sunlamp/images/img001204.jpg,sunlamp,1,34377,1,35405,0.505813,0.851896,0.0266217,-0.133109,45.1952
sunlamp/images/img001207.jpg,sunlamp,1,74127,2,34353,0.388465,0.284875,0.828726,-0.284875,139.781
sunlamp/images/img001208.jpg,sunlamp,1,03775,3,17407,0.478148,-0.327154,-0.125828,0.805302,97.9884
sunlamp/images/img001209.jpg,sunlamp,3,35404,3,17604,0.456468,-0.187958,-0.134255,0.859235,23.239
sunlamp/images/img001213.jpg,sunlamp,0,23465,0,76100,0.780024,0.219382,0.414388,0.414388,112.687
sunlamp/images/img001216.jpg,sunlamp,1,02653,2,52004,0.028183,-0.422745,0.901856,0.084549,126.765
sunlamp/images/img001218.jpg,sunlamp,1,16337,2,27522,-0.172276,0.566049,0.787547,-0.172276,127.713
sunlamp/images/img001219.jpg,sunlamp,2,20112,0,16655,0.954905,0.208885,-0.208885,-0.0298408,124.692
sunlamp/images/img001220.jpg,sunlamp,0,56024,3,52304,0.263908,-0.205262,0.0879694,0.93834,100.797
sunlamp/images/img001223.jpg,sunlamp,1,21746,2,72420,0.0254246,0.533917,0.813589,0.228822,110.232
sunlamp/images/img001224.jpg,sunlamp,2,37610,2,37261,0.39219,0.598607,0.660531,-0.227058,13.6343
sunlamp/images/img001225.jpg,sunlamp,2,70200,2,74141,0.276124,0.0251022,0.80327,0.527146,69.6978
sunlamp/images/img001227.jpg,sunlamp,3,34024,3,16276,0.148675,-0.0297351,-0.267615,0.951522,28.5659
sunlamp/images/img001229.jpg,sunlamp,2,52624,2,52247,0.090167,-0.150278,0.961781,0.21039,18.4181
sunlamp/images/img001230.jpg,sunlamp,0,32017,0,70035,0.961781,0.21039,0.150278,0.090167,93.0115
sunlamp/images/img001231.jpg,sunlamp,1,43506,1,71466,0.426737,0.80327,0.175715,0.376533,93.8342
sunlamp/images/img001232.jpg,sunlamp,2,15540,2,14551,0.318429,-0.658087,0.679315,-0.0636858,21.961
sunlamp/images/img001233.jpg,sunlamp,2,40556,0,70423,0.93834,0.0879694,0.205262,0.263908,158.583
sunlamp/images/img001234.jpg,sunlamp,3,06724,1,42371,-0.463196,0.871899,-0.0817405,0.136234,140.219
sunlamp/images/img001238.jpg,sunlamp,2,67265,2,56162,0.223125,-0.223125,0.793334,0.520626,112.723
sunlamp/images/img001240.jpg,sunlamp,2,70213,2,07770,-0.092538,-0.092538,0.987072,-0.092538,59.7807
sunlamp/images/img001241.jpg,sunlamp,0,61354,0,61700,0.910577,-0.199189,0.2561,0.2561,16.103
sunlamp/images/img001243.jpg,sunlamp,0,50530,3,07043,-0.337577,-0.337577,-0.285642,0.830959,179.044
sunlamp/images/img001252.jpg,sunlamp,2,61452,0,52675,0.88514,0.193624,-0.0829819,0.41491,157.68
sunlamp/images/img001255.jpg,sunlamp,3,44353,1,14427,0.0731272,0.780024,-0.609394,-0.121879,87.1327
sunlamp/images/img001262.jpg,sunlamp,2,14177,2,10655,0.160973,-0.52891,0.735875,-0.390934,32.7138
sunlamp/images/img001264.jpg,sunlamp,1,55064,2,30000,0.0224337,0.0224337,0.717879,-0.695445,94.9444
sunlamp/images/img001267.jpg,sunlamp,3,16756,0,16476,0.951522,0.148675,-0.267615,-0.0297351,145.895
sunlamp/images/img001269.jpg,sunlamp,2,73055,2,44520,-0.426585,-0.500773,0.593509,0.463679,168.364
sunlamp/images/img001270.jpg,sunlamp,2,74474,3,72216,0.118279,0.638707,0.0709674,0.756986,96.4178
sunlamp/images/img001274.jpg,sunlamp,3,70032,3,36602,0.0235506,0.635866,-0.164854,0.753619,62.1638
sunlamp/images/img001277.jpg,sunlamp,2,24640,0,03555,0.8157,-0.0254906,-0.38236,-0.433341,75.3158
sunlamp/images/img001278.jpg,sunlamp,0,20212,2,53416,0.50128,-0.310316,0.763856,0.262575,126.517
sunlamp/images/img001279.jpg,sunlamp,0,05411,0,47145,0.753619,-0.117753,-0.353259,0.541664,91.7764
sunlamp/images/img001284.jpg,sunlamp,2,55436,2,05746,-0.179842,-0.539527,0.822136,-0.0256917,95.4308
sunlamp/images/img001286.jpg,sunlamp,2,65053,0,42507,0.763856,-0.50128,-0.310316,0.262575,139.867
sunlamp/images/img001287.jpg,sunlamp,1,72142,1,72010,0.136641,0.8745,0.464578,0.0273281,20.2655
sunlamp/images/img001288.jpg,sunlamp,1,66571,0,36604,0.781884,0.0244339,0.610847,-0.122169,174.226
sunlamp/images/img001291.jpg,sunlamp,2,27144,2,25347,-0.141365,0.311003,0.904735,-0.254457,16.6552
sunlamp/images/img001299.jpg,sunlamp,3,04561,3,16671,0.211927,-0.0908257,-0.0908257,0.968808,103.761
sunlamp/images/img001300.jpg,sunlamp,0,21734,0,21752,0.822136,-0.0770752,0.282609,-0.488143,7.65374
sunlamp/images/img001301.jpg,sunlamp,0,43514,2,16566,0.261226,-0.261226,0.928805,-0.0290252,166.152
sunlamp/images/img001303.jpg,sunlamp,1,32737,2,06137,-0.430001,-0.227648,0.809414,-0.328824,137.771
sunlamp/images/img001307.jpg,sunlamp,1,43707,0,43271,0.948174,-0.266674,-0.0888913,0.148152,144.576
sunlamp/images/img001308.jpg,sunlamp,2,32406,1,34152,0.357407,0.879772,0.0824786,-0.302422,106.809
sunlamp/images/img001311.jpg,sunlamp,0,27441,0,25631,0.879772,-0.247436,0.357407,-0.19245,21.7424
sunlamp/images/img001313.jpg,sunlamp,2,70771,2,71426,0.441447,0.181772,0.830959,0.285642,18.7833
sunlamp/images/img001316.jpg,sunlamp,3,30474,0,74160,0.80735,0.227067,0.126148,0.529823,115.091
sunlamp/images/img001318.jpg,sunlamp,1,70112,1,70530,0.360694,0.887862,0.138728,0.249711,23.8926
sunlamp/images/img001321.jpg,sunlamp,3,05512,2,14147,0.241948,-0.637864,0.703849,-0.197958,162.701
sunlamp/images/img001322.jpg,sunlamp,2,06277,2,27036,-0.25623,0.535754,0.745396,-0.302817,78.2754
sunlamp/images/img001323.jpg,sunlamp,2,31156,0,73513,0.649554,0.629255,0.385673,0.182687,110.651
sunlamp/images/img001324.jpg,sunlamp,1,27413,1,34146,0.260351,0.925691,0.0867835,-0.260351,73.9812
sunlamp/images/img001326.jpg,sunlamp,1,07205,1,06756,-0.505813,0.851896,-0.133109,-0.0266217,40.4317
sunlamp/images/img001327.jpg,sunlamp,1,43506,1,43154,-0.0829819,0.88514,-0.41491,0.193624,17.2118
sunlamp/images/img001329.jpg,sunlamp,1,05614,2,43371,-0.0307293,-0.0921878,0.983336,0.153646,103.057
sunlamp/images/img001330.jpg,sunlamp,3,53230,3,73023,0.434179,0.525586,0.0228515,0.73125,69.8644
sunlamp/images/img001331.jpg,sunlamp,3,43554,3,43711,-0.0294245,-0.205971,0.26482,0.941584,30.3064
sunlamp/images/img001336.jpg,sunlamp,1,74072,0,14437,0.770916,0.168638,-0.602279,-0.120456,175.073
sunlamp/images/img001338.jpg,sunlamp,1,27354,1,27701,-0.120456,0.770916,0.602279,-0.168638,7.9316
sunlamp/images/img001340.jpg,sunlamp,1,70123,1,70023,0.0911606,0.972379,0.212708,0.0303869,29.5394
sunlamp/images/img001343.jpg,sunlamp,3,52517,2,52436,0.141365,-0.254457,0.904735,0.311003,97.7975
sunlamp/images/img001344.jpg,sunlamp,3,53060,0,52065,0.922608,0.0864945,-0.317146,0.20182,120.16
sunlamp/images/img001349.jpg,sunlamp,2,61710,2,63050,-0.287982,0.445063,0.837765,0.130901,35.2723
sunlamp/images/img001354.jpg,sunlamp,0,67313,0,67160,0.72373,-0.158316,0.474948,0.474948,22.4954
sunlamp/images/img001355.jpg,sunlamp,1,01606,0,43326,0.972379,-0.212708,-0.0303869,0.0911606,121.361
sunlamp/images/img001361.jpg,sunlamp,0,53403,0,42526,0.763856,-0.549021,-0.214834,0.262575,125.834
sunlamp/images/img001363.jpg,sunlamp,2,36735,2,36675,0.159961,0.662695,0.73125,-0.0228515,19.0023
sunlamp/images/img001366.jpg,sunlamp,1,63407,0,76100,0.780024,0.219382,0.414388,0.414388,150.409
sunlamp/images/img001370.jpg,sunlamp,3,72016,3,27051,-0.231226,0.43676,-0.282609,0.822136,56.1518
sunlamp/images/img001371.jpg,sunlamp,2,25755,2,25770,-0.0862083,0.373569,0.919555,-0.0862083,15.8048
sunlamp/images/img001376.jpg,sunlamp,0,60777,0,24770,0.809414,-0.480589,0.328824,-0.0758825,52.0087
sunlamp/images/img001379.jpg,sunlamp,1,76201,1,76060,0.0228994,0.732782,0.480888,0.480888,15.2156
sunlamp/images/img001386.jpg,sunlamp,3,43630,3,71000,0.468798,0.0275764,0.0275764,0.882444,94.2148
sunlamp/images/img001390.jpg,sunlamp,1,65200,2,70656,0.13387,0.294514,0.856767,0.40161,113.671
sunlamp/images/img001392.jpg,sunlamp,0,43546,2,14376,0.328824,-0.430001,0.809414,-0.227648,179.761
sunlamp/images/img001394.jpg,sunlamp,3,02171,0,37544,0.72671,0.567742,0.386065,-0.0227097,100.921
sunlamp/images/img001395.jpg,sunlamp,0,61043,0,61054,0.925691,-0.318206,0.0289278,0.202495,13.0284
sunlamp/images/img001402.jpg,sunlamp,1,22771,3,70443,0.0862083,0.0862083,0.373569,0.919555,167.581
sunlamp/images/img001403.jpg,sunlamp,3,56002,3,54277,0.160973,-0.390934,0.52891,0.735875,22.5187
sunlamp/images/img001404.jpg,sunlamp,1,27066,1,27402,-0.368271,0.785646,0.466477,-0.17186,11.1707
sunlamp/images/img001408.jpg,sunlamp,2,77337,2,74420,0.0244339,0.122169,0.781884,0.610847,88.3109
sunlamp/images/img001413.jpg,sunlamp,1,03775,3,07171,-0.0280939,-0.309033,-0.309033,0.899004,98.1641
sunlamp/images/img001414.jpg,sunlamp,2,23254,1,53060,0.445063,0.837765,-0.287982,0.130901,171.187
sunlamp/images/img001417.jpg,sunlamp,3,60563,0,61171,0.975991,-0.0304997,0.152499,0.152499,139.652
sunlamp/images/img001418.jpg,sunlamp,0,32760,3,34242,0.0280939,0.309033,-0.309033,0.899004,126.819
sunlamp/images/img001419.jpg,sunlamp,1,60670,2,52674,0.139591,-0.0837545,0.893381,0.418772,152.132
sunlamp/images/img001424.jpg,sunlamp,0,17337,2,16425,0.0873704,-0.320358,0.931951,-0.145617,166.148
sunlamp/images/img001427.jpg,sunlamp,3,05265,3,05344,-0.17063,-0.560642,-0.219382,0.780024,17.1006
sunlamp/images/img001429.jpg,sunlamp,0,41603,0,16041,0.861723,0.0807866,-0.403933,-0.296217,77.7648
sunlamp/images/img001434.jpg,sunlamp,0,72300,0,72127,0.780024,0.268133,0.560642,0.0731272,10.832
sunlamp/images/img001438.jpg,sunlamp,1,16741,1,43314,-0.0908257,0.968808,-0.211927,0.0908257,53.1005
sunlamp/images/img001439.jpg,sunlamp,1,41516,1,07777,-0.0312043,0.998538,-0.0312043,-0.0312043,87.3472
sunlamp/images/img001445.jpg,sunlamp,2,17276,1,74353,0.352478,0.751953,0.258484,0.493469,150.05
sunlamp/images/img001448.jpg,sunlamp,1,17147,1,70564,0.244497,0.869321,0.135831,0.407494,99.2854
sunlamp/images/img001449.jpg,sunlamp,1,20512,0,16003,0.847106,0.0794162,-0.344137,-0.397081,167.307
sunlamp/images/img001452.jpg,sunlamp,3,06373,3,07743,-0.151934,-0.151934,-0.0911606,0.972379,47.6188
sunlamp/images/img001455.jpg,sunlamp,1,54060,2,10555,0.30006,-0.620124,0.640128,-0.340068,40.6188
sunlamp/images/img001457.jpg,sunlamp,3,52712,3,52526,0.248946,-0.248946,0.304267,0.88514,21.6806
sunlamp/images/img001458.jpg,sunlamp,0,62542,3,46252,-0.573172,-0.106143,0.445801,0.679315,175.899
sunlamp/images/img001459.jpg,sunlamp,2,37021,2,30570,0.327154,0.125828,0.805302,-0.478148,44.5585
sunlamp/images/img001462.jpg,sunlamp,2,70614,0,65172,0.819974,-0.0768726,0.179369,0.538108,131.175
sunlamp/images/img001463.jpg,sunlamp,0,34054,0,61035,0.948174,-0.266674,0.148152,0.0888913,68.2411
sunlamp/images/img001464.jpg,sunlamp,1,06275,0,50600,0.791391,0.024731,-0.568812,0.222579,125.029
sunlamp/images/img001465.jpg,sunlamp,1,53307,1,53366,0.606517,0.776342,-0.0242607,0.169825,15.1017
sunlamp/images/img001466.jpg,sunlamp,3,13427,2,52212,0.152499,-0.152499,0.975991,0.0304997,139.453
sunlamp/images/img001473.jpg,sunlamp,2,45644,3,06557,-0.441447,-0.337577,-0.0259675,0.830959,83.1267
sunlamp/images/img001476.jpg,sunlamp,0,61213,0,27257,0.73125,-0.205664,0.616992,-0.205664,49.4092
sunlamp/images/img001478.jpg,sunlamp,3,74040,3,74004,0.0268511,0.0268511,0.510171,0.859235,4.98899
sunlamp/images/img001482.jpg,sunlamp,0,74037,2,50176,0.300865,-0.578586,0.74059,0.162004,137.112
sunlamp/images/img001483.jpg,sunlamp,0,61225,1,30066,0.0242607,0.776342,0.169825,-0.606517,154.511
sunlamp/images/img001484.jpg,sunlamp,0,43317,0,43316,0.979643,-0.0918415,-0.153069,0.0918415,7.65193
sunlamp/images/img001485.jpg,sunlamp,0,13054,0,12527,0.783758,0.269417,-0.220432,-0.514341,24.2745
sunlamp/images/img001486.jpg,sunlamp,2,05774,2,50204,0.0252942,-0.581766,0.809414,0.0758825,19.3259
sunlamp/images/img001488.jpg,sunlamp,1,12270,2,24517,-0.463196,0.0817405,0.871899,-0.136234,175.234
sunlamp/images/img001493.jpg,sunlamp,0,56656,3,61171,-0.0304997,0.152499,0.152499,0.975991,98.1264
sunlamp/images/img001498.jpg,sunlamp,0,71626,3,70604,0.0285481,0.256933,0.314029,0.91354,122.629
sunlamp/images/img001500.jpg,sunlamp,1,56220,0,06771,0.877124,-0.465972,-0.0822304,-0.0822304,130.854
sunlamp/images/img001503.jpg,sunlamp,3,41312,0,05757,0.835478,-0.0261087,-0.548282,-0.0261087,169.496
sunlamp/images/img001504.jpg,sunlamp,0,12566,0,10527,0.680543,0.233937,-0.531674,-0.446606,37.1882
sunlamp/images/img001505.jpg,sunlamp,1,10420,2,47037,-0.228822,-0.228822,0.813589,0.483068,63.734
sunlamp/images/img001507.jpg,sunlamp,0,06713,2,74107,0.282609,0.0770752,0.822136,0.488143,179.56
sunlamp/images/img001512.jpg,sunlamp,2,37642,2,17427,0.492056,-0.233079,0.828726,-0.129488,98.3916
sunlamp/images/img001515.jpg,sunlamp,0,17463,0,17607,0.844742,0.501565,-0.131991,-0.131991,12.5739
sunlamp/images/img001516.jpg,sunlamp,1,60443,1,63435,-0.220432,0.783758,0.514341,0.269417,72.0639
sunlamp/images/img001518.jpg,sunlamp,2,31157,3,22700,-0.442063,0.480503,-0.442063,0.615044,72.5988
sunlamp/images/img001521.jpg,sunlamp,1,56274,0,16431,0.907642,0.198547,-0.312002,-0.198547,156.954
sunlamp/images/img001522.jpg,sunlamp,0,05262,0,07330,0.899004,-0.0842816,-0.0842816,-0.421408,55.8352
sunlamp/images/img001528.jpg,sunlamp,1,27730,1,27747,-0.118545,0.758686,0.640141,-0.0237089,15.8572
sunlamp/images/img001529.jpg,sunlamp,2,22460,2,26023,-0.56667,0.449428,0.625291,-0.293105,8.73476
sunlamp/images/img001530.jpg,sunlamp,2,12470,3,47077,-0.217325,-0.217325,0.555387,0.772712,169.249
sunlamp/images/img001533.jpg,sunlamp,1,20533,1,03774,-0.0822304,0.877124,-0.0822304,-0.465972,50.8464
sunlamp/images/img001535.jpg,sunlamp,2,05223,2,01767,-0.123958,-0.421459,0.793334,-0.421459,24.7105
sunlamp/images/img001536.jpg,sunlamp,3,65171,3,65155,-0.0253592,0.0253592,0.583261,0.811493,16.4378
sunlamp/images/img001537.jpg,sunlamp,1,37045,1,34225,0.0810219,0.864234,0.351095,-0.351095,48.8442
sunlamp/images/img001539.jpg,sunlamp,0,17674,0,52214,0.961781,0.150278,-0.21039,0.090167,51.5741
sunlamp/images/img001541.jpg,sunlamp,2,13001,2,07620,-0.41491,-0.0829819,0.88514,-0.193624,112.61
sunlamp/images/img001542.jpg,sunlamp,1,43666,1,66125,-0.441056,0.672085,0.441056,0.39905,54.4611
sunlamp/images/img001545.jpg,sunlamp,3,44312,1,74054,0.125828,0.805302,0.0251657,0.578811,179.195
sunlamp/images/img001547.jpg,sunlamp,1,62043,0,22164,0.625291,-0.449428,0.410347,-0.488509,108.591
sunlamp/images/img001550.jpg,sunlamp,0,04736,3,44533,-0.335795,-0.493817,0.493817,0.632085,142.828
sunlamp/images/img001551.jpg,sunlamp,2,61675,2,72407,0.0770752,0.488143,0.822136,0.282609,40.9015
sunlamp/images/img001552.jpg,sunlamp,2,77425,1,55046,0.3282,0.617788,-0.559871,0.444035,148.613
sunlamp/images/img001556.jpg,sunlamp,1,71416,1,71432,0.525822,0.801253,0.175274,0.225352,12.6234
sunlamp/images/img001557.jpg,sunlamp,1,47351,3,74001,0.0824786,0.0274929,0.467379,0.879772,129.356
sunlamp/images/img001560.jpg,sunlamp,1,16623,2,07771,-0.0309641,-0.0928922,0.99085,-0.0928922,165.646
sunlamp/images/img001562.jpg,sunlamp,1,43312,0,15507,0.625291,0.527589,-0.56667,-0.0977017,113.278
sunlamp/images/img001563.jpg,sunlamp,2,23346,2,13436,0.471108,-0.201903,0.717879,-0.471108,115.508
sunlamp/images/img001569.jpg,sunlamp,1,14101,1,27032,-0.252424,0.734324,0.527795,-0.344214,157.534
sunlamp/images/img001574.jpg,sunlamp,1,25436,1,25641,-0.362936,0.893381,0.251263,-0.0837545,12.9903
sunlamp/images/img001577.jpg,sunlamp,3,50270,3,50250,0.124883,-0.574462,0.124883,0.799251,10.6706
sunlamp/images/img001578.jpg,sunlamp,1,74110,1,74531,0.344214,0.734324,0.114738,0.57369,23.0422
sunlamp/images/img001586.jpg,sunlamp,2,66376,2,76043,0.0700331,0.443543,0.74702,0.490232,56.6978
sunlamp/images/img001592.jpg,sunlamp,2,77712,1,07471,-0.2561,0.910577,-0.313011,-0.0853666,170.473
sunlamp/images/img001595.jpg,sunlamp,1,56241,1,25771,-0.0288315,0.922608,0.374809,-0.0864945,102.628
sunlamp/images/img001602.jpg,sunlamp,0,02775,2,70070,0.150824,0.150824,0.965275,0.150824,169.126
sunlamp/images/img001605.jpg,sunlamp,1,12444,3,72041,0.0817405,0.463196,0.136234,0.871899,176.019
sunlamp/images/img001606.jpg,sunlamp,2,61636,0,72447,0.795292,0.0745586,0.472205,0.372793,144.628
sunlamp/images/img001607.jpg,sunlamp,2,56302,2,52653,0.196657,-0.140469,0.899004,0.36522,10.996
sunlamp/images/img001608.jpg,sunlamp,2,74322,2,70567,0.292013,0.185826,0.849491,0.398199,24.3195
sunlamp/images/img001610.jpg,sunlamp,3,43015,3,43111,-0.028273,-0.424094,0.028273,0.904735,29.5625
sunlamp/images/img001615.jpg,sunlamp,2,07146,0,07431,0.896179,-0.25205,-0.308062,-0.196039,147.285
sunlamp/images/img001618.jpg,sunlamp,2,06350,1,47142,-0.17063,0.780024,-0.316885,0.511891,125.903
sunlamp/images/img001619.jpg,sunlamp,1,12300,3,14524,0.208739,-0.626216,-0.115966,0.742182,57.9694
sunlamp/images/img001620.jpg,sunlamp,1,06661,3,06333,-0.433341,-0.0254906,-0.38236,0.8157,152.383
sunlamp/images/img001624.jpg,sunlamp,2,43562,1,05723,-0.134255,0.859235,-0.456468,-0.187958,99.2318
sunlamp/images/img001632.jpg,sunlamp,3,67271,0,24765,0.791391,-0.51935,0.321503,-0.024731,144.361
sunlamp/images/img001633.jpg,sunlamp,2,25743,2,25704,-0.203864,0.262111,0.931951,-0.145617,14.0195
sunlamp/images/img001634.jpg,sunlamp,1,17022,1,13256,0.45663,0.695817,-0.108721,-0.543607,26.8483
sunlamp/images/img001638.jpg,sunlamp,0,21746,0,25355,0.928805,-0.0290252,0.261226,-0.261226,30.9711
sunlamp/images/img001639.jpg,sunlamp,2,05057,2,05571,-0.0238163,-0.643039,0.762121,-0.0714488,26.8584
sunlamp/images/img001640.jpg,sunlamp,0,30347,0,30554,0.830959,0.337577,0.0259675,-0.441447,32.3831
sunlamp/images/img001642.jpg,sunlamp,1,43255,1,56204,0.0263982,0.844742,-0.184787,0.501565,49.6441
sunlamp/images/img001644.jpg,sunlamp,1,71510,0,16616,0.965275,0.150824,-0.150824,-0.150824,90.7491
sunlamp/images/img001655.jpg,sunlamp,0,12716,0,12526,0.793334,0.223125,-0.223125,-0.520626,17.3008
sunlamp/images/img001656.jpg,sunlamp,0,16366,1,36441,0.0822304,0.877124,0.465972,-0.0822304,142.626
sunlamp/images/img001658.jpg,sunlamp,3,20251,3,25670,-0.302422,0.357407,-0.0824786,0.879772,66.3227
sunlamp/images/img001659.jpg,sunlamp,2,43335,0,50277,0.851896,0.186352,-0.45257,0.186352,127.3
sunlamp/images/img001660.jpg,sunlamp,0,23544,1,25352,-0.0840168,0.896179,0.308062,-0.308062,176.852
sunlamp/images/img001663.jpg,sunlamp,3,53405,3,52605,0.0864945,-0.20182,0.317146,0.922608,49.9844
sunlamp/images/img001664.jpg,sunlamp,3,10722,1,30576,0.332243,0.817829,0.1789,-0.434472,98.8704
sunlamp/images/img001665.jpg,sunlamp,2,13006,0,73021,0.748653,0.444513,0.491304,0.0233954,126.473
sunlamp/images/img001669.jpg,sunlamp,2,43744,2,43571,-0.0275764,-0.30334,0.882444,0.358493,24.41
sunlamp/images/img001670.jpg,sunlamp,2,50514,2,53140,0.57369,-0.344214,0.734324,0.114738,51.9418
sunlamp/images/img001671.jpg,sunlamp,1,73422,1,70523,0.308062,0.896179,0.196039,0.25205,43.9133
sunlamp/images/img001672.jpg,sunlamp,3,05655,3,31741,0.576297,0.192099,-0.405542,0.683019,141.408
sunlamp/images/img001675.jpg,sunlamp,2,16370,1,70137,0.41491,0.88514,0.193624,0.0829819,153.268
sunlamp/images/img001676.jpg,sunlamp,0,24301,0,24135,0.824315,-0.437917,0.128799,-0.334878,14.9206
sunlamp/images/img001680.jpg,sunlamp,1,74675,2,70620,0.0280056,0.364073,0.896179,0.25205,98.3297
sunlamp/images/img001682.jpg,sunlamp,2,61606,2,63605,-0.295226,0.567742,0.72671,0.249807,35.012
sunlamp/images/img001684.jpg,sunlamp,3,52156,2,07533,-0.0294245,-0.26482,0.941584,-0.205971,172.301
sunlamp/images/img001687.jpg,sunlamp,1,77004,1,70721,0.294514,0.856767,0.348062,0.240966,29.239
sunlamp/images/img001689.jpg,sunlamp,3,65031,0,61640,0.826512,-0.387427,0.232456,0.33577,161.341
sunlamp/images/img001697.jpg,sunlamp,2,54700,1,01672,-0.259633,0.755297,-0.401252,-0.448458,45.4093
sunlamp/images/img001699.jpg,sunlamp,3,26407,3,25721,-0.140469,0.36522,-0.196657,0.899004,60.305
sunlamp/images/img001701.jpg,sunlamp,3,42277,1,72060,0.0258977,0.828726,0.543852,0.129488,163.448
sunlamp/images/img001703.jpg,sunlamp,2,57101,2,24575,-0.464578,0.136641,0.8745,-0.0273281,147.587
sunlamp/images/img001704.jpg,sunlamp,3,16067,0,52064,0.925691,0.0289278,-0.318206,0.202495,141.467
sunlamp/images/img001707.jpg,sunlamp,0,30506,0,21745,0.849491,-0.132733,0.238919,-0.451292,46.1432
sunlamp/images/img001708.jpg,sunlamp,2,63117,0,70450,0.916533,0.143208,0.0286417,0.372342,167.769
sunlamp/images/img001709.jpg,sunlamp,3,61442,3,15522,0.518699,-0.518699,-0.145236,0.663935,151.512
sunlamp/images/img001712.jpg,sunlamp,3,27060,1,42371,-0.463196,0.871899,-0.0817405,0.136234,89.5176
sunlamp/images/img001713.jpg,sunlamp,2,15120,0,75463,0.670902,0.398348,0.14676,0.608005,175.774
sunlamp/images/img001715.jpg,sunlamp,0,34424,0,34443,0.987072,0.092538,0.092538,-0.092538,16.802
sunlamp/images/img001718.jpg,sunlamp,3,55363,3,63003,-0.329669,0.481824,0.0253592,0.811493,157.819
sunlamp/images/img001720.jpg,sunlamp,3,57144,3,55246,0.355792,-0.439508,0.481365,0.669726,22.949
sunlamp/images/img001725.jpg,sunlamp,1,51414,1,35440,0.467379,0.879772,0.0274929,-0.0824786,88.5178
sunlamp/images/img001727.jpg,sunlamp,2,64434,2,64664,-0.555434,0.232924,0.573351,0.555434,17.8184
sunlamp/images/img001729.jpg,sunlamp,2,74742,2,75600,0.378339,0.200297,0.712167,0.55638,23.588
sunlamp/images/img001730.jpg,sunlamp,2,35753,3,76044,0.0232936,0.395992,0.535754,0.745396,129.164
sunlamp/images/img001732.jpg,sunlamp,1,26743,1,27227,-0.269723,0.663935,0.643187,-0.269723,32.413
sunlamp/images/img001736.jpg,sunlamp,0,50362,0,52052,0.907642,0.141819,-0.368729,0.141819,17.7118
sunlamp/images/img001737.jpg,sunlamp,2,07227,2,07267,-0.364073,-0.0280056,0.896179,-0.25205,11.7809
sunlamp/images/img001738.jpg,sunlamp,3,53261,3,53063,0.492056,-0.233079,0.129488,0.828726,17.0348
sunlamp/images/img001739.jpg,sunlamp,3,60753,0,61373,0.896179,-0.0280056,0.420084,0.140028,164.586
sunlamp/images/img001744.jpg,sunlamp,0,46375,2,05730,-0.0789747,-0.500173,0.842397,-0.184274,176.753
sunlamp/images/img001754.jpg,sunlamp,0,40410,0,46165,0.695817,-0.45663,-0.239187,0.500118,56.6451
sunlamp/images/img001755.jpg,sunlamp,0,57153,3,70444,0.028273,0.028273,0.424094,0.904735,143.84
sunlamp/images/img001760.jpg,sunlamp,2,34400,3,74500,0.216319,0.0240354,0.600885,0.769133,132.786
sunlamp/images/img001763.jpg,sunlamp,0,65763,3,47432,-0.255676,-0.209189,0.581081,0.743784,120.572
sunlamp/images/img001764.jpg,sunlamp,1,42727,1,42724,-0.560642,0.780024,-0.0731272,0.268133,7.73989
sunlamp/images/img001767.jpg,sunlamp,1,63444,2,65173,-0.0256917,0.179842,0.822136,0.539527,95.9468
sunlamp/images/img001769.jpg,sunlamp,1,35414,1,35461,0.504385,0.849491,0.132733,-0.0796398,13.1812
sunlamp/images/img001770.jpg,sunlamp,3,56066,3,57024,0.401252,-0.259633,0.448458,0.755297,47.8077
sunlamp/images/img001771.jpg,sunlamp,3,26553,3,27404,-0.379413,0.430001,-0.126471,0.809414,10.4033
sunlamp/images/img001781.jpg,sunlamp,2,53521,0,63637,0.684267,-0.19245,0.662884,0.235217,12.3261
sunlamp/images/img001785.jpg,sunlamp,2,74342,2,51335,0.638802,-0.391524,0.659408,0.0618195,107.831
sunlamp/images/img001787.jpg,sunlamp,1,30742,2,43154,-0.0829819,-0.41491,0.88514,0.193624,157.929
sunlamp/images/img001796.jpg,sunlamp,1,14664,1,47174,-0.0731272,0.780024,-0.268133,0.560642,75.6762
sunlamp/images/img001802.jpg,sunlamp,2,11102,3,27376,-0.0658586,0.680538,-0.197576,0.702491,66.3271
sunlamp/images/img001804.jpg,sunlamp,3,16546,2,14657,0.179842,-0.539527,0.822136,-0.0256917,156.98
sunlamp/images/img001806.jpg,sunlamp,2,70710,2,70173,0.412393,0.19245,0.879772,0.137464,17.7393
sunlamp/images/img001807.jpg,sunlamp,1,44325,3,70213,0.202495,0.318206,0.0289278,0.925691,121.089
sunlamp/images/img001813.jpg,sunlamp,2,65311,2,61765,-0.131625,0.342224,0.842397,0.394874,18.9876
sunlamp/images/img001816.jpg,sunlamp,1,52663,0,15622,0.787547,0.418384,-0.418384,-0.172276,135.095
sunlamp/images/img001819.jpg,sunlamp,3,35473,3,17077,0.555387,-0.217325,-0.217325,0.772712,45.8303
sunlamp/images/img001830.jpg,sunlamp,3,41372,1,43554,-0.0779024,0.830959,-0.389512,0.389512,169.741
sunlamp/images/img001832.jpg,sunlamp,2,36673,2,16624,0.0307293,-0.0921878,0.983336,-0.153646,99.5837
sunlamp/images/img001835.jpg,sunlamp,1,34465,1,17206,0.437917,0.824315,-0.128799,-0.334878,65.3136
sunlamp/images/img001837.jpg,sunlamp,0,67253,0,67130,0.762121,-0.0714488,0.500142,0.404877,17.3247
sunlamp/images/img001838.jpg,sunlamp,2,70174,2,70741,0.294514,0.240966,0.856767,0.348062,21.2124
sunlamp/images/img001839.jpg,sunlamp,3,56201,3,56024,0.0257599,-0.283358,0.489437,0.824315,11.7124
sunlamp/images/img001842.jpg,sunlamp,3,21245,1,27354,-0.0719402,0.767362,0.599501,-0.215821,142.181
sunlamp/images/img001843.jpg,sunlamp,1,33456,1,33704,0.479794,0.614137,0.479794,-0.403027,13.2519
sunlamp/images/img001847.jpg,sunlamp,0,07023,0,25434,0.925691,-0.318206,0.144639,-0.144639,55.1957
sunlamp/images/img001851.jpg,sunlamp,2,06560,1,37141,0.580544,0.688053,0.365528,-0.236518,156.919
sunlamp/images/img001852.jpg,sunlamp,3,41241,2,07513,-0.0283638,-0.368729,0.907642,-0.198547,159.437
sunlamp/images/img001853.jpg,sunlamp,1,11643,1,12716,0.319169,0.785646,-0.122757,-0.51558,41.0708
sunlamp/images/img001856.jpg,sunlamp,3,34251,3,30574,0.334878,0.128799,-0.437917,0.824315,27.2657
sunlamp/images/img001858.jpg,sunlamp,1,47145,1,47205,-0.324696,0.799251,-0.174836,0.474555,35.1329
sunlamp/images/img001859.jpg,sunlamp,3,21470,1,21772,-0.0745586,0.795292,0.372793,-0.472205,128.229
sunlamp/images/img001860.jpg,sunlamp,2,12777,1,05772,-0.0822304,0.877124,-0.465972,-0.0822304,134.291
sunlamp/images/img001862.jpg,sunlamp,0,07747,0,07735,0.983336,-0.0307293,-0.0921878,-0.153646,23.3509
sunlamp/images/img001864.jpg,sunlamp,1,52102,2,43371,-0.0307293,-0.0921878,0.983336,0.153646,124.605
sunlamp/images/img001867.jpg,sunlamp,3,52070,3,43351,-0.0301648,-0.211154,0.150824,0.965275,25.8779
sunlamp/images/img001871.jpg,sunlamp,3,37751,1,12771,0.372793,0.795292,-0.0745586,-0.472205,142.375
sunlamp/images/img001873.jpg,sunlamp,2,63011,2,27451,-0.240278,0.453858,0.854321,-0.0800926,13.2031
sunlamp/images/img001877.jpg,sunlamp,2,04656,1,27063,-0.302817,0.745396,0.535754,-0.25623,156.083
sunlamp/images/img001879.jpg,sunlamp,0,32151,0,30744,0.833209,0.23434,0.23434,-0.442642,29.4612
sunlamp/images/img001880.jpg,sunlamp,1,04777,1,52012,0.143208,0.916533,-0.372342,0.0286417,70.1569
sunlamp/images/img001881.jpg,sunlamp,1,73262,1,73222,0.356417,0.670902,0.649937,0.0209657,10.162
sunlamp/images/img001885.jpg,sunlamp,1,07534,2,07641,-0.367549,-0.197911,0.904735,-0.0848189,127.21
sunlamp/images/img001886.jpg,sunlamp,0,63614,1,42304,-0.573034,0.797264,-0.174402,0.0747435,86.6768
sunlamp/images/img001893.jpg,sunlamp,3,24445,3,16652,0.151934,-0.151934,-0.0911606,0.972379,102.946
sunlamp/images/img001896.jpg,sunlamp,2,60046,0,07355,0.941584,-0.0294245,-0.205971,-0.26482,66.0645
sunlamp/images/img001898.jpg,sunlamp,1,62230,2,47600,-0.342059,-0.159628,0.729727,0.570099,117.181
sunlamp/images/img001901.jpg,sunlamp,0,36606,3,72072,0.124883,0.574462,0.124883,0.799251,169.676
sunlamp/images/img001912.jpg,sunlamp,0,61315,0,70030,0.975991,0.152499,0.152499,0.0304997,26.9295
sunlamp/images/img001916.jpg,sunlamp,1,74324,1,74142,0.228232,0.811493,0.0760775,0.532542,30.445
sunlamp/images/img001918.jpg,sunlamp,3,24505,3,42711,-0.447523,-0.184274,0.236924,0.842397,48.4183
sunlamp/images/img001919.jpg,sunlamp,2,46332,3,47435,-0.203549,-0.248782,0.610647,0.72373,57.6301
sunlamp/images/img001920.jpg,sunlamp,3,15226,2,42313,-0.464578,-0.136641,0.8745,0.0273281,133.908
sunlamp/images/img001921.jpg,sunlamp,0,34445,3,70072,0.149204,0.208885,0.149204,0.954905,160.409
sunlamp/images/img001924.jpg,sunlamp,3,52253,2,50236,0.136234,-0.463196,0.871899,0.0817405,144.173
sunlamp/images/img001929.jpg,sunlamp,2,01422,2,00514,-0.359903,-0.58721,0.606152,-0.397787,15.6491
sunlamp/images/img001932.jpg,sunlamp,3,34105,1,52214,0.150278,0.961781,-0.21039,0.090167,151.01
sunlamp/images/img001937.jpg,sunlamp,0,71220,3,71026,0.459124,0.189051,0.0810219,0.864234,117.278
sunlamp/images/img001938.jpg,sunlamp,1,63565,1,72426,0.0244339,0.781884,0.561979,0.268773,19.3592
sunlamp/images/img001943.jpg,sunlamp,2,13421,0,24556,0.856767,-0.508706,0.0803219,-0.026774,111.413
sunlamp/images/img001946.jpg,sunlamp,3,51442,2,70474,0.138728,0.138728,0.887862,0.416185,124.08
sunlamp/images/img001947.jpg,sunlamp,1,01674,3,07770,-0.092538,-0.092538,-0.092538,0.987072,131.594
sunlamp/images/img001950.jpg,sunlamp,0,21077,0,21754,0.854321,-0.0800926,0.240278,-0.453858,26.8655
sunlamp/images/img001952.jpg,sunlamp,2,61157,0,61130,0.983336,-0.0921878,0.153646,0.0307293,166.982
sunlamp/images/img001955.jpg,sunlamp,2,06700,2,06074,-0.610647,-0.248782,0.72373,-0.203549,12.3312
sunlamp/images/img001957.jpg,sunlamp,2,47345,2,47543,-0.11019,-0.286494,0.705215,0.639101,18.5008
sunlamp/images/img001959.jpg,sunlamp,1,33145,2,24741,-0.532542,0.228232,0.811493,-0.0760775,161.256
sunlamp/images/img001960.jpg,sunlamp,0,04107,3,64145,-0.470162,0.0223887,0.51494,0.716438,74.3962
sunlamp/images/img001965.jpg,sunlamp,2,40351,2,25601,-0.357407,0.247436,0.879772,-0.19245,102.077
sunlamp/images/img001968.jpg,sunlamp,3,21054,1,07612,-0.315058,0.916533,-0.143208,-0.200492,178.852
sunlamp/images/img001970.jpg,sunlamp,1,71736,1,24757,-0.448769,0.844742,0.29038,-0.0263982,134.594
sunlamp/images/img001974.jpg,sunlamp,0,06310,0,63052,0.817829,-0.281129,0.485586,0.127786,98.8911
sunlamp/images/img001976.jpg,sunlamp,0,02554,0,32654,0.722254,0.112852,0.564261,-0.383697,126.488
sunlamp/images/img001981.jpg,sunlamp,3,43526,0,43700,0.922608,-0.20182,-0.20182,0.259483,174.153
sunlamp/images/img001987.jpg,sunlamp,1,65327,2,70620,0.0280056,0.364073,0.896179,0.25205,86.3483
sunlamp/images/img001993.jpg,sunlamp,0,06226,0,66140,0.669726,-0.481365,0.355792,0.439508,96.6089
sunlamp/images/img001994.jpg,sunlamp,0,61611,2,07335,-0.0288315,-0.0864945,0.922608,-0.374809,164.031
sunlamp/images/img001999.jpg,sunlamp,1,72766,1,43774,-0.0842816,0.899004,-0.0842816,0.421408,97.2666
sunlamp/images/img002002.jpg,sunlamp,0,47317,2,14671,0.184274,-0.500173,0.842397,-0.0789747,178.971
sunlamp/images/img002006.jpg,sunlamp,3,51250,0,03506,0.780024,-0.17063,-0.316885,-0.511891,174.545
sunlamp/images/img002007.jpg,sunlamp,1,73042,1,36565,0.276124,0.80327,0.527146,-0.0251022,24.7647
sunlamp/images/img002012.jpg,sunlamp,0,15222,2,17422,0.447523,-0.236924,0.842397,-0.184274,178.905
sunlamp/images/img002013.jpg,sunlamp,1,16015,1,16027,0.0837545,0.893381,-0.251263,-0.362936,20.8093
sunlamp/images/img002014.jpg,sunlamp,0,60062,1,65166,-0.172276,0.787547,0.172276,0.566049,109.072
sunlamp/images/img002018.jpg,sunlamp,3,47213,3,43373,-0.030846,-0.030846,0.15423,0.987072,45.0812
sunlamp/images/img002023.jpg,sunlamp,2,04707,1,36003,0.0745586,0.795292,0.472205,-0.372793,178.342
sunlamp/images/img002026.jpg,sunlamp,0,53166,0,53626,0.844742,0.448769,-0.0263982,0.29038,32.3655
sunlamp/images/img002027.jpg,sunlamp,0,27100,0,70025,0.979643,0.0918415,0.153069,0.0918415,75.0822
sunlamp/images/img002028.jpg,sunlamp,0,23050,0,70243,0.931951,0.0873704,0.320358,0.145617,97.6276
sunlamp/images/img002031.jpg,sunlamp,1,07264,2,52610,0.145617,-0.203864,0.931951,0.262111,136.812
sunlamp/images/img002034.jpg,sunlamp,2,77403,2,53433,0.555387,-0.217325,0.772712,0.217325,83.3449
sunlamp/images/img002035.jpg,sunlamp,3,13365,2,53003,0.481824,-0.329669,0.811493,0.0253592,166.704
sunlamp/images/img002036.jpg,sunlamp,3,36020,0,30746,0.822136,0.231226,0.282609,-0.43676,147.988
sunlamp/images/img002042.jpg,sunlamp,1,01726,1,14722,0.236924,0.842397,-0.447523,-0.184274,61.0347
sunlamp/images/img002043.jpg,sunlamp,3,52114,2,52223,0.0932505,-0.0310835,0.994672,0.0310835,164.316
sunlamp/images/img002046.jpg,sunlamp,2,50422,2,52604,0.0289278,-0.202495,0.925691,0.318206,50.3868
sunlamp/images/img002047.jpg,sunlamp,2,07762,0,61132,0.972379,-0.0911606,0.212708,0.0303869,177.752
sunlamp/images/img002050.jpg,sunlamp,2,60106,2,42360,-0.57735,-0.0753066,0.80327,0.125511,16.3552
sunlamp/images/img002051.jpg,sunlamp,0,03755,0,12527,0.783758,0.269417,-0.220432,-0.514341,34.6846
sunlamp/images/img002052.jpg,sunlamp,1,70375,0,70170,0.907642,0.368729,0.141819,0.141819,87.3936
sunlamp/images/img002057.jpg,sunlamp,2,67636,2,63420,-0.356436,0.499011,0.760398,0.213862,43.8124
sunlamp/images/img002059.jpg,sunlamp,2,41217,2,14656,0.129488,-0.543852,0.828726,-0.0258977,41.78
sunlamp/images/img002060.jpg,sunlamp,1,42416,0,17544,0.739008,0.57735,-0.34641,-0.023094,172.171
sunlamp/images/img002064.jpg,sunlamp,3,36052,2,45517,-0.0196305,-0.569284,0.628176,0.530023,176.55
sunlamp/images/img002068.jpg,sunlamp,0,27725,2,17426,0.451292,-0.238919,0.849491,-0.132733,41.1032
sunlamp/images/img002073.jpg,sunlamp,0,72064,0,72041,0.871899,0.0817405,0.463196,0.136234,14.2371
sunlamp/images/img002074.jpg,sunlamp,1,60377,1,65601,-0.298319,0.734324,0.206529,0.57369,51.4828
sunlamp/images/img002075.jpg,sunlamp,3,76124,1,17442,0.440261,0.828726,-0.33667,-0.0776931,149.449
sunlamp/images/img002080.jpg,sunlamp,2,63227,0,70144,0.941584,0.26482,0.0294245,0.205971,174.765
sunlamp/images/img002083.jpg,sunlamp,3,16460,0,12674,0.871899,0.136234,-0.0817405,-0.463196,124.283
sunlamp/images/img002084.jpg,sunlamp,1,54524,1,54057,0.141624,0.647423,-0.586727,0.465335,8.56472
sunlamp/images/img002086.jpg,sunlamp,3,72037,3,52721,0.313011,-0.0853666,0.2561,0.910577,81.2672
sunlamp/images/img002089.jpg,sunlamp,0,61324,3,70606,0.0280939,0.309033,0.309033,0.899004,159.569
sunlamp/images/img002093.jpg,sunlamp,1,24723,1,24712,-0.481824,0.811493,0.278951,-0.177514,11.2316
sunlamp/images/img002099.jpg,sunlamp,3,27502,1,70171,0.416185,0.887862,0.138728,0.138728,126.953
sunlamp/images/img002100.jpg,sunlamp,1,70475,0,14407,0.734324,0.0688428,-0.665481,-0.114738,174.405
sunlamp/images/img002105.jpg,sunlamp,3,50350,2,50216,0.129142,-0.542398,0.826512,0.0774855,120.034
sunlamp/images/img002113.jpg,sunlamp,3,35753,3,34671,0.197911,0.367549,-0.0848189,0.904735,62.2262
sunlamp/images/img002114.jpg,sunlamp,2,62341,1,62161,-0.47789,0.728214,0.47789,0.113783,35.0452
sunlamp/images/img002116.jpg,sunlamp,2,42032,3,75056,0.469222,0.0670318,0.51391,0.715006,169.244
sunlamp/images/img002117.jpg,sunlamp,1,45026,1,45637,-0.195329,0.694504,-0.368955,0.585988,32.2446
sunlamp/images/img002120.jpg,sunlamp,2,37721,1,54336,0.302817,0.745396,-0.395992,0.442579,149.584
sunlamp/images/img002121.jpg,sunlamp,1,50303,1,36055,0.184274,0.842397,0.447523,-0.236924,123.905
sunlamp/images/img002126.jpg,sunlamp,1,70005,1,70004,0.0310835,0.994672,0.0310835,0.0932505,9.28131
sunlamp/images/img002128.jpg,sunlamp,1,57632,2,02711,-0.390934,-0.160973,0.735875,-0.52891,107.316
sunlamp/images/img002132.jpg,sunlamp,1,03744,2,47520,-0.164128,-0.257915,0.750298,0.58617,104.813
sunlamp/images/img002136.jpg,sunlamp,1,77742,1,25471,-0.266674,0.948174,0.148152,-0.0888913,126.683
sunlamp/images/img002138.jpg,sunlamp,2,47374,2,43746,-0.19245,-0.137464,0.879772,0.412393,27.9419
sunlamp/images/img002141.jpg,sunlamp,3,74032,2,27500,-0.186352,0.45257,0.851896,-0.186352,145.368
sunlamp/images/img002142.jpg,sunlamp,1,12541,1,12642,0.0266217,0.851896,-0.133109,-0.505813,39.0248
sunlamp/images/img002146.jpg,sunlamp,2,25310,2,25124,-0.196657,0.140469,0.899004,-0.36522,17.2844
sunlamp/images/img002149.jpg,sunlamp,0,43412,0,41626,0.785646,-0.368271,-0.417374,0.270066,16.2965
sunlamp/images/img002151.jpg,sunlamp,2,70753,2,15525,0.539246,-0.539246,0.639106,-0.0998603,114.933
sunlamp/images/img002159.jpg,sunlamp,3,06377,3,43145,-0.137464,-0.412393,0.19245,0.879772,75.4604
sunlamp/images/img002162.jpg,sunlamp,3,72150,1,70112,0.374809,0.922608,0.0864945,0.0288315,111.359
sunlamp/images/img002163.jpg,sunlamp,2,30760,1,35536,0.658581,0.72671,0.158968,-0.113548,112.461
sunlamp/images/img002166.jpg,sunlamp,0,52322,3,16222,0.028273,-0.028273,-0.424094,0.904735,175.146
sunlamp/images/img002168.jpg,sunlamp,3,47034,3,53004,0.432219,-0.38137,0.0762739,0.813589,97.5444
sunlamp/images/img002169.jpg,sunlamp,1,65107,2,53051,0.541664,-0.353259,0.753619,0.117753,153.999
sunlamp/images/img002171.jpg,sunlamp,3,45152,1,07321,-0.139591,0.893381,-0.0837545,-0.418772,64.504
sunlamp/images/img002173.jpg,sunlamp,2,76226,1,16621,0.0908257,0.968808,-0.0908257,-0.211927,122.995
sunlamp/images/img002177.jpg,sunlamp,0,07645,0,07725,0.972379,-0.151934,-0.0911606,-0.151934,33.654
sunlamp/images/img002181.jpg,sunlamp,1,10072,2,42755,-0.426737,-0.175715,0.80327,0.376533,77.9239
sunlamp/images/img002184.jpg,sunlamp,0,63016,1,15071,0.469192,0.652789,-0.550791,-0.224396,170.325
sunlamp/images/img002185.jpg,sunlamp,0,54017,0,70051,0.965275,0.211154,0.0301648,0.150824,86.2574
sunlamp/images/img002188.jpg,sunlamp,0,12527,0,12527,0.783758,0.269417,-0.220432,-0.514341,3.40084
sunlamp/images/img002192.jpg,sunlamp,3,12436,0,12474,0.837765,0.130901,-0.287982,-0.445063,165.41
sunlamp/images/img002193.jpg,sunlamp,2,74157,3,12737,0.36477,-0.024318,-0.510678,0.778177,162.022
sunlamp/images/img002194.jpg,sunlamp,3,31173,2,34724,0.249711,0.360694,0.887862,-0.138728,138.538
sunlamp/images/img002195.jpg,sunlamp,2,74174,0,72467,0.756986,0.0709674,0.544084,0.354837,62.799
sunlamp/images/img002198.jpg,sunlamp,3,70473,2,05730,-0.0789747,-0.500173,0.842397,-0.184274,174.806
sunlamp/images/img002201.jpg,sunlamp,0,42117,1,05720,-0.181772,0.830959,-0.493382,-0.181772,135.971
sunlamp/images/img002208.jpg,sunlamp,2,40011,1,16077,0.199189,0.910577,-0.2561,-0.2561,69.435
sunlamp/images/img002210.jpg,sunlamp,3,52163,2,07513,-0.0283638,-0.368729,0.907642,-0.198547,174.137
sunlamp/images/img002212.jpg,sunlamp,1,63321,1,63327,-0.111276,0.712167,0.689912,0.0667657,7.86294
sunlamp/images/img002213.jpg,sunlamp,1,12646,3,74012,0.136234,0.0817405,0.463196,0.871899,134.747
sunlamp/images/img002218.jpg,sunlamp,3,07772,3,43322,-0.213498,-0.0304997,0.0304997,0.975991,16.4994
sunlamp/images/img002220.jpg,sunlamp,2,47026,2,46121,-0.484974,-0.254034,0.739008,0.392598,18.0073
sunlamp/images/img002225.jpg,sunlamp,2,74266,2,07433,-0.2561,-0.2561,0.910577,-0.199189,121.253
sunlamp/images/img002226.jpg,sunlamp,2,47121,2,43555,-0.0260378,-0.390567,0.833209,0.390567,17.8422
sunlamp/images/img002227.jpg,sunlamp,1,06505,2,56003,0.0776931,-0.33667,0.828726,0.440261,98.0622
sunlamp/images/img002228.jpg,sunlamp,1,76431,2,74133,0.376533,0.175715,0.80327,0.426737,77.4232
sunlamp/images/img002229.jpg,sunlamp,3,50312,3,50357,0.359701,-0.503581,0.16786,0.767362,17.6898
sunlamp/images/img002231.jpg,sunlamp,0,22500,1,70526,0.25205,0.896179,0.196039,0.308062,139.929
sunlamp/images/img002232.jpg,sunlamp,3,54231,3,42542,-0.52891,-0.298949,0.298949,0.735875,87.0933
sunlamp/images/img002237.jpg,sunlamp,3,56400,0,47022,0.795292,-0.372793,-0.223676,0.422499,139.124
sunlamp/images/img002240.jpg,sunlamp,1,27040,1,26141,-0.484974,0.739008,0.392598,-0.254034,13.8137
sunlamp/images/img002243.jpg,sunlamp,1,25017,1,21742,-0.177514,0.811493,0.278951,-0.481824,31.7369
sunlamp/images/img002244.jpg,sunlamp,3,36501,3,16704,0.262111,-0.203864,-0.145617,0.931951,75.6269
sunlamp/images/img002246.jpg,sunlamp,0,25155,0,25154,0.958324,-0.0898429,0.0299476,-0.269529,9.51178
sunlamp/images/img002249.jpg,sunlamp,2,60441,2,50267,0.0810219,-0.459124,0.864234,0.189051,105.042
sunlamp/images/img002251.jpg,sunlamp,0,61115,0,43316,0.979643,-0.0918415,-0.153069,0.0918415,23.9883
sunlamp/images/img002253.jpg,sunlamp,2,25527,0,25532,0.951522,-0.0892052,0.208145,-0.208145,169.948
sunlamp/images/img002255.jpg,sunlamp,1,52776,1,73431,0.504916,0.702491,0.46101,0.197576,67.1851
sunlamp/images/img002258.jpg,sunlamp,0,25451,0,27460,0.776342,-0.36391,0.509475,-0.0727821,59.1241
sunlamp/images/img002263.jpg,sunlamp,3,32661,1,73553,0.618148,0.638089,0.378865,0.259223,124.7
sunlamp/images/img002265.jpg,sunlamp,2,57443,3,05550,-0.0670318,-0.692662,-0.0670318,0.715006,114.447
sunlamp/images/img002267.jpg,sunlamp,2,76036,2,76071,0.158316,0.474948,0.72373,0.474948,8.80639
sunlamp/images/img002277.jpg,sunlamp,3,17320,3,17232,0.510678,-0.024318,-0.36477,0.778177,10.0947
sunlamp/images/img002280.jpg,sunlamp,3,74030,3,74030,0.135432,0.135432,0.46047,0.866766,0.993656
sunlamp/images/img002286.jpg,sunlamp,2,25146,2,25542,-0.211927,0.0908257,0.968808,-0.0908257,19.8513
sunlamp/images/img002289.jpg,sunlamp,1,23672,2,24121,-0.507093,0.120736,0.772712,-0.362209,71.9996
sunlamp/images/img002294.jpg,sunlamp,3,66423,3,43171,-0.0292228,-0.321451,0.146114,0.935129,120.701
sunlamp/images/img002298.jpg,sunlamp,0,52346,2,43355,-0.0298408,-0.208885,0.954905,0.208885,162.139
sunlamp/images/img002299.jpg,sunlamp,3,07142,1,07474,-0.309033,0.899004,-0.309033,-0.0280939,159.691
sunlamp/images/img002303.jpg,sunlamp,1,40275,2,70603,0.0853666,0.313011,0.910577,0.2561,162.47
sunlamp/images/img002307.jpg,sunlamp,0,11700,2,17021,0.456673,-0.264389,0.769133,-0.360531,177.441
sunlamp/images/img002310.jpg,sunlamp,3,65713,0,65651,0.71076,-0.199901,0.199901,0.644126,112.406
sunlamp/images/img002315.jpg,sunlamp,0,61222,0,24757,0.844742,-0.448769,0.29038,-0.0263982,14.5744
sunlamp/images/img002317.jpg,sunlamp,2,10472,1,16477,0.205971,0.941584,-0.26482,-0.0294245,92.8717
sunlamp/images/img002318.jpg,sunlamp,3,25255,3,25741,-0.148152,0.266674,-0.0888913,0.948174,23.8457
sunlamp/images/img002321.jpg,sunlamp,1,16530,1,16560,0.2561,0.910577,-0.313011,-0.0853666,18.1612
sunlamp/images/img002324.jpg,sunlamp,0,45573,0,45747,0.646366,-0.100995,-0.424178,0.626167,11.1224
sunlamp/images/img002325.jpg,sunlamp,0,16032,0,16255,0.922608,0.20182,-0.20182,-0.259483,19.1548
sunlamp/images/img002332.jpg,sunlamp,1,42106,1,04345,-0.46101,0.702491,-0.504916,-0.197576,40.8256
sunlamp/images/img002338.jpg,sunlamp,2,30142,1,35566,0.606517,0.776342,0.169825,-0.0242607,143.519
sunlamp/images/img002341.jpg,sunlamp,1,43300,1,43311,-0.0304997,0.975991,-0.213498,0.0304997,20.4497
sunlamp/images/img002343.jpg,sunlamp,0,01270,3,03323,-0.111497,-0.0222994,-0.691283,0.713582,155.344
sunlamp/images/img002344.jpg,sunlamp,2,27650,2,27661,-0.287613,0.641599,0.707972,-0.0663723,7.82006
sunlamp/images/img002347.jpg,sunlamp,0,60545,0,60721,0.772712,-0.507093,0.313914,0.217325,38.4502
sunlamp/images/img002352.jpg,sunlamp,3,13443,3,07257,-0.258625,-0.143681,-0.258625,0.919555,88.9327
sunlamp/images/img002353.jpg,sunlamp,3,24100,1,07601,-0.36181,0.890609,-0.194821,-0.194821,164.699
sunlamp/images/img002359.jpg,sunlamp,3,30603,0,03542,0.799251,-0.174836,-0.324696,-0.474555,158.624
sunlamp/images/img002361.jpg,sunlamp,1,74027,0,70431,0.931951,0.203864,0.145617,0.262111,135.488
sunlamp/images/img002364.jpg,sunlamp,1,01356,2,43643,-0.349064,-0.134255,0.859235,0.349064,96.6023
sunlamp/images/img002367.jpg,sunlamp,0,65237,0,25075,0.919555,-0.258625,0.143681,-0.258625,91.8572
sunlamp/images/img002368.jpg,sunlamp,1,63662,2,52652,0.141819,-0.141819,0.907642,0.368729,114.42
sunlamp/images/img002375.jpg,sunlamp,2,34746,2,70251,0.203864,0.262111,0.931951,0.145617,24.2852
sunlamp/images/img002377.jpg,sunlamp,3,61416,3,65516,-0.0712873,0.0712873,0.641585,0.760398,51.3127
sunlamp/images/img002379.jpg,sunlamp,0,72054,0,72014,0.871899,0.136234,0.463196,0.0817405,12.3567
sunlamp/images/img002380.jpg,sunlamp,0,42134,0,42203,0.735875,-0.666887,-0.114981,0.0229961,30.1434
sunlamp/images/img002384.jpg,sunlamp,2,65332,2,57041,0.419537,-0.331214,0.706589,0.463699,104.497
sunlamp/images/img002385.jpg,sunlamp,0,47221,1,52211,0.208885,0.954905,-0.208885,0.0298408,166.337
sunlamp/images/img002386.jpg,sunlamp,0,71302,2,31464,0.421459,0.123958,0.793334,-0.421459,105.666
sunlamp/images/img002389.jpg,sunlamp,3,62101,0,25734,0.91354,-0.0856444,0.371126,-0.142741,105.414
sunlamp/images/img002395.jpg,sunlamp,1,20564,1,01732,-0.0697297,0.743784,-0.395135,-0.534595,81.5586
sunlamp/images/img002399.jpg,sunlamp,2,06723,2,25056,-0.313011,0.0853666,0.910577,-0.2561,32.9517
sunlamp/images/img002403.jpg,sunlamp,2,15376,2,75425,0.410817,0.10811,0.691902,0.583792,108.951
sunlamp/images/img002404.jpg,sunlamp,2,73245,2,15522,0.518699,-0.518699,0.663935,-0.145236,137.088
sunlamp/images/img002408.jpg,sunlamp,3,61210,3,61033,-0.26482,0.205971,0.0294245,0.941584,7.53146
sunlamp/images/img002410.jpg,sunlamp,0,62121,0,72600,0.769133,0.0240354,0.600885,0.216319,66.5951
sunlamp/images/img002412.jpg,sunlamp,1,42564,1,46314,-0.448458,0.755297,-0.165221,0.448458,17.9677
sunlamp/images/img002414.jpg,sunlamp,0,74272,0,25520,0.944862,-0.206689,0.147635,-0.206689,95.3646
sunlamp/images/img002415.jpg,sunlamp,2,55641,2,56206,0.0266217,-0.133109,0.851896,0.505813,58.1853
sunlamp/images/img002416.jpg,sunlamp,0,22233,0,77251,0.625291,0.449428,0.488509,0.410347,157.766
sunlamp/images/img002417.jpg,sunlamp,1,41546,1,41560,-0.157672,0.720787,-0.608164,0.29282,5.76142
sunlamp/images/img002418.jpg,sunlamp,3,70331,3,35605,0.492056,0.233079,-0.129488,0.828726,23.684
sunlamp/images/img002420.jpg,sunlamp,0,21272,0,70073,0.944862,0.206689,0.206689,0.147635,108.705
sunlamp/images/img002421.jpg,sunlamp,2,70300,2,34741,0.313011,0.2561,0.910577,-0.0853666,18.1047
sunlamp/images/img002422.jpg,sunlamp,3,22727,1,72024,0.0260378,0.833209,0.546793,0.0781133,144.452
sunlamp/images/img002423.jpg,sunlamp,2,55234,2,27431,-0.225352,0.525822,0.801253,-0.175274,159.591
sunlamp/images/img002425.jpg,sunlamp,3,34443,0,36006,0.811493,0.0253592,0.481824,-0.329669,146.341
sunlamp/images/img002431.jpg,sunlamp,0,56641,3,16674,0.153646,-0.0921878,-0.0307293,0.983336,81.4353
sunlamp/images/img002432.jpg,sunlamp,1,61150,3,25751,-0.0299476,0.269529,-0.0898429,0.958324,128.765
sunlamp/images/img002434.jpg,sunlamp,1,71343,2,01343,-0.106143,-0.445801,0.679315,-0.573172,144.997
sunlamp/images/img002435.jpg,sunlamp,0,04575,0,45003,0.663935,-0.269723,-0.601691,0.352715,43.836
sunlamp/images/img002444.jpg,sunlamp,3,44225,1,45772,-0.0645049,0.688053,-0.365528,0.623548,176.788
sunlamp/images/img002447.jpg,sunlamp,2,52422,2,52254,0.147635,-0.206689,0.944862,0.206689,16.3696
sunlamp/images/img002454.jpg,sunlamp,1,71650,1,75240,0.396854,0.74702,0.210099,0.490232,23.7555
sunlamp/images/img002458.jpg,sunlamp,0,21465,2,21755,-0.026774,0.240966,0.856767,-0.455158,157.389
sunlamp/images/img002459.jpg,sunlamp,3,14366,3,74110,0.337577,0.0259675,0.441447,0.830959,98.7907
sunlamp/images/img002464.jpg,sunlamp,0,47026,2,14350,0.302817,-0.535754,0.745396,-0.25623,162.007
sunlamp/images/img002472.jpg,sunlamp,3,62702,3,64333,-0.397722,0.350931,0.397722,0.748653,38.6006
sunlamp/images/img002475.jpg,sunlamp,2,56304,0,06777,0.882444,-0.468798,-0.0275764,-0.0275764,150.447
sunlamp/images/img002477.jpg,sunlamp,2,50206,2,50200,0.0253592,-0.583261,0.811493,0.0253592,8.82868
sunlamp/images/img002478.jpg,sunlamp,2,25034,2,07067,-0.353162,-0.244497,0.869321,-0.244497,44.9825
sunlamp/images/img002480.jpg,sunlamp,0,25052,2,07621,-0.367549,-0.0848189,0.904735,-0.197911,158.686
sunlamp/images/img002481.jpg,sunlamp,1,04512,1,05665,-0.329669,0.811493,-0.481824,-0.0253592,27.456
sunlamp/images/img002482.jpg,sunlamp,2,36065,2,63111,-0.0275764,0.468798,0.882444,0.0275764,35.0454
sunlamp/images/img002485.jpg,sunlamp,3,04706,3,42525,-0.508279,-0.266242,0.266242,0.774521,51.0675
sunlamp/images/img002486.jpg,sunlamp,0,52235,0,52216,0.972379,0.151934,-0.151934,0.0911606,8.97451
sunlamp/images/img002487.jpg,sunlamp,1,04312,2,46144,-0.478855,-0.312297,0.666233,0.478855,120.514
sunlamp/images/img002488.jpg,sunlamp,1,66361,0,05665,0.811493,-0.329669,-0.481824,-0.0253592,73.9724
sunlamp/images/img002491.jpg,sunlamp,1,36075,1,36527,0.266868,0.776342,0.557996,-0.121303,13.7856
sunlamp/images/img002493.jpg,sunlamp,3,31402,0,53520,0.743784,0.581081,-0.255676,0.209189,103.55
sunlamp/images/img002496.jpg,sunlamp,2,17120,1,71653,0.535754,0.745396,0.25623,0.302817,155.701
sunlamp/images/img002497.jpg,sunlamp,0,67137,0,74262,0.778177,0.024318,0.36477,0.510678,20.1367
sunlamp/images/img002498.jpg,sunlamp,1,14024,1,14421,0.0704956,0.751953,-0.63446,-0.16449,15.8516
sunlamp/images/img002502.jpg,sunlamp,2,65133,2,63556,-0.0745586,0.472205,0.795292,0.372793,33.2758
sunlamp/images/img002504.jpg,sunlamp,2,40301,2,41262,-0.379413,-0.430001,0.809414,0.126471,21.3254
sunlamp/images/img002508.jpg,sunlamp,2,32636,1,27501,-0.134255,0.859235,0.456468,-0.187958,53.217
sunlamp/images/img002510.jpg,sunlamp,3,43164,3,43121,-0.146114,-0.321451,0.0292228,0.935129,19.3604
sunlamp/images/img002513.jpg,sunlamp,1,56063,1,42734,-0.488143,0.822136,-0.0770752,0.282609,72.0677
sunlamp/images/img002515.jpg,sunlamp,3,07550,3,53121,0.623538,-0.254034,0.023094,0.739008,90.6631
sunlamp/images/img002524.jpg,sunlamp,3,43574,3,43574,-0.0807866,-0.296217,0.403933,0.861723,4.13
sunlamp/images/img002525.jpg,sunlamp,3,36545,3,34072,0.143208,0.200492,-0.315058,0.916533,50.8206
sunlamp/images/img002528.jpg,sunlamp,1,25305,1,25127,-0.140469,0.899004,0.196657,-0.36522,9.24123
sunlamp/images/img002529.jpg,sunlamp,1,27205,3,24472,-0.63446,0.16449,-0.0704956,0.751953,172.971
sunlamp/images/img002530.jpg,sunlamp,1,70006,1,70005,0.0928922,0.99085,0.0309641,0.0928922,12.2766
sunlamp/images/img002538.jpg,sunlamp,1,12633,2,16426,0.0297351,-0.267615,0.951522,-0.148675,165.134
sunlamp/images/img002540.jpg,sunlamp,0,55033,0,70005,0.99085,0.0928922,0.0309641,0.0928922,91.4667
sunlamp/images/img002542.jpg,sunlamp,3,07772,3,43321,-0.153646,-0.0921878,0.0307293,0.983336,17.1827
sunlamp/images/img002546.jpg,sunlamp,0,65537,2,74430,0.121303,0.121303,0.776342,0.606517,106.636
sunlamp/images/img002548.jpg,sunlamp,2,17274,0,75225,0.73125,0.434179,0.29707,0.434179,118.308
sunlamp/images/img002550.jpg,sunlamp,2,77031,2,17545,0.606933,-0.337185,0.719328,-0.022479,102.105
sunlamp/images/img002551.jpg,sunlamp,0,61461,0,05776,0.879772,-0.0824786,-0.467379,-0.0274929,87.6875
sunlamp/images/img002552.jpg,sunlamp,3,15644,0,12524,0.783758,0.220432,-0.269417,-0.514341,156.917
sunlamp/images/img002553.jpg,sunlamp,0,16206,0,07325,0.91354,-0.142741,-0.0856444,-0.371126,17.7233
sunlamp/images/img002555.jpg,sunlamp,3,77306,0,36077,0.780024,0.17063,0.560642,-0.219382,115.956
sunlamp/images/img002559.jpg,sunlamp,0,13072,3,43171,-0.0292228,-0.321451,0.146114,0.935129,89.8413
sunlamp/images/img002561.jpg,sunlamp,3,26151,1,27264,-0.32193,0.686784,0.622398,-0.193158,171.501
sunlamp/images/img002562.jpg,sunlamp,2,06531,2,07751,-0.0303869,-0.212708,0.972379,-0.0911606,51.3592
sunlamp/images/img002563.jpg,sunlamp,1,05573,1,15466,0.386065,0.72671,-0.567742,-0.0227097,46.9213
sunlamp/images/img002566.jpg,sunlamp,1,70032,1,70023,0.0911606,0.972379,0.212708,0.0303869,8.87133
sunlamp/images/img002569.jpg,sunlamp,1,07326,1,63141,-0.135432,0.866766,0.46047,0.135432,82.6747
sunlamp/images/img002577.jpg,sunlamp,0,14305,0,14770,0.809414,0.328824,-0.480589,-0.0758825,28.5293
sunlamp/images/img002579.jpg,sunlamp,0,05731,0,25771,0.922608,-0.0288315,0.374809,-0.0864945,106.388
sunlamp/images/img002581.jpg,sunlamp,3,70537,3,16601,0.0892052,-0.208145,-0.208145,0.951522,83.6456
sunlamp/images/img002584.jpg,sunlamp,3,26477,1,27641,-0.30414,0.748653,0.584885,-0.0701862,125.391
sunlamp/images/img002587.jpg,sunlamp,3,61467,1,34527,0.315058,0.916533,0.200492,-0.143208,177.121
sunlamp/images/img002589.jpg,sunlamp,1,25313,1,34251,0.196039,0.896179,0.25205,-0.308062,27.9434
sunlamp/images/img002592.jpg,sunlamp,0,36115,0,36146,0.813589,0.228822,0.483068,-0.228822,19.3631
sunlamp/images/img002593.jpg,sunlamp,1,23703,1,27031,-0.213862,0.760398,0.499011,-0.356436,21.254
sunlamp/images/img002596.jpg,sunlamp,0,67524,3,60577,-0.426737,0.175715,0.376533,0.80327,142.523
sunlamp/images/img002597.jpg,sunlamp,0,03213,1,53642,0.437917,0.824315,-0.128799,0.334878,170.806
sunlamp/images/img002598.jpg,sunlamp,0,40031,2,45673,-0.190372,-0.359592,0.676879,0.613422,145.031
sunlamp/images/img002599.jpg,sunlamp,0,50625,2,11622,0.368262,-0.368262,0.6932,-0.498237,155.776
sunlamp/images/img002600.jpg,sunlamp,2,24560,2,26650,-0.552634,0.511698,0.654974,-0.0614038,49.6169
sunlamp/images/img002602.jpg,sunlamp,3,42330,3,43711,-0.0294245,-0.205971,0.26482,0.941584,61.4798
sunlamp/images/img002606.jpg,sunlamp,3,21451,3,03776,-0.0824786,-0.0274929,-0.467379,0.879772,21.9348
sunlamp/images/img002612.jpg,sunlamp,0,27557,3,74012,0.136234,0.0817405,0.463196,0.871899,140.129
sunlamp/images/img002613.jpg,sunlamp,3,61207,0,25254,0.88514,-0.304267,0.248946,-0.248946,104.924
sunlamp/images/img002623.jpg,sunlamp,2,61756,2,63445,-0.314649,0.411464,0.774521,0.363057,29.5243
sunlamp/images/img002630.jpg,sunlamp,3,70425,2,70030,0.152499,0.152499,0.975991,0.0304997,138.33
sunlamp/images/img002631.jpg,sunlamp,0,24165,2,74026,0.0263982,0.184787,0.844742,0.501565,168.301
sunlamp/images/img002632.jpg,sunlamp,1,34532,1,05656,-0.276124,0.80327,-0.527146,-0.0251022,115.909
sunlamp/images/img002636.jpg,sunlamp,0,40706,0,40375,0.770916,-0.409549,-0.457732,0.168638,13.9618
sunlamp/images/img002641.jpg,sunlamp,2,63442,2,53646,0.430001,-0.126471,0.809414,0.379413,118.192
sunlamp/images/img002649.jpg,sunlamp,3,34544,3,43311,-0.0304997,-0.213498,0.0304997,0.975991,46.0287
sunlamp/images/img002652.jpg,sunlamp,3,47000,0,16721,0.922608,0.317146,-0.0864945,-0.20182,101.828
sunlamp/images/img002655.jpg,sunlamp,0,05355,0,47303,0.866766,-0.135432,-0.135432,0.46047,97.4006
sunlamp/images/img002656.jpg,sunlamp,1,56162,1,36550,0.33667,0.828726,0.440261,-0.0776931,105.838
sunlamp/images/img002668.jpg,sunlamp,0,23577,1,27624,-0.326164,0.695817,0.630584,-0.108721,166.504
sunlamp/images/img002669.jpg,sunlamp,2,06174,2,41173,-0.0244339,-0.610847,0.781884,0.122169,75.0483
sunlamp/images/img002670.jpg,sunlamp,3,00234,0,53246,0.859235,0.456468,-0.134255,0.187958,131.598
sunlamp/images/img002673.jpg,sunlamp,2,34521,2,34524,0.26482,0.147122,0.941584,-0.147122,8.68561
sunlamp/images/img002674.jpg,sunlamp,2,52542,0,04666,0.670902,-0.649937,-0.356417,-0.0209657,171.744
sunlamp/images/img002675.jpg,sunlamp,2,45262,2,44524,-0.419153,-0.492049,0.583169,0.492049,20.7119
sunlamp/images/img002676.jpg,sunlamp,1,61365,2,72416,0.127786,0.485586,0.817829,0.281129,78.021
sunlamp/images/img002678.jpg,sunlamp,1,52642,1,43351,-0.0301648,0.965275,-0.211154,0.150824,24.7914
sunlamp/images/img002681.jpg,sunlamp,0,12344,0,10655,0.735875,0.160973,-0.52891,-0.390934,47.5942
sunlamp/images/img002685.jpg,sunlamp,3,55231,0,60703,0.783758,-0.514341,0.269417,0.220432,64.4385
sunlamp/images/img002686.jpg,sunlamp,0,34563,0,62154,0.770916,-0.457732,0.409549,0.168638,100.446
sunlamp/images/img002687.jpg,sunlamp,1,60142,0,06757,0.8745,-0.464578,-0.136641,-0.0273281,51.5439
sunlamp/images/img002688.jpg,sunlamp,2,45352,2,47142,-0.17063,-0.316885,0.780024,0.511891,24.3558
sunlamp/images/img002689.jpg,sunlamp,3,77107,3,75332,0.594567,0.307535,0.348539,0.656074,10.7905
sunlamp/images/img002691.jpg,sunlamp,1,20144,3,05500,-0.153375,-0.67923,-0.153375,0.701141,76.7353
sunlamp/images/img002692.jpg,sunlamp,3,23413,3,36334,0.276972,0.617861,-0.276972,0.681778,66.6695
sunlamp/images/img002695.jpg,sunlamp,1,34435,0,07703,0.954905,-0.149204,-0.149204,-0.208885,171.147
sunlamp/images/img002698.jpg,sunlamp,0,21260,3,70072,0.149204,0.208885,0.149204,0.954905,122.537
sunlamp/images/img002702.jpg,sunlamp,2,02320,2,30414,0.129488,0.0258977,0.828726,-0.543852,72.1413
sunlamp/images/img002704.jpg,sunlamp,2,53361,2,74122,0.236924,0.184274,0.842397,0.447523,68.9203
sunlamp/images/img002705.jpg,sunlamp,1,14706,1,15462,0.385271,0.725215,-0.566575,-0.0679889,23.3271
sunlamp/images/img002706.jpg,sunlamp,2,46576,3,47543,-0.11019,-0.286494,0.639101,0.705215,33.8328
sunlamp/images/img002707.jpg,sunlamp,0,61133,0,70017,0.968808,0.211927,0.0908257,0.0908257,30.1571
sunlamp/images/img002712.jpg,sunlamp,3,43104,3,43120,-0.202495,-0.318206,0.0289278,0.925691,15.1497
sunlamp/images/img002716.jpg,sunlamp,3,25067,3,41410,-0.235217,-0.662884,0.19245,0.684267,118.525
sunlamp/images/img002717.jpg,sunlamp,1,16466,1,16652,0.151934,0.972379,-0.151934,-0.0911606,18.6353
sunlamp/images/img002718.jpg,sunlamp,1,32541,3,43304,-0.208145,-0.208145,0.0892052,0.951522,105.198
sunlamp/images/img002719.jpg,sunlamp,2,30704,2,34071,0.200492,0.143208,0.916533,-0.315058,29.3918
sunlamp/images/img002720.jpg,sunlamp,0,47161,2,14370,0.317641,-0.464244,0.781884,-0.268773,177.137
sunlamp/images/img002721.jpg,sunlamp,2,25057,2,41030,-0.254034,-0.623538,0.739008,0.023094,90.0846
sunlamp/images/img002722.jpg,sunlamp,1,16111,1,12522,0.217325,0.772712,-0.217325,-0.555387,34.0077
sunlamp/images/img002724.jpg,sunlamp,0,56404,0,42276,0.753619,-0.635866,-0.0235506,0.164854,102.618
sunlamp/images/img002725.jpg,sunlamp,1,07477,1,42351,-0.456468,0.859235,-0.187958,0.134255,32.9431
sunlamp/images/img002732.jpg,sunlamp,1,52640,3,42177,-0.447523,-0.236924,0.184274,0.842397,176.208
sunlamp/images/img002733.jpg,sunlamp,3,56430,2,16021,0.0807866,-0.296217,0.861723,-0.403933,146.398
sunlamp/images/img002736.jpg,sunlamp,2,30524,1,32155,0.322525,0.688053,0.365528,-0.537541,82.7726
sunlamp/images/img002737.jpg,sunlamp,2,12001,3,22127,-0.394405,0.431968,-0.544655,0.600999,42.8427
sunlamp/images/img002739.jpg,sunlamp,2,74016,2,52611,0.20182,-0.20182,0.922608,0.259483,43.7059
sunlamp/images/img002740.jpg,sunlamp,1,20023,3,10677,0.172276,-0.418384,-0.418384,0.787547,61.7819
sunlamp/images/img002741.jpg,sunlamp,0,11743,1,14013,0.151354,0.691902,-0.627036,-0.324329,64.9912
sunlamp/images/img002743.jpg,sunlamp,0,52503,0,16150,0.8157,0.331378,-0.38236,-0.280397,61.5573
sunlamp/images/img002746.jpg,sunlamp,1,47243,0,16611,0.935129,0.204559,-0.204559,-0.204559,153.619
sunlamp/images/img002749.jpg,sunlamp,1,14676,1,16427,0.0888913,0.948174,-0.266674,-0.148152,28.6073
sunlamp/images/img002750.jpg,sunlamp,2,05172,2,05770,-0.0800926,-0.507253,0.854321,-0.0800926,26.9517
sunlamp/images/img002756.jpg,sunlamp,1,33451,2,30076,0.120456,0.168638,0.770916,-0.602279,92.3933
sunlamp/images/img002762.jpg,sunlamp,1,15626,3,13647,0.460953,-0.121303,-0.412432,0.776342,159.997
sunlamp/images/img002765.jpg,sunlamp,2,71242,2,14330,0.308216,-0.45047,0.758686,-0.355634,107.257
sunlamp/images/img002767.jpg,sunlamp,2,36502,0,52000,0.904735,0.028273,-0.424094,0.028273,163.258
sunlamp/images/img002768.jpg,sunlamp,2,17346,0,17423,0.822136,0.488143,-0.231226,-0.179842,147.143
sunlamp/images/img002769.jpg,sunlamp,3,27203,3,27077,-0.217325,0.555387,-0.217325,0.772712,18.0344
sunlamp/images/img002773.jpg,sunlamp,3,45203,1,07341,-0.143208,0.916533,-0.200492,-0.315058,90.0738
sunlamp/images/img002774.jpg,sunlamp,1,64103,1,24421,-0.658581,0.72671,0.113548,-0.158968,66.2886
sunlamp/images/img002776.jpg,sunlamp,0,37067,1,36454,0.136641,0.8745,0.464578,-0.0273281,89.7502
sunlamp/images/img002777.jpg,sunlamp,1,23600,1,12674,0.136234,0.871899,-0.0817405,-0.463196,89.6544
sunlamp/images/img002778.jpg,sunlamp,3,01277,0,34374,0.842397,0.342224,0.342224,-0.236924,96.4975
sunlamp/images/img002780.jpg,sunlamp,0,00772,1,64344,-0.494538,0.688053,0.193515,0.494538,43.7659
sunlamp/images/img002781.jpg,sunlamp,3,43735,3,03777,-0.0275764,-0.0275764,-0.468798,0.882444,94.9551
sunlamp/images/img002782.jpg,sunlamp,3,02755,0,70552,0.864234,0.351095,0.0810219,0.351095,157.028
sunlamp/images/img002783.jpg,sunlamp,1,52474,3,16671,0.211927,-0.0908257,-0.0908257,0.968808,136.866
sunlamp/images/img002787.jpg,sunlamp,0,07771,0,70161,0.925691,0.318206,0.144639,0.144639,58.4767
sunlamp/images/img002788.jpg,sunlamp,1,41117,1,70121,0.321451,0.935129,0.146114,0.0292228,108.651
