image_relpath,domain,chart_gt,path_gt,chart_pred,path_pred,q_pred_w,q_pred_x,q_pred_y,q_pred_z,err_deg
synthetic/images/img000014.jpg,synthetic_val,1,46211,0,26061,0.649554,-0.588658,0.42627,-0.223284,39.7893
synthetic/images/img000022.jpg,synthetic_val,2,30413,2,30665,0.0776931,0.33667,0.828726,-0.440261,33.4118
synthetic/images/img000026.jpg,synthetic_val,0,56625,0,74560,0.720787,0.202721,0.112623,0.653213,25.464
synthetic/images/img000033.jpg,synthetic_val,3,61442,0,61571,0.916533,-0.0286417,0.143208,0.372342,178.114
synthetic/images/img000088.jpg,synthetic_val,1,37541,1,56311,0.376533,0.80327,-0.175715,0.426737,90.4095
synthetic/images/img000132.jpg,synthetic_val,1,53161,1,53361,0.638707,0.756986,-0.0709674,0.118279,21.7997
synthetic/images/img000139.jpg,synthetic_val,1,05217,1,05126,-0.162004,0.74059,-0.578586,-0.300865,8.67441
synthetic/images/img000200.jpg,synthetic_val,1,35045,1,35602,0.441447,0.830959,0.285642,-0.181772,30.5917
synthetic/images/img000209.jpg,synthetic_val,0,61577,0,61571,0.916533,-0.0286417,0.143208,0.372342,9.12871
synthetic/images/img000228.jpg,synthetic_val,0,12451,0,10424,0.683019,0.0213443,-0.576297,-0.448231,31.9301
synthetic/images/img000230.jpg,synthetic_val,3,05714,3,05344,-0.17063,-0.560642,-0.219382,0.780024,15.6118
synthetic/images/img000282.jpg,synthetic_val,0,37502,3,32203,0.0574907,0.517416,-0.59407,0.613234,175.712
synthetic/images/img000343.jpg,synthetic_val,1,25773,1,61361,-0.141819,0.907642,0.368729,0.141819,29.1813
synthetic/images/img000344.jpg,synthetic_val,3,65542,3,65744,-0.15221,0.195698,0.674072,0.695817,14.1629
synthetic/images/img000435.jpg,synthetic_val,0,03030,0,03357,0.781884,-0.0244339,-0.122169,-0.610847,29.9145
synthetic/images/img000448.jpg,synthetic_val,2,34402,2,61135,-0.0307293,0.153646,0.983336,0.0921878,38.4847
synthetic/images/img000462.jpg,synthetic_val,2,14347,2,14234,0.125828,-0.478148,0.805302,-0.327154,20.1572
synthetic/images/img000482.jpg,synthetic_val,2,35200,2,35253,0.54287,0.259633,0.755297,-0.259633,20.9051
synthetic/images/img000507.jpg,synthetic_val,2,25675,2,61370,-0.0856444,0.371126,0.91354,0.142741,27.8155
synthetic/images/img000523.jpg,synthetic_val,1,71405,1,75006,0.414388,0.780024,0.0731272,0.463139,24.2403
synthetic/images/img000524.jpg,synthetic_val,3,43200,3,24556,-0.508706,0.0803219,-0.026774,0.856767,34.3836
synthetic/images/img000533.jpg,synthetic_val,2,21526,2,24051,-0.594061,0.0237624,0.760398,-0.261387,58.6003
synthetic/images/img000637.jpg,synthetic_val,0,14423,0,14244,0.791391,0.024731,-0.568812,-0.222579,9.74289
synthetic/images/img000655.jpg,synthetic_val,2,43635,1,25140,-0.202495,0.925691,0.0289278,-0.318206,167.202
synthetic/images/img000669.jpg,synthetic_val,3,23333,2,13607,0.441622,-0.116216,0.743784,-0.488108,76.703
synthetic/images/img000741.jpg,synthetic_val,3,43352,3,71131,0.691283,0.111497,0.0222994,0.713582,105.309
synthetic/images/img000753.jpg,synthetic_val,3,07511,0,21117,0.739008,-0.023094,0.069282,-0.669726,103.668
synthetic/images/img000782.jpg,synthetic_val,1,35306,2,01343,-0.106143,-0.445801,0.679315,-0.573172,176.007
synthetic/images/img000857.jpg,synthetic_val,2,34612,2,61311,-0.0300557,0.270501,0.961781,0.0300557,33.1762
synthetic/images/img000907.jpg,synthetic_val,3,15540,0,25303,0.856767,-0.13387,0.294514,-0.40161,152.447
synthetic/images/img000915.jpg,synthetic_val,3,53030,3,35405,0.505813,0.0266217,-0.133109,0.851896,38.7108
synthetic/images/img000990.jpg,synthetic_val,3,16300,3,16253,0.200492,-0.143208,-0.315058,0.916533,15.752
synthetic/images/img000991.jpg,synthetic_val,2,52360,1,34552,0.373569,0.919555,0.0862083,-0.0862083,172.156
synthetic/images/img001002.jpg,synthetic_val,2,52316,2,52613,0.203864,-0.145617,0.931951,0.262111,29.0575
synthetic/images/img001047.jpg,synthetic_val,0,70533,3,47300,-0.186352,-0.186352,0.45257,0.851896,174.529
synthetic/images/img001069.jpg,synthetic_val,0,70335,0,71041,0.851896,0.505813,0.0266217,0.133109,39.6283
synthetic/images/img001193.jpg,synthetic_val,0,36313,3,32704,0.193158,0.53655,-0.450702,0.686784,157.471
synthetic/images/img001244.jpg,synthetic_val,0,14466,0,05455,0.703849,-0.197958,-0.681854,-0.0219953,26.4033
synthetic/images/img001262.jpg,synthetic_val,1,25422,1,25421,-0.36522,0.899004,0.140469,-0.196657,10.1737
synthetic/images/img001290.jpg,synthetic_val,1,36564,1,36542,0.23434,0.833209,0.494718,-0.0781133,6.7951
synthetic/images/img001291.jpg,synthetic_val,3,06572,3,34474,0.152499,0.152499,-0.0304997,0.975991,91.3328
synthetic/images/img001292.jpg,synthetic_val,0,06523,0,02467,0.676879,-0.613422,-0.190372,-0.359592,28.5813
synthetic/images/img001322.jpg,synthetic_val,3,37304,3,31706,0.531674,0.233937,-0.446606,0.680543,37.898
synthetic/images/img001362.jpg,synthetic_val,1,25057,2,25417,-0.266674,0.0888913,0.948174,-0.148152,148.58
synthetic/images/img001371.jpg,synthetic_val,3,16756,3,34550,0.374809,0.0288315,-0.0864945,0.922608,18.0242
synthetic/images/img001443.jpg,synthetic_val,2,21627,1,46215,-0.55095,0.705215,-0.154266,0.418722,168.483
synthetic/images/img001487.jpg,synthetic_val,1,06711,1,03647,-0.334878,0.824315,-0.128799,-0.437917,34.2269
synthetic/images/img001513.jpg,synthetic_val,3,40345,3,14776,0.337577,-0.441447,-0.0259675,0.830959,100.409
synthetic/images/img001522.jpg,synthetic_val,3,33144,0,03044,0.698464,-0.327405,-0.327405,-0.545675,172.7
synthetic/images/img001552.jpg,synthetic_val,2,17344,0,72601,0.767362,0.0719402,0.599501,0.215821,62.871
synthetic/images/img001554.jpg,synthetic_val,3,25064,3,25371,-0.0275764,0.358493,-0.30334,0.882444,54.0852
synthetic/images/img001564.jpg,synthetic_val,0,47742,3,70060,0.0304997,0.152499,0.152499,0.975991,102.365
synthetic/images/img001567.jpg,synthetic_val,0,54135,3,05306,-0.17063,-0.511891,-0.316885,0.780024,153.599
synthetic/images/img001588.jpg,synthetic_val,3,65153,0,35156,0.72373,0.65588,0.0678497,-0.203549,166.616
synthetic/images/img001589.jpg,synthetic_val,0,75446,0,74331,0.774521,0.363057,0.314649,0.411464,39.8961
synthetic/images/img001621.jpg,synthetic_val,2,16703,2,17467,0.496065,-0.234978,0.835478,-0.0261087,28.9261
synthetic/images/img001664.jpg,synthetic_val,2,23150,2,21266,-0.327405,0.327405,0.698464,-0.545675,29.8929
synthetic/images/img001665.jpg,synthetic_val,3,14024,1,03632,-0.268773,0.781884,-0.0244339,-0.561979,53.4489
synthetic/images/img001692.jpg,synthetic_val,2,75757,3,76225,0.0634574,0.613422,0.401897,0.676879,81.7304
synthetic/images/img001733.jpg,synthetic_val,3,57026,3,52506,0.240966,-0.348062,0.294514,0.856767,29.2403
synthetic/images/img001747.jpg,synthetic_val,0,42540,1,26003,-0.585769,0.646366,0.38378,-0.302984,20.4705
synthetic/images/img001785.jpg,synthetic_val,0,14333,0,14324,0.791391,0.222579,-0.469888,-0.321503,18.4049
synthetic/images/img001786.jpg,synthetic_val,1,10576,1,15212,0.454912,0.6932,-0.454912,-0.324937,23.1785
synthetic/images/img001848.jpg,synthetic_val,2,32401,2,03536,-0.0760775,-0.228232,0.811493,-0.532542,76.5933
synthetic/images/img001891.jpg,synthetic_val,0,25522,0,07277,0.928805,-0.261226,-0.0290252,-0.261226,28.4388
synthetic/images/img001935.jpg,synthetic_val,2,53627,1,47402,-0.331862,0.707972,-0.287613,0.553103,151.025
synthetic/images/img001937.jpg,synthetic_val,2,20433,2,10345,0.229416,-0.479687,0.667391,-0.521399,117.742
synthetic/images/img001953.jpg,synthetic_val,0,52142,3,03743,-0.131991,-0.131991,-0.501565,0.844742,164.135
synthetic/images/img002019.jpg,synthetic_val,0,15441,1,14060,0.023094,0.739008,-0.623538,-0.254034,87.6775
synthetic/images/img002040.jpg,synthetic_val,2,05657,2,50602,0.0254246,-0.533917,0.813589,0.228822,42.6168
synthetic/images/img002111.jpg,synthetic_val,2,33260,2,02344,-0.48738,-0.148333,0.678094,-0.529761,129.295
synthetic/images/img002128.jpg,synthetic_val,3,47036,3,43647,-0.342224,-0.131625,0.394874,0.842397,17.5785
synthetic/images/img002184.jpg,synthetic_val,1,56314,2,35071,0.557996,0.121303,0.776342,-0.266868,179.336
synthetic/images/img002210.jpg,synthetic_val,3,33112,0,00660,0.615044,-0.595823,-0.365182,-0.365182,169.375
synthetic/images/img002261.jpg,synthetic_val,0,03717,0,43347,0.954905,-0.149204,-0.149204,0.208885,90.7987
synthetic/images/img002317.jpg,synthetic_val,3,06671,3,60050,-0.640141,0.0237089,0.118545,0.758686,25.4908
synthetic/images/img002513.jpg,synthetic_val,2,43374,2,65210,-0.282609,0.231226,0.822136,0.43676,51.4069
synthetic/images/img002526.jpg,synthetic_val,1,10522,2,43666,-0.390567,-0.0260378,0.833209,0.390567,87.5533
synthetic/images/img002546.jpg,synthetic_val,0,21767,3,26155,-0.414388,0.414388,-0.219382,0.780024,71.4583
synthetic/images/img002607.jpg,synthetic_val,3,26406,3,17177,0.66903,-0.194235,-0.194235,0.690612,176.248
synthetic/images/img002637.jpg,synthetic_val,3,75476,3,75650,0.429826,0.184211,0.59357,0.654974,7.34815
synthetic/images/img002681.jpg,synthetic_val,1,35424,0,35463,0.842397,0.500173,0.184274,-0.0789747,59.152
synthetic/images/img002702.jpg,synthetic_val,1,44336,3,14177,0.339248,-0.565414,-0.203549,0.72373,161.698
synthetic/images/img002708.jpg,synthetic_val,0,67430,0,65615,0.73125,-0.205664,0.205664,0.616992,29.0786
synthetic/images/img002744.jpg,synthetic_val,0,22274,2,11423,0.37707,-0.496145,0.635066,-0.456453,25.8534
synthetic/images/img002756.jpg,synthetic_val,3,52435,3,56341,0.272041,-0.173117,0.51935,0.791391,33.8236
synthetic/images/img002786.jpg,synthetic_val,0,60047,0,06663,0.739008,-0.669726,-0.023094,-0.069282,27.2146
synthetic/images/img002790.jpg,synthetic_val,3,07160,3,31644,0.414388,0.219382,-0.414388,0.780024,95.6001
synthetic/images/img002914.jpg,synthetic_val,0,30030,3,07707,-0.150824,-0.150824,-0.150824,0.965275,71.2253
synthetic/images/img003032.jpg,synthetic_val,0,72612,0,27254,0.743784,-0.255676,0.581081,-0.209189,68.0336
synthetic/images/img003033.jpg,synthetic_val,1,35215,2,04344,-0.494538,-0.494538,0.688053,-0.193515,128.703
synthetic/images/img003084.jpg,synthetic_val,0,54260,0,54217,0.739008,0.161658,-0.484974,0.438786,17.1184
synthetic/images/img003123.jpg,synthetic_val,0,51566,2,51601,0.425385,-0.51494,0.716438,0.201498,147.803
synthetic/images/img003138.jpg,synthetic_val,0,47035,0,47222,0.8157,-0.38236,-0.0254906,0.433341,33.2017
synthetic/images/img003139.jpg,synthetic_val,0,42237,0,60163,0.8157,-0.535303,0.178434,0.127453,25.4822
synthetic/images/img003170.jpg,synthetic_val,2,23576,2,27570,-0.0779024,0.545317,0.830959,-0.0779024,38.7434
synthetic/images/img003285.jpg,synthetic_val,0,24341,0,24721,0.780024,-0.511891,0.316885,-0.17063,16.3332
synthetic/images/img003304.jpg,synthetic_val,0,13522,0,13722,0.685522,0.535564,-0.0214226,-0.492719,17.4107
synthetic/images/img003328.jpg,synthetic_val,2,25340,1,17024,0.424602,0.799251,-0.274743,-0.324696,174.589
synthetic/images/img003377.jpg,synthetic_val,3,56512,3,56761,0.246276,-0.067166,0.649272,0.716438,28.889
synthetic/images/img003378.jpg,synthetic_val,3,61520,0,61701,0.919555,-0.143681,0.258625,0.258625,171.649
synthetic/images/img003401.jpg,synthetic_val,3,43731,0,61111,0.998538,-0.0312043,0.0312043,0.0312043,177.416
synthetic/images/img003584.jpg,synthetic_val,0,12027,0,03316,0.734324,-0.0688428,-0.114738,-0.665481,18.5447
synthetic/images/img003639.jpg,synthetic_val,1,40302,1,40766,-0.505892,0.703849,-0.37392,0.329929,38.2507
synthetic/images/img003649.jpg,synthetic_val,0,47236,0,46371,0.762121,-0.404877,-0.0714488,0.500142,18.9749
synthetic/images/img003707.jpg,synthetic_val,3,71601,3,71654,0.499011,0.213862,0.356436,0.760398,16.9133
synthetic/images/img003736.jpg,synthetic_val,3,50746,3,52576,0.33577,-0.232456,0.387427,0.826512,34.2905
synthetic/images/img003783.jpg,synthetic_val,3,42054,3,40211,-0.535564,-0.492719,0.0214226,0.685522,23.0238
synthetic/images/img003795.jpg,synthetic_val,1,43471,2,43611,-0.2561,-0.199189,0.910577,0.2561,147.736
synthetic/images/img003805.jpg,synthetic_val,3,24451,3,24473,-0.605095,0.169426,-0.0726113,0.774521,16.0846
synthetic/images/img003830.jpg,synthetic_val,0,50374,0,50623,0.854321,0.0800926,-0.453858,0.240278,26.7115
synthetic/images/img003864.jpg,synthetic_val,2,70261,2,61347,-0.143208,0.315058,0.916533,0.200492,27.5126
synthetic/images/img003870.jpg,synthetic_val,3,34032,3,06234,-0.61443,-0.06827,-0.295837,0.728214,98.1176
synthetic/images/img003877.jpg,synthetic_val,3,14351,3,15750,0.59159,-0.469192,-0.061199,0.652789,37.9605
synthetic/images/img003878.jpg,synthetic_val,0,06313,0,07611,0.922608,-0.259483,-0.20182,-0.20182,32.0972
synthetic/images/img003880.jpg,synthetic_val,2,40377,2,43473,-0.244497,-0.244497,0.869321,0.353162,36.7701
synthetic/images/img003901.jpg,synthetic_val,3,34251,3,34454,0.15423,0.030846,-0.030846,0.987072,39.9413
synthetic/images/img003987.jpg,synthetic_val,1,65624,3,63656,-0.240097,0.589329,0.327405,0.698464,19.6757
synthetic/images/img004110.jpg,synthetic_val,0,02715,0,03646,0.809414,-0.379413,-0.126471,-0.430001,11.4041
synthetic/images/img004258.jpg,synthetic_val,1,02715,1,02552,-0.434179,0.73125,-0.29707,-0.434179,19.2495
synthetic/images/img004429.jpg,synthetic_val,3,35702,3,35761,0.61443,0.295837,-0.06827,0.728214,10.7701
synthetic/images/img004489.jpg,synthetic_val,0,14460,0,05545,0.713582,-0.111497,-0.691283,-0.0222994,17.8751
synthetic/images/img004509.jpg,synthetic_val,2,27562,2,72214,0.121879,0.609394,0.780024,0.0731272,39.7081
synthetic/images/img004586.jpg,synthetic_val,0,74361,0,74260,0.791391,0.024731,0.321503,0.51935,26.6854
synthetic/images/img004672.jpg,synthetic_val,1,16173,1,17073,0.549021,0.763856,-0.214834,-0.262575,19.3453
synthetic/images/img004684.jpg,synthetic_val,0,35426,0,57132,0.676879,0.613422,-0.190372,0.359592,79.0999
synthetic/images/img004686.jpg,synthetic_val,2,71602,2,70733,0.380387,0.380387,0.811493,0.228232,10.5268
synthetic/images/img004707.jpg,synthetic_val,2,13623,2,13260,0.375376,-0.0662428,0.706589,-0.596185,13.6278
synthetic/images/img004738.jpg,synthetic_val,1,42637,2,24551,-0.467379,0.0274929,0.879772,-0.0824786,149.926
synthetic/images/img004784.jpg,synthetic_val,0,66565,0,53665,0.795292,0.472205,-0.0745586,0.372793,124.272
synthetic/images/img004815.jpg,synthetic_val,3,60376,3,60737,-0.417374,0.368271,0.270066,0.785646,13.2471
synthetic/images/img004848.jpg,synthetic_val,0,71074,0,71077,0.787547,0.566049,0.172276,0.172276,8.32567
synthetic/images/img005045.jpg,synthetic_val,0,16421,0,34154,0.896179,0.364073,0.0280056,-0.25205,52.0246
synthetic/images/img005049.jpg,synthetic_val,1,26504,1,26143,-0.475923,0.725215,0.430597,-0.249293,17.2381
synthetic/images/img005080.jpg,synthetic_val,3,47333,3,65513,-0.0245514,0.0736543,0.613786,0.785646,21.0742
synthetic/images/img005103.jpg,synthetic_val,0,07662,0,65612,0.735875,-0.252957,0.252957,0.574903,87.7812
synthetic/images/img005113.jpg,synthetic_val,2,04075,1,31175,0.603909,0.62339,0.0974047,-0.487023,119.285
synthetic/images/img005155.jpg,synthetic_val,1,70151,2,71237,0.544084,0.354837,0.756986,0.0709674,110.741
synthetic/images/img005184.jpg,synthetic_val,3,61260,0,61535,0.935129,-0.0292228,0.146114,0.321451,169.327
synthetic/images/img005334.jpg,synthetic_val,1,34526,1,34166,0.2561,0.910577,0.199189,-0.2561,14.4599
synthetic/images/img005335.jpg,synthetic_val,3,40305,3,40356,-0.438786,-0.484974,0.161658,0.739008,11.0024
synthetic/images/img005381.jpg,synthetic_val,1,67527,2,70654,0.135831,0.244497,0.869321,0.407494,75.1084
synthetic/images/img005452.jpg,synthetic_val,3,74113,3,52723,0.314029,-0.0285481,0.256933,0.91354,27.7294
synthetic/images/img005483.jpg,synthetic_val,2,74304,2,70503,0.313011,0.0853666,0.910577,0.2561,34.1319
synthetic/images/img005528.jpg,synthetic_val,3,21575,3,03727,-0.129488,-0.0258977,-0.543852,0.828726,25.8769
synthetic/images/img005529.jpg,synthetic_val,0,50423,3,05652,-0.275431,-0.525822,-0.0751175,0.801253,178.731
synthetic/images/img005542.jpg,synthetic_val,1,34066,1,34076,0.145617,0.931951,0.203864,-0.262111,12.931
synthetic/images/img005617.jpg,synthetic_val,0,36017,0,34222,0.833209,0.0260378,0.390567,-0.390567,19.2949
synthetic/images/img005646.jpg,synthetic_val,0,02067,0,02672,0.695817,-0.587095,-0.0217443,-0.413141,21.7081
synthetic/images/img005668.jpg,synthetic_val,3,05226,3,02774,-0.463139,-0.0731272,-0.414388,0.780024,40.2497
synthetic/images/img005800.jpg,synthetic_val,2,13466,2,21124,-0.158968,0.113548,0.72671,-0.658581,85.0106
synthetic/images/img005805.jpg,synthetic_val,3,43457,0,47106,0.799251,-0.174836,-0.324696,0.474555,162.23
synthetic/images/img005828.jpg,synthetic_val,2,56231,1,35442,0.465972,0.877124,0.0822304,-0.0822304,173.834
synthetic/images/img005871.jpg,synthetic_val,0,16017,0,12644,0.866766,0.0270864,-0.189605,-0.46047,29.0997
synthetic/images/img005967.jpg,synthetic_val,2,07515,2,52120,0.256933,-0.314029,0.91354,0.0285481,38.3507
synthetic/images/img006003.jpg,synthetic_val,1,36740,1,36526,0.220963,0.785646,0.564683,-0.122757,6.16622
synthetic/images/img006099.jpg,synthetic_val,3,43741,3,43754,-0.0829819,-0.193624,0.41491,0.88514,7.41046
synthetic/images/img006184.jpg,synthetic_val,2,57253,2,67400,-0.322525,0.365528,0.688053,0.537541,113.096
synthetic/images/img006210.jpg,synthetic_val,1,12105,1,44235,-0.513422,0.65718,-0.390201,0.390201,157.339
synthetic/images/img006221.jpg,synthetic_val,1,75652,1,72310,0.304808,0.750298,0.58617,0.0234468,81.1076
synthetic/images/img006421.jpg,synthetic_val,1,43345,1,16651,0.208145,0.951522,-0.208145,-0.0892052,51.2779
synthetic/images/img006587.jpg,synthetic_val,3,30024,2,30060,0.0237089,0.118545,0.758686,-0.640141,29.0381
synthetic/images/img006641.jpg,synthetic_val,3,40701,3,14155,0.313385,-0.647663,-0.188031,0.668555,104.718
synthetic/images/img006682.jpg,synthetic_val,2,05567,2,50201,0.0758825,-0.581766,0.809414,0.0252942,21.6227
synthetic/images/img006689.jpg,synthetic_val,1,34602,2,07503,-0.140469,-0.36522,0.899004,-0.196657,179.353
synthetic/images/img006716.jpg,synthetic_val,3,64130,0,54262,0.763856,0.0238705,-0.405798,0.50128,165.931
synthetic/images/img006781.jpg,synthetic_val,1,71647,1,73444,0.397722,0.748653,0.397722,0.350931,18.5055
synthetic/images/img006795.jpg,synthetic_val,3,35141,3,17126,0.57369,-0.206529,-0.298319,0.734324,25.2135
synthetic/images/img006865.jpg,synthetic_val,0,05553,0,27377,0.703849,-0.0219953,0.681854,-0.197958,173.453
synthetic/images/img006877.jpg,synthetic_val,3,44123,3,44033,-0.493817,-0.493817,0.335795,0.632085,8.24096
synthetic/images/img006926.jpg,synthetic_val,0,52222,0,17641,0.842397,0.500173,-0.184274,-0.0789747,63.2382
synthetic/images/img006943.jpg,synthetic_val,2,25723,2,25770,-0.0862083,0.373569,0.919555,-0.0862083,14.6863
synthetic/images/img006945.jpg,synthetic_val,0,74110,3,70503,0.313011,0.0853666,0.2561,0.910577,94.3034
synthetic/images/img006959.jpg,synthetic_val,1,73421,1,73434,0.466436,0.71076,0.466436,0.244324,4.71615
synthetic/images/img007056.jpg,synthetic_val,2,61312,2,61340,-0.203864,0.262111,0.931951,0.145617,22.2704
synthetic/images/img007093.jpg,synthetic_val,0,20554,0,25216,0.844742,-0.29038,0.29038,-0.343176,34.8247
synthetic/images/img007102.jpg,synthetic_val,2,42062,1,47241,-0.316885,0.780024,-0.17063,0.511891,179.906
synthetic/images/img007118.jpg,synthetic_val,1,17564,2,56637,0.164854,-0.0235506,0.753619,0.635866,167.22
synthetic/images/img007134.jpg,synthetic_val,1,14112,2,72122,0.222579,0.568812,0.791391,0.024731,174.012
synthetic/images/img007190.jpg,synthetic_val,3,63511,3,63772,-0.0645049,0.666551,0.279521,0.688053,34.0294
synthetic/images/img007200.jpg,synthetic_val,1,62004,2,60410,-0.630298,0.0233444,0.74702,0.210099,89.3518
synthetic/images/img007226.jpg,synthetic_val,1,70561,2,73030,0.480888,0.480888,0.732782,0.0228994,96.7201
synthetic/images/img007259.jpg,synthetic_val,1,03633,1,03324,-0.159628,0.729727,-0.0684119,-0.661315,16.0071
synthetic/images/img007277.jpg,synthetic_val,1,20070,3,15667,0.464244,-0.415376,-0.0244339,0.781884,38.6584
synthetic/images/img007304.jpg,synthetic_val,1,67607,2,60570,-0.478148,0.125828,0.805302,0.327154,75.1854
synthetic/images/img007368.jpg,synthetic_val,0,15601,3,10434,0.106143,-0.573172,-0.445801,0.679315,174.438
synthetic/images/img007375.jpg,synthetic_val,3,60355,3,60352,-0.485586,0.281129,0.127786,0.817829,9.84909
synthetic/images/img007457.jpg,synthetic_val,1,24716,1,42227,-0.669726,0.739008,-0.023094,0.069282,46.4425
synthetic/images/img007647.jpg,synthetic_val,1,40131,2,72604,0.0237624,0.594061,0.760398,0.261387,177.591
synthetic/images/img007698.jpg,synthetic_val,3,51607,0,52064,0.925691,0.0289278,-0.318206,0.202495,125.146
synthetic/images/img007753.jpg,synthetic_val,1,06367,1,06666,-0.695445,0.717879,-0.0224337,-0.0224337,28.5744
synthetic/images/img007805.jpg,synthetic_val,3,50362,3,50321,0.283358,-0.489437,0.0257599,0.824315,11.9961
synthetic/images/img007914.jpg,synthetic_val,0,23163,0,23213,0.605284,-0.170236,0.510708,-0.586369,11.7921
synthetic/images/img007917.jpg,synthetic_val,3,43063,3,43304,-0.208145,-0.208145,0.0892052,0.951522,19.8631
synthetic/images/img007921.jpg,synthetic_val,1,76027,2,71414,0.527146,0.0251022,0.80327,0.276124,109.136
synthetic/images/img007928.jpg,synthetic_val,0,11115,0,11510,0.552464,0.50067,-0.535199,-0.397083,11.3363
synthetic/images/img007932.jpg,synthetic_val,3,05105,3,36336,0.269723,0.643187,-0.269723,0.663935,173.021
synthetic/images/img007937.jpg,synthetic_val,3,21733,3,32422,0.0219107,0.503945,-0.503945,0.701141,19.4305
synthetic/images/img007966.jpg,synthetic_val,1,43050,2,25344,-0.199189,0.2561,0.910577,-0.2561,167.942
synthetic/images/img007975.jpg,synthetic_val,0,73476,0,72136,0.769133,0.31246,0.552814,0.0721062,33.18
synthetic/images/img008000.jpg,synthetic_val,1,03651,2,60350,-0.492056,0.233079,0.828726,0.129488,172.179
synthetic/images/img008053.jpg,synthetic_val,3,53223,3,35453,0.580283,0.0756891,-0.0756891,0.80735,22.8442
synthetic/images/img008078.jpg,synthetic_val,2,42321,2,27421,-0.316885,0.511891,0.780024,-0.17063,76.9232
synthetic/images/img008083.jpg,synthetic_val,1,74277,1,74633,0.159628,0.729727,0.342059,0.570099,2.65325
synthetic/images/img008181.jpg,synthetic_val,0,44545,0,26630,0.622446,-0.525188,0.564091,-0.13616,162.543
synthetic/images/img008191.jpg,synthetic_val,2,72471,2,72047,0.0789747,0.500173,0.842397,0.184274,21.5187
synthetic/images/img008253.jpg,synthetic_val,1,20437,0,42243,0.73125,-0.662695,-0.114258,0.114258,43.65
synthetic/images/img008398.jpg,synthetic_val,2,15315,2,15310,0.56667,-0.449428,0.625291,-0.293105,5.36693
synthetic/images/img008493.jpg,synthetic_val,0,65574,0,65754,0.702491,-0.0658586,0.197576,0.680538,11.6004
synthetic/images/img008515.jpg,synthetic_val,0,01263,0,03015,0.686784,-0.193158,-0.32193,-0.622398,14.3749
synthetic/images/img008562.jpg,synthetic_val,1,45005,2,17515,0.655727,-0.317287,0.676879,-0.105762,66.6713
synthetic/images/img008609.jpg,synthetic_val,3,03405,0,00666,0.632085,-0.612333,-0.335795,-0.335795,173.708
synthetic/images/img008715.jpg,synthetic_val,3,64036,3,64400,-0.606678,0.0195703,0.489256,0.626248,21.0689
synthetic/images/img008747.jpg,synthetic_val,1,61574,1,61144,-0.208885,0.954905,0.0298408,0.208885,32.9138
synthetic/images/img008812.jpg,synthetic_val,1,06347,1,06727,-0.543852,0.828726,-0.0258977,-0.129488,16.1565
synthetic/images/img008856.jpg,synthetic_val,2,63174,2,36464,0.0261087,0.548282,0.835478,-0.0261087,27.3989
synthetic/images/img008863.jpg,synthetic_val,0,75464,3,73101,0.597351,0.37611,0.0221241,0.707972,15.1789
synthetic/images/img008866.jpg,synthetic_val,2,07551,2,07551,-0.028183,-0.422745,0.901856,-0.084549,1.93132
synthetic/images/img008868.jpg,synthetic_val,2,47124,2,47162,-0.175274,-0.225352,0.801253,0.525822,8.23344
synthetic/images/img008947.jpg,synthetic_val,3,60163,3,60301,-0.533917,0.228822,0.0254246,0.813589,13.2293
synthetic/images/img008965.jpg,synthetic_val,0,56410,0,25772,0.899004,-0.0842816,0.421408,-0.0842816,125.78
synthetic/images/img008968.jpg,synthetic_val,3,60055,3,60033,-0.606517,0.169825,0.0242607,0.776342,22.6676
synthetic/images/img008999.jpg,synthetic_val,0,70053,0,53256,0.8157,0.535303,-0.127453,0.178434,47.8697
synthetic/images/img009018.jpg,synthetic_val,1,63131,1,27543,-0.132733,0.849491,0.504385,-0.0796398,17.8088
synthetic/images/img009103.jpg,synthetic_val,0,04336,0,07016,0.830959,-0.285642,-0.337577,-0.337577,22.3284
synthetic/images/img009175.jpg,synthetic_val,3,70172,3,16376,0.364073,-0.0280056,-0.25205,0.896179,52.1876
synthetic/images/img009184.jpg,synthetic_val,1,46770,3,63607,-0.287613,0.597351,0.243365,0.707972,41.7527
synthetic/images/img009259.jpg,synthetic_val,1,63606,1,63077,-0.219382,0.780024,0.560642,0.17063,16.7032
synthetic/images/img009270.jpg,synthetic_val,3,34252,0,34551,0.901856,0.422745,0.028183,-0.084549,157.711
synthetic/images/img009280.jpg,synthetic_val,3,53536,3,35357,0.662884,0.235217,-0.19245,0.684267,71.6995
synthetic/images/img009318.jpg,synthetic_val,2,45224,2,46373,-0.405798,-0.0238705,0.763856,0.50128,46.9458
synthetic/images/img009384.jpg,synthetic_val,1,54703,3,32736,0.255196,0.608545,-0.41224,0.628176,13.7227
synthetic/images/img009414.jpg,synthetic_val,3,24153,3,25444,-0.424094,0.028273,-0.028273,0.904735,34.6214
synthetic/images/img009443.jpg,synthetic_val,0,54316,3,62574,-0.419537,0.463699,0.331214,0.706589,177.298
synthetic/images/img009640.jpg,synthetic_val,3,17026,3,13631,0.50298,-0.0656061,-0.50298,0.699798,32.6087
synthetic/images/img009666.jpg,synthetic_val,1,35055,1,35461,0.504385,0.849491,0.132733,-0.0796398,25.2071
synthetic/images/img009693.jpg,synthetic_val,0,73150,1,71422,0.447523,0.842397,0.184274,0.236924,45.1227
synthetic/images/img009720.jpg,synthetic_val,2,13415,2,13452,0.470162,-0.291053,0.716438,-0.425385,6.63712
synthetic/images/img009801.jpg,synthetic_val,2,73033,2,71632,0.499011,0.356436,0.760398,0.213862,29.7083
synthetic/images/img009880.jpg,synthetic_val,1,15775,1,17521,0.615707,0.729727,-0.250844,-0.159628,25.2722
synthetic/images/img009887.jpg,synthetic_val,2,45507,2,45666,-0.30006,-0.340068,0.640128,0.620124,35.1741
synthetic/images/img009916.jpg,synthetic_val,3,07357,3,07711,-0.0298408,-0.208885,-0.208885,0.954905,10.5765
synthetic/images/img009933.jpg,synthetic_val,0,13450,3,13044,0.365528,-0.322525,-0.537541,0.688053,178.969
synthetic/images/img009943.jpg,synthetic_val,0,63331,1,06637,-0.610847,0.781884,-0.0244339,-0.122169,121.26
synthetic/images/img010030.jpg,synthetic_val,2,06433,1,30721,0.25623,0.745396,0.302817,-0.535754,179.857
synthetic/images/img010063.jpg,synthetic_val,3,24700,3,42530,-0.476942,-0.276124,0.22592,0.80327,74.34
synthetic/images/img010079.jpg,synthetic_val,2,70124,2,70433,0.20182,0.20182,0.922608,0.259483,22.9783
synthetic/images/img010088.jpg,synthetic_val,2,41463,2,14434,0.117753,-0.635866,0.753619,-0.117753,68.8884
synthetic/images/img010124.jpg,synthetic_val,3,52104,3,52342,0.26482,-0.147122,0.147122,0.941584,32.7422
synthetic/images/img010133.jpg,synthetic_val,2,43434,1,70746,0.23627,0.840072,0.288775,0.393784,174.002
synthetic/images/img010151.jpg,synthetic_val,2,30273,3,03000,-0.303978,-0.303978,-0.628221,0.648486,21.0349
synthetic/images/img010177.jpg,synthetic_val,1,37471,2,35047,0.494718,0.0781133,0.833209,-0.23434,89.7454
synthetic/images/img010220.jpg,synthetic_val,0,55012,2,02506,-0.494538,-0.279521,0.688053,-0.451535,28.9853
synthetic/images/img010238.jpg,synthetic_val,2,12623,3,12223,0.067166,-0.0223887,-0.694049,0.716438,26.7725
synthetic/images/img010321.jpg,synthetic_val,0,74725,0,74534,0.725215,0.294619,0.113315,0.6119,20.6423
synthetic/images/img010413.jpg,synthetic_val,2,67233,1,35642,0.447523,0.842397,0.289574,-0.0789747,104.072
synthetic/images/img010451.jpg,synthetic_val,2,41625,1,76101,0.265003,0.770916,0.409549,0.409549,177.495
synthetic/images/img010453.jpg,synthetic_val,1,47655,3,27651,-0.215821,0.599501,-0.0719402,0.767362,17.4909
synthetic/images/img010478.jpg,synthetic_val,1,05530,1,61116,-0.092538,0.987072,0.092538,0.092538,94.6895
synthetic/images/img010504.jpg,synthetic_val,0,05705,3,60352,-0.485586,0.281129,0.127786,0.817829,105.783
synthetic/images/img010547.jpg,synthetic_val,3,57502,3,31731,0.598482,0.250976,-0.444035,0.617788,130.215
synthetic/images/img010583.jpg,synthetic_val,3,50604,3,14507,0.245294,-0.646684,-0.111497,0.713582,52.5687
synthetic/images/img010589.jpg,synthetic_val,2,56350,1,61767,-0.129142,0.826512,0.387427,0.387427,144.276
synthetic/images/img010628.jpg,synthetic_val,1,26746,1,06726,-0.578811,0.805302,-0.0251657,-0.125828,74.1061
synthetic/images/img010644.jpg,synthetic_val,0,01216,0,01665,0.745396,-0.302817,-0.442579,-0.395992,27.1502
synthetic/images/img010697.jpg,synthetic_val,0,47626,0,47700,0.765603,-0.167476,-0.167476,0.598127,25.8258
synthetic/images/img010700.jpg,synthetic_val,1,63160,2,05703,-0.127453,-0.535303,0.8157,-0.178434,179.013
synthetic/images/img010701.jpg,synthetic_val,2,67235,1,35466,0.46047,0.866766,0.189605,-0.0270864,112.568
synthetic/images/img010723.jpg,synthetic_val,2,74242,2,74070,0.128459,0.128459,0.822136,0.539527,19.292
synthetic/images/img010791.jpg,synthetic_val,1,63535,1,72426,0.0244339,0.781884,0.561979,0.268773,7.79581
synthetic/images/img010813.jpg,synthetic_val,2,12763,1,14264,0.0261087,0.835478,-0.496065,-0.234978,143.475
synthetic/images/img010897.jpg,synthetic_val,0,21057,0,21147,0.780024,-0.121879,0.0731272,-0.609394,10.0082
synthetic/images/img010934.jpg,synthetic_val,2,63444,2,67002,-0.344214,0.436005,0.734324,0.390109,6.15028
synthetic/images/img010974.jpg,synthetic_val,3,57527,3,57722,0.524142,-0.0209657,0.524142,0.670902,16.4095
synthetic/images/img011010.jpg,synthetic_val,3,07476,3,34434,0.150824,0.150824,-0.150824,0.965275,71.4416
synthetic/images/img011172.jpg,synthetic_val,1,56765,2,35306,0.567742,0.249807,0.72671,-0.295226,172.474
synthetic/images/img011177.jpg,synthetic_val,0,37124,2,30571,0.370965,0.123655,0.791391,-0.469888,74.595
synthetic/images/img011247.jpg,synthetic_val,2,52225,2,43373,-0.030846,-0.030846,0.987072,0.15423,14.5434
synthetic/images/img011311.jpg,synthetic_val,1,50235,1,50265,0.0789747,0.842397,-0.500173,0.184274,16.6985
synthetic/images/img011323.jpg,synthetic_val,2,12574,2,12536,0.313914,-0.217325,0.772712,-0.507093,13.4849
synthetic/images/img011339.jpg,synthetic_val,0,61125,0,43322,0.975991,-0.213498,-0.0304997,0.0304997,20.1487
synthetic/images/img011342.jpg,synthetic_val,3,13767,3,35055,0.568812,0.024731,-0.222579,0.791391,22.3161
synthetic/images/img011364.jpg,synthetic_val,2,40050,1,15225,0.434179,0.73125,-0.434179,-0.29707,34.9281
synthetic/images/img011368.jpg,synthetic_val,2,07540,2,16456,0.143208,-0.372342,0.916533,-0.0286417,39.7505
synthetic/images/img011395.jpg,synthetic_val,2,61733,2,61335,-0.0288315,0.374809,0.922608,0.0864945,17.025
synthetic/images/img011490.jpg,synthetic_val,2,34564,2,70021,0.0921878,0.153646,0.983336,0.0307293,21.9071
synthetic/images/img011513.jpg,synthetic_val,3,26561,3,26504,-0.532299,0.393438,-0.115717,0.74059,12.8861
synthetic/images/img011565.jpg,synthetic_val,2,56343,2,56210,0.134255,-0.187958,0.859235,0.456468,17.3423
synthetic/images/img011611.jpg,synthetic_val,0,23675,3,27047,-0.321503,0.469888,-0.222579,0.791391,85.2996
synthetic/images/img011612.jpg,synthetic_val,3,57721,3,52775,0.389512,-0.0779024,0.389512,0.830959,30.7024
synthetic/images/img011614.jpg,synthetic_val,1,41713,1,14616,0.128459,0.822136,-0.539527,-0.128459,46.1908
synthetic/images/img011683.jpg,synthetic_val,1,05774,1,14667,0.0824786,0.879772,-0.467379,-0.0274929,19.1974
synthetic/images/img011853.jpg,synthetic_val,3,12777,3,16336,0.352124,-0.0270864,-0.352124,0.866766,14.3422
synthetic/images/img011894.jpg,synthetic_val,3,77735,0,77764,0.544725,0.425567,0.493657,0.527703,8.74933
synthetic/images/img011957.jpg,synthetic_val,3,24136,3,20550,-0.454577,0.0239251,-0.454577,0.765603,23.4073
synthetic/images/img011966.jpg,synthetic_val,0,51015,0,15366,0.712167,0.55638,-0.378339,-0.200297,42.5531
synthetic/images/img011990.jpg,synthetic_val,0,16430,0,16426,0.951522,0.0297351,-0.267615,-0.148675,15.0534
synthetic/images/img012043.jpg,synthetic_val,2,60752,2,64352,-0.430597,0.249293,0.725215,0.475923,21.3507
synthetic/images/img012076.jpg,synthetic_val,0,17326,0,52351,0.879772,0.412393,-0.19245,0.137464,61.411
synthetic/images/img012085.jpg,synthetic_val,1,34225,1,34247,0.0853666,0.910577,0.313011,-0.2561,14.9877
synthetic/images/img012124.jpg,synthetic_val,3,31052,3,03707,-0.128459,-0.128459,-0.539527,0.822136,72.1595
synthetic/images/img012300.jpg,synthetic_val,1,27034,1,27430,-0.272041,0.791391,0.51935,-0.173117,13.8963
synthetic/images/img012407.jpg,synthetic_val,1,06465,2,52411,0.188502,-0.403933,0.861723,0.24236,100.561
synthetic/images/img012415.jpg,synthetic_val,0,03631,0,03756,0.871899,-0.0817405,-0.136234,-0.463196,23.1944
synthetic/images/img012425.jpg,synthetic_val,1,17647,1,17651,0.573034,0.797264,-0.174402,-0.0747435,11.8359
synthetic/images/img012434.jpg,synthetic_val,3,42500,3,40701,-0.46101,-0.504916,0.197576,0.702491,21.0629
synthetic/images/img012461.jpg,synthetic_val,3,76462,2,67400,-0.322525,0.365528,0.688053,0.537541,43.4831
synthetic/images/img012476.jpg,synthetic_val,0,70423,0,70046,0.972379,0.0303869,0.0911606,0.212708,16.487
synthetic/images/img012509.jpg,synthetic_val,1,31527,1,17461,0.488143,0.822136,-0.282609,-0.0770752,68.9005
synthetic/images/img012532.jpg,synthetic_val,3,76157,0,71467,0.785646,0.466477,0.17186,0.368271,76.1308
synthetic/images/img012620.jpg,synthetic_val,3,04267,3,04675,-0.557486,-0.423689,-0.0222994,0.713582,19.6119
synthetic/images/img012662.jpg,synthetic_val,2,67121,2,63506,-0.177514,0.481824,0.811493,0.278951,15.6352
synthetic/images/img012670.jpg,synthetic_val,1,43613,1,43720,-0.205262,0.93834,-0.0879694,0.263908,5.96107
synthetic/images/img012676.jpg,synthetic_val,3,03410,3,30502,0.222036,0.0740121,-0.567426,0.789462,72.6331
synthetic/images/img012733.jpg,synthetic_val,0,32406,3,35661,0.480589,0.328824,-0.0758825,0.809414,174.559
synthetic/images/img012758.jpg,synthetic_val,0,40710,0,40330,0.765603,-0.454577,-0.454577,0.0239251,24.3292
synthetic/images/img012817.jpg,synthetic_val,2,11424,2,14222,0.0254906,-0.433341,0.8157,-0.38236,44.5554
synthetic/images/img012842.jpg,synthetic_val,3,24543,3,42712,-0.492056,-0.129488,0.233079,0.828726,44.9163
synthetic/images/img012919.jpg,synthetic_val,0,23237,0,45063,0.673274,-0.273518,-0.525995,0.441836,171.395
synthetic/images/img012954.jpg,synthetic_val,1,62331,2,63366,-0.153375,0.67923,0.701141,0.153375,31.2196
synthetic/images/img013020.jpg,synthetic_val,3,56063,3,54466,0.0195703,-0.489256,0.606678,0.626248,36.6684
synthetic/images/img013044.jpg,synthetic_val,2,20201,3,13662,0.415376,-0.0244339,-0.464244,0.781884,36.5317
synthetic/images/img013062.jpg,synthetic_val,3,36630,1,74011,0.189605,0.866766,0.0270864,0.46047,45.7302
synthetic/images/img013143.jpg,synthetic_val,3,42172,3,70071,0.208885,0.149204,0.149204,0.954905,95.1041
synthetic/images/img013152.jpg,synthetic_val,1,74551,1,74733,0.327405,0.698464,0.327405,0.545675,36.0942
synthetic/images/img013197.jpg,synthetic_val,3,50725,3,52511,0.380387,-0.380387,0.228232,0.811493,17.2546
synthetic/images/img013218.jpg,synthetic_val,2,14753,2,14636,0.135432,-0.46047,0.866766,-0.135432,31.5155
synthetic/images/img013315.jpg,synthetic_val,3,43126,3,43254,-0.312002,-0.198547,0.198547,0.907642,17.2465
synthetic/images/img013407.jpg,synthetic_val,2,30144,1,50767,0.270066,0.785646,-0.417374,0.368271,123.083
synthetic/images/img013470.jpg,synthetic_val,1,43710,1,16630,0.150278,0.961781,-0.090167,-0.21039,61.0307
synthetic/images/img013476.jpg,synthetic_val,0,43160,0,43025,0.879772,-0.357407,-0.302422,0.0824786,16.978
synthetic/images/img013486.jpg,synthetic_val,0,62612,2,57240,0.40036,-0.164854,0.753619,0.494563,68.3303
synthetic/images/img013503.jpg,synthetic_val,3,63101,3,07157,-0.0280056,-0.364073,-0.25205,0.896179,103.01
synthetic/images/img013515.jpg,synthetic_val,0,31041,3,71144,0.606517,0.0242607,0.169825,0.776342,178.768
synthetic/images/img013572.jpg,synthetic_val,2,47376,1,57000,0.397722,0.748653,-0.350931,0.397722,167.709
synthetic/images/img013589.jpg,synthetic_val,0,50767,0,52575,0.801253,0.375587,-0.275431,0.375587,19.2261
synthetic/images/img013712.jpg,synthetic_val,1,55515,2,55344,0.480503,-0.442063,0.615044,0.442063,167.865
synthetic/images/img013719.jpg,synthetic_val,0,51434,1,61421,-0.360694,0.887862,0.138728,0.249711,165.428
synthetic/images/img013815.jpg,synthetic_val,3,46167,3,46166,-0.494538,-0.193515,0.494538,0.688053,3.51816
synthetic/images/img013823.jpg,synthetic_val,3,71607,3,71066,0.45257,0.186352,0.186352,0.851896,16.9497
synthetic/images/img013853.jpg,synthetic_val,2,04136,1,36075,0.175274,0.801253,0.525822,-0.225352,172.164
synthetic/images/img013871.jpg,synthetic_val,0,47136,3,60175,-0.456468,0.134255,0.187958,0.859235,177.529
synthetic/images/img013907.jpg,synthetic_val,3,52670,3,70021,0.0921878,0.153646,0.0307293,0.983336,49.4599
synthetic/images/img013966.jpg,synthetic_val,2,66607,3,65554,-0.067166,0.0223887,0.694049,0.716438,80.28
synthetic/images/img013984.jpg,synthetic_val,0,42757,0,42472,0.715006,-0.603286,-0.201095,0.290471,25.9105
synthetic/images/img014020.jpg,synthetic_val,1,71716,1,71527,0.615707,0.729727,0.159628,0.250844,10.2693
synthetic/images/img014052.jpg,synthetic_val,0,46540,0,45602,0.665081,-0.311757,-0.436459,0.519594,22.6648
synthetic/images/img014089.jpg,synthetic_val,1,50161,1,50522,0.211487,0.751953,-0.587463,0.211487,13.8246
synthetic/images/img014092.jpg,synthetic_val,3,21620,3,23012,-0.221467,0.382533,-0.624133,0.644266,20.2214
synthetic/images/img014104.jpg,synthetic_val,2,40267,1,14232,0.126471,0.809414,-0.430001,-0.379413,89.7498
synthetic/images/img014162.jpg,synthetic_val,0,71751,0,71507,0.737437,0.622212,0.0691347,0.253494,17.1037
synthetic/images/img014177.jpg,synthetic_val,3,30677,0,06466,0.703849,-0.681854,-0.197958,-0.0219953,173.06
synthetic/images/img014238.jpg,synthetic_val,1,44112,1,41665,-0.308216,0.758686,-0.45047,0.355634,20.8972
synthetic/images/img014248.jpg,synthetic_val,2,61523,2,61350,-0.0888913,0.266674,0.948174,0.148152,18.2403
synthetic/images/img014260.jpg,synthetic_val,2,25544,1,25471,-0.266674,0.948174,0.148152,-0.0888913,153.103
synthetic/images/img014276.jpg,synthetic_val,2,07107,2,07055,-0.239596,-0.399326,0.851896,-0.239596,20.1162
synthetic/images/img014339.jpg,synthetic_val,3,46454,3,56207,0.0796398,-0.132733,0.504385,0.849491,77.6031
synthetic/images/img014368.jpg,synthetic_val,3,36133,3,32224,0.0192201,0.557383,-0.557383,0.615044,44.3719
synthetic/images/img014379.jpg,synthetic_val,1,35676,1,53601,0.488143,0.822136,-0.179842,0.231226,71.5459
synthetic/images/img014435.jpg,synthetic_val,3,35560,3,35177,0.674072,0.15221,-0.195698,0.695817,17.5833
synthetic/images/img014462.jpg,synthetic_val,3,10212,2,21270,-0.243365,0.287613,0.707972,-0.597351,25.7201
synthetic/images/img014567.jpg,synthetic_val,0,60337,1,65342,-0.173117,0.791391,0.272041,0.51935,143.668
synthetic/images/img014596.jpg,synthetic_val,2,07171,2,07555,-0.028273,-0.424094,0.904735,-0.028273,38.0333
synthetic/images/img014635.jpg,synthetic_val,1,47764,3,05577,-0.0246108,-0.615271,-0.0246108,0.787547,168.874
synthetic/images/img014660.jpg,synthetic_val,0,34472,0,34434,0.965275,0.150824,0.150824,-0.150824,12.2563
synthetic/images/img014742.jpg,synthetic_val,1,51633,1,53411,0.533443,0.742182,-0.347898,0.208739,6.14507
synthetic/images/img014764.jpg,synthetic_val,0,42043,1,42430,-0.610647,0.72373,-0.248782,0.203549,71.8096
synthetic/images/img014900.jpg,synthetic_val,1,50345,1,50524,0.203549,0.72373,-0.610647,0.248782,12.7494
synthetic/images/img014918.jpg,synthetic_val,1,14061,1,14436,0.121303,0.776342,-0.606517,-0.121303,16.8576
synthetic/images/img014964.jpg,synthetic_val,3,17356,3,17337,0.667787,-0.0215415,-0.28004,0.689329,16.3158
synthetic/images/img014971.jpg,synthetic_val,0,61517,0,61471,0.887862,-0.249711,0.138728,0.360694,28.4794
synthetic/images/img014977.jpg,synthetic_val,0,52355,0,52566,0.851896,0.239596,-0.239596,0.399326,31.4243
synthetic/images/img014979.jpg,synthetic_val,2,36472,2,36473,0.174402,0.573034,0.797264,-0.0747435,4.55537
synthetic/images/img015000.jpg,synthetic_val,2,25563,2,61130,-0.0921878,0.153646,0.983336,0.0307293,18.9457
synthetic/images/img015038.jpg,synthetic_val,3,52112,3,52112,0.352124,-0.352124,0.0270864,0.866766,2.57494
synthetic/images/img015041.jpg,synthetic_val,1,12606,2,70624,0.0275764,0.358493,0.882444,0.30334,179.124
synthetic/images/img015061.jpg,synthetic_val,0,52176,0,52751,0.835478,0.39163,-0.182761,0.339413,19.1951
synthetic/images/img015080.jpg,synthetic_val,2,57250,2,51651,0.484775,-0.484775,0.674469,0.274003,42.8725
synthetic/images/img015096.jpg,synthetic_val,3,45772,2,47427,-0.290471,-0.201095,0.715006,0.603286,36.8336
synthetic/images/img015163.jpg,synthetic_val,0,52665,3,52370,0.371126,-0.0856444,0.142741,0.91354,90.4507
synthetic/images/img015229.jpg,synthetic_val,2,24563,2,21547,-0.136234,0.0817405,0.871899,-0.463196,62.1973
synthetic/images/img015299.jpg,synthetic_val,3,75227,3,71436,0.51935,0.173117,0.272041,0.791391,29.7301
synthetic/images/img015322.jpg,synthetic_val,0,65005,3,60177,-0.45257,0.186352,0.186352,0.851896,176.084
synthetic/images/img015382.jpg,synthetic_val,2,10230,2,12265,0.0734773,-0.0734773,0.783758,-0.612311,39.0065
synthetic/images/img015482.jpg,synthetic_val,0,50454,3,05661,-0.328824,-0.480589,-0.0758825,0.809414,177.404
synthetic/images/img015599.jpg,synthetic_val,0,24176,0,25355,0.928805,-0.0290252,0.261226,-0.261226,52.5689
synthetic/images/img015688.jpg,synthetic_val,1,52125,1,34766,0.246691,0.877124,0.411152,-0.0274101,85.1237
synthetic/images/img015793.jpg,synthetic_val,3,74375,3,75270,0.46101,0.285387,0.46101,0.702491,17.3947
synthetic/images/img015833.jpg,synthetic_val,2,63743,2,36467,0.0758825,0.581766,0.809414,-0.0252942,43.6407
synthetic/images/img015875.jpg,synthetic_val,1,46110,1,47032,-0.282609,0.822136,-0.231226,0.43676,25.1525
synthetic/images/img015910.jpg,synthetic_val,0,16372,3,74300,0.23434,0.23434,0.442642,0.833209,179.73
synthetic/images/img015926.jpg,synthetic_val,3,36437,0,36600,0.776342,0.0242607,0.606517,-0.169825,172.94
synthetic/images/img015985.jpg,synthetic_val,1,71726,1,71434,0.523205,0.797264,0.124573,0.27406,25.6917
synthetic/images/img016003.jpg,synthetic_val,2,60712,1,06166,-0.555387,0.772712,-0.217325,-0.217325,151.487
synthetic/images/img016016.jpg,synthetic_val,1,71430,3,71303,0.623538,0.254034,0.023094,0.739008,91.6273
synthetic/images/img016029.jpg,synthetic_val,1,36426,1,27573,-0.0252942,0.809414,0.581766,-0.0758825,11.1521
synthetic/images/img016040.jpg,synthetic_val,3,37006,3,32750,0.278493,0.535564,-0.407029,0.685522,25.5562
synthetic/images/img016063.jpg,synthetic_val,2,52755,2,71514,0.650578,0.0224337,0.717879,0.246771,42.0009
synthetic/images/img016081.jpg,synthetic_val,0,14273,3,14726,0.238919,-0.451292,-0.132733,0.849491,171.982
synthetic/images/img016252.jpg,synthetic_val,3,56465,2,56704,0.207404,-0.161314,0.737437,0.622212,20.1726
synthetic/images/img016403.jpg,synthetic_val,2,34344,2,34563,0.317146,0.20182,0.922608,-0.0864945,19.7071
synthetic/images/img016411.jpg,synthetic_val,3,25006,3,34241,0.0853666,0.2561,-0.313011,0.910577,61.339
synthetic/images/img016431.jpg,synthetic_val,3,42631,3,42722,-0.568812,-0.024731,0.222579,0.791391,7.48064
synthetic/images/img016509.jpg,synthetic_val,3,71320,3,35701,0.622212,0.207404,-0.161314,0.737437,24.0117
synthetic/images/img016539.jpg,synthetic_val,2,05242,2,04352,-0.430597,-0.475923,0.725215,-0.249293,10.3994
synthetic/images/img016611.jpg,synthetic_val,1,40710,1,41607,-0.310316,0.763856,-0.50128,0.262575,15.221
synthetic/images/img016691.jpg,synthetic_val,2,52116,1,61365,-0.140469,0.899004,0.36522,0.196657,174.86
synthetic/images/img016749.jpg,synthetic_val,0,30724,3,35034,0.51558,0.122757,-0.319169,0.785646,172.957
synthetic/images/img016763.jpg,synthetic_val,2,72136,2,72064,0.0256917,0.539527,0.822136,0.179842,36.8569
synthetic/images/img016774.jpg,synthetic_val,1,76021,1,72443,0.0758825,0.809414,0.480589,0.328824,10.0202
synthetic/images/img016778.jpg,synthetic_val,1,71624,1,75032,0.494563,0.753619,0.164854,0.40036,26.7048
synthetic/images/img016831.jpg,synthetic_val,3,35677,3,35760,0.584885,0.30414,-0.0701862,0.748653,9.09606
synthetic/images/img016856.jpg,synthetic_val,1,01123,2,64222,-0.620124,0.30006,0.640128,0.340068,149.408
synthetic/images/img016885.jpg,synthetic_val,3,07411,3,34341,0.299715,0.245222,-0.299715,0.871899,103.474
synthetic/images/img016952.jpg,synthetic_val,3,42246,3,43341,-0.149204,-0.208885,0.149204,0.954905,69.48
synthetic/images/img016966.jpg,synthetic_val,0,42305,0,60355,0.842397,-0.447523,0.236924,0.184274,48.1889
synthetic/images/img017010.jpg,synthetic_val,3,44410,3,14040,0.0217855,-0.675351,-0.239641,0.697136,100.205
synthetic/images/img017049.jpg,synthetic_val,2,60047,2,00362,-0.453604,-0.335272,0.631101,-0.532492,98.4713
synthetic/images/img017062.jpg,synthetic_val,1,32512,1,32335,0.277066,0.591074,0.535661,-0.535661,17.805
synthetic/images/img017087.jpg,synthetic_val,1,31204,2,06007,-0.617861,-0.276972,0.681778,-0.276972,165.381
synthetic/images/img017294.jpg,synthetic_val,0,02621,3,07246,-0.407494,-0.135831,-0.244497,0.869321,109.412
synthetic/images/img017298.jpg,synthetic_val,0,61747,0,65013,0.854321,-0.240278,0.0800926,0.453858,29.109
synthetic/images/img017324.jpg,synthetic_val,0,65121,3,61024,-0.418772,0.139591,0.0837545,0.893381,177.32
synthetic/images/img017371.jpg,synthetic_val,0,25122,0,21546,0.864234,-0.189051,0.0810219,-0.459124,15.3901
synthetic/images/img017421.jpg,synthetic_val,2,36010,2,03721,-0.125511,-0.0753066,0.80327,-0.57735,66.2471
synthetic/images/img017432.jpg,synthetic_val,1,52444,1,14676,0.136641,0.8745,-0.464578,-0.0273281,48.792
synthetic/images/img017434.jpg,synthetic_val,0,17211,0,17270,0.801253,0.525822,-0.0751175,-0.275431,13.0632
synthetic/images/img017456.jpg,synthetic_val,0,62170,1,64131,-0.421459,0.793334,0.123958,0.421459,112.17
synthetic/images/img017534.jpg,synthetic_val,2,63475,1,07067,-0.353162,0.869321,-0.244497,-0.244497,154.012
synthetic/images/img017688.jpg,synthetic_val,3,56707,3,65164,-0.173542,0.123958,0.570209,0.793334,57.6297
synthetic/images/img017740.jpg,synthetic_val,0,74423,0,74472,0.72671,0.113548,0.158968,0.658581,9.64712
synthetic/images/img017768.jpg,synthetic_val,0,07245,0,07350,0.922608,-0.0864945,-0.20182,-0.317146,30.6579
synthetic/images/img017772.jpg,synthetic_val,2,21432,1,17071,0.54287,0.755297,-0.259633,-0.259633,174.18
synthetic/images/img017791.jpg,synthetic_val,1,52507,1,52166,0.2561,0.910577,-0.2561,0.199189,16.94
synthetic/images/img017812.jpg,synthetic_val,1,71602,1,74303,0.278951,0.811493,0.278951,0.431106,27.1576
synthetic/images/img017844.jpg,synthetic_val,1,74614,1,74733,0.327405,0.698464,0.327405,0.545675,30.8079
synthetic/images/img017859.jpg,synthetic_val,0,77023,0,72535,0.751953,0.352478,0.493469,0.258484,13.5576
synthetic/images/img017864.jpg,synthetic_val,1,66224,3,32335,0.277066,0.535661,-0.535661,0.591074,171.304
synthetic/images/img017872.jpg,synthetic_val,2,15115,2,15160,0.5001,-0.540108,0.640128,-0.220044,11.197
synthetic/images/img017892.jpg,synthetic_val,3,12454,3,16312,0.342224,-0.131625,-0.394874,0.842397,37.8665
synthetic/images/img017925.jpg,synthetic_val,3,61320,3,07740,-0.208145,-0.208145,-0.0892052,0.951522,70.7386
synthetic/images/img017932.jpg,synthetic_val,0,07044,3,54211,0.160973,-0.52891,0.390934,0.735875,178.122
synthetic/images/img017954.jpg,synthetic_val,2,51623,2,52510,0.33577,-0.387427,0.826512,0.232456,13.9679
synthetic/images/img017988.jpg,synthetic_val,1,15406,2,41141,-0.110838,-0.687194,0.709362,0.110838,28.6891
synthetic/images/img018006.jpg,synthetic_val,0,21661,0,21617,0.783758,-0.220432,0.269417,-0.514341,12.6941
synthetic/images/img018016.jpg,synthetic_val,0,64746,0,01665,0.745396,-0.302817,-0.442579,-0.395992,148.383
synthetic/images/img018080.jpg,synthetic_val,1,17624,1,17623,0.501565,0.844742,-0.0263982,-0.184787,10.0662
synthetic/images/img018093.jpg,synthetic_val,0,36745,0,36056,0.828726,0.129488,0.492056,-0.233079,32.9374
synthetic/images/img018111.jpg,synthetic_val,1,61564,1,61574,-0.0837545,0.893381,0.139591,0.418772,11.4879
synthetic/images/img018118.jpg,synthetic_val,2,71067,2,71163,0.631676,0.163768,0.748653,0.116977,21.2503
synthetic/images/img018130.jpg,synthetic_val,1,62173,1,64132,-0.457732,0.770916,0.168638,0.409549,51.7964
synthetic/images/img018134.jpg,synthetic_val,1,25506,2,16627,0.0921878,-0.0307293,0.983336,-0.153646,175.014
synthetic/images/img018173.jpg,synthetic_val,1,70616,1,74343,0.266242,0.774521,0.266242,0.508279,29.997
synthetic/images/img018314.jpg,synthetic_val,1,26347,2,26646,-0.594945,0.518178,0.614137,-0.0191918,31.1565
synthetic/images/img018385.jpg,synthetic_val,3,41220,3,06531,-0.441447,-0.285642,-0.181772,0.830959,32.7722
synthetic/images/img018492.jpg,synthetic_val,0,17142,0,17165,0.72373,0.610647,-0.248782,-0.203549,8.44253
synthetic/images/img018494.jpg,synthetic_val,0,74474,0,74545,0.697136,0.239641,0.0217855,0.675351,19.1813
synthetic/images/img018507.jpg,synthetic_val,3,46537,3,47060,-0.352478,-0.258484,0.493469,0.751953,12.4753
synthetic/images/img018547.jpg,synthetic_val,0,44204,2,16101,0.275431,-0.375587,0.801253,-0.375587,167.774
synthetic/images/img018629.jpg,synthetic_val,1,44774,1,22737,-0.32626,0.614137,0.594945,-0.403027,175.213
synthetic/images/img018690.jpg,synthetic_val,2,25743,2,61370,-0.0856444,0.371126,0.91354,0.142741,27.6295
synthetic/images/img018700.jpg,synthetic_val,2,23443,0,40266,0.663935,-0.643187,-0.352715,0.145236,76.0991
synthetic/images/img018716.jpg,synthetic_val,2,72573,2,73646,0.357045,0.567072,0.672085,0.31504,6.39666
synthetic/images/img018721.jpg,synthetic_val,1,41632,1,14606,0.0258977,0.828726,-0.543852,-0.129488,52.9724
synthetic/images/img018743.jpg,synthetic_val,3,72013,3,72272,0.110838,0.687194,0.110838,0.709362,28.8725
synthetic/images/img018785.jpg,synthetic_val,3,40017,0,13424,0.739008,0.392598,-0.254034,-0.484974,44.6297
synthetic/images/img018830.jpg,synthetic_val,1,47222,1,46161,-0.466436,0.71076,-0.244324,0.466436,29.518
synthetic/images/img018845.jpg,synthetic_val,2,41104,2,41151,-0.0222994,-0.691283,0.713582,0.111497,17.7011
synthetic/images/img018880.jpg,synthetic_val,3,26733,0,27035,0.772712,-0.217325,0.507093,-0.313914,89.9985
synthetic/images/img018894.jpg,synthetic_val,1,06625,1,30066,0.0242607,0.776342,0.169825,-0.606517,101.76
synthetic/images/img018903.jpg,synthetic_val,2,52424,2,07566,-0.205971,-0.26482,0.941584,-0.0294245,46.4824
synthetic/images/img018936.jpg,synthetic_val,1,42315,1,16245,0.0879694,0.93834,-0.205262,-0.263908,76.0413
synthetic/images/img018946.jpg,synthetic_val,2,73136,1,16307,0.300609,0.8745,-0.136641,-0.355266,123.373
synthetic/images/img018981.jpg,synthetic_val,3,14500,0,14564,0.74702,0.210099,-0.630298,-0.0233444,170.758
synthetic/images/img019003.jpg,synthetic_val,1,56124,1,34377,0.380387,0.811493,0.380387,-0.228232,116.087
synthetic/images/img019020.jpg,synthetic_val,2,60304,2,60450,-0.615707,0.022804,0.729727,0.296452,37.7012
synthetic/images/img019039.jpg,synthetic_val,1,53164,1,53166,0.592723,0.758686,-0.21338,0.165963,4.76906
synthetic/images/img019047.jpg,synthetic_val,3,27150,3,24521,-0.535303,0.127453,-0.178434,0.8157,69.2229
synthetic/images/img019075.jpg,synthetic_val,0,50204,3,41317,-0.0260378,-0.546793,0.0781133,0.833209,177.452
synthetic/images/img019235.jpg,synthetic_val,1,21645,1,25230,-0.280397,0.8157,0.331378,-0.38236,11.7418
synthetic/images/img019238.jpg,synthetic_val,3,25204,3,25522,-0.204559,0.204559,-0.204559,0.935129,27.89
synthetic/images/img019243.jpg,synthetic_val,2,16260,2,16621,0.0908257,-0.0908257,0.968808,-0.211927,17.6229
synthetic/images/img019269.jpg,synthetic_val,3,15376,3,17776,0.67116,-0.0231434,-0.0231434,0.74059,45.9626
synthetic/images/img019310.jpg,synthetic_val,2,16542,2,16546,0.25205,-0.364073,0.896179,-0.0280056,8.74263
synthetic/images/img019348.jpg,synthetic_val,3,63060,0,63645,0.707972,-0.287613,0.553103,0.331862,172.498
synthetic/images/img019359.jpg,synthetic_val,1,67663,1,67602,-0.294005,0.62721,0.529208,0.490008,8.35333
synthetic/images/img019430.jpg,synthetic_val,3,12566,3,12747,0.287982,-0.130901,-0.445063,0.837765,15.0076
synthetic/images/img019444.jpg,synthetic_val,3,52213,3,34453,0.211927,0.0908257,-0.0908257,0.968808,28.3069
synthetic/images/img019480.jpg,synthetic_val,1,26000,1,26024,-0.608545,0.628176,0.41224,-0.255196,10.3096
synthetic/images/img019493.jpg,synthetic_val,3,57257,3,57607,0.410817,-0.10811,0.583792,0.691902,11.1989
synthetic/images/img019495.jpg,synthetic_val,3,14703,0,05624,0.791391,-0.370965,-0.469888,-0.123655,133.694
synthetic/images/img019508.jpg,synthetic_val,1,26555,1,27447,-0.329669,0.811493,0.481824,-0.0253592,12.0723
synthetic/images/img019544.jpg,synthetic_val,0,72414,0,72504,0.822136,0.231226,0.43676,0.282609,9.86541
synthetic/images/img019545.jpg,synthetic_val,0,07103,0,32406,0.748653,0.0233954,0.444513,-0.491304,96.7461
synthetic/images/img019572.jpg,synthetic_val,3,24764,3,24560,-0.57735,0.125511,-0.0753066,0.80327,23.4533
synthetic/images/img019583.jpg,synthetic_val,1,03071,1,56004,0.0249145,0.797264,-0.373718,0.473376,136.08
synthetic/images/img019637.jpg,synthetic_val,0,00147,0,32255,0.663935,0.145236,0.518699,-0.518699,145.588
synthetic/images/img019664.jpg,synthetic_val,2,60202,3,50422,0.0240354,-0.600885,0.216319,0.769133,179.346
synthetic/images/img019680.jpg,synthetic_val,3,73057,3,71037,0.573034,0.174402,0.0747435,0.797264,32.1196
synthetic/images/img019717.jpg,synthetic_val,0,70100,0,71033,0.799251,0.574462,0.174836,0.0249766,44.0964
synthetic/images/img019754.jpg,synthetic_val,3,67353,3,67217,-0.192099,0.576297,0.405542,0.683019,19.8551
synthetic/images/img019755.jpg,synthetic_val,2,34464,2,70020,0.030846,0.15423,0.987072,0.030846,8.06255
synthetic/images/img019807.jpg,synthetic_val,1,65707,1,60753,-0.424602,0.799251,0.274743,0.324696,51.6082
synthetic/images/img019855.jpg,synthetic_val,3,25326,3,25277,-0.239596,0.399326,-0.239596,0.851896,10.658
synthetic/images/img019971.jpg,synthetic_val,1,56677,3,72303,0.254034,0.623538,0.023094,0.739008,16.2692
synthetic/images/img020011.jpg,synthetic_val,2,43133,2,16433,0.20182,-0.259483,0.922608,-0.20182,38.1163
synthetic/images/img020038.jpg,synthetic_val,3,65560,3,65516,-0.0712873,0.0712873,0.641585,0.760398,13.3876
synthetic/images/img020052.jpg,synthetic_val,1,54373,2,35225,0.457732,0.313185,0.770916,-0.313185,171.314
synthetic/images/img020080.jpg,synthetic_val,3,34023,0,06327,0.791391,-0.51935,-0.024731,-0.321503,145.912
synthetic/images/img020102.jpg,synthetic_val,1,52202,1,52220,0.0310835,0.994672,-0.0932505,0.0310835,9.45048
synthetic/images/img020179.jpg,synthetic_val,3,12373,3,30023,0.0663723,0.154869,-0.685847,0.707972,38.8511
synthetic/images/img020198.jpg,synthetic_val,1,62253,1,62747,-0.426974,0.650627,0.548966,0.304981,24.1366
synthetic/images/img020252.jpg,synthetic_val,2,52262,2,52622,0.0300557,-0.0300557,0.961781,0.270501,14.1747
synthetic/images/img020344.jpg,synthetic_val,0,56230,0,70461,0.91354,0.0856444,0.142741,0.371126,25.6156
synthetic/images/img020416.jpg,synthetic_val,3,31772,0,31041,0.695817,0.413141,0.0217443,-0.587095,165.025
synthetic/images/img020451.jpg,synthetic_val,1,62125,1,07232,-0.29708,0.864234,-0.0270073,-0.40511,86.5373
synthetic/images/img020500.jpg,synthetic_val,0,16711,0,16357,0.869321,0.407494,-0.135831,-0.244497,6.99256
synthetic/images/img020520.jpg,synthetic_val,1,12526,1,22316,-0.349522,0.588669,0.49669,-0.533481,112.335
synthetic/images/img020553.jpg,synthetic_val,0,50047,3,63300,-0.169825,0.606517,0.0242607,0.776342,179.273
synthetic/images/img020561.jpg,synthetic_val,3,53202,3,52314,0.367549,-0.197911,0.0848189,0.904735,13.0293
synthetic/images/img020568.jpg,synthetic_val,2,53751,1,30716,0.310316,0.763856,0.262575,-0.50128,164.895
synthetic/images/img020607.jpg,synthetic_val,2,27576,2,63365,-0.113548,0.658581,0.72671,0.158968,21.8868
synthetic/images/img020675.jpg,synthetic_val,0,50006,3,14744,0.222579,-0.568812,-0.024731,0.791391,152.91
synthetic/images/img020747.jpg,synthetic_val,3,72250,3,14452,0.114738,-0.665481,-0.0688428,0.734324,160.774
synthetic/images/img020767.jpg,synthetic_val,0,21336,0,23030,0.634068,-0.217961,0.416107,-0.614253,22.6106
synthetic/images/img020777.jpg,synthetic_val,1,23362,1,24131,-0.430001,0.809414,0.126471,-0.379413,70.2784
synthetic/images/img020824.jpg,synthetic_val,0,40305,1,26160,-0.500118,0.695817,0.45663,-0.239187,39.2566
synthetic/images/img020904.jpg,synthetic_val,3,54574,2,67002,-0.344214,0.436005,0.734324,0.390109,138.924
synthetic/images/img021012.jpg,synthetic_val,2,51672,2,53645,0.466477,-0.17186,0.785646,0.368271,28.5712
synthetic/images/img021090.jpg,synthetic_val,3,06052,3,60065,-0.658581,0.113548,0.158968,0.72671,66.2192
synthetic/images/img021128.jpg,synthetic_val,2,47670,3,47452,-0.236957,-0.28004,0.624704,0.689329,25.2218
synthetic/images/img021133.jpg,synthetic_val,1,25757,1,61347,-0.143208,0.916533,0.315058,0.200492,29.7353
synthetic/images/img021170.jpg,synthetic_val,3,53763,0,53070,0.797264,0.523205,-0.27406,0.124573,122.997
synthetic/images/img021177.jpg,synthetic_val,1,60351,1,60715,-0.43676,0.822136,0.231226,0.282609,15.5451
synthetic/images/img021178.jpg,synthetic_val,1,16717,1,16731,0.41491,0.88514,-0.0829819,-0.193624,9.6418
synthetic/images/img021233.jpg,synthetic_val,0,62320,2,53513,0.655727,-0.274982,0.676879,0.190372,30.1319
synthetic/images/img021263.jpg,synthetic_val,1,01063,1,01005,-0.237544,0.584725,-0.566452,-0.529907,10.977
synthetic/images/img021266.jpg,synthetic_val,3,26463,3,70224,0.0288315,0.374809,0.0864945,0.922608,83.4977
synthetic/images/img021391.jpg,synthetic_val,0,43403,0,43413,0.869321,-0.244497,-0.353162,0.244497,9.6572
synthetic/images/img021392.jpg,synthetic_val,3,16057,3,16016,0.134255,-0.349064,-0.349064,0.859235,14.4152
synthetic/images/img021394.jpg,synthetic_val,1,61777,1,70611,0.199189,0.910577,0.2561,0.2561,36.254
synthetic/images/img021438.jpg,synthetic_val,2,20164,3,10173,0.294005,-0.490008,-0.529208,0.62721,53.1659
synthetic/images/img021469.jpg,synthetic_val,3,64163,3,64341,-0.471108,0.201903,0.471108,0.717879,4.51348
synthetic/images/img021473.jpg,synthetic_val,1,52757,1,54336,0.302817,0.745396,-0.395992,0.442579,33.8433
synthetic/images/img021577.jpg,synthetic_val,3,34612,3,06756,-0.505813,-0.133109,-0.0266217,0.851896,95.6911
synthetic/images/img021704.jpg,synthetic_val,3,21044,3,21472,-0.278951,0.177514,-0.481824,0.811493,25.5195
synthetic/images/img021724.jpg,synthetic_val,1,40632,1,46350,-0.438786,0.739008,-0.161658,0.484974,43.1236
synthetic/images/img021806.jpg,synthetic_val,1,30462,1,34037,0.194821,0.890609,0.194821,-0.36181,25.3218
synthetic/images/img021841.jpg,synthetic_val,1,10654,1,14216,0.122757,0.785646,-0.51558,-0.319169,12.358
synthetic/images/img021879.jpg,synthetic_val,1,60270,1,06656,-0.640141,0.758686,-0.118545,-0.0237089,51.5754
synthetic/images/img021883.jpg,synthetic_val,2,25514,2,61140,-0.211154,0.0301648,0.965275,0.150824,38.9633
synthetic/images/img021893.jpg,synthetic_val,0,45213,0,45347,0.712167,-0.111276,-0.46736,0.51187,18.2557
synthetic/images/img021986.jpg,synthetic_val,1,41676,1,25620,-0.39163,0.835478,0.339413,-0.182761,110.655
synthetic/images/img022004.jpg,synthetic_val,3,25257,3,25056,-0.313011,0.0853666,-0.2561,0.910577,26.6759
synthetic/images/img022009.jpg,synthetic_val,2,36025,2,34767,0.29708,0.40511,0.864234,-0.0270073,46.6657
synthetic/images/img022065.jpg,synthetic_val,2,34523,2,34651,0.205262,0.263908,0.93834,-0.0879694,17.2668
synthetic/images/img022067.jpg,synthetic_val,1,50353,1,54334,0.29707,0.73125,-0.434179,0.434179,37.0002
synthetic/images/img022104.jpg,synthetic_val,2,13765,3,14303,0.258484,-0.493469,-0.352478,0.751953,141.695
synthetic/images/img022115.jpg,synthetic_val,0,23756,0,72200,0.787547,0.0246108,0.615271,0.0246108,46.5756
synthetic/images/img022137.jpg,synthetic_val,0,70770,0,71466,0.80327,0.426737,0.175715,0.376533,22.3195
synthetic/images/img022231.jpg,synthetic_val,3,13642,3,13662,0.415376,-0.0244339,-0.464244,0.781884,10.7564
synthetic/images/img022412.jpg,synthetic_val,1,37735,1,37413,0.51912,0.722254,0.428838,-0.157993,23.6414
synthetic/images/img022425.jpg,synthetic_val,0,61177,0,52235,0.968808,0.211927,-0.0908257,0.0908257,49.0715
synthetic/images/img022541.jpg,synthetic_val,2,76702,2,76166,0.193515,0.494538,0.688053,0.494538,9.15844
synthetic/images/img022562.jpg,synthetic_val,3,03561,3,03532,-0.0740121,-0.222036,-0.567426,0.789462,12.5686
synthetic/images/img022580.jpg,synthetic_val,3,26355,0,45340,0.707972,-0.154869,-0.508855,0.464606,173.311
synthetic/images/img022612.jpg,synthetic_val,1,15672,1,15076,0.450702,0.686784,-0.53655,-0.193158,24.094
synthetic/images/img022635.jpg,synthetic_val,0,63731,3,71166,0.598127,0.167476,0.167476,0.765603,90.9847
synthetic/images/img022651.jpg,synthetic_val,0,01473,0,01656,0.739008,-0.254034,-0.484974,-0.392598,11.6968
synthetic/images/img022679.jpg,synthetic_val,1,23713,1,34303,0.284875,0.828726,0.284875,-0.388465,50.5152
synthetic/images/img022689.jpg,synthetic_val,2,27532,2,36264,0.022663,0.657226,0.725215,-0.203967,15.6359
synthetic/images/img022746.jpg,synthetic_val,1,25726,1,27506,-0.183261,0.837765,0.497423,-0.130901,9.2551
synthetic/images/img022750.jpg,synthetic_val,1,14775,1,50425,0.0691347,0.737437,-0.622212,0.253494,50.8108
synthetic/images/img022807.jpg,synthetic_val,1,12721,2,06006,-0.643187,-0.269723,0.663935,-0.269723,146.686
synthetic/images/img022845.jpg,synthetic_val,3,34544,3,52321,0.323669,-0.0882735,0.0294245,0.941584,15.0128
synthetic/images/img022867.jpg,synthetic_val,3,41207,3,41324,-0.184274,-0.500173,0.0789747,0.842397,14.4369
synthetic/images/img022870.jpg,synthetic_val,0,74003,0,70441,0.922608,0.0864945,0.0288315,0.374809,10.6461
synthetic/images/img022888.jpg,synthetic_val,0,16343,0,16354,0.879772,0.357407,-0.19245,-0.247436,10.5484
synthetic/images/img022929.jpg,synthetic_val,2,33542,2,33364,0.447931,0.5196,0.573351,-0.447931,20.5768
synthetic/images/img022945.jpg,synthetic_val,0,24445,3,65055,-0.222579,0.024731,0.568812,0.791391,158.689
synthetic/images/img023082.jpg,synthetic_val,3,43070,3,43313,-0.030846,-0.15423,0.030846,0.987072,39.4885
synthetic/images/img023085.jpg,synthetic_val,0,61365,0,03756,0.871899,-0.0817405,-0.136234,-0.463196,96.0177
synthetic/images/img023117.jpg,synthetic_val,1,52076,1,52061,0.0873704,0.931951,-0.320358,0.145617,13.3307
synthetic/images/img023135.jpg,synthetic_val,2,63742,2,63730,-0.0678497,0.65588,0.72373,0.203549,14.9921
synthetic/images/img023210.jpg,synthetic_val,2,32061,1,74014,0.133109,0.851896,0.0266217,0.505813,168.41
synthetic/images/img023249.jpg,synthetic_val,0,74135,0,74171,0.772712,0.362209,0.120736,0.507093,5.69319
synthetic/images/img023254.jpg,synthetic_val,3,32554,3,32551,0.344214,0.390109,-0.436005,0.734324,5.88241
synthetic/images/img023274.jpg,synthetic_val,1,16376,0,35532,0.722254,0.654542,0.157993,-0.157993,55.3683
synthetic/images/img023358.jpg,synthetic_val,3,47140,0,43617,0.904735,-0.254457,-0.141365,0.311003,168.023
synthetic/images/img023402.jpg,synthetic_val,3,01650,3,01056,-0.215273,-0.567537,-0.489256,0.626248,14.1652
synthetic/images/img023432.jpg,synthetic_val,0,34507,0,34431,0.944862,0.206689,0.147635,-0.206689,14.1906
synthetic/images/img023447.jpg,synthetic_val,3,35035,3,35451,0.581766,0.0252942,-0.0758825,0.809414,33.0022
synthetic/images/img023472.jpg,synthetic_val,3,47330,3,47717,-0.0237089,-0.118545,0.640141,0.758686,27.4797
synthetic/images/img023609.jpg,synthetic_val,1,35242,1,51700,0.525995,0.673274,-0.483916,0.189358,111.725
synthetic/images/img023614.jpg,synthetic_val,1,61356,1,61307,-0.145617,0.931951,0.320358,0.0873704,16.0917
synthetic/images/img023617.jpg,synthetic_val,3,14210,3,11644,0.368262,-0.498237,-0.368262,0.6932,30.6844
synthetic/images/img023619.jpg,synthetic_val,2,71062,2,71060,0.46047,0.135432,0.866766,0.135432,9.33878
synthetic/images/img023626.jpg,synthetic_val,0,16475,0,72434,0.797264,0.124573,0.523205,0.27406,110.482
synthetic/images/img023672.jpg,synthetic_val,3,61352,3,07707,-0.150824,-0.150824,-0.150824,0.965275,62.6292
synthetic/images/img023705.jpg,synthetic_val,1,06406,3,03160,-0.159628,-0.250844,-0.615707,0.729727,178.222
synthetic/images/img023733.jpg,synthetic_val,2,72652,2,72241,0.0731272,0.609394,0.780024,0.121879,21.492
synthetic/images/img023754.jpg,synthetic_val,2,42744,2,10666,0.0249766,-0.424602,0.799251,-0.424602,120.271
synthetic/images/img023819.jpg,synthetic_val,3,43310,3,43334,-0.092538,-0.092538,0.092538,0.987072,18.0059
synthetic/images/img023852.jpg,synthetic_val,0,36036,3,36527,0.266868,0.557996,-0.121303,0.776342,173.818
synthetic/images/img023869.jpg,synthetic_val,3,43401,3,70176,0.36181,0.194821,0.194821,0.890609,109.14
synthetic/images/img023880.jpg,synthetic_val,2,61477,2,65304,-0.179842,0.231226,0.822136,0.488143,17.0715
synthetic/images/img023900.jpg,synthetic_val,2,65530,2,65144,-0.174836,0.0249766,0.799251,0.574462,17.309
synthetic/images/img023903.jpg,synthetic_val,3,36727,1,35276,0.499011,0.760398,0.356436,-0.213862,127.064
synthetic/images/img023927.jpg,synthetic_val,3,06350,3,02775,-0.423547,-0.0747435,-0.423547,0.797264,18.5814
synthetic/images/img023953.jpg,synthetic_val,2,27765,2,63331,-0.0231434,0.67116,0.74059,0.0231434,11.1003
synthetic/images/img023973.jpg,synthetic_val,3,26550,3,60727,-0.493469,0.352478,0.258484,0.751953,41.256
synthetic/images/img023994.jpg,synthetic_val,1,21521,2,17555,0.659276,-0.319005,0.680543,-0.021267,149.604
synthetic/images/img024016.jpg,synthetic_val,0,43137,0,43137,0.958324,-0.0299476,-0.269529,0.0898429,1.76379
synthetic/images/img024030.jpg,synthetic_val,1,46023,2,25023,-0.339413,0.182761,0.835478,-0.39163,174.32
synthetic/images/img024071.jpg,synthetic_val,1,32672,2,32632,0.099229,0.61522,0.635066,-0.456453,7.90664
synthetic/images/img024117.jpg,synthetic_val,3,13465,3,13635,0.51391,-0.0670318,-0.469222,0.715006,25.823
synthetic/images/img024207.jpg,synthetic_val,1,72253,1,72300,0.216319,0.769133,0.600885,0.0240354,13.0892
synthetic/images/img024215.jpg,synthetic_val,2,07356,2,07701,-0.147635,-0.206689,0.944862,-0.206689,13.5205
synthetic/images/img024216.jpg,synthetic_val,3,76635,2,71444,0.433341,0.0254906,0.8157,0.38236,85.0202
synthetic/images/img024285.jpg,synthetic_val,0,47234,3,60136,-0.500173,0.184274,0.0789747,0.842397,174.003
synthetic/images/img024313.jpg,synthetic_val,0,66350,0,25264,0.826512,-0.387427,0.33577,-0.232456,83.0144
synthetic/images/img024370.jpg,synthetic_val,1,74007,1,74001,0.0824786,0.879772,0.0274929,0.467379,10.2792
synthetic/images/img024441.jpg,synthetic_val,2,76161,2,76166,0.193515,0.494538,0.688053,0.494538,5.41985
synthetic/images/img024455.jpg,synthetic_val,2,53041,2,52513,0.387427,-0.33577,0.826512,0.232456,18.0663
synthetic/images/img024536.jpg,synthetic_val,0,42161,0,42226,0.716438,-0.694049,-0.0223887,0.067166,35.8646
synthetic/images/img024596.jpg,synthetic_val,1,31261,0,51011,0.638089,0.458626,-0.618148,0.0199403,136.022
synthetic/images/img024615.jpg,synthetic_val,3,60654,3,60407,-0.649272,0.067166,0.246276,0.716438,19.529
synthetic/images/img024625.jpg,synthetic_val,2,14752,2,50603,0.0760775,-0.532542,0.811493,0.228232,46.2154
synthetic/images/img024654.jpg,synthetic_val,0,65010,3,61450,-0.30334,0.0275764,0.358493,0.882444,165.822
synthetic/images/img024663.jpg,synthetic_val,1,35231,2,02346,-0.490028,-0.106528,0.681778,-0.532639,172.557
synthetic/images/img024709.jpg,synthetic_val,1,05357,1,50266,0.0270864,0.866766,-0.46047,0.189605,49.7002
synthetic/images/img024717.jpg,synthetic_val,0,04640,1,06211,-0.570099,0.729727,-0.159628,-0.342059,88.8277
synthetic/images/img024799.jpg,synthetic_val,1,10374,0,14133,0.698464,0.327405,-0.545675,-0.327405,69.4126
synthetic/images/img024835.jpg,synthetic_val,3,73517,3,73130,0.603774,0.437215,0.0208198,0.666233,24.165
synthetic/images/img024836.jpg,synthetic_val,1,33545,1,53550,0.610155,0.673274,-0.315597,0.273518,106.993
synthetic/images/img024897.jpg,synthetic_val,2,73655,2,40552,-0.388241,-0.592578,0.653879,0.265638,178.174
synthetic/images/img024940.jpg,synthetic_val,3,03531,3,30050,0.118545,0.0237089,-0.640141,0.758686,39.8993
synthetic/images/img024955.jpg,synthetic_val,0,73415,0,73414,0.739008,0.484974,0.392598,0.254034,4.9556
synthetic/images/img024969.jpg,synthetic_val,3,47537,3,47707,-0.117753,-0.117753,0.635866,0.753619,16.0724
synthetic/images/img024999.jpg,synthetic_val,1,25641,1,25641,-0.362936,0.893381,0.251263,-0.0837545,2.94816
synthetic/images/img025050.jpg,synthetic_val,2,61251,2,61340,-0.203864,0.262111,0.931951,0.145617,6.41883
synthetic/images/img025105.jpg,synthetic_val,1,61345,1,61365,-0.140469,0.899004,0.36522,0.196657,10.0107
synthetic/images/img025287.jpg,synthetic_val,2,17356,1,21612,-0.259633,0.755297,0.259633,-0.54287,172.85
synthetic/images/img025317.jpg,synthetic_val,1,52530,1,52615,0.198547,0.907642,-0.198547,0.312002,22.2245
synthetic/images/img025325.jpg,synthetic_val,0,42257,0,42267,0.73125,-0.662695,-0.0228515,0.159961,14.1953
synthetic/images/img025341.jpg,synthetic_val,1,72043,1,27536,-0.0753066,0.80327,0.57735,-0.125511,32.5621
synthetic/images/img025343.jpg,synthetic_val,0,44051,0,44072,0.602702,-0.50853,-0.470861,0.395523,12.1657
synthetic/images/img025360.jpg,synthetic_val,2,23332,2,00535,-0.341162,-0.541845,0.642187,-0.421435,139.928
synthetic/images/img025443.jpg,synthetic_val,2,72142,2,72164,0.225352,0.525822,0.801253,0.175274,6.33025
synthetic/images/img025451.jpg,synthetic_val,3,77014,3,71066,0.45257,0.186352,0.186352,0.851896,36.8087
synthetic/images/img025460.jpg,synthetic_val,0,13027,3,13727,0.576297,-0.0213443,-0.448231,0.683019,174.778
synthetic/images/img025520.jpg,synthetic_val,3,04261,3,06345,-0.525822,-0.175274,-0.225352,0.801253,29.0639
synthetic/images/img025535.jpg,synthetic_val,0,24141,0,25152,0.93834,-0.0879694,0.0879694,-0.322554,54.3114
synthetic/images/img025550.jpg,synthetic_val,1,01654,1,01477,-0.200297,0.712167,-0.55638,-0.378339,7.66437
synthetic/images/img025621.jpg,synthetic_val,0,25465,0,34450,0.983336,0.153646,0.0307293,-0.0921878,65.8453
synthetic/images/img025663.jpg,synthetic_val,2,50106,2,54011,0.145236,-0.643187,0.663935,0.352715,33.707
synthetic/images/img025672.jpg,synthetic_val,2,25756,1,07556,-0.0864945,0.922608,-0.374809,-0.0288315,177.316
synthetic/images/img025700.jpg,synthetic_val,1,16410,2,25374,-0.0837545,0.362936,0.893381,-0.251263,176.878
synthetic/images/img025773.jpg,synthetic_val,0,25702,3,16726,0.267615,-0.0297351,-0.148675,0.951522,179.622
synthetic/images/img025827.jpg,synthetic_val,3,45463,2,46416,-0.524395,-0.252487,0.621506,0.524395,43.2823
synthetic/images/img025854.jpg,synthetic_val,2,34537,2,34144,0.261226,0.0290252,0.928805,-0.261226,32.2307
synthetic/images/img025877.jpg,synthetic_val,3,05125,3,50311,0.355634,-0.545305,0.0237089,0.758686,63.7929
synthetic/images/img025889.jpg,synthetic_val,0,35247,0,35021,0.791391,0.469888,0.123655,-0.370965,24.2414
synthetic/images/img026031.jpg,synthetic_val,2,30543,3,30222,0.021267,0.319005,-0.659276,0.680543,63.1875
synthetic/images/img026076.jpg,synthetic_val,0,00766,3,31222,0.340068,0.30006,-0.620124,0.640128,169.549
synthetic/images/img026107.jpg,synthetic_val,2,15447,2,40511,-0.350311,-0.638802,0.659408,0.185459,92.3051
synthetic/images/img026156.jpg,synthetic_val,1,34223,1,34221,0.0794162,0.847106,0.344137,-0.397081,6.21412
synthetic/images/img026161.jpg,synthetic_val,2,41747,2,72001,0.0824786,0.467379,0.879772,0.0274929,127.526
synthetic/images/img026244.jpg,synthetic_val,0,03011,0,03021,0.670902,-0.272554,-0.230623,-0.649937,13.8528
synthetic/images/img026259.jpg,synthetic_val,1,25771,1,36441,0.0822304,0.877124,0.465972,-0.0822304,16.4463
synthetic/images/img026288.jpg,synthetic_val,1,55735,3,53663,0.481824,-0.0253592,0.329669,0.811493,114.305
synthetic/images/img026383.jpg,synthetic_val,0,35754,0,71703,0.72373,0.610647,0.248782,0.203549,27.1518
synthetic/images/img026418.jpg,synthetic_val,0,35117,0,53661,0.809414,0.480589,-0.0758825,0.328824,79.0919
synthetic/images/img026443.jpg,synthetic_val,1,04667,1,60777,-0.404877,0.762121,0.357244,0.357244,101.338
synthetic/images/img026461.jpg,synthetic_val,2,70643,2,70200,0.0300557,0.270501,0.961781,0.0300557,38.8826
synthetic/images/img026465.jpg,synthetic_val,2,50114,1,40151,-0.354552,0.667391,-0.646535,0.10428,19.8158
synthetic/images/img026560.jpg,synthetic_val,3,47503,3,47516,-0.06827,-0.295837,0.61443,0.728214,8.38693
synthetic/images/img026608.jpg,synthetic_val,2,36213,2,36663,0.0670318,0.692662,0.715006,-0.0670318,32.7632
synthetic/images/img026641.jpg,synthetic_val,1,26726,1,24532,-0.493382,0.830959,0.181772,-0.181772,55.9609
synthetic/images/img026769.jpg,synthetic_val,0,70367,0,70342,0.904735,0.254457,0.311003,0.141365,14.7942
synthetic/images/img026806.jpg,synthetic_val,0,30514,0,31424,0.758686,0.403052,0.118545,-0.497888,15.6076
synthetic/images/img026853.jpg,synthetic_val,2,73400,0,14613,0.809414,0.177059,-0.531178,-0.177059,177.217
synthetic/images/img026898.jpg,synthetic_val,1,30465,2,06770,-0.507253,-0.0800926,0.854321,-0.0800926,176.3
synthetic/images/img026910.jpg,synthetic_val,3,00306,3,00336,-0.378865,-0.338985,-0.578268,0.638089,11.7599
synthetic/images/img027037.jpg,synthetic_val,0,36206,3,27516,-0.0796398,0.504385,-0.132733,0.849491,133.529
synthetic/images/img027064.jpg,synthetic_val,0,61027,0,07705,0.954905,-0.149204,-0.208885,-0.149204,60.2355
synthetic/images/img027065.jpg,synthetic_val,3,20011,3,21362,-0.155479,0.333169,-0.599704,0.71076,54.7576
synthetic/images/img027095.jpg,synthetic_val,2,72525,1,14346,0.223125,0.793334,-0.520626,-0.223125,178.982
synthetic/images/img027107.jpg,synthetic_val,0,05373,0,07154,0.8745,-0.0819844,-0.409922,-0.245953,10.8788
synthetic/images/img027178.jpg,synthetic_val,2,62221,0,60411,0.769133,-0.600885,0.0240354,0.216319,82.4785
synthetic/images/img027202.jpg,synthetic_val,3,07116,0,52422,0.928805,0.0290252,-0.261226,0.261226,153.828
synthetic/images/img027219.jpg,synthetic_val,3,00354,3,00166,-0.434426,-0.472203,-0.472203,0.604419,8.18119
synthetic/images/img027236.jpg,synthetic_val,2,60137,1,07346,-0.203864,0.931951,-0.145617,-0.262111,167.632
synthetic/images/img027244.jpg,synthetic_val,2,12255,1,34524,0.26482,0.941584,0.147122,-0.147122,167.51
synthetic/images/img027319.jpg,synthetic_val,0,13606,0,13625,0.74702,0.443543,-0.0700331,-0.490232,7.23843
synthetic/images/img027327.jpg,synthetic_val,0,40640,1,26420,-0.623123,0.643224,0.422116,-0.140705,13.1488
synthetic/images/img027343.jpg,synthetic_val,2,24501,2,30464,0.0273281,0.136641,0.8745,-0.464578,76.6674
synthetic/images/img027470.jpg,synthetic_val,2,37703,1,54376,0.289893,0.713582,-0.37909,0.512887,154.764
synthetic/images/img027473.jpg,synthetic_val,1,52145,1,52411,0.188502,0.861723,-0.403933,0.24236,15.1695
synthetic/images/img027492.jpg,synthetic_val,0,27101,0,25314,0.893381,-0.0837545,0.251263,-0.362936,21.7414
synthetic/images/img027551.jpg,synthetic_val,1,50513,1,50562,0.206529,0.734324,-0.57369,0.298319,20.2177
synthetic/images/img027572.jpg,synthetic_val,1,07515,1,50270,0.131991,0.844742,-0.501565,0.131991,39.4625
synthetic/images/img027611.jpg,synthetic_val,0,00023,0,00025,0.545992,-0.494806,-0.460681,-0.494806,5.68558
synthetic/images/img027620.jpg,synthetic_val,0,05547,0,05667,0.830959,-0.337577,-0.441447,-0.0259675,40.208
synthetic/images/img027659.jpg,synthetic_val,1,35647,1,34536,0.36522,0.899004,0.196657,-0.140469,20.9249
synthetic/images/img027810.jpg,synthetic_val,2,12274,3,30220,0.0215415,0.28004,-0.667787,0.689329,33.2623
synthetic/images/img027905.jpg,synthetic_val,3,36443,3,24453,-0.612311,0.0734773,-0.0734773,0.783758,95.1536
synthetic/images/img027923.jpg,synthetic_val,1,57105,2,32524,0.201903,0.471108,0.717879,-0.471108,179.017
synthetic/images/img027970.jpg,synthetic_val,1,64731,0,64140,0.716438,-0.51494,0.0223887,0.470162,140.005
synthetic/images/img028119.jpg,synthetic_val,0,14624,0,14666,0.882444,0.0275764,-0.468798,-0.0275764,14.4006
synthetic/images/img028144.jpg,synthetic_val,1,07260,1,07236,-0.30334,0.882444,-0.0275764,-0.358493,17.7601
synthetic/images/img028176.jpg,synthetic_val,0,21445,0,03466,0.795292,-0.372793,-0.223676,-0.422499,30.0139
synthetic/images/img028238.jpg,synthetic_val,1,05723,1,05367,-0.132733,0.849491,-0.451292,-0.238919,6.39004
synthetic/images/img028244.jpg,synthetic_val,2,46056,2,74135,0.370965,0.123655,0.791391,0.469888,121.031
synthetic/images/img028264.jpg,synthetic_val,2,27321,2,27772,-0.0670318,0.692662,0.715006,-0.0670318,28.5646
synthetic/images/img028305.jpg,synthetic_val,0,30241,0,30006,0.739008,0.023094,0.069282,-0.669726,16.376
synthetic/images/img028328.jpg,synthetic_val,1,03415,1,01265,-0.278493,0.685522,-0.407029,-0.535564,12.9257
synthetic/images/img028340.jpg,synthetic_val,2,23227,1,10633,0.160973,0.735875,-0.390934,-0.52891,127.903
synthetic/images/img028392.jpg,synthetic_val,1,55226,1,52544,0.228232,0.811493,-0.380387,0.380387,19.9004
synthetic/images/img028454.jpg,synthetic_val,2,60075,1,60554,-0.473376,0.797264,0.0249145,0.373718,124.821
synthetic/images/img028462.jpg,synthetic_val,0,61121,0,07737,0.987072,-0.030846,-0.030846,-0.15423,30.8232
synthetic/images/img028512.jpg,synthetic_val,1,30111,0,15526,0.667391,0.521399,-0.521399,-0.10428,102.222
synthetic/images/img028552.jpg,synthetic_val,1,30217,2,06076,-0.616992,-0.205664,0.73125,-0.205664,170.42
synthetic/images/img028553.jpg,synthetic_val,0,60435,0,60513,0.854321,-0.453858,0.0800926,0.240278,20.1445
synthetic/images/img028593.jpg,synthetic_val,1,12114,2,17131,0.642082,-0.227836,0.662794,-0.310685,179.755
synthetic/images/img028614.jpg,synthetic_val,1,42320,2,34014,0.143208,0.0286417,0.916533,-0.372342,163.466
synthetic/images/img028671.jpg,synthetic_val,2,71337,1,74322,0.223676,0.795292,0.372793,0.422499,92.773
synthetic/images/img028682.jpg,synthetic_val,3,61007,3,25414,-0.321451,0.0292228,-0.146114,0.935129,27.4981
synthetic/images/img028710.jpg,synthetic_val,3,16131,3,13632,0.470162,-0.0223887,-0.51494,0.716438,35.9304
synthetic/images/img028711.jpg,synthetic_val,2,74232,2,74233,0.175715,0.376533,0.80327,0.426737,6.14434
synthetic/images/img028724.jpg,synthetic_val,1,03566,1,07250,-0.30334,0.882444,-0.193035,-0.30334,25.1133
synthetic/images/img028888.jpg,synthetic_val,1,04356,1,02435,-0.531674,0.680543,-0.233937,-0.446606,41.5446
synthetic/images/img028921.jpg,synthetic_val,0,71073,3,43133,-0.0300557,-0.270501,0.0300557,0.961781,170.795
synthetic/images/img028940.jpg,synthetic_val,0,02623,0,02766,0.745396,-0.535754,-0.0232936,-0.395992,15.1673
synthetic/images/img028985.jpg,synthetic_val,3,43027,3,43600,-0.403933,-0.188502,0.24236,0.861723,21.3326
synthetic/images/img029009.jpg,synthetic_val,1,55241,1,57000,0.397722,0.748653,-0.350931,0.397722,16.6806
synthetic/images/img029027.jpg,synthetic_val,3,53535,0,07774,0.99085,-0.0928922,-0.0928922,-0.0309641,99.6262
synthetic/images/img029045.jpg,synthetic_val,0,64101,0,42473,0.734324,-0.57369,-0.206529,0.298319,30.6793
synthetic/images/img029053.jpg,synthetic_val,1,40764,1,46111,-0.397722,0.748653,-0.350931,0.397722,18.9376
synthetic/images/img029096.jpg,synthetic_val,2,00362,3,00216,-0.4901,-0.381189,-0.526403,0.580859,148.178
synthetic/images/img029133.jpg,synthetic_val,1,71305,1,71311,0.681854,0.703849,0.197958,0.0219953,11.2275
synthetic/images/img029253.jpg,synthetic_val,2,07750,2,07751,-0.0303869,-0.212708,0.972379,-0.0911606,10.423
synthetic/images/img029259.jpg,synthetic_val,3,60256,3,60025,-0.665481,0.114738,0.0688428,0.734324,21.1482
synthetic/images/img029275.jpg,synthetic_val,1,15243,1,15225,0.434179,0.73125,-0.434179,-0.29707,8.7944
synthetic/images/img029279.jpg,synthetic_val,1,12350,2,14334,0.313185,-0.457732,0.770916,-0.313185,159.2
synthetic/images/img029307.jpg,synthetic_val,1,27461,1,27473,-0.222036,0.789462,0.567426,-0.0740121,11.1506
synthetic/images/img029339.jpg,synthetic_val,0,07675,0,07657,0.951522,-0.267615,-0.148675,-0.0297351,7.49424
synthetic/images/img029407.jpg,synthetic_val,2,70723,2,70633,0.188502,0.403933,0.861723,0.24236,12.13
synthetic/images/img029430.jpg,synthetic_val,1,16523,1,16070,0.139158,0.890609,-0.306147,-0.306147,23.2244
synthetic/images/img029610.jpg,synthetic_val,1,62714,1,62630,-0.522038,0.618711,0.560707,0.174013,15.2808
synthetic/images/img029628.jpg,synthetic_val,1,34335,1,32366,0.173494,0.616869,0.597592,-0.481929,46.9695
synthetic/images/img029648.jpg,synthetic_val,1,15711,1,17166,0.587463,0.751953,-0.211487,-0.211487,34.612
synthetic/images/img029658.jpg,synthetic_val,1,70063,1,70035,0.21039,0.961781,0.150278,0.090167,18.1948
synthetic/images/img029703.jpg,synthetic_val,1,47124,1,36005,0.0776931,0.828726,0.440261,-0.33667,137.608
synthetic/images/img029714.jpg,synthetic_val,1,46224,0,24261,0.689329,-0.624704,0.28004,-0.236957,31.0694
synthetic/images/img029716.jpg,synthetic_val,2,51753,1,67344,-0.148333,0.678094,0.529761,0.48738,170.191
synthetic/images/img029760.jpg,synthetic_val,1,35000,1,35003,0.472205,0.795292,0.0745586,-0.372793,6.68576
synthetic/images/img029768.jpg,synthetic_val,0,23143,0,72443,0.809414,0.0758825,0.480589,0.328824,110.225
synthetic/images/img029808.jpg,synthetic_val,0,42651,0,42664,0.679315,-0.658087,-0.0636858,0.318429,17.5938
synthetic/images/img029830.jpg,synthetic_val,0,25474,3,34000,0.028273,0.028273,-0.424094,0.904735,172.467
synthetic/images/img029931.jpg,synthetic_val,3,56765,3,56761,0.246276,-0.067166,0.649272,0.716438,4.70843
synthetic/images/img029982.jpg,synthetic_val,0,53260,3,56224,0.026774,-0.0803219,0.508706,0.856767,173.635
synthetic/images/img029995.jpg,synthetic_val,1,65324,1,60771,-0.418384,0.787547,0.319941,0.319941,34.9492
synthetic/images/img030030.jpg,synthetic_val,0,41032,3,42331,-0.467379,-0.0824786,0.0274929,0.879772,143.106
synthetic/images/img030033.jpg,synthetic_val,1,45573,2,70676,0.129142,0.387427,0.826512,0.387427,174.718
synthetic/images/img030041.jpg,synthetic_val,0,54073,3,34136,0.346083,0.186352,-0.346083,0.851896,63.9891
synthetic/images/img030088.jpg,synthetic_val,0,52622,3,53205,0.500173,-0.184274,0.0789747,0.842397,89.5743
synthetic/images/img030110.jpg,synthetic_val,2,36320,2,70523,0.308062,0.196039,0.896179,0.25205,89.0769
synthetic/images/img030137.jpg,synthetic_val,2,13252,0,74172,0.780024,0.316885,0.17063,0.511891,165.142
synthetic/images/img030209.jpg,synthetic_val,0,74602,0,76070,0.728214,0.113783,0.47789,0.47789,31.7341
synthetic/images/img030230.jpg,synthetic_val,1,03064,1,56136,0.321503,0.791391,-0.222579,0.469888,149.505
synthetic/images/img030342.jpg,synthetic_val,0,61147,3,27514,-0.0817405,0.463196,-0.136234,0.871899,179.553
synthetic/images/img030367.jpg,synthetic_val,1,16363,2,16721,0.317146,-0.0864945,0.922608,-0.20182,172.929
synthetic/images/img030417.jpg,synthetic_val,3,36714,3,30707,0.266242,0.266242,-0.508279,0.774521,58.861
synthetic/images/img030435.jpg,synthetic_val,3,44064,2,11151,0.511367,-0.511367,0.527863,-0.445384,172.63
synthetic/images/img030437.jpg,synthetic_val,0,03306,0,30007,0.737437,0.0691347,0.0691347,-0.668302,32.606
synthetic/images/img030445.jpg,synthetic_val,1,07710,2,14604,0.0251657,-0.578811,0.805302,-0.125828,94.0642
synthetic/images/img030535.jpg,synthetic_val,0,35423,0,35034,0.785646,0.51558,0.122757,-0.319169,20.0765
synthetic/images/img030606.jpg,synthetic_val,2,56033,2,63545,-0.126471,0.430001,0.809414,0.379413,83.594
synthetic/images/img030610.jpg,synthetic_val,3,35445,3,43711,-0.0294245,-0.205971,0.26482,0.941584,78.658
synthetic/images/img030637.jpg,synthetic_val,1,35224,1,60325,-0.518084,0.789462,0.320719,0.0740121,124.299
synthetic/images/img030750.jpg,synthetic_val,2,17331,1,74631,0.162004,0.74059,0.300865,0.578586,170.795
synthetic/images/img030899.jpg,synthetic_val,1,41266,1,41374,-0.0789747,0.842397,-0.500173,0.184274,35.9665
synthetic/images/img030974.jpg,synthetic_val,1,01723,1,56116,0.313185,0.770916,-0.313185,0.457732,130.828
synthetic/images/img031002.jpg,synthetic_val,3,76071,0,25372,0.861723,-0.0807866,0.403933,-0.296217,170.907
synthetic/images/img031029.jpg,synthetic_val,0,73160,0,75104,0.713582,0.557486,0.0222994,0.423689,63.7013
synthetic/images/img031045.jpg,synthetic_val,3,07442,3,16273,0.202495,-0.0289278,-0.318206,0.925691,83.7473
synthetic/images/img031080.jpg,synthetic_val,0,46250,0,45225,0.73125,-0.29707,-0.434179,0.434179,47.2614
synthetic/images/img031218.jpg,synthetic_val,2,63153,2,27575,-0.0261087,0.548282,0.835478,-0.0261087,20.927
synthetic/images/img031245.jpg,synthetic_val,2,15727,1,74523,0.257915,0.750298,0.164128,0.58617,168.494
synthetic/images/img031304.jpg,synthetic_val,1,25654,1,34540,0.269529,0.958324,0.0299476,-0.0898429,72.5007
synthetic/images/img031323.jpg,synthetic_val,1,34602,2,07570,-0.0879694,-0.322554,0.93834,-0.0879694,178.62
synthetic/images/img031365.jpg,synthetic_val,1,61503,1,61136,-0.0908257,0.968808,0.211927,0.0908257,26.4581
synthetic/images/img031457.jpg,synthetic_val,2,10154,2,40105,-0.425569,-0.628221,0.648486,0.0607955,99.5008
synthetic/images/img031546.jpg,synthetic_val,1,53033,1,71167,0.627568,0.743784,0.162703,0.162703,45.3635
synthetic/images/img031608.jpg,synthetic_val,1,71423,2,71646,0.417374,0.270066,0.785646,0.368271,96.7686
synthetic/images/img031640.jpg,synthetic_val,2,14767,1,72410,0.132733,0.849491,0.451292,0.238919,178.744
synthetic/images/img031646.jpg,synthetic_val,0,63024,3,52526,0.248946,-0.248946,0.304267,0.88514,119.747
synthetic/images/img031689.jpg,synthetic_val,1,32516,2,32161,0.228622,0.436459,0.665081,-0.561162,43.0587
synthetic/images/img031700.jpg,synthetic_val,0,03263,0,61173,0.965275,-0.0301648,0.211154,0.150824,101.848
synthetic/images/img031702.jpg,synthetic_val,2,34127,1,53274,0.538108,0.819974,-0.0768726,0.179369,159.559
synthetic/images/img031729.jpg,synthetic_val,0,20146,3,34715,0.407494,0.244497,-0.135831,0.869321,143.437
synthetic/images/img031737.jpg,synthetic_val,3,54574,2,64305,-0.480888,0.206095,0.732782,0.435089,124.277
synthetic/images/img031791.jpg,synthetic_val,2,15711,1,21741,-0.129488,0.828726,0.233079,-0.492056,152.862
synthetic/images/img031804.jpg,synthetic_val,2,06117,1,34712,0.352124,0.866766,0.297951,-0.189605,163.842
synthetic/images/img031806.jpg,synthetic_val,3,37544,3,71217,0.560642,0.268133,0.0731272,0.780024,17.1067
synthetic/images/img031931.jpg,synthetic_val,0,51410,2,06524,-0.557996,-0.266868,0.776342,-0.121303,26.9477
synthetic/images/img031940.jpg,synthetic_val,0,56015,3,16012,0.131625,-0.342224,-0.394874,0.842397,108.93
synthetic/images/img031979.jpg,synthetic_val,3,21761,0,07102,0.835478,-0.182761,-0.339413,-0.39163,140.581
synthetic/images/img031991.jpg,synthetic_val,2,43705,2,70042,0.0307293,0.0921878,0.983336,0.153646,44.6432
synthetic/images/img032000.jpg,synthetic_val,2,73254,2,15000,0.340068,-0.620124,0.640128,-0.30006,155.355
synthetic/images/img032002.jpg,synthetic_val,0,67015,0,34255,0.910577,0.199189,0.2561,-0.2561,99.6074
synthetic/images/img032051.jpg,synthetic_val,0,43173,0,03132,0.702491,-0.0658586,-0.197576,-0.680538,106.035
synthetic/images/img032273.jpg,synthetic_val,3,70055,3,52073,0.203864,-0.262111,0.145617,0.931951,33.7291
synthetic/images/img032286.jpg,synthetic_val,3,52230,2,47332,-0.0824786,-0.0274929,0.879772,0.467379,122.072
synthetic/images/img032307.jpg,synthetic_val,0,61652,3,34743,0.308062,0.308062,-0.0840168,0.896179,124.931
synthetic/images/img032343.jpg,synthetic_val,0,72067,0,72046,0.844742,0.0263982,0.501565,0.184787,8.77315
synthetic/images/img032388.jpg,synthetic_val,3,75147,3,63314,-0.0734773,0.612311,0.0734773,0.783758,113.038
synthetic/images/img032401.jpg,synthetic_val,3,03203,3,32017,0.14676,0.398348,-0.608005,0.670902,74.3285
synthetic/images/img032404.jpg,synthetic_val,1,34361,1,34217,0.189605,0.866766,0.297951,-0.352124,15.5997
synthetic/images/img032469.jpg,synthetic_val,1,11250,0,15102,0.614137,0.479794,-0.556561,-0.287877,39.0674
synthetic/images/img032513.jpg,synthetic_val,1,71161,1,53663,0.481824,0.811493,-0.0253592,0.329669,33.7983
synthetic/images/img032542.jpg,synthetic_val,0,07633,0,07773,0.994672,-0.0310835,-0.0310835,-0.0932505,27.3103
synthetic/images/img032587.jpg,synthetic_val,1,06351,1,60772,-0.45047,0.758686,0.355634,0.308216,96.2869
synthetic/images/img032698.jpg,synthetic_val,2,75172,2,75550,0.557383,0.0192201,0.615044,0.557383,20.4674
synthetic/images/img032702.jpg,synthetic_val,0,26014,0,03573,0.835478,-0.0261087,-0.234978,-0.496065,99.6176
synthetic/images/img032826.jpg,synthetic_val,2,22752,1,40041,-0.543124,0.59931,-0.580581,0.0936422,167.338
synthetic/images/img032858.jpg,synthetic_val,1,44610,2,72423,0.0740121,0.567426,0.789462,0.222036,171.126
synthetic/images/img032926.jpg,synthetic_val,0,43100,3,17470,0.525822,-0.275431,-0.0751175,0.801253,109.454
synthetic/images/img032972.jpg,synthetic_val,1,52577,2,56334,0.328824,-0.0758825,0.809414,0.480589,173.792
synthetic/images/img032988.jpg,synthetic_val,3,42113,3,42552,-0.457732,-0.313185,0.313185,0.770916,33.6229
synthetic/images/img033037.jpg,synthetic_val,0,56112,0,54232,0.793334,0.123958,-0.421459,0.421459,25.6516
synthetic/images/img033094.jpg,synthetic_val,3,00652,3,53231,0.581766,-0.0758825,0.0252942,0.809414,155.603
synthetic/images/img033123.jpg,synthetic_val,1,06705,1,53650,0.511891,0.780024,-0.17063,0.316885,140.629
synthetic/images/img033157.jpg,synthetic_val,3,74246,2,04343,-0.466436,-0.466436,0.71076,-0.244324,170.572
synthetic/images/img033170.jpg,synthetic_val,1,73443,1,74302,0.231226,0.822136,0.282609,0.43676,36.8815
synthetic/images/img033186.jpg,synthetic_val,0,07613,0,07374,0.954905,-0.0895223,-0.0895223,-0.268567,19.3903
synthetic/images/img033208.jpg,synthetic_val,0,35525,1,30577,0.376533,0.80327,0.175715,-0.426737,60.5842
synthetic/images/img033285.jpg,synthetic_val,1,72534,1,16056,0.138728,0.887862,-0.360694,-0.249711,122.101
synthetic/images/img033352.jpg,synthetic_val,0,12354,0,71002,0.879772,0.467379,0.0824786,0.0274929,78.1575
synthetic/images/img033356.jpg,synthetic_val,1,13605,1,13656,0.497888,0.758686,-0.118545,-0.403052,12.0726
synthetic/images/img033366.jpg,synthetic_val,3,63050,0,61733,0.877124,-0.0274101,0.411152,0.246691,179.731
synthetic/images/img033412.jpg,synthetic_val,0,67422,3,74064,0.0251657,0.125828,0.578811,0.805302,95.4037
synthetic/images/img033440.jpg,synthetic_val,1,36436,1,36426,0.0251657,0.805302,0.578811,-0.125828,10.1081
synthetic/images/img033472.jpg,synthetic_val,0,03107,0,32110,0.647423,0.263016,0.343944,-0.627191,89.0343
synthetic/images/img033493.jpg,synthetic_val,3,64554,1,52446,0.0265466,0.849491,-0.345106,0.398199,174.037
synthetic/images/img033543.jpg,synthetic_val,0,06150,0,06316,0.805302,-0.478148,-0.125828,-0.327154,26.6363
synthetic/images/img033550.jpg,synthetic_val,3,43333,3,60301,-0.533917,0.228822,0.0254246,0.813589,70.3428
synthetic/images/img033611.jpg,synthetic_val,0,01343,0,03037,0.71076,-0.199901,-0.199901,-0.644126,33.5475
synthetic/images/img033628.jpg,synthetic_val,1,04703,1,30777,0.357244,0.762121,0.357244,-0.404877,149.323
synthetic/images/img033635.jpg,synthetic_val,2,45474,1,75624,0.361538,0.680543,0.276471,0.574208,168.418
synthetic/images/img033725.jpg,synthetic_val,1,56367,1,70767,0.275431,0.801253,0.375587,0.375587,50.0594
synthetic/images/img033732.jpg,synthetic_val,2,56470,2,56605,0.0704956,-0.16449,0.751953,0.63446,11.1943
synthetic/images/img033763.jpg,synthetic_val,2,67150,1,67114,-0.0731272,0.780024,0.414388,0.463139,58.2802
synthetic/images/img033800.jpg,synthetic_val,3,65273,3,57002,0.403961,-0.308911,0.403961,0.760398,106.34
synthetic/images/img033831.jpg,synthetic_val,2,23052,1,40223,-0.624704,0.689329,-0.366206,0.0215415,162.592
synthetic/images/img033878.jpg,synthetic_val,0,66025,3,66507,-0.415455,0.375888,0.534156,0.633074,178.54
synthetic/images/img033889.jpg,synthetic_val,1,13503,2,75044,0.395992,0.0232936,0.745396,0.535754,155.753
synthetic/images/img033911.jpg,synthetic_val,0,73446,0,77144,0.644266,0.503333,0.342266,0.463066,22.4019
synthetic/images/img033982.jpg,synthetic_val,1,74651,2,44322,-0.498237,-0.368262,0.6932,0.368262,173.623
synthetic/images/img033987.jpg,synthetic_val,0,32155,0,43341,0.954905,-0.149204,-0.208885,0.149204,126.431
synthetic/images/img034061.jpg,synthetic_val,3,64254,3,05551,-0.0223887,-0.694049,-0.067166,0.716438,142.491
synthetic/images/img034124.jpg,synthetic_val,1,25167,2,16704,0.262111,-0.203864,0.931951,-0.145617,179.291
synthetic/images/img034217.jpg,synthetic_val,2,34465,2,43334,-0.092538,-0.092538,0.987072,0.092538,41.3613
synthetic/images/img034230.jpg,synthetic_val,1,16722,1,16727,0.321451,0.935129,-0.0292228,-0.146114,8.48334
synthetic/images/img034355.jpg,synthetic_val,3,42770,0,64702,0.667391,-0.479687,0.229416,0.521399,157.717
synthetic/images/img034447.jpg,synthetic_val,2,43211,1,34031,0.19245,0.879772,0.137464,-0.412393,168.92
synthetic/images/img034491.jpg,synthetic_val,3,72145,0,72444,0.8157,0.0254906,0.433341,0.38236,101.107
synthetic/images/img034526.jpg,synthetic_val,3,70401,3,74065,0.0753066,0.125511,0.57735,0.80327,37.9488
synthetic/images/img034552.jpg,synthetic_val,1,07372,1,52211,0.208885,0.954905,-0.208885,0.0298408,56.6113
synthetic/images/img034582.jpg,synthetic_val,0,24207,2,25570,-0.0918415,0.153069,0.979643,-0.0918415,167.854
synthetic/images/img034633.jpg,synthetic_val,0,72422,0,23535,0.732782,-0.0228994,0.480888,-0.480888,85.4901
synthetic/images/img034688.jpg,synthetic_val,1,62716,2,43521,-0.141365,-0.311003,0.904735,0.254457,130.324
synthetic/images/img034784.jpg,synthetic_val,1,24047,1,30712,0.302817,0.745396,0.25623,-0.535754,125.401
synthetic/images/img034788.jpg,synthetic_val,2,03241,3,63366,-0.153375,0.67923,0.153375,0.701141,135.001
synthetic/images/img034792.jpg,synthetic_val,1,26545,2,52560,0.240966,-0.294514,0.856767,0.348062,179.044
synthetic/images/img034828.jpg,synthetic_val,0,35440,0,47100,0.80327,-0.175715,-0.376533,0.426737,109.487
synthetic/images/img034884.jpg,synthetic_val,2,01363,1,21522,-0.172276,0.787547,0.172276,-0.566049,159.166
synthetic/images/img034926.jpg,synthetic_val,0,56701,3,02677,-0.567742,-0.0227097,-0.386065,0.72671,174.436
synthetic/images/img034928.jpg,synthetic_val,0,43110,0,70102,0.958324,0.269529,0.0898429,0.0299476,70.2051
synthetic/images/img034950.jpg,synthetic_val,3,16640,0,14676,0.8745,0.136641,-0.464578,-0.0273281,179.514
synthetic/images/img034959.jpg,synthetic_val,3,24471,3,26632,-0.513657,0.589754,-0.13317,0.608779,57.5256
synthetic/images/img035004.jpg,synthetic_val,0,16453,3,16746,0.267615,-0.148675,-0.0297351,0.951522,163.239
synthetic/images/img035083.jpg,synthetic_val,0,70432,0,43672,0.882444,-0.30334,-0.0275764,0.358493,57.9129
synthetic/images/img035109.jpg,synthetic_val,3,23645,3,27227,-0.269723,0.643187,-0.269723,0.663935,14.7147
synthetic/images/img035117.jpg,synthetic_val,3,46106,3,46301,-0.494563,-0.164854,0.40036,0.753619,16.5273
synthetic/images/img035323.jpg,synthetic_val,3,11643,3,76243,0.0639167,0.57525,0.447417,0.681778,173.474
synthetic/images/img035360.jpg,synthetic_val,2,35475,1,07364,-0.205262,0.93834,-0.0879694,-0.263908,172.779
synthetic/images/img035363.jpg,synthetic_val,2,52735,0,50602,0.813589,0.0254246,-0.533917,0.228822,171.354
synthetic/images/img035420.jpg,synthetic_val,1,11665,2,75043,0.443543,0.0700331,0.74702,0.490232,148.504
synthetic/images/img035463.jpg,synthetic_val,0,45412,3,26730,-0.398348,0.608005,-0.14676,0.670902,175.159
synthetic/images/img035471.jpg,synthetic_val,1,77615,2,17210,0.503581,-0.16786,0.767362,-0.359701,145.262
synthetic/images/img035480.jpg,synthetic_val,1,14067,2,70672,0.131625,0.394874,0.842397,0.342224,147.173
synthetic/images/img035529.jpg,synthetic_val,2,05607,2,52410,0.135831,-0.407494,0.869321,0.244497,68.2857
synthetic/images/img035542.jpg,synthetic_val,2,26556,2,62525,-0.466436,0.466436,0.71076,0.244324,30.6458
synthetic/images/img035593.jpg,synthetic_val,2,04270,2,01133,-0.0195703,-0.489256,0.626248,-0.606678,78.4452
synthetic/images/img035633.jpg,synthetic_val,1,34241,1,25675,-0.25205,0.896179,0.364073,-0.0280056,51.9482
synthetic/images/img035646.jpg,synthetic_val,1,17343,1,17176,0.644126,0.71076,-0.199901,-0.199901,13.9447
synthetic/images/img035697.jpg,synthetic_val,2,12625,2,52022,0.0300557,-0.270501,0.961781,0.0300557,73.4586
synthetic/images/img035716.jpg,synthetic_val,3,47145,3,43571,-0.0275764,-0.30334,0.358493,0.882444,29.3533
synthetic/images/img035721.jpg,synthetic_val,1,65345,2,03651,-0.231226,-0.179842,0.822136,-0.488143,154.016
synthetic/images/img035738.jpg,synthetic_val,3,60506,0,35504,0.781884,0.610847,0.0244339,-0.122169,124.575
synthetic/images/img035865.jpg,synthetic_val,2,47251,2,71061,0.501565,0.131991,0.844742,0.131991,103.561
synthetic/images/img035878.jpg,synthetic_val,0,31624,3,07665,-0.374809,-0.0864945,-0.0288315,0.922608,80.1446
synthetic/images/img035889.jpg,synthetic_val,1,34466,1,61131,-0.030846,0.987072,0.15423,0.030846,13.7684
synthetic/images/img035905.jpg,synthetic_val,2,03032,3,03307,-0.114258,-0.114258,-0.662695,0.73125,55.658
synthetic/images/img035941.jpg,synthetic_val,0,61446,0,06255,0.758686,-0.592723,-0.165963,-0.21338,81.6038
synthetic/images/img035944.jpg,synthetic_val,0,24000,0,02706,0.712167,-0.51187,-0.111276,-0.46736,28.1763
synthetic/images/img035980.jpg,synthetic_val,3,44670,0,77141,0.642187,0.541845,0.341162,0.421435,171.158
synthetic/images/img035984.jpg,synthetic_val,0,26542,3,67414,-0.236518,0.365528,0.580544,0.688053,165.647
synthetic/images/img036016.jpg,synthetic_val,2,72177,2,74304,0.228822,0.228822,0.813589,0.483068,56.1314
synthetic/images/img036050.jpg,synthetic_val,0,11336,2,13076,0.450702,-0.193158,0.686784,-0.53655,151.022
synthetic/images/img036090.jpg,synthetic_val,1,47514,1,23144,-0.157036,0.717879,0.381373,-0.560843,173.467
synthetic/images/img036117.jpg,synthetic_val,0,60271,0,60764,0.725215,-0.521249,0.294619,0.339945,24.8604
synthetic/images/img036168.jpg,synthetic_val,2,31320,0,37403,0.755297,0.448458,0.448458,-0.165221,64.708
synthetic/images/img036230.jpg,synthetic_val,2,72145,2,62530,-0.435089,0.480888,0.732782,0.206095,84.1157
synthetic/images/img036263.jpg,synthetic_val,0,42105,1,06221,-0.632983,0.698464,-0.065481,-0.327405,67.4837
synthetic/images/img036315.jpg,synthetic_val,0,61276,0,61125,0.972379,-0.151934,0.151934,0.0911606,36.9579
synthetic/images/img036342.jpg,synthetic_val,3,34275,0,54322,0.780024,0.219382,-0.414388,0.414388,91.9273
synthetic/images/img036380.jpg,synthetic_val,2,13407,1,12532,0.306158,0.753619,-0.211955,-0.541664,177.242
synthetic/images/img036421.jpg,synthetic_val,3,23166,1,02760,-0.524491,0.729727,-0.0684119,-0.433275,160.323
synthetic/images/img036436.jpg,synthetic_val,1,65320,1,60171,-0.46047,0.866766,0.135432,0.135432,51.3666
synthetic/images/img036506.jpg,synthetic_val,3,35131,0,30550,0.811493,0.329669,0.0253592,-0.481824,153.704
synthetic/images/img036521.jpg,synthetic_val,3,62142,3,60007,-0.668302,0.0691347,0.0691347,0.737437,46.1299
synthetic/images/img036537.jpg,synthetic_val,2,14403,2,41171,-0.0237089,-0.640141,0.758686,0.118545,33.094
synthetic/images/img036551.jpg,synthetic_val,1,56350,1,57261,0.443543,0.74702,-0.0700331,0.490232,17.8201
synthetic/images/img036576.jpg,synthetic_val,3,10762,0,10266,0.72671,0.0227097,-0.386065,-0.567742,166.07
synthetic/images/img036737.jpg,synthetic_val,1,21643,1,42557,-0.411464,0.774521,-0.314649,0.363057,122.251
synthetic/images/img036770.jpg,synthetic_val,0,16012,0,16635,0.961781,0.21039,-0.090167,-0.150278,45.1017
synthetic/images/img036772.jpg,synthetic_val,2,21027,3,01316,-0.0623513,-0.436459,-0.60273,0.665081,54.4423
synthetic/images/img036781.jpg,synthetic_val,2,51537,3,56323,0.29038,-0.0263982,0.448769,0.844742,99.088
synthetic/images/img036846.jpg,synthetic_val,1,52242,2,70255,0.20182,0.259483,0.922608,0.20182,162.265
synthetic/images/img036879.jpg,synthetic_val,1,43723,2,34064,0.0297351,0.148675,0.951522,-0.267615,178.905
synthetic/images/img036891.jpg,synthetic_val,1,60351,1,47237,-0.234978,0.835478,-0.0261087,0.496065,59.0385
synthetic/images/img036892.jpg,synthetic_val,2,23512,1,30555,0.38236,0.8157,0.0254906,-0.433341,111.536
synthetic/images/img036908.jpg,synthetic_val,2,47376,2,35446,0.467379,0.0824786,0.879772,-0.0274929,96.9286
synthetic/images/img036985.jpg,synthetic_val,1,30444,2,25702,-0.198547,0.312002,0.907642,-0.198547,135.841
synthetic/images/img037098.jpg,synthetic_val,3,06436,3,50710,0.306158,-0.541664,0.211955,0.753619,126.144
synthetic/images/img037184.jpg,synthetic_val,3,50323,3,50330,0.329669,-0.481824,0.0253592,0.811493,8.91178
synthetic/images/img037240.jpg,synthetic_val,0,75001,3,43714,-0.0864945,-0.20182,0.317146,0.922608,151.868
synthetic/images/img037270.jpg,synthetic_val,0,25502,0,34066,0.941584,0.0294245,0.205971,-0.26482,30.6957
synthetic/images/img037296.jpg,synthetic_val,2,66270,2,35656,0.527146,0.276124,0.80327,-0.0251022,140.476
synthetic/images/img037335.jpg,synthetic_val,0,32031,3,02777,-0.424602,-0.0249766,-0.424602,0.799251,34.6858
synthetic/images/img037351.jpg,synthetic_val,2,07014,2,07067,-0.353162,-0.244497,0.869321,-0.244497,19.6399
synthetic/images/img037362.jpg,synthetic_val,2,70200,2,05770,-0.0800926,-0.507253,0.854321,-0.0800926,92.4261
synthetic/images/img037501.jpg,synthetic_val,2,17651,2,71020,0.464578,0.136641,0.8745,0.0273281,42.2189
synthetic/images/img037527.jpg,synthetic_val,1,60063,1,04637,-0.564261,0.722254,-0.383697,-0.112852,72.0124
synthetic/images/img037596.jpg,synthetic_val,1,45324,1,16015,0.182761,0.835478,-0.39163,-0.339413,101.927
synthetic/images/img037627.jpg,synthetic_val,3,62732,3,61023,-0.368729,0.198547,0.0283638,0.907642,61.5207
synthetic/images/img037634.jpg,synthetic_val,1,72714,1,72116,0.328824,0.809414,0.480589,0.0758825,24.3502
synthetic/images/img037688.jpg,synthetic_val,1,60132,1,43067,-0.357407,0.879772,-0.247436,0.19245,53.2128
synthetic/images/img037698.jpg,synthetic_val,1,32772,3,72613,0.161314,0.622212,0.207404,0.737437,148.4
synthetic/images/img037719.jpg,synthetic_val,0,56106,0,34643,0.93834,0.0879694,0.322554,-0.0879694,105.386
synthetic/images/img037815.jpg,synthetic_val,0,40223,0,42172,0.828726,-0.492056,-0.233079,0.129488,30.9171
synthetic/images/img037871.jpg,synthetic_val,1,52274,1,42301,-0.539527,0.822136,-0.179842,0.0256917,84.2314
synthetic/images/img037909.jpg,synthetic_val,3,15453,3,60520,-0.564683,0.122757,0.220963,0.785646,162.62
synthetic/images/img037913.jpg,synthetic_val,0,07047,0,05550,0.715006,-0.0670318,-0.692662,-0.0670318,56.6391
synthetic/images/img037944.jpg,synthetic_val,3,02772,3,34370,0.337577,0.337577,-0.285642,0.830959,104.828
synthetic/images/img037970.jpg,synthetic_val,2,16640,2,43352,-0.0911606,-0.151934,0.972379,0.151934,30.4425
synthetic/images/img038078.jpg,synthetic_val,0,41571,0,14777,0.8157,0.38236,-0.433341,-0.0254906,66.2713
synthetic/images/img038101.jpg,synthetic_val,2,34656,2,56000,0.0254906,-0.38236,0.8157,0.433341,101.244
synthetic/images/img038105.jpg,synthetic_val,0,70127,3,43353,-0.0304997,-0.152499,0.152499,0.975991,176.723
synthetic/images/img038122.jpg,synthetic_val,2,34670,1,34705,0.311003,0.904735,0.254457,-0.141365,102.518
synthetic/images/img038164.jpg,synthetic_val,2,13475,1,24737,-0.430001,0.809414,0.379413,-0.126471,169.313
synthetic/images/img038191.jpg,synthetic_val,2,72245,2,07523,-0.145617,-0.262111,0.931951,-0.203864,115.052
synthetic/images/img038212.jpg,synthetic_val,0,14426,3,72375,0.324329,0.627036,0.151354,0.691902,169.149
synthetic/images/img038276.jpg,synthetic_val,3,74555,3,74523,0.257915,0.164128,0.58617,0.750298,21.586
synthetic/images/img038281.jpg,synthetic_val,1,40673,1,24577,-0.46047,0.866766,0.189605,-0.0270864,79.6679
synthetic/images/img038314.jpg,synthetic_val,3,10732,0,27240,0.716438,-0.33583,0.559717,-0.246276,165.622
synthetic/images/img038448.jpg,synthetic_val,0,32175,3,32551,0.344214,0.390109,-0.436005,0.734324,153.89
synthetic/images/img038540.jpg,synthetic_val,0,56507,3,02677,-0.567742,-0.0227097,-0.386065,0.72671,164.354
synthetic/images/img038588.jpg,synthetic_val,3,62460,0,30550,0.811493,0.329669,0.0253592,-0.481824,97.2966
synthetic/images/img038649.jpg,synthetic_val,1,41572,1,54050,0.100995,0.646366,-0.626167,0.424178,28.3781
synthetic/images/img038680.jpg,synthetic_val,2,67321,1,67133,-0.0232936,0.745396,0.535754,0.395992,24.2148
synthetic/images/img038752.jpg,synthetic_val,0,16276,0,17423,0.822136,0.488143,-0.231226,-0.179842,50.0021
synthetic/images/img038758.jpg,synthetic_val,2,33254,0,14575,0.719328,0.337185,-0.606933,-0.022479,169.723
synthetic/images/img038773.jpg,synthetic_val,0,70017,3,43311,-0.0304997,-0.213498,0.0304997,0.975991,179.256
synthetic/images/img038791.jpg,synthetic_val,2,12755,2,42735,-0.447523,-0.0789747,0.842397,0.289574,133.154
synthetic/images/img038795.jpg,synthetic_val,0,61744,3,60135,-0.463196,0.136234,0.0817405,0.871899,177.027
synthetic/images/img038871.jpg,synthetic_val,3,34647,3,34240,0.0285481,0.256933,-0.314029,0.91354,37.1991
synthetic/images/img038882.jpg,synthetic_val,1,76204,2,76202,0.0221241,0.597351,0.707972,0.37611,23.0807
synthetic/images/img038909.jpg,synthetic_val,1,40276,1,14341,0.259633,0.755297,-0.54287,-0.259633,114.427
synthetic/images/img038990.jpg,synthetic_val,0,02234,3,64161,-0.47789,0.113783,0.47789,0.728214,73.066
synthetic/images/img039018.jpg,synthetic_val,3,26470,3,24407,-0.665481,0.0688428,-0.114738,0.734324,43.9111
synthetic/images/img039049.jpg,synthetic_val,2,50611,2,50126,0.215821,-0.599501,0.767362,0.0719402,16.9221
synthetic/images/img039065.jpg,synthetic_val,0,06705,0,00642,0.606152,-0.58721,-0.397787,-0.359903,43.032
synthetic/images/img039069.jpg,synthetic_val,3,10644,3,00227,-0.529907,-0.310635,-0.529907,0.584725,70.9667
synthetic/images/img039103.jpg,synthetic_val,1,56023,1,52671,0.197911,0.904735,-0.0848189,0.367549,21.2774
synthetic/images/img039122.jpg,synthetic_val,3,60745,0,67210,0.705215,-0.242418,0.55095,0.374646,172.428
synthetic/images/img039196.jpg,synthetic_val,0,12274,3,33322,0.418355,0.51876,-0.51876,0.535495,167.486
synthetic/images/img039259.jpg,synthetic_val,0,52105,3,53260,0.463196,-0.0817405,0.136234,0.871899,134.872
synthetic/images/img039268.jpg,synthetic_val,1,61364,1,45373,-0.0238705,0.763856,-0.405798,0.50128,101.895
synthetic/images/img039371.jpg,synthetic_val,2,70167,1,70610,0.143681,0.919555,0.258625,0.258625,117.543
synthetic/images/img039383.jpg,synthetic_val,0,31114,3,44220,-0.603909,-0.370138,0.331176,0.62339,48.6982
synthetic/images/img039505.jpg,synthetic_val,3,12630,0,34153,0.861723,0.403933,0.0807866,-0.296217,155.294
synthetic/images/img039575.jpg,synthetic_val,3,51120,0,43575,0.864234,-0.0270073,-0.29708,0.40511,89.926
synthetic/images/img039604.jpg,synthetic_val,0,55750,0,00276,0.619639,-0.52282,-0.329183,-0.484093,176.596
synthetic/images/img039614.jpg,synthetic_val,3,14103,2,44113,-0.343944,-0.586727,0.647423,0.343944,142.797
synthetic/images/img039645.jpg,synthetic_val,2,76103,2,76313,0.31504,0.567072,0.672085,0.357045,17.4677
synthetic/images/img039691.jpg,synthetic_val,3,50250,0,46305,0.739008,-0.484974,-0.161658,0.438786,92.3672
synthetic/images/img039693.jpg,synthetic_val,2,41123,2,14424,0.0237089,-0.640141,0.758686,-0.118545,19.8479
synthetic/images/img039715.jpg,synthetic_val,2,40323,2,04746,-0.51494,-0.470162,0.716438,-0.0223887,12.5068
synthetic/images/img039779.jpg,synthetic_val,2,23115,1,12572,0.321503,0.791391,-0.222579,-0.469888,128.213
synthetic/images/img039785.jpg,synthetic_val,1,16302,1,16362,0.256933,0.91354,-0.0285481,-0.314029,16.1256
synthetic/images/img039798.jpg,synthetic_val,0,53312,1,35467,0.501565,0.844742,0.184787,-0.0263982,47.5651
synthetic/images/img039801.jpg,synthetic_val,2,34447,1,43331,-0.0310835,0.994672,-0.0932505,0.0310835,178.533
synthetic/images/img039823.jpg,synthetic_val,3,63506,0,07626,0.896179,-0.420084,-0.0280056,-0.140028,120.485
synthetic/images/img039897.jpg,synthetic_val,0,61025,0,07255,0.910577,-0.2561,-0.199189,-0.2561,54.2422
synthetic/images/img039902.jpg,synthetic_val,1,37765,1,35574,0.666887,0.735875,0.114981,-0.0229961,54.8164
synthetic/images/img039965.jpg,synthetic_val,1,23674,1,14626,0.0273281,0.8745,-0.464578,-0.136641,141.251
synthetic/images/img039989.jpg,synthetic_val,1,43272,2,25141,-0.146114,0.0292228,0.935129,-0.321451,179.551
synthetic/images/img039993.jpg,synthetic_val,0,50532,2,13066,0.378339,-0.200297,0.712167,-0.55638,145.191
synthetic/images/img040008.jpg,synthetic_val,0,15433,1,10553,0.302984,0.646366,-0.585769,-0.38378,56.3238
synthetic/images/img040043.jpg,synthetic_val,1,47176,1,23440,-0.344214,0.734324,0.390109,-0.436005,150.573
synthetic/images/img040047.jpg,synthetic_val,1,26013,1,42562,-0.541664,0.753619,-0.211955,0.306158,105.268
synthetic/images/img040056.jpg,synthetic_val,2,22504,2,17332,0.634192,-0.0218687,0.699798,-0.328031,143.538
synthetic/images/img040058.jpg,synthetic_val,3,17732,0,12552,0.770916,0.313185,-0.313185,-0.457732,153.962
synthetic/images/img040066.jpg,synthetic_val,3,60646,3,06776,-0.510171,-0.0268511,-0.0268511,0.859235,57.7772
synthetic/images/img040100.jpg,synthetic_val,1,03471,2,05572,-0.0734773,-0.612311,0.783758,-0.0734773,97.2203
synthetic/images/img040134.jpg,synthetic_val,2,50346,2,50225,0.0800926,-0.507253,0.854321,0.0800926,20.4007
synthetic/images/img040165.jpg,synthetic_val,0,11341,2,15757,0.629255,-0.42627,0.649554,-0.0202986,168.327
synthetic/images/img040211.jpg,synthetic_val,1,43307,1,43301,-0.150824,0.965275,-0.211154,0.0301648,10.2407
synthetic/images/img040227.jpg,synthetic_val,2,52300,1,52073,0.203864,0.931951,-0.262111,0.145617,135.908
synthetic/images/img040231.jpg,synthetic_val,1,50571,2,34372,0.331378,0.38236,0.8157,-0.280397,158.197
synthetic/images/img040237.jpg,synthetic_val,2,04234,1,03746,-0.187958,0.859235,-0.134255,-0.456468,158.918
synthetic/images/img040240.jpg,synthetic_val,3,25557,3,53225,0.507253,-0.0800926,0.0800926,0.854321,67.1092
synthetic/images/img040272.jpg,synthetic_val,3,30677,0,02252,0.639106,-0.539246,-0.0998603,-0.539246,123.429
synthetic/images/img040315.jpg,synthetic_val,2,14372,1,27452,-0.282609,0.822136,0.488143,-0.0770752,176.729
synthetic/images/img040461.jpg,synthetic_val,1,52216,1,16704,0.262111,0.931951,-0.203864,-0.145617,29.7898
synthetic/images/img040505.jpg,synthetic_val,3,67015,0,37667,0.660531,0.39219,0.63989,-0.0206416,145.488
synthetic/images/img040619.jpg,synthetic_val,2,47167,2,53111,0.659276,-0.319005,0.680543,0.021267,112.47
synthetic/images/img040683.jpg,synthetic_val,2,40173,2,40146,-0.465335,-0.586727,0.647423,0.141624,13.5455
synthetic/images/img040709.jpg,synthetic_val,0,64517,3,07740,-0.208145,-0.208145,-0.0892052,0.951522,119.6
synthetic/images/img040764.jpg,synthetic_val,0,64552,0,02735,0.762121,-0.404877,-0.0714488,-0.500142,136.366
synthetic/images/img040861.jpg,synthetic_val,0,01217,3,34444,0.0312043,0.0312043,-0.0312043,0.998538,110.482
synthetic/images/img040894.jpg,synthetic_val,0,34516,3,70110,0.376062,0.0289278,0.0289278,0.925691,151.812
synthetic/images/img040899.jpg,synthetic_val,0,35242,3,34643,0.0879694,0.322554,-0.0879694,0.93834,171.023
synthetic/images/img041039.jpg,synthetic_val,3,52347,3,07432,-0.308062,-0.25205,-0.196039,0.896179,87.7861
synthetic/images/img041082.jpg,synthetic_val,2,44510,2,45066,-0.305995,-0.509992,0.652789,0.469192,11.231
synthetic/images/img041126.jpg,synthetic_val,0,03751,3,43303,-0.152499,-0.152499,0.0304997,0.975991,101.847
synthetic/images/img041213.jpg,synthetic_val,1,27312,2,41036,-0.260798,-0.592723,0.758686,0.0711268,177.056
synthetic/images/img041258.jpg,synthetic_val,2,52062,2,43502,-0.19245,-0.357407,0.879772,0.247436,32.5835
synthetic/images/img041268.jpg,synthetic_val,2,03705,1,17026,0.430001,0.809414,-0.227648,-0.328824,152.837
synthetic/images/img041312.jpg,synthetic_val,3,50237,3,02237,-0.500902,-0.0200361,-0.581047,0.641155,130.493
synthetic/images/img041372.jpg,synthetic_val,1,47276,0,24466,0.709362,-0.687194,0.155173,-0.0221676,85.22
synthetic/images/img041438.jpg,synthetic_val,0,06373,0,24736,0.791391,-0.469888,0.370965,-0.123655,50.6805
synthetic/images/img041484.jpg,synthetic_val,0,00500,1,33740,0.487023,0.62339,0.487023,-0.370138,169.418
synthetic/images/img041490.jpg,synthetic_val,2,52776,1,52635,0.20182,0.922608,-0.0864945,0.317146,172.344
synthetic/images/img041516.jpg,synthetic_val,0,01553,3,02377,-0.386065,-0.0227097,-0.567742,0.72671,155.547
synthetic/images/img041528.jpg,synthetic_val,2,65131,1,56306,0.233079,0.828726,-0.129488,0.492056,156.103
synthetic/images/img041542.jpg,synthetic_val,3,42306,3,06765,-0.546793,-0.0781133,-0.0260378,0.833209,12.5031
synthetic/images/img041593.jpg,synthetic_val,3,34211,0,34654,0.951522,0.148675,0.267615,-0.0297351,172.077
synthetic/images/img041612.jpg,synthetic_val,3,16256,3,52121,0.309033,-0.309033,0.0280939,0.899004,41.1006
synthetic/images/img041614.jpg,synthetic_val,3,56305,0,52115,0.830959,0.389512,-0.389512,0.0779024,175.865
synthetic/images/img041766.jpg,synthetic_val,0,20562,0,16076,0.919555,0.143681,-0.258625,-0.258625,98.0293
synthetic/images/img041937.jpg,synthetic_val,1,55605,3,37623,0.388241,0.633445,-0.143036,0.653879,39.179
synthetic/images/img041957.jpg,synthetic_val,1,63746,1,64371,-0.387667,0.729727,0.296452,0.478883,46.7135
synthetic/images/img041970.jpg,synthetic_val,0,22065,3,72760,0.195698,0.630584,0.282675,0.695817,128.995
synthetic/images/img041987.jpg,synthetic_val,3,23153,0,42762,0.770916,-0.554096,-0.0240911,0.313185,179.508
synthetic/images/img042058.jpg,synthetic_val,1,12663,2,70031,0.211154,0.150824,0.965275,0.0301648,166.309
synthetic/images/img042077.jpg,synthetic_val,1,10763,1,22453,-0.513422,0.65718,0.390201,-0.390201,137.077
synthetic/images/img042148.jpg,synthetic_val,2,12024,2,30010,0.111497,0.0222994,0.713582,-0.691283,32.0532
synthetic/images/img042158.jpg,synthetic_val,2,72365,2,72321,0.246771,0.650578,0.717879,0.0224337,14.8219
synthetic/images/img042207.jpg,synthetic_val,0,14664,3,72633,0.15221,0.674072,0.195698,0.695817,176.281
synthetic/images/img042224.jpg,synthetic_val,1,26422,1,24334,-0.457732,0.770916,0.313185,-0.313185,35.574
synthetic/images/img042240.jpg,synthetic_val,1,04265,0,67032,0.722254,-0.248275,0.51912,0.383697,56.6867
synthetic/images/img042262.jpg,synthetic_val,3,46575,2,03531,-0.0244339,-0.268773,0.781884,-0.561979,156.138
synthetic/images/img042304.jpg,synthetic_val,1,52226,2,61151,-0.030846,0.030846,0.987072,0.15423,177.699
synthetic/images/img042342.jpg,synthetic_val,2,31204,3,37001,0.436005,0.390109,-0.344214,0.734324,125.058
synthetic/images/img042362.jpg,synthetic_val,0,53223,0,07007,0.817829,-0.332243,-0.332243,-0.332243,116.393
synthetic/images/img042375.jpg,synthetic_val,2,25521,2,25455,-0.270501,0.0300557,0.961781,-0.0300557,27.2913
synthetic/images/img042417.jpg,synthetic_val,0,23315,3,24325,-0.494563,0.306158,-0.306158,0.753619,48.444
synthetic/images/img042464.jpg,synthetic_val,0,56326,0,56346,0.785646,0.220963,-0.122757,0.564683,13.4424
synthetic/images/img042511.jpg,synthetic_val,2,34322,1,53040,0.430001,0.809414,-0.379413,0.126471,174.477
synthetic/images/img042547.jpg,synthetic_val,3,16735,0,52420,0.91354,0.0285481,-0.314029,0.256933,99.4595
synthetic/images/img042637.jpg,synthetic_val,2,13754,3,23554,-0.0747435,0.423547,-0.423547,0.797264,94.2556
synthetic/images/img042717.jpg,synthetic_val,3,71166,0,23555,0.799251,-0.0249766,0.424602,-0.424602,155.22
synthetic/images/img042757.jpg,synthetic_val,0,17352,2,03255,-0.21338,-0.165963,0.758686,-0.592723,157.116
synthetic/images/img042797.jpg,synthetic_val,1,37713,2,37363,0.507093,0.582217,0.600999,-0.206593,16.7468
synthetic/images/img042810.jpg,synthetic_val,0,32464,0,05777,0.882444,-0.0275764,-0.468798,-0.0275764,128.488
synthetic/images/img042899.jpg,synthetic_val,3,73511,3,15766,0.567742,-0.386065,-0.0227097,0.72671,90.6127
synthetic/images/img042943.jpg,synthetic_val,0,24256,3,74050,0.129488,0.0258977,0.543852,0.828726,177.488
synthetic/images/img042996.jpg,synthetic_val,3,40214,3,72127,0.268133,0.560642,0.0731272,0.780024,166.739
synthetic/images/img042998.jpg,synthetic_val,1,67631,2,06557,-0.441447,-0.337577,0.830959,-0.0259675,142.941
synthetic/images/img043046.jpg,synthetic_val,3,43316,0,21555,0.882444,-0.0275764,0.0275764,-0.468798,116.518
synthetic/images/img043062.jpg,synthetic_val,3,16621,3,70400,0.0300557,0.0300557,0.270501,0.961781,60.6139
synthetic/images/img043067.jpg,synthetic_val,3,70540,3,56360,0.228232,-0.0760775,0.532542,0.811493,22.0587
synthetic/images/img043078.jpg,synthetic_val,2,70337,2,43621,-0.362936,-0.0837545,0.893381,0.251263,110.632
synthetic/images/img043079.jpg,synthetic_val,1,53113,0,51347,0.675671,0.570097,-0.443409,0.147803,28.3302
synthetic/images/img043137.jpg,synthetic_val,1,72316,2,30750,0.321503,0.222579,0.791391,-0.469888,90.5949
synthetic/images/img043209.jpg,synthetic_val,2,02375,3,64140,-0.51494,0.0223887,0.470162,0.716438,163.62
synthetic/images/img043253.jpg,synthetic_val,1,32003,1,51232,0.50128,0.763856,-0.405798,0.0238705,138.564
synthetic/images/img043270.jpg,synthetic_val,2,35606,1,52432,0.143681,0.919555,-0.258625,0.258625,171.495
synthetic/images/img043309.jpg,synthetic_val,3,54136,0,34372,0.8157,0.331378,0.38236,-0.280397,178.244
synthetic/images/img043360.jpg,synthetic_val,2,24543,0,41235,0.833209,-0.23434,-0.494718,0.0781133,55.6528
synthetic/images/img043370.jpg,synthetic_val,0,04226,0,34000,0.904735,0.028273,0.028273,-0.424094,96.2573
synthetic/images/img043404.jpg,synthetic_val,3,25507,3,03377,-0.0246108,-0.0246108,-0.615271,0.787547,61.2009
synthetic/images/img043545.jpg,synthetic_val,2,52640,1,52560,0.240966,0.856767,-0.294514,0.348062,146.086
synthetic/images/img043552.jpg,synthetic_val,0,47133,0,06751,0.864234,-0.459124,-0.189051,-0.0810219,82.6106
synthetic/images/img043634.jpg,synthetic_val,2,52332,2,12707,0.27406,-0.124573,0.797264,-0.523205,69.3963
synthetic/images/img043651.jpg,synthetic_val,2,27344,2,36614,0.121303,0.606517,0.776342,-0.121303,32.3261
synthetic/images/img043686.jpg,synthetic_val,2,06263,3,72642,0.022804,0.615707,0.296452,0.729727,177.074
synthetic/images/img043794.jpg,synthetic_val,3,51254,3,43225,-0.373569,-0.0862083,0.0862083,0.919555,117.259
synthetic/images/img043823.jpg,synthetic_val,0,03754,3,53026,0.453858,-0.240278,0.0800926,0.854321,179.52
synthetic/images/img043871.jpg,synthetic_val,1,35076,2,03737,-0.0261087,-0.0261087,0.835478,-0.548282,152.137
synthetic/images/img043969.jpg,synthetic_val,0,30306,3,35173,0.667787,0.150791,-0.236957,0.689329,179.877
synthetic/images/img043984.jpg,synthetic_val,1,01554,2,07316,-0.0856444,-0.142741,0.91354,-0.371126,112.4
synthetic/images/img044163.jpg,synthetic_val,0,76256,0,72066,0.799251,0.0249766,0.574462,0.174836,37.9513
synthetic/images/img044210.jpg,synthetic_val,0,43356,0,43360,0.961781,-0.21039,-0.090167,0.150278,15.0475
synthetic/images/img044262.jpg,synthetic_val,0,75235,2,46611,-0.518699,-0.145236,0.663935,0.518699,174.693
synthetic/images/img044274.jpg,synthetic_val,0,56560,3,60065,-0.658581,0.113548,0.158968,0.72671,176.35
synthetic/images/img044289.jpg,synthetic_val,1,30305,1,65522,-0.167476,0.765603,0.167476,0.598127,164.534
synthetic/images/img044456.jpg,synthetic_val,0,06654,1,30111,0.319005,0.680543,0.021267,-0.659276,156.535
synthetic/images/img044489.jpg,synthetic_val,0,50770,3,24550,-0.508706,0.026774,-0.0803219,0.856767,170.119
synthetic/images/img044568.jpg,synthetic_val,2,77622,1,76422,0.0214226,0.685522,0.492719,0.535564,37.2828
synthetic/images/img044597.jpg,synthetic_val,2,67362,1,51066,0.381373,0.717879,-0.560843,0.157036,170.843
synthetic/images/img044607.jpg,synthetic_val,3,56755,0,60764,0.725215,-0.521249,0.294619,0.339945,87.9921
synthetic/images/img044635.jpg,synthetic_val,0,43536,0,43631,0.925691,-0.260351,-0.0867835,0.260351,27.8357
synthetic/images/img044728.jpg,synthetic_val,1,01362,0,74222,0.8157,0.0254906,0.38236,0.433341,120.641
synthetic/images/img044747.jpg,synthetic_val,0,51175,1,53243,0.501565,0.844742,-0.131991,0.131991,53.8632
synthetic/images/img044752.jpg,synthetic_val,1,34751,1,34417,0.21039,0.961781,0.090167,-0.150278,34.1169
synthetic/images/img044771.jpg,synthetic_val,3,73775,3,73134,0.60273,0.436459,0.0623513,0.665081,27.5235
synthetic/images/img044799.jpg,synthetic_val,1,62544,1,35474,0.543852,0.828726,0.129488,-0.0258977,141.267
synthetic/images/img044806.jpg,synthetic_val,0,52524,1,06576,-0.496065,0.835478,-0.234978,-0.0261087,159.73
synthetic/images/img044817.jpg,synthetic_val,3,27512,0,34713,0.849491,0.398199,0.292013,-0.185826,173.339
synthetic/images/img044822.jpg,synthetic_val,0,56255,0,56262,0.835478,0.0261087,-0.0261087,0.548282,23.7621
synthetic/images/img044848.jpg,synthetic_val,2,04472,2,07002,-0.37006,-0.320719,0.789462,-0.37006,49.9938
synthetic/images/img044900.jpg,synthetic_val,3,14332,3,70162,0.262111,0.203864,0.145617,0.931951,96.7849
synthetic/images/img045019.jpg,synthetic_val,1,56354,1,03772,-0.0803219,0.856767,-0.026774,-0.508706,136.927
synthetic/images/img045041.jpg,synthetic_val,3,53617,0,61152,0.979643,-0.0918415,0.0918415,0.153069,90.013
synthetic/images/img045055.jpg,synthetic_val,3,07236,3,07254,-0.308062,-0.196039,-0.25205,0.896179,19.4916
synthetic/images/img045094.jpg,synthetic_val,0,26530,0,72616,0.734324,0.114738,0.619586,0.252424,83.0222
synthetic/images/img045229.jpg,synthetic_val,1,27434,1,16611,0.204559,0.935129,-0.204559,-0.204559,106.235
synthetic/images/img045341.jpg,synthetic_val,3,24627,3,24565,-0.543852,0.129488,-0.0258977,0.828726,30.3218
synthetic/images/img045435.jpg,synthetic_val,1,61774,1,72404,0.0263982,0.844742,0.448769,0.29038,21.6039
synthetic/images/img045454.jpg,synthetic_val,1,74412,2,42522,-0.555387,-0.217325,0.772712,0.217325,173.728
synthetic/images/img045462.jpg,synthetic_val,3,61646,3,63541,-0.128799,0.437917,0.334878,0.824315,35.9424
synthetic/images/img045465.jpg,synthetic_val,1,23576,1,27341,-0.118015,0.755297,0.590076,-0.259633,16.1345
synthetic/images/img045497.jpg,synthetic_val,3,25660,3,61246,-0.398199,0.292013,0.185826,0.849491,29.9471
synthetic/images/img045510.jpg,synthetic_val,0,65760,0,07764,0.972379,-0.212708,-0.0911606,-0.0303869,94.3659
synthetic/images/img045517.jpg,synthetic_val,1,17026,2,15071,0.469192,-0.550791,0.652789,-0.224396,145.89
synthetic/images/img045578.jpg,synthetic_val,1,43536,1,25652,-0.308062,0.896179,0.308062,-0.0840168,85.5812
synthetic/images/img045639.jpg,synthetic_val,1,36710,2,14214,0.119625,-0.550277,0.765603,-0.311026,166.539
synthetic/images/img045709.jpg,synthetic_val,3,30620,3,37420,0.40036,0.494563,-0.164854,0.753619,66.7284
synthetic/images/img045763.jpg,synthetic_val,2,23007,2,20150,-0.413141,0.0217443,0.695817,-0.587095,44.2175
synthetic/images/img045775.jpg,synthetic_val,2,63253,2,63570,-0.0740121,0.518084,0.789462,0.320719,33.4388
synthetic/images/img045806.jpg,synthetic_val,1,26257,2,26366,-0.451501,0.608545,0.628176,-0.176674,13.294
synthetic/images/img045906.jpg,synthetic_val,2,42203,1,01313,-0.0202986,0.649554,-0.42627,-0.629255,133.179
synthetic/images/img045908.jpg,synthetic_val,0,01572,0,05023,0.707972,-0.287613,-0.553103,-0.331862,28.685
synthetic/images/img045939.jpg,synthetic_val,0,46601,3,46312,-0.460953,-0.121303,0.412432,0.776342,166.604
synthetic/images/img045985.jpg,synthetic_val,3,34035,3,12674,0.136234,-0.0817405,-0.463196,0.871899,28.4949
synthetic/images/img045988.jpg,synthetic_val,2,72670,1,75002,0.423547,0.797264,0.0747435,0.423547,87.7306
synthetic/images/img046073.jpg,synthetic_val,1,70341,1,25704,-0.203864,0.931951,0.262111,-0.145617,71.2025
synthetic/images/img046184.jpg,synthetic_val,1,16703,1,17260,0.447523,0.842397,-0.0789747,-0.289574,21.3665
synthetic/images/img046213.jpg,synthetic_val,0,57612,0,07231,0.8745,-0.245953,-0.0819844,-0.409922,147.524
synthetic/images/img046223.jpg,synthetic_val,2,65355,1,65330,-0.0776931,0.828726,0.33667,0.440261,91.541
synthetic/images/img046244.jpg,synthetic_val,2,13423,2,25606,-0.40161,0.294514,0.856767,-0.13387,127.396
synthetic/images/img046251.jpg,synthetic_val,3,23565,3,26154,-0.453539,0.405798,-0.214834,0.763856,44.7154
synthetic/images/img046265.jpg,synthetic_val,1,75721,1,75061,0.441622,0.743784,0.116216,0.488108,23.4768
synthetic/images/img046280.jpg,synthetic_val,2,27462,2,72064,0.0256917,0.539527,0.822136,0.179842,53.728
synthetic/images/img046316.jpg,synthetic_val,1,50034,1,70414,0.146114,0.935129,0.0292228,0.321451,86.7252
synthetic/images/img046341.jpg,synthetic_val,1,52200,1,43214,-0.317146,0.922608,-0.20182,0.0864945,42.2324
synthetic/images/img046345.jpg,synthetic_val,3,62177,0,65342,0.791391,-0.173117,0.272041,0.51935,177.722
synthetic/images/img046357.jpg,synthetic_val,1,74576,1,25421,-0.36522,0.899004,0.140469,-0.196657,132.011
synthetic/images/img046404.jpg,synthetic_val,3,41255,0,41705,0.776342,-0.121303,-0.557996,0.266868,178.821
synthetic/images/img046414.jpg,synthetic_val,3,25556,3,35137,0.660472,0.149139,-0.276972,0.681778,98.6129
synthetic/images/img046484.jpg,synthetic_val,2,77215,2,70751,0.387427,0.232456,0.826512,0.33577,37.9542
synthetic/images/img046488.jpg,synthetic_val,2,64162,2,64100,-0.535754,0.0232936,0.745396,0.395992,17.4983
synthetic/images/img046539.jpg,synthetic_val,0,45347,3,26415,-0.564261,0.383697,-0.112852,0.722254,176.182
synthetic/images/img046555.jpg,synthetic_val,3,27752,3,04333,-0.397722,-0.397722,-0.350931,0.748653,136.9
synthetic/images/img046570.jpg,synthetic_val,0,12245,0,12525,0.774521,0.266242,-0.266242,-0.508279,29.9925
synthetic/images/img046574.jpg,synthetic_val,1,43643,1,70532,0.357407,0.879772,0.19245,0.247436,93.4995
synthetic/images/img046608.jpg,synthetic_val,2,60217,1,20571,-0.412432,0.776342,0.121303,-0.460953,118.257
synthetic/images/img046629.jpg,synthetic_val,1,54126,1,54344,0.193515,0.688053,-0.494538,0.494538,11.4946
synthetic/images/img046697.jpg,synthetic_val,0,37075,0,37700,0.663935,0.518699,0.518699,-0.145236,8.06776
synthetic/images/img046763.jpg,synthetic_val,0,57645,3,60727,-0.493469,0.352478,0.258484,0.751953,152.298
synthetic/images/img046828.jpg,synthetic_val,1,05654,1,05572,-0.0734773,0.783758,-0.612311,-0.0734773,24.1144
synthetic/images/img046831.jpg,synthetic_val,1,45610,1,74625,0.06827,0.728214,0.295837,0.61443,98.3857
synthetic/images/img046836.jpg,synthetic_val,3,06714,3,06771,-0.465972,-0.0822304,-0.0822304,0.877124,13.9659
synthetic/images/img046849.jpg,synthetic_val,2,74347,2,43460,-0.38236,-0.280397,0.8157,0.331378,103.785
synthetic/images/img046882.jpg,synthetic_val,3,35601,3,07344,-0.20182,-0.20182,-0.259483,0.922608,96.9646
synthetic/images/img046929.jpg,synthetic_val,2,66656,1,60355,-0.447523,0.842397,0.236924,0.184274,69.4934
synthetic/images/img046951.jpg,synthetic_val,1,70430,1,25162,-0.198547,0.907642,0.198547,-0.312002,81.5284
synthetic/images/img047033.jpg,synthetic_val,2,74763,2,76140,0.210099,0.396854,0.74702,0.490232,18.5951
synthetic/images/img047037.jpg,synthetic_val,3,63150,0,01335,0.678094,-0.0211904,-0.402618,-0.614523,99.7435
synthetic/images/img047050.jpg,synthetic_val,0,16200,0,07716,0.972379,-0.0911606,-0.151934,-0.151934,33.6502
synthetic/images/img047075.jpg,synthetic_val,0,50757,0,56023,0.854321,0.0800926,-0.240278,0.453858,47.3884
synthetic/images/img047092.jpg,synthetic_val,2,37037,2,61672,-0.280397,0.38236,0.8157,0.331378,116.973
synthetic/images/img047104.jpg,synthetic_val,2,44313,1,27053,-0.22592,0.80327,0.476942,-0.276124,175.852
synthetic/images/img047126.jpg,synthetic_val,3,10344,0,26546,0.73125,-0.525586,0.434179,-0.0228515,160.939
synthetic/images/img047128.jpg,synthetic_val,2,25517,1,43331,-0.0310835,0.994672,-0.0932505,0.0310835,178.027
synthetic/images/img047136.jpg,synthetic_val,0,36070,3,36001,0.0762739,0.432219,-0.38137,0.813589,141.388
synthetic/images/img047242.jpg,synthetic_val,1,63100,1,63301,-0.122169,0.781884,0.610847,0.0244339,20.4526
synthetic/images/img047245.jpg,synthetic_val,0,25407,0,34430,0.954905,0.149204,0.149204,-0.208885,63.8868
synthetic/images/img047371.jpg,synthetic_val,3,46142,1,13076,0.450702,0.686784,-0.193158,-0.53655,61.3763
synthetic/images/img047373.jpg,synthetic_val,3,71166,3,71335,0.666551,0.279521,0.0645049,0.688053,21.4973
synthetic/images/img047467.jpg,synthetic_val,0,24634,0,26515,0.793334,-0.421459,0.421459,-0.123958,24.9511
synthetic/images/img047492.jpg,synthetic_val,0,16653,0,74454,0.713582,0.111497,0.0222994,0.691283,100.707
synthetic/images/img047538.jpg,synthetic_val,3,40556,3,45521,-0.101998,-0.550791,0.509992,0.652789,41.3648
synthetic/images/img047552.jpg,synthetic_val,1,05421,1,04550,-0.391524,0.659408,-0.638802,-0.0618195,15.3159
synthetic/images/img047705.jpg,synthetic_val,2,70547,2,17000,0.404877,-0.357244,0.762121,-0.357244,107.893
synthetic/images/img047712.jpg,synthetic_val,1,62073,1,01611,-0.193515,0.688053,-0.494538,-0.494538,146.874
synthetic/images/img047772.jpg,synthetic_val,3,34367,3,30742,0.22592,0.276124,-0.476942,0.80327,30.6882
synthetic/images/img047864.jpg,synthetic_val,3,01601,0,54215,0.722254,0.157993,-0.51912,0.428838,146.627
synthetic/images/img047868.jpg,synthetic_val,1,33536,1,03474,-0.278951,0.811493,-0.278951,-0.431106,135.414
synthetic/images/img047872.jpg,synthetic_val,2,10356,1,42271,-0.609394,0.780024,-0.0731272,0.121879,104.757
synthetic/images/img047873.jpg,synthetic_val,2,71161,1,47107,-0.125828,0.805302,-0.327154,0.478148,158.154
synthetic/images/img047946.jpg,synthetic_val,1,34250,1,25743,-0.145617,0.931951,0.320358,-0.0873704,39.8733
synthetic/images/img047953.jpg,synthetic_val,3,05742,0,23457,0.763856,-0.214834,0.453539,-0.405798,132.287
synthetic/images/img048130.jpg,synthetic_val,2,12345,1,74500,0.216319,0.769133,0.0240354,0.600885,134.639
synthetic/images/img048200.jpg,synthetic_val,2,26232,2,42673,-0.58617,-0.0234468,0.750298,0.304808,100.244
synthetic/images/img048220.jpg,synthetic_val,0,27103,0,43347,0.954905,-0.149204,-0.149204,0.208885,103.369
synthetic/images/img048250.jpg,synthetic_val,1,42116,2,26011,-0.537541,0.365528,0.688053,-0.322525,147.137
synthetic/images/img048264.jpg,synthetic_val,1,53430,2,30506,0.228232,0.0760775,0.811493,-0.532542,160.773
synthetic/images/img048272.jpg,synthetic_val,1,03222,2,30036,0.113548,0.158968,0.72671,-0.658581,123.493
synthetic/images/img048374.jpg,synthetic_val,1,03254,1,35620,0.434472,0.817829,0.332243,-0.1789,112.146
synthetic/images/img048420.jpg,synthetic_val,2,37532,1,56337,0.373718,0.797264,-0.0249145,0.473376,118.135
synthetic/images/img048426.jpg,synthetic_val,1,14125,1,22434,-0.525985,0.62339,0.4091,-0.4091,157.229
synthetic/images/img048431.jpg,synthetic_val,0,30745,3,35433,0.566049,0.172276,-0.172276,0.787547,165.996
synthetic/images/img048459.jpg,synthetic_val,1,66627,2,30321,0.230623,0.272554,0.670902,-0.649937,168.158
synthetic/images/img048492.jpg,synthetic_val,3,40016,0,13666,0.799251,0.424602,-0.0249766,-0.424602,43.0921
synthetic/images/img048566.jpg,synthetic_val,1,06056,2,07645,-0.368729,-0.198547,0.907642,-0.0283638,158.976
synthetic/images/img048619.jpg,synthetic_val,1,25255,1,34413,0.208145,0.951522,0.0892052,-0.208145,58.1677
synthetic/images/img048626.jpg,synthetic_val,0,52126,3,60305,-0.532542,0.228232,0.0760775,0.811493,131.992
synthetic/images/img048641.jpg,synthetic_val,2,05261,1,07472,-0.313011,0.910577,-0.2561,-0.0853666,118.851
synthetic/images/img048685.jpg,synthetic_val,3,12753,3,16713,0.412393,-0.137464,-0.19245,0.879772,35.0699
synthetic/images/img048880.jpg,synthetic_val,0,53447,2,03670,-0.282609,-0.0770752,0.822136,-0.488143,93.0959
synthetic/images/img048903.jpg,synthetic_val,2,47533,2,67012,-0.259633,0.448458,0.755297,0.401252,83.1934
synthetic/images/img048905.jpg,synthetic_val,2,65433,1,06656,-0.640141,0.758686,-0.118545,-0.0237089,162.57
synthetic/images/img049028.jpg,synthetic_val,0,70111,0,35565,0.758686,0.640141,0.118545,-0.0237089,35.6071
synthetic/images/img049048.jpg,synthetic_val,0,70207,0,70037,0.951522,0.208145,0.208145,0.0892052,17.5875
synthetic/images/img049099.jpg,synthetic_val,2,04102,2,30671,0.174836,0.324696,0.799251,-0.474555,134.818
synthetic/images/img049133.jpg,synthetic_val,1,01142,1,03643,-0.327154,0.805302,-0.125828,-0.478148,58.7129
synthetic/images/img049150.jpg,synthetic_val,3,35470,3,35064,0.451292,0.132733,-0.238919,0.849491,19.3951
synthetic/images/img049207.jpg,synthetic_val,2,42130,1,70646,0.0270073,0.864234,0.29708,0.40511,176.941
synthetic/images/img049276.jpg,synthetic_val,2,73073,1,14346,0.223125,0.793334,-0.520626,-0.223125,167.198
synthetic/images/img049289.jpg,synthetic_val,3,25515,3,53361,0.638707,-0.0709674,0.118279,0.756986,86.2784
synthetic/images/img049310.jpg,synthetic_val,0,61560,0,61544,0.887862,-0.19422,0.0277457,0.416185,15.1908
synthetic/images/img049452.jpg,synthetic_val,0,00605,1,06551,-0.432219,0.813589,-0.38137,-0.0762739,119.23
synthetic/images/img049464.jpg,synthetic_val,2,50267,2,50204,0.0252942,-0.581766,0.809414,0.0758825,21.1059
synthetic/images/img049481.jpg,synthetic_val,2,16324,0,73006,0.780024,0.414388,0.463139,0.0731272,112.211
synthetic/images/img049506.jpg,synthetic_val,2,03535,2,06526,-0.564683,-0.220963,0.785646,-0.122757,77.9059
synthetic/images/img049536.jpg,synthetic_val,2,46360,2,35565,0.640141,0.118545,0.758686,-0.0237089,159.173
synthetic/images/img049540.jpg,synthetic_val,1,02275,3,01610,-0.234361,-0.490028,-0.490028,0.681778,116.62
synthetic/images/img049639.jpg,synthetic_val,0,53435,1,35576,0.662695,0.73125,0.159961,-0.0228515,64.8336
synthetic/images/img049717.jpg,synthetic_val,2,50420,2,50161,0.252424,-0.619586,0.734324,0.114738,28.325
synthetic/images/img049727.jpg,synthetic_val,3,15627,3,31056,0.458367,0.065481,-0.545675,0.698464,74.6208
synthetic/images/img049793.jpg,synthetic_val,0,34035,3,61342,-0.200492,0.315058,0.143208,0.916533,126.834
synthetic/images/img049818.jpg,synthetic_val,3,52531,3,52634,0.145617,-0.0873704,0.320358,0.931951,38.8288
synthetic/images/img049943.jpg,synthetic_val,2,33015,1,66364,-0.425416,0.591883,0.536394,0.425416,167.372
synthetic/images/img049962.jpg,synthetic_val,0,51110,1,12033,0.15221,0.695817,-0.195698,-0.674072,110.03
synthetic/images/img050038.jpg,synthetic_val,2,35625,2,16310,0.339413,-0.182761,0.835478,-0.39163,68.5453
synthetic/images/img050084.jpg,synthetic_val,2,65701,1,53411,0.533443,0.742182,-0.347898,0.208739,176.6
synthetic/images/img050086.jpg,synthetic_val,0,34404,0,60771,0.787547,-0.418384,0.319941,0.319941,87.4859
synthetic/images/img050100.jpg,synthetic_val,1,12064,1,25335,-0.0270864,0.866766,0.352124,-0.352124,79.4454
synthetic/images/img050179.jpg,synthetic_val,3,41537,0,45145,0.635066,-0.099229,-0.61522,0.456453,155.821
synthetic/images/img050198.jpg,synthetic_val,3,75264,2,75050,0.480888,0.0228994,0.732782,0.480888,52.0071
synthetic/images/img050208.jpg,synthetic_val,0,57463,1,71606,0.431106,0.811493,0.278951,0.278951,87.9103
synthetic/images/img050261.jpg,synthetic_val,3,45653,2,45676,-0.224771,-0.347373,0.653879,0.633445,14.539
synthetic/images/img050270.jpg,synthetic_val,1,53356,1,57072,0.471108,0.717879,-0.201903,0.471108,40.3202
synthetic/images/img050288.jpg,synthetic_val,1,17473,1,52441,0.0794162,0.847106,-0.397081,0.344137,77.358
synthetic/images/img050360.jpg,synthetic_val,1,52055,1,52014,0.139591,0.893381,-0.418772,0.0837545,16.2507
synthetic/images/img050371.jpg,synthetic_val,2,46053,1,35324,0.560843,0.717879,0.291638,-0.291638,131.588
synthetic/images/img050543.jpg,synthetic_val,2,70223,1,12276,0.122169,0.781884,-0.0244339,-0.610847,142.707
synthetic/images/img050602.jpg,synthetic_val,3,61006,0,34230,0.842397,0.131625,0.342224,-0.394874,95.1095
synthetic/images/img050626.jpg,synthetic_val,3,41437,0,72575,0.73125,0.342773,0.479882,0.342773,175.791
synthetic/images/img050635.jpg,synthetic_val,3,52420,3,26750,-0.422849,0.55638,-0.0667657,0.712167,126.13
synthetic/images/img050661.jpg,synthetic_val,0,73076,0,47307,0.844742,-0.131991,-0.131991,0.501565,114.573
synthetic/images/img050729.jpg,synthetic_val,0,73210,0,74243,0.801253,0.0751175,0.275431,0.525822,79.9618
synthetic/images/img050749.jpg,synthetic_val,3,71026,3,07575,-0.0295269,-0.324796,-0.0295269,0.944862,85.7942
synthetic/images/img050834.jpg,synthetic_val,2,75452,2,53663,0.481824,-0.0253592,0.811493,0.329669,39.4141
synthetic/images/img050858.jpg,synthetic_val,0,74073,0,76110,0.760398,0.308911,0.403961,0.403961,33.6677
synthetic/images/img050916.jpg,synthetic_val,1,61350,1,70212,0.146114,0.935129,0.321451,0.0292228,30.1694
synthetic/images/img051019.jpg,synthetic_val,3,47127,3,71007,0.507253,0.0800926,0.0800926,0.854321,95.128
synthetic/images/img051020.jpg,synthetic_val,3,12647,3,30560,0.233079,0.129488,-0.492056,0.828726,35.3807
synthetic/images/img051045.jpg,synthetic_val,2,03434,3,30525,0.27406,0.124573,-0.523205,0.797264,49.1675
synthetic/images/img051051.jpg,synthetic_val,3,61445,0,61765,0.842397,-0.131625,0.342224,0.394874,160.922
synthetic/images/img051064.jpg,synthetic_val,1,51623,1,35422,0.45257,0.851896,0.186352,-0.186352,83.9856
synthetic/images/img051065.jpg,synthetic_val,2,47500,2,75116,0.613422,0.0634574,0.676879,0.401897,107.31
synthetic/images/img051123.jpg,synthetic_val,0,75634,3,70767,0.275431,0.375587,0.375587,0.801253,54.3712
synthetic/images/img051254.jpg,synthetic_val,1,61706,1,34600,0.0294245,0.941584,0.26482,-0.205971,66.3766
synthetic/images/img051255.jpg,synthetic_val,1,35576,2,56344,0.219382,-0.17063,0.780024,0.560642,163.838
synthetic/images/img051263.jpg,synthetic_val,3,14766,1,21432,-0.265003,0.770916,0.168638,-0.554096,54.9401
synthetic/images/img051272.jpg,synthetic_val,1,45027,2,71363,0.603286,0.335159,0.715006,0.11172,147.948
synthetic/images/img051391.jpg,synthetic_val,1,71010,1,50563,0.249807,0.72671,-0.567742,0.295226,87.1098
synthetic/images/img051394.jpg,synthetic_val,0,05517,0,72250,0.776342,0.121303,0.606517,0.121303,161.524
synthetic/images/img051489.jpg,synthetic_val,2,00671,2,06071,-0.574903,-0.252957,0.735875,-0.252957,25.7433
synthetic/images/img051501.jpg,synthetic_val,2,70611,1,16604,0.0301648,0.965275,-0.211154,-0.150824,179.056
synthetic/images/img051540.jpg,synthetic_val,1,34060,2,70070,0.150824,0.150824,0.965275,0.150824,154.51
synthetic/images/img051627.jpg,synthetic_val,0,52615,3,61470,-0.300609,0.136641,0.355266,0.8745,178.304
synthetic/images/img051634.jpg,synthetic_val,3,61513,3,50765,0.264389,-0.456673,0.360531,0.769133,76.4009
synthetic/images/img051661.jpg,synthetic_val,0,22731,3,72456,0.123655,0.469888,0.370965,0.791391,153.542
synthetic/images/img051710.jpg,synthetic_val,2,64566,1,06627,-0.666887,0.735875,-0.0229961,-0.114981,140.972
synthetic/images/img051732.jpg,synthetic_val,1,32527,2,04326,-0.512887,-0.37909,0.713582,-0.289893,168.959
synthetic/images/img051765.jpg,synthetic_val,0,02212,0,61532,0.93834,-0.0879694,0.205262,0.263908,127.838
synthetic/images/img051867.jpg,synthetic_val,2,44101,2,73056,0.484974,0.438786,0.739008,0.161658,174.372
synthetic/images/img051915.jpg,synthetic_val,1,60137,2,52661,0.0862083,-0.0862083,0.919555,0.373569,170.743
synthetic/images/img051973.jpg,synthetic_val,0,07106,3,07457,-0.25205,-0.364073,-0.0280056,0.896179,129.247
synthetic/images/img051985.jpg,synthetic_val,1,43225,2,42720,-0.567426,-0.0740121,0.789462,0.222036,168.16
synthetic/images/img052004.jpg,synthetic_val,2,24521,0,24777,0.8157,-0.433341,0.38236,-0.0254906,157.971
synthetic/images/img052117.jpg,synthetic_val,3,46434,3,46661,-0.556561,-0.0575753,0.556561,0.614137,19.3442
synthetic/images/img052125.jpg,synthetic_val,0,03123,0,07341,0.916533,-0.143208,-0.200492,-0.315058,49.507
synthetic/images/img052140.jpg,synthetic_val,3,34344,0,34144,0.928805,0.261226,0.0290252,-0.261226,172.053
synthetic/images/img052297.jpg,synthetic_val,3,63105,3,07577,-0.0300557,-0.270501,-0.0300557,0.961781,87.0006
synthetic/images/img052399.jpg,synthetic_val,2,12574,1,12641,0.0789747,0.842397,-0.184274,-0.500173,164.145
synthetic/images/img052412.jpg,synthetic_val,0,15530,2,76100,0.219382,0.414388,0.780024,0.414388,169.443
synthetic/images/img052431.jpg,synthetic_val,1,15505,3,43341,-0.149204,-0.208885,0.149204,0.954905,133.462
synthetic/images/img052468.jpg,synthetic_val,1,37155,0,37554,0.689329,0.624704,0.366206,-0.0215415,18.0498
synthetic/images/img052494.jpg,synthetic_val,1,53004,1,65105,-0.133109,0.851896,0.0266217,0.505813,95.7807
synthetic/images/img052503.jpg,synthetic_val,1,42515,2,16515,0.387427,-0.387427,0.826512,-0.129142,73.3342
synthetic/images/img052580.jpg,synthetic_val,3,17314,3,25601,-0.357407,0.247436,-0.19245,0.879772,133.799
synthetic/images/img052635.jpg,synthetic_val,0,00473,3,65707,-0.114738,0.252424,0.619586,0.734324,81.0923
synthetic/images/img052700.jpg,synthetic_val,2,43075,2,43270,-0.320358,-0.0873704,0.931951,0.145617,29.492
synthetic/images/img052798.jpg,synthetic_val,3,34156,0,36177,0.742182,0.347898,0.533443,-0.208739,179.465
synthetic/images/img052807.jpg,synthetic_val,1,71112,1,53767,0.606933,0.719328,-0.022479,0.337185,35.9028
synthetic/images/img052838.jpg,synthetic_val,3,21640,3,21264,-0.331862,0.287613,-0.553103,0.707972,16.2167
synthetic/images/img052927.jpg,synthetic_val,1,73526,1,47537,-0.0233444,0.74702,-0.210099,0.630298,116.658
synthetic/images/img052985.jpg,synthetic_val,2,03073,0,00072,0.574089,-0.484388,-0.448507,-0.484388,174.553
synthetic/images/img053014.jpg,synthetic_val,2,77520,2,75325,0.565081,0.272076,0.669726,0.39765,19.7856
synthetic/images/img053035.jpg,synthetic_val,2,43601,1,43677,-0.246691,0.877124,-0.0274101,0.411152,178.467
synthetic/images/img053052.jpg,synthetic_val,3,70176,0,12217,0.72671,0.158968,-0.113548,-0.658581,145.329
synthetic/images/img053083.jpg,synthetic_val,3,43670,0,43467,0.826512,-0.33577,-0.232456,0.387427,174.041
synthetic/images/img053094.jpg,synthetic_val,0,70504,0,52705,0.882444,0.30334,-0.193035,0.30334,28.526
synthetic/images/img053099.jpg,synthetic_val,0,15234,3,05033,-0.203549,-0.565414,-0.339248,0.72373,123.672
synthetic/images/img053122.jpg,synthetic_val,2,47646,0,64136,0.755297,-0.448458,0.165221,0.448458,157.279
synthetic/images/img053167.jpg,synthetic_val,1,06527,1,06720,-0.573034,0.797264,-0.0747435,-0.174402,17.6388
synthetic/images/img053204.jpg,synthetic_val,1,60751,1,60777,-0.404877,0.762121,0.357244,0.357244,14.463
synthetic/images/img053272.jpg,synthetic_val,2,65220,2,63400,-0.372793,0.422499,0.795292,0.223676,25.2114
synthetic/images/img053274.jpg,synthetic_val,2,13645,2,05355,-0.024731,-0.568812,0.791391,-0.222579,77.924
synthetic/images/img053334.jpg,synthetic_val,1,46153,0,40644,0.61144,-0.592333,-0.439473,0.286613,134.389
synthetic/images/img053361.jpg,synthetic_val,0,72350,0,47106,0.799251,-0.174836,-0.324696,0.474555,129.179
synthetic/images/img053402.jpg,synthetic_val,3,63072,0,56235,0.842397,0.184274,-0.0789747,0.500173,149.997
synthetic/images/img053436.jpg,synthetic_val,1,74400,2,21712,-0.0731272,0.268133,0.780024,-0.560642,166.154
synthetic/images/img053485.jpg,synthetic_val,0,55361,0,34757,0.864234,0.40511,0.29708,-0.0270073,98.5985
synthetic/images/img053496.jpg,synthetic_val,0,16157,3,14703,0.272041,-0.51935,-0.173117,0.791391,167.591
synthetic/images/img053558.jpg,synthetic_val,3,16554,3,70103,0.323669,0.0882735,0.0294245,0.941584,59.6017
synthetic/images/img053726.jpg,synthetic_val,3,02246,2,26151,-0.409549,0.409549,0.770916,-0.265003,142.433
synthetic/images/img053733.jpg,synthetic_val,1,07421,2,61307,-0.145617,0.320358,0.931951,0.0873704,174.995
synthetic/images/img053753.jpg,synthetic_val,1,24722,2,16015,0.182761,-0.39163,0.835478,-0.339413,173.938
synthetic/images/img053923.jpg,synthetic_val,1,71406,1,73016,0.490232,0.74702,0.443543,0.0700331,51.2139
synthetic/images/img053927.jpg,synthetic_val,1,42716,1,40070,-0.539246,0.639106,-0.539246,0.0998603,58.324
synthetic/images/img054060.jpg,synthetic_val,3,62060,3,60035,-0.609394,0.121879,0.0731272,0.780024,39.1775
synthetic/images/img054083.jpg,synthetic_val,0,25637,0,56555,0.648486,0.303978,-0.303978,0.628221,143.662
synthetic/images/img054106.jpg,synthetic_val,2,53715,2,75653,0.458626,0.219343,0.638089,0.578268,61.0713
synthetic/images/img054146.jpg,synthetic_val,0,52462,0,05656,0.80327,-0.276124,-0.527146,-0.0251022,65.718
synthetic/images/img054198.jpg,synthetic_val,1,43643,1,63435,-0.220432,0.783758,0.514341,0.269417,77.0092
synthetic/images/img054270.jpg,synthetic_val,1,54240,1,53044,0.426737,0.80327,-0.376533,0.175715,60.4714
synthetic/images/img054329.jpg,synthetic_val,2,01477,2,05174,-0.0698809,-0.628928,0.745396,-0.209643,23.3105
synthetic/images/img054354.jpg,synthetic_val,1,30716,3,37400,0.418384,0.418384,-0.172276,0.787547,179.216
synthetic/images/img054359.jpg,synthetic_val,1,40014,1,12523,0.262575,0.763856,-0.214834,-0.549021,129.48
synthetic/images/img054384.jpg,synthetic_val,3,70041,0,56263,0.833209,0.0781133,-0.0260378,0.546793,106.712
synthetic/images/img054419.jpg,synthetic_val,3,62527,3,25245,-0.353162,0.244497,-0.244497,0.869321,66.8076
synthetic/images/img054428.jpg,synthetic_val,2,24335,2,25306,-0.189605,0.297951,0.866766,-0.352124,26.4566
synthetic/images/img054432.jpg,synthetic_val,0,51265,0,53166,0.758686,0.592723,-0.21338,0.165963,32.4314
synthetic/images/img054446.jpg,synthetic_val,0,07254,0,61745,0.869321,-0.135831,0.244497,0.407494,94.3315
synthetic/images/img054462.jpg,synthetic_val,3,37770,0,45217,0.732782,-0.206095,-0.480888,0.435089,107.464
synthetic/images/img054510.jpg,synthetic_val,1,21651,1,12023,0.0658586,0.702491,-0.197576,-0.680538,66.1092
synthetic/images/img054524.jpg,synthetic_val,2,34207,2,05333,-0.0254906,-0.433341,0.8157,-0.38236,87.0234
synthetic/images/img054536.jpg,synthetic_val,2,60635,2,06115,-0.411464,-0.363057,0.774521,-0.314649,105.367
synthetic/images/img054558.jpg,synthetic_val,3,45435,1,45266,-0.329929,0.703849,-0.37392,0.505892,156.946
synthetic/images/img054639.jpg,synthetic_val,0,53417,0,77427,0.622446,0.369577,0.447383,0.525188,99.756
synthetic/images/img054660.jpg,synthetic_val,1,25261,1,25672,-0.296217,0.861723,0.403933,-0.0807866,24.073
synthetic/images/img054693.jpg,synthetic_val,1,16044,2,25735,-0.0286417,0.372342,0.916533,-0.143208,179.302
synthetic/images/img054709.jpg,synthetic_val,1,65656,2,71022,0.46047,0.189605,0.866766,0.0270864,152.788
synthetic/images/img054750.jpg,synthetic_val,1,24166,2,62510,-0.453539,0.405798,0.763856,0.214834,97.8394
synthetic/images/img054779.jpg,synthetic_val,3,50362,3,52731,0.409922,-0.0819844,0.245953,0.8745,49.5305
synthetic/images/img054797.jpg,synthetic_val,3,63210,3,25277,-0.239596,0.399326,-0.239596,0.851896,42.074
synthetic/images/img054835.jpg,synthetic_val,2,16535,1,70654,0.135831,0.869321,0.244497,0.407494,176.931
synthetic/images/img054933.jpg,synthetic_val,3,41333,0,07537,0.951522,-0.0297351,-0.267615,-0.148675,161.214
synthetic/images/img054934.jpg,synthetic_val,0,41325,3,24745,-0.533917,0.228822,-0.0254246,0.813589,132.222
synthetic/images/img055129.jpg,synthetic_val,0,41557,1,46373,-0.405798,0.763856,-0.0238705,0.50128,166.533
synthetic/images/img055132.jpg,synthetic_val,2,31034,2,31060,0.37392,0.109976,0.703849,-0.593873,7.95152
synthetic/images/img055242.jpg,synthetic_val,0,71611,0,07002,0.789462,-0.37006,-0.320719,-0.37006,150.506
synthetic/images/img055287.jpg,synthetic_val,3,34424,3,53225,0.507253,-0.0800926,0.0800926,0.854321,70.394
synthetic/images/img055295.jpg,synthetic_val,1,72225,1,25736,-0.0837545,0.893381,0.418772,-0.139591,45.8614
synthetic/images/img055337.jpg,synthetic_val,1,50150,1,50363,0.287982,0.837765,-0.445063,0.130901,29.9856
synthetic/images/img055348.jpg,synthetic_val,0,52320,0,03377,0.787547,-0.0246108,-0.0246108,-0.615271,88.6222
synthetic/images/img055356.jpg,synthetic_val,2,56452,1,53173,0.67793,0.699798,-0.196818,0.109344,155.43
synthetic/images/img055439.jpg,synthetic_val,2,04526,1,47701,-0.120456,0.770916,-0.168638,0.602279,115.451
synthetic/images/img055495.jpg,synthetic_val,2,27721,2,36661,0.0691347,0.668302,0.737437,-0.0691347,22.289
synthetic/images/img055513.jpg,synthetic_val,1,71444,1,71631,0.541664,0.753619,0.306158,0.211955,43.3831
synthetic/images/img055515.jpg,synthetic_val,1,57332,1,53647,0.469888,0.791391,-0.123655,0.370965,25.0688
synthetic/images/img055550.jpg,synthetic_val,2,07706,1,12742,0.233079,0.828726,-0.129488,-0.492056,156.089
synthetic/images/img055568.jpg,synthetic_val,0,37762,3,53234,0.545317,-0.0779024,0.0779024,0.830959,146.467
synthetic/images/img055632.jpg,synthetic_val,3,12700,3,10220,0.0206416,-0.39219,-0.63989,0.660531,41.0477
synthetic/images/img055645.jpg,synthetic_val,2,07614,1,34654,0.148675,0.951522,0.267615,-0.0297351,179.969
synthetic/images/img055648.jpg,synthetic_val,2,03236,1,56124,0.22592,0.80327,-0.276124,0.476942,108.226
synthetic/images/img055658.jpg,synthetic_val,3,63051,3,53252,0.539527,-0.128459,0.128459,0.822136,115.811
synthetic/images/img055663.jpg,synthetic_val,0,70160,0,03576,0.854321,-0.0800926,-0.240278,-0.453858,93.3527
synthetic/images/img055702.jpg,synthetic_val,1,21342,2,17336,0.642859,-0.0221676,0.709362,-0.288178,154.13
synthetic/images/img055710.jpg,synthetic_val,3,36310,2,31000,0.356417,0.0209657,0.670902,-0.649937,111.304
synthetic/images/img055713.jpg,synthetic_val,1,42675,0,24261,0.689329,-0.624704,0.28004,-0.236957,32.2943
synthetic/images/img055714.jpg,synthetic_val,2,52146,2,52610,0.145617,-0.203864,0.931951,0.262111,23.7467
synthetic/images/img055841.jpg,synthetic_val,1,17223,2,53525,0.604494,-0.246276,0.716438,0.246276,176.557
synthetic/images/img055859.jpg,synthetic_val,3,32126,3,37000,0.397722,0.397722,-0.350931,0.748653,38.6057
synthetic/images/img055892.jpg,synthetic_val,1,40123,1,30542,0.23434,0.833209,0.0781133,-0.494718,129.589
synthetic/images/img055903.jpg,synthetic_val,3,11756,3,15055,0.451501,-0.608545,-0.176674,0.628176,31.2845
synthetic/images/img055921.jpg,synthetic_val,1,07745,1,16362,0.256933,0.91354,-0.0285481,-0.314029,58.8967
synthetic/images/img056021.jpg,synthetic_val,0,71713,3,43673,-0.25205,-0.0280056,0.364073,0.896179,173.948
synthetic/images/img056036.jpg,synthetic_val,1,43152,1,52052,0.141819,0.907642,-0.368729,0.141819,23.9991
synthetic/images/img056076.jpg,synthetic_val,0,35522,0,52520,0.88514,0.248946,-0.304267,0.248946,83.0285
synthetic/images/img056156.jpg,synthetic_val,0,34012,0,34116,0.864234,0.351095,0.0810219,-0.351095,23.6745
synthetic/images/img056181.jpg,synthetic_val,3,74035,0,17261,0.822136,0.488143,-0.0770752,-0.282609,171.685
synthetic/images/img056229.jpg,synthetic_val,2,25520,1,43750,-0.0848189,0.904735,-0.197911,0.367549,170.69
synthetic/images/img056288.jpg,synthetic_val,3,65015,0,03616,0.797264,-0.27406,-0.124573,-0.523205,91.7947
synthetic/images/img056335.jpg,synthetic_val,3,65555,2,65555,-0.0224337,0.0224337,0.717879,0.695445,2.00054
synthetic/images/img056391.jpg,synthetic_val,1,31340,3,50723,0.282609,-0.43676,0.231226,0.822136,112.804
synthetic/images/img056526.jpg,synthetic_val,3,43156,0,52670,0.91354,0.142741,-0.0856444,0.371126,156.658
synthetic/images/img056530.jpg,synthetic_val,2,35255,1,05371,-0.0257599,0.824315,-0.489437,-0.283358,160.9
synthetic/images/img056602.jpg,synthetic_val,3,60555,3,02377,-0.386065,-0.0227097,-0.567742,0.72671,111.87
synthetic/images/img056609.jpg,synthetic_val,3,34420,3,16610,0.147635,-0.206689,-0.206689,0.944862,41.7309
synthetic/images/img056791.jpg,synthetic_val,3,71537,0,12356,0.745396,0.302817,-0.116468,-0.582341,165.811
synthetic/images/img056843.jpg,synthetic_val,2,03636,1,07232,-0.29708,0.864234,-0.0270073,-0.40511,149.033
synthetic/images/img056895.jpg,synthetic_val,1,42172,1,43171,-0.0292228,0.935129,-0.321451,0.146114,58.1026
synthetic/images/img056941.jpg,synthetic_val,0,52302,0,53360,0.780024,0.609394,-0.0731272,0.121879,47.221
synthetic/images/img056945.jpg,synthetic_val,1,21360,2,17035,0.535754,-0.25623,0.745396,-0.302817,165.895
synthetic/images/img056957.jpg,synthetic_val,0,45541,3,63420,-0.356436,0.499011,0.213862,0.760398,177.355
synthetic/images/img057004.jpg,synthetic_val,0,55327,0,17567,0.74702,0.630298,-0.210099,-0.0233444,51.4397
synthetic/images/img057033.jpg,synthetic_val,0,40216,0,42271,0.780024,-0.609394,-0.0731272,0.121879,44.4526
synthetic/images/img057041.jpg,synthetic_val,1,77547,1,22161,-0.4091,0.62339,0.4091,-0.525985,179.525
synthetic/images/img057079.jpg,synthetic_val,1,71362,2,71046,0.459124,0.0810219,0.864234,0.189051,101.145
synthetic/images/img057086.jpg,synthetic_val,3,73173,3,42742,-0.550277,-0.119625,0.311026,0.765603,166.485
synthetic/images/img057125.jpg,synthetic_val,1,12655,1,75242,0.392598,0.739008,0.254034,0.484974,129.942
synthetic/images/img057146.jpg,synthetic_val,3,74265,0,17522,0.758686,0.592723,-0.21338,-0.165963,178.34
synthetic/images/img057193.jpg,synthetic_val,1,43776,2,34464,0.030846,0.15423,0.987072,-0.030846,170.993
synthetic/images/img057199.jpg,synthetic_val,2,43112,1,50027,0.0734773,0.783758,-0.612311,0.0734773,61.704
synthetic/images/img057302.jpg,synthetic_val,2,07677,2,34064,0.0297351,0.148675,0.951522,-0.267615,48.9232
synthetic/images/img057316.jpg,synthetic_val,0,34536,0,52761,0.879772,0.302422,-0.0824786,0.357407,68.509
synthetic/images/img057331.jpg,synthetic_val,1,74422,1,74341,0.269417,0.783758,0.220432,0.514341,32.9052
synthetic/images/img057338.jpg,synthetic_val,3,10545,3,71172,0.658581,0.158968,0.113548,0.72671,122.839
synthetic/images/img057360.jpg,synthetic_val,2,25013,3,16632,0.150824,-0.0301648,-0.211154,0.965275,102.7
synthetic/images/img057380.jpg,synthetic_val,3,73631,3,73237,0.457898,0.617168,0.0597259,0.637076,14.9678
synthetic/images/img057411.jpg,synthetic_val,0,51271,2,53443,0.457732,-0.313185,0.770916,0.313185,162.54
synthetic/images/img057494.jpg,synthetic_val,1,37074,1,56254,0.123958,0.793334,-0.173542,0.570209,129.332
synthetic/images/img057502.jpg,synthetic_val,1,07517,1,43116,-0.0862083,0.919555,-0.373569,0.0862083,25.6494
synthetic/images/img057505.jpg,synthetic_val,3,50031,3,60156,-0.500173,0.0789747,0.184274,0.842397,118.511
synthetic/images/img057554.jpg,synthetic_val,3,56620,0,04773,0.797264,-0.423547,-0.423547,-0.0747435,147.085
synthetic/images/img057561.jpg,synthetic_val,1,65624,1,42423,-0.644126,0.71076,-0.199901,0.199901,80.2952
synthetic/images/img057613.jpg,synthetic_val,1,04513,1,53044,0.426737,0.80327,-0.376533,0.175715,104.631
synthetic/images/img057614.jpg,synthetic_val,2,31411,0,54260,0.748653,0.0233954,-0.444513,0.491304,160.49
synthetic/images/img057648.jpg,synthetic_val,1,34136,1,63430,-0.269417,0.783758,0.514341,0.220432,109.56
synthetic/images/img057670.jpg,synthetic_val,1,52026,2,42111,-0.433341,-0.38236,0.8157,0.0254906,109.724
synthetic/images/img057718.jpg,synthetic_val,1,20653,1,56044,0.0237089,0.758686,-0.355634,0.545305,156.486
synthetic/images/img057732.jpg,synthetic_val,1,70041,1,14461,0.0712873,0.760398,-0.641585,-0.0712873,88.3224
synthetic/images/img057747.jpg,synthetic_val,2,43267,2,25266,-0.380387,0.380387,0.811493,-0.228232,71.929
synthetic/images/img057778.jpg,synthetic_val,2,61411,1,43336,-0.0928922,0.99085,-0.0309641,0.0928922,178.027
synthetic/images/img057782.jpg,synthetic_val,3,12072,2,03636,-0.276124,-0.0251022,0.80327,-0.527146,45.416
synthetic/images/img057810.jpg,synthetic_val,0,64746,3,73031,0.51494,0.470162,0.0223887,0.716438,113.519
synthetic/images/img057816.jpg,synthetic_val,0,35417,3,56762,0.203967,-0.022663,0.657226,0.725215,166.669
synthetic/images/img057914.jpg,synthetic_val,3,40144,3,45133,-0.0227097,-0.567742,0.386065,0.72671,57.6518
synthetic/images/img057935.jpg,synthetic_val,1,22403,1,24777,-0.433341,0.8157,0.38236,-0.0254906,54.8292
synthetic/images/img057966.jpg,synthetic_val,3,42562,3,42071,-0.590076,-0.259633,0.118015,0.755297,20.7373
synthetic/images/img057992.jpg,synthetic_val,0,65133,3,24576,-0.501565,0.184787,-0.0263982,0.844742,175.857
synthetic/images/img058001.jpg,synthetic_val,0,57456,3,37047,0.444513,0.444513,-0.210559,0.748653,26.6368
synthetic/images/img058007.jpg,synthetic_val,1,17314,1,17162,0.581081,0.743784,-0.209189,-0.255676,8.2241
synthetic/images/img058074.jpg,synthetic_val,1,17433,1,01777,-0.0249766,0.799251,-0.424602,-0.424602,81.3624
synthetic/images/img058102.jpg,synthetic_val,1,07207,1,06350,-0.481824,0.811493,-0.177514,-0.278951,22.8471
synthetic/images/img058131.jpg,synthetic_val,3,61627,3,61550,-0.0864945,0.0288315,0.374809,0.922608,53.8342
synthetic/images/img058193.jpg,synthetic_val,1,65327,1,30636,0.120736,0.772712,0.362209,-0.507093,122.081
synthetic/images/img058312.jpg,synthetic_val,0,31162,0,04664,0.660531,-0.63989,-0.39219,-0.0206416,172.588
synthetic/images/img058321.jpg,synthetic_val,3,57462,3,57004,0.390109,-0.344214,0.436005,0.734324,28.2504
synthetic/images/img058392.jpg,synthetic_val,1,73505,2,75235,0.503945,0.284839,0.701141,0.416302,66.1733
synthetic/images/img058427.jpg,synthetic_val,1,71345,2,37001,0.436005,0.390109,0.734324,-0.344214,96.0595
synthetic/images/img058463.jpg,synthetic_val,2,61464,2,01655,-0.205236,-0.524491,0.729727,-0.387667,121.713
synthetic/images/img058465.jpg,synthetic_val,3,70275,3,24676,-0.606933,0.337185,-0.022479,0.719328,99.82
synthetic/images/img058470.jpg,synthetic_val,1,03137,2,42336,-0.508706,-0.026774,0.856767,0.0803219,152.04
synthetic/images/img058479.jpg,synthetic_val,1,43021,2,42700,-0.560642,-0.17063,0.780024,0.219382,161.928
synthetic/images/img058541.jpg,synthetic_val,1,62236,1,03430,-0.259633,0.755297,-0.259633,-0.54287,131.846
synthetic/images/img058603.jpg,synthetic_val,3,07522,0,34071,0.916533,0.200492,0.143208,-0.315058,109.473
synthetic/images/img058622.jpg,synthetic_val,0,50122,2,15750,0.59159,-0.469192,0.652789,-0.061199,173.908
synthetic/images/img058673.jpg,synthetic_val,0,34626,0,47333,0.882444,-0.0275764,-0.0275764,0.468798,90.4939
synthetic/images/img058682.jpg,synthetic_val,2,72352,1,72524,0.220432,0.783758,0.514341,0.269417,38.0251
synthetic/images/img058719.jpg,synthetic_val,3,11651,3,15036,0.441836,-0.525995,-0.273518,0.673274,13.1571
synthetic/images/img058720.jpg,synthetic_val,0,62657,2,00113,-0.304593,-0.5196,0.573351,-0.555434,156.83
synthetic/images/img058866.jpg,synthetic_val,0,17605,0,24755,0.856767,-0.455158,0.240966,-0.026774,126.57
synthetic/images/img058889.jpg,synthetic_val,1,47762,0,42524,0.755297,-0.54287,-0.259633,0.259633,141.112
synthetic/images/img058919.jpg,synthetic_val,0,65705,0,56660,0.739008,0.023094,-0.069282,0.669726,37.5248
synthetic/images/img058927.jpg,synthetic_val,0,14613,3,27405,-0.334878,0.437917,-0.128799,0.824315,149.211
synthetic/images/img058934.jpg,synthetic_val,2,57606,1,64177,-0.390934,0.735875,0.160973,0.52891,157.476
synthetic/images/img058996.jpg,synthetic_val,1,54152,1,51042,0.364184,0.685522,-0.621254,0.107113,40.8052
synthetic/images/img059030.jpg,synthetic_val,2,66321,2,36323,0.227836,0.642082,0.662794,-0.310685,106.599
synthetic/images/img059049.jpg,synthetic_val,2,50117,2,50011,0.155173,-0.687194,0.709362,0.0221676,19.8709
synthetic/images/img059189.jpg,synthetic_val,2,76233,2,76160,0.201903,0.471108,0.717879,0.471108,23.8853
synthetic/images/img059245.jpg,synthetic_val,1,25206,1,74121,0.287982,0.837765,0.130901,0.445063,124.766
synthetic/images/img059279.jpg,synthetic_val,2,30360,1,03657,-0.238919,0.849491,-0.132733,-0.451292,136.602
synthetic/images/img059359.jpg,synthetic_val,1,60341,1,04532,-0.418722,0.705215,-0.55095,-0.154266,97.7524
synthetic/images/img059396.jpg,synthetic_val,3,27131,3,36024,0.024731,0.51935,-0.321503,0.791391,7.04789
synthetic/images/img059514.jpg,synthetic_val,1,50460,1,50455,0.147279,0.673274,-0.652234,0.315597,14.3454
synthetic/images/img059541.jpg,synthetic_val,3,67425,1,64714,-0.405542,0.683019,0.192099,0.576297,52.7145
synthetic/images/img059612.jpg,synthetic_val,1,43073,2,25631,-0.247436,0.357407,0.879772,-0.19245,165.266
synthetic/images/img059714.jpg,synthetic_val,3,01135,0,17225,0.809414,0.480589,-0.0758825,-0.328824,129.527
synthetic/images/img059729.jpg,synthetic_val,0,24122,3,12777,0.38236,-0.0254906,-0.433341,0.8157,171.864
synthetic/images/img059741.jpg,synthetic_val,2,67351,1,65316,-0.0770752,0.822136,0.282609,0.488143,58.4473
synthetic/images/img059763.jpg,synthetic_val,1,55743,3,35334,0.617861,0.276972,-0.276972,0.681778,42.1987
synthetic/images/img059775.jpg,synthetic_val,1,25314,1,34761,0.302422,0.879772,0.357407,-0.0824786,60.6143
synthetic/images/img059828.jpg,synthetic_val,3,32455,3,54134,0.272076,-0.565081,0.39765,0.669726,161.353
synthetic/images/img059835.jpg,synthetic_val,0,14645,3,45634,-0.232677,-0.401897,0.571117,0.676879,111.358
synthetic/images/img059910.jpg,synthetic_val,3,25404,0,30562,0.822136,0.231226,0.179842,-0.488143,73.5359
synthetic/images/img059929.jpg,synthetic_val,1,21675,1,07306,-0.196657,0.899004,-0.140469,-0.36522,55.9104
synthetic/images/img059935.jpg,synthetic_val,2,65247,2,67305,-0.110838,0.554189,0.709362,0.421184,42.5375
lightbox/images/img000002.jpg,lightbox,3,35253,2,71446,0.432219,0.0762739,0.813589,0.38137,139.111
lightbox/images/img000003.jpg,lightbox,2,52540,2,71460,0.437917,0.128799,0.824315,0.334878,65.6961
lightbox/images/img000008.jpg,lightbox,1,07334,1,71447,0.472205,0.795292,0.0745586,0.372793,114.217
lightbox/images/img000009.jpg,lightbox,1,02263,3,56463,0.0678497,-0.203549,0.65588,0.72373,110.373
lightbox/images/img000024.jpg,lightbox,2,51245,2,56166,0.217325,-0.217325,0.772712,0.555387,60.6894
lightbox/images/img000035.jpg,lightbox,2,64401,2,42750,-0.474555,-0.174836,0.799251,0.324696,38.6873
lightbox/images/img000057.jpg,lightbox,2,65002,2,71446,0.432219,0.0762739,0.813589,0.38137,97.1794
lightbox/images/img000058.jpg,lightbox,0,53502,3,75640,0.359592,0.190372,0.613422,0.676879,141.901
lightbox/images/img000061.jpg,lightbox,0,17326,1,56167,0.262575,0.763856,-0.214834,0.549021,122.59
lightbox/images/img000063.jpg,lightbox,1,74143,3,74340,0.223125,0.223125,0.520626,0.793334,93.3002
lightbox/images/img000066.jpg,lightbox,2,70267,1,74113,0.38137,0.813589,0.0762739,0.432219,118.514
lightbox/images/img000086.jpg,lightbox,0,25214,3,74440,0.0231434,0.0231434,0.67116,0.74059,171.35
lightbox/images/img000099.jpg,lightbox,0,61573,3,74440,0.0231434,0.0231434,0.67116,0.74059,130.489
lightbox/images/img000124.jpg,lightbox,0,53301,3,74640,0.022663,0.203967,0.657226,0.725215,173.972
lightbox/images/img000130.jpg,lightbox,2,26351,3,74050,0.129488,0.0258977,0.543852,0.828726,160.651
lightbox/images/img000133.jpg,lightbox,2,34422,3,75240,0.396854,0.210099,0.490232,0.74702,138.274
lightbox/images/img000140.jpg,lightbox,2,74231,2,76410,0.112852,0.383697,0.722254,0.564261,19.0792
lightbox/images/img000141.jpg,lightbox,3,25756,2,46120,-0.51912,-0.248275,0.722254,0.383697,143.645
lightbox/images/img000164.jpg,lightbox,1,25727,1,75426,0.371768,0.699798,0.153081,0.590455,112.495
lightbox/images/img000169.jpg,lightbox,1,46570,2,42447,-0.610155,-0.273518,0.673274,0.315597,168.638
lightbox/images/img000176.jpg,lightbox,3,41646,3,75430,0.45663,0.108721,0.543607,0.695817,121.329
lightbox/images/img000177.jpg,lightbox,1,70142,2,74144,0.222579,0.024731,0.791391,0.568812,153.436
lightbox/images/img000178.jpg,lightbox,2,37641,0,71443,0.809414,0.480589,0.0758825,0.328824,97.4415
lightbox/images/img000182.jpg,lightbox,1,36024,2,41355,-0.0249766,-0.574462,0.799251,0.174836,170.045
lightbox/images/img000188.jpg,lightbox,3,16404,3,72430,0.126148,0.529823,0.227067,0.80735,124.732
lightbox/images/img000199.jpg,lightbox,2,42316,1,74014,0.133109,0.851896,0.0266217,0.505813,168.152
lightbox/images/img000203.jpg,lightbox,0,07043,3,74144,0.222579,0.024731,0.568812,0.791391,150.322
lightbox/images/img000209.jpg,lightbox,1,00566,0,06307,0.785646,-0.51558,-0.122757,-0.319169,117.082
lightbox/images/img000213.jpg,lightbox,1,21631,2,45623,-0.283212,-0.370354,0.697136,0.544638,145.02
lightbox/images/img000226.jpg,lightbox,0,32564,1,74536,0.29282,0.720787,0.157672,0.608164,156.534
lightbox/images/img000239.jpg,lightbox,1,55020,1,53563,0.603286,0.715006,-0.201095,0.290471,50.5623
lightbox/images/img000245.jpg,lightbox,0,25143,1,34716,0.355266,0.8745,0.300609,-0.136641,150.368
lightbox/images/img000248.jpg,lightbox,1,12551,3,74257,0.168638,0.265003,0.554096,0.770916,149.056
lightbox/images/img000251.jpg,lightbox,3,25270,3,70447,0.0842816,0.0842816,0.421408,0.899004,102.034
lightbox/images/img000261.jpg,lightbox,3,07134,3,71640,0.430001,0.227648,0.328824,0.809414,123.076
lightbox/images/img000264.jpg,lightbox,2,16520,3,74660,0.0221676,0.288178,0.642859,0.709362,137.206
lightbox/images/img000267.jpg,lightbox,0,73206,2,74363,0.258484,0.352478,0.751953,0.493469,73.2615
lightbox/images/img000275.jpg,lightbox,3,50374,3,65410,-0.261387,0.0237624,0.594061,0.760398,102.47
lightbox/images/img000280.jpg,lightbox,2,16374,1,71147,0.63446,0.751953,0.0704956,0.16449,160.634
lightbox/images/img000290.jpg,lightbox,1,65625,3,74440,0.0231434,0.0231434,0.67116,0.74059,99.4381
lightbox/images/img000298.jpg,lightbox,0,70401,1,30552,0.328824,0.809414,0.0758825,-0.480589,152.961
lightbox/images/img000315.jpg,lightbox,0,16364,1,74114,0.329669,0.811493,0.0253592,0.481824,134.101
lightbox/images/img000318.jpg,lightbox,0,45166,0,27012,0.769133,-0.264389,0.456673,-0.360531,163.167
lightbox/images/img000319.jpg,lightbox,2,44027,2,65115,-0.0268511,0.0268511,0.859235,0.510171,91.7518
lightbox/images/img000320.jpg,lightbox,0,61072,0,72650,0.745396,0.116468,0.582341,0.302817,75.376
lightbox/images/img000321.jpg,lightbox,1,62051,2,65107,-0.132733,0.0796398,0.849491,0.504385,114.837
lightbox/images/img000334.jpg,lightbox,0,43572,3,71446,0.432219,0.0762739,0.38137,0.813589,109.178
lightbox/images/img000340.jpg,lightbox,0,74101,2,56742,0.202721,-0.112623,0.720787,0.653213,127.237
lightbox/images/img000345.jpg,lightbox,2,53373,0,76003,0.780024,0.0731272,0.463139,0.414388,50.5626
lightbox/images/img000349.jpg,lightbox,2,61321,1,12520,0.214834,0.763856,-0.262575,-0.549021,178.556
lightbox/images/img000351.jpg,lightbox,1,52007,1,50311,0.355634,0.758686,-0.545305,0.0237089,43.704
lightbox/images/img000359.jpg,lightbox,0,21457,3,76157,0.324329,0.410817,0.497305,0.691902,166.492
lightbox/images/img000363.jpg,lightbox,3,74131,3,74057,0.174402,0.0747435,0.573034,0.797264,29.4914
lightbox/images/img000366.jpg,lightbox,3,26640,0,72230,0.735875,0.114981,0.666887,0.0229961,130.995
lightbox/images/img000367.jpg,lightbox,2,70261,1,74140,0.228822,0.813589,0.0254246,0.533917,128.624
lightbox/images/img000376.jpg,lightbox,2,31245,0,71140,0.781884,0.610847,0.0244339,0.122169,131.64
lightbox/images/img000377.jpg,lightbox,2,67146,3,76440,0.0215415,0.366206,0.624704,0.689329,31.1162
lightbox/images/img000401.jpg,lightbox,2,13671,3,74342,0.220432,0.269417,0.514341,0.783758,165.029
lightbox/images/img000403.jpg,lightbox,3,63417,3,74650,0.112623,0.202721,0.653213,0.720787,69.3455
lightbox/images/img000410.jpg,lightbox,0,25733,3,74347,0.259633,0.259633,0.54287,0.755297,145.763
lightbox/images/img000430.jpg,lightbox,2,57530,2,51640,0.37909,-0.512887,0.713582,0.289893,46.1908
lightbox/images/img000434.jpg,lightbox,0,73374,3,74144,0.222579,0.024731,0.568812,0.791391,110.085
lightbox/images/img000449.jpg,lightbox,3,72507,3,72633,0.15221,0.674072,0.195698,0.695817,28.7377
lightbox/images/img000450.jpg,lightbox,1,13505,1,74767,0.227836,0.662794,0.310685,0.642082,159.477
lightbox/images/img000458.jpg,lightbox,2,36110,3,74142,0.228232,0.0760775,0.532542,0.811493,156.771
lightbox/images/img000460.jpg,lightbox,1,74056,1,76100,0.219382,0.780024,0.414388,0.414388,46.7437
lightbox/images/img000472.jpg,lightbox,1,06224,2,65436,-0.250844,0.159628,0.729727,0.615707,171.683
lightbox/images/img000479.jpg,lightbox,3,67106,1,42723,-0.533917,0.813589,-0.0254246,0.228822,106.353
lightbox/images/img000481.jpg,lightbox,2,27166,3,74440,0.0231434,0.0231434,0.67116,0.74059,135.53
lightbox/images/img000493.jpg,lightbox,2,34116,3,74343,0.266242,0.266242,0.508279,0.774521,143.863
lightbox/images/img000496.jpg,lightbox,2,61007,1,47717,-0.0237089,0.758686,-0.118545,0.640141,179.332
lightbox/images/img000497.jpg,lightbox,3,17762,3,75460,0.364184,0.107113,0.621254,0.685522,89.5563
lightbox/images/img000499.jpg,lightbox,3,14612,0,72137,0.756986,0.354837,0.544084,0.0709674,162.583
lightbox/images/img000503.jpg,lightbox,0,05534,0,72230,0.735875,0.114981,0.666887,0.0229961,166.48
lightbox/images/img000507.jpg,lightbox,2,34231,1,34511,0.416185,0.887862,0.0277457,-0.19422,122.34
lightbox/images/img000510.jpg,lightbox,3,55003,3,65540,-0.159961,0.0228515,0.662695,0.73125,103.729
lightbox/images/img000512.jpg,lightbox,3,35023,3,74447,0.0670318,0.0670318,0.692662,0.715006,139.525
lightbox/images/img000514.jpg,lightbox,3,70021,3,75640,0.359592,0.190372,0.613422,0.676879,81.8112
lightbox/images/img000518.jpg,lightbox,2,30347,3,56344,0.219382,-0.17063,0.560642,0.780024,176.065
lightbox/images/img000525.jpg,lightbox,1,43567,1,72157,0.368271,0.785646,0.466477,0.17186,105.98
lightbox/images/img000528.jpg,lightbox,2,47044,2,43757,-0.0280056,-0.140028,0.896179,0.420084,48.0048
lightbox/images/img000532.jpg,lightbox,3,07501,0,71446,0.813589,0.432219,0.0762739,0.38137,175.593
lightbox/images/img000538.jpg,lightbox,2,34163,1,71172,0.658581,0.72671,0.158968,0.113548,127.883
lightbox/images/img000539.jpg,lightbox,2,70001,2,42535,-0.431106,-0.278951,0.811493,0.278951,81.8867
lightbox/images/img000542.jpg,lightbox,2,01675,1,56111,0.357244,0.762121,-0.357244,0.404877,60.1153
lightbox/images/img000554.jpg,lightbox,3,17347,3,77247,0.369577,0.525188,0.447383,0.622446,113.641
lightbox/images/img000555.jpg,lightbox,0,26432,3,74440,0.0231434,0.0231434,0.67116,0.74059,156.132
lightbox/images/img000564.jpg,lightbox,2,05161,1,74111,0.38236,0.8157,0.0254906,0.433341,99.248
lightbox/images/img000571.jpg,lightbox,1,63045,2,45235,-0.210559,-0.444513,0.748653,0.444513,167.533
lightbox/images/img000583.jpg,lightbox,1,43261,2,45626,-0.31504,-0.357045,0.672085,0.567072,157.537
lightbox/images/img000587.jpg,lightbox,3,16614,3,65565,-0.110838,0.110838,0.687194,0.709362,114.663
lightbox/images/img000605.jpg,lightbox,2,72377,2,74416,0.118279,0.0709674,0.756986,0.638707,91.8517
lightbox/images/img000620.jpg,lightbox,2,16627,2,73443,0.434179,0.434179,0.73125,0.29707,89.6013
lightbox/images/img000628.jpg,lightbox,0,52142,3,56446,0.0215415,-0.28004,0.667787,0.689329,154.826
lightbox/images/img000629.jpg,lightbox,2,05542,2,74321,0.274743,0.324696,0.799251,0.424602,146.465
lightbox/images/img000643.jpg,lightbox,2,07366,2,56436,0.115966,-0.208739,0.742182,0.626216,117.183
lightbox/images/img000645.jpg,lightbox,0,52660,3,74460,0.0229961,0.114981,0.666887,0.735875,151.053
lightbox/images/img000646.jpg,lightbox,0,71670,1,75602,0.374646,0.705215,0.242418,0.55095,57.2802
lightbox/images/img000655.jpg,lightbox,2,31247,2,65144,-0.174836,0.0249766,0.799251,0.574462,159.924
lightbox/images/img000666.jpg,lightbox,1,07327,2,71463,0.474555,0.174836,0.799251,0.324696,176.608
lightbox/images/img000667.jpg,lightbox,1,61065,2,71423,0.488143,0.179842,0.822136,0.231226,161.671
lightbox/images/img000671.jpg,lightbox,0,61226,3,70107,0.322554,0.0879694,0.0879694,0.93834,137.145
lightbox/images/img000678.jpg,lightbox,3,72237,1,12313,0.317287,0.676879,-0.105762,-0.655727,176.627
lightbox/images/img000690.jpg,lightbox,0,55666,3,30363,0.240097,0.327405,-0.589329,0.698464,53.6924
lightbox/images/img000695.jpg,lightbox,0,52077,3,74407,0.0712873,0.0712873,0.641585,0.760398,171.542
lightbox/images/img000696.jpg,lightbox,1,35432,2,75400,0.386065,0.0227097,0.72671,0.567742,150.333
lightbox/images/img000700.jpg,lightbox,3,65365,2,52521,0.299715,-0.299715,0.871899,0.245222,117.709
lightbox/images/img000708.jpg,lightbox,1,53026,3,74440,0.0231434,0.0231434,0.67116,0.74059,168.994
lightbox/images/img000711.jpg,lightbox,1,23576,1,74140,0.228822,0.813589,0.0254246,0.533917,133.679
lightbox/images/img000719.jpg,lightbox,1,53631,2,56436,0.115966,-0.208739,0.742182,0.626216,175.668
lightbox/images/img000727.jpg,lightbox,1,43645,1,74144,0.222579,0.791391,0.024731,0.568812,70.3454
lightbox/images/img000737.jpg,lightbox,3,14261,3,70140,0.267615,0.0297351,0.148675,0.951522,86.7603
lightbox/images/img000744.jpg,lightbox,1,21615,1,42555,-0.404877,0.762121,-0.357244,0.357244,129.772
lightbox/images/img000745.jpg,lightbox,3,25770,0,72055,0.851896,0.186352,0.45257,0.186352,168.212
lightbox/images/img000746.jpg,lightbox,1,11607,3,74467,0.0663723,0.154869,0.685847,0.707972,124.155
lightbox/images/img000773.jpg,lightbox,3,26511,3,74433,0.167476,0.167476,0.598127,0.765603,118.949
lightbox/images/img000794.jpg,lightbox,1,30371,3,75442,0.365528,0.0645049,0.623548,0.688053,170.265
lightbox/images/img000797.jpg,lightbox,1,43153,2,65210,-0.282609,0.231226,0.822136,0.43676,175.609
lightbox/images/img000808.jpg,lightbox,1,67425,3,56333,0.38236,-0.0254906,0.433341,0.8157,114.834
lightbox/images/img000818.jpg,lightbox,0,25525,3,75440,0.366206,0.0215415,0.624704,0.689329,136.659
lightbox/images/img000823.jpg,lightbox,3,30124,2,56247,0.0753066,-0.125511,0.80327,0.57735,168.558
lightbox/images/img000845.jpg,lightbox,2,47324,2,64501,-0.459243,0.0218687,0.699798,0.546718,36.4743
lightbox/images/img000849.jpg,lightbox,2,63533,2,56644,0.0221676,-0.155173,0.709362,0.687194,104.411
lightbox/images/img000856.jpg,lightbox,2,02743,3,74140,0.228822,0.0254246,0.533917,0.813589,171.502
lightbox/images/img000858.jpg,lightbox,1,35606,2,71643,0.464244,0.268773,0.781884,0.317641,103.188
lightbox/images/img000861.jpg,lightbox,1,71657,3,75440,0.366206,0.0215415,0.624704,0.689329,103.859
lightbox/images/img000867.jpg,lightbox,2,70351,3,74433,0.167476,0.167476,0.598127,0.765603,87.462
lightbox/images/img000871.jpg,lightbox,3,75207,2,71440,0.441447,0.0259675,0.830959,0.337577,70.6675
lightbox/images/img000878.jpg,lightbox,1,27555,2,71661,0.457732,0.313185,0.770916,0.313185,104.081
lightbox/images/img000888.jpg,lightbox,2,54155,2,73446,0.390109,0.436005,0.734324,0.344214,125.179
lightbox/images/img000892.jpg,lightbox,0,56465,3,72455,0.175715,0.426737,0.376533,0.80327,107.319
lightbox/images/img000893.jpg,lightbox,1,15071,3,72177,0.350931,0.538095,0.163768,0.748653,147.896
lightbox/images/img000894.jpg,lightbox,2,36604,2,74444,0.0224337,0.0224337,0.717879,0.695445,121.19
lightbox/images/img000895.jpg,lightbox,0,43770,1,71465,0.469888,0.791391,0.123655,0.370965,123.261
lightbox/images/img000904.jpg,lightbox,1,37600,1,56111,0.357244,0.762121,-0.357244,0.404877,131.9
lightbox/images/img000911.jpg,lightbox,3,36100,3,74144,0.222579,0.024731,0.568812,0.791391,123.579
lightbox/images/img000915.jpg,lightbox,0,36607,1,71440,0.441447,0.830959,0.0259675,0.337577,137.07
lightbox/images/img000919.jpg,lightbox,2,06336,3,70147,0.317146,0.0864945,0.20182,0.922608,143.891
lightbox/images/img000930.jpg,lightbox,0,70706,2,71643,0.464244,0.268773,0.781884,0.317641,72.4363
lightbox/images/img000932.jpg,lightbox,1,13307,0,16176,0.869321,0.353162,-0.244497,-0.244497,65.8483
lightbox/images/img000933.jpg,lightbox,1,56001,1,74333,0.357244,0.762121,0.357244,0.404877,91.2519
lightbox/images/img000937.jpg,lightbox,0,12401,2,74140,0.228822,0.0254246,0.813589,0.533917,131.965
lightbox/images/img000950.jpg,lightbox,3,24457,3,74440,0.0231434,0.0231434,0.67116,0.74059,115.232
lightbox/images/img000951.jpg,lightbox,3,56720,3,65147,-0.125511,0.0753066,0.57735,0.80327,45.2083
lightbox/images/img000956.jpg,lightbox,2,40524,2,71647,0.456673,0.264389,0.769133,0.360531,153.008
lightbox/images/img000957.jpg,lightbox,0,33366,2,30717,0.352478,0.258484,0.751953,-0.493469,42.0953
lightbox/images/img000962.jpg,lightbox,3,15711,0,72247,0.751953,0.0704956,0.63446,0.16449,128.889
lightbox/images/img000974.jpg,lightbox,2,65757,2,56643,0.0688428,-0.114738,0.734324,0.665481,42.1442
lightbox/images/img000982.jpg,lightbox,0,25323,0,71044,0.866766,0.46047,0.0270864,0.189605,106.154
lightbox/images/img000988.jpg,lightbox,1,72150,2,75440,0.366206,0.0215415,0.689329,0.624704,118.302
lightbox/images/img000992.jpg,lightbox,2,01267,3,75446,0.355792,0.0627868,0.648797,0.669726,175.304
lightbox/images/img000995.jpg,lightbox,3,44307,3,72357,0.333169,0.599704,0.155479,0.71076,165.387
lightbox/images/img001003.jpg,lightbox,1,34216,3,74440,0.0231434,0.0231434,0.67116,0.74059,174.04
lightbox/images/img001007.jpg,lightbox,3,00701,2,65510,-0.0736543,0.0245514,0.785646,0.613786,174.39
lightbox/images/img001013.jpg,lightbox,3,07171,3,74365,0.25623,0.302817,0.535754,0.745396,132.851
lightbox/images/img001018.jpg,lightbox,3,10403,3,71640,0.430001,0.227648,0.328824,0.809414,149.672
lightbox/images/img001026.jpg,lightbox,0,51040,0,71447,0.795292,0.472205,0.0745586,0.372793,92.3546
lightbox/images/img001030.jpg,lightbox,3,65340,3,75440,0.366206,0.0215415,0.624704,0.689329,68.4563
lightbox/images/img001042.jpg,lightbox,0,14030,3,74327,0.264389,0.360531,0.456673,0.769133,145.626
lightbox/images/img001044.jpg,lightbox,1,41072,2,42763,-0.51935,-0.024731,0.791391,0.321503,143.322
lightbox/images/img001045.jpg,lightbox,2,65313,3,74433,0.167476,0.167476,0.598127,0.765603,52.1704
lightbox/images/img001050.jpg,lightbox,3,66167,2,75446,0.355792,0.0627868,0.669726,0.648797,105.928
lightbox/images/img001051.jpg,lightbox,0,73527,1,47527,-0.115966,0.742182,-0.208739,0.626216,136.679
lightbox/images/img001070.jpg,lightbox,3,56320,3,74600,0.0240354,0.216319,0.600885,0.769133,48.3588
lightbox/images/img001087.jpg,lightbox,2,67026,3,56572,0.282675,-0.195698,0.630584,0.695817,115.808
lightbox/images/img001094.jpg,lightbox,0,67534,3,74030,0.135432,0.135432,0.46047,0.866766,76.636
lightbox/images/img001105.jpg,lightbox,0,07157,1,74765,0.230623,0.670902,0.272554,0.649937,171.151
lightbox/images/img001106.jpg,lightbox,0,27417,1,21317,-0.0224337,0.717879,0.246771,-0.650578,175.266
lightbox/images/img001107.jpg,lightbox,3,36524,2,65430,-0.259633,0.118015,0.755297,0.590076,135.034
lightbox/images/img001108.jpg,lightbox,0,61367,3,74440,0.0231434,0.0231434,0.67116,0.74059,128.004
lightbox/images/img001109.jpg,lightbox,3,71071,0,71427,0.811493,0.481824,0.177514,0.278951,81.5897
lightbox/images/img001111.jpg,lightbox,0,20226,0,12167,0.743784,0.255676,-0.209189,-0.581081,114.284
lightbox/images/img001119.jpg,lightbox,1,27364,2,65440,-0.328031,0.0218687,0.699798,0.634192,132.246
lightbox/images/img001125.jpg,lightbox,3,20770,2,71447,0.472205,0.0745586,0.795292,0.372793,150.177
lightbox/images/img001129.jpg,lightbox,2,43044,3,74640,0.022663,0.203967,0.657226,0.725215,111.024
lightbox/images/img001139.jpg,lightbox,3,16632,3,75640,0.359592,0.190372,0.613422,0.676879,109.812
lightbox/images/img001145.jpg,lightbox,3,02411,0,71467,0.785646,0.466477,0.17186,0.368271,136.684
lightbox/images/img001148.jpg,lightbox,2,07674,1,12313,0.317287,0.676879,-0.105762,-0.655727,156.413
lightbox/images/img001150.jpg,lightbox,1,22163,3,74440,0.0231434,0.0231434,0.67116,0.74059,167.974
lightbox/images/img001154.jpg,lightbox,3,01461,3,74167,0.265003,0.168638,0.554096,0.770916,164.507
lightbox/images/img001155.jpg,lightbox,3,65234,3,70765,0.280397,0.331378,0.38236,0.8157,65.5382
lightbox/images/img001159.jpg,lightbox,1,12266,2,71417,0.560642,0.0731272,0.780024,0.268133,164.902
lightbox/images/img001176.jpg,lightbox,2,20730,3,75467,0.388241,0.143036,0.633445,0.653879,179.107
lightbox/images/img001184.jpg,lightbox,2,07465,2,76015,0.168638,0.409549,0.770916,0.457732,123.728
lightbox/images/img001187.jpg,lightbox,3,57116,3,56347,0.266868,-0.121303,0.557996,0.776342,47.2211
lightbox/images/img001196.jpg,lightbox,1,71714,1,31667,0.436005,0.734324,0.344214,-0.390109,79.9764
lightbox/images/img001199.jpg,lightbox,1,07763,2,74440,0.0231434,0.0231434,0.74059,0.67116,171.408
lightbox/images/img001201.jpg,lightbox,1,20502,3,47127,-0.129488,-0.233079,0.492056,0.828726,120.695
lightbox/images/img001209.jpg,lightbox,2,54676,2,65141,-0.129488,0.0258977,0.828726,0.543852,58.3333
lightbox/images/img001216.jpg,lightbox,1,12522,3,74163,0.272041,0.173117,0.51935,0.791391,138.011
lightbox/images/img001220.jpg,lightbox,3,77455,1,75446,0.355792,0.669726,0.0627868,0.648797,73.6959
lightbox/images/img001234.jpg,lightbox,2,42677,2,74313,0.368271,0.270066,0.785646,0.417374,118.07
lightbox/images/img001236.jpg,lightbox,0,14207,3,74433,0.167476,0.167476,0.598127,0.765603,128.998
lightbox/images/img001246.jpg,lightbox,1,07473,3,74443,0.0691347,0.0691347,0.668302,0.737437,159.483
lightbox/images/img001253.jpg,lightbox,2,05552,2,74020,0.0273281,0.136641,0.8745,0.464578,117.01
lightbox/images/img001255.jpg,lightbox,2,71225,1,71443,0.480589,0.809414,0.0758825,0.328824,107.325
lightbox/images/img001264.jpg,lightbox,2,27665,2,65430,-0.259633,0.118015,0.755297,0.590076,95.9299
lightbox/images/img001268.jpg,lightbox,1,64577,1,65141,-0.129488,0.828726,0.0258977,0.543852,37.2645
lightbox/images/img001280.jpg,lightbox,1,36524,2,71413,0.567426,0.0740121,0.789462,0.222036,109.524
lightbox/images/img001287.jpg,lightbox,3,12476,2,23127,-0.10166,0.467638,0.650627,-0.589631,49.4575
lightbox/images/img001288.jpg,lightbox,3,45712,0,71057,0.797264,0.573034,0.0747435,0.174402,163.672
lightbox/images/img001295.jpg,lightbox,1,77157,3,75407,0.412362,0.0651098,0.585988,0.694504,76.2772
lightbox/images/img001299.jpg,lightbox,0,66244,0,73440,0.760398,0.403961,0.403961,0.308911,118.724
lightbox/images/img001308.jpg,lightbox,2,07526,1,74144,0.222579,0.791391,0.024731,0.568812,144.566
lightbox/images/img001314.jpg,lightbox,0,57275,2,74433,0.167476,0.167476,0.765603,0.598127,124.433
lightbox/images/img001319.jpg,lightbox,1,43373,2,74223,0.0762739,0.38137,0.813589,0.432219,129.721
lightbox/images/img001323.jpg,lightbox,1,26444,2,44633,-0.493817,-0.335795,0.632085,0.493817,143.238
lightbox/images/img001331.jpg,lightbox,2,62342,3,74447,0.0670318,0.0670318,0.692662,0.715006,114.027
lightbox/images/img001344.jpg,lightbox,0,72010,2,56640,0.0228515,-0.159961,0.73125,0.662695,139.051
lightbox/images/img001350.jpg,lightbox,2,02653,1,76154,0.289893,0.713582,0.37909,0.512887,159.107
lightbox/images/img001355.jpg,lightbox,3,25754,2,75403,0.422849,0.0667657,0.712167,0.55638,122.975
lightbox/images/img001365.jpg,lightbox,0,42042,3,74443,0.0691347,0.0691347,0.668302,0.737437,169.178
lightbox/images/img001366.jpg,lightbox,0,76122,3,72630,0.112623,0.653213,0.202721,0.720787,105.639
lightbox/images/img001371.jpg,lightbox,2,12651,0,71423,0.822136,0.488143,0.179842,0.231226,169.767
lightbox/images/img001379.jpg,lightbox,0,77514,2,75640,0.359592,0.190372,0.676879,0.613422,64.6578
lightbox/images/img001382.jpg,lightbox,3,16561,1,71024,0.463196,0.871899,0.136234,0.0817405,173.629
lightbox/images/img001387.jpg,lightbox,0,65727,2,40334,-0.453539,-0.453539,0.763856,0.0716115,178.21
lightbox/images/img001396.jpg,lightbox,3,16054,3,71440,0.441447,0.0259675,0.337577,0.830959,92.2636
lightbox/images/img001400.jpg,lightbox,3,43711,0,53347,0.748653,0.631676,-0.116977,0.163768,179.143
lightbox/images/img001414.jpg,lightbox,2,24640,3,72633,0.15221,0.674072,0.195698,0.695817,166.085
lightbox/images/img001419.jpg,lightbox,0,56126,3,74600,0.0240354,0.216319,0.600885,0.769133,141.706
lightbox/images/img001432.jpg,lightbox,1,31224,3,74345,0.262575,0.214834,0.549021,0.763856,173.651
lightbox/images/img001435.jpg,lightbox,3,47221,0,70773,0.789462,0.37006,0.37006,0.320719,167.049
lightbox/images/img001436.jpg,lightbox,2,25752,2,71446,0.432219,0.0762739,0.813589,0.38137,85.0291
lightbox/images/img001440.jpg,lightbox,3,66006,2,65141,-0.129488,0.0258977,0.828726,0.543852,88.9065
lightbox/images/img001450.jpg,lightbox,1,17620,3,74033,0.186352,0.186352,0.45257,0.851896,175.834
lightbox/images/img001472.jpg,lightbox,3,32533,2,53747,0.603286,-0.11172,0.715006,0.335159,178.161
lightbox/images/img001474.jpg,lightbox,1,71141,2,44716,-0.375888,-0.415455,0.633074,0.534156,120.913
lightbox/images/img001482.jpg,lightbox,2,42334,1,12761,0.282609,0.822136,-0.0770752,-0.488143,141.525
lightbox/images/img001485.jpg,lightbox,0,61745,3,75640,0.359592,0.190372,0.613422,0.676879,87.3753
lightbox/images/img001493.jpg,lightbox,0,25523,1,22561,-0.441056,0.672085,0.441056,-0.39905,136.574
lightbox/images/img001496.jpg,lightbox,2,12236,2,71446,0.432219,0.0762739,0.813589,0.38137,135.005
lightbox/images/img001500.jpg,lightbox,0,56754,1,53162,0.596762,0.763856,-0.214834,0.119352,83.3973
lightbox/images/img001506.jpg,lightbox,2,30427,2,65533,-0.0242607,0.169825,0.776342,0.606517,138.633
lightbox/images/img001520.jpg,lightbox,3,14045,3,72447,0.0745586,0.472205,0.372793,0.795292,161.284
lightbox/images/img001526.jpg,lightbox,2,64503,3,74440,0.0231434,0.0231434,0.67116,0.74059,61.2465
lightbox/images/img001532.jpg,lightbox,0,13542,3,74440,0.0231434,0.0231434,0.67116,0.74059,125.734
lightbox/images/img001542.jpg,lightbox,0,14722,3,74363,0.258484,0.352478,0.493469,0.751953,174.571
lightbox/images/img001557.jpg,lightbox,2,32016,2,42725,-0.525822,-0.0751175,0.801253,0.275431,147.769
lightbox/images/img001559.jpg,lightbox,1,35101,1,47437,-0.205664,0.73125,-0.205664,0.616992,158.451
lightbox/images/img001567.jpg,lightbox,1,53040,2,65140,-0.179842,0.0256917,0.822136,0.539527,144.73
lightbox/images/img001571.jpg,lightbox,0,63334,2,71646,0.417374,0.270066,0.785646,0.368271,66.3288
lightbox/images/img001588.jpg,lightbox,1,76356,2,74430,0.121303,0.121303,0.776342,0.606517,69.7218
lightbox/images/img001599.jpg,lightbox,0,15370,1,76457,0.143036,0.653879,0.388241,0.633445,161.517
lightbox/images/img001603.jpg,lightbox,1,61764,3,74445,0.067166,0.0223887,0.694049,0.716438,115.787
lightbox/images/img001608.jpg,lightbox,1,25675,1,74147,0.268133,0.780024,0.0731272,0.560642,103.029
lightbox/images/img001620.jpg,lightbox,2,61600,2,56433,0.165963,-0.21338,0.758686,0.592723,92.963
lightbox/images/img001624.jpg,lightbox,3,12675,1,56347,0.266868,0.776342,-0.121303,0.557996,117.921
lightbox/images/img001625.jpg,lightbox,2,71467,3,74147,0.268133,0.0731272,0.560642,0.780024,61.4297
lightbox/images/img001626.jpg,lightbox,3,72032,3,72443,0.0758825,0.480589,0.328824,0.809414,38.2092
lightbox/images/img001632.jpg,lightbox,2,43736,2,43763,-0.143208,-0.0286417,0.916533,0.372342,9.19412
lightbox/images/img001635.jpg,lightbox,0,61224,3,74430,0.121303,0.121303,0.606517,0.776342,143.488
lightbox/images/img001642.jpg,lightbox,1,36702,2,63655,-0.203549,0.565414,0.72373,0.339248,75.9247
lightbox/images/img001654.jpg,lightbox,3,02475,3,56670,0.114738,-0.0688428,0.665481,0.734324,154.732
lightbox/images/img001662.jpg,lightbox,2,16070,1,71147,0.63446,0.751953,0.0704956,0.16449,165.865
lightbox/images/img001664.jpg,lightbox,3,33656,1,53670,0.518084,0.789462,-0.0740121,0.320719,57.098
lightbox/images/img001675.jpg,lightbox,2,56673,2,53426,0.43676,-0.231226,0.822136,0.282609,62.9128
lightbox/images/img001682.jpg,lightbox,3,56427,1,42655,-0.570099,0.729727,-0.159628,0.342059,177.135
lightbox/images/img001684.jpg,lightbox,3,50303,1,12377,0.34641,0.739008,-0.023094,-0.57735,82.7164
lightbox/images/img001687.jpg,lightbox,2,71235,1,74327,0.264389,0.769133,0.360531,0.456673,89.5644
lightbox/images/img001688.jpg,lightbox,3,70526,2,76140,0.210099,0.396854,0.74702,0.490232,73.3297
lightbox/images/img001713.jpg,lightbox,1,54314,3,65140,-0.179842,0.0256917,0.539527,0.822136,176.048
lightbox/images/img001721.jpg,lightbox,2,75457,2,15223,0.436005,-0.390109,0.734324,-0.344214,128.982
lightbox/images/img001726.jpg,lightbox,1,05244,3,56467,0.0658586,-0.197576,0.680538,0.702491,94.0023
lightbox/images/img001731.jpg,lightbox,2,70234,3,74322,0.223676,0.372793,0.422499,0.795292,104.877
lightbox/images/img001733.jpg,lightbox,3,53002,2,56144,0.208739,-0.347898,0.742182,0.533443,95.1587
lightbox/images/img001734.jpg,lightbox,2,03720,3,74440,0.0231434,0.0231434,0.67116,0.74059,165.921
lightbox/images/img001735.jpg,lightbox,1,25460,2,74433,0.167476,0.167476,0.765603,0.598127,165.132
lightbox/images/img001751.jpg,lightbox,0,65310,3,43440,-0.37006,-0.37006,0.320719,0.789462,162.186
lightbox/images/img001771.jpg,lightbox,2,07172,2,71640,0.430001,0.227648,0.809414,0.328824,113.682
lightbox/images/img001781.jpg,lightbox,1,73315,3,74433,0.167476,0.167476,0.598127,0.765603,113.459
lightbox/images/img001784.jpg,lightbox,2,12375,1,56522,0.211487,0.751953,-0.211487,0.587463,123.776
lightbox/images/img001792.jpg,lightbox,0,16203,2,76435,0.147803,0.443409,0.675671,0.570097,163.396
lightbox/images/img001800.jpg,lightbox,0,25726,1,13346,0.521399,0.667391,-0.10428,-0.521399,140.477
lightbox/images/img001812.jpg,lightbox,3,15703,3,74335,0.355634,0.308216,0.45047,0.758686,119.424
lightbox/images/img001813.jpg,lightbox,1,47310,3,70645,0.0819844,0.245953,0.409922,0.8745,112.858
lightbox/images/img001817.jpg,lightbox,1,35034,1,42775,-0.432219,0.813589,-0.0762739,0.38137,146.326
lightbox/images/img001828.jpg,lightbox,0,50135,2,71466,0.426737,0.175715,0.80327,0.376533,168.305
lightbox/images/img001831.jpg,lightbox,3,17132,3,73443,0.434179,0.434179,0.29707,0.73125,107.283
lightbox/images/img001837.jpg,lightbox,3,16710,3,75440,0.366206,0.0215415,0.624704,0.689329,101.458
lightbox/images/img001839.jpg,lightbox,1,22574,2,44220,-0.603909,-0.370138,0.62339,0.331176,162.688
lightbox/images/img001869.jpg,lightbox,2,52715,2,42770,-0.480589,-0.0758825,0.809414,0.328824,104.537
lightbox/images/img001875.jpg,lightbox,1,62252,3,65540,-0.159961,0.0228515,0.662695,0.73125,115.614
lightbox/images/img001876.jpg,lightbox,0,74555,2,74136,0.324696,0.174836,0.799251,0.474555,103.239
lightbox/images/img001884.jpg,lightbox,1,45174,1,74516,0.295837,0.728214,0.06827,0.61443,87.555
lightbox/images/img001886.jpg,lightbox,0,32457,0,71437,0.770916,0.554096,0.168638,0.265003,98.9321
lightbox/images/img001887.jpg,lightbox,1,71750,1,74543,0.246276,0.716438,0.067166,0.649272,66.9018
lightbox/images/img001889.jpg,lightbox,3,52611,1,42717,-0.445063,0.837765,-0.130901,0.287982,175.881
lightbox/images/img001893.jpg,lightbox,1,54375,0,71447,0.795292,0.472205,0.0745586,0.372793,81.9006
lightbox/images/img001908.jpg,lightbox,1,03705,2,42773,-0.441447,-0.0259675,0.830959,0.337577,146.891
lightbox/images/img001937.jpg,lightbox,0,77552,1,75433,0.48738,0.678094,0.148333,0.529761,31.3011
lightbox/images/img001948.jpg,lightbox,3,42312,3,72545,0.270066,0.417374,0.368271,0.785646,122.853
lightbox/images/img001957.jpg,lightbox,3,52036,2,75440,0.366206,0.0215415,0.689329,0.624704,91.7617
lightbox/images/img001958.jpg,lightbox,3,76073,3,74163,0.272041,0.173117,0.51935,0.791391,43.7436
lightbox/images/img001976.jpg,lightbox,2,31177,0,71247,0.811493,0.481824,0.278951,0.177514,101.38
lightbox/images/img001984.jpg,lightbox,3,66615,2,56552,0.276972,-0.276972,0.681778,0.617861,127.692
lightbox/images/img001987.jpg,lightbox,1,46315,3,75060,0.403052,0.118545,0.497888,0.758686,158.992
lightbox/images/img001991.jpg,lightbox,1,56207,2,15363,0.580544,-0.365528,0.688053,-0.236518,125.089
lightbox/images/img002000.jpg,lightbox,2,71734,2,71443,0.480589,0.0758825,0.809414,0.328824,33.5739
lightbox/images/img002017.jpg,lightbox,2,56314,2,56250,0.127453,-0.178434,0.8157,0.535303,24.1994
lightbox/images/img002018.jpg,lightbox,1,74200,1,74124,0.233079,0.828726,0.129488,0.492056,28.1031
lightbox/images/img002019.jpg,lightbox,1,30532,2,71440,0.441447,0.0259675,0.830959,0.337577,165.794
lightbox/images/img002025.jpg,lightbox,1,22557,3,74247,0.0731272,0.268133,0.560642,0.780024,166.453
lightbox/images/img002032.jpg,lightbox,0,66303,3,74407,0.0712873,0.0712873,0.641585,0.760398,104.323
lightbox/images/img002034.jpg,lightbox,0,41074,2,11333,0.545035,-0.29889,0.562617,-0.545035,174.415
lightbox/images/img002035.jpg,lightbox,0,72000,3,65440,-0.328031,0.0218687,0.634192,0.699798,177.721
lightbox/images/img002036.jpg,lightbox,1,44600,1,75446,0.355792,0.669726,0.0627868,0.648797,126.121
lightbox/images/img002050.jpg,lightbox,1,25147,3,47353,-0.0258977,-0.129488,0.543852,0.828726,143.907
lightbox/images/img002058.jpg,lightbox,2,55245,0,53363,0.758686,0.640141,-0.0237089,0.118545,176.444
lightbox/images/img002065.jpg,lightbox,3,37654,2,74131,0.379413,0.126471,0.809414,0.430001,116.68
lightbox/images/img002067.jpg,lightbox,0,74322,2,71653,0.535754,0.25623,0.745396,0.302817,53.5732
lightbox/images/img002070.jpg,lightbox,2,26402,2,74335,0.355634,0.308216,0.758686,0.45047,143.233
lightbox/images/img002071.jpg,lightbox,0,03571,0,35240,0.822136,0.43676,0.231226,-0.282609,83.9589
lightbox/images/img002076.jpg,lightbox,0,46225,3,47600,-0.342059,-0.159628,0.570099,0.729727,166.308
lightbox/images/img002082.jpg,lightbox,2,02107,1,77443,0.373556,0.629146,0.373556,0.570164,131.949
lightbox/images/img002083.jpg,lightbox,2,35472,0,72244,0.776342,0.0242607,0.606517,0.169825,50.5295
lightbox/images/img002089.jpg,lightbox,0,53174,2,56643,0.0688428,-0.114738,0.734324,0.665481,170.71
lightbox/images/img002102.jpg,lightbox,3,03172,3,65515,-0.0238705,0.0238705,0.644503,0.763856,162.014
lightbox/images/img002105.jpg,lightbox,3,56400,0,37421,0.739008,0.438786,0.484974,-0.161658,175.422
lightbox/images/img002111.jpg,lightbox,2,50550,3,65345,-0.122757,0.220963,0.564683,0.785646,129.566
lightbox/images/img002114.jpg,lightbox,1,12746,3,74070,0.128459,0.128459,0.539527,0.822136,145.86
lightbox/images/img002117.jpg,lightbox,2,06574,0,71427,0.811493,0.481824,0.177514,0.278951,132.032
lightbox/images/img002121.jpg,lightbox,2,21254,3,74460,0.0229961,0.114981,0.666887,0.735875,171.565
lightbox/images/img002130.jpg,lightbox,0,66201,3,36447,0.0803219,0.508706,-0.026774,0.856767,177.39
lightbox/images/img002135.jpg,lightbox,1,11663,1,75640,0.359592,0.676879,0.190372,0.613422,143.922
lightbox/images/img002136.jpg,lightbox,1,34256,1,70703,0.299715,0.871899,0.299715,0.245222,62.6058
lightbox/images/img002138.jpg,lightbox,2,56007,3,74445,0.067166,0.0223887,0.694049,0.716438,50.6937
lightbox/images/img002146.jpg,lightbox,2,34507,3,65540,-0.159961,0.0228515,0.662695,0.73125,124.827
lightbox/images/img002149.jpg,lightbox,2,47072,2,71443,0.480589,0.0758825,0.809414,0.328824,99.8035
lightbox/images/img002154.jpg,lightbox,1,07643,2,56363,0.276124,-0.0251022,0.80327,0.527146,146.645
lightbox/images/img002163.jpg,lightbox,2,70155,3,74100,0.240966,0.026774,0.455158,0.856767,96.3309
lightbox/images/img002164.jpg,lightbox,2,15463,3,56743,0.245294,-0.111497,0.646684,0.713582,107.621
lightbox/images/img002165.jpg,lightbox,0,06347,1,21717,-0.0251022,0.80327,0.276124,-0.527146,137.525
lightbox/images/img002170.jpg,lightbox,2,16154,3,74340,0.223125,0.223125,0.520626,0.793334,150.614
lightbox/images/img002171.jpg,lightbox,3,74174,3,74147,0.268133,0.0731272,0.560642,0.780024,6.90793
lightbox/images/img002175.jpg,lightbox,1,12775,3,74333,0.357244,0.357244,0.404877,0.762121,169.528
lightbox/images/img002176.jpg,lightbox,0,06422,2,75420,0.383697,0.112852,0.722254,0.564261,174.578
lightbox/images/img002178.jpg,lightbox,0,61573,1,42777,-0.433341,0.8157,-0.0254906,0.38236,147.235
lightbox/images/img002179.jpg,lightbox,2,51242,3,76640,0.0200361,0.500902,0.581047,0.641155,150.459
lightbox/images/img002181.jpg,lightbox,0,16222,2,75446,0.355792,0.0627868,0.669726,0.648797,176.293
lightbox/images/img002183.jpg,lightbox,3,37526,2,74123,0.285642,0.181772,0.830959,0.441447,124.464
lightbox/images/img002215.jpg,lightbox,3,34466,3,74430,0.121303,0.121303,0.606517,0.776342,78.8229
lightbox/images/img002238.jpg,lightbox,2,35700,1,42657,-0.57369,0.734324,-0.114738,0.344214,140.278
lightbox/images/img002241.jpg,lightbox,0,66514,0,35536,0.72671,0.658581,0.158968,-0.113548,155.1
lightbox/images/img002245.jpg,lightbox,0,25177,1,71443,0.480589,0.809414,0.0758825,0.328824,136.712
lightbox/images/img002250.jpg,lightbox,2,50235,1,27300,-0.159628,0.729727,0.570099,-0.342059,171.614
lightbox/images/img002256.jpg,lightbox,1,42173,3,74440,0.0231434,0.0231434,0.67116,0.74059,171.465
lightbox/images/img002257.jpg,lightbox,0,75452,2,45733,-0.0227097,-0.386065,0.72671,0.567742,156.906
lightbox/images/img002262.jpg,lightbox,1,06154,2,71663,0.45047,0.355634,0.758686,0.308216,148.475
lightbox/images/img002298.jpg,lightbox,0,12570,2,65410,-0.261387,0.0237624,0.760398,0.594061,97.5419
lightbox/images/img002310.jpg,lightbox,1,10347,1,74147,0.268133,0.780024,0.0731272,0.560642,150.57
lightbox/images/img002313.jpg,lightbox,0,21164,2,44626,-0.565697,-0.310221,0.583945,0.492704,105.742
lightbox/images/img002320.jpg,lightbox,1,61557,2,71663,0.45047,0.355634,0.758686,0.308216,120.289
lightbox/images/img002330.jpg,lightbox,3,06774,2,47430,-0.252957,-0.252957,0.735875,0.574903,102.775
lightbox/images/img002333.jpg,lightbox,0,72705,3,72433,0.17063,0.560642,0.219382,0.780024,107.321
lightbox/images/img002344.jpg,lightbox,1,63054,2,74617,0.159628,0.250844,0.729727,0.615707,107.433
lightbox/images/img002353.jpg,lightbox,3,57453,3,74140,0.228822,0.0254246,0.533917,0.813589,46.039
lightbox/images/img002368.jpg,lightbox,1,47205,3,74147,0.268133,0.0731272,0.560642,0.780024,151.735
lightbox/images/img002370.jpg,lightbox,2,52463,1,53466,0.422499,0.795292,-0.223676,0.372793,152.299
lightbox/images/img002390.jpg,lightbox,0,16035,1,76143,0.249293,0.725215,0.430597,0.475923,171.784
lightbox/images/img002394.jpg,lightbox,3,52442,2,74004,0.0268511,0.0268511,0.859235,0.510171,84.8963
lightbox/images/img002396.jpg,lightbox,2,17267,2,13313,0.568736,-0.0917315,0.587082,-0.568736,48.6369
lightbox/images/img002397.jpg,lightbox,3,06044,1,14524,0.208739,0.742182,-0.626216,-0.115966,142.857
lightbox/images/img002411.jpg,lightbox,0,75026,2,65410,-0.261387,0.0237624,0.760398,0.594061,156.026
lightbox/images/img002415.jpg,lightbox,3,43377,3,74057,0.174402,0.0747435,0.573034,0.797264,57.6161
lightbox/images/img002417.jpg,lightbox,2,25051,0,71427,0.811493,0.481824,0.177514,0.278951,167.134
lightbox/images/img002421.jpg,lightbox,0,60261,3,74443,0.0691347,0.0691347,0.668302,0.737437,146.576
lightbox/images/img002422.jpg,lightbox,3,53647,0,75200,0.780024,0.414388,0.219382,0.414388,87.9018
lightbox/images/img002430.jpg,lightbox,3,36612,0,72134,0.789462,0.320719,0.518084,0.0740121,151.269
lightbox/images/img002444.jpg,lightbox,3,12744,3,74610,0.119352,0.214834,0.596762,0.763856,138.884
lightbox/images/img002447.jpg,lightbox,3,62361,3,74640,0.022663,0.203967,0.657226,0.725215,94.7889
lightbox/images/img002452.jpg,lightbox,1,25767,2,71460,0.437917,0.128799,0.824315,0.334878,133.219
lightbox/images/img002454.jpg,lightbox,0,21257,2,75430,0.45663,0.108721,0.695817,0.543607,161.125
lightbox/images/img002468.jpg,lightbox,3,51212,3,47173,-0.0254246,-0.228822,0.533917,0.813589,88.7687
lightbox/images/img002477.jpg,lightbox,1,34236,1,71466,0.426737,0.80327,0.175715,0.376533,96.7097
lightbox/images/img002505.jpg,lightbox,0,71332,2,46133,-0.414388,-0.219382,0.780024,0.414388,159.954
lightbox/images/img002507.jpg,lightbox,0,72226,1,51143,0.527589,0.625291,-0.56667,0.0977017,178.995
lightbox/images/img002509.jpg,lightbox,3,46574,2,46737,-0.37611,-0.0221241,0.707972,0.597351,24.0872
lightbox/images/img002516.jpg,lightbox,3,25424,1,56341,0.272041,0.791391,-0.173117,0.51935,122.457
lightbox/images/img002517.jpg,lightbox,1,14725,1,14650,0.125511,0.80327,-0.57735,-0.0753066,23.2019
lightbox/images/img002526.jpg,lightbox,0,01437,3,74440,0.0231434,0.0231434,0.67116,0.74059,94.2374
lightbox/images/img002542.jpg,lightbox,2,07004,1,70713,0.393784,0.840072,0.288775,0.23627,142.544
lightbox/images/img002547.jpg,lightbox,3,70720,3,74630,0.116468,0.302817,0.582341,0.745396,45.1236
lightbox/images/img002550.jpg,lightbox,1,14704,3,74440,0.0231434,0.0231434,0.67116,0.74059,128.161
lightbox/images/img002560.jpg,lightbox,3,24456,0,77140,0.656074,0.512558,0.348539,0.430548,173.845
lightbox/images/img002572.jpg,lightbox,2,32341,3,65540,-0.159961,0.0228515,0.662695,0.73125,179.389
lightbox/images/img002591.jpg,lightbox,0,67767,0,35437,0.793334,0.570209,0.173542,-0.123958,128.643
lightbox/images/img002600.jpg,lightbox,0,63511,2,74140,0.228822,0.0254246,0.813589,0.533917,91.7616
lightbox/images/img002603.jpg,lightbox,0,31742,1,42533,-0.442642,0.833209,-0.23434,0.23434,179.641
lightbox/images/img002607.jpg,lightbox,0,42103,3,54662,0.0215415,-0.366206,0.624704,0.689329,175.353
lightbox/images/img002610.jpg,lightbox,0,46205,2,71446,0.432219,0.0762739,0.813589,0.38137,147.631
lightbox/images/img002612.jpg,lightbox,0,71021,3,70741,0.294514,0.240966,0.348062,0.856767,127.902
lightbox/images/img002626.jpg,lightbox,1,35215,3,56347,0.266868,-0.121303,0.557996,0.776342,169.926
lightbox/images/img002649.jpg,lightbox,0,10267,2,11737,0.594945,-0.32626,0.614137,-0.403027,135.084
lightbox/images/img002654.jpg,lightbox,2,07235,0,71463,0.799251,0.474555,0.174836,0.324696,154.68
lightbox/images/img002656.jpg,lightbox,0,03334,2,71446,0.432219,0.0762739,0.813589,0.38137,178.104
lightbox/images/img002660.jpg,lightbox,0,30233,3,77000,0.390934,0.390934,0.390934,0.735875,176.235
lightbox/images/img002663.jpg,lightbox,1,70343,2,43760,-0.197911,-0.0848189,0.904735,0.367549,156.161
lightbox/images/img002666.jpg,lightbox,0,11634,2,76155,0.329929,0.37392,0.703849,0.505892,167.223
lightbox/images/img002669.jpg,lightbox,0,63154,2,71446,0.432219,0.0762739,0.813589,0.38137,73.1435
lightbox/images/img002686.jpg,lightbox,3,62424,0,60172,0.837765,-0.497423,0.183261,0.130901,104.381
lightbox/images/img002695.jpg,lightbox,1,02122,1,52571,0.38236,0.8157,-0.280397,0.331378,159.334
lightbox/images/img002696.jpg,lightbox,3,71220,3,74140,0.228822,0.0254246,0.533917,0.813589,75.9143
lightbox/images/img002700.jpg,lightbox,0,25144,2,71440,0.441447,0.0259675,0.830959,0.337577,139.019
lightbox/images/img002702.jpg,lightbox,3,63400,2,40727,-0.484974,-0.392598,0.739008,0.254034,132.859
lightbox/images/img002705.jpg,lightbox,2,02075,3,56437,0.161314,-0.207404,0.622212,0.737437,178.877
lightbox/images/img002733.jpg,lightbox,1,41552,1,53563,0.603286,0.715006,-0.201095,0.290471,92.7372
lightbox/images/img002734.jpg,lightbox,2,77371,2,71443,0.480589,0.0758825,0.809414,0.328824,58.1838
lightbox/images/img002749.jpg,lightbox,0,34061,3,74165,0.266868,0.121303,0.557996,0.776342,169.167
lightbox/images/img002758.jpg,lightbox,3,56530,2,60777,-0.404877,0.357244,0.762121,0.357244,120.436
lightbox/images/img002760.jpg,lightbox,1,10457,2,71616,0.508279,0.266242,0.774521,0.266242,142.314
lightbox/images/img002768.jpg,lightbox,0,20161,3,71466,0.426737,0.175715,0.376533,0.80327,154.222
lightbox/images/img002770.jpg,lightbox,0,00034,0,53122,0.769133,0.600885,-0.216319,0.0240354,151.65
lightbox/images/img002801.jpg,lightbox,0,61715,1,74160,0.227067,0.80735,0.126148,0.529823,135.763
lightbox/images/img002803.jpg,lightbox,2,71260,1,74333,0.357244,0.762121,0.357244,0.404877,81.567
lightbox/images/img002805.jpg,lightbox,1,16355,3,74050,0.129488,0.0258977,0.543852,0.828726,150.903
lightbox/images/img002808.jpg,lightbox,3,02633,0,71463,0.799251,0.474555,0.174836,0.324696,144.68
lightbox/images/img002828.jpg,lightbox,2,22630,1,74257,0.168638,0.770916,0.265003,0.554096,152.738
lightbox/images/img002831.jpg,lightbox,3,21740,3,71442,0.440261,0.0776931,0.33667,0.828726,122.94
lightbox/images/img002832.jpg,lightbox,2,25430,1,47134,-0.0770752,0.822136,-0.282609,0.488143,152.45
lightbox/images/img002839.jpg,lightbox,1,36214,0,75440,0.689329,0.366206,0.0215415,0.624704,158.593
lightbox/images/img002841.jpg,lightbox,3,46135,2,46721,-0.458367,-0.065481,0.698464,0.545675,44.5737
lightbox/images/img002843.jpg,lightbox,0,05227,3,64154,-0.434179,0.0228515,0.525586,0.73125,75.5483
lightbox/images/img002852.jpg,lightbox,1,63417,3,74610,0.119352,0.214834,0.596762,0.763856,99.8177
lightbox/images/img002858.jpg,lightbox,2,43547,2,25505,-0.152499,0.0304997,0.975991,-0.152499,79.4879
lightbox/images/img002868.jpg,lightbox,0,20732,3,74430,0.121303,0.121303,0.606517,0.776342,160.873
lightbox/images/img002869.jpg,lightbox,3,07365,3,74660,0.0221676,0.288178,0.642859,0.709362,124.932
lightbox/images/img002879.jpg,lightbox,1,54776,0,74273,0.767362,0.16786,0.359701,0.503581,118.278
lightbox/images/img002885.jpg,lightbox,0,11141,3,77247,0.369577,0.525188,0.447383,0.622446,172.922
lightbox/images/img002917.jpg,lightbox,2,72334,2,65744,-0.15221,0.195698,0.695817,0.674072,102.911
lightbox/images/img002918.jpg,lightbox,1,42665,3,74642,0.0224337,0.246771,0.650578,0.717879,138.726
lightbox/images/img002932.jpg,lightbox,1,66220,1,74142,0.228232,0.811493,0.0760775,0.532542,114.165
lightbox/images/img002960.jpg,lightbox,2,26717,1,12064,0.0237624,0.760398,-0.261387,-0.594061,141.423
lightbox/images/img002963.jpg,lightbox,0,02522,1,06210,-0.599704,0.71076,-0.155479,-0.333169,109.52
lightbox/images/img002976.jpg,lightbox,0,22364,2,74210,0.132733,0.238919,0.849491,0.451292,153.24
lightbox/images/img002978.jpg,lightbox,2,36135,3,56341,0.272041,-0.173117,0.51935,0.791391,162.369
lightbox/images/img002980.jpg,lightbox,2,07467,0,15623,0.770916,0.457732,-0.409549,-0.168638,82.3193
lightbox/images/img002988.jpg,lightbox,1,43036,2,74500,0.216319,0.0240354,0.769133,0.600885,157.649
lightbox/images/img002996.jpg,lightbox,0,67410,3,74140,0.228822,0.0254246,0.533917,0.813589,73.1829
lightbox/images/img002999.jpg,lightbox,3,73030,0,72137,0.756986,0.354837,0.544084,0.0709674,104.214
lightbox/images/img003010.jpg,lightbox,0,25317,1,70757,0.375587,0.801253,0.275431,0.375587,151.557
lightbox/images/img003030.jpg,lightbox,2,65367,3,74650,0.112623,0.202721,0.653213,0.720787,41.1022
lightbox/images/img003033.jpg,lightbox,0,07752,3,73443,0.434179,0.434179,0.29707,0.73125,145.038
lightbox/images/img003038.jpg,lightbox,3,13621,2,75640,0.359592,0.190372,0.676879,0.613422,150.741
lightbox/images/img003043.jpg,lightbox,2,35047,2,71443,0.480589,0.0758825,0.809414,0.328824,62.8457
lightbox/images/img003052.jpg,lightbox,0,02766,2,74520,0.214834,0.119352,0.763856,0.596762,163.502
lightbox/images/img003062.jpg,lightbox,1,11202,3,74140,0.228822,0.0254246,0.533917,0.813589,104.836
lightbox/images/img003063.jpg,lightbox,3,42604,2,65510,-0.0736543,0.0245514,0.785646,0.613786,100.139
lightbox/images/img003081.jpg,lightbox,2,41531,2,71461,0.478148,0.125828,0.805302,0.327154,109.893
lightbox/images/img003090.jpg,lightbox,3,70672,1,74437,0.162703,0.743784,0.162703,0.627568,51.8572
lightbox/images/img003094.jpg,lightbox,0,55230,3,74640,0.022663,0.203967,0.657226,0.725215,165.643
lightbox/images/img003096.jpg,lightbox,0,16420,2,76430,0.108721,0.45663,0.695817,0.543607,153.453
lightbox/images/img003106.jpg,lightbox,1,07743,2,70447,0.0842816,0.0842816,0.899004,0.421408,167.215
lightbox/images/img003113.jpg,lightbox,0,17625,3,75640,0.359592,0.190372,0.613422,0.676879,150.505
lightbox/images/img003114.jpg,lightbox,0,12625,2,71665,0.45047,0.308216,0.758686,0.355634,166.393
lightbox/images/img003119.jpg,lightbox,2,70534,3,65547,-0.111276,0.0667657,0.689912,0.712167,78.0992
lightbox/images/img003129.jpg,lightbox,0,44752,0,72230,0.735875,0.114981,0.666887,0.0229961,161.774
lightbox/images/img003146.jpg,lightbox,3,71635,3,71167,0.627568,0.162703,0.162703,0.743784,24.3078
lightbox/images/img003153.jpg,lightbox,3,02716,0,71463,0.799251,0.474555,0.174836,0.324696,148.768
lightbox/images/img003157.jpg,lightbox,2,51610,3,74660,0.0221676,0.288178,0.642859,0.709362,123.993
lightbox/images/img003166.jpg,lightbox,3,07353,1,74021,0.0817405,0.871899,0.136234,0.463196,146.205
lightbox/images/img003174.jpg,lightbox,0,51074,3,74070,0.128459,0.128459,0.539527,0.822136,177.719
lightbox/images/img003177.jpg,lightbox,2,46022,1,74737,0.319583,0.681778,0.319583,0.57525,171.179
lightbox/images/img003181.jpg,lightbox,2,50362,2,56360,0.228232,-0.0760775,0.811493,0.532542,63.1686
lightbox/images/img003184.jpg,lightbox,0,06073,3,65710,-0.0719402,0.215821,0.599501,0.767362,121.999
lightbox/images/img003186.jpg,lightbox,2,43035,2,17460,0.447523,-0.289574,0.842397,-0.0789747,87.4398
lightbox/images/img003187.jpg,lightbox,0,10045,2,71443,0.480589,0.0758825,0.809414,0.328824,138.99
lightbox/images/img003199.jpg,lightbox,0,07513,3,70417,0.20182,0.0864945,0.317146,0.922608,163.623
lightbox/images/img003213.jpg,lightbox,0,13515,1,44077,-0.472203,0.604419,-0.472203,0.434426,176.388
lightbox/images/img003215.jpg,lightbox,3,15464,0,71643,0.781884,0.464244,0.268773,0.317641,153.795
lightbox/images/img003217.jpg,lightbox,1,60725,3,74650,0.112623,0.202721,0.653213,0.720787,122.312
lightbox/images/img003220.jpg,lightbox,0,56702,1,72455,0.175715,0.80327,0.426737,0.376533,122.565
lightbox/images/img003221.jpg,lightbox,2,46341,2,71443,0.480589,0.0758825,0.809414,0.328824,120.885
lightbox/images/img003224.jpg,lightbox,1,21671,3,74630,0.116468,0.302817,0.582341,0.745396,172.111
lightbox/images/img003228.jpg,lightbox,2,56651,2,64050,-0.576297,0.0213443,0.683019,0.448231,91.2315
lightbox/images/img003229.jpg,lightbox,2,27014,3,71646,0.417374,0.270066,0.368271,0.785646,178.198
lightbox/images/img003246.jpg,lightbox,3,21524,3,65440,-0.328031,0.0218687,0.634192,0.699798,143.65
lightbox/images/img003256.jpg,lightbox,0,52750,2,56740,0.201498,-0.156721,0.716438,0.649272,156.914
lightbox/images/img003263.jpg,lightbox,0,63064,2,71645,0.462042,0.218862,0.778177,0.36477,84.6857
lightbox/images/img003266.jpg,lightbox,0,63455,3,75466,0.352715,0.145236,0.643187,0.663935,80.4098
lightbox/images/img003286.jpg,lightbox,1,56645,3,75440,0.366206,0.0215415,0.624704,0.689329,133.35
lightbox/images/img003298.jpg,lightbox,2,37443,1,75113,0.648797,0.669726,0.0627868,0.355792,104.155
lightbox/images/img003301.jpg,lightbox,1,16264,0,72234,0.734324,0.114738,0.665481,0.0688428,172.424
lightbox/images/img003302.jpg,lightbox,1,10466,2,71466,0.426737,0.175715,0.80327,0.376533,123.595
lightbox/images/img003309.jpg,lightbox,0,24766,1,24313,-0.417374,0.785646,0.270066,-0.368271,100.619
lightbox/images/img003313.jpg,lightbox,1,35614,3,56362,0.228822,-0.0254246,0.533917,0.813589,169.792
lightbox/images/img003317.jpg,lightbox,1,50240,1,70413,0.205262,0.93834,0.0879694,0.263908,83.1264
lightbox/images/img003338.jpg,lightbox,1,47137,1,74147,0.268133,0.780024,0.0731272,0.560642,49.2823
lightbox/images/img003361.jpg,lightbox,1,06011,3,56643,0.0688428,-0.114738,0.665481,0.734324,108.891
lightbox/images/img003364.jpg,lightbox,1,34351,2,74430,0.121303,0.121303,0.776342,0.606517,164.92
lightbox/images/img003366.jpg,lightbox,3,21725,3,74440,0.0231434,0.0231434,0.67116,0.74059,150.618
lightbox/images/img003374.jpg,lightbox,0,07764,2,64430,-0.550791,0.101998,0.652789,0.509992,99.1371
lightbox/images/img003385.jpg,lightbox,3,52027,3,42371,-0.463196,-0.0817405,0.136234,0.871899,72.3241
lightbox/images/img003389.jpg,lightbox,0,51503,3,74630,0.116468,0.302817,0.582341,0.745396,176.584
lightbox/images/img003392.jpg,lightbox,0,75300,1,53011,0.545305,0.758686,-0.355634,0.0237089,85.5794
lightbox/images/img003395.jpg,lightbox,2,71004,1,10552,0.265638,0.653879,-0.592578,-0.388241,127.784
lightbox/images/img003397.jpg,lightbox,2,03053,2,47437,-0.205664,-0.205664,0.73125,0.616992,150.82
lightbox/images/img003403.jpg,lightbox,0,54326,3,76630,0.0997013,0.578268,0.498507,0.638089,147.681
lightbox/images/img003425.jpg,lightbox,1,23106,3,74443,0.0691347,0.0691347,0.668302,0.737437,161.765
lightbox/images/img003426.jpg,lightbox,0,70046,3,54267,0.0697297,-0.395135,0.534595,0.743784,146.278
lightbox/images/img003429.jpg,lightbox,1,40624,3,74440,0.0231434,0.0231434,0.67116,0.74059,171.417
lightbox/images/img003440.jpg,lightbox,0,36276,1,71447,0.472205,0.795292,0.0745586,0.372793,132.544
lightbox/images/img003445.jpg,lightbox,2,07775,2,70457,0.193624,0.0829819,0.88514,0.41491,62.4306
lightbox/images/img003449.jpg,lightbox,0,61163,1,74757,0.310685,0.662794,0.227836,0.642082,141.763
lightbox/images/img003465.jpg,lightbox,0,35120,2,57066,0.387667,-0.205236,0.729727,0.524491,169.556
lightbox/images/img003469.jpg,lightbox,1,52272,1,75036,0.484974,0.739008,0.161658,0.438786,60.3063
lightbox/images/img003473.jpg,lightbox,1,04232,3,76640,0.0200361,0.500902,0.581047,0.641155,168.321
lightbox/images/img003475.jpg,lightbox,2,50064,2,45336,-0.0731272,-0.414388,0.780024,0.463139,42.5824
lightbox/images/img003476.jpg,lightbox,1,55624,3,65110,-0.0824786,0.0274929,0.467379,0.879772,146.449
lightbox/images/img003477.jpg,lightbox,3,61703,3,74447,0.0670318,0.0670318,0.692662,0.715006,67.5777
lightbox/images/img003481.jpg,lightbox,1,20066,0,73447,0.720787,0.427967,0.427967,0.337869,149.143
lightbox/images/img003484.jpg,lightbox,0,73467,2,71123,0.635866,0.164854,0.753619,0.0235506,53.3855
lightbox/images/img003487.jpg,lightbox,1,70421,1,50542,0.195698,0.695817,-0.630584,0.282675,96.6563
lightbox/images/img003492.jpg,lightbox,0,14232,2,74140,0.228822,0.0254246,0.813589,0.533917,136.843
lightbox/images/img003497.jpg,lightbox,1,23065,2,75155,0.618148,0.0199403,0.638089,0.458626,168.236
lightbox/images/img003518.jpg,lightbox,1,60142,2,40726,-0.51912,-0.383697,0.722254,0.248275,172.19
lightbox/images/img003520.jpg,lightbox,1,61713,1,70124,0.266674,0.948174,0.148152,0.0888913,40.7128
lightbox/images/img003529.jpg,lightbox,2,55704,3,74447,0.0670318,0.0670318,0.692662,0.715006,78.2669
lightbox/images/img003536.jpg,lightbox,0,72056,1,42677,-0.57735,0.739008,-0.023094,0.34641,138.863
lightbox/images/img003544.jpg,lightbox,2,24614,3,74630,0.116468,0.302817,0.582341,0.745396,142.502
lightbox/images/img003555.jpg,lightbox,0,76622,3,74430,0.121303,0.121303,0.606517,0.776342,68.2674
lightbox/images/img003567.jpg,lightbox,0,05737,2,42023,-0.657226,-0.203967,0.725215,0.022663,46.3508
lightbox/images/img003571.jpg,lightbox,2,57067,2,56241,0.0768726,-0.179369,0.819974,0.538108,40.4332
lightbox/images/img003572.jpg,lightbox,3,54142,0,71463,0.799251,0.474555,0.174836,0.324696,164.126
lightbox/images/img003580.jpg,lightbox,0,50214,3,74413,0.169426,0.0726113,0.605095,0.774521,162.985
lightbox/images/img003583.jpg,lightbox,1,71212,2,74133,0.376533,0.175715,0.80327,0.426737,109.697
lightbox/images/img003593.jpg,lightbox,2,11253,2,71447,0.472205,0.0745586,0.795292,0.372793,124.666
lightbox/images/img003595.jpg,lightbox,2,36500,1,70653,0.189605,0.866766,0.297951,0.352124,101.771
lightbox/images/img003602.jpg,lightbox,0,10730,3,74213,0.181772,0.285642,0.441447,0.830959,134.213
lightbox/images/img003605.jpg,lightbox,3,57600,0,71463,0.799251,0.474555,0.174836,0.324696,112.733
lightbox/images/img003607.jpg,lightbox,1,12405,1,74127,0.278951,0.811493,0.177514,0.481824,138.955
lightbox/images/img003622.jpg,lightbox,0,21514,1,12522,0.217325,0.772712,-0.217325,-0.555387,129.14
lightbox/images/img003624.jpg,lightbox,2,07344,1,34703,0.30334,0.882444,0.30334,-0.193035,171.121
lightbox/images/img003627.jpg,lightbox,1,15774,3,70140,0.267615,0.0297351,0.148675,0.951522,168.68
lightbox/images/img003643.jpg,lightbox,3,22654,1,74111,0.38236,0.8157,0.0254906,0.433341,126.415
lightbox/images/img003647.jpg,lightbox,3,61742,2,71463,0.474555,0.174836,0.799251,0.324696,116.933
lightbox/images/img003651.jpg,lightbox,0,53126,3,72467,0.0709674,0.544084,0.354837,0.756986,136.162
lightbox/images/img003652.jpg,lightbox,1,74343,1,53643,0.478148,0.805302,-0.125828,0.327154,55.5603
lightbox/images/img003660.jpg,lightbox,2,66145,3,56467,0.0658586,-0.197576,0.680538,0.702491,93.0392
lightbox/images/img003664.jpg,lightbox,1,71504,2,47074,-0.259633,-0.259633,0.755297,0.54287,158.962
lightbox/images/img003671.jpg,lightbox,3,50157,3,74300,0.23434,0.23434,0.442642,0.833209,110.84
lightbox/images/img003684.jpg,lightbox,3,65671,3,65747,-0.108312,0.238287,0.671537,0.6932,11.5441
lightbox/images/img003687.jpg,lightbox,0,23317,2,44243,-0.55331,-0.400673,0.610549,0.400673,151.854
lightbox/images/img003688.jpg,lightbox,0,40676,3,74610,0.119352,0.214834,0.596762,0.763856,179.495
lightbox/images/img003690.jpg,lightbox,0,34440,3,74440,0.0231434,0.0231434,0.67116,0.74059,178.96
lightbox/images/img003706.jpg,lightbox,2,21142,1,21737,-0.024318,0.778177,0.36477,-0.510678,99.3531
lightbox/images/img003710.jpg,lightbox,1,70507,3,76450,0.107113,0.364184,0.621254,0.685522,103.55
lightbox/images/img003726.jpg,lightbox,3,16055,1,42225,-0.668302,0.737437,-0.0691347,0.0691347,141.877
lightbox/images/img003731.jpg,lightbox,0,34757,1,42755,-0.426737,0.80327,-0.175715,0.376533,166.187
lightbox/images/img003737.jpg,lightbox,0,06533,2,40456,-0.50853,-0.546198,0.602702,0.282516,134.225
lightbox/images/img003739.jpg,lightbox,2,63115,2,71462,0.434472,0.1789,0.817829,0.332243,66.9657
lightbox/images/img003742.jpg,lightbox,1,71341,2,75064,0.393438,0.115717,0.74059,0.532299,115.777
lightbox/images/img003743.jpg,lightbox,3,75003,3,74057,0.174402,0.0747435,0.573034,0.797264,39.0172
lightbox/images/img003749.jpg,lightbox,0,56107,3,56760,0.203549,-0.0678497,0.65588,0.72373,148.01
lightbox/images/img003750.jpg,lightbox,0,62404,2,42477,-0.565414,-0.203549,0.72373,0.339248,170.869
lightbox/images/img003767.jpg,lightbox,2,31766,1,74005,0.0803219,0.856767,0.026774,0.508706,162.817
lightbox/images/img003769.jpg,lightbox,0,64527,0,42757,0.809414,-0.430001,-0.126471,0.379413,39.8896
lightbox/images/img003772.jpg,lightbox,1,04335,2,65536,-0.0704956,0.16449,0.751953,0.63446,133.872
lightbox/images/img003776.jpg,lightbox,2,34513,1,52575,0.375587,0.801253,-0.275431,0.375587,167.233
lightbox/images/img003790.jpg,lightbox,1,56641,1,42576,-0.462042,0.778177,-0.218862,0.36477,69.4736
lightbox/images/img003805.jpg,lightbox,1,71472,3,74433,0.167476,0.167476,0.598127,0.765603,110.106
lightbox/images/img003807.jpg,lightbox,3,02363,2,74130,0.334878,0.128799,0.824315,0.437917,141.395
lightbox/images/img003817.jpg,lightbox,3,35277,3,50663,0.0776931,-0.440261,0.33667,0.828726,127.942
lightbox/images/img003822.jpg,lightbox,1,72445,3,65750,-0.0678497,0.203549,0.65588,0.72373,86.9095
lightbox/images/img003823.jpg,lightbox,0,65363,3,72477,0.163768,0.538095,0.350931,0.748653,109.826
lightbox/images/img003824.jpg,lightbox,0,71462,2,46340,-0.508855,-0.154869,0.707972,0.464606,156.309
lightbox/images/img003832.jpg,lightbox,1,34266,1,51252,0.47789,0.728214,-0.47789,0.113783,126.536
lightbox/images/img003836.jpg,lightbox,0,27053,0,72552,0.770916,0.313185,0.457732,0.313185,93.1402
lightbox/images/img003845.jpg,lightbox,1,31551,1,74613,0.164128,0.750298,0.257915,0.58617,134.777
lightbox/images/img003846.jpg,lightbox,0,40120,2,42775,-0.432219,-0.0762739,0.813589,0.38137,90.3935
lightbox/images/img003848.jpg,lightbox,0,16661,3,76410,0.112852,0.383697,0.564261,0.722254,177.073
lightbox/images/img003853.jpg,lightbox,2,30376,2,42765,-0.509475,-0.0727821,0.776342,0.36391,158.831
lightbox/images/img003867.jpg,lightbox,1,56422,1,74353,0.352478,0.751953,0.258484,0.493469,67.1849
lightbox/images/img003868.jpg,lightbox,0,41272,2,74345,0.262575,0.214834,0.763856,0.549021,166.617
lightbox/images/img003870.jpg,lightbox,0,75242,0,72141,0.837765,0.287982,0.445063,0.130901,50.4335
lightbox/images/img003889.jpg,lightbox,3,15612,3,71440,0.441447,0.0259675,0.337577,0.830959,84.008
lightbox/images/img003893.jpg,lightbox,0,77246,0,71144,0.776342,0.606517,0.0242607,0.169825,76.2487
lightbox/images/img003897.jpg,lightbox,3,61641,2,50214,0.125511,-0.57735,0.80327,0.0753066,159.964
lightbox/images/img003900.jpg,lightbox,1,10223,2,72153,0.370965,0.469888,0.791391,0.123655,177.128
lightbox/images/img003904.jpg,lightbox,3,00213,2,65143,-0.129142,0.0774855,0.826512,0.542398,164.979
lightbox/images/img003907.jpg,lightbox,0,70626,0,16010,0.826512,0.129142,-0.387427,-0.387427,127.72
lightbox/images/img003922.jpg,lightbox,1,65217,2,71560,0.582341,0.116468,0.745396,0.302817,143.294
lightbox/images/img003928.jpg,lightbox,1,75665,3,74633,0.159628,0.342059,0.570099,0.729727,57.788
lightbox/images/img003936.jpg,lightbox,3,10245,3,74540,0.203967,0.022663,0.657226,0.725215,163.707
lightbox/images/img003944.jpg,lightbox,1,47671,0,71154,0.73125,0.662695,0.0228515,0.159961,128.905
lightbox/images/img003946.jpg,lightbox,0,10744,1,74143,0.275431,0.801253,0.0751175,0.525822,166.984
lightbox/images/img003963.jpg,lightbox,0,06027,3,65750,-0.0678497,0.203549,0.65588,0.72373,117.162
lightbox/images/img003970.jpg,lightbox,2,43303,1,14513,0.324329,0.691902,-0.627036,-0.151354,79.2335
lightbox/images/img003973.jpg,lightbox,0,53201,2,03374,-0.0734773,-0.0734773,0.783758,-0.612311,148.11
lightbox/images/img003976.jpg,lightbox,0,01252,2,03621,-0.31246,-0.0721062,0.769133,-0.552814,156.484
lightbox/images/img003977.jpg,lightbox,1,35776,1,17623,0.501565,0.844742,-0.0263982,-0.184787,51.5027
lightbox/images/img003983.jpg,lightbox,3,35672,3,56166,0.217325,-0.217325,0.555387,0.772712,105.298
lightbox/images/img003995.jpg,lightbox,0,63253,3,74457,0.154869,0.0663723,0.685847,0.707972,105.155
lightbox/images/img003997.jpg,lightbox,0,47225,3,70767,0.275431,0.375587,0.375587,0.801253,121.494
lightbox/images/img003998.jpg,lightbox,1,70303,2,60517,-0.447523,0.0789747,0.842397,0.289574,154.795
lightbox/images/img004004.jpg,lightbox,1,14625,2,71665,0.45047,0.308216,0.758686,0.355634,164.094
lightbox/images/img004031.jpg,lightbox,1,25203,3,74365,0.25623,0.302817,0.535754,0.745396,177.064
lightbox/images/img004033.jpg,lightbox,1,42431,1,13530,0.578268,0.638089,-0.219343,-0.458626,169.068
lightbox/images/img004042.jpg,lightbox,2,50534,2,45336,-0.0731272,-0.414388,0.780024,0.463139,54.9008
lightbox/images/img004047.jpg,lightbox,0,22642,2,73440,0.403961,0.403961,0.760398,0.308911,149.71
lightbox/images/img004053.jpg,lightbox,3,34567,1,74363,0.258484,0.751953,0.352478,0.493469,97.9777
lightbox/images/img004055.jpg,lightbox,3,30274,3,75446,0.355792,0.0627868,0.648797,0.669726,158.465
lightbox/images/img004058.jpg,lightbox,0,27747,2,17714,0.658581,-0.158968,0.72671,-0.113548,17.9
lightbox/images/img004062.jpg,lightbox,2,72644,3,74443,0.0691347,0.0691347,0.668302,0.737437,76.1433
lightbox/images/img004076.jpg,lightbox,3,00555,3,56347,0.266868,-0.121303,0.557996,0.776342,147.505
lightbox/images/img004081.jpg,lightbox,1,56663,3,72443,0.0758825,0.480589,0.328824,0.809414,53.4467
lightbox/images/img004088.jpg,lightbox,0,13437,0,16303,0.856767,0.294514,-0.13387,-0.40161,30.437
lightbox/images/img004095.jpg,lightbox,2,71323,3,74230,0.128799,0.334878,0.437917,0.824315,118.779
lightbox/images/img004096.jpg,lightbox,0,33522,0,53163,0.742182,0.626216,-0.208739,0.115966,104.463
lightbox/images/img004099.jpg,lightbox,1,37645,3,74160,0.227067,0.126148,0.529823,0.80735,123.019
lightbox/images/img004100.jpg,lightbox,2,70762,1,74106,0.23434,0.833209,0.0781133,0.494718,105.541
lightbox/images/img004110.jpg,lightbox,3,64240,2,71446,0.432219,0.0762739,0.813589,0.38137,139.792
lightbox/images/img004112.jpg,lightbox,2,45732,3,56641,0.0684119,-0.159628,0.661315,0.729727,35.8122
lightbox/images/img004121.jpg,lightbox,2,34520,2,42313,-0.464578,-0.136641,0.8745,0.0273281,99.3099
lightbox/images/img004127.jpg,lightbox,2,43375,2,74440,0.0231434,0.0231434,0.74059,0.67116,60.0315
lightbox/images/img004128.jpg,lightbox,3,74001,0,53211,0.799251,0.574462,-0.174836,0.0249766,178.962
lightbox/images/img004131.jpg,lightbox,1,47356,2,71737,0.642082,0.310685,0.662794,0.227836,151.002
lightbox/images/img004139.jpg,lightbox,0,25574,0,71061,0.844742,0.501565,0.131991,0.131991,73.72
lightbox/images/img004147.jpg,lightbox,3,63030,3,14710,0.308911,-0.546536,-0.166337,0.760398,152.668
lightbox/images/img004152.jpg,lightbox,1,42656,2,74100,0.240966,0.026774,0.856767,0.455158,170.297
lightbox/images/img004159.jpg,lightbox,2,25604,2,17437,0.564683,-0.220963,0.785646,-0.122757,128.816
lightbox/images/img004162.jpg,lightbox,3,34763,1,74605,0.0698809,0.745396,0.209643,0.628928,60.6946
lightbox/images/img004168.jpg,lightbox,3,06135,3,31661,0.434179,0.29707,-0.434179,0.73125,126.026
lightbox/images/img004172.jpg,lightbox,0,16764,1,74240,0.0254246,0.813589,0.228822,0.533917,160.105
lightbox/images/img004182.jpg,lightbox,3,25670,3,74347,0.259633,0.259633,0.54287,0.755297,102.311
lightbox/images/img004185.jpg,lightbox,2,07073,2,56160,0.220432,-0.269417,0.783758,0.514341,114.716
lightbox/images/img004186.jpg,lightbox,1,07271,3,65765,-0.107113,0.278493,0.664099,0.685522,176.024
lightbox/images/img004191.jpg,lightbox,0,71204,2,71446,0.432219,0.0762739,0.813589,0.38137,98.6216
lightbox/images/img004192.jpg,lightbox,3,75634,3,75440,0.366206,0.0215415,0.624704,0.689329,28.9505
lightbox/images/img004198.jpg,lightbox,1,43475,2,75423,0.418722,0.154266,0.705215,0.55095,174.591
lightbox/images/img004210.jpg,lightbox,3,57311,0,53242,0.866766,0.46047,-0.135432,0.135432,114.394
lightbox/images/img004237.jpg,lightbox,3,25551,3,75446,0.355792,0.0627868,0.648797,0.669726,107.548
lightbox/images/img004238.jpg,lightbox,3,52337,1,74127,0.278951,0.811493,0.177514,0.481824,113.743
lightbox/images/img004243.jpg,lightbox,3,32204,0,71340,0.763856,0.596762,0.214834,0.119352,151.431
lightbox/images/img004251.jpg,lightbox,3,06755,0,71462,0.817829,0.434472,0.1789,0.332243,160.208
lightbox/images/img004260.jpg,lightbox,3,36606,3,76200,0.0227097,0.567742,0.386065,0.72671,57.6446
lightbox/images/img004264.jpg,lightbox,1,51641,1,34374,0.342224,0.842397,0.342224,-0.236924,121.177
lightbox/images/img004265.jpg,lightbox,3,02552,1,34307,0.29038,0.844742,0.29038,-0.343176,81.4945
lightbox/images/img004267.jpg,lightbox,0,70105,2,30526,0.225352,0.175274,0.801253,-0.525822,153.35
lightbox/images/img004274.jpg,lightbox,3,65224,2,56337,0.373718,-0.0249145,0.797264,0.473376,111.661
lightbox/images/img004277.jpg,lightbox,2,25123,1,61274,-0.297951,0.866766,0.352124,0.189605,128.738
lightbox/images/img004278.jpg,lightbox,3,61501,2,75423,0.418722,0.154266,0.705215,0.55095,96.5257
lightbox/images/img004281.jpg,lightbox,1,61272,2,73443,0.434179,0.434179,0.73125,0.29707,108.937
lightbox/images/img004282.jpg,lightbox,1,70753,1,71643,0.464244,0.781884,0.268773,0.317641,12.5147
lightbox/images/img004288.jpg,lightbox,2,64065,3,74250,0.126148,0.227067,0.529823,0.80735,95.2412
lightbox/images/img004296.jpg,lightbox,1,62762,1,74147,0.268133,0.780024,0.0731272,0.560642,112.139
lightbox/images/img004297.jpg,lightbox,0,01567,3,74200,0.026774,0.240966,0.455158,0.856767,106.963
lightbox/images/img004300.jpg,lightbox,0,65575,3,74443,0.0691347,0.0691347,0.668302,0.737437,101.165
lightbox/images/img004306.jpg,lightbox,3,67017,2,56347,0.266868,-0.121303,0.776342,0.557996,98.5657
lightbox/images/img004308.jpg,lightbox,1,22445,2,65115,-0.0268511,0.0268511,0.859235,0.510171,161.594
lightbox/images/img004316.jpg,lightbox,2,52135,1,74116,0.328824,0.809414,0.0758825,0.480589,179.041
lightbox/images/img004324.jpg,lightbox,1,14711,2,71461,0.478148,0.125828,0.805302,0.327154,155.018
lightbox/images/img004327.jpg,lightbox,3,63444,3,74630,0.116468,0.302817,0.582341,0.745396,61.3418
lightbox/images/img004336.jpg,lightbox,1,70475,3,74162,0.225352,0.175274,0.525822,0.801253,108.564
lightbox/images/img004337.jpg,lightbox,0,21436,0,12167,0.743784,0.255676,-0.209189,-0.581081,73.5028
lightbox/images/img004362.jpg,lightbox,2,21553,1,65525,-0.117753,0.753619,0.117753,0.635866,163.33
lightbox/images/img004399.jpg,lightbox,1,66124,3,74447,0.0670318,0.0670318,0.692662,0.715006,107.239
lightbox/images/img004402.jpg,lightbox,2,52331,2,42013,-0.58617,-0.304808,0.750298,0.0234468,124.047
lightbox/images/img004412.jpg,lightbox,1,65657,1,46410,-0.529208,0.62721,-0.294005,0.490008,76.8379
lightbox/images/img004417.jpg,lightbox,0,25656,0,71463,0.799251,0.474555,0.174836,0.324696,102.694
lightbox/images/img004419.jpg,lightbox,3,51517,2,74147,0.268133,0.0731272,0.780024,0.560642,107.589
lightbox/images/img004421.jpg,lightbox,1,25275,1,16074,0.141365,0.904735,-0.311003,-0.254457,93.3138
lightbox/images/img004436.jpg,lightbox,2,36125,2,74441,0.069282,0.023094,0.739008,0.669726,136.647
lightbox/images/img004437.jpg,lightbox,0,30361,3,70167,0.312002,0.198547,0.198547,0.907642,156.911
lightbox/images/img004451.jpg,lightbox,3,24762,0,44054,0.561923,-0.474122,-0.544363,0.403882,165.742
lightbox/images/img004458.jpg,lightbox,3,07147,2,56640,0.0228515,-0.159961,0.73125,0.662695,127.666
lightbox/images/img004464.jpg,lightbox,2,14340,2,42160,-0.557996,-0.266868,0.776342,0.121303,108.959
lightbox/images/img004472.jpg,lightbox,1,24033,2,30553,0.372793,0.0745586,0.795292,-0.472205,162.28
lightbox/images/img004477.jpg,lightbox,1,07567,1,75220,0.403961,0.760398,0.308911,0.403961,107.667
lightbox/images/img004478.jpg,lightbox,0,57206,2,71646,0.417374,0.270066,0.785646,0.368271,120.261
lightbox/images/img004483.jpg,lightbox,2,25434,3,74250,0.126148,0.227067,0.529823,0.80735,135.611
lightbox/images/img004487.jpg,lightbox,0,56533,2,74335,0.355634,0.308216,0.758686,0.45047,122.414
lightbox/images/img004488.jpg,lightbox,2,07001,3,74140,0.228822,0.0254246,0.533917,0.813589,175.568
lightbox/images/img004494.jpg,lightbox,3,47341,3,56427,0.0698809,-0.209643,0.628928,0.745396,29.4941
lightbox/images/img004508.jpg,lightbox,0,14157,1,71442,0.440261,0.828726,0.0776931,0.33667,122.996
lightbox/images/img004510.jpg,lightbox,0,27171,3,74140,0.228822,0.0254246,0.533917,0.813589,152.372
lightbox/images/img004511.jpg,lightbox,2,53425,2,71466,0.426737,0.175715,0.80327,0.376533,55.4203
lightbox/images/img004520.jpg,lightbox,1,50251,1,14420,0.0235506,0.753619,-0.635866,-0.164854,39.2158
lightbox/images/img004526.jpg,lightbox,3,75012,0,71427,0.811493,0.481824,0.177514,0.278951,89.1008
lightbox/images/img004534.jpg,lightbox,1,50606,1,53441,0.45047,0.758686,-0.355634,0.308216,51.9556
lightbox/images/img004540.jpg,lightbox,0,37456,2,65440,-0.328031,0.0218687,0.699798,0.634192,174.813
lightbox/images/img004561.jpg,lightbox,3,52010,3,72433,0.17063,0.560642,0.219382,0.780024,123.188
lightbox/images/img004572.jpg,lightbox,2,16743,3,74653,0.155173,0.243843,0.642859,0.709362,113.399
lightbox/images/img004578.jpg,lightbox,0,60663,2,65540,-0.159961,0.0228515,0.73125,0.662695,147.224
lightbox/images/img004579.jpg,lightbox,0,03263,3,72477,0.163768,0.538095,0.350931,0.748653,120.296
lightbox/images/img004580.jpg,lightbox,3,33335,0,53744,0.729727,0.570099,-0.159628,0.342059,50.0543
lightbox/images/img004581.jpg,lightbox,1,61127,2,75033,0.52891,0.160973,0.735875,0.390934,152.049
lightbox/images/img004607.jpg,lightbox,1,05430,2,65410,-0.261387,0.0237624,0.760398,0.594061,121.018
lightbox/images/img004613.jpg,lightbox,3,43526,0,71623,0.778177,0.462042,0.36477,0.218862,176.369
lightbox/images/img004617.jpg,lightbox,0,35056,1,53025,0.488143,0.822136,-0.282609,0.0770752,73.6982
lightbox/images/img004626.jpg,lightbox,3,36062,3,74540,0.203967,0.022663,0.657226,0.725215,132.273
lightbox/images/img004627.jpg,lightbox,0,11163,2,42723,-0.533917,-0.0254246,0.813589,0.228822,75.0785
lightbox/images/img004633.jpg,lightbox,0,63473,2,65530,-0.0731272,0.121879,0.780024,0.609394,116.336
lightbox/images/img004636.jpg,lightbox,3,74647,3,75640,0.359592,0.190372,0.613422,0.676879,34.867
lightbox/images/img004654.jpg,lightbox,1,73106,0,71443,0.809414,0.480589,0.0758825,0.328824,65.2048
lightbox/images/img004657.jpg,lightbox,3,52233,1,74134,0.327154,0.805302,0.125828,0.478148,117.429
lightbox/images/img004660.jpg,lightbox,2,14345,3,74233,0.175715,0.376533,0.426737,0.80327,178.635
lightbox/images/img004664.jpg,lightbox,1,60740,3,65704,-0.161314,0.207404,0.622212,0.737437,109.47
lightbox/images/img004672.jpg,lightbox,0,42637,1,53436,0.514341,0.783758,-0.220432,0.269417,179.032
lightbox/images/img004688.jpg,lightbox,3,40714,2,44716,-0.375888,-0.415455,0.633074,0.534156,49.2048
lightbox/images/img004698.jpg,lightbox,2,35540,1,34514,0.372342,0.916533,0.0286417,-0.143208,148.779
lightbox/images/img004704.jpg,lightbox,0,03202,3,72447,0.0745586,0.472205,0.372793,0.795292,97.5787
lightbox/images/img004710.jpg,lightbox,2,57307,3,76142,0.206095,0.435089,0.480888,0.732782,89.2771
lightbox/images/img004713.jpg,lightbox,2,51211,2,76410,0.112852,0.383697,0.722254,0.564261,133.432
lightbox/images/img004719.jpg,lightbox,2,30463,2,53042,0.437917,-0.334878,0.824315,0.128799,103.981
lightbox/images/img004727.jpg,lightbox,3,25210,2,45720,-0.154266,-0.418722,0.705215,0.55095,165.326
lightbox/images/img004737.jpg,lightbox,3,13552,3,77436,0.402435,0.440762,0.517416,0.613234,141.325
lightbox/images/img004740.jpg,lightbox,0,31216,0,35543,0.760398,0.641585,0.0712873,-0.0712873,70.3887
lightbox/images/img004743.jpg,lightbox,3,56272,1,73414,0.484974,0.739008,0.392598,0.254034,120.92
lightbox/images/img004749.jpg,lightbox,3,27132,0,71467,0.785646,0.466477,0.17186,0.368271,133.754
lightbox/images/img004752.jpg,lightbox,1,54625,0,52742,0.887862,0.249711,-0.138728,0.360694,121.608
lightbox/images/img004773.jpg,lightbox,1,60316,2,47600,-0.342059,-0.159628,0.729727,0.570099,147.901
lightbox/images/img004774.jpg,lightbox,0,36070,3,71462,0.434472,0.1789,0.332243,0.817829,144.193
lightbox/images/img004777.jpg,lightbox,1,06313,2,71461,0.478148,0.125828,0.805302,0.327154,143.135
lightbox/images/img004778.jpg,lightbox,0,47306,2,74140,0.228822,0.0254246,0.813589,0.533917,140.704
lightbox/images/img004781.jpg,lightbox,3,63265,1,74140,0.228822,0.813589,0.0254246,0.533917,67.0111
lightbox/images/img004785.jpg,lightbox,1,51306,2,71447,0.472205,0.0745586,0.795292,0.372793,174.064
lightbox/images/img004799.jpg,lightbox,0,26574,1,74765,0.230623,0.670902,0.272554,0.649937,177.052
lightbox/images/img004802.jpg,lightbox,1,15464,2,65114,-0.0803219,0.026774,0.856767,0.508706,117.435
lightbox/images/img004804.jpg,lightbox,1,55573,3,56743,0.245294,-0.111497,0.646684,0.713582,161.514
lightbox/images/img004812.jpg,lightbox,0,32566,0,74113,0.813589,0.38137,0.0762739,0.432219,115.289
lightbox/images/img004818.jpg,lightbox,3,34663,3,72443,0.0758825,0.480589,0.328824,0.809414,48.9047
lightbox/images/img004822.jpg,lightbox,0,60531,2,71446,0.432219,0.0762739,0.813589,0.38137,117.846
lightbox/images/img004829.jpg,lightbox,3,46061,1,75063,0.438786,0.739008,0.161658,0.484974,173.049
lightbox/images/img004831.jpg,lightbox,2,70723,2,74440,0.0231434,0.0231434,0.74059,0.67116,75.182
lightbox/images/img004840.jpg,lightbox,3,53027,2,14335,0.355634,-0.45047,0.758686,-0.308216,170.412
lightbox/images/img004841.jpg,lightbox,3,24376,0,72230,0.735875,0.114981,0.666887,0.0229961,130.688
lightbox/images/img004845.jpg,lightbox,1,06674,2,55256,0.425569,-0.425569,0.648486,0.466099,100.277
lightbox/images/img004848.jpg,lightbox,1,71127,3,74440,0.0231434,0.0231434,0.67116,0.74059,157.752
lightbox/images/img004866.jpg,lightbox,3,16756,3,75440,0.366206,0.0215415,0.624704,0.689329,84.084
lightbox/images/img004870.jpg,lightbox,0,65721,0,72652,0.725215,0.113315,0.6119,0.294619,55.2815
lightbox/images/img004872.jpg,lightbox,2,13460,1,74323,0.270066,0.785646,0.368271,0.417374,177.762
lightbox/images/img004875.jpg,lightbox,2,40466,3,74345,0.262575,0.214834,0.549021,0.763856,145.483
lightbox/images/img004878.jpg,lightbox,2,32503,3,65504,-0.164854,0.0235506,0.635866,0.753619,174.495
lightbox/images/img004883.jpg,lightbox,3,34164,3,75400,0.386065,0.0227097,0.567742,0.72671,102.793
lightbox/images/img004895.jpg,lightbox,3,67113,2,54633,0.157036,-0.381373,0.717879,0.560843,112.143
lightbox/images/img004905.jpg,lightbox,2,40703,3,74630,0.116468,0.302817,0.582341,0.745396,133.688
lightbox/images/img004921.jpg,lightbox,0,71626,1,12713,0.353259,0.753619,-0.117753,-0.541664,132.05
lightbox/images/img004927.jpg,lightbox,0,74305,0,16665,0.99085,0.0928922,-0.0928922,-0.0309641,75.7932
lightbox/images/img004928.jpg,lightbox,3,17605,1,77042,0.369653,0.695817,0.413141,0.45663,133.256
lightbox/images/img004933.jpg,lightbox,1,15362,3,76163,0.239187,0.500118,0.45663,0.695817,163.617
lightbox/images/img004937.jpg,lightbox,1,63033,2,76410,0.112852,0.383697,0.722254,0.564261,87.2243
lightbox/images/img004940.jpg,lightbox,3,41014,1,21313,-0.0217855,0.697136,0.239641,-0.675351,46.67
lightbox/images/img004950.jpg,lightbox,2,64346,2,71663,0.45047,0.355634,0.758686,0.308216,113.755
lightbox/images/img004967.jpg,lightbox,0,11666,1,44467,-0.493657,0.544725,-0.425567,0.527703,156.894
lightbox/images/img004971.jpg,lightbox,0,75133,1,53642,0.437917,0.824315,-0.128799,0.334878,43.6565
lightbox/images/img004973.jpg,lightbox,3,61613,3,74440,0.0231434,0.0231434,0.67116,0.74059,66.9805
lightbox/images/img004974.jpg,lightbox,2,21162,2,56346,0.220963,-0.122757,0.785646,0.564683,159.767
lightbox/images/img004979.jpg,lightbox,2,71546,3,74440,0.0231434,0.0231434,0.67116,0.74059,81.0831
lightbox/images/img004980.jpg,lightbox,2,24105,1,74115,0.373718,0.797264,0.0249145,0.473376,144.473
lightbox/images/img004990.jpg,lightbox,1,16547,1,70114,0.374809,0.922608,0.0288315,0.0864945,48.4388
lightbox/images/img004993.jpg,lightbox,2,61501,2,74003,0.0822304,0.0822304,0.877124,0.465972,35.3443
lightbox/images/img004999.jpg,lightbox,1,02461,2,64755,-0.350311,0.185459,0.659408,0.638802,172.623
lightbox/images/img005001.jpg,lightbox,3,52354,3,74340,0.223125,0.223125,0.520626,0.793334,63.2113
lightbox/images/img005008.jpg,lightbox,3,27766,3,77417,0.447383,0.369577,0.525188,0.622446,102.019
lightbox/images/img005015.jpg,lightbox,3,03620,2,75446,0.355792,0.0627868,0.669726,0.648797,179.706
lightbox/images/img005016.jpg,lightbox,1,21611,1,12157,0.331862,0.707972,-0.287613,-0.553103,88.6719
lightbox/images/img005023.jpg,lightbox,3,52270,2,76444,0.0209657,0.356417,0.670902,0.649937,91.4776
lightbox/images/img005026.jpg,lightbox,2,50673,3,74250,0.126148,0.227067,0.529823,0.80735,101.117
lightbox/images/img005038.jpg,lightbox,0,06611,3,56614,0.116977,-0.163768,0.631676,0.748653,174.179
lightbox/images/img005058.jpg,lightbox,3,63725,3,75065,0.431484,0.113548,0.522323,0.72671,95.4956
lightbox/images/img005059.jpg,lightbox,2,25761,2,71460,0.437917,0.128799,0.824315,0.334878,88.4118
lightbox/images/img005084.jpg,lightbox,2,52477,1,70513,0.409922,0.8745,0.0819844,0.245953,178.238
lightbox/images/img005085.jpg,lightbox,1,34277,1,50310,0.313185,0.770916,-0.554096,0.0240911,120.148
lightbox/images/img005088.jpg,lightbox,3,25106,2,47026,-0.36477,-0.218862,0.778177,0.462042,156.042
lightbox/images/img005105.jpg,lightbox,1,50134,2,74033,0.186352,0.186352,0.851896,0.45257,145.439
lightbox/images/img005106.jpg,lightbox,0,55326,1,47433,-0.211487,0.751953,-0.211487,0.587463,113.023
lightbox/images/img005114.jpg,lightbox,3,05311,1,46117,-0.395992,0.745396,-0.302817,0.442579,174.909
lightbox/images/img005124.jpg,lightbox,3,16776,0,41775,0.797264,-0.0249145,-0.473376,0.373718,98.41
lightbox/images/img005125.jpg,lightbox,0,67510,3,72430,0.126148,0.529823,0.227067,0.80735,106.173
lightbox/images/img005137.jpg,lightbox,2,13405,1,74117,0.372793,0.795292,0.0745586,0.472205,146.645
lightbox/images/img005147.jpg,lightbox,3,63724,3,75143,0.57525,0.0639167,0.447417,0.681778,116.393
lightbox/images/img005151.jpg,lightbox,3,36162,0,71143,0.756986,0.638707,0.0709674,0.118279,108.891
lightbox/images/img005156.jpg,lightbox,1,16626,1,74240,0.0254246,0.813589,0.228822,0.533917,88.6172
lightbox/images/img005163.jpg,lightbox,1,74067,1,14343,0.266242,0.774521,-0.508279,-0.266242,134.696
lightbox/images/img005164.jpg,lightbox,3,61243,0,70415,0.925691,0.202495,0.0289278,0.318206,179.04
lightbox/images/img005166.jpg,lightbox,0,16510,1,74155,0.355634,0.758686,0.0237089,0.545305,124.954
lightbox/images/img005174.jpg,lightbox,2,13360,3,71446,0.432219,0.0762739,0.38137,0.813589,176.28
lightbox/images/img005183.jpg,lightbox,2,47147,3,74440,0.0231434,0.0231434,0.67116,0.74059,47.8168
lightbox/images/img005186.jpg,lightbox,2,44376,1,74313,0.368271,0.785646,0.270066,0.417374,174.523
lightbox/images/img005192.jpg,lightbox,1,71270,0,75432,0.691902,0.454061,0.151354,0.540548,67.082
lightbox/images/img005196.jpg,lightbox,3,34051,1,17120,0.559717,0.716438,-0.246276,-0.33583,166.858
lightbox/images/img005198.jpg,lightbox,0,65166,0,77400,0.678094,0.360237,0.360237,0.529761,66.4232
lightbox/images/img005202.jpg,lightbox,2,30760,3,56640,0.0228515,-0.159961,0.662695,0.73125,164.102
lightbox/images/img005213.jpg,lightbox,2,37202,2,65164,-0.173542,0.123958,0.793334,0.570209,135.863
lightbox/images/img005220.jpg,lightbox,0,42525,3,74447,0.0670318,0.0670318,0.692662,0.715006,175.131
lightbox/images/img005221.jpg,lightbox,1,41606,2,71460,0.437917,0.128799,0.824315,0.334878,137.327
lightbox/images/img005232.jpg,lightbox,0,25011,2,45552,-0.0575753,-0.556561,0.614137,0.556561,164.624
lightbox/images/img005233.jpg,lightbox,3,16057,0,17017,0.735875,0.52891,-0.298949,-0.298949,151.455
lightbox/images/img005239.jpg,lightbox,3,43172,1,15052,0.42627,0.649554,-0.588658,-0.223284,118.384
lightbox/images/img005244.jpg,lightbox,0,37466,1,57433,0.483916,0.673274,-0.189358,0.525995,118.333
lightbox/images/img005253.jpg,lightbox,1,63731,3,74327,0.264389,0.360531,0.456673,0.769133,87.818
lightbox/images/img005270.jpg,lightbox,0,63002,3,75460,0.364184,0.107113,0.621254,0.685522,109.466
lightbox/images/img005271.jpg,lightbox,1,43215,2,56613,0.168638,-0.120456,0.770916,0.602279,149.505
lightbox/images/img005273.jpg,lightbox,0,07014,3,70467,0.0829819,0.193624,0.41491,0.88514,129.488
lightbox/images/img005274.jpg,lightbox,1,03113,3,72633,0.15221,0.674072,0.195698,0.695817,174.855
lightbox/images/img005281.jpg,lightbox,0,35456,1,74343,0.266242,0.774521,0.266242,0.508279,100.079
lightbox/images/img005289.jpg,lightbox,2,25730,2,16571,0.403933,-0.296217,0.861723,-0.0807866,100.078
lightbox/images/img005290.jpg,lightbox,1,43264,2,45225,-0.29707,-0.434179,0.73125,0.434179,155.319
lightbox/images/img005305.jpg,lightbox,0,03430,0,32427,0.715006,0.0670318,0.51391,-0.469222,97.9571
lightbox/images/img005311.jpg,lightbox,0,53330,2,56516,0.284293,-0.284293,0.699798,0.590455,178.863
lightbox/images/img005314.jpg,lightbox,1,34225,3,74070,0.128459,0.128459,0.539527,0.822136,175.344
lightbox/images/img005315.jpg,lightbox,3,64053,2,74144,0.222579,0.024731,0.791391,0.568812,99.9952
lightbox/images/img005320.jpg,lightbox,3,16106,1,74717,0.327405,0.698464,0.240097,0.589329,149.494
lightbox/images/img005327.jpg,lightbox,0,31770,3,65745,-0.109344,0.196818,0.67793,0.699798,174.99
lightbox/images/img005335.jpg,lightbox,3,70042,2,75146,0.534584,0.06415,0.684267,0.491817,107.423
lightbox/images/img005337.jpg,lightbox,1,14631,2,56211,0.186352,-0.186352,0.851896,0.45257,102.605
lightbox/images/img005341.jpg,lightbox,0,34542,2,44272,-0.541845,-0.341162,0.642187,0.421435,105.523
lightbox/images/img005345.jpg,lightbox,2,14277,0,75641,0.666233,0.395576,0.187378,0.603774,176.256
lightbox/images/img005367.jpg,lightbox,2,07752,1,74447,0.0670318,0.715006,0.0670318,0.692662,167.951
lightbox/images/img005376.jpg,lightbox,1,27545,1,52617,0.200492,0.916533,-0.143208,0.315058,92.8882
lightbox/images/img005389.jpg,lightbox,0,76056,3,72432,0.122757,0.564683,0.220963,0.785646,96.8876
lightbox/images/img005394.jpg,lightbox,1,60571,2,12773,0.373718,-0.0249145,0.797264,-0.473376,154.003
lightbox/images/img005396.jpg,lightbox,0,54340,3,74600,0.0240354,0.216319,0.600885,0.769133,165.08
lightbox/images/img005401.jpg,lightbox,0,52313,0,24307,0.763856,-0.50128,0.262575,-0.310316,130.96
lightbox/images/img005404.jpg,lightbox,2,57750,3,67167,-0.108928,0.501067,0.501067,0.697136,112.268
lightbox/images/img005410.jpg,lightbox,0,63315,3,74550,0.288178,0.0221676,0.642859,0.709362,92.4655
lightbox/images/img005428.jpg,lightbox,0,20335,2,71443,0.480589,0.0758825,0.809414,0.328824,142.667
lightbox/images/img005430.jpg,lightbox,2,26574,3,74440,0.0231434,0.0231434,0.67116,0.74059,119.688
lightbox/images/img005431.jpg,lightbox,1,76217,3,74167,0.265003,0.168638,0.554096,0.770916,74.58
lightbox/images/img005444.jpg,lightbox,2,25564,1,74033,0.186352,0.851896,0.186352,0.45257,152.251
lightbox/images/img005451.jpg,lightbox,0,03360,1,26031,-0.519594,0.665081,0.436459,-0.311757,142.258
lightbox/images/img005481.jpg,lightbox,2,15223,3,74430,0.121303,0.121303,0.606517,0.776342,157.901
lightbox/images/img005482.jpg,lightbox,0,11021,2,71417,0.560642,0.0731272,0.780024,0.268133,158.744
lightbox/images/img005484.jpg,lightbox,2,22755,2,74147,0.268133,0.0731272,0.780024,0.560642,150.334
lightbox/images/img005492.jpg,lightbox,0,00533,1,53644,0.426737,0.80327,-0.175715,0.376533,168.186
lightbox/images/img005495.jpg,lightbox,1,53253,1,33544,0.529761,0.678094,0.360237,-0.360237,82.8564
lightbox/images/img005498.jpg,lightbox,2,50267,1,52633,0.205971,0.941584,-0.0294245,0.26482,136.523
lightbox/images/img005517.jpg,lightbox,2,63750,2,74162,0.225352,0.175274,0.801253,0.525822,63.2164
lightbox/images/img005519.jpg,lightbox,2,13013,2,71167,0.627568,0.162703,0.743784,0.162703,106.94
lightbox/images/img005525.jpg,lightbox,0,10703,2,71443,0.480589,0.0758825,0.809414,0.328824,159.877
lightbox/images/img005530.jpg,lightbox,3,42215,3,47325,-0.132733,-0.0796398,0.504385,0.849491,77.118
lightbox/images/img005538.jpg,lightbox,0,72364,1,77143,0.534156,0.633074,0.375888,0.415455,70.4972
lightbox/images/img005563.jpg,lightbox,2,35257,0,71463,0.799251,0.474555,0.174836,0.324696,102.633
lightbox/images/img005566.jpg,lightbox,2,16210,2,30167,0.257915,0.164128,0.750298,-0.58617,50.3218
lightbox/images/img005570.jpg,lightbox,3,03040,2,65544,-0.155173,0.0221676,0.709362,0.687194,169.613
lightbox/images/img005572.jpg,lightbox,2,45707,2,56341,0.272041,-0.173117,0.791391,0.51935,56.1238
lightbox/images/img005576.jpg,lightbox,0,43231,3,77460,0.333718,0.41224,0.569284,0.628176,160.474
lightbox/images/img005577.jpg,lightbox,0,53714,2,33054,0.430548,0.348539,0.656074,-0.512558,145.443
lightbox/images/img005578.jpg,lightbox,1,65425,1,75407,0.412362,0.694504,0.0651098,0.585988,85.1029
lightbox/images/img005586.jpg,lightbox,1,40326,2,47633,-0.216319,-0.0240354,0.769133,0.600885,159.747
lightbox/images/img005599.jpg,lightbox,3,03777,3,56346,0.220963,-0.122757,0.564683,0.785646,128.451
lightbox/images/img005603.jpg,lightbox,0,56230,3,72467,0.0709674,0.544084,0.354837,0.756986,128.667
lightbox/images/img005609.jpg,lightbox,2,72140,2,71443,0.480589,0.0758825,0.809414,0.328824,55.6105
lightbox/images/img005620.jpg,lightbox,2,55237,1,74315,0.36477,0.778177,0.218862,0.462042,154.35
lightbox/images/img005627.jpg,lightbox,1,46333,3,56742,0.202721,-0.112623,0.653213,0.720787,166.406
lightbox/images/img005646.jpg,lightbox,3,74207,3,47707,-0.117753,-0.117753,0.635866,0.753619,55.5167
lightbox/images/img005651.jpg,lightbox,0,61270,3,75644,0.350311,0.185459,0.638802,0.659408,108.354
lightbox/images/img005655.jpg,lightbox,0,24570,3,65547,-0.111276,0.0667657,0.689912,0.712167,168.176
lightbox/images/img005662.jpg,lightbox,0,70725,3,74160,0.227067,0.126148,0.529823,0.80735,98.1071
lightbox/images/img005667.jpg,lightbox,2,75360,3,74445,0.067166,0.0223887,0.694049,0.716438,69.2923
lightbox/images/img005668.jpg,lightbox,2,50727,3,65540,-0.159961,0.0228515,0.662695,0.73125,96.7235
lightbox/images/img005675.jpg,lightbox,0,76123,3,74360,0.217325,0.313914,0.507093,0.772712,75.6116
lightbox/images/img005677.jpg,lightbox,1,30472,2,40766,-0.505892,-0.37392,0.703849,0.329929,131.185
lightbox/images/img005682.jpg,lightbox,1,07460,3,65740,-0.156721,0.201498,0.649272,0.716438,179.427
lightbox/images/img005692.jpg,lightbox,3,65213,3,65167,-0.123958,0.173542,0.570209,0.793334,23.5082
lightbox/images/img005699.jpg,lightbox,1,06445,2,56340,0.225352,-0.175274,0.801253,0.525822,114.538
lightbox/images/img005705.jpg,lightbox,3,06713,1,56161,0.266242,0.774521,-0.266242,0.508279,152.571
lightbox/images/img005709.jpg,lightbox,3,33402,2,71613,0.549021,0.262575,0.763856,0.214834,171.619
lightbox/images/img005736.jpg,lightbox,0,05325,3,70444,0.028273,0.028273,0.424094,0.904735,123.625
lightbox/images/img005737.jpg,lightbox,3,25146,3,65400,-0.34641,0.023094,0.57735,0.739008,107.708
lightbox/images/img005747.jpg,lightbox,0,76027,3,76155,0.329929,0.37392,0.505892,0.703849,67.8186
lightbox/images/img005754.jpg,lightbox,0,07441,2,42456,-0.582704,-0.280561,0.690612,0.323724,95.1471
lightbox/images/img005776.jpg,lightbox,0,52764,2,71463,0.474555,0.174836,0.799251,0.324696,118.626
lightbox/images/img005777.jpg,lightbox,2,76453,3,75640,0.359592,0.190372,0.613422,0.676879,35.0045
lightbox/images/img005779.jpg,lightbox,2,40714,2,15646,0.405798,-0.50128,0.763856,-0.0238705,104.326
lightbox/images/img005781.jpg,lightbox,3,30324,2,74477,0.153375,0.153375,0.701141,0.67923,166.919
lightbox/images/img005796.jpg,lightbox,0,07576,0,77413,0.635066,0.456453,0.37707,0.496145,127.021
lightbox/images/img005800.jpg,lightbox,0,42377,3,65400,-0.34641,0.023094,0.57735,0.739008,158.68
lightbox/images/img005801.jpg,lightbox,0,43603,1,74115,0.373718,0.797264,0.0249145,0.473376,162.773
lightbox/images/img005811.jpg,lightbox,1,70505,3,70744,0.239596,0.239596,0.399326,0.851896,111.327
lightbox/images/img005817.jpg,lightbox,2,40203,1,70143,0.320358,0.931951,0.0873704,0.145617,116.791
lightbox/images/img005819.jpg,lightbox,2,52225,2,70615,0.196039,0.25205,0.896179,0.308062,52.9605
lightbox/images/img005825.jpg,lightbox,0,35625,3,65740,-0.156721,0.201498,0.649272,0.716438,168.958
lightbox/images/img005840.jpg,lightbox,0,43475,3,74165,0.266868,0.121303,0.557996,0.776342,141.324
lightbox/images/img005853.jpg,lightbox,3,65125,2,44736,-0.387594,-0.346794,0.652789,0.550791,74.3166
lightbox/images/img005859.jpg,lightbox,2,65356,3,56643,0.0688428,-0.114738,0.665481,0.734324,52.5963
lightbox/images/img005861.jpg,lightbox,3,16607,3,56740,0.201498,-0.156721,0.649272,0.716438,99.6263
lightbox/images/img005863.jpg,lightbox,2,31545,0,76111,0.748653,0.350931,0.397722,0.397722,108.905
lightbox/images/img005867.jpg,lightbox,1,55201,1,53742,0.582341,0.745396,-0.116468,0.302817,50.4304
lightbox/images/img005885.jpg,lightbox,1,03636,2,40363,-0.497888,-0.403052,0.758686,0.118545,147.036
lightbox/images/img005890.jpg,lightbox,3,73401,3,74445,0.067166,0.0223887,0.694049,0.716438,84.3462
lightbox/images/img005898.jpg,lightbox,0,71765,3,75240,0.396854,0.210099,0.490232,0.74702,75.1678
lightbox/images/img005900.jpg,lightbox,0,46010,1,75243,0.430597,0.725215,0.249293,0.475923,175.855
lightbox/images/img005906.jpg,lightbox,0,70317,0,71167,0.743784,0.627568,0.162703,0.162703,34.3771
lightbox/images/img005913.jpg,lightbox,1,55377,2,65103,-0.136234,0.0817405,0.871899,0.463196,168.094
lightbox/images/img005918.jpg,lightbox,2,42461,2,72435,0.173117,0.51935,0.791391,0.272041,135.186
lightbox/images/img005930.jpg,lightbox,1,12366,1,42767,-0.510678,0.778177,-0.024318,0.36477,147.061
lightbox/images/img005936.jpg,lightbox,0,25032,2,71461,0.478148,0.125828,0.805302,0.327154,134.253
lightbox/images/img005940.jpg,lightbox,1,43640,2,71147,0.63446,0.0704956,0.751953,0.16449,147.982
lightbox/images/img005946.jpg,lightbox,0,25037,2,75620,0.370354,0.283212,0.697136,0.544638,156.207
lightbox/images/img005957.jpg,lightbox,0,70152,0,57422,0.712167,0.378339,-0.200297,0.55638,65.7067
lightbox/images/img005961.jpg,lightbox,3,33620,3,56345,0.265003,-0.168638,0.554096,0.770916,154.977
lightbox/images/img005977.jpg,lightbox,3,70164,1,53355,0.67923,0.701141,-0.153375,0.153375,134.604
lightbox/images/img005999.jpg,lightbox,3,45133,0,53242,0.866766,0.46047,-0.135432,0.135432,151.873
lightbox/images/img006002.jpg,lightbox,3,41421,3,72447,0.0745586,0.472205,0.372793,0.795292,141.427
lightbox/images/img006007.jpg,lightbox,2,25446,0,71130,0.735875,0.666887,0.114981,0.0229961,159.374
lightbox/images/img006016.jpg,lightbox,0,26210,3,75043,0.443543,0.0700331,0.490232,0.74702,149.174
lightbox/images/img006048.jpg,lightbox,3,63201,3,70365,0.297951,0.352124,0.189605,0.866766,77.8094
lightbox/images/img006054.jpg,lightbox,0,21657,0,16306,0.887862,0.249711,-0.138728,-0.360694,75.5647
lightbox/images/img006055.jpg,lightbox,3,72445,3,74345,0.262575,0.214834,0.549021,0.763856,40.5161
lightbox/images/img006058.jpg,lightbox,3,34375,3,74417,0.16449,0.0704956,0.63446,0.751953,113.167
lightbox/images/img006061.jpg,lightbox,0,16726,1,24311,-0.422499,0.795292,0.223676,-0.372793,161.602
lightbox/images/img006062.jpg,lightbox,0,50327,1,74116,0.328824,0.809414,0.0758825,0.480589,120.169
lightbox/images/img006067.jpg,lightbox,0,72125,2,75400,0.386065,0.0227097,0.72671,0.567742,86.46
lightbox/images/img006068.jpg,lightbox,0,64310,2,74140,0.228822,0.0254246,0.813589,0.533917,115.082
lightbox/images/img006074.jpg,lightbox,2,27102,3,74447,0.0670318,0.0670318,0.692662,0.715006,142.656
lightbox/images/img006075.jpg,lightbox,1,37024,2,56212,0.135432,-0.135432,0.866766,0.46047,152.834
lightbox/images/img006082.jpg,lightbox,3,56203,3,56447,0.0645049,-0.279521,0.666551,0.688053,35.6377
lightbox/images/img006087.jpg,lightbox,0,64107,3,75620,0.370354,0.283212,0.544638,0.697136,121.785
lightbox/images/img006091.jpg,lightbox,2,52556,1,53021,0.489437,0.824315,-0.283358,0.0257599,145.565
lightbox/images/img006106.jpg,lightbox,0,07464,3,75430,0.45663,0.108721,0.543607,0.695817,161.206
lightbox/images/img006116.jpg,lightbox,3,21030,1,54256,0.111276,0.712167,-0.46736,0.51187,89.9727
lightbox/images/img006125.jpg,lightbox,3,54302,2,16333,0.390567,-0.0260378,0.833209,-0.390567,167.256
lightbox/images/img006144.jpg,lightbox,1,32406,3,74440,0.0231434,0.0231434,0.67116,0.74059,174.594
lightbox/images/img006149.jpg,lightbox,3,43223,0,71423,0.822136,0.488143,0.179842,0.231226,168.478
lightbox/images/img006150.jpg,lightbox,2,25226,3,74600,0.0240354,0.216319,0.600885,0.769133,143.2
lightbox/images/img006156.jpg,lightbox,2,56733,3,74144,0.222579,0.024731,0.568812,0.791391,35.8212
lightbox/images/img006158.jpg,lightbox,3,51405,3,74465,0.0667657,0.111276,0.689912,0.712167,111.183
lightbox/images/img006159.jpg,lightbox,2,21702,3,56347,0.266868,-0.121303,0.557996,0.776342,173.435
lightbox/images/img006160.jpg,lightbox,2,43002,3,74403,0.0734773,0.0734773,0.612311,0.783758,121.141
lightbox/images/img006161.jpg,lightbox,0,41412,3,74630,0.116468,0.302817,0.582341,0.745396,156.388
lightbox/images/img006168.jpg,lightbox,0,45531,3,74630,0.116468,0.302817,0.582341,0.745396,166.551
lightbox/images/img006169.jpg,lightbox,2,22136,1,47373,-0.0261087,0.835478,-0.0261087,0.548282,173.63
lightbox/images/img006188.jpg,lightbox,3,43315,3,70457,0.193624,0.0829819,0.41491,0.88514,55.1959
lightbox/images/img006189.jpg,lightbox,2,32432,3,74440,0.0231434,0.0231434,0.67116,0.74059,165.203
lightbox/images/img006203.jpg,lightbox,3,41551,2,71460,0.437917,0.128799,0.824315,0.334878,134.683
lightbox/images/img006207.jpg,lightbox,1,36642,2,75040,0.405798,0.0238705,0.763856,0.50128,119.626
lightbox/images/img006215.jpg,lightbox,3,65312,2,17353,0.671537,-0.108312,0.6932,-0.238287,178.613
lightbox/images/img006217.jpg,lightbox,2,02314,3,76640,0.0200361,0.500902,0.581047,0.641155,172.01
lightbox/images/img006221.jpg,lightbox,0,55766,3,74433,0.167476,0.167476,0.598127,0.765603,128.117
lightbox/images/img006222.jpg,lightbox,1,07135,3,74433,0.167476,0.167476,0.598127,0.765603,141.668
lightbox/images/img006224.jpg,lightbox,3,07577,0,72171,0.772712,0.362209,0.507093,0.120736,177.665
lightbox/images/img006226.jpg,lightbox,0,34051,0,16356,0.887862,0.360694,-0.138728,-0.249711,29.6662
lightbox/images/img006228.jpg,lightbox,1,07136,3,74070,0.128459,0.128459,0.539527,0.822136,138.939
lightbox/images/img006234.jpg,lightbox,3,53056,0,71465,0.791391,0.469888,0.123655,0.370965,110.67
lightbox/images/img006237.jpg,lightbox,3,25060,1,70717,0.388465,0.828726,0.284875,0.284875,168.508
lightbox/images/img006255.jpg,lightbox,1,75530,3,76160,0.201903,0.471108,0.471108,0.717879,69.0474
lightbox/images/img006262.jpg,lightbox,2,41464,2,75466,0.352715,0.145236,0.663935,0.643187,125.152
lightbox/images/img006286.jpg,lightbox,2,24773,3,74240,0.0254246,0.228822,0.533917,0.813589,124.945
lightbox/images/img006289.jpg,lightbox,2,27536,1,16342,0.254457,0.904735,-0.141365,-0.311003,126.941
lightbox/images/img006293.jpg,lightbox,3,35551,2,71446,0.432219,0.0762739,0.813589,0.38137,115.683
lightbox/images/img006297.jpg,lightbox,2,05554,2,75440,0.366206,0.0215415,0.689329,0.624704,126.31
lightbox/images/img006315.jpg,lightbox,2,67701,3,74640,0.022663,0.203967,0.657226,0.725215,49.3256
lightbox/images/img006329.jpg,lightbox,1,70553,1,74013,0.189051,0.864234,0.0810219,0.459124,27.2433
lightbox/images/img006333.jpg,lightbox,1,03237,3,74660,0.0221676,0.288178,0.642859,0.709362,147.867
lightbox/images/img006350.jpg,lightbox,2,03467,2,56436,0.115966,-0.208739,0.742182,0.626216,142.842
lightbox/images/img006354.jpg,lightbox,1,65343,1,71443,0.480589,0.809414,0.0758825,0.328824,78.5712
lightbox/images/img006360.jpg,lightbox,2,54556,3,56642,0.0229961,-0.114981,0.666887,0.735875,58.3258
lightbox/images/img006364.jpg,lightbox,2,60171,1,42567,-0.499011,0.760398,-0.213862,0.356436,158.981
lightbox/images/img006366.jpg,lightbox,0,63105,2,74417,0.16449,0.0704956,0.751953,0.63446,117.4
lightbox/images/img006397.jpg,lightbox,0,17600,2,75040,0.405798,0.0238705,0.763856,0.50128,165.177
lightbox/images/img006414.jpg,lightbox,2,16131,3,76640,0.0200361,0.500902,0.581047,0.641155,168.748
lightbox/images/img006417.jpg,lightbox,1,14534,1,71167,0.627568,0.743784,0.162703,0.162703,104.573
lightbox/images/img006425.jpg,lightbox,2,60127,3,72403,0.0781133,0.494718,0.23434,0.833209,146.356
lightbox/images/img006448.jpg,lightbox,1,25546,1,70543,0.302422,0.879772,0.0824786,0.357407,76.0933
lightbox/images/img006454.jpg,lightbox,0,20050,3,75640,0.359592,0.190372,0.613422,0.676879,151.649
lightbox/images/img006455.jpg,lightbox,3,52606,2,42756,-0.469888,-0.123655,0.791391,0.370965,107.982
lightbox/images/img006456.jpg,lightbox,2,33566,2,65116,-0.0800926,0.0800926,0.854321,0.507253,136.478
lightbox/images/img006463.jpg,lightbox,1,25211,1,71444,0.433341,0.8157,0.0254906,0.38236,129.827
lightbox/images/img006482.jpg,lightbox,2,45013,3,77247,0.369577,0.525188,0.447383,0.622446,164.604
lightbox/images/img006484.jpg,lightbox,3,57147,3,65540,-0.159961,0.0228515,0.662695,0.73125,95.3172
lightbox/images/img006485.jpg,lightbox,2,42456,2,42035,-0.592723,-0.260798,0.758686,0.0711268,30.6176
lightbox/images/img006508.jpg,lightbox,3,16721,2,71461,0.478148,0.125828,0.805302,0.327154,146.017
lightbox/images/img006509.jpg,lightbox,2,45020,2,71440,0.441447,0.0259675,0.830959,0.337577,117.267
lightbox/images/img006515.jpg,lightbox,1,75246,3,74670,0.11019,0.286494,0.639101,0.705215,77.3545
lightbox/images/img006519.jpg,lightbox,0,60546,2,71653,0.535754,0.25623,0.745396,0.302817,130.123
lightbox/images/img006525.jpg,lightbox,2,70503,3,72650,0.116468,0.582341,0.302817,0.745396,112.163
lightbox/images/img006527.jpg,lightbox,0,16265,2,70546,0.245953,0.0819844,0.8745,0.409922,172.257
lightbox/images/img006528.jpg,lightbox,2,66150,3,56436,0.115966,-0.208739,0.626216,0.742182,100.312
lightbox/images/img006532.jpg,lightbox,0,41476,3,72633,0.15221,0.674072,0.195698,0.695817,172.545
lightbox/images/img006548.jpg,lightbox,0,61535,3,70663,0.0794162,0.397081,0.344137,0.847106,132.874
lightbox/images/img006567.jpg,lightbox,3,37002,0,15623,0.770916,0.457732,-0.409549,-0.168638,116.825
lightbox/images/img006569.jpg,lightbox,1,50035,1,50522,0.211487,0.751953,-0.587463,0.211487,16.9629
lightbox/images/img006597.jpg,lightbox,2,51765,2,56347,0.266868,-0.121303,0.776342,0.557996,54.8685
lightbox/images/img006601.jpg,lightbox,3,73060,3,41300,-0.174836,-0.574462,0.0249766,0.799251,151.605
lightbox/images/img006607.jpg,lightbox,0,55277,2,17303,0.603286,-0.11172,0.715006,-0.335159,171.413
lightbox/images/img006610.jpg,lightbox,1,11136,1,53341,0.631676,0.748653,-0.163768,0.116977,84.0419
lightbox/images/img006614.jpg,lightbox,0,37060,1,57020,0.409549,0.770916,-0.265003,0.409549,133.567
lightbox/images/img006615.jpg,lightbox,1,13663,3,74443,0.0691347,0.0691347,0.668302,0.737437,149.4
lightbox/images/img006616.jpg,lightbox,3,16056,2,22067,-0.527796,0.418597,0.582396,-0.454997,77.228
lightbox/images/img006632.jpg,lightbox,0,61641,3,74440,0.0231434,0.0231434,0.67116,0.74059,130.086
lightbox/images/img006634.jpg,lightbox,0,74116,3,74200,0.026774,0.240966,0.455158,0.856767,111.835
lightbox/images/img006647.jpg,lightbox,0,07506,2,53665,0.472205,-0.0745586,0.795292,0.372793,167.717
lightbox/images/img006664.jpg,lightbox,3,75242,3,76153,0.331214,0.419537,0.463699,0.706589,20.6833
lightbox/images/img006665.jpg,lightbox,1,53424,1,52175,0.398199,0.849491,-0.292013,0.185826,11.249
lightbox/images/img006668.jpg,lightbox,2,00427,1,56111,0.357244,0.762121,-0.357244,0.404877,50.1037
lightbox/images/img006671.jpg,lightbox,2,04137,0,53467,0.778177,0.462042,-0.218862,0.36477,76.0606
lightbox/images/img006673.jpg,lightbox,3,41654,2,56343,0.27406,-0.124573,0.797264,0.523205,100.553
lightbox/images/img006674.jpg,lightbox,3,02342,3,74163,0.272041,0.173117,0.51935,0.791391,170.68
lightbox/images/img006679.jpg,lightbox,2,05736,1,67110,-0.0747435,0.797264,0.423547,0.423547,172.448
lightbox/images/img006684.jpg,lightbox,3,21440,0,71573,0.681778,0.660472,0.149139,0.276972,171.394
lightbox/images/img006686.jpg,lightbox,2,12324,2,47430,-0.252957,-0.252957,0.735875,0.574903,165.887
lightbox/images/img006696.jpg,lightbox,3,20355,1,54614,0.104099,0.666233,-0.478855,0.562134,81.7879
lightbox/images/img006704.jpg,lightbox,0,56063,3,74327,0.264389,0.360531,0.456673,0.769133,114.057
lightbox/images/img006709.jpg,lightbox,0,35276,3,65540,-0.159961,0.0228515,0.662695,0.73125,175.525
lightbox/images/img006711.jpg,lightbox,3,16212,1,24311,-0.422499,0.795292,0.223676,-0.372793,106.505
lightbox/images/img006727.jpg,lightbox,0,24444,2,56247,0.0753066,-0.125511,0.80327,0.57735,162.287
lightbox/images/img006733.jpg,lightbox,0,60106,2,75624,0.361538,0.276471,0.680543,0.574208,155.554
lightbox/images/img006736.jpg,lightbox,2,50214,2,56663,0.069282,-0.023094,0.739008,0.669726,95.9089
sunlamp/images/img000005.jpg,sunlamp,3,57537,1,71064,0.456468,0.859235,0.134255,0.187958,143.547
sunlamp/images/img000022.jpg,sunlamp,3,70166,3,27035,-0.217325,0.507093,-0.313914,0.772712,91.0927
sunlamp/images/img000030.jpg,sunlamp,0,42170,1,42531,-0.43676,0.822136,-0.282609,0.231226,97.6832
sunlamp/images/img000031.jpg,sunlamp,2,70435,1,25552,-0.092538,0.987072,0.092538,-0.092538,160.279
sunlamp/images/img000033.jpg,sunlamp,3,07240,1,41533,-0.0240354,0.769133,-0.600885,0.216319,155.488
sunlamp/images/img000034.jpg,sunlamp,1,07625,1,42361,-0.542398,0.826512,-0.0774855,0.129142,39.3631
sunlamp/images/img000039.jpg,sunlamp,3,24006,2,42333,-0.468798,-0.0275764,0.882444,0.0275764,170.645
sunlamp/images/img000040.jpg,sunlamp,1,25003,1,42535,-0.431106,0.811493,-0.278951,0.278951,91.4105
sunlamp/images/img000043.jpg,sunlamp,0,61033,1,42533,-0.442642,0.833209,-0.23434,0.23434,94.6831
sunlamp/images/img000045.jpg,sunlamp,1,04567,2,34533,0.408703,0.190728,0.871899,-0.190728,116.658
sunlamp/images/img000052.jpg,sunlamp,3,33145,2,34563,0.317146,0.20182,0.922608,-0.0864945,150.171
sunlamp/images/img000054.jpg,sunlamp,0,47712,1,42521,-0.514341,0.783758,-0.269417,0.220432,147.738
sunlamp/images/img000060.jpg,sunlamp,3,17034,2,72465,0.0727821,0.509475,0.776342,0.36391,173.272
sunlamp/images/img000062.jpg,sunlamp,2,45643,1,42331,-0.467379,0.879772,-0.0824786,0.0274929,145.859
sunlamp/images/img000066.jpg,sunlamp,3,52624,1,72465,0.0727821,0.776342,0.509475,0.36391,126.332
sunlamp/images/img000072.jpg,sunlamp,3,27451,3,43234,-0.322554,-0.0879694,0.0879694,0.93834,66.8032
sunlamp/images/img000074.jpg,sunlamp,2,74303,1,52611,0.20182,0.922608,-0.20182,0.259483,150.84
sunlamp/images/img000076.jpg,sunlamp,3,42321,3,43334,-0.092538,-0.092538,0.092538,0.987072,55.865
sunlamp/images/img000078.jpg,sunlamp,0,00352,3,41323,-0.136641,-0.464578,0.0273281,0.8745,134.631
sunlamp/images/img000079.jpg,sunlamp,2,14634,1,27541,-0.136234,0.871899,0.463196,-0.0817405,172.216
sunlamp/images/img000081.jpg,sunlamp,3,25337,2,43233,-0.270501,-0.0300557,0.961781,0.0300557,142.558
sunlamp/images/img000084.jpg,sunlamp,1,02172,1,07661,-0.373569,0.919555,-0.0862083,-0.0862083,62.7288
sunlamp/images/img000089.jpg,sunlamp,2,64141,1,43234,-0.322554,0.93834,-0.0879694,0.0879694,164.567
sunlamp/images/img000096.jpg,sunlamp,2,06756,1,41522,-0.165963,0.758686,-0.592723,0.21338,117.993
sunlamp/images/img000097.jpg,sunlamp,2,27217,1,34064,0.0297351,0.951522,0.148675,-0.267615,84.5915
sunlamp/images/img000098.jpg,sunlamp,1,75426,1,72433,0.17063,0.780024,0.560642,0.219382,68.2887
sunlamp/images/img000099.jpg,sunlamp,0,07524,1,56610,0.120456,0.770916,-0.168638,0.602279,169.35
sunlamp/images/img000104.jpg,sunlamp,1,41426,2,34534,0.368729,0.141819,0.907642,-0.141819,110.56
sunlamp/images/img000105.jpg,sunlamp,2,12165,2,27441,-0.33667,0.440261,0.828726,-0.0776931,127.928
sunlamp/images/img000106.jpg,sunlamp,1,52145,2,34636,0.138728,0.416185,0.887862,-0.138728,178.267
sunlamp/images/img000107.jpg,sunlamp,3,62600,1,47133,-0.026774,0.856767,-0.240966,0.455158,96.0102
sunlamp/images/img000114.jpg,sunlamp,0,61327,2,37060,0.392598,0.484974,0.739008,-0.254034,109.335
sunlamp/images/img000116.jpg,sunlamp,1,76262,1,41527,-0.118015,0.755297,-0.590076,0.259633,153.148
sunlamp/images/img000117.jpg,sunlamp,2,04005,1,72423,0.0740121,0.789462,0.567426,0.222036,157.088
sunlamp/images/img000118.jpg,sunlamp,2,06313,1,42531,-0.43676,0.822136,-0.282609,0.231226,154.082
sunlamp/images/img000122.jpg,sunlamp,0,60141,3,34246,0.0285481,0.314029,-0.256933,0.91354,174.984
sunlamp/images/img000124.jpg,sunlamp,0,75536,1,47133,-0.026774,0.856767,-0.240966,0.455158,95.4023
sunlamp/images/img000126.jpg,sunlamp,1,71357,2,27421,-0.316885,0.511891,0.780024,-0.17063,145.012
sunlamp/images/img000128.jpg,sunlamp,0,24133,1,47123,-0.132733,0.849491,-0.238919,0.451292,94.816
sunlamp/images/img000136.jpg,sunlamp,0,57735,1,71243,0.485586,0.817829,0.281129,0.127786,69.2265
sunlamp/images/img000140.jpg,sunlamp,3,34422,2,43333,-0.0312043,-0.0312043,0.998538,0.0312043,159.823
sunlamp/images/img000141.jpg,sunlamp,2,43142,1,27534,-0.0774855,0.826512,0.542398,-0.129142,160.457
sunlamp/images/img000142.jpg,sunlamp,3,12602,2,43210,-0.318206,-0.202495,0.925691,0.0289278,118.839
sunlamp/images/img000144.jpg,sunlamp,2,61522,2,61164,-0.206689,0.147635,0.944862,0.206689,10.9459
sunlamp/images/img000148.jpg,sunlamp,1,06760,2,34661,0.0862083,0.373569,0.919555,-0.0862083,157.493
sunlamp/images/img000149.jpg,sunlamp,2,41024,1,42371,-0.463196,0.871899,-0.0817405,0.136234,127.208
sunlamp/images/img000158.jpg,sunlamp,0,73646,1,42371,-0.463196,0.871899,-0.0817405,0.136234,178.617
sunlamp/images/img000160.jpg,sunlamp,1,34156,2,34031,0.19245,0.137464,0.879772,-0.412393,135.33
sunlamp/images/img000161.jpg,sunlamp,0,35247,1,72431,0.175274,0.801253,0.525822,0.225352,101.21
sunlamp/images/img000165.jpg,sunlamp,2,72034,2,34664,0.0289278,0.376062,0.925691,-0.0289278,26.2845
sunlamp/images/img000167.jpg,sunlamp,3,46627,1,42533,-0.442642,0.833209,-0.23434,0.23434,149.169
sunlamp/images/img000176.jpg,sunlamp,2,63702,2,36414,0.135432,0.46047,0.866766,-0.135432,59.2713
sunlamp/images/img000177.jpg,sunlamp,2,12767,2,43231,-0.269529,-0.0898429,0.958324,0.0299476,89.6345
sunlamp/images/img000178.jpg,sunlamp,3,27130,1,42515,-0.417374,0.785646,-0.368271,0.270066,77.8468
sunlamp/images/img000179.jpg,sunlamp,2,16555,2,34062,0.0289278,0.202495,0.925691,-0.318206,87.0569
sunlamp/images/img000181.jpg,sunlamp,3,70612,1,42533,-0.442642,0.833209,-0.23434,0.23434,138.997
sunlamp/images/img000182.jpg,sunlamp,0,31077,1,74123,0.285642,0.830959,0.181772,0.441447,133.906
sunlamp/images/img000196.jpg,sunlamp,1,51424,1,34570,0.371126,0.91354,0.142741,-0.0856444,96.867
sunlamp/images/img000197.jpg,sunlamp,1,72175,1,27431,-0.225352,0.801253,0.525822,-0.175274,78.7978
sunlamp/images/img000198.jpg,sunlamp,1,44761,2,43263,-0.372342,-0.0286417,0.916533,0.143208,168.056
sunlamp/images/img000200.jpg,sunlamp,2,37371,2,34341,0.299715,0.245222,0.871899,-0.299715,56.6432
sunlamp/images/img000203.jpg,sunlamp,2,07530,2,21561,-0.131991,0.131991,0.844742,-0.501565,63.4472
sunlamp/images/img000206.jpg,sunlamp,1,73000,1,27542,-0.184274,0.842397,0.500173,-0.0789747,70.6115
sunlamp/images/img000207.jpg,sunlamp,0,22321,2,43270,-0.320358,-0.0873704,0.931951,0.145617,150.852
sunlamp/images/img000208.jpg,sunlamp,2,52734,1,34077,0.20182,0.922608,0.20182,-0.259483,171.094
sunlamp/images/img000213.jpg,sunlamp,1,47225,1,42373,-0.464578,0.8745,-0.0273281,0.136641,40.6391
sunlamp/images/img000214.jpg,sunlamp,1,07340,1,43734,-0.0879694,0.93834,-0.0879694,0.322554,75.5853
sunlamp/images/img000219.jpg,sunlamp,2,35602,1,47141,-0.120736,0.772712,-0.362209,0.507093,154.991
sunlamp/images/img000220.jpg,sunlamp,2,34150,1,42533,-0.442642,0.833209,-0.23434,0.23434,131.202
sunlamp/images/img000227.jpg,sunlamp,3,34161,1,42733,-0.455158,0.856767,-0.026774,0.240966,157.797
sunlamp/images/img000228.jpg,sunlamp,2,52241,2,34652,0.145617,0.320358,0.931951,-0.0873704,71.3518
sunlamp/images/img000233.jpg,sunlamp,0,52642,2,27435,-0.227067,0.529823,0.80735,-0.126148,140.248
sunlamp/images/img000235.jpg,sunlamp,3,61555,3,43437,-0.248946,-0.248946,0.304267,0.88514,42.8692
sunlamp/images/img000237.jpg,sunlamp,1,10644,2,43264,-0.41491,-0.0829819,0.88514,0.193624,104.121
sunlamp/images/img000239.jpg,sunlamp,0,65451,3,72073,0.173542,0.570209,0.123958,0.793334,114.171
sunlamp/images/img000241.jpg,sunlamp,2,77475,2,34074,0.147122,0.147122,0.941584,-0.26482,116.72
sunlamp/images/img000247.jpg,sunlamp,3,35322,2,43333,-0.0312043,-0.0312043,0.998538,0.0312043,140.547
sunlamp/images/img000252.jpg,sunlamp,1,65333,1,52204,0.0303869,0.972379,-0.212708,0.0911606,79.9263
sunlamp/images/img000254.jpg,sunlamp,0,16462,2,43237,-0.269529,-0.0299476,0.958324,0.0898429,119.723
sunlamp/images/img000255.jpg,sunlamp,1,03063,2,41334,-0.0800926,-0.507253,0.854321,0.0800926,111.972
sunlamp/images/img000256.jpg,sunlamp,0,25330,2,03547,-0.128799,-0.334878,0.824315,-0.437917,135.264
sunlamp/images/img000257.jpg,sunlamp,3,34573,1,43533,-0.0290252,0.928805,-0.261226,0.261226,129.281
sunlamp/images/img000260.jpg,sunlamp,2,75042,2,42330,-0.508706,-0.0803219,0.856767,0.026774,124.4
sunlamp/images/img000261.jpg,sunlamp,2,43225,1,41377,-0.0270864,0.866766,-0.46047,0.189605,122.749
sunlamp/images/img000262.jpg,sunlamp,0,23555,2,43333,-0.0312043,-0.0312043,0.998538,0.0312043,133.577
sunlamp/images/img000267.jpg,sunlamp,1,60525,1,61732,-0.0819844,0.8745,0.409922,0.245953,60.9626
sunlamp/images/img000272.jpg,sunlamp,3,42237,1,52262,0.030846,0.987072,-0.030846,0.15423,171.155
sunlamp/images/img000273.jpg,sunlamp,0,41672,1,72433,0.17063,0.780024,0.560642,0.219382,152.761
sunlamp/images/img000274.jpg,sunlamp,3,25537,3,43323,-0.15423,-0.030846,0.030846,0.987072,39.2922
sunlamp/images/img000277.jpg,sunlamp,3,31733,2,34030,0.138728,0.138728,0.887862,-0.416185,117.648
sunlamp/images/img000278.jpg,sunlamp,0,00151,2,34563,0.317146,0.20182,0.922608,-0.0864945,137.85
sunlamp/images/img000280.jpg,sunlamp,2,24511,1,47101,-0.126471,0.809414,-0.379413,0.430001,139.348
sunlamp/images/img000282.jpg,sunlamp,2,06747,1,42715,-0.441447,0.830959,-0.181772,0.285642,175.541
sunlamp/images/img000283.jpg,sunlamp,3,06533,2,43233,-0.270501,-0.0300557,0.961781,0.0300557,175.167
sunlamp/images/img000291.jpg,sunlamp,2,40717,1,27431,-0.225352,0.801253,0.525822,-0.175274,174.446
sunlamp/images/img000297.jpg,sunlamp,1,47453,1,42433,-0.587463,0.751953,-0.211487,0.211487,67.5899
sunlamp/images/img000298.jpg,sunlamp,0,36446,2,42331,-0.467379,-0.0824786,0.879772,0.0274929,172.574
sunlamp/images/img000307.jpg,sunlamp,3,41354,1,41334,-0.0800926,0.854321,-0.507253,0.0800926,120.136
sunlamp/images/img000315.jpg,sunlamp,2,64362,2,34566,0.26482,0.205971,0.941584,-0.0294245,111.872
sunlamp/images/img000317.jpg,sunlamp,3,25212,1,42733,-0.455158,0.856767,-0.026774,0.240966,105.404
sunlamp/images/img000318.jpg,sunlamp,0,01272,2,43333,-0.0312043,-0.0312043,0.998538,0.0312043,134.527
sunlamp/images/img000319.jpg,sunlamp,1,61570,1,34073,0.198547,0.907642,0.198547,-0.312002,88.1336
sunlamp/images/img000320.jpg,sunlamp,2,35663,1,47133,-0.026774,0.856767,-0.240966,0.455158,171.235
sunlamp/images/img000323.jpg,sunlamp,3,61463,1,42331,-0.467379,0.879772,-0.0824786,0.0274929,144.695
sunlamp/images/img000324.jpg,sunlamp,3,23450,1,74133,0.376533,0.80327,0.175715,0.426737,125.176
sunlamp/images/img000333.jpg,sunlamp,0,53032,1,34127,0.297951,0.866766,0.189605,-0.352124,97.5586
sunlamp/images/img000335.jpg,sunlamp,3,21542,2,43623,-0.364073,-0.0280056,0.896179,0.25205,159.398
sunlamp/images/img000340.jpg,sunlamp,1,36140,1,52612,0.147122,0.941584,-0.147122,0.26482,94.8865
sunlamp/images/img000341.jpg,sunlamp,3,32034,2,37464,0.405798,0.50128,0.763856,-0.0238705,154.911
sunlamp/images/img000342.jpg,sunlamp,2,47114,1,52434,0.139158,0.890609,-0.306147,0.306147,127.324
sunlamp/images/img000343.jpg,sunlamp,3,14335,2,43334,-0.092538,-0.092538,0.987072,0.092538,155.37
sunlamp/images/img000345.jpg,sunlamp,1,57302,2,34564,0.267615,0.148675,0.951522,-0.0297351,165.395
sunlamp/images/img000346.jpg,sunlamp,2,73622,2,42336,-0.508706,-0.026774,0.856767,0.0803219,134.752
sunlamp/images/img000348.jpg,sunlamp,3,16444,1,42372,-0.505813,0.851896,-0.0266217,0.133109,150.574
sunlamp/images/img000349.jpg,sunlamp,2,46125,1,21747,-0.130901,0.837765,0.287982,-0.445063,162.789
sunlamp/images/img000351.jpg,sunlamp,2,26100,2,42235,-0.612311,-0.0734773,0.783758,0.0734773,74.6702
sunlamp/images/img000352.jpg,sunlamp,1,16375,1,74143,0.275431,0.801253,0.0751175,0.525822,95.9324
sunlamp/images/img000353.jpg,sunlamp,1,12645,1,16062,0.0285481,0.91354,-0.256933,-0.314029,22.2348
sunlamp/images/img000356.jpg,sunlamp,2,50365,1,34634,0.141819,0.907642,0.368729,-0.141819,167.737
sunlamp/images/img000358.jpg,sunlamp,0,31411,1,34433,0.204559,0.935129,0.204559,-0.204559,84.9301
sunlamp/images/img000359.jpg,sunlamp,0,51241,1,42372,-0.505813,0.851896,-0.0266217,0.133109,176.906
sunlamp/images/img000360.jpg,sunlamp,1,21701,2,03467,-0.328824,-0.227648,0.809414,-0.430001,149.341
sunlamp/images/img000361.jpg,sunlamp,2,42162,1,42331,-0.467379,0.879772,-0.0824786,0.0274929,178.2
sunlamp/images/img000363.jpg,sunlamp,1,15663,2,07523,-0.145617,-0.262111,0.931951,-0.203864,98.9911
sunlamp/images/img000364.jpg,sunlamp,0,53171,2,34563,0.317146,0.20182,0.922608,-0.0864945,167.285
sunlamp/images/img000365.jpg,sunlamp,3,52512,1,24777,-0.433341,0.8157,0.38236,-0.0254906,137.28
sunlamp/images/img000375.jpg,sunlamp,1,75267,1,72433,0.17063,0.780024,0.560642,0.219382,53.7005
sunlamp/images/img000376.jpg,sunlamp,2,72074,1,34062,0.0289278,0.925691,0.202495,-0.318206,104.638
sunlamp/images/img000377.jpg,sunlamp,3,02046,2,43333,-0.0312043,-0.0312043,0.998538,0.0312043,129.948
sunlamp/images/img000379.jpg,sunlamp,2,70103,1,71266,0.426737,0.80327,0.376533,0.175715,108.633
sunlamp/images/img000380.jpg,sunlamp,2,27501,2,07661,-0.373569,-0.0862083,0.919555,-0.0862083,71.6887
sunlamp/images/img000382.jpg,sunlamp,1,14664,2,12465,0.0789747,-0.289574,0.842397,-0.447523,96.9405
sunlamp/images/img000383.jpg,sunlamp,3,70317,2,34034,0.141819,0.141819,0.907642,-0.368729,164.366
sunlamp/images/img000384.jpg,sunlamp,0,25071,1,42535,-0.431106,0.811493,-0.278951,0.278951,87.9505
sunlamp/images/img000386.jpg,sunlamp,0,06334,2,43233,-0.270501,-0.0300557,0.961781,0.0300557,145.394
sunlamp/images/img000388.jpg,sunlamp,0,05336,1,42533,-0.442642,0.833209,-0.23434,0.23434,132.003
sunlamp/images/img000389.jpg,sunlamp,2,37126,2,07514,-0.0837545,-0.418772,0.893381,-0.139591,132.893
sunlamp/images/img000394.jpg,sunlamp,2,50461,1,47322,-0.189605,0.866766,-0.0270864,0.46047,127.93
sunlamp/images/img000395.jpg,sunlamp,0,13460,2,34062,0.0289278,0.202495,0.925691,-0.318206,179.318
sunlamp/images/img000397.jpg,sunlamp,0,27566,1,34072,0.143208,0.916533,0.200492,-0.315058,172.272
sunlamp/images/img000398.jpg,sunlamp,1,52163,1,52634,0.145617,0.931951,-0.0873704,0.320358,30.5867
sunlamp/images/img000399.jpg,sunlamp,3,34565,3,34124,0.249711,0.138728,-0.360694,0.887862,41.6924
sunlamp/images/img000401.jpg,sunlamp,2,27750,2,34616,0.144639,0.318206,0.925691,-0.144639,47.4277
sunlamp/images/img000402.jpg,sunlamp,3,70507,1,47133,-0.026774,0.856767,-0.240966,0.455158,135.52
sunlamp/images/img000404.jpg,sunlamp,3,36472,3,72433,0.17063,0.560642,0.219382,0.780024,34.9112
sunlamp/images/img000407.jpg,sunlamp,2,43754,2,34663,0.0842816,0.421408,0.899004,-0.0842816,95.3993
sunlamp/images/img000409.jpg,sunlamp,1,74300,1,72434,0.124573,0.797264,0.523205,0.27406,41.2907
sunlamp/images/img000411.jpg,sunlamp,3,30140,1,42275,-0.605095,0.774521,-0.0726113,0.169426,172.111
sunlamp/images/img000412.jpg,sunlamp,1,42715,1,42351,-0.456468,0.859235,-0.187958,0.134255,17.6025
sunlamp/images/img000419.jpg,sunlamp,1,01260,2,07634,-0.320358,-0.0873704,0.931951,-0.145617,153.454
sunlamp/images/img000423.jpg,sunlamp,3,62353,2,07036,-0.294514,-0.240966,0.856767,-0.348062,158.061
sunlamp/images/img000425.jpg,sunlamp,1,72026,1,27341,-0.118015,0.755297,0.590076,-0.259633,42.5753
sunlamp/images/img000426.jpg,sunlamp,3,03756,2,34263,0.0807866,0.403933,0.861723,-0.296217,87.6877
sunlamp/images/img000429.jpg,sunlamp,3,63030,1,42523,-0.520626,0.793334,-0.223125,0.223125,85.7035
sunlamp/images/img000432.jpg,sunlamp,1,34161,2,34523,0.312002,0.198547,0.907642,-0.198547,123.623
sunlamp/images/img000436.jpg,sunlamp,1,21524,2,43260,-0.418772,-0.0837545,0.893381,0.139591,175.332
sunlamp/images/img000439.jpg,sunlamp,0,43526,1,41633,-0.23434,0.833209,-0.442642,0.23434,160.082
sunlamp/images/img000440.jpg,sunlamp,0,15271,1,34624,0.0286417,0.916533,0.372342,-0.143208,135.764
sunlamp/images/img000442.jpg,sunlamp,2,17106,1,41522,-0.165963,0.758686,-0.592723,0.21338,71.6655
sunlamp/images/img000443.jpg,sunlamp,2,05772,1,47133,-0.026774,0.856767,-0.240966,0.455158,101.683
sunlamp/images/img000449.jpg,sunlamp,0,46102,1,27431,-0.225352,0.801253,0.525822,-0.175274,76.6267
sunlamp/images/img000451.jpg,sunlamp,1,06633,2,61470,-0.300609,0.136641,0.8745,0.355266,154.498
sunlamp/images/img000452.jpg,sunlamp,2,27735,1,41376,-0.0810219,0.864234,-0.459124,0.189051,153.772
sunlamp/images/img000458.jpg,sunlamp,0,06331,2,42333,-0.468798,-0.0275764,0.882444,0.0275764,128.914
sunlamp/images/img000461.jpg,sunlamp,3,73103,2,42333,-0.468798,-0.0275764,0.882444,0.0275764,149.908
sunlamp/images/img000464.jpg,sunlamp,0,52630,2,43430,-0.299715,-0.299715,0.871899,0.245222,140.647
sunlamp/images/img000466.jpg,sunlamp,2,40331,1,27221,-0.273518,0.673274,0.610155,-0.315597,149.565
sunlamp/images/img000478.jpg,sunlamp,0,25511,1,42533,-0.442642,0.833209,-0.23434,0.23434,119.9
sunlamp/images/img000479.jpg,sunlamp,0,55374,2,34564,0.267615,0.148675,0.951522,-0.0297351,167.905
sunlamp/images/img000485.jpg,sunlamp,2,41206,1,72433,0.17063,0.780024,0.560642,0.219382,178.835
sunlamp/images/img000490.jpg,sunlamp,2,43756,2,34564,0.267615,0.148675,0.951522,-0.0297351,74.776
sunlamp/images/img000492.jpg,sunlamp,2,43603,1,41373,-0.0273281,0.8745,-0.464578,0.136641,118.756
sunlamp/images/img000497.jpg,sunlamp,0,70460,1,43077,-0.2561,0.910577,-0.2561,0.199189,162.568
sunlamp/images/img000499.jpg,sunlamp,0,63213,1,47232,-0.29038,0.844742,-0.0263982,0.448769,131.207
sunlamp/images/img000500.jpg,sunlamp,1,63533,1,27435,-0.227067,0.80735,0.529823,-0.126148,45.575
sunlamp/images/img000514.jpg,sunlamp,1,42521,1,27432,-0.265003,0.770916,0.554096,-0.168638,111.666
sunlamp/images/img000516.jpg,sunlamp,1,70354,1,25677,-0.246691,0.877124,0.411152,-0.0274101,75.7591
sunlamp/images/img000517.jpg,sunlamp,3,56204,2,42333,-0.468798,-0.0275764,0.882444,0.0275764,125.169
sunlamp/images/img000518.jpg,sunlamp,3,46131,1,72465,0.0727821,0.776342,0.509475,0.36391,152.425
sunlamp/images/img000519.jpg,sunlamp,0,56431,1,74033,0.186352,0.851896,0.186352,0.45257,117.392
sunlamp/images/img000522.jpg,sunlamp,2,17626,1,71433,0.560642,0.780024,0.17063,0.219382,138.69
sunlamp/images/img000526.jpg,sunlamp,0,43566,1,27432,-0.265003,0.770916,0.554096,-0.168638,108.671
sunlamp/images/img000532.jpg,sunlamp,3,35533,2,43261,-0.371126,-0.0856444,0.91354,0.142741,144.658
sunlamp/images/img000538.jpg,sunlamp,2,16523,1,34673,0.193624,0.88514,0.41491,-0.0829819,155.282
sunlamp/images/img000540.jpg,sunlamp,3,25104,2,43333,-0.0312043,-0.0312043,0.998538,0.0312043,141.188
sunlamp/images/img000541.jpg,sunlamp,1,42407,1,27432,-0.265003,0.770916,0.554096,-0.168638,120.761
sunlamp/images/img000545.jpg,sunlamp,1,63443,1,52205,0.0908257,0.968808,-0.211927,0.0908257,99.7208
sunlamp/images/img000547.jpg,sunlamp,2,71605,1,41362,-0.187958,0.859235,-0.456468,0.134255,152.913
sunlamp/images/img000550.jpg,sunlamp,1,54127,1,05662,-0.38137,0.813589,-0.432219,-0.0762739,96.0519
sunlamp/images/img000551.jpg,sunlamp,3,06260,1,41333,-0.0275764,0.882444,-0.468798,0.0275764,170.913
sunlamp/images/img000553.jpg,sunlamp,3,07113,1,47113,-0.0259675,0.830959,-0.337577,0.441447,153.478
sunlamp/images/img000554.jpg,sunlamp,3,21655,2,43333,-0.0312043,-0.0312043,0.998538,0.0312043,133.563
sunlamp/images/img000557.jpg,sunlamp,3,70315,1,34032,0.137464,0.879772,0.19245,-0.412393,172.595
sunlamp/images/img000559.jpg,sunlamp,3,00713,1,74433,0.167476,0.765603,0.167476,0.598127,172.353
sunlamp/images/img000561.jpg,sunlamp,2,55462,1,41637,-0.231226,0.822136,-0.43676,0.282609,110.365
sunlamp/images/img000563.jpg,sunlamp,0,25114,3,72003,0.0803219,0.508706,0.026774,0.856767,145.996
sunlamp/images/img000571.jpg,sunlamp,3,42127,1,47133,-0.026774,0.856767,-0.240966,0.455158,161.101
sunlamp/images/img000573.jpg,sunlamp,3,43776,2,36567,0.268773,0.561979,0.781884,-0.0244339,150.136
sunlamp/images/img000576.jpg,sunlamp,2,07731,2,36567,0.268773,0.561979,0.781884,-0.0244339,91.1484
sunlamp/images/img000579.jpg,sunlamp,3,41574,1,72463,0.0721062,0.769133,0.552814,0.31246,175.732
sunlamp/images/img000581.jpg,sunlamp,2,43762,2,41237,-0.240278,-0.453858,0.854321,0.0800926,63.6204
sunlamp/images/img000582.jpg,sunlamp,0,65127,1,43334,-0.092538,0.987072,-0.092538,0.092538,157.652
sunlamp/images/img000583.jpg,sunlamp,1,40356,1,34077,0.20182,0.922608,0.20182,-0.259483,125.118
sunlamp/images/img000584.jpg,sunlamp,1,50002,1,41367,-0.134255,0.859235,-0.456468,0.187958,39.8935
sunlamp/images/img000586.jpg,sunlamp,1,15066,1,01173,-0.0205023,0.656074,-0.512558,-0.553562,61.3727
sunlamp/images/img000587.jpg,sunlamp,0,71770,1,43511,-0.0274101,0.877124,-0.411152,0.246691,121.187
sunlamp/images/img000598.jpg,sunlamp,0,60464,2,42331,-0.467379,-0.0824786,0.879772,0.0274929,161.323
sunlamp/images/img000599.jpg,sunlamp,2,50251,1,34671,0.197911,0.904735,0.367549,-0.0848189,158.429
sunlamp/images/img000601.jpg,sunlamp,2,25525,1,71240,0.451292,0.849491,0.238919,0.132733,150.395
sunlamp/images/img000602.jpg,sunlamp,2,64544,2,43333,-0.0312043,-0.0312043,0.998538,0.0312043,96.1839
sunlamp/images/img000606.jpg,sunlamp,1,47355,1,72433,0.17063,0.780024,0.560642,0.219382,100.769
sunlamp/images/img000608.jpg,sunlamp,2,04266,1,42331,-0.467379,0.879772,-0.0824786,0.0274929,174.045
sunlamp/images/img000611.jpg,sunlamp,1,32346,1,42331,-0.467379,0.879772,-0.0824786,0.0274929,130.255
sunlamp/images/img000613.jpg,sunlamp,0,07420,2,42333,-0.468798,-0.0275764,0.882444,0.0275764,101.711
sunlamp/images/img000616.jpg,sunlamp,0,47652,1,72465,0.0727821,0.776342,0.509475,0.36391,173.591
sunlamp/images/img000620.jpg,sunlamp,1,13576,1,42373,-0.464578,0.8745,-0.0273281,0.136641,149.091
sunlamp/images/img000633.jpg,sunlamp,0,21610,1,72465,0.0727821,0.776342,0.509475,0.36391,151.677
sunlamp/images/img000647.jpg,sunlamp,2,34532,1,72433,0.17063,0.780024,0.560642,0.219382,95.3077
sunlamp/images/img000648.jpg,sunlamp,1,27056,1,27541,-0.136234,0.871899,0.463196,-0.0817405,24.8981
sunlamp/images/img000654.jpg,sunlamp,3,14753,1,72433,0.17063,0.780024,0.560642,0.219382,155.695
sunlamp/images/img000662.jpg,sunlamp,1,36624,1,27621,-0.284839,0.701141,0.635409,-0.153375,34.4671
sunlamp/images/img000668.jpg,sunlamp,2,23772,1,41733,-0.026774,0.856767,-0.455158,0.240966,161.021
sunlamp/images/img000682.jpg,sunlamp,2,70631,2,43510,-0.0819844,-0.409922,0.8745,0.245953,97.88
sunlamp/images/img000690.jpg,sunlamp,2,27164,2,36464,0.0261087,0.548282,0.835478,-0.0261087,33.1097
sunlamp/images/img000691.jpg,sunlamp,3,30165,2,43233,-0.270501,-0.0300557,0.961781,0.0300557,103.051
sunlamp/images/img000692.jpg,sunlamp,2,15360,1,72433,0.17063,0.780024,0.560642,0.219382,166.649
sunlamp/images/img000694.jpg,sunlamp,0,16310,1,47035,-0.22592,0.80327,-0.276124,0.476942,174.603
sunlamp/images/img000695.jpg,sunlamp,1,25170,2,16264,0.0299476,-0.0898429,0.958324,-0.269529,165.896
sunlamp/images/img000696.jpg,sunlamp,0,41132,1,47373,-0.0261087,0.835478,-0.0261087,0.548282,176.367
sunlamp/images/img000699.jpg,sunlamp,0,33262,2,14661,0.0800926,-0.507253,0.854321,-0.0800926,132.592
sunlamp/images/img000700.jpg,sunlamp,3,17640,1,41733,-0.026774,0.856767,-0.455158,0.240966,174.114
sunlamp/images/img000701.jpg,sunlamp,3,72137,1,43334,-0.092538,0.987072,-0.092538,0.092538,111.547
sunlamp/images/img000702.jpg,sunlamp,2,42367,1,27431,-0.225352,0.801253,0.525822,-0.175274,118.625
sunlamp/images/img000708.jpg,sunlamp,1,32422,1,42331,-0.467379,0.879772,-0.0824786,0.0274929,111.906
sunlamp/images/img000709.jpg,sunlamp,3,25673,1,47534,-0.0691347,0.737437,-0.253494,0.622212,53.8205
sunlamp/images/img000711.jpg,sunlamp,2,32043,1,34562,0.263908,0.93834,0.205262,-0.0879694,106.723
sunlamp/images/img000712.jpg,sunlamp,1,16344,1,72433,0.17063,0.780024,0.560642,0.219382,105.215
sunlamp/images/img000715.jpg,sunlamp,3,52510,2,43233,-0.270501,-0.0300557,0.961781,0.0300557,163.264
sunlamp/images/img000716.jpg,sunlamp,3,25425,1,47131,-0.0263982,0.844742,-0.29038,0.448769,111.738
sunlamp/images/img000719.jpg,sunlamp,3,61102,1,47133,-0.026774,0.856767,-0.240966,0.455158,119.903
sunlamp/images/img000721.jpg,sunlamp,3,20453,1,47133,-0.026774,0.856767,-0.240966,0.455158,118.669
sunlamp/images/img000722.jpg,sunlamp,3,23101,1,41437,-0.209189,0.743784,-0.581081,0.255676,67.6866
sunlamp/images/img000723.jpg,sunlamp,2,07525,1,27561,-0.129142,0.826512,0.542398,-0.0774855,151.067
sunlamp/images/img000727.jpg,sunlamp,1,56221,1,42311,-0.46047,0.866766,-0.189605,0.0270864,78.6643
sunlamp/images/img000731.jpg,sunlamp,0,50673,1,47133,-0.026774,0.856767,-0.240966,0.455158,135.756
sunlamp/images/img000735.jpg,sunlamp,0,66060,1,52630,0.148152,0.948174,-0.0888913,0.266674,132.551
sunlamp/images/img000738.jpg,sunlamp,1,13171,1,42563,-0.507093,0.772712,-0.217325,0.313914,171.997
sunlamp/images/img000741.jpg,sunlamp,3,24734,1,42535,-0.431106,0.811493,-0.278951,0.278951,83.9428
sunlamp/images/img000742.jpg,sunlamp,2,13062,1,47433,-0.211487,0.751953,-0.211487,0.587463,90.0957
sunlamp/images/img000746.jpg,sunlamp,3,07753,1,47533,-0.0240354,0.769133,-0.216319,0.600885,123.853
sunlamp/images/img000749.jpg,sunlamp,2,73267,2,42333,-0.468798,-0.0275764,0.882444,0.0275764,133.6
sunlamp/images/img000756.jpg,sunlamp,3,04232,2,37060,0.392598,0.484974,0.739008,-0.254034,74.3631
sunlamp/images/img000758.jpg,sunlamp,1,30447,1,34070,0.144639,0.925691,0.144639,-0.318206,20.4326
sunlamp/images/img000761.jpg,sunlamp,2,57421,1,42331,-0.467379,0.879772,-0.0824786,0.0274929,126.085
sunlamp/images/img000762.jpg,sunlamp,2,30706,1,52632,0.148675,0.951522,-0.0297351,0.267615,167.717
sunlamp/images/img000764.jpg,sunlamp,0,24713,3,41235,-0.23434,-0.494718,0.0781133,0.833209,168.552
sunlamp/images/img000771.jpg,sunlamp,2,72611,1,34424,0.0304997,0.975991,0.152499,-0.152499,96.1975
sunlamp/images/img000772.jpg,sunlamp,1,52226,1,71067,0.493382,0.830959,0.181772,0.181772,63.6413
sunlamp/images/img000777.jpg,sunlamp,1,60246,2,03467,-0.328824,-0.227648,0.809414,-0.430001,160.618
sunlamp/images/img000784.jpg,sunlamp,1,43572,1,34763,0.296217,0.861723,0.403933,-0.0807866,105.258
sunlamp/images/img000785.jpg,sunlamp,2,07751,1,56166,0.217325,0.772712,-0.217325,0.555387,127.772
sunlamp/images/img000787.jpg,sunlamp,3,35617,2,31060,0.37392,0.109976,0.703849,-0.593873,141.777
sunlamp/images/img000795.jpg,sunlamp,1,74357,1,42371,-0.463196,0.871899,-0.0817405,0.136234,117.099
sunlamp/images/img000804.jpg,sunlamp,1,02054,2,34037,0.194821,0.194821,0.890609,-0.36181,172.206
sunlamp/images/img000805.jpg,sunlamp,0,34716,1,74033,0.186352,0.851896,0.186352,0.45257,126.557
sunlamp/images/img000807.jpg,sunlamp,0,17154,1,07432,-0.308062,0.896179,-0.25205,-0.196039,124.569
sunlamp/images/img000808.jpg,sunlamp,1,25265,1,34633,0.190728,0.871899,0.408703,-0.190728,59.737
sunlamp/images/img000809.jpg,sunlamp,2,17135,1,72431,0.175274,0.801253,0.525822,0.225352,152.562
sunlamp/images/img000810.jpg,sunlamp,2,72360,2,74013,0.189051,0.0810219,0.864234,0.459124,79.455
sunlamp/images/img000812.jpg,sunlamp,3,14152,1,42673,-0.58617,0.750298,-0.0234468,0.304808,129.481
sunlamp/images/img000822.jpg,sunlamp,2,07524,1,52052,0.141819,0.907642,-0.368729,0.141819,95.2884
sunlamp/images/img000825.jpg,sunlamp,2,62443,2,43261,-0.371126,-0.0856444,0.91354,0.142741,69.811
sunlamp/images/img000829.jpg,sunlamp,3,71400,3,43323,-0.15423,-0.030846,0.030846,0.987072,74.7737
sunlamp/images/img000830.jpg,sunlamp,1,63302,1,36067,0.0740121,0.789462,0.567426,-0.222036,42.7006
sunlamp/images/img000831.jpg,sunlamp,2,50213,1,41337,-0.0274929,0.879772,-0.467379,0.0824786,61.1839
sunlamp/images/img000832.jpg,sunlamp,1,34425,2,36464,0.0261087,0.548282,0.835478,-0.0261087,96.9684
sunlamp/images/img000834.jpg,sunlamp,3,43552,2,42331,-0.467379,-0.0824786,0.879772,0.0274929,135.09
sunlamp/images/img000837.jpg,sunlamp,0,27553,3,72023,0.0758825,0.581766,0.0252942,0.809414,178.574
sunlamp/images/img000843.jpg,sunlamp,2,54516,2,34661,0.0862083,0.373569,0.919555,-0.0862083,140.852
sunlamp/images/img000844.jpg,sunlamp,2,16563,1,34761,0.302422,0.879772,0.357407,-0.0824786,156.663
sunlamp/images/img000847.jpg,sunlamp,2,40037,1,74123,0.285642,0.830959,0.181772,0.441447,129.873
sunlamp/images/img000854.jpg,sunlamp,0,16627,1,47334,-0.0800926,0.854321,-0.0800926,0.507253,167.893
sunlamp/images/img000855.jpg,sunlamp,2,25023,1,42533,-0.442642,0.833209,-0.23434,0.23434,178.951
sunlamp/images/img000856.jpg,sunlamp,0,50151,1,72434,0.124573,0.797264,0.523205,0.27406,179.871
sunlamp/images/img000857.jpg,sunlamp,3,60753,1,42535,-0.431106,0.811493,-0.278951,0.278951,116.397
sunlamp/images/img000858.jpg,sunlamp,2,12324,2,34631,0.194821,0.36181,0.890609,-0.194821,73.6051
sunlamp/images/img000860.jpg,sunlamp,0,32151,2,34361,0.29038,0.343176,0.844742,-0.29038,78.0518
sunlamp/images/img000864.jpg,sunlamp,1,43763,1,47373,-0.0261087,0.835478,-0.0261087,0.548282,26.9981
sunlamp/images/img000866.jpg,sunlamp,0,57220,1,42531,-0.43676,0.822136,-0.282609,0.231226,167.831
sunlamp/images/img000871.jpg,sunlamp,0,40727,1,41332,-0.0824786,0.879772,-0.467379,0.0274929,143.754
sunlamp/images/img000872.jpg,sunlamp,1,13034,1,42563,-0.507093,0.772712,-0.217325,0.313914,162.257
sunlamp/images/img000873.jpg,sunlamp,1,34433,1,21774,-0.0776931,0.828726,0.33667,-0.440261,46.5477
sunlamp/images/img000874.jpg,sunlamp,1,10742,2,43261,-0.371126,-0.0856444,0.91354,0.142741,99.0694
sunlamp/images/img000875.jpg,sunlamp,2,15167,1,42373,-0.464578,0.8745,-0.0273281,0.136641,84.7561
sunlamp/images/img000876.jpg,sunlamp,1,25672,1,27516,-0.0796398,0.849491,0.504385,-0.132733,27.6181
sunlamp/images/img000879.jpg,sunlamp,0,32675,1,21741,-0.129488,0.828726,0.233079,-0.492056,136.952
sunlamp/images/img000880.jpg,sunlamp,2,34524,1,72425,0.0751175,0.801253,0.525822,0.275431,106.7
sunlamp/images/img000881.jpg,sunlamp,2,51040,1,34525,0.318206,0.925691,0.144639,-0.144639,132.615
sunlamp/images/img000883.jpg,sunlamp,0,53474,2,42331,-0.467379,-0.0824786,0.879772,0.0274929,105.056
sunlamp/images/img000884.jpg,sunlamp,3,71052,1,47133,-0.026774,0.856767,-0.240966,0.455158,133.967
sunlamp/images/img000886.jpg,sunlamp,2,50312,1,27571,-0.0260378,0.833209,0.546793,-0.0781133,177.153
sunlamp/images/img000888.jpg,sunlamp,0,66506,1,74123,0.285642,0.830959,0.181772,0.441447,166.981
sunlamp/images/img000889.jpg,sunlamp,1,16551,1,56633,0.169825,0.776342,-0.0242607,0.606517,92.5919
sunlamp/images/img000891.jpg,sunlamp,2,57205,2,34542,0.268567,0.0895223,0.954905,-0.0895223,77.4639
sunlamp/images/img000892.jpg,sunlamp,1,25501,2,43261,-0.371126,-0.0856444,0.91354,0.142741,176.421
sunlamp/images/img000895.jpg,sunlamp,0,65445,1,47123,-0.132733,0.849491,-0.238919,0.451292,175.983
sunlamp/images/img000898.jpg,sunlamp,0,05427,1,41334,-0.0800926,0.854321,-0.507253,0.0800926,179.251
sunlamp/images/img000899.jpg,sunlamp,2,17423,1,42533,-0.442642,0.833209,-0.23434,0.23434,101.072
sunlamp/images/img000910.jpg,sunlamp,0,43020,2,43434,-0.295362,-0.295362,0.859235,0.295362,131.863
sunlamp/images/img000915.jpg,sunlamp,1,42273,1,34037,0.194821,0.890609,0.194821,-0.36181,114.524
sunlamp/images/img000920.jpg,sunlamp,2,01675,2,34564,0.267615,0.148675,0.951522,-0.0297351,104.929
sunlamp/images/img000921.jpg,sunlamp,2,56132,1,34063,0.0864945,0.922608,0.20182,-0.317146,162.878
sunlamp/images/img000924.jpg,sunlamp,0,16563,1,41337,-0.0274929,0.879772,-0.467379,0.0824786,136.755
sunlamp/images/img000926.jpg,sunlamp,2,61136,1,43334,-0.092538,0.987072,-0.092538,0.092538,166.916
sunlamp/images/img000928.jpg,sunlamp,0,44633,1,72433,0.17063,0.780024,0.560642,0.219382,137.003
sunlamp/images/img000935.jpg,sunlamp,3,25357,2,43433,-0.252845,-0.252845,0.899004,0.252845,173.571
sunlamp/images/img000939.jpg,sunlamp,1,52020,1,47133,-0.026774,0.856767,-0.240966,0.455158,51.5848
sunlamp/images/img000940.jpg,sunlamp,0,02165,1,72163,0.266868,0.776342,0.557996,0.121303,138.715
sunlamp/images/img000941.jpg,sunlamp,3,25531,2,43233,-0.270501,-0.0300557,0.961781,0.0300557,159.31
sunlamp/images/img000945.jpg,sunlamp,3,24310,3,43233,-0.270501,-0.0300557,0.0300557,0.961781,63.0358
sunlamp/images/img000948.jpg,sunlamp,1,01346,2,43623,-0.364073,-0.0280056,0.896179,0.25205,121.037
sunlamp/images/img000957.jpg,sunlamp,2,42213,1,72465,0.0727821,0.776342,0.509475,0.36391,149.375
sunlamp/images/img000959.jpg,sunlamp,0,70074,2,27460,-0.36391,0.509475,0.776342,-0.0727821,157.772
sunlamp/images/img000963.jpg,sunlamp,0,65112,1,47133,-0.026774,0.856767,-0.240966,0.455158,171.912
sunlamp/images/img000965.jpg,sunlamp,2,53240,2,34635,0.196657,0.36522,0.899004,-0.140469,81.5984
sunlamp/images/img000966.jpg,sunlamp,2,10653,1,41332,-0.0824786,0.879772,-0.467379,0.0274929,72.9714
sunlamp/images/img000967.jpg,sunlamp,2,52363,1,74023,0.0810219,0.864234,0.189051,0.459124,148.283
sunlamp/images/img000968.jpg,sunlamp,1,03123,1,27521,-0.127453,0.8157,0.535303,-0.178434,107.476
sunlamp/images/img000969.jpg,sunlamp,0,61510,3,43237,-0.269529,-0.0299476,0.0898429,0.958324,177.567
sunlamp/images/img000970.jpg,sunlamp,1,76620,1,54216,0.116216,0.743784,-0.488108,0.441622,128.789
sunlamp/images/img000971.jpg,sunlamp,0,61607,2,43231,-0.269529,-0.0898429,0.958324,0.0299476,171.704
sunlamp/images/img000973.jpg,sunlamp,3,61117,1,42527,-0.514341,0.783758,-0.220432,0.269417,140.098
sunlamp/images/img000974.jpg,sunlamp,0,62776,1,42335,-0.465972,0.877124,-0.0822304,0.0822304,99.1998
sunlamp/images/img000977.jpg,sunlamp,1,16605,1,16462,0.0299476,0.958324,-0.269529,-0.0898429,15.0526
sunlamp/images/img000985.jpg,sunlamp,3,71201,1,34032,0.137464,0.879772,0.19245,-0.412393,172.501
sunlamp/images/img000986.jpg,sunlamp,0,03670,2,42333,-0.468798,-0.0275764,0.882444,0.0275764,127.711
sunlamp/images/img000987.jpg,sunlamp,0,73154,2,41164,-0.162703,-0.627568,0.743784,0.162703,156.256
sunlamp/images/img000988.jpg,sunlamp,3,06332,2,43333,-0.0312043,-0.0312043,0.998538,0.0312043,142.49
sunlamp/images/img000998.jpg,sunlamp,2,65310,1,72433,0.17063,0.780024,0.560642,0.219382,80.9145
sunlamp/images/img001009.jpg,sunlamp,0,34611,1,42371,-0.463196,0.871899,-0.0817405,0.136234,145.537
sunlamp/images/img001010.jpg,sunlamp,3,52246,2,42331,-0.467379,-0.0824786,0.879772,0.0274929,154.665
sunlamp/images/img001011.jpg,sunlamp,0,43654,1,27435,-0.227067,0.80735,0.529823,-0.126148,108.285
sunlamp/images/img001017.jpg,sunlamp,3,12160,2,03462,-0.36477,-0.218862,0.778177,-0.462042,68.2025
sunlamp/images/img001019.jpg,sunlamp,0,50247,1,47102,-0.1789,0.817829,-0.332243,0.434472,158.86
sunlamp/images/img001022.jpg,sunlamp,2,52165,2,07632,-0.318206,-0.0289278,0.925691,-0.202495,93.2792
sunlamp/images/img001027.jpg,sunlamp,1,34750,1,34566,0.26482,0.941584,0.205971,-0.0294245,14.8618
sunlamp/images/img001031.jpg,sunlamp,0,43637,2,17062,0.43676,-0.231226,0.822136,-0.282609,139.002
sunlamp/images/img001032.jpg,sunlamp,0,34407,1,47323,-0.136641,0.8745,-0.0273281,0.464578,165.547
sunlamp/images/img001039.jpg,sunlamp,1,17775,1,72423,0.0740121,0.789462,0.567426,0.222036,109.036
sunlamp/images/img001040.jpg,sunlamp,1,25540,2,43313,-0.030846,-0.15423,0.987072,0.030846,165.033
sunlamp/images/img001041.jpg,sunlamp,0,61236,3,43323,-0.15423,-0.030846,0.030846,0.987072,178.368
sunlamp/images/img001045.jpg,sunlamp,2,25326,1,52066,0.0294245,0.941584,-0.26482,0.205971,172.542
sunlamp/images/img001048.jpg,sunlamp,2,03705,2,07627,-0.372342,-0.0286417,0.916533,-0.143208,57.305
sunlamp/images/img001049.jpg,sunlamp,2,46515,1,27031,-0.213862,0.760398,0.499011,-0.356436,176.784
sunlamp/images/img001051.jpg,sunlamp,1,07063,1,74433,0.167476,0.765603,0.167476,0.598127,137.805
sunlamp/images/img001052.jpg,sunlamp,3,53313,2,43223,-0.376062,-0.0289278,0.925691,0.0289278,152.769
sunlamp/images/img001053.jpg,sunlamp,0,70314,2,43633,-0.261226,-0.0290252,0.928805,0.261226,179.71
sunlamp/images/img001056.jpg,sunlamp,1,65670,1,21746,-0.181772,0.830959,0.285642,-0.441447,128.975
sunlamp/images/img001060.jpg,sunlamp,2,05752,1,52622,0.0300557,0.961781,-0.0300557,0.270501,111.123
sunlamp/images/img001067.jpg,sunlamp,1,61020,2,37060,0.392598,0.484974,0.739008,-0.254034,137.863
sunlamp/images/img001069.jpg,sunlamp,0,71133,2,71060,0.46047,0.135432,0.866766,0.135432,112.022
sunlamp/images/img001073.jpg,sunlamp,1,40353,2,34564,0.267615,0.148675,0.951522,-0.0297351,123.3
sunlamp/images/img001075.jpg,sunlamp,1,36252,1,42375,-0.459124,0.864234,-0.0810219,0.189051,120.121
sunlamp/images/img001076.jpg,sunlamp,2,43277,2,16637,0.211154,-0.0301648,0.965275,-0.150824,67.3516
sunlamp/images/img001079.jpg,sunlamp,3,50367,1,42535,-0.431106,0.811493,-0.278951,0.278951,146.234
sunlamp/images/img001080.jpg,sunlamp,0,07564,3,41237,-0.240278,-0.453858,0.0800926,0.854321,158.061
sunlamp/images/img001082.jpg,sunlamp,1,25547,2,34261,0.0824786,0.357407,0.879772,-0.302422,130.586
sunlamp/images/img001083.jpg,sunlamp,0,53401,2,34563,0.317146,0.20182,0.922608,-0.0864945,179.554
sunlamp/images/img001087.jpg,sunlamp,1,43147,1,42733,-0.455158,0.856767,-0.026774,0.240966,56.1819
sunlamp/images/img001095.jpg,sunlamp,3,23775,1,42373,-0.464578,0.8745,-0.0273281,0.136641,97.2755
sunlamp/images/img001096.jpg,sunlamp,1,43663,1,74033,0.186352,0.851896,0.186352,0.45257,66.1846
sunlamp/images/img001097.jpg,sunlamp,2,53027,2,43332,-0.0932505,-0.0310835,0.994672,0.0310835,75.6793
sunlamp/images/img001100.jpg,sunlamp,2,60607,1,07065,-0.348062,0.856767,-0.294514,-0.240966,159.288
sunlamp/images/img001108.jpg,sunlamp,1,22743,2,42231,-0.613786,-0.0736543,0.785646,0.0245514,105.598
sunlamp/images/img001111.jpg,sunlamp,1,32410,1,21741,-0.129488,0.828726,0.233079,-0.492056,34.3415
sunlamp/images/img001113.jpg,sunlamp,2,21540,1,21747,-0.130901,0.837765,0.287982,-0.445063,117.615
sunlamp/images/img001118.jpg,sunlamp,1,71220,1,56166,0.217325,0.772712,-0.217325,0.555387,94.5533
sunlamp/images/img001120.jpg,sunlamp,2,53503,1,34052,0.145617,0.931951,0.0873704,-0.320358,158.407
sunlamp/images/img001122.jpg,sunlamp,0,25653,2,43330,-0.0928922,-0.0928922,0.99085,0.0309641,151.268
sunlamp/images/img001124.jpg,sunlamp,3,34767,1,47233,-0.240966,0.856767,-0.026774,0.455158,96.0737
sunlamp/images/img001134.jpg,sunlamp,0,31620,1,34516,0.371126,0.91354,0.0856444,-0.142741,88.11
sunlamp/images/img001135.jpg,sunlamp,2,71450,2,34024,0.0286417,0.143208,0.916533,-0.372342,103.986
sunlamp/images/img001137.jpg,sunlamp,0,66044,2,14367,0.282609,-0.43676,0.822136,-0.231226,107.959
sunlamp/images/img001138.jpg,sunlamp,3,41750,1,42733,-0.455158,0.856767,-0.026774,0.240966,148.106
sunlamp/images/img001139.jpg,sunlamp,3,74176,1,34032,0.137464,0.879772,0.19245,-0.412393,175.47
sunlamp/images/img001144.jpg,sunlamp,2,72262,2,36664,0.0231434,0.67116,0.74059,-0.0231434,16.6155
sunlamp/images/img001145.jpg,sunlamp,0,41462,1,42371,-0.463196,0.871899,-0.0817405,0.136234,113.621
sunlamp/images/img001151.jpg,sunlamp,1,65017,1,74123,0.285642,0.830959,0.181772,0.441447,58.916
sunlamp/images/img001154.jpg,sunlamp,2,41542,2,42231,-0.613786,-0.0736543,0.785646,0.0245514,91.5422
sunlamp/images/img001155.jpg,sunlamp,3,34470,1,43334,-0.092538,0.987072,-0.092538,0.092538,151.513
sunlamp/images/img001159.jpg,sunlamp,1,25527,1,34611,0.20182,0.922608,0.259483,-0.20182,41.5331
sunlamp/images/img001160.jpg,sunlamp,1,22432,1,72433,0.17063,0.780024,0.560642,0.219382,115.978
sunlamp/images/img001164.jpg,sunlamp,0,45732,3,43233,-0.270501,-0.0300557,0.0300557,0.961781,140.937
sunlamp/images/img001166.jpg,sunlamp,3,50706,1,27435,-0.227067,0.80735,0.529823,-0.126148,131.643
sunlamp/images/img001170.jpg,sunlamp,0,16274,1,47133,-0.026774,0.856767,-0.240966,0.455158,178.125
sunlamp/images/img001171.jpg,sunlamp,0,62675,1,52635,0.20182,0.922608,-0.0864945,0.317146,148.424
sunlamp/images/img001172.jpg,sunlamp,0,76404,1,42373,-0.464578,0.8745,-0.0273281,0.136641,152.222
sunlamp/images/img001173.jpg,sunlamp,3,06111,2,43233,-0.270501,-0.0300557,0.961781,0.0300557,154.897
sunlamp/images/img001180.jpg,sunlamp,3,45314,1,21742,-0.177514,0.811493,0.278951,-0.481824,98.6001
sunlamp/images/img001183.jpg,sunlamp,2,60612,1,56033,0.184274,0.842397,-0.236924,0.447523,179.496
sunlamp/images/img001188.jpg,sunlamp,1,50061,1,52424,0.0280939,0.899004,-0.309033,0.309033,48.3067
sunlamp/images/img001189.jpg,sunlamp,0,57605,2,34563,0.317146,0.20182,0.922608,-0.0864945,168.498
sunlamp/images/img001192.jpg,sunlamp,3,05303,1,42373,-0.464578,0.8745,-0.0273281,0.136641,149.06
sunlamp/images/img001193.jpg,sunlamp,3,16022,1,74233,0.175715,0.80327,0.376533,0.426737,176.163
sunlamp/images/img001194.jpg,sunlamp,3,70410,1,72425,0.0751175,0.801253,0.525822,0.275431,130.901
sunlamp/images/img001195.jpg,sunlamp,1,63407,2,42355,-0.45257,-0.186352,0.851896,0.186352,126.561
sunlamp/images/img001197.jpg,sunlamp,0,61043,2,34031,0.19245,0.137464,0.879772,-0.412393,162.054
sunlamp/images/img001198.jpg,sunlamp,1,42120,2,43233,-0.270501,-0.0300557,0.961781,0.0300557,164.756
sunlamp/images/img001204.jpg,sunlamp,1,34377,1,27031,-0.213862,0.760398,0.499011,-0.356436,71.5611
sunlamp/images/img001207.jpg,sunlamp,1,74127,1,47133,-0.026774,0.856767,-0.240966,0.455158,59.1121
sunlamp/images/img001208.jpg,sunlamp,1,03775,1,27232,-0.227836,0.662794,0.642082,-0.310685,94.6272
sunlamp/images/img001209.jpg,sunlamp,3,35404,2,07134,-0.0824786,-0.302422,0.879772,-0.357407,122.789
sunlamp/images/img001213.jpg,sunlamp,0,23465,1,34564,0.267615,0.951522,0.148675,-0.0297351,178.929
sunlamp/images/img001216.jpg,sunlamp,1,02653,1,41563,-0.116468,0.745396,-0.582341,0.302817,115.952
sunlamp/images/img001218.jpg,sunlamp,1,16337,1,42533,-0.442642,0.833209,-0.23434,0.23434,123.361
sunlamp/images/img001219.jpg,sunlamp,2,20112,2,34564,0.267615,0.148675,0.951522,-0.0297351,111.258
sunlamp/images/img001220.jpg,sunlamp,0,56024,1,42531,-0.43676,0.822136,-0.282609,0.231226,163.812
sunlamp/images/img001223.jpg,sunlamp,1,21746,1,42533,-0.442642,0.833209,-0.23434,0.23434,104.968
sunlamp/images/img001224.jpg,sunlamp,2,37610,2,16633,0.208885,-0.0298408,0.954905,-0.208885,78.0043
sunlamp/images/img001225.jpg,sunlamp,2,70200,1,52052,0.141819,0.907642,-0.368729,0.141819,166.021
sunlamp/images/img001227.jpg,sunlamp,3,34024,2,42333,-0.468798,-0.0275764,0.882444,0.0275764,138.679
sunlamp/images/img001229.jpg,sunlamp,2,52624,2,34063,0.0864945,0.20182,0.922608,-0.317146,84.7002
sunlamp/images/img001230.jpg,sunlamp,0,32017,2,43433,-0.252845,-0.252845,0.899004,0.252845,178.392
sunlamp/images/img001231.jpg,sunlamp,1,43506,2,34624,0.0286417,0.372342,0.916533,-0.143208,176.715
sunlamp/images/img001232.jpg,sunlamp,2,15540,1,34655,0.205971,0.941584,0.26482,-0.0294245,144.58
sunlamp/images/img001233.jpg,sunlamp,2,40556,1,74633,0.159628,0.729727,0.342059,0.570099,168.325
sunlamp/images/img001234.jpg,sunlamp,3,06724,1,34232,0.129142,0.826512,0.387427,-0.387427,122.554
sunlamp/images/img001238.jpg,sunlamp,2,67265,1,34164,0.258625,0.919555,0.143681,-0.258625,130.041
sunlamp/images/img001240.jpg,sunlamp,2,70213,1,47133,-0.026774,0.856767,-0.240966,0.455158,174.407
sunlamp/images/img001241.jpg,sunlamp,0,61354,1,24233,-0.545675,0.698464,0.327405,-0.327405,114.75
sunlamp/images/img001243.jpg,sunlamp,0,50530,1,42331,-0.467379,0.879772,-0.0824786,0.0274929,175.85
sunlamp/images/img001252.jpg,sunlamp,2,61452,1,34573,0.41491,0.88514,0.193624,-0.0829819,171.073
sunlamp/images/img001255.jpg,sunlamp,3,44353,1,27232,-0.227836,0.662794,0.642082,-0.310685,167.538
sunlamp/images/img001262.jpg,sunlamp,2,14177,2,41370,-0.0796398,-0.504385,0.849491,0.132733,64.5596
sunlamp/images/img001264.jpg,sunlamp,1,55064,2,43214,-0.317146,-0.20182,0.922608,0.0864945,90.9763
sunlamp/images/img001267.jpg,sunlamp,3,16756,1,42527,-0.514341,0.783758,-0.220432,0.269417,172.86
sunlamp/images/img001269.jpg,sunlamp,2,73055,1,42523,-0.520626,0.793334,-0.223125,0.223125,168.007
sunlamp/images/img001270.jpg,sunlamp,2,74474,1,52673,0.198547,0.907642,-0.0283638,0.368729,136.437
sunlamp/images/img001274.jpg,sunlamp,3,70032,1,72433,0.17063,0.780024,0.560642,0.219382,131.494
sunlamp/images/img001277.jpg,sunlamp,2,24640,3,27451,-0.240278,0.453858,-0.0800926,0.854321,165.22
sunlamp/images/img001278.jpg,sunlamp,0,20212,1,42731,-0.453858,0.854321,-0.0800926,0.240278,61.2433
sunlamp/images/img001279.jpg,sunlamp,0,05411,2,43522,-0.199189,-0.2561,0.910577,0.2561,84.8493
sunlamp/images/img001284.jpg,sunlamp,2,55436,2,34062,0.0289278,0.202495,0.925691,-0.318206,142.819
sunlamp/images/img001286.jpg,sunlamp,2,65053,2,34656,0.146114,0.321451,0.935129,-0.0292228,85.3695
sunlamp/images/img001287.jpg,sunlamp,1,72142,1,41367,-0.134255,0.859235,-0.456468,0.187958,123.658
sunlamp/images/img001288.jpg,sunlamp,1,66571,1,52651,0.194821,0.890609,-0.194821,0.36181,102.796
sunlamp/images/img001291.jpg,sunlamp,2,27144,1,07541,-0.139591,0.893381,-0.418772,-0.0837545,171.802
sunlamp/images/img001299.jpg,sunlamp,3,04561,1,42373,-0.464578,0.8745,-0.0273281,0.136641,156.706
sunlamp/images/img001300.jpg,sunlamp,0,21734,1,34032,0.137464,0.879772,0.19245,-0.412393,144.114
sunlamp/images/img001301.jpg,sunlamp,0,43514,1,21437,-0.225352,0.801253,0.175274,-0.525822,122.146
sunlamp/images/img001303.jpg,sunlamp,1,32737,1,34674,0.143208,0.916533,0.372342,-0.0286417,64.6314
sunlamp/images/img001307.jpg,sunlamp,1,43707,2,42035,-0.592723,-0.260798,0.758686,0.0711268,150.093
sunlamp/images/img001308.jpg,sunlamp,2,32406,2,17663,0.508706,-0.026774,0.856767,-0.0803219,93.9661
sunlamp/images/img001311.jpg,sunlamp,0,27441,2,41333,-0.0275764,-0.468798,0.882444,0.0275764,117.464
sunlamp/images/img001313.jpg,sunlamp,2,70771,1,74133,0.376533,0.80327,0.175715,0.426737,92.417
sunlamp/images/img001316.jpg,sunlamp,3,30474,1,52460,0.0275764,0.882444,-0.30334,0.358493,110.862
sunlamp/images/img001318.jpg,sunlamp,1,70112,2,34366,0.239596,0.399326,0.851896,-0.239596,117.587
sunlamp/images/img001321.jpg,sunlamp,3,05512,2,32464,0.0238705,0.50128,0.763856,-0.405798,84.634
sunlamp/images/img001322.jpg,sunlamp,2,06277,1,34073,0.198547,0.907642,0.198547,-0.312002,171.99
sunlamp/images/img001323.jpg,sunlamp,2,31156,1,42735,-0.447523,0.842397,-0.0789747,0.289574,131.142
sunlamp/images/img001324.jpg,sunlamp,1,27413,1,25572,-0.0908257,0.968808,0.211927,-0.0908257,38.8151
sunlamp/images/img001326.jpg,sunlamp,1,07205,2,34631,0.194821,0.36181,0.890609,-0.194821,164.542
sunlamp/images/img001327.jpg,sunlamp,1,43506,1,47332,-0.0824786,0.879772,-0.0274929,0.467379,44.2915
sunlamp/images/img001329.jpg,sunlamp,1,05614,2,34631,0.194821,0.36181,0.890609,-0.194821,152.816
sunlamp/images/img001330.jpg,sunlamp,3,53230,3,43277,-0.26482,-0.0294245,0.205971,0.941584,98.2812
sunlamp/images/img001331.jpg,sunlamp,3,43554,1,42535,-0.431106,0.811493,-0.278951,0.278951,161.377
sunlamp/images/img001336.jpg,sunlamp,1,74072,1,72463,0.0721062,0.769133,0.552814,0.31246,50.6234
sunlamp/images/img001338.jpg,sunlamp,1,27354,1,52252,0.150824,0.965275,-0.150824,0.150824,104.422
sunlamp/images/img001340.jpg,sunlamp,1,70123,1,07470,-0.308062,0.896179,-0.308062,-0.0840168,100.009
sunlamp/images/img001343.jpg,sunlamp,3,52517,2,16054,0.135831,-0.407494,0.869321,-0.244497,150.869
sunlamp/images/img001344.jpg,sunlamp,3,53060,2,43233,-0.270501,-0.0300557,0.961781,0.0300557,172.983
sunlamp/images/img001349.jpg,sunlamp,2,61710,1,52243,0.0911606,0.972379,-0.151934,0.151934,163.65
sunlamp/images/img001354.jpg,sunlamp,0,67313,2,43535,-0.0280939,-0.309033,0.899004,0.309033,100.083
sunlamp/images/img001355.jpg,sunlamp,1,01606,2,34034,0.141819,0.141819,0.907642,-0.368729,155.355
sunlamp/images/img001361.jpg,sunlamp,0,53403,1,52413,0.19245,0.879772,-0.357407,0.247436,83.6733
sunlamp/images/img001363.jpg,sunlamp,2,36735,2,43261,-0.371126,-0.0856444,0.91354,0.142741,126.06
sunlamp/images/img001366.jpg,sunlamp,1,63407,1,72435,0.173117,0.791391,0.51935,0.272041,54.1571
sunlamp/images/img001370.jpg,sunlamp,3,72016,1,42773,-0.441447,0.830959,-0.0259675,0.337577,99.2559
sunlamp/images/img001371.jpg,sunlamp,2,25755,2,43522,-0.199189,-0.2561,0.910577,0.2561,71.0563
sunlamp/images/img001376.jpg,sunlamp,0,60777,1,42131,-0.448769,0.844742,-0.29038,0.0263982,78.6764
sunlamp/images/img001379.jpg,sunlamp,1,76201,1,72623,0.0658586,0.702491,0.680538,0.197576,25.7725
sunlamp/images/img001386.jpg,sunlamp,3,43630,2,34563,0.317146,0.20182,0.922608,-0.0864945,177.136
sunlamp/images/img001390.jpg,sunlamp,1,65200,1,34462,0.0303869,0.972379,0.212708,-0.0911606,78.7021
sunlamp/images/img001392.jpg,sunlamp,0,43546,1,74633,0.159628,0.729727,0.342059,0.570099,168.231
sunlamp/images/img001394.jpg,sunlamp,3,02171,1,41413,-0.199901,0.71076,-0.644126,0.199901,131.427
sunlamp/images/img001395.jpg,sunlamp,0,61043,2,42031,-0.594061,-0.261387,0.760398,0.0237624,134.898
sunlamp/images/img001402.jpg,sunlamp,1,22771,1,42535,-0.431106,0.811493,-0.278951,0.278951,133.802
sunlamp/images/img001403.jpg,sunlamp,3,56002,1,47037,-0.228822,0.813589,-0.228822,0.483068,178.571
sunlamp/images/img001404.jpg,sunlamp,1,27066,1,72445,0.0762739,0.813589,0.432219,0.38137,86.1381
sunlamp/images/img001408.jpg,sunlamp,2,77337,1,72433,0.17063,0.780024,0.560642,0.219382,51.1183
sunlamp/images/img001413.jpg,sunlamp,1,03775,1,37260,0.356417,0.670902,0.608005,-0.230623,102.168
sunlamp/images/img001414.jpg,sunlamp,2,23254,2,34033,0.190728,0.190728,0.871899,-0.408703,65.7927
sunlamp/images/img001417.jpg,sunlamp,3,60563,1,42331,-0.467379,0.879772,-0.0824786,0.0274929,135.474
sunlamp/images/img001418.jpg,sunlamp,0,32760,2,43333,-0.0312043,-0.0312043,0.998538,0.0312043,111.616
sunlamp/images/img001419.jpg,sunlamp,1,60670,1,41637,-0.231226,0.822136,-0.43676,0.282609,96.6631
sunlamp/images/img001424.jpg,sunlamp,0,17337,1,34631,0.194821,0.890609,0.36181,-0.194821,78.0229
sunlamp/images/img001427.jpg,sunlamp,3,05265,1,47133,-0.026774,0.856767,-0.240966,0.455158,179.604
sunlamp/images/img001429.jpg,sunlamp,0,41603,1,72463,0.0721062,0.769133,0.552814,0.31246,135.848
sunlamp/images/img001434.jpg,sunlamp,0,72300,1,72433,0.17063,0.780024,0.560642,0.219382,102.303
sunlamp/images/img001438.jpg,sunlamp,1,16741,1,27432,-0.265003,0.770916,0.554096,-0.168638,117.998
sunlamp/images/img001439.jpg,sunlamp,1,41516,2,34624,0.0286417,0.372342,0.916533,-0.143208,135.477
sunlamp/images/img001445.jpg,sunlamp,2,17276,1,71663,0.45047,0.758686,0.355634,0.308216,128.486
sunlamp/images/img001448.jpg,sunlamp,1,17147,1,27521,-0.127453,0.8157,0.535303,-0.178434,134.696
sunlamp/images/img001449.jpg,sunlamp,1,20512,1,47133,-0.026774,0.856767,-0.240966,0.455158,136.225
sunlamp/images/img001452.jpg,sunlamp,3,06373,1,52435,0.193035,0.882444,-0.30334,0.30334,152.364
sunlamp/images/img001455.jpg,sunlamp,1,54060,2,41333,-0.0275764,-0.468798,0.882444,0.0275764,72.8382
sunlamp/images/img001457.jpg,sunlamp,3,52712,2,34037,0.194821,0.194821,0.890609,-0.36181,174.609
sunlamp/images/img001458.jpg,sunlamp,0,62542,1,72433,0.17063,0.780024,0.560642,0.219382,176.801
sunlamp/images/img001459.jpg,sunlamp,2,37021,2,43261,-0.371126,-0.0856444,0.91354,0.142741,130.23
sunlamp/images/img001462.jpg,sunlamp,2,70614,2,43520,-0.196039,-0.308062,0.896179,0.25205,73.192
sunlamp/images/img001463.jpg,sunlamp,0,34054,1,42733,-0.455158,0.856767,-0.026774,0.240966,138.911
sunlamp/images/img001464.jpg,sunlamp,1,06275,2,34367,0.288775,0.393784,0.840072,-0.23627,169.418
sunlamp/images/img001465.jpg,sunlamp,1,53307,1,27521,-0.127453,0.8157,0.535303,-0.178434,124.734
sunlamp/images/img001466.jpg,sunlamp,3,13427,1,42371,-0.463196,0.871899,-0.0817405,0.136234,150.158
sunlamp/images/img001473.jpg,sunlamp,2,45644,1,42733,-0.455158,0.856767,-0.026774,0.240966,165.783
sunlamp/images/img001476.jpg,sunlamp,0,61213,3,72017,0.184274,0.500173,0.0789747,0.842397,168.957
sunlamp/images/img001478.jpg,sunlamp,3,74040,2,03557,-0.0259675,-0.337577,0.830959,-0.441447,171.203
sunlamp/images/img001482.jpg,sunlamp,0,74037,1,47133,-0.026774,0.856767,-0.240966,0.455158,143.705
sunlamp/images/img001483.jpg,sunlamp,0,61225,1,47123,-0.132733,0.849491,-0.238919,0.451292,124.062
sunlamp/images/img001484.jpg,sunlamp,0,43317,2,43233,-0.270501,-0.0300557,0.961781,0.0300557,132.223
sunlamp/images/img001485.jpg,sunlamp,0,13054,1,47074,-0.259633,0.755297,-0.259633,0.54287,173.985
sunlamp/images/img001486.jpg,sunlamp,2,05774,1,27475,-0.228822,0.813589,0.533917,-0.0254246,174.926
sunlamp/images/img001488.jpg,sunlamp,1,12270,1,41334,-0.0800926,0.854321,-0.507253,0.0800926,105.425
sunlamp/images/img001493.jpg,sunlamp,0,56656,3,43323,-0.15423,-0.030846,0.030846,0.987072,110.439
sunlamp/images/img001498.jpg,sunlamp,0,71626,1,43005,-0.344137,0.847106,-0.397081,0.0794162,175.39
sunlamp/images/img001500.jpg,sunlamp,1,56220,1,74033,0.186352,0.851896,0.186352,0.45257,35.8005
sunlamp/images/img001503.jpg,sunlamp,3,41312,2,72465,0.0727821,0.509475,0.776342,0.36391,175.5
sunlamp/images/img001504.jpg,sunlamp,0,12566,1,47131,-0.0263982,0.844742,-0.29038,0.448769,173.718
sunlamp/images/img001505.jpg,sunlamp,1,10420,2,42333,-0.468798,-0.0275764,0.882444,0.0275764,115.283
sunlamp/images/img001507.jpg,sunlamp,0,06713,1,34614,0.147122,0.941584,0.26482,-0.147122,144.807
sunlamp/images/img001512.jpg,sunlamp,2,37642,2,47213,-0.238919,-0.132733,0.849491,0.451292,132.343
sunlamp/images/img001515.jpg,sunlamp,0,17463,1,34652,0.145617,0.931951,0.320358,-0.0873704,119.132
sunlamp/images/img001516.jpg,sunlamp,1,60443,1,72065,0.0768726,0.819974,0.538108,0.179369,103.194
sunlamp/images/img001518.jpg,sunlamp,2,31157,2,43434,-0.295362,-0.295362,0.859235,0.295362,157.191
sunlamp/images/img001521.jpg,sunlamp,1,56274,1,72435,0.173117,0.791391,0.51935,0.272041,77.2876
sunlamp/images/img001522.jpg,sunlamp,0,05262,2,34631,0.194821,0.36181,0.890609,-0.194821,145.066
sunlamp/images/img001528.jpg,sunlamp,1,27730,2,42010,-0.606933,-0.337185,0.719328,0.022479,151.527
sunlamp/images/img001529.jpg,sunlamp,2,22460,2,34062,0.0289278,0.202495,0.925691,-0.318206,83.8982
sunlamp/images/img001530.jpg,sunlamp,2,12470,2,43623,-0.364073,-0.0280056,0.896179,0.25205,112.317
sunlamp/images/img001533.jpg,sunlamp,1,20533,1,16064,0.0285481,0.91354,-0.314029,-0.256933,85.5378
sunlamp/images/img001535.jpg,sunlamp,2,05223,1,21767,-0.126471,0.809414,0.379413,-0.430001,161.878
sunlamp/images/img001536.jpg,sunlamp,3,65171,3,70163,0.315058,0.200492,0.143208,0.916533,61.2645
sunlamp/images/img001537.jpg,sunlamp,1,37045,1,52162,0.258625,0.919555,-0.258625,0.143681,95.0864
sunlamp/images/img001539.jpg,sunlamp,0,17674,1,34562,0.263908,0.93834,0.205262,-0.0879694,89.3267
sunlamp/images/img001541.jpg,sunlamp,2,13001,1,74633,0.159628,0.729727,0.342059,0.570099,148.135
sunlamp/images/img001542.jpg,sunlamp,1,43666,2,43533,-0.0290252,-0.261226,0.928805,0.261226,168.624
sunlamp/images/img001545.jpg,sunlamp,3,44312,1,72433,0.17063,0.780024,0.560642,0.219382,172.87
sunlamp/images/img001547.jpg,sunlamp,1,62043,2,61356,-0.0864945,0.317146,0.922608,0.20182,101.09
sunlamp/images/img001550.jpg,sunlamp,0,04736,1,41734,-0.0770752,0.822136,-0.488143,0.282609,149.883
sunlamp/images/img001551.jpg,sunlamp,2,61675,2,34563,0.317146,0.20182,0.922608,-0.0864945,87.1122
sunlamp/images/img001552.jpg,sunlamp,2,77425,2,43261,-0.371126,-0.0856444,0.91354,0.142741,124.42
sunlamp/images/img001556.jpg,sunlamp,1,71416,2,43333,-0.0312043,-0.0312043,0.998538,0.0312043,173.053
sunlamp/images/img001557.jpg,sunlamp,1,47351,1,27432,-0.265003,0.770916,0.554096,-0.168638,128.272
sunlamp/images/img001560.jpg,sunlamp,1,16623,1,43370,-0.0918415,0.979643,-0.0918415,0.153069,44.8457
sunlamp/images/img001562.jpg,sunlamp,1,43312,1,43347,-0.149204,0.954905,-0.149204,0.208885,20.5173
sunlamp/images/img001563.jpg,sunlamp,2,23346,1,47232,-0.29038,0.844742,-0.0263982,0.448769,149.934
sunlamp/images/img001569.jpg,sunlamp,1,14101,2,42265,-0.661315,-0.0684119,0.729727,0.159628,88.6299
sunlamp/images/img001574.jpg,sunlamp,1,25436,1,34563,0.317146,0.922608,0.20182,-0.0864945,71.9005
sunlamp/images/img001577.jpg,sunlamp,3,50270,1,42532,-0.483068,0.813589,-0.228822,0.228822,144.56
sunlamp/images/img001578.jpg,sunlamp,1,74110,1,43314,-0.0908257,0.968808,-0.211927,0.0908257,70.8462
sunlamp/images/img001586.jpg,sunlamp,2,66376,2,34061,0.0873704,0.145617,0.931951,-0.320358,124.412
sunlamp/images/img001592.jpg,sunlamp,2,77712,1,41566,-0.159628,0.729727,-0.570099,0.342059,169.186
sunlamp/images/img001595.jpg,sunlamp,1,56241,1,72433,0.17063,0.780024,0.560642,0.219382,98.3017
sunlamp/images/img001602.jpg,sunlamp,0,02775,2,43223,-0.376062,-0.0289278,0.925691,0.0289278,135.955
sunlamp/images/img001605.jpg,sunlamp,1,12444,1,43031,-0.256933,0.91354,-0.314029,0.0285481,61.6618
sunlamp/images/img001606.jpg,sunlamp,2,61636,2,34656,0.146114,0.321451,0.935129,-0.0292228,61.1237
sunlamp/images/img001607.jpg,sunlamp,2,56302,2,36067,0.0740121,0.567426,0.789462,-0.222036,114.918
sunlamp/images/img001608.jpg,sunlamp,2,74322,2,34635,0.196657,0.36522,0.899004,-0.140469,68.214
sunlamp/images/img001610.jpg,sunlamp,3,43015,2,43333,-0.0312043,-0.0312043,0.998538,0.0312043,162.505
sunlamp/images/img001615.jpg,sunlamp,2,07146,1,52052,0.141819,0.907642,-0.368729,0.141819,87.396
sunlamp/images/img001618.jpg,sunlamp,2,06350,2,34563,0.317146,0.20182,0.922608,-0.0864945,106.923
sunlamp/images/img001619.jpg,sunlamp,1,12300,1,42433,-0.587463,0.751953,-0.211487,0.211487,147.086
sunlamp/images/img001620.jpg,sunlamp,1,06661,2,37461,0.443543,0.490232,0.74702,-0.0700331,179.748
sunlamp/images/img001624.jpg,sunlamp,2,43562,1,41374,-0.0789747,0.842397,-0.500173,0.184274,111.19
sunlamp/images/img001632.jpg,sunlamp,3,67271,1,27435,-0.227067,0.80735,0.529823,-0.126148,96.8846
sunlamp/images/img001633.jpg,sunlamp,2,25743,1,07536,-0.0888913,0.948174,-0.266674,-0.148152,168.3
sunlamp/images/img001634.jpg,sunlamp,1,17022,1,42333,-0.468798,0.882444,-0.0275764,0.0275764,118.996
sunlamp/images/img001638.jpg,sunlamp,0,21746,1,34231,0.182761,0.835478,0.339413,-0.39163,148.119
sunlamp/images/img001639.jpg,sunlamp,2,05057,1,72621,0.0678497,0.72373,0.65588,0.203549,175.148
sunlamp/images/img001640.jpg,sunlamp,0,30347,2,31066,0.381373,0.157036,0.717879,-0.560843,70.0887
sunlamp/images/img001642.jpg,sunlamp,1,43255,1,42773,-0.441447,0.830959,-0.0259675,0.337577,33.3423
sunlamp/images/img001644.jpg,sunlamp,1,71510,2,44363,-0.448231,-0.362854,0.683019,0.448231,126.837
sunlamp/images/img001655.jpg,sunlamp,0,12716,1,47035,-0.22592,0.80327,-0.276124,0.476942,163.47
sunlamp/images/img001656.jpg,sunlamp,0,16366,1,42533,-0.442642,0.833209,-0.23434,0.23434,153.66
sunlamp/images/img001658.jpg,sunlamp,3,20251,3,43231,-0.269529,-0.0898429,0.0299476,0.958324,87.8494
sunlamp/images/img001659.jpg,sunlamp,2,43335,2,43266,-0.416185,-0.0277457,0.887862,0.19422,50.3189
sunlamp/images/img001660.jpg,sunlamp,0,23544,1,34262,0.0270073,0.864234,0.40511,-0.29708,161.906
sunlamp/images/img001663.jpg,sunlamp,3,53405,2,43233,-0.270501,-0.0300557,0.961781,0.0300557,159.898
sunlamp/images/img001664.jpg,sunlamp,3,10722,1,42533,-0.442642,0.833209,-0.23434,0.23434,166.159
sunlamp/images/img001665.jpg,sunlamp,2,13006,1,27432,-0.265003,0.770916,0.554096,-0.168638,161.552
sunlamp/images/img001669.jpg,sunlamp,2,43744,2,34064,0.0297351,0.148675,0.951522,-0.267615,92.3983
sunlamp/images/img001670.jpg,sunlamp,2,50514,2,43220,-0.422745,-0.084549,0.901856,0.028183,113.83
sunlamp/images/img001671.jpg,sunlamp,1,73422,1,27331,-0.0218687,0.699798,0.634192,-0.328031,79.4167
sunlamp/images/img001672.jpg,sunlamp,3,05655,1,41534,-0.0691347,0.737437,-0.622212,0.253494,159.048
sunlamp/images/img001675.jpg,sunlamp,2,16370,1,74013,0.189051,0.864234,0.0810219,0.459124,172.691
sunlamp/images/img001676.jpg,sunlamp,0,24301,1,25343,-0.139158,0.890609,0.306147,-0.306147,134.709
sunlamp/images/img001680.jpg,sunlamp,1,74675,1,41363,-0.135432,0.866766,-0.46047,0.135432,113.589
sunlamp/images/img001682.jpg,sunlamp,2,61606,2,34564,0.267615,0.148675,0.951522,-0.0297351,87.5569
sunlamp/images/img001684.jpg,sunlamp,3,52156,2,43533,-0.0290252,-0.261226,0.928805,0.261226,124.824
sunlamp/images/img001687.jpg,sunlamp,1,77004,1,72463,0.0721062,0.769133,0.552814,0.31246,42.5111
sunlamp/images/img001689.jpg,sunlamp,3,65031,2,34364,0.244497,0.353162,0.869321,-0.244497,161.078
sunlamp/images/img001697.jpg,sunlamp,2,54700,2,34664,0.0289278,0.376062,0.925691,-0.0289278,129.809
sunlamp/images/img001699.jpg,sunlamp,3,26407,0,73024,0.762121,0.404877,0.500142,0.0714488,145.17
sunlamp/images/img001701.jpg,sunlamp,3,42277,1,42333,-0.468798,0.882444,-0.0275764,0.0275764,149.916
sunlamp/images/img001703.jpg,sunlamp,2,57101,1,43252,-0.318206,0.925691,-0.144639,0.144639,116.34
sunlamp/images/img001704.jpg,sunlamp,3,16067,3,47323,-0.136641,-0.0273281,0.464578,0.8745,90.3583
sunlamp/images/img001707.jpg,sunlamp,0,30506,2,34037,0.194821,0.194821,0.890609,-0.36181,127.379
sunlamp/images/img001708.jpg,sunlamp,2,63117,2,14664,0.0268511,-0.510171,0.859235,-0.0268511,123.46
sunlamp/images/img001709.jpg,sunlamp,3,61442,1,52025,0.0879694,0.93834,-0.322554,0.0879694,178.393
sunlamp/images/img001712.jpg,sunlamp,3,27060,1,72433,0.17063,0.780024,0.560642,0.219382,139.741
sunlamp/images/img001713.jpg,sunlamp,2,15120,1,34656,0.146114,0.935129,0.321451,-0.0292228,155.721
sunlamp/images/img001715.jpg,sunlamp,0,34424,3,43225,-0.373569,-0.0862083,0.0862083,0.919555,119.358
sunlamp/images/img001718.jpg,sunlamp,3,55363,3,72465,0.0727821,0.509475,0.36391,0.776342,116.126
sunlamp/images/img001720.jpg,sunlamp,3,57144,2,07627,-0.372342,-0.0286417,0.916533,-0.143208,161.429
sunlamp/images/img001725.jpg,sunlamp,1,51414,1,70633,0.188502,0.861723,0.403933,0.24236,130.033
sunlamp/images/img001727.jpg,sunlamp,2,64434,2,34631,0.194821,0.36181,0.890609,-0.194821,133.403
sunlamp/images/img001729.jpg,sunlamp,2,74742,1,42332,-0.510171,0.859235,-0.0268511,0.0268511,167.329
sunlamp/images/img001730.jpg,sunlamp,2,35753,1,21733,-0.0237089,0.758686,0.355634,-0.545305,123.888
sunlamp/images/img001732.jpg,sunlamp,1,26743,1,42341,-0.535303,0.8157,-0.178434,0.127453,93.5168
sunlamp/images/img001736.jpg,sunlamp,0,50362,1,47133,-0.026774,0.856767,-0.240966,0.455158,136.166
sunlamp/images/img001737.jpg,sunlamp,2,07227,2,43201,-0.368729,-0.198547,0.907642,0.0283638,47.4844
sunlamp/images/img001738.jpg,sunlamp,3,53261,1,47133,-0.026774,0.856767,-0.240966,0.455158,149.7
sunlamp/images/img001739.jpg,sunlamp,3,60753,1,72413,0.179842,0.822136,0.488143,0.231226,121.489
sunlamp/images/img001744.jpg,sunlamp,0,46375,1,42373,-0.464578,0.8745,-0.0273281,0.136641,103.488
sunlamp/images/img001754.jpg,sunlamp,0,40410,1,21732,-0.0709674,0.756986,0.354837,-0.544084,87.5468
sunlamp/images/img001755.jpg,sunlamp,0,57153,1,42331,-0.467379,0.879772,-0.0824786,0.0274929,149.614
sunlamp/images/img001760.jpg,sunlamp,2,34400,1,72425,0.0751175,0.801253,0.525822,0.275431,124.811
sunlamp/images/img001763.jpg,sunlamp,0,65763,1,47333,-0.0275764,0.882444,-0.0275764,0.468798,158.772
sunlamp/images/img001764.jpg,sunlamp,1,42727,1,42152,-0.478148,0.805302,-0.327154,0.125828,37.5773
sunlamp/images/img001767.jpg,sunlamp,1,63444,1,42733,-0.455158,0.856767,-0.026774,0.240966,53.1743
sunlamp/images/img001769.jpg,sunlamp,1,35414,3,72425,0.0751175,0.525822,0.275431,0.801253,135.456
sunlamp/images/img001770.jpg,sunlamp,3,56066,2,43263,-0.372342,-0.0286417,0.916533,0.143208,101.492
sunlamp/images/img001771.jpg,sunlamp,3,26553,1,42733,-0.455158,0.856767,-0.026774,0.240966,79.1805
sunlamp/images/img001781.jpg,sunlamp,2,53521,1,21634,-0.262575,0.763856,0.310316,-0.50128,151.778
sunlamp/images/img001785.jpg,sunlamp,2,74342,1,27541,-0.136234,0.871899,0.463196,-0.0817405,115.333
sunlamp/images/img001787.jpg,sunlamp,1,30742,1,42531,-0.43676,0.822136,-0.282609,0.231226,138.412
sunlamp/images/img001796.jpg,sunlamp,1,14664,2,34664,0.0289278,0.376062,0.925691,-0.0289278,160.348
sunlamp/images/img001802.jpg,sunlamp,2,11102,1,41372,-0.0817405,0.871899,-0.463196,0.136234,76.8789
sunlamp/images/img001804.jpg,sunlamp,3,16546,1,72463,0.0721062,0.769133,0.552814,0.31246,178.381
sunlamp/images/img001806.jpg,sunlamp,2,70710,1,52033,0.205971,0.941584,-0.26482,0.0294245,169.589
sunlamp/images/img001807.jpg,sunlamp,1,44325,1,47233,-0.240966,0.856767,-0.026774,0.455158,54.4012
sunlamp/images/img001813.jpg,sunlamp,2,65311,1,34467,0.0911606,0.972379,0.212708,-0.0303869,131.221
sunlamp/images/img001816.jpg,sunlamp,1,52663,2,43333,-0.0312043,-0.0312043,0.998538,0.0312043,177.673
sunlamp/images/img001819.jpg,sunlamp,3,35473,1,47133,-0.026774,0.856767,-0.240966,0.455158,119.649
sunlamp/images/img001830.jpg,sunlamp,3,41372,2,42333,-0.468798,-0.0275764,0.882444,0.0275764,154.629
sunlamp/images/img001832.jpg,sunlamp,2,36673,2,36067,0.0740121,0.567426,0.789462,-0.222036,26.1329
sunlamp/images/img001835.jpg,sunlamp,1,34465,1,50622,0.026774,0.856767,-0.455158,0.240966,81.8737
sunlamp/images/img001837.jpg,sunlamp,0,67253,1,47123,-0.132733,0.849491,-0.238919,0.451292,158.951
sunlamp/images/img001838.jpg,sunlamp,2,70174,1,72051,0.187958,0.859235,0.456468,0.134255,101.785
sunlamp/images/img001839.jpg,sunlamp,3,56201,2,16033,0.188502,-0.24236,0.861723,-0.403933,167.338
sunlamp/images/img001842.jpg,sunlamp,3,21245,1,51236,0.500142,0.762121,-0.404877,0.0714488,145.592
sunlamp/images/img001843.jpg,sunlamp,1,33456,1,34564,0.267615,0.951522,0.148675,-0.0297351,61.5262
sunlamp/images/img001847.jpg,sunlamp,0,07023,1,42523,-0.520626,0.793334,-0.223125,0.223125,87.342
sunlamp/images/img001851.jpg,sunlamp,2,06560,1,34630,0.140469,0.899004,0.36522,-0.196657,178.836
sunlamp/images/img001852.jpg,sunlamp,3,41241,2,43234,-0.322554,-0.0879694,0.93834,0.0879694,140.648
sunlamp/images/img001853.jpg,sunlamp,1,11643,1,47110,-0.0762739,0.813589,-0.38137,0.432219,119.135
sunlamp/images/img001856.jpg,sunlamp,3,34251,1,42535,-0.431106,0.811493,-0.278951,0.278951,127.889
sunlamp/images/img001858.jpg,sunlamp,1,47145,1,74323,0.270066,0.785646,0.368271,0.417374,97.5236
sunlamp/images/img001859.jpg,sunlamp,3,21470,2,43334,-0.092538,-0.092538,0.987072,0.092538,136.107
sunlamp/images/img001860.jpg,sunlamp,2,12777,1,42531,-0.43676,0.822136,-0.282609,0.231226,118.729
sunlamp/images/img001862.jpg,sunlamp,0,07747,3,43523,-0.143681,-0.258625,0.258625,0.919555,161.702
sunlamp/images/img001864.jpg,sunlamp,1,52102,1,25752,-0.0879694,0.93834,0.322554,-0.0879694,92.9911
sunlamp/images/img001867.jpg,sunlamp,3,52070,1,42331,-0.467379,0.879772,-0.0824786,0.0274929,140.332
sunlamp/images/img001871.jpg,sunlamp,3,37751,1,42525,-0.508279,0.774521,-0.266242,0.266242,150.926
sunlamp/images/img001873.jpg,sunlamp,2,63011,2,07663,-0.374809,-0.0288315,0.922608,-0.0864945,57.216
sunlamp/images/img001877.jpg,sunlamp,2,04656,1,27432,-0.265003,0.770916,0.554096,-0.168638,158.672
sunlamp/images/img001879.jpg,sunlamp,0,32151,2,32465,0.0714488,0.500142,0.762121,-0.404877,89.0236
sunlamp/images/img001880.jpg,sunlamp,1,04777,2,34564,0.267615,0.148675,0.951522,-0.0297351,132.286
sunlamp/images/img001881.jpg,sunlamp,1,73262,1,42277,-0.606517,0.776342,-0.0242607,0.169825,145.199
sunlamp/images/img001885.jpg,sunlamp,1,07534,1,41374,-0.0789747,0.842397,-0.500173,0.184274,44.4611
sunlamp/images/img001886.jpg,sunlamp,0,63614,1,42131,-0.448769,0.844742,-0.29038,0.0263982,87.1015
sunlamp/images/img001893.jpg,sunlamp,3,24445,3,41327,-0.136234,-0.463196,0.0817405,0.871899,87.6327
sunlamp/images/img001896.jpg,sunlamp,2,60046,1,72433,0.17063,0.780024,0.560642,0.219382,138.998
sunlamp/images/img001898.jpg,sunlamp,1,62230,1,74161,0.27406,0.797264,0.124573,0.523205,127.39
sunlamp/images/img001901.jpg,sunlamp,0,36606,1,42371,-0.463196,0.871899,-0.0817405,0.136234,132.141
sunlamp/images/img001912.jpg,sunlamp,0,61315,2,42333,-0.468798,-0.0275764,0.882444,0.0275764,155.105
sunlamp/images/img001916.jpg,sunlamp,1,74324,1,72463,0.0721062,0.769133,0.552814,0.31246,35.0186
sunlamp/images/img001918.jpg,sunlamp,3,24505,3,34243,0.0840168,0.308062,-0.308062,0.896179,82.3221
sunlamp/images/img001919.jpg,sunlamp,2,46332,1,27431,-0.225352,0.801253,0.525822,-0.175274,128.468
sunlamp/images/img001920.jpg,sunlamp,3,15226,1,41334,-0.0800926,0.854321,-0.507253,0.0800926,164.224
sunlamp/images/img001921.jpg,sunlamp,0,34445,1,74133,0.376533,0.80327,0.175715,0.426737,126.41
sunlamp/images/img001924.jpg,sunlamp,3,52253,1,47333,-0.0275764,0.882444,-0.0275764,0.468798,142.035
sunlamp/images/img001929.jpg,sunlamp,2,01422,2,34615,0.203864,0.262111,0.931951,-0.145617,121.874
sunlamp/images/img001932.jpg,sunlamp,3,34105,1,47333,-0.0275764,0.882444,-0.0275764,0.468798,125.143
sunlamp/images/img001937.jpg,sunlamp,0,71220,2,43223,-0.376062,-0.0289278,0.925691,0.0289278,176.798
sunlamp/images/img001938.jpg,sunlamp,1,63565,1,52261,0.0918415,0.979643,-0.0918415,0.153069,79.3559
sunlamp/images/img001943.jpg,sunlamp,2,13421,1,52613,0.203864,0.931951,-0.145617,0.262111,135.911
sunlamp/images/img001946.jpg,sunlamp,3,51442,1,47131,-0.0263982,0.844742,-0.29038,0.448769,144.602
sunlamp/images/img001947.jpg,sunlamp,1,01674,2,43233,-0.270501,-0.0300557,0.961781,0.0300557,133.328
sunlamp/images/img001950.jpg,sunlamp,0,21077,2,43261,-0.371126,-0.0856444,0.91354,0.142741,159.842
sunlamp/images/img001952.jpg,sunlamp,2,61157,1,74223,0.0762739,0.813589,0.38137,0.432219,118.304
sunlamp/images/img001955.jpg,sunlamp,2,06700,1,47212,-0.287982,0.837765,-0.130901,0.445063,159.966
sunlamp/images/img001957.jpg,sunlamp,2,47345,2,61266,-0.384363,0.384363,0.819974,0.179369,85.5638
sunlamp/images/img001959.jpg,sunlamp,1,33145,1,71264,0.434472,0.817829,0.332243,0.1789,82.6391
sunlamp/images/img001960.jpg,sunlamp,0,04107,1,41734,-0.0770752,0.822136,-0.488143,0.282609,160.408
sunlamp/images/img001965.jpg,sunlamp,2,40351,1,42371,-0.463196,0.871899,-0.0817405,0.136234,141.298
sunlamp/images/img001968.jpg,sunlamp,3,21054,1,74431,0.168638,0.770916,0.120456,0.602279,138.351
sunlamp/images/img001970.jpg,sunlamp,1,71736,2,27461,-0.320719,0.518084,0.789462,-0.0740121,134.055
sunlamp/images/img001974.jpg,sunlamp,0,06310,2,52633,0.205971,-0.0294245,0.941584,0.26482,171.606
sunlamp/images/img001976.jpg,sunlamp,0,02554,2,42333,-0.468798,-0.0275764,0.882444,0.0275764,101.682
sunlamp/images/img001981.jpg,sunlamp,3,43526,2,34030,0.138728,0.138728,0.887862,-0.416185,164.336
sunlamp/images/img001987.jpg,sunlamp,1,65327,1,27571,-0.0260378,0.833209,0.546793,-0.0781133,68.5799
sunlamp/images/img001993.jpg,sunlamp,0,06226,1,72433,0.17063,0.780024,0.560642,0.219382,124.392
sunlamp/images/img001994.jpg,sunlamp,0,61611,1,43323,-0.15423,0.987072,-0.030846,0.030846,132.921
sunlamp/images/img001999.jpg,sunlamp,1,72766,2,43220,-0.422745,-0.084549,0.901856,0.028183,124.911
sunlamp/images/img002002.jpg,sunlamp,0,47317,3,43233,-0.270501,-0.0300557,0.0300557,0.961781,149.561
sunlamp/images/img002006.jpg,sunlamp,3,51250,2,43623,-0.364073,-0.0280056,0.896179,0.25205,166.36
sunlamp/images/img002007.jpg,sunlamp,1,73042,1,47134,-0.0770752,0.822136,-0.282609,0.488143,114.418
sunlamp/images/img002012.jpg,sunlamp,0,15222,1,47133,-0.026774,0.856767,-0.240966,0.455158,153.048
sunlamp/images/img002013.jpg,sunlamp,1,16015,1,34634,0.141819,0.907642,0.368729,-0.141819,92.5743
sunlamp/images/img002014.jpg,sunlamp,0,60062,2,34564,0.267615,0.148675,0.951522,-0.0297351,154.121
sunlamp/images/img002018.jpg,sunlamp,3,47213,2,21461,-0.327154,0.125828,0.805302,-0.478148,177.941
sunlamp/images/img002023.jpg,sunlamp,2,04707,1,52022,0.0300557,0.961781,-0.270501,0.0300557,97.4402
sunlamp/images/img002026.jpg,sunlamp,0,53166,2,43233,-0.270501,-0.0300557,0.961781,0.0300557,129.81
sunlamp/images/img002027.jpg,sunlamp,0,27100,1,47133,-0.026774,0.856767,-0.240966,0.455158,128.422
sunlamp/images/img002028.jpg,sunlamp,0,23050,2,43220,-0.422745,-0.084549,0.901856,0.028183,173.957
sunlamp/images/img002031.jpg,sunlamp,1,07264,1,34631,0.194821,0.890609,0.36181,-0.194821,88.8225
sunlamp/images/img002034.jpg,sunlamp,2,77403,1,72465,0.0727821,0.776342,0.509475,0.36391,61.8772
sunlamp/images/img002035.jpg,sunlamp,3,13365,1,74123,0.285642,0.830959,0.181772,0.441447,146.767
sunlamp/images/img002036.jpg,sunlamp,3,36020,2,43433,-0.252845,-0.252845,0.899004,0.252845,149.551
sunlamp/images/img002042.jpg,sunlamp,1,01726,3,27431,-0.225352,0.525822,-0.175274,0.801253,166.872
sunlamp/images/img002043.jpg,sunlamp,3,52114,2,42330,-0.508706,-0.0803219,0.856767,0.026774,173.568
sunlamp/images/img002046.jpg,sunlamp,2,50422,1,72425,0.0751175,0.801253,0.525822,0.275431,178.713
sunlamp/images/img002047.jpg,sunlamp,2,07762,2,34662,0.028183,0.422745,0.901856,-0.084549,59.9193
sunlamp/images/img002050.jpg,sunlamp,2,60106,1,43277,-0.26482,0.941584,-0.0294245,0.205971,157.397
sunlamp/images/img002051.jpg,sunlamp,0,03755,2,42035,-0.592723,-0.260798,0.758686,0.0711268,94.5808
sunlamp/images/img002052.jpg,sunlamp,1,70375,1,27542,-0.184274,0.842397,0.500173,-0.0789747,73.2167
sunlamp/images/img002057.jpg,sunlamp,2,67636,2,34635,0.196657,0.36522,0.899004,-0.140469,99.9969
sunlamp/images/img002059.jpg,sunlamp,2,41217,1,72433,0.17063,0.780024,0.560642,0.219382,178.679
sunlamp/images/img002060.jpg,sunlamp,1,42416,1,34264,0.0280056,0.896179,0.364073,-0.25205,124.768
sunlamp/images/img002064.jpg,sunlamp,3,36052,2,42433,-0.587463,-0.211487,0.751953,0.211487,152.15
sunlamp/images/img002068.jpg,sunlamp,0,27725,2,72433,0.17063,0.560642,0.780024,0.219382,111.157
sunlamp/images/img002073.jpg,sunlamp,0,72064,2,34362,0.23627,0.393784,0.840072,-0.288775,109.026
sunlamp/images/img002074.jpg,sunlamp,1,60377,2,43233,-0.270501,-0.0300557,0.961781,0.0300557,126.845
sunlamp/images/img002075.jpg,sunlamp,3,76124,1,42773,-0.441447,0.830959,-0.0259675,0.337577,114.964
sunlamp/images/img002080.jpg,sunlamp,2,63227,2,41376,-0.0810219,-0.459124,0.864234,0.189051,142.823
sunlamp/images/img002083.jpg,sunlamp,3,16460,2,43623,-0.364073,-0.0280056,0.896179,0.25205,161.437
sunlamp/images/img002084.jpg,sunlamp,1,54524,1,34737,0.387427,0.826512,0.387427,-0.129142,143.591
sunlamp/images/img002086.jpg,sunlamp,3,72037,2,43214,-0.317146,-0.20182,0.922608,0.0864945,178.829
sunlamp/images/img002089.jpg,sunlamp,0,61324,1,41527,-0.118015,0.755297,-0.590076,0.259633,126.584
sunlamp/images/img002093.jpg,sunlamp,1,24723,2,43061,-0.355266,-0.300609,0.8745,0.136641,152.102
sunlamp/images/img002099.jpg,sunlamp,3,27502,1,72433,0.17063,0.780024,0.560642,0.219382,129.391
sunlamp/images/img002100.jpg,sunlamp,1,70475,1,72463,0.0721062,0.769133,0.552814,0.31246,53.0155
sunlamp/images/img002105.jpg,sunlamp,3,50350,3,43233,-0.270501,-0.0300557,0.0300557,0.961781,95.7672
sunlamp/images/img002113.jpg,sunlamp,3,35753,1,47133,-0.026774,0.856767,-0.240966,0.455158,117.957
sunlamp/images/img002114.jpg,sunlamp,2,62341,2,43334,-0.092538,-0.092538,0.987072,0.092538,91.0496
sunlamp/images/img002116.jpg,sunlamp,2,42032,1,21572,-0.0789747,0.842397,0.184274,-0.500173,179.311
sunlamp/images/img002117.jpg,sunlamp,1,45026,1,47142,-0.17063,0.780024,-0.316885,0.511891,34.6905
sunlamp/images/img002120.jpg,sunlamp,2,37721,2,34763,0.296217,0.403933,0.861723,-0.0807866,43.1567
sunlamp/images/img002121.jpg,sunlamp,1,50303,2,34563,0.317146,0.20182,0.922608,-0.0864945,149.327
sunlamp/images/img002126.jpg,sunlamp,1,70005,2,72064,0.0256917,0.539527,0.822136,0.179842,111.296
sunlamp/images/img002128.jpg,sunlamp,1,57632,2,34361,0.29038,0.343176,0.844742,-0.29038,155.633
sunlamp/images/img002132.jpg,sunlamp,1,03744,1,43534,-0.0840168,0.896179,-0.308062,0.308062,92.7715
sunlamp/images/img002136.jpg,sunlamp,1,77742,2,42333,-0.468798,-0.0275764,0.882444,0.0275764,155.943
sunlamp/images/img002138.jpg,sunlamp,2,47374,2,34030,0.138728,0.138728,0.887862,-0.416185,126.923
sunlamp/images/img002141.jpg,sunlamp,3,74032,3,72025,0.0779024,0.545317,0.0779024,0.830959,60.0052
sunlamp/images/img002142.jpg,sunlamp,1,12541,1,42131,-0.448769,0.844742,-0.29038,0.0263982,103.639
sunlamp/images/img002146.jpg,sunlamp,2,25310,1,34634,0.141819,0.907642,0.368729,-0.141819,108.135
sunlamp/images/img002149.jpg,sunlamp,0,43412,1,47133,-0.026774,0.856767,-0.240966,0.455158,173.212
sunlamp/images/img002151.jpg,sunlamp,2,70753,1,27471,-0.228232,0.811493,0.532542,-0.0760775,113.033
sunlamp/images/img002159.jpg,sunlamp,3,06377,2,03465,-0.324696,-0.274743,0.799251,-0.424602,133.16
sunlamp/images/img002162.jpg,sunlamp,3,72150,1,47133,-0.026774,0.856767,-0.240966,0.455158,89.1329
sunlamp/images/img002163.jpg,sunlamp,2,30760,2,34631,0.194821,0.36181,0.890609,-0.194821,34.3965
sunlamp/images/img002166.jpg,sunlamp,0,52322,2,36061,0.0751175,0.525822,0.801253,-0.275431,158.142
sunlamp/images/img002168.jpg,sunlamp,3,47034,2,43234,-0.322554,-0.0879694,0.93834,0.0879694,101.12
sunlamp/images/img002169.jpg,sunlamp,1,65107,1,72465,0.0727821,0.776342,0.509475,0.36391,56.0257
sunlamp/images/img002171.jpg,sunlamp,3,45152,1,27061,-0.310316,0.763856,0.50128,-0.262575,132.973
sunlamp/images/img002173.jpg,sunlamp,2,76226,1,42531,-0.43676,0.822136,-0.282609,0.231226,129.543
sunlamp/images/img002177.jpg,sunlamp,0,07645,2,41333,-0.0275764,-0.468798,0.882444,0.0275764,178.783
sunlamp/images/img002181.jpg,sunlamp,1,10072,2,42331,-0.467379,-0.0824786,0.879772,0.0274929,110.065
sunlamp/images/img002184.jpg,sunlamp,0,63016,2,43213,-0.267615,-0.148675,0.951522,0.0297351,146.209
sunlamp/images/img002185.jpg,sunlamp,0,54017,1,41527,-0.118015,0.755297,-0.590076,0.259633,120.279
sunlamp/images/img002188.jpg,sunlamp,0,12527,1,34462,0.0303869,0.972379,0.212708,-0.0911606,145.066
sunlamp/images/img002192.jpg,sunlamp,3,12436,1,47333,-0.0275764,0.882444,-0.0275764,0.468798,156.383
sunlamp/images/img002193.jpg,sunlamp,2,74157,2,07550,-0.0842816,-0.421408,0.899004,-0.0842816,109.562
sunlamp/images/img002194.jpg,sunlamp,3,31173,2,34034,0.141819,0.141819,0.907642,-0.368729,106.854
sunlamp/images/img002195.jpg,sunlamp,2,74174,1,42371,-0.463196,0.871899,-0.0817405,0.136234,179.268
sunlamp/images/img002198.jpg,sunlamp,3,70473,3,43233,-0.270501,-0.0300557,0.0300557,0.961781,71.8029
sunlamp/images/img002201.jpg,sunlamp,0,42117,1,42523,-0.520626,0.793334,-0.223125,0.223125,92.8443
sunlamp/images/img002208.jpg,sunlamp,2,40011,1,42131,-0.448769,0.844742,-0.29038,0.0263982,121.974
sunlamp/images/img002210.jpg,sunlamp,3,52163,1,47037,-0.228822,0.813589,-0.228822,0.483068,165.946
sunlamp/images/img002212.jpg,sunlamp,1,63321,1,72425,0.0751175,0.801253,0.525822,0.275431,42.7525
sunlamp/images/img002213.jpg,sunlamp,1,12646,1,42735,-0.447523,0.842397,-0.0789747,0.289574,104.315
sunlamp/images/img002218.jpg,sunlamp,3,07772,1,30516,0.320719,0.789462,0.0740121,-0.518084,112.241
sunlamp/images/img002220.jpg,sunlamp,2,47026,1,42533,-0.442642,0.833209,-0.23434,0.23434,168.276
sunlamp/images/img002225.jpg,sunlamp,2,74266,1,52412,0.138728,0.887862,-0.360694,0.249711,159.307
sunlamp/images/img002226.jpg,sunlamp,2,47121,1,34763,0.296217,0.861723,0.403933,-0.0807866,176.133
sunlamp/images/img002227.jpg,sunlamp,1,06505,2,14663,0.0822304,-0.465972,0.877124,-0.0822304,89.0359
sunlamp/images/img002228.jpg,sunlamp,1,76431,1,43230,-0.323669,0.941584,-0.0882735,0.0294245,109.785
sunlamp/images/img002229.jpg,sunlamp,3,50312,1,72433,0.17063,0.780024,0.560642,0.219382,161.24
sunlamp/images/img002231.jpg,sunlamp,0,22500,1,47123,-0.132733,0.849491,-0.238919,0.451292,75.9486
sunlamp/images/img002232.jpg,sunlamp,3,54231,2,47535,-0.023094,-0.254034,0.739008,0.623538,53.2126
sunlamp/images/img002237.jpg,sunlamp,3,56400,2,43261,-0.371126,-0.0856444,0.91354,0.142741,100.753
sunlamp/images/img002240.jpg,sunlamp,1,27040,1,47332,-0.0824786,0.879772,-0.0274929,0.467379,111.069
sunlamp/images/img002243.jpg,sunlamp,1,25017,2,42331,-0.467379,-0.0824786,0.879772,0.0274929,170.91
sunlamp/images/img002244.jpg,sunlamp,3,36501,1,47133,-0.026774,0.856767,-0.240966,0.455158,76.2343
sunlamp/images/img002246.jpg,sunlamp,0,25155,1,52413,0.19245,0.879772,-0.357407,0.247436,168.794
sunlamp/images/img002249.jpg,sunlamp,2,60441,1,43340,-0.206689,0.944862,-0.206689,0.147635,174.595
sunlamp/images/img002251.jpg,sunlamp,0,61115,2,42031,-0.594061,-0.261387,0.760398,0.0237624,115.291
sunlamp/images/img002253.jpg,sunlamp,2,25527,1,52052,0.141819,0.907642,-0.368729,0.141819,158.849
sunlamp/images/img002255.jpg,sunlamp,1,52776,1,27435,-0.227067,0.80735,0.529823,-0.126148,114.239
sunlamp/images/img002258.jpg,sunlamp,0,25451,2,41333,-0.0275764,-0.468798,0.882444,0.0275764,164.759
sunlamp/images/img002263.jpg,sunlamp,3,32661,1,21437,-0.225352,0.801253,0.175274,-0.525822,172.925
sunlamp/images/img002265.jpg,sunlamp,2,57443,1,61274,-0.297951,0.866766,0.352124,0.189605,178.849
sunlamp/images/img002267.jpg,sunlamp,2,76036,1,07076,-0.304267,0.88514,-0.248946,-0.248946,163.445
sunlamp/images/img002277.jpg,sunlamp,3,17320,1,47173,-0.0254246,0.813589,-0.228822,0.533917,130.664
sunlamp/images/img002280.jpg,sunlamp,3,74030,3,72025,0.0779024,0.545317,0.0779024,0.830959,65.3228
sunlamp/images/img002286.jpg,sunlamp,2,25146,3,27452,-0.282609,0.488143,-0.0770752,0.822136,159.544
sunlamp/images/img002289.jpg,sunlamp,1,23672,1,74633,0.159628,0.729727,0.342059,0.570099,129.344
sunlamp/images/img002294.jpg,sunlamp,3,66423,1,34621,0.0848189,0.904735,0.367549,-0.197911,134.441
sunlamp/images/img002298.jpg,sunlamp,0,52346,1,43252,-0.318206,0.925691,-0.144639,0.144639,177.695
sunlamp/images/img002299.jpg,sunlamp,3,07142,2,43333,-0.0312043,-0.0312043,0.998538,0.0312043,152.345
sunlamp/images/img002303.jpg,sunlamp,1,40275,2,43233,-0.270501,-0.0300557,0.961781,0.0300557,149.733
sunlamp/images/img002307.jpg,sunlamp,0,11700,1,42665,-0.632983,0.698464,-0.065481,0.327405,158.99
sunlamp/images/img002310.jpg,sunlamp,3,65713,1,74613,0.164128,0.750298,0.257915,0.58617,76.4831
sunlamp/images/img002315.jpg,sunlamp,0,61222,1,42523,-0.520626,0.793334,-0.223125,0.223125,65.9878
sunlamp/images/img002317.jpg,sunlamp,2,10472,1,27062,-0.344214,0.734324,0.527795,-0.252424,176.747
sunlamp/images/img002318.jpg,sunlamp,3,25255,2,34032,0.137464,0.19245,0.879772,-0.412393,106.433
sunlamp/images/img002321.jpg,sunlamp,1,16530,1,34764,0.25205,0.896179,0.364073,-0.0280056,80.3685
sunlamp/images/img002324.jpg,sunlamp,0,45573,1,47113,-0.0259675,0.830959,-0.337577,0.441447,135.877
sunlamp/images/img002325.jpg,sunlamp,0,16032,1,27432,-0.265003,0.770916,0.554096,-0.168638,154.6
sunlamp/images/img002332.jpg,sunlamp,1,42106,1,27435,-0.227067,0.80735,0.529823,-0.126148,109.923
sunlamp/images/img002338.jpg,sunlamp,2,30142,2,16631,0.208145,-0.0892052,0.951522,-0.208145,57.7593
sunlamp/images/img002341.jpg,sunlamp,1,43300,1,47333,-0.0275764,0.882444,-0.0275764,0.468798,57.3729
sunlamp/images/img002343.jpg,sunlamp,0,01270,2,43223,-0.376062,-0.0289278,0.925691,0.0289278,102.1
sunlamp/images/img002344.jpg,sunlamp,2,27650,1,21761,-0.125828,0.805302,0.327154,-0.478148,74.0881
sunlamp/images/img002347.jpg,sunlamp,0,60545,1,52411,0.188502,0.861723,-0.403933,0.24236,155.289
sunlamp/images/img002352.jpg,sunlamp,3,13443,1,41522,-0.165963,0.758686,-0.592723,0.21338,164.35
sunlamp/images/img002353.jpg,sunlamp,3,24100,1,47133,-0.026774,0.856767,-0.240966,0.455158,126.276
sunlamp/images/img002359.jpg,sunlamp,3,30603,2,34614,0.147122,0.26482,0.941584,-0.147122,113.52
sunlamp/images/img002361.jpg,sunlamp,1,74027,2,34672,0.139591,0.418772,0.893381,-0.0837545,125.091
sunlamp/images/img002364.jpg,sunlamp,1,01356,2,43633,-0.261226,-0.0290252,0.928805,0.261226,108.752
sunlamp/images/img002367.jpg,sunlamp,0,65237,1,43633,-0.261226,0.928805,-0.0290252,0.261226,144.901
sunlamp/images/img002368.jpg,sunlamp,1,63662,2,36060,0.0251022,0.527146,0.80327,-0.276124,77.2366
sunlamp/images/img002375.jpg,sunlamp,2,34746,2,07562,-0.205262,-0.263908,0.93834,-0.0879694,90.3367
sunlamp/images/img002377.jpg,sunlamp,3,61416,1,42533,-0.442642,0.833209,-0.23434,0.23434,140.464
sunlamp/images/img002379.jpg,sunlamp,0,72054,1,47235,-0.23434,0.833209,-0.0781133,0.494718,178.296
sunlamp/images/img002380.jpg,sunlamp,0,42134,2,34533,0.408703,0.190728,0.871899,-0.190728,175.565
sunlamp/images/img002384.jpg,sunlamp,2,65332,2,34563,0.317146,0.20182,0.922608,-0.0864945,81.8455
sunlamp/images/img002385.jpg,sunlamp,0,47221,1,42512,-0.469888,0.791391,-0.321503,0.222579,113.956
sunlamp/images/img002386.jpg,sunlamp,0,71302,2,34363,0.284875,0.388465,0.828726,-0.284875,96.6205
sunlamp/images/img002389.jpg,sunlamp,3,62101,2,41334,-0.0800926,-0.507253,0.854321,0.0800926,169
sunlamp/images/img002395.jpg,sunlamp,1,20564,2,43261,-0.371126,-0.0856444,0.91354,0.142741,159.481
sunlamp/images/img002399.jpg,sunlamp,2,06723,1,74144,0.222579,0.791391,0.024731,0.568812,154.917
sunlamp/images/img002403.jpg,sunlamp,2,15376,1,41526,-0.164128,0.750298,-0.58617,0.257915,70.7227
sunlamp/images/img002404.jpg,sunlamp,2,73245,2,43333,-0.0312043,-0.0312043,0.998538,0.0312043,95.407
sunlamp/images/img002408.jpg,sunlamp,3,61210,2,34064,0.0297351,0.148675,0.951522,-0.267615,159.372
sunlamp/images/img002410.jpg,sunlamp,0,62121,1,42133,-0.455158,0.856767,-0.240966,0.026774,58.6939
sunlamp/images/img002412.jpg,sunlamp,1,42564,2,07620,-0.41491,-0.0829819,0.88514,-0.193624,164.054
sunlamp/images/img002414.jpg,sunlamp,0,74272,1,42533,-0.442642,0.833209,-0.23434,0.23434,153.136
sunlamp/images/img002415.jpg,sunlamp,2,55641,2,07660,-0.421408,-0.0842816,0.899004,-0.0842816,132.488
sunlamp/images/img002416.jpg,sunlamp,0,22233,1,42435,-0.574903,0.735875,-0.252957,0.252957,57.614
sunlamp/images/img002417.jpg,sunlamp,1,41546,2,43523,-0.143681,-0.258625,0.919555,0.258625,99.9633
sunlamp/images/img002418.jpg,sunlamp,3,70331,1,47133,-0.026774,0.856767,-0.240966,0.455158,98.9197
sunlamp/images/img002420.jpg,sunlamp,0,21272,3,43436,-0.299715,-0.245222,0.299715,0.871899,109.217
sunlamp/images/img002421.jpg,sunlamp,2,70300,1,47131,-0.0263982,0.844742,-0.29038,0.448769,177.881
sunlamp/images/img002422.jpg,sunlamp,3,22727,1,42331,-0.467379,0.879772,-0.0824786,0.0274929,83.8951
sunlamp/images/img002423.jpg,sunlamp,2,55234,2,07635,-0.266674,-0.0888913,0.948174,-0.148152,118.15
sunlamp/images/img002425.jpg,sunlamp,3,34443,1,34244,0.0290252,0.928805,0.261226,-0.261226,156.227
sunlamp/images/img002431.jpg,sunlamp,0,56641,1,42517,-0.424602,0.799251,-0.324696,0.274743,177.593
sunlamp/images/img002432.jpg,sunlamp,1,61150,2,42365,-0.538108,-0.0768726,0.819974,0.179369,176.452
sunlamp/images/img002434.jpg,sunlamp,1,71343,2,34533,0.408703,0.190728,0.871899,-0.190728,108.811
sunlamp/images/img002435.jpg,sunlamp,0,04575,1,27460,-0.36391,0.776342,0.509475,-0.0727821,61.6011
sunlamp/images/img002444.jpg,sunlamp,3,44225,1,42625,-0.649272,0.716438,-0.067166,0.246276,154.873
sunlamp/images/img002447.jpg,sunlamp,2,52422,2,07467,-0.364073,-0.25205,0.896179,-0.0280056,58.4153
sunlamp/images/img002454.jpg,sunlamp,1,71650,2,34361,0.29038,0.343176,0.844742,-0.29038,118.244
sunlamp/images/img002458.jpg,sunlamp,0,21465,1,34074,0.147122,0.941584,0.147122,-0.26482,171.421
sunlamp/images/img002459.jpg,sunlamp,3,14366,1,47232,-0.29038,0.844742,-0.0263982,0.448769,174.536
sunlamp/images/img002464.jpg,sunlamp,0,47026,3,72423,0.0740121,0.567426,0.222036,0.789462,163.341
sunlamp/images/img002472.jpg,sunlamp,3,62702,1,42173,-0.451292,0.849491,-0.238919,0.132733,84.5427
sunlamp/images/img002475.jpg,sunlamp,2,56304,2,34654,0.148675,0.267615,0.951522,-0.0297351,83.1557
sunlamp/images/img002477.jpg,sunlamp,2,50206,1,27564,-0.179842,0.822136,0.539527,-0.0256917,177.839
sunlamp/images/img002478.jpg,sunlamp,2,25034,1,27031,-0.213862,0.760398,0.499011,-0.356436,87.5963
sunlamp/images/img002480.jpg,sunlamp,0,25052,2,34035,0.196657,0.140469,0.899004,-0.36522,144.202
sunlamp/images/img002481.jpg,sunlamp,1,04512,1,72413,0.179842,0.822136,0.488143,0.231226,162.732
sunlamp/images/img002482.jpg,sunlamp,2,36065,2,34564,0.267615,0.148675,0.951522,-0.0297351,57.6636
sunlamp/images/img002485.jpg,sunlamp,3,04706,3,41333,-0.0275764,-0.468798,0.0275764,0.882444,60.9583
sunlamp/images/img002486.jpg,sunlamp,0,52235,2,37060,0.392598,0.484974,0.739008,-0.254034,135.138
sunlamp/images/img002487.jpg,sunlamp,1,04312,2,34631,0.194821,0.36181,0.890609,-0.194821,161.776
sunlamp/images/img002488.jpg,sunlamp,1,66361,2,36611,0.167476,0.598127,0.765603,-0.167476,98.9024
sunlamp/images/img002491.jpg,sunlamp,1,36075,1,72425,0.0751175,0.801253,0.525822,0.275431,57.9476
sunlamp/images/img002493.jpg,sunlamp,3,31402,1,34533,0.408703,0.871899,0.190728,-0.190728,176.253
sunlamp/images/img002496.jpg,sunlamp,2,17120,1,27330,-0.065481,0.698464,0.632983,-0.327405,136.369
sunlamp/images/img002497.jpg,sunlamp,0,67137,1,41332,-0.0824786,0.879772,-0.467379,0.0274929,146.112
sunlamp/images/img002498.jpg,sunlamp,1,14024,2,41334,-0.0800926,-0.507253,0.854321,0.0800926,43.5866
sunlamp/images/img002502.jpg,sunlamp,2,65133,1,56164,0.214834,0.763856,-0.262575,0.549021,161.405
sunlamp/images/img002504.jpg,sunlamp,2,40301,1,72623,0.0658586,0.702491,0.680538,0.197576,169.505
sunlamp/images/img002508.jpg,sunlamp,2,32636,1,72413,0.179842,0.822136,0.488143,0.231226,84.1607
sunlamp/images/img002510.jpg,sunlamp,3,43164,1,47534,-0.0691347,0.737437,-0.253494,0.622212,142.055
sunlamp/images/img002513.jpg,sunlamp,1,56063,1,52012,0.143208,0.916533,-0.372342,0.0286417,64.382
sunlamp/images/img002515.jpg,sunlamp,3,07550,1,47534,-0.0691347,0.737437,-0.253494,0.622212,145.402
sunlamp/images/img002524.jpg,sunlamp,3,43574,2,43433,-0.252845,-0.252845,0.899004,0.252845,96.4399
sunlamp/images/img002525.jpg,sunlamp,3,36545,1,42733,-0.455158,0.856767,-0.026774,0.240966,125.446
sunlamp/images/img002528.jpg,sunlamp,1,25305,1,27541,-0.136234,0.871899,0.463196,-0.0817405,40.792
sunlamp/images/img002529.jpg,sunlamp,1,27205,1,27331,-0.0218687,0.699798,0.634192,-0.328031,34.6705
sunlamp/images/img002530.jpg,sunlamp,1,70006,2,34661,0.0862083,0.373569,0.919555,-0.0862083,123.717
sunlamp/images/img002538.jpg,sunlamp,1,12633,1,47233,-0.240966,0.856767,-0.026774,0.455158,136.266
sunlamp/images/img002540.jpg,sunlamp,0,55033,1,34633,0.190728,0.871899,0.408703,-0.190728,152.526
sunlamp/images/img002542.jpg,sunlamp,3,07772,2,43323,-0.15423,-0.030846,0.987072,0.030846,173.838
sunlamp/images/img002546.jpg,sunlamp,0,65537,1,42533,-0.442642,0.833209,-0.23434,0.23434,154.125
sunlamp/images/img002548.jpg,sunlamp,2,17274,1,27471,-0.228232,0.811493,0.532542,-0.0760775,148.196
sunlamp/images/img002550.jpg,sunlamp,2,77031,3,72463,0.0721062,0.552814,0.31246,0.769133,82.0196
sunlamp/images/img002551.jpg,sunlamp,0,61461,2,43261,-0.371126,-0.0856444,0.91354,0.142741,164.302
sunlamp/images/img002552.jpg,sunlamp,3,15644,1,72433,0.17063,0.780024,0.560642,0.219382,157.254
sunlamp/images/img002553.jpg,sunlamp,0,16206,1,34232,0.129142,0.826512,0.387427,-0.387427,154.071
sunlamp/images/img002555.jpg,sunlamp,3,77306,1,14662,0.0274929,0.879772,-0.467379,-0.0824786,150.85
sunlamp/images/img002559.jpg,sunlamp,0,13072,0,07122,0.861723,-0.188502,-0.24236,-0.403933,78.4006
sunlamp/images/img002561.jpg,sunlamp,3,26151,1,47533,-0.0240354,0.769133,-0.216319,0.600885,63.9362
sunlamp/images/img002562.jpg,sunlamp,2,06531,1,34631,0.194821,0.890609,0.36181,-0.194821,178.814
sunlamp/images/img002563.jpg,sunlamp,1,05573,2,34653,0.20182,0.317146,0.922608,-0.0864945,141.409
sunlamp/images/img002566.jpg,sunlamp,1,70032,1,25721,-0.140469,0.899004,0.36522,-0.196657,44.347
sunlamp/images/img002569.jpg,sunlamp,1,07326,2,16635,0.21039,-0.090167,0.961781,-0.150278,169.249
sunlamp/images/img002577.jpg,sunlamp,0,14305,1,72463,0.0721062,0.769133,0.552814,0.31246,163.341
sunlamp/images/img002579.jpg,sunlamp,0,05731,1,72433,0.17063,0.780024,0.560642,0.219382,155.15
sunlamp/images/img002581.jpg,sunlamp,3,70537,3,43221,-0.374809,-0.0864945,0.0288315,0.922608,103.433
sunlamp/images/img002584.jpg,sunlamp,3,26477,2,42331,-0.467379,-0.0824786,0.879772,0.0274929,155.576
sunlamp/images/img002587.jpg,sunlamp,3,61467,1,42331,-0.467379,0.879772,-0.0824786,0.0274929,145.838
sunlamp/images/img002589.jpg,sunlamp,1,25313,1,34674,0.143208,0.916533,0.372342,-0.0286417,48.0462
sunlamp/images/img002592.jpg,sunlamp,0,36115,2,34604,0.0297351,0.267615,0.951522,-0.148675,110.996
sunlamp/images/img002593.jpg,sunlamp,1,23703,1,72411,0.184274,0.842397,0.447523,0.236924,92.6153
sunlamp/images/img002596.jpg,sunlamp,0,67524,1,42773,-0.441447,0.830959,-0.0259675,0.337577,153.545
sunlamp/images/img002597.jpg,sunlamp,0,03213,3,41225,-0.328824,-0.480589,0.0758825,0.809414,92.4892
sunlamp/images/img002598.jpg,sunlamp,0,40031,1,42331,-0.467379,0.879772,-0.0824786,0.0274929,89.4545
sunlamp/images/img002599.jpg,sunlamp,0,50625,1,47133,-0.026774,0.856767,-0.240966,0.455158,147.069
sunlamp/images/img002600.jpg,sunlamp,2,24560,2,34434,0.150824,0.150824,0.965275,-0.150824,87.9367
sunlamp/images/img002602.jpg,sunlamp,3,42330,1,47133,-0.026774,0.856767,-0.240966,0.455158,142.701
sunlamp/images/img002606.jpg,sunlamp,3,21451,2,43231,-0.269529,-0.0898429,0.958324,0.0299476,136.297
sunlamp/images/img002612.jpg,sunlamp,0,27557,2,42363,-0.543852,-0.0258977,0.828726,0.129488,174.934
sunlamp/images/img002613.jpg,sunlamp,3,61207,2,41333,-0.0275764,-0.468798,0.882444,0.0275764,179.119
sunlamp/images/img002623.jpg,sunlamp,2,61756,2,34635,0.196657,0.36522,0.899004,-0.140469,72.8044
sunlamp/images/img002630.jpg,sunlamp,3,70425,1,42267,-0.662695,0.73125,-0.0228515,0.159961,157.578
sunlamp/images/img002631.jpg,sunlamp,0,24165,1,72465,0.0727821,0.776342,0.509475,0.36391,134.072
sunlamp/images/img002632.jpg,sunlamp,1,34532,2,43211,-0.26482,-0.205971,0.941584,0.0294245,166.323
sunlamp/images/img002636.jpg,sunlamp,0,40706,1,27431,-0.225352,0.801253,0.525822,-0.175274,66.2126
sunlamp/images/img002641.jpg,sunlamp,2,63442,2,61366,-0.190728,0.408703,0.871899,0.190728,26.1849
sunlamp/images/img002649.jpg,sunlamp,3,34544,1,42131,-0.448769,0.844742,-0.29038,0.0263982,175.669
sunlamp/images/img002652.jpg,sunlamp,3,47000,1,72463,0.0721062,0.769133,0.552814,0.31246,160.572
sunlamp/images/img002655.jpg,sunlamp,0,05355,1,72433,0.17063,0.780024,0.560642,0.219382,150.537
sunlamp/images/img002656.jpg,sunlamp,1,56162,1,27435,-0.227067,0.80735,0.529823,-0.126148,130.771
sunlamp/images/img002668.jpg,sunlamp,0,23577,1,42535,-0.431106,0.811493,-0.278951,0.278951,106.739
sunlamp/images/img002669.jpg,sunlamp,2,06174,1,42531,-0.43676,0.822136,-0.282609,0.231226,144.152
sunlamp/images/img002670.jpg,sunlamp,3,00234,2,34564,0.267615,0.148675,0.951522,-0.0297351,88.9688
sunlamp/images/img002673.jpg,sunlamp,2,34521,1,72433,0.17063,0.780024,0.560642,0.219382,98.4781
sunlamp/images/img002674.jpg,sunlamp,2,52542,2,34656,0.146114,0.321451,0.935129,-0.0292228,92.7313
sunlamp/images/img002675.jpg,sunlamp,2,45262,1,47333,-0.0275764,0.882444,-0.0275764,0.468798,166.309
sunlamp/images/img002676.jpg,sunlamp,1,61365,2,34650,0.148152,0.266674,0.948174,-0.0888913,112.607
sunlamp/images/img002678.jpg,sunlamp,1,52642,1,34763,0.296217,0.861723,0.403933,-0.0807866,90.5104
sunlamp/images/img002681.jpg,sunlamp,0,12344,2,31261,0.39765,0.272076,0.669726,-0.565081,109.13
sunlamp/images/img002685.jpg,sunlamp,3,55231,2,34030,0.138728,0.138728,0.887862,-0.416185,175.757
sunlamp/images/img002686.jpg,sunlamp,0,34563,1,74123,0.285642,0.830959,0.181772,0.441447,115.486
sunlamp/images/img002687.jpg,sunlamp,1,60142,1,52264,0.0303869,0.972379,-0.0911606,0.212708,79.1364
sunlamp/images/img002688.jpg,sunlamp,2,45352,1,52412,0.138728,0.887862,-0.360694,0.249711,109.217
sunlamp/images/img002689.jpg,sunlamp,3,77107,3,41134,-0.0712873,-0.641585,0.0712873,0.760398,154.444
sunlamp/images/img002691.jpg,sunlamp,1,20144,1,72433,0.17063,0.780024,0.560642,0.219382,138.721
sunlamp/images/img002692.jpg,sunlamp,3,23413,1,73034,0.479882,0.73125,0.479882,0.0685546,178.41
sunlamp/images/img002695.jpg,sunlamp,1,34435,1,27434,-0.27406,0.797264,0.523205,-0.124573,73.0391
sunlamp/images/img002698.jpg,sunlamp,0,21260,2,42265,-0.661315,-0.0684119,0.729727,0.159628,144.196
sunlamp/images/img002702.jpg,sunlamp,2,02320,1,42533,-0.442642,0.833209,-0.23434,0.23434,161.804
sunlamp/images/img002704.jpg,sunlamp,2,53361,1,41425,-0.287613,0.707972,-0.597351,0.243365,98.5117
sunlamp/images/img002705.jpg,sunlamp,1,14706,1,41374,-0.0789747,0.842397,-0.500173,0.184274,50.51
sunlamp/images/img002706.jpg,sunlamp,2,46576,2,43623,-0.364073,-0.0280056,0.896179,0.25205,55.1526
sunlamp/images/img002707.jpg,sunlamp,0,61133,2,43261,-0.371126,-0.0856444,0.91354,0.142741,160.933
sunlamp/images/img002712.jpg,sunlamp,3,43104,2,71060,0.46047,0.135432,0.866766,0.135432,175.215
sunlamp/images/img002716.jpg,sunlamp,3,25067,2,17463,0.494718,-0.23434,0.833209,-0.0781133,122.227
sunlamp/images/img002717.jpg,sunlamp,1,16466,1,16562,0.260351,0.925691,-0.260351,-0.0867835,27.0894
sunlamp/images/img002718.jpg,sunlamp,1,32541,3,72021,0.0781133,0.546793,0.0260378,0.833209,172.81
sunlamp/images/img002719.jpg,sunlamp,2,30704,1,42531,-0.43676,0.822136,-0.282609,0.231226,152.367
sunlamp/images/img002720.jpg,sunlamp,0,47161,2,43333,-0.0312043,-0.0312043,0.998538,0.0312043,148.421
sunlamp/images/img002721.jpg,sunlamp,2,25057,1,71060,0.46047,0.866766,0.135432,0.135432,177.594
sunlamp/images/img002722.jpg,sunlamp,1,16111,1,34763,0.296217,0.861723,0.403933,-0.0807866,98.5404
sunlamp/images/img002724.jpg,sunlamp,0,56404,3,43237,-0.269529,-0.0299476,0.0898429,0.958324,138.138
sunlamp/images/img002725.jpg,sunlamp,1,07477,1,52243,0.0911606,0.972379,-0.151934,0.151934,47.0005
sunlamp/images/img002732.jpg,sunlamp,1,52640,1,52022,0.0300557,0.961781,-0.270501,0.0300557,39.5317
sunlamp/images/img002733.jpg,sunlamp,3,56430,2,34366,0.239596,0.399326,0.851896,-0.239596,149.744
sunlamp/images/img002736.jpg,sunlamp,2,30524,2,17663,0.508706,-0.026774,0.856767,-0.0803219,66.0965
sunlamp/images/img002737.jpg,sunlamp,2,12001,2,71060,0.46047,0.135432,0.866766,0.135432,120.427
sunlamp/images/img002739.jpg,sunlamp,2,74016,1,34364,0.244497,0.869321,0.353162,-0.244497,148.811
sunlamp/images/img002740.jpg,sunlamp,1,20023,1,71433,0.560642,0.780024,0.17063,0.219382,174.454
sunlamp/images/img002741.jpg,sunlamp,0,11743,1,27464,-0.36477,0.778177,0.510678,-0.024318,177.115
sunlamp/images/img002743.jpg,sunlamp,0,52503,2,34534,0.368729,0.141819,0.907642,-0.141819,179.752
sunlamp/images/img002746.jpg,sunlamp,1,47243,1,72463,0.0721062,0.769133,0.552814,0.31246,97.1833
sunlamp/images/img002749.jpg,sunlamp,1,14676,1,41734,-0.0770752,0.822136,-0.488143,0.282609,41.7682
sunlamp/images/img002750.jpg,sunlamp,2,05172,1,72622,0.0219953,0.703849,0.681854,0.197958,176.601
sunlamp/images/img002756.jpg,sunlamp,1,33451,2,07627,-0.372342,-0.0286417,0.916533,-0.143208,160.198
sunlamp/images/img002762.jpg,sunlamp,1,15626,1,27501,-0.134255,0.859235,0.456468,-0.187958,124.207
sunlamp/images/img002765.jpg,sunlamp,2,71242,1,27431,-0.225352,0.801253,0.525822,-0.175274,111.65
sunlamp/images/img002767.jpg,sunlamp,2,36502,1,41522,-0.165963,0.758686,-0.592723,0.21338,157.663
sunlamp/images/img002768.jpg,sunlamp,2,17346,1,72463,0.0721062,0.769133,0.552814,0.31246,145.383
sunlamp/images/img002769.jpg,sunlamp,3,27203,1,42733,-0.455158,0.856767,-0.026774,0.240966,74.8135
sunlamp/images/img002773.jpg,sunlamp,3,45203,1,72433,0.17063,0.780024,0.560642,0.219382,174.236
sunlamp/images/img002774.jpg,sunlamp,1,64103,1,42275,-0.605095,0.774521,-0.0726113,0.169426,33.2925
sunlamp/images/img002776.jpg,sunlamp,0,37067,2,34631,0.194821,0.36181,0.890609,-0.194821,74.8146
sunlamp/images/img002777.jpg,sunlamp,1,23600,2,42331,-0.467379,-0.0824786,0.879772,0.0274929,117.895
sunlamp/images/img002778.jpg,sunlamp,3,01277,1,42373,-0.464578,0.8745,-0.0273281,0.136641,165.119
sunlamp/images/img002780.jpg,sunlamp,0,00772,2,43223,-0.376062,-0.0289278,0.925691,0.0289278,106.32
sunlamp/images/img002781.jpg,sunlamp,3,43735,3,43233,-0.270501,-0.0300557,0.0300557,0.961781,47.4355
sunlamp/images/img002782.jpg,sunlamp,3,02755,2,34563,0.317146,0.20182,0.922608,-0.0864945,104.63
sunlamp/images/img002783.jpg,sunlamp,1,52474,1,52463,0.0837545,0.893381,-0.251263,0.362936,8.96892
sunlamp/images/img002787.jpg,sunlamp,0,07771,1,42373,-0.464578,0.8745,-0.0273281,0.136641,118.944
sunlamp/images/img002788.jpg,sunlamp,1,41117,1,41513,-0.022663,0.725215,-0.657226,0.203967,16.3644
