image_relpath,domain,chart_gt,path_gt,chart_pred,path_pred,q_pred_w,q_pred_x,q_pred_y,q_pred_z,err_deg
synthetic/images/img000014.jpg,synthetic_val,1,46211,1,42655,-0.570099,0.729727,-0.159628,0.342059,6.49259
synthetic/images/img000022.jpg,synthetic_val,2,30413,2,30432,0.123958,0.173542,0.793334,-0.570209,11.0392
synthetic/images/img000026.jpg,synthetic_val,0,56625,0,74401,0.785646,0.0736543,0.0245514,0.613786,9.78142
synthetic/images/img000033.jpg,synthetic_val,3,61442,3,60552,-0.480589,0.0758825,0.328824,0.809414,13.0088
synthetic/images/img000088.jpg,synthetic_val,1,37541,2,31644,0.414388,0.219382,0.780024,-0.414388,88.6736
synthetic/images/img000132.jpg,synthetic_val,1,53161,1,53163,0.626216,0.742182,-0.208739,0.115966,6.18127
synthetic/images/img000139.jpg,synthetic_val,1,05217,1,05340,-0.168638,0.770916,-0.554096,-0.265003,9.09377
synthetic/images/img000200.jpg,synthetic_val,1,35045,1,35042,0.447523,0.842397,0.0789747,-0.289574,10.537
synthetic/images/img000209.jpg,synthetic_val,0,61577,0,60174,0.837765,-0.497423,0.130901,0.183261,64.714
synthetic/images/img000228.jpg,synthetic_val,0,12451,0,10526,0.686784,0.193158,-0.53655,-0.450702,20.9408
synthetic/images/img000230.jpg,synthetic_val,3,05714,0,05756,0.833209,-0.0781133,-0.546793,-0.0260378,177.422
synthetic/images/img000282.jpg,synthetic_val,0,37502,0,37013,0.691902,0.497305,0.410817,-0.324329,18.9891
synthetic/images/img000343.jpg,synthetic_val,1,25773,1,25735,-0.0286417,0.916533,0.372342,-0.143208,11.3596
synthetic/images/img000344.jpg,synthetic_val,3,65542,3,65504,-0.164854,0.0235506,0.635866,0.753619,7.30726
synthetic/images/img000435.jpg,synthetic_val,0,03030,0,03026,0.686784,-0.32193,-0.193158,-0.622398,11.8433
synthetic/images/img000448.jpg,synthetic_val,2,34402,2,34007,0.0862083,0.0862083,0.919555,-0.373569,18.2757
synthetic/images/img000462.jpg,synthetic_val,2,14347,2,14724,0.233079,-0.492056,0.828726,-0.129488,14.8177
synthetic/images/img000482.jpg,synthetic_val,2,35200,1,34577,0.416185,0.887862,0.19422,-0.0277457,115.634
synthetic/images/img000507.jpg,synthetic_val,2,25675,2,25770,-0.0862083,0.373569,0.919555,-0.0862083,17.7781
synthetic/images/img000523.jpg,synthetic_val,1,71405,1,71405,0.489437,0.824315,0.0257599,0.283358,3.72726
synthetic/images/img000524.jpg,synthetic_val,3,43200,1,43166,-0.20182,0.922608,-0.259483,0.20182,171.843
synthetic/images/img000533.jpg,synthetic_val,2,21526,1,17655,0.574462,0.799251,-0.174836,-0.0249766,167.957
synthetic/images/img000637.jpg,synthetic_val,0,14423,0,14064,0.74702,0.0233444,-0.630298,-0.210099,9.04981
synthetic/images/img000655.jpg,synthetic_val,2,43635,1,05237,-0.227648,0.809414,-0.430001,-0.328824,117.617
synthetic/images/img000669.jpg,synthetic_val,3,23333,2,16337,0.398199,-0.0265466,0.849491,-0.345106,89.5753
synthetic/images/img000741.jpg,synthetic_val,3,43352,3,03773,-0.0268511,-0.0268511,-0.510171,0.859235,78.7198
synthetic/images/img000753.jpg,synthetic_val,3,07511,3,07550,-0.0842816,-0.421408,-0.0842816,0.899004,12.916
synthetic/images/img000782.jpg,synthetic_val,1,35306,1,35352,0.63178,0.697136,0.239641,-0.239641,12.6553
synthetic/images/img000857.jpg,synthetic_val,2,34612,2,34247,0.0853666,0.313011,0.910577,-0.2561,9.68907
synthetic/images/img000907.jpg,synthetic_val,3,15540,3,15653,0.51391,-0.469222,-0.0670318,0.715006,18.4151
synthetic/images/img000915.jpg,synthetic_val,3,53030,3,53025,0.488143,-0.282609,0.0770752,0.822136,6.83402
synthetic/images/img000990.jpg,synthetic_val,3,16300,3,16340,0.25205,-0.196039,-0.308062,0.896179,13.7469
synthetic/images/img000991.jpg,synthetic_val,2,52360,2,52362,0.267615,-0.0297351,0.951522,0.148675,8.90047
synthetic/images/img001002.jpg,synthetic_val,2,52316,2,52343,0.318206,-0.144639,0.925691,0.144639,10.7583
synthetic/images/img001047.jpg,synthetic_val,0,70533,3,20375,-0.370354,0.283212,-0.544638,0.697136,161.59
synthetic/images/img001069.jpg,synthetic_val,0,70335,0,70343,0.890609,0.306147,0.306147,0.139158,12.5094
synthetic/images/img001193.jpg,synthetic_val,0,36313,3,32736,0.255196,0.608545,-0.41224,0.628176,169.708
synthetic/images/img001244.jpg,synthetic_val,0,14466,0,04777,0.799251,-0.424602,-0.424602,-0.0249766,55.5201
synthetic/images/img001262.jpg,synthetic_val,1,25422,1,24717,-0.445063,0.837765,0.287982,-0.130901,13.412
synthetic/images/img001290.jpg,synthetic_val,1,36564,1,72160,0.227067,0.80735,0.529823,0.126148,18.0659
synthetic/images/img001291.jpg,synthetic_val,3,06572,3,06705,-0.535303,-0.178434,-0.127453,0.8157,10.3937
synthetic/images/img001292.jpg,synthetic_val,0,06523,0,06564,0.781884,-0.561979,-0.268773,-0.0244339,18.0476
synthetic/images/img001322.jpg,synthetic_val,3,37304,3,27717,-0.0237089,0.640141,-0.118545,0.758686,68.2497
synthetic/images/img001362.jpg,synthetic_val,1,25057,1,25147,-0.148152,0.948174,0.0888913,-0.266674,11.6327
synthetic/images/img001371.jpg,synthetic_val,3,16756,3,16563,0.313011,-0.2561,-0.0853666,0.910577,18.9511
synthetic/images/img001443.jpg,synthetic_val,2,21627,3,74133,0.376533,0.175715,0.426737,0.80327,164.261
synthetic/images/img001487.jpg,synthetic_val,1,06711,1,06717,-0.46047,0.866766,-0.135432,-0.135432,8.7169
synthetic/images/img001513.jpg,synthetic_val,3,40345,3,40356,-0.438786,-0.484974,0.161658,0.739008,6.70692
synthetic/images/img001522.jpg,synthetic_val,3,33144,3,33055,0.463066,0.342266,-0.503333,0.644266,4.94079
synthetic/images/img001552.jpg,synthetic_val,2,17344,2,21374,-0.0701862,0.30414,0.748653,-0.584885,104.517
synthetic/images/img001554.jpg,synthetic_val,3,25064,1,25271,-0.240966,0.856767,0.348062,-0.294514,165.215
synthetic/images/img001564.jpg,synthetic_val,0,47742,1,42234,-0.641585,0.760398,-0.0712873,0.0712873,115.378
synthetic/images/img001567.jpg,synthetic_val,0,54135,3,14146,0.199901,-0.644126,-0.199901,0.71076,139.797
synthetic/images/img001588.jpg,synthetic_val,3,65153,3,65150,-0.0781133,0.0260378,0.546793,0.833209,7.00441
synthetic/images/img001589.jpg,synthetic_val,0,75446,0,75513,0.625291,0.605751,0.058621,0.488509,35.7508
synthetic/images/img001621.jpg,synthetic_val,2,16703,2,16560,0.2561,-0.313011,0.910577,-0.0853666,23.1599
synthetic/images/img001664.jpg,synthetic_val,2,23150,1,30755,0.372793,0.795292,0.223676,-0.422499,93.6447
synthetic/images/img001665.jpg,synthetic_val,3,14024,1,21330,-0.0645049,0.688053,0.279521,-0.666551,10.863
synthetic/images/img001692.jpg,synthetic_val,2,75757,0,76472,0.650627,0.10166,0.467638,0.589631,18.9495
synthetic/images/img001733.jpg,synthetic_val,3,57026,3,51711,0.608545,-0.451501,0.176674,0.628176,50.3801
synthetic/images/img001747.jpg,synthetic_val,0,42540,3,50544,0.188031,-0.647663,0.313385,0.668555,111.362
synthetic/images/img001785.jpg,synthetic_val,0,14333,3,17106,0.560843,-0.291638,-0.291638,0.717879,157.654
synthetic/images/img001786.jpg,synthetic_val,1,10576,1,14212,0.120736,0.772712,-0.507093,-0.362209,20.4241
synthetic/images/img001848.jpg,synthetic_val,2,32401,2,32046,0.0222994,0.423689,0.713582,-0.557486,8.34721
synthetic/images/img001891.jpg,synthetic_val,0,25522,0,25522,0.935129,-0.204559,0.204559,-0.204559,1.44806
synthetic/images/img001935.jpg,synthetic_val,2,53627,2,71411,0.568812,0.024731,0.791391,0.222579,13.0083
synthetic/images/img001937.jpg,synthetic_val,2,20433,2,20455,-0.567742,0.0227097,0.72671,-0.386065,19.8022
synthetic/images/img001953.jpg,synthetic_val,0,52142,0,52045,0.88514,0.0829819,-0.41491,0.193624,22.1494
synthetic/images/img002019.jpg,synthetic_val,0,15441,3,10654,0.115717,-0.532299,-0.393438,0.74059,173.114
synthetic/images/img002040.jpg,synthetic_val,2,05657,2,41231,-0.234978,-0.496065,0.835478,0.0261087,8.98779
synthetic/images/img002111.jpg,synthetic_val,2,33260,2,21514,-0.0781133,0.0260378,0.833209,-0.546793,82.1527
synthetic/images/img002128.jpg,synthetic_val,3,47036,3,43340,-0.206689,-0.206689,0.147635,0.944862,40.0643
synthetic/images/img002184.jpg,synthetic_val,1,56314,1,56172,0.313914,0.772712,-0.217325,0.507093,7.68884
synthetic/images/img002210.jpg,synthetic_val,3,33112,0,33254,0.614137,0.403027,0.479794,-0.479794,171.45
synthetic/images/img002261.jpg,synthetic_val,0,03717,0,03723,0.805302,-0.125828,-0.0251657,-0.578811,18.0234
synthetic/images/img002317.jpg,synthetic_val,3,06671,3,24453,-0.612311,0.0734773,-0.0734773,0.783758,15.795
synthetic/images/img002513.jpg,synthetic_val,2,43374,2,52642,0.0286417,-0.143208,0.916533,0.372342,23.4839
synthetic/images/img002526.jpg,synthetic_val,1,10522,1,10410,0.099229,0.635066,-0.61522,-0.456453,14.9701
synthetic/images/img002546.jpg,synthetic_val,0,21767,0,23526,0.707972,-0.154869,0.508855,-0.464606,17.8196
synthetic/images/img002607.jpg,synthetic_val,3,26406,3,26406,-0.636643,0.390201,-0.102684,0.65718,2.31636
synthetic/images/img002637.jpg,synthetic_val,3,75476,3,75475,0.456453,0.099229,0.61522,0.635066,5.64269
synthetic/images/img002681.jpg,synthetic_val,1,35424,1,35442,0.465972,0.877124,0.0822304,-0.0822304,9.4047
synthetic/images/img002702.jpg,synthetic_val,1,44336,1,44330,-0.421184,0.709362,-0.421184,0.376848,7.42236
synthetic/images/img002708.jpg,synthetic_val,0,67430,0,67410,0.705215,-0.242418,0.374646,0.55095,8.1577
synthetic/images/img002744.jpg,synthetic_val,0,22274,2,22777,-0.335795,0.612333,0.632085,-0.335795,178.068
synthetic/images/img002756.jpg,synthetic_val,3,52435,3,52431,0.196039,-0.308062,0.25205,0.896179,5.71609
synthetic/images/img002786.jpg,synthetic_val,0,60047,0,06065,0.703849,-0.637864,-0.241948,-0.197958,53.8272
synthetic/images/img002790.jpg,synthetic_val,3,07160,3,07545,-0.140028,-0.420084,-0.0280056,0.896179,33.6795
synthetic/images/img002914.jpg,synthetic_val,0,30030,0,36260,0.717879,0.0224337,0.650578,-0.246771,82.2457
synthetic/images/img003032.jpg,synthetic_val,0,72612,0,72244,0.776342,0.0242607,0.606517,0.169825,15.3446
synthetic/images/img003033.jpg,synthetic_val,1,35215,1,35356,0.637864,0.703849,0.241948,-0.197958,18.8883
synthetic/images/img003084.jpg,synthetic_val,0,54260,0,54307,0.725215,0.249293,-0.475923,0.430597,27.0718
synthetic/images/img003123.jpg,synthetic_val,0,51566,0,55160,0.602702,0.470861,-0.50853,0.395523,11.5734
synthetic/images/img003138.jpg,synthetic_val,0,47035,0,47027,0.791391,-0.321503,-0.222579,0.469888,12.9048
synthetic/images/img003139.jpg,synthetic_val,0,42237,0,60240,0.699798,-0.67793,0.196818,0.109344,29.1363
synthetic/images/img003170.jpg,synthetic_val,2,23576,1,34156,0.362936,0.893381,0.0837545,-0.251263,104.806
synthetic/images/img003285.jpg,synthetic_val,0,24341,0,24713,0.830959,-0.441447,0.285642,-0.181772,17.1346
synthetic/images/img003304.jpg,synthetic_val,0,13522,0,13522,0.673274,0.525995,-0.189358,-0.483916,2.03015
synthetic/images/img003328.jpg,synthetic_val,2,25340,0,25563,0.961781,-0.150278,0.21039,-0.090167,176.394
synthetic/images/img003377.jpg,synthetic_val,3,56512,3,56511,0.327405,-0.327405,0.545675,0.698464,5.52911
synthetic/images/img003378.jpg,synthetic_val,3,61520,1,34742,0.2561,0.910577,0.313011,-0.0853666,172.019
synthetic/images/img003401.jpg,synthetic_val,3,43731,0,42232,0.763856,-0.644503,-0.0238705,0.0238705,173.678
synthetic/images/img003584.jpg,synthetic_val,0,12027,0,22747,0.642187,-0.421435,0.541845,-0.341162,113.788
synthetic/images/img003639.jpg,synthetic_val,1,40302,1,40307,-0.479882,0.73125,-0.479882,0.0685546,7.02985
synthetic/images/img003649.jpg,synthetic_val,0,47236,0,47303,0.866766,-0.135432,-0.135432,0.46047,20.9881
synthetic/images/img003707.jpg,synthetic_val,3,71601,3,71634,0.50128,0.310316,0.262575,0.763856,10.5797
synthetic/images/img003736.jpg,synthetic_val,3,50746,3,54230,0.121303,-0.460953,0.412432,0.776342,10.9902
synthetic/images/img003783.jpg,synthetic_val,3,42054,3,40336,-0.463139,-0.414388,0.0731272,0.780024,20.894
synthetic/images/img003795.jpg,synthetic_val,1,43471,1,43655,-0.24236,0.861723,-0.188502,0.403933,12.0502
synthetic/images/img003805.jpg,synthetic_val,3,24451,3,24553,-0.465972,0.0822304,-0.0822304,0.877124,19.3839
synthetic/images/img003830.jpg,synthetic_val,0,50374,0,50723,0.822136,0.282609,-0.43676,0.231226,5.28757
synthetic/images/img003864.jpg,synthetic_val,2,70261,2,70621,0.0837545,0.362936,0.893381,0.251263,10.6463
synthetic/images/img003870.jpg,synthetic_val,3,34032,3,30242,0.023094,0.254034,-0.623538,0.739008,34.4714
synthetic/images/img003877.jpg,synthetic_val,3,14351,3,41342,-0.178434,-0.535303,0.127453,0.8157,75.6136
synthetic/images/img003878.jpg,synthetic_val,0,06313,0,07202,0.826512,-0.387427,-0.129142,-0.387427,4.68923
synthetic/images/img003880.jpg,synthetic_val,2,40377,2,41223,-0.337577,-0.441447,0.830959,0.0259675,18.339
synthetic/images/img003901.jpg,synthetic_val,3,34251,3,34207,0.0824786,0.302422,-0.357407,0.879772,14.644
synthetic/images/img003987.jpg,synthetic_val,1,65624,2,63457,-0.218862,0.462042,0.778177,0.36477,67.8117
synthetic/images/img004110.jpg,synthetic_val,0,02715,0,03046,0.707972,-0.331862,-0.287613,-0.553103,19.3336
synthetic/images/img004258.jpg,synthetic_val,1,02715,2,54046,0.0204337,-0.592578,0.653879,0.469975,76.545
synthetic/images/img004429.jpg,synthetic_val,3,35702,3,35760,0.584885,0.30414,-0.0701862,0.748653,9.69478
synthetic/images/img004489.jpg,synthetic_val,0,14460,0,14461,0.760398,0.0712873,-0.641585,-0.0712873,6.76309
synthetic/images/img004509.jpg,synthetic_val,2,27562,2,27540,-0.189051,0.459124,0.864234,-0.0810219,16.3917
synthetic/images/img004586.jpg,synthetic_val,0,74361,0,74760,0.695817,0.195698,0.282675,0.630584,20.4597
synthetic/images/img004672.jpg,synthetic_val,1,16173,1,17023,0.462042,0.778177,-0.218862,-0.36477,13.9903
synthetic/images/img004684.jpg,synthetic_val,0,35426,0,34711,0.861723,0.403933,0.24236,-0.188502,10.7839
synthetic/images/img004686.jpg,synthetic_val,2,71602,2,71414,0.527146,0.0251022,0.80327,0.276124,34.2887
synthetic/images/img004707.jpg,synthetic_val,2,13623,2,31601,0.425385,0.201498,0.716438,-0.51494,26.4646
synthetic/images/img004738.jpg,synthetic_val,1,42637,1,42707,-0.523205,0.797264,-0.124573,0.27406,15.0081
synthetic/images/img004784.jpg,synthetic_val,0,66565,2,12613,0.173542,-0.123958,0.793334,-0.570209,165.151
synthetic/images/img004815.jpg,synthetic_val,3,60376,3,60375,-0.434472,0.332243,0.1789,0.817829,5.68793
synthetic/images/img004848.jpg,synthetic_val,0,71074,2,07726,-0.211154,-0.0301648,0.965275,-0.150824,169.514
synthetic/images/img005045.jpg,synthetic_val,0,16421,0,16416,0.907642,0.141819,-0.368729,-0.141819,10.5267
synthetic/images/img005049.jpg,synthetic_val,1,26504,1,24727,-0.507093,0.772712,0.362209,-0.120736,6.29825
synthetic/images/img005080.jpg,synthetic_val,3,47333,3,70074,0.149204,0.149204,0.208885,0.954905,43.9
synthetic/images/img005103.jpg,synthetic_val,0,07662,0,62525,0.71076,-0.466436,0.466436,0.244324,73.0284
synthetic/images/img005113.jpg,synthetic_val,2,04075,1,17066,0.442642,0.833209,-0.23434,-0.23434,75.5063
synthetic/images/img005155.jpg,synthetic_val,1,70151,1,56333,0.38236,0.8157,-0.0254906,0.433341,36.4364
synthetic/images/img005184.jpg,synthetic_val,3,61260,3,61364,-0.194821,0.36181,0.194821,0.890609,24.8851
synthetic/images/img005334.jpg,synthetic_val,1,34526,1,34755,0.411152,0.877124,0.246691,-0.0274101,21.3409
synthetic/images/img005335.jpg,synthetic_val,3,40305,3,40314,-0.433275,-0.524491,0.0684119,0.729727,4.09683
synthetic/images/img005381.jpg,synthetic_val,1,67527,0,67251,0.686784,-0.193158,0.53655,0.450702,144.283
synthetic/images/img005452.jpg,synthetic_val,3,74113,3,75004,0.415376,0.0244339,0.464244,0.781884,10.352
synthetic/images/img005483.jpg,synthetic_val,2,74304,1,74242,0.0251022,0.80327,0.276124,0.527146,97.9947
synthetic/images/img005528.jpg,synthetic_val,3,21575,3,21535,-0.0258977,0.129488,-0.543852,0.828726,13.0773
synthetic/images/img005529.jpg,synthetic_val,0,50423,0,50211,0.799251,0.174836,-0.574462,0.0249766,27.5804
synthetic/images/img005542.jpg,synthetic_val,1,34066,1,34066,0.0294245,0.941584,0.205971,-0.26482,3.48131
synthetic/images/img005617.jpg,synthetic_val,0,36017,0,36220,0.699798,0.0218687,0.634192,-0.328031,29.6334
synthetic/images/img005646.jpg,synthetic_val,0,02067,0,02344,0.678094,-0.48738,-0.148333,-0.529761,11.3706
synthetic/images/img005668.jpg,synthetic_val,3,05226,3,30570,0.327154,0.125828,-0.478148,0.805302,104.625
synthetic/images/img005800.jpg,synthetic_val,2,13466,2,16103,0.280397,-0.331378,0.8157,-0.38236,19.507
synthetic/images/img005805.jpg,synthetic_val,3,43457,3,43502,-0.19245,-0.357407,0.247436,0.879772,16.3324
synthetic/images/img005828.jpg,synthetic_val,2,56231,2,56300,0.236924,-0.184274,0.842397,0.447523,14.2006
synthetic/images/img005871.jpg,synthetic_val,0,16017,0,16166,0.899004,0.252845,-0.252845,-0.252845,17.9586
synthetic/images/img005967.jpg,synthetic_val,2,07515,2,07501,-0.137464,-0.412393,0.879772,-0.19245,16.4139
synthetic/images/img006003.jpg,synthetic_val,1,36740,1,36707,0.252424,0.734324,0.619586,-0.114738,8.28888
synthetic/images/img006099.jpg,synthetic_val,3,43741,3,47323,-0.136641,-0.0273281,0.464578,0.8745,20.0432
synthetic/images/img006184.jpg,synthetic_val,2,57253,0,67220,0.656074,-0.307535,0.594567,0.348539,35.8971
synthetic/images/img006210.jpg,synthetic_val,1,12105,1,17000,0.404877,0.762121,-0.357244,-0.357244,36.9551
synthetic/images/img006221.jpg,synthetic_val,1,75652,1,47407,-0.284293,0.699798,-0.284293,0.590455,104.488
synthetic/images/img006421.jpg,synthetic_val,1,43345,1,43351,-0.0301648,0.965275,-0.211154,0.150824,13.6289
synthetic/images/img006587.jpg,synthetic_val,3,30024,2,30302,0.19245,0.235217,0.684267,-0.662884,45.7569
synthetic/images/img006641.jpg,synthetic_val,3,40701,3,40354,-0.428838,-0.51912,0.157993,0.722254,7.63781
synthetic/images/img006682.jpg,synthetic_val,2,05567,2,05563,-0.121879,-0.609394,0.780024,-0.0731272,5.66685
synthetic/images/img006689.jpg,synthetic_val,1,34602,1,25731,-0.0283638,0.907642,0.368729,-0.198547,6.88024
synthetic/images/img006716.jpg,synthetic_val,3,64130,3,64341,-0.471108,0.201903,0.471108,0.717879,13.8301
synthetic/images/img006781.jpg,synthetic_val,1,71647,2,36531,0.359701,0.503581,0.767362,-0.16786,92.8304
synthetic/images/img006795.jpg,synthetic_val,3,35141,3,17365,0.628928,-0.0698809,-0.209643,0.745396,11.0374
synthetic/images/img006865.jpg,synthetic_val,0,05553,0,42524,0.755297,-0.54287,-0.259633,0.259633,87.3583
synthetic/images/img006877.jpg,synthetic_val,3,44123,3,44340,-0.457898,-0.457898,0.418081,0.637076,8.61478
synthetic/images/img006926.jpg,synthetic_val,0,52222,1,63371,-0.0229961,0.735875,0.666887,0.114981,175.602
synthetic/images/img006943.jpg,synthetic_val,2,25723,2,25367,-0.135831,0.407494,0.869321,-0.244497,5.91234
synthetic/images/img006945.jpg,synthetic_val,0,74110,0,56352,0.785646,0.319169,-0.122757,0.51558,21.8491
synthetic/images/img006959.jpg,synthetic_val,1,73421,1,73034,0.479882,0.73125,0.479882,0.0685546,18.6337
synthetic/images/img007056.jpg,synthetic_val,2,61312,2,61330,-0.0864945,0.374809,0.922608,0.0288315,6.95963
synthetic/images/img007093.jpg,synthetic_val,0,20554,0,20754,0.763856,-0.453539,0.214834,-0.405798,19.4974
synthetic/images/img007102.jpg,synthetic_val,2,42062,0,44055,0.571155,-0.446215,-0.553307,0.410518,98.0305
synthetic/images/img007118.jpg,synthetic_val,1,17564,1,17476,0.533917,0.813589,-0.228822,-0.0254246,7.94354
synthetic/images/img007134.jpg,synthetic_val,1,14112,3,14114,0.269723,-0.643187,-0.269723,0.663935,133.026
synthetic/images/img007190.jpg,synthetic_val,3,63511,3,70262,0.0280056,0.420084,0.140028,0.896179,13.8384
synthetic/images/img007200.jpg,synthetic_val,1,62004,1,60262,-0.655727,0.676879,0.317287,0.105762,7.50846
synthetic/images/img007226.jpg,synthetic_val,1,70561,2,16376,0.364073,-0.0280056,0.896179,-0.25205,167.799
synthetic/images/img007259.jpg,synthetic_val,1,03633,2,66006,-0.595823,0.365182,0.615044,0.365182,158.525
synthetic/images/img007277.jpg,synthetic_val,1,20070,1,10205,0.061199,0.652789,-0.469192,-0.59159,98.675
synthetic/images/img007304.jpg,synthetic_val,1,67607,1,65340,-0.175274,0.801253,0.225352,0.525822,41.6565
synthetic/images/img007368.jpg,synthetic_val,0,15601,3,10600,0.0219107,-0.503945,-0.503945,0.701141,173.911
synthetic/images/img007375.jpg,synthetic_val,3,60355,3,60114,-0.508706,0.026774,0.0803219,0.856767,30.7484
synthetic/images/img007457.jpg,synthetic_val,1,24716,1,24725,-0.51558,0.785646,0.319169,-0.122757,6.3441
synthetic/images/img007647.jpg,synthetic_val,1,40131,1,61670,-0.285642,0.830959,0.337577,0.337577,117.754
synthetic/images/img007698.jpg,synthetic_val,3,51607,3,51036,0.458367,-0.545675,0.065481,0.698464,20.5195
synthetic/images/img007753.jpg,synthetic_val,1,06367,1,06726,-0.578811,0.805302,-0.0251657,-0.125828,9.9056
synthetic/images/img007805.jpg,synthetic_val,3,50362,3,50437,0.164128,-0.58617,0.257915,0.750298,25.6445
synthetic/images/img007914.jpg,synthetic_val,0,23163,0,23112,0.659408,-0.0618195,0.391524,-0.638802,16.9934
synthetic/images/img007917.jpg,synthetic_val,3,43063,1,43175,-0.0289278,0.925691,-0.318206,0.202495,171.126
synthetic/images/img007921.jpg,synthetic_val,1,76027,1,63675,-0.193158,0.686784,0.622398,0.32193,33.2361
synthetic/images/img007928.jpg,synthetic_val,0,11115,0,41511,0.703849,-0.0219953,-0.681854,0.197958,106.674
synthetic/images/img007932.jpg,synthetic_val,3,05105,3,05436,-0.259633,-0.590076,-0.118015,0.755297,28.2518
synthetic/images/img007937.jpg,synthetic_val,3,21733,3,30221,0.0645049,0.279521,-0.666551,0.688053,21.106
synthetic/images/img007966.jpg,synthetic_val,1,43050,1,41366,-0.186352,0.851896,-0.45257,0.186352,14.3496
synthetic/images/img007975.jpg,synthetic_val,0,73476,2,11555,0.545035,-0.545035,0.562617,-0.29889,142.364
synthetic/images/img008000.jpg,synthetic_val,1,03651,1,07102,-0.182761,0.835478,-0.339413,-0.39163,18.1874
synthetic/images/img008053.jpg,synthetic_val,3,53223,3,17613,0.570209,-0.123958,-0.173542,0.793334,29.8471
synthetic/images/img008078.jpg,synthetic_val,2,42321,2,16503,0.297951,-0.352124,0.866766,-0.189605,107.999
synthetic/images/img008083.jpg,synthetic_val,1,74277,1,74233,0.175715,0.80327,0.376533,0.426737,17.0081
synthetic/images/img008181.jpg,synthetic_val,0,44545,2,24221,-0.610155,0.273518,0.673274,-0.315597,33.0157
synthetic/images/img008191.jpg,synthetic_val,2,72471,0,72621,0.72373,0.0678497,0.65588,0.203549,87.2387
synthetic/images/img008253.jpg,synthetic_val,1,20437,3,44771,-0.338985,-0.378865,0.578268,0.638089,149.105
synthetic/images/img008398.jpg,synthetic_val,2,15315,2,71524,0.590076,0.118015,0.755297,0.259633,91.4302
synthetic/images/img008493.jpg,synthetic_val,0,65574,2,61153,-0.0307293,0.0921878,0.983336,0.153646,159.642
synthetic/images/img008515.jpg,synthetic_val,0,01263,0,03664,0.813589,-0.38137,-0.0762739,-0.432219,39.0472
synthetic/images/img008562.jpg,synthetic_val,1,45005,1,45000,-0.30006,0.640128,-0.620124,0.340068,5.62162
synthetic/images/img008609.jpg,synthetic_val,3,03405,1,53355,0.67923,0.701141,-0.153375,0.153375,152.632
synthetic/images/img008715.jpg,synthetic_val,3,64036,3,64551,-0.366206,0.0215415,0.624704,0.689329,39.1977
synthetic/images/img008747.jpg,synthetic_val,1,61574,1,65305,-0.129488,0.828726,0.233079,0.492056,14.088
synthetic/images/img008812.jpg,synthetic_val,1,06347,1,06721,-0.538108,0.819974,-0.0768726,-0.179369,7.95769
synthetic/images/img008856.jpg,synthetic_val,2,63174,2,63516,-0.0770752,0.488143,0.822136,0.282609,11.5227
synthetic/images/img008863.jpg,synthetic_val,0,75464,0,25333,0.833209,-0.0260378,0.390567,-0.390567,140.207
synthetic/images/img008866.jpg,synthetic_val,2,07551,2,07551,-0.028183,-0.422745,0.901856,-0.084549,1.93132
synthetic/images/img008868.jpg,synthetic_val,2,47124,2,43546,-0.182761,-0.339413,0.835478,0.39163,13.1737
synthetic/images/img008947.jpg,synthetic_val,3,60163,3,60133,-0.46047,0.189605,0.0270864,0.866766,16.8716
synthetic/images/img008965.jpg,synthetic_val,0,56410,0,56205,0.842397,0.0789747,-0.184274,0.500173,24.4999
synthetic/images/img008968.jpg,synthetic_val,3,60055,3,60041,-0.666887,0.0229961,0.114981,0.735875,11.2231
synthetic/images/img008999.jpg,synthetic_val,0,70053,0,70105,0.941584,0.323669,0.0294245,0.0882735,16.4194
synthetic/images/img009018.jpg,synthetic_val,1,63131,1,62153,-0.412432,0.776342,0.460953,0.121303,47.973
synthetic/images/img009103.jpg,synthetic_val,0,04336,0,06115,0.774521,-0.411464,-0.363057,-0.314649,6.711
synthetic/images/img009175.jpg,synthetic_val,3,70172,3,71024,0.463196,0.136234,0.0817405,0.871899,15.7691
synthetic/images/img009184.jpg,synthetic_val,1,46770,1,46716,-0.410817,0.691902,-0.10811,0.583792,5.35096
synthetic/images/img009259.jpg,synthetic_val,1,63606,3,64133,-0.418384,0.172276,0.418384,0.787547,92.2797
synthetic/images/img009270.jpg,synthetic_val,3,34252,3,34302,0.23627,0.288775,-0.393784,0.840072,15.8953
synthetic/images/img009280.jpg,synthetic_val,3,53536,0,07701,0.944862,-0.147635,-0.206689,-0.206689,128.175
synthetic/images/img009318.jpg,synthetic_val,2,45224,2,44370,-0.406284,-0.406284,0.684267,0.44905,8.53899
synthetic/images/img009384.jpg,synthetic_val,1,54703,3,14463,0.0734773,-0.612311,-0.0734773,0.783758,172.677
synthetic/images/img009414.jpg,synthetic_val,3,24153,3,24133,-0.426737,0.175715,-0.376533,0.80327,12.6149
synthetic/images/img009443.jpg,synthetic_val,0,54316,0,05563,0.780024,-0.121879,-0.609394,-0.0731272,77.4362
synthetic/images/img009640.jpg,synthetic_val,3,17026,3,16011,0.179369,-0.384363,-0.384363,0.819974,30.8544
synthetic/images/img009666.jpg,synthetic_val,1,35055,1,35006,0.440261,0.828726,0.0776931,-0.33667,20.0277
synthetic/images/img009693.jpg,synthetic_val,0,73150,2,31543,0.585988,0.0651098,0.694504,-0.412362,99.5989
synthetic/images/img009720.jpg,synthetic_val,2,13415,2,11677,0.498237,-0.368262,0.6932,-0.368262,11.6139
synthetic/images/img009801.jpg,synthetic_val,2,73033,2,36535,0.362209,0.507093,0.772712,-0.120736,24.799
synthetic/images/img009880.jpg,synthetic_val,1,15775,0,51212,0.732782,0.480888,-0.480888,0.0228994,24.874
synthetic/images/img009887.jpg,synthetic_val,2,45507,1,10005,0.0563436,0.600999,-0.582217,-0.544655,8.38863
synthetic/images/img009916.jpg,synthetic_val,3,07357,3,07111,-0.0260378,-0.390567,-0.390567,0.833209,35.8346
synthetic/images/img009933.jpg,synthetic_val,0,13450,0,13566,0.712167,0.55638,-0.200297,-0.378339,17.2185
synthetic/images/img009943.jpg,synthetic_val,0,63331,0,27707,0.753619,-0.117753,0.635866,-0.117753,22.0634
synthetic/images/img010030.jpg,synthetic_val,2,06433,2,06463,-0.65588,-0.203549,0.72373,-0.0678497,16.4353
synthetic/images/img010063.jpg,synthetic_val,3,24700,3,24016,-0.61443,0.06827,-0.295837,0.728214,25.7712
synthetic/images/img010079.jpg,synthetic_val,2,70124,2,70121,0.321451,0.146114,0.935129,0.0292228,8.11623
synthetic/images/img010088.jpg,synthetic_val,2,41463,2,41600,-0.347898,-0.533443,0.742182,0.208739,8.57034
synthetic/images/img010124.jpg,synthetic_val,3,52104,3,14746,0.228822,-0.533917,-0.0254246,0.813589,19.3052
synthetic/images/img010133.jpg,synthetic_val,2,43434,2,43254,-0.312002,-0.198547,0.907642,0.198547,13.3904
synthetic/images/img010151.jpg,synthetic_val,2,30273,2,32350,0.25759,0.495365,0.634068,-0.534994,25.2711
synthetic/images/img010177.jpg,synthetic_val,1,37471,1,37417,0.522323,0.72671,0.431484,-0.113548,5.63498
synthetic/images/img010220.jpg,synthetic_val,0,55012,2,20144,-0.492719,0.0214226,0.685522,-0.535564,59.3376
synthetic/images/img010238.jpg,synthetic_val,2,12623,2,12623,0.0758825,-0.0252942,0.809414,-0.581766,3.43027
synthetic/images/img010321.jpg,synthetic_val,0,74725,0,74760,0.695817,0.195698,0.282675,0.630584,7.92138
synthetic/images/img010413.jpg,synthetic_val,2,67233,2,67632,-0.21049,0.5932,0.612335,0.478387,18.4341
synthetic/images/img010451.jpg,synthetic_val,2,41625,2,41166,-0.167476,-0.598127,0.765603,0.167476,24.3432
synthetic/images/img010453.jpg,synthetic_val,1,47655,1,47641,-0.284839,0.701141,-0.153375,0.635409,10.3424
synthetic/images/img010478.jpg,synthetic_val,1,05530,3,25553,-0.0309641,0.0928922,-0.0928922,0.99085,178.788
synthetic/images/img010504.jpg,synthetic_val,0,05705,0,54603,0.698464,0.065481,-0.458367,0.545675,84.5228
synthetic/images/img010547.jpg,synthetic_val,3,57502,3,57431,0.479687,-0.229416,0.521399,0.667391,8.82996
synthetic/images/img010583.jpg,synthetic_val,3,50604,3,41667,-0.314649,-0.411464,0.363057,0.774521,43.2871
synthetic/images/img010589.jpg,synthetic_val,2,56350,1,02471,-0.541562,0.6932,-0.238287,-0.411587,92.5603
synthetic/images/img010628.jpg,synthetic_val,1,26746,1,26746,-0.481365,0.669726,0.565081,-0.0209289,2.32434
synthetic/images/img010644.jpg,synthetic_val,0,01216,0,01325,0.674469,-0.105386,-0.400466,-0.611238,12.8556
synthetic/images/img010697.jpg,synthetic_val,0,47626,0,46733,0.72671,-0.386065,-0.0227097,0.567742,8.4169
synthetic/images/img010700.jpg,synthetic_val,1,63160,1,63524,-0.173117,0.791391,0.51935,0.272041,18.574
synthetic/images/img010701.jpg,synthetic_val,2,67235,1,67030,-0.254034,0.739008,0.484974,0.392598,25.4012
synthetic/images/img010723.jpg,synthetic_val,2,74242,1,64731,-0.370354,0.697136,0.283212,0.544638,93.2721
synthetic/images/img010791.jpg,synthetic_val,1,63535,1,72426,0.0244339,0.781884,0.561979,0.268773,7.79581
synthetic/images/img010813.jpg,synthetic_val,2,12763,2,12703,0.266868,-0.121303,0.776342,-0.557996,12.6099
synthetic/images/img010897.jpg,synthetic_val,0,21057,0,21107,0.734324,-0.114738,0.0688428,-0.665481,13.2676
synthetic/images/img010934.jpg,synthetic_val,2,63444,2,62344,-0.48738,0.529761,0.678094,0.148333,33.4537
synthetic/images/img010974.jpg,synthetic_val,3,57527,3,57742,0.498507,-0.0997013,0.578268,0.638089,9.78121
synthetic/images/img011010.jpg,synthetic_val,3,07476,1,41763,-0.128799,0.824315,-0.437917,0.334878,162.633
synthetic/images/img011172.jpg,synthetic_val,1,56765,1,56744,0.195698,0.695817,-0.15221,0.674072,12.1134
synthetic/images/img011177.jpg,synthetic_val,0,37124,3,30324,0.195698,0.282675,-0.630584,0.695817,157.544
synthetic/images/img011247.jpg,synthetic_val,2,52225,2,16674,0.153646,-0.0921878,0.983336,-0.0307293,19.2615
synthetic/images/img011311.jpg,synthetic_val,1,50235,1,50225,0.0800926,0.854321,-0.507253,0.0800926,10.8626
synthetic/images/img011323.jpg,synthetic_val,2,12574,3,52573,0.387427,-0.232456,0.33577,0.826512,166.036
synthetic/images/img011339.jpg,synthetic_val,0,61125,0,61124,0.961781,-0.21039,0.150278,0.090167,8.31642
synthetic/images/img011342.jpg,synthetic_val,3,13767,3,13233,0.458626,-0.0199403,-0.618148,0.638089,32.3078
synthetic/images/img011364.jpg,synthetic_val,2,40050,2,40253,-0.543607,-0.45663,0.695817,0.108721,18.1376
synthetic/images/img011368.jpg,synthetic_val,2,07540,2,07551,-0.028183,-0.422745,0.901856,-0.084549,19.3239
synthetic/images/img011395.jpg,synthetic_val,2,61733,2,63510,-0.0800926,0.453858,0.854321,0.240278,7.68246
synthetic/images/img011490.jpg,synthetic_val,2,34564,2,70121,0.321451,0.146114,0.935129,0.0292228,12.453
synthetic/images/img011513.jpg,synthetic_val,3,26561,3,26522,-0.498237,0.498237,-0.151637,0.6932,11.3987
synthetic/images/img011565.jpg,synthetic_val,2,56343,2,56713,0.344214,-0.114738,0.734324,0.57369,15.0488
synthetic/images/img011611.jpg,synthetic_val,0,23675,0,27233,0.668555,-0.188031,0.647663,-0.313385,7.96552
synthetic/images/img011612.jpg,synthetic_val,3,57721,3,75742,0.489256,0.215273,0.567537,0.626248,32.7863
synthetic/images/img011614.jpg,synthetic_val,1,41713,1,41716,-0.0751175,0.801253,-0.525822,0.275431,8.73554
synthetic/images/img011683.jpg,synthetic_val,1,05774,1,05736,-0.0817405,0.871899,-0.463196,-0.136234,13.3728
synthetic/images/img011853.jpg,synthetic_val,3,12777,3,13644,0.418384,-0.172276,-0.418384,0.787547,15.7021
synthetic/images/img011894.jpg,synthetic_val,3,77735,0,77173,0.588669,0.570273,0.423106,0.386314,20.4899
synthetic/images/img011957.jpg,synthetic_val,3,24136,3,25433,-0.259483,0.20182,-0.20182,0.922608,31.3887
synthetic/images/img011966.jpg,synthetic_val,0,51015,1,31035,0.467638,0.650627,0.10166,-0.589631,119.591
synthetic/images/img011990.jpg,synthetic_val,0,16430,0,16416,0.907642,0.141819,-0.368729,-0.141819,8.28338
synthetic/images/img012043.jpg,synthetic_val,2,60752,1,03456,-0.274743,0.799251,-0.324696,-0.424602,174.672
synthetic/images/img012076.jpg,synthetic_val,0,17326,0,35051,0.781884,0.561979,0.0244339,-0.268773,7.42136
synthetic/images/img012085.jpg,synthetic_val,1,34225,1,34266,0.0274101,0.877124,0.411152,-0.246691,15.3496
synthetic/images/img012124.jpg,synthetic_val,3,31052,2,53205,0.500173,-0.184274,0.842397,0.0789747,156.001
synthetic/images/img012300.jpg,synthetic_val,1,27034,1,27034,-0.262575,0.763856,0.50128,-0.310316,3.41786
synthetic/images/img012407.jpg,synthetic_val,1,06465,1,14722,0.236924,0.842397,-0.447523,-0.184274,111.273
synthetic/images/img012415.jpg,synthetic_val,0,03631,0,03366,0.776342,-0.169825,-0.0242607,-0.606517,8.39652
synthetic/images/img012425.jpg,synthetic_val,1,17647,1,33664,0.343944,0.647423,0.586727,-0.343944,96.3746
synthetic/images/img012434.jpg,synthetic_val,3,42500,3,40732,-0.453539,-0.405798,0.214834,0.763856,12.9463
synthetic/images/img012461.jpg,synthetic_val,3,76462,1,64134,-0.451486,0.760398,0.118812,0.451486,88.4465
synthetic/images/img012476.jpg,synthetic_val,0,70423,0,70432,0.931951,0.145617,0.203864,0.262111,6.05907
synthetic/images/img012509.jpg,synthetic_val,1,31527,1,31562,0.55095,0.705215,0.154266,-0.418722,4.14983
synthetic/images/img012532.jpg,synthetic_val,3,76157,3,76157,0.324329,0.410817,0.497305,0.691902,2.13241
synthetic/images/img012620.jpg,synthetic_val,3,04267,3,04405,-0.543124,-0.580581,-0.0936422,0.59931,27.5284
synthetic/images/img012662.jpg,synthetic_val,2,67121,2,63536,-0.0731272,0.560642,0.780024,0.268133,17.634
synthetic/images/img012670.jpg,synthetic_val,1,43613,1,43721,-0.148152,0.948174,-0.0888913,0.266674,11.544
synthetic/images/img012676.jpg,synthetic_val,3,03410,3,03434,-0.266242,-0.266242,-0.508279,0.774521,11.1471
synthetic/images/img012733.jpg,synthetic_val,0,32406,0,32433,0.6932,0.151637,0.498237,-0.498237,17.7829
synthetic/images/img012758.jpg,synthetic_val,0,40710,1,40223,-0.624704,0.689329,-0.366206,0.0215415,116.069
synthetic/images/img012817.jpg,synthetic_val,2,11424,2,35407,0.504385,0.0796398,0.849491,-0.132733,86.6917
synthetic/images/img012842.jpg,synthetic_val,3,24543,3,24552,-0.507253,0.0800926,-0.0800926,0.854321,5.5884
synthetic/images/img012919.jpg,synthetic_val,0,23237,2,13500,0.509992,-0.305995,0.652789,-0.469192,21.2049
synthetic/images/img012954.jpg,synthetic_val,1,62331,2,45110,-0.0627868,-0.648797,0.669726,0.355792,178.998
synthetic/images/img013020.jpg,synthetic_val,3,56063,3,56061,0.0751175,-0.275431,0.525822,0.801253,4.22621
synthetic/images/img013044.jpg,synthetic_val,2,20201,2,20420,-0.61522,0.099229,0.635066,-0.456453,19.6793
synthetic/images/img013062.jpg,synthetic_val,3,36630,1,24134,-0.478148,0.805302,0.125828,-0.327154,155.508
synthetic/images/img013143.jpg,synthetic_val,3,42172,1,43563,-0.138728,0.887862,-0.249711,0.360694,165.311
synthetic/images/img013152.jpg,synthetic_val,1,74551,1,74335,0.355634,0.758686,0.308216,0.45047,39.6937
synthetic/images/img013197.jpg,synthetic_val,3,50725,3,50437,0.164128,-0.58617,0.257915,0.750298,18.697
synthetic/images/img013218.jpg,synthetic_val,2,14753,2,70764,0.232456,0.33577,0.826512,0.387427,115.651
synthetic/images/img013315.jpg,synthetic_val,3,43126,3,43340,-0.206689,-0.206689,0.147635,0.944862,9.9988
synthetic/images/img013407.jpg,synthetic_val,2,30144,2,31021,0.390201,0.102684,0.65718,-0.636643,26.1342
synthetic/images/img013470.jpg,synthetic_val,1,43710,1,43355,-0.0298408,0.954905,-0.208885,0.208885,8.05566
synthetic/images/img013476.jpg,synthetic_val,0,43160,0,43025,0.879772,-0.357407,-0.302422,0.0824786,16.978
synthetic/images/img013486.jpg,synthetic_val,0,62612,2,67051,-0.210099,0.396854,0.74702,0.490232,164.241
synthetic/images/img013503.jpg,synthetic_val,3,63101,3,61372,-0.0837545,0.418772,0.139591,0.893381,11.8761
synthetic/images/img013515.jpg,synthetic_val,0,31041,0,05775,0.859235,-0.0268511,-0.510171,-0.0268511,107.665
synthetic/images/img013572.jpg,synthetic_val,2,47376,1,62617,-0.5001,0.640128,0.540108,0.220044,108.908
synthetic/images/img013589.jpg,synthetic_val,0,50767,0,52710,0.879772,0.357407,-0.19245,0.247436,32.1737
synthetic/images/img013712.jpg,synthetic_val,1,55515,2,00045,-0.493657,-0.527703,0.544725,-0.425567,5.02854
synthetic/images/img013719.jpg,synthetic_val,0,51434,3,01246,-0.311757,-0.436459,-0.519594,0.665081,175.328
synthetic/images/img013815.jpg,synthetic_val,3,46167,3,46255,-0.529761,-0.148333,0.48738,0.678094,7.97488
synthetic/images/img013823.jpg,synthetic_val,3,71607,3,71234,0.518084,0.320719,0.0740121,0.789462,25.0329
synthetic/images/img013853.jpg,synthetic_val,2,04136,0,07635,0.948174,-0.266674,-0.0888913,-0.148152,149.937
synthetic/images/img013871.jpg,synthetic_val,0,47136,0,42362,0.805302,-0.578811,-0.0251657,0.125828,77.7997
synthetic/images/img013907.jpg,synthetic_val,3,52670,3,52702,0.258625,-0.143681,0.258625,0.919555,22.3078
synthetic/images/img013966.jpg,synthetic_val,2,66607,1,66477,-0.446215,0.571155,0.410518,0.553307,23.9655
synthetic/images/img013984.jpg,synthetic_val,0,42757,0,42742,0.765603,-0.550277,-0.119625,0.311026,16.0919
synthetic/images/img014020.jpg,synthetic_val,1,71716,1,71335,0.666551,0.688053,0.279521,0.0645049,19.4926
synthetic/images/img014052.jpg,synthetic_val,0,46540,3,46251,-0.540548,-0.151354,0.454061,0.691902,177.308
synthetic/images/img014089.jpg,synthetic_val,1,50161,1,50162,0.214834,0.763856,-0.596762,0.119352,5.16978
synthetic/images/img014092.jpg,synthetic_val,3,21620,3,20336,-0.38378,0.302984,-0.585769,0.646366,12.2455
synthetic/images/img014104.jpg,synthetic_val,2,40267,1,21743,-0.127786,0.817829,0.281129,-0.485586,170.288
synthetic/images/img014162.jpg,synthetic_val,0,71751,3,71033,0.574462,0.174836,0.0249766,0.799251,87.924
synthetic/images/img014177.jpg,synthetic_val,3,30677,3,30603,0.0731272,0.268133,-0.560642,0.780024,21.6069
synthetic/images/img014238.jpg,synthetic_val,1,44112,1,65255,-0.217325,0.772712,0.217325,0.555387,99.2662
synthetic/images/img014248.jpg,synthetic_val,2,61523,2,61536,-0.0864945,0.20182,0.922608,0.317146,4.82878
synthetic/images/img014260.jpg,synthetic_val,2,25544,2,25455,-0.270501,0.0300557,0.961781,-0.0300557,5.42087
synthetic/images/img014276.jpg,synthetic_val,2,07107,2,03541,-0.123655,-0.370965,0.791391,-0.469888,15.48
synthetic/images/img014339.jpg,synthetic_val,3,46454,0,55005,0.615044,0.365182,-0.595823,0.365182,114.698
synthetic/images/img014368.jpg,synthetic_val,3,36133,3,33662,0.331176,0.603909,-0.370138,0.62339,13.9381
synthetic/images/img014379.jpg,synthetic_val,1,35676,1,37443,0.453539,0.763856,0.453539,-0.0716115,12.4771
synthetic/images/img014435.jpg,synthetic_val,3,35560,3,35561,0.638707,0.118279,-0.0709674,0.756986,5.23361
synthetic/images/img014462.jpg,synthetic_val,3,10212,2,02760,-0.524491,-0.0684119,0.729727,-0.433275,81.4261
synthetic/images/img014567.jpg,synthetic_val,0,60337,3,65335,-0.0253592,0.329669,0.481824,0.811493,167.045
synthetic/images/img014596.jpg,synthetic_val,2,07171,2,07117,-0.0270864,-0.352124,0.866766,-0.352124,9.30624
synthetic/images/img014635.jpg,synthetic_val,1,47764,3,22161,-0.4091,0.4091,-0.525985,0.62339,70.3498
synthetic/images/img014660.jpg,synthetic_val,0,34472,0,34656,0.935129,0.146114,0.321451,-0.0292228,14.1558
synthetic/images/img014742.jpg,synthetic_val,1,51633,1,51275,0.51912,0.722254,-0.428838,0.157993,6.77335
synthetic/images/img014764.jpg,synthetic_val,0,42043,1,24204,-0.655727,0.676879,0.190372,-0.274982,21.3592
synthetic/images/img014900.jpg,synthetic_val,1,50345,1,50365,0.278951,0.811493,-0.481824,0.177514,10.3051
synthetic/images/img014918.jpg,synthetic_val,1,14061,1,14010,0.105762,0.676879,-0.655727,-0.317287,11.8206
synthetic/images/img014964.jpg,synthetic_val,3,17356,3,17363,0.623538,-0.023094,-0.254034,0.739008,14.5922
synthetic/images/img014971.jpg,synthetic_val,0,61517,0,61577,0.887862,-0.0277457,0.19422,0.416185,18.9018
synthetic/images/img014977.jpg,synthetic_val,0,52355,0,52566,0.851896,0.239596,-0.239596,0.399326,31.4243
synthetic/images/img014979.jpg,synthetic_val,2,36472,2,36471,0.179369,0.538108,0.819974,-0.0768726,7.02497
synthetic/images/img015000.jpg,synthetic_val,2,25563,2,25473,-0.263908,0.205262,0.93834,-0.0879694,12.8669
synthetic/images/img015038.jpg,synthetic_val,3,52112,3,52121,0.309033,-0.309033,0.0280939,0.899004,9.25324
synthetic/images/img015041.jpg,synthetic_val,1,12606,2,44334,-0.413925,-0.413925,0.697136,0.413925,96.5612
synthetic/images/img015061.jpg,synthetic_val,0,52176,0,52156,0.851896,0.346083,-0.346083,0.186352,12.0296
synthetic/images/img015080.jpg,synthetic_val,2,57250,0,57124,0.6932,0.541562,-0.238287,0.411587,151.473
synthetic/images/img015096.jpg,synthetic_val,3,45772,3,44557,-0.304593,-0.5196,0.555434,0.573351,37.6076
synthetic/images/img015163.jpg,synthetic_val,0,52665,0,52471,0.866766,0.189605,-0.297951,0.352124,25.6006
synthetic/images/img015229.jpg,synthetic_val,2,24563,2,24526,-0.570209,0.173542,0.793334,-0.123958,7.36735
synthetic/images/img015299.jpg,synthetic_val,3,75227,3,73021,0.444513,0.491304,0.0233954,0.748653,51.5432
synthetic/images/img015322.jpg,synthetic_val,0,65005,0,64351,0.74702,-0.396854,0.210099,0.490232,25.9478
synthetic/images/img015382.jpg,synthetic_val,2,10230,1,12457,0.1789,0.817829,-0.332243,-0.434472,152.297
synthetic/images/img015482.jpg,synthetic_val,0,50454,1,15363,0.580544,0.688053,-0.365528,-0.236518,100.643
synthetic/images/img015599.jpg,synthetic_val,0,24176,0,27256,0.72373,-0.248782,0.610647,-0.203549,54.8369
synthetic/images/img015688.jpg,synthetic_val,1,52125,1,52161,0.306147,0.890609,-0.306147,0.139158,9.15862
synthetic/images/img015793.jpg,synthetic_val,3,74375,0,26566,0.701141,-0.503945,0.503945,-0.0219107,141.404
synthetic/images/img015833.jpg,synthetic_val,2,63743,2,63716,-0.0691347,0.622212,0.737437,0.253494,7.08476
synthetic/images/img015875.jpg,synthetic_val,1,46110,1,13455,0.505892,0.703849,-0.329929,-0.37392,150.887
synthetic/images/img015910.jpg,synthetic_val,0,16372,0,16562,0.925691,0.260351,-0.260351,-0.0867835,38.4043
synthetic/images/img015926.jpg,synthetic_val,3,36437,3,36435,0.178434,0.535303,-0.127453,0.8157,5.55078
synthetic/images/img015985.jpg,synthetic_val,1,71726,1,75344,0.525995,0.673274,0.189358,0.483916,33.4419
synthetic/images/img016003.jpg,synthetic_val,2,60712,2,47310,-0.0810219,-0.189051,0.864234,0.459124,75.7941
synthetic/images/img016016.jpg,synthetic_val,1,71430,2,12707,0.27406,-0.124573,0.797264,-0.523205,174.52
synthetic/images/img016029.jpg,synthetic_val,1,36426,1,36423,0.0747435,0.797264,0.573034,-0.174402,5.65022
synthetic/images/img016040.jpg,synthetic_val,3,37006,3,43233,-0.270501,-0.0300557,0.0300557,0.961781,108.574
synthetic/images/img016063.jpg,synthetic_val,2,52755,2,53466,0.422499,-0.223676,0.795292,0.372793,8.14378
synthetic/images/img016081.jpg,synthetic_val,0,14273,3,14223,0.0762739,-0.432219,-0.38137,0.813589,171.139
synthetic/images/img016252.jpg,synthetic_val,3,56465,1,06063,-0.637864,0.703849,-0.197958,-0.241948,118.687
synthetic/images/img016403.jpg,synthetic_val,2,34344,2,34523,0.312002,0.198547,0.907642,-0.198547,8.93514
synthetic/images/img016411.jpg,synthetic_val,3,25006,3,24135,-0.437917,0.128799,-0.334878,0.824315,6.75119
synthetic/images/img016431.jpg,synthetic_val,3,42631,3,42252,-0.635866,-0.117753,0.117753,0.753619,11.4831
synthetic/images/img016509.jpg,synthetic_val,3,71320,3,35760,0.584885,0.30414,-0.0701862,0.748653,11.5374
synthetic/images/img016539.jpg,synthetic_val,2,05242,2,04355,-0.387667,-0.524491,0.729727,-0.205236,9.06567
synthetic/images/img016611.jpg,synthetic_val,1,40710,1,45321,-0.121303,0.776342,-0.460953,0.412432,42.4575
synthetic/images/img016691.jpg,synthetic_val,2,52116,0,12444,0.8157,0.0254906,-0.38236,-0.433341,168.237
synthetic/images/img016749.jpg,synthetic_val,0,30724,0,30741,0.80327,0.276124,0.22592,-0.476942,12.6625
synthetic/images/img016763.jpg,synthetic_val,2,72136,2,73626,0.347373,0.633445,0.653879,0.224771,21.708
synthetic/images/img016774.jpg,synthetic_val,1,76021,1,63555,-0.0254906,0.8157,0.433341,0.38236,14.8976
synthetic/images/img016778.jpg,synthetic_val,1,71624,1,56025,0.0770752,0.822136,-0.282609,0.488143,87.1198
synthetic/images/img016831.jpg,synthetic_val,3,35677,1,34201,0.0819844,0.8745,0.245953,-0.409922,176.978
synthetic/images/img016856.jpg,synthetic_val,1,01123,1,01241,-0.262586,0.646366,-0.464575,-0.545371,19.2432
synthetic/images/img016885.jpg,synthetic_val,3,07411,3,07411,-0.24236,-0.403933,-0.188502,0.861723,3.03262
synthetic/images/img016952.jpg,synthetic_val,3,42246,0,12647,0.871899,0.0817405,-0.136234,-0.463196,35.4004
synthetic/images/img016966.jpg,synthetic_val,0,42305,0,42334,0.854321,-0.507253,-0.0800926,0.0800926,9.78073
synthetic/images/img017010.jpg,synthetic_val,3,44410,1,21010,-0.239641,0.697136,0.0217855,-0.675351,101.915
synthetic/images/img017049.jpg,synthetic_val,2,60047,2,06436,-0.626216,-0.208739,0.742182,-0.115966,45.5238
synthetic/images/img017062.jpg,synthetic_val,1,32512,1,32556,0.302817,0.745396,0.442579,-0.395992,14.0689
synthetic/images/img017087.jpg,synthetic_val,1,31204,1,13126,0.493048,0.631101,-0.177497,-0.571935,44.8643
synthetic/images/img017294.jpg,synthetic_val,0,02621,1,64001,-0.624704,0.689329,0.0215415,0.366206,16.5609
synthetic/images/img017298.jpg,synthetic_val,0,61747,0,65300,0.842397,-0.184274,0.236924,0.447523,11.3444
synthetic/images/img017324.jpg,synthetic_val,0,65121,3,61511,-0.0300557,0.0300557,0.270501,0.961781,128.662
synthetic/images/img017371.jpg,synthetic_val,0,25122,0,25215,0.869321,-0.244497,0.244497,-0.353162,11.7027
synthetic/images/img017421.jpg,synthetic_val,2,36010,2,32462,0.0228515,0.525586,0.73125,-0.434179,18.863
synthetic/images/img017432.jpg,synthetic_val,1,52444,1,56000,0.0254906,0.8157,-0.38236,0.433341,7.3703
synthetic/images/img017434.jpg,synthetic_val,0,17211,0,13755,0.663935,0.643187,-0.145236,-0.352715,15.5683
synthetic/images/img017456.jpg,synthetic_val,0,62170,2,57266,0.395992,-0.0232936,0.745396,0.535754,86.1867
synthetic/images/img017534.jpg,synthetic_val,2,63475,2,65336,-0.0745586,0.372793,0.795292,0.472205,22.9816
synthetic/images/img017688.jpg,synthetic_val,3,56707,3,56717,0.335159,-0.11172,0.603286,0.715006,9.08047
synthetic/images/img017740.jpg,synthetic_val,0,74423,0,74472,0.72671,0.113548,0.158968,0.658581,9.64712
synthetic/images/img017768.jpg,synthetic_val,0,07245,0,07216,0.8745,-0.300609,-0.136641,-0.355266,14.8953
synthetic/images/img017772.jpg,synthetic_val,2,21432,2,21052,-0.253494,0.0691347,0.737437,-0.622212,15.4909
synthetic/images/img017791.jpg,synthetic_val,1,52507,1,52502,0.244497,0.869321,-0.353162,0.244497,9.05343
synthetic/images/img017812.jpg,synthetic_val,1,71602,3,43701,-0.145617,-0.203864,0.262111,0.931951,171.896
synthetic/images/img017844.jpg,synthetic_val,1,74614,1,74437,0.162703,0.743784,0.162703,0.627568,8.04945
synthetic/images/img017859.jpg,synthetic_val,0,77023,0,70727,0.828726,0.284875,0.388465,0.284875,24.3276
synthetic/images/img017864.jpg,synthetic_val,1,66224,1,65343,-0.124573,0.797264,0.27406,0.523205,67.1482
synthetic/images/img017872.jpg,synthetic_val,2,15115,2,25726,-0.19245,0.412393,0.879772,-0.137464,156.636
synthetic/images/img017892.jpg,synthetic_val,3,12454,0,17067,0.813589,0.483068,-0.228822,-0.228822,159.977
synthetic/images/img017925.jpg,synthetic_val,3,61320,3,61320,-0.198547,0.368729,0.0283638,0.907642,2.88183
synthetic/images/img017932.jpg,synthetic_val,0,07044,0,60724,0.745396,-0.535754,0.302817,0.25623,100.505
synthetic/images/img017954.jpg,synthetic_val,2,51623,2,16577,0.411152,-0.246691,0.877124,-0.0274101,33.8232
synthetic/images/img017988.jpg,synthetic_val,1,15406,1,14505,0.238287,0.6932,-0.671537,-0.108312,13.451
synthetic/images/img018006.jpg,synthetic_val,0,21661,0,23441,0.745396,-0.302817,0.395992,-0.442579,8.6683
synthetic/images/img018016.jpg,synthetic_val,0,64746,1,57412,0.441836,0.673274,-0.273518,0.525995,152.02
synthetic/images/img018080.jpg,synthetic_val,1,17624,1,17624,0.463196,0.871899,-0.0817405,-0.136234,2.21167
synthetic/images/img018093.jpg,synthetic_val,0,36745,0,72301,0.760398,0.261387,0.594061,0.0237624,4.12627
synthetic/images/img018111.jpg,synthetic_val,1,61564,1,60510,-0.496065,0.835478,0.0261087,0.234978,43.4946
synthetic/images/img018118.jpg,synthetic_val,2,71067,2,71423,0.488143,0.179842,0.822136,0.231226,4.85805
synthetic/images/img018130.jpg,synthetic_val,1,62173,1,62355,-0.381373,0.717879,0.560843,0.157036,6.57126
synthetic/images/img018134.jpg,synthetic_val,1,25506,1,25547,-0.153646,0.983336,0.0921878,-0.0307293,15.6154
synthetic/images/img018173.jpg,synthetic_val,1,70616,1,70700,0.252845,0.899004,0.252845,0.252845,12.6952
synthetic/images/img018314.jpg,synthetic_val,1,26347,1,25220,-0.37006,0.789462,0.320719,-0.37006,38.9602
synthetic/images/img018385.jpg,synthetic_val,3,41220,3,06531,-0.441447,-0.285642,-0.181772,0.830959,32.7722
synthetic/images/img018492.jpg,synthetic_val,0,17142,0,17110,0.665081,0.60273,-0.311757,-0.311757,12.1806
synthetic/images/img018494.jpg,synthetic_val,0,74474,0,74141,0.80327,0.276124,0.0251022,0.527146,30.1382
synthetic/images/img018507.jpg,synthetic_val,3,46537,2,46560,-0.458626,-0.219343,0.638089,0.578268,19.1391
synthetic/images/img018547.jpg,synthetic_val,0,44204,0,42442,0.663935,-0.643187,-0.269723,0.269723,24.749
synthetic/images/img018629.jpg,synthetic_val,1,44774,1,47741,-0.113548,0.72671,-0.158968,0.658581,42.2518
synthetic/images/img018690.jpg,synthetic_val,2,25743,2,25770,-0.0862083,0.373569,0.919555,-0.0862083,8.5268
synthetic/images/img018700.jpg,synthetic_val,2,23443,2,23446,-0.344214,0.436005,0.734324,-0.390109,8.29301
synthetic/images/img018716.jpg,synthetic_val,2,72573,2,73434,0.466436,0.466436,0.71076,0.244324,16.7481
synthetic/images/img018721.jpg,synthetic_val,1,41632,1,41633,-0.23434,0.833209,-0.442642,0.23434,4.01604
synthetic/images/img018743.jpg,synthetic_val,3,72013,3,72030,0.129488,0.543852,0.0258977,0.828726,7.05711
synthetic/images/img018785.jpg,synthetic_val,3,40017,3,40112,-0.402618,-0.614523,0.0211904,0.678094,14.2088
synthetic/images/img018830.jpg,synthetic_val,1,47222,1,47611,-0.21338,0.758686,-0.165963,0.592723,32.2951
synthetic/images/img018845.jpg,synthetic_val,2,41104,2,41144,-0.153375,-0.67923,0.701141,0.153375,10.4822
synthetic/images/img018880.jpg,synthetic_val,3,26733,3,26761,-0.436459,0.60273,-0.0623513,0.665081,13.2131
synthetic/images/img018894.jpg,synthetic_val,1,06625,1,06611,-0.598127,0.765603,-0.167476,-0.167476,14.7197
synthetic/images/img018903.jpg,synthetic_val,2,52424,2,52430,0.141365,-0.311003,0.904735,0.254457,13.1788
synthetic/images/img018936.jpg,synthetic_val,1,42315,3,16362,0.256933,-0.0285481,-0.314029,0.91354,179.633
synthetic/images/img018946.jpg,synthetic_val,2,73136,1,74137,0.368271,0.785646,0.17186,0.466477,85.7515
synthetic/images/img018981.jpg,synthetic_val,3,14500,2,44025,-0.533481,-0.49669,0.588669,0.349522,134.742
synthetic/images/img019003.jpg,synthetic_val,1,56124,1,56172,0.313914,0.772712,-0.217325,0.507093,10.7384
synthetic/images/img019020.jpg,synthetic_val,2,60304,2,60217,-0.592723,0.260798,0.758686,0.0711268,5.11729
synthetic/images/img019039.jpg,synthetic_val,1,53164,1,53166,0.592723,0.758686,-0.21338,0.165963,4.76906
synthetic/images/img019047.jpg,synthetic_val,3,27150,3,27141,-0.130901,0.445063,-0.287982,0.837765,9.01445
synthetic/images/img019075.jpg,synthetic_val,0,50204,0,50322,0.856767,0.240966,-0.455158,0.026774,26.9668
synthetic/images/img019235.jpg,synthetic_val,1,21645,1,21477,-0.236924,0.842397,0.184274,-0.447523,11.2357
synthetic/images/img019238.jpg,synthetic_val,3,25204,1,76112,0.302817,0.745396,0.442579,0.395992,153.896
synthetic/images/img019243.jpg,synthetic_val,2,16260,2,36366,0.194235,0.66903,0.690612,-0.194235,99.5841
synthetic/images/img019269.jpg,synthetic_val,3,15376,3,15137,0.588054,-0.474237,-0.246603,0.607024,15.5285
synthetic/images/img019310.jpg,synthetic_val,2,16542,2,16526,0.258625,-0.258625,0.919555,-0.143681,12.1191
synthetic/images/img019348.jpg,synthetic_val,3,63060,3,63123,-0.125828,0.578811,0.0251657,0.805302,29.7396
synthetic/images/img019359.jpg,synthetic_val,1,67663,1,04633,-0.560843,0.717879,-0.381373,-0.157036,149.028
synthetic/images/img019430.jpg,synthetic_val,3,12566,3,16341,0.30334,-0.193035,-0.30334,0.882444,19.2044
synthetic/images/img019444.jpg,synthetic_val,3,52213,3,52323,0.324796,-0.0295269,0.0295269,0.944862,17.7482
synthetic/images/img019480.jpg,synthetic_val,1,26000,1,24007,-0.641599,0.707972,0.0663723,-0.287613,32.0622
synthetic/images/img019493.jpg,synthetic_val,3,57257,3,57225,0.453539,-0.0716115,0.453539,0.763856,11.1985
synthetic/images/img019495.jpg,synthetic_val,3,14703,3,14343,0.266242,-0.508279,-0.266242,0.774521,9.06506
synthetic/images/img019508.jpg,synthetic_val,1,26555,1,26553,-0.414388,0.780024,0.463139,-0.0731272,9.3249
synthetic/images/img019544.jpg,synthetic_val,0,72414,0,72436,0.776342,0.121303,0.557996,0.266868,16.7743
synthetic/images/img019545.jpg,synthetic_val,0,07103,0,07716,0.972379,-0.0911606,-0.151934,-0.151934,41.7941
synthetic/images/img019572.jpg,synthetic_val,3,24764,3,24706,-0.557996,0.266868,-0.121303,0.776342,13.2643
synthetic/images/img019583.jpg,synthetic_val,1,03071,1,75344,0.525995,0.673274,0.189358,0.483916,174.786
synthetic/images/img019637.jpg,synthetic_val,0,00147,2,60400,-0.681854,0.0219953,0.703849,0.197958,55.0138
synthetic/images/img019664.jpg,synthetic_val,2,60202,0,40101,0.649554,-0.42627,-0.629255,0.0202986,23.3903
synthetic/images/img019680.jpg,synthetic_val,3,73057,3,71237,0.544084,0.354837,0.0709674,0.756986,14.4071
synthetic/images/img019717.jpg,synthetic_val,0,70100,3,31661,0.434179,0.29707,-0.434179,0.73125,119.609
synthetic/images/img019754.jpg,synthetic_val,3,67353,3,62572,-0.416302,0.503945,0.284839,0.701141,49.9061
synthetic/images/img019755.jpg,synthetic_val,2,34464,2,61133,-0.0304997,0.213498,0.975991,0.0304997,10.4026
synthetic/images/img019807.jpg,synthetic_val,1,65707,1,65551,-0.0231434,0.74059,0.0231434,0.67116,27.728
synthetic/images/img019855.jpg,synthetic_val,3,25326,3,27014,-0.274743,0.424602,-0.324696,0.799251,10.7513
synthetic/images/img019971.jpg,synthetic_val,1,56677,3,41547,-0.108721,-0.630584,0.326164,0.695817,179.683
synthetic/images/img020011.jpg,synthetic_val,2,43133,2,16466,0.0300557,-0.270501,0.961781,-0.0300557,9.95758
synthetic/images/img020038.jpg,synthetic_val,3,65560,3,65554,-0.067166,0.0223887,0.694049,0.716438,16.9077
synthetic/images/img020052.jpg,synthetic_val,1,54373,1,56111,0.357244,0.762121,-0.357244,0.404877,10.0273
synthetic/images/img020080.jpg,synthetic_val,3,34023,3,34070,0.144639,0.144639,-0.318206,0.925691,13.2962
synthetic/images/img020102.jpg,synthetic_val,1,52202,1,43213,-0.267615,0.951522,-0.148675,0.0297351,32.9045
synthetic/images/img020179.jpg,synthetic_val,3,12373,3,12372,0.296452,-0.022804,-0.615707,0.729727,6.94364
synthetic/images/img020198.jpg,synthetic_val,1,62253,1,62167,-0.464606,0.707972,0.508855,0.154869,11.1684
synthetic/images/img020252.jpg,synthetic_val,2,52262,0,16671,0.968808,0.211927,-0.0908257,-0.0908257,173.673
synthetic/images/img020344.jpg,synthetic_val,0,56230,0,52764,0.8745,0.245953,-0.0819844,0.409922,16.7491
synthetic/images/img020416.jpg,synthetic_val,3,31772,3,31771,0.618148,0.259223,-0.378865,0.638089,7.72598
synthetic/images/img020451.jpg,synthetic_val,1,62125,1,62161,-0.47789,0.728214,0.47789,0.113783,2.9486
synthetic/images/img020500.jpg,synthetic_val,0,16711,0,16534,0.8745,0.355266,-0.300609,-0.136641,16.4319
synthetic/images/img020520.jpg,synthetic_val,1,12526,1,23551,-0.0244339,0.781884,0.415376,-0.464244,79.7822
synthetic/images/img020553.jpg,synthetic_val,0,50047,0,51222,0.799251,0.424602,-0.424602,0.0249766,52.8374
synthetic/images/img020561.jpg,synthetic_val,3,53202,3,16537,0.407494,-0.244497,-0.135831,0.869321,22.2009
synthetic/images/img020568.jpg,synthetic_val,2,53751,0,26760,0.652789,-0.469192,0.59159,-0.061199,53.2204
synthetic/images/img020607.jpg,synthetic_val,2,27576,2,70060,0.0304997,0.152499,0.975991,0.152499,59.985
synthetic/images/img020675.jpg,synthetic_val,0,50006,3,71050,0.543852,0.0258977,0.129488,0.828726,135.385
synthetic/images/img020747.jpg,synthetic_val,3,72250,3,72070,0.128459,0.539527,0.128459,0.822136,10.4597
synthetic/images/img020767.jpg,synthetic_val,0,21336,0,23013,0.649554,-0.182687,0.385673,-0.629255,17.2748
synthetic/images/img020777.jpg,synthetic_val,1,23362,1,13044,0.365528,0.688053,-0.322525,-0.537541,124.96
synthetic/images/img020824.jpg,synthetic_val,0,40305,2,46701,-0.454061,-0.151354,0.691902,0.540548,112.611
synthetic/images/img020904.jpg,synthetic_val,3,54574,3,45502,-0.138921,-0.575528,0.496145,0.635066,44.5666
synthetic/images/img021012.jpg,synthetic_val,2,51672,2,51663,0.442579,-0.395992,0.745396,0.302817,2.99263
synthetic/images/img021090.jpg,synthetic_val,3,06052,3,06405,-0.630584,-0.326164,-0.108721,0.695817,17.2744
synthetic/images/img021128.jpg,synthetic_val,2,47670,3,42572,-0.469888,-0.222579,0.321503,0.791391,56.7352
synthetic/images/img021133.jpg,synthetic_val,1,25757,1,25747,-0.146114,0.935129,0.321451,-0.0292228,10.8684
synthetic/images/img021170.jpg,synthetic_val,3,53763,3,43646,-0.387427,-0.129142,0.387427,0.826512,120.958
synthetic/images/img021177.jpg,synthetic_val,1,60351,1,60316,-0.488143,0.822136,0.282609,0.0770752,12.6394
synthetic/images/img021178.jpg,synthetic_val,1,16717,1,30655,0.184274,0.842397,0.236924,-0.447523,62.8393
synthetic/images/img021233.jpg,synthetic_val,0,62320,3,67350,-0.065481,0.545675,0.458367,0.698464,179.562
synthetic/images/img021263.jpg,synthetic_val,1,01063,1,00114,-0.33656,0.566838,-0.549124,-0.513697,15.1703
synthetic/images/img021266.jpg,synthetic_val,3,26463,3,20766,-0.505892,0.329929,-0.37392,0.703849,40.8131
synthetic/images/img021391.jpg,synthetic_val,0,43403,0,43417,0.856767,-0.240966,-0.348062,0.294514,12.0233
synthetic/images/img021392.jpg,synthetic_val,3,16057,3,16340,0.25205,-0.196039,-0.308062,0.896179,18.8142
synthetic/images/img021394.jpg,synthetic_val,1,61777,1,70624,0.0275764,0.882444,0.358493,0.30334,13.7568
synthetic/images/img021438.jpg,synthetic_val,2,20164,1,21315,-0.022663,0.725215,0.203967,-0.657226,108.921
synthetic/images/img021469.jpg,synthetic_val,3,64163,3,61566,-0.190728,0.190728,0.408703,0.871899,37.8593
synthetic/images/img021473.jpg,synthetic_val,1,52757,1,56173,0.356436,0.760398,-0.213862,0.499011,18.9389
synthetic/images/img021577.jpg,synthetic_val,3,34612,3,34262,0.0270073,0.40511,-0.29708,0.864234,24.1111
synthetic/images/img021704.jpg,synthetic_val,3,21044,3,21064,-0.344214,0.114738,-0.57369,0.734324,12.2087
synthetic/images/img021724.jpg,synthetic_val,1,40632,1,65200,-0.372793,0.795292,0.223676,0.422499,76.9855
synthetic/images/img021806.jpg,synthetic_val,1,30462,2,43223,-0.376062,-0.0289278,0.925691,0.0289278,163.857
synthetic/images/img021841.jpg,synthetic_val,1,10654,1,10414,0.100995,0.646366,-0.626167,-0.424178,15.1901
synthetic/images/img021879.jpg,synthetic_val,1,60270,0,03426,0.760398,-0.356436,-0.213862,-0.499011,65.1911
synthetic/images/img021883.jpg,synthetic_val,2,25514,2,25453,-0.268567,0.0895223,0.954905,-0.0895223,23.1496
synthetic/images/img021893.jpg,synthetic_val,0,45213,0,45023,0.697136,-0.283212,-0.544638,0.370354,12.331
synthetic/images/img021986.jpg,synthetic_val,1,41676,1,43403,-0.342224,0.842397,-0.342224,0.236924,18.969
synthetic/images/img022004.jpg,synthetic_val,3,25257,3,25275,-0.244497,0.353162,-0.244497,0.869321,6.22095
synthetic/images/img022009.jpg,synthetic_val,2,36025,2,34277,0.188502,0.403933,0.861723,-0.24236,23.5687
synthetic/images/img022065.jpg,synthetic_val,2,34523,2,34705,0.311003,0.254457,0.904735,-0.141365,7.14764
synthetic/images/img022067.jpg,synthetic_val,1,50353,1,50334,0.328824,0.809414,-0.480589,0.0758825,9.05762
synthetic/images/img022104.jpg,synthetic_val,2,13765,2,13715,0.623123,-0.140705,0.643224,-0.422116,13.1217
synthetic/images/img022115.jpg,synthetic_val,0,23756,0,72242,0.758686,0.0237089,0.640141,0.118545,56.6405
synthetic/images/img022137.jpg,synthetic_val,0,70770,0,70776,0.789462,0.320719,0.37006,0.37006,6.79459
synthetic/images/img022231.jpg,synthetic_val,3,13642,3,13644,0.418384,-0.172276,-0.418384,0.787547,7.07912
synthetic/images/img022412.jpg,synthetic_val,1,37735,2,12733,0.355634,-0.0237089,0.758686,-0.545305,97.6219
synthetic/images/img022425.jpg,synthetic_val,0,61177,0,61355,0.941584,-0.0294245,0.26482,0.205971,5.05291
synthetic/images/img022541.jpg,synthetic_val,2,76702,1,45623,-0.283212,0.697136,-0.370354,0.544638,135.851
synthetic/images/img022562.jpg,synthetic_val,3,03561,3,03570,-0.0770752,-0.282609,-0.488143,0.822136,6.77003
synthetic/images/img022580.jpg,synthetic_val,3,26355,3,26157,-0.405798,0.453539,-0.214834,0.763856,14.9531
synthetic/images/img022612.jpg,synthetic_val,1,15672,1,17450,0.509475,0.776342,-0.36391,-0.0727821,3.32441
synthetic/images/img022635.jpg,synthetic_val,0,63731,0,73644,0.688053,0.365528,0.537541,0.322525,47.8808
synthetic/images/img022651.jpg,synthetic_val,0,01473,2,55341,0.517416,-0.440762,0.613234,0.402435,173.138
synthetic/images/img022679.jpg,synthetic_val,1,23713,1,32330,0.237544,0.584725,0.529907,-0.566452,30.8327
synthetic/images/img022689.jpg,synthetic_val,2,27532,2,34247,0.0853666,0.313011,0.910577,-0.2561,38.4221
synthetic/images/img022746.jpg,synthetic_val,1,25726,1,25706,-0.200492,0.916533,0.315058,-0.143208,14.8411
synthetic/images/img022750.jpg,synthetic_val,1,14775,1,14776,0.337577,0.830959,-0.441447,-0.0259675,5.32015
synthetic/images/img022807.jpg,synthetic_val,1,12721,3,06557,-0.441447,-0.337577,-0.0259675,0.830959,65.6645
synthetic/images/img022845.jpg,synthetic_val,3,34544,3,34453,0.211927,0.0908257,-0.0908257,0.968808,13.1806
synthetic/images/img022867.jpg,synthetic_val,3,41207,3,41230,-0.283358,-0.489437,0.0257599,0.824315,6.92445
synthetic/images/img022870.jpg,synthetic_val,0,74003,0,70420,0.951522,0.0297351,0.148675,0.267615,25.3066
synthetic/images/img022888.jpg,synthetic_val,0,16343,1,67314,-0.0667657,0.712167,0.55638,0.422849,171.951
synthetic/images/img022929.jpg,synthetic_val,2,33542,2,33544,0.529761,0.360237,0.678094,-0.360237,6.23608
synthetic/images/img022945.jpg,synthetic_val,0,24445,0,65561,0.73125,-0.114258,0.114258,0.662695,105.125
synthetic/images/img023082.jpg,synthetic_val,3,43070,3,43105,-0.139591,-0.418772,0.0837545,0.893381,22.7266
synthetic/images/img023085.jpg,synthetic_val,0,61365,0,61376,0.88514,-0.0829819,0.41491,0.193624,9.42992
synthetic/images/img023117.jpg,synthetic_val,1,52076,1,52214,0.150278,0.961781,-0.21039,0.090167,11.7901
synthetic/images/img023135.jpg,synthetic_val,2,63742,2,63766,-0.147279,0.652234,0.673274,0.315597,7.19459
synthetic/images/img023210.jpg,synthetic_val,2,32061,3,71021,0.505813,0.133109,0.0266217,0.851896,133.96
synthetic/images/img023249.jpg,synthetic_val,0,74135,0,74351,0.760398,0.356436,0.213862,0.499011,13.8337
synthetic/images/img023254.jpg,synthetic_val,3,32554,1,02433,-0.525995,0.673274,-0.189358,-0.483916,159.163
synthetic/images/img023274.jpg,synthetic_val,1,16376,3,33044,0.360237,0.360237,-0.529761,0.678094,145.605
synthetic/images/img023358.jpg,synthetic_val,3,47140,3,47506,-0.157672,-0.29282,0.608164,0.720787,14.3836
synthetic/images/img023402.jpg,synthetic_val,3,01650,3,50173,0.344214,-0.57369,0.114738,0.734324,94.898
synthetic/images/img023432.jpg,synthetic_val,0,34507,0,34504,0.951522,0.267615,0.0297351,-0.148675,7.33229
synthetic/images/img023447.jpg,synthetic_val,3,35035,3,31641,0.444513,0.210559,-0.444513,0.748653,18.6002
synthetic/images/img023472.jpg,synthetic_val,3,47330,3,71004,0.467379,0.0274929,0.0824786,0.879772,79.4113
synthetic/images/img023609.jpg,synthetic_val,1,35242,1,35601,0.488143,0.822136,0.231226,-0.179842,17.7456
synthetic/images/img023614.jpg,synthetic_val,1,61356,0,34043,0.93834,0.0879694,0.0879694,-0.322554,174.26
synthetic/images/img023617.jpg,synthetic_val,3,14210,3,16107,0.285642,-0.337577,-0.337577,0.830959,30.499
synthetic/images/img023619.jpg,synthetic_val,2,71062,2,71423,0.488143,0.179842,0.822136,0.231226,10.7441
synthetic/images/img023626.jpg,synthetic_val,0,16475,0,16540,0.8745,0.245953,-0.409922,-0.0819844,11.1737
synthetic/images/img023672.jpg,synthetic_val,3,61352,3,61336,-0.0842816,0.421408,0.0842816,0.899004,17.2655
synthetic/images/img023705.jpg,synthetic_val,1,06406,0,66263,0.559855,-0.507368,0.542359,0.367405,49.5893
synthetic/images/img023733.jpg,synthetic_val,2,72652,2,72641,0.0701862,0.584885,0.748653,0.30414,5.09266
synthetic/images/img023754.jpg,synthetic_val,2,42744,2,46256,-0.562134,-0.104099,0.666233,0.478855,17.9876
synthetic/images/img023819.jpg,synthetic_val,3,43310,3,43371,-0.0307293,-0.0921878,0.153646,0.983336,23.8223
synthetic/images/img023852.jpg,synthetic_val,0,36036,3,36000,0.0254906,0.433341,-0.38236,0.8157,131.813
synthetic/images/img023869.jpg,synthetic_val,3,43401,3,42535,-0.431106,-0.278951,0.278951,0.811493,15.4287
synthetic/images/img023880.jpg,synthetic_val,2,61477,2,61650,-0.294514,0.240966,0.856767,0.348062,8.84467
synthetic/images/img023900.jpg,synthetic_val,2,65530,2,65536,-0.0704956,0.16449,0.751953,0.63446,5.09509
synthetic/images/img023903.jpg,synthetic_val,3,36727,0,36076,0.785646,0.122757,0.564683,-0.220963,173.042
synthetic/images/img023927.jpg,synthetic_val,3,06350,3,06155,-0.422499,-0.372793,-0.223676,0.795292,24.9857
synthetic/images/img023953.jpg,synthetic_val,2,27765,2,27767,-0.111497,0.691283,0.713582,-0.0222994,2.13473
synthetic/images/img023973.jpg,synthetic_val,3,26550,3,26574,-0.444513,0.491304,-0.0233954,0.748653,11.9793
synthetic/images/img023994.jpg,synthetic_val,1,21521,2,22535,-0.362854,0.448231,0.683019,-0.448231,84.113
synthetic/images/img024016.jpg,synthetic_val,0,43137,0,43335,0.99085,-0.0309641,-0.0928922,0.0928922,20.7508
synthetic/images/img024030.jpg,synthetic_val,1,46023,1,42462,-0.655727,0.676879,-0.190372,0.274982,8.91107
synthetic/images/img024071.jpg,synthetic_val,1,32672,1,32631,0.141624,0.647423,0.586727,-0.465335,11.1389
synthetic/images/img024117.jpg,synthetic_val,3,13465,3,13644,0.418384,-0.172276,-0.418384,0.787547,11.1782
synthetic/images/img024207.jpg,synthetic_val,1,72253,1,72032,0.125828,0.805302,0.578811,0.0251657,13.9383
synthetic/images/img024215.jpg,synthetic_val,2,07356,2,07341,-0.143208,-0.200492,0.916533,-0.315058,13.6689
synthetic/images/img024216.jpg,synthetic_val,3,76635,3,76433,0.148333,0.48738,0.529761,0.678094,10.3583
synthetic/images/img024285.jpg,synthetic_val,0,47234,0,47222,0.8157,-0.38236,-0.0254906,0.433341,13.4159
synthetic/images/img024313.jpg,synthetic_val,0,66350,0,66325,0.619639,-0.406638,0.561547,0.36791,10.3677
synthetic/images/img024370.jpg,synthetic_val,1,74007,1,74032,0.134255,0.859235,0.187958,0.456468,13.6761
synthetic/images/img024441.jpg,synthetic_val,2,76161,1,40151,-0.354552,0.667391,-0.646535,0.10428,161.097
synthetic/images/img024455.jpg,synthetic_val,2,53041,1,67115,-0.0244339,0.781884,0.415376,0.464244,171.831
synthetic/images/img024536.jpg,synthetic_val,0,42161,0,42222,0.717879,-0.695445,-0.0224337,0.0224337,37.5513
synthetic/images/img024596.jpg,synthetic_val,1,31261,1,31672,0.463699,0.706589,0.331214,-0.419537,18.8436
synthetic/images/img024615.jpg,synthetic_val,3,60654,3,60552,-0.480589,0.0758825,0.328824,0.809414,20.7335
synthetic/images/img024625.jpg,synthetic_val,2,14752,2,70740,0.244497,0.244497,0.869321,0.353162,104.815
synthetic/images/img024654.jpg,synthetic_val,0,65010,0,65021,0.824315,-0.334878,0.128799,0.437917,14.0576
synthetic/images/img024663.jpg,synthetic_val,1,35231,1,33066,0.342266,0.644266,0.463066,-0.503333,33.4645
synthetic/images/img024709.jpg,synthetic_val,1,05357,3,25141,-0.146114,0.0292228,-0.321451,0.935129,178.564
synthetic/images/img024717.jpg,synthetic_val,0,04640,1,62542,-0.503945,0.701141,0.416302,0.284839,31.7285
synthetic/images/img024799.jpg,synthetic_val,1,10374,1,12156,0.291638,0.717879,-0.291638,-0.560843,12.8873
synthetic/images/img024835.jpg,synthetic_val,3,73517,3,73530,0.59357,0.429826,0.184211,0.654974,7.89533
synthetic/images/img024836.jpg,synthetic_val,1,33545,1,35326,0.553103,0.707972,0.331862,-0.287613,8.12044
synthetic/images/img024897.jpg,synthetic_val,2,73655,0,15335,0.638089,0.618148,-0.378865,-0.259223,145.896
synthetic/images/img024940.jpg,synthetic_val,3,03531,3,03114,-0.065481,-0.327405,-0.632983,0.698464,13.9026
synthetic/images/img024955.jpg,synthetic_val,0,73415,0,73144,0.717879,0.560843,0.381373,0.157036,12.5585
synthetic/images/img024969.jpg,synthetic_val,3,47537,1,43107,-0.142741,0.91354,-0.371126,0.0856444,138.103
synthetic/images/img024999.jpg,synthetic_val,1,25641,1,45341,-0.111276,0.712167,-0.51187,0.46736,116.892
synthetic/images/img025050.jpg,synthetic_val,2,61251,2,61360,-0.196657,0.36522,0.899004,0.140469,12.8679
synthetic/images/img025105.jpg,synthetic_val,1,61345,1,61167,-0.147635,0.944862,0.206689,0.206689,9.08579
synthetic/images/img025287.jpg,synthetic_val,2,17356,2,17727,0.640141,-0.0237089,0.758686,-0.118545,13.7465
synthetic/images/img025317.jpg,synthetic_val,1,52530,1,52503,0.294514,0.856767,-0.348062,0.240966,6.2279
synthetic/images/img025325.jpg,synthetic_val,0,42257,0,42712,0.828726,-0.492056,-0.129488,0.233079,15.4451
synthetic/images/img025341.jpg,synthetic_val,1,72043,1,63116,-0.0800926,0.854321,0.507253,0.0800926,16.7327
synthetic/images/img025343.jpg,synthetic_val,0,44051,0,40563,0.673274,-0.441836,-0.525995,0.273518,15.8999
synthetic/images/img025360.jpg,synthetic_val,2,23332,1,15113,0.56123,0.579334,-0.525021,-0.271563,165.041
synthetic/images/img025443.jpg,synthetic_val,2,72142,2,72161,0.27406,0.523205,0.797264,0.124573,7.8154
synthetic/images/img025451.jpg,synthetic_val,3,77014,3,75233,0.505892,0.329929,0.37392,0.703849,7.05576
synthetic/images/img025460.jpg,synthetic_val,0,13027,0,13027,0.666233,0.395576,-0.187378,-0.603774,1.52317
synthetic/images/img025520.jpg,synthetic_val,3,04261,3,06335,-0.440261,-0.0776931,-0.33667,0.828726,45.0454
synthetic/images/img025535.jpg,synthetic_val,0,24141,0,06325,0.789462,-0.518084,-0.0740121,-0.320719,13.8282
synthetic/images/img025550.jpg,synthetic_val,1,01654,1,01654,-0.248275,0.722254,-0.51912,-0.383697,1.49275
synthetic/images/img025621.jpg,synthetic_val,0,25465,0,25467,0.907642,-0.368729,0.198547,-0.0283638,5.89649
synthetic/images/img025663.jpg,synthetic_val,2,50106,2,50013,0.159961,-0.662695,0.73125,0.0228515,10.0094
synthetic/images/img025672.jpg,synthetic_val,2,25756,2,34660,0.0288315,0.374809,0.922608,-0.0864945,14.9478
synthetic/images/img025700.jpg,synthetic_val,1,16410,1,16621,0.0908257,0.968808,-0.0908257,-0.211927,40.7912
synthetic/images/img025773.jpg,synthetic_val,0,25702,0,25722,0.871899,-0.190728,0.408703,-0.190728,12.9299
synthetic/images/img025827.jpg,synthetic_val,3,45463,2,46330,-0.463139,-0.0731272,0.780024,0.414388,63.452
synthetic/images/img025854.jpg,synthetic_val,2,34537,2,35425,0.501565,0.131991,0.844742,-0.131991,11.3068
synthetic/images/img025877.jpg,synthetic_val,3,05125,2,00355,-0.342266,-0.463066,0.644266,-0.503333,153.488
synthetic/images/img025889.jpg,synthetic_val,0,35247,0,35222,0.762121,0.404877,0.357244,-0.357244,17.5522
synthetic/images/img026031.jpg,synthetic_val,2,30543,2,30475,0.187958,0.134255,0.859235,-0.456468,16.5241
synthetic/images/img026076.jpg,synthetic_val,0,00766,0,02516,0.716438,-0.425385,-0.291053,-0.470162,18.7661
synthetic/images/img026107.jpg,synthetic_val,2,15447,2,51010,0.42627,-0.629255,0.649554,0.0202986,5.81743
synthetic/images/img026156.jpg,synthetic_val,1,34223,1,30666,0.0254906,0.8157,0.38236,-0.433341,8.88778
synthetic/images/img026161.jpg,synthetic_val,2,41747,2,41725,-0.127786,-0.485586,0.817829,0.281129,11.4001
synthetic/images/img026244.jpg,synthetic_val,0,03011,0,03011,0.668555,-0.188031,-0.313385,-0.647663,0.6916
synthetic/images/img026259.jpg,synthetic_val,1,25771,1,25731,-0.0283638,0.907642,0.368729,-0.198547,12.1836
synthetic/images/img026288.jpg,synthetic_val,1,55735,1,55773,0.555434,0.573351,-0.304593,0.5196,5.91096
synthetic/images/img026383.jpg,synthetic_val,0,35754,3,35026,0.434472,0.1789,-0.332243,0.817829,140.697
synthetic/images/img026418.jpg,synthetic_val,0,35117,3,35102,0.576123,0.0691347,-0.345674,0.737437,157.176
synthetic/images/img026443.jpg,synthetic_val,1,04667,1,02416,-0.555433,0.658291,-0.267431,-0.432004,48.1937
synthetic/images/img026461.jpg,synthetic_val,2,70643,2,52547,0.280397,-0.331378,0.8157,0.38236,77.9021
synthetic/images/img026465.jpg,synthetic_val,2,50114,2,50053,0.158968,-0.658581,0.72671,0.113548,16.9955
synthetic/images/img026560.jpg,synthetic_val,3,47503,3,47504,-0.155479,-0.333169,0.599704,0.71076,4.74712
synthetic/images/img026608.jpg,synthetic_val,2,36213,2,36221,0.065481,0.632983,0.698464,-0.327405,9.2987
synthetic/images/img026641.jpg,synthetic_val,1,26726,2,26606,-0.592333,0.515903,0.61144,-0.0955375,19.1496
synthetic/images/img026769.jpg,synthetic_val,0,70367,0,72146,0.822136,0.231226,0.488143,0.179842,12.4243
synthetic/images/img026806.jpg,synthetic_val,0,30514,0,16315,0.835478,0.39163,-0.182761,-0.339413,30.8502
synthetic/images/img026853.jpg,synthetic_val,2,73400,0,76605,0.654974,0.0614038,0.511698,0.552634,70.0673
synthetic/images/img026898.jpg,synthetic_val,1,30465,2,21671,-0.222579,0.321503,0.791391,-0.469888,108.915
synthetic/images/img026910.jpg,synthetic_val,3,00306,3,00342,-0.440762,-0.402435,-0.517416,0.613234,2.61901
synthetic/images/img027037.jpg,synthetic_val,0,36206,3,23076,-0.229416,0.479687,-0.521399,0.667391,93.385
synthetic/images/img027064.jpg,synthetic_val,0,61027,0,61027,0.904735,-0.367549,0.197911,0.0848189,0.528455
synthetic/images/img027065.jpg,synthetic_val,3,20011,3,21664,-0.363057,0.314649,-0.411464,0.774521,46.077
synthetic/images/img027095.jpg,synthetic_val,2,72525,2,72530,0.313914,0.507093,0.772712,0.217325,5.28539
synthetic/images/img027107.jpg,synthetic_val,0,05373,0,14224,0.811493,0.0253592,-0.481824,-0.329669,8.20698
synthetic/images/img027178.jpg,synthetic_val,2,62221,1,26066,-0.608545,0.628176,0.451501,-0.176674,29.1328
synthetic/images/img027202.jpg,synthetic_val,3,07116,3,07512,-0.0848189,-0.367549,-0.197911,0.904735,18.1731
synthetic/images/img027219.jpg,synthetic_val,3,00354,3,00162,-0.426585,-0.463679,-0.500773,0.593509,8.1824
synthetic/images/img027236.jpg,synthetic_val,2,60137,2,60350,-0.492056,0.233079,0.828726,0.129488,10.9548
synthetic/images/img027244.jpg,synthetic_val,2,12255,1,52503,0.294514,0.856767,-0.348062,0.240966,121.911
synthetic/images/img027319.jpg,synthetic_val,0,13606,0,13427,0.732782,0.435089,-0.206095,-0.480888,11.1977
synthetic/images/img027327.jpg,synthetic_val,0,40640,0,40063,0.638089,-0.578268,-0.498507,0.0997013,16.4072
synthetic/images/img027343.jpg,synthetic_val,2,24501,2,20566,-0.52891,0.160973,0.735875,-0.390934,32.1987
synthetic/images/img027470.jpg,synthetic_val,2,37703,1,71401,0.496065,0.835478,0.0261087,0.234978,92.4016
synthetic/images/img027473.jpg,synthetic_val,1,52145,1,52141,0.294514,0.856767,-0.40161,0.13387,8.29169
synthetic/images/img027492.jpg,synthetic_val,0,27101,0,27523,0.793334,-0.123958,0.570209,-0.173542,29.6884
synthetic/images/img027551.jpg,synthetic_val,1,50513,1,50156,0.284839,0.701141,-0.635409,0.153375,8.339
synthetic/images/img027572.jpg,synthetic_val,1,07515,1,07536,-0.0888913,0.948174,-0.266674,-0.148152,20.5058
synthetic/images/img027611.jpg,synthetic_val,0,00023,2,20144,-0.492719,0.0214226,0.685522,-0.535564,145.942
synthetic/images/img027620.jpg,synthetic_val,0,05547,3,44733,-0.360237,-0.360237,0.529761,0.678094,104.824
synthetic/images/img027659.jpg,synthetic_val,1,35647,2,34352,0.343176,0.29038,0.844742,-0.29038,98.6021
synthetic/images/img027810.jpg,synthetic_val,2,12274,1,53102,0.58617,0.750298,-0.304808,0.0234468,153.635
synthetic/images/img027905.jpg,synthetic_val,3,36443,3,62133,-0.395992,0.535754,0.0232936,0.745396,54.2683
synthetic/images/img027923.jpg,synthetic_val,1,57105,1,55213,0.481365,0.669726,-0.439508,0.355792,15.7237
synthetic/images/img027970.jpg,synthetic_val,1,64731,2,53455,0.51391,-0.335159,0.715006,0.335159,178.597
synthetic/images/img028119.jpg,synthetic_val,0,14624,0,14661,0.854321,0.0800926,-0.507253,-0.0800926,8.51692
synthetic/images/img028144.jpg,synthetic_val,1,07260,1,07241,-0.352124,0.866766,-0.189605,-0.297951,12.0936
synthetic/images/img028176.jpg,synthetic_val,0,21445,0,03626,0.778177,-0.36477,-0.024318,-0.510678,14.5203
synthetic/images/img028238.jpg,synthetic_val,1,05723,1,05367,-0.132733,0.849491,-0.451292,-0.238919,6.39004
synthetic/images/img028244.jpg,synthetic_val,2,46056,2,00747,-0.448231,-0.448231,0.683019,-0.362854,99.7383
synthetic/images/img028264.jpg,synthetic_val,2,27321,1,16471,0.20182,0.922608,-0.317146,-0.0864945,135.548
synthetic/images/img028305.jpg,synthetic_val,0,30241,0,30036,0.72671,0.113548,0.158968,-0.658581,7.10973
synthetic/images/img028328.jpg,synthetic_val,1,03415,1,01703,-0.111276,0.712167,-0.46736,-0.51187,16.3027
synthetic/images/img028340.jpg,synthetic_val,2,23227,1,12353,0.335159,0.715006,-0.11172,-0.603286,107.827
synthetic/images/img028392.jpg,synthetic_val,1,55226,1,57403,0.407029,0.685522,-0.278493,0.535564,18.73
synthetic/images/img028454.jpg,synthetic_val,2,60075,2,60456,-0.60571,0.0673011,0.717879,0.336506,21.4351
synthetic/images/img028462.jpg,synthetic_val,0,61121,0,61132,0.972379,-0.0911606,0.212708,0.0303869,10.0304
synthetic/images/img028512.jpg,synthetic_val,1,30111,1,15022,0.365528,0.688053,-0.537541,-0.322525,76.5155
synthetic/images/img028552.jpg,synthetic_val,1,30217,2,20453,-0.55638,0.0667657,0.712167,-0.422849,130.437
synthetic/images/img028553.jpg,synthetic_val,0,60435,0,60661,0.681778,-0.617861,0.276972,0.276972,20.6888
synthetic/images/img028593.jpg,synthetic_val,1,12114,1,47400,-0.327405,0.698464,-0.327405,0.545675,162.293
synthetic/images/img028614.jpg,synthetic_val,1,42320,1,46211,-0.560843,0.717879,-0.157036,0.381373,45.2296
synthetic/images/img028671.jpg,synthetic_val,2,71337,1,75444,0.356417,0.670902,0.0209657,0.649937,119.091
synthetic/images/img028682.jpg,synthetic_val,3,61007,3,70025,0.0918415,0.153069,0.0918415,0.979643,52.1409
synthetic/images/img028710.jpg,synthetic_val,3,16131,3,16511,0.384363,-0.384363,-0.179369,0.819974,25.8964
synthetic/images/img028711.jpg,synthetic_val,2,74232,2,10545,0.224771,-0.633445,0.653879,-0.347373,158.462
synthetic/images/img028724.jpg,synthetic_val,1,03566,1,07136,-0.0837545,0.893381,-0.251263,-0.362936,16.535
synthetic/images/img028888.jpg,synthetic_val,1,04356,3,34100,0.246691,0.0274101,-0.411152,0.877124,171.223
synthetic/images/img028921.jpg,synthetic_val,0,71073,0,71001,0.859235,0.510171,0.0268511,0.0268511,19.9219
synthetic/images/img028940.jpg,synthetic_val,0,02623,1,64001,-0.624704,0.689329,0.0215415,0.366206,15.7397
synthetic/images/img028985.jpg,synthetic_val,3,43027,3,43033,-0.261226,-0.261226,0.0290252,0.928805,12.6792
synthetic/images/img029009.jpg,synthetic_val,1,55241,2,31700,0.525995,0.189358,0.673274,-0.483916,157.32
synthetic/images/img029027.jpg,synthetic_val,3,53535,0,63011,0.856767,-0.240966,0.455158,0.026774,83.612
synthetic/images/img029045.jpg,synthetic_val,0,64101,0,64533,0.717879,-0.381373,0.157036,0.560843,28.1655
synthetic/images/img029053.jpg,synthetic_val,1,40764,1,43351,-0.0301648,0.965275,-0.211154,0.150824,70.8189
synthetic/images/img029096.jpg,synthetic_val,2,00362,2,02142,-0.464575,-0.262586,0.646366,-0.545371,9.66758
synthetic/images/img029133.jpg,synthetic_val,1,71305,1,71357,0.667787,0.689329,0.236957,0.150791,11.4241
synthetic/images/img029253.jpg,synthetic_val,2,07750,2,07761,-0.153069,-0.0918415,0.979643,-0.0918415,11.4418
synthetic/images/img029259.jpg,synthetic_val,3,60256,3,60025,-0.665481,0.114738,0.0688428,0.734324,21.1482
synthetic/images/img029275.jpg,synthetic_val,1,15243,1,15253,0.500118,0.695817,-0.45663,-0.239187,8.04011
synthetic/images/img029279.jpg,synthetic_val,1,12350,3,10574,0.276471,-0.574208,-0.361538,0.680543,91.9116
synthetic/images/img029307.jpg,synthetic_val,1,27461,1,27406,-0.370965,0.791391,0.469888,-0.123655,10.2325
synthetic/images/img029339.jpg,synthetic_val,0,07675,0,07671,0.954905,-0.268567,-0.0895223,-0.0895223,6.0285
synthetic/images/img029407.jpg,synthetic_val,2,70723,2,70730,0.342224,0.342224,0.842397,0.236924,7.08854
synthetic/images/img029430.jpg,synthetic_val,1,16523,1,16730,0.367549,0.904735,-0.0848189,-0.197911,22.9292
synthetic/images/img029610.jpg,synthetic_val,1,62714,1,62355,-0.381373,0.717879,0.560843,0.157036,10.2306
synthetic/images/img029628.jpg,synthetic_val,1,34335,1,34343,0.295362,0.859235,0.295362,-0.295362,13.7671
synthetic/images/img029648.jpg,synthetic_val,1,15711,2,21522,-0.172276,0.172276,0.787547,-0.566049,145.51
synthetic/images/img029658.jpg,synthetic_val,1,70063,1,70603,0.0853666,0.910577,0.313011,0.2561,16.4347
synthetic/images/img029703.jpg,synthetic_val,1,47124,1,47525,-0.114738,0.734324,-0.252424,0.619586,17.696
synthetic/images/img029714.jpg,synthetic_val,1,46224,1,42061,-0.646684,0.713582,-0.245294,0.111497,37.8114
synthetic/images/img029716.jpg,synthetic_val,2,51753,2,53543,0.590455,-0.284293,0.699798,0.284293,17.1682
synthetic/images/img029760.jpg,synthetic_val,1,35000,1,35006,0.440261,0.828726,0.0776931,-0.33667,6.18363
synthetic/images/img029768.jpg,synthetic_val,0,23143,0,23123,0.635066,-0.099229,0.456453,-0.61522,10.1451
synthetic/images/img029808.jpg,synthetic_val,0,42651,0,01522,0.678094,-0.148333,-0.529761,-0.48738,114.678
synthetic/images/img029830.jpg,synthetic_val,0,25474,0,25467,0.907642,-0.368729,0.198547,-0.0283638,10.5397
synthetic/images/img029931.jpg,synthetic_val,3,56765,3,56363,0.276124,-0.0251022,0.527146,0.80327,22.7287
synthetic/images/img029982.jpg,synthetic_val,0,53260,0,53205,0.842397,0.500173,-0.184274,0.0789747,13.5842
synthetic/images/img029995.jpg,synthetic_val,1,65324,1,65305,-0.129488,0.828726,0.233079,0.492056,14.4865
synthetic/images/img030030.jpg,synthetic_val,0,41032,1,42222,-0.695445,0.717879,-0.0224337,0.0224337,90.355
synthetic/images/img030033.jpg,synthetic_val,1,45573,1,55060,0.341162,0.642187,-0.541845,0.421435,44.568
synthetic/images/img030041.jpg,synthetic_val,0,54073,3,04511,-0.352715,-0.643187,-0.145236,0.663935,174.427
synthetic/images/img030088.jpg,synthetic_val,0,52622,3,33760,0.468211,0.543124,-0.35584,0.59931,100.558
synthetic/images/img030110.jpg,synthetic_val,2,36320,3,51033,0.492719,-0.535564,0.0214226,0.685522,126.555
synthetic/images/img030137.jpg,synthetic_val,2,13252,1,73311,0.606678,0.626248,0.489256,0.0195703,116.826
synthetic/images/img030209.jpg,synthetic_val,0,74602,0,65536,0.751953,-0.0704956,0.16449,0.63446,14.4656
synthetic/images/img030230.jpg,synthetic_val,1,03064,0,47000,0.762121,-0.357244,-0.357244,0.404877,100.142
synthetic/images/img030342.jpg,synthetic_val,0,61147,0,61412,0.910577,-0.313011,0.0853666,0.2561,18.4116
synthetic/images/img030367.jpg,synthetic_val,1,16363,1,17242,0.445063,0.837765,-0.130901,-0.287982,19.7666
synthetic/images/img030417.jpg,synthetic_val,3,36714,0,76151,0.719328,0.337185,0.382143,0.472059,85.4911
synthetic/images/img030435.jpg,synthetic_val,3,44064,0,05757,0.835478,-0.0261087,-0.548282,-0.0261087,95.0051
synthetic/images/img030437.jpg,synthetic_val,0,03306,0,61103,0.983336,-0.153646,0.0921878,0.0307293,89.8458
synthetic/images/img030445.jpg,synthetic_val,1,07710,2,43253,-0.26482,-0.147122,0.941584,0.147122,141.496
synthetic/images/img030535.jpg,synthetic_val,0,35423,0,34131,0.826512,0.387427,0.129142,-0.387427,29.6084
synthetic/images/img030606.jpg,synthetic_val,2,56033,2,65535,-0.0237089,0.118545,0.758686,0.640141,51.1795
synthetic/images/img030610.jpg,synthetic_val,3,35445,3,30777,0.357244,0.357244,-0.404877,0.762121,62.1053
synthetic/images/img030637.jpg,synthetic_val,1,35224,2,30647,0.0789747,0.289574,0.842397,-0.447523,96.9249
synthetic/images/img030750.jpg,synthetic_val,2,17331,1,26315,-0.370354,0.697136,0.544638,-0.283212,159.165
synthetic/images/img030899.jpg,synthetic_val,1,41266,3,17024,0.424602,-0.274743,-0.324696,0.799251,166.255
synthetic/images/img030974.jpg,synthetic_val,1,01723,1,03077,-0.211487,0.751953,-0.211487,-0.587463,23.4254
synthetic/images/img031002.jpg,synthetic_val,3,76071,2,26555,-0.424602,0.424602,0.799251,-0.0249766,120.57
synthetic/images/img031029.jpg,synthetic_val,0,73160,1,75164,0.532639,0.681778,0.106528,0.490028,66.2488
synthetic/images/img031045.jpg,synthetic_val,3,07442,3,16761,0.322554,-0.0879694,-0.0879694,0.93834,88.9301
synthetic/images/img031080.jpg,synthetic_val,0,46250,0,43064,0.849491,-0.398199,-0.292013,0.185826,43.744
synthetic/images/img031218.jpg,synthetic_val,2,63153,2,62176,-0.428838,0.51912,0.722254,0.157993,50.3098
synthetic/images/img031245.jpg,synthetic_val,2,15727,2,17577,0.681854,-0.197958,0.703849,-0.0219953,27.3617
synthetic/images/img031304.jpg,synthetic_val,1,25654,2,61176,-0.0892052,0.208145,0.951522,0.208145,123.477
synthetic/images/img031323.jpg,synthetic_val,1,34602,1,34600,0.0294245,0.941584,0.26482,-0.205971,6.32472
synthetic/images/img031365.jpg,synthetic_val,1,61503,1,43442,-0.376533,0.80327,-0.326328,0.326328,54.9449
synthetic/images/img031457.jpg,synthetic_val,2,10154,1,45004,-0.295829,0.631101,-0.611379,0.374716,13.1922
synthetic/images/img031546.jpg,synthetic_val,1,53033,1,33626,0.32626,0.614137,0.594945,-0.403027,115.049
synthetic/images/img031608.jpg,synthetic_val,1,71423,1,71435,0.557996,0.776342,0.121303,0.266868,13.3127
synthetic/images/img031640.jpg,synthetic_val,2,14767,1,41176,-0.0726113,0.774521,-0.605095,0.169426,54.1142
synthetic/images/img031646.jpg,synthetic_val,0,63024,3,76040,0.0238705,0.405798,0.50128,0.763856,160.027
synthetic/images/img031689.jpg,synthetic_val,1,32516,2,04311,-0.37392,-0.505892,0.703849,-0.329929,179.048
synthetic/images/img031700.jpg,synthetic_val,0,03263,0,05673,0.854321,-0.240278,-0.453858,-0.0800926,82.5674
synthetic/images/img031702.jpg,synthetic_val,2,34127,1,70157,0.41491,0.88514,0.0829819,0.193624,146.644
synthetic/images/img031729.jpg,synthetic_val,0,20146,0,62110,0.781884,-0.464244,0.415376,0.0244339,78.3064
synthetic/images/img031737.jpg,synthetic_val,3,54574,2,05752,-0.0779024,-0.545317,0.830959,-0.0779024,94.095
synthetic/images/img031791.jpg,synthetic_val,2,15711,2,71645,0.462042,0.218862,0.778177,0.36477,101.697
synthetic/images/img031804.jpg,synthetic_val,2,06117,2,07012,-0.280397,-0.331378,0.8157,-0.38236,17.467
synthetic/images/img031806.jpg,synthetic_val,3,37544,3,35356,0.637864,0.241948,-0.197958,0.703849,28.304
synthetic/images/img031931.jpg,synthetic_val,0,51410,1,31036,0.432737,0.659408,0.144246,-0.597589,137.669
synthetic/images/img031940.jpg,synthetic_val,0,56015,0,52134,0.879772,0.357407,-0.302422,0.0824786,50.6073
synthetic/images/img031979.jpg,synthetic_val,3,21761,3,23376,-0.058621,0.605751,-0.488509,0.625291,37.8957
synthetic/images/img031991.jpg,synthetic_val,2,43705,1,07727,-0.152499,0.975991,-0.0304997,-0.152499,151.161
synthetic/images/img032000.jpg,synthetic_val,2,73254,2,16777,0.424094,-0.028273,0.904735,-0.028273,74.2148
synthetic/images/img032002.jpg,synthetic_val,0,67015,0,62330,0.678094,-0.402618,0.614523,0.0211904,56.3268
synthetic/images/img032051.jpg,synthetic_val,0,43173,0,43174,0.922608,-0.0864945,-0.317146,0.20182,10.3722
synthetic/images/img032273.jpg,synthetic_val,3,70055,3,52341,0.315058,-0.200492,0.143208,0.916533,29.5601
synthetic/images/img032286.jpg,synthetic_val,3,52230,3,60276,-0.599704,0.333169,0.155479,0.71076,108.143
synthetic/images/img032307.jpg,synthetic_val,0,61652,0,61615,0.88514,-0.248946,0.248946,0.304267,11.1418
synthetic/images/img032343.jpg,synthetic_val,0,72067,0,72403,0.833209,0.0781133,0.494718,0.23434,8.77639
synthetic/images/img032388.jpg,synthetic_val,3,75147,0,62777,0.640128,-0.340068,0.620124,0.30006,65.4495
synthetic/images/img032401.jpg,synthetic_val,3,03203,1,30474,0.135432,0.866766,0.135432,-0.46047,117.443
synthetic/images/img032404.jpg,synthetic_val,1,34361,1,34314,0.342224,0.842397,0.236924,-0.342224,12.1828
synthetic/images/img032469.jpg,synthetic_val,1,11250,3,27347,-0.115966,0.626216,-0.208739,0.742182,174.119
synthetic/images/img032513.jpg,synthetic_val,1,71161,1,30674,0.128799,0.824315,0.334878,-0.437917,92.6355
synthetic/images/img032542.jpg,synthetic_val,0,07633,0,07742,0.961781,-0.21039,-0.150278,-0.090167,16.034
synthetic/images/img032587.jpg,synthetic_val,1,06351,2,56075,0.168638,-0.265003,0.770916,0.554096,105.569
synthetic/images/img032698.jpg,synthetic_val,2,75172,0,26663,0.600999,-0.544655,0.582217,-0.0563436,101.084
synthetic/images/img032702.jpg,synthetic_val,0,26014,0,26525,0.728214,-0.47789,0.47789,-0.113783,27.5632
synthetic/images/img032826.jpg,synthetic_val,2,22752,2,42130,-0.489437,-0.283358,0.824315,0.0257599,112.431
synthetic/images/img032858.jpg,synthetic_val,1,44610,1,43317,-0.0307293,0.983336,-0.153646,0.0921878,90.7381
synthetic/images/img032926.jpg,synthetic_val,0,43100,0,47233,0.856767,-0.240966,-0.026774,0.455158,67.6276
synthetic/images/img032972.jpg,synthetic_val,1,52577,1,53046,0.434472,0.817829,-0.332243,0.1789,25.5517
synthetic/images/img032988.jpg,synthetic_val,3,42113,3,43211,-0.26482,-0.205971,0.0294245,0.941584,28.2711
synthetic/images/img033037.jpg,synthetic_val,0,56112,0,50740,0.753619,0.211955,-0.541664,0.306158,33.1319
synthetic/images/img033094.jpg,synthetic_val,3,00652,0,74103,0.842397,0.289574,0.0789747,0.447523,142.02
synthetic/images/img033123.jpg,synthetic_val,1,06705,1,06027,-0.630584,0.695817,-0.195698,-0.282675,24.1011
synthetic/images/img033157.jpg,synthetic_val,3,74246,0,66530,0.646366,-0.38378,0.424178,0.504973,115.596
synthetic/images/img033170.jpg,synthetic_val,1,73443,1,72525,0.266242,0.774521,0.508279,0.266242,22.7787
synthetic/images/img033186.jpg,synthetic_val,0,07613,0,07732,0.972379,-0.0911606,-0.0303869,-0.212708,21.6679
synthetic/images/img033208.jpg,synthetic_val,0,35525,0,35536,0.72671,0.658581,0.158968,-0.113548,7.20243
synthetic/images/img033285.jpg,synthetic_val,1,72534,2,30445,0.0824786,0.0274929,0.879772,-0.467379,137.293
synthetic/images/img033352.jpg,synthetic_val,0,12354,0,12125,0.697136,0.239641,-0.239641,-0.63178,15.9341
synthetic/images/img033356.jpg,synthetic_val,1,13605,0,15526,0.667391,0.521399,-0.521399,-0.10428,68.6873
synthetic/images/img033366.jpg,synthetic_val,3,63050,3,70742,0.240966,0.294514,0.348062,0.856767,68.5126
synthetic/images/img033412.jpg,synthetic_val,0,67422,0,00765,0.695817,-0.45663,-0.413141,-0.369653,157.167
synthetic/images/img033440.jpg,synthetic_val,1,36436,1,27507,-0.131991,0.844742,0.501565,-0.131991,29.3289
synthetic/images/img033472.jpg,synthetic_val,0,03107,0,01117,0.615044,-0.0192201,-0.557383,-0.557383,34.769
synthetic/images/img033493.jpg,synthetic_val,3,64554,1,54532,0.263016,0.647423,-0.505799,0.505799,170.907
synthetic/images/img033543.jpg,synthetic_val,0,06150,0,60660,0.663935,-0.643187,0.269723,0.269723,98.6912
synthetic/images/img033550.jpg,synthetic_val,3,43333,3,14473,0.169426,-0.605095,-0.0726113,0.774521,77.4297
synthetic/images/img033611.jpg,synthetic_val,0,01343,0,01636,0.739008,-0.254034,-0.392598,-0.484974,22.4433
synthetic/images/img033628.jpg,synthetic_val,1,04703,2,52264,0.0303869,-0.0911606,0.972379,0.212708,108.046
synthetic/images/img033635.jpg,synthetic_val,2,45474,1,03430,-0.259633,0.755297,-0.259633,-0.54287,72.9786
synthetic/images/img033725.jpg,synthetic_val,1,56367,1,75066,0.390934,0.735875,0.160973,0.52891,26.7961
synthetic/images/img033732.jpg,synthetic_val,2,56470,0,56440,0.699798,0.0218687,-0.328031,0.634192,150.66
synthetic/images/img033763.jpg,synthetic_val,2,67150,2,67425,-0.267431,0.432004,0.658291,0.555433,27.169
synthetic/images/img033800.jpg,synthetic_val,3,65273,3,61665,-0.326328,0.326328,0.376533,0.80327,20.3041
synthetic/images/img033831.jpg,synthetic_val,2,23052,2,30062,0.0235506,0.164854,0.753619,-0.635866,40.962
synthetic/images/img033878.jpg,synthetic_val,0,66025,0,63456,0.769133,-0.264389,0.456673,0.360531,38.0419
synthetic/images/img033889.jpg,synthetic_val,1,13503,0,20675,0.697136,-0.544638,0.283212,-0.370354,165.364
synthetic/images/img033911.jpg,synthetic_val,0,73446,0,77050,0.683019,0.448231,0.362854,0.448231,15.5613
synthetic/images/img033982.jpg,synthetic_val,1,74651,1,52022,0.0300557,0.961781,-0.270501,0.0300557,99.5374
synthetic/images/img033987.jpg,synthetic_val,0,32155,0,33241,0.61144,0.363043,0.477688,-0.515903,15.0418
synthetic/images/img034061.jpg,synthetic_val,3,64254,3,64056,-0.564094,0.0626771,0.480524,0.668555,13.4932
synthetic/images/img034124.jpg,synthetic_val,1,25167,1,70000,0.0312043,0.998538,0.0312043,0.0312043,45.4052
synthetic/images/img034217.jpg,synthetic_val,2,34465,0,34034,0.907642,0.141819,0.141819,-0.368729,147.577
synthetic/images/img034230.jpg,synthetic_val,1,16722,1,16702,0.262111,0.931951,-0.145617,-0.203864,16.3577
synthetic/images/img034355.jpg,synthetic_val,3,42770,3,36443,0.0800926,0.507253,-0.0800926,0.854321,107.939
synthetic/images/img034447.jpg,synthetic_val,2,43211,2,43221,-0.374809,-0.0864945,0.922608,0.0288315,15.7457
synthetic/images/img034491.jpg,synthetic_val,3,72145,3,72120,0.228822,0.533917,0.0254246,0.813589,22.6268
synthetic/images/img034526.jpg,synthetic_val,3,70401,3,70450,0.143208,0.0286417,0.372342,0.916533,12.5561
synthetic/images/img034552.jpg,synthetic_val,1,07372,1,07347,-0.147122,0.941584,-0.147122,-0.26482,16.5309
synthetic/images/img034582.jpg,synthetic_val,0,24207,1,64121,-0.497888,0.758686,0.118545,0.403052,51.1921
synthetic/images/img034633.jpg,synthetic_val,0,72422,0,72405,0.842397,0.0789747,0.447523,0.289574,15.3301
synthetic/images/img034688.jpg,synthetic_val,1,62716,0,04662,0.669726,-0.648797,-0.355792,-0.0627868,45.992
synthetic/images/img034784.jpg,synthetic_val,1,24047,3,47704,-0.162703,-0.162703,0.627568,0.743784,166.878
synthetic/images/img034788.jpg,synthetic_val,2,03241,2,60120,-0.578811,0.125828,0.805302,0.0251657,89.8388
synthetic/images/img034792.jpg,synthetic_val,1,26545,1,72142,0.233079,0.828726,0.492056,0.129488,88.4021
synthetic/images/img034828.jpg,synthetic_val,0,35440,0,34543,0.93834,0.322554,0.0879694,-0.0879694,18.848
synthetic/images/img034884.jpg,synthetic_val,2,01363,2,03436,-0.269417,-0.220432,0.783758,-0.514341,30.2862
synthetic/images/img034926.jpg,synthetic_val,0,56701,0,72055,0.851896,0.186352,0.45257,0.186352,86.308
synthetic/images/img034928.jpg,synthetic_val,0,43110,1,52642,0.0286417,0.916533,-0.143208,0.372342,176.441
synthetic/images/img034950.jpg,synthetic_val,3,16640,3,52632,0.148675,-0.0297351,0.267615,0.951522,49.0897
synthetic/images/img034959.jpg,synthetic_val,3,24471,3,27521,-0.127453,0.535303,-0.178434,0.8157,74.1848
synthetic/images/img035004.jpg,synthetic_val,0,16453,0,54000,0.670902,0.0209657,-0.649937,0.356417,70.4677
synthetic/images/img035083.jpg,synthetic_val,0,70432,0,70066,0.954905,0.0298408,0.208885,0.208885,14.0964
synthetic/images/img035109.jpg,synthetic_val,3,23645,3,27235,-0.195698,0.630584,-0.282675,0.695817,16.2123
synthetic/images/img035117.jpg,synthetic_val,3,46106,3,46102,-0.512887,-0.289893,0.37909,0.713582,6.21682
synthetic/images/img035323.jpg,synthetic_val,3,11643,3,40111,-0.356417,-0.649937,0.0209657,0.670902,109.722
synthetic/images/img035360.jpg,synthetic_val,2,35475,2,71223,0.473376,0.373718,0.797264,0.0249145,29.8049
synthetic/images/img035363.jpg,synthetic_val,2,52735,3,53115,0.658087,-0.318429,0.0636858,0.679315,113.548
synthetic/images/img035420.jpg,synthetic_val,1,11665,2,23504,-0.164854,0.40036,0.753619,-0.494563,173.129
synthetic/images/img035463.jpg,synthetic_val,0,45412,0,41447,0.673274,-0.273518,-0.610155,0.315597,23.7923
synthetic/images/img035471.jpg,synthetic_val,1,77615,1,27222,-0.303978,0.648486,0.628221,-0.303978,134.197
synthetic/images/img035480.jpg,synthetic_val,1,14067,1,14027,0.0701862,0.748653,-0.584885,-0.30414,10.9774
synthetic/images/img035529.jpg,synthetic_val,2,05607,2,06511,-0.426737,-0.376533,0.80327,-0.175715,21.32
synthetic/images/img035542.jpg,synthetic_val,2,26556,2,62117,-0.414388,0.463139,0.780024,0.0731272,10.8841
synthetic/images/img035593.jpg,synthetic_val,2,04270,2,21211,-0.194235,0.194235,0.690612,-0.66903,95.9219
synthetic/images/img035633.jpg,synthetic_val,1,34241,1,25771,-0.0288315,0.922608,0.374809,-0.0864945,31.8086
synthetic/images/img035646.jpg,synthetic_val,1,17343,3,06114,-0.45047,-0.355634,-0.308216,0.758686,89.6818
synthetic/images/img035697.jpg,synthetic_val,2,12625,1,52571,0.38236,0.8157,-0.280397,0.331378,123.288
synthetic/images/img035716.jpg,synthetic_val,3,47145,0,60535,0.837765,-0.445063,0.130901,0.287982,142.117
synthetic/images/img035721.jpg,synthetic_val,1,65345,0,25551,0.994672,-0.0310835,0.0310835,-0.0932505,160.068
synthetic/images/img035738.jpg,synthetic_val,3,60506,0,06777,0.882444,-0.468798,-0.0275764,-0.0275764,112.933
synthetic/images/img035865.jpg,synthetic_val,2,47251,2,62101,-0.50128,0.405798,0.763856,0.0238705,97.5868
synthetic/images/img035878.jpg,synthetic_val,0,31624,0,31444,0.799251,0.424602,0.0249766,-0.424602,31.8322
synthetic/images/img035889.jpg,synthetic_val,1,34466,1,34424,0.0304997,0.975991,0.152499,-0.152499,13.7294
synthetic/images/img035905.jpg,synthetic_val,2,03032,3,52572,0.342224,-0.236924,0.342224,0.842397,138.215
synthetic/images/img035941.jpg,synthetic_val,0,61446,0,61564,0.879772,-0.19245,0.137464,0.412393,25.433
synthetic/images/img035944.jpg,synthetic_val,0,24000,1,62151,-0.421459,0.793334,0.421459,0.123958,64.3068
synthetic/images/img035980.jpg,synthetic_val,3,44670,3,51211,0.503945,-0.503945,0.0219107,0.701141,138.153
synthetic/images/img035984.jpg,synthetic_val,0,26542,2,27744,-0.169825,0.606517,0.776342,-0.0242607,171.188
synthetic/images/img036016.jpg,synthetic_val,2,72177,2,73624,0.356417,0.608005,0.670902,0.230623,14.4985
synthetic/images/img036050.jpg,synthetic_val,0,11336,0,16613,0.944862,0.206689,-0.147635,-0.206689,70.2971
synthetic/images/img036090.jpg,synthetic_val,1,47514,1,45771,-0.0211904,0.678094,-0.402618,0.614523,8.33012
synthetic/images/img036117.jpg,synthetic_val,0,60271,2,16264,0.0299476,-0.0898429,0.958324,-0.269529,141.762
synthetic/images/img036168.jpg,synthetic_val,2,31320,3,65450,-0.246771,0.0224337,0.650578,0.717879,164.968
synthetic/images/img036230.jpg,synthetic_val,2,72145,3,16756,0.372342,-0.143208,-0.0286417,0.916533,157.104
synthetic/images/img036263.jpg,synthetic_val,0,42105,0,40663,0.663935,-0.601691,-0.352715,0.269723,30.9956
synthetic/images/img036315.jpg,synthetic_val,0,61276,3,70472,0.140469,0.196657,0.36522,0.899004,137.702
synthetic/images/img036342.jpg,synthetic_val,3,34275,3,34473,0.208145,0.208145,-0.0892052,0.951522,24.6421
synthetic/images/img036380.jpg,synthetic_val,2,13407,0,73166,0.678094,0.529761,0.48738,0.148333,132.26
synthetic/images/img036421.jpg,synthetic_val,3,23166,1,75276,0.445801,0.679315,0.318429,0.488258,130.275
synthetic/images/img036436.jpg,synthetic_val,1,65320,0,16525,0.890609,0.306147,-0.306147,-0.139158,170.281
synthetic/images/img036506.jpg,synthetic_val,3,35131,3,35165,0.626216,0.115966,-0.208739,0.742182,12.7928
synthetic/images/img036521.jpg,synthetic_val,3,62142,3,61162,-0.206689,0.206689,0.147635,0.944862,51.2006
synthetic/images/img036537.jpg,synthetic_val,2,14403,1,41371,-0.0266217,0.851896,-0.505813,0.133109,33.088
synthetic/images/img036551.jpg,synthetic_val,1,56350,1,56532,0.298319,0.734324,-0.206529,0.57369,10.2087
synthetic/images/img036576.jpg,synthetic_val,3,10762,3,10263,0.0662428,-0.375376,-0.596185,0.706589,24.8084
synthetic/images/img036737.jpg,synthetic_val,1,21643,2,20567,-0.494563,0.164854,0.753619,-0.40036,95.9874
synthetic/images/img036770.jpg,synthetic_val,0,16012,1,71204,0.453858,0.854321,0.240278,0.0800926,138.025
synthetic/images/img036772.jpg,synthetic_val,2,21027,3,60076,-0.627568,0.162703,0.162703,0.743784,162.718
synthetic/images/img036781.jpg,synthetic_val,2,51537,0,62373,0.667391,-0.354552,0.646535,0.10428,21.0603
synthetic/images/img036846.jpg,synthetic_val,1,52242,0,52232,0.987072,0.15423,-0.030846,0.030846,156.237
synthetic/images/img036879.jpg,synthetic_val,1,43723,1,43673,-0.25205,0.896179,-0.0280056,0.364073,15.4824
synthetic/images/img036891.jpg,synthetic_val,1,60351,1,61244,-0.403933,0.861723,0.24236,0.188502,9.31381
synthetic/images/img036892.jpg,synthetic_val,2,23512,3,62554,-0.436005,0.390109,0.344214,0.734324,172.595
synthetic/images/img036908.jpg,synthetic_val,2,47376,1,07023,-0.33577,0.826512,-0.232456,-0.387427,129.54
synthetic/images/img036985.jpg,synthetic_val,1,30444,2,43240,-0.412393,-0.19245,0.879772,0.137464,153.485
synthetic/images/img037098.jpg,synthetic_val,3,06436,0,56221,0.877124,0.0822304,-0.0822304,0.465972,156.349
synthetic/images/img037184.jpg,synthetic_val,3,50323,3,14700,0.219382,-0.560642,-0.17063,0.780024,28.0583
synthetic/images/img037240.jpg,synthetic_val,0,75001,3,73510,0.613422,0.359592,0.190372,0.676879,41.1831
synthetic/images/img037270.jpg,synthetic_val,0,25502,0,17606,0.866766,0.46047,-0.135432,-0.135432,80.4955
synthetic/images/img037296.jpg,synthetic_val,2,66270,1,06246,-0.67793,0.699798,-0.109344,-0.196818,112.093
synthetic/images/img037335.jpg,synthetic_val,0,32031,3,05755,-0.0253592,-0.583261,-0.0253592,0.811493,105.345
synthetic/images/img037351.jpg,synthetic_val,2,07014,2,04363,-0.484974,-0.392598,0.739008,-0.254034,23.652
synthetic/images/img037362.jpg,synthetic_val,2,70200,1,13277,0.492719,0.685522,-0.0214226,-0.535564,161.944
synthetic/images/img037501.jpg,synthetic_val,2,17651,1,71446,0.432219,0.813589,0.0762739,0.38137,163.854
synthetic/images/img037527.jpg,synthetic_val,1,60063,2,70102,0.269529,0.0898429,0.958324,0.0299476,172.102
synthetic/images/img037596.jpg,synthetic_val,1,45324,1,45064,-0.299581,0.639106,-0.539246,0.459357,22.125
synthetic/images/img037627.jpg,synthetic_val,3,62732,0,67220,0.656074,-0.307535,0.594567,0.348539,165.587
synthetic/images/img037634.jpg,synthetic_val,1,72714,1,43141,-0.138728,0.887862,-0.416185,0.138728,133.39
synthetic/images/img037688.jpg,synthetic_val,1,60132,1,60175,-0.456468,0.859235,0.134255,0.187958,17.4405
synthetic/images/img037698.jpg,synthetic_val,1,32772,1,50551,0.307535,0.656074,-0.635572,0.26653,178.476
synthetic/images/img037719.jpg,synthetic_val,0,56106,0,54702,0.686784,0.193158,-0.450702,0.53655,19.305
synthetic/images/img037815.jpg,synthetic_val,0,40223,1,64222,-0.620124,0.640128,0.30006,0.340068,42.9146
synthetic/images/img037871.jpg,synthetic_val,1,52274,1,52252,0.150824,0.965275,-0.150824,0.150824,11.085
synthetic/images/img037909.jpg,synthetic_val,3,15453,3,15701,0.559233,-0.476383,-0.144986,0.662794,15.8789
synthetic/images/img037913.jpg,synthetic_val,0,07047,0,07427,0.887862,-0.360694,-0.249711,-0.138728,15.9899
synthetic/images/img037944.jpg,synthetic_val,3,02772,0,37574,0.666233,0.603774,0.437215,-0.0208198,116.217
synthetic/images/img037970.jpg,synthetic_val,2,16640,3,36342,0.203549,0.610647,-0.248782,0.72373,131.44
synthetic/images/img038078.jpg,synthetic_val,0,41571,0,11764,0.667391,0.521399,-0.396264,-0.354552,105.968
synthetic/images/img038101.jpg,synthetic_val,2,34656,0,14626,0.8745,0.0273281,-0.464578,-0.136641,145.332
synthetic/images/img038105.jpg,synthetic_val,0,70127,3,25331,-0.0265466,0.345106,-0.398199,0.849491,170.447
synthetic/images/img038122.jpg,synthetic_val,2,34670,0,35760,0.748653,0.584885,0.30414,-0.0701862,103.658
synthetic/images/img038164.jpg,synthetic_val,2,13475,2,71323,0.606933,0.337185,0.719328,0.022479,82.9946
synthetic/images/img038191.jpg,synthetic_val,2,72245,2,52614,0.143208,-0.200492,0.916533,0.315058,97.32
synthetic/images/img038212.jpg,synthetic_val,0,14426,3,14667,0.0824786,-0.467379,-0.0274929,0.879772,177.819
synthetic/images/img038276.jpg,synthetic_val,3,74555,2,66144,-0.472348,0.349127,0.65718,0.472348,103.96
synthetic/images/img038281.jpg,synthetic_val,1,40673,2,53000,0.433341,-0.38236,0.8157,0.0254906,74.2435
synthetic/images/img038314.jpg,synthetic_val,3,10732,3,10743,0.249293,-0.475923,-0.430597,0.725215,12.8243
synthetic/images/img038448.jpg,synthetic_val,0,32175,0,33021,0.606152,0.359903,0.397787,-0.58721,13.4577
synthetic/images/img038540.jpg,synthetic_val,0,56507,3,03674,-0.289574,-0.0789747,-0.447523,0.842397,132.229
synthetic/images/img038588.jpg,synthetic_val,3,62460,1,61153,-0.0307293,0.983336,0.0921878,0.153646,114.746
synthetic/images/img038649.jpg,synthetic_val,1,41572,1,41516,-0.067166,0.716438,-0.649272,0.246276,11.3903
synthetic/images/img038680.jpg,synthetic_val,2,67321,2,67336,-0.0618195,0.638802,0.659408,0.391524,5.40418
synthetic/images/img038752.jpg,synthetic_val,0,16276,0,30700,0.772712,0.217325,0.217325,-0.555387,47.1398
synthetic/images/img038758.jpg,synthetic_val,2,33254,3,47430,-0.252957,-0.252957,0.574903,0.735875,154.288
synthetic/images/img038773.jpg,synthetic_val,0,70017,3,30512,0.31246,0.0721062,-0.552814,0.769133,143.408
synthetic/images/img038791.jpg,synthetic_val,2,12755,2,35636,0.507093,0.362209,0.772712,-0.120736,72.894
synthetic/images/img038795.jpg,synthetic_val,0,61744,2,25652,-0.308062,0.308062,0.896179,-0.0840168,166.68
synthetic/images/img038871.jpg,synthetic_val,3,34647,3,36423,0.0747435,0.573034,-0.174402,0.797264,38.8393
synthetic/images/img038882.jpg,synthetic_val,1,76204,0,56245,0.797264,0.0747435,-0.174402,0.573034,154.791
synthetic/images/img038909.jpg,synthetic_val,1,40276,0,52211,0.954905,0.208885,-0.208885,0.0298408,142.23
synthetic/images/img038990.jpg,synthetic_val,0,02234,0,72645,0.737437,0.0691347,0.576123,0.345674,159.124
synthetic/images/img039018.jpg,synthetic_val,3,26470,1,26415,-0.564261,0.722254,0.383697,-0.112852,116.328
synthetic/images/img039049.jpg,synthetic_val,2,50611,2,50252,0.128459,-0.539527,0.822136,0.128459,10.3427
synthetic/images/img039065.jpg,synthetic_val,0,06705,0,06563,0.811493,-0.532542,-0.228232,-0.0760775,9.0936
synthetic/images/img039069.jpg,synthetic_val,3,10644,1,14727,0.287982,0.837765,-0.445063,-0.130901,137.449
synthetic/images/img039103.jpg,synthetic_val,1,56023,1,52435,0.193035,0.882444,-0.30334,0.30334,21.3025
synthetic/images/img039122.jpg,synthetic_val,3,60745,1,34355,0.399326,0.851896,0.239596,-0.239596,166.803
synthetic/images/img039196.jpg,synthetic_val,0,12274,0,72257,0.743784,0.162703,0.627568,0.162703,126.736
synthetic/images/img039259.jpg,synthetic_val,0,52105,0,52105,0.861723,0.296217,-0.403933,0.0807866,2.45651
synthetic/images/img039268.jpg,synthetic_val,1,61364,2,60176,-0.493382,0.181772,0.830959,0.181772,106.878
synthetic/images/img039371.jpg,synthetic_val,2,70167,2,70350,0.360694,0.249711,0.887862,0.138728,12.4622
synthetic/images/img039383.jpg,synthetic_val,0,31114,3,31712,0.578268,0.219343,-0.458626,0.638089,167.291
synthetic/images/img039505.jpg,synthetic_val,3,12630,0,50231,0.844742,0.184787,-0.501565,0.0263982,132.307
synthetic/images/img039575.jpg,synthetic_val,3,51120,3,51207,0.443543,-0.490232,0.0700331,0.74702,16.3478
synthetic/images/img039604.jpg,synthetic_val,0,55750,0,50473,0.74059,0.162004,-0.578586,0.300865,55.3829
synthetic/images/img039614.jpg,synthetic_val,3,14103,3,27127,-0.119625,0.550277,-0.311026,0.765603,151.055
synthetic/images/img039645.jpg,synthetic_val,2,76103,2,70750,0.342224,0.236924,0.842397,0.342224,28.1972
synthetic/images/img039691.jpg,synthetic_val,3,50250,0,41645,0.725215,-0.294619,-0.521249,0.339945,125.558
synthetic/images/img039693.jpg,synthetic_val,2,41123,2,41130,-0.0714488,-0.643039,0.762121,0.0238163,5.01061
synthetic/images/img039715.jpg,synthetic_val,2,40323,1,21743,-0.127786,0.817829,0.281129,-0.485586,173.614
synthetic/images/img039779.jpg,synthetic_val,2,23115,2,21752,-0.0770752,0.282609,0.822136,-0.488143,26.2497
synthetic/images/img039785.jpg,synthetic_val,1,16302,1,16235,0.197911,0.904735,-0.0848189,-0.367549,9.21839
synthetic/images/img039798.jpg,synthetic_val,0,53312,3,47440,-0.311757,-0.311757,0.60273,0.665081,121.055
synthetic/images/img039801.jpg,synthetic_val,2,34447,2,34454,0.15423,0.030846,0.987072,-0.030846,8.02374
synthetic/images/img039823.jpg,synthetic_val,3,63506,3,63433,-0.217325,0.555387,0.217325,0.772712,14.3027
synthetic/images/img039897.jpg,synthetic_val,0,61025,0,63004,0.813589,-0.38137,0.432219,0.0762739,36.8983
synthetic/images/img039902.jpg,synthetic_val,1,37765,2,34130,0.342224,0.131625,0.842397,-0.394874,82.4616
synthetic/images/img039965.jpg,synthetic_val,1,23674,1,23744,-0.157036,0.717879,0.560843,-0.381373,13.5084
synthetic/images/img039989.jpg,synthetic_val,1,43272,1,61655,-0.239596,0.851896,0.239596,0.399326,46.2805
synthetic/images/img039993.jpg,synthetic_val,0,50532,0,50505,0.678094,0.233095,-0.656904,0.233095,13.3557
synthetic/images/img040008.jpg,synthetic_val,0,15433,2,32670,0.105386,0.611238,0.674469,-0.400466,171.349
synthetic/images/img040043.jpg,synthetic_val,1,47176,1,76131,0.337185,0.719328,0.472059,0.382143,99.555
synthetic/images/img040047.jpg,synthetic_val,1,26013,3,42742,-0.550277,-0.119625,0.311026,0.765603,170.686
synthetic/images/img040056.jpg,synthetic_val,2,22504,0,27477,0.791391,-0.222579,0.568812,-0.024731,174.057
synthetic/images/img040058.jpg,synthetic_val,3,17732,0,37520,0.691902,0.540548,0.454061,-0.151354,150.216
synthetic/images/img040066.jpg,synthetic_val,3,60646,0,05717,0.828726,-0.0258977,-0.543852,-0.129488,73.8213
synthetic/images/img040100.jpg,synthetic_val,1,03471,1,01706,-0.158316,0.72373,-0.474948,-0.474948,24.8054
synthetic/images/img040134.jpg,synthetic_val,2,50346,1,71166,0.598127,0.765603,0.167476,0.167476,165.524
synthetic/images/img040165.jpg,synthetic_val,0,11341,3,44277,-0.503333,-0.342266,0.463066,0.644266,28.6562
synthetic/images/img040211.jpg,synthetic_val,1,43307,1,30616,0.124573,0.797264,0.27406,-0.523205,100.407
synthetic/images/img040227.jpg,synthetic_val,2,52300,0,11677,0.6932,0.498237,-0.368262,-0.368262,147.628
synthetic/images/img040231.jpg,synthetic_val,1,50571,3,53542,0.560843,-0.291638,0.291638,0.717879,178.311
synthetic/images/img040237.jpg,synthetic_val,2,04234,0,24453,0.783758,-0.612311,0.0734773,-0.0734773,164.687
synthetic/images/img040240.jpg,synthetic_val,3,25557,3,54253,0.158316,-0.474948,0.474948,0.72373,99.7858
synthetic/images/img040272.jpg,synthetic_val,3,30677,1,06377,-0.455158,0.856767,-0.026774,-0.240966,173.491
synthetic/images/img040315.jpg,synthetic_val,2,14372,2,70147,0.317146,0.0864945,0.922608,0.20182,82.143
synthetic/images/img040461.jpg,synthetic_val,1,52216,1,42357,-0.456468,0.859235,-0.134255,0.187958,70.9484
synthetic/images/img040505.jpg,synthetic_val,3,67015,3,66155,-0.368262,0.368262,0.498237,0.6932,22.3143
synthetic/images/img040619.jpg,synthetic_val,2,47167,0,53100,0.739008,0.57735,-0.34641,0.023094,124.718
synthetic/images/img040683.jpg,synthetic_val,2,40173,2,41243,-0.319169,-0.51558,0.785646,0.122757,12.8746
synthetic/images/img040709.jpg,synthetic_val,0,64517,0,61013,0.958324,-0.269529,0.0898429,0.0299476,74.8766
synthetic/images/img040764.jpg,synthetic_val,0,64552,0,64443,0.614137,-0.556561,0.0575753,0.556561,20.459
synthetic/images/img040861.jpg,synthetic_val,0,01217,0,61066,0.871899,-0.408703,0.190728,0.190728,127.332
synthetic/images/img040894.jpg,synthetic_val,0,34516,0,34433,0.935129,0.204559,0.204559,-0.204559,23.5316
synthetic/images/img040899.jpg,synthetic_val,0,35242,3,07620,-0.41491,-0.0829819,-0.193624,0.88514,95.4392
synthetic/images/img041039.jpg,synthetic_val,3,52347,0,53010,0.778177,0.510678,-0.36477,0.024318,165.969
synthetic/images/img041082.jpg,synthetic_val,2,44510,3,46344,-0.498237,-0.151637,0.498237,0.6932,57.9901
synthetic/images/img041126.jpg,synthetic_val,0,03751,2,16604,0.0301648,-0.211154,0.965275,-0.150824,174.407
synthetic/images/img041213.jpg,synthetic_val,1,27312,1,23744,-0.157036,0.717879,0.560843,-0.381373,14.2714
synthetic/images/img041258.jpg,synthetic_val,2,52062,0,52437,0.896179,0.196039,-0.25205,0.308062,156.731
synthetic/images/img041268.jpg,synthetic_val,2,03705,2,03655,-0.236924,-0.184274,0.842397,-0.447523,14.2928
synthetic/images/img041312.jpg,synthetic_val,3,50237,2,52042,0.0286417,-0.372342,0.916533,0.143208,135.751
synthetic/images/img041372.jpg,synthetic_val,1,47276,2,76615,0.14209,0.507464,0.649554,0.548061,96.9185
synthetic/images/img041438.jpg,synthetic_val,0,06373,0,67422,0.652789,-0.305995,0.469192,0.509992,115.848
synthetic/images/img041484.jpg,synthetic_val,0,00500,2,04661,-0.613422,-0.401897,0.676879,-0.0634574,115.23
synthetic/images/img041490.jpg,synthetic_val,2,52776,1,63724,-0.155173,0.709362,0.642859,0.243843,112.282
synthetic/images/img041516.jpg,synthetic_val,0,01553,0,56403,0.748653,0.0701862,-0.30414,0.584885,125.872
synthetic/images/img041528.jpg,synthetic_val,2,65131,2,54147,0.219343,-0.578268,0.638089,0.458626,91.3325
synthetic/images/img041542.jpg,synthetic_val,3,42306,3,42355,-0.45257,-0.186352,0.186352,0.851896,23.2224
synthetic/images/img041593.jpg,synthetic_val,3,34211,3,34224,0.0270864,0.352124,-0.352124,0.866766,23.6381
synthetic/images/img041612.jpg,synthetic_val,3,16256,3,16244,0.0294245,-0.205971,-0.26482,0.941584,16.9321
synthetic/images/img041614.jpg,synthetic_val,3,56305,3,52567,0.288775,-0.23627,0.393784,0.840072,10.4657
synthetic/images/img041766.jpg,synthetic_val,0,20562,0,20715,0.74702,-0.396854,0.210099,-0.490232,16.7152
synthetic/images/img041937.jpg,synthetic_val,1,55605,3,32013,0.143036,0.388241,-0.633445,0.653879,45.1911
synthetic/images/img041957.jpg,synthetic_val,1,63746,1,47225,-0.328824,0.809414,-0.0758825,0.480589,84.2549
synthetic/images/img041970.jpg,synthetic_val,0,22065,0,25532,0.951522,-0.0892052,0.208145,-0.208145,76.5002
synthetic/images/img041987.jpg,synthetic_val,3,23153,1,24335,-0.418384,0.787547,0.319941,-0.319941,170.961
synthetic/images/img042058.jpg,synthetic_val,1,12663,1,14263,0.0789747,0.842397,-0.447523,-0.289574,56.7376
synthetic/images/img042077.jpg,synthetic_val,1,10763,1,11054,0.380188,0.579334,-0.56123,-0.452605,29.3835
synthetic/images/img042148.jpg,synthetic_val,2,12024,3,32002,0.0206416,0.39219,-0.63989,0.660531,20.2954
synthetic/images/img042158.jpg,synthetic_val,2,72365,1,72221,0.069282,0.739008,0.669726,0.023094,27.0521
synthetic/images/img042207.jpg,synthetic_val,0,14664,3,14765,0.283358,-0.489437,-0.0257599,0.824315,151.8
synthetic/images/img042224.jpg,synthetic_val,1,26422,0,46163,0.717879,-0.471108,-0.201903,0.471108,53.2119
synthetic/images/img042240.jpg,synthetic_val,1,04265,0,42636,0.739008,-0.623538,-0.023094,0.254034,51.7298
synthetic/images/img042262.jpg,synthetic_val,3,46575,3,55636,0.421435,-0.341162,0.541845,0.642187,93.9374
synthetic/images/img042304.jpg,synthetic_val,1,52226,2,50230,0.133109,-0.505813,0.851896,0.0266217,117.132
synthetic/images/img042342.jpg,synthetic_val,2,31204,0,37457,0.73125,0.525586,0.434179,-0.0228515,96.9132
synthetic/images/img042362.jpg,synthetic_val,0,53223,0,16770,0.919555,0.373569,-0.0862083,-0.0862083,23.1172
synthetic/images/img042375.jpg,synthetic_val,2,25521,2,25432,-0.312002,0.198547,0.907642,-0.198547,18.173
synthetic/images/img042417.jpg,synthetic_val,0,23315,0,70303,0.899004,0.309033,0.309033,0.0280939,88.9472
synthetic/images/img042464.jpg,synthetic_val,0,56326,0,06676,0.763856,-0.644503,-0.0238705,-0.0238705,126.032
synthetic/images/img042511.jpg,synthetic_val,2,34322,2,30774,0.319941,0.319941,0.787547,-0.418384,13.91
synthetic/images/img042547.jpg,synthetic_val,3,16735,3,70161,0.318206,0.144639,0.144639,0.925691,43.3263
synthetic/images/img042637.jpg,synthetic_val,2,13754,1,42311,-0.46047,0.866766,-0.189605,0.0270864,114.539
synthetic/images/img042717.jpg,synthetic_val,3,71166,2,05450,-0.239187,-0.674072,0.695817,-0.0652328,160.854
synthetic/images/img042757.jpg,synthetic_val,0,17352,2,12654,0.134255,-0.187958,0.859235,-0.456468,179.498
synthetic/images/img042797.jpg,synthetic_val,1,37713,2,33000,0.335795,0.335795,0.632085,-0.612333,73.1834
synthetic/images/img042810.jpg,synthetic_val,0,32464,0,32442,0.765603,0.0239251,0.454577,-0.454577,9.29781
synthetic/images/img042899.jpg,synthetic_val,3,73511,3,70733,0.380387,0.380387,0.228232,0.811493,34.9614
synthetic/images/img042943.jpg,synthetic_val,0,24256,0,24151,0.844742,-0.448769,0.0263982,-0.29038,34.7794
synthetic/images/img042996.jpg,synthetic_val,3,40214,3,40616,-0.561162,-0.436459,0.228622,0.665081,19.8596
synthetic/images/img042998.jpg,synthetic_val,1,67631,1,64275,-0.51604,0.660531,0.268341,0.474757,51.8368
synthetic/images/img043046.jpg,synthetic_val,3,43316,3,07741,-0.150278,-0.21039,-0.090167,0.961781,22.1322
synthetic/images/img043062.jpg,synthetic_val,3,16621,3,16264,0.0299476,-0.0898429,-0.269529,0.958324,5.79818
synthetic/images/img043067.jpg,synthetic_val,3,70540,3,70410,0.148675,0.0297351,0.267615,0.951522,19.5618
synthetic/images/img043078.jpg,synthetic_val,2,70337,2,70120,0.267615,0.148675,0.951522,0.0297351,36.4692
synthetic/images/img043079.jpg,synthetic_val,1,53113,0,17572,0.72373,0.65588,-0.203549,-0.0678497,15.7242
synthetic/images/img043137.jpg,synthetic_val,1,72316,1,72367,0.236957,0.689329,0.667787,0.150791,12.3362
synthetic/images/img043209.jpg,synthetic_val,2,02375,2,03276,-0.261387,-0.0237624,0.760398,-0.594061,16.4539
synthetic/images/img043253.jpg,synthetic_val,1,32003,1,25112,-0.0842816,0.899004,0.0842816,-0.421408,53.6079
synthetic/images/img043270.jpg,synthetic_val,2,35606,2,35245,0.483068,0.228822,0.813589,-0.228822,12.3694
synthetic/images/img043309.jpg,synthetic_val,3,54136,3,54661,0.0634574,-0.401897,0.613422,0.676879,36.7759
synthetic/images/img043360.jpg,synthetic_val,2,24543,3,76106,0.210559,0.444513,0.444513,0.748653,153.499
synthetic/images/img043370.jpg,synthetic_val,0,04226,2,30610,0.122757,0.220963,0.785646,-0.564683,158.227
synthetic/images/img043404.jpg,synthetic_val,3,25507,3,07642,-0.418772,-0.139591,-0.0837545,0.893381,41.8616
synthetic/images/img043545.jpg,synthetic_val,2,52640,2,52522,0.252845,-0.252845,0.899004,0.252845,30.7859
synthetic/images/img043552.jpg,synthetic_val,0,47133,0,43353,0.975991,-0.0304997,-0.152499,0.152499,40.9846
synthetic/images/img043634.jpg,synthetic_val,2,52332,1,43702,-0.203864,0.931951,-0.145617,0.262111,153.579
synthetic/images/img043651.jpg,synthetic_val,2,27344,2,27154,-0.0800926,0.453858,0.854321,-0.240278,21.9283
synthetic/images/img043686.jpg,synthetic_val,2,06263,1,17073,0.549021,0.763856,-0.214834,-0.262575,126.898
synthetic/images/img043794.jpg,synthetic_val,3,51254,0,43334,0.987072,-0.092538,-0.092538,0.092538,110.639
synthetic/images/img043823.jpg,synthetic_val,0,03754,2,70033,0.208885,0.208885,0.954905,0.0298408,177.553
synthetic/images/img043871.jpg,synthetic_val,1,35076,1,35746,0.594061,0.760398,0.261387,-0.0237624,22.8419
synthetic/images/img043969.jpg,synthetic_val,0,30306,3,34070,0.144639,0.144639,-0.318206,0.925691,114.816
synthetic/images/img043984.jpg,synthetic_val,1,01554,2,43745,-0.137464,-0.19245,0.879772,0.412393,65.1126
synthetic/images/img044163.jpg,synthetic_val,0,76256,0,76102,0.763856,0.214834,0.453539,0.405798,20.6591
synthetic/images/img044210.jpg,synthetic_val,0,43356,3,60202,-0.675351,0.239641,0.0217855,0.697136,114.265
synthetic/images/img044262.jpg,synthetic_val,0,75235,0,74335,0.758686,0.355634,0.308216,0.45047,18.6977
synthetic/images/img044274.jpg,synthetic_val,0,56560,3,44723,-0.430548,-0.348539,0.512558,0.656074,167.648
synthetic/images/img044289.jpg,synthetic_val,1,30305,2,36561,0.275431,0.525822,0.801253,-0.0751175,101.591
synthetic/images/img044456.jpg,synthetic_val,0,06654,1,03617,-0.227067,0.80735,-0.126148,-0.529823,95.7546
synthetic/images/img044489.jpg,synthetic_val,0,50770,3,16545,0.29708,-0.40511,-0.0270073,0.864234,136.395
synthetic/images/img044568.jpg,synthetic_val,2,77622,2,76112,0.302817,0.442579,0.745396,0.395992,24.7486
synthetic/images/img044597.jpg,synthetic_val,2,67362,2,51664,0.390109,-0.436005,0.734324,0.344214,145.579
synthetic/images/img044607.jpg,synthetic_val,3,56755,3,50553,0.315597,-0.610155,0.273518,0.673274,70.4399
synthetic/images/img044635.jpg,synthetic_val,0,43536,0,43076,0.896179,-0.308062,-0.25205,0.196039,25.4197
synthetic/images/img044728.jpg,synthetic_val,1,01362,0,70447,0.899004,0.0842816,0.0842816,0.421408,139.044
synthetic/images/img044747.jpg,synthetic_val,0,51175,2,31221,0.378865,0.259223,0.638089,-0.618148,176.566
synthetic/images/img044752.jpg,synthetic_val,1,34751,3,61411,-0.261226,0.0290252,0.261226,0.928805,170.043
synthetic/images/img044771.jpg,synthetic_val,3,73775,3,77435,0.440762,0.402435,0.517416,0.613234,36.1143
synthetic/images/img044799.jpg,synthetic_val,1,62544,1,60067,-0.654542,0.722254,0.157993,0.157993,36.6907
synthetic/images/img044806.jpg,synthetic_val,0,52524,3,16741,0.317146,-0.20182,-0.0864945,0.922608,116.44
synthetic/images/img044817.jpg,synthetic_val,3,27512,3,36046,0.0261087,0.496065,-0.234978,0.835478,11.245
synthetic/images/img044822.jpg,synthetic_val,0,56255,0,56304,0.822136,0.231226,-0.179842,0.488143,11.5155
synthetic/images/img044848.jpg,synthetic_val,2,04472,2,25252,-0.295362,0.295362,0.859235,-0.295362,107.571
synthetic/images/img044900.jpg,synthetic_val,3,14332,1,40703,-0.471108,0.717879,-0.471108,0.201903,165.002
synthetic/images/img045019.jpg,synthetic_val,1,56354,1,25430,-0.315058,0.916533,0.143208,-0.200492,124.166
synthetic/images/img045041.jpg,synthetic_val,3,53617,2,53263,0.505813,-0.0266217,0.851896,0.133109,105.185
synthetic/images/img045055.jpg,synthetic_val,3,07236,3,42535,-0.431106,-0.278951,0.278951,0.811493,79.0545
synthetic/images/img045094.jpg,synthetic_val,0,26530,0,46575,0.653879,-0.347373,-0.224771,0.633445,130.34
synthetic/images/img045229.jpg,synthetic_val,1,27434,1,25671,-0.251263,0.893381,0.362936,-0.0837545,22.7068
synthetic/images/img045341.jpg,synthetic_val,3,24627,3,24702,-0.554096,0.265003,-0.168638,0.770916,16.7994
synthetic/images/img045435.jpg,synthetic_val,1,61774,0,17472,0.811493,0.532542,-0.228232,-0.0760775,146.007
synthetic/images/img045454.jpg,synthetic_val,1,74412,3,15566,0.524142,-0.524142,-0.0209657,0.670902,174.221
synthetic/images/img045462.jpg,synthetic_val,3,61646,3,60725,-0.50128,0.310316,0.262575,0.763856,19.3976
synthetic/images/img045465.jpg,synthetic_val,1,23576,1,23635,-0.184211,0.654974,0.59357,-0.429826,17.1486
synthetic/images/img045497.jpg,synthetic_val,3,25660,3,24734,-0.478148,0.327154,-0.125828,0.805302,14.5355
synthetic/images/img045510.jpg,synthetic_val,0,65760,0,65142,0.819974,-0.179369,0.0768726,0.538108,29.0107
synthetic/images/img045517.jpg,synthetic_val,1,17026,1,15013,0.449428,0.625291,-0.56667,-0.293105,46.947
synthetic/images/img045578.jpg,synthetic_val,1,43536,1,43753,-0.0286417,0.916533,-0.143208,0.372342,18.6496
synthetic/images/img045639.jpg,synthetic_val,1,36710,1,36167,0.262575,0.763856,0.549021,-0.214834,8.9321
synthetic/images/img045709.jpg,synthetic_val,3,30620,3,45333,-0.0249766,-0.424602,0.424602,0.799251,148.902
synthetic/images/img045763.jpg,synthetic_val,2,23007,2,56577,0.313385,-0.188031,0.668555,0.647663,168.894
synthetic/images/img045775.jpg,synthetic_val,2,63253,2,70422,0.0294245,0.205971,0.941584,0.26482,64.3213
synthetic/images/img045806.jpg,synthetic_val,1,26257,2,46272,-0.576297,-0.0213443,0.683019,0.448231,112.564
synthetic/images/img045906.jpg,synthetic_val,2,42203,1,23420,-0.318429,0.679315,0.445801,-0.488258,126.795
synthetic/images/img045908.jpg,synthetic_val,0,01572,0,01474,0.688053,-0.236518,-0.580544,-0.365528,22.0876
synthetic/images/img045939.jpg,synthetic_val,0,46601,1,22431,-0.488509,0.625291,0.410347,-0.449428,35.859
synthetic/images/img045985.jpg,synthetic_val,3,34035,3,30704,0.223125,0.223125,-0.520626,0.793334,27.3164
synthetic/images/img045988.jpg,synthetic_val,2,72670,0,12240,0.753619,0.0235506,-0.164854,-0.635866,156.435
synthetic/images/img046073.jpg,synthetic_val,1,70341,1,70352,0.355266,0.8745,0.300609,0.136641,8.87606
synthetic/images/img046184.jpg,synthetic_val,1,16703,1,16650,0.150278,0.961781,-0.21039,-0.090167,25.3395
synthetic/images/img046213.jpg,synthetic_val,0,57612,0,52771,0.847106,0.397081,-0.0794162,0.344137,29.575
synthetic/images/img046223.jpg,synthetic_val,2,65355,2,55246,0.355792,-0.439508,0.669726,0.481365,91.0829
synthetic/images/img046244.jpg,synthetic_val,2,13423,3,44033,-0.493817,-0.493817,0.335795,0.632085,156.165
synthetic/images/img046251.jpg,synthetic_val,3,23565,1,25312,-0.0807866,0.861723,0.296217,-0.403933,177.921
synthetic/images/img046265.jpg,synthetic_val,1,75721,0,02751,0.770916,-0.409549,-0.168638,-0.457732,166.42
synthetic/images/img046280.jpg,synthetic_val,2,27462,2,27605,-0.302817,0.582341,0.745396,-0.116468,10.7504
synthetic/images/img046316.jpg,synthetic_val,1,50034,1,16646,0.030846,0.987072,-0.15423,-0.030846,63.3532
synthetic/images/img046341.jpg,synthetic_val,1,52200,1,56303,0.287982,0.837765,-0.130901,0.445063,61.5678
synthetic/images/img046345.jpg,synthetic_val,3,62177,0,67013,0.763856,-0.214834,0.453539,0.405798,174.946
synthetic/images/img046357.jpg,synthetic_val,1,74576,0,04335,0.745396,-0.395992,-0.442579,-0.302817,139.408
synthetic/images/img046404.jpg,synthetic_val,3,41255,3,15523,0.548061,-0.507464,-0.14209,0.649554,99.3374
synthetic/images/img046414.jpg,synthetic_val,3,25556,1,25547,-0.153646,0.983336,0.0921878,-0.0307293,170.107
synthetic/images/img046484.jpg,synthetic_val,2,77215,0,16153,0.8157,0.38236,-0.331378,-0.280397,153.053
synthetic/images/img046488.jpg,synthetic_val,2,64162,2,47313,-0.0273281,-0.136641,0.8745,0.464578,69.44
synthetic/images/img046539.jpg,synthetic_val,0,45347,0,41577,0.739008,-0.023094,-0.57735,0.34641,23.5685
synthetic/images/img046555.jpg,synthetic_val,3,27752,3,72024,0.0260378,0.546793,0.0781133,0.833209,23.2943
synthetic/images/img046570.jpg,synthetic_val,0,12245,0,12756,0.824315,0.334878,-0.128799,-0.437917,37.9348
synthetic/images/img046574.jpg,synthetic_val,1,43643,1,46112,-0.442579,0.745396,-0.302817,0.395992,27.0487
synthetic/images/img046608.jpg,synthetic_val,2,60217,2,64111,-0.424602,0.0249766,0.799251,0.424602,54.4676
synthetic/images/img046629.jpg,synthetic_val,1,54126,2,36720,0.201498,0.649272,0.716438,-0.156721,174.459
synthetic/images/img046697.jpg,synthetic_val,0,37075,3,20666,-0.620124,0.30006,-0.340068,0.640128,110.726
synthetic/images/img046763.jpg,synthetic_val,0,57645,0,54737,0.672085,0.31504,-0.357045,0.567072,24.9714
synthetic/images/img046828.jpg,synthetic_val,1,05654,3,50770,0.313185,-0.457732,0.313185,0.770916,102.341
synthetic/images/img046831.jpg,synthetic_val,1,45610,1,14332,0.314649,0.774521,-0.411464,-0.363057,127.072
synthetic/images/img046836.jpg,synthetic_val,3,06714,3,06725,-0.542398,-0.0774855,-0.129142,0.826512,11.5185
synthetic/images/img046849.jpg,synthetic_val,2,74347,1,46617,-0.509992,0.652789,-0.101998,0.550791,152.617
synthetic/images/img046882.jpg,synthetic_val,3,35601,3,37246,0.368955,0.585988,-0.195329,0.694504,43.1049
synthetic/images/img046929.jpg,synthetic_val,2,66656,0,66442,0.566838,-0.549124,0.33656,0.513697,173.756
synthetic/images/img046951.jpg,synthetic_val,1,70430,1,70502,0.260351,0.925691,0.0867835,0.260351,15.8511
synthetic/images/img047033.jpg,synthetic_val,2,74763,0,26500,0.735875,-0.52891,0.390934,-0.160973,160.214
synthetic/images/img047037.jpg,synthetic_val,3,63150,3,70024,0.0307293,0.153646,0.0921878,0.983336,37.7319
synthetic/images/img047050.jpg,synthetic_val,0,16200,2,70201,0.0898429,0.269529,0.958324,0.0299476,168.996
synthetic/images/img047075.jpg,synthetic_val,0,50757,3,02741,-0.484974,-0.161658,-0.438786,0.739008,175.307
synthetic/images/img047092.jpg,synthetic_val,2,37037,1,51046,0.362194,0.681778,-0.617861,0.149139,175.941
synthetic/images/img047104.jpg,synthetic_val,2,44313,2,24564,-0.578811,0.125828,0.805302,-0.0251657,85.5808
synthetic/images/img047126.jpg,synthetic_val,3,10344,3,76175,0.318429,0.445801,0.488258,0.679315,174.713
synthetic/images/img047128.jpg,synthetic_val,2,25517,3,61050,-0.321451,0.0292228,0.146114,0.935129,178.699
synthetic/images/img047136.jpg,synthetic_val,0,36070,1,25173,-0.0289278,0.925691,0.202495,-0.318206,148.658
synthetic/images/img047242.jpg,synthetic_val,1,63100,1,61172,-0.090167,0.961781,0.21039,0.150278,38.0881
synthetic/images/img047245.jpg,synthetic_val,0,25407,0,24553,0.877124,-0.465972,0.0822304,-0.0822304,11.9118
synthetic/images/img047371.jpg,synthetic_val,3,46142,3,46251,-0.540548,-0.151354,0.454061,0.691902,14.4441
synthetic/images/img047373.jpg,synthetic_val,3,71166,3,70023,0.0911606,0.212708,0.0303869,0.972379,65.6423
synthetic/images/img047467.jpg,synthetic_val,0,24634,0,26767,0.649554,-0.42627,0.629255,-0.0202986,43.822
synthetic/images/img047492.jpg,synthetic_val,0,16653,0,16524,0.904735,0.254457,-0.311003,-0.141365,22.0069
synthetic/images/img047538.jpg,synthetic_val,3,40556,0,40230,0.695817,-0.587095,-0.413141,0.0217443,178.213
synthetic/images/img047552.jpg,synthetic_val,1,05421,1,05502,-0.157993,0.722254,-0.654542,-0.157993,17.0371
synthetic/images/img047705.jpg,synthetic_val,2,70547,2,74110,0.337577,0.0259675,0.830959,0.441447,10.6515
synthetic/images/img047712.jpg,synthetic_val,1,62073,0,06666,0.717879,-0.695445,-0.0224337,-0.0224337,56.9854
synthetic/images/img047772.jpg,synthetic_val,3,34367,1,52220,0.0310835,0.994672,-0.0932505,0.0310835,125.895
synthetic/images/img047864.jpg,synthetic_val,3,01601,2,37306,0.495365,0.534994,0.634068,-0.25759,58.4968
synthetic/images/img047868.jpg,synthetic_val,1,33536,1,52423,0.0867835,0.925691,-0.260351,0.260351,132.749
synthetic/images/img047872.jpg,synthetic_val,2,10356,2,15600,0.390934,-0.52891,0.735875,-0.160973,47.7019
synthetic/images/img047873.jpg,synthetic_val,2,71161,0,41572,0.748653,-0.0701862,-0.584885,0.30414,173.086
synthetic/images/img047946.jpg,synthetic_val,1,34250,1,34074,0.147122,0.941584,0.147122,-0.26482,14.1681
synthetic/images/img047953.jpg,synthetic_val,3,05742,0,10737,0.719328,0.337185,-0.382143,-0.472059,97.807
synthetic/images/img048130.jpg,synthetic_val,2,12345,2,12707,0.27406,-0.124573,0.797264,-0.523205,7.98055
synthetic/images/img048200.jpg,synthetic_val,2,26232,1,26221,-0.535661,0.591074,0.535661,-0.277066,7.78561
synthetic/images/img048220.jpg,synthetic_val,0,27103,0,71161,0.753619,0.635866,0.117753,0.117753,114.199
synthetic/images/img048250.jpg,synthetic_val,1,42116,3,02566,-0.524491,-0.205236,-0.387667,0.729727,149.055
synthetic/images/img048264.jpg,synthetic_val,1,53430,1,53470,0.50128,0.763856,-0.262575,0.310316,11.2835
synthetic/images/img048272.jpg,synthetic_val,1,03222,2,43325,-0.153069,-0.0918415,0.979643,0.0918415,168.713
synthetic/images/img048374.jpg,synthetic_val,1,03254,3,44772,-0.378865,-0.338985,0.578268,0.638089,103.483
synthetic/images/img048420.jpg,synthetic_val,2,37532,1,56562,0.199901,0.71076,-0.199901,0.644126,152.686
synthetic/images/img048426.jpg,synthetic_val,1,14125,3,25172,-0.0864945,0.20182,-0.317146,0.922608,173.932
synthetic/images/img048431.jpg,synthetic_val,0,30745,0,31660,0.745396,0.395992,0.302817,-0.442579,15.8459
synthetic/images/img048459.jpg,synthetic_val,1,66627,2,60401,-0.657226,0.022663,0.725215,0.203967,73.4515
synthetic/images/img048492.jpg,synthetic_val,3,40016,1,76065,0.0670318,0.715006,0.469222,0.51391,171.321
synthetic/images/img048566.jpg,synthetic_val,1,06056,2,55246,0.355792,-0.439508,0.669726,0.481365,70.9298
synthetic/images/img048619.jpg,synthetic_val,1,25255,1,25256,-0.299715,0.871899,0.299715,-0.245222,7.41238
synthetic/images/img048626.jpg,synthetic_val,0,52126,0,55602,0.656074,0.348539,-0.430548,0.512558,66.1682
synthetic/images/img048641.jpg,synthetic_val,2,05261,2,04354,-0.425385,-0.51494,0.716438,-0.201498,17.8831
synthetic/images/img048685.jpg,synthetic_val,3,12753,3,36001,0.0762739,0.432219,-0.38137,0.813589,75.158
synthetic/images/img048880.jpg,synthetic_val,0,53447,0,57123,0.694504,0.585988,-0.195329,0.368955,21.6176
synthetic/images/img048903.jpg,synthetic_val,2,47533,1,01011,-0.163582,0.581626,-0.56345,-0.56345,56.1173
synthetic/images/img048905.jpg,synthetic_val,2,65433,2,70027,0.0908257,0.211927,0.968808,0.0908257,73.7322
synthetic/images/img049028.jpg,synthetic_val,0,70111,0,56260,0.833209,0.0260378,-0.0781133,0.546793,74.7876
synthetic/images/img049048.jpg,synthetic_val,0,70207,0,70241,0.948174,0.0888913,0.266674,0.148152,7.34912
synthetic/images/img049099.jpg,synthetic_val,2,04102,1,35435,0.574462,0.799251,0.124883,-0.124883,107.732
synthetic/images/img049133.jpg,synthetic_val,1,01142,1,01736,-0.0714488,0.762121,-0.404877,-0.500142,24.3382
synthetic/images/img049150.jpg,synthetic_val,3,35470,3,35562,0.605095,0.169426,-0.0726113,0.774521,12.5132
synthetic/images/img049207.jpg,synthetic_val,2,42130,2,43324,-0.211927,-0.0908257,0.968808,0.0908257,45.6956
synthetic/images/img049276.jpg,synthetic_val,2,73073,2,73030,0.480888,0.480888,0.732782,0.0228994,8.73856
synthetic/images/img049289.jpg,synthetic_val,3,25515,1,60153,-0.463196,0.871899,0.0817405,0.136234,164.813
synthetic/images/img049310.jpg,synthetic_val,0,61560,0,61510,0.958324,-0.0898429,0.0299476,0.269529,22.7121
synthetic/images/img049452.jpg,synthetic_val,0,00605,0,65001,0.830959,-0.337577,0.0259675,0.441447,120.53
synthetic/images/img049464.jpg,synthetic_val,2,50267,2,70400,0.0300557,0.0300557,0.961781,0.270501,60.7112
synthetic/images/img049481.jpg,synthetic_val,2,16324,2,37275,0.462317,0.582922,0.643224,-0.180907,90.4501
synthetic/images/img049506.jpg,synthetic_val,2,03535,2,03457,-0.227648,-0.328824,0.809414,-0.430001,25.2773
synthetic/images/img049536.jpg,synthetic_val,2,46360,2,46166,-0.494538,-0.193515,0.688053,0.494538,15.7061
synthetic/images/img049540.jpg,synthetic_val,1,02275,1,07612,-0.315058,0.916533,-0.143208,-0.200492,51.7764
synthetic/images/img049639.jpg,synthetic_val,0,53435,0,53554,0.665081,0.60273,-0.311757,0.311757,15.2975
synthetic/images/img049717.jpg,synthetic_val,2,50420,0,70143,0.931951,0.320358,0.0873704,0.145617,171.477
synthetic/images/img049727.jpg,synthetic_val,3,15627,3,15277,0.524491,-0.387667,-0.205236,0.729727,14.4198
synthetic/images/img049793.jpg,synthetic_val,0,34035,0,34473,0.951522,0.208145,0.208145,-0.0892052,35.7399
synthetic/images/img049818.jpg,synthetic_val,3,52531,3,52721,0.313011,-0.0853666,0.2561,0.910577,27.5669
synthetic/images/img049943.jpg,synthetic_val,2,33015,3,50774,0.308216,-0.45047,0.355634,0.758686,154.615
synthetic/images/img049962.jpg,synthetic_val,0,51110,1,30474,0.135432,0.866766,0.135432,-0.46047,124.054
synthetic/images/img050038.jpg,synthetic_val,2,35625,2,52312,0.372342,-0.143208,0.916533,0.0286417,57.4873
synthetic/images/img050084.jpg,synthetic_val,2,65701,1,60070,-0.635866,0.753619,0.117753,0.117753,133.3
synthetic/images/img050086.jpg,synthetic_val,0,34404,0,36664,0.74059,0.0231434,0.67116,-0.0231434,83.2356
synthetic/images/img050100.jpg,synthetic_val,1,12064,1,20505,-0.480888,0.732782,0.0228994,-0.480888,70.2537
synthetic/images/img050179.jpg,synthetic_val,3,41537,0,10257,0.691902,0.151354,-0.454061,-0.540548,98.1118
synthetic/images/img050198.jpg,synthetic_val,3,75264,3,75132,0.617861,0.149139,0.362194,0.681778,38.2889
synthetic/images/img050208.jpg,synthetic_val,0,57463,0,71067,0.830959,0.493382,0.181772,0.181772,70.3888
synthetic/images/img050261.jpg,synthetic_val,3,45653,3,45153,-0.0208198,-0.603774,0.437215,0.666233,31.0112
synthetic/images/img050270.jpg,synthetic_val,1,53356,3,63315,-0.0245514,0.613786,0.0736543,0.785646,111.13
synthetic/images/img050288.jpg,synthetic_val,1,17473,1,17411,0.538095,0.748653,-0.350931,-0.163768,17.5674
synthetic/images/img050360.jpg,synthetic_val,1,52055,3,53026,0.453858,-0.240278,0.0800926,0.854321,176.845
synthetic/images/img050371.jpg,synthetic_val,2,46053,0,40313,0.763856,-0.405798,-0.50128,0.0238705,104.005
synthetic/images/img050543.jpg,synthetic_val,2,70223,1,43311,-0.0304997,0.975991,-0.213498,0.0304997,155.025
synthetic/images/img050602.jpg,synthetic_val,3,61006,1,43313,-0.030846,0.987072,-0.15423,0.030846,169.285
synthetic/images/img050626.jpg,synthetic_val,3,41437,1,70070,0.150824,0.965275,0.150824,0.150824,128.412
synthetic/images/img050635.jpg,synthetic_val,3,52420,0,43077,0.910577,-0.2561,-0.2561,0.199189,151.671
synthetic/images/img050661.jpg,synthetic_val,0,73076,1,41713,-0.0254246,0.813589,-0.533917,0.228822,169.24
synthetic/images/img050729.jpg,synthetic_val,0,73210,2,71114,0.669726,0.023094,0.739008,0.069282,56.1244
synthetic/images/img050749.jpg,synthetic_val,3,71026,3,70601,0.0867835,0.260351,0.260351,0.925691,48.9597
synthetic/images/img050834.jpg,synthetic_val,2,75452,1,43641,-0.346083,0.851896,-0.186352,0.346083,178.99
synthetic/images/img050858.jpg,synthetic_val,0,74073,3,46566,-0.451501,-0.176674,0.608545,0.628176,173.535
synthetic/images/img050916.jpg,synthetic_val,1,61350,1,43217,-0.266674,0.948174,-0.148152,0.0888913,50.904
synthetic/images/img051019.jpg,synthetic_val,3,47127,0,42730,0.833209,-0.494718,-0.0781133,0.23434,160.704
synthetic/images/img051020.jpg,synthetic_val,3,12647,0,17744,0.776342,0.606517,-0.169825,-0.0242607,174.598
synthetic/images/img051045.jpg,synthetic_val,2,03434,2,03427,-0.313914,-0.217325,0.772712,-0.507093,7.31795
synthetic/images/img051051.jpg,synthetic_val,3,61445,3,61451,-0.25205,0.0280056,0.364073,0.896179,13.0218
synthetic/images/img051064.jpg,synthetic_val,1,51623,1,53444,0.404877,0.762121,-0.357244,0.357244,19.0729
synthetic/images/img051065.jpg,synthetic_val,2,47500,1,43400,-0.380387,0.811493,-0.380387,0.228232,138.218
synthetic/images/img051123.jpg,synthetic_val,0,75634,3,75566,0.48482,0.13575,0.601177,0.62057,54.5831
synthetic/images/img051254.jpg,synthetic_val,1,61706,3,10673,0.168638,-0.409549,-0.457732,0.770916,147.32
synthetic/images/img051255.jpg,synthetic_val,1,35576,3,00152,-0.349522,-0.533481,-0.49669,0.588669,90.959
synthetic/images/img051263.jpg,synthetic_val,3,14766,0,14715,0.753619,0.353259,-0.541664,-0.117753,173.382
synthetic/images/img051272.jpg,synthetic_val,1,45027,1,45224,-0.337869,0.720787,-0.427967,0.427967,16.6641
synthetic/images/img051391.jpg,synthetic_val,1,71010,3,03765,-0.136234,-0.0817405,-0.463196,0.871899,163.99
synthetic/images/img051394.jpg,synthetic_val,0,05517,0,14056,0.720787,0.112623,-0.653213,-0.202721,17.6744
synthetic/images/img051489.jpg,synthetic_val,2,00671,1,17561,0.622212,0.737437,-0.253494,-0.0691347,82.7002
synthetic/images/img051501.jpg,synthetic_val,2,70611,2,70340,0.258625,0.258625,0.919555,0.143681,15.4211
synthetic/images/img051540.jpg,synthetic_val,1,34060,2,25472,-0.317146,0.20182,0.922608,-0.0864945,141.999
synthetic/images/img051627.jpg,synthetic_val,0,52615,0,72424,0.80327,0.0251022,0.527146,0.276124,86.399
synthetic/images/img051634.jpg,synthetic_val,3,61513,3,34462,0.0303869,0.212708,-0.0911606,0.972379,42.3184
synthetic/images/img051661.jpg,synthetic_val,0,22731,0,23420,0.679315,-0.318429,0.445801,-0.488258,14.1258
synthetic/images/img051710.jpg,synthetic_val,2,64566,2,04664,-0.63989,-0.39219,0.660531,-0.0206416,99.7615
synthetic/images/img051732.jpg,synthetic_val,1,32527,1,32616,0.106143,0.679315,0.573172,-0.445801,18.1492
synthetic/images/img051765.jpg,synthetic_val,0,02212,0,62755,0.688053,-0.365528,0.537541,0.322525,136.78
synthetic/images/img051867.jpg,synthetic_val,2,44101,2,40124,-0.480524,-0.564094,0.668555,0.0626771,33.203
synthetic/images/img051915.jpg,synthetic_val,1,60137,3,03330,-0.0670318,-0.0670318,-0.692662,0.715006,170.862
synthetic/images/img051973.jpg,synthetic_val,0,07106,2,07314,-0.0848189,-0.197911,0.904735,-0.367549,154.568
synthetic/images/img051985.jpg,synthetic_val,1,43225,2,70007,0.092538,0.092538,0.987072,0.092538,178.461
synthetic/images/img052004.jpg,synthetic_val,2,24521,2,24507,-0.542398,0.0774855,0.826512,-0.129142,8.69
synthetic/images/img052117.jpg,synthetic_val,3,46434,3,44616,-0.499401,-0.388423,0.499401,0.591883,20.5375
synthetic/images/img052125.jpg,synthetic_val,0,03123,2,43137,-0.0299476,-0.269529,0.958324,0.0898429,153.801
synthetic/images/img052140.jpg,synthetic_val,3,34344,3,34364,0.244497,0.353162,-0.244497,0.869321,10.2865
synthetic/images/img052297.jpg,synthetic_val,3,63105,3,61360,-0.196657,0.36522,0.140469,0.899004,12.7932
synthetic/images/img052399.jpg,synthetic_val,2,12574,2,16700,0.259483,-0.20182,0.922608,-0.20182,33.3239
synthetic/images/img052412.jpg,synthetic_val,0,15530,1,30572,0.324696,0.799251,0.174836,-0.474555,102.512
synthetic/images/img052431.jpg,synthetic_val,1,15505,2,07601,-0.36181,-0.194821,0.890609,-0.194821,70.4702
synthetic/images/img052468.jpg,synthetic_val,1,37155,0,02424,0.634068,-0.614253,-0.217961,-0.416107,179.651
synthetic/images/img052494.jpg,synthetic_val,1,53004,1,53040,0.430001,0.809414,-0.379413,0.126471,4.84155
synthetic/images/img052503.jpg,synthetic_val,1,42515,1,43474,-0.284875,0.828726,-0.284875,0.388465,21.5456
synthetic/images/img052580.jpg,synthetic_val,3,17314,3,71034,0.542398,0.129142,0.0774855,0.826512,55.6033
synthetic/images/img052635.jpg,synthetic_val,0,00473,1,63300,-0.169825,0.776342,0.606517,0.0242607,76.0464
synthetic/images/img052700.jpg,synthetic_val,2,43075,2,43523,-0.143681,-0.258625,0.919555,0.258625,18.1957
synthetic/images/img052798.jpg,synthetic_val,3,34156,3,00636,-0.541845,-0.341162,-0.421435,0.642187,129.161
synthetic/images/img052807.jpg,synthetic_val,1,71112,2,60050,-0.640141,0.0237089,0.758686,0.118545,138.971
synthetic/images/img052838.jpg,synthetic_val,3,21640,3,20371,-0.361538,0.276471,-0.574208,0.680543,19.2699
synthetic/images/img052927.jpg,synthetic_val,1,73526,1,70245,0.0879694,0.93834,0.263908,0.205262,63.791
synthetic/images/img052985.jpg,synthetic_val,2,03073,2,03276,-0.261387,-0.0237624,0.760398,-0.594061,23.715
synthetic/images/img053014.jpg,synthetic_val,2,77520,0,72204,0.785646,0.0245514,0.613786,0.0736543,72.8377
synthetic/images/img053035.jpg,synthetic_val,2,43601,2,43475,-0.23627,-0.288775,0.840072,0.393784,21.9151
synthetic/images/img053052.jpg,synthetic_val,3,70176,3,05705,-0.124883,-0.574462,-0.124883,0.799251,115.272
synthetic/images/img053083.jpg,synthetic_val,3,43670,3,21076,-0.257915,0.164128,-0.58617,0.750298,117.894
synthetic/images/img053094.jpg,synthetic_val,0,70504,2,62534,-0.430597,0.475923,0.725215,0.249293,163.634
synthetic/images/img053099.jpg,synthetic_val,0,15234,3,04757,-0.405798,-0.50128,-0.0238705,0.763856,85.0701
synthetic/images/img053122.jpg,synthetic_val,2,47646,3,25431,-0.262111,0.145617,-0.203864,0.931951,113.619
synthetic/images/img053167.jpg,synthetic_val,1,06527,1,07421,-0.352124,0.866766,-0.297951,-0.189605,26.8857
synthetic/images/img053204.jpg,synthetic_val,1,60751,1,61430,-0.311003,0.904735,0.141365,0.254457,23.116
synthetic/images/img053272.jpg,synthetic_val,2,65220,2,62354,-0.418722,0.55095,0.705215,0.154266,41.6535
synthetic/images/img053274.jpg,synthetic_val,2,13645,0,77103,0.652789,0.550791,0.387594,0.346794,135.697
synthetic/images/img053334.jpg,synthetic_val,1,46153,1,44165,-0.402435,0.613234,-0.517416,0.440762,30.1135
synthetic/images/img053361.jpg,synthetic_val,0,72350,0,72502,0.813589,0.228822,0.483068,0.228822,17.8247
synthetic/images/img053402.jpg,synthetic_val,3,63072,3,62133,-0.395992,0.535754,0.0232936,0.745396,19.6381
synthetic/images/img053436.jpg,synthetic_val,1,74400,3,14477,0.169825,-0.606517,-0.0242607,0.776342,178.011
synthetic/images/img053485.jpg,synthetic_val,0,55361,3,55345,0.509253,-0.433808,0.433808,0.603559,157.774
synthetic/images/img053496.jpg,synthetic_val,0,16157,3,16016,0.134255,-0.349064,-0.349064,0.859235,166.735
synthetic/images/img053558.jpg,synthetic_val,3,16554,3,14205,0.0721062,-0.552814,-0.31246,0.769133,47.6553
synthetic/images/img053726.jpg,synthetic_val,3,02246,0,52425,0.896179,0.0840168,-0.308062,0.308062,155.188
synthetic/images/img053733.jpg,synthetic_val,1,07421,1,06136,-0.469888,0.791391,-0.222579,-0.321503,19.8931
synthetic/images/img053753.jpg,synthetic_val,1,24722,1,57161,0.561162,0.665081,-0.228622,0.436459,176.278
synthetic/images/img053923.jpg,synthetic_val,1,71406,1,71406,0.447523,0.842397,0.0789747,0.289574,2.15268
synthetic/images/img053927.jpg,synthetic_val,1,42716,1,67502,-0.154266,0.705215,0.418722,0.55095,80.0204
synthetic/images/img054060.jpg,synthetic_val,3,62060,3,62162,-0.501067,0.501067,0.108928,0.697136,16.9893
synthetic/images/img054083.jpg,synthetic_val,0,25637,3,60525,-0.523205,0.124573,0.27406,0.797264,123.169
synthetic/images/img054106.jpg,synthetic_val,2,53715,1,40614,-0.550791,0.652789,-0.469192,0.224396,87.9425
synthetic/images/img054146.jpg,synthetic_val,0,52462,0,52465,0.861723,0.0807866,-0.296217,0.403933,13.096
synthetic/images/img054198.jpg,synthetic_val,1,43643,1,43417,-0.240966,0.856767,-0.348062,0.294514,30.7884
synthetic/images/img054270.jpg,synthetic_val,1,54240,1,45170,-0.0639167,0.681778,-0.57525,0.447417,12.9255
synthetic/images/img054329.jpg,synthetic_val,2,01477,1,50372,0.334878,0.824315,-0.437917,0.128799,55.2476
synthetic/images/img054354.jpg,synthetic_val,1,30716,2,06217,-0.582341,-0.116468,0.745396,-0.302817,169.941
synthetic/images/img054359.jpg,synthetic_val,1,40014,2,76016,0.118812,0.451486,0.760398,0.451486,155.79
synthetic/images/img054384.jpg,synthetic_val,3,70041,0,07736,0.983336,-0.0921878,-0.0307293,-0.153646,169.457
synthetic/images/img054419.jpg,synthetic_val,3,62527,0,60772,0.758686,-0.45047,0.355634,0.308216,149.019
synthetic/images/img054428.jpg,synthetic_val,2,24335,2,24710,-0.488143,0.231226,0.822136,-0.179842,24.1726
synthetic/images/img054432.jpg,synthetic_val,0,51265,0,51252,0.728214,0.47789,-0.47789,0.113783,8.94317
synthetic/images/img054446.jpg,synthetic_val,0,07254,2,02717,-0.403052,-0.118545,0.758686,-0.497888,140.76
synthetic/images/img054462.jpg,synthetic_val,3,37770,3,37306,0.495365,0.534994,-0.25759,0.634068,24.1812
synthetic/images/img054510.jpg,synthetic_val,1,21651,1,21347,-0.118015,0.755297,0.259633,-0.590076,19.1909
synthetic/images/img054524.jpg,synthetic_val,2,34207,2,05333,-0.0254906,-0.433341,0.8157,-0.38236,87.0234
synthetic/images/img054536.jpg,synthetic_val,2,60635,2,05652,-0.275431,-0.525822,0.801253,-0.0751175,111.479
synthetic/images/img054558.jpg,synthetic_val,3,45435,2,47011,-0.223676,-0.372793,0.795292,0.422499,43.509
synthetic/images/img054639.jpg,synthetic_val,0,53417,3,12703,0.266868,-0.121303,-0.557996,0.776342,118.703
synthetic/images/img054660.jpg,synthetic_val,1,25261,1,24335,-0.418384,0.787547,0.319941,-0.319941,11.6258
synthetic/images/img054693.jpg,synthetic_val,1,16044,2,41163,-0.121303,-0.606517,0.776342,0.121303,56.3384
synthetic/images/img054709.jpg,synthetic_val,1,65656,3,65005,-0.329669,0.0253592,0.481824,0.811493,86.1224
synthetic/images/img054750.jpg,synthetic_val,1,24166,1,24113,-0.432219,0.813589,0.0762739,-0.38137,25.6642
synthetic/images/img054779.jpg,synthetic_val,3,50362,3,52520,0.248946,-0.304267,0.248946,0.88514,24.409
synthetic/images/img054797.jpg,synthetic_val,3,63210,3,46135,-0.401252,-0.259633,0.448458,0.755297,115.163
synthetic/images/img054835.jpg,synthetic_val,2,16535,2,17502,0.578586,-0.300865,0.74059,-0.162004,25.1429
synthetic/images/img054933.jpg,synthetic_val,3,41333,1,76000,0.0249766,0.799251,0.424602,0.424602,178.96
synthetic/images/img054934.jpg,synthetic_val,0,41325,0,41643,0.753619,-0.306158,-0.494563,0.306158,36.9315
synthetic/images/img055129.jpg,synthetic_val,0,41557,0,16156,0.842397,0.342224,-0.342224,-0.236924,88.2804
synthetic/images/img055132.jpg,synthetic_val,2,31034,3,03534,-0.0751175,-0.275431,-0.525822,0.801253,53.7823
synthetic/images/img055242.jpg,synthetic_val,0,71611,0,71362,0.734324,0.57369,0.344214,0.114738,20.8863
synthetic/images/img055287.jpg,synthetic_val,3,34424,2,07576,-0.0898429,-0.269529,0.958324,-0.0299476,155.725
synthetic/images/img055295.jpg,synthetic_val,1,72225,2,07650,-0.317146,-0.20182,0.922608,-0.0864945,126.797
synthetic/images/img055337.jpg,synthetic_val,1,50150,1,16717,0.416185,0.887862,-0.138728,-0.138728,72.7323
synthetic/images/img055348.jpg,synthetic_val,0,52320,0,31027,0.670902,0.398348,0.14676,-0.608005,90.3578
synthetic/images/img055356.jpg,synthetic_val,2,56452,0,52724,0.910577,0.2561,-0.0853666,0.313011,162.716
synthetic/images/img055439.jpg,synthetic_val,2,04526,2,07261,-0.357407,-0.0824786,0.879772,-0.302422,63.0055
synthetic/images/img055495.jpg,synthetic_val,2,27721,1,16661,0.092538,0.987072,-0.092538,-0.092538,108.734
synthetic/images/img055513.jpg,synthetic_val,1,71444,0,56432,0.763856,0.119352,-0.214834,0.596762,99.0713
synthetic/images/img055515.jpg,synthetic_val,1,57332,2,72044,0.0270864,0.46047,0.866766,0.189605,132.682
synthetic/images/img055550.jpg,synthetic_val,2,07706,2,07635,-0.266674,-0.0888913,0.948174,-0.148152,8.59742
synthetic/images/img055568.jpg,synthetic_val,0,37762,1,73236,0.425569,0.648486,0.628221,0.0607955,34.2264
synthetic/images/img055632.jpg,synthetic_val,3,12700,3,13664,0.423547,-0.0747435,-0.423547,0.797264,27.6761
synthetic/images/img055645.jpg,synthetic_val,2,07614,2,05524,-0.163768,-0.631676,0.748653,-0.116977,54.9495
synthetic/images/img055648.jpg,synthetic_val,2,03236,0,62304,0.684267,-0.491817,0.534584,0.06415,157.582
synthetic/images/img055658.jpg,synthetic_val,3,63051,0,63312,0.762121,-0.0714488,0.643039,0.0238163,167.739
synthetic/images/img055663.jpg,synthetic_val,0,70160,2,43747,-0.138728,-0.138728,0.887862,0.416185,178.477
synthetic/images/img055702.jpg,synthetic_val,1,21342,3,72722,0.194235,0.66903,0.194235,0.690612,172.133
synthetic/images/img055710.jpg,synthetic_val,3,36310,3,30063,0.0704956,0.16449,-0.63446,0.751953,62.7053
synthetic/images/img055713.jpg,synthetic_val,1,42675,0,21116,0.737437,-0.0691347,0.0691347,-0.668302,87.3739
synthetic/images/img055714.jpg,synthetic_val,2,52146,2,52535,0.388465,-0.284875,0.828726,0.284875,21.4784
synthetic/images/img055841.jpg,synthetic_val,1,17223,1,17206,0.437917,0.824315,-0.128799,-0.334878,14.5496
synthetic/images/img055859.jpg,synthetic_val,3,32126,3,52661,0.0862083,-0.0862083,0.373569,0.919555,139.492
synthetic/images/img055892.jpg,synthetic_val,1,40123,2,76060,0.0228994,0.480888,0.732782,0.480888,171.83
synthetic/images/img055903.jpg,synthetic_val,3,11756,3,14612,0.127453,-0.535303,-0.178434,0.8157,59.4346
synthetic/images/img055921.jpg,synthetic_val,1,07745,1,16601,0.0892052,0.951522,-0.208145,-0.208145,31.6349
synthetic/images/img056021.jpg,synthetic_val,0,71713,2,75116,0.613422,0.0634574,0.676879,0.401897,91.3187
synthetic/images/img056036.jpg,synthetic_val,1,43152,1,43374,-0.0908257,0.968808,-0.0908257,0.211927,36.2934
synthetic/images/img056076.jpg,synthetic_val,0,35522,0,51275,0.722254,0.51912,-0.428838,0.157993,77.1934
synthetic/images/img056156.jpg,synthetic_val,0,34012,0,24350,0.80327,-0.476942,0.22592,-0.276124,78.6067
synthetic/images/img056181.jpg,synthetic_val,3,74035,1,43214,-0.317146,0.922608,-0.20182,0.0864945,177.193
synthetic/images/img056229.jpg,synthetic_val,2,25520,2,25472,-0.317146,0.20182,0.922608,-0.0864945,19.4181
synthetic/images/img056288.jpg,synthetic_val,3,65015,0,60707,0.774521,-0.508279,0.266242,0.266242,162.06
synthetic/images/img056335.jpg,synthetic_val,3,65555,3,63213,-0.210099,0.630298,0.0233444,0.74702,111.869
synthetic/images/img056391.jpg,synthetic_val,1,31340,0,15746,0.699798,0.546718,-0.459243,-0.0218687,103.505
synthetic/images/img056526.jpg,synthetic_val,3,43156,1,43774,-0.0842816,0.899004,-0.0842816,0.421408,176.84
synthetic/images/img056530.jpg,synthetic_val,2,35255,2,47536,-0.0698809,-0.209643,0.745396,0.628928,138.954
synthetic/images/img056602.jpg,synthetic_val,3,60555,0,64310,0.763856,-0.453539,0.214834,0.405798,172.759
synthetic/images/img056609.jpg,synthetic_val,3,34420,0,30502,0.789462,0.222036,0.0740121,-0.567426,118.328
synthetic/images/img056791.jpg,synthetic_val,3,71537,3,71157,0.685847,0.0663723,0.154869,0.707972,11.8315
synthetic/images/img056843.jpg,synthetic_val,2,03636,2,07227,-0.352124,-0.0270864,0.866766,-0.352124,22.7176
synthetic/images/img056895.jpg,synthetic_val,1,42172,1,42314,-0.500173,0.842397,-0.184274,0.0789747,10.087
synthetic/images/img056941.jpg,synthetic_val,0,52302,0,52235,0.968808,0.211927,-0.0908257,0.0908257,10.2538
synthetic/images/img056945.jpg,synthetic_val,1,21360,1,21743,-0.127786,0.817829,0.281129,-0.485586,16.24
synthetic/images/img056957.jpg,synthetic_val,0,45541,2,20345,-0.450702,0.193158,0.686784,-0.53655,24.1246
synthetic/images/img057004.jpg,synthetic_val,0,55327,0,77140,0.656074,0.512558,0.348539,0.430548,84.361
synthetic/images/img057033.jpg,synthetic_val,0,40216,2,45036,-0.238287,-0.541562,0.6932,0.411587,164.548
synthetic/images/img057041.jpg,synthetic_val,1,77547,1,77316,0.533481,0.588669,0.49669,0.349522,30.8495
synthetic/images/img057079.jpg,synthetic_val,1,71362,3,52335,0.421408,-0.0842816,0.0842816,0.899004,142.259
synthetic/images/img057086.jpg,synthetic_val,3,73173,3,75335,0.618148,0.259223,0.378865,0.638089,37.6634
synthetic/images/img057125.jpg,synthetic_val,1,12655,1,16222,0.028273,0.904735,-0.028273,-0.424094,26.869
synthetic/images/img057146.jpg,synthetic_val,3,74265,3,76336,0.259223,0.618148,0.378865,0.638089,46.837
synthetic/images/img057193.jpg,synthetic_val,1,43776,1,43771,-0.0288315,0.922608,-0.0864945,0.374809,9.61656
synthetic/images/img057199.jpg,synthetic_val,2,43112,0,16217,0.899004,0.196657,-0.140469,-0.36522,142.625
synthetic/images/img057302.jpg,synthetic_val,2,07677,2,27650,-0.260798,0.592723,0.758686,-0.0711268,73.9763
synthetic/images/img057316.jpg,synthetic_val,0,34536,0,34174,0.887862,0.360694,0.138728,-0.249711,14.3497
synthetic/images/img057331.jpg,synthetic_val,1,74422,1,46432,-0.544483,0.645313,-0.181494,0.504151,79.2732
synthetic/images/img057338.jpg,synthetic_val,3,10545,1,61221,-0.352124,0.866766,0.352124,0.0270864,87.1891
synthetic/images/img057360.jpg,synthetic_val,2,25013,2,25037,-0.247436,0.19245,0.879772,-0.357407,13.7848
synthetic/images/img057380.jpg,synthetic_val,3,73631,3,27335,-0.0221676,0.642859,-0.288178,0.709362,79.622
synthetic/images/img057411.jpg,synthetic_val,0,51271,3,30712,0.302817,0.25623,-0.535754,0.745396,96.9716
synthetic/images/img057494.jpg,synthetic_val,1,37074,0,07620,0.88514,-0.41491,-0.0829819,-0.193624,166.82
synthetic/images/img057502.jpg,synthetic_val,1,07517,1,25745,-0.148675,0.951522,0.267615,-0.0297351,77.4621
synthetic/images/img057505.jpg,synthetic_val,3,50031,3,10572,0.278493,-0.535564,-0.407029,0.685522,53.8428
synthetic/images/img057554.jpg,synthetic_val,3,56620,3,56502,0.206529,-0.298319,0.57369,0.734324,34.4038
synthetic/images/img057561.jpg,synthetic_val,1,65624,0,60537,0.830959,-0.441447,0.181772,0.285642,136.169
synthetic/images/img057613.jpg,synthetic_val,1,04513,0,03745,0.859235,-0.134255,-0.187958,-0.456468,155.78
synthetic/images/img057614.jpg,synthetic_val,2,31411,1,73335,0.582217,0.600999,0.544655,0.0563436,97.0105
synthetic/images/img057648.jpg,synthetic_val,1,34136,1,51243,0.441622,0.743784,-0.488108,0.116216,98.5468
synthetic/images/img057670.jpg,synthetic_val,1,52026,1,43436,-0.299715,0.871899,-0.245222,0.299715,44.3102
synthetic/images/img057718.jpg,synthetic_val,1,20653,1,40232,-0.597351,0.707972,-0.37611,0.0221241,88.7914
synthetic/images/img057732.jpg,synthetic_val,1,70041,2,34470,0.151934,0.151934,0.972379,-0.0911606,157.904
synthetic/images/img057747.jpg,synthetic_val,2,43267,1,25142,-0.20182,0.922608,0.0864945,-0.317146,175.361
synthetic/images/img057778.jpg,synthetic_val,2,61411,2,25601,-0.357407,0.247436,0.879772,-0.19245,59.0095
synthetic/images/img057782.jpg,synthetic_val,3,12072,2,03310,-0.0663723,-0.154869,0.707972,-0.685847,42.682
synthetic/images/img057810.jpg,synthetic_val,0,64746,3,53041,0.469888,-0.370965,0.123655,0.791391,32.0316
synthetic/images/img057816.jpg,synthetic_val,0,35417,0,35432,0.809414,0.531178,0.177059,-0.177059,13.1686
synthetic/images/img057914.jpg,synthetic_val,3,40144,3,40114,-0.391524,-0.638802,0.0618195,0.659408,12.6607
synthetic/images/img057935.jpg,synthetic_val,1,22403,3,53043,0.478148,-0.327154,0.125828,0.805302,79.3127
synthetic/images/img057966.jpg,synthetic_val,3,42562,3,42561,-0.50128,-0.262575,0.310316,0.763856,8.21623
synthetic/images/img057992.jpg,synthetic_val,0,65133,0,65133,0.866766,-0.0270864,0.189605,0.46047,3.55836
synthetic/images/img058001.jpg,synthetic_val,0,57456,0,51447,0.646366,0.38378,-0.585769,0.302984,51.6759
synthetic/images/img058007.jpg,synthetic_val,1,17314,1,17071,0.54287,0.755297,-0.259633,-0.259633,15.1676
synthetic/images/img058074.jpg,synthetic_val,1,17433,1,60264,-0.660472,0.681778,0.276972,0.149139,172.676
synthetic/images/img058102.jpg,synthetic_val,1,07207,1,07266,-0.411152,0.877124,-0.0274101,-0.246691,19.5677
synthetic/images/img058131.jpg,synthetic_val,3,61627,3,61665,-0.326328,0.326328,0.376533,0.80327,14.2329
synthetic/images/img058193.jpg,synthetic_val,1,65327,0,16574,0.882444,0.358493,-0.30334,-0.0275764,172.936
synthetic/images/img058312.jpg,synthetic_val,0,31162,0,03573,0.835478,-0.0261087,-0.234978,-0.496065,79.1686
synthetic/images/img058321.jpg,synthetic_val,3,57462,3,52763,0.30334,-0.0275764,0.358493,0.882444,40.6929
synthetic/images/img058392.jpg,synthetic_val,1,73505,1,74431,0.168638,0.770916,0.120456,0.602279,68.8053
synthetic/images/img058427.jpg,synthetic_val,1,71345,2,35601,0.488143,0.231226,0.822136,-0.179842,101.843
synthetic/images/img058463.jpg,synthetic_val,2,61464,2,54600,0.0214226,-0.492719,0.685522,0.535564,89.0293
synthetic/images/img058465.jpg,synthetic_val,3,70275,3,72035,0.179369,0.538108,0.0768726,0.819974,22.4797
synthetic/images/img058470.jpg,synthetic_val,1,03137,1,20330,-0.378865,0.638089,0.259223,-0.618148,69.3449
synthetic/images/img058479.jpg,synthetic_val,1,43021,3,54722,0.200297,-0.378339,0.55638,0.712167,115.408
synthetic/images/img058541.jpg,synthetic_val,1,62236,2,47216,-0.281129,-0.127786,0.817829,0.485586,108.519
synthetic/images/img058603.jpg,synthetic_val,3,07522,3,07145,-0.135831,-0.407494,-0.244497,0.869321,20.9541
synthetic/images/img058622.jpg,synthetic_val,0,50122,0,05753,0.833209,-0.0260378,-0.546793,-0.0781133,33.6865
synthetic/images/img058673.jpg,synthetic_val,0,34626,3,36441,0.0822304,0.465972,-0.0822304,0.877124,170.881
synthetic/images/img058682.jpg,synthetic_val,2,72352,2,16673,0.212708,-0.0303869,0.972379,-0.0911606,84.6959
synthetic/images/img058719.jpg,synthetic_val,3,11651,3,15262,0.409549,-0.409549,-0.265003,0.770916,21.1487
synthetic/images/img058720.jpg,synthetic_val,0,62657,2,70457,0.193624,0.0829819,0.88514,0.41491,94.2523
synthetic/images/img058866.jpg,synthetic_val,0,17605,0,17265,0.833209,0.494718,-0.0781133,-0.23434,19.089
synthetic/images/img058889.jpg,synthetic_val,1,47762,2,50223,0.0824786,-0.467379,0.879772,0.0274929,139.762
synthetic/images/img058919.jpg,synthetic_val,0,65705,0,73072,0.712167,0.46736,0.51187,0.111276,96.5763
synthetic/images/img058927.jpg,synthetic_val,0,14613,0,14722,0.842397,0.236924,-0.447523,-0.184274,10.7426
synthetic/images/img058934.jpg,synthetic_val,2,57606,3,64055,-0.535564,0.0214226,0.492719,0.685522,114.347
synthetic/images/img058996.jpg,synthetic_val,1,54152,1,54302,0.210099,0.74702,-0.490232,0.396854,17.8931
synthetic/images/img059030.jpg,synthetic_val,2,66321,2,74142,0.228232,0.0760775,0.811493,0.532542,100.623
synthetic/images/img059049.jpg,synthetic_val,2,50117,1,40553,-0.352715,0.663935,-0.601691,0.269723,41.4301
synthetic/images/img059189.jpg,synthetic_val,2,76233,2,73666,0.340068,0.620124,0.640128,0.30006,21.9771
synthetic/images/img059245.jpg,synthetic_val,1,25206,1,25225,-0.332243,0.817829,0.332243,-0.332243,7.07211
synthetic/images/img059279.jpg,synthetic_val,2,30360,0,06366,0.791391,-0.568812,-0.024731,-0.222579,166.546
synthetic/images/img059359.jpg,synthetic_val,1,60341,1,60661,-0.617861,0.681778,0.276972,0.276972,28.3309
synthetic/images/img059396.jpg,synthetic_val,3,27131,3,25220,-0.37006,0.320719,-0.37006,0.789462,45.2186
synthetic/images/img059514.jpg,synthetic_val,1,50460,1,45035,-0.192099,0.683019,-0.576297,0.405542,30.2168
synthetic/images/img059541.jpg,synthetic_val,3,67425,0,53036,0.811493,0.532542,-0.228232,0.0760775,173.432
synthetic/images/img059612.jpg,synthetic_val,1,43073,1,43344,-0.204559,0.935129,-0.204559,0.204559,11.4779
synthetic/images/img059714.jpg,synthetic_val,3,01135,1,15147,0.522038,0.618711,-0.560707,-0.174013,167.292
synthetic/images/img059729.jpg,synthetic_val,0,24122,0,24153,0.842397,-0.447523,0.0789747,-0.289574,19.6233
synthetic/images/img059741.jpg,synthetic_val,2,67351,2,76066,0.0219107,0.503945,0.701141,0.503945,6.91071
synthetic/images/img059763.jpg,synthetic_val,1,55743,1,52517,0.38236,0.8157,-0.331378,0.280397,42.5854
synthetic/images/img059775.jpg,synthetic_val,1,25314,1,25136,-0.0848189,0.904735,0.197911,-0.367549,5.10262
synthetic/images/img059828.jpg,synthetic_val,3,32455,2,52307,0.320358,-0.145617,0.931951,0.0873704,142.652
synthetic/images/img059835.jpg,synthetic_val,0,14645,0,14655,0.799251,0.174836,-0.574462,-0.0249766,10.6594
synthetic/images/img059910.jpg,synthetic_val,3,25404,1,25677,-0.246691,0.877124,0.411152,-0.0274101,173.077
synthetic/images/img059929.jpg,synthetic_val,1,21675,1,12434,0.124573,0.797264,-0.27406,-0.523205,82.6222
synthetic/images/img059935.jpg,synthetic_val,2,65247,2,56464,0.0217855,-0.239641,0.697136,0.675351,71.4364
lightbox/images/img000002.jpg,lightbox,3,35253,0,32644,0.72671,0.0227097,0.567742,-0.386065,178.281
lightbox/images/img000003.jpg,lightbox,2,52540,1,43361,-0.151934,0.972379,-0.0911606,0.151934,125.577
lightbox/images/img000008.jpg,lightbox,1,07334,3,60550,-0.481824,0.0253592,0.329669,0.811493,149.627
lightbox/images/img000009.jpg,lightbox,1,02263,3,52521,0.299715,-0.299715,0.245222,0.871899,66.8688
lightbox/images/img000024.jpg,lightbox,2,51245,2,52560,0.240966,-0.294514,0.856767,0.348062,41.0246
lightbox/images/img000035.jpg,lightbox,2,64401,0,52442,0.866766,0.0270864,-0.352124,0.352124,113.112
lightbox/images/img000057.jpg,lightbox,2,65002,2,05746,-0.179842,-0.539527,0.822136,-0.0256917,90.6849
lightbox/images/img000058.jpg,lightbox,0,53502,3,44723,-0.430548,-0.348539,0.512558,0.656074,116.646
lightbox/images/img000061.jpg,lightbox,0,17326,0,15716,0.662794,0.600657,-0.434959,-0.103562,52.3105
lightbox/images/img000063.jpg,lightbox,1,74143,1,74132,0.332243,0.817829,0.1789,0.434472,16.4154
lightbox/images/img000066.jpg,lightbox,2,70267,2,70450,0.143208,0.0286417,0.916533,0.372342,48.7942
lightbox/images/img000086.jpg,lightbox,0,25214,0,25523,0.944862,-0.147635,0.206689,-0.206689,25.1292
lightbox/images/img000099.jpg,lightbox,0,61573,0,70071,0.954905,0.208885,0.149204,0.149204,35.88
lightbox/images/img000124.jpg,lightbox,0,53301,2,52116,0.351095,-0.351095,0.864234,0.0810219,166.456
lightbox/images/img000130.jpg,lightbox,2,26351,2,47021,-0.324696,-0.274743,0.799251,0.424602,128.178
lightbox/images/img000133.jpg,lightbox,2,34422,1,41333,-0.0275764,0.882444,-0.468798,0.0275764,151.751
lightbox/images/img000140.jpg,lightbox,2,74231,1,60375,-0.434472,0.817829,0.332243,0.1789,111.973
lightbox/images/img000141.jpg,lightbox,3,25756,3,25702,-0.198547,0.312002,-0.198547,0.907642,25.2081
lightbox/images/img000164.jpg,lightbox,1,25727,1,34661,0.0862083,0.919555,0.373569,-0.0862083,28.5354
lightbox/images/img000169.jpg,lightbox,1,46570,1,12663,0.0803219,0.856767,-0.026774,-0.508706,151.308
lightbox/images/img000176.jpg,lightbox,3,41646,1,00557,-0.343944,0.647423,-0.586727,-0.343944,98.9359
lightbox/images/img000177.jpg,lightbox,1,70142,1,50265,0.0789747,0.842397,-0.500173,0.184274,73.546
lightbox/images/img000178.jpg,lightbox,2,37641,2,33666,0.335795,0.612333,0.632085,-0.335795,37.7705
lightbox/images/img000182.jpg,lightbox,1,36024,1,34223,0.0779024,0.830959,0.389512,-0.389512,20.1135
lightbox/images/img000188.jpg,lightbox,3,16404,0,72021,0.833209,0.0781133,0.546793,0.0260378,174.613
lightbox/images/img000199.jpg,lightbox,2,42316,2,42350,-0.497423,-0.183261,0.837765,0.130901,9.58891
lightbox/images/img000203.jpg,lightbox,0,07043,0,10665,0.780024,0.0731272,-0.463139,-0.414388,51.8452
lightbox/images/img000209.jpg,lightbox,1,00566,1,67704,-0.14209,0.649554,0.507464,0.548061,175.801
lightbox/images/img000213.jpg,lightbox,1,21631,2,42341,-0.535303,-0.178434,0.8157,0.127453,161.665
lightbox/images/img000226.jpg,lightbox,0,32564,3,25575,-0.030846,0.15423,-0.030846,0.987072,132.488
lightbox/images/img000239.jpg,lightbox,1,55020,2,70003,0.0928922,0.0928922,0.99085,0.0309641,127.147
lightbox/images/img000245.jpg,lightbox,0,25143,0,07333,0.904735,-0.028273,-0.028273,-0.424094,24.3992
lightbox/images/img000248.jpg,lightbox,1,12551,1,12333,0.319005,0.680543,-0.021267,-0.659276,47.5509
lightbox/images/img000251.jpg,lightbox,3,25270,3,25246,-0.393784,0.288775,-0.23627,0.840072,13.8207
lightbox/images/img000261.jpg,lightbox,3,07134,3,02731,-0.395135,-0.0697297,-0.534595,0.743784,51.0066
lightbox/images/img000264.jpg,lightbox,2,16520,2,52676,0.140028,-0.0280056,0.896179,0.420084,78.841
lightbox/images/img000267.jpg,lightbox,0,73206,2,07571,-0.0294245,-0.323669,0.941584,-0.0882735,131.503
lightbox/images/img000275.jpg,lightbox,3,50374,1,43303,-0.152499,0.975991,-0.152499,0.0304997,118.713
lightbox/images/img000280.jpg,lightbox,2,16374,1,70743,0.29038,0.844742,0.29038,0.343176,157.178
lightbox/images/img000290.jpg,lightbox,1,65625,1,65536,-0.0704956,0.751953,0.16449,0.63446,28.3157
lightbox/images/img000298.jpg,lightbox,0,70401,1,30566,0.236924,0.842397,0.184274,-0.447523,161.652
lightbox/images/img000315.jpg,lightbox,0,16364,1,61171,-0.0304997,0.975991,0.152499,0.152499,158.234
lightbox/images/img000318.jpg,lightbox,0,45166,0,41747,0.772712,-0.120736,-0.507093,0.362209,18.8334
lightbox/images/img000319.jpg,lightbox,2,44027,1,12216,0.114258,0.73125,-0.114258,-0.662695,88.5916
lightbox/images/img000320.jpg,lightbox,0,61072,0,61244,0.861723,-0.403933,0.24236,0.188502,12.8626
lightbox/images/img000321.jpg,lightbox,1,62051,1,65530,-0.0731272,0.780024,0.121879,0.609394,86.1266
lightbox/images/img000334.jpg,lightbox,0,43572,0,43533,0.928805,-0.0290252,-0.261226,0.261226,12.6389
lightbox/images/img000340.jpg,lightbox,0,74101,2,51641,0.416302,-0.503945,0.701141,0.284839,139.884
lightbox/images/img000345.jpg,lightbox,2,53373,2,21672,-0.264389,0.360531,0.769133,-0.456673,143.194
lightbox/images/img000349.jpg,lightbox,2,61321,1,60172,-0.497423,0.837765,0.183261,0.130901,112.087
lightbox/images/img000351.jpg,lightbox,1,52007,0,43331,0.994672,-0.0310835,-0.0932505,0.0310835,171.991
lightbox/images/img000359.jpg,lightbox,0,21457,0,20775,0.760398,-0.403961,0.308911,-0.403961,35.8489
lightbox/images/img000363.jpg,lightbox,3,74131,2,70051,0.211154,0.0301648,0.965275,0.150824,104.386
lightbox/images/img000366.jpg,lightbox,3,26640,3,20762,-0.497305,0.324329,-0.410817,0.691902,47.2153
lightbox/images/img000367.jpg,lightbox,2,70261,0,03544,0.80327,-0.175715,-0.376533,-0.426737,132.315
lightbox/images/img000376.jpg,lightbox,2,31245,1,51122,0.524142,0.670902,-0.524142,0.0209657,178.55
lightbox/images/img000377.jpg,lightbox,2,67146,0,56173,0.760398,0.356436,-0.213862,0.499011,165.537
lightbox/images/img000401.jpg,lightbox,2,13671,0,71061,0.844742,0.501565,0.131991,0.131991,126.779
lightbox/images/img000403.jpg,lightbox,3,63417,0,23551,0.781884,-0.0244339,0.415376,-0.464244,126.942
lightbox/images/img000410.jpg,lightbox,0,25733,1,07460,-0.403933,0.861723,-0.296217,-0.0807866,123.918
lightbox/images/img000430.jpg,lightbox,2,57530,3,50024,0.0238163,-0.643039,0.0714488,0.762121,108.224
lightbox/images/img000434.jpg,lightbox,0,73374,0,54670,0.674469,0.105386,-0.400466,0.611238,142.413
lightbox/images/img000449.jpg,lightbox,3,72507,3,72751,0.331862,0.553103,0.287613,0.707972,15.2177
lightbox/images/img000450.jpg,lightbox,1,13505,1,41123,-0.122169,0.781884,-0.610847,0.0244339,104.311
lightbox/images/img000458.jpg,lightbox,2,36110,1,52571,0.38236,0.8157,-0.280397,0.331378,168.63
lightbox/images/img000460.jpg,lightbox,1,74056,1,74462,0.0228515,0.73125,0.159961,0.662695,19.35
lightbox/images/img000472.jpg,lightbox,1,06224,0,14747,0.80327,0.276124,-0.527146,-0.0251022,144.525
lightbox/images/img000479.jpg,lightbox,3,67106,2,34424,0.0304997,0.152499,0.975991,-0.152499,132.555
lightbox/images/img000481.jpg,lightbox,2,27166,2,27701,-0.120456,0.602279,0.770916,-0.168638,9.18246
lightbox/images/img000493.jpg,lightbox,2,34116,2,35004,0.441447,0.0259675,0.830959,-0.337577,12.4539
lightbox/images/img000496.jpg,lightbox,2,61007,3,45262,-0.337185,-0.382143,0.472059,0.719328,109.183
lightbox/images/img000497.jpg,lightbox,3,17762,2,53700,0.592723,-0.165963,0.758686,0.21338,123.66
lightbox/images/img000499.jpg,lightbox,3,14612,3,14265,0.0781133,-0.494718,-0.23434,0.833209,6.2983
lightbox/images/img000503.jpg,lightbox,0,05534,0,05511,0.709362,-0.0221676,-0.687194,-0.155173,10.8672
lightbox/images/img000507.jpg,lightbox,2,34231,1,34513,0.41491,0.88514,0.0829819,-0.193624,116.388
lightbox/images/img000510.jpg,lightbox,3,55003,1,20577,-0.418384,0.787547,0.172276,-0.418384,69.0757
lightbox/images/img000512.jpg,lightbox,3,35023,3,17605,0.497423,-0.183261,-0.130901,0.837765,48.0367
lightbox/images/img000514.jpg,lightbox,3,70021,2,45130,-0.0662428,-0.596185,0.706589,0.375376,144.79
lightbox/images/img000518.jpg,lightbox,2,30347,2,30306,0.197958,0.241948,0.703849,-0.637864,8.82244
lightbox/images/img000525.jpg,lightbox,1,43567,1,41434,-0.246276,0.716438,-0.604494,0.246276,51.5006
lightbox/images/img000528.jpg,lightbox,2,47044,2,45626,-0.31504,-0.357045,0.672085,0.567072,11.2924
lightbox/images/img000532.jpg,lightbox,3,07501,3,50010,0.111497,-0.691283,0.0222994,0.713582,54.9614
lightbox/images/img000538.jpg,lightbox,2,34163,2,34053,0.20182,0.0864945,0.922608,-0.317146,17.5486
lightbox/images/img000539.jpg,lightbox,2,70001,2,70014,0.153646,0.0307293,0.983336,0.0921878,7.06317
lightbox/images/img000542.jpg,lightbox,2,01675,2,01635,-0.206095,-0.435089,0.732782,-0.480888,11.678
lightbox/images/img000554.jpg,lightbox,3,17347,3,77016,0.44905,0.406284,0.406284,0.684267,96.6392
lightbox/images/img000555.jpg,lightbox,0,26432,2,60426,-0.667787,0.150791,0.689329,0.236957,151.343
lightbox/images/img000564.jpg,lightbox,2,05161,2,17144,0.565414,-0.339248,0.72373,-0.203549,87.1115
lightbox/images/img000571.jpg,lightbox,1,63045,1,63046,-0.368271,0.785646,0.466477,0.17186,5.70442
lightbox/images/img000583.jpg,lightbox,1,43261,3,34475,0.211154,0.150824,-0.0301648,0.965275,159.23
lightbox/images/img000587.jpg,lightbox,3,16614,3,33104,0.474237,0.322481,-0.550115,0.607024,95.8251
lightbox/images/img000605.jpg,lightbox,2,72377,1,43771,-0.0288315,0.922608,-0.0864945,0.374809,109.203
lightbox/images/img000620.jpg,lightbox,2,16627,3,50322,0.240966,-0.455158,0.026774,0.856767,171.254
lightbox/images/img000628.jpg,lightbox,0,52142,0,50257,0.809414,0.177059,-0.531178,0.177059,22.0322
lightbox/images/img000629.jpg,lightbox,2,05542,1,16666,0.0312043,0.998538,-0.0312043,-0.0312043,91.89
lightbox/images/img000643.jpg,lightbox,2,07366,2,07612,-0.315058,-0.143208,0.916533,-0.200492,20.0489
lightbox/images/img000645.jpg,lightbox,0,52660,3,70023,0.0911606,0.212708,0.0303869,0.972379,127.153
lightbox/images/img000646.jpg,lightbox,0,71670,3,27032,-0.252424,0.527795,-0.344214,0.734324,157.301
lightbox/images/img000655.jpg,lightbox,2,31247,1,24066,-0.674072,0.695817,0.15221,-0.195698,167.66
lightbox/images/img000666.jpg,lightbox,1,07327,2,25435,-0.26482,0.147122,0.941584,-0.147122,157.322
lightbox/images/img000667.jpg,lightbox,1,61065,1,61540,-0.198547,0.907642,0.0283638,0.368729,27.3909
lightbox/images/img000671.jpg,lightbox,0,61226,1,34162,0.25205,0.896179,0.196039,-0.308062,169.952
lightbox/images/img000678.jpg,lightbox,3,72237,1,17526,0.596762,0.763856,-0.214834,-0.119352,118.993
lightbox/images/img000690.jpg,lightbox,0,55666,3,43324,-0.211927,-0.0908257,0.0908257,0.968808,133.949
lightbox/images/img000695.jpg,lightbox,0,52077,0,52135,0.861723,0.403933,-0.296217,0.0807866,27.0133
lightbox/images/img000696.jpg,lightbox,1,35432,1,35555,0.695445,0.717879,0.0224337,-0.0224337,33.1372
lightbox/images/img000700.jpg,lightbox,3,65365,1,35420,0.456468,0.859235,0.134255,-0.187958,163.814
lightbox/images/img000708.jpg,lightbox,1,53026,1,52123,0.314029,0.91354,-0.256933,0.0285481,18.0165
lightbox/images/img000711.jpg,lightbox,1,23576,1,16231,0.193624,0.88514,-0.0829819,-0.41491,78.7932
lightbox/images/img000719.jpg,lightbox,1,53631,1,33224,0.310635,0.584725,0.529907,-0.529907,122.103
lightbox/images/img000727.jpg,lightbox,1,43645,1,43677,-0.246691,0.877124,-0.0274101,0.411152,19.4096
lightbox/images/img000737.jpg,lightbox,3,14261,0,16420,0.925691,0.0289278,-0.318206,-0.202495,176.002
lightbox/images/img000744.jpg,lightbox,1,21615,2,22030,-0.480689,0.373869,0.569705,-0.551902,72.2479
lightbox/images/img000745.jpg,lightbox,3,25770,1,25315,-0.0280056,0.896179,0.25205,-0.364073,178.328
lightbox/images/img000746.jpg,lightbox,1,11607,2,42341,-0.535303,-0.178434,0.8157,0.127453,82.7388
lightbox/images/img000773.jpg,lightbox,3,26511,0,34700,0.910577,0.2561,0.2561,-0.199189,122.737
lightbox/images/img000794.jpg,lightbox,1,30371,3,02745,-0.494563,-0.164854,-0.40036,0.753619,69.6846
lightbox/images/img000797.jpg,lightbox,1,43153,0,72171,0.772712,0.362209,0.507093,0.120736,162.461
lightbox/images/img000808.jpg,lightbox,1,67425,3,70651,0.19245,0.247436,0.357407,0.879772,79.7056
lightbox/images/img000818.jpg,lightbox,0,25525,0,25574,0.983336,-0.0921878,0.153646,-0.0307293,12.2506
lightbox/images/img000823.jpg,lightbox,3,30124,3,30176,0.300865,0.162004,-0.578586,0.74059,15.569
lightbox/images/img000845.jpg,lightbox,2,47324,2,61651,-0.244497,0.244497,0.869321,0.353162,41.7581
lightbox/images/img000849.jpg,lightbox,2,63533,2,63516,-0.0770752,0.488143,0.822136,0.282609,15.7071
lightbox/images/img000856.jpg,lightbox,2,02743,2,07513,-0.0283638,-0.368729,0.907642,-0.198547,68.6173
lightbox/images/img000858.jpg,lightbox,1,35606,1,35447,0.508706,0.856767,0.0803219,-0.026774,28.5171
lightbox/images/img000861.jpg,lightbox,1,71657,0,72176,0.760398,0.308911,0.546536,0.166337,68.0094
lightbox/images/img000867.jpg,lightbox,2,70351,2,30750,0.321503,0.222579,0.791391,-0.469888,69.7152
lightbox/images/img000871.jpg,lightbox,3,75207,3,43077,-0.2561,-0.2561,0.199189,0.910577,107.95
lightbox/images/img000878.jpg,lightbox,1,27555,1,42334,-0.507253,0.854321,-0.0800926,0.0800926,85.2697
lightbox/images/img000888.jpg,lightbox,2,54155,1,65360,-0.17063,0.780024,0.316885,0.511891,170.633
lightbox/images/img000892.jpg,lightbox,0,56465,1,61143,-0.151934,0.972379,0.0911606,0.151934,175.544
lightbox/images/img000893.jpg,lightbox,1,15071,2,25213,-0.23627,0.288775,0.840072,-0.393784,145.46
lightbox/images/img000894.jpg,lightbox,2,36604,2,36404,0.0273281,0.464578,0.8745,-0.136641,21.9284
lightbox/images/img000895.jpg,lightbox,0,43770,0,43734,0.93834,-0.0879694,-0.0879694,0.322554,6.68494
lightbox/images/img000904.jpg,lightbox,1,37600,1,34753,0.403933,0.861723,0.296217,-0.0807866,37.4006
lightbox/images/img000911.jpg,lightbox,3,36100,0,34134,0.859235,0.349064,0.134255,-0.349064,179.399
lightbox/images/img000915.jpg,lightbox,0,36607,1,12217,0.158968,0.72671,-0.113548,-0.658581,157.657
lightbox/images/img000919.jpg,lightbox,2,06336,2,27001,-0.314649,0.411464,0.774521,-0.363057,55.8172
lightbox/images/img000930.jpg,lightbox,0,70706,0,70606,0.899004,0.0280939,0.309033,0.309033,26.3597
lightbox/images/img000932.jpg,lightbox,1,13307,3,13333,0.571047,-0.0184209,-0.571047,0.589468,179.754
lightbox/images/img000933.jpg,lightbox,1,56001,1,54070,0.106143,0.679315,-0.573172,0.445801,28.3031
lightbox/images/img000937.jpg,lightbox,0,12401,0,43174,0.922608,-0.0864945,-0.317146,0.20182,90.2213
lightbox/images/img000950.jpg,lightbox,3,24457,1,36564,0.228822,0.813589,0.533917,-0.0254246,165.541
lightbox/images/img000951.jpg,lightbox,3,56720,3,56717,0.335159,-0.11172,0.603286,0.715006,13.9404
lightbox/images/img000956.jpg,lightbox,2,40524,2,40724,-0.509854,-0.421184,0.709362,0.243843,15.8582
lightbox/images/img000957.jpg,lightbox,0,33366,1,36444,0.0275764,0.882444,0.468798,-0.0275764,95.1705
lightbox/images/img000962.jpg,lightbox,3,15711,3,15005,0.378865,-0.618148,-0.259223,0.638089,33.4324
lightbox/images/img000974.jpg,lightbox,2,65757,3,34046,0.0299476,0.0898429,-0.269529,0.958324,123.608
lightbox/images/img000982.jpg,lightbox,0,25323,0,27453,0.833209,-0.23434,0.494718,-0.0781133,41.6045
lightbox/images/img000988.jpg,lightbox,1,72150,0,16660,0.99085,0.0309641,-0.0928922,-0.0928922,145.948
lightbox/images/img000992.jpg,lightbox,2,01267,2,01127,-0.0997013,-0.498507,0.638089,-0.578268,24.4793
lightbox/images/img000995.jpg,lightbox,3,44307,0,41437,0.743784,-0.209189,-0.581081,0.255676,144.26
lightbox/images/img001003.jpg,lightbox,1,34216,1,34260,0.0275764,0.882444,0.358493,-0.30334,18.5668
lightbox/images/img001007.jpg,lightbox,3,00701,0,30053,0.751953,0.16449,0.0704956,-0.63446,67.8857
lightbox/images/img001013.jpg,lightbox,3,07171,3,07514,-0.0837545,-0.418772,-0.139591,0.893381,22.9354
lightbox/images/img001018.jpg,lightbox,3,10403,0,14733,0.80327,0.376533,-0.426737,-0.175715,171.144
lightbox/images/img001026.jpg,lightbox,0,51040,3,05543,-0.114738,-0.665481,-0.0688428,0.734324,158.149
lightbox/images/img001030.jpg,lightbox,3,65340,3,65215,-0.228822,0.228822,0.483068,0.813589,9.78856
lightbox/images/img001042.jpg,lightbox,0,14030,0,34420,0.965275,0.0301648,0.150824,-0.211154,96.4323
lightbox/images/img001044.jpg,lightbox,1,41072,3,43315,-0.0303869,-0.212708,0.0911606,0.972379,167.04
lightbox/images/img001045.jpg,lightbox,2,65313,2,61471,-0.249711,0.138728,0.887862,0.360694,32.6292
lightbox/images/img001050.jpg,lightbox,3,66167,1,57006,0.395992,0.745396,-0.302817,0.442579,143.643
lightbox/images/img001051.jpg,lightbox,0,73527,1,36577,0.355634,0.758686,0.545305,-0.0237089,53.168
lightbox/images/img001070.jpg,lightbox,3,56320,3,52764,0.245953,-0.0819844,0.409922,0.8745,5.08646
lightbox/images/img001087.jpg,lightbox,2,67026,2,37774,0.557383,0.557383,0.615044,-0.0192201,117.294
lightbox/images/img001094.jpg,lightbox,0,67534,0,65332,0.813589,-0.0762739,0.38137,0.432219,22.5133
lightbox/images/img001105.jpg,lightbox,0,07157,0,16654,0.965275,0.150824,-0.211154,-0.0301648,38.0547
lightbox/images/img001106.jpg,lightbox,0,27417,3,72415,0.181772,0.441447,0.285642,0.830959,169.617
lightbox/images/img001107.jpg,lightbox,3,36524,0,30700,0.772712,0.217325,0.217325,-0.555387,158.956
lightbox/images/img001108.jpg,lightbox,0,61367,0,61700,0.910577,-0.199189,0.2561,0.2561,16.9027
lightbox/images/img001109.jpg,lightbox,3,71071,3,75204,0.405798,0.214834,0.453539,0.763856,44.3956
lightbox/images/img001111.jpg,lightbox,0,20226,1,42061,-0.646684,0.713582,-0.245294,0.111497,51.97
lightbox/images/img001119.jpg,lightbox,1,27364,1,16663,0.0928922,0.99085,-0.0309641,-0.0928922,93.426
lightbox/images/img001125.jpg,lightbox,3,20770,1,12463,0.0781133,0.833209,-0.23434,-0.494718,173.766
lightbox/images/img001129.jpg,lightbox,2,43044,0,14244,0.791391,0.024731,-0.568812,-0.222579,71.6692
lightbox/images/img001139.jpg,lightbox,3,16632,2,56700,0.21338,-0.165963,0.758686,0.592723,127.062
lightbox/images/img001145.jpg,lightbox,3,02411,0,62166,0.6932,-0.498237,0.498237,0.151637,140.005
lightbox/images/img001148.jpg,lightbox,2,07674,0,52070,0.925691,0.144639,-0.318206,0.144639,105.644
lightbox/images/img001150.jpg,lightbox,1,22163,1,52523,0.304267,0.88514,-0.248946,0.248946,159.787
lightbox/images/img001154.jpg,lightbox,3,01461,2,27216,-0.243365,0.597351,0.707972,-0.287613,83.6937
lightbox/images/img001155.jpg,lightbox,3,65234,1,35640,0.453858,0.854321,0.240278,-0.0800926,158.21
lightbox/images/img001159.jpg,lightbox,1,12266,0,24767,0.778177,-0.510678,0.36477,-0.024318,134.24
lightbox/images/img001176.jpg,lightbox,2,20730,3,36563,0.268133,0.560642,-0.0731272,0.780024,134.102
lightbox/images/img001184.jpg,lightbox,2,07465,2,27021,-0.301511,0.487057,0.742182,-0.347898,103.908
lightbox/images/img001187.jpg,lightbox,3,57116,2,32525,0.244324,0.466436,0.71076,-0.466436,178.007
lightbox/images/img001196.jpg,lightbox,1,71714,0,72165,0.791391,0.272041,0.51935,0.173117,65.4093
lightbox/images/img001199.jpg,lightbox,1,07763,2,03745,-0.134255,-0.187958,0.859235,-0.456468,162.642
lightbox/images/img001201.jpg,lightbox,1,20502,0,52221,0.99085,0.0928922,-0.0928922,0.0309641,125.669
lightbox/images/img001209.jpg,lightbox,2,54676,1,55701,0.500773,0.593509,-0.426585,0.463679,162.648
lightbox/images/img001216.jpg,lightbox,1,12522,3,27302,-0.155479,0.599704,-0.333169,0.71076,166.976
lightbox/images/img001220.jpg,lightbox,3,77455,1,41317,-0.0260378,0.833209,-0.546793,0.0781133,178.855
lightbox/images/img001234.jpg,lightbox,2,42677,0,42510,0.778177,-0.462042,-0.36477,0.218862,102.475
lightbox/images/img001236.jpg,lightbox,0,14207,0,62004,0.669726,-0.648797,0.355792,0.0627868,148.589
lightbox/images/img001246.jpg,lightbox,1,07473,1,07444,-0.390567,0.833209,-0.390567,-0.0260378,25.7338
lightbox/images/img001253.jpg,lightbox,2,05552,2,14637,0.187958,-0.456468,0.859235,-0.134255,39.903
lightbox/images/img001255.jpg,lightbox,2,71225,2,71220,0.441447,0.337577,0.830959,0.0259675,7.17339
lightbox/images/img001264.jpg,lightbox,2,27665,2,27240,-0.33583,0.559717,0.716438,-0.246276,26.4739
lightbox/images/img001268.jpg,lightbox,1,64577,3,43333,-0.0312043,-0.0312043,0.0312043,0.998538,100.573
lightbox/images/img001280.jpg,lightbox,1,36524,3,53577,0.647663,-0.188031,0.313385,0.668555,173.132
lightbox/images/img001287.jpg,lightbox,3,12476,0,16165,0.871899,0.299715,-0.299715,-0.245222,173.929
lightbox/images/img001288.jpg,lightbox,3,45712,1,05367,-0.132733,0.849491,-0.451292,-0.238919,75.4586
lightbox/images/img001295.jpg,lightbox,1,77157,3,23366,-0.13575,0.601177,-0.48482,0.62057,135.722
lightbox/images/img001299.jpg,lightbox,0,66244,1,34404,0.030846,0.987072,0.030846,-0.15423,108.485
lightbox/images/img001308.jpg,lightbox,2,07526,2,07576,-0.0898429,-0.269529,0.958324,-0.0299476,20.2652
lightbox/images/img001314.jpg,lightbox,0,57275,0,57077,0.688053,0.494538,-0.193515,0.494538,17.1351
lightbox/images/img001319.jpg,lightbox,1,43373,2,52562,0.244497,-0.244497,0.869321,0.353162,155.231
lightbox/images/img001323.jpg,lightbox,1,26444,2,47501,-0.114738,-0.344214,0.734324,0.57369,168.889
lightbox/images/img001331.jpg,lightbox,2,62342,2,47636,-0.254034,-0.023094,0.739008,0.623538,96.8096
lightbox/images/img001344.jpg,lightbox,0,72010,0,27055,0.833209,-0.23434,0.442642,-0.23434,54.7032
lightbox/images/img001350.jpg,lightbox,2,02653,1,50520,0.205664,0.73125,-0.616992,0.205664,90.0376
lightbox/images/img001355.jpg,lightbox,3,25754,0,25742,0.922608,-0.20182,0.317146,-0.0864945,151.39
lightbox/images/img001365.jpg,lightbox,0,42042,0,36566,0.791391,0.222579,0.568812,-0.024731,152.807
lightbox/images/img001366.jpg,lightbox,0,76122,0,72467,0.756986,0.0709674,0.544084,0.354837,16.3919
lightbox/images/img001371.jpg,lightbox,2,12651,2,34414,0.152499,0.0304997,0.975991,-0.152499,49.5975
lightbox/images/img001379.jpg,lightbox,0,77514,1,75764,0.474237,0.607024,0.246603,0.588054,20.3319
lightbox/images/img001382.jpg,lightbox,3,16561,3,43320,-0.212708,-0.0911606,0.0303869,0.972379,70.2475
lightbox/images/img001387.jpg,lightbox,0,65727,0,65542,0.729727,-0.159628,0.0684119,0.661315,29.7368
lightbox/images/img001396.jpg,lightbox,3,16054,3,52502,0.244497,-0.353162,0.244497,0.869321,56.7123
lightbox/images/img001400.jpg,lightbox,3,43711,3,43511,-0.0274101,-0.411152,0.246691,0.877124,27.7395
lightbox/images/img001414.jpg,lightbox,2,24640,0,12254,0.770916,0.120456,-0.168638,-0.602279,109.755
lightbox/images/img001419.jpg,lightbox,0,56126,0,42472,0.715006,-0.603286,-0.201095,0.290471,103.975
lightbox/images/img001432.jpg,lightbox,1,31224,3,66266,-0.525877,0.525877,0.390167,0.542841,174.368
lightbox/images/img001435.jpg,lightbox,3,47221,0,43320,0.972379,-0.212708,-0.0911606,0.0303869,140.756
lightbox/images/img001436.jpg,lightbox,2,25752,0,63031,0.813589,-0.228822,0.533917,0.0254246,136.511
lightbox/images/img001440.jpg,lightbox,3,66006,0,00725,0.672085,-0.441056,-0.39905,-0.441056,22.2011
lightbox/images/img001450.jpg,lightbox,1,17620,2,06455,-0.57735,-0.34641,0.739008,-0.023094,105.285
lightbox/images/img001472.jpg,lightbox,3,32533,3,53203,0.505813,-0.133109,0.0266217,0.851896,99.9281
lightbox/images/img001474.jpg,lightbox,1,71141,2,07755,-0.0304997,-0.213498,0.975991,-0.0304997,160.105
lightbox/images/img001482.jpg,lightbox,2,42334,2,42303,-0.543852,-0.129488,0.828726,0.0258977,11.8815
lightbox/images/img001485.jpg,lightbox,0,61745,3,70473,0.194821,0.194821,0.36181,0.890609,105.143
lightbox/images/img001493.jpg,lightbox,0,25523,0,62340,0.681778,-0.490028,0.532639,0.106528,70.7041
lightbox/images/img001496.jpg,lightbox,2,12236,2,60400,-0.681854,0.0219953,0.703849,0.197958,144.601
lightbox/images/img001500.jpg,lightbox,0,56754,1,52634,0.145617,0.931951,-0.0873704,0.320358,106.477
lightbox/images/img001506.jpg,lightbox,2,30427,2,63106,-0.184274,0.500173,0.842397,0.0789747,86.4543
lightbox/images/img001520.jpg,lightbox,3,14045,3,44732,-0.396264,-0.354552,0.521399,0.667391,111.631
lightbox/images/img001526.jpg,lightbox,2,64503,1,65536,-0.0704956,0.751953,0.16449,0.63446,113.646
lightbox/images/img001532.jpg,lightbox,0,13542,1,60570,-0.478148,0.805302,0.125828,0.327154,173.059
lightbox/images/img001542.jpg,lightbox,0,14722,0,16414,0.887862,0.138728,-0.416185,-0.138728,14.6712
lightbox/images/img001557.jpg,lightbox,2,32016,1,35402,0.459124,0.864234,0.0810219,-0.189051,112.11
lightbox/images/img001559.jpg,lightbox,1,35101,3,07014,-0.280397,-0.38236,-0.331378,0.8157,85.1407
lightbox/images/img001567.jpg,lightbox,1,53040,1,51246,0.40036,0.753619,-0.494563,0.164854,16.5668
lightbox/images/img001571.jpg,lightbox,0,63334,1,34423,0.0892052,0.951522,0.208145,-0.208145,165.986
lightbox/images/img001588.jpg,lightbox,1,76356,1,47217,-0.233079,0.828726,-0.129488,0.492056,102.292
lightbox/images/img001599.jpg,lightbox,0,15370,1,16316,0.349064,0.859235,-0.134255,-0.349064,59.4573
lightbox/images/img001603.jpg,lightbox,1,61764,3,61227,-0.344137,0.397081,0.0794162,0.847106,80.0363
lightbox/images/img001608.jpg,lightbox,1,25675,1,25671,-0.251263,0.893381,0.362936,-0.0837545,4.01969
lightbox/images/img001620.jpg,lightbox,2,61600,2,56006,0.0253592,-0.329669,0.811493,0.481824,86.0807
lightbox/images/img001624.jpg,lightbox,3,12675,3,16241,0.0864945,-0.20182,-0.317146,0.922608,23.8642
lightbox/images/img001625.jpg,lightbox,2,71467,2,76413,0.154266,0.418722,0.705215,0.55095,50.8918
lightbox/images/img001626.jpg,lightbox,3,72032,0,72051,0.859235,0.187958,0.456468,0.134255,140.635
lightbox/images/img001632.jpg,lightbox,2,43736,1,01747,-0.118545,0.758686,-0.497888,-0.403052,104.45
lightbox/images/img001635.jpg,lightbox,0,61224,1,30256,0.118015,0.755297,0.259633,-0.590076,162.528
lightbox/images/img001642.jpg,lightbox,1,36702,1,36070,0.124573,0.797264,0.523205,-0.27406,21.5925
lightbox/images/img001654.jpg,lightbox,3,02475,0,60131,0.8745,-0.464578,0.136641,0.0273281,132.587
lightbox/images/img001662.jpg,lightbox,2,16070,3,53023,0.496065,-0.234978,0.0261087,0.835478,167.016
lightbox/images/img001664.jpg,lightbox,3,33656,3,07225,-0.351095,-0.0810219,-0.351095,0.864234,121.987
lightbox/images/img001675.jpg,lightbox,2,56673,2,62440,-0.627191,0.343944,0.647423,0.263016,113.361
lightbox/images/img001682.jpg,lightbox,3,56427,3,07657,-0.267615,-0.148675,-0.0297351,0.951522,91.5994
lightbox/images/img001684.jpg,lightbox,3,50303,0,10752,0.716438,0.291053,-0.470162,-0.425385,144.856
lightbox/images/img001687.jpg,lightbox,2,71235,2,17006,0.418384,-0.319941,0.787547,-0.319941,90.9538
lightbox/images/img001688.jpg,lightbox,3,70526,0,24314,0.791391,-0.469888,0.222579,-0.321503,168.185
lightbox/images/img001713.jpg,lightbox,1,54314,3,43325,-0.153069,-0.0918415,0.0918415,0.979643,150.223
lightbox/images/img001721.jpg,lightbox,2,75457,0,16057,0.879772,0.19245,-0.357407,-0.247436,178.354
lightbox/images/img001726.jpg,lightbox,1,05244,0,03530,0.780024,-0.0731272,-0.268133,-0.560642,172.402
lightbox/images/img001731.jpg,lightbox,2,70234,3,43227,-0.374809,-0.0288315,0.0864945,0.922608,169.989
lightbox/images/img001733.jpg,lightbox,3,53002,3,53005,0.472205,-0.372793,0.0745586,0.795292,8.31551
lightbox/images/img001734.jpg,lightbox,2,03720,2,03226,-0.328031,-0.0218687,0.699798,-0.634192,22.3801
lightbox/images/img001735.jpg,lightbox,1,25460,3,25300,-0.188502,0.24236,-0.403933,0.861723,161.566
lightbox/images/img001751.jpg,lightbox,0,65310,0,65731,0.750298,-0.0234468,0.304808,0.58617,21.4784
lightbox/images/img001771.jpg,lightbox,2,07172,2,07161,-0.139158,-0.306147,0.890609,-0.306147,11.1763
lightbox/images/img001781.jpg,lightbox,1,73315,1,24660,-0.666551,0.688053,0.279521,-0.0645049,162.849
lightbox/images/img001784.jpg,lightbox,2,12375,1,75110,0.624704,0.689329,0.0215415,0.366206,176.908
lightbox/images/img001792.jpg,lightbox,0,16203,0,63325,0.734324,-0.114738,0.665481,0.0688428,113.945
lightbox/images/img001800.jpg,lightbox,0,25726,0,25536,0.961781,-0.090167,0.21039,-0.150278,28.2643
lightbox/images/img001812.jpg,lightbox,3,15703,3,15107,0.513657,-0.551706,-0.247316,0.608779,18.3013
lightbox/images/img001813.jpg,lightbox,1,47310,1,42332,-0.510171,0.859235,-0.0268511,0.0268511,73.1777
lightbox/images/img001817.jpg,lightbox,1,35034,1,57060,0.392598,0.739008,-0.254034,0.484974,109.411
lightbox/images/img001828.jpg,lightbox,0,50135,1,30017,0.159628,0.729727,0.0684119,-0.661315,148.087
lightbox/images/img001831.jpg,lightbox,3,17132,3,51132,0.581047,-0.500902,0.0200361,0.641155,51.821
lightbox/images/img001837.jpg,lightbox,3,16710,1,43303,-0.152499,0.975991,-0.152499,0.0304997,161.178
lightbox/images/img001839.jpg,lightbox,1,22574,3,61664,-0.37006,0.320719,0.37006,0.789462,149.062
lightbox/images/img001869.jpg,lightbox,2,52715,2,52500,0.239596,-0.399326,0.851896,0.239596,29.3275
lightbox/images/img001875.jpg,lightbox,1,62252,0,61605,0.856767,-0.348062,0.240966,0.294514,116.354
lightbox/images/img001876.jpg,lightbox,0,74555,1,47432,-0.255676,0.743784,-0.209189,0.581081,129.36
lightbox/images/img001884.jpg,lightbox,1,45174,1,45072,-0.233937,0.680543,-0.531674,0.446606,19.8813
lightbox/images/img001886.jpg,lightbox,0,32457,1,16422,0.0294245,0.941584,-0.26482,-0.205971,164.897
lightbox/images/img001887.jpg,lightbox,1,71750,1,53112,0.642859,0.709362,-0.288178,0.0221676,64.5761
lightbox/images/img001889.jpg,lightbox,3,52611,3,70405,0.0882735,0.0294245,0.323669,0.941584,30.7366
lightbox/images/img001893.jpg,lightbox,1,54375,3,33267,0.34858,0.568736,-0.458658,0.587082,18.107
lightbox/images/img001908.jpg,lightbox,1,03705,1,03472,-0.276124,0.80327,-0.22592,-0.476942,21.1567
lightbox/images/img001937.jpg,lightbox,0,77552,3,22550,-0.421184,0.376848,-0.421184,0.709362,160.334
lightbox/images/img001948.jpg,lightbox,3,42312,3,46702,-0.490028,-0.106528,0.532639,0.681778,59.9702
lightbox/images/img001957.jpg,lightbox,3,52036,3,32612,0.104099,0.562134,-0.478855,0.666233,122.836
lightbox/images/img001958.jpg,lightbox,3,76073,1,43223,-0.376062,0.925691,-0.0289278,0.0289278,129.602
lightbox/images/img001976.jpg,lightbox,2,31177,0,71232,0.778177,0.510678,0.36477,0.024318,83.6666
lightbox/images/img001984.jpg,lightbox,3,66615,2,50166,0.21338,-0.592723,0.758686,0.165963,169.216
lightbox/images/img001987.jpg,lightbox,1,46315,1,76243,0.0639167,0.681778,0.57525,0.447417,106.19
lightbox/images/img001991.jpg,lightbox,1,56207,2,50306,0.228232,-0.532542,0.811493,0.0760775,120.129
lightbox/images/img002000.jpg,lightbox,2,71734,0,72467,0.756986,0.0709674,0.544084,0.354837,35.3684
lightbox/images/img002017.jpg,lightbox,2,56314,2,10664,0.0244339,-0.464244,0.781884,-0.415376,115.732
lightbox/images/img002018.jpg,lightbox,1,74200,1,43743,-0.141819,0.907642,-0.141819,0.368729,49.8078
lightbox/images/img002019.jpg,lightbox,1,30532,2,02567,-0.490232,-0.210099,0.74702,-0.396854,175.725
lightbox/images/img002025.jpg,lightbox,1,22557,1,12441,0.0745586,0.795292,-0.372793,-0.472205,110.854
lightbox/images/img002032.jpg,lightbox,0,66303,1,72506,0.22592,0.80327,0.476942,0.276124,161.875
lightbox/images/img002034.jpg,lightbox,0,41074,0,41003,0.709362,-0.288178,-0.642859,0.0221676,18.248
lightbox/images/img002035.jpg,lightbox,0,72000,1,03367,-0.122169,0.781884,-0.0244339,-0.610847,168.219
lightbox/images/img002036.jpg,lightbox,1,44600,1,44063,-0.535661,0.591074,-0.461777,0.387893,11.2038
lightbox/images/img002050.jpg,lightbox,1,25147,1,25164,-0.203864,0.931951,0.145617,-0.262111,12.1877
lightbox/images/img002058.jpg,lightbox,2,55245,2,55226,0.383697,-0.383697,0.722254,0.428838,12.1682
lightbox/images/img002065.jpg,lightbox,3,37654,3,25172,-0.0864945,0.20182,-0.317146,0.922608,87.5812
lightbox/images/img002067.jpg,lightbox,0,74322,0,74240,0.813589,0.0254246,0.228822,0.533917,30.4036
lightbox/images/img002070.jpg,lightbox,2,26402,0,24473,0.774521,-0.605095,0.169426,-0.0726113,106.294
lightbox/images/img002071.jpg,lightbox,0,03571,3,43334,-0.092538,-0.092538,0.092538,0.987072,109.137
lightbox/images/img002076.jpg,lightbox,0,46225,2,41441,-0.269723,-0.643187,0.663935,0.269723,146.006
lightbox/images/img002082.jpg,lightbox,2,02107,1,03314,-0.0684119,0.729727,-0.159628,-0.661315,164.478
lightbox/images/img002083.jpg,lightbox,2,35472,2,14222,0.0254906,-0.433341,0.8157,-0.38236,101.006
lightbox/images/img002089.jpg,lightbox,0,53174,1,24234,-0.590455,0.699798,0.284293,-0.284293,170.777
lightbox/images/img002102.jpg,lightbox,3,03172,3,70202,0.0295269,0.324796,0.0295269,0.944862,104.101
lightbox/images/img002105.jpg,lightbox,3,56400,1,61132,-0.0911606,0.972379,0.212708,0.0303869,156.602
lightbox/images/img002111.jpg,lightbox,2,50550,0,07665,0.922608,-0.374809,-0.0864945,-0.0288315,130.768
lightbox/images/img002114.jpg,lightbox,1,12746,1,14323,0.270066,0.785646,-0.417374,-0.368271,37.8482
lightbox/images/img002117.jpg,lightbox,2,06574,3,74013,0.189051,0.0810219,0.459124,0.864234,154.59
lightbox/images/img002121.jpg,lightbox,2,21254,0,71037,0.797264,0.573034,0.174402,0.0747435,179.547
lightbox/images/img002130.jpg,lightbox,0,66201,0,60276,0.71076,-0.599704,0.333169,0.155479,28.6608
lightbox/images/img002135.jpg,lightbox,1,11663,1,13033,0.451501,0.628176,-0.176674,-0.608545,36.019
lightbox/images/img002136.jpg,lightbox,1,34256,1,34216,0.136641,0.8745,0.300609,-0.355266,10.777
lightbox/images/img002138.jpg,lightbox,2,56007,2,56165,0.259633,-0.259633,0.755297,0.54287,22.6461
lightbox/images/img002146.jpg,lightbox,2,34507,0,52676,0.896179,0.140028,-0.0280056,0.420084,158.938
lightbox/images/img002149.jpg,lightbox,2,47072,0,43266,0.887862,-0.416185,-0.0277457,0.19422,170.811
lightbox/images/img002154.jpg,lightbox,1,07643,1,06751,-0.459124,0.864234,-0.189051,-0.0810219,11.6956
lightbox/images/img002163.jpg,lightbox,2,70155,1,76014,0.121303,0.776342,0.412432,0.460953,118.093
lightbox/images/img002164.jpg,lightbox,2,15463,2,14551,0.318429,-0.658087,0.679315,-0.0636858,14.2848
lightbox/images/img002165.jpg,lightbox,0,06347,0,06362,0.781884,-0.561979,-0.0244339,-0.268773,14.0213
lightbox/images/img002170.jpg,lightbox,2,16154,2,65627,-0.280561,0.323724,0.690612,0.582704,151.995
lightbox/images/img002171.jpg,lightbox,3,74174,3,74306,0.22592,0.276124,0.476942,0.80327,24.0392
lightbox/images/img002175.jpg,lightbox,1,12775,1,30117,0.327405,0.698464,0.065481,-0.632983,33.209
lightbox/images/img002176.jpg,lightbox,0,06422,0,00654,0.631101,-0.532492,-0.453604,-0.335272,38.747
lightbox/images/img002178.jpg,lightbox,0,61573,2,27554,-0.0824786,0.467379,0.879772,-0.0274929,172.041
lightbox/images/img002179.jpg,lightbox,2,51242,2,70254,0.145617,0.262111,0.931951,0.203864,99.4106
lightbox/images/img002181.jpg,lightbox,0,16222,0,16231,0.88514,0.193624,-0.0829819,-0.41491,17.0663
lightbox/images/img002183.jpg,lightbox,3,37526,3,27144,-0.184274,0.447523,-0.236924,0.842397,86.901
lightbox/images/img002215.jpg,lightbox,3,34466,3,70003,0.0928922,0.0928922,0.0309641,0.99085,19.7502
lightbox/images/img002238.jpg,lightbox,2,35700,3,42525,-0.508279,-0.266242,0.266242,0.774521,146.733
lightbox/images/img002241.jpg,lightbox,0,66514,2,34400,0.0304997,0.0304997,0.975991,-0.213498,153.518
lightbox/images/img002245.jpg,lightbox,0,25177,0,25147,0.948174,-0.148152,0.0888913,-0.266674,20.2929
lightbox/images/img002250.jpg,lightbox,2,50235,2,70274,0.140469,0.36522,0.899004,0.196657,103.641
lightbox/images/img002256.jpg,lightbox,1,42173,2,52563,0.294514,-0.240966,0.856767,0.348062,118.54
lightbox/images/img002257.jpg,lightbox,0,75452,3,25437,-0.262111,0.203864,-0.145617,0.931951,124.418
lightbox/images/img002262.jpg,lightbox,1,06154,0,30742,0.80327,0.22592,0.276124,-0.476942,158.322
lightbox/images/img002298.jpg,lightbox,0,12570,1,43317,-0.0307293,0.983336,-0.153646,0.0921878,145.723
lightbox/images/img002310.jpg,lightbox,1,10347,1,32003,0.0618195,0.659408,0.391524,-0.638802,99.55
lightbox/images/img002313.jpg,lightbox,0,21164,0,11666,0.735875,0.390934,-0.390934,-0.390934,93.1337
lightbox/images/img002320.jpg,lightbox,1,61557,1,42030,-0.623538,0.739008,-0.254034,0.023094,95.2449
lightbox/images/img002330.jpg,lightbox,3,06774,3,54263,0.0714488,-0.404877,0.500142,0.762121,101.24
lightbox/images/img002333.jpg,lightbox,0,72705,0,72472,0.765603,0.119625,0.550277,0.311026,16.4231
lightbox/images/img002344.jpg,lightbox,1,63054,1,67145,-0.115717,0.74059,0.393438,0.532299,48.0997
lightbox/images/img002353.jpg,lightbox,3,57453,2,30246,0.0237624,0.261387,0.760398,-0.594061,177.872
lightbox/images/img002368.jpg,lightbox,1,47205,1,65307,-0.127786,0.817829,0.281129,0.485586,56.932
lightbox/images/img002370.jpg,lightbox,2,52463,0,41771,0.811493,-0.0253592,-0.481824,0.329669,153.512
lightbox/images/img002390.jpg,lightbox,0,16035,3,02707,-0.47789,-0.113783,-0.47789,0.728214,113.938
lightbox/images/img002394.jpg,lightbox,3,52442,0,52060,0.935129,0.0292228,-0.321451,0.146114,174.337
lightbox/images/img002396.jpg,lightbox,2,17267,1,74135,0.370965,0.791391,0.123655,0.469888,164.649
lightbox/images/img002397.jpg,lightbox,3,06044,3,25246,-0.393784,0.288775,-0.23627,0.840072,77.3473
lightbox/images/img002411.jpg,lightbox,0,75026,2,50612,0.126148,-0.529823,0.80735,0.227067,165.914
lightbox/images/img002415.jpg,lightbox,3,43377,3,43035,-0.2561,-0.313011,0.0853666,0.910577,41.5458
lightbox/images/img002417.jpg,lightbox,2,25051,2,60105,-0.546793,0.0260378,0.833209,0.0781133,56.9753
lightbox/images/img002421.jpg,lightbox,0,60261,3,44727,-0.421435,-0.341162,0.541845,0.642187,161.326
lightbox/images/img002422.jpg,lightbox,3,53647,1,51637,0.51912,0.722254,-0.383697,0.248275,156.866
lightbox/images/img002430.jpg,lightbox,3,36612,1,63311,-0.0246108,0.787547,0.615271,0.0246108,130.966
lightbox/images/img002444.jpg,lightbox,3,12744,0,12256,0.776342,0.121303,-0.121303,-0.606517,145.03
lightbox/images/img002447.jpg,lightbox,3,62361,3,71133,0.687194,0.155173,0.0221676,0.709362,147.44
lightbox/images/img002452.jpg,lightbox,1,25767,0,27624,0.695817,-0.326164,0.630584,-0.108721,165.733
lightbox/images/img002454.jpg,lightbox,0,21257,1,70023,0.0911606,0.972379,0.212708,0.0303869,169.153
lightbox/images/img002468.jpg,lightbox,3,51212,0,43110,0.901856,-0.084549,-0.422745,0.028183,122.834
lightbox/images/img002477.jpg,lightbox,1,34236,1,34063,0.0864945,0.922608,0.20182,-0.317146,24.4066
lightbox/images/img002505.jpg,lightbox,0,71332,3,24435,-0.606517,0.121303,-0.121303,0.776342,136.949
lightbox/images/img002507.jpg,lightbox,0,72226,2,53323,0.644503,-0.0238705,0.763856,0.0238705,13.2432
lightbox/images/img002509.jpg,lightbox,3,46574,2,31656,0.484974,0.254034,0.739008,-0.392598,178.041
lightbox/images/img002516.jpg,lightbox,3,25424,3,03657,-0.238919,-0.132733,-0.451292,0.849491,53.1959
lightbox/images/img002517.jpg,lightbox,1,14725,1,34614,0.147122,0.941584,0.26482,-0.147122,89.7798
lightbox/images/img002526.jpg,lightbox,0,01437,1,43312,-0.0921878,0.983336,-0.153646,0.0307293,157.05
lightbox/images/img002542.jpg,lightbox,2,07004,2,30460,0.0266217,0.133109,0.851896,-0.505813,78.9934
lightbox/images/img002547.jpg,lightbox,3,70720,0,06677,0.787547,-0.615271,-0.0246108,-0.0246108,170.895
lightbox/images/img002550.jpg,lightbox,1,14704,3,47743,-0.114258,-0.114258,0.662695,0.73125,110.691
lightbox/images/img002560.jpg,lightbox,3,24456,3,60056,-0.63446,0.0704956,0.16449,0.751953,19.3972
lightbox/images/img002572.jpg,lightbox,2,32341,1,35504,0.610847,0.781884,0.0244339,-0.122169,104.058
lightbox/images/img002591.jpg,lightbox,0,67767,3,74202,0.0263982,0.29038,0.448769,0.844742,88.5163
lightbox/images/img002600.jpg,lightbox,0,63511,0,27611,0.758686,-0.21338,0.592723,-0.165963,55.2488
lightbox/images/img002603.jpg,lightbox,0,31742,1,60775,-0.411464,0.774521,0.314649,0.363057,171.835
lightbox/images/img002607.jpg,lightbox,0,42103,3,52566,0.239596,-0.239596,0.399326,0.851896,154.832
lightbox/images/img002610.jpg,lightbox,0,46205,2,45636,-0.236518,-0.365528,0.688053,0.580544,158.279
lightbox/images/img002612.jpg,lightbox,0,71021,0,61761,0.859235,-0.134255,0.349064,0.349064,89.4113
lightbox/images/img002626.jpg,lightbox,1,35215,1,35353,0.656904,0.678094,0.233095,-0.233095,21.0496
lightbox/images/img002649.jpg,lightbox,0,10267,0,12075,0.750298,0.164128,-0.257915,-0.58617,18.6154
lightbox/images/img002654.jpg,lightbox,2,07235,0,61135,0.983336,-0.0307293,0.153646,0.0921878,162.698
lightbox/images/img002656.jpg,lightbox,0,03334,2,53204,0.459124,-0.189051,0.864234,0.0810219,150.922
lightbox/images/img002660.jpg,lightbox,0,30233,3,34050,0.146114,0.0292228,-0.321451,0.935129,104.583
lightbox/images/img002663.jpg,lightbox,1,70343,3,23363,-0.0955375,0.592333,-0.515903,0.61144,131.743
lightbox/images/img002666.jpg,lightbox,0,11634,0,20673,0.676879,-0.528812,0.317287,-0.401897,150.075
lightbox/images/img002669.jpg,lightbox,0,63154,0,72000,0.882444,0.0275764,0.468798,0.0275764,22.8155
lightbox/images/img002686.jpg,lightbox,3,62424,2,60007,-0.668302,0.0691347,0.737437,0.0691347,101.147
lightbox/images/img002695.jpg,lightbox,1,02122,2,45632,-0.242418,-0.374646,0.705215,0.55095,110.28
lightbox/images/img002696.jpg,lightbox,3,71220,1,25256,-0.299715,0.871899,0.299715,-0.245222,175.125
lightbox/images/img002700.jpg,lightbox,0,25144,0,25335,0.866766,-0.0270864,0.352124,-0.352124,45.772
lightbox/images/img002702.jpg,lightbox,3,63400,3,60121,-0.543852,0.129488,0.0258977,0.828726,45.6874
lightbox/images/img002705.jpg,lightbox,2,02075,1,21316,-0.067166,0.716438,0.246276,-0.649272,137.32
lightbox/images/img002733.jpg,lightbox,1,41552,1,41572,-0.0701862,0.748653,-0.584885,0.30414,8.1794
lightbox/images/img002734.jpg,lightbox,2,77371,0,47175,0.781884,-0.0244339,-0.268773,0.561979,124.791
lightbox/images/img002749.jpg,lightbox,0,34061,0,60674,0.690612,-0.582704,0.280561,0.323724,116.993
lightbox/images/img002758.jpg,lightbox,3,56530,3,57600,0.381373,-0.157036,0.560843,0.717879,17.6092
lightbox/images/img002760.jpg,lightbox,1,10457,1,10614,0.111276,0.712167,-0.51187,-0.46736,18.1318
lightbox/images/img002768.jpg,lightbox,0,20161,2,76255,0.148333,0.529761,0.678094,0.48738,139.056
lightbox/images/img002770.jpg,lightbox,0,00034,2,43772,-0.0864945,-0.0288315,0.922608,0.374809,96.6906
lightbox/images/img002801.jpg,lightbox,0,61715,0,03550,0.795292,-0.0745586,-0.372793,-0.472205,123.055
lightbox/images/img002803.jpg,lightbox,2,71260,1,71262,0.430001,0.809414,0.379413,0.126471,74.8532
lightbox/images/img002805.jpg,lightbox,1,16355,0,16471,0.922608,0.20182,-0.317146,-0.0864945,103.187
lightbox/images/img002808.jpg,lightbox,3,02633,0,36541,0.842397,0.289574,0.447523,-0.0789747,85.7766
lightbox/images/img002828.jpg,lightbox,2,22630,0,12767,0.844742,0.29038,-0.0263982,-0.448769,171.802
lightbox/images/img002831.jpg,lightbox,3,21740,3,21716,-0.0751175,0.275431,-0.525822,0.801253,11.6323
lightbox/images/img002832.jpg,lightbox,2,25430,2,25065,-0.360694,0.138728,0.887862,-0.249711,6.65957
lightbox/images/img002839.jpg,lightbox,1,36214,1,36560,0.228232,0.811493,0.532542,-0.0760775,30.0082
lightbox/images/img002841.jpg,lightbox,3,46135,3,45645,-0.250976,-0.444035,0.598482,0.617788,37.6749
lightbox/images/img002843.jpg,lightbox,0,05227,0,43434,0.859235,-0.295362,-0.295362,0.295362,71.226
lightbox/images/img002852.jpg,lightbox,1,63417,2,67121,-0.118545,0.497888,0.758686,0.403052,51.3322
lightbox/images/img002858.jpg,lightbox,2,43547,1,07370,-0.0879694,0.93834,-0.0879694,-0.322554,120.671
lightbox/images/img002868.jpg,lightbox,0,20732,1,46503,-0.441836,0.673274,-0.273518,0.525995,41.2196
lightbox/images/img002869.jpg,lightbox,3,07365,1,61106,-0.211927,0.968808,0.0908257,0.0908257,177.172
lightbox/images/img002879.jpg,lightbox,1,54776,0,30514,0.791391,0.321503,0.024731,-0.51935,169.163
lightbox/images/img002885.jpg,lightbox,0,11141,1,30374,0.291638,0.717879,0.291638,-0.560843,105.428
lightbox/images/img002917.jpg,lightbox,2,72334,1,56106,0.222579,0.791391,-0.321503,0.469888,134.373
lightbox/images/img002918.jpg,lightbox,1,42665,1,12267,0.0736543,0.785646,-0.0245514,-0.613786,144.337
lightbox/images/img002932.jpg,lightbox,1,66220,1,24766,-0.545305,0.758686,0.355634,-0.0237089,48.7114
lightbox/images/img002960.jpg,lightbox,2,26717,2,27244,-0.339248,0.565414,0.72373,-0.203549,12.2704
lightbox/images/img002963.jpg,lightbox,0,02522,0,06351,0.830959,-0.441447,-0.181772,-0.285642,28.6466
lightbox/images/img002976.jpg,lightbox,0,22364,0,23446,0.734324,-0.344214,0.436005,-0.390109,23.9991
lightbox/images/img002978.jpg,lightbox,2,36135,0,03711,0.799251,-0.0249766,-0.174836,-0.574462,141.107
lightbox/images/img002980.jpg,lightbox,2,07467,2,27250,-0.252957,0.574903,0.735875,-0.252957,105.537
lightbox/images/img002988.jpg,lightbox,1,43036,3,07614,-0.315058,-0.200492,-0.143208,0.916533,174.041
lightbox/images/img002996.jpg,lightbox,0,67410,1,60075,-0.602279,0.770916,0.120456,0.168638,122.828
lightbox/images/img002999.jpg,lightbox,3,73030,0,71747,0.698464,0.589329,0.240097,0.327405,58.2104
lightbox/images/img003010.jpg,lightbox,0,25317,2,50224,0.026774,-0.508706,0.856767,0.0803219,150.393
lightbox/images/img003030.jpg,lightbox,2,65367,2,53466,0.422499,-0.223676,0.795292,0.372793,98.0311
lightbox/images/img003033.jpg,lightbox,0,07752,0,07377,0.961781,-0.0300557,-0.0300557,-0.270501,26.384
lightbox/images/img003038.jpg,lightbox,3,13621,3,12613,0.173542,-0.123958,-0.570209,0.793334,33.8717
lightbox/images/img003043.jpg,lightbox,2,35047,2,35024,0.437917,0.128799,0.824315,-0.334878,17.3754
lightbox/images/img003052.jpg,lightbox,0,02766,2,34670,0.142741,0.371126,0.91354,-0.0856444,172.817
lightbox/images/img003062.jpg,lightbox,1,11202,1,16426,0.0297351,0.951522,-0.267615,-0.148675,76.9015
lightbox/images/img003063.jpg,lightbox,3,42604,3,42242,-0.687194,-0.110838,0.110838,0.709362,14.8191
lightbox/images/img003081.jpg,lightbox,2,41531,2,27505,-0.135432,0.46047,0.866766,-0.135432,142.654
lightbox/images/img003090.jpg,lightbox,3,70672,2,25205,-0.342224,0.236924,0.842397,-0.342224,173.415
lightbox/images/img003094.jpg,lightbox,0,55230,0,50475,0.71076,0.155479,-0.599704,0.333169,41.1965
lightbox/images/img003096.jpg,lightbox,0,16420,3,33733,0.525877,0.525877,-0.390167,0.542841,118.61
lightbox/images/img003106.jpg,lightbox,1,07743,1,50606,0.0251022,0.80327,-0.527146,0.276124,67.0048
lightbox/images/img003113.jpg,lightbox,0,17625,1,30665,0.0776931,0.828726,0.33667,-0.440261,119.364
lightbox/images/img003114.jpg,lightbox,0,12625,2,52106,0.251263,-0.362936,0.893381,0.0837545,173.788
lightbox/images/img003119.jpg,lightbox,2,70534,0,76100,0.780024,0.219382,0.414388,0.414388,73.6889
lightbox/images/img003129.jpg,lightbox,0,44752,1,44277,-0.503333,0.644266,-0.342266,0.463066,164.116
lightbox/images/img003146.jpg,lightbox,3,71635,1,64344,-0.494538,0.688053,0.193515,0.494538,135.222
lightbox/images/img003153.jpg,lightbox,3,02716,0,36433,0.787547,0.172276,0.566049,-0.172276,76.7582
lightbox/images/img003157.jpg,lightbox,2,51610,2,51735,0.624133,-0.382533,0.644266,0.221467,24.7702
lightbox/images/img003166.jpg,lightbox,3,07353,1,05642,-0.36391,0.776342,-0.509475,-0.0727821,179.558
lightbox/images/img003174.jpg,lightbox,0,51074,0,71104,0.785646,0.613786,0.0245514,0.0736543,71.9602
lightbox/images/img003177.jpg,lightbox,2,46022,2,42272,-0.640141,-0.0237089,0.758686,0.118545,34.7573
lightbox/images/img003181.jpg,lightbox,2,50362,0,52434,0.890609,0.139158,-0.306147,0.306147,172.931
lightbox/images/img003184.jpg,lightbox,0,06073,0,06344,0.780024,-0.560642,-0.17063,-0.219382,5.5166
lightbox/images/img003186.jpg,lightbox,2,43035,2,43322,-0.213498,-0.0304997,0.975991,0.0304997,33.7775
lightbox/images/img003187.jpg,lightbox,0,10045,0,41475,0.705215,-0.198342,-0.595026,0.33057,101.079
lightbox/images/img003199.jpg,lightbox,0,07513,3,44722,-0.463066,-0.342266,0.503333,0.644266,86.6133
lightbox/images/img003213.jpg,lightbox,0,13515,3,16247,0.0888913,-0.148152,-0.266674,0.948174,140.072
lightbox/images/img003215.jpg,lightbox,3,15464,0,46373,0.763856,-0.405798,-0.0238705,0.50128,56.7722
lightbox/images/img003217.jpg,lightbox,1,60725,0,02543,0.716438,-0.470162,-0.291053,-0.425385,47.7555
lightbox/images/img003220.jpg,lightbox,0,56702,0,16074,0.904735,0.141365,-0.311003,-0.254457,104.888
lightbox/images/img003221.jpg,lightbox,2,46341,0,55127,0.61144,0.515903,-0.477688,0.363043,115.241
lightbox/images/img003224.jpg,lightbox,1,21671,1,21741,-0.129488,0.828726,0.233079,-0.492056,14.8009
lightbox/images/img003228.jpg,lightbox,2,56651,3,07734,-0.0918415,-0.0918415,-0.153069,0.979643,115.88
lightbox/images/img003229.jpg,lightbox,2,27014,2,23461,-0.291053,0.470162,0.716438,-0.425385,13.2001
lightbox/images/img003246.jpg,lightbox,3,21524,1,05332,-0.0762739,0.813589,-0.432219,-0.38137,175.178
lightbox/images/img003256.jpg,lightbox,0,52750,3,56430,0.118015,-0.259633,0.590076,0.755297,162.107
lightbox/images/img003263.jpg,lightbox,0,63064,1,70052,0.151934,0.972379,0.0911606,0.151934,163.779
lightbox/images/img003266.jpg,lightbox,0,63455,0,61433,0.910577,-0.2561,0.199189,0.2561,32.8672
lightbox/images/img003286.jpg,lightbox,1,56645,3,52571,0.38236,-0.280397,0.331378,0.8157,143.417
lightbox/images/img003298.jpg,lightbox,2,37443,3,43444,-0.36391,-0.36391,0.36391,0.776342,165.766
lightbox/images/img003301.jpg,lightbox,1,16264,3,07764,-0.212708,-0.0911606,-0.0303869,0.972379,139.031
lightbox/images/img003302.jpg,lightbox,1,10466,1,10502,0.180907,0.643224,-0.582922,-0.462317,22.0479
lightbox/images/img003309.jpg,lightbox,0,24766,2,25505,-0.152499,0.0304997,0.975991,-0.152499,154.427
lightbox/images/img003313.jpg,lightbox,1,35614,1,51236,0.500142,0.762121,-0.404877,0.0714488,76.4856
lightbox/images/img003317.jpg,lightbox,1,50240,1,50272,0.135432,0.866766,-0.46047,0.135432,19.7138
lightbox/images/img003338.jpg,lightbox,1,47137,1,56024,0.0257599,0.824315,-0.283358,0.489437,10.4292
lightbox/images/img003361.jpg,lightbox,1,06011,1,04461,-0.568409,0.62721,-0.529208,-0.0588009,39.3046
lightbox/images/img003364.jpg,lightbox,1,34351,1,37200,0.365528,0.688053,0.537541,-0.322525,41.8187
lightbox/images/img003366.jpg,lightbox,3,21725,0,71166,0.765603,0.598127,0.167476,0.167476,165.275
lightbox/images/img003374.jpg,lightbox,0,07764,0,07635,0.948174,-0.266674,-0.0888913,-0.148152,12.5244
lightbox/images/img003385.jpg,lightbox,3,52027,3,42554,-0.443543,-0.350165,0.350165,0.74702,75.7029
lightbox/images/img003389.jpg,lightbox,0,51503,3,05445,-0.28004,-0.667787,-0.0215415,0.689329,134.729
lightbox/images/img003392.jpg,lightbox,0,75300,0,07371,0.941584,-0.0294245,-0.0882735,-0.323669,118.383
lightbox/images/img003395.jpg,lightbox,2,71004,1,71020,0.464578,0.8745,0.136641,0.0273281,139.961
lightbox/images/img003397.jpg,lightbox,2,03053,2,60103,-0.546793,0.0781133,0.833209,0.0260378,95.171
lightbox/images/img003403.jpg,lightbox,0,54326,3,44732,-0.396264,-0.354552,0.521399,0.667391,146.146
lightbox/images/img003425.jpg,lightbox,1,23106,2,30076,0.120456,0.168638,0.770916,-0.602279,79.3103
lightbox/images/img003426.jpg,lightbox,0,70046,0,70061,0.972379,0.0911606,0.151934,0.151934,13.1526
lightbox/images/img003429.jpg,lightbox,1,40624,2,53775,0.658087,-0.0636858,0.679315,0.318429,102.128
lightbox/images/img003440.jpg,lightbox,0,36276,1,12224,0.023094,0.739008,-0.069282,-0.669726,159.479
lightbox/images/img003445.jpg,lightbox,2,07775,2,16616,0.150824,-0.150824,0.965275,-0.150824,24.2813
lightbox/images/img003449.jpg,lightbox,0,61163,0,61074,0.916533,-0.315058,0.143208,0.200492,17.7527
lightbox/images/img003465.jpg,lightbox,0,35120,0,31535,0.646366,0.626167,0.100995,-0.424178,16.1585
lightbox/images/img003469.jpg,lightbox,1,52272,0,43330,0.99085,-0.0928922,-0.0928922,0.0309641,169.81
lightbox/images/img003473.jpg,lightbox,1,04232,0,56437,0.737437,0.161314,-0.207404,0.622212,129.182
lightbox/images/img003475.jpg,lightbox,2,50064,2,25504,-0.211154,0.0301648,0.965275,-0.150824,95.9461
lightbox/images/img003476.jpg,lightbox,1,55624,1,42264,-0.685847,0.707972,-0.0663723,0.154869,141.163
lightbox/images/img003477.jpg,lightbox,3,61703,0,12474,0.837765,0.130901,-0.287982,-0.445063,111.111
lightbox/images/img003481.jpg,lightbox,1,20066,3,44640,-0.535199,-0.397083,0.50067,0.552464,164.438
lightbox/images/img003484.jpg,lightbox,0,73467,0,70727,0.828726,0.284875,0.388465,0.284875,24.4092
lightbox/images/img003487.jpg,lightbox,1,70421,1,12676,0.136641,0.8745,-0.0273281,-0.464578,91.1441
lightbox/images/img003492.jpg,lightbox,0,14232,0,03475,0.822136,-0.231226,-0.282609,-0.43676,45.5805
lightbox/images/img003497.jpg,lightbox,1,23065,1,70215,0.205262,0.93834,0.263908,0.0879694,99.5605
lightbox/images/img003518.jpg,lightbox,1,60142,1,60131,-0.464578,0.8745,0.136641,0.0273281,20.1549
lightbox/images/img003520.jpg,lightbox,1,61713,1,70651,0.19245,0.879772,0.247436,0.357407,28.6008
lightbox/images/img003529.jpg,lightbox,2,55704,1,35154,0.657226,0.725215,0.022663,-0.203967,170.006
lightbox/images/img003536.jpg,lightbox,0,72056,0,72047,0.842397,0.0789747,0.500173,0.184274,3.23275
lightbox/images/img003544.jpg,lightbox,2,24614,0,27053,0.80327,-0.22592,0.476942,-0.276124,162.479
lightbox/images/img003555.jpg,lightbox,0,76622,2,53247,0.497423,-0.130901,0.837765,0.183261,48.563
lightbox/images/img003567.jpg,lightbox,0,05737,3,16543,0.302422,-0.357407,-0.0824786,0.879772,158.921
lightbox/images/img003571.jpg,lightbox,2,57067,1,42431,-0.581081,0.743784,-0.255676,0.209189,123.975
lightbox/images/img003572.jpg,lightbox,3,54142,3,50550,0.269723,-0.643187,0.269723,0.663935,20.8398
lightbox/images/img003580.jpg,lightbox,0,50214,2,24011,-0.57735,0.023094,0.739008,-0.34641,48.1672
lightbox/images/img003583.jpg,lightbox,1,71212,2,34371,0.38236,0.331378,0.8157,-0.280397,92.6353
lightbox/images/img003593.jpg,lightbox,2,11253,1,44233,-0.529761,0.678094,-0.360237,0.360237,48.4247
lightbox/images/img003595.jpg,lightbox,2,36500,2,34700,0.2561,0.2561,0.910577,-0.199189,25.7156
lightbox/images/img003602.jpg,lightbox,0,10730,2,17077,0.555387,-0.217325,0.772712,-0.217325,168.39
lightbox/images/img003605.jpg,lightbox,3,57600,3,56710,0.300865,-0.162004,0.578586,0.74059,8.71549
lightbox/images/img003607.jpg,lightbox,1,12405,1,12443,0.0758825,0.809414,-0.328824,-0.480589,5.14188
lightbox/images/img003622.jpg,lightbox,0,21514,0,63301,0.781884,-0.122169,0.610847,0.0244339,96.8095
lightbox/images/img003624.jpg,lightbox,2,07344,2,05720,-0.181772,-0.493382,0.830959,-0.181772,35.1795
lightbox/images/img003627.jpg,lightbox,1,15774,0,15774,0.678094,0.614523,-0.402618,-0.0211904,11.4547
lightbox/images/img003643.jpg,lightbox,3,22654,3,72004,0.0274929,0.467379,0.0824786,0.879772,85.8186
lightbox/images/img003647.jpg,lightbox,3,61742,3,61361,-0.141819,0.368729,0.141819,0.907642,26.6287
lightbox/images/img003651.jpg,lightbox,0,53126,3,52162,0.258625,-0.258625,0.143681,0.919555,167.536
lightbox/images/img003652.jpg,lightbox,1,74343,3,16176,0.353162,-0.244497,-0.244497,0.869321,146.056
lightbox/images/img003660.jpg,lightbox,2,66145,2,56701,0.257915,-0.164128,0.750298,0.58617,105.473
lightbox/images/img003664.jpg,lightbox,1,71504,0,06666,0.717879,-0.695445,-0.0224337,-0.0224337,166.058
lightbox/images/img003671.jpg,lightbox,3,50157,0,05647,0.791391,-0.321503,-0.51935,-0.024731,137.075
lightbox/images/img003684.jpg,lightbox,3,65671,3,65705,-0.115966,0.208739,0.626216,0.742182,12.774
lightbox/images/img003687.jpg,lightbox,0,23317,2,42337,-0.467379,-0.0274929,0.879772,0.0824786,166.362
lightbox/images/img003688.jpg,lightbox,0,40676,0,24274,0.715006,-0.603286,0.290471,-0.201095,97.5877
lightbox/images/img003690.jpg,lightbox,0,34440,0,16606,0.975991,0.0304997,-0.152499,-0.152499,24.4808
lightbox/images/img003706.jpg,lightbox,2,21142,1,43117,-0.0288315,0.922608,-0.374809,0.0864945,147.992
lightbox/images/img003710.jpg,lightbox,1,70507,1,71512,0.65588,0.72373,0.0678497,0.203549,43.9877
lightbox/images/img003726.jpg,lightbox,3,16055,3,16545,0.29708,-0.40511,-0.0270073,0.864234,30.1263
lightbox/images/img003731.jpg,lightbox,0,34757,0,35656,0.80327,0.527146,0.276124,-0.0251022,17.6057
lightbox/images/img003737.jpg,lightbox,0,06533,0,07074,0.871899,-0.299715,-0.299715,-0.245222,19.0719
lightbox/images/img003739.jpg,lightbox,2,63115,3,44777,-0.335795,-0.335795,0.612333,0.632085,127.086
lightbox/images/img003742.jpg,lightbox,1,71341,0,33015,0.617788,0.444035,0.3282,-0.559871,86.5785
lightbox/images/img003743.jpg,lightbox,3,75003,3,75254,0.46101,0.197576,0.504916,0.702491,18.5553
lightbox/images/img003749.jpg,lightbox,0,56107,0,56133,0.795292,0.372793,-0.223676,0.422499,17.776
lightbox/images/img003750.jpg,lightbox,0,62404,1,53561,0.597351,0.707972,-0.243365,0.287613,172.779
lightbox/images/img003767.jpg,lightbox,2,31766,2,53346,0.602279,-0.120456,0.770916,0.168638,79.5219
lightbox/images/img003769.jpg,lightbox,0,64527,0,61161,0.965275,-0.150824,0.150824,0.150824,67.875
lightbox/images/img003772.jpg,lightbox,1,04335,1,07546,-0.198547,0.907642,-0.368729,-0.0283638,46.7403
lightbox/images/img003776.jpg,lightbox,2,34513,1,70534,0.355266,0.8745,0.136641,0.300609,148.709
lightbox/images/img003790.jpg,lightbox,1,56641,1,75366,0.509992,0.652789,0.305995,0.469192,79.2652
lightbox/images/img003805.jpg,lightbox,1,71472,1,67530,-0.065481,0.698464,0.458367,0.545675,79.1032
lightbox/images/img003807.jpg,lightbox,3,02363,3,03020,-0.310685,-0.227836,-0.642082,0.662794,31.093
lightbox/images/img003817.jpg,lightbox,3,35277,1,16446,0.0289278,0.925691,-0.376062,-0.0289278,134.98
lightbox/images/img003822.jpg,lightbox,1,72445,1,67410,-0.242418,0.705215,0.374646,0.55095,41.5575
lightbox/images/img003823.jpg,lightbox,0,65363,0,65253,0.783758,-0.220432,0.269417,0.514341,15.5887
lightbox/images/img003824.jpg,lightbox,0,71462,0,03703,0.799251,-0.124883,-0.124883,-0.574462,136.771
lightbox/images/img003832.jpg,lightbox,1,34266,3,43334,-0.092538,-0.092538,0.092538,0.987072,144.885
lightbox/images/img003836.jpg,lightbox,0,27053,0,72752,0.699798,0.284293,0.590455,0.284293,90.1176
lightbox/images/img003845.jpg,lightbox,1,31551,1,34644,0.0300557,0.961781,0.270501,-0.0300557,94.4214
lightbox/images/img003846.jpg,lightbox,0,40120,1,05672,-0.289574,0.842397,-0.447523,-0.0789747,139.199
lightbox/images/img003848.jpg,lightbox,0,16661,0,04745,0.716438,-0.470162,-0.51494,-0.0223887,89.6272
lightbox/images/img003853.jpg,lightbox,2,30376,1,52171,0.40161,0.856767,-0.294514,0.13387,166.943
lightbox/images/img003867.jpg,lightbox,1,56422,1,47535,-0.023094,0.739008,-0.254034,0.623538,8.7357
lightbox/images/img003868.jpg,lightbox,0,41272,0,72621,0.72373,0.0678497,0.65588,0.203549,142.889
lightbox/images/img003870.jpg,lightbox,0,75242,1,70022,0.0304997,0.975991,0.213498,0.0304997,121.489
lightbox/images/img003889.jpg,lightbox,3,15612,3,15753,0.628221,-0.425569,-0.0607955,0.648486,22.753
lightbox/images/img003893.jpg,lightbox,0,77246,3,70762,0.232456,0.387427,0.33577,0.826512,66.2084
lightbox/images/img003897.jpg,lightbox,3,61641,3,65033,-0.236924,0.184274,0.447523,0.842397,16.4403
lightbox/images/img003900.jpg,lightbox,1,10223,3,45022,-0.322525,-0.537541,0.365528,0.688053,34.7084
lightbox/images/img003904.jpg,lightbox,3,00213,3,55643,0.36791,-0.406638,0.561547,0.619639,175.52
lightbox/images/img003907.jpg,lightbox,0,70626,0,71601,0.813589,0.483068,0.228822,0.228822,57.2779
lightbox/images/img003922.jpg,lightbox,1,65217,2,63565,-0.120736,0.507093,0.772712,0.362209,67.9648
lightbox/images/img003928.jpg,lightbox,1,75665,2,27367,-0.109344,0.67793,0.699798,-0.196818,127.511
lightbox/images/img003936.jpg,lightbox,3,10245,2,21076,-0.257915,0.164128,0.750298,-0.58617,51.4002
lightbox/images/img003944.jpg,lightbox,1,47671,3,16336,0.352124,-0.0270864,-0.352124,0.866766,118.92
lightbox/images/img003946.jpg,lightbox,0,10744,0,06771,0.877124,-0.465972,-0.0822304,-0.0822304,101.235
lightbox/images/img003963.jpg,lightbox,0,06027,1,30757,0.368271,0.785646,0.270066,-0.417374,160.567
lightbox/images/img003970.jpg,lightbox,2,43303,3,56020,0.0263982,-0.29038,0.448769,0.844742,120.577
lightbox/images/img003973.jpg,lightbox,0,53201,0,53200,0.866766,0.46047,-0.189605,0.0270864,5.34332
lightbox/images/img003976.jpg,lightbox,0,01252,0,03547,0.824315,-0.128799,-0.334878,-0.437917,29.632
lightbox/images/img003977.jpg,lightbox,1,35776,1,37072,0.45663,0.695817,0.500118,-0.239187,39.0946
lightbox/images/img003983.jpg,lightbox,3,35672,3,35700,0.592723,0.21338,-0.165963,0.758686,20.9516
lightbox/images/img003995.jpg,lightbox,0,63253,1,40333,-0.424602,0.799251,-0.424602,0.0249766,82.2074
lightbox/images/img003997.jpg,lightbox,0,47225,0,42376,0.844742,-0.501565,-0.0263982,0.184787,43.4101
lightbox/images/img003998.jpg,lightbox,1,70303,3,61021,-0.372342,0.143208,0.0286417,0.916533,174.073
lightbox/images/img004004.jpg,lightbox,1,14625,3,32056,0.110838,0.421184,-0.554189,0.709362,116.631
lightbox/images/img004031.jpg,lightbox,1,25203,0,41776,0.813589,-0.0762739,-0.432219,0.38137,105.755
lightbox/images/img004033.jpg,lightbox,1,42431,1,37070,0.466436,0.71076,0.466436,-0.244324,170.529
lightbox/images/img004042.jpg,lightbox,2,50534,1,47323,-0.136641,0.8745,-0.0273281,0.464578,121.989
lightbox/images/img004047.jpg,lightbox,0,22642,0,44646,0.549848,-0.532665,-0.360838,0.532665,148.551
lightbox/images/img004053.jpg,lightbox,3,34567,0,04764,0.73125,-0.525586,-0.434179,-0.0228515,162.856
lightbox/images/img004055.jpg,lightbox,3,30274,1,24076,-0.622212,0.737437,0.161314,-0.207404,167.378
lightbox/images/img004058.jpg,lightbox,0,27747,1,12373,0.337185,0.719328,-0.022479,-0.606933,160.661
lightbox/images/img004062.jpg,lightbox,2,72644,2,76200,0.0227097,0.567742,0.72671,0.386065,6.23807
lightbox/images/img004076.jpg,lightbox,3,00555,1,42034,-0.622212,0.737437,-0.253494,0.0691347,169.12
lightbox/images/img004081.jpg,lightbox,1,56663,1,42234,-0.641585,0.760398,-0.0712873,0.0712873,111.934
lightbox/images/img004088.jpg,lightbox,0,13437,0,13215,0.647423,0.465335,-0.141624,-0.586727,18.4228
lightbox/images/img004095.jpg,lightbox,2,71323,0,42774,0.795292,-0.472205,-0.0745586,0.372793,147.151
lightbox/images/img004096.jpg,lightbox,0,33522,3,33636,0.392198,0.578959,-0.392198,0.597635,170.134
lightbox/images/img004099.jpg,lightbox,1,37645,2,34143,0.308062,0.0840168,0.896179,-0.308062,93.0544
lightbox/images/img004100.jpg,lightbox,2,70762,2,70745,0.288775,0.23627,0.840072,0.393784,16.8935
lightbox/images/img004110.jpg,lightbox,3,64240,0,04727,0.758686,-0.497888,-0.403052,-0.118545,74.782
lightbox/images/img004112.jpg,lightbox,2,45732,0,42676,0.719328,-0.606933,-0.022479,0.337185,138.252
lightbox/images/img004121.jpg,lightbox,2,34520,2,34255,0.199189,0.2561,0.910577,-0.2561,16.2199
lightbox/images/img004127.jpg,lightbox,2,43375,1,63311,-0.0246108,0.787547,0.615271,0.0246108,113.361
lightbox/images/img004128.jpg,lightbox,3,74001,3,60056,-0.63446,0.0704956,0.16449,0.751953,91.297
lightbox/images/img004131.jpg,lightbox,1,47356,1,47307,-0.131991,0.844742,-0.131991,0.501565,14.2423
lightbox/images/img004139.jpg,lightbox,0,25574,1,34412,0.150278,0.961781,0.090167,-0.21039,170.249
lightbox/images/img004147.jpg,lightbox,3,63030,3,25666,-0.390567,0.390567,-0.0260378,0.833209,18.7485
lightbox/images/img004152.jpg,lightbox,1,42656,3,45234,-0.254578,-0.439725,0.439725,0.74059,175.629
lightbox/images/img004159.jpg,lightbox,2,25604,2,25670,-0.302422,0.357407,0.879772,-0.0824786,19.1929
lightbox/images/img004162.jpg,lightbox,3,34763,0,54746,0.639106,0.179749,-0.419413,0.619134,70.5789
lightbox/images/img004168.jpg,lightbox,3,06135,0,55260,0.695817,0.369653,-0.413141,0.45663,169.13
lightbox/images/img004172.jpg,lightbox,0,16764,0,16671,0.968808,0.211927,-0.0908257,-0.0908257,5.80988
lightbox/images/img004182.jpg,lightbox,3,25670,3,25726,-0.19245,0.412393,-0.137464,0.879772,17.2483
lightbox/images/img004185.jpg,lightbox,2,07073,2,07354,-0.0879694,-0.205262,0.93834,-0.263908,20.4218
lightbox/images/img004186.jpg,lightbox,1,07271,0,20766,0.703849,-0.505892,0.329929,-0.37392,112.923
lightbox/images/img004191.jpg,lightbox,0,71204,0,71211,0.791391,0.568812,0.222579,0.024731,19.9486
lightbox/images/img004192.jpg,lightbox,3,75634,3,70652,0.136641,0.300609,0.355266,0.8745,48.5158
lightbox/images/img004198.jpg,lightbox,1,43475,1,47075,-0.214834,0.763856,-0.262575,0.549021,21.8438
lightbox/images/img004210.jpg,lightbox,3,57311,0,65502,0.774521,-0.169426,0.0726113,0.605095,34.9398
lightbox/images/img004237.jpg,lightbox,3,25551,3,45700,-0.148333,-0.48738,0.529761,0.678094,103.445
lightbox/images/img004238.jpg,lightbox,3,52337,2,07570,-0.0879694,-0.322554,0.93834,-0.0879694,178.372
lightbox/images/img004243.jpg,lightbox,3,32204,0,12674,0.871899,0.136234,-0.0817405,-0.463196,159.63
lightbox/images/img004251.jpg,lightbox,3,06755,3,46113,-0.403961,-0.308911,0.403961,0.760398,55.8283
lightbox/images/img004260.jpg,lightbox,3,36606,0,77152,0.619639,0.561547,0.36791,0.406638,99.2665
lightbox/images/img004264.jpg,lightbox,1,51641,1,65131,-0.0273281,0.8745,0.136641,0.464578,97.2532
lightbox/images/img004265.jpg,lightbox,3,02552,3,52033,0.205971,-0.26482,0.0294245,0.941584,96.0762
lightbox/images/img004267.jpg,lightbox,0,70105,3,02737,-0.405798,-0.0238705,-0.50128,0.763856,142.905
lightbox/images/img004274.jpg,lightbox,3,65224,2,16636,0.152499,-0.0304997,0.975991,-0.152499,150.989
lightbox/images/img004277.jpg,lightbox,2,25123,2,27414,-0.287982,0.445063,0.837765,-0.130901,46.9571
lightbox/images/img004278.jpg,lightbox,3,61501,3,61171,-0.0304997,0.152499,0.152499,0.975991,25.0696
lightbox/images/img004281.jpg,lightbox,1,61272,1,61343,-0.144639,0.925691,0.318206,0.144639,23.7858
lightbox/images/img004282.jpg,lightbox,1,70753,1,70562,0.247436,0.879772,0.19245,0.357407,20.779
lightbox/images/img004288.jpg,lightbox,2,64065,0,41405,0.670902,-0.272554,-0.649937,0.230623,85.7116
lightbox/images/img004296.jpg,lightbox,1,62762,1,66420,-0.56123,0.579334,0.380188,0.452605,36.8771
lightbox/images/img004297.jpg,lightbox,0,01567,0,61444,0.833209,-0.390567,0.0260378,0.390567,121.499
lightbox/images/img004300.jpg,lightbox,0,65575,3,53772,0.642859,-0.0221676,0.288178,0.709362,21.9783
lightbox/images/img004306.jpg,lightbox,3,67017,2,42420,-0.662884,-0.235217,0.684267,0.19245,124.321
lightbox/images/img004308.jpg,lightbox,1,22445,1,42036,-0.628928,0.745396,-0.209643,0.0698809,83.2887
lightbox/images/img004316.jpg,lightbox,2,52135,1,43407,-0.337577,0.830959,-0.337577,0.285642,98.4519
lightbox/images/img004324.jpg,lightbox,1,14711,1,43314,-0.0908257,0.968808,-0.211927,0.0908257,73.4346
lightbox/images/img004327.jpg,lightbox,3,63444,0,64163,0.72373,-0.474948,0.158316,0.474948,176.351
lightbox/images/img004336.jpg,lightbox,1,70475,1,75024,0.412432,0.776342,0.121303,0.460953,30.1595
lightbox/images/img004337.jpg,lightbox,0,21436,1,65300,-0.184274,0.842397,0.236924,0.447523,111.122
lightbox/images/img004362.jpg,lightbox,2,21553,1,37240,0.374646,0.705215,0.55095,-0.242418,97.2107
lightbox/images/img004399.jpg,lightbox,1,66124,0,60431,0.763856,-0.596762,0.119352,0.214834,103.735
lightbox/images/img004402.jpg,lightbox,2,52331,1,47141,-0.120736,0.772712,-0.362209,0.507093,130.519
lightbox/images/img004412.jpg,lightbox,1,65657,0,63212,0.739008,-0.254034,0.623538,0.023094,162.953
lightbox/images/img004417.jpg,lightbox,0,25656,2,25162,-0.198547,0.198547,0.907642,-0.312002,175.19
lightbox/images/img004419.jpg,lightbox,3,51517,0,03446,0.774521,-0.363057,-0.314649,-0.411464,139.847
lightbox/images/img004421.jpg,lightbox,1,25275,3,30063,0.0704956,0.16449,-0.63446,0.751953,145.942
lightbox/images/img004436.jpg,lightbox,2,36125,1,52162,0.258625,0.919555,-0.258625,0.143681,147.19
lightbox/images/img004437.jpg,lightbox,0,30361,0,30540,0.835478,0.234978,0.0261087,-0.496065,35.2424
lightbox/images/img004451.jpg,lightbox,3,24762,3,60710,-0.483068,0.228822,0.228822,0.813589,35.3868
lightbox/images/img004458.jpg,lightbox,3,07147,2,34523,0.312002,0.198547,0.907642,-0.198547,114.903
lightbox/images/img004464.jpg,lightbox,2,14340,2,47502,-0.162004,-0.300865,0.74059,0.578586,115.469
lightbox/images/img004472.jpg,lightbox,1,24033,3,45552,-0.0575753,-0.556561,0.556561,0.614137,120.785
lightbox/images/img004477.jpg,lightbox,1,07567,3,52635,0.20182,-0.0864945,0.317146,0.922608,156.953
lightbox/images/img004478.jpg,lightbox,0,57206,0,56071,0.791391,0.173117,-0.272041,0.51935,32.104
lightbox/images/img004483.jpg,lightbox,2,25434,2,04774,-0.454577,-0.454577,0.765603,-0.0239251,75.2198
lightbox/images/img004487.jpg,lightbox,0,56533,0,54172,0.673274,0.273518,-0.525995,0.441836,43.4198
lightbox/images/img004488.jpg,lightbox,2,07001,2,07041,-0.331378,-0.38236,0.8157,-0.280397,11.0983
lightbox/images/img004494.jpg,lightbox,3,47341,2,47162,-0.175274,-0.225352,0.801253,0.525822,47.4333
lightbox/images/img004508.jpg,lightbox,0,14157,3,13737,0.629255,-0.0202986,-0.42627,0.649554,110.871
lightbox/images/img004510.jpg,lightbox,0,27171,3,36000,0.0254906,0.433341,-0.38236,0.8157,131.78
lightbox/images/img004511.jpg,lightbox,2,53425,2,52125,0.308062,-0.308062,0.896179,0.0840168,31.8645
lightbox/images/img004520.jpg,lightbox,1,50251,2,36721,0.243843,0.642859,0.709362,-0.155173,165.88
lightbox/images/img004526.jpg,lightbox,3,75012,2,21516,-0.0779024,0.0779024,0.830959,-0.545317,166.723
lightbox/images/img004534.jpg,lightbox,1,50606,1,70215,0.205262,0.93834,0.263908,0.0879694,99.3046
lightbox/images/img004540.jpg,lightbox,0,37456,3,32736,0.255196,0.608545,-0.41224,0.628176,145.82
lightbox/images/img004561.jpg,lightbox,3,52010,3,45256,-0.239187,-0.45663,0.500118,0.695817,74.4528
lightbox/images/img004572.jpg,lightbox,2,16743,3,72064,0.0256917,0.539527,0.179842,0.822136,176.988
lightbox/images/img004578.jpg,lightbox,0,60663,2,07502,-0.194821,-0.36181,0.890609,-0.194821,142.435
lightbox/images/img004579.jpg,lightbox,0,03263,0,61555,0.904735,-0.028273,0.028273,0.424094,130.101
lightbox/images/img004580.jpg,lightbox,3,33335,1,46431,-0.510843,0.653879,-0.224771,0.510843,130.299
lightbox/images/img004581.jpg,lightbox,1,61127,1,61116,-0.092538,0.987072,0.092538,0.092538,14.7979
lightbox/images/img004607.jpg,lightbox,1,05430,2,03044,-0.327405,-0.327405,0.698464,-0.545675,118.426
lightbox/images/img004613.jpg,lightbox,3,43526,3,43521,-0.141365,-0.311003,0.254457,0.904735,14.1014
lightbox/images/img004617.jpg,lightbox,0,35056,0,35531,0.705215,0.683177,0.11019,-0.154266,23.2133
lightbox/images/img004626.jpg,lightbox,3,36062,3,36563,0.268133,0.560642,-0.0731272,0.780024,37.5151
lightbox/images/img004627.jpg,lightbox,0,11163,1,31466,0.418384,0.787547,0.172276,-0.418384,82.9079
lightbox/images/img004633.jpg,lightbox,0,63473,0,53006,0.828726,0.440261,-0.33667,0.0776931,136.635
lightbox/images/img004636.jpg,lightbox,3,74647,3,76053,0.161658,0.438786,0.484974,0.739008,33.4834
lightbox/images/img004654.jpg,lightbox,1,73106,2,35100,0.57735,0.023094,0.739008,-0.34641,102.527
lightbox/images/img004657.jpg,lightbox,3,52233,3,45256,-0.239187,-0.45663,0.500118,0.695817,97.4065
lightbox/images/img004660.jpg,lightbox,2,14345,2,14150,0.272554,-0.649937,0.670902,-0.230623,17.3429
lightbox/images/img004664.jpg,lightbox,1,60740,1,60434,-0.619586,0.734324,0.114738,0.252424,12.2851
lightbox/images/img004672.jpg,lightbox,0,42637,3,54037,0.154266,-0.55095,0.418722,0.705215,102.38
lightbox/images/img004688.jpg,lightbox,3,40714,3,44277,-0.503333,-0.342266,0.463066,0.644266,31.7962
lightbox/images/img004698.jpg,lightbox,2,35540,3,53577,0.647663,-0.188031,0.313385,0.668555,105.676
lightbox/images/img004704.jpg,lightbox,0,03202,2,32552,0.29707,0.434179,0.73125,-0.434179,147.111
lightbox/images/img004710.jpg,lightbox,2,57307,0,24443,0.737437,-0.668302,0.0691347,-0.0691347,116.941
lightbox/images/img004713.jpg,lightbox,2,51211,2,70455,0.19422,0.0277457,0.887862,0.416185,87.1454
lightbox/images/img004719.jpg,lightbox,2,30463,1,35621,0.474555,0.799251,0.324696,-0.174836,113.777
lightbox/images/img004727.jpg,lightbox,3,25210,1,25525,-0.150824,0.965275,0.150824,-0.150824,168.524
lightbox/images/img004737.jpg,lightbox,3,13552,2,52310,0.368729,-0.198547,0.907642,0.0283638,173.725
lightbox/images/img004740.jpg,lightbox,0,31216,0,56211,0.851896,0.186352,-0.186352,0.45257,143.034
lightbox/images/img004743.jpg,lightbox,3,56272,3,52765,0.296217,-0.0807866,0.403933,0.861723,27.4929
lightbox/images/img004749.jpg,lightbox,3,27132,3,23545,-0.123958,0.421459,-0.421459,0.793334,15.0705
lightbox/images/img004752.jpg,lightbox,1,54625,1,56562,0.199901,0.71076,-0.199901,0.644126,30.7156
lightbox/images/img004773.jpg,lightbox,1,60316,3,03235,-0.203549,-0.0678497,-0.65588,0.72373,169.63
lightbox/images/img004774.jpg,lightbox,0,36070,3,20752,-0.439725,0.254578,-0.439725,0.74059,81.9768
lightbox/images/img004777.jpg,lightbox,1,06313,1,07666,-0.424094,0.904735,-0.028273,-0.028273,40.8166
lightbox/images/img004778.jpg,lightbox,0,47306,2,47111,-0.0254906,-0.38236,0.8157,0.433341,162.88
lightbox/images/img004781.jpg,lightbox,3,63265,1,60611,-0.587463,0.751953,0.211487,0.211487,67.6836
lightbox/images/img004785.jpg,lightbox,1,51306,3,51633,0.524491,-0.387667,0.205236,0.729727,173.899
lightbox/images/img004799.jpg,lightbox,0,26574,3,50123,0.261387,-0.594061,0.0237624,0.760398,125.122
lightbox/images/img004802.jpg,lightbox,1,15464,0,42236,0.762121,-0.643039,-0.0238163,0.0714488,160.347
lightbox/images/img004804.jpg,lightbox,1,55573,2,53717,0.671537,-0.108312,0.6932,0.238287,164.626
lightbox/images/img004812.jpg,lightbox,0,32566,3,21576,-0.0810219,0.189051,-0.459124,0.864234,105.596
lightbox/images/img004818.jpg,lightbox,3,34663,3,24665,-0.642859,0.288178,-0.0221676,0.709362,88.2226
lightbox/images/img004822.jpg,lightbox,0,60531,0,60513,0.854321,-0.453858,0.0800926,0.240278,6.11692
lightbox/images/img004829.jpg,lightbox,3,46061,3,40542,-0.454311,-0.572827,0.256785,0.632085,46.1212
lightbox/images/img004831.jpg,lightbox,2,70723,2,70341,0.311003,0.254457,0.904735,0.141365,19.0357
lightbox/images/img004840.jpg,lightbox,3,53027,0,76101,0.770916,0.265003,0.409549,0.409549,93.6466
lightbox/images/img004841.jpg,lightbox,3,24376,3,25724,-0.196657,0.36522,-0.140469,0.899004,32.5714
lightbox/images/img004845.jpg,lightbox,1,06674,3,47506,-0.157672,-0.29282,0.608164,0.720787,160.484
lightbox/images/img004848.jpg,lightbox,1,71127,1,05372,-0.0789747,0.842397,-0.447523,-0.289574,121.482
lightbox/images/img004866.jpg,lightbox,3,16756,3,52702,0.258625,-0.143681,0.258625,0.919555,35.4091
lightbox/images/img004870.jpg,lightbox,0,65721,0,65255,0.772712,-0.217325,0.217325,0.555387,15.259
lightbox/images/img004872.jpg,lightbox,2,13460,2,15676,0.50128,-0.405798,0.763856,-0.0238705,52.4668
lightbox/images/img004875.jpg,lightbox,2,40466,3,53223,0.510171,-0.0268511,0.0268511,0.859235,177.82
lightbox/images/img004878.jpg,lightbox,2,32503,1,35556,0.669726,0.739008,0.069282,-0.023094,113.503
lightbox/images/img004883.jpg,lightbox,3,34164,1,07701,-0.147635,0.944862,-0.206689,-0.206689,175.188
lightbox/images/img004895.jpg,lightbox,3,67113,1,60551,-0.441447,0.830959,0.0259675,0.337577,94.905
lightbox/images/img004905.jpg,lightbox,2,40703,2,44725,-0.415455,-0.375888,0.633074,0.534156,39.602
lightbox/images/img004921.jpg,lightbox,0,71626,0,70747,0.828726,0.284875,0.284875,0.388465,22.185
lightbox/images/img004927.jpg,lightbox,0,74305,0,74021,0.871899,0.0817405,0.136234,0.463196,23.9057
lightbox/images/img004928.jpg,lightbox,3,17605,1,30017,0.159628,0.729727,0.0684119,-0.661315,103.561
lightbox/images/img004933.jpg,lightbox,1,15362,1,60442,-0.666551,0.688053,0.0645049,0.279521,178.822
lightbox/images/img004937.jpg,lightbox,1,63033,1,63101,-0.136641,0.8745,0.464578,0.0273281,18.5507
lightbox/images/img004940.jpg,lightbox,3,41014,1,27323,-0.105762,0.676879,0.655727,-0.317287,105.661
lightbox/images/img004950.jpg,lightbox,2,64346,1,41611,-0.217325,0.772712,-0.555387,0.217325,178.182
lightbox/images/img004967.jpg,lightbox,0,11666,0,16215,0.890609,0.194821,-0.194821,-0.36181,35.1768
lightbox/images/img004971.jpg,lightbox,0,75133,1,70200,0.0300557,0.961781,0.270501,0.0300557,92.2542
lightbox/images/img004973.jpg,lightbox,3,61613,0,05757,0.835478,-0.0261087,-0.548282,-0.0261087,137.572
lightbox/images/img004974.jpg,lightbox,2,21162,2,02706,-0.51187,-0.111276,0.712167,-0.46736,53.9762
lightbox/images/img004979.jpg,lightbox,2,71546,3,46702,-0.490028,-0.106528,0.532639,0.681778,141.263
lightbox/images/img004980.jpg,lightbox,2,24105,0,11755,0.604419,0.585531,-0.434426,-0.321098,117.226
lightbox/images/img004990.jpg,lightbox,1,16547,1,52120,0.256933,0.91354,-0.314029,0.0285481,11.2997
lightbox/images/img004993.jpg,lightbox,2,61501,2,43747,-0.138728,-0.138728,0.887862,0.416185,25.8185
lightbox/images/img004999.jpg,lightbox,1,02461,3,52577,0.380387,-0.228232,0.380387,0.811493,77.2372
lightbox/images/img005001.jpg,lightbox,3,52354,3,43350,-0.090167,-0.21039,0.150278,0.961781,55.2888
lightbox/images/img005008.jpg,lightbox,3,27766,1,47654,-0.236957,0.689329,-0.150791,0.667787,20.5583
lightbox/images/img005015.jpg,lightbox,3,03620,0,02534,0.725215,-0.430597,-0.249293,-0.475923,122.808
lightbox/images/img005016.jpg,lightbox,1,21611,1,21740,-0.179842,0.822136,0.231226,-0.488143,8.81839
lightbox/images/img005023.jpg,lightbox,3,52270,0,07316,0.91354,-0.0856444,-0.142741,-0.371126,150.891
lightbox/images/img005026.jpg,lightbox,2,50673,1,06516,-0.478148,0.805302,-0.327154,-0.125828,84.9914
lightbox/images/img005038.jpg,lightbox,0,06611,0,06762,0.809414,-0.581766,-0.0252942,-0.0758825,20.9917
lightbox/images/img005058.jpg,lightbox,3,63725,2,21261,-0.284293,0.284293,0.699798,-0.590455,174.621
lightbox/images/img005059.jpg,lightbox,2,25761,3,16271,0.20182,-0.0864945,-0.317146,0.922608,131.137
lightbox/images/img005084.jpg,lightbox,2,52477,0,31044,0.72671,0.386065,0.0227097,-0.567742,161.53
lightbox/images/img005085.jpg,lightbox,1,34277,1,36601,0.0726113,0.774521,0.605095,-0.169426,29.0634
lightbox/images/img005088.jpg,lightbox,3,25106,3,16634,0.151934,-0.0911606,-0.151934,0.972379,51.114
lightbox/images/img005105.jpg,lightbox,1,50134,1,36212,0.11172,0.715006,0.603286,-0.335159,161.346
lightbox/images/img005106.jpg,lightbox,0,55326,3,03524,-0.173117,-0.272041,-0.51935,0.791391,151.785
lightbox/images/img005114.jpg,lightbox,3,05311,1,42313,-0.464578,0.8745,-0.136641,0.0273281,132.651
lightbox/images/img005124.jpg,lightbox,3,16776,3,43313,-0.030846,-0.15423,0.030846,0.987072,49.2614
lightbox/images/img005125.jpg,lightbox,0,67510,0,67173,0.716438,-0.0223887,0.51494,0.470162,16.4955
lightbox/images/img005137.jpg,lightbox,2,13405,0,47227,0.811493,-0.329669,-0.0253592,0.481824,155.823
lightbox/images/img005147.jpg,lightbox,3,63724,3,63257,-0.207404,0.622212,0.161314,0.737437,9.6971
lightbox/images/img005151.jpg,lightbox,3,36162,3,52576,0.33577,-0.232456,0.387427,0.826512,123.84
lightbox/images/img005156.jpg,lightbox,1,16626,2,27550,-0.0822304,0.465972,0.877124,-0.0822304,123.834
lightbox/images/img005163.jpg,lightbox,1,74067,1,71042,0.463196,0.871899,0.0817405,0.136234,71.3419
lightbox/images/img005164.jpg,lightbox,3,61243,0,13314,0.609662,0.552506,-0.133364,-0.552506,114.03
lightbox/images/img005166.jpg,lightbox,0,16510,0,16413,0.890609,0.194821,-0.36181,-0.194821,20.3275
lightbox/images/img005174.jpg,lightbox,2,13360,0,37771,0.600999,0.582217,0.544655,-0.0563436,97.2067
lightbox/images/img005183.jpg,lightbox,2,47147,0,42773,0.830959,-0.441447,-0.0259675,0.337577,155.274
lightbox/images/img005186.jpg,lightbox,2,44376,2,44350,-0.391524,-0.47395,0.659408,0.432737,14.6363
lightbox/images/img005192.jpg,lightbox,1,71270,3,43272,-0.321451,-0.0292228,0.146114,0.935129,178.186
lightbox/images/img005196.jpg,lightbox,3,34051,1,16424,0.0292228,0.935129,-0.321451,-0.146114,179.318
lightbox/images/img005198.jpg,lightbox,0,65166,0,65250,0.783758,-0.269417,0.220432,0.514341,16.6829
lightbox/images/img005202.jpg,lightbox,2,30760,1,35422,0.45257,0.851896,0.186352,-0.186352,102.711
lightbox/images/img005213.jpg,lightbox,2,37202,2,36017,0.174836,0.474555,0.799251,-0.324696,28.022
lightbox/images/img005220.jpg,lightbox,0,42525,2,43374,-0.0908257,-0.0908257,0.968808,0.211927,156.297
lightbox/images/img005221.jpg,lightbox,1,41606,3,44752,-0.36791,-0.406638,0.561547,0.619639,145.687
lightbox/images/img005232.jpg,lightbox,0,25011,0,67250,0.680543,-0.233937,0.531674,0.446606,124.592
lightbox/images/img005233.jpg,lightbox,3,16057,3,14741,0.268133,-0.560642,-0.0731272,0.780024,34.8622
lightbox/images/img005239.jpg,lightbox,3,43172,3,43754,-0.0829819,-0.193624,0.41491,0.88514,32.7198
lightbox/images/img005244.jpg,lightbox,0,37466,1,75045,0.434179,0.73125,0.0228515,0.525586,104.646
lightbox/images/img005253.jpg,lightbox,1,63731,1,63311,-0.0246108,0.787547,0.615271,0.0246108,22.5659
lightbox/images/img005270.jpg,lightbox,0,63002,3,77622,0.315737,0.575755,0.464318,0.594328,146.631
lightbox/images/img005271.jpg,lightbox,1,43215,3,67106,-0.165221,0.448458,0.448458,0.755297,128.72
lightbox/images/img005273.jpg,lightbox,0,07014,0,61544,0.887862,-0.19422,0.0277457,0.416185,100.732
lightbox/images/img005274.jpg,lightbox,1,03113,1,03512,-0.0721062,0.769133,-0.31246,-0.552814,16.375
lightbox/images/img005281.jpg,lightbox,0,35456,3,27714,-0.0731272,0.609394,-0.121879,0.780024,153.256
lightbox/images/img005289.jpg,lightbox,2,25730,0,25352,0.896179,-0.0840168,0.308062,-0.308062,153.437
lightbox/images/img005290.jpg,lightbox,1,43264,2,51270,0.488108,-0.441622,0.743784,0.116216,104.799
lightbox/images/img005305.jpg,lightbox,0,03430,3,03776,-0.0824786,-0.0274929,-0.467379,0.879772,131.052
lightbox/images/img005311.jpg,lightbox,0,53330,0,14676,0.8745,0.136641,-0.464578,-0.0273281,79.0195
lightbox/images/img005314.jpg,lightbox,1,34225,1,65147,-0.125511,0.80327,0.0753066,0.57735,117.152
lightbox/images/img005315.jpg,lightbox,3,64053,3,44616,-0.499401,-0.388423,0.499401,0.591883,51.9721
lightbox/images/img005320.jpg,lightbox,3,16106,3,16515,0.387427,-0.387427,-0.129142,0.826512,30.1055
lightbox/images/img005327.jpg,lightbox,0,31770,0,30745,0.822136,0.282609,0.231226,-0.43676,39.9465
lightbox/images/img005335.jpg,lightbox,3,70042,0,07630,0.922608,-0.317146,-0.0864945,-0.20182,151.967
lightbox/images/img005337.jpg,lightbox,1,14631,2,43122,-0.205971,-0.26482,0.941584,0.0294245,86.1438
lightbox/images/img005341.jpg,lightbox,0,34542,1,61113,-0.0310835,0.994672,0.0932505,0.0310835,149.991
lightbox/images/img005345.jpg,lightbox,2,14277,2,52340,0.262111,-0.203864,0.931951,0.145617,53.4308
lightbox/images/img005367.jpg,lightbox,2,07752,2,43113,-0.0289278,-0.376062,0.925691,0.0289278,29.0986
lightbox/images/img005376.jpg,lightbox,1,27545,1,25527,-0.149204,0.954905,0.208885,-0.149204,33.1466
lightbox/images/img005389.jpg,lightbox,0,76056,0,76460,0.666233,0.0208198,0.437215,0.603774,14.3098
lightbox/images/img005394.jpg,lightbox,1,60571,2,01555,-0.0209657,-0.649937,0.670902,-0.356417,115.199
lightbox/images/img005396.jpg,lightbox,0,54340,0,56211,0.851896,0.186352,-0.186352,0.45257,38.9227
lightbox/images/img005401.jpg,lightbox,0,52313,0,53202,0.8745,0.464578,-0.136641,0.0273281,3.34205
lightbox/images/img005404.jpg,lightbox,2,57750,2,24655,-0.600885,0.216319,0.769133,-0.0240354,168.35
lightbox/images/img005410.jpg,lightbox,0,63315,0,27242,0.698464,-0.327405,0.589329,-0.240097,53.612
lightbox/images/img005428.jpg,lightbox,0,20335,1,14661,0.0800926,0.854321,-0.507253,-0.0800926,140.672
lightbox/images/img005430.jpg,lightbox,2,26574,2,26760,-0.469192,0.59159,0.652789,-0.061199,17.3767
lightbox/images/img005431.jpg,lightbox,1,76217,1,43757,-0.0280056,0.896179,-0.140028,0.420084,91.483
lightbox/images/img005444.jpg,lightbox,2,25564,2,27450,-0.289574,0.447523,0.842397,-0.0789747,39.0735
lightbox/images/img005451.jpg,lightbox,0,03360,3,45224,-0.337869,-0.427967,0.427967,0.720787,95.3329
lightbox/images/img005481.jpg,lightbox,2,15223,2,71360,0.582341,0.302817,0.745396,0.116468,99.7056
lightbox/images/img005482.jpg,lightbox,0,11021,3,15650,0.469222,-0.51391,-0.0670318,0.715006,147.713
lightbox/images/img005484.jpg,lightbox,2,22755,2,22164,-0.449428,0.410347,0.625291,-0.488509,22.4116
lightbox/images/img005492.jpg,lightbox,0,00533,3,47726,-0.164854,-0.0235506,0.635866,0.753619,79.5312
lightbox/images/img005495.jpg,lightbox,1,53253,1,62174,-0.438786,0.739008,0.484974,0.161658,147.381
lightbox/images/img005498.jpg,lightbox,2,50267,3,35022,0.426737,0.175715,-0.376533,0.80327,155.813
lightbox/images/img005517.jpg,lightbox,2,63750,1,40164,-0.476383,0.662794,-0.559233,0.144986,175.673
lightbox/images/img005519.jpg,lightbox,2,13013,1,25656,-0.309033,0.899004,0.309033,-0.0280939,163.555
lightbox/images/img005525.jpg,lightbox,0,10703,0,42225,0.737437,-0.668302,-0.0691347,0.0691347,140.614
lightbox/images/img005530.jpg,lightbox,3,42215,3,42722,-0.568812,-0.024731,0.222579,0.791391,26.3804
lightbox/images/img005538.jpg,lightbox,0,72364,0,42677,0.739008,-0.57735,-0.023094,0.34641,126.884
lightbox/images/img005563.jpg,lightbox,2,35257,2,13650,0.484974,-0.161658,0.739008,-0.438786,56.246
lightbox/images/img005566.jpg,lightbox,2,16210,3,53040,0.430001,-0.379413,0.126471,0.809414,169.801
lightbox/images/img005570.jpg,lightbox,3,03040,3,61644,-0.380387,0.228232,0.380387,0.811493,135.671
lightbox/images/img005572.jpg,lightbox,2,45707,2,47020,-0.368271,-0.270066,0.785646,0.417374,42.0108
lightbox/images/img005576.jpg,lightbox,0,43231,2,65630,-0.249807,0.295226,0.72671,0.567742,135.802
lightbox/images/img005577.jpg,lightbox,0,53714,1,73646,0.357045,0.672085,0.567072,0.31504,97.6963
lightbox/images/img005578.jpg,lightbox,1,65425,2,61270,-0.300609,0.355266,0.8745,0.136641,116.127
lightbox/images/img005586.jpg,lightbox,1,40326,2,50620,0.0261087,-0.496065,0.835478,0.234978,90.5172
lightbox/images/img005599.jpg,lightbox,3,03777,0,07771,0.99085,-0.0309641,-0.0928922,-0.0928922,175.435
lightbox/images/img005603.jpg,lightbox,0,56230,1,63311,-0.0246108,0.787547,0.615271,0.0246108,176.716
lightbox/images/img005609.jpg,lightbox,2,72140,2,34740,0.260351,0.260351,0.925691,-0.0867835,34.6559
lightbox/images/img005620.jpg,lightbox,2,55237,1,25116,-0.0862083,0.919555,0.0862083,-0.373569,123.857
lightbox/images/img005627.jpg,lightbox,1,46333,0,63230,0.717879,-0.246771,0.650578,0.0224337,118.782
lightbox/images/img005646.jpg,lightbox,3,74207,3,70664,0.0265466,0.345106,0.398199,0.849491,12.6316
lightbox/images/img005651.jpg,lightbox,0,61270,3,61505,-0.146114,0.0292228,0.321451,0.935129,166.443
lightbox/images/img005655.jpg,lightbox,0,24570,3,73103,0.587095,0.413141,0.0217443,0.695817,152.755
lightbox/images/img005662.jpg,lightbox,0,70725,2,41220,-0.373718,-0.473376,0.797264,0.0249145,162.431
lightbox/images/img005667.jpg,lightbox,2,75360,0,34645,0.958324,0.0898429,0.269529,-0.0299476,89.9825
lightbox/images/img005668.jpg,lightbox,2,50727,2,52421,0.0853666,-0.313011,0.910577,0.2561,30.4844
lightbox/images/img005675.jpg,lightbox,0,76123,0,72222,0.717879,0.0224337,0.695445,0.0224337,53.668
lightbox/images/img005677.jpg,lightbox,1,30472,0,13426,0.74702,0.396854,-0.210099,-0.490232,100.677
lightbox/images/img005682.jpg,lightbox,1,07460,2,55642,0.333718,-0.41224,0.628176,0.569284,87.7563
lightbox/images/img005692.jpg,lightbox,3,65213,1,57021,0.448458,0.755297,-0.259633,0.401252,142.155
lightbox/images/img005699.jpg,lightbox,1,06445,0,24661,0.707972,-0.641599,0.287613,-0.0663723,15.6963
lightbox/images/img005705.jpg,lightbox,3,06713,3,16045,0.0819844,-0.409922,-0.245953,0.8745,70.1121
lightbox/images/img005709.jpg,lightbox,3,33402,2,43114,-0.0842816,-0.421408,0.899004,0.0842816,107.927
lightbox/images/img005736.jpg,lightbox,0,05325,1,43334,-0.092538,0.987072,-0.092538,0.092538,159.006
lightbox/images/img005737.jpg,lightbox,3,25146,0,73117,0.659408,0.638802,0.391524,0.0618195,167.665
lightbox/images/img005747.jpg,lightbox,0,76027,0,67255,0.673274,-0.189358,0.525995,0.483916,29.2036
lightbox/images/img005754.jpg,lightbox,0,07441,0,43070,0.890609,-0.306147,-0.306147,0.139158,25.4245
lightbox/images/img005776.jpg,lightbox,0,52764,3,53223,0.510171,-0.0268511,0.0268511,0.859235,77.0476
lightbox/images/img005777.jpg,lightbox,2,76453,0,70171,0.887862,0.416185,0.138728,0.138728,123.464
lightbox/images/img005779.jpg,lightbox,2,40714,2,45610,-0.229416,-0.479687,0.667391,0.521399,42.093
lightbox/images/img005781.jpg,lightbox,3,30324,2,06064,-0.662884,-0.235217,0.684267,-0.19245,82.5848
lightbox/images/img005796.jpg,lightbox,0,07576,1,71167,0.627568,0.743784,0.162703,0.162703,122.328
lightbox/images/img005800.jpg,lightbox,0,42377,0,02565,0.739008,-0.484974,-0.254034,-0.392598,75.9347
lightbox/images/img005801.jpg,lightbox,0,43603,0,43700,0.922608,-0.20182,-0.20182,0.259483,20.4217
lightbox/images/img005811.jpg,lightbox,1,70505,1,43771,-0.0288315,0.922608,-0.0864945,0.374809,41.132
lightbox/images/img005817.jpg,lightbox,2,40203,2,01663,-0.302817,-0.395992,0.745396,-0.442579,67.0913
lightbox/images/img005819.jpg,lightbox,2,52225,2,43317,-0.0307293,-0.153646,0.983336,0.0921878,13.9828
lightbox/images/img005825.jpg,lightbox,0,35625,0,57273,0.716438,0.51494,-0.0223887,0.470162,80.5894
lightbox/images/img005840.jpg,lightbox,0,43475,3,47660,-0.327405,-0.065481,0.632983,0.698464,159.85
lightbox/images/img005853.jpg,lightbox,3,65125,0,65221,0.787547,-0.319941,0.319941,0.418384,135.494
lightbox/images/img005859.jpg,lightbox,2,65356,0,53433,0.772712,0.555387,-0.217325,0.217325,176.016
lightbox/images/img005861.jpg,lightbox,3,16607,3,16607,0.0911606,-0.151934,-0.151934,0.972379,3.60519
lightbox/images/img005863.jpg,lightbox,2,31545,1,37544,0.567742,0.72671,0.386065,-0.0227097,102.098
lightbox/images/img005867.jpg,lightbox,1,55201,3,52531,0.393784,-0.288775,0.23627,0.840072,162.118
lightbox/images/img005885.jpg,lightbox,1,03636,2,26161,-0.466436,0.466436,0.71076,-0.244324,105.97
lightbox/images/img005890.jpg,lightbox,3,73401,3,46036,-0.576297,-0.192099,0.405542,0.683019,148.953
lightbox/images/img005898.jpg,lightbox,0,71765,3,44737,-0.35211,-0.35211,0.559233,0.662794,173.98
lightbox/images/img005900.jpg,lightbox,0,46010,0,56706,0.742182,0.208739,-0.115966,0.626216,101.2
lightbox/images/img005906.jpg,lightbox,0,70317,0,71211,0.791391,0.568812,0.222579,0.024731,24.5658
lightbox/images/img005913.jpg,lightbox,1,55377,0,35012,0.776342,0.509475,0.0727821,-0.36391,106.97
lightbox/images/img005918.jpg,lightbox,2,42461,1,65624,-0.323724,0.690612,0.280561,0.582704,133.514
lightbox/images/img005930.jpg,lightbox,1,12366,1,12537,0.356436,0.760398,-0.213862,-0.499011,31.5591
lightbox/images/img005936.jpg,lightbox,0,25032,1,16667,0.0932505,0.994672,-0.0310835,-0.0310835,155.778
lightbox/images/img005940.jpg,lightbox,1,43640,2,12727,0.276124,-0.0251022,0.80327,-0.527146,124.027
lightbox/images/img005946.jpg,lightbox,0,25037,0,56221,0.877124,0.0822304,-0.0822304,0.465972,110.024
lightbox/images/img005957.jpg,lightbox,0,70152,3,71117,0.692662,0.0670318,0.0670318,0.715006,84.0666
lightbox/images/img005961.jpg,lightbox,3,33620,2,50251,0.173542,-0.570209,0.793334,0.123958,114.374
lightbox/images/img005977.jpg,lightbox,3,70164,0,65730,0.748653,-0.0701862,0.30414,0.584885,73.073
lightbox/images/img005999.jpg,lightbox,3,45133,3,36146,0.228822,0.483068,-0.228822,0.813589,153.968
lightbox/images/img006002.jpg,lightbox,3,41421,3,41025,-0.295837,-0.61443,0.06827,0.728214,14.4317
lightbox/images/img006007.jpg,lightbox,2,25446,3,60017,-0.612311,0.0734773,0.0734773,0.783758,143.385
lightbox/images/img006016.jpg,lightbox,0,26210,0,23175,0.699798,-0.0218687,0.459243,-0.546718,66.8608
lightbox/images/img006048.jpg,lightbox,3,63201,0,27073,0.763856,-0.214834,0.549021,-0.262575,115.107
lightbox/images/img006054.jpg,lightbox,0,21657,0,25030,0.856767,-0.294514,0.13387,-0.40161,21.8959
lightbox/images/img006055.jpg,lightbox,3,72445,0,32051,0.699798,0.153081,0.371768,-0.590455,151.237
lightbox/images/img006058.jpg,lightbox,3,34375,3,32423,0.0656061,0.50298,-0.50298,0.699798,53.6647
lightbox/images/img006061.jpg,lightbox,0,16726,1,36077,0.17063,0.780024,0.560642,-0.219382,137.58
lightbox/images/img006062.jpg,lightbox,0,50327,3,50305,0.268133,-0.560642,0.0731272,0.780024,169.963
lightbox/images/img006067.jpg,lightbox,0,72125,0,72112,0.811493,0.329669,0.481824,0.0253592,7.95102
lightbox/images/img006068.jpg,lightbox,0,64310,0,60751,0.809414,-0.430001,0.227648,0.328824,11.6319
lightbox/images/img006074.jpg,lightbox,2,27102,2,25501,-0.150824,0.0301648,0.965275,-0.211154,57.9929
lightbox/images/img006075.jpg,lightbox,1,37024,1,17477,0.568812,0.791391,-0.222579,-0.024731,92.1519
lightbox/images/img006082.jpg,lightbox,3,56203,3,56222,0.0275764,-0.0275764,0.468798,0.882444,17.4278
lightbox/images/img006087.jpg,lightbox,0,64107,2,05523,-0.120456,-0.602279,0.770916,-0.168638,158.978
lightbox/images/img006091.jpg,lightbox,2,52556,1,43442,-0.376533,0.80327,-0.326328,0.326328,118.929
lightbox/images/img006106.jpg,lightbox,0,07464,0,07530,0.922608,-0.0864945,-0.317146,-0.20182,41.4692
lightbox/images/img006116.jpg,lightbox,3,21030,3,36001,0.0762739,0.432219,-0.38137,0.813589,65.7247
lightbox/images/img006125.jpg,lightbox,3,54302,1,74210,0.132733,0.849491,0.238919,0.451292,176.387
lightbox/images/img006144.jpg,lightbox,1,32406,0,46115,0.734324,-0.390109,-0.344214,0.436005,100.928
lightbox/images/img006149.jpg,lightbox,3,43223,1,53112,0.642859,0.709362,-0.288178,0.0221676,149.165
lightbox/images/img006150.jpg,lightbox,2,25226,2,24551,-0.467379,0.0274929,0.879772,-0.0824786,51.83
lightbox/images/img006156.jpg,lightbox,2,56733,2,34653,0.20182,0.317146,0.922608,-0.0864945,93.4584
lightbox/images/img006158.jpg,lightbox,3,51405,0,42771,0.828726,-0.440261,-0.0776931,0.33667,74.2369
lightbox/images/img006159.jpg,lightbox,2,21702,2,24301,-0.499011,0.213862,0.760398,-0.356436,44.5188
lightbox/images/img006160.jpg,lightbox,2,43002,2,43205,-0.367549,-0.197911,0.904735,0.0848189,21.1845
lightbox/images/img006161.jpg,lightbox,0,41412,0,41423,0.734324,-0.298319,-0.57369,0.206529,11.991
lightbox/images/img006168.jpg,lightbox,0,45531,0,45347,0.712167,-0.111276,-0.46736,0.51187,14.6885
lightbox/images/img006169.jpg,lightbox,2,22136,1,46124,-0.509854,0.709362,-0.243843,0.421184,167.582
lightbox/images/img006188.jpg,lightbox,3,43315,3,43356,-0.090167,-0.150278,0.21039,0.961781,16.6495
lightbox/images/img006189.jpg,lightbox,2,32432,1,51235,0.524491,0.729727,-0.433275,0.0684119,169.132
lightbox/images/img006203.jpg,lightbox,3,41551,0,55125,0.600152,0.506379,-0.506379,0.35634,151.389
lightbox/images/img006207.jpg,lightbox,1,36642,1,63311,-0.0246108,0.787547,0.615271,0.0246108,11.7629
lightbox/images/img006215.jpg,lightbox,3,65312,3,65752,-0.067166,0.246276,0.649272,0.716438,28.0064
lightbox/images/img006217.jpg,lightbox,2,02314,1,01651,-0.201498,0.716438,-0.51494,-0.425385,166.96
lightbox/images/img006221.jpg,lightbox,0,55766,0,52420,0.91354,0.0285481,-0.314029,0.256933,72.6638
lightbox/images/img006222.jpg,lightbox,1,07135,1,07121,-0.13387,0.856767,-0.294514,-0.40161,15.4482
lightbox/images/img006224.jpg,lightbox,3,07577,0,12457,0.817829,0.1789,-0.332243,-0.434472,125.552
lightbox/images/img006226.jpg,lightbox,0,34051,1,41172,-0.0731272,0.780024,-0.609394,0.121879,177.161
lightbox/images/img006228.jpg,lightbox,1,07136,1,07611,-0.259483,0.922608,-0.20182,-0.20182,30.5751
lightbox/images/img006234.jpg,lightbox,3,53056,3,60023,-0.662695,0.159961,0.0228515,0.73125,159.384
lightbox/images/img006237.jpg,lightbox,3,25060,3,24073,-0.58617,0.164128,-0.257915,0.750298,23.7966
lightbox/images/img006255.jpg,lightbox,1,75530,1,75345,0.555433,0.658291,0.185144,0.473147,9.31357
lightbox/images/img006262.jpg,lightbox,2,41464,3,64100,-0.535754,0.0232936,0.395992,0.745396,93.9906
lightbox/images/img006286.jpg,lightbox,2,24773,2,26570,-0.443543,0.490232,0.74702,-0.0700331,15.5396
lightbox/images/img006289.jpg,lightbox,2,27536,0,47733,0.787547,-0.0246108,-0.0246108,0.615271,159.668
lightbox/images/img006293.jpg,lightbox,3,35551,2,45210,-0.248275,-0.51912,0.722254,0.383697,173.263
lightbox/images/img006297.jpg,lightbox,2,05554,1,34461,0.0918415,0.979643,0.153069,-0.0918415,109.876
lightbox/images/img006315.jpg,lightbox,2,67701,1,67130,-0.0714488,0.762121,0.500142,0.404877,34.4302
lightbox/images/img006329.jpg,lightbox,1,70553,1,73601,0.415505,0.699798,0.546718,0.196818,62.3416
lightbox/images/img006333.jpg,lightbox,1,03237,0,24155,0.856767,-0.455158,0.026774,-0.240966,140.767
lightbox/images/img006350.jpg,lightbox,2,03467,2,04366,-0.524491,-0.387667,0.729727,-0.205236,41.1705
lightbox/images/img006354.jpg,lightbox,1,65343,1,14663,0.0822304,0.877124,-0.465972,-0.0822304,118.056
lightbox/images/img006360.jpg,lightbox,2,54556,2,54602,0.0218687,-0.459243,0.699798,0.546718,27.9624
lightbox/images/img006364.jpg,lightbox,2,60171,3,16744,0.26482,-0.205971,-0.0294245,0.941584,172.264
lightbox/images/img006366.jpg,lightbox,0,63105,2,27503,-0.130901,0.497423,0.837765,-0.183261,157.441
lightbox/images/img006397.jpg,lightbox,0,17600,3,12465,0.0789747,-0.289574,-0.447523,0.842397,162.434
lightbox/images/img006414.jpg,lightbox,2,16131,2,71061,0.501565,0.131991,0.844742,0.131991,77.3757
lightbox/images/img006417.jpg,lightbox,1,14534,1,14506,0.202721,0.720787,-0.653213,-0.112623,12.6841
lightbox/images/img006425.jpg,lightbox,2,60127,1,03374,-0.0734773,0.783758,-0.0734773,-0.612311,171.647
lightbox/images/img006448.jpg,lightbox,1,25546,0,34431,0.944862,0.206689,0.147635,-0.206689,176.874
lightbox/images/img006454.jpg,lightbox,0,20050,0,60627,0.680543,-0.616742,0.319005,0.233937,100.638
lightbox/images/img006455.jpg,lightbox,3,52606,3,52563,0.294514,-0.240966,0.348062,0.856767,30.6113
lightbox/images/img006456.jpg,lightbox,2,33566,2,53743,0.6119,-0.113315,0.725215,0.294619,105.453
lightbox/images/img006463.jpg,lightbox,1,25211,1,21441,-0.329669,0.811493,0.0253592,-0.481824,28.9103
lightbox/images/img006482.jpg,lightbox,2,45013,3,60065,-0.658581,0.113548,0.158968,0.72671,130.084
lightbox/images/img006484.jpg,lightbox,3,57147,3,53741,0.608164,-0.157672,0.29282,0.720787,24.1013
lightbox/images/img006485.jpg,lightbox,2,42456,1,36006,0.0253592,0.811493,0.481824,-0.329669,177.133
lightbox/images/img006508.jpg,lightbox,3,16721,1,60442,-0.666551,0.688053,0.0645049,0.279521,179.967
lightbox/images/img006509.jpg,lightbox,2,45020,3,24273,-0.559717,0.33583,-0.246276,0.716438,172.608
lightbox/images/img006515.jpg,lightbox,1,75246,3,75107,0.585988,0.0651098,0.412362,0.694504,85.822
lightbox/images/img006519.jpg,lightbox,0,60546,3,54421,0.0614038,-0.552634,0.511698,0.654974,104.349
lightbox/images/img006525.jpg,lightbox,2,70503,2,70116,0.373569,0.0862083,0.919555,0.0862083,21.8055
lightbox/images/img006527.jpg,lightbox,0,16265,0,76447,0.659408,0.0618195,0.391524,0.638802,130.13
lightbox/images/img006528.jpg,lightbox,2,66150,2,56461,0.067166,-0.246276,0.716438,0.649272,96.0763
lightbox/images/img006532.jpg,lightbox,0,41476,0,41634,0.793334,-0.272709,-0.471042,0.272709,16.7081
lightbox/images/img006548.jpg,lightbox,0,61535,2,43134,-0.0879694,-0.322554,0.93834,0.0879694,168.805
lightbox/images/img006567.jpg,lightbox,3,37002,3,36520,0.225352,0.525822,-0.175274,0.801253,32.0598
lightbox/images/img006569.jpg,lightbox,1,50035,1,52033,0.205971,0.941584,-0.26482,0.0294245,47.7183
lightbox/images/img006597.jpg,lightbox,2,51765,1,65541,-0.114981,0.735875,0.0229961,0.666887,165.376
lightbox/images/img006601.jpg,lightbox,3,73060,1,21641,-0.321503,0.791391,0.222579,-0.469888,171.91
lightbox/images/img006607.jpg,lightbox,0,55277,0,01671,0.748653,-0.210559,-0.444513,-0.444513,139.676
lightbox/images/img006610.jpg,lightbox,1,11136,2,60626,-0.642082,0.310685,0.662794,0.227836,114.075
lightbox/images/img006614.jpg,lightbox,0,37060,0,30764,0.809414,0.227648,0.328824,-0.430001,35.4202
lightbox/images/img006615.jpg,lightbox,1,13663,1,16426,0.0297351,0.951522,-0.267615,-0.148675,71.4792
lightbox/images/img006616.jpg,lightbox,3,16056,3,16045,0.0819844,-0.409922,-0.245953,0.8745,12.002
lightbox/images/img006632.jpg,lightbox,0,61641,3,61564,-0.19245,0.137464,0.412393,0.879772,157.291
lightbox/images/img006634.jpg,lightbox,0,74116,1,74145,0.268773,0.781884,0.0244339,0.561979,84.0498
lightbox/images/img006647.jpg,lightbox,0,07506,0,34036,0.899004,0.140469,0.196657,-0.36522,81.3797
lightbox/images/img006664.jpg,lightbox,3,75242,0,20416,0.681778,-0.57525,0.0639167,-0.447417,160.313
lightbox/images/img006665.jpg,lightbox,1,53424,1,52512,0.342224,0.842397,-0.342224,0.236924,10.9013
lightbox/images/img006668.jpg,lightbox,2,00427,0,42273,0.781884,-0.610847,-0.0244339,0.122169,155.699
lightbox/images/img006671.jpg,lightbox,2,04137,3,45702,-0.151354,-0.454061,0.540548,0.691902,124.208
lightbox/images/img006673.jpg,lightbox,3,41654,0,54122,0.712167,0.200297,-0.55638,0.378339,156.999
lightbox/images/img006674.jpg,lightbox,3,02342,0,57077,0.688053,0.494538,-0.193515,0.494538,175.083
lightbox/images/img006679.jpg,lightbox,2,05736,2,05616,-0.27406,-0.523205,0.797264,-0.124573,22.4547
lightbox/images/img006684.jpg,lightbox,3,21440,3,03705,-0.127453,-0.178434,-0.535303,0.8157,39.8783
lightbox/images/img006686.jpg,lightbox,2,12324,2,07374,-0.0895223,-0.0895223,0.954905,-0.268567,62.8583
lightbox/images/img006696.jpg,lightbox,3,20355,3,21313,-0.0217855,0.239641,-0.675351,0.697136,42.8941
lightbox/images/img006704.jpg,lightbox,0,56063,3,47476,-0.235217,-0.19245,0.662884,0.684267,178.264
lightbox/images/img006709.jpg,lightbox,0,35276,0,60346,0.770916,-0.554096,0.265003,0.168638,138.318
lightbox/images/img006711.jpg,lightbox,3,16212,3,16764,0.269529,-0.0898429,-0.0299476,0.958324,47.8916
lightbox/images/img006727.jpg,lightbox,0,24444,1,65311,-0.026774,0.856767,0.240966,0.455158,104.563
lightbox/images/img006733.jpg,lightbox,0,60106,2,30402,0.0252942,0.0758825,0.809414,-0.581766,179.969
lightbox/images/img006736.jpg,lightbox,2,50214,2,60205,-0.65588,0.203549,0.72373,0.0678497,135.912
sunlamp/images/img000005.jpg,sunlamp,3,57537,3,55606,0.341162,-0.421435,0.541845,0.642187,40.9707
sunlamp/images/img000022.jpg,sunlamp,3,70166,3,65100,-0.189605,0.0270864,0.46047,0.866766,61.3309
sunlamp/images/img000030.jpg,sunlamp,0,42170,0,76166,0.688053,0.193515,0.494538,0.494538,135.392
sunlamp/images/img000031.jpg,sunlamp,2,70435,2,70075,0.206689,0.147635,0.944862,0.206689,12.7273
sunlamp/images/img000033.jpg,sunlamp,3,07240,3,07230,-0.296217,-0.0807866,-0.403933,0.861723,21.475
sunlamp/images/img000034.jpg,sunlamp,1,07625,0,52445,0.830959,0.0779024,-0.389512,0.389512,147.788
sunlamp/images/img000039.jpg,sunlamp,3,24006,1,55677,0.434426,0.604419,-0.321098,0.585531,152.683
sunlamp/images/img000040.jpg,sunlamp,1,25003,1,20763,-0.463699,0.706589,0.331214,-0.419537,38.6513
sunlamp/images/img000043.jpg,sunlamp,0,61033,1,32732,0.250976,0.617788,0.598482,-0.444035,156.17
sunlamp/images/img000045.jpg,sunlamp,1,04567,2,53124,0.592723,-0.260798,0.758686,0.0711268,58.1876
sunlamp/images/img000052.jpg,sunlamp,3,33145,0,35435,0.799251,0.574462,0.124883,-0.124883,123.528
sunlamp/images/img000054.jpg,sunlamp,0,47712,3,30056,0.121879,0.0731272,-0.609394,0.780024,101.008
sunlamp/images/img000060.jpg,sunlamp,3,17034,2,52655,0.190728,-0.190728,0.871899,0.408703,158.541
sunlamp/images/img000062.jpg,sunlamp,2,45643,1,20374,-0.407029,0.685522,0.278493,-0.535564,143.241
sunlamp/images/img000066.jpg,sunlamp,3,52624,3,45111,-0.0209657,-0.649937,0.356417,0.670902,73.9049
sunlamp/images/img000072.jpg,sunlamp,3,27451,1,45734,-0.0651098,0.694504,-0.412362,0.585988,61.1833
sunlamp/images/img000074.jpg,sunlamp,2,74303,0,70472,0.899004,0.140469,0.196657,0.36522,106.291
sunlamp/images/img000076.jpg,sunlamp,3,42321,3,33236,0.367405,0.542359,-0.507368,0.559855,155.521
sunlamp/images/img000078.jpg,sunlamp,0,00352,1,77174,0.544655,0.600999,0.394405,0.431968,146.567
sunlamp/images/img000079.jpg,sunlamp,2,14634,2,24655,-0.600885,0.216319,0.769133,-0.0240354,127.234
sunlamp/images/img000081.jpg,sunlamp,3,25337,1,34022,0.0277457,0.887862,0.19422,-0.416185,173.907
sunlamp/images/img000084.jpg,sunlamp,1,02172,3,03776,-0.0824786,-0.0274929,-0.467379,0.879772,132.479
sunlamp/images/img000089.jpg,sunlamp,2,64141,1,54013,0.149139,0.681778,-0.617861,0.362194,138.446
sunlamp/images/img000096.jpg,sunlamp,2,06756,1,14424,0.0237089,0.758686,-0.640141,-0.118545,99.1362
sunlamp/images/img000097.jpg,sunlamp,2,27217,2,25502,-0.208145,0.0892052,0.951522,-0.208145,64.7873
sunlamp/images/img000098.jpg,sunlamp,1,75426,2,33224,0.310635,0.529907,0.584725,-0.529907,148.232
sunlamp/images/img000099.jpg,sunlamp,0,07524,2,07237,-0.25205,-0.0280056,0.896179,-0.364073,128.229
sunlamp/images/img000104.jpg,sunlamp,1,41426,2,73244,0.381373,0.560843,0.717879,0.157036,169.689
sunlamp/images/img000105.jpg,sunlamp,2,12165,1,26160,-0.500118,0.695817,0.45663,-0.239187,163.994
sunlamp/images/img000106.jpg,sunlamp,1,52145,1,52165,0.30334,0.882444,-0.30334,0.193035,12.1387
sunlamp/images/img000107.jpg,sunlamp,3,62600,3,60202,-0.675351,0.239641,0.0217855,0.697136,34.3396
sunlamp/images/img000114.jpg,sunlamp,0,61327,1,14715,0.353259,0.753619,-0.541664,-0.117753,174.668
sunlamp/images/img000116.jpg,sunlamp,1,76262,2,53714,0.642859,-0.155173,0.709362,0.243843,125.891
sunlamp/images/img000117.jpg,sunlamp,2,04005,2,04650,-0.564094,-0.480524,0.668555,-0.0626771,23.5763
sunlamp/images/img000118.jpg,sunlamp,2,06313,3,01657,-0.210099,-0.490232,-0.396854,0.74702,123.097
sunlamp/images/img000122.jpg,sunlamp,0,60141,0,60116,0.854321,-0.507253,0.0800926,0.0800926,9.87379
sunlamp/images/img000124.jpg,sunlamp,0,75536,2,04342,-0.500118,-0.45663,0.695817,-0.239187,108.262
sunlamp/images/img000126.jpg,sunlamp,1,71357,0,24453,0.783758,-0.612311,0.0734773,-0.0734773,169.166
sunlamp/images/img000128.jpg,sunlamp,0,24133,3,71023,0.501565,0.184787,0.0263982,0.844742,178.841
sunlamp/images/img000136.jpg,sunlamp,0,57735,0,02666,0.670902,-0.649937,-0.0209657,-0.356417,162.051
sunlamp/images/img000140.jpg,sunlamp,3,34422,3,36405,0.0817405,0.463196,-0.136234,0.871899,35.0059
sunlamp/images/img000141.jpg,sunlamp,2,43142,3,47432,-0.255676,-0.209189,0.581081,0.743784,82.2192
sunlamp/images/img000142.jpg,sunlamp,3,12602,2,03710,-0.0747435,-0.174402,0.797264,-0.573034,49.1569
sunlamp/images/img000144.jpg,sunlamp,2,61522,2,54136,0.278493,-0.535564,0.685522,0.407029,110.8
sunlamp/images/img000148.jpg,sunlamp,1,06760,1,02433,-0.525995,0.673274,-0.189358,-0.483916,53.1838
sunlamp/images/img000149.jpg,sunlamp,2,41024,2,24244,-0.66903,0.194235,0.690612,-0.194235,110.215
sunlamp/images/img000158.jpg,sunlamp,0,73646,0,44262,0.614137,-0.594945,-0.32626,0.403027,165.07
sunlamp/images/img000160.jpg,sunlamp,1,34156,1,34171,0.40161,0.856767,0.13387,-0.294514,7.30353
sunlamp/images/img000161.jpg,sunlamp,0,35247,3,31662,0.390109,0.344214,-0.436005,0.734324,156.959
sunlamp/images/img000165.jpg,sunlamp,2,72034,1,30216,0.111497,0.713582,0.245294,-0.646684,110.369
sunlamp/images/img000167.jpg,sunlamp,3,46627,0,71447,0.795292,0.472205,0.0745586,0.372793,159.97
sunlamp/images/img000176.jpg,sunlamp,2,63702,0,52211,0.954905,0.208885,-0.208885,0.0298408,158.971
sunlamp/images/img000177.jpg,sunlamp,2,12767,3,01634,-0.249293,-0.430597,-0.475923,0.725215,73.927
sunlamp/images/img000178.jpg,sunlamp,3,27130,0,22244,0.562617,-0.545035,0.439545,-0.439545,70.0925
sunlamp/images/img000179.jpg,sunlamp,2,16555,2,15740,0.534584,-0.491817,0.684267,-0.06415,27.5992
sunlamp/images/img000181.jpg,sunlamp,3,70612,3,70605,0.0853666,0.2561,0.313011,0.910577,8.92632
sunlamp/images/img000182.jpg,sunlamp,0,31077,0,53166,0.758686,0.592723,-0.21338,0.165963,93.4555
sunlamp/images/img000196.jpg,sunlamp,1,51424,1,52313,0.420084,0.896179,-0.140028,0.0280056,61.3962
sunlamp/images/img000197.jpg,sunlamp,1,72175,2,34376,0.33577,0.387427,0.826512,-0.232456,74.3003
sunlamp/images/img000198.jpg,sunlamp,1,44761,1,12227,0.069282,0.739008,-0.023094,-0.669726,173.269
sunlamp/images/img000200.jpg,sunlamp,2,37371,0,30610,0.785646,0.122757,0.220963,-0.564683,80.6451
sunlamp/images/img000203.jpg,sunlamp,2,07530,2,07530,-0.0864945,-0.317146,0.922608,-0.20182,3.4077
sunlamp/images/img000206.jpg,sunlamp,1,73000,1,35422,0.45257,0.851896,0.186352,-0.186352,37.268
sunlamp/images/img000207.jpg,sunlamp,0,22321,0,54146,0.643224,0.180907,-0.582922,0.462317,150.546
sunlamp/images/img000208.jpg,sunlamp,2,52734,1,64115,-0.415376,0.781884,0.0244339,0.464244,171.901
sunlamp/images/img000213.jpg,sunlamp,1,47225,2,56100,0.223676,-0.372793,0.795292,0.422499,150.699
sunlamp/images/img000214.jpg,sunlamp,1,07340,2,52621,0.0895223,-0.0895223,0.954905,0.268567,134.149
sunlamp/images/img000219.jpg,sunlamp,2,35602,2,34761,0.302422,0.357407,0.879772,-0.0824786,23.1632
sunlamp/images/img000220.jpg,sunlamp,2,34150,1,70613,0.196039,0.896179,0.308062,0.25205,147.849
sunlamp/images/img000227.jpg,sunlamp,3,34161,0,52426,0.91354,0.0285481,-0.256933,0.314029,98.3953
sunlamp/images/img000228.jpg,sunlamp,2,52241,1,30614,0.126148,0.80735,0.227067,-0.529823,174.695
sunlamp/images/img000233.jpg,sunlamp,0,52642,0,03573,0.835478,-0.0261087,-0.234978,-0.496065,105.824
sunlamp/images/img000235.jpg,sunlamp,3,61555,1,60710,-0.483068,0.813589,0.228822,0.228822,140.648
sunlamp/images/img000237.jpg,sunlamp,1,10644,3,25740,-0.205262,0.263908,-0.0879694,0.93834,165.489
sunlamp/images/img000239.jpg,sunlamp,0,65451,0,35444,0.882444,0.468798,0.0275764,-0.0275764,116.628
sunlamp/images/img000241.jpg,sunlamp,2,77475,1,24644,-0.681854,0.703849,0.197958,-0.0219953,168.43
sunlamp/images/img000247.jpg,sunlamp,3,35322,1,34524,0.26482,0.941584,0.147122,-0.147122,145.811
sunlamp/images/img000252.jpg,sunlamp,1,65333,1,65215,-0.228822,0.813589,0.228822,0.483068,27.6459
sunlamp/images/img000254.jpg,sunlamp,0,16462,2,50226,0.0274929,-0.467379,0.879772,0.0824786,155.537
sunlamp/images/img000255.jpg,sunlamp,1,03063,1,40116,-0.401897,0.676879,-0.613422,0.0634574,92.6306
sunlamp/images/img000256.jpg,sunlamp,0,25330,0,27471,0.811493,-0.228232,0.532542,-0.0760775,45.5701
sunlamp/images/img000257.jpg,sunlamp,3,34573,3,27604,-0.344214,0.57369,-0.114738,0.734324,99.8465
sunlamp/images/img000260.jpg,sunlamp,2,75042,1,41733,-0.026774,0.856767,-0.455158,0.240966,159.655
sunlamp/images/img000261.jpg,sunlamp,2,43225,2,43272,-0.321451,-0.0292228,0.935129,0.146114,14.188
sunlamp/images/img000262.jpg,sunlamp,0,23555,0,34545,0.944862,0.324796,0.0295269,-0.0295269,80.3587
sunlamp/images/img000267.jpg,sunlamp,1,60525,1,30474,0.135432,0.866766,0.135432,-0.46047,118.795
sunlamp/images/img000272.jpg,sunlamp,3,42237,0,63232,0.697136,-0.239641,0.675351,0.0217855,139.305
sunlamp/images/img000273.jpg,sunlamp,0,41672,2,16424,0.0292228,-0.321451,0.935129,-0.146114,143.151
sunlamp/images/img000274.jpg,sunlamp,3,25537,2,25552,-0.092538,0.092538,0.987072,-0.092538,153.918
sunlamp/images/img000277.jpg,sunlamp,3,31733,0,72443,0.809414,0.0758825,0.480589,0.328824,121.211
sunlamp/images/img000278.jpg,sunlamp,0,00151,2,07574,-0.0882735,-0.323669,0.941584,-0.0294245,123.195
sunlamp/images/img000280.jpg,sunlamp,2,24511,0,63200,0.739008,-0.34641,0.57735,0.023094,160.121
sunlamp/images/img000282.jpg,sunlamp,2,06747,1,14634,0.131991,0.844742,-0.501565,-0.131991,105.665
sunlamp/images/img000283.jpg,sunlamp,3,06533,1,54136,0.278493,0.685522,-0.535564,0.407029,160.463
sunlamp/images/img000291.jpg,sunlamp,2,40717,2,44611,-0.472203,-0.434426,0.604419,0.472203,31.6954
sunlamp/images/img000297.jpg,sunlamp,1,47453,2,16546,0.25205,-0.364073,0.896179,-0.0280056,107.355
sunlamp/images/img000298.jpg,sunlamp,0,36446,1,70003,0.0928922,0.99085,0.0928922,0.0309641,163.224
sunlamp/images/img000307.jpg,sunlamp,3,41354,3,75666,0.340068,0.30006,0.620124,0.640128,129.824
sunlamp/images/img000315.jpg,sunlamp,2,64362,0,52671,0.904735,0.197911,-0.0848189,0.367549,149.038
sunlamp/images/img000317.jpg,sunlamp,3,25212,3,17244,0.447523,-0.184274,-0.236924,0.842397,106.617
sunlamp/images/img000318.jpg,sunlamp,0,01272,1,31074,0.45663,0.695817,0.108721,-0.543607,128.916
sunlamp/images/img000319.jpg,sunlamp,1,61570,3,60036,-0.63446,0.16449,0.0704956,0.751953,120.573
sunlamp/images/img000320.jpg,sunlamp,2,35663,1,35673,0.544084,0.756986,0.354837,-0.0709674,69.4677
sunlamp/images/img000323.jpg,sunlamp,3,61463,1,71254,0.525822,0.801253,0.225352,0.175274,157.656
sunlamp/images/img000324.jpg,sunlamp,3,23450,1,25612,-0.30334,0.882444,0.30334,-0.193035,161.516
sunlamp/images/img000333.jpg,sunlamp,0,53032,0,51252,0.728214,0.47789,-0.47789,0.113783,33.3703
sunlamp/images/img000335.jpg,sunlamp,3,21542,1,60137,-0.459124,0.864234,0.189051,0.0810219,165.585
sunlamp/images/img000340.jpg,sunlamp,1,36140,2,30640,0.0261087,0.234978,0.835478,-0.496065,92.1425
sunlamp/images/img000341.jpg,sunlamp,3,32034,1,52422,0.0290252,0.928805,-0.261226,0.261226,86.9191
sunlamp/images/img000342.jpg,sunlamp,2,47114,2,54073,0.151354,-0.540548,0.691902,0.454061,33.999
sunlamp/images/img000343.jpg,sunlamp,3,14335,3,10527,0.233937,-0.531674,-0.446606,0.680543,24.205
sunlamp/images/img000345.jpg,sunlamp,1,57302,1,24030,-0.603286,0.715006,0.11172,-0.335159,175.27
sunlamp/images/img000346.jpg,sunlamp,2,73622,1,43774,-0.0842816,0.899004,-0.0842816,0.421408,109.844
sunlamp/images/img000348.jpg,sunlamp,3,16444,0,45164,0.662794,-0.144986,-0.559233,0.476383,116.782
sunlamp/images/img000349.jpg,sunlamp,2,46125,2,60442,-0.666551,0.0645049,0.688053,0.279521,48.9378
sunlamp/images/img000351.jpg,sunlamp,2,26100,2,26121,-0.454912,0.454912,0.6932,-0.324937,8.64688
sunlamp/images/img000352.jpg,sunlamp,1,16375,2,21147,-0.121879,0.0731272,0.780024,-0.609394,167.209
sunlamp/images/img000353.jpg,sunlamp,1,12645,1,24711,-0.447523,0.842397,0.236924,-0.184274,86.8284
sunlamp/images/img000356.jpg,sunlamp,2,50365,1,43334,-0.092538,0.987072,-0.092538,0.092538,114.27
sunlamp/images/img000358.jpg,sunlamp,0,31411,0,53176,0.716438,0.649272,-0.201498,0.156721,81.6105
sunlamp/images/img000359.jpg,sunlamp,0,51241,0,12346,0.763856,0.214834,-0.119352,-0.596762,99.4851
sunlamp/images/img000360.jpg,sunlamp,1,21701,2,40360,-0.522323,-0.431484,0.72671,0.113548,157.691
sunlamp/images/img000361.jpg,sunlamp,2,42162,2,42305,-0.538108,-0.179369,0.819974,0.0768726,9.02968
sunlamp/images/img000363.jpg,sunlamp,1,15663,3,05124,-0.157672,-0.608164,-0.29282,0.720787,122.078
sunlamp/images/img000364.jpg,sunlamp,0,53171,0,65634,0.707972,-0.243365,0.287613,0.597351,142.602
sunlamp/images/img000365.jpg,sunlamp,3,52512,2,07520,-0.198547,-0.312002,0.907642,-0.198547,173.117
sunlamp/images/img000375.jpg,sunlamp,1,75267,2,57102,0.544638,-0.283212,0.697136,0.370354,128.38
sunlamp/images/img000376.jpg,sunlamp,2,72074,0,21517,0.833209,-0.0260378,0.0781133,-0.546793,174.758
sunlamp/images/img000377.jpg,sunlamp,3,02046,2,47162,-0.175274,-0.225352,0.801253,0.525822,168.196
sunlamp/images/img000379.jpg,sunlamp,2,70103,2,72450,0.128799,0.437917,0.824315,0.334878,59.4634
sunlamp/images/img000380.jpg,sunlamp,2,27501,2,27544,-0.189605,0.46047,0.866766,-0.0270864,18.4501
sunlamp/images/img000382.jpg,sunlamp,1,14664,3,45234,-0.254578,-0.439725,0.439725,0.74059,104.801
sunlamp/images/img000383.jpg,sunlamp,3,70317,1,14772,0.33667,0.828726,-0.440261,-0.0776931,146.334
sunlamp/images/img000384.jpg,sunlamp,0,25071,0,43327,0.983336,-0.153646,-0.0307293,0.0921878,50.6037
sunlamp/images/img000386.jpg,sunlamp,0,06334,1,60151,-0.464578,0.8745,0.0273281,0.136641,63.8663
sunlamp/images/img000388.jpg,sunlamp,0,05336,0,30471,0.837765,0.183261,0.130901,-0.497423,78.0452
sunlamp/images/img000389.jpg,sunlamp,2,37126,3,47434,-0.246276,-0.246276,0.604494,0.716438,176.628
sunlamp/images/img000394.jpg,sunlamp,2,50461,1,24113,-0.432219,0.813589,0.0762739,-0.38137,108.841
sunlamp/images/img000395.jpg,sunlamp,0,13460,0,12656,0.866766,0.135432,-0.135432,-0.46047,34.1361
sunlamp/images/img000397.jpg,sunlamp,0,27566,3,15243,0.430597,-0.475923,-0.249293,0.725215,148.374
sunlamp/images/img000398.jpg,sunlamp,1,52163,3,61641,-0.342224,0.236924,0.342224,0.842397,160.665
sunlamp/images/img000399.jpg,sunlamp,3,34565,3,33146,0.487023,0.370138,-0.487023,0.62339,72.6388
sunlamp/images/img000401.jpg,sunlamp,2,27750,2,61111,-0.0312043,0.0312043,0.998538,0.0312043,74.0921
sunlamp/images/img000402.jpg,sunlamp,3,70507,3,61073,-0.262111,0.203864,0.145617,0.931951,73.6288
sunlamp/images/img000404.jpg,sunlamp,3,36472,2,42174,-0.481824,-0.278951,0.811493,0.177514,163.596
sunlamp/images/img000407.jpg,sunlamp,2,43754,0,30470,0.844742,0.131991,0.131991,-0.501565,158.563
sunlamp/images/img000409.jpg,sunlamp,1,74300,1,70524,0.254457,0.904735,0.141365,0.311003,17.3463
sunlamp/images/img000411.jpg,sunlamp,3,30140,0,07725,0.972379,-0.151934,-0.0911606,-0.151934,165.189
sunlamp/images/img000412.jpg,sunlamp,1,42715,1,42772,-0.481824,0.811493,-0.0253592,0.329669,18.2377
sunlamp/images/img000419.jpg,sunlamp,1,01260,3,70023,0.0911606,0.212708,0.0303869,0.972379,128.939
sunlamp/images/img000423.jpg,sunlamp,3,62353,1,35074,0.529823,0.80735,0.126148,-0.227067,163.747
sunlamp/images/img000425.jpg,sunlamp,1,72026,2,74216,0.127786,0.281129,0.817829,0.485586,82.3313
sunlamp/images/img000426.jpg,sunlamp,3,03756,1,70051,0.211154,0.965275,0.0301648,0.150824,174.649
sunlamp/images/img000429.jpg,sunlamp,3,63030,0,67523,0.681778,-0.106528,0.490028,0.532639,157.602
sunlamp/images/img000432.jpg,sunlamp,1,34161,1,34106,0.251263,0.893381,0.0837545,-0.362936,10.2897
sunlamp/images/img000436.jpg,sunlamp,1,21524,1,21374,-0.0701862,0.748653,0.30414,-0.584885,24.337
sunlamp/images/img000439.jpg,sunlamp,0,43526,0,03573,0.835478,-0.0261087,-0.234978,-0.496065,99.7848
sunlamp/images/img000440.jpg,sunlamp,0,15271,3,46525,-0.436459,-0.228622,0.561162,0.665081,70.5038
sunlamp/images/img000442.jpg,sunlamp,2,17106,3,27615,-0.214834,0.596762,-0.119352,0.763856,105.449
sunlamp/images/img000443.jpg,sunlamp,2,05772,2,43313,-0.030846,-0.15423,0.987072,0.030846,39.5692
sunlamp/images/img000449.jpg,sunlamp,0,46102,3,45716,-0.0639167,-0.447417,0.57525,0.681778,146.521
sunlamp/images/img000451.jpg,sunlamp,1,06633,2,43344,-0.204559,-0.204559,0.935129,0.204559,171.084
sunlamp/images/img000452.jpg,sunlamp,2,27735,2,07550,-0.0842816,-0.421408,0.899004,-0.0842816,134.195
sunlamp/images/img000458.jpg,sunlamp,0,06331,0,04635,0.709362,-0.554189,-0.421184,-0.110838,54.4087
sunlamp/images/img000461.jpg,sunlamp,3,73103,3,70032,0.150824,0.211154,0.0301648,0.965275,62.5191
sunlamp/images/img000464.jpg,sunlamp,0,52630,2,52563,0.294514,-0.240966,0.856767,0.348062,149.491
sunlamp/images/img000466.jpg,sunlamp,2,40331,2,24161,-0.523205,0.124573,0.797264,-0.27406,79.3943
sunlamp/images/img000478.jpg,sunlamp,0,25511,3,27374,-0.0678497,0.65588,-0.203549,0.72373,150.975
sunlamp/images/img000479.jpg,sunlamp,0,55374,1,55160,0.470861,0.602702,-0.50853,0.395523,25.6901
sunlamp/images/img000485.jpg,sunlamp,2,41206,2,20711,-0.387667,0.205236,0.729727,-0.524491,112.494
sunlamp/images/img000490.jpg,sunlamp,2,43756,2,47710,-0.0726113,-0.169426,0.774521,0.605095,24.5196
sunlamp/images/img000492.jpg,sunlamp,2,43603,0,42722,0.791391,-0.568812,-0.024731,0.222579,161.07
sunlamp/images/img000497.jpg,sunlamp,0,70460,0,25523,0.944862,-0.147635,0.206689,-0.206689,72.3737
sunlamp/images/img000499.jpg,sunlamp,0,63213,3,76004,0.0244339,0.415376,0.464244,0.781884,153.783
sunlamp/images/img000500.jpg,sunlamp,1,63533,2,61155,-0.0304997,0.0304997,0.975991,0.213498,102.794
sunlamp/images/img000514.jpg,sunlamp,1,42521,2,27113,-0.0249145,0.473376,0.797264,-0.373718,168.979
sunlamp/images/img000516.jpg,sunlamp,1,70354,1,70255,0.20182,0.922608,0.259483,0.20182,17.4506
sunlamp/images/img000517.jpg,sunlamp,3,56204,2,56410,0.114738,-0.344214,0.734324,0.57369,48.5733
sunlamp/images/img000518.jpg,sunlamp,3,46131,3,75004,0.415376,0.0244339,0.464244,0.781884,105.922
sunlamp/images/img000519.jpg,sunlamp,0,56431,0,16616,0.965275,0.150824,-0.150824,-0.150824,92.7115
sunlamp/images/img000522.jpg,sunlamp,2,17626,2,35054,0.533917,0.0254246,0.813589,-0.228822,15.8362
sunlamp/images/img000526.jpg,sunlamp,0,43566,0,41166,0.765603,-0.167476,-0.598127,0.167476,51.3883
sunlamp/images/img000532.jpg,sunlamp,3,35533,2,60641,-0.630584,0.195698,0.695817,0.282675,144.14
sunlamp/images/img000538.jpg,sunlamp,2,16523,2,16723,0.318206,-0.0289278,0.925691,-0.202495,27.1476
sunlamp/images/img000540.jpg,sunlamp,3,25104,3,61111,-0.0312043,0.0312043,0.0312043,0.998538,52.3943
sunlamp/images/img000541.jpg,sunlamp,1,42407,0,26705,0.695817,-0.45663,0.543607,-0.108721,45.1652
sunlamp/images/img000545.jpg,sunlamp,1,63443,3,60221,-0.642859,0.288178,0.0221676,0.709362,100.707
sunlamp/images/img000547.jpg,sunlamp,2,71605,0,24663,0.698464,-0.632983,0.327405,-0.065481,126.925
sunlamp/images/img000550.jpg,sunlamp,1,54127,0,53254,0.809414,0.531178,-0.177059,0.177059,85.4203
sunlamp/images/img000551.jpg,sunlamp,3,06260,1,27374,-0.0678497,0.72373,0.65588,-0.203549,144.825
sunlamp/images/img000553.jpg,sunlamp,3,07113,0,53160,0.755297,0.590076,-0.259633,0.118015,178.073
sunlamp/images/img000554.jpg,sunlamp,3,21655,1,25661,-0.351095,0.864234,0.351095,-0.0810219,168.746
sunlamp/images/img000557.jpg,sunlamp,3,70315,3,60527,-0.51935,0.173117,0.272041,0.791391,112.515
sunlamp/images/img000559.jpg,sunlamp,3,00713,3,37101,0.567072,0.357045,-0.31504,0.672085,151.711
sunlamp/images/img000561.jpg,sunlamp,2,55462,0,43333,0.998538,-0.0312043,-0.0312043,0.0312043,141.886
sunlamp/images/img000563.jpg,sunlamp,0,25114,0,10504,0.639106,0.179749,-0.619134,-0.419413,91.445
sunlamp/images/img000571.jpg,sunlamp,3,42127,0,36507,0.817829,0.281129,0.485586,-0.127786,110.276
sunlamp/images/img000573.jpg,sunlamp,3,43776,2,30700,0.217325,0.217325,0.772712,-0.555387,155.149
sunlamp/images/img000576.jpg,sunlamp,2,07731,2,36015,0.1789,0.434472,0.817829,-0.332243,70.39
sunlamp/images/img000579.jpg,sunlamp,3,41574,0,62123,0.716438,-0.470162,0.51494,0.0223887,129.812
sunlamp/images/img000581.jpg,sunlamp,2,43762,0,56121,0.811493,0.278951,-0.278951,0.431106,149.672
sunlamp/images/img000582.jpg,sunlamp,0,65127,3,40727,-0.484974,-0.392598,0.254034,0.739008,170.544
sunlamp/images/img000583.jpg,sunlamp,1,40356,2,53347,0.631676,-0.116977,0.748653,0.163768,90.9274
sunlamp/images/img000584.jpg,sunlamp,1,50002,1,14737,0.379413,0.809414,-0.430001,-0.126471,52.2331
sunlamp/images/img000586.jpg,sunlamp,1,15066,2,07212,-0.294514,-0.13387,0.856767,-0.40161,106.8
sunlamp/images/img000587.jpg,sunlamp,0,71770,1,71130,0.666887,0.735875,0.114981,0.0229961,38.1489
sunlamp/images/img000598.jpg,sunlamp,0,60464,3,52272,0.152499,-0.0304997,0.152499,0.975991,126.734
sunlamp/images/img000599.jpg,sunlamp,2,50251,1,60241,-0.653213,0.720787,0.202721,0.112623,139.683
sunlamp/images/img000601.jpg,sunlamp,2,25525,2,00343,-0.4091,-0.4091,0.62339,-0.525985,93.6056
sunlamp/images/img000602.jpg,sunlamp,2,64544,0,50722,0.833209,0.23434,-0.442642,0.23434,116.826
sunlamp/images/img000606.jpg,sunlamp,1,47355,1,71644,0.422499,0.795292,0.223676,0.372793,73.3338
sunlamp/images/img000608.jpg,sunlamp,2,04266,0,05476,0.760398,-0.261387,-0.594061,-0.0237624,75.6108
sunlamp/images/img000611.jpg,sunlamp,1,32346,2,07237,-0.25205,-0.0280056,0.896179,-0.364073,104.185
sunlamp/images/img000613.jpg,sunlamp,0,07420,2,30520,0.220963,0.122757,0.785646,-0.564683,175.817
sunlamp/images/img000616.jpg,sunlamp,0,47652,0,36567,0.781884,0.268773,0.561979,-0.0244339,130.688
sunlamp/images/img000620.jpg,sunlamp,1,13576,0,55124,0.61144,0.477688,-0.515903,0.363043,95.6153
sunlamp/images/img000633.jpg,sunlamp,0,21610,2,16621,0.0908257,-0.0908257,0.968808,-0.211927,131.428
sunlamp/images/img000647.jpg,sunlamp,2,34532,0,07616,0.925691,-0.318206,-0.144639,-0.144639,158.585
sunlamp/images/img000648.jpg,sunlamp,1,27056,1,16072,0.141365,0.904735,-0.254457,-0.311003,100.79
sunlamp/images/img000654.jpg,sunlamp,3,14753,3,74024,0.0266217,0.133109,0.505813,0.851896,111.313
sunlamp/images/img000662.jpg,sunlamp,1,36624,1,36546,0.234978,0.835478,0.496065,-0.0261087,35.5321
sunlamp/images/img000668.jpg,sunlamp,2,23772,1,27321,-0.108721,0.695817,0.630584,-0.326164,11.5237
sunlamp/images/img000682.jpg,sunlamp,2,70631,2,24557,-0.467379,0.0824786,0.879772,-0.0274929,88.0855
sunlamp/images/img000690.jpg,sunlamp,2,27164,2,27501,-0.134255,0.456468,0.859235,-0.187958,11.1454
sunlamp/images/img000691.jpg,sunlamp,3,30165,3,33236,0.367405,0.542359,-0.507368,0.559855,55.5219
sunlamp/images/img000692.jpg,sunlamp,2,15360,2,71223,0.473376,0.373718,0.797264,0.0249145,98.0991
sunlamp/images/img000694.jpg,sunlamp,0,16310,1,60044,-0.687194,0.709362,0.0221676,0.155173,134.07
sunlamp/images/img000695.jpg,sunlamp,1,25170,3,34241,0.0853666,0.2561,-0.313011,0.910577,169.847
sunlamp/images/img000696.jpg,sunlamp,0,41132,3,05473,-0.215821,-0.599501,-0.0719402,0.767362,172.898
sunlamp/images/img000699.jpg,sunlamp,0,33262,1,42424,-0.656904,0.678094,-0.233095,0.233095,130.974
sunlamp/images/img000700.jpg,sunlamp,3,17640,3,72073,0.173542,0.570209,0.123958,0.793334,100.126
sunlamp/images/img000701.jpg,sunlamp,3,72137,2,07521,-0.143208,-0.315058,0.916533,-0.200492,145.641
sunlamp/images/img000702.jpg,sunlamp,2,42367,2,42335,-0.465972,-0.0822304,0.877124,0.0822304,16.3463
sunlamp/images/img000708.jpg,sunlamp,1,32422,1,17220,0.432219,0.813589,-0.0762739,-0.38137,86.3857
sunlamp/images/img000709.jpg,sunlamp,3,25673,1,76332,0.263016,0.647423,0.627191,0.343944,124.854
sunlamp/images/img000711.jpg,sunlamp,2,32043,1,30552,0.328824,0.809414,0.0758825,-0.480589,93.4762
sunlamp/images/img000712.jpg,sunlamp,1,16344,2,16424,0.0292228,-0.321451,0.935129,-0.146114,129.46
sunlamp/images/img000715.jpg,sunlamp,3,52510,3,36563,0.268133,0.560642,-0.0731272,0.780024,121.502
sunlamp/images/img000716.jpg,sunlamp,3,25425,1,65310,-0.0800926,0.854321,0.240278,0.453858,117.697
sunlamp/images/img000719.jpg,sunlamp,3,61102,1,61314,-0.0895223,0.954905,0.268567,0.0895223,157.804
sunlamp/images/img000721.jpg,sunlamp,3,20453,3,24751,-0.453858,0.240278,-0.0800926,0.854321,47.6309
sunlamp/images/img000722.jpg,sunlamp,3,23101,2,07337,-0.0289278,-0.0289278,0.925691,-0.376062,60.5811
sunlamp/images/img000723.jpg,sunlamp,2,07525,2,07526,-0.203864,-0.262111,0.931951,-0.145617,11.2378
sunlamp/images/img000727.jpg,sunlamp,1,56221,0,15677,0.745396,0.535754,-0.395992,-0.0232936,114.087
sunlamp/images/img000731.jpg,sunlamp,0,50673,2,07376,-0.0898429,-0.0299476,0.958324,-0.269529,108.411
sunlamp/images/img000735.jpg,sunlamp,0,66060,3,67551,-0.0215415,0.366206,0.624704,0.689329,146.827
sunlamp/images/img000738.jpg,sunlamp,1,13171,1,66330,-0.378865,0.638089,0.578268,0.338985,164.904
sunlamp/images/img000741.jpg,sunlamp,3,24734,1,34624,0.0286417,0.916533,0.372342,-0.143208,162.964
sunlamp/images/img000742.jpg,sunlamp,2,13062,0,75002,0.797264,0.423547,0.0747435,0.423547,177.812
sunlamp/images/img000746.jpg,sunlamp,3,07753,0,52241,0.961781,0.090167,-0.21039,0.150278,167.881
sunlamp/images/img000749.jpg,sunlamp,2,73267,2,73202,0.37611,0.597351,0.707972,0.0221241,15.5692
sunlamp/images/img000756.jpg,sunlamp,3,04232,0,43337,0.994672,-0.0310835,-0.0310835,0.0932505,123.22
sunlamp/images/img000758.jpg,sunlamp,1,30447,3,70033,0.208885,0.208885,0.0298408,0.954905,151.974
sunlamp/images/img000761.jpg,sunlamp,2,57421,2,42423,-0.644126,-0.199901,0.71076,0.199901,136.584
sunlamp/images/img000762.jpg,sunlamp,2,30706,1,35434,0.539527,0.822136,0.128459,-0.128459,121.46
sunlamp/images/img000764.jpg,sunlamp,0,24713,3,74225,0.0758825,0.328824,0.480589,0.809414,172.279
sunlamp/images/img000771.jpg,sunlamp,2,72611,1,26674,-0.530023,0.628176,0.569284,-0.0196305,88.0373
sunlamp/images/img000772.jpg,sunlamp,1,52226,1,52227,0.0928922,0.99085,-0.0309641,0.0928922,7.66398
sunlamp/images/img000777.jpg,sunlamp,1,60246,3,52123,0.314029,-0.256933,0.0285481,0.91354,153.935
sunlamp/images/img000784.jpg,sunlamp,1,43572,1,47102,-0.1789,0.817829,-0.332243,0.434472,17.164
sunlamp/images/img000785.jpg,sunlamp,2,07751,1,47121,-0.130901,0.837765,-0.287982,0.445063,118.995
sunlamp/images/img000787.jpg,sunlamp,3,35617,3,07645,-0.368729,-0.198547,-0.0283638,0.907642,125.03
sunlamp/images/img000795.jpg,sunlamp,1,74357,2,62125,-0.479882,0.479882,0.73125,0.0685546,133.425
sunlamp/images/img000804.jpg,sunlamp,1,02054,2,36564,0.228822,0.533917,0.813589,-0.0254246,178.985
sunlamp/images/img000805.jpg,sunlamp,0,34716,0,35532,0.722254,0.654542,0.157993,-0.157993,40.6917
sunlamp/images/img000807.jpg,sunlamp,0,17154,0,16440,0.901856,0.028183,-0.422745,-0.084549,75.1318
sunlamp/images/img000808.jpg,sunlamp,1,25265,1,23473,-0.201498,0.716438,0.51494,-0.425385,36.4465
sunlamp/images/img000809.jpg,sunlamp,2,17135,1,12224,0.023094,0.739008,-0.069282,-0.669726,178.537
sunlamp/images/img000810.jpg,sunlamp,2,72360,2,43371,-0.0307293,-0.0921878,0.983336,0.153646,97.8848
sunlamp/images/img000812.jpg,sunlamp,3,14152,1,75611,0.483916,0.673274,0.189358,0.525995,175.623
sunlamp/images/img000822.jpg,sunlamp,2,07524,2,01777,-0.0249766,-0.424602,0.799251,-0.424602,45.9345
sunlamp/images/img000825.jpg,sunlamp,2,62443,2,47122,-0.184274,-0.236924,0.842397,0.447523,93.6593
sunlamp/images/img000829.jpg,sunlamp,3,71400,3,71204,0.453858,0.240278,0.0800926,0.854321,30.1231
sunlamp/images/img000830.jpg,sunlamp,1,63302,0,71060,0.866766,0.46047,0.135432,0.135432,148.1
sunlamp/images/img000831.jpg,sunlamp,2,50213,2,10677,0.172276,-0.418384,0.787547,-0.418384,52.4694
sunlamp/images/img000832.jpg,sunlamp,1,34425,1,16426,0.0297351,0.951522,-0.267615,-0.148675,47.9253
sunlamp/images/img000834.jpg,sunlamp,3,43552,0,53262,0.8745,0.464578,-0.0273281,0.136641,164.991
sunlamp/images/img000837.jpg,sunlamp,0,27553,1,30471,0.183261,0.837765,0.130901,-0.497423,150.834
sunlamp/images/img000843.jpg,sunlamp,2,54516,1,01776,-0.0747435,0.797264,-0.423547,-0.423547,43.3669
sunlamp/images/img000844.jpg,sunlamp,2,16563,1,12226,0.0231434,0.74059,-0.0231434,-0.67116,162.901
sunlamp/images/img000847.jpg,sunlamp,2,40037,2,20444,-0.649937,0.0209657,0.670902,-0.356417,82.8182
sunlamp/images/img000854.jpg,sunlamp,0,16627,1,34561,0.320358,0.931951,0.145617,-0.0873704,134.787
sunlamp/images/img000855.jpg,sunlamp,2,25023,2,21446,-0.38137,0.0762739,0.813589,-0.432219,13.0101
sunlamp/images/img000856.jpg,sunlamp,0,50151,1,30077,0.167476,0.765603,0.167476,-0.598127,161.262
sunlamp/images/img000857.jpg,sunlamp,3,60753,1,24720,-0.546536,0.760398,0.308911,-0.166337,133.182
sunlamp/images/img000858.jpg,sunlamp,2,12324,3,26046,-0.629255,0.385673,-0.182687,0.649554,89.001
sunlamp/images/img000860.jpg,sunlamp,0,32151,2,20574,-0.460953,0.121303,0.776342,-0.412432,151.265
sunlamp/images/img000864.jpg,sunlamp,1,43763,1,65134,-0.0796398,0.849491,0.132733,0.504385,27.4991
sunlamp/images/img000866.jpg,sunlamp,0,57220,1,26144,-0.524491,0.729727,0.387667,-0.205236,153.652
sunlamp/images/img000871.jpg,sunlamp,0,40727,0,16446,0.925691,0.0289278,-0.376062,-0.0289278,73.714
sunlamp/images/img000872.jpg,sunlamp,1,13034,1,37164,0.53655,0.686784,0.450702,-0.193158,93.9333
sunlamp/images/img000873.jpg,sunlamp,1,34433,1,54110,0.263016,0.647423,-0.627191,0.343944,127.58
sunlamp/images/img000874.jpg,sunlamp,1,10742,1,10347,0.233937,0.680543,-0.446606,-0.531674,11.9172
sunlamp/images/img000875.jpg,sunlamp,2,15167,0,26666,0.589468,-0.571047,0.571047,-0.0184209,22.0681
sunlamp/images/img000876.jpg,sunlamp,1,25672,1,07171,-0.0280939,0.899004,-0.309033,-0.309033,91.28
sunlamp/images/img000879.jpg,sunlamp,0,32675,1,16526,0.258625,0.919555,-0.258625,-0.143681,153.775
sunlamp/images/img000880.jpg,sunlamp,2,34524,2,34435,0.208885,0.149204,0.954905,-0.149204,6.10437
sunlamp/images/img000881.jpg,sunlamp,2,51040,0,34403,0.968808,0.0908257,0.0908257,-0.211927,140.62
sunlamp/images/img000883.jpg,sunlamp,0,53474,0,55677,0.604419,0.434426,-0.321098,0.585531,33.1772
sunlamp/images/img000884.jpg,sunlamp,3,71052,3,07731,-0.0303869,-0.0911606,-0.212708,0.972379,81.5614
sunlamp/images/img000886.jpg,sunlamp,2,50312,1,21144,-0.169825,0.776342,0.0242607,-0.606517,123.245
sunlamp/images/img000888.jpg,sunlamp,0,66506,1,55247,0.391524,0.659408,-0.432737,0.47395,175.894
sunlamp/images/img000889.jpg,sunlamp,1,16551,3,11746,0.512558,-0.430548,-0.348539,0.656074,170.647
sunlamp/images/img000891.jpg,sunlamp,2,57205,1,42423,-0.644126,0.71076,-0.199901,0.199901,122.118
sunlamp/images/img000892.jpg,sunlamp,1,25501,0,25745,0.951522,-0.148675,0.267615,-0.0297351,148.405
sunlamp/images/img000895.jpg,sunlamp,0,65445,0,05265,0.791391,-0.321503,-0.469888,-0.222579,122.002
sunlamp/images/img000898.jpg,sunlamp,0,05427,3,45126,-0.154266,-0.55095,0.418722,0.705215,144.293
sunlamp/images/img000899.jpg,sunlamp,2,17423,2,10572,0.278493,-0.535564,0.685522,-0.407029,51.7717
sunlamp/images/img000910.jpg,sunlamp,0,43020,0,43433,0.899004,-0.252845,-0.252845,0.252845,32.9003
sunlamp/images/img000915.jpg,sunlamp,1,42273,1,24424,-0.687194,0.709362,0.110838,-0.110838,31.8811
sunlamp/images/img000920.jpg,sunlamp,2,01675,1,56074,0.121303,0.776342,-0.266868,0.557996,72.3678
sunlamp/images/img000921.jpg,sunlamp,2,56132,0,53175,0.689329,0.667787,-0.236957,0.150791,173.022
sunlamp/images/img000924.jpg,sunlamp,0,16563,0,53264,0.864234,0.459124,-0.0810219,0.189051,40.3826
sunlamp/images/img000926.jpg,sunlamp,2,61136,0,60135,0.871899,-0.463196,0.136234,0.0817405,176.786
sunlamp/images/img000928.jpg,sunlamp,0,44633,0,05737,0.8745,-0.0273281,-0.464578,-0.136641,97.6926
sunlamp/images/img000935.jpg,sunlamp,3,25357,2,02144,-0.469192,-0.305995,0.652789,-0.509992,90.2781
sunlamp/images/img000939.jpg,sunlamp,1,52020,3,33246,0.329183,0.52282,-0.484093,0.619639,95.865
sunlamp/images/img000940.jpg,sunlamp,0,02165,1,34543,0.322554,0.93834,0.0879694,-0.0879694,160.64
sunlamp/images/img000941.jpg,sunlamp,3,25531,0,70002,0.994672,0.0310835,0.0932505,0.0310835,179.322
sunlamp/images/img000945.jpg,sunlamp,3,24310,1,43342,-0.208885,0.954905,-0.149204,0.149204,121.677
sunlamp/images/img000948.jpg,sunlamp,1,01346,1,01772,-0.0731272,0.780024,-0.414388,-0.463139,17.5458
sunlamp/images/img000957.jpg,sunlamp,2,42213,1,30017,0.159628,0.729727,0.0684119,-0.661315,164.65
sunlamp/images/img000959.jpg,sunlamp,0,70074,3,05551,-0.0223887,-0.694049,-0.067166,0.716438,178.912
sunlamp/images/img000963.jpg,sunlamp,0,65112,0,43353,0.975991,-0.0304997,-0.152499,0.152499,47.2204
sunlamp/images/img000965.jpg,sunlamp,2,53240,0,27707,0.753619,-0.117753,0.635866,-0.117753,53.5881
sunlamp/images/img000966.jpg,sunlamp,2,10653,3,53621,0.494718,-0.0781133,0.23434,0.833209,171.244
sunlamp/images/img000967.jpg,sunlamp,2,52363,0,16613,0.944862,0.206689,-0.147635,-0.206689,165.259
sunlamp/images/img000968.jpg,sunlamp,1,03123,0,24642,0.695817,-0.674072,0.239187,-0.0652328,112.586
sunlamp/images/img000969.jpg,sunlamp,0,61510,0,71054,0.822136,0.539527,0.0256917,0.179842,73.5755
sunlamp/images/img000970.jpg,sunlamp,1,76620,1,65305,-0.129488,0.828726,0.233079,0.492056,47.4679
sunlamp/images/img000971.jpg,sunlamp,0,61607,1,70015,0.212708,0.972379,0.0303869,0.0911606,168.704
sunlamp/images/img000973.jpg,sunlamp,3,61117,3,21543,-0.132733,0.0796398,-0.504385,0.849491,71.1826
sunlamp/images/img000974.jpg,sunlamp,0,62776,2,04126,-0.474757,-0.51604,0.660531,-0.268341,154.037
sunlamp/images/img000977.jpg,sunlamp,1,16605,1,27551,-0.0274929,0.879772,0.467379,-0.0824786,80.6916
sunlamp/images/img000985.jpg,sunlamp,3,71201,1,31464,0.421459,0.793334,0.123958,-0.421459,175.109
sunlamp/images/img000986.jpg,sunlamp,0,03670,2,21371,-0.022804,0.296452,0.729727,-0.615707,161.771
sunlamp/images/img000987.jpg,sunlamp,0,73154,1,55636,0.421435,0.642187,-0.341162,0.541845,101.319
sunlamp/images/img000988.jpg,sunlamp,3,06332,1,56404,0.022479,0.719328,-0.337185,0.606933,107.157
sunlamp/images/img000998.jpg,sunlamp,2,65310,0,56223,0.879772,0.0824786,-0.0274929,0.467379,164.569
sunlamp/images/img001009.jpg,sunlamp,0,34611,1,63415,-0.231226,0.822136,0.43676,0.282609,179.878
sunlamp/images/img001010.jpg,sunlamp,3,52246,1,56202,0.0273281,0.8745,-0.136641,0.464578,149.489
sunlamp/images/img001011.jpg,sunlamp,0,43654,0,41614,0.755297,-0.259633,-0.54287,0.259633,42.0477
sunlamp/images/img001017.jpg,sunlamp,3,12160,2,01677,-0.219382,-0.414388,0.780024,-0.414388,89.1063
sunlamp/images/img001019.jpg,sunlamp,0,50247,0,50627,0.842397,0.0789747,-0.447523,0.289574,14.7255
sunlamp/images/img001022.jpg,sunlamp,2,52165,2,53466,0.422499,-0.223676,0.795292,0.372793,28.3263
sunlamp/images/img001027.jpg,sunlamp,1,34750,1,52333,0.424094,0.904735,-0.028273,0.028273,37.7233
sunlamp/images/img001031.jpg,sunlamp,0,43637,2,75106,0.55638,0.0667657,0.712167,0.422849,104.332
sunlamp/images/img001032.jpg,sunlamp,0,34407,0,16607,0.972379,0.0911606,-0.151934,-0.151934,29.2378
sunlamp/images/img001039.jpg,sunlamp,1,17775,1,67771,-0.0192201,0.615044,0.557383,0.557383,135.539
sunlamp/images/img001040.jpg,sunlamp,1,25540,1,43317,-0.0307293,0.983336,-0.153646,0.0921878,33.1103
sunlamp/images/img001041.jpg,sunlamp,0,61236,1,31645,0.453539,0.763856,0.214834,-0.405798,155.759
sunlamp/images/img001045.jpg,sunlamp,2,25326,2,25344,-0.199189,0.2561,0.910577,-0.2561,18.1577
sunlamp/images/img001048.jpg,sunlamp,2,03705,2,07522,-0.20182,-0.259483,0.922608,-0.20182,41.2446
sunlamp/images/img001049.jpg,sunlamp,2,46515,1,52132,0.364073,0.896179,-0.25205,0.0280056,110.565
sunlamp/images/img001051.jpg,sunlamp,1,07063,2,56002,0.0259675,-0.337577,0.830959,0.441447,103.885
sunlamp/images/img001052.jpg,sunlamp,3,53313,3,65500,-0.169825,0.0242607,0.606517,0.776342,128.108
sunlamp/images/img001053.jpg,sunlamp,0,70314,3,35433,0.566049,0.172276,-0.172276,0.787547,106.203
sunlamp/images/img001056.jpg,sunlamp,1,65670,3,63515,-0.0263982,0.448769,0.29038,0.844742,45.3252
sunlamp/images/img001060.jpg,sunlamp,2,05752,0,43325,0.979643,-0.153069,-0.0918415,0.0918415,172.648
sunlamp/images/img001067.jpg,sunlamp,1,61020,1,01444,-0.30006,0.640128,-0.620124,-0.340068,102.48
sunlamp/images/img001069.jpg,sunlamp,0,71133,1,65545,-0.111497,0.713582,0.0222994,0.691283,128.562
sunlamp/images/img001073.jpg,sunlamp,1,40353,1,44617,-0.470861,0.602702,-0.395523,0.50853,51.1536
sunlamp/images/img001075.jpg,sunlamp,1,36252,1,17622,0.46047,0.866766,-0.0270864,-0.189605,87.508
sunlamp/images/img001076.jpg,sunlamp,2,43277,1,25067,-0.357407,0.879772,0.19245,-0.247436,159.504
sunlamp/images/img001079.jpg,sunlamp,3,50367,2,44631,-0.487023,-0.370138,0.62339,0.487023,113.417
sunlamp/images/img001080.jpg,sunlamp,0,07564,3,41434,-0.246276,-0.604494,0.246276,0.716438,154.862
sunlamp/images/img001082.jpg,sunlamp,1,25547,3,43341,-0.149204,-0.208885,0.149204,0.954905,159.376
sunlamp/images/img001083.jpg,sunlamp,0,53401,0,53130,0.717879,0.650578,-0.246771,0.0224337,35.7943
sunlamp/images/img001087.jpg,sunlamp,1,43147,1,42533,-0.442642,0.833209,-0.23434,0.23434,41.0258
sunlamp/images/img001095.jpg,sunlamp,3,23775,0,25145,0.951522,-0.148675,0.0297351,-0.267615,144.373
sunlamp/images/img001096.jpg,sunlamp,1,43663,1,43636,-0.309033,0.899004,-0.0280939,0.309033,9.13034
sunlamp/images/img001097.jpg,sunlamp,2,53027,0,52175,0.849491,0.398199,-0.292013,0.185826,169.716
sunlamp/images/img001100.jpg,sunlamp,2,60607,0,74032,0.859235,0.134255,0.187958,0.456468,148.157
sunlamp/images/img001108.jpg,sunlamp,1,22743,1,12663,0.0803219,0.856767,-0.026774,-0.508706,91.3715
sunlamp/images/img001111.jpg,sunlamp,1,32410,2,27013,-0.218862,0.462042,0.778177,-0.36477,70.5926
sunlamp/images/img001113.jpg,sunlamp,2,21540,1,37004,0.403961,0.760398,0.403961,-0.308911,128.53
sunlamp/images/img001118.jpg,sunlamp,1,71220,1,36536,0.311026,0.765603,0.550277,-0.119625,34.4553
sunlamp/images/img001120.jpg,sunlamp,2,53503,0,16217,0.899004,0.196657,-0.140469,-0.36522,145.684
sunlamp/images/img001122.jpg,sunlamp,0,25653,0,70067,0.951522,0.0892052,0.208145,0.208145,57.9765
sunlamp/images/img001124.jpg,sunlamp,3,34767,1,07535,-0.0292228,0.935129,-0.321451,-0.146114,150.336
sunlamp/images/img001134.jpg,sunlamp,0,31620,0,34135,0.842397,0.394874,0.131625,-0.342224,30.5314
sunlamp/images/img001135.jpg,sunlamp,2,71450,1,65147,-0.125511,0.80327,0.0753066,0.57735,154.968
sunlamp/images/img001137.jpg,sunlamp,0,66044,1,75134,0.611238,0.674469,0.105386,0.400466,160.257
sunlamp/images/img001138.jpg,sunlamp,3,41750,0,53166,0.758686,0.592723,-0.21338,0.165963,142.044
sunlamp/images/img001139.jpg,sunlamp,3,74176,2,05604,-0.353259,-0.541664,0.753619,-0.117753,163.567
sunlamp/images/img001144.jpg,sunlamp,2,72262,2,52254,0.147635,-0.206689,0.944862,0.206689,113.024
sunlamp/images/img001145.jpg,sunlamp,0,41462,2,02144,-0.469192,-0.305995,0.652789,-0.509992,86.5198
sunlamp/images/img001151.jpg,sunlamp,1,65017,1,43676,-0.29708,0.864234,-0.0270073,0.40511,19.5485
sunlamp/images/img001154.jpg,sunlamp,2,41542,0,25075,0.919555,-0.258625,0.143681,-0.258625,174.929
sunlamp/images/img001155.jpg,sunlamp,3,34470,3,44727,-0.421435,-0.341162,0.541845,0.642187,124.933
sunlamp/images/img001159.jpg,sunlamp,1,25527,1,43352,-0.0911606,0.972379,-0.151934,0.151934,53.8091
sunlamp/images/img001160.jpg,sunlamp,1,22432,0,42624,0.695817,-0.674072,-0.0652328,0.239187,52.1985
sunlamp/images/img001164.jpg,sunlamp,0,45732,0,45142,0.659408,-0.144246,-0.597589,0.432737,33.2368
sunlamp/images/img001166.jpg,sunlamp,3,50706,0,40365,0.739008,-0.484974,-0.438786,0.161658,132.078
sunlamp/images/img001170.jpg,sunlamp,0,16274,2,40313,-0.405798,-0.50128,0.763856,0.0238705,113.894
sunlamp/images/img001171.jpg,sunlamp,0,62675,1,60236,-0.60571,0.717879,0.336506,0.0673011,119.578
sunlamp/images/img001172.jpg,sunlamp,0,76404,0,76200,0.72671,0.0227097,0.567742,0.386065,34.1487
sunlamp/images/img001173.jpg,sunlamp,3,06111,3,05445,-0.28004,-0.667787,-0.0215415,0.689329,56.6748
sunlamp/images/img001180.jpg,sunlamp,3,45314,0,41372,0.871899,-0.0817405,-0.463196,0.136234,165.316
sunlamp/images/img001183.jpg,sunlamp,2,60612,3,47536,-0.0698809,-0.209643,0.628928,0.745396,107.784
sunlamp/images/img001188.jpg,sunlamp,1,50061,3,32044,0.0227097,0.386065,-0.567742,0.72671,83.9024
sunlamp/images/img001189.jpg,sunlamp,0,57605,2,56102,0.227648,-0.328824,0.809414,0.430001,165.823
sunlamp/images/img001192.jpg,sunlamp,3,05303,3,01616,-0.244324,-0.466436,-0.466436,0.71076,20.4362
sunlamp/images/img001193.jpg,sunlamp,3,16022,0,37222,0.640128,0.340068,0.620124,-0.30006,108.76
sunlamp/images/img001194.jpg,sunlamp,3,70410,1,52223,0.0932505,0.994672,-0.0310835,0.0310835,174.834
sunlamp/images/img001195.jpg,sunlamp,1,63407,1,62745,-0.436459,0.665081,0.519594,0.311757,20.7556
sunlamp/images/img001197.jpg,sunlamp,0,61043,0,60156,0.842397,-0.500173,0.0789747,0.184274,18.7527
sunlamp/images/img001198.jpg,sunlamp,1,42120,2,55645,0.354352,-0.428952,0.596803,0.578153,93.4852
sunlamp/images/img001204.jpg,sunlamp,1,34377,1,35653,0.560642,0.780024,0.268133,-0.0731272,31.9355
sunlamp/images/img001207.jpg,sunlamp,1,74127,1,74137,0.368271,0.785646,0.17186,0.466477,10.2397
sunlamp/images/img001208.jpg,sunlamp,1,03775,1,14272,0.130901,0.837765,-0.445063,-0.287982,49.4888
sunlamp/images/img001209.jpg,sunlamp,3,35404,1,41674,-0.264389,0.769133,-0.456673,0.360531,148.329
sunlamp/images/img001213.jpg,sunlamp,0,23465,0,27200,0.698464,-0.327405,0.545675,-0.327405,12.547
sunlamp/images/img001216.jpg,sunlamp,1,02653,1,24225,-0.617861,0.681778,0.276972,-0.276972,47.8047
sunlamp/images/img001218.jpg,sunlamp,1,16337,2,07243,-0.355266,-0.136641,0.8745,-0.300609,158.053
sunlamp/images/img001219.jpg,sunlamp,2,20112,3,30614,0.126148,0.227067,-0.529823,0.80735,52.2824
sunlamp/images/img001220.jpg,sunlamp,0,56024,1,24036,-0.608164,0.720787,0.157672,-0.29282,96.2161
sunlamp/images/img001223.jpg,sunlamp,1,21746,2,42301,-0.539527,-0.179842,0.822136,0.0256917,159.162
sunlamp/images/img001224.jpg,sunlamp,2,37610,1,54372,0.296452,0.729727,-0.387667,0.478883,159.338
sunlamp/images/img001225.jpg,sunlamp,2,70200,0,43337,0.994672,-0.0310835,-0.0310835,0.0932505,179.691
sunlamp/images/img001227.jpg,sunlamp,3,34024,3,33272,0.373869,0.551902,-0.480689,0.569705,71.696
sunlamp/images/img001229.jpg,sunlamp,2,52624,2,01655,-0.205236,-0.524491,0.729727,-0.387667,106.195
sunlamp/images/img001230.jpg,sunlamp,0,32017,2,54066,0.0214226,-0.535564,0.685522,0.492719,172.188
sunlamp/images/img001231.jpg,sunlamp,1,43506,1,70743,0.29038,0.844742,0.29038,0.343176,91.8328
sunlamp/images/img001232.jpg,sunlamp,2,15540,2,70411,0.205971,0.0294245,0.941584,0.26482,98.7086
sunlamp/images/img001233.jpg,sunlamp,2,40556,1,25521,-0.149204,0.954905,0.149204,-0.208885,122.561
sunlamp/images/img001234.jpg,sunlamp,3,06724,3,25461,-0.371126,0.142741,-0.0856444,0.91354,34.5572
sunlamp/images/img001238.jpg,sunlamp,2,67265,0,03175,0.760398,-0.0237624,-0.261387,-0.594061,98.2167
sunlamp/images/img001240.jpg,sunlamp,2,70213,1,13264,0.385271,0.725215,-0.0679889,-0.566575,152.319
sunlamp/images/img001241.jpg,sunlamp,0,61354,0,71701,0.73125,0.616992,0.205664,0.205664,83.6309
sunlamp/images/img001243.jpg,sunlamp,0,50530,2,07714,-0.090167,-0.21039,0.961781,-0.150278,86.4351
sunlamp/images/img001252.jpg,sunlamp,2,61452,2,05742,-0.179369,-0.538108,0.819974,-0.0768726,90.995
sunlamp/images/img001255.jpg,sunlamp,3,44353,0,75001,0.781884,0.464244,0.0244339,0.415376,156.805
sunlamp/images/img001262.jpg,sunlamp,2,14177,2,15011,0.439473,-0.592333,0.61144,-0.286613,20.8637
sunlamp/images/img001264.jpg,sunlamp,1,55064,0,00250,0.583169,-0.492049,-0.419153,-0.492049,168.242
sunlamp/images/img001267.jpg,sunlamp,3,16756,3,16773,0.422745,-0.028183,-0.084549,0.901856,19.218
sunlamp/images/img001269.jpg,sunlamp,2,73055,0,12534,0.763856,0.310316,-0.262575,-0.50128,151.765
sunlamp/images/img001270.jpg,sunlamp,2,74474,3,34422,0.0298408,0.208885,-0.208885,0.954905,114.539
sunlamp/images/img001274.jpg,sunlamp,3,70032,3,16766,0.270501,-0.0300557,-0.0300557,0.961781,32.1793
sunlamp/images/img001277.jpg,sunlamp,2,24640,1,71334,0.641599,0.707972,0.287613,0.0663723,169.214
sunlamp/images/img001278.jpg,sunlamp,0,20212,0,16651,0.951522,0.208145,-0.208145,-0.0892052,122.457
sunlamp/images/img001279.jpg,sunlamp,0,05411,1,55730,0.543124,0.59931,-0.35584,0.468211,131.142
sunlamp/images/img001284.jpg,sunlamp,2,55436,0,35074,0.80735,0.529823,0.126148,-0.227067,176.718
sunlamp/images/img001286.jpg,sunlamp,2,65053,1,55467,0.34858,0.587082,-0.458658,0.568736,165.11
sunlamp/images/img001287.jpg,sunlamp,1,72142,0,54005,0.659408,0.0618195,-0.638802,0.391524,174.863
sunlamp/images/img001288.jpg,sunlamp,1,66571,0,34045,0.958324,0.0898429,0.0299476,-0.269529,133.835
sunlamp/images/img001291.jpg,sunlamp,2,27144,2,25354,-0.0867835,0.260351,0.925691,-0.260351,25.1122
sunlamp/images/img001299.jpg,sunlamp,3,04561,3,00764,-0.490028,-0.404805,-0.362194,0.681778,39.3098
sunlamp/images/img001300.jpg,sunlamp,0,21734,0,21723,0.753619,-0.117753,0.353259,-0.541664,6.36439
sunlamp/images/img001301.jpg,sunlamp,0,43514,2,62174,-0.438786,0.484974,0.739008,0.161658,100.268
sunlamp/images/img001303.jpg,sunlamp,1,32737,1,52747,0.294514,0.856767,-0.13387,0.40161,136.738
sunlamp/images/img001307.jpg,sunlamp,1,43707,0,52250,0.954905,0.149204,-0.208885,0.149204,168.404
sunlamp/images/img001308.jpg,sunlamp,2,32406,3,60764,-0.521249,0.294619,0.339945,0.725215,177.076
sunlamp/images/img001311.jpg,sunlamp,0,27441,0,26653,0.654974,-0.511698,0.552634,-0.0614038,30.1425
sunlamp/images/img001313.jpg,sunlamp,2,70771,2,71044,0.46047,0.0270864,0.866766,0.189605,39.9603
sunlamp/images/img001316.jpg,sunlamp,3,30474,3,32441,0.0731272,0.414388,-0.463139,0.780024,35.3276
sunlamp/images/img001318.jpg,sunlamp,1,70112,1,53244,0.45257,0.851896,-0.186352,0.186352,35.9361
sunlamp/images/img001321.jpg,sunlamp,3,05512,2,72156,0.324696,0.474555,0.799251,0.174836,143.172
sunlamp/images/img001322.jpg,sunlamp,2,06277,0,46114,0.720787,-0.427967,-0.337869,0.427967,80.7276
sunlamp/images/img001323.jpg,sunlamp,2,31156,1,75210,0.490232,0.74702,0.210099,0.396854,149.467
sunlamp/images/img001324.jpg,sunlamp,1,27413,1,07333,-0.028273,0.904735,-0.028273,-0.424094,68.9109
sunlamp/images/img001326.jpg,sunlamp,1,07205,2,50222,0.0275764,-0.468798,0.882444,0.0275764,106.76
sunlamp/images/img001327.jpg,sunlamp,1,43506,1,72250,0.121303,0.776342,0.606517,0.121303,124.266
sunlamp/images/img001329.jpg,sunlamp,1,05614,2,50613,0.175274,-0.525822,0.801253,0.225352,44.7322
sunlamp/images/img001330.jpg,sunlamp,3,53230,3,72003,0.0803219,0.508706,0.026774,0.856767,85.6223
sunlamp/images/img001331.jpg,sunlamp,3,43554,0,47133,0.856767,-0.026774,-0.240966,0.455158,155.174
sunlamp/images/img001336.jpg,sunlamp,1,74072,1,76147,0.243843,0.709362,0.421184,0.509854,33.2875
sunlamp/images/img001338.jpg,sunlamp,1,27354,0,24740,0.789462,-0.567426,0.222036,-0.0740121,139.394
sunlamp/images/img001340.jpg,sunlamp,1,70123,1,42256,-0.631676,0.748653,-0.116977,0.163768,126.394
sunlamp/images/img001343.jpg,sunlamp,3,52517,0,74047,0.80735,0.0756891,0.0756891,0.580283,77.6156
sunlamp/images/img001344.jpg,sunlamp,3,53060,2,07770,-0.092538,-0.092538,0.987072,-0.092538,173.392
sunlamp/images/img001349.jpg,sunlamp,2,61710,2,61270,-0.300609,0.355266,0.8745,0.136641,29.7594
sunlamp/images/img001354.jpg,sunlamp,0,67313,0,63415,0.822136,-0.231226,0.43676,0.282609,32.3529
sunlamp/images/img001355.jpg,sunlamp,1,01606,2,07670,-0.322554,-0.0879694,0.93834,-0.0879694,137.919
sunlamp/images/img001361.jpg,sunlamp,0,53403,0,53032,0.813589,0.533917,-0.228822,0.0254246,23.8944
sunlamp/images/img001363.jpg,sunlamp,2,36735,3,52031,0.202495,-0.318206,0.0289278,0.925691,156.364
sunlamp/images/img001366.jpg,sunlamp,1,63407,0,34435,0.954905,0.208885,0.149204,-0.149204,170.09
sunlamp/images/img001370.jpg,sunlamp,3,72016,1,24331,-0.411464,0.774521,0.314649,-0.363057,175.711
sunlamp/images/img001371.jpg,sunlamp,2,25755,0,42177,0.842397,-0.447523,-0.236924,0.184274,133.33
sunlamp/images/img001376.jpg,sunlamp,0,60777,1,60460,-0.664099,0.685522,0.107113,0.278493,100.769
sunlamp/images/img001379.jpg,sunlamp,1,76201,1,72414,0.130901,0.837765,0.445063,0.287982,26.2211
sunlamp/images/img001386.jpg,sunlamp,3,43630,3,33226,0.304593,0.555434,-0.5196,0.573351,148.151
sunlamp/images/img001390.jpg,sunlamp,1,65200,0,73000,0.799251,0.424602,0.424602,0.0249766,163.345
sunlamp/images/img001392.jpg,sunlamp,0,43546,2,16624,0.0307293,-0.0921878,0.983336,-0.153646,139.59
sunlamp/images/img001394.jpg,sunlamp,3,02171,3,37101,0.567072,0.357045,-0.31504,0.672085,138.167
sunlamp/images/img001395.jpg,sunlamp,0,61043,0,65200,0.795292,-0.372793,0.223676,0.422499,41.1117
sunlamp/images/img001402.jpg,sunlamp,1,22771,1,21671,-0.222579,0.791391,0.321503,-0.469888,39.5342
sunlamp/images/img001403.jpg,sunlamp,3,56002,0,54200,0.745396,0.0232936,-0.535754,0.395992,170.27
sunlamp/images/img001404.jpg,sunlamp,1,27066,3,46700,-0.48738,-0.148333,0.529761,0.678094,153.846
sunlamp/images/img001408.jpg,sunlamp,2,77337,2,75124,0.554189,0.110838,0.709362,0.421184,54.0759
sunlamp/images/img001413.jpg,sunlamp,1,03775,3,46325,-0.490232,-0.0700331,0.443543,0.74702,129.738
sunlamp/images/img001414.jpg,sunlamp,2,23254,1,61017,-0.268567,0.954905,0.0895223,0.0895223,112.411
sunlamp/images/img001417.jpg,sunlamp,3,60563,1,42133,-0.455158,0.856767,-0.240966,0.026774,142.719
sunlamp/images/img001418.jpg,sunlamp,0,32760,3,43733,-0.0300557,-0.0300557,0.270501,0.961781,153.332
sunlamp/images/img001419.jpg,sunlamp,1,60670,0,66760,0.562617,-0.404381,0.509872,0.509872,142.995
sunlamp/images/img001424.jpg,sunlamp,0,17337,3,12444,0.0254906,-0.38236,-0.433341,0.8157,125.419
sunlamp/images/img001427.jpg,sunlamp,3,05265,3,56002,0.0259675,-0.337577,0.441447,0.830959,89.9899
sunlamp/images/img001429.jpg,sunlamp,0,41603,0,47116,0.809414,-0.0758825,-0.328824,0.480589,43.0591
sunlamp/images/img001434.jpg,sunlamp,0,72300,0,72541,0.799251,0.274743,0.424602,0.324696,40.643
sunlamp/images/img001438.jpg,sunlamp,1,16741,1,36467,0.0758825,0.809414,0.581766,-0.0252942,100.396
sunlamp/images/img001439.jpg,sunlamp,1,41516,1,75004,0.415376,0.781884,0.0244339,0.464244,105.098
sunlamp/images/img001445.jpg,sunlamp,2,17276,1,75066,0.390934,0.735875,0.160973,0.52891,157.969
sunlamp/images/img001448.jpg,sunlamp,1,17147,2,50304,0.222036,-0.567426,0.789462,0.0740121,120.029
sunlamp/images/img001449.jpg,sunlamp,1,20512,2,07514,-0.0837545,-0.418772,0.893381,-0.139591,166.086
sunlamp/images/img001452.jpg,sunlamp,3,06373,1,36606,0.0237089,0.758686,0.640141,-0.118545,146.499
sunlamp/images/img001455.jpg,sunlamp,1,54060,1,45531,-0.0205023,0.656074,-0.553562,0.512558,8.16045
sunlamp/images/img001457.jpg,sunlamp,3,52712,2,32557,0.344214,0.436005,0.734324,-0.390109,170.301
sunlamp/images/img001458.jpg,sunlamp,0,62542,1,51353,0.626167,0.646366,-0.424178,0.100995,177.225
sunlamp/images/img001459.jpg,sunlamp,2,37021,2,61106,-0.211927,0.0908257,0.968808,0.0908257,102.863
sunlamp/images/img001462.jpg,sunlamp,2,70614,2,60771,-0.418384,0.319941,0.787547,0.319941,65.55
sunlamp/images/img001463.jpg,sunlamp,0,34054,1,66421,-0.535661,0.591074,0.387893,0.461777,115.667
sunlamp/images/img001464.jpg,sunlamp,1,06275,1,24466,-0.687194,0.709362,0.155173,-0.0221676,35.877
sunlamp/images/img001465.jpg,sunlamp,1,53307,0,62110,0.781884,-0.464244,0.415376,0.0244339,165.836
sunlamp/images/img001466.jpg,sunlamp,3,13427,2,52623,0.0898429,-0.0299476,0.958324,0.269529,154.766
sunlamp/images/img001473.jpg,sunlamp,2,45644,1,05312,-0.0727821,0.776342,-0.509475,-0.36391,63.8351
sunlamp/images/img001476.jpg,sunlamp,0,61213,1,34011,0.19422,0.887862,0.0277457,-0.416185,172.491
sunlamp/images/img001478.jpg,sunlamp,3,74040,2,00535,-0.341162,-0.541845,0.642187,-0.421435,178.265
sunlamp/images/img001482.jpg,sunlamp,0,74037,0,76030,0.758686,0.118545,0.497888,0.403052,36.7423
sunlamp/images/img001483.jpg,sunlamp,0,61225,3,70654,0.135831,0.244497,0.407494,0.869321,153.906
sunlamp/images/img001484.jpg,sunlamp,0,43317,0,43316,0.979643,-0.0918415,-0.153069,0.0918415,7.65193
sunlamp/images/img001485.jpg,sunlamp,0,13054,2,52107,0.302422,-0.357407,0.879772,0.0824786,150.418
sunlamp/images/img001486.jpg,sunlamp,2,05774,1,41126,-0.169426,0.774521,-0.605095,0.0726113,49.6121
sunlamp/images/img001488.jpg,sunlamp,1,12270,3,21714,-0.0760775,0.228232,-0.532542,0.811493,140.787
sunlamp/images/img001493.jpg,sunlamp,0,56656,3,36362,0.19245,0.662884,-0.235217,0.684267,88.1387
sunlamp/images/img001498.jpg,sunlamp,0,71626,1,70020,0.030846,0.987072,0.15423,0.030846,118.51
sunlamp/images/img001500.jpg,sunlamp,1,56220,3,50224,0.026774,-0.508706,0.0803219,0.856767,172.451
sunlamp/images/img001503.jpg,sunlamp,3,41312,1,74020,0.0273281,0.8745,0.136641,0.464578,167.762
sunlamp/images/img001504.jpg,sunlamp,0,12566,1,46033,-0.55638,0.712167,-0.200297,0.378339,131.293
sunlamp/images/img001505.jpg,sunlamp,1,10420,0,05235,0.791391,-0.222579,-0.469888,-0.321503,145.159
sunlamp/images/img001507.jpg,sunlamp,0,06713,2,00354,-0.37707,-0.456453,0.635066,-0.496145,165.079
sunlamp/images/img001512.jpg,sunlamp,2,37642,0,16476,0.951522,0.148675,-0.267615,-0.0297351,148.717
sunlamp/images/img001515.jpg,sunlamp,0,17463,0,17566,0.769133,0.600885,-0.216319,-0.0240354,17.389
sunlamp/images/img001516.jpg,sunlamp,1,60443,2,07376,-0.0898429,-0.0299476,0.958324,-0.269529,176.911
sunlamp/images/img001518.jpg,sunlamp,2,31157,0,01733,0.745396,-0.0232936,-0.395992,-0.535754,125.569
sunlamp/images/img001521.jpg,sunlamp,1,56274,2,71307,0.622212,0.253494,0.737437,0.0691347,147.68
sunlamp/images/img001522.jpg,sunlamp,0,05262,0,34554,0.925691,0.376062,0.0289278,-0.0289278,108.563
sunlamp/images/img001528.jpg,sunlamp,1,27730,1,16623,0.0911606,0.972379,-0.0303869,-0.212708,86.453
sunlamp/images/img001529.jpg,sunlamp,2,22460,2,22121,-0.392198,0.392198,0.597635,-0.578959,33.9449
sunlamp/images/img001530.jpg,sunlamp,2,12470,2,43334,-0.092538,-0.092538,0.987072,0.092538,80.0882
sunlamp/images/img001533.jpg,sunlamp,1,20533,1,03347,-0.121303,0.776342,-0.121303,-0.606517,48.1804
sunlamp/images/img001535.jpg,sunlamp,2,05223,2,07337,-0.0289278,-0.0289278,0.925691,-0.376062,59.8757
sunlamp/images/img001536.jpg,sunlamp,3,65171,0,60700,0.772712,-0.555387,0.217325,0.217325,159.009
sunlamp/images/img001537.jpg,sunlamp,1,37045,1,35603,0.481824,0.811493,0.278951,-0.177514,18.1563
sunlamp/images/img001539.jpg,sunlamp,0,17674,0,07741,0.961781,-0.150278,-0.21039,-0.090167,83.4088
sunlamp/images/img001541.jpg,sunlamp,2,13001,1,55122,0.493817,0.632085,-0.493817,0.335795,117.867
sunlamp/images/img001542.jpg,sunlamp,1,43666,1,41664,-0.350165,0.74702,-0.443543,0.350165,52.4151
sunlamp/images/img001545.jpg,sunlamp,3,44312,1,74024,0.0266217,0.851896,0.133109,0.505813,178.544
sunlamp/images/img001547.jpg,sunlamp,1,62043,0,30106,0.72373,0.203549,0.0678497,-0.65588,138.852
sunlamp/images/img001550.jpg,sunlamp,0,04736,0,05224,0.758686,-0.355634,-0.45047,-0.308216,24.9663
sunlamp/images/img001551.jpg,sunlamp,2,61675,2,52627,0.0882735,-0.0294245,0.941584,0.323669,60.1643
sunlamp/images/img001552.jpg,sunlamp,2,77425,2,21457,-0.240278,0.0800926,0.854321,-0.453858,151.518
sunlamp/images/img001556.jpg,sunlamp,1,71416,3,31666,0.397722,0.350931,-0.397722,0.748653,96.0912
sunlamp/images/img001557.jpg,sunlamp,1,47351,1,75002,0.423547,0.797264,0.0747435,0.423547,59.201
sunlamp/images/img001560.jpg,sunlamp,1,16623,3,74004,0.0268511,0.0268511,0.510171,0.859235,160.658
sunlamp/images/img001562.jpg,sunlamp,1,43312,1,50613,0.175274,0.801253,-0.525822,0.225352,59.6019
sunlamp/images/img001563.jpg,sunlamp,2,23346,1,21346,-0.164128,0.750298,0.257915,-0.58617,52.75
sunlamp/images/img001569.jpg,sunlamp,1,14101,1,16221,0.0842816,0.899004,-0.0842816,-0.421408,74.029
sunlamp/images/img001574.jpg,sunlamp,1,25436,1,25063,-0.352124,0.866766,0.189605,-0.297951,17.8353
sunlamp/images/img001577.jpg,sunlamp,3,50270,3,50645,0.0709674,-0.544084,0.354837,0.756986,26.3034
sunlamp/images/img001578.jpg,sunlamp,1,74110,2,35523,0.627568,0.162703,0.743784,-0.162703,145.434
sunlamp/images/img001586.jpg,sunlamp,2,66376,2,47711,-0.0242607,-0.169825,0.776342,0.606517,103.294
sunlamp/images/img001592.jpg,sunlamp,2,77712,1,41723,-0.132733,0.849491,-0.451292,0.238919,158.681
sunlamp/images/img001595.jpg,sunlamp,1,56241,1,76104,0.214834,0.763856,0.405798,0.453539,73.2647
sunlamp/images/img001602.jpg,sunlamp,0,02775,3,60735,-0.424602,0.324696,0.274743,0.799251,64.2598
sunlamp/images/img001605.jpg,sunlamp,1,12444,2,42175,-0.441447,-0.285642,0.830959,0.181772,100.297
sunlamp/images/img001606.jpg,sunlamp,2,61636,2,63324,-0.159628,0.661315,0.729727,0.0684119,42.13
sunlamp/images/img001607.jpg,sunlamp,2,56302,2,67166,-0.151637,0.498237,0.6932,0.498237,87.9868
sunlamp/images/img001608.jpg,sunlamp,2,74322,0,24741,0.811493,-0.532542,0.228232,-0.0760775,165.199
sunlamp/images/img001610.jpg,sunlamp,3,43015,2,52340,0.262111,-0.203864,0.931951,0.145617,153.058
sunlamp/images/img001615.jpg,sunlamp,2,07146,2,05137,-0.0234468,-0.58617,0.750298,-0.304808,34.0269
sunlamp/images/img001618.jpg,sunlamp,2,06350,1,30076,0.120456,0.770916,0.168638,-0.602279,167.189
sunlamp/images/img001619.jpg,sunlamp,1,12300,1,60131,-0.464578,0.8745,0.136641,0.0273281,124.744
sunlamp/images/img001620.jpg,sunlamp,1,06661,1,30546,0.240278,0.854321,0.0800926,-0.453858,120.298
sunlamp/images/img001624.jpg,sunlamp,2,43562,0,24542,0.80735,-0.580283,0.0756891,-0.0756891,178.256
sunlamp/images/img001632.jpg,sunlamp,3,67271,1,43327,-0.153646,0.983336,-0.0307293,0.0921878,99.853
sunlamp/images/img001633.jpg,sunlamp,2,25743,0,53214,0.819974,0.538108,-0.179369,0.0768726,168.284
sunlamp/images/img001634.jpg,sunlamp,1,17022,2,14244,0.024731,-0.568812,0.791391,-0.222579,114.143
sunlamp/images/img001638.jpg,sunlamp,0,21746,1,65311,-0.026774,0.856767,0.240966,0.455158,142.857
sunlamp/images/img001639.jpg,sunlamp,2,05057,0,65131,0.8745,-0.0273281,0.136641,0.464578,160.945
sunlamp/images/img001640.jpg,sunlamp,0,30347,3,07770,-0.092538,-0.092538,-0.092538,0.987072,95.5332
sunlamp/images/img001642.jpg,sunlamp,1,43255,1,57434,0.436459,0.665081,-0.228622,0.561162,98.7532
sunlamp/images/img001644.jpg,sunlamp,1,71510,2,56661,0.0691347,-0.0691347,0.737437,0.668302,162.692
sunlamp/images/img001655.jpg,sunlamp,0,12716,2,53525,0.604494,-0.246276,0.716438,0.246276,158.36
sunlamp/images/img001656.jpg,sunlamp,0,16366,0,10777,0.748653,0.350931,-0.397722,-0.397722,50.3786
sunlamp/images/img001658.jpg,sunlamp,3,20251,3,20762,-0.497305,0.324329,-0.410817,0.691902,21.165
sunlamp/images/img001659.jpg,sunlamp,2,43335,1,43303,-0.152499,0.975991,-0.152499,0.0304997,152.871
sunlamp/images/img001660.jpg,sunlamp,0,23544,2,43134,-0.0879694,-0.322554,0.93834,0.0879694,139.681
sunlamp/images/img001663.jpg,sunlamp,3,53405,3,53444,0.404877,-0.357244,0.357244,0.762121,11.1849
sunlamp/images/img001664.jpg,sunlamp,3,10722,2,76161,0.244324,0.466436,0.71076,0.466436,160.758
sunlamp/images/img001665.jpg,sunlamp,2,13006,0,43176,0.93834,-0.0879694,-0.263908,0.205262,173.925
sunlamp/images/img001669.jpg,sunlamp,2,43744,2,43771,-0.0288315,-0.0864945,0.922608,0.374809,21.1265
sunlamp/images/img001670.jpg,sunlamp,2,50514,2,61105,-0.153646,0.0307293,0.983336,0.0921878,104.003
sunlamp/images/img001671.jpg,sunlamp,1,73422,1,70055,0.208885,0.954905,0.0298408,0.208885,66.5486
sunlamp/images/img001672.jpg,sunlamp,3,05655,3,41211,-0.222579,-0.568812,0.024731,0.791391,8.44821
sunlamp/images/img001675.jpg,sunlamp,2,16370,2,16733,0.416185,-0.0277457,0.887862,-0.19422,16.7486
sunlamp/images/img001676.jpg,sunlamp,0,24301,2,61010,-0.324796,0.0295269,0.944862,0.0295269,171.996
sunlamp/images/img001680.jpg,sunlamp,1,74675,2,60526,-0.554096,0.168638,0.770916,0.265003,130.914
sunlamp/images/img001682.jpg,sunlamp,2,61606,1,00676,-0.559233,0.662794,-0.35211,-0.35211,179.307
sunlamp/images/img001684.jpg,sunlamp,3,52156,2,63710,-0.0719402,0.599501,0.767362,0.215821,169.866
sunlamp/images/img001687.jpg,sunlamp,1,77004,2,25102,-0.193624,0.0829819,0.88514,-0.41491,163.248
sunlamp/images/img001689.jpg,sunlamp,3,65031,3,50237,0.189051,-0.459124,0.0810219,0.864234,93.9498
sunlamp/images/img001697.jpg,sunlamp,2,54700,1,06526,-0.564683,0.785646,-0.220963,-0.122757,90.6392
sunlamp/images/img001699.jpg,sunlamp,3,26407,3,20766,-0.505892,0.329929,-0.37392,0.703849,33.781
sunlamp/images/img001701.jpg,sunlamp,3,42277,0,05737,0.8745,-0.0273281,-0.464578,-0.136641,90.9383
sunlamp/images/img001703.jpg,sunlamp,2,57101,1,42431,-0.581081,0.743784,-0.255676,0.209189,96.0366
sunlamp/images/img001704.jpg,sunlamp,3,16067,0,53205,0.842397,0.500173,-0.184274,0.0789747,173.514
sunlamp/images/img001707.jpg,sunlamp,0,30506,2,30744,0.23434,0.23434,0.833209,-0.442642,116.797
sunlamp/images/img001708.jpg,sunlamp,2,63117,2,72004,0.0274929,0.467379,0.879772,0.0824786,8.24055
sunlamp/images/img001709.jpg,sunlamp,3,61442,3,61510,-0.0898429,0.0299476,0.269529,0.958324,40.8961
sunlamp/images/img001712.jpg,sunlamp,3,27060,0,32145,0.705215,0.242418,0.374646,-0.55095,98.9865
sunlamp/images/img001713.jpg,sunlamp,2,15120,2,21460,-0.370965,0.123655,0.791391,-0.469888,133.796
sunlamp/images/img001715.jpg,sunlamp,0,34424,1,25627,-0.342224,0.842397,0.394874,-0.131625,153.495
sunlamp/images/img001718.jpg,sunlamp,3,55363,0,05505,0.709362,-0.110838,-0.687194,-0.110838,173.98
sunlamp/images/img001720.jpg,sunlamp,3,57144,1,52517,0.38236,0.8157,-0.331378,0.280397,175.887
sunlamp/images/img001725.jpg,sunlamp,1,51414,2,21742,-0.177514,0.278951,0.811493,-0.481824,119.798
sunlamp/images/img001727.jpg,sunlamp,2,64434,2,07457,-0.25205,-0.364073,0.896179,-0.0280056,97.529
sunlamp/images/img001729.jpg,sunlamp,2,74742,2,60424,-0.671537,0.108312,0.6932,0.238287,114.583
sunlamp/images/img001730.jpg,sunlamp,2,35753,3,22262,-0.511367,0.511367,-0.445384,0.527863,111.366
sunlamp/images/img001732.jpg,sunlamp,1,26743,2,60552,-0.480589,0.0758825,0.809414,0.328824,89.4334
sunlamp/images/img001736.jpg,sunlamp,0,50362,0,50647,0.776342,0.0727821,-0.509475,0.36391,34.6066
sunlamp/images/img001737.jpg,sunlamp,2,07227,2,07242,-0.40161,-0.13387,0.856767,-0.294514,13.092
sunlamp/images/img001738.jpg,sunlamp,3,53261,0,53112,0.709362,0.642859,-0.288178,0.0221676,146.535
sunlamp/images/img001739.jpg,sunlamp,3,60753,0,37474,0.732782,0.480888,0.480888,-0.0228994,175.342
sunlamp/images/img001744.jpg,sunlamp,0,46375,3,61450,-0.30334,0.0275764,0.358493,0.882444,155.385
sunlamp/images/img001754.jpg,sunlamp,0,40410,2,42712,-0.492056,-0.129488,0.828726,0.233079,94.1236
sunlamp/images/img001755.jpg,sunlamp,0,57153,0,52621,0.954905,0.0895223,-0.0895223,0.268567,75.086
sunlamp/images/img001760.jpg,sunlamp,2,34400,1,14566,0.216319,0.769133,-0.600885,-0.0240354,112.434
sunlamp/images/img001763.jpg,sunlamp,0,65763,3,70605,0.0853666,0.2561,0.313011,0.910577,89.4894
sunlamp/images/img001764.jpg,sunlamp,1,42727,1,64141,-0.480888,0.732782,0.0228994,0.480888,25.8332
sunlamp/images/img001767.jpg,sunlamp,1,63444,1,67121,-0.118545,0.758686,0.497888,0.403052,29.0391
sunlamp/images/img001769.jpg,sunlamp,1,35414,2,35402,0.459124,0.0810219,0.864234,-0.189051,136.562
sunlamp/images/img001770.jpg,sunlamp,3,56066,3,32261,0.0588009,0.568409,-0.529208,0.62721,172.75
sunlamp/images/img001771.jpg,sunlamp,3,26553,1,75020,0.421459,0.793334,0.123958,0.421459,120.041
sunlamp/images/img001781.jpg,sunlamp,2,53521,0,53104,0.737437,0.576123,-0.345674,0.0691347,171.313
sunlamp/images/img001785.jpg,sunlamp,2,74342,1,60725,-0.50128,0.763856,0.310316,0.262575,123.859
sunlamp/images/img001787.jpg,sunlamp,1,30742,3,01610,-0.234361,-0.490028,-0.490028,0.681778,47.6
sunlamp/images/img001796.jpg,sunlamp,1,14664,3,05541,-0.111276,-0.689912,-0.0667657,0.712167,110.922
sunlamp/images/img001802.jpg,sunlamp,2,11102,3,07726,-0.211154,-0.0301648,-0.150824,0.965275,96.0654
sunlamp/images/img001804.jpg,sunlamp,3,16546,0,22436,0.613234,-0.517416,0.440762,-0.402435,178.816
sunlamp/images/img001806.jpg,sunlamp,2,70710,2,70700,0.252845,0.252845,0.899004,0.252845,10.8269
sunlamp/images/img001807.jpg,sunlamp,1,44325,1,14737,0.379413,0.809414,-0.430001,-0.126471,120.242
sunlamp/images/img001813.jpg,sunlamp,2,65311,1,60530,-0.492056,0.828726,0.129488,0.233079,129.458
sunlamp/images/img001816.jpg,sunlamp,1,52663,0,22777,0.632085,-0.335795,0.612333,-0.335795,134.08
sunlamp/images/img001819.jpg,sunlamp,3,35473,3,36443,0.0800926,0.507253,-0.0800926,0.854321,70.2567
sunlamp/images/img001830.jpg,sunlamp,3,41372,2,36523,0.265003,0.554096,0.770916,-0.168638,145.143
sunlamp/images/img001832.jpg,sunlamp,2,36673,2,07570,-0.0879694,-0.322554,0.93834,-0.0879694,128.567
sunlamp/images/img001835.jpg,sunlamp,1,34465,1,34554,0.376062,0.925691,0.0289278,-0.0289278,35.763
sunlamp/images/img001837.jpg,sunlamp,0,67253,0,61413,0.925691,-0.260351,0.0867835,0.260351,65.6029
sunlamp/images/img001838.jpg,sunlamp,2,70174,2,75121,0.593873,0.109976,0.703849,0.37392,37.5973
sunlamp/images/img001839.jpg,sunlamp,3,56201,0,60565,0.772712,-0.507093,0.120736,0.362209,116.014
sunlamp/images/img001842.jpg,sunlamp,3,21245,1,25273,-0.23627,0.840072,0.393784,-0.288775,156.951
sunlamp/images/img001843.jpg,sunlamp,1,33456,1,33446,0.383697,0.722254,0.428838,-0.383697,8.62065
sunlamp/images/img001847.jpg,sunlamp,0,07023,0,01662,0.734324,-0.344214,-0.390109,-0.436005,19.4291
sunlamp/images/img001851.jpg,sunlamp,2,06560,1,30555,0.38236,0.8157,0.0254906,-0.433341,136.599
sunlamp/images/img001852.jpg,sunlamp,3,41241,3,41240,-0.353259,-0.541664,0.117753,0.753619,4.47418
sunlamp/images/img001853.jpg,sunlamp,1,11643,1,17114,0.610155,0.673274,-0.315597,-0.273518,32.3926
sunlamp/images/img001856.jpg,sunlamp,3,34251,1,07252,-0.306147,0.890609,-0.139158,-0.306147,170.654
sunlamp/images/img001858.jpg,sunlamp,1,47145,3,26031,-0.519594,0.436459,-0.311757,0.665081,62.274
sunlamp/images/img001859.jpg,sunlamp,3,21470,1,21145,-0.122169,0.781884,0.0244339,-0.610847,135.568
sunlamp/images/img001860.jpg,sunlamp,2,12777,1,57162,0.53655,0.686784,-0.193158,0.450702,162.326
sunlamp/images/img001862.jpg,sunlamp,0,07747,2,05730,-0.0789747,-0.500173,0.842397,-0.184274,163.317
sunlamp/images/img001864.jpg,sunlamp,1,52102,3,63151,-0.0273281,0.464578,0.136641,0.8745,133.461
sunlamp/images/img001867.jpg,sunlamp,3,52070,2,43342,-0.208885,-0.149204,0.954905,0.149204,148.671
sunlamp/images/img001871.jpg,sunlamp,3,37751,1,55000,0.335795,0.632085,-0.612333,0.335795,82.9697
sunlamp/images/img001873.jpg,sunlamp,2,63011,2,74202,0.0263982,0.29038,0.844742,0.448769,61.5444
sunlamp/images/img001877.jpg,sunlamp,2,04656,2,21546,-0.189051,0.0810219,0.864234,-0.459124,95.6918
sunlamp/images/img001879.jpg,sunlamp,0,32151,0,32464,0.763856,0.0238705,0.50128,-0.405798,43.7567
sunlamp/images/img001880.jpg,sunlamp,1,04777,0,05523,0.770916,-0.120456,-0.602279,-0.168638,159.394
sunlamp/images/img001881.jpg,sunlamp,1,73262,2,73403,0.444513,0.444513,0.748653,0.210559,31.0485
sunlamp/images/img001885.jpg,sunlamp,1,07534,0,46373,0.763856,-0.405798,-0.0238705,0.50128,119.827
sunlamp/images/img001886.jpg,sunlamp,0,63614,1,70223,0.084549,0.901856,0.422745,0.028183,173.566
sunlamp/images/img001893.jpg,sunlamp,3,24445,2,42350,-0.497423,-0.183261,0.837765,0.130901,132.082
sunlamp/images/img001896.jpg,sunlamp,2,60046,2,43350,-0.090167,-0.21039,0.961781,0.150278,82.924
sunlamp/images/img001898.jpg,sunlamp,1,62230,2,47660,-0.327405,-0.065481,0.698464,0.632983,112.423
sunlamp/images/img001901.jpg,sunlamp,0,36606,0,72752,0.699798,0.284293,0.590455,0.284293,56.6451
sunlamp/images/img001912.jpg,sunlamp,0,61315,2,61114,-0.0928922,0.0309641,0.99085,0.0928922,159.651
sunlamp/images/img001916.jpg,sunlamp,1,74324,1,70645,0.0819844,0.8745,0.245953,0.409922,21.0347
sunlamp/images/img001918.jpg,sunlamp,3,24505,3,24662,-0.658087,0.318429,-0.0636858,0.679315,41.4891
sunlamp/images/img001919.jpg,sunlamp,2,46332,0,04607,0.662794,-0.600657,-0.434959,-0.103562,93.5406
sunlamp/images/img001920.jpg,sunlamp,3,15226,2,66467,-0.50067,0.397083,0.552464,0.535199,166.412
sunlamp/images/img001921.jpg,sunlamp,0,34445,2,43311,-0.0304997,-0.213498,0.975991,0.0304997,178.127
sunlamp/images/img001924.jpg,sunlamp,3,52253,3,07352,-0.0873704,-0.145617,-0.320358,0.931951,66.2815
sunlamp/images/img001929.jpg,sunlamp,2,01422,2,01634,-0.249293,-0.430597,0.725215,-0.475923,13.2612
sunlamp/images/img001932.jpg,sunlamp,3,34105,1,07706,-0.208885,0.954905,-0.149204,-0.149204,169.671
sunlamp/images/img001937.jpg,sunlamp,0,71220,1,53226,0.467379,0.879772,-0.0274929,0.0824786,78.988
sunlamp/images/img001938.jpg,sunlamp,1,63565,1,63555,-0.0254906,0.8157,0.433341,0.38236,13.1568
sunlamp/images/img001943.jpg,sunlamp,2,13421,2,02142,-0.464575,-0.262586,0.646366,-0.545371,106.713
sunlamp/images/img001946.jpg,sunlamp,3,51442,0,52236,0.983336,0.153646,-0.0307293,0.0921878,143.188
sunlamp/images/img001947.jpg,sunlamp,1,01674,3,34402,0.0303869,0.0911606,-0.212708,0.972379,151.473
sunlamp/images/img001950.jpg,sunlamp,0,21077,1,21375,-0.0234468,0.750298,0.304808,-0.58617,154.808
sunlamp/images/img001952.jpg,sunlamp,2,61157,0,60750,0.791391,-0.469888,0.222579,0.321503,154.51
sunlamp/images/img001955.jpg,sunlamp,2,06700,1,30473,0.181772,0.830959,0.181772,-0.493382,177.952
sunlamp/images/img001957.jpg,sunlamp,2,47345,1,01674,-0.259633,0.755297,-0.448458,-0.401252,93.1562
sunlamp/images/img001959.jpg,sunlamp,1,33145,3,04144,-0.451501,-0.608545,-0.176674,0.628176,23.1257
sunlamp/images/img001960.jpg,sunlamp,0,04107,1,54140,0.179749,0.639106,-0.619134,0.419413,166.923
sunlamp/images/img001965.jpg,sunlamp,2,40351,2,05624,-0.370965,-0.469888,0.791391,-0.123655,30.544
sunlamp/images/img001968.jpg,sunlamp,3,21054,3,35243,0.471042,0.272709,-0.272709,0.793334,97.9965
sunlamp/images/img001970.jpg,sunlamp,1,71736,1,70211,0.205971,0.941584,0.26482,0.0294245,60.997
sunlamp/images/img001974.jpg,sunlamp,0,06310,0,06732,0.844742,-0.501565,-0.0263982,-0.184787,26.6654
sunlamp/images/img001976.jpg,sunlamp,0,02554,3,33324,0.433164,0.502471,-0.502471,0.55445,175.736
sunlamp/images/img001981.jpg,sunlamp,3,43526,1,71466,0.426737,0.80327,0.175715,0.376533,166.274
sunlamp/images/img001987.jpg,sunlamp,1,65327,1,72416,0.127786,0.817829,0.485586,0.281129,40.7442
sunlamp/images/img001993.jpg,sunlamp,0,06226,0,65634,0.707972,-0.243365,0.287613,0.597351,121.043
sunlamp/images/img001994.jpg,sunlamp,0,61611,2,31700,0.525995,0.189358,0.673274,-0.483916,124.177
sunlamp/images/img001999.jpg,sunlamp,1,72766,2,43171,-0.0292228,-0.321451,0.935129,0.146114,128.115
sunlamp/images/img002002.jpg,sunlamp,0,47317,0,32154,0.697136,0.283212,0.370354,-0.544638,152.737
sunlamp/images/img002006.jpg,sunlamp,3,51250,2,31604,0.396854,0.210099,0.74702,-0.490232,156.658
sunlamp/images/img002007.jpg,sunlamp,1,73042,1,37567,0.565081,0.669726,0.481365,-0.0209289,28.5562
sunlamp/images/img002012.jpg,sunlamp,0,15222,2,17303,0.603286,-0.11172,0.715006,-0.335159,149.814
sunlamp/images/img002013.jpg,sunlamp,1,16015,1,12443,0.0758825,0.809414,-0.328824,-0.480589,21.796
sunlamp/images/img002014.jpg,sunlamp,0,60062,1,26636,-0.515903,0.61144,0.592333,-0.0955375,90.3318
sunlamp/images/img002018.jpg,sunlamp,3,47213,1,14626,0.0273281,0.8745,-0.464578,-0.136641,128.094
sunlamp/images/img002023.jpg,sunlamp,2,04707,2,06160,-0.54287,-0.259633,0.755297,-0.259633,29.0271
sunlamp/images/img002026.jpg,sunlamp,0,53166,2,51165,0.536683,-0.536683,0.636069,0.13914,177.059
sunlamp/images/img002027.jpg,sunlamp,0,27100,1,70020,0.030846,0.987072,0.15423,0.030846,172.385
sunlamp/images/img002028.jpg,sunlamp,0,23050,0,70072,0.954905,0.149204,0.208885,0.149204,104.119
sunlamp/images/img002031.jpg,sunlamp,1,07264,0,00775,0.722254,-0.383697,-0.428838,-0.383697,117.107
sunlamp/images/img002034.jpg,sunlamp,2,77403,1,24011,-0.57735,0.739008,0.023094,-0.34641,169.782
sunlamp/images/img002035.jpg,sunlamp,3,13365,2,50223,0.0824786,-0.467379,0.879772,0.0274929,138.046
sunlamp/images/img002036.jpg,sunlamp,3,36020,3,71022,0.46047,0.189605,0.0270864,0.866766,77.1621
sunlamp/images/img002042.jpg,sunlamp,1,01726,0,70741,0.856767,0.294514,0.240966,0.348062,156.38
sunlamp/images/img002043.jpg,sunlamp,3,52114,0,44677,0.594328,-0.464318,-0.315737,0.575755,64.2646
sunlamp/images/img002046.jpg,sunlamp,2,50422,2,24635,-0.582341,0.302817,0.745396,-0.116468,139.632
sunlamp/images/img002047.jpg,sunlamp,2,07762,2,07570,-0.0879694,-0.322554,0.93834,-0.0879694,39.0608
sunlamp/images/img002050.jpg,sunlamp,2,60106,3,42733,-0.455158,-0.026774,0.240966,0.856767,117.778
sunlamp/images/img002051.jpg,sunlamp,0,03755,2,61316,-0.0879694,0.322554,0.93834,0.0879694,145.341
sunlamp/images/img002052.jpg,sunlamp,1,70375,3,70201,0.0898429,0.269529,0.0299476,0.958324,129.121
sunlamp/images/img002057.jpg,sunlamp,2,67636,1,61671,-0.236924,0.842397,0.342224,0.342224,47.5788
sunlamp/images/img002059.jpg,sunlamp,2,41217,1,16427,0.0888913,0.948174,-0.266674,-0.148152,81.1159
sunlamp/images/img002060.jpg,sunlamp,1,42416,1,17427,0.492056,0.828726,-0.233079,-0.129488,140.535
sunlamp/images/img002064.jpg,sunlamp,3,36052,3,35601,0.488143,0.231226,-0.179842,0.822136,50.0975
sunlamp/images/img002068.jpg,sunlamp,0,27725,1,50513,0.32193,0.686784,-0.622398,0.193158,148.163
sunlamp/images/img002073.jpg,sunlamp,0,72064,0,52671,0.904735,0.197911,-0.0848189,0.367549,78.0031
sunlamp/images/img002074.jpg,sunlamp,1,60377,1,61674,-0.280397,0.8157,0.331378,0.38236,29.3081
sunlamp/images/img002075.jpg,sunlamp,3,76124,1,71024,0.463196,0.871899,0.136234,0.0817405,103.923
sunlamp/images/img002080.jpg,sunlamp,2,63227,0,70161,0.925691,0.318206,0.144639,0.144639,171.917
sunlamp/images/img002083.jpg,sunlamp,3,16460,0,12066,0.769133,0.0240354,-0.216319,-0.600885,112.88
sunlamp/images/img002084.jpg,sunlamp,1,54524,1,54332,0.308911,0.760398,-0.403961,0.403961,29.6944
sunlamp/images/img002086.jpg,sunlamp,3,72037,1,45674,-0.221467,0.644266,-0.382533,0.624133,75.4092
sunlamp/images/img002089.jpg,sunlamp,0,61324,3,60654,-0.595026,0.198342,0.33057,0.705215,136.362
sunlamp/images/img002093.jpg,sunlamp,1,24723,1,70204,0.0299476,0.958324,0.269529,0.0898429,73.7515
sunlamp/images/img002099.jpg,sunlamp,3,27502,1,66011,-0.529761,0.678094,0.360237,0.360237,98.8247
sunlamp/images/img002100.jpg,sunlamp,1,70475,2,70113,0.422745,0.084549,0.901856,0.028183,147.246
sunlamp/images/img002105.jpg,sunlamp,3,50350,3,40215,-0.534584,-0.491817,0.06415,0.684267,101.216
sunlamp/images/img002113.jpg,sunlamp,3,35753,3,07751,-0.0303869,-0.212708,-0.0911606,0.972379,104.736
sunlamp/images/img002114.jpg,sunlamp,2,62341,0,26666,0.589468,-0.571047,0.571047,-0.0184209,160.505
sunlamp/images/img002116.jpg,sunlamp,2,42032,0,36573,0.756986,0.354837,0.544084,-0.0709674,164.907
sunlamp/images/img002117.jpg,sunlamp,1,45026,1,40765,-0.463699,0.706589,-0.419537,0.331214,22.1379
sunlamp/images/img002120.jpg,sunlamp,2,37721,1,54732,0.283212,0.697136,-0.370354,0.544638,153.931
sunlamp/images/img002121.jpg,sunlamp,1,50303,1,52520,0.248946,0.88514,-0.304267,0.248946,39.9541
sunlamp/images/img002126.jpg,sunlamp,1,70005,2,34454,0.15423,0.030846,0.987072,-0.030846,173.842
sunlamp/images/img002128.jpg,sunlamp,1,57632,2,52202,0.030846,-0.15423,0.987072,0.030846,169.331
sunlamp/images/img002132.jpg,sunlamp,1,03744,1,07136,-0.0837545,0.893381,-0.251263,-0.362936,18.1811
sunlamp/images/img002136.jpg,sunlamp,1,77742,0,75003,0.780024,0.463139,0.0731272,0.414388,63.513
sunlamp/images/img002138.jpg,sunlamp,2,47374,1,53120,0.594061,0.760398,-0.261387,0.0237624,145.926
sunlamp/images/img002141.jpg,sunlamp,3,74032,3,74214,0.129488,0.233079,0.492056,0.828726,6.19096
sunlamp/images/img002142.jpg,sunlamp,1,12541,1,12741,0.278951,0.811493,-0.177514,-0.481824,20.5932
sunlamp/images/img002146.jpg,sunlamp,2,25310,2,25400,-0.416185,0.0277457,0.887862,-0.19422,50.7055
sunlamp/images/img002149.jpg,sunlamp,0,43412,0,41626,0.785646,-0.368271,-0.417374,0.270066,16.2965
sunlamp/images/img002151.jpg,sunlamp,2,70753,2,15344,0.525995,-0.483916,0.673274,-0.189358,113.79
sunlamp/images/img002159.jpg,sunlamp,3,06377,0,56164,0.763856,0.214834,-0.262575,0.549021,159.442
sunlamp/images/img002162.jpg,sunlamp,3,72150,1,20121,-0.424178,0.646366,0.100995,-0.626167,139.214
sunlamp/images/img002163.jpg,sunlamp,2,30760,1,56554,0.26653,0.656074,-0.307535,0.635572,147.83
sunlamp/images/img002166.jpg,sunlamp,0,52322,3,43344,-0.204559,-0.204559,0.204559,0.935129,150.424
sunlamp/images/img002168.jpg,sunlamp,3,47034,0,43334,0.987072,-0.092538,-0.092538,0.092538,154.641
sunlamp/images/img002169.jpg,sunlamp,1,65107,0,26111,0.748653,-0.397722,0.397722,-0.350931,111.004
sunlamp/images/img002171.jpg,sunlamp,3,45152,2,70007,0.092538,0.092538,0.987072,0.092538,130.347
sunlamp/images/img002173.jpg,sunlamp,2,76226,1,61136,-0.0908257,0.968808,0.211927,0.0908257,74.8229
sunlamp/images/img002177.jpg,sunlamp,0,07645,1,35465,0.505813,0.851896,0.133109,-0.0266217,169.047
sunlamp/images/img002181.jpg,sunlamp,1,10072,1,25067,-0.357407,0.879772,0.19245,-0.247436,109.829
sunlamp/images/img002184.jpg,sunlamp,0,63016,1,40333,-0.424602,0.799251,-0.424602,0.0249766,78.5943
sunlamp/images/img002185.jpg,sunlamp,0,54017,3,12322,0.197958,-0.0219953,-0.681854,0.703849,69.506
sunlamp/images/img002188.jpg,sunlamp,0,12527,2,72604,0.0237624,0.594061,0.760398,0.261387,168.009
sunlamp/images/img002192.jpg,sunlamp,3,12436,0,17057,0.753619,0.541664,-0.306158,-0.211955,177.026
sunlamp/images/img002193.jpg,sunlamp,2,74157,3,43721,-0.148152,-0.0888913,0.266674,0.948174,99.1774
sunlamp/images/img002194.jpg,sunlamp,3,31173,3,41212,-0.276124,-0.527146,0.0251022,0.80327,150.467
sunlamp/images/img002195.jpg,sunlamp,2,74174,0,73100,0.72671,0.567742,0.386065,0.0227097,104.515
sunlamp/images/img002198.jpg,sunlamp,3,70473,1,17660,0.465972,0.877124,-0.0822304,-0.0822304,163.335
sunlamp/images/img002201.jpg,sunlamp,0,42117,0,51225,0.763856,0.453539,-0.453539,0.0716115,108.49
sunlamp/images/img002208.jpg,sunlamp,2,40011,2,23747,-0.109976,0.593873,0.703849,-0.37392,166.433
sunlamp/images/img002210.jpg,sunlamp,3,52163,3,47333,-0.0275764,-0.0275764,0.468798,0.882444,59.5187
sunlamp/images/img002212.jpg,sunlamp,1,63321,2,05770,-0.0800926,-0.507253,0.854321,-0.0800926,154.622
sunlamp/images/img002213.jpg,sunlamp,1,12646,1,44737,-0.35211,0.662794,-0.35211,0.559233,137.292
sunlamp/images/img002218.jpg,sunlamp,3,07772,1,05771,-0.026774,0.856767,-0.508706,-0.0803219,175.608
sunlamp/images/img002220.jpg,sunlamp,2,47026,0,42677,0.739008,-0.57735,-0.023094,0.34641,179.51
sunlamp/images/img002225.jpg,sunlamp,2,74266,1,07433,-0.2561,0.910577,-0.2561,-0.199189,178.215
sunlamp/images/img002226.jpg,sunlamp,2,47121,0,70521,0.904735,0.311003,0.141365,0.254457,175.636
sunlamp/images/img002227.jpg,sunlamp,1,06505,2,57121,0.580544,-0.236518,0.688053,0.365528,80.3474
sunlamp/images/img002228.jpg,sunlamp,1,76431,2,51636,0.484974,-0.392598,0.739008,0.254034,147.176
sunlamp/images/img002229.jpg,sunlamp,3,50312,3,45624,-0.310153,-0.392861,0.558276,0.66166,102.358
sunlamp/images/img002231.jpg,sunlamp,0,22500,0,70023,0.972379,0.0911606,0.212708,0.0303869,99.0847
sunlamp/images/img002232.jpg,sunlamp,3,54231,3,55244,0.349127,-0.472348,0.472348,0.65718,23.8661
sunlamp/images/img002237.jpg,sunlamp,3,56400,2,45176,-0.06415,-0.534584,0.684267,0.491817,40.7199
sunlamp/images/img002240.jpg,sunlamp,1,27040,1,24131,-0.430001,0.809414,0.126471,-0.379413,37.6262
sunlamp/images/img002243.jpg,sunlamp,1,25017,2,62176,-0.428838,0.51912,0.722254,0.157993,111.737
sunlamp/images/img002244.jpg,sunlamp,3,36501,3,36413,0.181772,0.493382,-0.181772,0.830959,13.8336
sunlamp/images/img002246.jpg,sunlamp,0,25155,2,71002,0.467379,0.0824786,0.879772,0.0274929,128.052
sunlamp/images/img002249.jpg,sunlamp,2,60441,2,02374,-0.422849,-0.0667657,0.712167,-0.55638,106.336
sunlamp/images/img002251.jpg,sunlamp,0,61115,2,43317,-0.0307293,-0.153646,0.983336,0.0921878,175.808
sunlamp/images/img002253.jpg,sunlamp,2,25527,2,25350,-0.0853666,0.2561,0.910577,-0.313011,21.0227
sunlamp/images/img002255.jpg,sunlamp,1,52776,1,52733,0.411152,0.877124,-0.0274101,0.246691,19.3172
sunlamp/images/img002258.jpg,sunlamp,0,25451,3,05461,-0.295837,-0.61443,-0.06827,0.728214,155.886
sunlamp/images/img002263.jpg,sunlamp,3,32661,1,70556,0.344137,0.847106,0.0794162,0.397081,76.3013
sunlamp/images/img002265.jpg,sunlamp,2,57443,2,07437,-0.258625,-0.258625,0.919555,-0.143681,122.225
sunlamp/images/img002267.jpg,sunlamp,2,76036,2,76011,0.172276,0.418384,0.787547,0.418384,16.1299
sunlamp/images/img002277.jpg,sunlamp,3,17320,1,14373,0.368271,0.785646,-0.417374,-0.270066,166.848
sunlamp/images/img002280.jpg,sunlamp,3,74030,3,74605,0.0698809,0.209643,0.628928,0.745396,27.2685
sunlamp/images/img002286.jpg,sunlamp,2,25146,2,05340,-0.168638,-0.554096,0.770916,-0.265003,78.8907
sunlamp/images/img002289.jpg,sunlamp,1,23672,1,14324,0.222579,0.791391,-0.469888,-0.321503,145.389
sunlamp/images/img002294.jpg,sunlamp,3,66423,0,06256,0.742182,-0.626216,-0.115966,-0.208739,69.7707
sunlamp/images/img002298.jpg,sunlamp,0,52346,2,52624,0.0294245,-0.0882735,0.941584,0.323669,175.119
sunlamp/images/img002299.jpg,sunlamp,3,07142,3,41211,-0.222579,-0.568812,0.024731,0.791391,45.5583
sunlamp/images/img002303.jpg,sunlamp,1,40275,2,17002,0.411464,-0.314649,0.774521,-0.363057,69.8225
sunlamp/images/img002307.jpg,sunlamp,0,11700,2,24524,-0.574462,0.124883,0.799251,-0.124883,106.838
sunlamp/images/img002310.jpg,sunlamp,3,65713,0,75144,0.685522,0.535564,0.0214226,0.492719,117.926
sunlamp/images/img002315.jpg,sunlamp,0,61222,2,24754,-0.496065,0.234978,0.835478,-0.0261087,160.902
sunlamp/images/img002317.jpg,sunlamp,2,10472,1,52725,0.308062,0.896179,-0.0840168,0.308062,96.6497
sunlamp/images/img002318.jpg,sunlamp,3,25255,3,24172,-0.481824,0.177514,-0.278951,0.811493,31.3417
sunlamp/images/img002321.jpg,sunlamp,1,16530,3,07564,-0.202495,-0.318206,-0.0289278,0.925691,117.15
sunlamp/images/img002324.jpg,sunlamp,0,45573,2,72004,0.0274929,0.467379,0.879772,0.0824786,135.292
sunlamp/images/img002325.jpg,sunlamp,0,16032,2,51131,0.594945,-0.518178,0.614137,0.0191918,146.274
sunlamp/images/img002332.jpg,sunlamp,1,42106,2,16524,0.254457,-0.311003,0.904735,-0.141365,95.3634
sunlamp/images/img002338.jpg,sunlamp,2,30142,1,24002,-0.658087,0.679315,0.0636858,-0.318429,162.061
sunlamp/images/img002341.jpg,sunlamp,1,43300,1,53031,0.561979,0.781884,-0.268773,0.0244339,93.0946
sunlamp/images/img002343.jpg,sunlamp,0,01270,1,01221,-0.259223,0.638089,-0.378865,-0.618148,158.273
sunlamp/images/img002344.jpg,sunlamp,2,27650,2,27242,-0.327405,0.589329,0.698464,-0.240097,21.6521
sunlamp/images/img002347.jpg,sunlamp,0,60545,3,50526,0.209189,-0.581081,0.255676,0.743784,85.8969
sunlamp/images/img002352.jpg,sunlamp,3,13443,0,16177,0.851896,0.399326,-0.239596,-0.239596,157.81
sunlamp/images/img002353.jpg,sunlamp,3,24100,2,56502,0.206529,-0.298319,0.734324,0.57369,173.51
sunlamp/images/img002359.jpg,sunlamp,3,30603,0,05055,0.690612,-0.194235,-0.66903,-0.194235,155.689
sunlamp/images/img002361.jpg,sunlamp,1,74027,1,64334,-0.434179,0.73125,0.29707,0.434179,60.6815
sunlamp/images/img002364.jpg,sunlamp,1,01356,3,43565,-0.13387,-0.294514,0.40161,0.856767,65.019
sunlamp/images/img002367.jpg,sunlamp,0,65237,3,07430,-0.30334,-0.30334,-0.193035,0.882444,158.584
sunlamp/images/img002368.jpg,sunlamp,1,63662,3,32202,0.0191918,0.518178,-0.594945,0.614137,168.136
sunlamp/images/img002375.jpg,sunlamp,2,34746,2,14230,0.123655,-0.469888,0.791391,-0.370965,105.728
sunlamp/images/img002377.jpg,sunlamp,3,61416,3,60621,-0.630584,0.282675,0.195698,0.695817,52.788
sunlamp/images/img002379.jpg,sunlamp,0,72054,0,70246,0.925691,0.0289278,0.318206,0.202495,24.3793
sunlamp/images/img002380.jpg,sunlamp,0,42134,0,41213,0.813589,-0.228822,-0.533917,0.0254246,41.7212
sunlamp/images/img002384.jpg,sunlamp,2,65332,2,53674,0.509475,-0.0727821,0.776342,0.36391,88.1027
sunlamp/images/img002385.jpg,sunlamp,0,47221,3,46507,-0.432004,-0.267431,0.555433,0.658291,177.554
sunlamp/images/img002386.jpg,sunlamp,0,71302,1,50517,0.319005,0.680543,-0.616742,0.233937,123.561
sunlamp/images/img002389.jpg,sunlamp,3,62101,3,74024,0.0266217,0.133109,0.505813,0.851896,92.8098
sunlamp/images/img002395.jpg,sunlamp,1,20564,3,05475,-0.210099,-0.630298,-0.0233444,0.74702,97.9531
sunlamp/images/img002399.jpg,sunlamp,2,06723,2,42247,-0.658581,-0.113548,0.72671,0.158968,42.8155
sunlamp/images/img002403.jpg,sunlamp,2,15376,2,71060,0.46047,0.135432,0.866766,0.135432,73.2994
sunlamp/images/img002404.jpg,sunlamp,2,73245,1,70024,0.0307293,0.983336,0.153646,0.0921878,93.4882
sunlamp/images/img002408.jpg,sunlamp,3,61210,1,35264,0.430001,0.809414,0.328824,-0.227648,164.163
sunlamp/images/img002410.jpg,sunlamp,0,62121,1,65561,-0.114258,0.73125,0.114258,0.662695,135.974
sunlamp/images/img002412.jpg,sunlamp,1,42564,2,53007,0.480589,-0.328824,0.809414,0.0758825,95.2119
sunlamp/images/img002414.jpg,sunlamp,0,74272,3,75141,0.576297,0.0213443,0.448231,0.683019,35.4223
sunlamp/images/img002415.jpg,sunlamp,2,55641,2,53205,0.500173,-0.184274,0.842397,0.0789747,69.0972
sunlamp/images/img002416.jpg,sunlamp,0,22233,2,42703,-0.529823,-0.126148,0.80735,0.227067,170.95
sunlamp/images/img002417.jpg,sunlamp,1,41546,1,41716,-0.0751175,0.801253,-0.525822,0.275431,18.3814
sunlamp/images/img002418.jpg,sunlamp,3,70331,1,07752,-0.0918415,0.979643,-0.153069,-0.0918415,156.62
sunlamp/images/img002420.jpg,sunlamp,0,21272,2,06673,-0.613786,-0.0245514,0.785646,-0.0736543,165.531
sunlamp/images/img002421.jpg,sunlamp,2,70300,1,60030,-0.640141,0.758686,0.118545,0.0237089,161.112
sunlamp/images/img002422.jpg,sunlamp,3,22727,0,65705,0.742182,-0.115966,0.208739,0.626216,171.997
sunlamp/images/img002423.jpg,sunlamp,2,55234,3,72407,0.0770752,0.488143,0.282609,0.822136,136.336
sunlamp/images/img002425.jpg,sunlamp,3,34443,2,53213,0.578811,-0.125828,0.805302,0.0251657,179.278
sunlamp/images/img002431.jpg,sunlamp,0,56641,0,56220,0.879772,0.0274929,-0.0824786,0.467379,29.7382
sunlamp/images/img002432.jpg,sunlamp,1,61150,1,61144,-0.208885,0.954905,0.0298408,0.208885,16.4934
sunlamp/images/img002434.jpg,sunlamp,1,71343,0,34113,0.830959,0.389512,0.0779024,-0.389512,78.3267
sunlamp/images/img002435.jpg,sunlamp,0,04575,3,70023,0.0911606,0.212708,0.0303869,0.972379,175.235
sunlamp/images/img002444.jpg,sunlamp,3,44225,1,76160,0.201903,0.717879,0.471108,0.471108,169.041
sunlamp/images/img002447.jpg,sunlamp,2,52422,2,52523,0.304267,-0.248946,0.88514,0.248946,31.006
sunlamp/images/img002454.jpg,sunlamp,1,71650,1,73142,0.554189,0.709362,0.421184,0.110838,33.3843
sunlamp/images/img002458.jpg,sunlamp,0,21465,1,41201,-0.313185,0.770916,-0.554096,0.0240911,105.788
sunlamp/images/img002459.jpg,sunlamp,3,14366,3,51233,0.535754,-0.395992,0.0232936,0.745396,48.8793
sunlamp/images/img002464.jpg,sunlamp,0,47026,3,47630,-0.260798,-0.0711268,0.592723,0.758686,176.758
sunlamp/images/img002472.jpg,sunlamp,3,62702,3,74205,0.0781133,0.23434,0.494718,0.833209,87.5617
sunlamp/images/img002475.jpg,sunlamp,2,56304,1,66437,-0.463679,0.593509,0.426585,0.500773,135.091
sunlamp/images/img002477.jpg,sunlamp,2,50206,1,60077,-0.598127,0.765603,0.167476,0.167476,147.109
sunlamp/images/img002478.jpg,sunlamp,2,25034,2,21645,-0.328824,0.227648,0.809414,-0.430001,17.5333
sunlamp/images/img002480.jpg,sunlamp,0,25052,3,60761,-0.494563,0.306158,0.306158,0.753619,84.1397
sunlamp/images/img002481.jpg,sunlamp,1,04512,1,60525,-0.523205,0.797264,0.124573,0.27406,101.779
sunlamp/images/img002482.jpg,sunlamp,2,36065,3,07457,-0.25205,-0.364073,-0.0280056,0.896179,126.355
sunlamp/images/img002485.jpg,sunlamp,3,04706,3,06555,-0.433341,-0.38236,-0.0254906,0.8157,19.9911
sunlamp/images/img002486.jpg,sunlamp,0,52235,2,52566,0.239596,-0.239596,0.851896,0.399326,161.765
sunlamp/images/img002487.jpg,sunlamp,1,04312,1,64700,-0.483916,0.673274,0.189358,0.525995,132.154
sunlamp/images/img002488.jpg,sunlamp,1,66361,1,55460,0.316611,0.595974,-0.502853,0.540102,159.174
sunlamp/images/img002491.jpg,sunlamp,1,36075,0,65530,0.780024,-0.0731272,0.121879,0.609394,176.805
sunlamp/images/img002493.jpg,sunlamp,3,31402,3,30172,0.29282,0.157672,-0.608164,0.720787,19.4086
sunlamp/images/img002496.jpg,sunlamp,2,17120,3,46346,-0.501067,-0.108928,0.501067,0.697136,165.869
sunlamp/images/img002497.jpg,sunlamp,0,67137,0,67205,0.685522,-0.278493,0.535564,0.407029,32.6609
sunlamp/images/img002498.jpg,sunlamp,1,14024,0,61365,0.899004,-0.140469,0.36522,0.196657,136.479
sunlamp/images/img002502.jpg,sunlamp,2,65133,1,67110,-0.0747435,0.797264,0.423547,0.423547,87.5586
sunlamp/images/img002504.jpg,sunlamp,2,40301,2,21746,-0.181772,0.285642,0.830959,-0.441447,118.025
sunlamp/images/img002508.jpg,sunlamp,2,32636,2,07342,-0.200492,-0.143208,0.916533,-0.315058,102.842
sunlamp/images/img002510.jpg,sunlamp,3,43164,2,43121,-0.146114,-0.321451,0.935129,0.0292228,143.261
sunlamp/images/img002513.jpg,sunlamp,1,56063,1,55707,0.499401,0.591883,-0.388423,0.499401,61.0197
sunlamp/images/img002515.jpg,sunlamp,3,07550,0,16173,0.840072,0.393784,-0.23627,-0.288775,121.09
sunlamp/images/img002524.jpg,sunlamp,3,43574,0,43030,0.899004,-0.309033,-0.309033,0.0280939,168.13
sunlamp/images/img002525.jpg,sunlamp,3,36545,3,07774,-0.0928922,-0.0928922,-0.0309641,0.99085,82.6327
sunlamp/images/img002528.jpg,sunlamp,1,25305,1,12664,0.0274929,0.879772,-0.0824786,-0.467379,45.9394
sunlamp/images/img002529.jpg,sunlamp,1,27205,1,16033,0.188502,0.861723,-0.24236,-0.403933,113.444
sunlamp/images/img002530.jpg,sunlamp,1,70006,1,30074,0.121303,0.776342,0.121303,-0.606517,85.9181
sunlamp/images/img002538.jpg,sunlamp,1,12633,3,63506,-0.177514,0.481824,0.278951,0.811493,165.981
sunlamp/images/img002540.jpg,sunlamp,0,55033,1,43313,-0.030846,0.987072,-0.15423,0.030846,118.504
sunlamp/images/img002542.jpg,sunlamp,3,07772,1,34421,0.090167,0.961781,0.150278,-0.21039,148.327
sunlamp/images/img002546.jpg,sunlamp,0,65537,3,74504,0.210099,0.0233444,0.630298,0.74702,85.7903
sunlamp/images/img002548.jpg,sunlamp,2,17274,1,74724,0.201095,0.715006,0.290471,0.603286,160.619
sunlamp/images/img002550.jpg,sunlamp,2,77031,0,17074,0.783758,0.514341,-0.269417,-0.220432,140.895
sunlamp/images/img002551.jpg,sunlamp,0,61461,3,52635,0.20182,-0.0864945,0.317146,0.922608,109.891
sunlamp/images/img002552.jpg,sunlamp,3,15644,2,14723,0.285642,-0.441447,0.830959,-0.181772,156.263
sunlamp/images/img002553.jpg,sunlamp,0,16206,2,63503,-0.129488,0.492056,0.828726,0.233079,143.981
sunlamp/images/img002555.jpg,sunlamp,3,77306,0,77656,0.569705,0.373869,0.480689,0.551902,24.9821
sunlamp/images/img002559.jpg,sunlamp,0,13072,1,41034,-0.253494,0.737437,-0.622212,0.0691347,152.367
sunlamp/images/img002561.jpg,sunlamp,3,26151,1,22144,-0.463066,0.644266,0.342266,-0.503333,174.629
sunlamp/images/img002562.jpg,sunlamp,2,06531,2,25354,-0.0867835,0.260351,0.925691,-0.260351,77.9831
sunlamp/images/img002563.jpg,sunlamp,1,05573,1,43341,-0.149204,0.954905,-0.208885,0.149204,61.0422
sunlamp/images/img002566.jpg,sunlamp,1,70032,0,04252,0.665081,-0.561162,-0.436459,-0.228622,115.101
sunlamp/images/img002569.jpg,sunlamp,1,07326,2,24772,-0.472205,0.372793,0.795292,-0.0745586,129.513
sunlamp/images/img002577.jpg,sunlamp,0,14305,1,74430,0.121303,0.776342,0.121303,0.606517,174.896
sunlamp/images/img002579.jpg,sunlamp,0,05731,0,52242,0.975991,0.0304997,-0.152499,0.152499,61.1668
sunlamp/images/img002581.jpg,sunlamp,3,70537,3,41472,-0.249807,-0.567742,0.295226,0.72671,118.938
sunlamp/images/img002584.jpg,sunlamp,3,26477,3,70763,0.280397,0.38236,0.331378,0.8157,109.311
sunlamp/images/img002587.jpg,sunlamp,3,61467,3,30737,0.342773,0.342773,-0.479882,0.73125,137.28
sunlamp/images/img002589.jpg,sunlamp,1,25313,2,24550,-0.508706,0.026774,0.856767,-0.0803219,142.395
sunlamp/images/img002592.jpg,sunlamp,0,36115,1,70614,0.141365,0.904735,0.254457,0.311003,130.412
sunlamp/images/img002593.jpg,sunlamp,1,23703,1,16322,0.246691,0.877124,-0.0274101,-0.411152,84.3215
sunlamp/images/img002596.jpg,sunlamp,0,67524,3,70604,0.0285481,0.256933,0.314029,0.91354,98.5814
sunlamp/images/img002597.jpg,sunlamp,0,03213,0,07370,0.93834,-0.0879694,-0.0879694,-0.322554,52.8499
sunlamp/images/img002598.jpg,sunlamp,0,40031,3,47546,-0.149139,-0.276972,0.660472,0.681778,144.431
sunlamp/images/img002599.jpg,sunlamp,0,50625,2,72413,0.179842,0.488143,0.822136,0.231226,160.028
sunlamp/images/img002600.jpg,sunlamp,2,24560,2,24324,-0.52891,0.298949,0.735875,-0.298949,33.5579
sunlamp/images/img002602.jpg,sunlamp,3,42330,0,63765,0.695817,-0.108721,0.630584,0.326164,177.436
sunlamp/images/img002606.jpg,sunlamp,3,21451,3,03722,-0.174836,-0.0249766,-0.574462,0.799251,15.6906
sunlamp/images/img002612.jpg,sunlamp,0,27557,1,16661,0.092538,0.987072,-0.092538,-0.092538,178.686
sunlamp/images/img002613.jpg,sunlamp,3,61207,0,61301,0.951522,-0.148675,0.267615,0.0297351,139.831
sunlamp/images/img002623.jpg,sunlamp,2,61756,2,52023,0.0898429,-0.269529,0.958324,0.0299476,83.75
sunlamp/images/img002630.jpg,sunlamp,3,70425,3,70605,0.0853666,0.2561,0.313011,0.910577,11.2994
sunlamp/images/img002631.jpg,sunlamp,0,24165,2,56601,0.0726113,-0.169426,0.774521,0.605095,169.187
sunlamp/images/img002632.jpg,sunlamp,1,34532,1,35242,0.431106,0.811493,0.278951,-0.278951,20.4639
sunlamp/images/img002636.jpg,sunlamp,0,40706,2,52626,0.0295269,-0.0295269,0.944862,0.324796,140.031
sunlamp/images/img002641.jpg,sunlamp,2,63442,2,36144,0.23434,0.442642,0.833209,-0.23434,92.8633
sunlamp/images/img002649.jpg,sunlamp,3,34544,3,60015,-0.613786,0.0245514,0.0736543,0.785646,106.763
sunlamp/images/img002652.jpg,sunlamp,3,47000,0,05777,0.882444,-0.0275764,-0.468798,-0.0275764,118.361
sunlamp/images/img002655.jpg,sunlamp,0,05355,1,74024,0.0266217,0.851896,0.133109,0.505813,158.638
sunlamp/images/img002656.jpg,sunlamp,1,56162,1,76101,0.265003,0.770916,0.409549,0.409549,74.1633
sunlamp/images/img002668.jpg,sunlamp,0,23577,3,42725,-0.525822,-0.0751175,0.275431,0.801253,111.855
sunlamp/images/img002669.jpg,sunlamp,2,06174,1,46226,-0.63989,0.660531,-0.0206416,0.39219,178.541
sunlamp/images/img002670.jpg,sunlamp,3,00234,2,53117,0.666551,-0.279521,0.688053,0.0645049,111.429
sunlamp/images/img002673.jpg,sunlamp,2,34521,2,34523,0.312002,0.198547,0.907642,-0.198547,4.88786
sunlamp/images/img002674.jpg,sunlamp,2,52542,2,53343,0.635866,-0.117753,0.753619,0.117753,62.7294
sunlamp/images/img002675.jpg,sunlamp,2,45262,2,44661,-0.52365,-0.343081,0.577821,0.52365,25.8466
sunlamp/images/img002676.jpg,sunlamp,1,61365,1,61270,-0.300609,0.8745,0.355266,0.136641,20.3455
sunlamp/images/img002678.jpg,sunlamp,1,52642,1,01334,-0.0634574,0.676879,-0.401897,-0.613422,123.477
sunlamp/images/img002681.jpg,sunlamp,0,12344,1,42434,-0.604494,0.716438,-0.246276,0.246276,133.145
sunlamp/images/img002685.jpg,sunlamp,3,55231,2,61400,-0.411152,0.0274101,0.877124,0.246691,150.551
sunlamp/images/img002686.jpg,sunlamp,0,34563,0,35354,0.71076,0.644126,0.199901,-0.199901,47.3516
sunlamp/images/img002687.jpg,sunlamp,1,60142,2,34475,0.211154,0.150824,0.965275,-0.0301648,172.094
sunlamp/images/img002688.jpg,sunlamp,2,45352,2,54366,0.205236,-0.387667,0.729727,0.524491,33.4744
sunlamp/images/img002689.jpg,sunlamp,3,77107,2,15741,0.564094,-0.480524,0.668555,-0.0626771,141.459
sunlamp/images/img002691.jpg,sunlamp,1,20144,0,45003,0.663935,-0.269723,-0.601691,0.352715,88.7903
sunlamp/images/img002692.jpg,sunlamp,3,23413,0,32642,0.695817,0.0217443,0.587095,-0.413141,85.8161
sunlamp/images/img002695.jpg,sunlamp,1,34435,1,12534,0.310316,0.763856,-0.262575,-0.50128,69.7817
sunlamp/images/img002698.jpg,sunlamp,0,21260,3,60076,-0.627568,0.162703,0.162703,0.743784,59.3629
sunlamp/images/img002702.jpg,sunlamp,2,02320,2,02070,-0.529208,-0.215603,0.62721,-0.529208,22.4128
sunlamp/images/img002704.jpg,sunlamp,2,53361,2,43317,-0.0307293,-0.153646,0.983336,0.0921878,85.2856
sunlamp/images/img002705.jpg,sunlamp,1,14706,2,61022,-0.416185,0.19422,0.887862,0.0277457,131.968
sunlamp/images/img002706.jpg,sunlamp,2,46576,3,50521,0.248782,-0.610647,0.203549,0.72373,105.238
sunlamp/images/img002707.jpg,sunlamp,0,61133,1,50623,0.0800926,0.854321,-0.453858,0.240278,177.74
sunlamp/images/img002712.jpg,sunlamp,3,43104,2,16577,0.411152,-0.246691,0.877124,-0.0274101,171.716
sunlamp/images/img002716.jpg,sunlamp,3,25067,1,45144,-0.138269,0.632085,-0.612333,0.454311,87.4659
sunlamp/images/img002717.jpg,sunlamp,1,16466,3,61024,-0.418772,0.139591,0.0837545,0.893381,170.675
sunlamp/images/img002718.jpg,sunlamp,1,32541,1,65545,-0.111497,0.713582,0.0222994,0.691283,157.007
sunlamp/images/img002719.jpg,sunlamp,2,30704,1,35321,0.582704,0.690612,0.280561,-0.323724,95.6761
sunlamp/images/img002720.jpg,sunlamp,0,47161,0,52625,0.93834,0.0879694,-0.0879694,0.322554,42.0698
sunlamp/images/img002721.jpg,sunlamp,2,25057,1,16061,0.0840168,0.896179,-0.308062,-0.308062,160.341
sunlamp/images/img002722.jpg,sunlamp,1,16111,1,21735,-0.024731,0.791391,0.321503,-0.51935,96.4441
sunlamp/images/img002724.jpg,sunlamp,0,56404,0,16645,0.972379,0.0911606,-0.212708,-0.0303869,81.5979
sunlamp/images/img002725.jpg,sunlamp,1,07477,0,54447,0.600999,0.0563436,-0.544655,0.582217,175.968
sunlamp/images/img002732.jpg,sunlamp,1,52640,1,56027,0.0781133,0.833209,-0.23434,0.494718,17.4434
sunlamp/images/img002733.jpg,sunlamp,3,56430,3,17204,0.434472,-0.1789,-0.332243,0.817829,117.135
sunlamp/images/img002736.jpg,sunlamp,2,30524,1,37566,0.535564,0.685522,0.492719,-0.0214226,103.518
sunlamp/images/img002737.jpg,sunlamp,2,12001,1,27420,-0.359701,0.767362,0.503581,-0.16786,158.579
sunlamp/images/img002739.jpg,sunlamp,2,74016,1,07614,-0.315058,0.916533,-0.200492,-0.143208,153.767
sunlamp/images/img002740.jpg,sunlamp,1,20023,3,45624,-0.310153,-0.392861,0.558276,0.66166,136.886
sunlamp/images/img002741.jpg,sunlamp,0,11743,2,20444,-0.649937,0.0209657,0.670902,-0.356417,113.705
sunlamp/images/img002743.jpg,sunlamp,0,52503,0,53134,0.716438,0.649272,-0.246276,0.067166,49.9572
sunlamp/images/img002746.jpg,sunlamp,1,47243,0,62320,0.653879,-0.469975,0.592578,0.0204337,98.9305
sunlamp/images/img002749.jpg,sunlamp,1,14676,0,53102,0.750298,0.58617,-0.304808,0.0234468,82.9945
sunlamp/images/img002750.jpg,sunlamp,2,05172,0,07744,0.954905,-0.208885,-0.208885,-0.0298408,168.789
sunlamp/images/img002756.jpg,sunlamp,1,33451,1,33546,0.521399,0.667391,0.396264,-0.354552,10.1636
sunlamp/images/img002762.jpg,sunlamp,1,15626,1,15666,0.424602,0.799251,-0.424602,-0.0249766,10.4955
sunlamp/images/img002765.jpg,sunlamp,2,71242,2,71000,0.468798,0.0275764,0.882444,0.0275764,33.9354
sunlamp/images/img002767.jpg,sunlamp,2,36502,0,04354,0.716438,-0.425385,-0.51494,-0.201498,127.842
sunlamp/images/img002768.jpg,sunlamp,2,17346,2,75626,0.357045,0.31504,0.672085,0.567072,111.477
sunlamp/images/img002769.jpg,sunlamp,3,27203,1,21611,-0.217325,0.772712,0.217325,-0.555387,175.122
sunlamp/images/img002773.jpg,sunlamp,3,45203,0,27224,0.673274,-0.315597,0.610155,-0.273518,178.441
sunlamp/images/img002774.jpg,sunlamp,1,64103,2,75143,0.57525,0.0639167,0.681778,0.447417,179.274
sunlamp/images/img002776.jpg,sunlamp,0,37067,2,60675,-0.553103,0.287613,0.707972,0.331862,177.686
sunlamp/images/img002777.jpg,sunlamp,1,23600,3,12664,0.0274929,-0.0824786,-0.467379,0.879772,88.2148
sunlamp/images/img002778.jpg,sunlamp,3,01277,1,67151,-0.0238705,0.763856,0.405798,0.50128,161.744
sunlamp/images/img002780.jpg,sunlamp,0,00772,0,06266,0.703849,-0.681854,-0.0219953,-0.197958,54.3279
sunlamp/images/img002781.jpg,sunlamp,3,43735,2,03717,-0.0258977,-0.129488,0.828726,-0.543852,154.249
sunlamp/images/img002782.jpg,sunlamp,3,02755,0,55260,0.695817,0.369653,-0.413141,0.45663,162.561
sunlamp/images/img002783.jpg,sunlamp,1,52474,1,42317,-0.463196,0.871899,-0.136234,0.0817405,81.2257
sunlamp/images/img002787.jpg,sunlamp,0,07771,0,61621,0.842397,-0.342224,0.342224,0.236924,75.6921
sunlamp/images/img002788.jpg,sunlamp,1,41117,1,53227,0.508706,0.856767,-0.026774,0.0803219,100.617
