image_relpath,domain,chart_gt,path_gt,chart_pred,path_pred,q_pred_w,q_pred_x,q_pred_y,q_pred_z,err_deg
synthetic/images/img000014.jpg,synthetic_val,1,46211,1,46251,-0.540548,0.691902,-0.151354,0.454061,7.78707
synthetic/images/img000022.jpg,synthetic_val,2,30413,2,30432,0.123958,0.173542,0.793334,-0.570209,11.0392
synthetic/images/img000026.jpg,synthetic_val,0,56625,0,74400,0.787547,0.0246108,0.0246108,0.615271,11.123
synthetic/images/img000033.jpg,synthetic_val,3,61442,3,65010,-0.29038,0.0263982,0.448769,0.844742,18.8387
synthetic/images/img000088.jpg,synthetic_val,1,37541,1,37475,0.51494,0.716438,0.470162,-0.0223887,15.8759
synthetic/images/img000132.jpg,synthetic_val,1,53161,1,53211,0.574462,0.799251,-0.174836,0.0249766,15.7138
synthetic/images/img000139.jpg,synthetic_val,1,05217,1,05307,-0.122757,0.785646,-0.51558,-0.319169,8.79919
synthetic/images/img000200.jpg,synthetic_val,1,35045,1,35441,0.508706,0.856767,0.026774,-0.0803219,17.2105
synthetic/images/img000209.jpg,synthetic_val,0,61577,0,65117,0.856767,-0.026774,0.0803219,0.508706,14.7451
synthetic/images/img000228.jpg,synthetic_val,0,12451,0,10653,0.739008,0.161658,-0.484974,-0.438786,14.1169
synthetic/images/img000230.jpg,synthetic_val,3,05714,3,05543,-0.114738,-0.665481,-0.0688428,0.734324,16.1788
synthetic/images/img000282.jpg,synthetic_val,0,37502,0,37075,0.702491,0.504916,0.46101,-0.197576,6.57782
synthetic/images/img000343.jpg,synthetic_val,1,25773,1,27574,-0.0781133,0.833209,0.546793,-0.0260378,15.9825
synthetic/images/img000344.jpg,synthetic_val,3,65542,3,65504,-0.164854,0.0235506,0.635866,0.753619,7.30726
synthetic/images/img000435.jpg,synthetic_val,0,03030,0,03027,0.695817,-0.282675,-0.195698,-0.630584,7.90081
synthetic/images/img000448.jpg,synthetic_val,2,34402,2,34057,0.205262,0.0879694,0.93834,-0.263908,18.5049
synthetic/images/img000462.jpg,synthetic_val,2,14347,2,14364,0.228822,-0.483068,0.813589,-0.228822,7.48185
synthetic/images/img000482.jpg,synthetic_val,2,35200,2,34371,0.38236,0.331378,0.8157,-0.280397,16.5151
synthetic/images/img000507.jpg,synthetic_val,2,25675,2,25677,-0.246691,0.411152,0.877124,-0.0274101,7.47088
synthetic/images/img000523.jpg,synthetic_val,1,71405,1,71434,0.523205,0.797264,0.124573,0.27406,8.93806
synthetic/images/img000524.jpg,synthetic_val,3,43200,3,43034,-0.308062,-0.308062,0.0840168,0.896179,19.1149
synthetic/images/img000533.jpg,synthetic_val,2,21526,2,21133,-0.0221676,0.155173,0.709362,-0.687194,29.0247
synthetic/images/img000637.jpg,synthetic_val,0,14423,0,14143,0.697136,0.239641,-0.63178,-0.239641,23.3819
synthetic/images/img000655.jpg,synthetic_val,2,43635,2,27055,-0.23434,0.442642,0.833209,-0.23434,89.9774
synthetic/images/img000669.jpg,synthetic_val,3,23333,3,32214,0.0997013,0.498507,-0.578268,0.638089,17.4844
synthetic/images/img000741.jpg,synthetic_val,3,43352,3,43334,-0.092538,-0.092538,0.092538,0.987072,7.12487
synthetic/images/img000753.jpg,synthetic_val,3,07511,3,17420,0.441447,-0.285642,-0.181772,0.830959,56.1246
synthetic/images/img000782.jpg,synthetic_val,1,35306,1,35371,0.649937,0.670902,0.272554,-0.230623,15.8951
synthetic/images/img000857.jpg,synthetic_val,2,34612,2,34643,0.0879694,0.322554,0.93834,-0.0879694,13.8809
synthetic/images/img000907.jpg,synthetic_val,3,15540,3,45513,-0.0200361,-0.581047,0.500902,0.641155,88.673
synthetic/images/img000915.jpg,synthetic_val,3,53030,3,53430,0.514341,-0.269417,0.220432,0.783758,22.7874
synthetic/images/img000990.jpg,synthetic_val,3,16300,3,16342,0.254457,-0.141365,-0.311003,0.904735,14.1299
synthetic/images/img000991.jpg,synthetic_val,2,52360,2,52722,0.261226,-0.0290252,0.928805,0.261226,16.4384
synthetic/images/img001002.jpg,synthetic_val,2,52316,2,16746,0.267615,-0.148675,0.951522,-0.0297351,14.4389
synthetic/images/img001047.jpg,synthetic_val,0,70533,0,71077,0.787547,0.566049,0.172276,0.172276,22.3286
synthetic/images/img001069.jpg,synthetic_val,0,70335,0,70343,0.890609,0.306147,0.306147,0.139158,12.5094
synthetic/images/img001193.jpg,synthetic_val,0,36313,0,36363,0.678094,0.233095,0.656904,-0.233095,15.9159
synthetic/images/img001244.jpg,synthetic_val,0,14466,0,05635,0.828726,-0.233079,-0.492056,-0.129488,34.0115
synthetic/images/img001262.jpg,synthetic_val,1,25422,1,25610,-0.308062,0.896179,0.25205,-0.196039,15.219
synthetic/images/img001290.jpg,synthetic_val,1,36564,1,36452,0.132733,0.849491,0.504385,-0.0796398,11.7805
synthetic/images/img001291.jpg,synthetic_val,3,06572,3,06752,-0.504385,-0.132733,-0.0796398,0.849491,12.7489
synthetic/images/img001292.jpg,synthetic_val,0,06523,0,06614,0.748653,-0.631676,-0.163768,-0.116977,15.9161
synthetic/images/img001322.jpg,synthetic_val,3,37304,3,37251,0.479687,0.521399,-0.229416,0.667391,6.22417
synthetic/images/img001362.jpg,synthetic_val,1,25057,1,25520,-0.206689,0.944862,0.147635,-0.206689,11.5986
synthetic/images/img001371.jpg,synthetic_val,3,16756,3,16572,0.362936,-0.251263,-0.0837545,0.893381,16.7385
synthetic/images/img001443.jpg,synthetic_val,2,21627,2,23443,-0.29707,0.434179,0.73125,-0.434179,11.4845
synthetic/images/img001487.jpg,synthetic_val,1,06711,1,06711,-0.45257,0.851896,-0.186352,-0.186352,2.72172
synthetic/images/img001513.jpg,synthetic_val,3,40345,3,40304,-0.50298,-0.50298,0.0656061,0.699798,9.56032
synthetic/images/img001522.jpg,synthetic_val,3,33144,3,31252,0.436459,0.228622,-0.561162,0.665081,14.6118
synthetic/images/img001552.jpg,synthetic_val,2,17344,2,23741,-0.110838,0.554189,0.709362,-0.421184,121.894
synthetic/images/img001554.jpg,synthetic_val,3,25064,3,25063,-0.352124,0.189605,-0.297951,0.866766,13.9264
synthetic/images/img001564.jpg,synthetic_val,0,47742,0,47557,0.689329,-0.0215415,-0.28004,0.667787,26.1259
synthetic/images/img001567.jpg,synthetic_val,0,54135,0,54147,0.638089,0.219343,-0.578268,0.458626,11.5068
synthetic/images/img001588.jpg,synthetic_val,3,65153,3,65521,-0.121303,0.121303,0.606517,0.776342,13.158
synthetic/images/img001589.jpg,synthetic_val,0,75446,0,75543,0.62721,0.529208,0.0588009,0.568409,24.0157
synthetic/images/img001621.jpg,synthetic_val,2,16703,2,16733,0.416185,-0.0277457,0.887862,-0.19422,18.3811
synthetic/images/img001664.jpg,synthetic_val,2,23150,2,21356,-0.0711268,0.260798,0.758686,-0.592723,15.6338
synthetic/images/img001665.jpg,synthetic_val,3,14024,3,25103,-0.139591,0.0837545,-0.418772,0.893381,88.6712
synthetic/images/img001692.jpg,synthetic_val,2,75757,0,75725,0.621506,0.524395,0.252487,0.524395,54.8353
synthetic/images/img001733.jpg,synthetic_val,3,57026,3,52575,0.375587,-0.275431,0.375587,0.801253,10.2397
synthetic/images/img001747.jpg,synthetic_val,0,42540,0,42441,0.673274,-0.610155,-0.315597,0.273518,12.1053
synthetic/images/img001785.jpg,synthetic_val,0,14333,0,14715,0.753619,0.353259,-0.541664,-0.117753,31.9466
synthetic/images/img001786.jpg,synthetic_val,1,10576,1,15222,0.397722,0.748653,-0.397722,-0.350931,22.4226
synthetic/images/img001848.jpg,synthetic_val,2,32401,2,32640,0.0222994,0.557486,0.713582,-0.423689,23.4961
synthetic/images/img001891.jpg,synthetic_val,0,25522,0,25700,0.922608,-0.20182,0.259483,-0.20182,6.60301
synthetic/images/img001935.jpg,synthetic_val,2,53627,2,71412,0.532542,0.0760775,0.811493,0.228232,13.4073
synthetic/images/img001937.jpg,synthetic_val,2,20433,2,20125,-0.434959,0.103562,0.662794,-0.600657,17.9692
synthetic/images/img001953.jpg,synthetic_val,0,52142,0,52015,0.88514,0.193624,-0.41491,0.0829819,12.0546
synthetic/images/img002019.jpg,synthetic_val,0,15441,0,14030,0.715006,0.11172,-0.603286,-0.335159,45.4431
synthetic/images/img002040.jpg,synthetic_val,2,05657,2,05631,-0.231226,-0.488143,0.822136,-0.179842,16.6442
synthetic/images/img002111.jpg,synthetic_val,2,33260,2,33622,0.321098,0.585531,0.604419,-0.434426,7.36694
synthetic/images/img002128.jpg,synthetic_val,3,47036,3,43427,-0.348062,-0.240966,0.294514,0.856767,22.4283
synthetic/images/img002184.jpg,synthetic_val,1,56314,1,52771,0.397081,0.847106,-0.0794162,0.344137,20.9159
synthetic/images/img002210.jpg,synthetic_val,3,33112,3,31221,0.378865,0.259223,-0.618148,0.638089,22.2874
synthetic/images/img002261.jpg,synthetic_val,0,03717,0,03657,0.849491,-0.238919,-0.132733,-0.451292,26.4119
synthetic/images/img002317.jpg,synthetic_val,3,06671,3,24146,-0.567426,0.0740121,-0.222036,0.789462,23.1561
synthetic/images/img002513.jpg,synthetic_val,2,43374,2,43771,-0.0288315,-0.0864945,0.922608,0.374809,19.0277
synthetic/images/img002526.jpg,synthetic_val,1,10522,1,10620,0.0228515,0.73125,-0.434179,-0.525586,23.2497
synthetic/images/img002546.jpg,synthetic_val,0,21767,0,21770,0.809414,-0.0758825,0.328824,-0.480589,11.188
synthetic/images/img002607.jpg,synthetic_val,3,26406,3,20306,-0.458626,0.219343,-0.578268,0.638089,60.4413
synthetic/images/img002637.jpg,synthetic_val,3,75476,3,75645,0.385673,0.182687,0.629255,0.649554,7.27628
synthetic/images/img002681.jpg,synthetic_val,1,35424,1,30566,0.236924,0.842397,0.184274,-0.447523,48.2221
synthetic/images/img002702.jpg,synthetic_val,1,44336,1,44333,-0.390934,0.735875,-0.390934,0.390934,5.77321
synthetic/images/img002708.jpg,synthetic_val,0,67430,0,67215,0.699798,-0.196818,0.546718,0.415505,18.3832
synthetic/images/img002744.jpg,synthetic_val,0,22274,0,22627,0.559855,-0.507368,0.542359,-0.367405,8.79794
synthetic/images/img002756.jpg,synthetic_val,3,52435,3,52461,0.0824786,-0.302422,0.357407,0.879772,13.4525
synthetic/images/img002786.jpg,synthetic_val,0,60047,0,60023,0.73125,-0.662695,0.159961,0.0228515,18.3258
synthetic/images/img002790.jpg,synthetic_val,3,07160,3,07255,-0.2561,-0.199189,-0.2561,0.910577,14.2809
synthetic/images/img002914.jpg,synthetic_val,0,30030,3,06607,-0.662695,-0.114258,-0.114258,0.73125,5.79658
synthetic/images/img003032.jpg,synthetic_val,0,72612,0,72050,0.866766,0.135432,0.46047,0.135432,26.8384
synthetic/images/img003033.jpg,synthetic_val,1,35215,1,35221,0.45047,0.758686,0.308216,-0.355634,15.6683
synthetic/images/img003084.jpg,synthetic_val,0,54260,0,54207,0.74702,0.0700331,-0.490232,0.443543,7.75584
synthetic/images/img003123.jpg,synthetic_val,0,51566,0,51565,0.615044,0.518943,-0.518943,0.288302,5.21079
synthetic/images/img003138.jpg,synthetic_val,0,47035,0,47147,0.765603,-0.119625,-0.311026,0.550277,16.0916
synthetic/images/img003139.jpg,synthetic_val,0,42237,0,42763,0.791391,-0.51935,-0.024731,0.321503,29.0621
synthetic/images/img003170.jpg,synthetic_val,2,23576,2,23574,-0.0714488,0.500142,0.762121,-0.404877,3.82343
synthetic/images/img003285.jpg,synthetic_val,0,24341,0,24172,0.811493,-0.481824,0.177514,-0.278951,7.62555
synthetic/images/img003304.jpg,synthetic_val,0,13522,0,13522,0.673274,0.525995,-0.189358,-0.483916,2.03015
synthetic/images/img003328.jpg,synthetic_val,2,25340,2,25306,-0.189605,0.297951,0.866766,-0.352124,9.79284
synthetic/images/img003377.jpg,synthetic_val,3,56512,3,57427,0.405542,-0.192099,0.576297,0.683019,17.8164
synthetic/images/img003378.jpg,synthetic_val,3,61520,3,61714,-0.0853666,0.2561,0.313011,0.910577,22.4847
synthetic/images/img003401.jpg,synthetic_val,3,43731,3,43770,-0.0862083,-0.0862083,0.373569,0.919555,14.0319
synthetic/images/img003584.jpg,synthetic_val,0,12027,0,12214,0.72671,0.113548,-0.158968,-0.658581,10.9832
synthetic/images/img003639.jpg,synthetic_val,1,40302,1,40364,-0.51912,0.722254,-0.428838,0.157993,17.4388
synthetic/images/img003649.jpg,synthetic_val,0,47236,0,65033,0.842397,-0.236924,0.184274,0.447523,24.5109
synthetic/images/img003707.jpg,synthetic_val,3,71601,3,71644,0.422499,0.223676,0.372793,0.795292,17.7581
synthetic/images/img003736.jpg,synthetic_val,3,50746,3,54233,0.172276,-0.418384,0.418384,0.787547,10.8282
synthetic/images/img003783.jpg,synthetic_val,3,42054,0,40602,0.639106,-0.619134,-0.419413,0.179749,168.444
synthetic/images/img003795.jpg,synthetic_val,1,43471,1,43416,-0.29038,0.844742,-0.343176,0.29038,13.3196
synthetic/images/img003805.jpg,synthetic_val,3,24451,3,24453,-0.612311,0.0734773,-0.0734773,0.783758,5.19813
synthetic/images/img003830.jpg,synthetic_val,0,50374,0,50613,0.801253,0.175274,-0.525822,0.225352,16.8801
synthetic/images/img003864.jpg,synthetic_val,2,70261,2,70602,0.0285481,0.314029,0.91354,0.256933,14.7096
synthetic/images/img003870.jpg,synthetic_val,3,34032,3,34075,0.203864,0.145617,-0.262111,0.931951,18.8612
synthetic/images/img003877.jpg,synthetic_val,3,14351,3,15076,0.450702,-0.53655,-0.193158,0.686784,15.7708
synthetic/images/img003878.jpg,synthetic_val,0,06313,0,07202,0.826512,-0.387427,-0.129142,-0.387427,4.68923
synthetic/images/img003880.jpg,synthetic_val,2,40377,2,40375,-0.409549,-0.457732,0.770916,0.168638,7.07066
synthetic/images/img003901.jpg,synthetic_val,3,34251,3,34621,0.0848189,0.367549,-0.197911,0.904735,20.2088
synthetic/images/img003987.jpg,synthetic_val,1,65624,1,65623,-0.287613,0.707972,0.331862,0.553103,6.08414
synthetic/images/img004110.jpg,synthetic_val,0,02715,0,03426,0.760398,-0.356436,-0.213862,-0.499011,9.1736
synthetic/images/img004258.jpg,synthetic_val,1,02715,1,02651,-0.55095,0.705215,-0.154266,-0.418722,20.3181
synthetic/images/img004429.jpg,synthetic_val,3,35702,3,35761,0.61443,0.295837,-0.06827,0.728214,10.7701
synthetic/images/img004489.jpg,synthetic_val,0,14460,0,14456,0.735875,0.114981,-0.666887,-0.0229961,14.0418
synthetic/images/img004509.jpg,synthetic_val,2,27562,2,27560,-0.179369,0.538108,0.819974,-0.0768726,6.23741
synthetic/images/img004586.jpg,synthetic_val,0,74361,0,74213,0.830959,0.181772,0.285642,0.441447,13.4192
synthetic/images/img004672.jpg,synthetic_val,1,16173,1,16173,0.393784,0.840072,-0.23627,-0.288775,2.89344
synthetic/images/img004684.jpg,synthetic_val,0,35426,0,35522,0.765603,0.598127,0.167476,-0.167476,20.1957
synthetic/images/img004686.jpg,synthetic_val,2,71602,2,71434,0.523205,0.124573,0.797264,0.27406,23.723
synthetic/images/img004707.jpg,synthetic_val,2,13623,2,13276,0.459243,-0.0218687,0.699798,-0.546718,6.56028
synthetic/images/img004738.jpg,synthetic_val,1,42637,1,42421,-0.637864,0.703849,-0.241948,0.197958,27.7105
synthetic/images/img004784.jpg,synthetic_val,0,66565,0,55645,0.596803,0.354352,-0.428952,0.578153,135.449
synthetic/images/img004815.jpg,synthetic_val,3,60376,3,62145,-0.494563,0.40036,0.164854,0.753619,7.68454
synthetic/images/img004848.jpg,synthetic_val,0,71074,0,71071,0.799251,0.574462,0.124883,0.124883,8.81277
synthetic/images/img005045.jpg,synthetic_val,0,16421,0,16414,0.887862,0.138728,-0.416185,-0.138728,13.6621
synthetic/images/img005049.jpg,synthetic_val,1,26504,1,24723,-0.503581,0.767362,0.359701,-0.16786,7.71402
synthetic/images/img005080.jpg,synthetic_val,3,47333,3,47133,-0.026774,-0.240966,0.455158,0.856767,25.7929
synthetic/images/img005103.jpg,synthetic_val,0,07662,0,05665,0.811493,-0.329669,-0.481824,-0.0253592,53.1915
synthetic/images/img005113.jpg,synthetic_val,2,04075,2,04356,-0.435089,-0.480888,0.732782,-0.206095,16.4106
synthetic/images/img005155.jpg,synthetic_val,1,70151,1,52733,0.411152,0.877124,-0.0274101,0.246691,14.1199
synthetic/images/img005184.jpg,synthetic_val,3,61260,3,63020,-0.36477,0.510678,0.024318,0.778177,24.9874
synthetic/images/img005334.jpg,synthetic_val,1,34526,1,34615,0.203864,0.931951,0.262111,-0.145617,9.94996
synthetic/images/img005335.jpg,synthetic_val,3,40305,3,40356,-0.438786,-0.484974,0.161658,0.739008,11.0024
synthetic/images/img005381.jpg,synthetic_val,1,67527,1,76104,0.214834,0.763856,0.405798,0.453539,42.7189
synthetic/images/img005452.jpg,synthetic_val,3,74113,3,74115,0.373718,0.0249145,0.473376,0.797264,10.7408
synthetic/images/img005483.jpg,synthetic_val,2,74304,2,74502,0.215821,0.0719402,0.767362,0.599501,20.5367
synthetic/images/img005528.jpg,synthetic_val,3,21575,3,25131,-0.0280056,0.140028,-0.420084,0.896179,3.24567
synthetic/images/img005529.jpg,synthetic_val,0,50423,0,05661,0.809414,-0.328824,-0.480589,-0.0758825,57.7942
synthetic/images/img005542.jpg,synthetic_val,1,34066,1,34025,0.0856444,0.91354,0.142741,-0.371126,12.5693
synthetic/images/img005617.jpg,synthetic_val,0,36017,0,34233,0.819974,0.179369,0.384363,-0.384363,9.37723
synthetic/images/img005646.jpg,synthetic_val,0,02067,0,02660,0.659408,-0.638802,-0.0618195,-0.391524,20.1212
synthetic/images/img005668.jpg,synthetic_val,3,05226,3,04552,-0.401897,-0.613422,-0.0634574,0.676879,40.5285
synthetic/images/img005800.jpg,synthetic_val,2,13466,2,16135,0.38236,-0.280397,0.8157,-0.331378,10.7887
synthetic/images/img005805.jpg,synthetic_val,3,43457,3,43645,-0.339413,-0.182761,0.39163,0.835478,23.4955
synthetic/images/img005828.jpg,synthetic_val,2,56231,2,56232,0.136641,-0.0273281,0.8745,0.464578,7.99329
synthetic/images/img005871.jpg,synthetic_val,0,16017,0,16124,0.856767,0.240966,-0.294514,-0.348062,8.9236
synthetic/images/img005967.jpg,synthetic_val,2,07515,2,43134,-0.0879694,-0.322554,0.93834,0.0879694,28.2035
synthetic/images/img006003.jpg,synthetic_val,1,36740,1,36413,0.181772,0.830959,0.493382,-0.181772,18.069
synthetic/images/img006099.jpg,synthetic_val,3,43741,3,43747,-0.138728,-0.138728,0.416185,0.887862,6.16199
synthetic/images/img006184.jpg,synthetic_val,2,57253,2,57140,0.519594,-0.311757,0.665081,0.436459,24.4745
synthetic/images/img006210.jpg,synthetic_val,1,12105,1,10232,0.10428,0.667391,-0.354552,-0.646535,17.5769
synthetic/images/img006221.jpg,synthetic_val,1,75652,1,74215,0.179842,0.822136,0.231226,0.488143,37.6924
synthetic/images/img006421.jpg,synthetic_val,1,43345,1,43351,-0.0301648,0.965275,-0.211154,0.150824,13.6289
synthetic/images/img006587.jpg,synthetic_val,3,30024,3,03122,-0.15221,-0.195698,-0.674072,0.695817,38.9465
synthetic/images/img006641.jpg,synthetic_val,3,40701,3,40356,-0.438786,-0.484974,0.161658,0.739008,7.30493
synthetic/images/img006682.jpg,synthetic_val,2,05567,2,05573,-0.0245514,-0.613786,0.785646,-0.0736543,10.3358
synthetic/images/img006689.jpg,synthetic_val,1,34602,1,34252,0.139158,0.890609,0.306147,-0.306147,18.1851
synthetic/images/img006716.jpg,synthetic_val,3,64130,3,64144,-0.503945,0.0219107,0.503945,0.701141,19.1021
synthetic/images/img006781.jpg,synthetic_val,1,71647,1,70774,0.326328,0.80327,0.326328,0.376533,18.1601
synthetic/images/img006795.jpg,synthetic_val,3,35141,3,35120,0.57369,0.114738,-0.344214,0.734324,16.2362
synthetic/images/img006865.jpg,synthetic_val,0,05553,0,41070,0.734324,-0.252424,-0.619586,0.114738,33.9406
synthetic/images/img006877.jpg,synthetic_val,3,44123,3,44340,-0.457898,-0.457898,0.418081,0.637076,8.61478
synthetic/images/img006926.jpg,synthetic_val,0,52222,0,07676,0.944862,-0.324796,-0.0295269,-0.0295269,39.1037
synthetic/images/img006943.jpg,synthetic_val,2,25723,2,25367,-0.135831,0.407494,0.869321,-0.244497,5.91234
synthetic/images/img006945.jpg,synthetic_val,0,74110,0,70705,0.871899,0.299715,0.245222,0.299715,29.5621
synthetic/images/img006959.jpg,synthetic_val,1,73421,1,73433,0.494538,0.688053,0.494538,0.193515,8.85503
synthetic/images/img007056.jpg,synthetic_val,2,61312,2,34640,0.0299476,0.269529,0.958324,-0.0898429,18.1162
synthetic/images/img007093.jpg,synthetic_val,0,20554,0,24070,0.734324,-0.619586,0.114738,-0.252424,28.6336
synthetic/images/img007102.jpg,synthetic_val,2,42062,0,44010,0.583945,-0.492704,-0.565697,0.310221,95.1551
synthetic/images/img007118.jpg,synthetic_val,1,17564,1,17475,0.561979,0.781884,-0.268773,-0.0244339,4.20851
synthetic/images/img007134.jpg,synthetic_val,1,14112,1,14140,0.19245,0.684267,-0.662884,-0.235217,12.4894
synthetic/images/img007190.jpg,synthetic_val,3,63511,3,61712,-0.0853666,0.313011,0.2561,0.910577,17.0105
synthetic/images/img007200.jpg,synthetic_val,1,62004,1,60220,-0.667787,0.689329,0.28004,0.0215415,11.3063
synthetic/images/img007226.jpg,synthetic_val,1,70561,2,70135,0.418772,0.139591,0.893381,0.0837545,134.75
synthetic/images/img007259.jpg,synthetic_val,1,03633,1,03522,-0.17063,0.780024,-0.219382,-0.560642,20.7784
synthetic/images/img007277.jpg,synthetic_val,1,20070,3,15540,0.488509,-0.605751,-0.058621,0.625291,12.4739
synthetic/images/img007304.jpg,synthetic_val,1,67607,1,66335,-0.338985,0.638089,0.578268,0.378865,21.4275
synthetic/images/img007368.jpg,synthetic_val,0,15601,0,15566,0.670902,0.524142,-0.524142,-0.0209657,19.225
synthetic/images/img007375.jpg,synthetic_val,3,60355,3,60335,-0.440261,0.33667,0.0776931,0.828726,16.5062
synthetic/images/img007457.jpg,synthetic_val,1,24716,1,24736,-0.469888,0.791391,0.370965,-0.123655,10.9348
synthetic/images/img007647.jpg,synthetic_val,1,40131,1,05467,-0.304808,0.750298,-0.58617,-0.0234468,12.2287
synthetic/images/img007698.jpg,synthetic_val,3,51607,3,51041,0.390201,-0.636643,0.102684,0.65718,24.6988
synthetic/images/img007753.jpg,synthetic_val,1,06367,1,06726,-0.578811,0.805302,-0.0251657,-0.125828,9.9056
synthetic/images/img007805.jpg,synthetic_val,3,50362,3,50275,0.181772,-0.493382,0.181772,0.830959,10.8847
synthetic/images/img007914.jpg,synthetic_val,0,23163,0,23313,0.614137,-0.0191918,0.518178,-0.594945,13.1293
synthetic/images/img007917.jpg,synthetic_val,3,43063,3,43063,-0.360694,-0.249711,0.138728,0.887862,1.48757
synthetic/images/img007921.jpg,synthetic_val,1,76027,1,72645,0.0691347,0.737437,0.576123,0.345674,12.7274
synthetic/images/img007928.jpg,synthetic_val,0,11115,0,44177,0.644266,-0.342266,-0.503333,0.463066,158.171
synthetic/images/img007932.jpg,synthetic_val,3,05105,1,04053,-0.489256,0.626248,-0.567537,-0.215273,136.097
synthetic/images/img007937.jpg,synthetic_val,3,21733,3,21712,-0.0731272,0.268133,-0.560642,0.780024,13.1907
synthetic/images/img007966.jpg,synthetic_val,1,43050,1,43203,-0.372342,0.916533,-0.143208,0.0286417,32.5946
synthetic/images/img007975.jpg,synthetic_val,0,73476,0,72257,0.743784,0.162703,0.627568,0.162703,39.2344
synthetic/images/img008000.jpg,synthetic_val,1,03651,1,03536,-0.0760775,0.811493,-0.228232,-0.532542,17.5596
synthetic/images/img008053.jpg,synthetic_val,3,53223,3,53205,0.500173,-0.184274,0.0789747,0.842397,17.5363
synthetic/images/img008078.jpg,synthetic_val,2,42321,2,42311,-0.46047,-0.189605,0.866766,0.0270864,16.3606
synthetic/images/img008083.jpg,synthetic_val,1,74277,1,74435,0.163768,0.748653,0.116977,0.631676,26.4856
synthetic/images/img008181.jpg,synthetic_val,0,44545,0,44007,0.577821,-0.52365,-0.52365,0.343081,30.2563
synthetic/images/img008191.jpg,synthetic_val,2,72471,2,72164,0.225352,0.525822,0.801253,0.175274,19.7345
synthetic/images/img008253.jpg,synthetic_val,1,20437,0,44200,0.604419,-0.585531,-0.434426,0.321098,37.2508
synthetic/images/img008398.jpg,synthetic_val,2,15315,2,17527,0.626216,-0.208739,0.742182,-0.115966,34.9449
synthetic/images/img008493.jpg,synthetic_val,0,65574,0,65571,0.735875,-0.0229961,0.114981,0.666887,3.82625
synthetic/images/img008515.jpg,synthetic_val,0,01263,0,03041,0.690612,-0.280561,-0.323724,-0.582704,4.49936
synthetic/images/img008562.jpg,synthetic_val,1,45005,1,45050,-0.217961,0.634068,-0.614253,0.416107,7.40356
synthetic/images/img008609.jpg,synthetic_val,3,03405,3,02352,-0.410817,-0.10811,-0.583792,0.691902,32.0361
synthetic/images/img008715.jpg,synthetic_val,3,64036,3,60466,-0.652234,0.147279,0.315597,0.673274,13.4138
synthetic/images/img008747.jpg,synthetic_val,1,61574,1,65113,-0.0274929,0.879772,0.0824786,0.467379,11.3719
synthetic/images/img008812.jpg,synthetic_val,1,06347,1,06335,-0.440261,0.828726,-0.0776931,-0.33667,18.36
synthetic/images/img008856.jpg,synthetic_val,2,63174,2,63510,-0.0800926,0.453858,0.854321,0.240278,11.5245
synthetic/images/img008863.jpg,synthetic_val,0,75464,0,71546,0.737437,0.576123,0.0691347,0.345674,43.6135
synthetic/images/img008866.jpg,synthetic_val,2,07551,2,07551,-0.028183,-0.422745,0.901856,-0.084549,1.93132
synthetic/images/img008868.jpg,synthetic_val,2,47124,2,47161,-0.124573,-0.27406,0.797264,0.523205,6.69553
synthetic/images/img008947.jpg,synthetic_val,3,60163,3,60171,-0.46047,0.135432,0.135432,0.866766,13.2758
synthetic/images/img008965.jpg,synthetic_val,0,56410,0,56404,0.719328,0.022479,-0.337185,0.606933,14.0966
synthetic/images/img008968.jpg,synthetic_val,3,60055,3,60145,-0.539527,0.0256917,0.179842,0.822136,8.04842
synthetic/images/img008999.jpg,synthetic_val,0,70053,0,70051,0.965275,0.211154,0.0301648,0.150824,6.40201
synthetic/images/img009018.jpg,synthetic_val,1,63131,1,27527,-0.124883,0.799251,0.574462,-0.124883,21.8665
synthetic/images/img009103.jpg,synthetic_val,0,04336,0,06115,0.774521,-0.411464,-0.363057,-0.314649,6.711
synthetic/images/img009175.jpg,synthetic_val,3,70172,3,70176,0.36181,0.194821,0.194821,0.890609,5.9002
synthetic/images/img009184.jpg,synthetic_val,1,46770,1,46716,-0.410817,0.691902,-0.10811,0.583792,5.35096
synthetic/images/img009259.jpg,synthetic_val,1,63606,1,63650,-0.249807,0.72671,0.567742,0.295226,9.65061
synthetic/images/img009270.jpg,synthetic_val,3,34252,3,34252,0.139158,0.306147,-0.306147,0.890609,2.99405
synthetic/images/img009280.jpg,synthetic_val,3,53536,3,53741,0.608164,-0.157672,0.29282,0.720787,10.5528
synthetic/images/img009318.jpg,synthetic_val,2,45224,2,45226,-0.344214,-0.390109,0.734324,0.436005,3.98359
synthetic/images/img009384.jpg,synthetic_val,1,54703,1,54705,0.224396,0.652789,-0.469192,0.550791,2.61395
synthetic/images/img009414.jpg,synthetic_val,3,24153,3,24531,-0.456468,0.134255,-0.187958,0.859235,15.3051
synthetic/images/img009443.jpg,synthetic_val,0,54316,0,50646,0.778177,0.024318,-0.510678,0.36477,32.2249
synthetic/images/img009640.jpg,synthetic_val,3,17026,3,16311,0.384363,-0.179369,-0.384363,0.819974,9.71938
synthetic/images/img009666.jpg,synthetic_val,1,35055,1,35046,0.453858,0.854321,0.0800926,-0.240278,16.8958
synthetic/images/img009693.jpg,synthetic_val,0,73150,0,71723,0.705215,0.595026,0.33057,0.198342,10.2354
synthetic/images/img009720.jpg,synthetic_val,2,13415,2,11611,0.450116,-0.450116,0.626248,-0.450116,18.8646
synthetic/images/img009801.jpg,synthetic_val,2,73033,2,73502,0.546718,0.415505,0.699798,0.196818,23.6964
synthetic/images/img009880.jpg,synthetic_val,1,15775,0,17071,0.755297,0.54287,-0.259633,-0.259633,36.847
synthetic/images/img009887.jpg,synthetic_val,2,45507,2,45035,-0.192099,-0.576297,0.683019,0.405542,20.3315
synthetic/images/img009916.jpg,synthetic_val,3,07357,3,07711,-0.0298408,-0.208885,-0.208885,0.954905,10.5765
synthetic/images/img009933.jpg,synthetic_val,0,13450,0,13565,0.688053,0.580544,-0.236518,-0.365528,16.6874
synthetic/images/img009943.jpg,synthetic_val,0,63331,0,27672,0.695817,-0.239187,0.674072,-0.0652328,28.7897
synthetic/images/img010030.jpg,synthetic_val,2,06433,2,06503,-0.511891,-0.316885,0.780024,-0.17063,12.4129
synthetic/images/img010063.jpg,synthetic_val,3,24700,3,24520,-0.570209,0.123958,-0.173542,0.793334,12.3635
synthetic/images/img010079.jpg,synthetic_val,2,70124,2,70107,0.322554,0.0879694,0.93834,0.0879694,7.63981
synthetic/images/img010088.jpg,synthetic_val,2,41463,2,41604,-0.344214,-0.527795,0.734324,0.252424,4.56286
synthetic/images/img010124.jpg,synthetic_val,3,52104,3,52121,0.309033,-0.309033,0.0280939,0.899004,13.9226
synthetic/images/img010133.jpg,synthetic_val,2,43434,2,43056,-0.297951,-0.352124,0.866766,0.189605,13.3591
synthetic/images/img010151.jpg,synthetic_val,2,30273,2,03566,-0.184274,-0.236924,0.842397,-0.447523,81.4129
synthetic/images/img010177.jpg,synthetic_val,1,37471,1,37447,0.454577,0.765603,0.454577,-0.0239251,9.77486
synthetic/images/img010220.jpg,synthetic_val,0,55012,0,51707,0.665081,0.561162,-0.436459,0.228622,26.5017
synthetic/images/img010238.jpg,synthetic_val,2,12623,2,12612,0.124883,-0.124883,0.799251,-0.574462,10.1488
synthetic/images/img010321.jpg,synthetic_val,0,74725,0,74537,0.71076,0.333169,0.155479,0.599704,17.5661
synthetic/images/img010413.jpg,synthetic_val,2,67233,2,67633,-0.173494,0.597592,0.616869,0.481929,18.6269
synthetic/images/img010451.jpg,synthetic_val,2,41625,2,41626,-0.368271,-0.417374,0.785646,0.270066,9.12514
synthetic/images/img010453.jpg,synthetic_val,1,47655,1,47742,-0.158968,0.72671,-0.113548,0.658581,6.68722
synthetic/images/img010478.jpg,synthetic_val,1,05530,1,14434,0.117753,0.753619,-0.635866,-0.117753,23.3521
synthetic/images/img010504.jpg,synthetic_val,0,05705,0,05375,0.835478,-0.0261087,-0.496065,-0.234978,19.8163
synthetic/images/img010547.jpg,synthetic_val,3,57502,3,57431,0.479687,-0.229416,0.521399,0.667391,8.82996
synthetic/images/img010583.jpg,synthetic_val,3,50604,3,50640,0.0240911,-0.554096,0.313185,0.770916,6.46318
synthetic/images/img010589.jpg,synthetic_val,2,56350,2,54333,0.350931,-0.397722,0.748653,0.397722,28.0967
synthetic/images/img010628.jpg,synthetic_val,1,26746,1,62303,-0.448231,0.683019,0.576297,0.0213443,6.43291
synthetic/images/img010644.jpg,synthetic_val,0,01216,0,61641,0.842397,-0.342224,0.236924,0.342224,143.729
synthetic/images/img010697.jpg,synthetic_val,0,47626,0,45777,0.670902,-0.0209657,-0.356417,0.649937,52.5203
synthetic/images/img010700.jpg,synthetic_val,1,63160,1,63523,-0.122757,0.785646,0.564683,0.220963,13.4546
synthetic/images/img010701.jpg,synthetic_val,2,67235,2,67633,-0.173494,0.597592,0.616869,0.481929,9.76836
synthetic/images/img010723.jpg,synthetic_val,2,74242,2,74013,0.189051,0.0810219,0.864234,0.459124,29.4286
synthetic/images/img010791.jpg,synthetic_val,1,63535,1,72424,0.0251022,0.80327,0.527146,0.276124,5.09158
synthetic/images/img010813.jpg,synthetic_val,2,12763,2,30457,0.189051,0.0810219,0.864234,-0.459124,20.0012
synthetic/images/img010897.jpg,synthetic_val,0,21057,0,21107,0.734324,-0.114738,0.0688428,-0.665481,13.2676
synthetic/images/img010934.jpg,synthetic_val,2,63444,2,63662,-0.307535,0.635572,0.656074,0.26653,32.3444
synthetic/images/img010974.jpg,synthetic_val,3,57527,3,57245,0.428838,-0.157993,0.51912,0.722254,15.7102
synthetic/images/img011010.jpg,synthetic_val,3,07476,3,07433,-0.2561,-0.2561,-0.199189,0.910577,18.1076
synthetic/images/img011172.jpg,synthetic_val,1,56765,1,56734,0.295837,0.728214,-0.06827,0.61443,10.6975
synthetic/images/img011177.jpg,synthetic_val,0,37124,0,37071,0.695817,0.500118,0.45663,-0.239187,6.36332
synthetic/images/img011247.jpg,synthetic_val,2,52225,2,52224,0.0309641,-0.0928922,0.99085,0.0928922,7.54561
synthetic/images/img011311.jpg,synthetic_val,1,50235,1,50263,0.0817405,0.871899,-0.463196,0.136234,13.8381
synthetic/images/img011323.jpg,synthetic_val,2,12574,2,12740,0.231226,-0.179842,0.822136,-0.488143,16.9274
synthetic/images/img011339.jpg,synthetic_val,0,61125,0,61114,0.99085,-0.0928922,0.0309641,0.0928922,13.5363
synthetic/images/img011342.jpg,synthetic_val,3,13767,3,15535,0.592333,-0.515903,-0.0955375,0.61144,68.2215
synthetic/images/img011364.jpg,synthetic_val,2,40050,2,15045,0.385673,-0.629255,0.649554,-0.182687,113.519
synthetic/images/img011368.jpg,synthetic_val,2,07540,2,07505,-0.138728,-0.416185,0.887862,-0.138728,11.2658
synthetic/images/img011395.jpg,synthetic_val,2,61733,2,61725,-0.136641,0.355266,0.8745,0.300609,17.0316
synthetic/images/img011490.jpg,synthetic_val,2,34564,2,70122,0.26482,0.205971,0.941584,0.0294245,12.6835
synthetic/images/img011513.jpg,synthetic_val,3,26561,3,26545,-0.50128,0.405798,-0.0238705,0.763856,10.6969
synthetic/images/img011565.jpg,synthetic_val,2,56343,2,56716,0.294619,-0.113315,0.725215,0.6119,15.3102
synthetic/images/img011611.jpg,synthetic_val,0,23675,0,17207,0.805302,0.478148,-0.125828,-0.327154,120.557
synthetic/images/img011612.jpg,synthetic_val,3,57721,3,75444,0.356417,0.0209657,0.649937,0.670902,27.3938
synthetic/images/img011614.jpg,synthetic_val,1,41713,1,41716,-0.0751175,0.801253,-0.525822,0.275431,8.73554
synthetic/images/img011683.jpg,synthetic_val,1,05774,1,41334,-0.0800926,0.854321,-0.507253,0.0800926,12.8023
synthetic/images/img011853.jpg,synthetic_val,3,12777,3,16312,0.342224,-0.131625,-0.394874,0.842397,14.206
synthetic/images/img011894.jpg,synthetic_val,3,77735,3,77177,0.561967,0.416943,0.416943,0.580095,11.4092
synthetic/images/img011957.jpg,synthetic_val,3,24136,3,24134,-0.478148,0.125828,-0.327154,0.805302,4.89312
synthetic/images/img011966.jpg,synthetic_val,0,51015,0,04667,0.689329,-0.624704,-0.366206,-0.0215415,136.806
synthetic/images/img011990.jpg,synthetic_val,0,16430,0,16416,0.907642,0.141819,-0.368729,-0.141819,8.28338
synthetic/images/img012043.jpg,synthetic_val,2,60752,2,60656,-0.589329,0.240097,0.698464,0.327405,15.3077
synthetic/images/img012076.jpg,synthetic_val,0,17326,0,15556,0.615044,0.557383,-0.557383,-0.0192201,74.2895
synthetic/images/img012085.jpg,synthetic_val,1,34225,1,25373,-0.0270073,0.864234,0.40511,-0.29708,13.3637
synthetic/images/img012124.jpg,synthetic_val,3,31052,3,31216,0.42627,0.223284,-0.588658,0.649554,20.2493
synthetic/images/img012300.jpg,synthetic_val,1,27034,1,27432,-0.265003,0.770916,0.554096,-0.168638,14.9711
synthetic/images/img012407.jpg,synthetic_val,1,06465,1,60211,-0.600885,0.769133,0.216319,0.0240354,56.0339
synthetic/images/img012415.jpg,synthetic_val,0,03631,0,03306,0.72671,-0.158968,-0.113548,-0.658581,13.6467
synthetic/images/img012425.jpg,synthetic_val,1,17647,1,17635,0.57735,0.80327,-0.0753066,-0.125511,14.7858
synthetic/images/img012434.jpg,synthetic_val,3,42500,3,40362,-0.532299,-0.393438,0.115717,0.74059,9.81859
synthetic/images/img012461.jpg,synthetic_val,3,76462,2,76431,0.151354,0.454061,0.691902,0.540548,23.4515
synthetic/images/img012476.jpg,synthetic_val,0,70423,0,70441,0.922608,0.0864945,0.0288315,0.374809,20.0309
synthetic/images/img012509.jpg,synthetic_val,1,31527,1,31076,0.454061,0.691902,0.151354,-0.540548,17.7567
synthetic/images/img012532.jpg,synthetic_val,3,76157,3,74335,0.355634,0.308216,0.45047,0.758686,13.344
synthetic/images/img012620.jpg,synthetic_val,3,04267,3,04605,-0.589631,-0.467638,-0.10166,0.650627,13.767
synthetic/images/img012662.jpg,synthetic_val,2,67121,2,63536,-0.0731272,0.560642,0.780024,0.268133,17.634
synthetic/images/img012670.jpg,synthetic_val,1,43613,1,43710,-0.0879694,0.93834,-0.205262,0.263908,19.8518
synthetic/images/img012676.jpg,synthetic_val,3,03410,3,03561,-0.127786,-0.281129,-0.485586,0.817829,18.448
synthetic/images/img012733.jpg,synthetic_val,0,32406,0,32454,0.793334,0.123958,0.421459,-0.421459,13.3886
synthetic/images/img012758.jpg,synthetic_val,0,40710,0,45063,0.673274,-0.273518,-0.525995,0.441836,31.5218
synthetic/images/img012817.jpg,synthetic_val,2,11424,2,14354,0.306158,-0.541664,0.753619,-0.211955,25.7757
synthetic/images/img012842.jpg,synthetic_val,3,24543,3,24552,-0.507253,0.0800926,-0.0800926,0.854321,5.5884
synthetic/images/img012919.jpg,synthetic_val,0,23237,0,13010,0.621506,0.407863,-0.291331,-0.602084,126.119
synthetic/images/img012954.jpg,synthetic_val,1,62331,1,63234,-0.246276,0.716438,0.649272,0.067166,16.0031
synthetic/images/img013020.jpg,synthetic_val,3,56063,3,56211,0.186352,-0.186352,0.45257,0.851896,17.9691
synthetic/images/img013044.jpg,synthetic_val,2,20201,3,20735,-0.387667,0.296452,-0.478883,0.729727,127.111
synthetic/images/img013062.jpg,synthetic_val,3,36630,1,74025,0.0796398,0.849491,0.132733,0.504385,49.2764
synthetic/images/img013143.jpg,synthetic_val,3,42172,3,42344,-0.566049,-0.172276,0.172276,0.787547,14.1016
synthetic/images/img013152.jpg,synthetic_val,1,74551,1,56774,0.279521,0.688053,-0.0645049,0.666551,12.4423
synthetic/images/img013197.jpg,synthetic_val,3,50725,3,50725,0.272709,-0.471042,0.272709,0.793334,1.65646
synthetic/images/img013218.jpg,synthetic_val,2,14753,2,14753,0.36391,-0.509475,0.776342,-0.0727821,2.53844
synthetic/images/img013315.jpg,synthetic_val,3,43126,3,43075,-0.25205,-0.308062,0.196039,0.896179,11.6449
synthetic/images/img013407.jpg,synthetic_val,2,30144,2,10266,0.0227097,-0.386065,0.72671,-0.567742,51.2334
synthetic/images/img013470.jpg,synthetic_val,1,43710,1,43357,-0.0301648,0.965275,-0.150824,0.211154,9.85714
synthetic/images/img013476.jpg,synthetic_val,0,43160,0,43062,0.869321,-0.407494,-0.244497,0.135831,24.2495
synthetic/images/img013486.jpg,synthetic_val,0,62612,0,62700,0.673274,-0.483916,0.525995,0.189358,7.38704
synthetic/images/img013503.jpg,synthetic_val,3,63101,3,61714,-0.0853666,0.2561,0.313011,0.910577,38.0393
synthetic/images/img013515.jpg,synthetic_val,0,31041,0,13066,0.712167,0.378339,-0.200297,-0.55638,26.2692
synthetic/images/img013572.jpg,synthetic_val,2,47376,2,77020,0.37611,0.464606,0.707972,0.37611,84.5446
synthetic/images/img013589.jpg,synthetic_val,0,50767,0,50735,0.769133,0.360531,-0.456673,0.264389,16.2302
synthetic/images/img013712.jpg,synthetic_val,1,55515,2,00045,-0.493657,-0.527703,0.544725,-0.425567,5.02854
synthetic/images/img013719.jpg,synthetic_val,0,51434,0,51047,0.670902,0.398348,-0.608005,0.14676,13.031
synthetic/images/img013815.jpg,synthetic_val,3,46167,3,46606,-0.592333,-0.0955375,0.515903,0.61144,19.9118
synthetic/images/img013823.jpg,synthetic_val,3,71607,3,71637,0.527795,0.344214,0.252424,0.734324,12.5118
synthetic/images/img013853.jpg,synthetic_val,2,04136,2,04352,-0.430597,-0.475923,0.725215,-0.249293,8.29683
synthetic/images/img013871.jpg,synthetic_val,0,47136,0,47300,0.851896,-0.186352,-0.186352,0.45257,16.1237
synthetic/images/img013907.jpg,synthetic_val,3,52670,3,52273,0.211154,-0.0301648,0.150824,0.965275,29.583
synthetic/images/img013966.jpg,synthetic_val,2,66607,2,66452,-0.49669,0.349522,0.588669,0.533481,15.4517
synthetic/images/img013984.jpg,synthetic_val,0,42757,0,43472,0.856767,-0.294514,-0.240966,0.348062,22.51
synthetic/images/img014020.jpg,synthetic_val,1,71716,1,71732,0.622398,0.686784,0.32193,0.193158,10.4391
synthetic/images/img014052.jpg,synthetic_val,0,46540,0,47442,0.673274,-0.315597,-0.273518,0.610155,15.8989
synthetic/images/img014089.jpg,synthetic_val,1,50161,1,50166,0.21338,0.758686,-0.592723,0.165963,8.99515
synthetic/images/img014092.jpg,synthetic_val,3,21620,3,23005,-0.269723,0.352715,-0.601691,0.663935,13.2535
synthetic/images/img014104.jpg,synthetic_val,2,40267,2,40242,-0.626167,-0.424178,0.646366,0.100995,9.70561
synthetic/images/img014162.jpg,synthetic_val,0,71751,0,71723,0.705215,0.595026,0.33057,0.198342,17.9522
synthetic/images/img014177.jpg,synthetic_val,3,30677,3,34210,0.135831,0.244497,-0.407494,0.869321,15.6179
synthetic/images/img014238.jpg,synthetic_val,1,44112,1,44050,-0.480689,0.569705,-0.551902,0.373869,15.0002
synthetic/images/img014248.jpg,synthetic_val,2,61523,2,61536,-0.0864945,0.20182,0.922608,0.317146,4.82878
synthetic/images/img014260.jpg,synthetic_val,2,25544,2,25455,-0.270501,0.0300557,0.961781,-0.0300557,5.42087
synthetic/images/img014276.jpg,synthetic_val,2,07107,2,07500,-0.190728,-0.408703,0.871899,-0.190728,21.8836
synthetic/images/img014339.jpg,synthetic_val,3,46454,2,44711,-0.342266,-0.463066,0.644266,0.503333,31.6258
synthetic/images/img014368.jpg,synthetic_val,3,36133,3,36030,0.120736,0.507093,-0.362209,0.772712,25.1187
synthetic/images/img014379.jpg,synthetic_val,1,35676,1,37615,0.490028,0.681778,0.532639,-0.106528,23.3035
synthetic/images/img014435.jpg,synthetic_val,3,35560,3,35561,0.638707,0.118279,-0.0709674,0.756986,5.23361
synthetic/images/img014462.jpg,synthetic_val,3,10212,3,12201,0.0663723,-0.154869,-0.685847,0.707972,31.908
synthetic/images/img014567.jpg,synthetic_val,0,60337,0,62130,0.748653,-0.444513,0.491304,0.0233954,15.8846
synthetic/images/img014596.jpg,synthetic_val,2,07171,2,07513,-0.0283638,-0.368729,0.907642,-0.198547,17.8097
synthetic/images/img014635.jpg,synthetic_val,1,47764,1,67311,-0.0227097,0.72671,0.567742,0.386065,84.0419
synthetic/images/img014660.jpg,synthetic_val,0,34472,0,34574,0.916533,0.372342,0.143208,-0.0286417,25.953
synthetic/images/img014742.jpg,synthetic_val,1,51633,1,51275,0.51912,0.722254,-0.428838,0.157993,6.77335
synthetic/images/img014764.jpg,synthetic_val,0,42043,1,24462,-0.685847,0.707972,0.154869,-0.0663723,15.4607
synthetic/images/img014900.jpg,synthetic_val,1,50345,1,50730,0.321503,0.791391,-0.469888,0.222579,13.1238
synthetic/images/img014918.jpg,synthetic_val,1,14061,1,14010,0.105762,0.676879,-0.655727,-0.317287,11.8206
synthetic/images/img014964.jpg,synthetic_val,3,17356,3,17355,0.674072,-0.15221,-0.195698,0.695817,5.14619
synthetic/images/img014971.jpg,synthetic_val,0,61517,0,61551,0.925691,-0.0289278,0.0289278,0.376062,10.6768
synthetic/images/img014977.jpg,synthetic_val,0,52355,0,52526,0.88514,0.248946,-0.248946,0.304267,24.0156
synthetic/images/img014979.jpg,synthetic_val,2,36472,2,36473,0.174402,0.573034,0.797264,-0.0747435,4.55537
synthetic/images/img015000.jpg,synthetic_val,2,25563,2,25560,-0.21039,0.150278,0.961781,-0.090167,7.72493
synthetic/images/img015038.jpg,synthetic_val,3,52112,3,12725,0.275431,-0.0751175,-0.525822,0.801253,71.3277
synthetic/images/img015041.jpg,synthetic_val,1,12606,1,05722,-0.186352,0.851896,-0.45257,-0.186352,61.3278
synthetic/images/img015061.jpg,synthetic_val,0,52176,0,52175,0.849491,0.398199,-0.292013,0.185826,6.21804
synthetic/images/img015080.jpg,synthetic_val,2,57250,2,07157,-0.0280056,-0.364073,0.896179,-0.25205,108.776
synthetic/images/img015096.jpg,synthetic_val,3,45772,3,47514,-0.0673011,-0.336506,0.60571,0.717879,6.97283
synthetic/images/img015163.jpg,synthetic_val,0,52665,0,52655,0.871899,0.190728,-0.190728,0.408703,13.7133
synthetic/images/img015229.jpg,synthetic_val,2,24563,2,24527,-0.535303,0.178434,0.8157,-0.127453,4.21747
synthetic/images/img015299.jpg,synthetic_val,3,75227,3,75235,0.503945,0.284839,0.416302,0.701141,12.3335
synthetic/images/img015322.jpg,synthetic_val,0,65005,0,65013,0.854321,-0.240278,0.0800926,0.453858,14.4743
synthetic/images/img015382.jpg,synthetic_val,2,10230,2,10262,0.0221241,-0.37611,0.707972,-0.597351,10.5969
synthetic/images/img015482.jpg,synthetic_val,0,50454,0,50150,0.685522,0.278493,-0.664099,0.107113,30.2526
synthetic/images/img015599.jpg,synthetic_val,0,24176,0,24176,0.822136,-0.488143,0.179842,-0.231226,3.72996
synthetic/images/img015688.jpg,synthetic_val,1,52125,1,52161,0.306147,0.890609,-0.306147,0.139158,9.15862
synthetic/images/img015793.jpg,synthetic_val,3,74375,3,74635,0.157672,0.29282,0.608164,0.720787,21.5535
synthetic/images/img015833.jpg,synthetic_val,2,63743,2,63536,-0.0731272,0.560642,0.780024,0.268133,8.59826
synthetic/images/img015875.jpg,synthetic_val,1,46110,1,40674,-0.558276,0.66166,-0.392861,0.310153,18.7738
synthetic/images/img015910.jpg,synthetic_val,0,16372,0,34035,0.899004,0.196657,0.140469,-0.36522,29.2681
synthetic/images/img015926.jpg,synthetic_val,3,36437,3,36430,0.127453,0.535303,-0.178434,0.8157,9.62867
synthetic/images/img015985.jpg,synthetic_val,1,71726,1,71365,0.608164,0.720787,0.29282,0.157672,10.6327
synthetic/images/img016003.jpg,synthetic_val,2,60712,2,60356,-0.481824,0.278951,0.811493,0.177514,5.7239
synthetic/images/img016016.jpg,synthetic_val,1,71430,1,71160,0.606517,0.776342,0.121303,0.121303,14.0846
synthetic/images/img016029.jpg,synthetic_val,1,36426,1,36423,0.0747435,0.797264,0.573034,-0.174402,5.65022
synthetic/images/img016040.jpg,synthetic_val,3,37006,3,35607,0.485586,0.281129,-0.127786,0.817829,27.3
synthetic/images/img016063.jpg,synthetic_val,2,52755,2,51662,0.403961,-0.403961,0.760398,0.308911,28.9476
synthetic/images/img016081.jpg,synthetic_val,0,14273,0,14334,0.770916,0.313185,-0.457732,-0.313185,15.2887
synthetic/images/img016252.jpg,synthetic_val,3,56465,3,56644,0.0221676,-0.155173,0.687194,0.709362,10.2911
synthetic/images/img016403.jpg,synthetic_val,2,34344,2,34161,0.306147,0.139158,0.890609,-0.306147,14.8502
synthetic/images/img016411.jpg,synthetic_val,3,25006,3,25046,-0.409922,0.0819844,-0.245953,0.8745,11.7894
synthetic/images/img016431.jpg,synthetic_val,3,42631,3,42702,-0.564683,-0.122757,0.220963,0.785646,9.42239
synthetic/images/img016509.jpg,synthetic_val,3,71320,3,35760,0.584885,0.30414,-0.0701862,0.748653,11.5374
synthetic/images/img016539.jpg,synthetic_val,2,05242,2,04352,-0.430597,-0.475923,0.725215,-0.249293,10.3994
synthetic/images/img016611.jpg,synthetic_val,1,40710,1,41427,-0.295226,0.72671,-0.567742,0.249807,17.4602
synthetic/images/img016691.jpg,synthetic_val,2,52116,2,52113,0.398199,-0.345106,0.849491,0.0265466,9.94398
synthetic/images/img016749.jpg,synthetic_val,0,30724,0,32443,0.763856,0.0716115,0.453539,-0.453539,23.9776
synthetic/images/img016763.jpg,synthetic_val,2,72136,2,72532,0.306158,0.541664,0.753619,0.211955,14.3925
synthetic/images/img016774.jpg,synthetic_val,1,76021,1,72563,0.25623,0.745396,0.535754,0.302817,24.3639
synthetic/images/img016778.jpg,synthetic_val,1,71624,1,70743,0.29038,0.844742,0.29038,0.343176,18.3207
synthetic/images/img016831.jpg,synthetic_val,3,35677,3,30665,0.0776931,0.33667,-0.440261,0.828726,76.2846
synthetic/images/img016856.jpg,synthetic_val,1,01123,1,01211,-0.176674,0.628176,-0.451501,-0.608545,8.99133
synthetic/images/img016885.jpg,synthetic_val,3,07411,3,07417,-0.249711,-0.360694,-0.138728,0.887862,8.06766
synthetic/images/img016952.jpg,synthetic_val,3,42246,0,12212,0.709362,0.110838,-0.110838,-0.687194,6.02046
synthetic/images/img016966.jpg,synthetic_val,0,42305,0,42162,0.785646,-0.564683,-0.220963,0.122757,10.8027
synthetic/images/img017010.jpg,synthetic_val,3,44410,3,41144,-0.153375,-0.67923,0.153375,0.701141,53.3553
synthetic/images/img017049.jpg,synthetic_val,2,60047,2,60505,-0.527146,0.0251022,0.80327,0.276124,21.6721
synthetic/images/img017062.jpg,synthetic_val,1,32512,1,32106,0.187378,0.666233,0.395576,-0.603774,15.5926
synthetic/images/img017087.jpg,synthetic_val,1,31204,1,32105,0.230623,0.670902,0.356417,-0.608005,25.6054
synthetic/images/img017294.jpg,synthetic_val,0,02621,1,64100,-0.535754,0.745396,0.0232936,0.395992,23.1421
synthetic/images/img017298.jpg,synthetic_val,0,61747,0,61637,0.840072,-0.23627,0.393784,0.288775,23.0891
synthetic/images/img017324.jpg,synthetic_val,0,65121,0,65011,0.856767,-0.240966,0.026774,0.455158,15.9491
synthetic/images/img017371.jpg,synthetic_val,0,25122,0,25215,0.869321,-0.244497,0.244497,-0.353162,11.7027
synthetic/images/img017421.jpg,synthetic_val,2,36010,2,30654,0.132733,0.238919,0.849491,-0.451292,21.7759
synthetic/images/img017432.jpg,synthetic_val,1,52444,1,52440,0.0265466,0.849491,-0.398199,0.345106,3.98031
synthetic/images/img017434.jpg,synthetic_val,0,17211,0,17312,0.695817,0.630584,-0.108721,-0.326164,13.1786
synthetic/images/img017456.jpg,synthetic_val,0,62170,0,62340,0.681778,-0.490028,0.532639,0.106528,10.267
synthetic/images/img017534.jpg,synthetic_val,2,63475,2,67036,-0.243843,0.509854,0.709362,0.421184,9.65348
synthetic/images/img017688.jpg,synthetic_val,3,56707,3,56747,0.238287,-0.108312,0.671537,0.6932,6.57976
synthetic/images/img017740.jpg,synthetic_val,0,74423,0,74470,0.73125,0.114258,0.114258,0.662695,10.7443
synthetic/images/img017768.jpg,synthetic_val,0,07245,0,07423,0.879772,-0.357407,-0.247436,-0.19245,10.0964
synthetic/images/img017772.jpg,synthetic_val,2,21432,2,21073,-0.207404,0.161314,0.737437,-0.622212,9.88442
synthetic/images/img017791.jpg,synthetic_val,1,52507,1,52411,0.188502,0.861723,-0.403933,0.24236,16.1551
synthetic/images/img017812.jpg,synthetic_val,1,71602,1,70617,0.193035,0.882444,0.30334,0.30334,27.3328
synthetic/images/img017844.jpg,synthetic_val,1,74614,1,74437,0.162703,0.743784,0.162703,0.627568,8.04945
synthetic/images/img017859.jpg,synthetic_val,0,77023,0,72703,0.72373,0.248782,0.610647,0.203549,28.0197
synthetic/images/img017864.jpg,synthetic_val,1,66224,0,60260,0.685522,-0.664099,0.278493,0.107113,107.825
synthetic/images/img017872.jpg,synthetic_val,2,15115,0,26222,0.568266,-0.550508,0.550508,-0.266375,4.79309
synthetic/images/img017892.jpg,synthetic_val,3,12454,3,16012,0.131625,-0.342224,-0.394874,0.842397,5.41712
synthetic/images/img017925.jpg,synthetic_val,3,61320,3,25727,-0.138728,0.416185,-0.138728,0.887862,23.0906
synthetic/images/img017932.jpg,synthetic_val,0,07044,0,04733,0.787547,-0.418384,-0.418384,-0.172276,10.3695
synthetic/images/img017954.jpg,synthetic_val,2,51623,2,50713,0.356436,-0.499011,0.760398,0.213862,15.556
synthetic/images/img017988.jpg,synthetic_val,1,15406,1,14145,0.235217,0.684267,-0.662884,-0.19245,17.0108
synthetic/images/img018006.jpg,synthetic_val,0,21661,0,23505,0.758686,-0.118545,0.403052,-0.497888,22.7875
synthetic/images/img018016.jpg,synthetic_val,0,64746,0,61641,0.842397,-0.342224,0.236924,0.342224,41.7861
synthetic/images/img018080.jpg,synthetic_val,1,17624,1,17634,0.542398,0.826512,-0.0774855,-0.129142,10.7906
synthetic/images/img018093.jpg,synthetic_val,0,36745,0,72101,0.844742,0.29038,0.448769,0.0263982,18.1831
synthetic/images/img018111.jpg,synthetic_val,1,61564,1,61455,-0.246691,0.877124,0.0274101,0.411152,13.3839
synthetic/images/img018118.jpg,synthetic_val,2,71067,2,71413,0.567426,0.0740121,0.789462,0.222036,16.9975
synthetic/images/img018130.jpg,synthetic_val,1,62173,1,62536,-0.421184,0.709362,0.509854,0.243843,12.6216
synthetic/images/img018134.jpg,synthetic_val,1,25506,1,25147,-0.148152,0.948174,0.0888913,-0.266674,16.1739
synthetic/images/img018173.jpg,synthetic_val,1,70616,1,70641,0.0837545,0.893381,0.251263,0.362936,12.1068
synthetic/images/img018314.jpg,synthetic_val,1,26347,1,26700,-0.48738,0.678094,0.529761,-0.148333,7.73189
synthetic/images/img018385.jpg,synthetic_val,3,41220,3,06551,-0.432219,-0.38137,-0.0762739,0.813589,16.7299
synthetic/images/img018492.jpg,synthetic_val,0,17142,0,17065,0.80327,0.476942,-0.276124,-0.22592,13.3179
synthetic/images/img018494.jpg,synthetic_val,0,74474,0,74747,0.678094,0.233095,0.233095,0.656904,19.9496
synthetic/images/img018507.jpg,synthetic_val,3,46537,3,46165,-0.45663,-0.239187,0.500118,0.695817,14.1105
synthetic/images/img018547.jpg,synthetic_val,0,44204,0,44220,0.62339,-0.603909,-0.370138,0.331176,9.80197
synthetic/images/img018629.jpg,synthetic_val,1,44774,1,47221,-0.33667,0.828726,-0.0776931,0.440261,45.6785
synthetic/images/img018690.jpg,synthetic_val,2,25743,2,25747,-0.146114,0.321451,0.935129,-0.0292228,6.78605
synthetic/images/img018700.jpg,synthetic_val,2,23443,2,23445,-0.308911,0.403961,0.760398,-0.403961,4.99048
synthetic/images/img018716.jpg,synthetic_val,2,72573,2,73664,0.348539,0.594567,0.656074,0.307535,9.78432
synthetic/images/img018721.jpg,synthetic_val,1,41632,1,41366,-0.186352,0.851896,-0.45257,0.186352,9.44761
synthetic/images/img018743.jpg,synthetic_val,3,72013,3,72035,0.179369,0.538108,0.0768726,0.819974,7.34559
synthetic/images/img018785.jpg,synthetic_val,3,40017,3,40300,-0.503945,-0.503945,0.0219107,0.701141,13.338
synthetic/images/img018830.jpg,synthetic_val,1,47222,1,44137,-0.354552,0.667391,-0.521399,0.396264,60.824
synthetic/images/img018845.jpg,synthetic_val,2,41104,2,41144,-0.153375,-0.67923,0.701141,0.153375,10.4822
synthetic/images/img018880.jpg,synthetic_val,3,26733,3,26342,-0.469192,0.550791,-0.224396,0.652789,17.4045
synthetic/images/img018894.jpg,synthetic_val,1,06625,1,60023,-0.662695,0.73125,0.159961,0.0228515,31.1647
synthetic/images/img018903.jpg,synthetic_val,2,52424,2,52036,0.148152,-0.266674,0.948174,0.0888913,26.9688
synthetic/images/img018936.jpg,synthetic_val,1,42315,1,43201,-0.368729,0.907642,-0.198547,0.0283638,13.1595
synthetic/images/img018946.jpg,synthetic_val,2,73136,2,72145,0.285642,0.441447,0.830959,0.181772,43.3331
synthetic/images/img018981.jpg,synthetic_val,3,14500,3,11530,0.518934,-0.483145,-0.411568,0.572617,55.2745
synthetic/images/img019003.jpg,synthetic_val,1,56124,1,56161,0.266242,0.774521,-0.266242,0.508279,4.90475
synthetic/images/img019020.jpg,synthetic_val,2,60304,2,60500,-0.568812,0.024731,0.791391,0.222579,30.815
synthetic/images/img019039.jpg,synthetic_val,1,53164,1,53166,0.592723,0.758686,-0.21338,0.165963,4.76906
synthetic/images/img019047.jpg,synthetic_val,3,27150,3,36040,0.0263982,0.448769,-0.29038,0.844742,10.0364
synthetic/images/img019075.jpg,synthetic_val,0,50204,0,50312,0.791391,0.321503,-0.51935,0.024731,32.9037
synthetic/images/img019235.jpg,synthetic_val,1,21645,1,25230,-0.280397,0.8157,0.331378,-0.38236,11.7418
synthetic/images/img019238.jpg,synthetic_val,3,25204,3,21434,-0.27406,0.124573,-0.523205,0.797264,25.1493
synthetic/images/img019243.jpg,synthetic_val,2,16260,2,16601,0.0892052,-0.208145,0.951522,-0.208145,21.073
synthetic/images/img019269.jpg,synthetic_val,3,15376,3,17112,0.610155,-0.273518,-0.315597,0.673274,17.6979
synthetic/images/img019310.jpg,synthetic_val,2,16542,2,16520,0.25205,-0.308062,0.896179,-0.196039,11.8257
synthetic/images/img019348.jpg,synthetic_val,3,63060,3,63422,-0.347898,0.533443,0.208739,0.742182,8.40561
synthetic/images/img019359.jpg,synthetic_val,1,67663,1,66302,-0.453604,0.631101,0.532492,0.335272,31.5138
synthetic/images/img019430.jpg,synthetic_val,3,12566,3,16311,0.384363,-0.179369,-0.384363,0.819974,21.0264
synthetic/images/img019444.jpg,synthetic_val,3,52213,3,52253,0.208885,-0.149204,0.149204,0.954905,14.9436
synthetic/images/img019480.jpg,synthetic_val,1,26000,1,26040,-0.633445,0.653879,0.347373,-0.224771,8.86961
synthetic/images/img019493.jpg,synthetic_val,3,57257,3,57272,0.480888,-0.0228994,0.480888,0.732782,9.47924
synthetic/images/img019495.jpg,synthetic_val,3,14703,3,14611,0.172276,-0.566049,-0.172276,0.787547,10.0449
synthetic/images/img019508.jpg,synthetic_val,1,26555,1,26556,-0.454577,0.765603,0.454577,-0.0239251,7.62918
synthetic/images/img019544.jpg,synthetic_val,0,72414,0,72406,0.824315,0.0257599,0.489437,0.283358,15.8458
synthetic/images/img019545.jpg,synthetic_val,0,07103,0,03476,0.822136,-0.282609,-0.231226,-0.43676,20.8502
synthetic/images/img019572.jpg,synthetic_val,3,24764,3,26447,-0.614523,0.402618,-0.0211904,0.678094,14.6289
synthetic/images/img019583.jpg,synthetic_val,1,03071,1,03207,-0.286494,0.705215,-0.11019,-0.639101,18.7913
synthetic/images/img019637.jpg,synthetic_val,0,00147,0,00315,0.617788,-0.3282,-0.444035,-0.559871,17.8035
synthetic/images/img019664.jpg,synthetic_val,2,60202,0,41002,0.699798,-0.328031,-0.634192,0.0218687,13.0686
synthetic/images/img019680.jpg,synthetic_val,3,73057,3,71237,0.544084,0.354837,0.0709674,0.756986,14.4071
synthetic/images/img019717.jpg,synthetic_val,0,70100,0,70032,0.965275,0.150824,0.211154,0.0301648,21.0604
synthetic/images/img019754.jpg,synthetic_val,3,67353,3,67361,-0.103562,0.600657,0.434959,0.662794,9.64808
synthetic/images/img019755.jpg,synthetic_val,2,34464,2,25570,-0.0918415,0.153069,0.979643,-0.0918415,13.0065
synthetic/images/img019807.jpg,synthetic_val,1,65707,1,65530,-0.0731272,0.780024,0.121879,0.609394,15.5134
synthetic/images/img019855.jpg,synthetic_val,3,25326,3,27015,-0.227648,0.430001,-0.328824,0.809414,7.71274
synthetic/images/img019971.jpg,synthetic_val,1,56677,1,74744,0.194235,0.690612,0.194235,0.66903,25.5116
synthetic/images/img020011.jpg,synthetic_val,2,43133,2,16466,0.0300557,-0.270501,0.961781,-0.0300557,9.95758
synthetic/images/img020038.jpg,synthetic_val,3,65560,3,65403,-0.30414,0.0701862,0.584885,0.748653,19.1306
synthetic/images/img020052.jpg,synthetic_val,1,54373,1,54365,0.243843,0.709362,-0.421184,0.509854,10.9815
synthetic/images/img020080.jpg,synthetic_val,3,34023,3,34024,0.0286417,0.143208,-0.372342,0.916533,10.2032
synthetic/images/img020102.jpg,synthetic_val,1,52202,1,52200,0.0304997,0.975991,-0.213498,0.0304997,5.80391
synthetic/images/img020179.jpg,synthetic_val,3,12373,3,12342,0.208739,-0.115966,-0.626216,0.742182,21.1223
synthetic/images/img020198.jpg,synthetic_val,1,62253,1,62263,-0.543124,0.59931,0.580581,0.0936422,7.70814
synthetic/images/img020252.jpg,synthetic_val,2,52262,2,52221,0.0928922,-0.0928922,0.99085,0.0309641,16.3437
synthetic/images/img020344.jpg,synthetic_val,0,56230,0,52656,0.887862,0.138728,-0.138728,0.416185,10.935
synthetic/images/img020416.jpg,synthetic_val,3,31772,3,33771,0.549124,0.513697,-0.33656,0.566838,27.465
synthetic/images/img020451.jpg,synthetic_val,1,62125,1,62520,-0.504916,0.702491,0.46101,0.197576,13.5012
synthetic/images/img020500.jpg,synthetic_val,0,16711,0,16565,0.899004,0.309033,-0.309033,-0.0280939,27.2871
synthetic/images/img020520.jpg,synthetic_val,1,12526,1,12657,0.187958,0.859235,-0.134255,-0.456468,14.0471
synthetic/images/img020553.jpg,synthetic_val,0,50047,0,05656,0.80327,-0.276124,-0.527146,-0.0251022,45.7628
synthetic/images/img020561.jpg,synthetic_val,3,53202,3,52313,0.420084,-0.140028,0.0280056,0.896179,3.03329
synthetic/images/img020568.jpg,synthetic_val,2,53751,2,53740,0.578586,-0.162004,0.74059,0.300865,11.1448
synthetic/images/img020607.jpg,synthetic_val,2,27576,2,27767,-0.111497,0.691283,0.713582,-0.0222994,15.0066
synthetic/images/img020675.jpg,synthetic_val,0,50006,0,05655,0.791391,-0.222579,-0.568812,-0.024731,31.5816
synthetic/images/img020747.jpg,synthetic_val,3,72250,3,72034,0.129142,0.542398,0.0774855,0.826512,10.9171
synthetic/images/img020767.jpg,synthetic_val,0,21336,0,30236,0.695817,0.108721,0.326164,-0.630584,17.7147
synthetic/images/img020777.jpg,synthetic_val,1,23362,1,23431,-0.197576,0.702491,0.46101,-0.504916,19.9186
synthetic/images/img020824.jpg,synthetic_val,0,40305,0,40141,0.646366,-0.424178,-0.626167,0.100995,17.7148
synthetic/images/img020904.jpg,synthetic_val,3,54574,2,60510,-0.496065,0.0261087,0.835478,0.234978,121.638
synthetic/images/img021012.jpg,synthetic_val,2,51672,2,51615,0.490028,-0.490028,0.681778,0.234361,13.816
synthetic/images/img021090.jpg,synthetic_val,3,06052,3,06237,-0.58617,-0.0234468,-0.304808,0.750298,30.7556
synthetic/images/img021128.jpg,synthetic_val,2,47670,2,47560,-0.155173,-0.243843,0.709362,0.642859,21.5388
synthetic/images/img021133.jpg,synthetic_val,1,25757,1,25747,-0.146114,0.935129,0.321451,-0.0292228,10.8684
synthetic/images/img021170.jpg,synthetic_val,3,53763,3,71140,0.610847,0.0244339,0.122169,0.781884,23.7342
synthetic/images/img021177.jpg,synthetic_val,1,60351,1,60771,-0.418384,0.787547,0.319941,0.319941,22.9574
synthetic/images/img021178.jpg,synthetic_val,1,16717,1,16770,0.373569,0.919555,-0.0862083,-0.0862083,8.16994
synthetic/images/img021233.jpg,synthetic_val,0,62320,0,26356,0.683019,-0.405542,0.576297,-0.192099,27.5635
synthetic/images/img021263.jpg,synthetic_val,1,01063,1,01034,-0.211109,0.614137,-0.518178,-0.556561,5.99791
synthetic/images/img021266.jpg,synthetic_val,3,26463,3,26437,-0.532639,0.490028,-0.106528,0.681778,11.7222
synthetic/images/img021391.jpg,synthetic_val,0,43403,0,43514,0.861723,-0.0807866,-0.403933,0.296217,29.239
synthetic/images/img021392.jpg,synthetic_val,3,16057,3,16300,0.24236,-0.188502,-0.403933,0.861723,25.0675
synthetic/images/img021394.jpg,synthetic_val,1,61777,1,61727,-0.13387,0.856767,0.40161,0.294514,14.0427
synthetic/images/img021438.jpg,synthetic_val,2,20164,2,20255,-0.515163,0.185459,0.659408,-0.515163,7.20597
synthetic/images/img021469.jpg,synthetic_val,3,64163,3,64113,-0.423547,0.0747435,0.423547,0.797264,15.7014
synthetic/images/img021473.jpg,synthetic_val,1,52757,1,56123,0.282609,0.822136,-0.231226,0.43676,17.6731
synthetic/images/img021577.jpg,synthetic_val,3,34612,3,34602,0.0289278,0.318206,-0.202495,0.925691,15.1958
synthetic/images/img021704.jpg,synthetic_val,3,21044,3,21027,-0.284839,0.153375,-0.635409,0.701141,19.742
synthetic/images/img021724.jpg,synthetic_val,1,40632,1,42252,-0.635866,0.753619,-0.117753,0.117753,29.4762
synthetic/images/img021806.jpg,synthetic_val,1,30462,1,30624,0.024731,0.791391,0.321503,-0.51935,16.2431
synthetic/images/img021841.jpg,synthetic_val,1,10654,1,14210,0.117753,0.753619,-0.541664,-0.353259,7.33028
synthetic/images/img021879.jpg,synthetic_val,1,60270,1,60066,-0.67923,0.701141,0.153375,0.153375,19.7504
synthetic/images/img021883.jpg,synthetic_val,2,25514,2,25154,-0.0898429,0.0299476,0.958324,-0.269529,12.8682
synthetic/images/img021893.jpg,synthetic_val,0,45213,0,45313,0.763856,-0.0238705,-0.50128,0.405798,19.8192
synthetic/images/img021986.jpg,synthetic_val,1,41676,1,41675,-0.218862,0.778177,-0.462042,0.36477,10.1916
synthetic/images/img022004.jpg,synthetic_val,3,25257,3,25076,-0.308062,0.196039,-0.25205,0.896179,14.6863
synthetic/images/img022009.jpg,synthetic_val,2,36025,2,32474,0.118545,0.497888,0.758686,-0.403052,11.0328
synthetic/images/img022065.jpg,synthetic_val,2,34523,2,34754,0.364073,0.25205,0.896179,-0.0280056,18.7495
synthetic/images/img022067.jpg,synthetic_val,1,50353,1,50336,0.33667,0.828726,-0.440261,0.0776931,12.5362
synthetic/images/img022104.jpg,synthetic_val,2,13765,2,13740,0.55095,-0.154266,0.705215,-0.418722,13.2989
synthetic/images/img022115.jpg,synthetic_val,0,23756,0,27276,0.684267,-0.235217,0.662884,-0.19245,25.9878
synthetic/images/img022137.jpg,synthetic_val,0,70770,0,70747,0.828726,0.284875,0.284875,0.388465,11.72
synthetic/images/img022231.jpg,synthetic_val,3,13642,3,13646,0.421459,-0.123958,-0.421459,0.793334,2.84477
synthetic/images/img022412.jpg,synthetic_val,1,37735,2,37742,0.511698,0.552634,0.654974,-0.0614038,15.2681
synthetic/images/img022425.jpg,synthetic_val,0,61177,0,61351,0.951522,-0.0297351,0.267615,0.148675,6.79332
synthetic/images/img022541.jpg,synthetic_val,2,76702,2,76655,0.13575,0.48482,0.62057,0.601177,13.8505
synthetic/images/img022562.jpg,synthetic_val,3,03561,3,03572,-0.0781133,-0.23434,-0.494718,0.833209,8.81016
synthetic/images/img022580.jpg,synthetic_val,3,26355,3,26751,-0.385271,0.566575,-0.0679889,0.725215,14.6249
synthetic/images/img022612.jpg,synthetic_val,1,15672,1,17456,0.51935,0.791391,-0.321503,-0.024731,10.55
synthetic/images/img022635.jpg,synthetic_val,0,63731,0,73305,0.654974,0.552634,0.511698,0.0614038,70.6945
synthetic/images/img022651.jpg,synthetic_val,0,01473,0,01524,0.675671,-0.147803,-0.570097,-0.443409,7.28889
synthetic/images/img022679.jpg,synthetic_val,1,23713,1,23533,-0.0219107,0.701141,0.503945,-0.503945,7.61328
synthetic/images/img022689.jpg,synthetic_val,2,27532,2,27347,-0.115966,0.626216,0.742182,-0.208739,9.84827
synthetic/images/img022746.jpg,synthetic_val,1,25726,1,25374,-0.0837545,0.893381,0.362936,-0.251263,16.5962
synthetic/images/img022750.jpg,synthetic_val,1,14775,1,14653,0.179369,0.819974,-0.538108,-0.0768726,22.8884
synthetic/images/img022807.jpg,synthetic_val,1,12721,1,12321,0.239187,0.695817,-0.0652328,-0.674072,19.041
synthetic/images/img022845.jpg,synthetic_val,3,34544,3,16762,0.269529,-0.0299476,-0.0898429,0.958324,8.72095
synthetic/images/img022867.jpg,synthetic_val,3,41207,3,41066,-0.342059,-0.570099,0.159628,0.729727,15.1259
synthetic/images/img022870.jpg,synthetic_val,0,74003,0,74002,0.879772,0.0274929,0.0824786,0.467379,7.24617
synthetic/images/img022888.jpg,synthetic_val,0,16343,0,16325,0.879772,0.302422,-0.0824786,-0.357407,10.8223
synthetic/images/img022929.jpg,synthetic_val,2,33542,2,33740,0.487023,0.487023,0.62339,-0.370138,13.3846
synthetic/images/img022945.jpg,synthetic_val,0,24445,0,24463,0.729727,-0.661315,0.159628,-0.0684119,15.1053
synthetic/images/img023082.jpg,synthetic_val,3,43070,3,43053,-0.249711,-0.360694,0.138728,0.887862,7.47132
synthetic/images/img023085.jpg,synthetic_val,0,61365,0,61356,0.922608,-0.0864945,0.317146,0.20182,7.85276
synthetic/images/img023117.jpg,synthetic_val,1,52076,1,52214,0.150278,0.961781,-0.21039,0.090167,11.7901
synthetic/images/img023135.jpg,synthetic_val,2,63742,2,63636,-0.233095,0.656904,0.678094,0.233095,11.9096
synthetic/images/img023210.jpg,synthetic_val,2,32061,2,34304,0.244497,0.244497,0.869321,-0.353162,45.743
synthetic/images/img023249.jpg,synthetic_val,0,74135,0,74171,0.772712,0.362209,0.120736,0.507093,5.69319
synthetic/images/img023254.jpg,synthetic_val,3,32554,3,32651,0.154266,0.55095,-0.418722,0.705215,25.4508
synthetic/images/img023274.jpg,synthetic_val,1,16376,1,35060,0.445063,0.837765,0.130901,-0.287982,21.2833
synthetic/images/img023358.jpg,synthetic_val,3,47140,3,47424,-0.327405,-0.240097,0.589329,0.698464,25.925
synthetic/images/img023402.jpg,synthetic_val,3,01650,3,04146,-0.462317,-0.582922,-0.180907,0.643224,40.704
synthetic/images/img023432.jpg,synthetic_val,0,34507,0,34553,0.899004,0.421408,0.0842816,-0.0842816,17.2684
synthetic/images/img023447.jpg,synthetic_val,3,35035,3,31741,0.576297,0.192099,-0.405542,0.683019,15.2458
synthetic/images/img023472.jpg,synthetic_val,3,47330,3,43765,-0.139591,-0.0837545,0.418772,0.893381,7.22938
synthetic/images/img023609.jpg,synthetic_val,1,35242,1,32741,0.238287,0.6932,0.541562,-0.411587,39.3811
synthetic/images/img023614.jpg,synthetic_val,1,61356,1,61303,-0.146114,0.935129,0.321451,0.0292228,22.4099
synthetic/images/img023617.jpg,synthetic_val,3,14210,3,10652,0.116216,-0.488108,-0.441622,0.743784,13.3227
synthetic/images/img023619.jpg,synthetic_val,2,71062,2,71242,0.445063,0.287982,0.837765,0.130901,9.42262
synthetic/images/img023626.jpg,synthetic_val,0,16475,0,16542,0.893381,0.251263,-0.362936,-0.0837545,6.68228
synthetic/images/img023672.jpg,synthetic_val,3,61352,3,61332,-0.084549,0.422745,0.028183,0.901856,20.9464
synthetic/images/img023705.jpg,synthetic_val,1,06406,0,60266,0.673274,-0.652234,0.315597,0.147279,8.07702
synthetic/images/img023733.jpg,synthetic_val,2,72652,2,72641,0.0701862,0.584885,0.748653,0.30414,5.09266
synthetic/images/img023754.jpg,synthetic_val,2,42744,2,42655,-0.570099,-0.159628,0.729727,0.342059,4.4186
synthetic/images/img023819.jpg,synthetic_val,3,43310,3,43301,-0.150824,-0.211154,0.0301648,0.965275,5.49258
synthetic/images/img023852.jpg,synthetic_val,0,36036,0,36072,0.776342,0.121303,0.557996,-0.266868,7.25288
synthetic/images/img023869.jpg,synthetic_val,3,43401,3,43424,-0.388465,-0.284875,0.284875,0.828726,12.9757
synthetic/images/img023880.jpg,synthetic_val,2,61477,2,61616,-0.295362,0.295362,0.859235,0.295362,17.0253
synthetic/images/img023900.jpg,synthetic_val,2,65530,2,65536,-0.0704956,0.16449,0.751953,0.63446,5.09509
synthetic/images/img023903.jpg,synthetic_val,3,36727,3,36360,0.197958,0.637864,-0.241948,0.703849,17.6435
synthetic/images/img023927.jpg,synthetic_val,3,06350,3,02775,-0.423547,-0.0747435,-0.423547,0.797264,18.5814
synthetic/images/img023953.jpg,synthetic_val,2,27765,2,27764,-0.159961,0.662695,0.73125,-0.0228515,6.0685
synthetic/images/img023973.jpg,synthetic_val,3,26550,3,26745,-0.459243,0.546718,-0.0218687,0.699798,18.3273
synthetic/images/img023994.jpg,synthetic_val,1,21521,1,20533,-0.390934,0.735875,0.160973,-0.52891,30.3336
synthetic/images/img024016.jpg,synthetic_val,0,43137,0,43137,0.958324,-0.0299476,-0.269529,0.0898429,1.76379
synthetic/images/img024030.jpg,synthetic_val,1,46023,0,26061,0.649554,-0.588658,0.42627,-0.223284,33.3265
synthetic/images/img024071.jpg,synthetic_val,1,32672,1,32632,0.099229,0.635066,0.61522,-0.456453,7.29887
synthetic/images/img024117.jpg,synthetic_val,3,13465,3,13664,0.423547,-0.0747435,-0.423547,0.797264,21.896
synthetic/images/img024207.jpg,synthetic_val,1,72253,1,72300,0.216319,0.769133,0.600885,0.0240354,13.0892
synthetic/images/img024215.jpg,synthetic_val,2,07356,2,07730,-0.0908257,-0.0908257,0.968808,-0.211927,7.92393
synthetic/images/img024216.jpg,synthetic_val,3,76635,3,76255,0.148333,0.529761,0.48738,0.678094,7.21987
synthetic/images/img024285.jpg,synthetic_val,0,47234,0,47303,0.866766,-0.135432,-0.135432,0.46047,21.1818
synthetic/images/img024313.jpg,synthetic_val,0,66350,0,66345,0.625291,-0.410347,0.488509,0.449428,5.54906
synthetic/images/img024370.jpg,synthetic_val,1,74007,1,74015,0.184787,0.844742,0.0263982,0.501565,15.853
synthetic/images/img024441.jpg,synthetic_val,2,76161,2,76661,0.0575753,0.556561,0.614137,0.556561,25.7328
synthetic/images/img024455.jpg,synthetic_val,2,53041,2,51277,0.52891,-0.390934,0.735875,0.160973,8.24018
synthetic/images/img024536.jpg,synthetic_val,0,42161,0,42112,0.811493,-0.481824,-0.329669,0.0253592,16.8716
synthetic/images/img024596.jpg,synthetic_val,1,31261,1,31070,0.445801,0.679315,0.106143,-0.573172,21.3392
synthetic/images/img024615.jpg,synthetic_val,3,60654,3,60464,-0.655727,0.105762,0.317287,0.676879,13.7304
synthetic/images/img024625.jpg,synthetic_val,2,14752,2,70340,0.258625,0.258625,0.919555,0.143681,96.997
synthetic/images/img024654.jpg,synthetic_val,0,65010,0,65021,0.824315,-0.334878,0.128799,0.437917,14.0576
synthetic/images/img024663.jpg,synthetic_val,1,35231,1,35206,0.424602,0.799251,0.274743,-0.324696,13.7931
synthetic/images/img024709.jpg,synthetic_val,1,05357,1,14234,0.125828,0.805302,-0.478148,-0.327154,21.425
synthetic/images/img024717.jpg,synthetic_val,0,04640,1,26450,-0.596185,0.706589,0.375376,-0.0662428,21.3992
synthetic/images/img024799.jpg,synthetic_val,1,10374,1,11056,0.387893,0.591074,-0.535661,-0.461777,23.5777
synthetic/images/img024835.jpg,synthetic_val,3,73517,3,73500,0.55638,0.378339,0.200297,0.712167,11.2495
synthetic/images/img024836.jpg,synthetic_val,1,33545,1,35306,0.567742,0.72671,0.249807,-0.295226,14.2212
synthetic/images/img024897.jpg,synthetic_val,2,73655,2,71724,0.567742,0.295226,0.72671,0.249807,30.4486
synthetic/images/img024940.jpg,synthetic_val,3,03531,3,12044,0.023094,-0.34641,-0.57735,0.739008,11.5473
synthetic/images/img024955.jpg,synthetic_val,0,73415,0,73706,0.640128,0.5001,0.540108,0.220044,20.429
synthetic/images/img024969.jpg,synthetic_val,3,47537,3,46717,-0.37392,-0.109976,0.593873,0.703849,44.2026
synthetic/images/img024999.jpg,synthetic_val,1,25641,1,25473,-0.263908,0.93834,0.205262,-0.0879694,14.8909
synthetic/images/img025050.jpg,synthetic_val,2,61251,2,61350,-0.0888913,0.266674,0.948174,0.148152,19.4356
synthetic/images/img025105.jpg,synthetic_val,1,61345,1,61306,-0.20182,0.922608,0.317146,0.0864945,16.2882
synthetic/images/img025287.jpg,synthetic_val,2,17356,0,27734,0.734324,-0.0688428,0.665481,-0.114738,15.6825
synthetic/images/img025317.jpg,synthetic_val,1,52530,1,52541,0.280397,0.8157,-0.38236,0.331378,15.1671
synthetic/images/img025325.jpg,synthetic_val,0,42257,0,42242,0.709362,-0.687194,-0.110838,0.110838,14.7907
synthetic/images/img025341.jpg,synthetic_val,1,72043,1,72126,0.222036,0.789462,0.567426,0.0740121,20.6758
synthetic/images/img025343.jpg,synthetic_val,0,44051,0,44510,0.587082,-0.34858,-0.568736,0.458658,17.122
synthetic/images/img025360.jpg,synthetic_val,2,23332,1,23463,-0.284839,0.701141,0.503945,-0.416302,35.8822
synthetic/images/img025443.jpg,synthetic_val,2,72142,2,72050,0.135432,0.46047,0.866766,0.135432,12.6325
synthetic/images/img025451.jpg,synthetic_val,3,77014,3,75236,0.463699,0.331214,0.419537,0.706589,5.72743
synthetic/images/img025460.jpg,synthetic_val,0,13027,0,13225,0.676879,0.401897,-0.0634574,-0.613422,15.3084
synthetic/images/img025520.jpg,synthetic_val,3,04261,3,06305,-0.511891,-0.17063,-0.316885,0.780024,30.5808
synthetic/images/img025535.jpg,synthetic_val,0,24141,0,24256,0.72373,-0.610647,0.248782,-0.203549,28.9558
synthetic/images/img025550.jpg,synthetic_val,1,01654,1,01724,-0.161658,0.739008,-0.438786,-0.484974,19.3989
synthetic/images/img025621.jpg,synthetic_val,0,25465,0,25655,0.928805,-0.261226,0.261226,-0.0290252,19.6016
synthetic/images/img025663.jpg,synthetic_val,2,50106,2,50013,0.159961,-0.662695,0.73125,0.0228515,10.0094
synthetic/images/img025672.jpg,synthetic_val,2,25756,2,34660,0.0288315,0.374809,0.922608,-0.0864945,14.9478
synthetic/images/img025700.jpg,synthetic_val,1,16410,1,05366,-0.184274,0.842397,-0.447523,-0.236924,35.1226
synthetic/images/img025773.jpg,synthetic_val,0,25702,0,25722,0.871899,-0.190728,0.408703,-0.190728,12.9299
synthetic/images/img025827.jpg,synthetic_val,3,45463,1,45063,-0.273518,0.673274,-0.525995,0.441836,146.442
synthetic/images/img025854.jpg,synthetic_val,2,34537,2,34751,0.409922,0.245953,0.8745,-0.0819844,7.87064
synthetic/images/img025877.jpg,synthetic_val,3,05125,3,05152,-0.067166,-0.649272,-0.246276,0.716438,6.75146
synthetic/images/img025889.jpg,synthetic_val,0,35247,0,35221,0.758686,0.45047,0.308216,-0.355634,14.5537
synthetic/images/img026031.jpg,synthetic_val,2,30543,2,30702,0.214834,0.262575,0.763856,-0.549021,27.1398
synthetic/images/img026076.jpg,synthetic_val,0,00766,0,04633,0.717879,-0.560843,-0.381373,-0.157036,23.6155
synthetic/images/img026107.jpg,synthetic_val,2,15447,2,41515,-0.0217855,-0.675351,0.697136,0.239641,58.3967
synthetic/images/img026156.jpg,synthetic_val,1,34223,1,34262,0.0270073,0.864234,0.40511,-0.29708,14.2023
synthetic/images/img026161.jpg,synthetic_val,2,41747,2,45237,-0.214834,-0.405798,0.763856,0.453539,17.5495
synthetic/images/img026244.jpg,synthetic_val,0,03011,0,03011,0.668555,-0.188031,-0.313385,-0.647663,0.6916
synthetic/images/img026259.jpg,synthetic_val,1,25771,1,34625,0.0856444,0.91354,0.371126,-0.142741,12.2899
synthetic/images/img026288.jpg,synthetic_val,1,55735,0,55773,0.573351,0.555434,-0.304593,0.5196,5.99718
synthetic/images/img026383.jpg,synthetic_val,0,35754,0,35536,0.72671,0.658581,0.158968,-0.113548,12.13
synthetic/images/img026418.jpg,synthetic_val,0,35117,1,35056,0.532542,0.811493,0.0760775,-0.228232,26.8337
synthetic/images/img026443.jpg,synthetic_val,1,04667,1,06557,-0.441447,0.830959,-0.337577,-0.0259675,26.4513
synthetic/images/img026461.jpg,synthetic_val,2,70643,2,61736,-0.0807866,0.403933,0.861723,0.296217,23.6001
synthetic/images/img026465.jpg,synthetic_val,2,50114,1,05451,-0.197576,0.702491,-0.680538,-0.0658586,10.8459
synthetic/images/img026560.jpg,synthetic_val,3,47503,3,47546,-0.149139,-0.276972,0.660472,0.681778,10.4132
synthetic/images/img026608.jpg,synthetic_val,2,36213,2,36322,0.188031,0.647663,0.668555,-0.313385,8.28661
synthetic/images/img026641.jpg,synthetic_val,1,26726,2,26522,-0.498237,0.498237,0.6932,-0.151637,18.1324
synthetic/images/img026769.jpg,synthetic_val,0,70367,0,72106,0.833209,0.23434,0.494718,0.0781133,15.6461
synthetic/images/img026806.jpg,synthetic_val,0,30514,0,12777,0.8157,0.38236,-0.0254906,-0.433341,11.6391
synthetic/images/img026853.jpg,synthetic_val,2,73400,0,16607,0.972379,0.0911606,-0.151934,-0.151934,143.467
synthetic/images/img026898.jpg,synthetic_val,1,30465,1,30475,0.187958,0.859235,0.134255,-0.456468,11.3023
synthetic/images/img026910.jpg,synthetic_val,3,00306,3,00342,-0.440762,-0.402435,-0.517416,0.613234,2.61901
synthetic/images/img027037.jpg,synthetic_val,0,36206,0,36202,0.719328,0.022479,0.606933,-0.337185,3.09782
synthetic/images/img027064.jpg,synthetic_val,0,61027,0,61065,0.899004,-0.36522,0.140469,0.196657,14.5578
synthetic/images/img027065.jpg,synthetic_val,3,20011,3,12061,0.0691347,-0.253494,-0.622212,0.737437,75.9172
synthetic/images/img027095.jpg,synthetic_val,2,72525,2,72057,0.181772,0.493382,0.830959,0.181772,16.4518
synthetic/images/img027107.jpg,synthetic_val,0,05373,0,05313,0.778177,-0.024318,-0.510678,-0.36477,12.7712
synthetic/images/img027178.jpg,synthetic_val,2,62221,1,62162,-0.501067,0.697136,0.501067,0.108928,23.4319
synthetic/images/img027202.jpg,synthetic_val,3,07116,3,07127,-0.138728,-0.249711,-0.360694,0.887862,11.4528
synthetic/images/img027219.jpg,synthetic_val,3,00354,3,00346,-0.449428,-0.410347,-0.488509,0.625291,9.63835
synthetic/images/img027236.jpg,synthetic_val,2,60137,2,60350,-0.492056,0.233079,0.828726,0.129488,10.9548
synthetic/images/img027244.jpg,synthetic_val,2,12255,2,13066,0.378339,-0.200297,0.712167,-0.55638,25.0918
synthetic/images/img027319.jpg,synthetic_val,0,13606,0,13422,0.729727,0.387667,-0.205236,-0.524491,10.8337
synthetic/images/img027327.jpg,synthetic_val,0,40640,0,46020,0.653879,-0.633445,-0.224771,0.347373,30.4259
synthetic/images/img027343.jpg,synthetic_val,2,24501,2,24550,-0.508706,0.026774,0.856767,-0.0803219,10.248
synthetic/images/img027470.jpg,synthetic_val,2,37703,2,37705,0.550791,0.509992,0.652789,-0.101998,4.54798
synthetic/images/img027473.jpg,synthetic_val,1,52145,1,52111,0.390567,0.833209,-0.390567,0.0260378,22.0962
synthetic/images/img027492.jpg,synthetic_val,0,27101,0,27523,0.793334,-0.123958,0.570209,-0.173542,29.6884
synthetic/images/img027551.jpg,synthetic_val,1,50513,1,50157,0.324329,0.691902,-0.627036,0.151354,6.31411
synthetic/images/img027572.jpg,synthetic_val,1,07515,1,05367,-0.132733,0.849491,-0.451292,-0.238919,15.0669
synthetic/images/img027611.jpg,synthetic_val,0,00023,0,00270,0.600152,-0.506379,-0.35634,-0.506379,9.57584
synthetic/images/img027620.jpg,synthetic_val,0,05547,0,05055,0.690612,-0.194235,-0.66903,-0.194235,22.2333
synthetic/images/img027659.jpg,synthetic_val,1,35647,1,35655,0.568812,0.791391,0.222579,-0.024731,12.601
synthetic/images/img027810.jpg,synthetic_val,2,12274,2,30002,0.0223887,0.067166,0.716438,-0.694049,20.6486
synthetic/images/img027905.jpg,synthetic_val,3,36443,3,36454,0.136641,0.464578,-0.0273281,0.8745,12.8481
synthetic/images/img027923.jpg,synthetic_val,1,57105,1,57575,0.559764,0.577821,-0.198626,0.559764,24.6731
synthetic/images/img027970.jpg,synthetic_val,1,64731,1,66555,-0.335795,0.632085,0.335795,0.612333,10.7688
synthetic/images/img028119.jpg,synthetic_val,0,14624,0,14616,0.822136,0.128459,-0.539527,-0.128459,11.4309
synthetic/images/img028144.jpg,synthetic_val,1,07260,1,07261,-0.357407,0.879772,-0.0824786,-0.302422,7.8071
synthetic/images/img028176.jpg,synthetic_val,0,21445,0,21476,0.830959,-0.285642,0.181772,-0.441447,18.3285
synthetic/images/img028238.jpg,synthetic_val,1,05723,1,05727,-0.135432,0.866766,-0.46047,-0.135432,6.94003
synthetic/images/img028244.jpg,synthetic_val,2,46056,2,44107,-0.406638,-0.561547,0.619639,0.36791,38.1606
synthetic/images/img028264.jpg,synthetic_val,2,27321,2,27231,-0.193158,0.622398,0.686784,-0.32193,10.7765
synthetic/images/img028305.jpg,synthetic_val,0,30241,0,30036,0.72671,0.113548,0.158968,-0.658581,7.10973
synthetic/images/img028328.jpg,synthetic_val,1,03415,1,01767,-0.123958,0.793334,-0.421459,-0.421459,14.8614
synthetic/images/img028340.jpg,synthetic_val,2,23227,1,23333,-0.0184209,0.589468,0.571047,-0.571047,24.7163
synthetic/images/img028392.jpg,synthetic_val,1,55226,1,55206,0.369653,0.695817,-0.45663,0.413141,8.8771
synthetic/images/img028454.jpg,synthetic_val,2,60075,2,60345,-0.525822,0.225352,0.801253,0.175274,15.4043
synthetic/images/img028462.jpg,synthetic_val,0,61121,0,61132,0.972379,-0.0911606,0.212708,0.0303869,10.0304
synthetic/images/img028512.jpg,synthetic_val,1,30111,1,15242,0.392598,0.739008,-0.484974,-0.254034,76.7753
synthetic/images/img028552.jpg,synthetic_val,1,30217,1,30453,0.184274,0.842397,0.0789747,-0.500173,30.2674
synthetic/images/img028553.jpg,synthetic_val,0,60435,0,60503,0.811493,-0.532542,0.0760775,0.228232,11.4189
synthetic/images/img028593.jpg,synthetic_val,1,12114,3,11032,0.380188,-0.452605,-0.56123,0.579334,133.548
synthetic/images/img028614.jpg,synthetic_val,1,42320,1,60001,-0.67116,0.74059,0.0231434,0.0231434,18.557
synthetic/images/img028671.jpg,synthetic_val,2,71337,0,73741,0.634068,0.534994,0.495365,0.25759,39.1905
synthetic/images/img028682.jpg,synthetic_val,3,61007,3,61034,-0.320358,0.145617,0.0873704,0.931951,8.36742
synthetic/images/img028710.jpg,synthetic_val,3,16131,3,16311,0.384363,-0.179369,-0.384363,0.819974,10.5328
synthetic/images/img028711.jpg,synthetic_val,2,74232,2,74222,0.0254906,0.38236,0.8157,0.433341,11.8272
synthetic/images/img028724.jpg,synthetic_val,1,03566,1,07310,-0.0829819,0.88514,-0.193624,-0.41491,13.0813
synthetic/images/img028888.jpg,synthetic_val,1,04356,1,07550,-0.0842816,0.899004,-0.421408,-0.0842816,48.7812
synthetic/images/img028921.jpg,synthetic_val,0,71073,0,71061,0.844742,0.501565,0.131991,0.131991,11.6024
synthetic/images/img028940.jpg,synthetic_val,0,02623,1,60400,-0.681854,0.703849,0.0219953,0.197958,33.2233
synthetic/images/img028985.jpg,synthetic_val,3,43027,3,43005,-0.344137,-0.397081,0.0794162,0.847106,16.0429
synthetic/images/img029009.jpg,synthetic_val,1,55241,1,51466,0.365528,0.688053,-0.537541,0.322525,17.2041
synthetic/images/img029027.jpg,synthetic_val,3,53535,0,61655,0.851896,-0.239596,0.239596,0.399326,37.7776
synthetic/images/img029045.jpg,synthetic_val,0,64101,0,60574,0.791391,-0.469888,0.123655,0.370965,12.3908
synthetic/images/img029053.jpg,synthetic_val,1,40764,1,40470,-0.524395,0.621506,-0.524395,0.252487,17.1371
synthetic/images/img029096.jpg,synthetic_val,2,00362,2,00243,-0.526403,-0.381189,0.580859,-0.4901,10.3595
synthetic/images/img029133.jpg,synthetic_val,1,71305,1,71333,0.659276,0.680543,0.319005,0.021267,18.399
synthetic/images/img029253.jpg,synthetic_val,2,07750,2,07751,-0.0303869,-0.212708,0.972379,-0.0911606,10.423
synthetic/images/img029259.jpg,synthetic_val,3,60256,3,60067,-0.654542,0.157993,0.157993,0.722254,13.5535
synthetic/images/img029275.jpg,synthetic_val,1,15243,1,15223,0.436005,0.734324,-0.390109,-0.344214,16.163
synthetic/images/img029279.jpg,synthetic_val,1,12350,1,40133,-0.386065,0.72671,-0.567742,0.0227097,120.035
synthetic/images/img029307.jpg,synthetic_val,1,27461,1,27453,-0.23434,0.833209,0.494718,-0.0781133,10.3387
synthetic/images/img029339.jpg,synthetic_val,0,07675,0,07675,0.958324,-0.269529,-0.0898429,-0.0299476,1.88104
synthetic/images/img029407.jpg,synthetic_val,2,70723,2,70742,0.240966,0.294514,0.856767,0.348062,16.4812
synthetic/images/img029430.jpg,synthetic_val,1,16523,1,16174,0.348062,0.856767,-0.294514,-0.240966,8.46611
synthetic/images/img029610.jpg,synthetic_val,1,62714,1,62350,-0.421184,0.709362,0.554189,0.110838,13.3132
synthetic/images/img029628.jpg,synthetic_val,1,34335,1,32706,0.188691,0.670902,0.566074,-0.44028,39.3393
synthetic/images/img029648.jpg,synthetic_val,1,15711,1,15656,0.480888,0.732782,-0.480888,-0.0228994,21.611
synthetic/images/img029658.jpg,synthetic_val,1,70063,1,70302,0.256933,0.91354,0.314029,0.0285481,26.4592
synthetic/images/img029703.jpg,synthetic_val,1,47124,1,47106,-0.174836,0.799251,-0.324696,0.474555,5.39256
synthetic/images/img029714.jpg,synthetic_val,1,46224,1,64001,-0.624704,0.689329,0.0215415,0.366206,9.66522
synthetic/images/img029716.jpg,synthetic_val,2,51753,2,55343,0.525985,-0.4091,0.62339,0.4091,21.3226
synthetic/images/img029760.jpg,synthetic_val,1,35000,1,35060,0.445063,0.837765,0.130901,-0.287982,14.4732
synthetic/images/img029768.jpg,synthetic_val,0,23143,0,72142,0.828726,0.233079,0.492056,0.129488,93.0394
synthetic/images/img029808.jpg,synthetic_val,0,42651,0,06654,0.753619,-0.635866,-0.164854,-0.0235506,36.8136
synthetic/images/img029830.jpg,synthetic_val,0,25474,0,25455,0.961781,-0.270501,0.0300557,-0.0300557,12.782
synthetic/images/img029931.jpg,synthetic_val,3,56765,3,56656,0.110838,-0.110838,0.687194,0.709362,15.2982
synthetic/images/img029982.jpg,synthetic_val,0,53260,0,53266,0.866766,0.46047,-0.0270864,0.189605,10.7965
synthetic/images/img029995.jpg,synthetic_val,1,65324,1,65305,-0.129488,0.828726,0.233079,0.492056,14.4865
synthetic/images/img030030.jpg,synthetic_val,0,41032,0,41002,0.699798,-0.328031,-0.634192,0.0218687,11.1806
synthetic/images/img030033.jpg,synthetic_val,1,45573,1,70557,0.389512,0.830959,0.0779024,0.389512,89.7599
synthetic/images/img030041.jpg,synthetic_val,0,54073,0,54210,0.74059,0.115717,-0.532299,0.393438,10.8465
synthetic/images/img030088.jpg,synthetic_val,0,52622,0,43573,0.896179,-0.0280056,-0.25205,0.364073,27.7238
synthetic/images/img030110.jpg,synthetic_val,2,36320,1,37006,0.395992,0.745396,0.442579,-0.302817,40.257
synthetic/images/img030137.jpg,synthetic_val,2,13252,2,12333,0.319005,-0.021267,0.680543,-0.659276,18.8595
synthetic/images/img030209.jpg,synthetic_val,0,74602,0,76540,0.676879,0.190372,0.359592,0.613422,25.3356
synthetic/images/img030230.jpg,synthetic_val,1,03064,1,02031,-0.478387,0.612335,-0.21049,-0.5932,22.7818
synthetic/images/img030342.jpg,synthetic_val,0,61147,0,61553,0.922608,-0.0288315,0.0864945,0.374809,26.5122
synthetic/images/img030367.jpg,synthetic_val,1,16363,1,16231,0.193624,0.88514,-0.0829819,-0.41491,18.5479
synthetic/images/img030417.jpg,synthetic_val,3,36714,3,36205,0.0701862,0.584885,-0.30414,0.748653,36.5625
synthetic/images/img030435.jpg,synthetic_val,3,44064,1,44724,-0.447383,0.622446,-0.369577,0.525188,169.777
synthetic/images/img030437.jpg,synthetic_val,0,03306,0,61014,0.941584,-0.323669,0.0294245,0.0882735,95.616
synthetic/images/img030445.jpg,synthetic_val,1,07710,1,07352,-0.0873704,0.931951,-0.145617,-0.320358,13.0112
synthetic/images/img030535.jpg,synthetic_val,0,35423,0,35265,0.791391,0.469888,0.321503,-0.222579,19.5043
synthetic/images/img030606.jpg,synthetic_val,2,56033,2,54362,0.210099,-0.396854,0.74702,0.490232,25.272
synthetic/images/img030610.jpg,synthetic_val,3,35445,3,35045,0.496065,0.0261087,-0.234978,0.835478,22.9412
synthetic/images/img030637.jpg,synthetic_val,1,35224,1,35024,0.437917,0.824315,0.128799,-0.334878,20.3367
synthetic/images/img030750.jpg,synthetic_val,2,17331,0,71003,0.856767,0.508706,0.0803219,0.026774,108.59
synthetic/images/img030899.jpg,synthetic_val,1,41266,1,43403,-0.342224,0.842397,-0.342224,0.236924,15.2083
synthetic/images/img030974.jpg,synthetic_val,1,01723,1,03703,-0.124883,0.799251,-0.124883,-0.574462,30.5445
synthetic/images/img031002.jpg,synthetic_val,3,76071,3,72021,0.0781133,0.546793,0.0260378,0.833209,55.4798
synthetic/images/img031029.jpg,synthetic_val,0,73160,2,37104,0.544638,0.370354,0.697136,-0.283212,58.3743
synthetic/images/img031045.jpg,synthetic_val,3,07442,3,07407,-0.349064,-0.349064,-0.134255,0.859235,8.61652
synthetic/images/img031080.jpg,synthetic_val,0,46250,0,46206,0.65718,-0.636643,-0.102684,0.390201,9.66029
synthetic/images/img031218.jpg,synthetic_val,2,63153,2,63107,-0.132733,0.504385,0.849491,0.0796398,15.8486
synthetic/images/img031245.jpg,synthetic_val,2,15727,2,45353,-0.0228994,-0.480888,0.732782,0.480888,102.441
synthetic/images/img031304.jpg,synthetic_val,1,25654,1,61300,-0.205971,0.941584,0.26482,0.0294245,11.6778
synthetic/images/img031323.jpg,synthetic_val,1,34602,1,34607,0.0873704,0.931951,0.320358,-0.145617,10.9758
synthetic/images/img031365.jpg,synthetic_val,1,61503,1,61116,-0.092538,0.987072,0.092538,0.092538,20.9993
synthetic/images/img031457.jpg,synthetic_val,2,10154,1,15665,0.454577,0.765603,-0.454577,-0.0239251,103.082
synthetic/images/img031546.jpg,synthetic_val,1,53033,1,53072,0.529823,0.80735,-0.227067,0.126148,10.3707
synthetic/images/img031608.jpg,synthetic_val,1,71423,1,71600,0.442642,0.833209,0.23434,0.23434,9.0972
synthetic/images/img031640.jpg,synthetic_val,2,14767,2,16417,0.196657,-0.36522,0.899004,-0.140469,21.7904
synthetic/images/img031646.jpg,synthetic_val,0,63024,0,63060,0.772712,-0.362209,0.507093,0.120736,5.84673
synthetic/images/img031689.jpg,synthetic_val,1,32516,1,30306,0.197958,0.703849,0.241948,-0.637864,31.1656
synthetic/images/img031700.jpg,synthetic_val,0,03263,0,21172,0.751953,-0.0704956,0.16449,-0.63446,32.3201
synthetic/images/img031702.jpg,synthetic_val,2,34127,2,34174,0.360694,0.138728,0.887862,-0.249711,12.7028
synthetic/images/img031729.jpg,synthetic_val,0,20146,0,61622,0.811493,-0.380387,0.380387,0.228232,99.8879
synthetic/images/img031737.jpg,synthetic_val,3,54574,2,64701,-0.450702,0.193158,0.686784,0.53655,117.87
synthetic/images/img031791.jpg,synthetic_val,2,15711,2,15524,0.509992,-0.550791,0.652789,-0.101998,18.8184
synthetic/images/img031804.jpg,synthetic_val,2,06117,2,07211,-0.24236,-0.188502,0.861723,-0.403933,29.0623
synthetic/images/img031806.jpg,synthetic_val,3,37544,3,71333,0.659276,0.319005,0.021267,0.680543,12.2708
synthetic/images/img031931.jpg,synthetic_val,0,51410,3,30177,0.342059,0.159628,-0.570099,0.729727,80.3511
synthetic/images/img031940.jpg,synthetic_val,0,56015,0,54036,0.709362,0.110838,-0.554189,0.421184,24.1561
synthetic/images/img031979.jpg,synthetic_val,3,21761,3,21216,-0.239641,0.239641,-0.63178,0.697136,26.7996
synthetic/images/img031991.jpg,synthetic_val,2,43705,2,43341,-0.149204,-0.208885,0.954905,0.149204,20.7255
synthetic/images/img032000.jpg,synthetic_val,2,73254,2,73063,0.431484,0.522323,0.72671,0.113548,8.20244
synthetic/images/img032002.jpg,synthetic_val,0,67015,0,65242,0.751953,-0.352478,0.258484,0.493469,24.6353
synthetic/images/img032051.jpg,synthetic_val,0,43173,0,53030,0.80327,0.527146,-0.276124,0.0251022,71.4767
synthetic/images/img032273.jpg,synthetic_val,3,70055,3,52275,0.208145,-0.0892052,0.208145,0.951522,13.574
synthetic/images/img032286.jpg,synthetic_val,3,52230,3,52124,0.2561,-0.313011,0.0853666,0.910577,31.7152
synthetic/images/img032307.jpg,synthetic_val,0,61652,0,61672,0.8157,-0.280397,0.38236,0.331378,11.662
synthetic/images/img032343.jpg,synthetic_val,0,72067,0,72506,0.80327,0.22592,0.476942,0.276124,22.6774
synthetic/images/img032388.jpg,synthetic_val,3,75147,3,75412,0.458367,0.065481,0.545675,0.698464,15.0396
synthetic/images/img032401.jpg,synthetic_val,3,03203,2,03177,-0.0240354,-0.216319,0.769133,-0.600885,50.2531
synthetic/images/img032404.jpg,synthetic_val,1,34361,1,34342,0.245222,0.871899,0.299715,-0.299715,8.87493
synthetic/images/img032469.jpg,synthetic_val,1,11250,1,12241,0.0704956,0.751953,-0.16449,-0.63446,56.2429
synthetic/images/img032513.jpg,synthetic_val,1,71161,0,71056,0.819974,0.538108,0.0768726,0.179369,34.8856
synthetic/images/img032542.jpg,synthetic_val,0,07633,0,07620,0.88514,-0.41491,-0.0829819,-0.193624,21.1569
synthetic/images/img032587.jpg,synthetic_val,1,06351,1,06563,-0.532542,0.811493,-0.228232,-0.0760775,27
synthetic/images/img032698.jpg,synthetic_val,2,75172,2,75310,0.613422,0.190372,0.676879,0.359592,11.525
synthetic/images/img032702.jpg,synthetic_val,0,26014,0,24257,0.743784,-0.581081,0.255676,-0.209189,14.4506
synthetic/images/img032826.jpg,synthetic_val,2,22752,2,21423,-0.308911,0.166337,0.760398,-0.546536,48.2768
synthetic/images/img032858.jpg,synthetic_val,1,44610,2,22166,-0.442063,0.442063,0.615044,-0.480503,179.495
synthetic/images/img032926.jpg,synthetic_val,0,43100,0,41120,0.753619,-0.164854,-0.635866,0.0235506,28.9962
synthetic/images/img032972.jpg,synthetic_val,1,52577,1,52773,0.398199,0.849491,-0.0265466,0.345106,24.5436
synthetic/images/img032988.jpg,synthetic_val,3,42113,3,06374,-0.494718,-0.0781133,-0.23434,0.833209,42.5603
synthetic/images/img033037.jpg,synthetic_val,0,56112,0,52150,0.842397,0.342224,-0.394874,0.131625,36.2563
synthetic/images/img033094.jpg,synthetic_val,3,00652,0,30365,0.72671,0.249807,0.295226,-0.567742,29.431
synthetic/images/img033123.jpg,synthetic_val,1,06705,1,06711,-0.45257,0.851896,-0.186352,-0.186352,13.8071
synthetic/images/img033157.jpg,synthetic_val,3,74246,3,65526,-0.162703,0.162703,0.627568,0.743784,25.4924
synthetic/images/img033170.jpg,synthetic_val,1,73443,1,73444,0.397722,0.748653,0.397722,0.350931,10.9493
synthetic/images/img033186.jpg,synthetic_val,0,07613,0,05746,0.822136,-0.179842,-0.539527,-0.0256917,54.1653
synthetic/images/img033208.jpg,synthetic_val,0,35525,0,35066,0.842397,0.447523,0.184274,-0.236924,25.9983
synthetic/images/img033285.jpg,synthetic_val,1,72534,1,72170,0.319169,0.785646,0.51558,0.122757,15.2774
synthetic/images/img033352.jpg,synthetic_val,0,12354,0,12255,0.765603,0.167476,-0.167476,-0.598127,18.0233
synthetic/images/img033356.jpg,synthetic_val,1,13605,1,14314,0.298949,0.735875,-0.52891,-0.298949,48.8117
synthetic/images/img033366.jpg,synthetic_val,3,63050,3,61322,-0.19422,0.416185,0.0277457,0.887862,14.6811
synthetic/images/img033412.jpg,synthetic_val,0,67422,0,65365,0.765603,-0.119625,0.311026,0.550277,29.7381
synthetic/images/img033440.jpg,synthetic_val,1,36436,1,36415,0.187958,0.859235,0.456468,-0.134255,16.4431
synthetic/images/img033472.jpg,synthetic_val,0,03107,0,01576,0.725215,-0.0679889,-0.566575,-0.385271,42.1533
synthetic/images/img033493.jpg,synthetic_val,3,64554,2,64500,-0.492719,0.0214226,0.685522,0.535564,18.6146
synthetic/images/img033543.jpg,synthetic_val,0,06150,0,06316,0.805302,-0.478148,-0.125828,-0.327154,26.6363
synthetic/images/img033550.jpg,synthetic_val,3,43333,3,43333,-0.0312043,-0.0312043,0.0312043,0.998538,2.87373
synthetic/images/img033611.jpg,synthetic_val,0,01343,0,04247,0.654974,-0.59357,-0.429826,-0.184211,72.6871
synthetic/images/img033628.jpg,synthetic_val,1,04703,1,05663,-0.33667,0.828726,-0.440261,-0.0776931,23.4549
synthetic/images/img033635.jpg,synthetic_val,2,45474,2,45621,-0.278493,-0.407029,0.685522,0.535564,18.2571
synthetic/images/img033725.jpg,synthetic_val,1,56367,1,75244,0.387667,0.729727,0.205236,0.524491,30.8764
synthetic/images/img033732.jpg,synthetic_val,2,56470,2,56417,0.157672,-0.29282,0.720787,0.608164,7.9433
synthetic/images/img033763.jpg,synthetic_val,2,67150,2,67551,-0.0215415,0.366206,0.689329,0.624704,16.2264
synthetic/images/img033800.jpg,synthetic_val,3,65273,3,64355,-0.387667,0.205236,0.524491,0.729727,28.6949
synthetic/images/img033831.jpg,synthetic_val,2,23052,2,21275,-0.206529,0.298319,0.734324,-0.57369,12.0822
synthetic/images/img033878.jpg,synthetic_val,0,66025,0,66400,0.594328,-0.575755,0.315737,0.464318,14.6042
synthetic/images/img033889.jpg,synthetic_val,1,13503,1,13015,0.449428,0.625291,-0.293105,-0.56667,18.5051
synthetic/images/img033911.jpg,synthetic_val,0,73446,0,73445,0.734324,0.436005,0.390109,0.344214,5.65046
synthetic/images/img033982.jpg,synthetic_val,1,74651,1,74432,0.120456,0.770916,0.168638,0.602279,11.5518
synthetic/images/img033987.jpg,synthetic_val,0,32155,0,32051,0.699798,0.153081,0.371768,-0.590455,23.2351
synthetic/images/img034061.jpg,synthetic_val,3,64254,3,64166,-0.498237,0.151637,0.498237,0.6932,8.93368
synthetic/images/img034124.jpg,synthetic_val,1,25167,1,25071,-0.254457,0.904735,0.141365,-0.311003,14.3167
synthetic/images/img034217.jpg,synthetic_val,2,34465,2,34474,0.152499,0.152499,0.975991,-0.0304997,4.6825
synthetic/images/img034230.jpg,synthetic_val,1,16722,1,16720,0.263908,0.93834,-0.0879694,-0.205262,9.75572
synthetic/images/img034355.jpg,synthetic_val,3,42770,3,42765,-0.509475,-0.0727821,0.36391,0.776342,5.62049
synthetic/images/img034447.jpg,synthetic_val,2,43211,2,43274,-0.317146,-0.0864945,0.922608,0.20182,22.6059
synthetic/images/img034491.jpg,synthetic_val,3,72145,3,70712,0.348062,0.294514,0.240966,0.856767,18.825
synthetic/images/img034526.jpg,synthetic_val,3,70401,3,70460,0.0286417,0.143208,0.372342,0.916533,15.9079
synthetic/images/img034552.jpg,synthetic_val,1,07372,1,16224,0.0288315,0.922608,-0.0864945,-0.374809,15.0233
synthetic/images/img034582.jpg,synthetic_val,0,24207,1,74644,0.0219953,0.703849,0.197958,0.681854,109.803
synthetic/images/img034633.jpg,synthetic_val,0,72422,0,72542,0.791391,0.222579,0.469888,0.321503,24.4763
synthetic/images/img034688.jpg,synthetic_val,1,62716,1,62151,-0.421459,0.793334,0.421459,0.123958,25.3736
synthetic/images/img034784.jpg,synthetic_val,1,24047,1,06661,-0.668302,0.737437,-0.0691347,-0.0691347,20.0283
synthetic/images/img034788.jpg,synthetic_val,2,03241,2,03333,-0.0224337,-0.0224337,0.717879,-0.695445,34.5808
synthetic/images/img034792.jpg,synthetic_val,1,26545,1,27456,-0.283358,0.824315,0.489437,-0.0257599,26.568
synthetic/images/img034828.jpg,synthetic_val,0,35440,0,34553,0.899004,0.421408,0.0842816,-0.0842816,8.27253
synthetic/images/img034884.jpg,synthetic_val,2,01363,2,01366,-0.157036,-0.381373,0.717879,-0.560843,8.58162
synthetic/images/img034926.jpg,synthetic_val,0,56701,0,56167,0.763856,0.262575,-0.214834,0.549021,7.90457
synthetic/images/img034928.jpg,synthetic_val,0,43110,0,43115,0.901856,-0.028183,-0.422745,0.084549,8.17869
synthetic/images/img034950.jpg,synthetic_val,3,16640,3,16644,0.0304997,-0.213498,-0.0304997,0.975991,8.87368
synthetic/images/img034959.jpg,synthetic_val,3,24471,3,24550,-0.508706,0.026774,-0.0803219,0.856767,19.7853
synthetic/images/img035004.jpg,synthetic_val,0,16453,0,16414,0.887862,0.138728,-0.416185,-0.138728,11.7968
synthetic/images/img035083.jpg,synthetic_val,0,70432,0,70436,0.916533,0.143208,0.200492,0.315058,7.69442
synthetic/images/img035109.jpg,synthetic_val,3,23645,3,27274,-0.241948,0.637864,-0.197958,0.703849,21.5386
synthetic/images/img035117.jpg,synthetic_val,3,46106,3,46102,-0.512887,-0.289893,0.37909,0.713582,6.21682
synthetic/images/img035323.jpg,synthetic_val,3,11643,3,11330,0.513697,-0.33656,-0.549124,0.566838,24.8425
synthetic/images/img035360.jpg,synthetic_val,2,35475,2,75032,0.494563,0.164854,0.753619,0.40036,47.6223
synthetic/images/img035363.jpg,synthetic_val,2,52735,2,52703,0.311003,-0.141365,0.904735,0.254457,13.5702
synthetic/images/img035420.jpg,synthetic_val,1,11665,1,15221,0.427967,0.720787,-0.427967,-0.337869,3.50308
synthetic/images/img035463.jpg,synthetic_val,0,45412,0,45063,0.673274,-0.273518,-0.525995,0.441836,12.2016
synthetic/images/img035471.jpg,synthetic_val,1,77615,1,71644,0.422499,0.795292,0.223676,0.372793,39.8497
synthetic/images/img035480.jpg,synthetic_val,1,14067,1,14010,0.105762,0.676879,-0.655727,-0.317287,16.6168
synthetic/images/img035529.jpg,synthetic_val,2,05607,2,07075,-0.248946,-0.304267,0.88514,-0.248946,29.9406
synthetic/images/img035542.jpg,synthetic_val,2,26556,2,61216,-0.308062,0.308062,0.896179,0.0840168,30.3417
synthetic/images/img035593.jpg,synthetic_val,2,04270,1,00742,-0.47395,0.659408,-0.432737,-0.391524,158.745
synthetic/images/img035633.jpg,synthetic_val,1,34241,1,34255,0.199189,0.910577,0.2561,-0.2561,14.7524
synthetic/images/img035646.jpg,synthetic_val,1,17343,2,17122,0.565414,-0.203549,0.72373,-0.339248,154.573
synthetic/images/img035697.jpg,synthetic_val,2,12625,2,03574,-0.0789747,-0.289574,0.842397,-0.447523,29.8332
synthetic/images/img035716.jpg,synthetic_val,3,47145,3,47164,-0.168638,-0.265003,0.554096,0.770916,8.94581
synthetic/images/img035721.jpg,synthetic_val,1,65345,1,65147,-0.125511,0.80327,0.0753066,0.57735,15.3509
synthetic/images/img035738.jpg,synthetic_val,3,60506,3,60545,-0.510678,0.024318,0.36477,0.778177,12.37
synthetic/images/img035865.jpg,synthetic_val,2,47251,2,47130,-0.0789747,-0.289574,0.842397,0.447523,23.2306
synthetic/images/img035878.jpg,synthetic_val,0,31624,0,31552,0.676879,0.613422,0.0634574,-0.401897,39.5941
synthetic/images/img035889.jpg,synthetic_val,1,34466,1,25572,-0.0908257,0.968808,0.211927,-0.0908257,11.6389
synthetic/images/img035905.jpg,synthetic_val,2,03032,2,03363,-0.118545,-0.0237089,0.758686,-0.640141,25.7178
synthetic/images/img035941.jpg,synthetic_val,0,61446,0,60750,0.791391,-0.469888,0.222579,0.321503,19.971
synthetic/images/img035944.jpg,synthetic_val,0,24000,3,62115,-0.423547,0.423547,0.0747435,0.797264,70.457
synthetic/images/img035980.jpg,synthetic_val,3,44670,2,44160,-0.440762,-0.517416,0.613234,0.402435,30.4451
synthetic/images/img035984.jpg,synthetic_val,0,26542,0,24661,0.707972,-0.641599,0.287613,-0.0663723,24.9236
synthetic/images/img036016.jpg,synthetic_val,2,72177,2,73004,0.423547,0.423547,0.797264,0.0747435,19.1758
synthetic/images/img036050.jpg,synthetic_val,0,11336,3,13026,0.359592,-0.190372,-0.613422,0.676879,171.407
synthetic/images/img036090.jpg,synthetic_val,1,47514,1,47545,-0.105762,0.676879,-0.317287,0.655727,11.7766
synthetic/images/img036117.jpg,synthetic_val,0,60271,0,62166,0.6932,-0.498237,0.498237,0.151637,25.19
synthetic/images/img036168.jpg,synthetic_val,2,31320,0,02302,0.635066,-0.456453,-0.099229,-0.61522,120.764
synthetic/images/img036230.jpg,synthetic_val,2,72145,2,72146,0.231226,0.488143,0.822136,0.179842,7.00605
synthetic/images/img036263.jpg,synthetic_val,0,42105,0,04623,0.681778,-0.617861,-0.362194,-0.149139,28.9931
synthetic/images/img036315.jpg,synthetic_val,0,61276,0,61262,0.826512,-0.387427,0.387427,0.129142,11.0682
synthetic/images/img036342.jpg,synthetic_val,3,34275,3,34742,0.2561,0.313011,-0.0853666,0.910577,17.9788
synthetic/images/img036380.jpg,synthetic_val,2,13407,2,13215,0.465335,-0.141624,0.647423,-0.586727,22.26
synthetic/images/img036421.jpg,synthetic_val,3,23166,3,21277,-0.203549,0.339248,-0.565414,0.72373,17.4308
synthetic/images/img036436.jpg,synthetic_val,1,65320,1,65307,-0.127786,0.817829,0.281129,0.485586,10.3049
synthetic/images/img036506.jpg,synthetic_val,3,35131,3,35413,0.573034,0.0747435,-0.174402,0.797264,21.9009
synthetic/images/img036521.jpg,synthetic_val,3,62142,3,06627,-0.666887,-0.0229961,-0.114981,0.735875,62.1782
synthetic/images/img036537.jpg,synthetic_val,2,14403,2,50126,0.215821,-0.599501,0.767362,0.0719402,32.1242
synthetic/images/img036551.jpg,synthetic_val,1,56350,1,56007,0.0758825,0.809414,-0.328824,0.480589,34.8606
synthetic/images/img036576.jpg,synthetic_val,3,10762,3,10776,0.308911,-0.403961,-0.403961,0.760398,13.2783
synthetic/images/img036737.jpg,synthetic_val,1,21643,1,21264,-0.331862,0.707972,0.287613,-0.553103,13.5563
synthetic/images/img036770.jpg,synthetic_val,0,16012,0,16036,0.887862,0.138728,-0.249711,-0.360694,14.1125
synthetic/images/img036772.jpg,synthetic_val,2,21027,3,12253,0.163768,-0.116977,-0.631676,0.748653,21.7345
synthetic/images/img036781.jpg,synthetic_val,2,51537,2,65344,-0.17063,0.219382,0.780024,0.560642,133.744
synthetic/images/img036846.jpg,synthetic_val,1,52242,1,52215,0.208145,0.951522,-0.208145,0.0892052,22.1494
synthetic/images/img036879.jpg,synthetic_val,1,43723,1,43703,-0.147122,0.941584,-0.147122,0.26482,10.9545
synthetic/images/img036891.jpg,synthetic_val,1,60351,1,61166,-0.204559,0.935129,0.204559,0.204559,30.2157
synthetic/images/img036892.jpg,synthetic_val,2,23512,2,21212,-0.233095,0.233095,0.678094,-0.656904,32.123
synthetic/images/img036908.jpg,synthetic_val,2,47376,2,07657,-0.267615,-0.148675,0.951522,-0.0297351,76.594
synthetic/images/img036985.jpg,synthetic_val,1,30444,1,16216,0.141819,0.907642,-0.141819,-0.368729,27.1023
synthetic/images/img037098.jpg,synthetic_val,3,06436,3,06775,-0.467379,-0.0824786,-0.0274929,0.879772,30.1678
synthetic/images/img037184.jpg,synthetic_val,3,50323,3,50322,0.240966,-0.455158,0.026774,0.856767,3.28662
synthetic/images/img037240.jpg,synthetic_val,0,75001,0,75205,0.748653,0.444513,0.210559,0.444513,22.7436
synthetic/images/img037270.jpg,synthetic_val,0,25502,0,25157,0.958324,-0.0299476,0.0898429,-0.269529,19.5942
synthetic/images/img037296.jpg,synthetic_val,2,66270,1,66701,-0.403027,0.614137,0.479794,0.479794,21.2055
synthetic/images/img037335.jpg,synthetic_val,0,32031,3,02237,-0.500902,-0.0200361,-0.581047,0.641155,26.5395
synthetic/images/img037351.jpg,synthetic_val,2,07014,2,07043,-0.337577,-0.337577,0.830959,-0.285642,7.49548
synthetic/images/img037362.jpg,synthetic_val,2,70200,2,61304,-0.205262,0.263908,0.93834,0.0879694,27.6201
synthetic/images/img037501.jpg,synthetic_val,2,17651,2,52045,0.0829819,-0.41491,0.88514,0.193624,72.318
synthetic/images/img037527.jpg,synthetic_val,1,60063,1,62147,-0.484974,0.739008,0.438786,0.161658,35.1464
synthetic/images/img037596.jpg,synthetic_val,1,45324,1,45222,-0.350931,0.748653,-0.397722,0.397722,23.3909
synthetic/images/img037627.jpg,synthetic_val,3,62732,3,67146,-0.157993,0.428838,0.51912,0.722254,54.9135
synthetic/images/img037634.jpg,synthetic_val,1,72714,1,72114,0.33667,0.828726,0.440261,0.0776931,27.5
synthetic/images/img037688.jpg,synthetic_val,1,60132,1,60537,-0.441447,0.830959,0.181772,0.285642,28.5382
synthetic/images/img037698.jpg,synthetic_val,1,32772,2,53006,0.440261,-0.33667,0.828726,0.0776931,136.83
synthetic/images/img037719.jpg,synthetic_val,0,56106,0,52400,0.877124,0.0274101,-0.411152,0.246691,36.5746
synthetic/images/img037815.jpg,synthetic_val,0,40223,0,42422,0.690612,-0.66903,-0.194235,0.194235,30.2092
synthetic/images/img037871.jpg,synthetic_val,1,52274,1,52224,0.0309641,0.99085,-0.0928922,0.0928922,18.3257
synthetic/images/img037909.jpg,synthetic_val,3,15453,3,15601,0.428838,-0.51912,-0.157993,0.722254,14.954
synthetic/images/img037913.jpg,synthetic_val,0,07047,0,05346,0.801253,-0.175274,-0.525822,-0.225352,28.6447
synthetic/images/img037944.jpg,synthetic_val,3,02772,3,02333,-0.356417,-0.0209657,-0.649937,0.670902,27.4786
synthetic/images/img037970.jpg,synthetic_val,2,16640,2,43314,-0.0908257,-0.211927,0.968808,0.0908257,23.9594
synthetic/images/img038078.jpg,synthetic_val,0,41571,0,14707,0.797264,0.27406,-0.523205,-0.124573,62.8012
synthetic/images/img038101.jpg,synthetic_val,2,34656,2,34560,0.266674,0.148152,0.948174,-0.0888913,23.3721
synthetic/images/img038105.jpg,synthetic_val,0,70127,0,70037,0.951522,0.208145,0.208145,0.0892052,14.877
synthetic/images/img038122.jpg,synthetic_val,2,34670,2,34653,0.20182,0.317146,0.922608,-0.0864945,8.14567
synthetic/images/img038164.jpg,synthetic_val,2,13475,2,17047,0.469888,-0.321503,0.791391,-0.222579,21.279
synthetic/images/img038191.jpg,synthetic_val,2,72245,2,63104,-0.189051,0.459124,0.864234,0.0810219,34.4194
synthetic/images/img038212.jpg,synthetic_val,0,14426,3,34031,0.19245,0.137464,-0.412393,0.879772,144.617
synthetic/images/img038276.jpg,synthetic_val,3,74555,3,74447,0.0670318,0.0670318,0.692662,0.715006,28.9957
synthetic/images/img038281.jpg,synthetic_val,1,40673,1,15246,0.396854,0.74702,-0.490232,-0.210099,130.294
synthetic/images/img038314.jpg,synthetic_val,3,10732,3,10776,0.308911,-0.403961,-0.403961,0.760398,12.6982
synthetic/images/img038448.jpg,synthetic_val,0,32175,3,31242,0.365528,0.236518,-0.580544,0.688053,145.515
synthetic/images/img038540.jpg,synthetic_val,0,56507,0,56562,0.71076,0.199901,-0.199901,0.644126,12.5475
synthetic/images/img038588.jpg,synthetic_val,3,62460,3,02235,-0.5001,-0.060012,-0.580116,0.640128,115.008
synthetic/images/img038649.jpg,synthetic_val,1,41572,1,41521,-0.115966,0.742182,-0.626216,0.208739,12.9246
synthetic/images/img038680.jpg,synthetic_val,2,67321,2,67105,-0.121303,0.412432,0.776342,0.460953,27.5038
synthetic/images/img038752.jpg,synthetic_val,0,16276,0,16254,0.931951,0.145617,-0.203864,-0.262111,20.206
synthetic/images/img038758.jpg,synthetic_val,2,33254,3,32032,0.099229,0.456453,-0.61522,0.635066,128.807
synthetic/images/img038773.jpg,synthetic_val,0,70017,0,70035,0.961781,0.21039,0.150278,0.090167,4.8761
synthetic/images/img038791.jpg,synthetic_val,2,12755,2,15036,0.441836,-0.525995,0.673274,-0.273518,49.5935
synthetic/images/img038795.jpg,synthetic_val,0,61744,0,61745,0.869321,-0.135831,0.244497,0.407494,6.12799
synthetic/images/img038871.jpg,synthetic_val,3,34647,3,34666,0.028273,0.424094,-0.028273,0.904735,13.3489
synthetic/images/img038882.jpg,synthetic_val,1,76204,1,43675,-0.245953,0.8745,-0.0819844,0.409922,82.7201
synthetic/images/img038909.jpg,synthetic_val,1,40276,2,56300,0.236924,-0.184274,0.842397,0.447523,119.552
synthetic/images/img038990.jpg,synthetic_val,0,02234,0,06262,0.697136,-0.675351,-0.0217855,-0.239641,43.2679
synthetic/images/img039018.jpg,synthetic_val,3,26470,3,24642,-0.674072,0.239187,-0.0652328,0.695817,25.3007
synthetic/images/img039049.jpg,synthetic_val,2,50611,2,52605,0.0864945,-0.20182,0.922608,0.317146,46.2356
synthetic/images/img039065.jpg,synthetic_val,0,06705,0,06115,0.774521,-0.411464,-0.363057,-0.314649,30.7111
synthetic/images/img039069.jpg,synthetic_val,3,10644,3,10644,0.0232936,-0.535754,-0.395992,0.745396,3.22227
synthetic/images/img039103.jpg,synthetic_val,1,56023,1,52463,0.0837545,0.893381,-0.251263,0.362936,10.6766
synthetic/images/img039122.jpg,synthetic_val,3,60745,3,60500,-0.568812,0.024731,0.222579,0.791391,27.4045
synthetic/images/img039196.jpg,synthetic_val,0,12274,0,12322,0.703849,0.197958,-0.0219953,-0.681854,14.5896
synthetic/images/img039259.jpg,synthetic_val,0,52105,0,51220,0.781884,0.415376,-0.464244,0.0244339,16.9973
synthetic/images/img039268.jpg,synthetic_val,1,61364,1,61307,-0.145617,0.931951,0.320358,0.0873704,14.2273
synthetic/images/img039371.jpg,synthetic_val,2,70167,2,70530,0.360694,0.138728,0.887862,0.249711,11.1658
synthetic/images/img039383.jpg,synthetic_val,0,31114,3,43421,-0.348062,-0.294514,0.240966,0.856767,65.0492
synthetic/images/img039505.jpg,synthetic_val,3,12630,3,52355,0.408703,-0.190728,0.190728,0.871899,99.4207
synthetic/images/img039575.jpg,synthetic_val,3,51120,3,07514,-0.0837545,-0.418772,-0.139591,0.893381,78.7796
synthetic/images/img039604.jpg,synthetic_val,0,55750,0,55277,0.65718,0.472348,-0.349127,0.472348,12.9446
synthetic/images/img039614.jpg,synthetic_val,3,14103,1,24073,-0.58617,0.750298,0.164128,-0.257915,69.2374
synthetic/images/img039645.jpg,synthetic_val,2,76103,2,72451,0.1789,0.434472,0.817829,0.332243,15.8002
synthetic/images/img039691.jpg,synthetic_val,3,50250,3,50011,0.155173,-0.687194,0.0221676,0.709362,21.2398
synthetic/images/img039693.jpg,synthetic_val,2,41123,2,70001,0.0932505,0.0310835,0.994672,0.0310835,83.8097
synthetic/images/img039715.jpg,synthetic_val,2,40323,2,41124,-0.16449,-0.63446,0.751953,0.0704956,47.4509
synthetic/images/img039779.jpg,synthetic_val,2,23115,2,21766,-0.175715,0.376533,0.80327,-0.426737,33.2626
synthetic/images/img039785.jpg,synthetic_val,1,16302,1,16354,0.357407,0.879772,-0.19245,-0.247436,23.7607
synthetic/images/img039798.jpg,synthetic_val,0,53312,2,17277,0.568812,-0.024731,0.791391,-0.222579,143.626
synthetic/images/img039801.jpg,synthetic_val,2,34447,2,34454,0.15423,0.030846,0.987072,-0.030846,8.02374
synthetic/images/img039823.jpg,synthetic_val,3,63506,3,63417,-0.22592,0.476942,0.276124,0.80327,3.79209
synthetic/images/img039897.jpg,synthetic_val,0,61025,0,61055,0.941584,-0.26482,0.0294245,0.205971,22.9997
synthetic/images/img039902.jpg,synthetic_val,1,37765,2,37041,0.448458,0.401252,0.755297,-0.259633,44.4905
synthetic/images/img039965.jpg,synthetic_val,1,23674,1,23636,-0.217961,0.634068,0.614253,-0.416107,8.57064
synthetic/images/img039989.jpg,synthetic_val,1,43272,1,43633,-0.261226,0.928805,-0.0290252,0.261226,16.4148
synthetic/images/img039993.jpg,synthetic_val,0,50532,0,51225,0.763856,0.453539,-0.453539,0.0716115,28.4455
synthetic/images/img040008.jpg,synthetic_val,0,15433,0,15457,0.653879,0.469975,-0.592578,-0.0204337,16.4924
synthetic/images/img040043.jpg,synthetic_val,1,47176,1,56565,0.233095,0.678094,-0.233095,0.656904,37.4361
synthetic/images/img040047.jpg,synthetic_val,1,26013,1,22635,-0.461777,0.591074,0.535661,-0.387893,21.0662
synthetic/images/img040056.jpg,synthetic_val,2,22504,2,24347,-0.514341,0.269417,0.783758,-0.220432,28.6017
synthetic/images/img040058.jpg,synthetic_val,3,17732,3,17750,0.661315,-0.159628,-0.0684119,0.729727,17.5356
synthetic/images/img040066.jpg,synthetic_val,3,60646,3,61600,-0.399326,0.239596,0.239596,0.851896,37.156
synthetic/images/img040100.jpg,synthetic_val,1,03471,1,07452,-0.302422,0.879772,-0.357407,-0.0824786,47.331
synthetic/images/img040134.jpg,synthetic_val,2,50346,2,50252,0.128459,-0.539527,0.822136,0.128459,11.643
synthetic/images/img040165.jpg,synthetic_val,0,11341,1,40721,-0.480888,0.732782,-0.435089,0.206095,160.913
synthetic/images/img040211.jpg,synthetic_val,1,43307,1,43354,-0.0892052,0.951522,-0.208145,0.208145,15.6166
synthetic/images/img040227.jpg,synthetic_val,2,52300,2,16562,0.260351,-0.260351,0.925691,-0.0867835,14.0553
synthetic/images/img040231.jpg,synthetic_val,1,50571,1,50535,0.327405,0.698464,-0.589329,0.240097,5.22648
synthetic/images/img040237.jpg,synthetic_val,2,04234,2,56000,0.0254906,-0.38236,0.8157,0.433341,112.359
synthetic/images/img040240.jpg,synthetic_val,3,25557,3,61115,-0.0310835,0.0310835,0.0932505,0.994672,19.1064
synthetic/images/img040272.jpg,synthetic_val,3,30677,3,31206,0.356417,0.230623,-0.608005,0.670902,37.6061
synthetic/images/img040315.jpg,synthetic_val,2,14372,2,17621,0.500173,-0.0789747,0.842397,-0.184274,45.724
synthetic/images/img040461.jpg,synthetic_val,1,52216,1,43311,-0.0304997,0.975991,-0.213498,0.0304997,19.4843
synthetic/images/img040505.jpg,synthetic_val,3,67015,3,67145,-0.115717,0.393438,0.532299,0.74059,13.6057
synthetic/images/img040619.jpg,synthetic_val,2,47167,2,47711,-0.0242607,-0.169825,0.776342,0.606517,12.2877
synthetic/images/img040683.jpg,synthetic_val,2,40173,2,05140,-0.150791,-0.667787,0.689329,-0.236957,49.3723
synthetic/images/img040709.jpg,synthetic_val,0,64517,0,64754,0.649554,-0.385673,0.182687,0.629255,13.4408
synthetic/images/img040764.jpg,synthetic_val,0,64552,0,64150,0.748653,-0.444513,0.0233954,0.491304,17.483
synthetic/images/img040861.jpg,synthetic_val,0,01217,0,61620,0.826512,-0.387427,0.33577,0.232456,142.305
synthetic/images/img040894.jpg,synthetic_val,0,34516,0,34742,0.910577,0.2561,0.313011,-0.0853666,27.0668
synthetic/images/img040899.jpg,synthetic_val,0,35242,0,34353,0.828726,0.388465,0.284875,-0.284875,4.2505
synthetic/images/img041039.jpg,synthetic_val,3,52347,3,52522,0.252845,-0.252845,0.252845,0.899004,16.6566
synthetic/images/img041082.jpg,synthetic_val,2,44510,1,40564,-0.459357,0.639106,-0.539246,0.299581,136.067
synthetic/images/img041126.jpg,synthetic_val,0,03751,0,03777,0.882444,-0.0275764,-0.0275764,-0.468798,17.2946
synthetic/images/img041213.jpg,synthetic_val,1,27312,1,23744,-0.157036,0.717879,0.560843,-0.381373,14.2714
synthetic/images/img041258.jpg,synthetic_val,2,52062,2,16604,0.0301648,-0.211154,0.965275,-0.150824,35.3389
synthetic/images/img041268.jpg,synthetic_val,2,03705,2,03437,-0.223125,-0.223125,0.793334,-0.520626,11.0068
synthetic/images/img041312.jpg,synthetic_val,3,50237,3,50342,0.227067,-0.529823,0.126148,0.80735,13.1527
synthetic/images/img041372.jpg,synthetic_val,1,47276,1,65650,-0.241948,0.703849,0.197958,0.637864,26.6696
synthetic/images/img041438.jpg,synthetic_val,0,06373,0,25036,0.866766,-0.297951,0.189605,-0.352124,33.9376
synthetic/images/img041484.jpg,synthetic_val,0,00500,1,60205,-0.65588,0.72373,0.203549,0.0678497,69.086
synthetic/images/img041490.jpg,synthetic_val,2,52776,2,52763,0.30334,-0.0275764,0.882444,0.358493,5.95087
synthetic/images/img041516.jpg,synthetic_val,0,01553,0,10603,0.715006,0.0670318,-0.469222,-0.51391,22.1464
synthetic/images/img041528.jpg,synthetic_val,2,65131,2,61554,-0.084549,0.028183,0.901856,0.422745,14.2036
synthetic/images/img041542.jpg,synthetic_val,3,42306,3,06775,-0.467379,-0.0824786,-0.0274929,0.879772,19.7687
synthetic/images/img041593.jpg,synthetic_val,3,34211,3,34245,0.0867835,0.260351,-0.260351,0.925691,20.5391
synthetic/images/img041612.jpg,synthetic_val,3,16256,3,16744,0.26482,-0.205971,-0.0294245,0.941584,28.2605
synthetic/images/img041614.jpg,synthetic_val,3,56305,3,52775,0.389512,-0.0779024,0.389512,0.830959,20.7472
synthetic/images/img041766.jpg,synthetic_val,0,20562,0,24177,0.842397,-0.447523,0.184274,-0.236924,25.6831
synthetic/images/img041937.jpg,synthetic_val,1,55605,3,33242,0.322947,0.512915,-0.512915,0.607899,17.6176
synthetic/images/img041957.jpg,synthetic_val,1,63746,1,52042,0.0286417,0.916533,-0.372342,0.143208,124.43
synthetic/images/img041970.jpg,synthetic_val,0,22065,0,27122,0.748653,-0.163768,0.538095,-0.350931,51.923
synthetic/images/img041987.jpg,synthetic_val,3,23153,3,21237,-0.193158,0.32193,-0.622398,0.686784,24.4655
synthetic/images/img042058.jpg,synthetic_val,1,12663,1,14672,0.136234,0.871899,-0.463196,-0.0817405,73.0657
synthetic/images/img042077.jpg,synthetic_val,1,10763,1,11440,0.331176,0.62339,-0.603909,-0.370138,28.4499
synthetic/images/img042148.jpg,synthetic_val,2,12024,2,03302,-0.154266,-0.11019,0.705215,-0.683177,26.7105
synthetic/images/img042158.jpg,synthetic_val,2,72365,2,72235,0.159628,0.661315,0.729727,0.0684119,13.9203
synthetic/images/img042207.jpg,synthetic_val,0,14664,0,05774,0.856767,-0.0803219,-0.508706,-0.026774,11.0921
synthetic/images/img042224.jpg,synthetic_val,1,26422,1,24421,-0.658581,0.72671,0.113548,-0.158968,42.1232
synthetic/images/img042240.jpg,synthetic_val,1,04265,0,22556,0.709362,-0.421184,0.421184,-0.376848,70.345
synthetic/images/img042262.jpg,synthetic_val,3,46575,3,47467,-0.274982,-0.190372,0.655727,0.676879,10.9758
synthetic/images/img042304.jpg,synthetic_val,1,52226,1,43333,-0.0312043,0.998538,-0.0312043,0.0312043,10.2144
synthetic/images/img042342.jpg,synthetic_val,2,31204,2,30304,0.199901,0.199901,0.71076,-0.644126,19.489
synthetic/images/img042362.jpg,synthetic_val,0,53223,0,71022,0.866766,0.46047,0.189605,0.0270864,24.7163
synthetic/images/img042375.jpg,synthetic_val,2,25521,2,25453,-0.268567,0.0895223,0.954905,-0.0895223,19.0164
synthetic/images/img042417.jpg,synthetic_val,0,23315,3,32216,0.0977017,0.527589,-0.56667,0.625291,108.283
synthetic/images/img042464.jpg,synthetic_val,0,56326,0,56273,0.822136,0.179842,-0.0256917,0.539527,8.75118
synthetic/images/img042511.jpg,synthetic_val,2,34322,2,30774,0.319941,0.319941,0.787547,-0.418384,13.91
synthetic/images/img042547.jpg,synthetic_val,3,16735,3,12772,0.329669,-0.0253592,-0.481824,0.811493,42.7609
synthetic/images/img042637.jpg,synthetic_val,2,13754,2,17621,0.500173,-0.0789747,0.842397,-0.184274,30.0418
synthetic/images/img042717.jpg,synthetic_val,3,71166,3,71066,0.45257,0.186352,0.186352,0.851896,17.8433
synthetic/images/img042757.jpg,synthetic_val,0,17352,0,17162,0.743784,0.581081,-0.209189,-0.255676,14.7186
synthetic/images/img042797.jpg,synthetic_val,1,37713,1,37560,0.545675,0.698464,0.458367,-0.065481,14.7386
synthetic/images/img042810.jpg,synthetic_val,0,32464,0,22556,0.709362,-0.421184,0.421184,-0.376848,50.2763
synthetic/images/img042899.jpg,synthetic_val,3,73511,3,73544,0.537541,0.365528,0.322525,0.688053,19.3938
synthetic/images/img042943.jpg,synthetic_val,0,24256,0,42272,0.758686,-0.640141,-0.0237089,0.118545,49.7467
synthetic/images/img042996.jpg,synthetic_val,3,40214,3,40656,-0.548966,-0.426974,0.304981,0.650627,28.892
synthetic/images/img042998.jpg,synthetic_val,1,67631,2,61667,-0.320719,0.37006,0.789462,0.37006,46.0111
synthetic/images/img043046.jpg,synthetic_val,3,43316,3,43343,-0.150824,-0.150824,0.150824,0.965275,11.6362
synthetic/images/img043062.jpg,synthetic_val,3,16621,3,16607,0.0911606,-0.151934,-0.151934,0.972379,12.8039
synthetic/images/img043067.jpg,synthetic_val,3,70540,3,52760,0.251263,-0.0837545,0.362936,0.893381,11.8198
synthetic/images/img043078.jpg,synthetic_val,2,70337,2,73030,0.480888,0.480888,0.732782,0.0228994,16.7762
synthetic/images/img043079.jpg,synthetic_val,1,53113,0,53011,0.758686,0.545305,-0.355634,0.0237089,22.698
synthetic/images/img043137.jpg,synthetic_val,1,72316,1,72631,0.156721,0.716438,0.649272,0.201498,20.6404
synthetic/images/img043209.jpg,synthetic_val,2,02375,2,02311,-0.352715,-0.145236,0.663935,-0.643187,16.071
synthetic/images/img043253.jpg,synthetic_val,1,32003,3,14076,0.119352,-0.596762,-0.214834,0.763856,31.8727
synthetic/images/img043270.jpg,synthetic_val,2,35606,2,34751,0.409922,0.245953,0.8745,-0.0819844,10.9083
synthetic/images/img043309.jpg,synthetic_val,3,54136,3,54031,0.153081,-0.590455,0.371768,0.699798,16.5849
synthetic/images/img043360.jpg,synthetic_val,2,24543,2,26535,-0.403052,0.497888,0.758686,-0.118545,52.2008
synthetic/images/img043370.jpg,synthetic_val,0,04226,0,02626,0.649554,-0.629255,-0.0202986,-0.42627,42.6695
synthetic/images/img043404.jpg,synthetic_val,3,25507,3,05773,-0.0274929,-0.467379,-0.0824786,0.879772,65.5841
synthetic/images/img043545.jpg,synthetic_val,2,52640,2,52432,0.143681,-0.258625,0.919555,0.258625,21.2668
synthetic/images/img043552.jpg,synthetic_val,0,47133,0,46333,0.799251,-0.424602,-0.0249766,0.424602,52.6493
synthetic/images/img043634.jpg,synthetic_val,2,52332,2,51662,0.403961,-0.403961,0.760398,0.308911,56.6866
synthetic/images/img043651.jpg,synthetic_val,2,27344,2,27471,-0.228232,0.532542,0.811493,-0.0760775,19.7362
synthetic/images/img043686.jpg,synthetic_val,2,06263,2,24050,-0.623538,0.023094,0.739008,-0.254034,4.14635
synthetic/images/img043794.jpg,synthetic_val,3,51254,0,07647,0.916533,-0.372342,-0.143208,-0.0286417,108.343
synthetic/images/img043823.jpg,synthetic_val,0,03754,0,03476,0.822136,-0.282609,-0.231226,-0.43676,22.5573
synthetic/images/img043871.jpg,synthetic_val,1,35076,1,35046,0.453858,0.854321,0.0800926,-0.240278,18.4026
synthetic/images/img043969.jpg,synthetic_val,0,30306,3,30166,0.21338,0.165963,-0.592723,0.758686,127.454
synthetic/images/img043984.jpg,synthetic_val,1,01554,1,05542,-0.159628,0.729727,-0.661315,-0.0684119,35.7511
synthetic/images/img044163.jpg,synthetic_val,0,76256,0,77015,0.681778,0.490028,0.362194,0.404805,48.9633
synthetic/images/img044210.jpg,synthetic_val,0,43356,0,43374,0.968808,-0.0908257,-0.0908257,0.211927,7.38311
synthetic/images/img044262.jpg,synthetic_val,0,75235,0,75634,0.658291,0.432004,0.267431,0.555433,18.9767
synthetic/images/img044274.jpg,synthetic_val,0,56560,3,53531,0.662884,-0.235217,0.19245,0.684267,75.3918
synthetic/images/img044289.jpg,synthetic_val,1,30305,1,30011,0.155173,0.709362,0.0221676,-0.687194,22.1489
synthetic/images/img044456.jpg,synthetic_val,0,06654,0,42033,0.769133,-0.600885,-0.216319,0.0240354,10.3468
synthetic/images/img044489.jpg,synthetic_val,0,50770,0,51601,0.716438,0.425385,-0.51494,0.201498,18.8566
synthetic/images/img044568.jpg,synthetic_val,2,77622,1,76175,0.318429,0.679315,0.445801,0.488258,20.8439
synthetic/images/img044597.jpg,synthetic_val,2,67362,1,67105,-0.121303,0.776342,0.412432,0.460953,33.9762
synthetic/images/img044607.jpg,synthetic_val,3,56755,3,55226,0.383697,-0.383697,0.428838,0.722254,39.8854
synthetic/images/img044635.jpg,synthetic_val,0,43536,0,43570,0.879772,-0.0824786,-0.302422,0.357407,9.47935
synthetic/images/img044728.jpg,synthetic_val,1,01362,2,61540,-0.198547,0.0283638,0.907642,0.368729,120.339
synthetic/images/img044747.jpg,synthetic_val,0,51175,0,53050,0.772712,0.507093,-0.362209,0.120736,26.1218
synthetic/images/img044752.jpg,synthetic_val,1,34751,1,34741,0.313011,0.910577,0.2561,-0.0853666,13.8303
synthetic/images/img044771.jpg,synthetic_val,3,73775,3,77035,0.47395,0.432737,0.391524,0.659408,23.2208
synthetic/images/img044799.jpg,synthetic_val,1,62544,1,60365,-0.511891,0.780024,0.316885,0.17063,22.8624
synthetic/images/img044806.jpg,synthetic_val,0,52524,0,52516,0.830959,0.337577,-0.337577,0.285642,13.6158
synthetic/images/img044817.jpg,synthetic_val,3,27512,3,36006,0.0253592,0.481824,-0.329669,0.811493,19.8033
synthetic/images/img044822.jpg,synthetic_val,0,56255,0,56360,0.811493,0.228232,-0.0760775,0.532542,11.3219
synthetic/images/img044848.jpg,synthetic_val,2,04472,1,14546,0.203967,0.725215,-0.657226,-0.022663,47.5714
synthetic/images/img044900.jpg,synthetic_val,3,14332,3,17202,0.430001,-0.126471,-0.379413,0.809414,35.8086
synthetic/images/img045019.jpg,synthetic_val,1,56354,1,37065,0.435089,0.732782,0.480888,-0.206095,119.78
synthetic/images/img045041.jpg,synthetic_val,3,53617,3,53062,0.451292,-0.238919,0.132733,0.849491,25.8286
synthetic/images/img045055.jpg,synthetic_val,3,07236,3,07623,-0.368729,-0.0283638,-0.198547,0.907642,18.2239
synthetic/images/img045094.jpg,synthetic_val,0,26530,0,72645,0.737437,0.0691347,0.576123,0.345674,85.5574
synthetic/images/img045229.jpg,synthetic_val,1,27434,1,27472,-0.268133,0.780024,0.560642,-0.0731272,5.78318
synthetic/images/img045341.jpg,synthetic_val,3,24627,3,20316,-0.39219,0.227058,-0.598607,0.660531,65.7782
synthetic/images/img045435.jpg,synthetic_val,1,61774,1,72005,0.0822304,0.877124,0.465972,0.0822304,44.0604
synthetic/images/img045454.jpg,synthetic_val,1,74412,1,74142,0.228232,0.811493,0.0760775,0.532542,15.3637
synthetic/images/img045462.jpg,synthetic_val,3,61646,3,50544,0.188031,-0.647663,0.313385,0.668555,133.337
synthetic/images/img045465.jpg,synthetic_val,1,23576,1,16231,0.193624,0.88514,-0.0829819,-0.41491,81.3267
synthetic/images/img045497.jpg,synthetic_val,3,25660,3,25643,-0.357407,0.302422,-0.0824786,0.879772,5.43314
synthetic/images/img045510.jpg,synthetic_val,0,65760,0,61755,0.877124,-0.0274101,0.246691,0.411152,35.1863
synthetic/images/img045517.jpg,synthetic_val,1,17026,1,15066,0.378339,0.712167,-0.55638,-0.200297,45.2432
synthetic/images/img045578.jpg,synthetic_val,1,43536,1,43154,-0.0829819,0.88514,-0.41491,0.193624,19.687
synthetic/images/img045639.jpg,synthetic_val,1,36710,1,36516,0.327154,0.805302,0.478148,-0.125828,13.7644
synthetic/images/img045709.jpg,synthetic_val,3,30620,3,32001,0.0627868,0.355792,-0.648797,0.669726,20.0199
synthetic/images/img045763.jpg,synthetic_val,2,23007,2,20353,-0.365528,0.236518,0.688053,-0.580544,19.4611
synthetic/images/img045775.jpg,synthetic_val,2,63253,2,63735,-0.0224337,0.650578,0.717879,0.246771,29.3226
synthetic/images/img045806.jpg,synthetic_val,1,26257,2,26226,-0.555434,0.555434,0.573351,-0.232924,15.1729
synthetic/images/img045906.jpg,synthetic_val,2,42203,1,42377,-0.46047,0.866766,-0.0270864,0.189605,158.266
synthetic/images/img045908.jpg,synthetic_val,0,01572,0,01613,0.702491,-0.197576,-0.46101,-0.504916,21.5255
synthetic/images/img045939.jpg,synthetic_val,0,46601,3,46147,-0.451535,-0.279521,0.494538,0.688053,161.846
synthetic/images/img045985.jpg,synthetic_val,3,34035,3,34053,0.20182,0.0864945,-0.317146,0.922608,6.32879
synthetic/images/img045988.jpg,synthetic_val,2,72670,2,72644,0.023094,0.57735,0.739008,0.34641,13.6988
synthetic/images/img046073.jpg,synthetic_val,1,70341,1,70340,0.258625,0.919555,0.258625,0.143681,9.47479
synthetic/images/img046184.jpg,synthetic_val,1,16703,1,16601,0.0892052,0.951522,-0.208145,-0.208145,29.6099
synthetic/images/img046213.jpg,synthetic_val,0,57612,0,57762,0.641155,0.500902,-0.0200361,0.581047,12.8053
synthetic/images/img046223.jpg,synthetic_val,2,65355,2,65105,-0.133109,0.0266217,0.851896,0.505813,26.5228
synthetic/images/img046244.jpg,synthetic_val,2,13423,2,13744,0.560843,-0.157036,0.717879,-0.381373,22.4957
synthetic/images/img046251.jpg,synthetic_val,3,23565,3,23517,-0.0233954,0.444513,-0.491304,0.748653,16.8912
synthetic/images/img046265.jpg,synthetic_val,1,75721,1,77144,0.503333,0.644266,0.342266,0.463066,10.0771
synthetic/images/img046280.jpg,synthetic_val,2,27462,2,27434,-0.27406,0.523205,0.797264,-0.124573,15.1302
synthetic/images/img046316.jpg,synthetic_val,1,50034,1,70023,0.0911606,0.972379,0.212708,0.0303869,103.849
synthetic/images/img046341.jpg,synthetic_val,1,52200,1,07754,-0.0911606,0.972379,-0.212708,-0.0303869,15.202
synthetic/images/img046345.jpg,synthetic_val,3,62177,0,63632,0.684267,-0.235217,0.662884,0.19245,163.442
synthetic/images/img046357.jpg,synthetic_val,1,74576,1,65545,-0.111497,0.713582,0.0222994,0.691283,44.9325
synthetic/images/img046404.jpg,synthetic_val,3,41255,3,41257,-0.225352,-0.525822,0.175274,0.801253,3.57923
synthetic/images/img046414.jpg,synthetic_val,3,25556,3,25553,-0.0309641,0.0928922,-0.0928922,0.99085,9.04971
synthetic/images/img046484.jpg,synthetic_val,2,77215,2,77012,0.45663,0.413141,0.695817,0.369653,11.3185
synthetic/images/img046488.jpg,synthetic_val,2,64162,2,64264,-0.598482,0.250976,0.617788,0.444035,17.4708
synthetic/images/img046539.jpg,synthetic_val,0,45347,0,16415,0.879772,0.19245,-0.412393,-0.137464,85.9844
synthetic/images/img046555.jpg,synthetic_val,3,27752,3,27503,-0.130901,0.497423,-0.183261,0.837765,24.2706
synthetic/images/img046570.jpg,synthetic_val,0,12245,0,12134,0.689329,0.28004,-0.236957,-0.624704,29.549
synthetic/images/img046574.jpg,synthetic_val,1,43643,1,43625,-0.357407,0.879772,-0.0824786,0.302422,6.92349
synthetic/images/img046608.jpg,synthetic_val,2,60217,2,60552,-0.480589,0.0758825,0.809414,0.328824,40.5489
synthetic/images/img046629.jpg,synthetic_val,1,54126,1,54302,0.210099,0.74702,-0.490232,0.396854,7.55259
synthetic/images/img046697.jpg,synthetic_val,0,37075,0,37564,0.699798,0.546718,0.459243,-0.0218687,19.5227
synthetic/images/img046763.jpg,synthetic_val,0,57645,0,57203,0.776342,0.460953,-0.121303,0.412432,29.6558
synthetic/images/img046828.jpg,synthetic_val,1,05654,1,50622,0.026774,0.856767,-0.455158,0.240966,47.9121
synthetic/images/img046831.jpg,synthetic_val,1,45610,1,15057,0.462317,0.643224,-0.582922,-0.180907,120.479
synthetic/images/img046836.jpg,synthetic_val,3,06714,3,06575,-0.448769,-0.29038,-0.0263982,0.844742,20.8167
synthetic/images/img046849.jpg,synthetic_val,2,74347,2,74140,0.228822,0.0254246,0.813589,0.533917,27.0637
synthetic/images/img046882.jpg,synthetic_val,3,35601,3,34573,0.41491,0.193624,-0.0829819,0.88514,16.1465
synthetic/images/img046929.jpg,synthetic_val,2,66656,2,62676,-0.49804,0.571823,0.590269,0.276689,33.1502
synthetic/images/img046951.jpg,synthetic_val,1,70430,2,70144,0.26482,0.0294245,0.941584,0.205971,146.814
synthetic/images/img047033.jpg,synthetic_val,2,74763,3,74770,0.276972,0.276972,0.617861,0.681778,12.3333
synthetic/images/img047037.jpg,synthetic_val,3,63150,3,61375,-0.0283638,0.368729,0.198547,0.907642,14.2388
synthetic/images/img047050.jpg,synthetic_val,0,16200,0,16036,0.887862,0.138728,-0.249711,-0.360694,13.6871
synthetic/images/img047075.jpg,synthetic_val,0,50757,3,51231,0.525586,-0.434179,0.0228515,0.73125,125.915
synthetic/images/img047092.jpg,synthetic_val,2,37037,2,33422,0.349127,0.472348,0.65718,-0.472348,27.5655
synthetic/images/img047104.jpg,synthetic_val,2,44313,2,44326,-0.490028,-0.362194,0.681778,0.404805,15.1125
synthetic/images/img047126.jpg,synthetic_val,3,10344,3,10772,0.302817,-0.395992,-0.442579,0.745396,20.6094
synthetic/images/img047128.jpg,synthetic_val,2,25517,2,34450,0.153646,0.0307293,0.983336,-0.0921878,26.3505
synthetic/images/img047136.jpg,synthetic_val,0,36070,0,36063,0.780024,0.0731272,0.560642,-0.268133,6.66534
synthetic/images/img047242.jpg,synthetic_val,1,63100,1,61327,-0.139591,0.893381,0.418772,0.0837545,12.7518
synthetic/images/img047245.jpg,synthetic_val,0,25407,0,25440,0.901856,-0.422745,0.028183,-0.084549,10.8137
synthetic/images/img047371.jpg,synthetic_val,3,46142,3,46167,-0.46101,-0.197576,0.504916,0.702491,9.14082
synthetic/images/img047373.jpg,synthetic_val,3,71166,3,71066,0.45257,0.186352,0.186352,0.851896,20.577
synthetic/images/img047467.jpg,synthetic_val,0,24634,0,24266,0.668555,-0.647663,0.313385,-0.188031,12.8082
synthetic/images/img047492.jpg,synthetic_val,0,16653,0,16655,0.954905,0.208885,-0.208885,-0.0298408,11.2348
synthetic/images/img047538.jpg,synthetic_val,3,40556,1,25426,-0.412393,0.879772,0.19245,-0.137464,132.204
synthetic/images/img047552.jpg,synthetic_val,1,05421,1,61052,-0.320358,0.931951,0.0873704,0.145617,93.8372
synthetic/images/img047705.jpg,synthetic_val,2,70547,2,70542,0.251263,0.0837545,0.893381,0.362936,8.33481
synthetic/images/img047712.jpg,synthetic_val,1,62073,1,02676,-0.597351,0.707972,-0.0221241,-0.37611,82.0571
synthetic/images/img047772.jpg,synthetic_val,3,34367,3,34377,0.380387,0.380387,-0.228232,0.811493,9.33481
synthetic/images/img047864.jpg,synthetic_val,3,01601,3,01730,-0.0684119,-0.433275,-0.524491,0.729727,23.4561
synthetic/images/img047868.jpg,synthetic_val,1,33536,1,33032,0.386314,0.588669,0.423106,-0.570273,30.0952
synthetic/images/img047872.jpg,synthetic_val,2,10356,2,10610,0.108928,-0.501067,0.697136,-0.501067,19.908
synthetic/images/img047873.jpg,synthetic_val,2,71161,2,72324,0.203549,0.65588,0.72373,0.0678497,82.392
synthetic/images/img047946.jpg,synthetic_val,1,34250,1,34255,0.199189,0.910577,0.2561,-0.2561,10.2047
synthetic/images/img047953.jpg,synthetic_val,3,05742,3,05771,-0.026774,-0.508706,-0.0803219,0.856767,17.961
synthetic/images/img048130.jpg,synthetic_val,2,12345,2,12202,0.0222994,-0.111497,0.713582,-0.691283,30.988
synthetic/images/img048200.jpg,synthetic_val,2,26232,2,26221,-0.535661,0.535661,0.591074,-0.277066,5.16725
synthetic/images/img048220.jpg,synthetic_val,0,27103,0,23572,0.729727,-0.0684119,0.524491,-0.433275,11.6957
synthetic/images/img048250.jpg,synthetic_val,1,42116,1,42315,-0.459124,0.864234,-0.189051,0.0810219,19.0988
synthetic/images/img048264.jpg,synthetic_val,1,53430,1,53006,0.440261,0.828726,-0.33667,0.0776931,19.7263
synthetic/images/img048272.jpg,synthetic_val,1,03222,2,12664,0.0274929,-0.0824786,0.879772,-0.467379,155.801
synthetic/images/img048374.jpg,synthetic_val,1,03254,1,65005,-0.329669,0.811493,0.0253592,0.481824,131.428
synthetic/images/img048420.jpg,synthetic_val,2,37532,1,37446,0.415376,0.781884,0.464244,-0.0244339,48.2724
synthetic/images/img048426.jpg,synthetic_val,1,14125,1,14112,0.273518,0.673274,-0.610155,-0.315597,8.14689
synthetic/images/img048431.jpg,synthetic_val,0,30745,0,34743,0.896179,0.308062,0.308062,-0.0840168,43.774
synthetic/images/img048459.jpg,synthetic_val,1,66627,3,66470,-0.4901,0.381189,0.526403,0.580859,23.787
synthetic/images/img048492.jpg,synthetic_val,3,40016,3,15066,0.378339,-0.55638,-0.200297,0.712167,113.445
synthetic/images/img048566.jpg,synthetic_val,1,06056,1,06503,-0.511891,0.780024,-0.316885,-0.17063,12.389
synthetic/images/img048619.jpg,synthetic_val,1,25255,1,25342,-0.193035,0.882444,0.30334,-0.30334,10.9932
synthetic/images/img048626.jpg,synthetic_val,0,52126,0,52016,0.91354,0.142741,-0.371126,0.0856444,19.3112
synthetic/images/img048641.jpg,synthetic_val,2,05261,2,05216,-0.262575,-0.50128,0.763856,-0.310316,8.13583
synthetic/images/img048685.jpg,synthetic_val,3,12753,3,12713,0.353259,-0.117753,-0.541664,0.753619,8.44232
synthetic/images/img048880.jpg,synthetic_val,0,53447,0,53650,0.780024,0.511891,-0.17063,0.316885,19.5811
synthetic/images/img048903.jpg,synthetic_val,2,47533,2,47161,-0.124573,-0.27406,0.797264,0.523205,16.2831
synthetic/images/img048905.jpg,synthetic_val,2,65433,2,60102,-0.581766,0.0758825,0.809414,0.0252942,79.68
synthetic/images/img049028.jpg,synthetic_val,0,70111,0,70137,0.88514,0.41491,0.193624,0.0829819,22.8142
synthetic/images/img049048.jpg,synthetic_val,0,70207,0,70036,0.961781,0.150278,0.21039,0.090167,13.7908
synthetic/images/img049099.jpg,synthetic_val,2,04102,1,35047,0.494718,0.833209,0.0781133,-0.23434,110.612
synthetic/images/img049133.jpg,synthetic_val,1,01142,2,05566,-0.169825,-0.606517,0.776342,-0.0242607,78.5829
synthetic/images/img049150.jpg,synthetic_val,3,35470,3,35405,0.505813,0.0266217,-0.133109,0.851896,11.2473
synthetic/images/img049207.jpg,synthetic_val,2,42130,1,10663,0.0731272,0.780024,-0.414388,-0.463139,104.297
synthetic/images/img049276.jpg,synthetic_val,2,73073,2,73001,0.464244,0.415376,0.781884,0.0244339,14.8995
synthetic/images/img049289.jpg,synthetic_val,3,25515,3,35454,0.548282,0.0261087,-0.0261087,0.835478,68.3037
synthetic/images/img049310.jpg,synthetic_val,0,61560,0,61577,0.887862,-0.0277457,0.19422,0.416185,21.0906
synthetic/images/img049452.jpg,synthetic_val,0,00605,0,00755,0.6932,-0.368262,-0.498237,-0.368262,23.9529
synthetic/images/img049464.jpg,synthetic_val,2,50267,2,43155,-0.0277457,-0.416185,0.887862,0.19422,14.7292
synthetic/images/img049481.jpg,synthetic_val,2,16324,2,16723,0.318206,-0.0289278,0.925691,-0.202495,20.9256
synthetic/images/img049506.jpg,synthetic_val,2,03535,2,03516,-0.0740121,-0.320719,0.789462,-0.518084,7.0786
synthetic/images/img049536.jpg,synthetic_val,2,46360,2,46224,-0.638802,-0.0618195,0.659408,0.391524,15.4981
synthetic/images/img049540.jpg,synthetic_val,1,02275,1,02233,-0.489256,0.626248,-0.0195703,-0.606678,14.0931
synthetic/images/img049639.jpg,synthetic_val,0,53435,0,53531,0.684267,0.662884,-0.235217,0.19245,18.2204
synthetic/images/img049717.jpg,synthetic_val,2,50420,2,41161,-0.117753,-0.635866,0.753619,0.117753,21.2282
synthetic/images/img049727.jpg,synthetic_val,3,15627,3,17006,0.418384,-0.319941,-0.319941,0.787547,25.8148
synthetic/images/img049793.jpg,synthetic_val,0,34035,0,34142,0.910577,0.2561,0.0853666,-0.313011,11.6301
synthetic/images/img049818.jpg,synthetic_val,3,52531,3,52516,0.337577,-0.337577,0.285642,0.830959,7.46265
synthetic/images/img049943.jpg,synthetic_val,2,33015,2,02132,-0.385673,-0.182687,0.649554,-0.629255,115.678
synthetic/images/img049962.jpg,synthetic_val,0,51110,0,04777,0.799251,-0.424602,-0.424602,-0.0249766,121.471
synthetic/images/img050038.jpg,synthetic_val,2,35625,2,72011,0.189605,0.46047,0.866766,0.0270864,43.2124
synthetic/images/img050084.jpg,synthetic_val,2,65701,2,64353,-0.392598,0.254034,0.739008,0.484974,35.8697
synthetic/images/img050086.jpg,synthetic_val,0,34404,0,14662,0.879772,0.0274929,-0.467379,-0.0824786,58.7226
synthetic/images/img050100.jpg,synthetic_val,1,12064,1,12463,0.0781133,0.833209,-0.23434,-0.494718,15.0564
synthetic/images/img050179.jpg,synthetic_val,3,41537,3,45131,-0.0221241,-0.597351,0.37611,0.707972,13.4855
synthetic/images/img050198.jpg,synthetic_val,3,75264,3,74277,0.163768,0.350931,0.538095,0.748653,24.4566
synthetic/images/img050208.jpg,synthetic_val,0,57463,0,55246,0.669726,0.355792,-0.439508,0.481365,33.2346
synthetic/images/img050261.jpg,synthetic_val,3,45653,3,45726,-0.153081,-0.371768,0.590455,0.699798,10.2819
synthetic/images/img050270.jpg,synthetic_val,1,53356,1,53771,0.666551,0.688053,-0.0645049,0.279521,14.3337
synthetic/images/img050288.jpg,synthetic_val,1,17473,1,17471,0.560642,0.780024,-0.268133,-0.0731272,5.31348
synthetic/images/img050360.jpg,synthetic_val,1,52055,1,52530,0.348062,0.856767,-0.294514,0.240966,20.5727
synthetic/images/img050371.jpg,synthetic_val,2,46053,1,40525,-0.436459,0.665081,-0.561162,0.228622,152.872
synthetic/images/img050543.jpg,synthetic_val,2,70223,2,70251,0.203864,0.262111,0.931951,0.145617,27.0382
synthetic/images/img050602.jpg,synthetic_val,3,61006,3,21164,-0.168638,0.120456,-0.602279,0.770916,85.5542
synthetic/images/img050626.jpg,synthetic_val,3,41437,3,41157,-0.0228515,-0.662695,0.159961,0.73125,24.6854
synthetic/images/img050635.jpg,synthetic_val,3,52420,3,52460,0.0275764,-0.30334,0.358493,0.882444,15.3094
synthetic/images/img050661.jpg,synthetic_val,0,73076,0,73560,0.673274,0.525995,0.441836,0.273518,20.7187
synthetic/images/img050729.jpg,synthetic_val,0,73210,0,33564,0.656074,0.512558,0.430548,-0.348539,46.6655
synthetic/images/img050749.jpg,synthetic_val,3,71026,3,70160,0.26482,0.147122,0.147122,0.941584,26.3798
synthetic/images/img050834.jpg,synthetic_val,2,75452,2,75226,0.390109,0.344214,0.734324,0.436005,37.8845
synthetic/images/img050858.jpg,synthetic_val,0,74073,0,74070,0.822136,0.128459,0.128459,0.539527,9.01121
synthetic/images/img050916.jpg,synthetic_val,1,61350,1,70027,0.0908257,0.968808,0.211927,0.0908257,21.4329
synthetic/images/img051019.jpg,synthetic_val,3,47127,3,47177,-0.024731,-0.222579,0.568812,0.791391,15.0531
synthetic/images/img051020.jpg,synthetic_val,3,12647,3,12253,0.163768,-0.116977,-0.631676,0.748653,24.4717
synthetic/images/img051045.jpg,synthetic_val,2,03434,2,03277,-0.216319,-0.0240354,0.769133,-0.600885,31.8716
synthetic/images/img051051.jpg,synthetic_val,3,61445,3,64154,-0.434179,0.0228515,0.525586,0.73125,23.1663
synthetic/images/img051064.jpg,synthetic_val,1,51623,1,53635,0.560642,0.780024,-0.0731272,0.268133,40.5041
synthetic/images/img051065.jpg,synthetic_val,2,47500,2,45677,-0.185459,-0.350311,0.659408,0.638802,11.1532
synthetic/images/img051123.jpg,synthetic_val,0,75634,0,75516,0.62721,0.568409,0.0588009,0.529208,30.5602
synthetic/images/img051254.jpg,synthetic_val,1,61706,1,61703,-0.141365,0.904735,0.311003,0.254457,9.10855
synthetic/images/img051255.jpg,synthetic_val,1,35576,0,35747,0.739008,0.623538,0.254034,-0.023094,18.537
synthetic/images/img051263.jpg,synthetic_val,3,14766,3,16417,0.196657,-0.36522,-0.140469,0.899004,15.2888
synthetic/images/img051272.jpg,synthetic_val,1,45027,1,44161,-0.4091,0.62339,-0.525985,0.4091,17.7563
synthetic/images/img051391.jpg,synthetic_val,1,71010,2,53200,0.46047,-0.189605,0.866766,0.0270864,164.248
synthetic/images/img051394.jpg,synthetic_val,0,05517,0,40772,0.745396,-0.442579,-0.395992,0.302817,76.9361
synthetic/images/img051489.jpg,synthetic_val,2,00671,2,00742,-0.47395,-0.432737,0.659408,-0.391524,4.8163
synthetic/images/img051501.jpg,synthetic_val,2,70611,2,70142,0.266674,0.0888913,0.948174,0.148152,23.772
synthetic/images/img051540.jpg,synthetic_val,1,34060,1,34072,0.143208,0.916533,0.200492,-0.315058,16.952
synthetic/images/img051627.jpg,synthetic_val,0,52615,0,52657,0.879772,0.19245,-0.137464,0.412393,10.4255
synthetic/images/img051634.jpg,synthetic_val,3,61513,3,70071,0.208885,0.149204,0.149204,0.954905,29.1594
synthetic/images/img051661.jpg,synthetic_val,0,22731,0,27126,0.760398,-0.166337,0.546536,-0.308911,29.2001
synthetic/images/img051710.jpg,synthetic_val,2,64566,2,64150,-0.444513,0.0233954,0.748653,0.491304,23.6228
synthetic/images/img051732.jpg,synthetic_val,1,32527,1,32522,0.193515,0.688053,0.494538,-0.494538,8.12865
synthetic/images/img051765.jpg,synthetic_val,0,02212,0,62142,0.72671,-0.522323,0.431484,0.113548,105.238
synthetic/images/img051867.jpg,synthetic_val,2,44101,2,10555,0.30006,-0.620124,0.640128,-0.340068,116.332
synthetic/images/img051915.jpg,synthetic_val,1,60137,1,60330,-0.481824,0.811493,0.329669,0.0253592,20.0407
synthetic/images/img051973.jpg,synthetic_val,0,07106,0,07076,0.88514,-0.304267,-0.248946,-0.248946,18.6006
synthetic/images/img051985.jpg,synthetic_val,1,43225,1,60711,-0.442642,0.833209,0.23434,0.23434,41.0415
synthetic/images/img052004.jpg,synthetic_val,2,24521,2,24347,-0.514341,0.269417,0.783758,-0.220432,16.4944
synthetic/images/img052117.jpg,synthetic_val,3,46434,3,46505,-0.426974,-0.304981,0.548966,0.650627,14.1565
synthetic/images/img052125.jpg,synthetic_val,0,03123,0,03036,0.703849,-0.241948,-0.197958,-0.637864,15.0919
synthetic/images/img052140.jpg,synthetic_val,3,34344,3,34364,0.244497,0.353162,-0.244497,0.869321,10.2865
synthetic/images/img052297.jpg,synthetic_val,3,63105,3,61227,-0.344137,0.397081,0.0794162,0.847106,24.9044
synthetic/images/img052399.jpg,synthetic_val,2,12574,2,17210,0.503581,-0.16786,0.767362,-0.359701,26.6225
synthetic/images/img052412.jpg,synthetic_val,0,15530,0,15750,0.652789,0.59159,-0.469192,-0.061199,11.227
synthetic/images/img052431.jpg,synthetic_val,1,15505,2,50505,0.233095,-0.656904,0.678094,0.233095,89.5992
synthetic/images/img052468.jpg,synthetic_val,1,37155,1,37770,0.556561,0.614137,0.556561,-0.0575753,29.663
synthetic/images/img052494.jpg,synthetic_val,1,53004,1,50513,0.32193,0.686784,-0.622398,0.193158,38.1702
synthetic/images/img052503.jpg,synthetic_val,1,42515,1,40771,-0.395992,0.745396,-0.442579,0.302817,10.7513
synthetic/images/img052580.jpg,synthetic_val,3,17314,3,17130,0.616742,-0.233937,-0.319005,0.680543,10.7331
synthetic/images/img052635.jpg,synthetic_val,0,00473,0,02762,0.73125,-0.525586,-0.0228515,-0.434179,54.8578
synthetic/images/img052700.jpg,synthetic_val,2,43075,2,43526,-0.196039,-0.25205,0.896179,0.308062,17.6024
synthetic/images/img052798.jpg,synthetic_val,3,34156,0,14674,0.851896,0.133109,-0.505813,-0.0266217,128.105
synthetic/images/img052807.jpg,synthetic_val,1,71112,1,71160,0.606517,0.776342,0.121303,0.121303,13.0456
synthetic/images/img052838.jpg,synthetic_val,3,21640,3,20155,-0.386065,0.0227097,-0.567742,0.72671,29.5847
synthetic/images/img052927.jpg,synthetic_val,1,73526,1,73635,0.458626,0.638089,0.578268,0.219343,11.6795
synthetic/images/img052985.jpg,synthetic_val,2,03073,2,30301,0.235217,0.19245,0.684267,-0.662884,71.8654
synthetic/images/img053014.jpg,synthetic_val,2,77520,0,77164,0.625291,0.488509,0.410347,0.449428,32.1113
synthetic/images/img053035.jpg,synthetic_val,2,43601,2,43224,-0.421408,-0.0842816,0.899004,0.0842816,26.5412
synthetic/images/img053052.jpg,synthetic_val,3,70176,3,70113,0.422745,0.084549,0.028183,0.901856,20.8798
synthetic/images/img053083.jpg,synthetic_val,3,43670,3,43611,-0.2561,-0.199189,0.2561,0.910577,16.0014
synthetic/images/img053094.jpg,synthetic_val,0,70504,0,52772,0.866766,0.352124,-0.0270864,0.352124,13.9527
synthetic/images/img053099.jpg,synthetic_val,0,15234,0,15434,0.679315,0.445801,-0.573172,-0.106143,27.6852
synthetic/images/img053122.jpg,synthetic_val,2,47646,2,44153,-0.333718,-0.569284,0.628176,0.41224,61.7001
synthetic/images/img053167.jpg,synthetic_val,1,06527,1,06723,-0.539527,0.822136,-0.0256917,-0.179842,22.7351
synthetic/images/img053204.jpg,synthetic_val,1,60751,1,60176,-0.493382,0.830959,0.181772,0.181772,20.8198
synthetic/images/img053272.jpg,synthetic_val,2,65220,2,60354,-0.488143,0.231226,0.822136,0.179842,30.248
synthetic/images/img053274.jpg,synthetic_val,2,13645,0,71027,0.842397,0.500173,0.184274,0.0789747,129.705
synthetic/images/img053334.jpg,synthetic_val,1,46153,1,44333,-0.390934,0.735875,-0.390934,0.390934,16.5808
synthetic/images/img053361.jpg,synthetic_val,0,72350,2,42777,-0.433341,-0.0254906,0.8157,0.38236,157.885
synthetic/images/img053402.jpg,synthetic_val,3,63072,3,63030,-0.276124,0.527146,0.0251022,0.80327,12.9695
synthetic/images/img053436.jpg,synthetic_val,1,74400,1,77242,0.341162,0.642187,0.541845,0.421435,76.6532
synthetic/images/img053485.jpg,synthetic_val,0,55361,1,57113,0.627191,0.647423,-0.263016,0.343944,19.7914
synthetic/images/img053496.jpg,synthetic_val,0,16157,0,16150,0.8157,0.331378,-0.38236,-0.280397,6.89618
synthetic/images/img053558.jpg,synthetic_val,3,16554,3,16172,0.348062,-0.240966,-0.294514,0.856767,36.2296
synthetic/images/img053726.jpg,synthetic_val,3,02246,3,02673,-0.557486,-0.0222994,-0.423689,0.713582,15.4737
synthetic/images/img053733.jpg,synthetic_val,1,07421,1,07645,-0.368729,0.907642,-0.198547,-0.0283638,23.9679
synthetic/images/img053753.jpg,synthetic_val,1,24722,1,24156,-0.494718,0.833209,0.0781133,-0.23434,32.9275
synthetic/images/img053923.jpg,synthetic_val,1,71406,1,71420,0.451292,0.849491,0.132733,0.238919,9.30135
synthetic/images/img053927.jpg,synthetic_val,1,42716,1,42523,-0.520626,0.793334,-0.223125,0.223125,16.0254
synthetic/images/img054060.jpg,synthetic_val,3,62060,0,60206,0.695817,-0.674072,0.239187,0.0652328,97.526
synthetic/images/img054083.jpg,synthetic_val,0,25637,0,25655,0.928805,-0.261226,0.261226,-0.0290252,18.8973
synthetic/images/img054106.jpg,synthetic_val,2,53715,2,53373,0.691283,-0.0222994,0.713582,0.111497,21.0132
synthetic/images/img054146.jpg,synthetic_val,0,52462,0,43606,0.856767,-0.40161,-0.13387,0.294514,51.2145
synthetic/images/img054198.jpg,synthetic_val,1,43643,1,42623,-0.657226,0.725215,-0.022663,0.203967,42.2107
synthetic/images/img054270.jpg,synthetic_val,1,54240,1,43755,-0.0277457,0.887862,-0.19422,0.416185,41.8327
synthetic/images/img054329.jpg,synthetic_val,2,01477,2,04312,-0.419537,-0.463699,0.706589,-0.331214,29.8992
synthetic/images/img054354.jpg,synthetic_val,1,30716,1,31046,0.385271,0.725215,0.0679889,-0.566575,26.6888
synthetic/images/img054359.jpg,synthetic_val,1,40014,1,40527,-0.446606,0.680543,-0.531674,0.233937,24.3815
synthetic/images/img054384.jpg,synthetic_val,3,70041,3,43113,-0.0289278,-0.376062,0.0289278,0.925691,52.1154
synthetic/images/img054419.jpg,synthetic_val,3,62527,3,62235,-0.5001,0.580116,0.060012,0.640128,24.3906
synthetic/images/img054428.jpg,synthetic_val,2,24335,2,21521,-0.124883,0.124883,0.799251,-0.574462,47.8874
synthetic/images/img054432.jpg,synthetic_val,0,51265,0,51240,0.74059,0.393438,-0.532299,0.115717,13.1545
synthetic/images/img054446.jpg,synthetic_val,0,07254,0,07274,0.910577,-0.313011,-0.0853666,-0.2561,10.4864
synthetic/images/img054462.jpg,synthetic_val,3,37770,3,37711,0.601177,0.48482,-0.13575,0.62057,12.7744
synthetic/images/img054510.jpg,synthetic_val,1,21651,1,21265,-0.291638,0.717879,0.291638,-0.560843,15.0616
synthetic/images/img054524.jpg,synthetic_val,2,34207,2,34636,0.138728,0.416185,0.887862,-0.138728,31.6658
synthetic/images/img054536.jpg,synthetic_val,2,60635,2,60552,-0.480589,0.0758825,0.809414,0.328824,29.6785
synthetic/images/img054558.jpg,synthetic_val,3,45435,3,45532,-0.0627868,-0.523223,0.523223,0.669726,11.8593
synthetic/images/img054639.jpg,synthetic_val,0,53417,0,53170,0.713582,0.646684,-0.245294,0.111497,23.3942
synthetic/images/img054660.jpg,synthetic_val,1,25261,1,25276,-0.288775,0.840072,0.393784,-0.23627,10.4544
synthetic/images/img054693.jpg,synthetic_val,1,16044,1,05377,-0.026774,0.856767,-0.455158,-0.240966,10.8028
synthetic/images/img054709.jpg,synthetic_val,1,65656,1,63526,-0.168638,0.770916,0.554096,0.265003,60.551
synthetic/images/img054750.jpg,synthetic_val,1,24166,3,24532,-0.493382,0.181772,-0.181772,0.830959,158.106
synthetic/images/img054779.jpg,synthetic_val,3,50362,3,52121,0.309033,-0.309033,0.0280939,0.899004,21.4121
synthetic/images/img054797.jpg,synthetic_val,3,63210,3,63010,-0.29038,0.448769,0.0263982,0.844742,21.1886
synthetic/images/img054835.jpg,synthetic_val,2,16535,2,16537,0.407494,-0.244497,0.869321,-0.135831,3.36405
synthetic/images/img054933.jpg,synthetic_val,3,41333,3,43153,-0.0286417,-0.372342,0.143208,0.916533,19.2502
synthetic/images/img054934.jpg,synthetic_val,0,41325,0,41337,0.879772,-0.0274929,-0.467379,0.0824786,11.7463
synthetic/images/img055129.jpg,synthetic_val,0,41557,0,07274,0.910577,-0.313011,-0.0853666,-0.2561,105.236
synthetic/images/img055132.jpg,synthetic_val,2,31034,2,32061,0.0639167,0.447417,0.681778,-0.57525,57.0919
synthetic/images/img055242.jpg,synthetic_val,0,71611,0,71223,0.797264,0.473376,0.373718,0.0249145,31.0659
synthetic/images/img055287.jpg,synthetic_val,3,34424,3,30162,0.207404,0.161314,-0.622212,0.737437,65.8852
synthetic/images/img055295.jpg,synthetic_val,1,72225,1,72222,0.0224337,0.717879,0.695445,0.0224337,7.85818
synthetic/images/img055337.jpg,synthetic_val,1,50150,1,50501,0.235217,0.684267,-0.662884,0.19245,10.8881
synthetic/images/img055348.jpg,synthetic_val,0,52320,0,52235,0.968808,0.211927,-0.0908257,0.0908257,7.99312
synthetic/images/img055356.jpg,synthetic_val,2,56452,2,56444,0.021267,-0.319005,0.680543,0.659276,9.62068
synthetic/images/img055439.jpg,synthetic_val,2,04526,2,04366,-0.524491,-0.387667,0.729727,-0.205236,21.1782
synthetic/images/img055495.jpg,synthetic_val,2,27721,2,36662,0.0223887,0.694049,0.716438,-0.067166,18.2948
synthetic/images/img055513.jpg,synthetic_val,1,71444,1,52757,0.387427,0.826512,-0.129142,0.387427,15.8212
synthetic/images/img055515.jpg,synthetic_val,1,57332,1,75124,0.554189,0.709362,0.110838,0.421184,16.3485
synthetic/images/img055550.jpg,synthetic_val,2,07706,2,52000,0.028273,-0.424094,0.904735,0.028273,48.3371
synthetic/images/img055568.jpg,synthetic_val,0,37762,2,37202,0.357045,0.567072,0.672085,-0.31504,43.6831
synthetic/images/img055632.jpg,synthetic_val,3,12700,3,12257,0.168638,-0.120456,-0.602279,0.770916,10.4771
synthetic/images/img055645.jpg,synthetic_val,2,07614,2,07632,-0.318206,-0.0289278,0.925691,-0.202495,22.7999
synthetic/images/img055648.jpg,synthetic_val,2,03236,2,03166,-0.165963,-0.21338,0.758686,-0.592723,24.389
synthetic/images/img055658.jpg,synthetic_val,3,63051,0,61336,0.899004,-0.0842816,0.421408,0.0842816,166.207
synthetic/images/img055663.jpg,synthetic_val,0,70160,0,70035,0.961781,0.21039,0.150278,0.090167,9.85413
synthetic/images/img055702.jpg,synthetic_val,1,21342,1,21277,-0.203549,0.72373,0.339248,-0.565414,15.0493
synthetic/images/img055710.jpg,synthetic_val,3,36310,3,36714,0.302817,0.582341,-0.116468,0.745396,25.1608
synthetic/images/img055713.jpg,synthetic_val,1,42675,1,62440,-0.627191,0.647423,0.343944,0.263016,50.6977
synthetic/images/img055714.jpg,synthetic_val,2,52146,2,52162,0.258625,-0.258625,0.919555,0.143681,14.7513
synthetic/images/img055841.jpg,synthetic_val,1,17223,1,12211,0.153375,0.701141,-0.153375,-0.67923,51.9902
synthetic/images/img055859.jpg,synthetic_val,3,32126,3,32012,0.102684,0.390201,-0.636643,0.65718,14.2778
synthetic/images/img055892.jpg,synthetic_val,1,40123,1,40527,-0.446606,0.680543,-0.531674,0.233937,25.2132
synthetic/images/img055903.jpg,synthetic_val,3,11756,3,20177,-0.381373,0.157036,-0.560843,0.717879,137.634
synthetic/images/img055921.jpg,synthetic_val,1,07745,1,52254,0.147635,0.944862,-0.206689,0.206689,43.2342
synthetic/images/img056021.jpg,synthetic_val,0,71713,1,75310,0.613422,0.676879,0.190372,0.359592,23.2976
synthetic/images/img056036.jpg,synthetic_val,1,43152,1,43142,-0.196657,0.899004,-0.36522,0.140469,15.3631
synthetic/images/img056076.jpg,synthetic_val,0,35522,0,35573,0.707972,0.685847,0.154869,-0.0663723,14.8222
synthetic/images/img056156.jpg,synthetic_val,0,34012,0,34255,0.910577,0.199189,0.2561,-0.2561,28.1014
synthetic/images/img056181.jpg,synthetic_val,3,74035,3,74014,0.133109,0.0266217,0.505813,0.851896,11.7264
synthetic/images/img056229.jpg,synthetic_val,2,25520,2,25435,-0.26482,0.147122,0.941584,-0.147122,10.6954
synthetic/images/img056288.jpg,synthetic_val,3,65015,3,61566,-0.190728,0.190728,0.408703,0.871899,24.3309
synthetic/images/img056335.jpg,synthetic_val,3,65555,2,65554,-0.067166,0.0223887,0.716438,0.694049,6.05578
synthetic/images/img056391.jpg,synthetic_val,1,31340,3,01217,-0.184211,-0.429826,-0.59357,0.654974,64.7055
synthetic/images/img056526.jpg,synthetic_val,3,43156,3,43133,-0.0300557,-0.270501,0.0300557,0.961781,26.4138
synthetic/images/img056530.jpg,synthetic_val,2,35255,1,17263,0.489437,0.824315,-0.0257599,-0.283358,122.338
synthetic/images/img056602.jpg,synthetic_val,3,60555,3,43673,-0.25205,-0.0280056,0.364073,0.896179,24.2298
synthetic/images/img056609.jpg,synthetic_val,3,34420,3,34610,0.145617,0.262111,-0.203864,0.931951,20.5469
synthetic/images/img056791.jpg,synthetic_val,3,71537,3,71741,0.603286,0.201095,0.290471,0.715006,13.935
synthetic/images/img056843.jpg,synthetic_val,2,03636,2,07233,-0.246691,-0.0274101,0.877124,-0.411152,16.503
synthetic/images/img056895.jpg,synthetic_val,1,42172,1,43432,-0.304267,0.88514,-0.248946,0.248946,27.0727
synthetic/images/img056941.jpg,synthetic_val,0,52302,0,52300,0.941584,0.26482,-0.205971,0.0294245,6.37786
synthetic/images/img056945.jpg,synthetic_val,1,21360,1,21343,-0.114738,0.734324,0.252424,-0.619586,5.82691
synthetic/images/img056957.jpg,synthetic_val,0,45541,0,25042,0.861723,-0.403933,0.0807866,-0.296217,138.744
synthetic/images/img057004.jpg,synthetic_val,0,55327,1,02147,-0.441836,0.673274,-0.273518,-0.525995,177.431
synthetic/images/img057033.jpg,synthetic_val,0,40216,0,02435,0.680543,-0.531674,-0.233937,-0.446606,63.4818
synthetic/images/img057041.jpg,synthetic_val,1,77547,1,72555,0.357244,0.762121,0.404877,0.357244,36.5553
synthetic/images/img057079.jpg,synthetic_val,1,71362,1,71722,0.565414,0.72373,0.339248,0.203549,9.37626
synthetic/images/img057086.jpg,synthetic_val,3,73173,3,75131,0.646535,0.10428,0.354552,0.667391,49.1307
synthetic/images/img057125.jpg,synthetic_val,1,12655,1,21760,-0.174836,0.799251,0.324696,-0.474555,73.6281
synthetic/images/img057146.jpg,synthetic_val,3,74265,3,66537,-0.335272,0.453604,0.532492,0.631101,54.4651
synthetic/images/img057193.jpg,synthetic_val,1,43776,1,43721,-0.148152,0.948174,-0.0888913,0.266674,19.03
synthetic/images/img057199.jpg,synthetic_val,2,43112,2,07554,-0.084549,-0.422745,0.901856,-0.028183,10.9657
synthetic/images/img057302.jpg,synthetic_val,2,07677,2,25707,-0.144639,0.318206,0.925691,-0.144639,43.0322
synthetic/images/img057316.jpg,synthetic_val,0,34536,0,34711,0.861723,0.403933,0.24236,-0.188502,8.46917
synthetic/images/img057331.jpg,synthetic_val,1,74422,1,71047,0.500173,0.842397,0.0789747,0.184274,78.0695
synthetic/images/img057338.jpg,synthetic_val,3,10545,1,21023,-0.276972,0.681778,0.149139,-0.660472,25.0396
synthetic/images/img057360.jpg,synthetic_val,2,25013,2,25067,-0.357407,0.19245,0.879772,-0.247436,26.3572
synthetic/images/img057380.jpg,synthetic_val,3,73631,3,76114,0.302817,0.395992,0.442579,0.745396,42.9218
synthetic/images/img057411.jpg,synthetic_val,0,51271,0,51245,0.722254,0.428838,-0.51912,0.157993,16.3779
synthetic/images/img057494.jpg,synthetic_val,1,37074,1,37246,0.368955,0.694504,0.585988,-0.195329,16.1374
synthetic/images/img057502.jpg,synthetic_val,1,07517,1,16405,0.0837545,0.893381,-0.418772,-0.139591,11.7971
synthetic/images/img057505.jpg,synthetic_val,3,50031,3,50011,0.155173,-0.687194,0.0221676,0.709362,6.66036
synthetic/images/img057554.jpg,synthetic_val,3,56620,3,47717,-0.0237089,-0.118545,0.640141,0.758686,4.92494
synthetic/images/img057561.jpg,synthetic_val,1,65624,3,67212,-0.236518,0.580544,0.365528,0.688053,23.8991
synthetic/images/img057613.jpg,synthetic_val,1,04513,2,41173,-0.0244339,-0.610847,0.781884,0.122169,48.096
synthetic/images/img057614.jpg,synthetic_val,2,31411,2,32560,0.206095,0.480888,0.732782,-0.435089,64.6089
synthetic/images/img057648.jpg,synthetic_val,1,34136,1,35040,0.448769,0.844742,0.0263982,-0.29038,22.4418
synthetic/images/img057670.jpg,synthetic_val,1,52026,1,52603,0.0888913,0.948174,-0.148152,0.266674,23.8055
synthetic/images/img057718.jpg,synthetic_val,1,20653,3,44530,-0.363043,-0.515903,0.477688,0.61144,145.825
synthetic/images/img057732.jpg,synthetic_val,1,70041,2,70024,0.0307293,0.153646,0.983336,0.0921878,156.057
synthetic/images/img057747.jpg,synthetic_val,2,43267,2,43242,-0.416185,-0.138728,0.887862,0.138728,12.8897
synthetic/images/img057778.jpg,synthetic_val,2,61411,2,27441,-0.33667,0.440261,0.828726,-0.0776931,64.7594
synthetic/images/img057782.jpg,synthetic_val,3,12072,3,21216,-0.239641,0.239641,-0.63178,0.697136,65.4752
synthetic/images/img057810.jpg,synthetic_val,0,64746,0,60565,0.772712,-0.507093,0.120736,0.362209,35.2283
synthetic/images/img057816.jpg,synthetic_val,0,35417,0,35531,0.705215,0.683177,0.11019,-0.154266,17.3274
synthetic/images/img057914.jpg,synthetic_val,3,40144,1,40114,-0.391524,0.659408,-0.638802,0.0618195,147.984
synthetic/images/img057935.jpg,synthetic_val,1,22403,1,24247,-0.637864,0.703849,0.241948,-0.197958,34.4178
synthetic/images/img057966.jpg,synthetic_val,3,42562,3,42347,-0.535303,-0.127453,0.178434,0.8157,18.7751
synthetic/images/img057992.jpg,synthetic_val,0,65133,0,65130,0.871899,-0.0817405,0.136234,0.463196,10.4591
synthetic/images/img058001.jpg,synthetic_val,0,57456,3,35060,0.445063,0.130901,-0.287982,0.837765,47.7612
synthetic/images/img058007.jpg,synthetic_val,1,17314,1,17225,0.480589,0.809414,-0.0758825,-0.328824,23.7847
synthetic/images/img058074.jpg,synthetic_val,1,17433,1,17274,0.532542,0.811493,-0.0760775,-0.228232,18.7165
synthetic/images/img058102.jpg,synthetic_val,1,07207,2,60351,-0.451292,0.238919,0.849491,0.132733,155.595
synthetic/images/img058131.jpg,synthetic_val,3,61627,0,61662,0.789462,-0.37006,0.37006,0.320719,173.645
synthetic/images/img058193.jpg,synthetic_val,1,65327,1,70656,0.13387,0.856767,0.294514,0.40161,31.5691
synthetic/images/img058312.jpg,synthetic_val,0,31162,0,17643,0.849491,0.504385,-0.132733,-0.0796398,68.49
synthetic/images/img058321.jpg,synthetic_val,3,57462,3,57102,0.544638,-0.283212,0.370354,0.697136,36.0919
synthetic/images/img058392.jpg,synthetic_val,1,73505,1,71724,0.567742,0.72671,0.295226,0.249807,7.42005
synthetic/images/img058427.jpg,synthetic_val,1,71345,1,71363,0.603286,0.715006,0.335159,0.11172,13.7567
synthetic/images/img058463.jpg,synthetic_val,2,61464,2,62552,-0.434179,0.434179,0.73125,0.29707,40.7728
synthetic/images/img058465.jpg,synthetic_val,3,70275,3,70271,0.196657,0.36522,0.140469,0.899004,4.62076
synthetic/images/img058470.jpg,synthetic_val,1,03137,1,21263,-0.280561,0.690612,0.323724,-0.582704,69.8902
synthetic/images/img058479.jpg,synthetic_val,1,43021,1,43104,-0.193624,0.88514,-0.41491,0.0829819,25.3152
synthetic/images/img058541.jpg,synthetic_val,1,62236,1,62042,-0.636643,0.65718,0.390201,0.102684,26.7982
synthetic/images/img058603.jpg,synthetic_val,3,07522,3,07270,-0.308062,-0.0840168,-0.308062,0.896179,24.3313
synthetic/images/img058622.jpg,synthetic_val,0,50122,0,14746,0.813589,0.228822,-0.533917,-0.0254246,12.2869
synthetic/images/img058673.jpg,synthetic_val,0,34626,0,26576,0.73125,-0.434179,0.525586,-0.0228515,62.0038
synthetic/images/img058682.jpg,synthetic_val,2,72352,2,72235,0.159628,0.661315,0.729727,0.0684119,16.9361
synthetic/images/img058719.jpg,synthetic_val,3,11651,3,15271,0.509854,-0.421184,-0.243843,0.709362,17.6052
synthetic/images/img058720.jpg,synthetic_val,0,62657,2,66140,-0.481365,0.355792,0.669726,0.439508,177.735
synthetic/images/img058866.jpg,synthetic_val,0,17605,0,17712,0.72671,0.658581,-0.113548,-0.158968,25.394
synthetic/images/img058889.jpg,synthetic_val,1,47762,3,67751,-0.0200361,0.500902,0.581047,0.641155,75.4499
synthetic/images/img058919.jpg,synthetic_val,0,65705,0,67500,0.717879,-0.157036,0.381373,0.560843,20.186
synthetic/images/img058927.jpg,synthetic_val,0,14613,0,14647,0.833209,0.0781133,-0.546793,-0.0260378,20.987
synthetic/images/img058934.jpg,synthetic_val,2,57606,2,56561,0.239641,-0.239641,0.697136,0.63178,23.2028
synthetic/images/img058996.jpg,synthetic_val,1,54152,1,50535,0.327405,0.698464,-0.589329,0.240097,25.3343
synthetic/images/img059030.jpg,synthetic_val,2,66321,1,07600,-0.408703,0.871899,-0.190728,-0.190728,122.012
synthetic/images/img059049.jpg,synthetic_val,2,50117,2,50411,0.15221,-0.674072,0.695817,0.195698,23.3652
synthetic/images/img059189.jpg,synthetic_val,2,76233,2,72075,0.177059,0.531178,0.809414,0.177059,28.1938
synthetic/images/img059245.jpg,synthetic_val,1,25206,1,25253,-0.245222,0.871899,0.299715,-0.299715,16.3842
synthetic/images/img059279.jpg,synthetic_val,2,30360,2,30361,0.243365,0.287613,0.707972,-0.597351,4.5859
synthetic/images/img059359.jpg,synthetic_val,1,60341,1,60335,-0.440261,0.828726,0.33667,0.0776931,16.6005
synthetic/images/img059396.jpg,synthetic_val,3,27131,3,31006,0.365528,0.0645049,-0.623548,0.688053,75.7677
synthetic/images/img059514.jpg,synthetic_val,1,50460,1,50422,0.0240354,0.769133,-0.600885,0.216319,10.8731
synthetic/images/img059541.jpg,synthetic_val,3,67425,3,65220,-0.363057,0.314649,0.411464,0.774521,27.3208
synthetic/images/img059612.jpg,synthetic_val,1,43073,1,43150,-0.0837545,0.893381,-0.418772,0.139591,27.6398
synthetic/images/img059714.jpg,synthetic_val,3,01135,2,32011,0.145236,0.352715,0.663935,-0.643187,25.0395
synthetic/images/img059729.jpg,synthetic_val,0,24122,0,21472,0.811493,-0.278951,0.177514,-0.481824,32.3574
synthetic/images/img059741.jpg,synthetic_val,2,67351,2,63605,-0.295226,0.567742,0.72671,0.249807,41.6875
synthetic/images/img059763.jpg,synthetic_val,1,55743,1,55762,0.474237,0.607024,-0.322481,0.550115,7.15029
synthetic/images/img059775.jpg,synthetic_val,1,25314,1,30641,0.0781133,0.833209,0.23434,-0.494718,26.1083
synthetic/images/img059828.jpg,synthetic_val,3,32455,3,32001,0.0627868,0.355792,-0.648797,0.669726,34.4307
synthetic/images/img059835.jpg,synthetic_val,0,14645,0,14746,0.813589,0.228822,-0.533917,-0.0254246,17.3754
synthetic/images/img059910.jpg,synthetic_val,3,25404,3,25035,-0.249711,0.138728,-0.360694,0.887862,33.4073
synthetic/images/img059929.jpg,synthetic_val,1,21675,1,21611,-0.217325,0.772712,0.217325,-0.555387,20.2744
synthetic/images/img059935.jpg,synthetic_val,2,65247,2,65265,-0.298949,0.298949,0.735875,0.52891,4.48572
lightbox/images/img000002.jpg,lightbox,3,35253,3,35241,0.476942,0.22592,-0.276124,0.80327,12.2951
lightbox/images/img000003.jpg,lightbox,2,52540,2,62115,-0.423547,0.423547,0.797264,0.0747435,132.306
lightbox/images/img000008.jpg,lightbox,1,07334,1,26371,-0.356417,0.670902,0.608005,-0.230623,94.8198
lightbox/images/img000009.jpg,lightbox,1,02263,1,53023,0.496065,0.835478,-0.234978,0.0261087,152.201
lightbox/images/img000024.jpg,lightbox,2,51245,1,41422,-0.339248,0.72373,-0.565414,0.203549,54.049
lightbox/images/img000035.jpg,lightbox,2,64401,2,64050,-0.576297,0.0213443,0.683019,0.448231,8.59875
lightbox/images/img000057.jpg,lightbox,2,65002,1,64112,-0.463139,0.780024,0.0731272,0.414388,125.807
lightbox/images/img000058.jpg,lightbox,0,53502,0,06247,0.720787,-0.653213,-0.112623,-0.202721,161.967
lightbox/images/img000061.jpg,lightbox,0,17326,0,23742,0.688053,-0.150512,0.580544,-0.408531,115.03
lightbox/images/img000063.jpg,lightbox,1,74143,2,12757,0.379413,-0.126471,0.809414,-0.430001,161.725
lightbox/images/img000066.jpg,lightbox,2,70267,2,61134,-0.0918415,0.153069,0.979643,0.0918415,38.9131
lightbox/images/img000086.jpg,lightbox,0,25214,0,25642,0.861723,-0.403933,0.296217,-0.0807866,31.3522
lightbox/images/img000099.jpg,lightbox,0,61573,2,70424,0.0292228,0.146114,0.935129,0.321451,141.803
lightbox/images/img000124.jpg,lightbox,0,53301,2,52351,0.412393,-0.19245,0.879772,0.137464,176.797
lightbox/images/img000130.jpg,lightbox,2,26351,1,23446,-0.344214,0.734324,0.436005,-0.390109,42.3025
lightbox/images/img000133.jpg,lightbox,2,34422,1,30474,0.135432,0.866766,0.135432,-0.46047,127.537
lightbox/images/img000140.jpg,lightbox,2,74231,2,70025,0.0918415,0.153069,0.979643,0.0918415,49.9572
lightbox/images/img000141.jpg,lightbox,3,25756,1,21132,-0.0663723,0.707972,0.154869,-0.685847,133.93
lightbox/images/img000164.jpg,lightbox,1,25727,1,25675,-0.25205,0.896179,0.364073,-0.0280056,17.1334
lightbox/images/img000169.jpg,lightbox,1,46570,1,22643,-0.533481,0.588669,0.49669,-0.349522,146.18
lightbox/images/img000176.jpg,lightbox,3,41646,1,44277,-0.503333,0.644266,-0.342266,0.463066,170.806
lightbox/images/img000177.jpg,lightbox,1,70142,1,70061,0.0911606,0.972379,0.151934,0.151934,24.5351
lightbox/images/img000178.jpg,lightbox,2,37641,2,36060,0.0251022,0.527146,0.80327,-0.276124,56.487
lightbox/images/img000182.jpg,lightbox,1,36024,1,27176,-0.0740121,0.789462,0.567426,-0.222036,15.2696
lightbox/images/img000188.jpg,lightbox,3,16404,1,45163,-0.108721,0.695817,-0.543607,0.45663,161.84
lightbox/images/img000199.jpg,lightbox,2,42316,2,24177,-0.447523,0.184274,0.842397,-0.236924,51.1048
lightbox/images/img000203.jpg,lightbox,0,07043,0,60706,0.755297,-0.54287,0.259633,0.259633,100.26
lightbox/images/img000209.jpg,lightbox,1,00566,1,60753,-0.424602,0.799251,0.274743,0.324696,125.364
lightbox/images/img000213.jpg,lightbox,1,21631,1,24372,-0.456673,0.769133,0.360531,-0.264389,45.1464
lightbox/images/img000226.jpg,lightbox,0,32564,0,34712,0.866766,0.352124,0.297951,-0.189605,38.3256
lightbox/images/img000239.jpg,lightbox,1,55020,2,50503,0.241948,-0.637864,0.703849,0.197958,97.8782
lightbox/images/img000245.jpg,lightbox,0,25143,0,34030,0.887862,0.138728,0.138728,-0.416185,38.1008
lightbox/images/img000248.jpg,lightbox,1,12551,1,13423,0.425385,0.716438,-0.201498,-0.51494,21.4445
lightbox/images/img000251.jpg,lightbox,3,25270,1,25245,-0.353162,0.869321,0.244497,-0.244497,164.996
lightbox/images/img000261.jpg,lightbox,3,07134,3,07247,-0.360694,-0.138728,-0.249711,0.887862,40.1631
lightbox/images/img000264.jpg,lightbox,2,16520,1,70417,0.20182,0.922608,0.0864945,0.317146,154.675
lightbox/images/img000267.jpg,lightbox,0,73206,1,24335,-0.418384,0.787547,0.319941,-0.319941,159.977
lightbox/images/img000275.jpg,lightbox,3,50374,0,02736,0.748653,-0.444513,-0.0233954,-0.491304,174.307
lightbox/images/img000280.jpg,lightbox,2,16374,2,16737,0.420084,-0.0280056,0.896179,-0.140028,16.035
lightbox/images/img000290.jpg,lightbox,1,65625,3,63304,-0.169426,0.605095,0.0726113,0.774521,35.2858
lightbox/images/img000298.jpg,lightbox,0,70401,0,60166,0.787547,-0.566049,0.172276,0.172276,79.1768
lightbox/images/img000315.jpg,lightbox,0,16364,0,34254,0.919555,0.143681,0.258625,-0.258625,42.0996
lightbox/images/img000318.jpg,lightbox,0,45166,0,45167,0.681778,-0.106528,-0.532639,0.490028,4.32543
lightbox/images/img000319.jpg,lightbox,2,44027,0,24546,0.809414,-0.581766,0.0758825,-0.0252942,165.068
lightbox/images/img000320.jpg,lightbox,0,61072,0,61150,0.983336,-0.0921878,0.0307293,0.153646,34.0589
lightbox/images/img000321.jpg,lightbox,1,62051,1,61067,-0.36181,0.890609,0.194821,0.194821,38.3385
lightbox/images/img000334.jpg,lightbox,0,43572,0,43516,0.879772,-0.0824786,-0.357407,0.302422,14.2158
lightbox/images/img000340.jpg,lightbox,0,74101,1,56031,0.181772,0.830959,-0.285642,0.441447,107.52
lightbox/images/img000345.jpg,lightbox,2,53373,0,70174,0.899004,0.36522,0.140469,0.196657,88.2236
lightbox/images/img000349.jpg,lightbox,2,61321,2,61324,-0.197911,0.367549,0.904735,0.0848189,7.48862
lightbox/images/img000351.jpg,lightbox,1,52007,1,16566,0.261226,0.928805,-0.261226,-0.0290252,28.2993
lightbox/images/img000359.jpg,lightbox,0,21457,0,21476,0.830959,-0.285642,0.181772,-0.441447,14.6644
lightbox/images/img000363.jpg,lightbox,3,74131,2,70605,0.0853666,0.2561,0.910577,0.313011,91.1671
lightbox/images/img000366.jpg,lightbox,3,26640,3,22407,-0.561547,0.36791,-0.406638,0.619639,42.9862
lightbox/images/img000367.jpg,lightbox,2,70261,2,52705,0.30334,-0.193035,0.882444,0.30334,74.205
lightbox/images/img000376.jpg,lightbox,2,31245,2,01716,-0.0685546,-0.479882,0.73125,-0.479882,100.514
lightbox/images/img000377.jpg,lightbox,2,67146,1,60765,-0.487057,0.742182,0.301511,0.347898,75.6347
lightbox/images/img000401.jpg,lightbox,2,13671,1,25547,-0.153646,0.983336,0.0921878,-0.0307293,170.007
lightbox/images/img000403.jpg,lightbox,3,63417,2,13466,0.414388,-0.219382,0.780024,-0.414388,141.732
lightbox/images/img000410.jpg,lightbox,0,25733,2,34365,0.294514,0.348062,0.856767,-0.240966,99.4252
lightbox/images/img000430.jpg,lightbox,2,57530,1,52516,0.337577,0.830959,-0.337577,0.285642,171.408
lightbox/images/img000434.jpg,lightbox,0,73374,2,72004,0.0274929,0.467379,0.879772,0.0824786,77.8322
lightbox/images/img000449.jpg,lightbox,3,72507,3,70705,0.299715,0.245222,0.299715,0.871899,29.5586
lightbox/images/img000450.jpg,lightbox,1,13505,1,10772,0.302817,0.745396,-0.395992,-0.442579,32
lightbox/images/img000458.jpg,lightbox,2,36110,2,30477,0.186352,0.186352,0.851896,-0.45257,30.547
lightbox/images/img000460.jpg,lightbox,1,74056,1,74162,0.225352,0.801253,0.175274,0.525822,19.7198
lightbox/images/img000472.jpg,lightbox,1,06224,2,64405,-0.569284,0.0196305,0.628176,0.530023,155.127
lightbox/images/img000479.jpg,lightbox,3,67106,2,65631,-0.206529,0.298319,0.734324,0.57369,40.7376
lightbox/images/img000481.jpg,lightbox,2,27166,2,27706,-0.163768,0.631676,0.748653,-0.116977,13.9154
lightbox/images/img000493.jpg,lightbox,2,34116,1,50704,0.214834,0.763856,-0.549021,0.262575,132.979
lightbox/images/img000496.jpg,lightbox,2,61007,2,36004,0.0259675,0.441447,0.830959,-0.337577,80.4423
lightbox/images/img000497.jpg,lightbox,3,17762,2,15226,0.403961,-0.403961,0.760398,-0.308911,174.249
lightbox/images/img000499.jpg,lightbox,3,14612,3,14343,0.266242,-0.508279,-0.266242,0.774521,19.7873
lightbox/images/img000503.jpg,lightbox,0,05534,0,05237,0.809414,-0.227648,-0.430001,-0.328824,38.8833
lightbox/images/img000507.jpg,lightbox,2,34231,1,37416,0.488108,0.743784,0.441622,-0.116216,81.1301
lightbox/images/img000510.jpg,lightbox,3,55003,1,20535,-0.403052,0.758686,0.118545,-0.497888,59.0945
lightbox/images/img000512.jpg,lightbox,3,35023,3,50275,0.181772,-0.493382,0.181772,0.830959,106.888
lightbox/images/img000514.jpg,lightbox,3,70021,3,70405,0.0882735,0.0294245,0.323669,0.941584,36.1244
lightbox/images/img000518.jpg,lightbox,2,30347,1,53006,0.440261,0.828726,-0.33667,0.0776931,177.077
lightbox/images/img000525.jpg,lightbox,1,43567,1,43436,-0.299715,0.871899,-0.245222,0.299715,22.4467
lightbox/images/img000528.jpg,lightbox,2,47044,2,41144,-0.153375,-0.67923,0.701141,0.153375,62.0744
lightbox/images/img000532.jpg,lightbox,3,07501,3,17222,0.433341,-0.0254906,-0.38236,0.8157,84.0071
lightbox/images/img000538.jpg,lightbox,2,34163,1,35425,0.501565,0.844742,0.131991,-0.131991,124.208
lightbox/images/img000539.jpg,lightbox,2,70001,2,41136,-0.0734773,-0.612311,0.783758,0.0734773,85.0701
lightbox/images/img000542.jpg,lightbox,2,01675,2,07511,-0.0277457,-0.416185,0.887862,-0.19422,35.0489
lightbox/images/img000554.jpg,lightbox,3,17347,3,15752,0.60273,-0.436459,-0.0623513,0.665081,41.2605
lightbox/images/img000555.jpg,lightbox,0,26432,0,26406,0.65718,-0.636643,0.390201,-0.102684,13.6525
lightbox/images/img000564.jpg,lightbox,2,05161,2,16423,0.0879694,-0.263908,0.93834,-0.205262,54.7067
lightbox/images/img000571.jpg,lightbox,1,63045,1,61275,-0.247436,0.879772,0.357407,0.19245,16.6599
lightbox/images/img000583.jpg,lightbox,1,43261,1,43673,-0.25205,0.896179,-0.0280056,0.364073,32.1694
lightbox/images/img000587.jpg,lightbox,3,16614,1,47275,-0.222036,0.789462,-0.0740121,0.567426,136.437
lightbox/images/img000605.jpg,lightbox,2,72377,2,72231,0.159961,0.662695,0.73125,0.0228515,24.528
lightbox/images/img000620.jpg,lightbox,2,16627,2,34562,0.263908,0.205262,0.93834,-0.0879694,32.739
lightbox/images/img000628.jpg,lightbox,0,52142,0,07217,0.887862,-0.249711,-0.138728,-0.360694,84.8003
lightbox/images/img000629.jpg,lightbox,2,05542,2,41151,-0.0222994,-0.691283,0.713582,0.111497,25.6217
lightbox/images/img000643.jpg,lightbox,2,07366,1,16621,0.0908257,0.968808,-0.0908257,-0.211927,169.929
lightbox/images/img000645.jpg,lightbox,0,52660,3,43535,-0.0280939,-0.309033,0.309033,0.899004,148.397
lightbox/images/img000646.jpg,lightbox,0,71670,1,70601,0.0867835,0.925691,0.260351,0.260351,93.6165
lightbox/images/img000655.jpg,lightbox,2,31247,3,30020,0.0222994,0.111497,-0.691283,0.713582,69.2327
lightbox/images/img000666.jpg,lightbox,1,07327,1,25142,-0.20182,0.922608,0.0864945,-0.317146,16.6725
lightbox/images/img000667.jpg,lightbox,1,61065,1,61036,-0.317146,0.922608,0.20182,0.0864945,17.4687
lightbox/images/img000671.jpg,lightbox,0,61226,3,61072,-0.315058,0.200492,0.143208,0.916533,158.168
lightbox/images/img000678.jpg,lightbox,3,72237,1,74221,0.0776931,0.828726,0.33667,0.440261,48.9197
lightbox/images/img000690.jpg,lightbox,0,55666,1,07571,-0.0294245,0.941584,-0.323669,-0.0882735,136.462
lightbox/images/img000695.jpg,lightbox,0,52077,0,52715,0.849491,0.398199,-0.185826,0.292013,25.3358
lightbox/images/img000696.jpg,lightbox,1,35432,0,31465,0.776342,0.460953,0.121303,-0.412432,57.998
lightbox/images/img000700.jpg,lightbox,3,65365,3,64135,-0.412432,0.121303,0.460953,0.776342,40.0809
lightbox/images/img000708.jpg,lightbox,1,53026,1,52211,0.208885,0.954905,-0.208885,0.0298408,31.3129
lightbox/images/img000711.jpg,lightbox,1,23576,1,16271,0.20182,0.922608,-0.0864945,-0.317146,81.1915
lightbox/images/img000719.jpg,lightbox,1,53631,1,12647,0.0817405,0.871899,-0.136234,-0.463196,98.3881
lightbox/images/img000727.jpg,lightbox,1,43645,1,41663,-0.319941,0.787547,-0.418384,0.319941,30.5462
lightbox/images/img000737.jpg,lightbox,3,14261,1,70051,0.211154,0.965275,0.0301648,0.150824,138.631
lightbox/images/img000744.jpg,lightbox,1,21615,1,10634,0.116216,0.743784,-0.441622,-0.488108,84.8375
lightbox/images/img000745.jpg,lightbox,3,25770,3,25370,-0.0824786,0.357407,-0.302422,0.879772,23.4834
lightbox/images/img000746.jpg,lightbox,1,11607,1,11443,0.373556,0.629146,-0.570164,-0.373556,18.03
lightbox/images/img000773.jpg,lightbox,3,26511,1,23456,-0.259633,0.755297,0.448458,-0.401252,173.736
lightbox/images/img000794.jpg,lightbox,1,30371,2,53053,0.550277,-0.311026,0.765603,0.119625,170.031
lightbox/images/img000797.jpg,lightbox,1,43153,1,16555,0.390567,0.833209,-0.390567,-0.0260378,50.3138
lightbox/images/img000808.jpg,lightbox,1,67425,1,66110,-0.428838,0.722254,0.383697,0.383697,31.046
lightbox/images/img000818.jpg,lightbox,0,25525,0,34073,0.907642,0.198547,0.198547,-0.312002,43.8317
lightbox/images/img000823.jpg,lightbox,3,30124,2,03553,-0.0253592,-0.329669,0.811493,-0.481824,46.9061
lightbox/images/img000845.jpg,lightbox,2,47324,2,07740,-0.208145,-0.208145,0.951522,-0.0892052,73.2135
lightbox/images/img000849.jpg,lightbox,2,63533,2,61164,-0.206689,0.147635,0.944862,0.206689,57.2535
lightbox/images/img000856.jpg,lightbox,2,02743,2,02342,-0.478855,-0.104099,0.666233,-0.562134,16.6945
lightbox/images/img000858.jpg,lightbox,1,35606,1,50770,0.313185,0.770916,-0.457732,0.313185,105.389
lightbox/images/img000861.jpg,lightbox,1,71657,1,71443,0.480589,0.809414,0.0758825,0.328824,24.755
lightbox/images/img000867.jpg,lightbox,2,70351,2,70170,0.368729,0.141819,0.907642,0.141819,12.3416
lightbox/images/img000871.jpg,lightbox,3,75207,0,05756,0.833209,-0.0781133,-0.546793,-0.0260378,171.905
lightbox/images/img000878.jpg,lightbox,1,27555,1,25476,-0.318206,0.925691,0.202495,-0.0289278,44.7785
lightbox/images/img000888.jpg,lightbox,2,54155,1,04725,-0.488108,0.743784,-0.441622,-0.116216,52.3859
lightbox/images/img000892.jpg,lightbox,0,56465,0,07703,0.954905,-0.149204,-0.149204,-0.208885,113.582
lightbox/images/img000893.jpg,lightbox,1,15071,1,15222,0.397722,0.748653,-0.397722,-0.350931,27.3092
lightbox/images/img000894.jpg,lightbox,2,36604,2,63301,-0.122169,0.610847,0.781884,0.0244339,25.1143
lightbox/images/img000895.jpg,lightbox,0,43770,2,43513,-0.0280056,-0.364073,0.896179,0.25205,176.429
lightbox/images/img000904.jpg,lightbox,1,37600,1,37404,0.421459,0.793334,0.421459,-0.123958,20.5958
lightbox/images/img000911.jpg,lightbox,3,36100,0,34037,0.890609,0.194821,0.194821,-0.36181,169.131
lightbox/images/img000915.jpg,lightbox,0,36607,0,23347,0.652789,-0.101998,0.550791,-0.509992,49.9256
lightbox/images/img000919.jpg,lightbox,2,06336,2,07215,-0.247436,-0.19245,0.879772,-0.357407,35.0408
lightbox/images/img000930.jpg,lightbox,0,70706,0,70707,0.859235,0.295362,0.295362,0.295362,5.16413
lightbox/images/img000932.jpg,lightbox,1,13307,0,40373,0.793334,-0.421459,-0.421459,0.123958,166.12
lightbox/images/img000933.jpg,lightbox,1,56001,1,45170,-0.0639167,0.681778,-0.57525,0.447417,33.5591
lightbox/images/img000937.jpg,lightbox,0,12401,0,70147,0.922608,0.317146,0.0864945,0.20182,109.421
lightbox/images/img000950.jpg,lightbox,3,24457,1,07671,-0.268567,0.954905,-0.0895223,-0.0895223,160.424
lightbox/images/img000951.jpg,lightbox,3,56720,2,56107,0.268773,-0.317641,0.781884,0.464244,48.6389
lightbox/images/img000956.jpg,lightbox,2,40524,2,40527,-0.446606,-0.531674,0.680543,0.233937,3.75631
lightbox/images/img000957.jpg,lightbox,0,33366,3,33024,0.333718,0.41224,-0.569284,0.628176,156.623
lightbox/images/img000962.jpg,lightbox,3,15711,2,15050,0.416107,-0.614253,0.634068,-0.217961,143.785
lightbox/images/img000974.jpg,lightbox,2,65757,1,61474,-0.294514,0.856767,0.13387,0.40161,110.351
lightbox/images/img000982.jpg,lightbox,0,25323,0,25372,0.861723,-0.0807866,0.403933,-0.296217,12.912
lightbox/images/img000988.jpg,lightbox,1,72150,1,70644,0.0274101,0.877124,0.246691,0.411152,52.6515
lightbox/images/img000992.jpg,lightbox,2,01267,2,03515,-0.024318,-0.36477,0.778177,-0.510678,30.0626
lightbox/images/img000995.jpg,lightbox,3,44307,3,16547,0.30334,-0.358493,-0.0275764,0.882444,106.692
lightbox/images/img001003.jpg,lightbox,1,34216,1,34421,0.090167,0.961781,0.150278,-0.21039,27.8165
lightbox/images/img001007.jpg,lightbox,3,00701,2,01257,-0.193158,-0.450702,0.686784,-0.53655,137.582
lightbox/images/img001013.jpg,lightbox,3,07171,3,17703,0.631676,-0.116977,-0.163768,0.748653,85.294
lightbox/images/img001018.jpg,lightbox,3,10403,2,16153,0.38236,-0.331378,0.8157,-0.280397,140.624
lightbox/images/img001026.jpg,lightbox,0,51040,0,16053,0.866766,0.189605,-0.352124,-0.297951,67.4624
lightbox/images/img001030.jpg,lightbox,3,65340,3,65033,-0.236924,0.184274,0.447523,0.842397,14.9303
lightbox/images/img001042.jpg,lightbox,0,14030,2,42773,-0.441447,-0.0259675,0.830959,0.337577,41.5959
lightbox/images/img001044.jpg,lightbox,1,41072,1,41521,-0.115966,0.742182,-0.626216,0.208739,21.274
lightbox/images/img001045.jpg,lightbox,2,65313,1,60511,-0.455158,0.856767,0.026774,0.240966,134.287
lightbox/images/img001050.jpg,lightbox,3,66167,1,60665,-0.610155,0.673274,0.273518,0.315597,54.6086
lightbox/images/img001051.jpg,lightbox,0,73527,0,70661,0.864234,0.0810219,0.351095,0.351095,61.3206
lightbox/images/img001070.jpg,lightbox,3,56320,3,56305,0.278951,-0.177514,0.481824,0.811493,12.5378
lightbox/images/img001087.jpg,lightbox,2,67026,2,61447,-0.344137,0.0794162,0.847106,0.397081,51.2034
lightbox/images/img001094.jpg,lightbox,0,67534,0,67412,0.6932,-0.238287,0.411587,0.541562,22.4321
lightbox/images/img001105.jpg,lightbox,0,07157,0,07773,0.994672,-0.0310835,-0.0310835,-0.0932505,43.1602
lightbox/images/img001106.jpg,lightbox,0,27417,0,26155,0.780024,-0.414388,0.414388,-0.219382,27.8988
lightbox/images/img001107.jpg,lightbox,3,36524,3,03327,-0.114981,-0.0229961,-0.666887,0.735875,99.9815
lightbox/images/img001108.jpg,lightbox,0,61367,0,63041,0.824315,-0.334878,0.437917,0.128799,23.572
lightbox/images/img001109.jpg,lightbox,3,71071,0,70042,0.983336,0.0307293,0.0921878,0.153646,92.0851
lightbox/images/img001111.jpg,lightbox,0,20226,1,20655,-0.55638,0.712167,0.200297,-0.378339,124.519
lightbox/images/img001119.jpg,lightbox,1,27364,1,63101,-0.136641,0.8745,0.464578,0.0273281,39.0361
lightbox/images/img001125.jpg,lightbox,3,20770,3,05227,-0.319941,-0.418384,-0.319941,0.787547,85.4952
lightbox/images/img001129.jpg,lightbox,2,43044,2,41525,-0.114738,-0.619586,0.734324,0.252424,42.4605
lightbox/images/img001139.jpg,lightbox,3,16632,3,50252,0.128459,-0.539527,0.128459,0.822136,74.5248
lightbox/images/img001145.jpg,lightbox,3,02411,3,04374,-0.444513,-0.444513,-0.210559,0.748653,38.3301
lightbox/images/img001148.jpg,lightbox,2,07674,2,47221,-0.33667,-0.0776931,0.828726,0.440261,58.9771
lightbox/images/img001150.jpg,lightbox,1,22163,2,12624,0.0260378,-0.0781133,0.833209,-0.546793,108.437
lightbox/images/img001154.jpg,lightbox,3,01461,3,03311,-0.0221676,-0.155173,-0.687194,0.709362,65.4197
lightbox/images/img001155.jpg,lightbox,3,65234,2,65105,-0.133109,0.0266217,0.851896,0.505813,68.6295
lightbox/images/img001159.jpg,lightbox,1,12266,3,21124,-0.158968,0.113548,-0.658581,0.72671,140.921
lightbox/images/img001176.jpg,lightbox,2,20730,2,20374,-0.407029,0.278493,0.685522,-0.535564,6.18999
lightbox/images/img001184.jpg,lightbox,2,07465,2,24117,-0.440261,0.0776931,0.828726,-0.33667,58.7588
lightbox/images/img001187.jpg,lightbox,3,57116,3,50765,0.264389,-0.456673,0.360531,0.769133,44.1083
lightbox/images/img001196.jpg,lightbox,1,71714,1,71563,0.608164,0.720787,0.157672,0.29282,8.87608
lightbox/images/img001199.jpg,lightbox,1,07763,1,43122,-0.205971,0.941584,-0.26482,0.0294245,32.0074
lightbox/images/img001201.jpg,lightbox,1,20502,2,42241,-0.658581,-0.158968,0.72671,0.113548,156.646
lightbox/images/img001209.jpg,lightbox,2,54676,2,64115,-0.415376,0.0244339,0.781884,0.464244,81.2026
lightbox/images/img001216.jpg,lightbox,1,12522,2,12543,0.268773,-0.317641,0.781884,-0.464244,167.275
lightbox/images/img001220.jpg,lightbox,3,77455,3,45327,-0.121303,-0.412432,0.460953,0.776342,112.869
lightbox/images/img001234.jpg,lightbox,2,42677,2,40175,-0.371768,-0.590455,0.699798,0.153081,74.8325
lightbox/images/img001236.jpg,lightbox,0,14207,0,60225,0.707972,-0.641599,0.287613,0.0663723,140.773
lightbox/images/img001246.jpg,lightbox,1,07473,1,16621,0.0908257,0.968808,-0.0908257,-0.211927,46.4957
lightbox/images/img001253.jpg,lightbox,2,05552,2,14405,0.0667657,-0.689912,0.712167,-0.111276,15.8978
lightbox/images/img001255.jpg,lightbox,2,71225,2,71033,0.574462,0.174836,0.799251,0.0249766,22.3788
lightbox/images/img001264.jpg,lightbox,2,27665,1,05520,-0.162703,0.743784,-0.627568,-0.162703,170.717
lightbox/images/img001268.jpg,lightbox,1,64577,1,61044,-0.416185,0.887862,0.0277457,0.19422,60.4196
lightbox/images/img001280.jpg,lightbox,1,36524,1,72410,0.132733,0.849491,0.451292,0.238919,47.3286
lightbox/images/img001287.jpg,lightbox,3,12476,3,12652,0.131991,-0.131991,-0.501565,0.844742,13.4284
lightbox/images/img001288.jpg,lightbox,3,45712,1,24444,-0.695445,0.717879,0.0224337,-0.0224337,146.007
lightbox/images/img001295.jpg,lightbox,1,77157,1,74147,0.268133,0.780024,0.0731272,0.560642,55.2548
lightbox/images/img001299.jpg,lightbox,0,66244,0,60770,0.770916,-0.457732,0.313185,0.313185,32.752
lightbox/images/img001308.jpg,lightbox,2,07526,2,07432,-0.308062,-0.25205,0.896179,-0.196039,12.1861
lightbox/images/img001314.jpg,lightbox,0,57275,1,70755,0.380387,0.811493,0.228232,0.380387,61.3051
lightbox/images/img001319.jpg,lightbox,1,43373,1,43713,-0.0297351,0.951522,-0.148675,0.267615,18.1126
lightbox/images/img001323.jpg,lightbox,1,26444,1,02737,-0.405798,0.763856,-0.0238705,-0.50128,78.3409
lightbox/images/img001331.jpg,lightbox,2,62342,2,26714,-0.421184,0.554189,0.709362,-0.110838,26.3259
lightbox/images/img001344.jpg,lightbox,0,72010,0,70077,0.935129,0.204559,0.204559,0.204559,36.5534
lightbox/images/img001350.jpg,lightbox,2,02653,2,04116,-0.388241,-0.592578,0.653879,-0.265638,64.2272
lightbox/images/img001355.jpg,lightbox,3,25754,3,25742,-0.20182,0.317146,-0.0864945,0.922608,13.6274
lightbox/images/img001365.jpg,lightbox,0,42042,1,24046,-0.680538,0.702491,0.0658586,-0.197576,25.8747
lightbox/images/img001366.jpg,lightbox,0,76122,0,72063,0.80327,0.0753066,0.57735,0.125511,35.5689
lightbox/images/img001371.jpg,lightbox,2,12651,2,07510,-0.0829819,-0.41491,0.88514,-0.193624,52.0928
lightbox/images/img001379.jpg,lightbox,0,77514,1,75064,0.393438,0.74059,0.115717,0.532299,40.556
lightbox/images/img001382.jpg,lightbox,3,16561,1,41771,-0.0253592,0.811493,-0.481824,0.329669,171.73
lightbox/images/img001387.jpg,lightbox,0,65727,2,25563,-0.150278,0.21039,0.961781,-0.090167,166.609
lightbox/images/img001396.jpg,lightbox,3,16054,0,50625,0.822136,0.0770752,-0.488143,0.282609,129.5
lightbox/images/img001400.jpg,lightbox,3,43711,0,53250,0.8157,0.535303,-0.178434,0.127453,175.156
lightbox/images/img001414.jpg,lightbox,2,24640,2,60025,-0.665481,0.114738,0.734324,0.0688428,18.1831
lightbox/images/img001419.jpg,lightbox,0,56126,0,56104,0.778177,0.218862,-0.36477,0.462042,18.7316
lightbox/images/img001432.jpg,lightbox,1,31224,0,15257,0.702491,0.504916,-0.46101,-0.197576,110.387
lightbox/images/img001435.jpg,lightbox,3,47221,3,47123,-0.132733,-0.238919,0.451292,0.849491,30.1631
lightbox/images/img001436.jpg,lightbox,2,25752,2,25774,-0.0864945,0.374809,0.922608,-0.0288315,9.55262
lightbox/images/img001440.jpg,lightbox,3,66006,0,05276,0.822136,-0.282609,-0.43676,-0.231226,52.0541
lightbox/images/img001450.jpg,lightbox,1,17620,2,07617,-0.26482,-0.147122,0.941584,-0.147122,147.425
lightbox/images/img001472.jpg,lightbox,3,32533,3,33226,0.304593,0.555434,-0.5196,0.573351,13.2329
lightbox/images/img001474.jpg,lightbox,1,71141,3,53320,0.613786,-0.0736543,0.0245514,0.785646,130.657
lightbox/images/img001482.jpg,lightbox,2,42334,2,60117,-0.465972,0.0822304,0.877124,0.0822304,20.4287
lightbox/images/img001485.jpg,lightbox,0,61745,0,61630,0.856767,-0.294514,0.348062,0.240966,29.5558
lightbox/images/img001493.jpg,lightbox,0,25523,0,25563,0.961781,-0.150278,0.21039,-0.090167,12.1557
lightbox/images/img001496.jpg,lightbox,2,12236,0,70174,0.899004,0.36522,0.140469,0.196657,172.966
lightbox/images/img001500.jpg,lightbox,0,56754,1,60515,-0.448769,0.844742,0.0263982,0.29038,165.233
lightbox/images/img001506.jpg,lightbox,2,30427,1,35004,0.441447,0.830959,0.0259675,-0.337577,135.307
lightbox/images/img001520.jpg,lightbox,3,14045,0,26454,0.707972,-0.597351,0.37611,-0.0221241,137.643
lightbox/images/img001526.jpg,lightbox,2,64503,2,05523,-0.120456,-0.602279,0.770916,-0.168638,125.448
lightbox/images/img001532.jpg,lightbox,0,13542,3,03333,-0.0224337,-0.0224337,-0.695445,0.717879,166.899
lightbox/images/img001542.jpg,lightbox,0,14722,1,12523,0.262575,0.763856,-0.214834,-0.549021,107.438
lightbox/images/img001557.jpg,lightbox,2,32016,2,51332,0.624704,-0.366206,0.689329,0.0215415,134.872
lightbox/images/img001559.jpg,lightbox,1,35101,1,17072,0.514341,0.783758,-0.220432,-0.269417,30.776
lightbox/images/img001567.jpg,lightbox,1,53040,1,51242,0.403052,0.758686,-0.497888,0.118545,15.6707
lightbox/images/img001571.jpg,lightbox,0,63334,1,63455,-0.223676,0.795292,0.422499,0.372793,170.401
lightbox/images/img001588.jpg,lightbox,1,76356,3,12275,0.169426,-0.0726113,-0.605095,0.774521,176.962
lightbox/images/img001599.jpg,lightbox,0,15370,0,15057,0.643224,0.462317,-0.582922,-0.180907,25.0324
lightbox/images/img001603.jpg,lightbox,1,61764,1,60355,-0.447523,0.842397,0.236924,0.184274,41.1472
lightbox/images/img001608.jpg,lightbox,1,25675,1,61306,-0.20182,0.922608,0.317146,0.0864945,18.4914
lightbox/images/img001620.jpg,lightbox,2,61600,2,61412,-0.313011,0.0853666,0.910577,0.2561,20.0206
lightbox/images/img001624.jpg,lightbox,3,12675,3,16364,0.260351,-0.0867835,-0.260351,0.925691,25.6393
lightbox/images/img001625.jpg,lightbox,2,71467,2,15253,0.500118,-0.45663,0.695817,-0.239187,104.769
lightbox/images/img001626.jpg,lightbox,3,72032,3,72004,0.0274929,0.467379,0.0824786,0.879772,21.0447
lightbox/images/img001632.jpg,lightbox,2,43736,1,41366,-0.186352,0.851896,-0.45257,0.186352,134.601
lightbox/images/img001635.jpg,lightbox,0,61224,1,16053,0.189605,0.866766,-0.352124,-0.297951,141.364
lightbox/images/img001642.jpg,lightbox,1,36702,1,16632,0.150824,0.965275,-0.0301648,-0.211154,81.8626
lightbox/images/img001654.jpg,lightbox,3,02475,1,60631,-0.57369,0.734324,0.298319,0.206529,160.854
lightbox/images/img001662.jpg,lightbox,2,16070,2,43511,-0.0274101,-0.411152,0.877124,0.246691,70.2241
lightbox/images/img001664.jpg,lightbox,3,33656,0,34603,0.922608,0.0864945,0.317146,-0.20182,157.458
lightbox/images/img001675.jpg,lightbox,2,56673,2,56427,0.0698809,-0.209643,0.745396,0.628928,23.7752
lightbox/images/img001682.jpg,lightbox,3,56427,3,47573,-0.022663,-0.203967,0.657226,0.725215,11.4246
lightbox/images/img001684.jpg,lightbox,3,50303,2,44336,-0.421184,-0.376848,0.709362,0.421184,129.211
lightbox/images/img001687.jpg,lightbox,2,71235,2,71023,0.501565,0.184787,0.844742,0.0263982,20.5539
lightbox/images/img001688.jpg,lightbox,3,70526,1,14563,0.260798,0.758686,-0.592723,-0.0711268,177.698
lightbox/images/img001713.jpg,lightbox,1,54314,0,34755,0.877124,0.411152,0.246691,-0.0274101,135.448
lightbox/images/img001721.jpg,lightbox,2,75457,2,70745,0.288775,0.23627,0.840072,0.393784,44.6553
lightbox/images/img001726.jpg,lightbox,1,05244,1,60700,-0.555387,0.772712,0.217325,0.217325,105.566
lightbox/images/img001731.jpg,lightbox,2,70234,2,16770,0.373569,-0.0862083,0.919555,-0.0862083,61.4224
lightbox/images/img001733.jpg,lightbox,3,53002,2,07555,-0.028273,-0.424094,0.904735,-0.028273,164.402
lightbox/images/img001734.jpg,lightbox,2,03720,2,07521,-0.143208,-0.315058,0.916533,-0.200492,52.5342
lightbox/images/img001735.jpg,lightbox,1,25460,1,05763,-0.136234,0.871899,-0.463196,-0.0817405,76.0614
lightbox/images/img001751.jpg,lightbox,0,65310,0,61560,0.899004,-0.196657,0.140469,0.36522,20.6332
lightbox/images/img001771.jpg,lightbox,2,07172,2,07515,-0.0280056,-0.420084,0.896179,-0.140028,29.6549
lightbox/images/img001781.jpg,lightbox,1,73315,2,35420,0.456468,0.134255,0.859235,-0.187958,79.8381
lightbox/images/img001784.jpg,lightbox,2,12375,2,02337,-0.366206,-0.0215415,0.689329,-0.624704,83.3657
lightbox/images/img001792.jpg,lightbox,0,16203,1,61726,-0.185826,0.849491,0.398199,0.292013,149.187
lightbox/images/img001800.jpg,lightbox,0,25726,3,27143,-0.127786,0.485586,-0.281129,0.817829,130.594
lightbox/images/img001812.jpg,lightbox,3,15703,1,45120,-0.153081,0.699798,-0.590455,0.371768,172.615
lightbox/images/img001813.jpg,lightbox,1,47310,2,05735,-0.0266217,-0.505813,0.851896,-0.133109,101.059
lightbox/images/img001817.jpg,lightbox,1,35034,1,30574,0.334878,0.824315,0.128799,-0.437917,22.0568
lightbox/images/img001828.jpg,lightbox,0,50135,2,13027,0.395576,-0.187378,0.666233,-0.603774,151.933
lightbox/images/img001831.jpg,lightbox,3,17132,0,43145,0.879772,-0.137464,-0.412393,0.19245,65.8526
lightbox/images/img001837.jpg,lightbox,3,16710,3,16523,0.308062,-0.25205,-0.196039,0.896179,10.3363
lightbox/images/img001839.jpg,lightbox,1,22574,1,15065,0.405542,0.683019,-0.576297,-0.192099,165.581
lightbox/images/img001869.jpg,lightbox,2,52715,2,52563,0.294514,-0.240966,0.856767,0.348062,14.0194
lightbox/images/img001875.jpg,lightbox,1,62252,1,60265,-0.635409,0.701141,0.284839,0.153375,32.7422
lightbox/images/img001876.jpg,lightbox,0,74555,1,71061,0.501565,0.844742,0.131991,0.131991,93.0196
lightbox/images/img001884.jpg,lightbox,1,45174,2,15563,0.552634,-0.511698,0.654974,-0.0614038,77.9006
lightbox/images/img001886.jpg,lightbox,0,32457,0,34263,0.861723,0.0807866,0.403933,-0.296217,20.9126
lightbox/images/img001887.jpg,lightbox,1,71750,1,71404,0.448769,0.844742,0.0263982,0.29038,36.1306
lightbox/images/img001889.jpg,lightbox,3,52611,3,52431,0.196039,-0.308062,0.25205,0.896179,11.6412
lightbox/images/img001893.jpg,lightbox,1,54375,1,50770,0.313185,0.770916,-0.457732,0.313185,25.5394
lightbox/images/img001908.jpg,lightbox,1,03705,1,42172,-0.492056,0.828726,-0.233079,0.129488,89.2173
lightbox/images/img001937.jpg,lightbox,0,77552,1,74774,0.269723,0.663935,0.269723,0.643187,42.7891
lightbox/images/img001948.jpg,lightbox,3,42312,3,42715,-0.441447,-0.181772,0.285642,0.830959,29.7488
lightbox/images/img001957.jpg,lightbox,3,52036,2,52403,0.0837545,-0.362936,0.893381,0.251263,132.405
lightbox/images/img001958.jpg,lightbox,3,76073,2,72647,0.0673011,0.60571,0.717879,0.336506,52.8625
lightbox/images/img001976.jpg,lightbox,2,31177,3,32607,0.0639167,0.57525,-0.447417,0.681778,119.809
lightbox/images/img001984.jpg,lightbox,3,66615,2,60106,-0.580283,0.0756891,0.80735,0.0756891,85.7563
lightbox/images/img001987.jpg,lightbox,1,46315,1,46235,-0.55638,0.712167,-0.0667657,0.422849,24.2308
lightbox/images/img001991.jpg,lightbox,1,56207,1,54221,0.0731272,0.780024,-0.463139,0.414388,41.1946
lightbox/images/img002000.jpg,lightbox,2,71734,2,17624,0.463196,-0.0817405,0.871899,-0.136234,66.5772
lightbox/images/img002017.jpg,lightbox,2,56314,1,60416,-0.622212,0.737437,0.0691347,0.253494,160.455
lightbox/images/img002018.jpg,lightbox,1,74200,1,47142,-0.17063,0.780024,-0.316885,0.511891,69.4219
lightbox/images/img002019.jpg,lightbox,1,30532,1,30553,0.372793,0.795292,0.0745586,-0.472205,16.5752
lightbox/images/img002025.jpg,lightbox,1,22557,1,21636,-0.258484,0.751953,0.352478,-0.493469,21.9265
lightbox/images/img002032.jpg,lightbox,0,66303,0,02765,0.762121,-0.500142,-0.0714488,-0.404877,115.475
lightbox/images/img002034.jpg,lightbox,0,41074,0,41444,0.648486,-0.303978,-0.628221,0.303978,19.4696
lightbox/images/img002035.jpg,lightbox,0,72000,0,72001,0.879772,0.0824786,0.467379,0.0274929,5.01973
lightbox/images/img002036.jpg,lightbox,1,44600,2,22457,-0.521399,0.396264,0.667391,-0.354552,169.452
lightbox/images/img002050.jpg,lightbox,1,25147,1,21447,-0.33667,0.828726,0.0776931,-0.440261,33.1225
lightbox/images/img002058.jpg,lightbox,2,55245,2,56015,0.17186,-0.368271,0.785646,0.466477,28.8335
lightbox/images/img002065.jpg,lightbox,3,37654,3,71702,0.581081,0.255676,0.209189,0.743784,47.2262
lightbox/images/img002067.jpg,lightbox,0,74322,0,70643,0.879772,0.0824786,0.302422,0.357407,21.3458
lightbox/images/img002070.jpg,lightbox,2,26402,1,40177,-0.381373,0.717879,-0.560843,0.157036,165.81
lightbox/images/img002071.jpg,lightbox,0,03571,2,72101,0.29038,0.448769,0.844742,0.0263982,177.697
lightbox/images/img002076.jpg,lightbox,0,46225,1,01737,-0.0238705,0.763856,-0.405798,-0.50128,96.2542
lightbox/images/img002082.jpg,lightbox,2,02107,2,02337,-0.366206,-0.0215415,0.689329,-0.624704,27.3811
lightbox/images/img002083.jpg,lightbox,2,35472,2,71103,0.643039,0.0714488,0.762121,0.0238163,22.3061
lightbox/images/img002089.jpg,lightbox,0,53174,2,03267,-0.304808,-0.0234468,0.750298,-0.58617,119.889
lightbox/images/img002102.jpg,lightbox,3,03172,1,01747,-0.118545,0.758686,-0.497888,-0.403052,164.455
lightbox/images/img002105.jpg,lightbox,3,56400,2,54035,0.150512,-0.580544,0.688053,0.408531,48.5308
lightbox/images/img002111.jpg,lightbox,2,50550,1,60575,-0.430001,0.809414,0.126471,0.379413,128.094
lightbox/images/img002114.jpg,lightbox,1,12746,1,12740,0.231226,0.822136,-0.179842,-0.488143,9.64885
lightbox/images/img002117.jpg,lightbox,2,06574,2,06513,-0.434472,-0.332243,0.817829,-0.1789,17.2196
lightbox/images/img002121.jpg,lightbox,2,21254,2,17056,0.507093,-0.313914,0.772712,-0.217325,121.508
lightbox/images/img002130.jpg,lightbox,0,66201,1,60144,-0.574462,0.799251,0.0249766,0.174836,87.9412
lightbox/images/img002135.jpg,lightbox,1,11663,1,16613,0.206689,0.944862,-0.147635,-0.206689,51.7646
lightbox/images/img002136.jpg,lightbox,1,34256,1,34274,0.138728,0.887862,0.360694,-0.249711,8.12188
lightbox/images/img002138.jpg,lightbox,2,56007,2,56013,0.1789,-0.332243,0.817829,0.434472,10.493
lightbox/images/img002146.jpg,lightbox,2,34507,2,16367,0.314029,-0.0285481,0.91354,-0.256933,16.4705
lightbox/images/img002149.jpg,lightbox,2,47072,2,46216,-0.583792,-0.10811,0.691902,0.410817,40.1667
lightbox/images/img002154.jpg,lightbox,1,07643,1,56004,0.0249145,0.797264,-0.373718,0.473376,84.452
lightbox/images/img002163.jpg,lightbox,2,70155,2,16517,0.394874,-0.342224,0.842397,-0.131625,55.7473
lightbox/images/img002164.jpg,lightbox,2,15463,2,70516,0.357407,0.0824786,0.879772,0.302422,89.7402
lightbox/images/img002165.jpg,lightbox,0,06347,0,06733,0.866766,-0.46047,-0.0270864,-0.189605,13.5983
lightbox/images/img002170.jpg,lightbox,2,16154,1,52427,0.0853666,0.910577,-0.2561,0.313011,105.802
lightbox/images/img002171.jpg,lightbox,3,74174,2,56013,0.1789,-0.332243,0.817829,0.434472,72.6612
lightbox/images/img002175.jpg,lightbox,1,12775,1,16261,0.0879694,0.93834,-0.0879694,-0.322554,38.7219
lightbox/images/img002176.jpg,lightbox,0,06422,1,65423,-0.300865,0.74059,0.162004,0.578586,69.0129
lightbox/images/img002178.jpg,lightbox,0,61573,0,61630,0.856767,-0.294514,0.348062,0.240966,39.1109
lightbox/images/img002179.jpg,lightbox,2,51242,2,50700,0.217325,-0.555387,0.772712,0.217325,27.0774
lightbox/images/img002181.jpg,lightbox,0,16222,0,07276,0.91354,-0.314029,-0.0285481,-0.256933,45.8308
lightbox/images/img002183.jpg,lightbox,3,37526,1,71561,0.6119,0.725215,0.113315,0.294619,57.7904
lightbox/images/img002215.jpg,lightbox,3,34466,0,05747,0.828726,-0.129488,-0.543852,-0.0258977,176.959
lightbox/images/img002238.jpg,lightbox,2,35700,2,70117,0.421408,0.0842816,0.899004,0.0842816,41.5369
lightbox/images/img002241.jpg,lightbox,0,66514,0,07665,0.922608,-0.374809,-0.0864945,-0.0288315,90.9874
lightbox/images/img002245.jpg,lightbox,0,25177,0,34354,0.869321,0.353162,0.244497,-0.244497,43.8366
lightbox/images/img002250.jpg,lightbox,2,50235,2,52005,0.0842816,-0.421408,0.899004,0.0842816,14.4294
lightbox/images/img002256.jpg,lightbox,1,42173,1,07411,-0.24236,0.861723,-0.403933,-0.188502,46.8502
lightbox/images/img002257.jpg,lightbox,0,75452,1,74143,0.275431,0.801253,0.0751175,0.525822,61.2453
lightbox/images/img002262.jpg,lightbox,1,06154,1,07606,-0.416185,0.887862,-0.138728,-0.138728,29.9802
lightbox/images/img002298.jpg,lightbox,0,12570,1,34054,0.148675,0.951522,0.0297351,-0.267615,113.859
lightbox/images/img002310.jpg,lightbox,1,10347,1,14423,0.0726113,0.774521,-0.605095,-0.169426,52.4833
lightbox/images/img002313.jpg,lightbox,0,21164,0,70203,0.941584,0.0882735,0.323669,0.0294245,83.8549
lightbox/images/img002320.jpg,lightbox,1,61557,1,41412,-0.241948,0.703849,-0.637864,0.197958,94.6645
lightbox/images/img002330.jpg,lightbox,3,06774,1,61344,-0.20182,0.922608,0.259483,0.20182,155.524
lightbox/images/img002333.jpg,lightbox,0,72705,2,72424,0.0251022,0.527146,0.80327,0.276124,95.0536
lightbox/images/img002344.jpg,lightbox,1,63054,1,61471,-0.249711,0.887862,0.138728,0.360694,42.6869
lightbox/images/img002353.jpg,lightbox,3,57453,2,50255,0.172276,-0.566049,0.787547,0.172276,77.0319
lightbox/images/img002368.jpg,lightbox,1,47205,1,42375,-0.459124,0.864234,-0.0810219,0.189051,37.6312
lightbox/images/img002370.jpg,lightbox,2,52463,1,16644,0.0304997,0.975991,-0.213498,-0.0304997,125.721
lightbox/images/img002390.jpg,lightbox,0,16035,2,70004,0.0310835,0.0310835,0.994672,0.0932505,146.443
lightbox/images/img002394.jpg,lightbox,3,52442,3,57022,0.414388,-0.219382,0.414388,0.780024,46.1663
lightbox/images/img002396.jpg,lightbox,2,17267,2,12537,0.356436,-0.213862,0.760398,-0.499011,38.7873
lightbox/images/img002397.jpg,lightbox,3,06044,1,14526,0.214834,0.763856,-0.596762,-0.119352,140.632
lightbox/images/img002411.jpg,lightbox,0,75026,2,45365,-0.113548,-0.431484,0.72671,0.522323,168.557
lightbox/images/img002415.jpg,lightbox,3,43377,3,60131,-0.464578,0.136641,0.0273281,0.8745,57.1453
lightbox/images/img002417.jpg,lightbox,2,25051,2,13266,0.386065,-0.0227097,0.72671,-0.567742,83.861
lightbox/images/img002421.jpg,lightbox,0,60261,1,60160,-0.574462,0.799251,0.124883,0.124883,60.5252
lightbox/images/img002422.jpg,lightbox,3,53647,1,55220,0.383697,0.722254,-0.428838,0.383697,153.789
lightbox/images/img002430.jpg,lightbox,3,36612,0,36740,0.767362,0.215821,0.599501,-0.0719402,173.528
lightbox/images/img002444.jpg,lightbox,3,12744,1,52417,0.189605,0.866766,-0.352124,0.297951,142.809
lightbox/images/img002447.jpg,lightbox,3,62361,3,07547,-0.143208,-0.372342,-0.0286417,0.916533,125.862
lightbox/images/img002452.jpg,lightbox,1,25767,1,05527,-0.121303,0.776342,-0.606517,-0.121303,123.314
lightbox/images/img002454.jpg,lightbox,0,21257,0,70241,0.948174,0.0888913,0.266674,0.148152,97.0681
lightbox/images/img002468.jpg,lightbox,3,51212,3,43141,-0.138728,-0.416185,0.138728,0.887862,75.5967
lightbox/images/img002477.jpg,lightbox,1,34236,1,34216,0.136641,0.8745,0.300609,-0.355266,10.755
lightbox/images/img002505.jpg,lightbox,0,71332,1,71330,0.642859,0.709362,0.288178,0.0221676,11.2754
lightbox/images/img002507.jpg,lightbox,0,72226,1,17647,0.505813,0.851896,-0.133109,-0.0266217,145.244
lightbox/images/img002509.jpg,lightbox,3,46574,0,42667,0.699798,-0.634192,-0.0218687,0.328031,171.92
lightbox/images/img002516.jpg,lightbox,3,25424,1,25601,-0.357407,0.879772,0.247436,-0.19245,170.81
lightbox/images/img002517.jpg,lightbox,1,14725,1,16016,0.134255,0.859235,-0.349064,-0.349064,33.7182
lightbox/images/img002526.jpg,lightbox,0,01437,2,03706,-0.178434,-0.127453,0.8157,-0.535303,143.714
lightbox/images/img002542.jpg,lightbox,2,07004,2,07075,-0.248946,-0.304267,0.88514,-0.248946,23.1208
lightbox/images/img002547.jpg,lightbox,3,70720,1,70744,0.239596,0.851896,0.239596,0.399326,77.9129
lightbox/images/img002550.jpg,lightbox,1,14704,1,14727,0.287982,0.837765,-0.445063,-0.130901,16.8047
lightbox/images/img002560.jpg,lightbox,3,24456,3,06277,-0.600885,-0.0240354,-0.216319,0.769133,27.8765
lightbox/images/img002572.jpg,lightbox,2,32341,0,06363,0.80327,-0.527146,-0.0251022,-0.276124,174.34
lightbox/images/img002591.jpg,lightbox,0,67767,0,56165,0.755297,0.259633,-0.259633,0.54287,111.403
lightbox/images/img002600.jpg,lightbox,0,63511,2,70607,0.0840168,0.308062,0.896179,0.308062,114.857
lightbox/images/img002603.jpg,lightbox,0,31742,0,07333,0.904735,-0.028273,-0.028273,-0.424094,78.4397
lightbox/images/img002607.jpg,lightbox,0,42103,2,21435,-0.227067,0.126148,0.80735,-0.529823,118.996
lightbox/images/img002610.jpg,lightbox,0,46205,2,05615,-0.220963,-0.564683,0.785646,-0.122757,178.16
lightbox/images/img002612.jpg,lightbox,0,71021,0,30764,0.809414,0.227648,0.328824,-0.430001,65.3585
lightbox/images/img002626.jpg,lightbox,1,35215,1,31074,0.45663,0.695817,0.108721,-0.543607,29.492
lightbox/images/img002649.jpg,lightbox,0,10267,0,15036,0.673274,0.441836,-0.525995,-0.273518,54.3869
lightbox/images/img002654.jpg,lightbox,2,07235,1,07551,-0.028183,0.901856,-0.422745,-0.084549,130.417
lightbox/images/img002656.jpg,lightbox,0,03334,1,27706,-0.163768,0.748653,0.631676,-0.116977,167.412
lightbox/images/img002660.jpg,lightbox,0,30233,0,50046,0.73125,0.0228515,-0.662695,0.159961,159.635
lightbox/images/img002663.jpg,lightbox,1,70343,1,70601,0.0867835,0.925691,0.260351,0.260351,32.1102
lightbox/images/img002666.jpg,lightbox,0,11634,0,45133,0.72671,-0.0227097,-0.567742,0.386065,115.213
lightbox/images/img002669.jpg,lightbox,0,63154,0,61221,0.866766,-0.352124,0.352124,0.0270864,38.1615
lightbox/images/img002686.jpg,lightbox,3,62424,0,60365,0.780024,-0.511891,0.316885,0.17063,115.757
lightbox/images/img002695.jpg,lightbox,1,02122,0,06774,0.856767,-0.508706,-0.0803219,-0.026774,93.7477
lightbox/images/img002696.jpg,lightbox,3,71220,1,61715,-0.0285481,0.91354,0.256933,0.314029,112.375
lightbox/images/img002700.jpg,lightbox,0,25144,0,07274,0.910577,-0.313011,-0.0853666,-0.2561,17.386
lightbox/images/img002702.jpg,lightbox,3,63400,0,64333,0.748653,-0.397722,0.350931,0.397722,174.707
lightbox/images/img002705.jpg,lightbox,2,02075,3,02136,-0.395576,-0.187378,-0.603774,0.666233,122.405
lightbox/images/img002733.jpg,lightbox,1,41552,1,17643,0.504385,0.849491,-0.132733,-0.0796398,100.801
lightbox/images/img002734.jpg,lightbox,2,77371,2,13724,0.545675,-0.065481,0.698464,-0.458367,120.721
lightbox/images/img002749.jpg,lightbox,0,34061,1,61253,-0.254457,0.904735,0.311003,0.141365,163.317
lightbox/images/img002758.jpg,lightbox,3,56530,3,65425,-0.294619,0.113315,0.6119,0.725215,79.5727
lightbox/images/img002760.jpg,lightbox,1,10457,1,10047,0.060012,0.640128,-0.580116,-0.5001,19.2389
lightbox/images/img002768.jpg,lightbox,0,20161,0,17607,0.844742,0.501565,-0.131991,-0.131991,130.786
lightbox/images/img002770.jpg,lightbox,0,00034,0,60607,0.697136,-0.63178,0.239641,0.239641,127.161
lightbox/images/img002801.jpg,lightbox,0,61715,2,61700,-0.199189,0.2561,0.910577,0.2561,166.882
lightbox/images/img002803.jpg,lightbox,2,71260,2,74123,0.285642,0.181772,0.830959,0.441447,46.6138
lightbox/images/img002805.jpg,lightbox,1,16355,1,17641,0.500173,0.842397,-0.184274,-0.0789747,24.2282
lightbox/images/img002808.jpg,lightbox,3,02633,3,06333,-0.433341,-0.0254906,-0.38236,0.8157,22.664
lightbox/images/img002828.jpg,lightbox,2,22630,2,42425,-0.63178,-0.239641,0.697136,0.239641,123.8
lightbox/images/img002831.jpg,lightbox,3,21740,0,30744,0.833209,0.23434,0.23434,-0.442642,113.595
lightbox/images/img002832.jpg,lightbox,2,25430,2,25151,-0.0295269,0.0295269,0.944862,-0.324796,37.3341
lightbox/images/img002839.jpg,lightbox,1,36214,1,16707,0.318206,0.925691,-0.144639,-0.144639,94.3143
lightbox/images/img002841.jpg,lightbox,3,46135,3,44371,-0.369653,-0.413141,0.45663,0.695817,19.8678
lightbox/images/img002843.jpg,lightbox,0,05227,0,01631,0.716438,-0.201498,-0.425385,-0.51494,30.7756
lightbox/images/img002852.jpg,lightbox,1,63417,1,63430,-0.269417,0.783758,0.514341,0.220432,9.17133
lightbox/images/img002858.jpg,lightbox,2,43547,2,43245,-0.36181,-0.194821,0.890609,0.194821,38.6199
lightbox/images/img002868.jpg,lightbox,0,20732,2,22437,-0.488509,0.449428,0.625291,-0.410347,167.048
lightbox/images/img002869.jpg,lightbox,3,07365,1,41701,-0.122757,0.785646,-0.564683,0.220963,140.665
lightbox/images/img002879.jpg,lightbox,1,54776,0,34763,0.861723,0.296217,0.403933,-0.0807866,151.866
lightbox/images/img002885.jpg,lightbox,0,11141,2,24421,-0.658581,0.113548,0.72671,-0.158968,104.864
lightbox/images/img002917.jpg,lightbox,2,72334,2,17660,0.465972,-0.0822304,0.877124,-0.0822304,94.0036
lightbox/images/img002918.jpg,lightbox,1,42665,1,42264,-0.685847,0.707972,-0.0663723,0.154869,21.0954
lightbox/images/img002932.jpg,lightbox,1,66220,2,65005,-0.329669,0.0253592,0.811493,0.481824,78.4914
lightbox/images/img002960.jpg,lightbox,2,26717,0,26236,0.595974,-0.502853,0.57735,-0.242115,168.412
lightbox/images/img002963.jpg,lightbox,0,02522,0,02354,0.705215,-0.418722,-0.154266,-0.55095,11.386
lightbox/images/img002976.jpg,lightbox,0,22364,0,72424,0.80327,0.0251022,0.527146,0.276124,103.841
lightbox/images/img002978.jpg,lightbox,2,36135,2,33404,0.37611,0.37611,0.707972,-0.464606,20.8091
lightbox/images/img002980.jpg,lightbox,2,07467,2,43224,-0.421408,-0.0842816,0.899004,0.0842816,27.7023
lightbox/images/img002988.jpg,lightbox,1,43036,1,43754,-0.0829819,0.88514,-0.193624,0.41491,46.3841
lightbox/images/img002996.jpg,lightbox,0,67410,0,65265,0.735875,-0.298949,0.298949,0.52891,12.2061
lightbox/images/img002999.jpg,lightbox,3,73030,3,32740,0.196818,0.546718,-0.415505,0.699798,63.0357
lightbox/images/img003010.jpg,lightbox,0,25317,0,24354,0.813589,-0.483068,0.228822,-0.228822,55.8939
lightbox/images/img003030.jpg,lightbox,2,65367,2,61765,-0.131625,0.342224,0.842397,0.394874,20.562
lightbox/images/img003033.jpg,lightbox,0,07752,0,47363,0.828726,-0.129488,-0.0258977,0.543852,76.3878
lightbox/images/img003038.jpg,lightbox,3,13621,3,13226,0.366206,-0.0215415,-0.624704,0.689329,18.1684
lightbox/images/img003043.jpg,lightbox,2,35047,1,56204,0.0263982,0.844742,-0.184787,0.501565,157.866
lightbox/images/img003052.jpg,lightbox,0,02766,0,62331,0.689329,-0.366206,0.624704,0.0215415,91.5103
lightbox/images/img003062.jpg,lightbox,1,11202,2,12454,0.126471,-0.379413,0.809414,-0.430001,152.006
lightbox/images/img003063.jpg,lightbox,3,42604,1,16655,0.208885,0.954905,-0.208885,-0.0298408,137.775
lightbox/images/img003081.jpg,lightbox,2,41531,2,16445,0.084549,-0.422745,0.901856,-0.028183,44.3718
lightbox/images/img003090.jpg,lightbox,3,70672,3,70740,0.244497,0.244497,0.353162,0.869321,20.7897
lightbox/images/img003094.jpg,lightbox,0,55230,0,07335,0.922608,-0.0288315,-0.0864945,-0.374809,117.71
lightbox/images/img003096.jpg,lightbox,0,16420,1,16065,0.0853666,0.910577,-0.313011,-0.2561,152.411
lightbox/images/img003106.jpg,lightbox,1,07743,1,43162,-0.203864,0.931951,-0.262111,0.145617,31.3414
lightbox/images/img003113.jpg,lightbox,0,17625,2,16015,0.182761,-0.39163,0.835478,-0.339413,171.027
lightbox/images/img003114.jpg,lightbox,0,12625,1,60531,-0.451292,0.849491,0.132733,0.238919,124.532
lightbox/images/img003119.jpg,lightbox,2,70534,2,76007,0.0716115,0.453539,0.763856,0.453539,53.8344
lightbox/images/img003129.jpg,lightbox,0,44752,1,10054,0.0974047,0.62339,-0.603909,-0.487023,157.613
lightbox/images/img003146.jpg,lightbox,3,71635,3,70703,0.299715,0.299715,0.245222,0.871899,28.8792
lightbox/images/img003153.jpg,lightbox,3,02716,3,07066,-0.399326,-0.239596,-0.239596,0.851896,35.8428
lightbox/images/img003157.jpg,lightbox,2,51610,1,40315,-0.395135,0.743784,-0.534595,0.0697297,47.7352
lightbox/images/img003166.jpg,lightbox,3,07353,0,70054,0.965275,0.150824,0.0301648,0.211154,162.1
lightbox/images/img003174.jpg,lightbox,0,51074,2,00245,-0.527796,-0.418597,0.582396,-0.454997,38.235
lightbox/images/img003177.jpg,lightbox,2,46022,2,42175,-0.441447,-0.285642,0.830959,0.181772,35.8159
lightbox/images/img003181.jpg,lightbox,2,50362,2,52615,0.198547,-0.198547,0.907642,0.312002,35.5678
lightbox/images/img003184.jpg,lightbox,0,06073,0,06366,0.791391,-0.568812,-0.024731,-0.222579,21.4308
lightbox/images/img003186.jpg,lightbox,2,43035,2,43102,-0.198547,-0.368729,0.907642,0.0283638,14.8255
lightbox/images/img003187.jpg,lightbox,0,10045,2,40035,-0.511698,-0.552634,0.654974,0.0614038,76.6072
lightbox/images/img003199.jpg,lightbox,0,07513,0,56205,0.842397,0.0789747,-0.184274,0.500173,89.0598
lightbox/images/img003213.jpg,lightbox,0,13515,1,15065,0.405542,0.683019,-0.576297,-0.192099,49.5531
lightbox/images/img003215.jpg,lightbox,3,15464,3,70704,0.248946,0.248946,0.304267,0.88514,111.609
lightbox/images/img003217.jpg,lightbox,1,60725,1,61427,-0.352124,0.866766,0.189605,0.297951,24.5682
lightbox/images/img003220.jpg,lightbox,0,56702,2,60174,-0.497423,0.130901,0.837765,0.183261,140.896
lightbox/images/img003221.jpg,lightbox,2,46341,0,26040,0.653879,-0.633445,0.347373,-0.224771,170.175
lightbox/images/img003224.jpg,lightbox,1,21671,1,11526,0.479794,0.614137,-0.479794,-0.403027,130.266
lightbox/images/img003228.jpg,lightbox,2,56651,3,56532,0.298319,-0.206529,0.57369,0.734324,26.6684
lightbox/images/img003229.jpg,lightbox,2,27014,2,23544,-0.172276,0.418384,0.787547,-0.418384,16.6751
lightbox/images/img003246.jpg,lightbox,3,21524,1,21447,-0.33667,0.828726,0.0776931,-0.440261,154.758
lightbox/images/img003256.jpg,lightbox,0,52750,1,05575,-0.0238705,0.763856,-0.644503,-0.0238705,138.284
lightbox/images/img003263.jpg,lightbox,0,63064,1,63435,-0.220432,0.783758,0.514341,0.269417,164.843
lightbox/images/img003266.jpg,lightbox,0,63455,0,61632,0.840072,-0.288775,0.393784,0.23627,17.3357
lightbox/images/img003286.jpg,lightbox,1,56645,1,17426,0.451292,0.849491,-0.238919,-0.132733,108.569
lightbox/images/img003298.jpg,lightbox,2,37443,2,53003,0.481824,-0.329669,0.811493,0.0253592,93.5584
lightbox/images/img003301.jpg,lightbox,1,16264,1,16636,0.152499,0.975991,-0.0304997,-0.152499,19.7477
lightbox/images/img003302.jpg,lightbox,1,10466,1,14010,0.105762,0.676879,-0.655727,-0.317287,14.9558
lightbox/images/img003309.jpg,lightbox,0,24766,0,26056,0.683019,-0.576297,0.405542,-0.192099,19.337
lightbox/images/img003313.jpg,lightbox,1,35614,1,31446,0.423547,0.797264,0.0747435,-0.423547,36.9679
lightbox/images/img003317.jpg,lightbox,1,50240,1,41322,-0.189605,0.866766,-0.46047,0.0270864,31.048
lightbox/images/img003338.jpg,lightbox,1,47137,1,43745,-0.137464,0.879772,-0.19245,0.412393,15.3908
lightbox/images/img003361.jpg,lightbox,1,06011,1,60200,-0.681854,0.703849,0.197958,0.0219953,75.8646
lightbox/images/img003364.jpg,lightbox,1,34351,1,34152,0.357407,0.879772,0.0824786,-0.302422,16.2635
lightbox/images/img003366.jpg,lightbox,3,21725,3,21277,-0.203549,0.339248,-0.565414,0.72373,13.8553
lightbox/images/img003374.jpg,lightbox,0,07764,0,07765,0.983336,-0.153646,-0.0921878,-0.0307293,7.30883
lightbox/images/img003385.jpg,lightbox,3,52027,3,52015,0.193624,-0.41491,0.0829819,0.88514,18.1235
lightbox/images/img003389.jpg,lightbox,0,51503,1,51230,0.491304,0.748653,-0.444513,0.0233954,37.9337
lightbox/images/img003392.jpg,lightbox,0,75300,1,65500,-0.169825,0.776342,0.0242607,0.606517,114.643
lightbox/images/img003395.jpg,lightbox,2,71004,1,70615,0.196039,0.896179,0.25205,0.308062,138.49
lightbox/images/img003397.jpg,lightbox,2,03053,2,03773,-0.0268511,-0.0268511,0.859235,-0.510171,41.8292
lightbox/images/img003403.jpg,lightbox,0,54326,0,60065,0.72671,-0.658581,0.113548,0.158968,126.549
lightbox/images/img003425.jpg,lightbox,1,23106,2,20523,-0.464606,0.154869,0.707972,-0.508855,79.9248
lightbox/images/img003426.jpg,lightbox,0,70046,2,61611,-0.252845,0.252845,0.899004,0.252845,170.406
lightbox/images/img003429.jpg,lightbox,1,40624,2,16221,0.0842816,-0.0842816,0.899004,-0.421408,114.427
lightbox/images/img003440.jpg,lightbox,0,36276,2,17244,0.447523,-0.184274,0.842397,-0.236924,49.6306
lightbox/images/img003445.jpg,lightbox,2,07775,2,16634,0.151934,-0.0911606,0.972379,-0.151934,23.2197
lightbox/images/img003449.jpg,lightbox,0,61163,2,63101,-0.136641,0.464578,0.8745,0.0273281,174.473
lightbox/images/img003465.jpg,lightbox,0,35120,1,51461,0.39765,0.669726,-0.565081,0.272076,118.152
lightbox/images/img003469.jpg,lightbox,1,52272,1,70034,0.151934,0.972379,0.151934,0.0911606,20.7402
lightbox/images/img003473.jpg,lightbox,1,04232,1,60465,-0.630584,0.695817,0.108721,0.326164,96.2616
lightbox/images/img003475.jpg,lightbox,2,50064,2,70044,0.0304997,0.0304997,0.975991,0.213498,82.9446
lightbox/images/img003476.jpg,lightbox,1,55624,3,03327,-0.114981,-0.0229961,-0.666887,0.735875,104.6
lightbox/images/img003477.jpg,lightbox,3,61703,1,12643,0.0796398,0.849491,-0.132733,-0.504385,153.655
lightbox/images/img003481.jpg,lightbox,1,20066,3,45143,-0.103562,-0.600657,0.434959,0.662794,109.087
lightbox/images/img003484.jpg,lightbox,0,73467,0,72144,0.842397,0.236924,0.447523,0.184274,30.6777
lightbox/images/img003487.jpg,lightbox,1,70421,1,41273,-0.238919,0.849491,-0.451292,0.132733,82.525
lightbox/images/img003492.jpg,lightbox,0,14232,0,70640,0.896179,0.0280056,0.25205,0.364073,122.285
lightbox/images/img003497.jpg,lightbox,1,23065,1,14261,0.0770752,0.822136,-0.488143,-0.282609,125.763
lightbox/images/img003518.jpg,lightbox,1,60142,3,07663,-0.374809,-0.0288315,-0.0864945,0.922608,144.586
lightbox/images/img003520.jpg,lightbox,1,61713,1,61346,-0.198547,0.907642,0.312002,0.198547,22.334
lightbox/images/img003529.jpg,lightbox,2,55704,1,63540,-0.1789,0.817829,0.434472,0.332243,179.941
lightbox/images/img003536.jpg,lightbox,0,72056,0,60376,0.785646,-0.466477,0.368271,0.17186,68.7303
lightbox/images/img003544.jpg,lightbox,2,24614,0,60225,0.707972,-0.641599,0.287613,0.0663723,136.663
lightbox/images/img003555.jpg,lightbox,0,76622,2,76005,0.0731272,0.414388,0.780024,0.463139,80.7712
lightbox/images/img003567.jpg,lightbox,0,05737,0,14676,0.8745,0.136641,-0.464578,-0.0273281,20.068
lightbox/images/img003571.jpg,lightbox,2,57067,2,65105,-0.133109,0.0266217,0.851896,0.505813,71.1555
lightbox/images/img003572.jpg,lightbox,3,54142,2,04515,-0.354552,-0.646535,0.667391,-0.10428,114.576
lightbox/images/img003580.jpg,lightbox,0,50214,3,03137,-0.022663,-0.203967,-0.657226,0.725215,134.348
lightbox/images/img003583.jpg,lightbox,1,71212,2,35024,0.437917,0.128799,0.824315,-0.334878,112.478
lightbox/images/img003593.jpg,lightbox,2,11253,2,12556,0.319941,-0.319941,0.787547,-0.418384,28.082
lightbox/images/img003595.jpg,lightbox,2,36500,2,36411,0.186352,0.45257,0.851896,-0.186352,7.22603
lightbox/images/img003602.jpg,lightbox,0,10730,2,70127,0.317146,0.20182,0.922608,0.0864945,161.319
lightbox/images/img003605.jpg,lightbox,3,57600,3,56300,0.236924,-0.184274,0.447523,0.842397,25.822
lightbox/images/img003607.jpg,lightbox,1,12405,1,41162,-0.168638,0.770916,-0.602279,0.120456,84.1335
lightbox/images/img003622.jpg,lightbox,0,21514,0,21132,0.707972,-0.0663723,0.154869,-0.685847,23.0272
lightbox/images/img003624.jpg,lightbox,2,07344,2,07700,-0.204559,-0.204559,0.935129,-0.204559,5.88115
lightbox/images/img003627.jpg,lightbox,1,15774,2,53053,0.550277,-0.311026,0.765603,0.119625,158.145
lightbox/images/img003643.jpg,lightbox,3,22654,3,70244,0.0294245,0.26482,0.205971,0.941584,101.354
lightbox/images/img003647.jpg,lightbox,3,61742,0,34343,0.859235,0.295362,0.295362,-0.295362,153.05
lightbox/images/img003651.jpg,lightbox,0,53126,0,53255,0.787547,0.566049,-0.172276,0.172276,9.84927
lightbox/images/img003652.jpg,lightbox,1,74343,1,65103,-0.136234,0.871899,0.0817405,0.463196,49.6701
lightbox/images/img003660.jpg,lightbox,2,66145,2,60746,-0.527795,0.252424,0.734324,0.344214,23.6102
lightbox/images/img003664.jpg,lightbox,1,71504,2,13262,0.37611,-0.0221241,0.707972,-0.597351,172.295
lightbox/images/img003671.jpg,lightbox,3,50157,0,50245,0.797264,0.0747435,-0.573034,0.174402,151.499
lightbox/images/img003684.jpg,lightbox,3,65671,1,65545,-0.111497,0.713582,0.0222994,0.691283,89.8569
lightbox/images/img003687.jpg,lightbox,0,23317,1,22167,-0.410347,0.625291,0.449428,-0.488509,153.739
lightbox/images/img003688.jpg,lightbox,0,40676,2,74046,0.0252942,0.0758825,0.809414,0.581766,166.903
lightbox/images/img003690.jpg,lightbox,0,34440,1,63141,-0.135432,0.866766,0.46047,0.135432,170.355
lightbox/images/img003706.jpg,lightbox,2,21142,2,03333,-0.0224337,-0.0224337,0.717879,-0.695445,22.519
lightbox/images/img003710.jpg,lightbox,1,70507,1,70415,0.202495,0.925691,0.0289278,0.318206,17.1665
lightbox/images/img003726.jpg,lightbox,3,16055,3,10272,0.109976,-0.37392,-0.593873,0.703849,43.6755
lightbox/images/img003731.jpg,lightbox,0,34757,0,34743,0.896179,0.308062,0.308062,-0.0840168,12.129
lightbox/images/img003737.jpg,lightbox,0,06533,2,02737,-0.405798,-0.0238705,0.763856,-0.50128,128.595
lightbox/images/img003739.jpg,lightbox,2,63115,2,70010,0.15423,0.030846,0.987072,0.030846,54.799
lightbox/images/img003742.jpg,lightbox,1,71341,1,35423,0.493382,0.830959,0.181772,-0.181772,38.4804
lightbox/images/img003743.jpg,lightbox,3,75003,1,74003,0.0822304,0.877124,0.0822304,0.465972,119.816
lightbox/images/img003749.jpg,lightbox,0,56107,2,50435,0.159628,-0.615707,0.729727,0.250844,162.842
lightbox/images/img003750.jpg,lightbox,0,62404,1,06026,-0.655727,0.676879,-0.190372,-0.274982,19.6933
lightbox/images/img003767.jpg,lightbox,2,31766,1,71057,0.573034,0.797264,0.0747435,0.174402,113.185
lightbox/images/img003769.jpg,lightbox,0,64527,0,64143,0.73125,-0.479882,0.0685546,0.479882,14.904
lightbox/images/img003772.jpg,lightbox,1,04335,1,60545,-0.510678,0.778177,0.024318,0.36477,99.0553
lightbox/images/img003776.jpg,lightbox,2,34513,1,16770,0.373569,0.919555,-0.0862083,-0.0862083,161.021
lightbox/images/img003790.jpg,lightbox,1,56641,3,27544,-0.189605,0.46047,-0.0270864,0.866766,51.9994
lightbox/images/img003805.jpg,lightbox,1,71472,1,70427,0.0864945,0.922608,0.20182,0.317146,51.4801
lightbox/images/img003807.jpg,lightbox,3,02363,2,12337,0.328031,-0.0218687,0.699798,-0.634192,19.7903
lightbox/images/img003817.jpg,lightbox,3,35277,0,51662,0.760398,0.403961,-0.403961,0.308911,61.0077
lightbox/images/img003822.jpg,lightbox,1,72445,1,63435,-0.220432,0.783758,0.514341,0.269417,36.3284
lightbox/images/img003823.jpg,lightbox,0,65363,0,65360,0.780024,-0.17063,0.316885,0.511891,7.75029
lightbox/images/img003824.jpg,lightbox,0,71462,1,65105,-0.133109,0.851896,0.0266217,0.505813,126.016
lightbox/images/img003832.jpg,lightbox,1,34266,1,05713,-0.0256917,0.822136,-0.539527,-0.179842,111.79
lightbox/images/img003836.jpg,lightbox,0,27053,0,26556,0.765603,-0.454577,0.454577,-0.0239251,42.1312
lightbox/images/img003845.jpg,lightbox,1,31551,2,51342,0.543607,-0.45663,0.695817,0.108721,179.157
lightbox/images/img003846.jpg,lightbox,0,40120,0,60064,0.705215,-0.683177,0.11019,0.154266,83.6967
lightbox/images/img003848.jpg,lightbox,0,16661,2,63410,-0.282609,0.43676,0.822136,0.231226,141.005
lightbox/images/img003853.jpg,lightbox,2,30376,2,30334,0.276972,0.276972,0.681778,-0.617861,10.3359
lightbox/images/img003867.jpg,lightbox,1,56422,1,17242,0.445063,0.837765,-0.130901,-0.287982,119.808
lightbox/images/img003868.jpg,lightbox,0,41272,0,61621,0.842397,-0.342224,0.342224,0.236924,93.9663
lightbox/images/img003870.jpg,lightbox,0,75242,0,70771,0.80327,0.376533,0.326328,0.326328,22.388
lightbox/images/img003889.jpg,lightbox,3,15612,3,15130,0.546198,-0.50853,-0.282516,0.602702,22.0761
lightbox/images/img003893.jpg,lightbox,0,77246,2,72647,0.0673011,0.60571,0.717879,0.336506,78.2061
lightbox/images/img003897.jpg,lightbox,3,61641,2,53026,0.453858,-0.240278,0.854321,0.0800926,161.566
lightbox/images/img003900.jpg,lightbox,1,10223,2,20125,-0.434959,0.103562,0.662794,-0.600657,155.326
lightbox/images/img003904.jpg,lightbox,3,00213,3,00132,-0.34858,-0.458658,-0.568736,0.587082,12.3887
lightbox/images/img003907.jpg,lightbox,0,70626,0,70047,0.968808,0.0908257,0.0908257,0.211927,41.3137
lightbox/images/img003922.jpg,lightbox,1,65217,1,61470,-0.300609,0.8745,0.136641,0.355266,24.521
lightbox/images/img003928.jpg,lightbox,1,75665,3,21234,-0.236957,0.28004,-0.624704,0.689329,138.653
lightbox/images/img003936.jpg,lightbox,3,10245,0,15257,0.702491,0.504916,-0.46101,-0.197576,170.576
lightbox/images/img003944.jpg,lightbox,1,47671,0,62543,0.716438,-0.470162,0.425385,0.291053,143.993
lightbox/images/img003946.jpg,lightbox,0,10744,2,60177,-0.45257,0.186352,0.851896,0.186352,69.6291
lightbox/images/img003963.jpg,lightbox,0,06027,0,06266,0.703849,-0.681854,-0.0219953,-0.197958,24.5199
lightbox/images/img003970.jpg,lightbox,2,43303,2,61011,-0.270501,0.0300557,0.961781,0.0300557,27.1218
lightbox/images/img003973.jpg,lightbox,0,53201,0,53033,0.791391,0.568812,-0.222579,0.024731,10.2736
lightbox/images/img003976.jpg,lightbox,0,01252,0,52460,0.882444,0.0275764,-0.30334,0.358493,119.858
lightbox/images/img003977.jpg,lightbox,1,35776,1,71303,0.623538,0.739008,0.254034,0.023094,11.3622
lightbox/images/img003983.jpg,lightbox,3,35672,1,70745,0.288775,0.840072,0.23627,0.393784,85.8303
lightbox/images/img003995.jpg,lightbox,0,63253,1,16353,0.40161,0.856767,-0.13387,-0.294514,179.021
lightbox/images/img003997.jpg,lightbox,0,47225,0,47203,0.824315,-0.334878,-0.128799,0.437917,11.6564
lightbox/images/img003998.jpg,lightbox,1,70303,1,25473,-0.263908,0.93834,0.205262,-0.0879694,70.7576
lightbox/images/img004004.jpg,lightbox,1,14625,1,16421,0.0864945,0.922608,-0.317146,-0.20182,22.0037
lightbox/images/img004031.jpg,lightbox,1,25203,1,10227,0.0645049,0.688053,-0.365528,-0.623548,95.4881
lightbox/images/img004033.jpg,lightbox,1,42431,1,43523,-0.143681,0.919555,-0.258625,0.258625,55.1973
lightbox/images/img004042.jpg,lightbox,2,50534,2,43133,-0.0300557,-0.270501,0.961781,0.0300557,65.1453
lightbox/images/img004047.jpg,lightbox,0,22642,2,26551,-0.423547,0.423547,0.797264,-0.0747435,170.775
lightbox/images/img004053.jpg,lightbox,3,34567,1,16701,0.312002,0.907642,-0.198547,-0.198547,170.068
lightbox/images/img004055.jpg,lightbox,3,30274,3,60305,-0.532542,0.228232,0.0760775,0.811493,109.789
lightbox/images/img004058.jpg,lightbox,0,27747,2,22335,-0.310635,0.529907,0.584725,-0.529907,170.118
lightbox/images/img004062.jpg,lightbox,2,72644,2,52665,0.0842816,-0.0842816,0.899004,0.421408,80.1288
lightbox/images/img004076.jpg,lightbox,3,00555,3,01277,-0.200297,-0.378339,-0.55638,0.712167,41.1607
lightbox/images/img004081.jpg,lightbox,1,56663,1,70614,0.141365,0.904735,0.254457,0.311003,54.0195
lightbox/images/img004088.jpg,lightbox,0,13437,0,13422,0.729727,0.387667,-0.205236,-0.524491,14.4411
lightbox/images/img004095.jpg,lightbox,2,71323,2,12725,0.275431,-0.0751175,0.801253,-0.525822,88.7908
lightbox/images/img004096.jpg,lightbox,0,33522,0,53066,0.842397,0.447523,-0.236924,0.184274,114.178
lightbox/images/img004099.jpg,lightbox,1,37645,1,70131,0.420084,0.896179,0.140028,0.0280056,51.9866
lightbox/images/img004100.jpg,lightbox,2,70762,2,70415,0.202495,0.0289278,0.925691,0.318206,41.5739
lightbox/images/img004110.jpg,lightbox,3,64240,0,61607,0.844742,-0.343176,0.29038,0.29038,149.823
lightbox/images/img004112.jpg,lightbox,2,45732,2,47114,-0.0745586,-0.372793,0.795292,0.472205,13.7485
lightbox/images/img004121.jpg,lightbox,2,34520,2,34524,0.26482,0.147122,0.941584,-0.147122,9.92949
lightbox/images/img004127.jpg,lightbox,2,43375,2,43321,-0.153646,-0.0921878,0.983336,0.0307293,27.9742
lightbox/images/img004128.jpg,lightbox,3,74001,2,60555,-0.433341,0.0254906,0.8157,0.38236,91.9998
lightbox/images/img004131.jpg,lightbox,1,47356,1,47532,-0.0719402,0.767362,-0.215821,0.599501,9.36436
lightbox/images/img004139.jpg,lightbox,0,25574,0,25564,0.965275,-0.211154,0.150824,-0.0301648,14.1987
lightbox/images/img004147.jpg,lightbox,3,63030,0,61762,0.835478,-0.182761,0.39163,0.339413,173.716
lightbox/images/img004152.jpg,lightbox,1,42656,2,70453,0.197911,0.0848189,0.904735,0.367549,173.975
lightbox/images/img004159.jpg,lightbox,2,25604,2,61126,-0.208145,0.208145,0.951522,0.0892052,33.0614
lightbox/images/img004162.jpg,lightbox,3,34763,3,37064,0.396854,0.490232,-0.210099,0.74702,25.7993
lightbox/images/img004168.jpg,lightbox,3,06135,1,06567,-0.533917,0.813589,-0.228822,-0.0254246,172.109
lightbox/images/img004172.jpg,lightbox,0,16764,0,06667,0.74059,-0.67116,-0.0231434,-0.0231434,113.325
lightbox/images/img004182.jpg,lightbox,3,25670,1,25247,-0.348062,0.856767,0.294514,-0.240966,159.648
lightbox/images/img004185.jpg,lightbox,2,07073,2,52124,0.2561,-0.313011,0.910577,0.0853666,74.7255
lightbox/images/img004186.jpg,lightbox,1,07271,1,07611,-0.259483,0.922608,-0.20182,-0.20182,18.8304
lightbox/images/img004191.jpg,lightbox,0,71204,0,71042,0.871899,0.463196,0.0817405,0.136234,20.6506
lightbox/images/img004192.jpg,lightbox,3,75634,2,16721,0.317146,-0.0864945,0.922608,-0.20182,120.59
lightbox/images/img004198.jpg,lightbox,1,43475,1,47151,-0.024318,0.778177,-0.36477,0.510678,30.3874
lightbox/images/img004210.jpg,lightbox,3,57311,2,05560,-0.16449,-0.63446,0.751953,-0.0704956,157.251
lightbox/images/img004237.jpg,lightbox,3,25551,3,61103,-0.153646,0.0921878,0.0307293,0.983336,24.2596
lightbox/images/img004238.jpg,lightbox,3,52337,0,52433,0.910577,0.199189,-0.2561,0.2561,107.891
lightbox/images/img004243.jpg,lightbox,3,32204,2,12220,0.0223887,-0.067166,0.716438,-0.694049,51.2724
lightbox/images/img004251.jpg,lightbox,3,06755,3,07305,-0.140469,-0.196657,-0.36522,0.899004,52.4752
lightbox/images/img004260.jpg,lightbox,3,36606,3,63047,-0.324696,0.474555,0.174836,0.799251,55.7861
lightbox/images/img004264.jpg,lightbox,1,51641,1,35420,0.456468,0.859235,0.134255,-0.187958,95.9018
lightbox/images/img004265.jpg,lightbox,3,02552,3,06331,-0.432219,-0.0762739,-0.38137,0.813589,28.1038
lightbox/images/img004267.jpg,lightbox,0,70105,0,70145,0.925691,0.318206,0.0289278,0.202495,11.6262
lightbox/images/img004274.jpg,lightbox,3,65224,3,65563,-0.113548,0.158968,0.658581,0.72671,43.116
lightbox/images/img004277.jpg,lightbox,2,25123,2,25133,-0.0277457,0.19422,0.887862,-0.416185,14.4086
lightbox/images/img004278.jpg,lightbox,3,61501,3,61531,-0.0297351,0.148675,0.267615,0.951522,19.5924
lightbox/images/img004281.jpg,lightbox,1,61272,1,61360,-0.196657,0.899004,0.36522,0.140469,15.3058
lightbox/images/img004282.jpg,lightbox,1,70753,1,70655,0.188502,0.861723,0.24236,0.403933,24.7488
lightbox/images/img004288.jpg,lightbox,2,64065,0,60467,0.691902,-0.627036,0.151354,0.324329,155.963
lightbox/images/img004296.jpg,lightbox,1,62762,2,03766,-0.189605,-0.0270864,0.866766,-0.46047,124.704
lightbox/images/img004297.jpg,lightbox,0,01567,0,06246,0.699798,-0.67793,-0.109344,-0.196818,86.2533
lightbox/images/img004300.jpg,lightbox,0,65575,2,17067,0.483068,-0.228822,0.813589,-0.228822,148.026
lightbox/images/img004306.jpg,lightbox,3,67017,1,43433,-0.252845,0.899004,-0.252845,0.252845,115.047
lightbox/images/img004308.jpg,lightbox,1,22445,3,40335,-0.414388,-0.463139,0.0731272,0.780024,143.794
lightbox/images/img004316.jpg,lightbox,2,52135,2,52162,0.258625,-0.258625,0.919555,0.143681,18.8591
lightbox/images/img004324.jpg,lightbox,1,14711,2,07321,-0.139591,-0.0837545,0.893381,-0.418772,117.748
lightbox/images/img004327.jpg,lightbox,3,63444,3,62125,-0.479882,0.479882,0.0685546,0.73125,37.8772
lightbox/images/img004336.jpg,lightbox,1,70475,1,70445,0.084549,0.901856,0.028183,0.422745,14.6288
lightbox/images/img004337.jpg,lightbox,0,21436,0,23555,0.799251,-0.0249766,0.424602,-0.424602,43.1393
lightbox/images/img004362.jpg,lightbox,2,21553,2,32512,0.284839,0.416302,0.701141,-0.503945,53.1368
lightbox/images/img004399.jpg,lightbox,1,66124,1,63241,-0.302817,0.745396,0.582341,0.116468,44.2029
lightbox/images/img004402.jpg,lightbox,2,52331,2,15362,0.55095,-0.374646,0.705215,-0.242418,55.5595
lightbox/images/img004412.jpg,lightbox,1,65657,3,65322,-0.175715,0.376533,0.426737,0.80327,46.4473
lightbox/images/img004417.jpg,lightbox,0,25656,0,25665,0.866766,-0.352124,0.352124,-0.0270864,10.4244
lightbox/images/img004419.jpg,lightbox,3,51517,1,61066,-0.408703,0.871899,0.190728,0.190728,112.692
lightbox/images/img004421.jpg,lightbox,1,25275,1,25374,-0.0837545,0.893381,0.362936,-0.251263,21.0502
lightbox/images/img004436.jpg,lightbox,2,36125,2,36411,0.186352,0.45257,0.851896,-0.186352,22.5211
lightbox/images/img004437.jpg,lightbox,0,30361,0,30647,0.842397,0.0789747,0.289574,-0.447523,29.9411
lightbox/images/img004451.jpg,lightbox,3,24762,3,64343,-0.466436,0.244324,0.466436,0.71076,61.8413
lightbox/images/img004458.jpg,lightbox,3,07147,3,03324,-0.159628,-0.0684119,-0.661315,0.729727,58.4713
lightbox/images/img004464.jpg,lightbox,2,14340,2,70451,0.198547,0.0283638,0.907642,0.368729,103.931
lightbox/images/img004472.jpg,lightbox,1,24033,0,42266,0.709362,-0.687194,-0.0221676,0.155173,34.1868
lightbox/images/img004477.jpg,lightbox,1,07567,1,07744,-0.208885,0.954905,-0.208885,-0.0298408,11.5065
lightbox/images/img004478.jpg,lightbox,0,57206,0,56205,0.842397,0.0789747,-0.184274,0.500173,39.8195
lightbox/images/img004483.jpg,lightbox,2,25434,2,24516,-0.504385,0.0796398,0.849491,-0.132733,22.5078
lightbox/images/img004487.jpg,lightbox,0,56533,0,57001,0.734324,0.436005,-0.344214,0.390109,29.6494
lightbox/images/img004488.jpg,lightbox,2,07001,2,07211,-0.24236,-0.188502,0.861723,-0.403933,22.983
lightbox/images/img004494.jpg,lightbox,3,47341,2,56011,0.175715,-0.376533,0.80327,0.426737,71.3393
lightbox/images/img004508.jpg,lightbox,0,14157,2,15025,0.39765,-0.565081,0.669726,-0.272076,148.282
lightbox/images/img004510.jpg,lightbox,0,27171,1,70323,0.29708,0.864234,0.40511,0.0270073,127.903
lightbox/images/img004511.jpg,lightbox,2,53425,2,52410,0.135831,-0.407494,0.869321,0.244497,40.671
lightbox/images/img004520.jpg,lightbox,1,50251,1,50363,0.287982,0.837765,-0.445063,0.130901,19.9224
lightbox/images/img004526.jpg,lightbox,3,75012,2,74113,0.38137,0.0762739,0.813589,0.432219,62.6828
lightbox/images/img004534.jpg,lightbox,1,50606,1,41331,-0.0268511,0.859235,-0.510171,0.0268511,32.4861
lightbox/images/img004540.jpg,lightbox,0,37456,0,35567,0.753619,0.635866,0.164854,-0.0235506,35.3994
lightbox/images/img004561.jpg,lightbox,3,52010,0,06727,0.828726,-0.543852,-0.0258977,-0.129488,151.79
lightbox/images/img004572.jpg,lightbox,2,16743,2,47131,-0.0263982,-0.29038,0.844742,0.448769,78.8094
lightbox/images/img004578.jpg,lightbox,0,60663,2,60525,-0.523205,0.124573,0.797264,0.27406,167.881
lightbox/images/img004579.jpg,lightbox,0,03263,0,27140,0.830959,-0.181772,0.441447,-0.285642,67.4896
lightbox/images/img004580.jpg,lightbox,3,33335,2,00117,-0.310635,-0.529907,0.584725,-0.529907,27.5434
lightbox/images/img004581.jpg,lightbox,1,61127,1,61301,-0.148675,0.951522,0.267615,0.0297351,14.4562
lightbox/images/img004607.jpg,lightbox,1,05430,1,05720,-0.181772,0.830959,-0.493382,-0.181772,20.1111
lightbox/images/img004613.jpg,lightbox,3,43526,0,42777,0.8157,-0.433341,-0.0254906,0.38236,149.696
lightbox/images/img004617.jpg,lightbox,0,35056,0,34163,0.882444,0.30334,0.193035,-0.30334,33.0069
lightbox/images/img004626.jpg,lightbox,3,36062,3,27270,-0.239641,0.63178,-0.239641,0.697136,33.1419
lightbox/images/img004627.jpg,lightbox,0,11163,2,44130,-0.387594,-0.550791,0.652789,0.346794,35.4987
lightbox/images/img004633.jpg,lightbox,0,63473,0,16755,0.887862,0.416185,-0.19422,-0.0277457,124.823
lightbox/images/img004636.jpg,lightbox,3,74647,1,60143,-0.542398,0.826512,0.0774855,0.129142,144.215
lightbox/images/img004654.jpg,lightbox,1,73106,0,37700,0.663935,0.518699,0.518699,-0.145236,38.1374
lightbox/images/img004657.jpg,lightbox,3,52233,2,52404,0.0270073,-0.40511,0.864234,0.29708,138.919
lightbox/images/img004660.jpg,lightbox,2,14345,2,16251,0.198547,-0.198547,0.907642,-0.312002,45.2143
lightbox/images/img004664.jpg,lightbox,1,60740,1,60041,-0.666887,0.735875,0.0229961,0.114981,30.3959
lightbox/images/img004672.jpg,lightbox,0,42637,1,54063,0.065481,0.698464,-0.545675,0.458367,151.028
lightbox/images/img004688.jpg,lightbox,3,40714,3,40712,-0.435089,-0.480888,0.206095,0.732782,6.65663
lightbox/images/img004698.jpg,lightbox,2,35540,1,16224,0.0288315,0.922608,-0.0864945,-0.374809,177.833
lightbox/images/img004704.jpg,lightbox,0,03202,1,70017,0.211927,0.968808,0.0908257,0.0908257,152.589
lightbox/images/img004710.jpg,lightbox,2,57307,2,06357,-0.451292,-0.132733,0.849491,-0.238919,153.723
lightbox/images/img004713.jpg,lightbox,2,51211,1,41524,-0.159628,0.729727,-0.615707,0.250844,59.6807
lightbox/images/img004719.jpg,lightbox,2,30463,2,30525,0.27406,0.124573,0.797264,-0.523205,23.2409
lightbox/images/img004727.jpg,lightbox,3,25210,1,21674,-0.274743,0.799251,0.324696,-0.424602,156.854
lightbox/images/img004737.jpg,lightbox,3,13552,2,10750,0.284839,-0.503945,0.701141,-0.416302,152.43
lightbox/images/img004740.jpg,lightbox,0,31216,0,02767,0.763856,-0.50128,-0.0238705,-0.405798,116.601
lightbox/images/img004743.jpg,lightbox,3,56272,2,56031,0.181772,-0.285642,0.830959,0.441447,63.1269
lightbox/images/img004749.jpg,lightbox,3,27132,3,23546,-0.168638,0.457732,-0.409549,0.770916,13.245
lightbox/images/img004752.jpg,lightbox,1,54625,2,36047,0.0781133,0.494718,0.833209,-0.23434,164.106
lightbox/images/img004773.jpg,lightbox,1,60316,1,60306,-0.560642,0.780024,0.268133,0.0731272,9.52908
lightbox/images/img004774.jpg,lightbox,0,36070,0,36260,0.717879,0.0224337,0.650578,-0.246771,21.3764
lightbox/images/img004777.jpg,lightbox,1,06313,3,07651,-0.263908,-0.205262,-0.0879694,0.93834,135.039
lightbox/images/img004778.jpg,lightbox,0,47306,0,47206,0.791391,-0.370965,-0.123655,0.469888,22.2763
lightbox/images/img004781.jpg,lightbox,3,63265,1,66111,-0.390934,0.735875,0.390934,0.390934,46.304
lightbox/images/img004785.jpg,lightbox,1,51306,1,53245,0.493382,0.830959,-0.181772,0.181772,39.8058
lightbox/images/img004799.jpg,lightbox,0,26574,2,26551,-0.423547,0.423547,0.797264,-0.0747435,165.625
lightbox/images/img004802.jpg,lightbox,1,15464,2,16224,0.0288315,-0.0864945,0.922608,-0.374809,106.548
lightbox/images/img004804.jpg,lightbox,1,55573,2,03300,-0.153375,-0.153375,0.701141,-0.67923,75.3085
lightbox/images/img004812.jpg,lightbox,0,32566,0,34702,0.896179,0.25205,0.308062,-0.196039,39.9387
lightbox/images/img004818.jpg,lightbox,3,34663,3,06753,-0.463196,-0.136234,-0.0817405,0.871899,92.0466
lightbox/images/img004822.jpg,lightbox,0,60531,0,61610,0.88514,-0.304267,0.248946,0.248946,24.6619
lightbox/images/img004829.jpg,lightbox,3,46061,2,44525,-0.388423,-0.499401,0.591883,0.499401,46.2351
lightbox/images/img004831.jpg,lightbox,2,70723,2,71065,0.497423,0.130901,0.837765,0.183261,38.8126
lightbox/images/img004840.jpg,lightbox,3,53027,3,47301,-0.134255,-0.187958,0.456468,0.859235,85.6611
lightbox/images/img004841.jpg,lightbox,3,24376,3,26543,-0.490232,0.443543,-0.0700331,0.74702,21.5244
lightbox/images/img004845.jpg,lightbox,1,06674,0,62160,0.712167,-0.51187,0.46736,0.111276,58.2268
lightbox/images/img004848.jpg,lightbox,1,71127,1,71347,0.615707,0.729727,0.250844,0.159628,15.0403
lightbox/images/img004866.jpg,lightbox,3,16756,3,52523,0.304267,-0.248946,0.248946,0.88514,36.3135
lightbox/images/img004870.jpg,lightbox,0,65721,0,65265,0.735875,-0.298949,0.298949,0.52891,20.2288
lightbox/images/img004872.jpg,lightbox,2,13460,2,13323,0.518178,-0.0191918,0.614137,-0.594945,39.4134
lightbox/images/img004875.jpg,lightbox,2,40466,2,42153,-0.437917,-0.334878,0.824315,0.128799,37.9399
lightbox/images/img004878.jpg,lightbox,2,32503,0,51566,0.640128,0.5001,-0.5001,0.30006,165.375
lightbox/images/img004883.jpg,lightbox,3,34164,3,30542,0.23434,0.0781133,-0.494718,0.833209,29.6414
lightbox/images/img004895.jpg,lightbox,3,67113,2,67151,-0.0238705,0.405798,0.763856,0.50128,49.849
lightbox/images/img004905.jpg,lightbox,2,40703,2,60514,-0.489437,0.0257599,0.824315,0.283358,58.1022
lightbox/images/img004921.jpg,lightbox,0,71626,0,70247,0.922608,0.0864945,0.317146,0.20182,40.4814
lightbox/images/img004927.jpg,lightbox,0,74305,0,74033,0.851896,0.186352,0.186352,0.45257,11.1214
lightbox/images/img004928.jpg,lightbox,3,17605,1,12756,0.334878,0.824315,-0.128799,-0.437917,140.598
lightbox/images/img004933.jpg,lightbox,1,15362,2,13560,0.541562,-0.238287,0.6932,-0.411587,178.456
lightbox/images/img004937.jpg,lightbox,1,63033,1,63106,-0.184274,0.842397,0.500173,0.0789747,12.1528
lightbox/images/img004940.jpg,lightbox,3,41014,3,14172,0.295226,-0.567742,-0.249807,0.72671,73.1415
lightbox/images/img004950.jpg,lightbox,2,64346,2,60177,-0.45257,0.186352,0.851896,0.186352,38.9776
lightbox/images/img004967.jpg,lightbox,0,11666,2,15030,0.426974,-0.548966,0.650627,-0.304981,177.403
lightbox/images/img004971.jpg,lightbox,0,75133,0,70740,0.869321,0.244497,0.244497,0.353162,54.9753
lightbox/images/img004973.jpg,lightbox,3,61613,3,61036,-0.317146,0.20182,0.0864945,0.922608,26.9803
lightbox/images/img004974.jpg,lightbox,2,21162,2,43351,-0.0301648,-0.211154,0.965275,0.150824,106.751
lightbox/images/img004979.jpg,lightbox,2,71546,2,16153,0.38236,-0.331378,0.8157,-0.280397,90.0288
lightbox/images/img004980.jpg,lightbox,2,24105,0,04737,0.793334,-0.421459,-0.421459,-0.123958,88.7264
lightbox/images/img004990.jpg,lightbox,1,16547,1,52271,0.21039,0.961781,-0.090167,0.150278,40.2901
lightbox/images/img004993.jpg,lightbox,2,61501,2,61102,-0.212708,0.0911606,0.972379,0.0303869,30.2614
lightbox/images/img004999.jpg,lightbox,1,02461,0,02634,0.681778,-0.57525,-0.0639167,-0.447417,105.633
lightbox/images/img005001.jpg,lightbox,3,52354,2,52510,0.33577,-0.387427,0.826512,0.232456,109.55
lightbox/images/img005008.jpg,lightbox,3,27766,3,23336,-0.0563436,0.582217,-0.544655,0.600999,66.582
lightbox/images/img005015.jpg,lightbox,3,03620,1,65043,-0.320719,0.789462,0.0740121,0.518084,128.348
lightbox/images/img005016.jpg,lightbox,1,21611,2,21620,-0.339945,0.294619,0.725215,-0.521249,82.5256
lightbox/images/img005023.jpg,lightbox,3,52270,2,50271,0.183261,-0.497423,0.837765,0.130901,139.615
lightbox/images/img005026.jpg,lightbox,2,50673,2,50735,0.360531,-0.456673,0.769133,0.264389,24.2807
lightbox/images/img005038.jpg,lightbox,0,06611,0,06266,0.703849,-0.681854,-0.0219953,-0.197958,19.4068
lightbox/images/img005058.jpg,lightbox,3,63725,0,27353,0.739008,-0.023094,0.623538,-0.254034,164.193
lightbox/images/img005059.jpg,lightbox,2,25761,2,16477,0.205971,-0.26482,0.941584,-0.0294245,85.2821
lightbox/images/img005084.jpg,lightbox,2,52477,2,52163,0.311003,-0.254457,0.904735,0.141365,31.5628
lightbox/images/img005085.jpg,lightbox,1,34277,1,61217,-0.2561,0.910577,0.313011,0.0853666,61.5807
lightbox/images/img005088.jpg,lightbox,3,25106,0,35042,0.842397,0.447523,0.0789747,-0.289574,130.164
lightbox/images/img005105.jpg,lightbox,1,50134,1,50126,0.215821,0.767362,-0.599501,0.0719402,12.1457
lightbox/images/img005106.jpg,lightbox,0,55326,0,31247,0.6932,0.411587,0.238287,-0.541562,135.697
lightbox/images/img005114.jpg,lightbox,3,05311,1,10772,0.302817,0.745396,-0.395992,-0.442579,105.998
lightbox/images/img005124.jpg,lightbox,3,16776,2,52160,0.254457,-0.311003,0.904735,0.141365,154.803
lightbox/images/img005125.jpg,lightbox,0,67510,0,65230,0.799251,-0.274743,0.324696,0.424602,31.7418
lightbox/images/img005137.jpg,lightbox,2,13405,2,74111,0.38236,0.0254906,0.8157,0.433341,116.486
lightbox/images/img005147.jpg,lightbox,3,63724,1,63070,-0.27406,0.797264,0.523205,0.124573,79.3692
lightbox/images/img005151.jpg,lightbox,3,36162,3,32040,0.0221241,0.37611,-0.597351,0.707972,50.3847
lightbox/images/img005156.jpg,lightbox,1,16626,1,25144,-0.205971,0.941584,0.0294245,-0.26482,28.3355
lightbox/images/img005163.jpg,lightbox,1,74067,1,27747,-0.118545,0.758686,0.640141,-0.0237089,91.4101
lightbox/images/img005164.jpg,lightbox,3,61243,2,30744,0.23434,0.23434,0.833209,-0.442642,148.171
lightbox/images/img005166.jpg,lightbox,0,16510,0,14756,0.791391,0.321503,-0.51935,-0.024731,21.2263
lightbox/images/img005174.jpg,lightbox,2,13360,3,20367,-0.436459,0.311757,-0.519594,0.665081,36.4106
lightbox/images/img005183.jpg,lightbox,2,47147,2,16441,0.0842816,-0.421408,0.899004,-0.0842816,79.8945
lightbox/images/img005186.jpg,lightbox,2,44376,2,43224,-0.421408,-0.0842816,0.899004,0.0842816,64.3642
lightbox/images/img005192.jpg,lightbox,1,71270,2,16723,0.318206,-0.0289278,0.925691,-0.202495,133.513
lightbox/images/img005196.jpg,lightbox,3,34051,3,50706,0.220432,-0.514341,0.269417,0.783758,94.4665
lightbox/images/img005198.jpg,lightbox,0,65166,0,65230,0.799251,-0.274743,0.324696,0.424602,29.8234
lightbox/images/img005202.jpg,lightbox,2,30760,1,35275,0.541664,0.753619,0.306158,-0.211955,88.2829
lightbox/images/img005213.jpg,lightbox,2,37202,2,37226,0.343944,0.627191,0.647423,-0.263016,7.80191
lightbox/images/img005220.jpg,lightbox,0,42525,2,42177,-0.447523,-0.236924,0.842397,0.184274,134.818
lightbox/images/img005221.jpg,lightbox,1,41606,1,55224,0.376848,0.709362,-0.421184,0.421184,85.5813
lightbox/images/img005232.jpg,lightbox,0,25011,0,07322,0.887862,-0.19422,-0.0277457,-0.416185,9.71008
lightbox/images/img005233.jpg,lightbox,3,16057,2,16051,0.185826,-0.398199,0.849491,-0.292013,144.851
lightbox/images/img005239.jpg,lightbox,3,43172,3,43033,-0.261226,-0.261226,0.0290252,0.928805,23.378
lightbox/images/img005244.jpg,lightbox,0,37466,0,31704,0.686784,0.53655,0.193158,-0.450702,64.1288
lightbox/images/img005253.jpg,lightbox,1,63731,2,16617,0.208885,-0.149204,0.954905,-0.149204,123.481
lightbox/images/img005270.jpg,lightbox,0,63002,0,27455,0.856767,-0.240966,0.455158,-0.026774,18.2787
lightbox/images/img005271.jpg,lightbox,1,43215,1,06751,-0.459124,0.864234,-0.189051,-0.0810219,29.97
lightbox/images/img005273.jpg,lightbox,0,07014,0,07606,0.887862,-0.416185,-0.138728,-0.138728,40.6746
lightbox/images/img005274.jpg,lightbox,1,03113,1,10222,0.0209657,0.670902,-0.356417,-0.649937,10.488
lightbox/images/img005281.jpg,lightbox,0,35456,0,07763,0.983336,-0.153646,-0.0307293,-0.0921878,84.1735
lightbox/images/img005289.jpg,lightbox,2,25730,2,25354,-0.0867835,0.260351,0.925691,-0.260351,18.5048
lightbox/images/img005290.jpg,lightbox,1,43264,2,51124,0.511698,-0.552634,0.654974,0.0614038,87.1446
lightbox/images/img005305.jpg,lightbox,0,03430,0,03366,0.776342,-0.169825,-0.0242607,-0.606517,28.4509
lightbox/images/img005311.jpg,lightbox,0,53330,2,53200,0.46047,-0.189605,0.866766,0.0270864,160.549
lightbox/images/img005314.jpg,lightbox,1,34225,2,21671,-0.222579,0.321503,0.791391,-0.469888,92.9966
lightbox/images/img005315.jpg,lightbox,3,64053,2,53260,0.463196,-0.0817405,0.871899,0.136234,151.768
lightbox/images/img005320.jpg,lightbox,3,16106,1,16741,0.317146,0.922608,-0.20182,-0.0864945,152.68
lightbox/images/img005327.jpg,lightbox,0,31770,0,03644,0.80327,-0.376533,-0.175715,-0.426737,129.371
lightbox/images/img005335.jpg,lightbox,3,70042,3,70073,0.206689,0.206689,0.147635,0.944862,25.428
lightbox/images/img005337.jpg,lightbox,1,14631,1,14422,0.0242607,0.776342,-0.606517,-0.169825,24.8858
lightbox/images/img005341.jpg,lightbox,0,34542,0,34743,0.896179,0.308062,0.308062,-0.0840168,28.6861
lightbox/images/img005345.jpg,lightbox,2,14277,2,07570,-0.0879694,-0.322554,0.93834,-0.0879694,39.6963
lightbox/images/img005367.jpg,lightbox,2,07752,2,43532,-0.0867835,-0.260351,0.925691,0.260351,41.4849
lightbox/images/img005376.jpg,lightbox,1,27545,1,27471,-0.228232,0.811493,0.532542,-0.0760775,14.4244
lightbox/images/img005389.jpg,lightbox,0,76056,0,76042,0.748653,0.0233954,0.444513,0.491304,11.3949
lightbox/images/img005394.jpg,lightbox,1,60571,1,60355,-0.447523,0.842397,0.236924,0.184274,19.0263
lightbox/images/img005396.jpg,lightbox,0,54340,0,54205,0.729727,0.0684119,-0.524491,0.433275,15.2708
lightbox/images/img005401.jpg,lightbox,0,52313,0,52132,0.896179,0.364073,-0.25205,0.0280056,16.0577
lightbox/images/img005404.jpg,lightbox,2,57750,0,65275,0.753619,-0.211955,0.306158,0.541664,43.7406
lightbox/images/img005410.jpg,lightbox,0,63315,0,27333,0.680543,-0.021267,0.659276,-0.319005,49.5465
lightbox/images/img005428.jpg,lightbox,0,20335,0,43245,0.890609,-0.36181,-0.194821,0.194821,113.993
lightbox/images/img005430.jpg,lightbox,2,26574,2,60224,-0.666551,0.279521,0.688053,0.0645049,37.5416
lightbox/images/img005431.jpg,lightbox,1,76217,2,70560,0.249711,0.138728,0.887862,0.360694,73.7093
lightbox/images/img005444.jpg,lightbox,2,25564,2,25434,-0.318206,0.144639,0.925691,-0.144639,17.011
lightbox/images/img005451.jpg,lightbox,0,03360,0,60165,0.8157,-0.535303,0.127453,0.178434,110.271
lightbox/images/img005481.jpg,lightbox,2,15223,2,75024,0.412432,0.121303,0.776342,0.460953,113.319
lightbox/images/img005482.jpg,lightbox,0,11021,0,10505,0.634068,0.217961,-0.614253,-0.416107,27.6074
lightbox/images/img005484.jpg,lightbox,2,22755,2,26424,-0.626167,0.424178,0.646366,-0.100995,45.9227
lightbox/images/img005492.jpg,lightbox,0,00533,2,60361,-0.51558,0.319169,0.785646,0.122757,55.0805
lightbox/images/img005495.jpg,lightbox,1,53253,2,12526,0.223125,-0.223125,0.793334,-0.520626,154.817
lightbox/images/img005498.jpg,lightbox,2,50267,2,16404,0.0280056,-0.420084,0.896179,-0.140028,40.185
lightbox/images/img005517.jpg,lightbox,2,63750,2,62131,-0.405798,0.50128,0.763856,0.0238705,52.7446
lightbox/images/img005519.jpg,lightbox,2,13013,3,23070,-0.228622,0.436459,-0.561162,0.665081,33.7603
lightbox/images/img005525.jpg,lightbox,0,10703,0,70147,0.922608,0.317146,0.0864945,0.20182,109.428
lightbox/images/img005530.jpg,lightbox,3,42215,2,06335,-0.440261,-0.0776931,0.828726,-0.33667,171.431
lightbox/images/img005538.jpg,lightbox,0,72364,2,72604,0.0237624,0.594061,0.760398,0.261387,96.5111
lightbox/images/img005563.jpg,lightbox,2,35257,0,35705,0.742182,0.626216,0.208739,-0.115966,82.1844
lightbox/images/img005566.jpg,lightbox,2,16210,2,16630,0.150278,-0.090167,0.961781,-0.21039,25.4292
lightbox/images/img005570.jpg,lightbox,3,03040,2,02164,-0.479687,-0.229416,0.667391,-0.521399,116.926
lightbox/images/img005572.jpg,lightbox,2,45707,2,45050,-0.217961,-0.614253,0.634068,0.416107,30.8566
lightbox/images/img005576.jpg,lightbox,0,43231,2,16765,0.323669,-0.0882735,0.941584,-0.0294245,152.715
lightbox/images/img005577.jpg,lightbox,0,53714,2,53334,0.668302,-0.0691347,0.737437,0.0691347,143.368
lightbox/images/img005578.jpg,lightbox,1,65425,0,65335,0.811493,-0.0253592,0.329669,0.481824,173.397
lightbox/images/img005586.jpg,lightbox,1,40326,1,24423,-0.654542,0.722254,0.157993,-0.157993,72.0006
lightbox/images/img005599.jpg,lightbox,3,03777,3,03733,-0.0253592,-0.0253592,-0.583261,0.811493,16.0122
lightbox/images/img005603.jpg,lightbox,0,56230,0,62132,0.73125,-0.434179,0.525586,0.0228515,111.144
lightbox/images/img005609.jpg,lightbox,2,72140,2,70174,0.36522,0.140469,0.899004,0.196657,38.8645
lightbox/images/img005620.jpg,lightbox,2,55237,2,65105,-0.133109,0.0266217,0.851896,0.505813,88.245
lightbox/images/img005627.jpg,lightbox,1,46333,1,42242,-0.687194,0.709362,-0.110838,0.110838,47.7748
lightbox/images/img005646.jpg,lightbox,3,74207,2,70607,0.0840168,0.308062,0.896179,0.308062,79.1699
lightbox/images/img005651.jpg,lightbox,0,61270,0,71055,0.799251,0.574462,0.0249766,0.174836,110.827
lightbox/images/img005655.jpg,lightbox,0,24570,2,60130,-0.505813,0.133109,0.851896,0.0266217,134.007
lightbox/images/img005662.jpg,lightbox,0,70725,2,70301,0.314029,0.256933,0.91354,0.0285481,94.6708
lightbox/images/img005667.jpg,lightbox,2,75360,0,25557,0.994672,-0.0310835,0.0932505,-0.0310835,109.618
lightbox/images/img005668.jpg,lightbox,2,50727,1,05675,-0.234978,0.835478,-0.496065,-0.0261087,64.4392
lightbox/images/img005675.jpg,lightbox,0,76123,0,72145,0.830959,0.285642,0.441447,0.181772,27.8789
lightbox/images/img005677.jpg,lightbox,1,30472,0,22722,0.580095,-0.416943,0.561967,-0.416943,174.23
lightbox/images/img005682.jpg,lightbox,1,07460,1,07164,-0.196039,0.896179,-0.308062,-0.25205,32.7864
lightbox/images/img005692.jpg,lightbox,3,65213,3,65161,-0.128459,0.128459,0.539527,0.822136,24.1993
lightbox/images/img005699.jpg,lightbox,1,06445,2,46311,-0.418384,-0.172276,0.787547,0.418384,164.867
lightbox/images/img005705.jpg,lightbox,3,06713,3,07607,-0.368729,-0.141819,-0.141819,0.907642,13.6418
lightbox/images/img005709.jpg,lightbox,3,33402,3,32127,0.219343,0.458626,-0.578268,0.638089,21.742
lightbox/images/img005736.jpg,lightbox,0,05325,0,07306,0.899004,-0.196657,-0.140469,-0.36522,43.355
lightbox/images/img005737.jpg,lightbox,3,25146,1,21630,-0.25623,0.745396,0.302817,-0.535754,125.514
lightbox/images/img005747.jpg,lightbox,0,76027,2,76100,0.219382,0.414388,0.780024,0.414388,79.4774
lightbox/images/img005754.jpg,lightbox,0,07441,0,42136,0.833209,-0.494718,-0.23434,0.0781133,27.597
lightbox/images/img005776.jpg,lightbox,0,52764,1,70254,0.145617,0.931951,0.262111,0.203864,131.104
lightbox/images/img005777.jpg,lightbox,2,76453,3,13332,0.545425,-0.0188078,-0.583041,0.601848,174.117
lightbox/images/img005779.jpg,lightbox,2,40714,2,24177,-0.447523,0.184274,0.842397,-0.236924,98.0676
lightbox/images/img005781.jpg,lightbox,3,30324,2,60103,-0.546793,0.0781133,0.833209,0.0260378,108.53
lightbox/images/img005796.jpg,lightbox,0,07576,1,56023,0.0800926,0.854321,-0.240278,0.453858,176.517
lightbox/images/img005800.jpg,lightbox,0,42377,0,42343,0.822136,-0.539527,-0.128459,0.128459,18.0152
lightbox/images/img005801.jpg,lightbox,0,43603,0,43627,0.882444,-0.358493,-0.0275764,0.30334,15.7464
lightbox/images/img005811.jpg,lightbox,1,70505,1,70411,0.205971,0.941584,0.0294245,0.26482,13.045
lightbox/images/img005817.jpg,lightbox,2,40203,2,04537,-0.383697,-0.564261,0.722254,-0.112852,35.6841
lightbox/images/img005819.jpg,lightbox,2,52225,2,52204,0.0303869,-0.212708,0.972379,0.0911606,13.636
lightbox/images/img005825.jpg,lightbox,0,35625,0,35640,0.854321,0.453858,0.240278,-0.0800926,12.6055
lightbox/images/img005840.jpg,lightbox,0,43475,0,43616,0.890609,-0.306147,-0.139158,0.306147,24.623
lightbox/images/img005853.jpg,lightbox,3,65125,3,64111,-0.424602,0.0249766,0.424602,0.799251,38.3802
lightbox/images/img005859.jpg,lightbox,2,65356,1,62534,-0.430597,0.725215,0.475923,0.249293,85.6023
lightbox/images/img005861.jpg,lightbox,3,16607,3,16217,0.196657,-0.140469,-0.36522,0.899004,31.4566
lightbox/images/img005863.jpg,lightbox,2,31545,3,30201,0.0658586,0.197576,-0.680538,0.702491,89.5113
lightbox/images/img005867.jpg,lightbox,1,55201,2,50510,0.274982,-0.655727,0.676879,0.190372,106.272
lightbox/images/img005885.jpg,lightbox,1,03636,2,45351,-0.0223887,-0.51494,0.716438,0.470162,93.6778
lightbox/images/img005890.jpg,lightbox,3,73401,1,57000,0.397722,0.748653,-0.350931,0.397722,90.3702
lightbox/images/img005898.jpg,lightbox,0,71765,0,35004,0.830959,0.441447,0.0259675,-0.337577,88.7268
lightbox/images/img005900.jpg,lightbox,0,46010,0,42245,0.722254,-0.654542,-0.157993,0.157993,30.2335
lightbox/images/img005906.jpg,lightbox,0,70317,0,71201,0.835478,0.496065,0.234978,0.0261087,16.0481
lightbox/images/img005913.jpg,lightbox,1,55377,1,71075,0.570209,0.793334,0.123958,0.173542,62.0449
lightbox/images/img005918.jpg,lightbox,2,42461,1,24025,-0.639101,0.705215,0.11019,-0.286494,154.113
lightbox/images/img005930.jpg,lightbox,1,12366,1,40023,-0.581047,0.641155,-0.500902,0.0200361,135.293
lightbox/images/img005936.jpg,lightbox,0,25032,1,75000,0.424602,0.799251,0.0249766,0.424602,176.065
lightbox/images/img005940.jpg,lightbox,1,43640,1,70714,0.348062,0.856767,0.240966,0.294514,102.282
lightbox/images/img005946.jpg,lightbox,0,25037,2,24374,-0.469888,0.321503,0.791391,-0.222579,150.989
lightbox/images/img005957.jpg,lightbox,0,70152,0,70147,0.922608,0.317146,0.0864945,0.20182,13.403
lightbox/images/img005961.jpg,lightbox,3,33620,3,31246,0.374646,0.242418,-0.55095,0.705215,38.5349
lightbox/images/img005977.jpg,lightbox,3,70164,2,60315,-0.453858,0.240278,0.854321,0.0800926,162.827
lightbox/images/img005999.jpg,lightbox,3,45133,1,60546,-0.544084,0.756986,0.0709674,0.354837,166.902
lightbox/images/img006002.jpg,lightbox,3,41421,2,11550,0.513697,-0.549124,0.566838,-0.33656,172.555
lightbox/images/img006007.jpg,lightbox,2,25446,2,24155,-0.455158,0.026774,0.856767,-0.240966,24.9437
lightbox/images/img006016.jpg,lightbox,0,26210,0,26061,0.649554,-0.588658,0.42627,-0.223284,11.7108
lightbox/images/img006048.jpg,lightbox,3,63201,0,62335,0.688053,-0.365528,0.623548,0.0645049,139.061
lightbox/images/img006054.jpg,lightbox,0,21657,0,61333,0.904735,-0.028273,0.424094,0.028273,60.4942
lightbox/images/img006055.jpg,lightbox,3,72445,3,67103,-0.121303,0.460953,0.412432,0.776342,21.5938
lightbox/images/img006058.jpg,lightbox,3,34375,2,02517,-0.387667,-0.296452,0.729727,-0.478883,69.2186
lightbox/images/img006061.jpg,lightbox,0,16726,0,07703,0.954905,-0.149204,-0.149204,-0.208885,48.1949
lightbox/images/img006062.jpg,lightbox,0,50327,0,15050,0.634068,0.416107,-0.614253,-0.217961,46.8869
lightbox/images/img006067.jpg,lightbox,0,72125,2,70260,0.0286417,0.372342,0.916533,0.143208,105.614
lightbox/images/img006068.jpg,lightbox,0,64310,0,60375,0.817829,-0.434472,0.332243,0.1789,31.3415
lightbox/images/img006074.jpg,lightbox,2,27102,2,23451,-0.214834,0.405798,0.763856,-0.453539,16.2086
lightbox/images/img006075.jpg,lightbox,1,37024,1,36411,0.186352,0.851896,0.45257,-0.186352,32.4472
lightbox/images/img006082.jpg,lightbox,3,56203,3,56213,0.187958,-0.134255,0.456468,0.859235,10.9656
lightbox/images/img006087.jpg,lightbox,0,64107,2,60515,-0.448769,0.0263982,0.844742,0.29038,161.888
lightbox/images/img006091.jpg,lightbox,2,52556,2,61555,-0.028273,0.028273,0.904735,0.424094,59.4856
lightbox/images/img006106.jpg,lightbox,0,07464,0,06345,0.801253,-0.525822,-0.175274,-0.225352,29.6347
lightbox/images/img006116.jpg,lightbox,3,21030,2,32114,0.269723,0.352715,0.663935,-0.601691,51.9492
lightbox/images/img006125.jpg,lightbox,3,54302,3,05172,-0.0711268,-0.592723,-0.260798,0.758686,81.84
lightbox/images/img006144.jpg,lightbox,1,32406,1,12604,0.0256917,0.822136,-0.179842,-0.539527,72.6605
lightbox/images/img006149.jpg,lightbox,3,43223,0,63003,0.811493,-0.329669,0.481824,0.0253592,153.886
lightbox/images/img006150.jpg,lightbox,2,25226,2,21626,-0.342773,0.342773,0.73125,-0.479882,21.9828
lightbox/images/img006156.jpg,lightbox,2,56733,2,47111,-0.0254906,-0.38236,0.8157,0.433341,62.2782
lightbox/images/img006158.jpg,lightbox,3,51405,1,04137,-0.370354,0.697136,-0.544638,-0.283212,59.0578
lightbox/images/img006159.jpg,lightbox,2,21702,2,21472,-0.278951,0.177514,0.811493,-0.481824,18.2476
lightbox/images/img006160.jpg,lightbox,2,43002,2,16424,0.0292228,-0.321451,0.935129,-0.146114,57.4463
lightbox/images/img006161.jpg,lightbox,0,41412,1,14444,0.0224337,0.717879,-0.695445,-0.0224337,145.873
lightbox/images/img006168.jpg,lightbox,0,45531,0,05641,0.769133,-0.31246,-0.552814,-0.0721062,75.474
lightbox/images/img006169.jpg,lightbox,2,22136,1,14274,0.129488,0.828726,-0.492056,-0.233079,163.836
lightbox/images/img006188.jpg,lightbox,3,43315,3,52720,0.260351,-0.0867835,0.260351,0.925691,38.2921
lightbox/images/img006189.jpg,lightbox,2,32432,1,31444,0.424602,0.799251,0.0249766,-0.424602,94.5027
lightbox/images/img006203.jpg,lightbox,3,41551,1,05546,-0.159961,0.73125,-0.662695,-0.0228515,91.3288
lightbox/images/img006207.jpg,lightbox,1,36642,1,72321,0.246771,0.717879,0.650578,0.0224337,27.2907
lightbox/images/img006215.jpg,lightbox,3,65312,3,65143,-0.129142,0.0774855,0.542398,0.826512,29.2354
lightbox/images/img006217.jpg,lightbox,2,02314,2,02345,-0.454061,-0.151354,0.691902,-0.540548,7.94469
lightbox/images/img006221.jpg,lightbox,0,55766,1,35400,0.46047,0.866766,0.0270864,-0.189605,112.308
lightbox/images/img006222.jpg,lightbox,1,07135,1,07154,-0.0819844,0.8745,-0.409922,-0.245953,19.0105
lightbox/images/img006224.jpg,lightbox,3,07577,0,70440,0.925691,0.0289278,0.0289278,0.376062,140.186
lightbox/images/img006226.jpg,lightbox,0,34051,1,70344,0.2561,0.910577,0.2561,0.199189,135.307
lightbox/images/img006228.jpg,lightbox,1,07136,1,42325,-0.545317,0.830959,-0.0779024,0.0779024,79.9418
lightbox/images/img006234.jpg,lightbox,3,53056,0,50305,0.780024,0.268133,-0.560642,0.0731272,147.882
lightbox/images/img006237.jpg,lightbox,3,25060,1,27441,-0.33667,0.828726,0.440261,-0.0776931,174.69
lightbox/images/img006255.jpg,lightbox,1,75530,1,73040,0.421459,0.793334,0.421459,0.123958,61.2736
lightbox/images/img006262.jpg,lightbox,2,41464,2,25420,-0.412393,0.137464,0.879772,-0.19245,107.313
lightbox/images/img006286.jpg,lightbox,2,24773,2,24523,-0.531178,0.177059,0.809414,-0.177059,28.0804
lightbox/images/img006289.jpg,lightbox,2,27536,1,61314,-0.0895223,0.954905,0.268567,0.0895223,78.9506
lightbox/images/img006293.jpg,lightbox,3,35551,3,07577,-0.0300557,-0.270501,-0.0300557,0.961781,97.0376
lightbox/images/img006297.jpg,lightbox,2,05554,2,41111,-0.0224337,-0.695445,0.717879,0.0224337,5.66872
lightbox/images/img006315.jpg,lightbox,2,67701,3,67125,-0.116216,0.488108,0.441622,0.743784,38.3256
lightbox/images/img006329.jpg,lightbox,1,70553,1,71504,0.594061,0.760398,0.0237624,0.261387,27.0083
lightbox/images/img006333.jpg,lightbox,1,03237,1,44376,-0.404805,0.681778,-0.362194,0.490028,151.24
lightbox/images/img006350.jpg,lightbox,2,03467,2,03315,-0.0228515,-0.159961,0.73125,-0.662695,45.2202
lightbox/images/img006354.jpg,lightbox,1,65343,2,76021,0.0714488,0.500142,0.762121,0.404877,72.2225
lightbox/images/img006360.jpg,lightbox,2,54556,1,05252,-0.266242,0.774521,-0.508279,-0.266242,45.0557
lightbox/images/img006364.jpg,lightbox,2,60171,2,62101,-0.50128,0.405798,0.763856,0.0238705,36.6886
lightbox/images/img006366.jpg,lightbox,0,63105,3,65230,-0.274743,0.324696,0.424602,0.799251,175.212
lightbox/images/img006397.jpg,lightbox,0,17600,0,06765,0.833209,-0.546793,-0.0781133,-0.0260378,120.565
lightbox/images/img006414.jpg,lightbox,2,16131,1,61557,-0.028183,0.901856,0.084549,0.422745,138.791
lightbox/images/img006417.jpg,lightbox,1,14534,1,14414,0.110838,0.709362,-0.687194,-0.110838,23.9656
lightbox/images/img006425.jpg,lightbox,2,60127,2,60512,-0.494718,0.0781133,0.833209,0.23434,22.691
lightbox/images/img006448.jpg,lightbox,1,25546,1,61144,-0.208885,0.954905,0.0298408,0.208885,29.3537
lightbox/images/img006454.jpg,lightbox,0,20050,2,07527,-0.147122,-0.26482,0.941584,-0.147122,164.511
lightbox/images/img006455.jpg,lightbox,3,52606,3,43757,-0.0280056,-0.140028,0.420084,0.896179,16.4766
lightbox/images/img006456.jpg,lightbox,2,33566,2,12526,0.223125,-0.223125,0.793334,-0.520626,91.77
lightbox/images/img006463.jpg,lightbox,1,25211,1,21774,-0.0776931,0.828726,0.33667,-0.440261,23.6461
lightbox/images/img006482.jpg,lightbox,2,45013,1,16621,0.0908257,0.968808,-0.0908257,-0.211927,82.8089
lightbox/images/img006484.jpg,lightbox,3,57147,0,57205,0.755297,0.448458,-0.165221,0.448458,117.574
lightbox/images/img006485.jpg,lightbox,2,42456,0,21214,0.703849,-0.241948,0.197958,-0.637864,131.142
lightbox/images/img006508.jpg,lightbox,3,16721,1,50610,0.122757,0.785646,-0.564683,0.220963,146.505
lightbox/images/img006509.jpg,lightbox,2,45020,2,21542,-0.184274,0.0789747,0.842397,-0.500173,132.426
lightbox/images/img006515.jpg,lightbox,1,75246,1,75045,0.434179,0.73125,0.0228515,0.525586,26.9239
lightbox/images/img006519.jpg,lightbox,0,60546,0,64301,0.74702,-0.490232,0.210099,0.396854,18.9121
lightbox/images/img006525.jpg,lightbox,2,70503,2,70740,0.244497,0.244497,0.869321,0.353162,23.9184
lightbox/images/img006527.jpg,lightbox,0,16265,2,61704,-0.196039,0.25205,0.896179,0.308062,144.033
lightbox/images/img006528.jpg,lightbox,2,66150,2,60565,-0.507093,0.120736,0.772712,0.362209,33.8668
lightbox/images/img006532.jpg,lightbox,0,41476,0,40527,0.680543,-0.446606,-0.531674,0.233937,27.252
lightbox/images/img006548.jpg,lightbox,0,61535,0,61145,0.965275,-0.150824,0.0301648,0.211154,25.9637
lightbox/images/img006567.jpg,lightbox,3,37002,0,34033,0.871899,0.190728,0.190728,-0.408703,173.624
lightbox/images/img006569.jpg,lightbox,1,50035,1,50027,0.0734773,0.783758,-0.612311,0.0734773,11.1872
lightbox/images/img006597.jpg,lightbox,2,51765,3,62235,-0.5001,0.580116,0.060012,0.640128,149.818
lightbox/images/img006601.jpg,lightbox,3,73060,0,73006,0.780024,0.414388,0.463139,0.0731272,101.1
lightbox/images/img006607.jpg,lightbox,0,55277,0,53042,0.824315,0.437917,-0.334878,0.128799,43.3486
lightbox/images/img006610.jpg,lightbox,1,11136,3,65026,-0.368271,0.17186,0.466477,0.785646,93.338
lightbox/images/img006614.jpg,lightbox,0,37060,0,37144,0.712167,0.55638,0.378339,-0.200297,20.6488
lightbox/images/img006615.jpg,lightbox,1,13663,1,03433,-0.217325,0.772712,-0.217325,-0.555387,82.5613
lightbox/images/img006616.jpg,lightbox,3,16056,3,16073,0.196039,-0.25205,-0.308062,0.896179,11.7575
lightbox/images/img006632.jpg,lightbox,0,61641,3,61705,-0.141365,0.254457,0.311003,0.904735,158.184
lightbox/images/img006634.jpg,lightbox,0,74116,1,61704,-0.196039,0.896179,0.25205,0.308062,145.153
lightbox/images/img006647.jpg,lightbox,0,07506,1,50760,0.222579,0.791391,-0.469888,0.321503,162.96
lightbox/images/img006664.jpg,lightbox,3,75242,0,72447,0.795292,0.0745586,0.472205,0.372793,65.4379
lightbox/images/img006665.jpg,lightbox,1,53424,2,52520,0.248946,-0.304267,0.88514,0.248946,139.773
lightbox/images/img006668.jpg,lightbox,2,00427,1,30575,0.379413,0.809414,0.126471,-0.430001,142.673
lightbox/images/img006671.jpg,lightbox,2,04137,2,05215,-0.211955,-0.541664,0.753619,-0.306158,17.4146
lightbox/images/img006673.jpg,lightbox,3,41654,0,42745,0.767362,-0.503581,-0.16786,0.359701,148.31
lightbox/images/img006674.jpg,lightbox,3,02342,1,02771,-0.414388,0.780024,-0.0731272,-0.463139,161.582
lightbox/images/img006679.jpg,lightbox,2,05736,2,05734,-0.0796398,-0.504385,0.849491,-0.132733,5.05958
lightbox/images/img006684.jpg,lightbox,3,21440,3,21424,-0.362209,0.120736,-0.507093,0.772712,11.1899
lightbox/images/img006686.jpg,lightbox,2,12324,2,30166,0.21338,0.165963,0.758686,-0.592723,29.7167
lightbox/images/img006696.jpg,lightbox,3,20355,3,74014,0.133109,0.0266217,0.505813,0.851896,146.326
lightbox/images/img006704.jpg,lightbox,0,56063,3,60535,-0.445063,0.130901,0.287982,0.837765,176.511
lightbox/images/img006709.jpg,lightbox,0,35276,0,35770,0.707972,0.641599,0.287613,-0.0663723,24.5001
lightbox/images/img006711.jpg,lightbox,3,16212,3,07233,-0.246691,-0.0274101,-0.411152,0.877124,44.5733
lightbox/images/img006727.jpg,lightbox,0,24444,1,04273,-0.55095,0.705215,-0.374646,-0.242418,54.2334
lightbox/images/img006733.jpg,lightbox,0,60106,2,03237,-0.203967,-0.022663,0.725215,-0.657226,164.051
lightbox/images/img006736.jpg,lightbox,2,50214,2,50613,0.175274,-0.525822,0.801253,0.225352,17.7821
sunlamp/images/img000005.jpg,sunlamp,3,57537,2,56211,0.186352,-0.186352,0.851896,0.45257,61.4462
sunlamp/images/img000022.jpg,sunlamp,3,70166,1,67101,-0.123958,0.793334,0.421459,0.421459,101.518
sunlamp/images/img000030.jpg,sunlamp,0,42170,2,12265,0.0734773,-0.0734773,0.783758,-0.612311,157.705
sunlamp/images/img000031.jpg,sunlamp,2,70435,2,70471,0.196657,0.140469,0.899004,0.36522,6.44894
sunlamp/images/img000033.jpg,sunlamp,3,07240,1,07617,-0.26482,0.941584,-0.147122,-0.147122,159.814
sunlamp/images/img000034.jpg,sunlamp,1,07625,1,16661,0.092538,0.987072,-0.092538,-0.092538,56.39
sunlamp/images/img000039.jpg,sunlamp,3,24006,2,16267,0.0898429,-0.0299476,0.958324,-0.269529,117.616
sunlamp/images/img000040.jpg,sunlamp,1,25003,1,23564,-0.164854,0.753619,0.494563,-0.40036,54.0471
sunlamp/images/img000043.jpg,sunlamp,0,61033,2,07761,-0.153069,-0.0918415,0.979643,-0.0918415,169.861
sunlamp/images/img000045.jpg,sunlamp,1,04567,2,61111,-0.0312043,0.0312043,0.998538,0.0312043,119.487
sunlamp/images/img000052.jpg,sunlamp,3,33145,2,32001,0.0627868,0.355792,0.669726,-0.648797,110.536
sunlamp/images/img000054.jpg,sunlamp,0,47712,3,64171,-0.403052,0.118545,0.497888,0.758686,169.598
sunlamp/images/img000060.jpg,sunlamp,3,17034,0,43246,0.879772,-0.412393,-0.137464,0.19245,85.2169
sunlamp/images/img000062.jpg,sunlamp,2,45643,3,47540,-0.151354,-0.324329,0.627036,0.691902,22.8699
sunlamp/images/img000066.jpg,sunlamp,3,52624,3,52760,0.251263,-0.0837545,0.362936,0.893381,23.1009
sunlamp/images/img000072.jpg,sunlamp,3,27451,3,22735,-0.333718,0.569284,-0.41224,0.628176,48.9668
sunlamp/images/img000074.jpg,sunlamp,2,74303,2,76100,0.219382,0.414388,0.780024,0.414388,17.8328
sunlamp/images/img000076.jpg,sunlamp,3,42321,3,07245,-0.357407,-0.19245,-0.247436,0.879772,38.0298
sunlamp/images/img000078.jpg,sunlamp,0,00352,0,02761,0.74702,-0.490232,-0.0700331,-0.443543,45.0018
sunlamp/images/img000079.jpg,sunlamp,2,14634,2,50272,0.135432,-0.46047,0.866766,0.135432,28.8427
sunlamp/images/img000081.jpg,sunlamp,3,25337,3,02673,-0.557486,-0.0222994,-0.423689,0.713582,82.3761
sunlamp/images/img000084.jpg,sunlamp,1,02172,0,06265,0.72373,-0.65588,-0.0678497,-0.203549,103.063
sunlamp/images/img000089.jpg,sunlamp,2,64141,1,06246,-0.67793,0.699798,-0.109344,-0.196818,162.757
sunlamp/images/img000096.jpg,sunlamp,2,06756,1,21265,-0.291638,0.717879,0.291638,-0.560843,143.053
sunlamp/images/img000097.jpg,sunlamp,2,27217,2,27431,-0.225352,0.525822,0.801253,-0.175274,18.7425
sunlamp/images/img000098.jpg,sunlamp,1,75426,2,17126,0.57369,-0.206529,0.734324,-0.298319,179.035
sunlamp/images/img000099.jpg,sunlamp,0,07524,0,06761,0.830959,-0.545317,-0.0779024,-0.0779024,46.8085
sunlamp/images/img000104.jpg,sunlamp,1,41426,1,43631,-0.260351,0.925691,-0.0867835,0.260351,61.2351
sunlamp/images/img000105.jpg,sunlamp,2,12165,1,16747,0.321451,0.935129,-0.146114,-0.0292228,149.772
sunlamp/images/img000106.jpg,sunlamp,1,52145,1,56123,0.282609,0.822136,-0.231226,0.43676,36.1093
sunlamp/images/img000107.jpg,sunlamp,3,62600,3,07761,-0.153069,-0.0918415,-0.0918415,0.979643,100.378
sunlamp/images/img000114.jpg,sunlamp,0,61327,2,23565,-0.118545,0.497888,0.758686,-0.403052,166.087
sunlamp/images/img000116.jpg,sunlamp,1,76262,1,61521,-0.147122,0.941584,0.147122,0.26482,70.2523
sunlamp/images/img000117.jpg,sunlamp,2,04005,2,12365,0.260798,-0.0711268,0.758686,-0.592723,121.552
sunlamp/images/img000118.jpg,sunlamp,2,06313,2,03265,-0.30414,-0.0701862,0.748653,-0.584885,26.4411
sunlamp/images/img000122.jpg,sunlamp,0,60141,0,03666,0.8157,-0.38236,-0.0254906,-0.433341,66.431
sunlamp/images/img000124.jpg,sunlamp,0,75536,1,56063,0.0760775,0.811493,-0.228232,0.532542,82.1959
sunlamp/images/img000126.jpg,sunlamp,1,71357,3,13266,0.386065,-0.0227097,-0.567742,0.72671,155.447
sunlamp/images/img000128.jpg,sunlamp,0,24133,0,61605,0.856767,-0.348062,0.240966,0.294514,79.9049
sunlamp/images/img000136.jpg,sunlamp,0,57735,1,53063,0.492056,0.828726,-0.233079,0.129488,59.0532
sunlamp/images/img000140.jpg,sunlamp,3,34422,3,07567,-0.148675,-0.267615,-0.0297351,0.951522,59.5638
sunlamp/images/img000141.jpg,sunlamp,2,43142,2,16526,0.258625,-0.258625,0.919555,-0.143681,62.6801
sunlamp/images/img000142.jpg,sunlamp,3,12602,3,02316,-0.400466,-0.105386,-0.611238,0.674469,52.7227
sunlamp/images/img000144.jpg,sunlamp,2,61522,2,61126,-0.208145,0.208145,0.951522,0.0892052,19.5195
sunlamp/images/img000148.jpg,sunlamp,1,06760,1,56201,0.0810219,0.864234,-0.189051,0.459124,100.61
sunlamp/images/img000149.jpg,sunlamp,2,41024,1,25164,-0.203864,0.931951,0.145617,-0.262111,129.43
sunlamp/images/img000158.jpg,sunlamp,0,73646,2,72444,0.0254906,0.433341,0.8157,0.38236,82.313
sunlamp/images/img000160.jpg,sunlamp,1,34156,1,25167,-0.145617,0.931951,0.203864,-0.262111,62.9379
sunlamp/images/img000161.jpg,sunlamp,0,35247,1,36560,0.228232,0.811493,0.532542,-0.0760775,83.1907
sunlamp/images/img000165.jpg,sunlamp,2,72034,2,63103,-0.133109,0.505813,0.851896,0.0266217,29.1054
sunlamp/images/img000167.jpg,sunlamp,3,46627,3,02576,-0.453539,-0.214834,-0.405798,0.763856,115.411
sunlamp/images/img000176.jpg,sunlamp,2,63702,2,63237,-0.197576,0.680538,0.702491,0.0658586,17.2382
sunlamp/images/img000177.jpg,sunlamp,2,12767,1,17226,0.441447,0.830959,-0.0259675,-0.337577,151.275
sunlamp/images/img000178.jpg,sunlamp,3,27130,3,03227,-0.288178,-0.0221676,-0.642859,0.709362,76.3147
sunlamp/images/img000179.jpg,sunlamp,2,16555,1,70615,0.196039,0.896179,0.25205,0.308062,174.105
sunlamp/images/img000181.jpg,sunlamp,3,70612,3,70167,0.312002,0.198547,0.198547,0.907642,26.2832
sunlamp/images/img000182.jpg,sunlamp,0,31077,1,31465,0.460953,0.776342,0.121303,-0.412432,45.0725
sunlamp/images/img000196.jpg,sunlamp,1,51424,1,52523,0.304267,0.88514,-0.248946,0.248946,45.6595
sunlamp/images/img000197.jpg,sunlamp,1,72175,1,72124,0.228232,0.811493,0.532542,0.0760775,18.6826
sunlamp/images/img000198.jpg,sunlamp,1,44761,3,46331,-0.423547,-0.0747435,0.423547,0.797264,128.81
sunlamp/images/img000200.jpg,sunlamp,2,37371,2,35064,0.451292,0.132733,0.849491,-0.238919,56.1449
sunlamp/images/img000203.jpg,sunlamp,2,07530,2,52205,0.0908257,-0.211927,0.968808,0.0908257,38.5289
sunlamp/images/img000206.jpg,sunlamp,1,73000,1,73004,0.423547,0.797264,0.423547,0.0747435,6.81966
sunlamp/images/img000207.jpg,sunlamp,0,22321,0,72124,0.811493,0.228232,0.532542,0.0760775,105.383
sunlamp/images/img000208.jpg,sunlamp,2,52734,2,52615,0.198547,-0.198547,0.907642,0.312002,23.4451
sunlamp/images/img000213.jpg,sunlamp,1,47225,1,16744,0.26482,0.941584,-0.205971,-0.0294245,94.4142
sunlamp/images/img000214.jpg,sunlamp,1,07340,1,16261,0.0879694,0.93834,-0.0879694,-0.322554,38.6547
sunlamp/images/img000219.jpg,sunlamp,2,35602,2,14726,0.238919,-0.451292,0.849491,-0.132733,91.7269
sunlamp/images/img000220.jpg,sunlamp,2,34150,2,16623,0.0911606,-0.0303869,0.972379,-0.212708,33.1808
sunlamp/images/img000227.jpg,sunlamp,3,34161,3,07507,-0.141819,-0.368729,-0.141819,0.907642,82.3779
sunlamp/images/img000228.jpg,sunlamp,2,52241,2,52274,0.150278,-0.090167,0.961781,0.21039,20.731
sunlamp/images/img000233.jpg,sunlamp,0,52642,2,70445,0.084549,0.028183,0.901856,0.422745,166.439
sunlamp/images/img000235.jpg,sunlamp,3,61555,3,43745,-0.137464,-0.19245,0.412393,0.879772,28.3947
sunlamp/images/img000237.jpg,sunlamp,1,10644,1,27521,-0.127453,0.8157,0.535303,-0.178434,132.526
sunlamp/images/img000239.jpg,sunlamp,0,65451,0,07647,0.916533,-0.372342,-0.143208,-0.0286417,89.5732
sunlamp/images/img000241.jpg,sunlamp,2,77475,3,47177,-0.024731,-0.222579,0.568812,0.791391,93.3474
sunlamp/images/img000247.jpg,sunlamp,3,35322,3,33061,0.375888,0.415455,-0.534156,0.633074,32.9645
sunlamp/images/img000252.jpg,sunlamp,1,65333,1,16617,0.208885,0.954905,-0.149204,-0.149204,96.3166
sunlamp/images/img000254.jpg,sunlamp,0,16462,0,66262,0.549848,-0.532665,0.532665,0.360838,139.127
sunlamp/images/img000255.jpg,sunlamp,1,03063,0,60242,0.6932,-0.671537,0.238287,0.108312,73.6484
sunlamp/images/img000256.jpg,sunlamp,0,25330,0,07667,0.925691,-0.376062,-0.0289278,-0.0289278,68.9812
sunlamp/images/img000257.jpg,sunlamp,3,34573,3,07617,-0.26482,-0.147122,-0.147122,0.941584,87.1438
sunlamp/images/img000260.jpg,sunlamp,2,75042,2,56211,0.186352,-0.186352,0.851896,0.45257,39.1387
sunlamp/images/img000261.jpg,sunlamp,2,43225,2,43221,-0.374809,-0.0864945,0.922608,0.0288315,5.27803
sunlamp/images/img000262.jpg,sunlamp,0,23555,0,30760,0.791391,0.222579,0.321503,-0.469888,30.9299
sunlamp/images/img000267.jpg,sunlamp,1,60525,1,60571,-0.437917,0.824315,0.128799,0.334878,11.8441
sunlamp/images/img000272.jpg,sunlamp,3,42237,1,07617,-0.26482,0.941584,-0.147122,-0.147122,178.373
sunlamp/images/img000273.jpg,sunlamp,0,41672,2,16566,0.261226,-0.261226,0.928805,-0.0290252,167.966
sunlamp/images/img000274.jpg,sunlamp,3,25537,3,07731,-0.0303869,-0.0911606,-0.212708,0.972379,37.1329
sunlamp/images/img000277.jpg,sunlamp,3,31733,3,07037,-0.244497,-0.244497,-0.353162,0.869321,125.113
sunlamp/images/img000278.jpg,sunlamp,0,00151,2,62151,-0.421459,0.421459,0.793334,0.123958,55.3514
sunlamp/images/img000280.jpg,sunlamp,2,24511,2,17661,0.507253,-0.0800926,0.854321,-0.0800926,115.033
sunlamp/images/img000282.jpg,sunlamp,2,06747,2,27015,-0.227648,0.430001,0.809414,-0.328824,83.7397
sunlamp/images/img000283.jpg,sunlamp,3,06533,3,06353,-0.445063,-0.130901,-0.287982,0.837765,15.9904
sunlamp/images/img000291.jpg,sunlamp,2,40717,2,26164,-0.504916,0.46101,0.702491,-0.197576,127.209
sunlamp/images/img000297.jpg,sunlamp,1,47453,2,17244,0.447523,-0.184274,0.842397,-0.236924,104.258
sunlamp/images/img000298.jpg,sunlamp,0,36446,3,16263,0.0882735,-0.0294245,-0.323669,0.941584,166.241
sunlamp/images/img000307.jpg,sunlamp,3,41354,2,11603,0.391524,-0.432737,0.659408,-0.47395,174.107
sunlamp/images/img000315.jpg,sunlamp,2,64362,1,60041,-0.666887,0.735875,0.0229961,0.114981,101.751
sunlamp/images/img000317.jpg,sunlamp,3,25212,1,07567,-0.148675,0.951522,-0.267615,-0.0297351,131.626
sunlamp/images/img000318.jpg,sunlamp,0,01272,3,07237,-0.25205,-0.0280056,-0.364073,0.896179,110.685
sunlamp/images/img000319.jpg,sunlamp,1,61570,1,16427,0.0888913,0.948174,-0.266674,-0.148152,82.9203
sunlamp/images/img000320.jpg,sunlamp,2,35663,2,73000,0.424602,0.424602,0.799251,0.0249766,13.9363
sunlamp/images/img000323.jpg,sunlamp,3,61463,1,70305,0.313011,0.910577,0.2561,0.0853666,155.154
sunlamp/images/img000324.jpg,sunlamp,3,23450,3,22167,-0.410347,0.449428,-0.488509,0.625291,21.5079
sunlamp/images/img000333.jpg,sunlamp,0,53032,2,16563,0.313011,-0.2561,0.910577,-0.0853666,169.595
sunlamp/images/img000335.jpg,sunlamp,3,21542,3,03723,-0.125828,-0.0251657,-0.578811,0.805302,16.6118
sunlamp/images/img000340.jpg,sunlamp,1,36140,2,25303,-0.13387,0.294514,0.856767,-0.40161,93.2838
sunlamp/images/img000341.jpg,sunlamp,3,32034,3,03327,-0.114981,-0.0229961,-0.666887,0.735875,59.1378
sunlamp/images/img000342.jpg,sunlamp,2,47114,1,06761,-0.545317,0.830959,-0.0779024,-0.0779024,136.181
sunlamp/images/img000343.jpg,sunlamp,3,14335,3,14061,0.0691347,-0.622212,-0.253494,0.737437,37.0197
sunlamp/images/img000345.jpg,sunlamp,1,57302,2,31660,0.395992,0.302817,0.745396,-0.442579,159.04
sunlamp/images/img000346.jpg,sunlamp,2,73622,1,72161,0.27406,0.797264,0.523205,0.124573,25.6636
sunlamp/images/img000348.jpg,sunlamp,3,16444,3,07621,-0.367549,-0.0848189,-0.197911,0.904735,63.6277
sunlamp/images/img000349.jpg,sunlamp,2,46125,2,42505,-0.493469,-0.352478,0.751953,0.258484,23.1758
sunlamp/images/img000351.jpg,sunlamp,2,26100,2,26166,-0.494538,0.494538,0.688053,-0.193515,20.7142
sunlamp/images/img000352.jpg,sunlamp,1,16375,1,16361,0.308062,0.896179,-0.0840168,-0.308062,14.6845
sunlamp/images/img000353.jpg,sunlamp,1,12645,1,27055,-0.23434,0.833209,0.442642,-0.23434,87.7326
sunlamp/images/img000356.jpg,sunlamp,2,50365,2,52413,0.19245,-0.357407,0.879772,0.247436,20.0793
sunlamp/images/img000358.jpg,sunlamp,0,31411,3,13266,0.386065,-0.0227097,-0.567742,0.72671,166.749
sunlamp/images/img000359.jpg,sunlamp,0,51241,2,13264,0.385271,-0.0679889,0.725215,-0.566575,158.171
sunlamp/images/img000360.jpg,sunlamp,1,21701,2,22565,-0.448231,0.448231,0.683019,-0.362854,82.2515
sunlamp/images/img000361.jpg,sunlamp,2,42162,2,16261,0.0879694,-0.0879694,0.93834,-0.322554,94.6821
sunlamp/images/img000363.jpg,sunlamp,1,15663,1,16571,0.403933,0.861723,-0.296217,-0.0807866,18.197
sunlamp/images/img000364.jpg,sunlamp,0,53171,2,12265,0.0734773,-0.0734773,0.783758,-0.612311,149.829
sunlamp/images/img000365.jpg,sunlamp,3,52512,3,52506,0.240966,-0.348062,0.294514,0.856767,15.5588
sunlamp/images/img000375.jpg,sunlamp,1,75267,1,16467,0.0898429,0.958324,-0.269529,-0.0299476,106.502
sunlamp/images/img000376.jpg,sunlamp,2,72074,2,76200,0.0227097,0.567742,0.72671,0.386065,27.307
sunlamp/images/img000377.jpg,sunlamp,3,02046,3,02127,-0.429826,-0.184211,-0.59357,0.654974,24.8438
sunlamp/images/img000379.jpg,sunlamp,2,70103,2,70120,0.267615,0.148675,0.951522,0.0297351,8.5223
sunlamp/images/img000380.jpg,sunlamp,2,27501,2,27541,-0.136234,0.463196,0.871899,-0.0817405,10.3857
sunlamp/images/img000382.jpg,sunlamp,1,14664,1,70411,0.205971,0.941584,0.0294245,0.26482,71.5827
sunlamp/images/img000383.jpg,sunlamp,3,70317,2,61545,-0.140028,0.0280056,0.896179,0.420084,133.903
sunlamp/images/img000384.jpg,sunlamp,0,25071,0,62370,0.674469,-0.400466,0.611238,0.105386,77.9554
sunlamp/images/img000386.jpg,sunlamp,0,06334,1,07565,-0.146114,0.935129,-0.321451,-0.0292228,115.044
sunlamp/images/img000388.jpg,sunlamp,0,05336,2,16241,0.0864945,-0.20182,0.922608,-0.317146,153.643
sunlamp/images/img000389.jpg,sunlamp,2,37126,2,12225,0.0691347,-0.0691347,0.737437,-0.668302,94.3528
sunlamp/images/img000394.jpg,sunlamp,2,50461,2,07751,-0.0303869,-0.212708,0.972379,-0.0911606,71.5599
sunlamp/images/img000395.jpg,sunlamp,0,13460,3,70023,0.0911606,0.212708,0.0303869,0.972379,144.199
sunlamp/images/img000397.jpg,sunlamp,0,27566,3,26167,-0.46101,0.504916,-0.197576,0.702491,106.187
sunlamp/images/img000398.jpg,sunlamp,1,52163,1,16611,0.204559,0.935129,-0.204559,-0.204559,43.3633
sunlamp/images/img000399.jpg,sunlamp,3,34565,3,16261,0.0879694,-0.0879694,-0.322554,0.93834,53.9259
sunlamp/images/img000401.jpg,sunlamp,2,27750,2,07773,-0.0310835,-0.0310835,0.994672,-0.0932505,80.0718
sunlamp/images/img000402.jpg,sunlamp,3,70507,3,52313,0.420084,-0.140028,0.0280056,0.896179,40.3075
sunlamp/images/img000404.jpg,sunlamp,3,36472,3,06337,-0.441447,-0.0259675,-0.337577,0.830959,103.123
sunlamp/images/img000407.jpg,sunlamp,2,43754,2,43162,-0.203864,-0.262111,0.931951,0.145617,33.9261
sunlamp/images/img000409.jpg,sunlamp,1,74300,1,43567,-0.135831,0.869321,-0.244497,0.407494,68.9782
sunlamp/images/img000411.jpg,sunlamp,3,30140,3,20115,-0.366206,0.0215415,-0.624704,0.689329,65.8267
sunlamp/images/img000412.jpg,sunlamp,1,42715,1,67103,-0.121303,0.776342,0.460953,0.412432,83.0357
sunlamp/images/img000419.jpg,sunlamp,1,01260,0,02746,0.74059,-0.532299,-0.115717,-0.393438,140.389
sunlamp/images/img000423.jpg,sunlamp,3,62353,0,26623,0.596803,-0.540853,0.578153,-0.130551,108.231
sunlamp/images/img000425.jpg,sunlamp,1,72026,1,27471,-0.228232,0.811493,0.532542,-0.0760775,34.0936
sunlamp/images/img000426.jpg,sunlamp,3,03756,3,06373,-0.448769,-0.0263982,-0.29038,0.844742,50.8273
sunlamp/images/img000429.jpg,sunlamp,3,63030,1,16267,0.0898429,0.958324,-0.0299476,-0.269529,150.56
sunlamp/images/img000432.jpg,sunlamp,1,34161,1,05517,-0.0229961,0.735875,-0.666887,-0.114981,109.156
sunlamp/images/img000436.jpg,sunlamp,1,21524,1,26145,-0.490232,0.74702,0.396854,-0.210099,62.5321
sunlamp/images/img000439.jpg,sunlamp,0,43526,2,53246,0.456468,-0.134255,0.859235,0.187958,146.79
sunlamp/images/img000440.jpg,sunlamp,0,15271,2,17226,0.441447,-0.0259675,0.830959,-0.337577,176.818
sunlamp/images/img000442.jpg,sunlamp,2,17106,2,17661,0.507253,-0.0800926,0.854321,-0.0800926,38.3989
sunlamp/images/img000443.jpg,sunlamp,2,05772,2,07745,-0.150824,-0.211154,0.965275,-0.0301648,30.7462
sunlamp/images/img000449.jpg,sunlamp,0,46102,1,14661,0.0800926,0.854321,-0.507253,-0.0800926,148.904
sunlamp/images/img000451.jpg,sunlamp,1,06633,2,60761,-0.494563,0.306158,0.753619,0.306158,122.584
sunlamp/images/img000452.jpg,sunlamp,2,27735,2,36600,0.0242607,0.606517,0.776342,-0.169825,14.0392
sunlamp/images/img000458.jpg,sunlamp,0,06331,0,07265,0.893381,-0.362936,-0.0837545,-0.251263,17.7034
sunlamp/images/img000461.jpg,sunlamp,3,73103,3,70003,0.0928922,0.0928922,0.0309641,0.99085,75.4713
sunlamp/images/img000464.jpg,sunlamp,0,52630,2,43511,-0.0274101,-0.411152,0.877124,0.246691,168.756
sunlamp/images/img000466.jpg,sunlamp,2,40331,2,16015,0.182761,-0.39163,0.835478,-0.339413,83.8478
sunlamp/images/img000478.jpg,sunlamp,0,25511,0,34063,0.922608,0.0864945,0.20182,-0.317146,22.5673
sunlamp/images/img000479.jpg,sunlamp,0,55374,0,50265,0.842397,0.0789747,-0.500173,0.184274,69.1977
sunlamp/images/img000485.jpg,sunlamp,2,41206,1,27561,-0.129142,0.826512,0.542398,-0.0774855,175.533
sunlamp/images/img000490.jpg,sunlamp,2,43756,2,43747,-0.138728,-0.138728,0.887862,0.416185,7.25108
sunlamp/images/img000492.jpg,sunlamp,2,43603,1,27411,-0.236924,0.842397,0.447523,-0.184274,143.462
sunlamp/images/img000497.jpg,sunlamp,0,70460,0,70605,0.910577,0.0853666,0.2561,0.313011,16.5384
sunlamp/images/img000499.jpg,sunlamp,0,63213,3,26167,-0.46101,0.504916,-0.197576,0.702491,109.896
sunlamp/images/img000500.jpg,sunlamp,1,63533,1,63411,-0.23434,0.833209,0.442642,0.23434,29.9305
sunlamp/images/img000514.jpg,sunlamp,1,42521,1,46131,-0.409549,0.770916,-0.265003,0.409549,26.6371
sunlamp/images/img000516.jpg,sunlamp,1,70354,1,70144,0.26482,0.941584,0.0294245,0.205971,28.2817
sunlamp/images/img000517.jpg,sunlamp,3,56204,3,56211,0.186352,-0.186352,0.45257,0.851896,21.4032
sunlamp/images/img000518.jpg,sunlamp,3,46131,3,40333,-0.424602,-0.424602,0.0249766,0.799251,48.75
sunlamp/images/img000519.jpg,sunlamp,0,56431,0,06267,0.725215,-0.657226,-0.022663,-0.203967,144.661
sunlamp/images/img000522.jpg,sunlamp,2,17626,2,16747,0.321451,-0.146114,0.935129,-0.0292228,26.31
sunlamp/images/img000526.jpg,sunlamp,0,43566,2,16741,0.317146,-0.20182,0.922608,-0.0864945,173.045
sunlamp/images/img000532.jpg,sunlamp,3,35533,1,50267,0.0810219,0.864234,-0.459124,0.189051,133.752
sunlamp/images/img000538.jpg,sunlamp,2,16523,2,16723,0.318206,-0.0289278,0.925691,-0.202495,27.1476
sunlamp/images/img000540.jpg,sunlamp,3,25104,3,07621,-0.367549,-0.0848189,-0.197911,0.904735,29.2215
sunlamp/images/img000541.jpg,sunlamp,1,42407,3,26131,-0.382143,0.472059,-0.337185,0.719328,65.1548
sunlamp/images/img000545.jpg,sunlamp,1,63443,1,62171,-0.403052,0.758686,0.497888,0.118545,25.4045
sunlamp/images/img000547.jpg,sunlamp,2,71605,2,17166,0.587463,-0.211487,0.751953,-0.211487,77.5639
sunlamp/images/img000550.jpg,sunlamp,1,54127,2,52021,0.0882735,-0.323669,0.941584,0.0294245,90.0134
sunlamp/images/img000551.jpg,sunlamp,3,06260,1,16261,0.0879694,0.93834,-0.0879694,-0.322554,140.986
sunlamp/images/img000553.jpg,sunlamp,3,07113,3,03211,-0.195698,-0.15221,-0.674072,0.695817,44.6387
sunlamp/images/img000554.jpg,sunlamp,3,21655,3,02731,-0.395135,-0.0697297,-0.534595,0.743784,44.2199
sunlamp/images/img000557.jpg,sunlamp,3,70315,3,07517,-0.0286417,-0.372342,-0.143208,0.916533,93.6644
sunlamp/images/img000559.jpg,sunlamp,3,00713,2,07363,-0.146114,-0.0292228,0.935129,-0.321451,107.466
sunlamp/images/img000561.jpg,sunlamp,2,55462,2,60015,-0.613786,0.0245514,0.785646,0.0736543,144.173
sunlamp/images/img000563.jpg,sunlamp,0,25114,0,25266,0.811493,-0.380387,0.380387,-0.228232,54.4227
sunlamp/images/img000571.jpg,sunlamp,3,42127,3,06377,-0.455158,-0.026774,-0.240966,0.856767,43.1335
sunlamp/images/img000573.jpg,sunlamp,3,43776,3,07745,-0.150824,-0.211154,-0.0301648,0.965275,55.9316
sunlamp/images/img000576.jpg,sunlamp,2,07731,2,16625,0.0918415,-0.0918415,0.979643,-0.153069,16.4407
sunlamp/images/img000579.jpg,sunlamp,3,41574,3,17022,0.422499,-0.223676,-0.372793,0.795292,114.255
sunlamp/images/img000581.jpg,sunlamp,2,43762,1,06737,-0.464578,0.8745,-0.0273281,-0.136641,177.407
sunlamp/images/img000582.jpg,sunlamp,0,65127,0,60362,0.753619,-0.541664,0.353259,0.117753,68.3985
sunlamp/images/img000583.jpg,sunlamp,1,40356,2,56213,0.187958,-0.134255,0.859235,0.456468,114.904
sunlamp/images/img000584.jpg,sunlamp,1,50002,2,16472,0.148152,-0.266674,0.948174,-0.0888913,67.1274
sunlamp/images/img000586.jpg,sunlamp,1,15066,1,17062,0.43676,0.822136,-0.231226,-0.282609,40.5713
sunlamp/images/img000587.jpg,sunlamp,0,71770,1,71240,0.451292,0.849491,0.238919,0.132733,42.0949
sunlamp/images/img000598.jpg,sunlamp,0,60464,1,02366,-0.492719,0.685522,-0.0214226,-0.535564,33.5206
sunlamp/images/img000599.jpg,sunlamp,2,50251,2,50623,0.0800926,-0.453858,0.854321,0.240278,22.337
sunlamp/images/img000601.jpg,sunlamp,2,25525,2,25161,-0.144639,0.144639,0.925691,-0.318206,21.9691
sunlamp/images/img000602.jpg,sunlamp,2,64544,1,16265,0.0895223,0.954905,-0.0895223,-0.268567,150.542
sunlamp/images/img000606.jpg,sunlamp,1,47355,1,52416,0.136641,0.8745,-0.355266,0.300609,41.0259
sunlamp/images/img000608.jpg,sunlamp,2,04266,3,12215,0.157993,-0.157993,-0.654542,0.722254,104.467
sunlamp/images/img000611.jpg,sunlamp,1,32346,2,17066,0.442642,-0.23434,0.833209,-0.23434,119.202
sunlamp/images/img000613.jpg,sunlamp,0,07420,0,06265,0.72373,-0.65588,-0.0678497,-0.203549,39.3146
sunlamp/images/img000616.jpg,sunlamp,0,47652,0,07567,0.951522,-0.148675,-0.267615,-0.0297351,87.6531
sunlamp/images/img000620.jpg,sunlamp,1,13576,3,17207,0.478148,-0.125828,-0.327154,0.805302,178.331
sunlamp/images/img000633.jpg,sunlamp,0,21610,2,72165,0.272041,0.51935,0.791391,0.173117,163.957
sunlamp/images/img000647.jpg,sunlamp,2,34532,2,52164,0.25205,-0.308062,0.896179,0.196039,78.9279
sunlamp/images/img000648.jpg,sunlamp,1,27056,1,27161,-0.124573,0.797264,0.523205,-0.27406,19.0801
sunlamp/images/img000654.jpg,sunlamp,3,14753,3,12721,0.268133,-0.0731272,-0.560642,0.780024,73.9095
sunlamp/images/img000662.jpg,sunlamp,1,36624,1,63121,-0.129488,0.828726,0.543852,0.0258977,29.0347
sunlamp/images/img000668.jpg,sunlamp,2,23772,2,17661,0.507253,-0.0800926,0.854321,-0.0800926,118.935
sunlamp/images/img000682.jpg,sunlamp,2,70631,2,61175,-0.0301648,0.150824,0.965275,0.211154,36.4522
sunlamp/images/img000690.jpg,sunlamp,2,27164,2,27415,-0.238919,0.451292,0.849491,-0.132733,16.7117
sunlamp/images/img000691.jpg,sunlamp,3,30165,1,53046,0.434472,0.817829,-0.332243,0.1789,113.731
sunlamp/images/img000692.jpg,sunlamp,2,15360,2,17164,0.581081,-0.255676,0.743784,-0.209189,18.9977
sunlamp/images/img000694.jpg,sunlamp,0,16310,0,31461,0.760398,0.451486,0.118812,-0.451486,38.4364
sunlamp/images/img000695.jpg,sunlamp,1,25170,1,25275,-0.244497,0.869321,0.353162,-0.244497,33.0048
sunlamp/images/img000696.jpg,sunlamp,0,41132,3,14027,0.0701862,-0.584885,-0.30414,0.748653,144.581
sunlamp/images/img000699.jpg,sunlamp,0,33262,0,02266,0.626248,-0.606678,-0.0195703,-0.489256,132.118
sunlamp/images/img000700.jpg,sunlamp,3,17640,2,52163,0.311003,-0.254457,0.904735,0.141365,149.917
sunlamp/images/img000701.jpg,sunlamp,3,72137,3,16617,0.208885,-0.149204,-0.149204,0.954905,91.212
sunlamp/images/img000702.jpg,sunlamp,2,42367,2,22564,-0.481365,0.439508,0.669726,-0.355792,83.5425
sunlamp/images/img000708.jpg,sunlamp,1,32422,1,17067,0.483068,0.813589,-0.228822,-0.228822,109.531
sunlamp/images/img000709.jpg,sunlamp,3,25673,1,07567,-0.148675,0.951522,-0.267615,-0.0297351,127.809
sunlamp/images/img000711.jpg,sunlamp,2,32043,2,53026,0.453858,-0.240278,0.854321,0.0800926,123.829
sunlamp/images/img000712.jpg,sunlamp,1,16344,1,16611,0.204559,0.935129,-0.204559,-0.204559,6.67075
sunlamp/images/img000715.jpg,sunlamp,3,52510,3,50301,0.268773,-0.561979,0.0244339,0.781884,30.1395
sunlamp/images/img000716.jpg,sunlamp,3,25425,1,07267,-0.364073,0.896179,-0.0280056,-0.25205,179.154
sunlamp/images/img000719.jpg,sunlamp,3,61102,3,07761,-0.153069,-0.0918415,-0.0918415,0.979643,26.3771
sunlamp/images/img000721.jpg,sunlamp,3,20453,3,06373,-0.448769,-0.0263982,-0.29038,0.844742,28.1764
sunlamp/images/img000722.jpg,sunlamp,3,23101,2,12266,0.0246108,-0.0246108,0.787547,-0.615271,41.4758
sunlamp/images/img000723.jpg,sunlamp,2,07525,2,07535,-0.0292228,-0.321451,0.935129,-0.146114,13.7646
sunlamp/images/img000727.jpg,sunlamp,1,56221,2,16277,0.205971,-0.0294245,0.941584,-0.26482,154.768
sunlamp/images/img000731.jpg,sunlamp,0,50673,3,02737,-0.405798,-0.0238705,-0.50128,0.763856,162.861
sunlamp/images/img000735.jpg,sunlamp,0,66060,3,07036,-0.294514,-0.240966,-0.348062,0.856767,163.186
sunlamp/images/img000738.jpg,sunlamp,1,13171,1,16247,0.0888913,0.948174,-0.148152,-0.266674,74.9644
sunlamp/images/img000741.jpg,sunlamp,3,24734,3,07603,-0.36522,-0.140469,-0.196657,0.899004,60.0369
sunlamp/images/img000742.jpg,sunlamp,2,13062,1,21265,-0.291638,0.717879,0.291638,-0.560843,145.384
sunlamp/images/img000746.jpg,sunlamp,3,07753,3,13233,0.458626,-0.0199403,-0.618148,0.638089,95.6492
sunlamp/images/img000749.jpg,sunlamp,2,73267,2,72125,0.275431,0.525822,0.801253,0.0751175,24.6875
sunlamp/images/img000756.jpg,sunlamp,3,04232,3,06217,-0.582341,-0.116468,-0.302817,0.745396,30.7203
sunlamp/images/img000758.jpg,sunlamp,1,30447,1,21161,-0.117753,0.753619,0.117753,-0.635866,34.9154
sunlamp/images/img000761.jpg,sunlamp,2,57421,1,07565,-0.146114,0.935129,-0.321451,-0.0292228,116.7
sunlamp/images/img000762.jpg,sunlamp,2,30706,2,37000,0.397722,0.397722,0.748653,-0.350931,34.0185
sunlamp/images/img000764.jpg,sunlamp,0,24713,3,74005,0.0803219,0.026774,0.508706,0.856767,172.562
sunlamp/images/img000771.jpg,sunlamp,2,72611,2,43711,-0.0294245,-0.205971,0.941584,0.26482,99.2759
sunlamp/images/img000772.jpg,sunlamp,1,52226,1,16670,0.153069,0.979643,-0.0918415,-0.0918415,27.1184
sunlamp/images/img000777.jpg,sunlamp,1,60246,0,06267,0.725215,-0.657226,-0.022663,-0.203967,24.4078
sunlamp/images/img000784.jpg,sunlamp,1,43572,1,43573,-0.0280056,0.896179,-0.25205,0.364073,9.14605
sunlamp/images/img000785.jpg,sunlamp,2,07751,2,52162,0.258625,-0.258625,0.919555,0.143681,43.2898
sunlamp/images/img000787.jpg,sunlamp,3,35617,3,03767,-0.136641,-0.0273281,-0.464578,0.8745,96.4293
sunlamp/images/img000795.jpg,sunlamp,1,74357,1,16263,0.0882735,0.941584,-0.0294245,-0.323669,116.04
sunlamp/images/img000804.jpg,sunlamp,1,02054,1,60505,-0.527146,0.80327,0.0251022,0.276124,98.8914
sunlamp/images/img000805.jpg,sunlamp,0,34716,1,34345,0.304267,0.88514,0.248946,-0.248946,91.8654
sunlamp/images/img000807.jpg,sunlamp,0,17154,0,15560,0.654974,0.511698,-0.552634,-0.0614038,32.1708
sunlamp/images/img000808.jpg,sunlamp,1,25265,1,16624,0.0307293,0.983336,-0.0921878,-0.153646,67.8545
sunlamp/images/img000809.jpg,sunlamp,2,17135,2,12264,0.0245514,-0.0736543,0.785646,-0.613786,87.7001
sunlamp/images/img000810.jpg,sunlamp,2,72360,2,72221,0.069282,0.669726,0.739008,0.023094,19.8843
sunlamp/images/img000812.jpg,sunlamp,3,14152,1,12424,0.0251022,0.80327,-0.276124,-0.527146,73.4597
sunlamp/images/img000822.jpg,sunlamp,2,07524,2,07575,-0.0295269,-0.324796,0.944862,-0.0295269,24.2807
sunlamp/images/img000825.jpg,sunlamp,2,62443,1,07266,-0.411152,0.877124,-0.0274101,-0.246691,119.239
sunlamp/images/img000829.jpg,sunlamp,3,71400,1,16265,0.0895223,0.954905,-0.0895223,-0.268567,158.555
sunlamp/images/img000830.jpg,sunlamp,1,63302,1,67271,-0.184211,0.654974,0.59357,0.429826,47.6275
sunlamp/images/img000831.jpg,sunlamp,2,50213,2,52004,0.028183,-0.422745,0.901856,0.084549,25.4552
sunlamp/images/img000832.jpg,sunlamp,1,34425,1,25177,-0.0294245,0.941584,0.205971,-0.26482,20.7617
sunlamp/images/img000834.jpg,sunlamp,3,43552,3,70141,0.321451,0.0292228,0.146114,0.935129,69.3064
sunlamp/images/img000837.jpg,sunlamp,0,27553,3,26047,-0.603774,0.395576,-0.187378,0.666233,96.0623
sunlamp/images/img000843.jpg,sunlamp,2,54516,1,06757,-0.464578,0.8745,-0.136641,-0.0273281,92.6248
sunlamp/images/img000844.jpg,sunlamp,2,16563,2,16413,0.194821,-0.36181,0.890609,-0.194821,22.8057
sunlamp/images/img000847.jpg,sunlamp,2,40037,2,16217,0.196657,-0.140469,0.899004,-0.36522,112.919
sunlamp/images/img000854.jpg,sunlamp,0,16627,0,07661,0.919555,-0.373569,-0.0862083,-0.0862083,52.1919
sunlamp/images/img000855.jpg,sunlamp,2,25023,1,27051,-0.231226,0.822136,0.43676,-0.282609,91.5719
sunlamp/images/img000856.jpg,sunlamp,0,50151,0,16565,0.899004,0.309033,-0.309033,-0.0280939,51.7858
sunlamp/images/img000857.jpg,sunlamp,3,60753,1,63061,-0.319169,0.785646,0.51558,0.122757,105.263
sunlamp/images/img000858.jpg,sunlamp,2,12324,3,13226,0.366206,-0.0215415,-0.624704,0.689329,70.7213
sunlamp/images/img000860.jpg,sunlamp,0,32151,0,06266,0.703849,-0.681854,-0.0219953,-0.197958,139.079
sunlamp/images/img000864.jpg,sunlamp,1,43763,1,47273,-0.228822,0.813589,-0.0254246,0.533917,23.2077
sunlamp/images/img000866.jpg,sunlamp,0,57220,2,16621,0.0908257,-0.0908257,0.968808,-0.211927,166.697
sunlamp/images/img000871.jpg,sunlamp,0,40727,2,16241,0.0864945,-0.20182,0.922608,-0.317146,148.683
sunlamp/images/img000872.jpg,sunlamp,1,13034,1,12261,0.0712873,0.760398,-0.0712873,-0.641585,46.6935
sunlamp/images/img000873.jpg,sunlamp,1,34433,1,34074,0.147122,0.941584,0.147122,-0.26482,14.3867
sunlamp/images/img000874.jpg,sunlamp,1,10742,1,21664,-0.363057,0.774521,0.314649,-0.411464,118.378
sunlamp/images/img000875.jpg,sunlamp,2,15167,2,17464,0.448769,-0.29038,0.844742,-0.0263982,39.4287
sunlamp/images/img000876.jpg,sunlamp,1,25672,1,27541,-0.136234,0.871899,0.463196,-0.0817405,19.6986
sunlamp/images/img000879.jpg,sunlamp,0,32675,2,17306,0.582341,-0.116468,0.745396,-0.302817,38.7723
sunlamp/images/img000880.jpg,sunlamp,2,34524,2,16566,0.261226,-0.261226,0.928805,-0.0290252,49.442
sunlamp/images/img000881.jpg,sunlamp,2,51040,1,04537,-0.383697,0.722254,-0.564261,-0.112852,14.3154
sunlamp/images/img000883.jpg,sunlamp,0,53474,0,07557,0.925691,-0.0289278,-0.376062,-0.0289278,78.7821
sunlamp/images/img000884.jpg,sunlamp,3,71052,2,16261,0.0879694,-0.0879694,0.93834,-0.322554,165.674
sunlamp/images/img000886.jpg,sunlamp,2,50312,2,52211,0.208885,-0.208885,0.954905,0.0298408,43.7164
sunlamp/images/img000888.jpg,sunlamp,0,66506,3,07275,-0.260351,-0.0867835,-0.260351,0.925691,148.788
sunlamp/images/img000889.jpg,sunlamp,1,16551,1,16227,0.0864945,0.922608,-0.0288315,-0.374809,64.2111
sunlamp/images/img000891.jpg,sunlamp,2,57205,2,56343,0.27406,-0.124573,0.797264,0.523205,24.2976
sunlamp/images/img000892.jpg,sunlamp,1,25501,2,27524,-0.178434,0.535303,0.8157,-0.127453,106.826
sunlamp/images/img000895.jpg,sunlamp,0,65445,3,56201,0.0810219,-0.189051,0.459124,0.864234,92.8379
sunlamp/images/img000898.jpg,sunlamp,0,05427,2,07266,-0.411152,-0.0274101,0.877124,-0.246691,76.4653
sunlamp/images/img000899.jpg,sunlamp,2,17423,2,16524,0.254457,-0.311003,0.904735,-0.141365,29.7311
sunlamp/images/img000910.jpg,sunlamp,0,43020,0,07263,0.882444,-0.358493,-0.0275764,-0.30334,49.9178
sunlamp/images/img000915.jpg,sunlamp,1,42273,1,60261,-0.639101,0.705215,0.286494,0.11019,36.903
sunlamp/images/img000920.jpg,sunlamp,2,01675,2,03511,-0.0237089,-0.355634,0.758686,-0.545305,29.1125
sunlamp/images/img000921.jpg,sunlamp,2,56132,2,53244,0.45257,-0.186352,0.851896,0.186352,34.0783
sunlamp/images/img000924.jpg,sunlamp,0,16563,2,16617,0.208885,-0.149204,0.954905,-0.149204,168.501
sunlamp/images/img000926.jpg,sunlamp,2,61136,2,25473,-0.263908,0.205262,0.93834,-0.0879694,29.3111
sunlamp/images/img000928.jpg,sunlamp,0,44633,0,16241,0.922608,0.0864945,-0.20182,-0.317146,126.065
sunlamp/images/img000935.jpg,sunlamp,3,25357,3,07641,-0.367549,-0.197911,-0.0848189,0.904735,74.7757
sunlamp/images/img000939.jpg,sunlamp,1,52020,1,16461,0.0879694,0.93834,-0.322554,-0.0879694,15.163
sunlamp/images/img000940.jpg,sunlamp,0,02165,1,61565,-0.138728,0.887862,0.138728,0.416185,83.8225
sunlamp/images/img000941.jpg,sunlamp,3,25531,3,17066,0.442642,-0.23434,-0.23434,0.833209,73.2477
sunlamp/images/img000945.jpg,sunlamp,3,24310,3,26165,-0.471108,0.471108,-0.201903,0.717879,34.6078
sunlamp/images/img000948.jpg,sunlamp,1,01346,1,07267,-0.364073,0.896179,-0.0280056,-0.25205,67.9744
sunlamp/images/img000957.jpg,sunlamp,2,42213,2,26165,-0.471108,0.471108,0.717879,-0.201903,74.7928
sunlamp/images/img000959.jpg,sunlamp,0,70074,0,42267,0.73125,-0.662695,-0.0228515,0.159961,101.53
sunlamp/images/img000963.jpg,sunlamp,0,65112,0,60705,0.783758,-0.514341,0.220432,0.269417,55.0576
sunlamp/images/img000965.jpg,sunlamp,2,53240,2,52245,0.0892052,-0.208145,0.951522,0.208145,44.5266
sunlamp/images/img000966.jpg,sunlamp,2,10653,1,16767,0.324796,0.944862,-0.0295269,-0.0295269,129.545
sunlamp/images/img000967.jpg,sunlamp,2,52363,2,53220,0.467379,-0.0824786,0.879772,0.0274929,25.7524
sunlamp/images/img000968.jpg,sunlamp,1,03123,1,60121,-0.543852,0.828726,0.129488,0.0258977,106.992
sunlamp/images/img000969.jpg,sunlamp,0,61510,0,63001,0.830959,-0.337577,0.441447,0.0259675,62.4492
sunlamp/images/img000970.jpg,sunlamp,1,76620,1,76004,0.0244339,0.781884,0.415376,0.464244,23.8556
sunlamp/images/img000971.jpg,sunlamp,0,61607,0,61406,0.861723,-0.403933,0.0807866,0.296217,24.1378
sunlamp/images/img000973.jpg,sunlamp,3,61117,3,07767,-0.15423,-0.030846,-0.030846,0.987072,24.0793
sunlamp/images/img000974.jpg,sunlamp,0,62776,0,62226,0.588669,-0.570273,0.570273,0.0551877,36.4347
sunlamp/images/img000977.jpg,sunlamp,1,16605,1,16611,0.204559,0.935129,-0.204559,-0.204559,11.9112
sunlamp/images/img000985.jpg,sunlamp,3,71201,1,56007,0.0758825,0.809414,-0.328824,0.480589,100.967
sunlamp/images/img000986.jpg,sunlamp,0,03670,0,07266,0.877124,-0.411152,-0.0274101,-0.246691,32.8334
sunlamp/images/img000987.jpg,sunlamp,0,73154,1,23545,-0.123958,0.793334,0.421459,-0.421459,118.336
sunlamp/images/img000988.jpg,sunlamp,3,06332,3,06377,-0.455158,-0.026774,-0.240966,0.856767,14.9776
sunlamp/images/img000998.jpg,sunlamp,2,65310,1,61251,-0.258625,0.919555,0.258625,0.143681,114.695
sunlamp/images/img001009.jpg,sunlamp,0,34611,1,36401,0.0810219,0.864234,0.459124,-0.189051,132.692
sunlamp/images/img001010.jpg,sunlamp,3,52246,3,16563,0.313011,-0.2561,-0.0853666,0.910577,49.5293
sunlamp/images/img001011.jpg,sunlamp,0,43654,2,16761,0.322554,-0.0879694,0.93834,-0.0879694,172.318
sunlamp/images/img001017.jpg,sunlamp,3,12160,3,03217,-0.202721,-0.112623,-0.653213,0.720787,52.5426
sunlamp/images/img001019.jpg,sunlamp,0,50247,0,12247,0.780024,0.0731272,-0.121879,-0.609394,107.315
sunlamp/images/img001022.jpg,sunlamp,2,52165,2,52160,0.254457,-0.311003,0.904735,0.141365,9.91091
sunlamp/images/img001027.jpg,sunlamp,1,34750,1,36511,0.376533,0.80327,0.426737,-0.175715,23.4149
sunlamp/images/img001031.jpg,sunlamp,0,43637,2,56101,0.270066,-0.368271,0.785646,0.417374,124.529
sunlamp/images/img001032.jpg,sunlamp,0,34407,0,07763,0.983336,-0.153646,-0.0307293,-0.0921878,33.5016
sunlamp/images/img001039.jpg,sunlamp,1,17775,1,16563,0.313011,0.910577,-0.2561,-0.0853666,55.4034
sunlamp/images/img001040.jpg,sunlamp,1,25540,1,16671,0.211927,0.968808,-0.0908257,-0.0908257,48.5641
sunlamp/images/img001041.jpg,sunlamp,0,61236,0,61265,0.851896,-0.346083,0.346083,0.186352,12.3773
sunlamp/images/img001045.jpg,sunlamp,2,25326,2,25374,-0.0837545,0.362936,0.893381,-0.251263,17.1072
sunlamp/images/img001048.jpg,sunlamp,2,03705,2,03571,-0.0257599,-0.283358,0.824315,-0.489437,16.3896
sunlamp/images/img001049.jpg,sunlamp,2,46515,2,16447,0.0864945,-0.374809,0.922608,-0.0288315,92.38
sunlamp/images/img001051.jpg,sunlamp,1,07063,2,16241,0.0864945,-0.20182,0.922608,-0.317146,144.629
sunlamp/images/img001052.jpg,sunlamp,3,53313,3,44337,-0.383697,-0.383697,0.428838,0.722254,146.098
sunlamp/images/img001053.jpg,sunlamp,0,70314,0,07267,0.896179,-0.364073,-0.0280056,-0.25205,98.8981
sunlamp/images/img001056.jpg,sunlamp,1,65670,1,61563,-0.140469,0.899004,0.196657,0.36522,39.6431
sunlamp/images/img001060.jpg,sunlamp,2,05752,2,07775,-0.0310835,-0.0932505,0.994672,-0.0310835,54.5018
sunlamp/images/img001067.jpg,sunlamp,1,61020,1,61161,-0.150824,0.965275,0.150824,0.150824,36.0818
sunlamp/images/img001069.jpg,sunlamp,0,71133,3,11220,0.331176,-0.370138,-0.603909,0.62339,168.969
sunlamp/images/img001073.jpg,sunlamp,1,40353,1,52613,0.203864,0.931951,-0.145617,0.262111,86.5526
sunlamp/images/img001075.jpg,sunlamp,1,36252,1,36610,0.120456,0.770916,0.602279,-0.168638,10.2944
sunlamp/images/img001076.jpg,sunlamp,2,43277,1,27465,-0.321503,0.791391,0.51935,-0.024731,116.497
sunlamp/images/img001079.jpg,sunlamp,3,50367,2,07545,-0.140028,-0.420084,0.896179,-0.0280056,147.914
sunlamp/images/img001080.jpg,sunlamp,0,07564,3,07271,-0.2561,-0.0853666,-0.313011,0.910577,162.827
sunlamp/images/img001082.jpg,sunlamp,1,25547,1,70023,0.0911606,0.972379,0.212708,0.0303869,29.4637
sunlamp/images/img001083.jpg,sunlamp,0,53401,2,06343,-0.523205,-0.124573,0.797264,-0.27406,71.53
sunlamp/images/img001087.jpg,sunlamp,1,43147,1,56211,0.186352,0.851896,-0.186352,0.45257,50.251
sunlamp/images/img001095.jpg,sunlamp,3,23775,1,12267,0.0736543,0.785646,-0.0245514,-0.613786,170.856
sunlamp/images/img001096.jpg,sunlamp,1,43663,1,76021,0.0714488,0.762121,0.500142,0.404877,79.9861
sunlamp/images/img001097.jpg,sunlamp,2,53027,1,16075,0.196039,0.896179,-0.308062,-0.25205,132.634
sunlamp/images/img001100.jpg,sunlamp,2,60607,2,06565,-0.527146,-0.276124,0.80327,-0.0251022,70.5723
sunlamp/images/img001108.jpg,sunlamp,1,22743,2,16245,0.0879694,-0.205262,0.93834,-0.263908,129.904
sunlamp/images/img001111.jpg,sunlamp,1,32410,2,26154,-0.453539,0.405798,0.763856,-0.214834,96.8878
sunlamp/images/img001113.jpg,sunlamp,2,21540,1,17062,0.43676,0.822136,-0.231226,-0.282609,166.338
sunlamp/images/img001118.jpg,sunlamp,1,71220,1,70301,0.314029,0.91354,0.256933,0.0285481,22.6505
sunlamp/images/img001120.jpg,sunlamp,2,53503,1,61647,-0.331378,0.8157,0.280397,0.38236,163.338
sunlamp/images/img001122.jpg,sunlamp,0,25653,0,60706,0.755297,-0.54287,0.259633,0.259633,55.3441
sunlamp/images/img001124.jpg,sunlamp,3,34767,3,56101,0.270066,-0.368271,0.417374,0.785646,107.258
sunlamp/images/img001134.jpg,sunlamp,0,31620,0,07607,0.907642,-0.368729,-0.141819,-0.141819,115.72
sunlamp/images/img001135.jpg,sunlamp,2,71450,2,17647,0.505813,-0.133109,0.851896,-0.0266217,46.8895
sunlamp/images/img001137.jpg,sunlamp,0,66044,1,06365,-0.532542,0.811493,-0.0760775,-0.228232,44.197
sunlamp/images/img001138.jpg,sunlamp,3,41750,1,12266,0.0246108,0.787547,-0.0246108,-0.615271,46.416
sunlamp/images/img001139.jpg,sunlamp,3,74176,3,74241,0.0760775,0.228232,0.532542,0.811493,27.384
sunlamp/images/img001144.jpg,sunlamp,2,72262,2,16671,0.211927,-0.0908257,0.968808,-0.0908257,103.949
sunlamp/images/img001145.jpg,sunlamp,0,41462,1,10661,0.0716115,0.763856,-0.453539,-0.453539,167.367
sunlamp/images/img001151.jpg,sunlamp,1,65017,1,43661,-0.351095,0.864234,-0.0810219,0.351095,30.1149
sunlamp/images/img001154.jpg,sunlamp,2,41542,2,27450,-0.289574,0.447523,0.842397,-0.0789747,142.314
sunlamp/images/img001155.jpg,sunlamp,3,34470,0,16566,0.928805,0.261226,-0.261226,-0.0290252,159.812
sunlamp/images/img001159.jpg,sunlamp,1,25527,1,25174,-0.0888913,0.948174,0.148152,-0.266674,16.0956
sunlamp/images/img001160.jpg,sunlamp,1,22432,2,16156,0.342224,-0.342224,0.842397,-0.236924,171.232
sunlamp/images/img001164.jpg,sunlamp,0,45732,3,16641,0.0908257,-0.211927,-0.0908257,0.968808,97.659
sunlamp/images/img001166.jpg,sunlamp,3,50706,3,50701,0.262575,-0.549021,0.214834,0.763856,10.9673
sunlamp/images/img001170.jpg,sunlamp,0,16274,0,07703,0.954905,-0.149204,-0.149204,-0.208885,35.8499
sunlamp/images/img001171.jpg,sunlamp,0,62675,2,61247,-0.352124,0.297951,0.866766,0.189605,158.655
sunlamp/images/img001172.jpg,sunlamp,0,76404,2,70460,0.0286417,0.143208,0.916533,0.372342,108.825
sunlamp/images/img001173.jpg,sunlamp,3,06111,3,06367,-0.533917,-0.0254246,-0.228822,0.813589,44.4995
sunlamp/images/img001180.jpg,sunlamp,3,45314,1,16241,0.0864945,0.922608,-0.20182,-0.317146,70.8189
sunlamp/images/img001183.jpg,sunlamp,2,60612,0,60246,0.689329,-0.667787,0.236957,0.150791,134.625
sunlamp/images/img001188.jpg,sunlamp,1,50061,1,16776,0.376062,0.925691,-0.0289278,-0.0289278,84.9716
sunlamp/images/img001189.jpg,sunlamp,0,57605,0,07547,0.916533,-0.143208,-0.372342,-0.0286417,103.96
sunlamp/images/img001192.jpg,sunlamp,3,05303,1,16241,0.0864945,0.922608,-0.20182,-0.317146,100.413
sunlamp/images/img001193.jpg,sunlamp,3,16022,3,06363,-0.527146,-0.0251022,-0.276124,0.80327,72.2241
sunlamp/images/img001194.jpg,sunlamp,3,70410,2,53436,0.514341,-0.220432,0.783758,0.269417,117.004
sunlamp/images/img001195.jpg,sunlamp,1,63407,1,60771,-0.418384,0.787547,0.319941,0.319941,22.4491
sunlamp/images/img001197.jpg,sunlamp,0,61043,0,63061,0.785646,-0.319169,0.51558,0.122757,49.8727
sunlamp/images/img001198.jpg,sunlamp,1,42120,3,56241,0.0768726,-0.179369,0.538108,0.819974,143.63
sunlamp/images/img001204.jpg,sunlamp,1,34377,1,21567,-0.134255,0.859235,0.187958,-0.456468,67.9434
sunlamp/images/img001207.jpg,sunlamp,1,74127,1,16417,0.196657,0.899004,-0.36522,-0.140469,95.905
sunlamp/images/img001208.jpg,sunlamp,1,03775,2,27065,-0.313914,0.507093,0.772712,-0.217325,121.641
sunlamp/images/img001209.jpg,sunlamp,3,35404,3,16217,0.196657,-0.140469,-0.36522,0.899004,42.9342
sunlamp/images/img001213.jpg,sunlamp,0,23465,0,22167,0.625291,-0.410347,0.449428,-0.488509,23.3872
sunlamp/images/img001216.jpg,sunlamp,1,02653,1,04377,-0.414388,0.780024,-0.414388,-0.219382,45.9742
sunlamp/images/img001218.jpg,sunlamp,1,16337,1,17560,0.592723,0.758686,-0.260798,-0.0711268,48.2817
sunlamp/images/img001219.jpg,sunlamp,2,20112,2,17646,0.464578,-0.136641,0.8745,-0.0273281,130.994
sunlamp/images/img001220.jpg,sunlamp,0,56024,3,06375,-0.453858,-0.0800926,-0.240278,0.854321,167.828
sunlamp/images/img001223.jpg,sunlamp,1,21746,1,17641,0.500173,0.842397,-0.184274,-0.0789747,108.656
sunlamp/images/img001224.jpg,sunlamp,2,37610,2,53235,0.580283,-0.0756891,0.80735,0.0756891,78.8138
sunlamp/images/img001225.jpg,sunlamp,2,70200,2,61705,-0.141365,0.254457,0.904735,0.311003,36.1533
sunlamp/images/img001227.jpg,sunlamp,3,34024,3,06337,-0.441447,-0.0259675,-0.337577,0.830959,62.0915
sunlamp/images/img001229.jpg,sunlamp,2,52624,2,52602,0.0297351,-0.148675,0.951522,0.267615,10.3678
sunlamp/images/img001230.jpg,sunlamp,0,32017,3,06277,-0.600885,-0.0240354,-0.216319,0.769133,33.7802
sunlamp/images/img001231.jpg,sunlamp,1,43506,1,47115,-0.0249145,0.797264,-0.373718,0.473376,27.1074
sunlamp/images/img001232.jpg,sunlamp,2,15540,2,71014,0.546793,0.0260378,0.833209,0.0781133,80.0675
sunlamp/images/img001233.jpg,sunlamp,2,40556,2,24137,-0.434472,0.1789,0.817829,-0.332243,122.208
sunlamp/images/img001234.jpg,sunlamp,3,06724,3,07247,-0.360694,-0.138728,-0.249711,0.887862,30.7726
sunlamp/images/img001238.jpg,sunlamp,2,67265,1,62147,-0.484974,0.739008,0.438786,0.161658,52.0088
sunlamp/images/img001240.jpg,sunlamp,2,70213,2,70120,0.267615,0.148675,0.951522,0.0297351,21.6503
sunlamp/images/img001241.jpg,sunlamp,0,61354,0,07666,0.904735,-0.424094,-0.028273,-0.028273,62.1674
sunlamp/images/img001243.jpg,sunlamp,0,50530,2,13266,0.386065,-0.0227097,0.72671,-0.567742,147.366
sunlamp/images/img001252.jpg,sunlamp,2,61452,1,36401,0.0810219,0.864234,0.459124,-0.189051,135.654
sunlamp/images/img001255.jpg,sunlamp,3,44353,3,16271,0.20182,-0.0864945,-0.317146,0.922608,127.903
sunlamp/images/img001262.jpg,sunlamp,2,14177,2,70614,0.141365,0.254457,0.904735,0.311003,118.008
sunlamp/images/img001264.jpg,sunlamp,1,55064,2,17260,0.447523,-0.0789747,0.842397,-0.289574,121.246
sunlamp/images/img001267.jpg,sunlamp,3,16756,3,56001,0.0762739,-0.38137,0.432219,0.813589,68.4007
sunlamp/images/img001269.jpg,sunlamp,2,73055,2,16166,0.252845,-0.252845,0.899004,-0.252845,98.4126
sunlamp/images/img001270.jpg,sunlamp,2,74474,2,60771,-0.418384,0.319941,0.787547,0.319941,77.1439
sunlamp/images/img001274.jpg,sunlamp,3,70032,1,16661,0.092538,0.987072,-0.092538,-0.092538,166.598
sunlamp/images/img001277.jpg,sunlamp,2,24640,2,12467,0.0800926,-0.240278,0.854321,-0.453858,114.836
sunlamp/images/img001278.jpg,sunlamp,0,20212,1,17261,0.488143,0.822136,-0.0770752,-0.282609,176.359
sunlamp/images/img001279.jpg,sunlamp,0,05411,0,44222,0.632085,-0.612333,-0.335795,0.335795,84.983
sunlamp/images/img001284.jpg,sunlamp,2,55436,2,03567,-0.132733,-0.238919,0.849491,-0.451292,138.743
sunlamp/images/img001286.jpg,sunlamp,2,65053,3,65001,-0.337577,0.0259675,0.441447,0.830959,58.0796
sunlamp/images/img001287.jpg,sunlamp,1,72142,1,63111,-0.0275764,0.882444,0.468798,0.0275764,35.4734
sunlamp/images/img001288.jpg,sunlamp,1,66571,3,67011,-0.219382,0.414388,0.414388,0.780024,35.6632
sunlamp/images/img001291.jpg,sunlamp,2,27144,2,25472,-0.317146,0.20182,0.922608,-0.0864945,34.0396
sunlamp/images/img001299.jpg,sunlamp,3,04561,1,16241,0.0864945,0.922608,-0.20182,-0.317146,78.7921
sunlamp/images/img001300.jpg,sunlamp,0,21734,1,07667,-0.376062,0.925691,-0.0289278,-0.0289278,136.493
sunlamp/images/img001301.jpg,sunlamp,0,43514,0,42761,0.789462,-0.518084,-0.0740121,0.320719,64.0486
sunlamp/images/img001303.jpg,sunlamp,1,32737,2,16361,0.308062,-0.0840168,0.896179,-0.308062,90.3262
sunlamp/images/img001307.jpg,sunlamp,1,43707,1,52601,0.0879694,0.93834,-0.205262,0.263908,25.2486
sunlamp/images/img001308.jpg,sunlamp,2,32406,1,27521,-0.127453,0.8157,0.535303,-0.178434,64.6357
sunlamp/images/img001311.jpg,sunlamp,0,27441,3,07361,-0.145617,-0.0873704,-0.320358,0.931951,146.579
sunlamp/images/img001313.jpg,sunlamp,2,70771,2,16543,0.302422,-0.357407,0.879772,-0.0824786,95.6912
sunlamp/images/img001316.jpg,sunlamp,3,30474,2,50363,0.287982,-0.445063,0.837765,0.130901,144.522
sunlamp/images/img001318.jpg,sunlamp,1,70112,1,50633,0.184274,0.842397,-0.447523,0.236924,70.4316
sunlamp/images/img001321.jpg,sunlamp,3,05512,3,12217,0.158968,-0.113548,-0.658581,0.72671,91.4442
sunlamp/images/img001322.jpg,sunlamp,2,06277,2,24143,-0.525822,0.0751175,0.801253,-0.275431,16.5986
sunlamp/images/img001323.jpg,sunlamp,2,31156,1,22411,-0.503333,0.644266,0.342266,-0.463066,158.682
sunlamp/images/img001324.jpg,sunlamp,1,27413,1,27521,-0.127453,0.8157,0.535303,-0.178434,14.3006
sunlamp/images/img001326.jpg,sunlamp,1,07205,1,07361,-0.145617,0.931951,-0.0873704,-0.320358,26.3368
sunlamp/images/img001327.jpg,sunlamp,1,43506,1,43161,-0.144639,0.925691,-0.318206,0.144639,20.28
sunlamp/images/img001329.jpg,sunlamp,1,05614,1,43211,-0.26482,0.941584,-0.205971,0.0294245,46.6424
sunlamp/images/img001330.jpg,sunlamp,3,53230,3,53031,0.561979,-0.268773,0.0244339,0.781884,25.5324
sunlamp/images/img001331.jpg,sunlamp,3,43554,1,16564,0.256933,0.91354,-0.314029,-0.0285481,115.086
sunlamp/images/img001336.jpg,sunlamp,1,74072,1,16444,0.028273,0.904735,-0.424094,-0.028273,100.479
sunlamp/images/img001338.jpg,sunlamp,1,27354,1,63371,-0.0229961,0.735875,0.666887,0.114981,39.7326
sunlamp/images/img001340.jpg,sunlamp,1,70123,1,70124,0.266674,0.948174,0.148152,0.0888913,13.1804
sunlamp/images/img001343.jpg,sunlamp,3,52517,3,50371,0.370965,-0.469888,0.123655,0.791391,24.6847
sunlamp/images/img001344.jpg,sunlamp,3,53060,3,52161,0.306147,-0.306147,0.139158,0.890609,16.194
sunlamp/images/img001349.jpg,sunlamp,2,61710,2,61126,-0.208145,0.208145,0.951522,0.0892052,24.2934
sunlamp/images/img001354.jpg,sunlamp,0,67313,0,66131,0.707972,-0.37611,0.464606,0.37611,41.0306
sunlamp/images/img001355.jpg,sunlamp,1,01606,1,24135,-0.437917,0.824315,0.128799,-0.334878,73.7732
sunlamp/images/img001361.jpg,sunlamp,0,53403,2,16546,0.25205,-0.364073,0.896179,-0.0280056,148.728
sunlamp/images/img001363.jpg,sunlamp,2,36735,2,73222,0.356417,0.649937,0.670902,0.0209657,14.0989
sunlamp/images/img001366.jpg,sunlamp,1,63407,1,07661,-0.373569,0.919555,-0.0862083,-0.0862083,81.1468
sunlamp/images/img001370.jpg,sunlamp,3,72016,3,70067,0.0892052,0.208145,0.208145,0.951522,38.1081
sunlamp/images/img001371.jpg,sunlamp,2,25755,2,34461,0.0918415,0.153069,0.979643,-0.0918415,23.3081
sunlamp/images/img001376.jpg,sunlamp,0,60777,3,60365,-0.511891,0.316885,0.17063,0.780024,160.37
sunlamp/images/img001379.jpg,sunlamp,1,76201,1,72625,0.067166,0.716438,0.649272,0.246276,19.1796
sunlamp/images/img001386.jpg,sunlamp,3,43630,3,61411,-0.261226,0.0290252,0.261226,0.928805,13.4853
sunlamp/images/img001390.jpg,sunlamp,1,65200,1,60161,-0.539527,0.822136,0.128459,0.128459,39.8725
sunlamp/images/img001392.jpg,sunlamp,0,43546,0,66260,0.559855,-0.542359,0.507368,0.367405,114.696
sunlamp/images/img001394.jpg,sunlamp,3,02171,1,06363,-0.527146,0.80327,-0.0251022,-0.276124,159.333
sunlamp/images/img001395.jpg,sunlamp,0,61043,2,53065,0.481824,-0.278951,0.811493,0.177514,102.18
sunlamp/images/img001402.jpg,sunlamp,1,22771,3,22127,-0.394405,0.431968,-0.544655,0.600999,164.339
sunlamp/images/img001403.jpg,sunlamp,3,56002,1,43643,-0.349064,0.859235,-0.134255,0.349064,171.71
sunlamp/images/img001404.jpg,sunlamp,1,27066,1,27471,-0.228232,0.811493,0.532542,-0.0760775,22.2151
sunlamp/images/img001408.jpg,sunlamp,2,77337,2,17426,0.451292,-0.238919,0.849491,-0.132733,113.531
sunlamp/images/img001413.jpg,sunlamp,1,03775,1,16221,0.0842816,0.899004,-0.0842816,-0.421408,15.0009
sunlamp/images/img001414.jpg,sunlamp,2,23254,1,17265,0.494718,0.833209,-0.0781133,-0.23434,134.131
sunlamp/images/img001417.jpg,sunlamp,3,60563,1,16221,0.0842816,0.899004,-0.0842816,-0.421408,150.37
sunlamp/images/img001418.jpg,sunlamp,0,32760,2,21166,-0.167476,0.167476,0.765603,-0.598127,104.686
sunlamp/images/img001419.jpg,sunlamp,1,60670,0,60301,0.813589,-0.533917,0.228822,0.0254246,78.4067
sunlamp/images/img001424.jpg,sunlamp,0,17337,1,16261,0.0879694,0.93834,-0.0879694,-0.322554,78.503
sunlamp/images/img001427.jpg,sunlamp,3,05265,3,06317,-0.437917,-0.128799,-0.334878,0.824315,46.1609
sunlamp/images/img001429.jpg,sunlamp,0,41603,2,16064,0.0285481,-0.314029,0.91354,-0.256933,132.93
sunlamp/images/img001434.jpg,sunlamp,0,72300,0,16166,0.899004,0.252845,-0.252845,-0.252845,108.294
sunlamp/images/img001438.jpg,sunlamp,1,16741,1,16651,0.208145,0.951522,-0.208145,-0.0892052,13.9755
sunlamp/images/img001439.jpg,sunlamp,1,41516,1,50522,0.211487,0.751953,-0.587463,0.211487,35.6446
sunlamp/images/img001445.jpg,sunlamp,2,17276,1,17224,0.440261,0.828726,-0.0776931,-0.33667,152.883
sunlamp/images/img001448.jpg,sunlamp,1,17147,2,16561,0.308062,-0.308062,0.896179,-0.0840168,149.702
sunlamp/images/img001449.jpg,sunlamp,1,20512,1,16244,0.0294245,0.941584,-0.205971,-0.26482,73.7686
sunlamp/images/img001452.jpg,sunlamp,3,06373,3,06707,-0.539527,-0.128459,-0.128459,0.822136,22.7282
sunlamp/images/img001455.jpg,sunlamp,1,54060,1,07647,-0.372342,0.916533,-0.143208,-0.0286417,92.2355
sunlamp/images/img001457.jpg,sunlamp,3,52712,2,07545,-0.140028,-0.420084,0.896179,-0.0280056,157.076
sunlamp/images/img001458.jpg,sunlamp,0,62542,3,66044,-0.585531,0.321098,0.434426,0.604419,155.477
sunlamp/images/img001459.jpg,sunlamp,2,37021,2,12465,0.0789747,-0.289574,0.842397,-0.447523,98.8861
sunlamp/images/img001462.jpg,sunlamp,2,70614,2,61171,-0.0304997,0.152499,0.975991,0.152499,27.5027
sunlamp/images/img001463.jpg,sunlamp,0,34054,1,16661,0.092538,0.987072,-0.092538,-0.092538,147.363
sunlamp/images/img001464.jpg,sunlamp,1,06275,1,06260,-0.674072,0.695817,-0.0652328,-0.239187,11.3011
sunlamp/images/img001465.jpg,sunlamp,1,53307,1,17661,0.507253,0.854321,-0.0800926,-0.0800926,27.021
sunlamp/images/img001466.jpg,sunlamp,3,13427,2,17261,0.488143,-0.0770752,0.822136,-0.282609,136.306
sunlamp/images/img001473.jpg,sunlamp,2,45644,2,16644,0.0304997,-0.213498,0.975991,-0.0304997,96.358
sunlamp/images/img001476.jpg,sunlamp,0,61213,3,07277,-0.261226,-0.0290252,-0.261226,0.928805,148.054
sunlamp/images/img001478.jpg,sunlamp,3,74040,3,43561,-0.136641,-0.300609,0.355266,0.8745,45.228
sunlamp/images/img001482.jpg,sunlamp,0,74037,0,07775,0.994672,-0.0310835,-0.0932505,-0.0310835,75.523
sunlamp/images/img001483.jpg,sunlamp,0,61225,0,61265,0.851896,-0.346083,0.346083,0.186352,15.1908
sunlamp/images/img001484.jpg,sunlamp,0,43317,3,53201,0.501565,-0.184787,0.0263982,0.844742,113.289
sunlamp/images/img001485.jpg,sunlamp,0,13054,3,13207,0.400466,-0.105386,-0.611238,0.674469,173.559
sunlamp/images/img001486.jpg,sunlamp,2,05774,2,50272,0.135432,-0.46047,0.866766,0.135432,32.6677
sunlamp/images/img001488.jpg,sunlamp,1,12270,1,42164,-0.554096,0.770916,-0.265003,0.168638,131.235
sunlamp/images/img001493.jpg,sunlamp,0,56656,3,07641,-0.367549,-0.197911,-0.0848189,0.904735,137.873
sunlamp/images/img001498.jpg,sunlamp,0,71626,1,70563,0.297951,0.866766,0.189605,0.352124,80.6699
sunlamp/images/img001500.jpg,sunlamp,1,56220,1,16645,0.0911606,0.972379,-0.212708,-0.0303869,59.6181
sunlamp/images/img001503.jpg,sunlamp,3,41312,3,20137,-0.362194,0.149139,-0.617861,0.681778,122.909
sunlamp/images/img001504.jpg,sunlamp,0,12566,0,16567,0.91354,0.314029,-0.256933,-0.0285481,47.7389
sunlamp/images/img001505.jpg,sunlamp,1,10420,1,21341,-0.115966,0.742182,0.208739,-0.626216,92.7785
sunlamp/images/img001507.jpg,sunlamp,0,06713,3,61655,-0.239596,0.239596,0.399326,0.851896,116.917
sunlamp/images/img001512.jpg,sunlamp,2,37642,2,16771,0.421408,-0.0842816,0.899004,-0.0842816,81.1531
sunlamp/images/img001515.jpg,sunlamp,0,17463,1,17461,0.488143,0.822136,-0.282609,-0.0770752,56.9495
sunlamp/images/img001516.jpg,sunlamp,1,60443,1,06566,-0.568812,0.791391,-0.222579,-0.024731,49.1716
sunlamp/images/img001518.jpg,sunlamp,2,31157,1,17623,0.501565,0.844742,-0.0263982,-0.184787,127.864
sunlamp/images/img001521.jpg,sunlamp,1,56274,1,56243,0.0774855,0.826512,-0.129142,0.542398,10.2321
sunlamp/images/img001522.jpg,sunlamp,0,05262,0,06266,0.703849,-0.681854,-0.0219953,-0.197958,58.6317
sunlamp/images/img001528.jpg,sunlamp,1,27730,1,27761,-0.114738,0.734324,0.665481,-0.0688428,11.349
sunlamp/images/img001529.jpg,sunlamp,2,22460,0,42267,0.73125,-0.662695,-0.0228515,0.159961,80.4043
sunlamp/images/img001530.jpg,sunlamp,2,12470,2,53203,0.505813,-0.133109,0.851896,0.0266217,76.9048
sunlamp/images/img001533.jpg,sunlamp,1,20533,1,12244,0.0242607,0.776342,-0.169825,-0.606517,64.4041
sunlamp/images/img001535.jpg,sunlamp,2,05223,2,03575,-0.0263982,-0.29038,0.844742,-0.448769,40.0142
sunlamp/images/img001536.jpg,sunlamp,3,65171,3,65301,-0.132733,0.238919,0.451292,0.849491,17.1286
sunlamp/images/img001537.jpg,sunlamp,1,37045,1,37006,0.395992,0.745396,0.442579,-0.302817,13.578
sunlamp/images/img001539.jpg,sunlamp,0,17674,0,07747,0.975991,-0.152499,-0.152499,-0.0304997,82.9717
sunlamp/images/img001541.jpg,sunlamp,2,13001,3,70226,0.028183,0.422745,0.084549,0.901856,105.69
sunlamp/images/img001542.jpg,sunlamp,1,43666,1,16647,0.0921878,0.983336,-0.153646,-0.0307293,81.0215
sunlamp/images/img001545.jpg,sunlamp,3,44312,3,47067,-0.306158,-0.211955,0.541664,0.753619,36.5328
sunlamp/images/img001547.jpg,sunlamp,1,62043,0,06267,0.725215,-0.657226,-0.022663,-0.203967,44.6258
sunlamp/images/img001550.jpg,sunlamp,0,04736,2,06323,-0.510678,-0.024318,0.778177,-0.36477,95.5535
sunlamp/images/img001551.jpg,sunlamp,2,61675,1,60705,-0.514341,0.783758,0.220432,0.269417,94.0777
sunlamp/images/img001552.jpg,sunlamp,2,77425,2,17546,0.58617,-0.304808,0.750298,-0.0234468,112.07
sunlamp/images/img001556.jpg,sunlamp,1,71416,1,71661,0.457732,0.770916,0.313185,0.313185,26.3475
sunlamp/images/img001557.jpg,sunlamp,1,47351,1,74023,0.0810219,0.864234,0.189051,0.459124,44.9508
sunlamp/images/img001560.jpg,sunlamp,1,16623,1,16247,0.0888913,0.948174,-0.148152,-0.266674,14.1888
sunlamp/images/img001562.jpg,sunlamp,1,43312,1,52214,0.150278,0.961781,-0.21039,0.090167,29.3251
sunlamp/images/img001563.jpg,sunlamp,2,23346,1,17661,0.507253,0.854321,-0.0800926,-0.0800926,134.44
sunlamp/images/img001569.jpg,sunlamp,1,14101,1,17641,0.500173,0.842397,-0.184274,-0.0789747,71.217
sunlamp/images/img001574.jpg,sunlamp,1,25436,1,25131,-0.0280056,0.896179,0.140028,-0.420084,43.5557
sunlamp/images/img001577.jpg,sunlamp,3,50270,2,16567,0.314029,-0.256933,0.91354,-0.0285481,147.347
sunlamp/images/img001578.jpg,sunlamp,1,74110,2,72041,0.0817405,0.463196,0.871899,0.136234,120.601
sunlamp/images/img001586.jpg,sunlamp,2,66376,3,66237,-0.458658,0.568736,0.34858,0.587082,35.2456
sunlamp/images/img001592.jpg,sunlamp,2,77712,2,17147,0.603286,-0.290471,0.715006,-0.201095,122.038
sunlamp/images/img001595.jpg,sunlamp,1,56241,3,17761,0.641585,-0.0712873,-0.0712873,0.760398,130.427
sunlamp/images/img001602.jpg,sunlamp,0,02775,0,07262,0.864234,-0.40511,-0.0270073,-0.29708,19.9691
sunlamp/images/img001605.jpg,sunlamp,1,12444,1,07321,-0.139591,0.893381,-0.0837545,-0.418772,40.4708
sunlamp/images/img001606.jpg,sunlamp,2,61636,2,61701,-0.143681,0.258625,0.919555,0.258625,23.7153
sunlamp/images/img001607.jpg,sunlamp,2,56302,2,52760,0.251263,-0.0837545,0.893381,0.362936,9.45516
sunlamp/images/img001608.jpg,sunlamp,2,74322,2,76211,0.157036,0.560843,0.717879,0.381373,25.0274
sunlamp/images/img001610.jpg,sunlamp,3,43015,3,41701,-0.122757,-0.564683,0.220963,0.785646,31.5773
sunlamp/images/img001615.jpg,sunlamp,2,07146,2,07571,-0.0294245,-0.323669,0.941584,-0.0882735,24.5806
sunlamp/images/img001618.jpg,sunlamp,2,06350,2,07252,-0.306147,-0.139158,0.890609,-0.306147,21.413
sunlamp/images/img001619.jpg,sunlamp,1,12300,2,14264,0.0261087,-0.496065,0.835478,-0.234978,144.66
sunlamp/images/img001620.jpg,sunlamp,1,06661,1,06243,-0.646684,0.713582,-0.111497,-0.245294,19.2404
sunlamp/images/img001624.jpg,sunlamp,2,43562,2,43744,-0.190728,-0.190728,0.871899,0.408703,9.46635
sunlamp/images/img001632.jpg,sunlamp,3,67271,3,67201,-0.283212,0.544638,0.370354,0.697136,17.2924
sunlamp/images/img001633.jpg,sunlamp,2,25743,2,25365,-0.138728,0.360694,0.887862,-0.249711,20.0442
sunlamp/images/img001634.jpg,sunlamp,1,17022,1,16217,0.196657,0.899004,-0.140469,-0.36522,29.0727
sunlamp/images/img001638.jpg,sunlamp,0,21746,0,23467,0.713582,-0.289893,0.512887,-0.37909,34.257
sunlamp/images/img001639.jpg,sunlamp,2,05057,2,05455,-0.197958,-0.681854,0.703849,-0.0219953,20.0258
sunlamp/images/img001640.jpg,sunlamp,0,30347,3,42721,-0.532542,-0.0760775,0.228232,0.811493,70.2533
sunlamp/images/img001642.jpg,sunlamp,1,43255,1,16611,0.204559,0.935129,-0.204559,-0.204559,73.4917
sunlamp/images/img001644.jpg,sunlamp,1,71510,2,17566,0.600885,-0.216319,0.769133,-0.0240354,151.714
sunlamp/images/img001655.jpg,sunlamp,0,12716,0,10667,0.797264,0.0747435,-0.423547,-0.423547,47.6817
sunlamp/images/img001656.jpg,sunlamp,0,16366,1,16601,0.0892052,0.951522,-0.208145,-0.208145,132.216
sunlamp/images/img001658.jpg,sunlamp,3,20251,1,24361,-0.50128,0.763856,0.310316,-0.262575,172.671
sunlamp/images/img001659.jpg,sunlamp,2,43335,2,16674,0.153646,-0.0921878,0.983336,-0.0307293,25.1974
sunlamp/images/img001660.jpg,sunlamp,0,23544,0,63041,0.824315,-0.334878,0.437917,0.128799,64.9625
sunlamp/images/img001663.jpg,sunlamp,3,53405,3,52761,0.302422,-0.0824786,0.357407,0.879772,39.6899
sunlamp/images/img001664.jpg,sunlamp,3,10722,2,12264,0.0245514,-0.0736543,0.785646,-0.613786,68.0286
sunlamp/images/img001665.jpg,sunlamp,2,13006,1,17246,0.451292,0.849491,-0.132733,-0.238919,176.158
sunlamp/images/img001669.jpg,sunlamp,2,43744,1,53661,0.480589,0.809414,-0.0758825,0.328824,162.274
sunlamp/images/img001670.jpg,sunlamp,2,50514,1,05540,-0.154869,0.707972,-0.685847,-0.0663723,25.8922
sunlamp/images/img001671.jpg,sunlamp,1,73422,1,72116,0.328824,0.809414,0.480589,0.0758825,18.349
sunlamp/images/img001672.jpg,sunlamp,3,05655,0,14661,0.854321,0.0800926,-0.507253,-0.0800926,149.864
sunlamp/images/img001675.jpg,sunlamp,2,16370,1,72104,0.240278,0.854321,0.453858,0.0800926,132.457
sunlamp/images/img001676.jpg,sunlamp,0,24301,3,70265,0.0848189,0.367549,0.197911,0.904735,132.996
sunlamp/images/img001680.jpg,sunlamp,1,74675,1,17264,0.453858,0.854321,-0.0800926,-0.240278,124.008
sunlamp/images/img001682.jpg,sunlamp,2,61606,2,62113,-0.415376,0.464244,0.781884,0.0244339,38.1331
sunlamp/images/img001684.jpg,sunlamp,3,52156,3,50761,0.268773,-0.464244,0.317641,0.781884,25.238
sunlamp/images/img001687.jpg,sunlamp,1,77004,1,70163,0.315058,0.916533,0.200492,0.143208,46.5194
sunlamp/images/img001689.jpg,sunlamp,3,65031,3,57003,0.442579,-0.302817,0.395992,0.745396,93.932
sunlamp/images/img001697.jpg,sunlamp,2,54700,1,06357,-0.451292,0.849491,-0.132733,-0.238919,88.6931
sunlamp/images/img001699.jpg,sunlamp,3,26407,3,26167,-0.46101,0.504916,-0.197576,0.702491,22.331
sunlamp/images/img001701.jpg,sunlamp,3,42277,3,06771,-0.465972,-0.0822304,-0.0822304,0.877124,33.9743
sunlamp/images/img001703.jpg,sunlamp,2,57101,0,06267,0.725215,-0.657226,-0.022663,-0.203967,115.375
sunlamp/images/img001704.jpg,sunlamp,3,16067,3,16247,0.0888913,-0.148152,-0.266674,0.948174,12.8835
sunlamp/images/img001707.jpg,sunlamp,0,30506,1,70261,0.0856444,0.91354,0.371126,0.142741,156.263
sunlamp/images/img001708.jpg,sunlamp,2,63117,2,63111,-0.0275764,0.468798,0.882444,0.0275764,8.99291
sunlamp/images/img001709.jpg,sunlamp,3,61442,2,60555,-0.433341,0.0254906,0.8157,0.38236,76.9325
sunlamp/images/img001712.jpg,sunlamp,3,27060,1,17566,0.600885,0.769133,-0.216319,-0.0240354,158.689
sunlamp/images/img001713.jpg,sunlamp,2,15120,2,15616,0.47789,-0.47789,0.728214,-0.113783,22.5509
sunlamp/images/img001715.jpg,sunlamp,0,34424,1,36405,0.0817405,0.871899,0.463196,-0.136234,157.543
sunlamp/images/img001718.jpg,sunlamp,3,55363,0,52465,0.861723,0.0807866,-0.296217,0.403933,110.109
sunlamp/images/img001720.jpg,sunlamp,3,57144,3,60555,-0.433341,0.0254906,0.38236,0.8157,122.462
sunlamp/images/img001725.jpg,sunlamp,1,51414,2,16261,0.0879694,-0.0879694,0.93834,-0.322554,96.3205
sunlamp/images/img001727.jpg,sunlamp,2,64434,2,06526,-0.564683,-0.220963,0.785646,-0.122757,88.31
sunlamp/images/img001729.jpg,sunlamp,2,74742,3,64171,-0.403052,0.118545,0.497888,0.758686,76.7281
sunlamp/images/img001730.jpg,sunlamp,2,35753,2,17126,0.57369,-0.206529,0.734324,-0.298319,60.0844
sunlamp/images/img001732.jpg,sunlamp,1,26743,1,27274,-0.241948,0.703849,0.637864,-0.197958,30.0981
sunlamp/images/img001736.jpg,sunlamp,0,50362,3,12717,0.362209,-0.120736,-0.507093,0.772712,104.261
sunlamp/images/img001737.jpg,sunlamp,2,07227,2,07267,-0.364073,-0.0280056,0.896179,-0.25205,11.7809
sunlamp/images/img001738.jpg,sunlamp,3,53261,3,52162,0.258625,-0.258625,0.143681,0.919555,36.5869
sunlamp/images/img001739.jpg,sunlamp,3,60753,2,17623,0.501565,-0.0263982,0.844742,-0.184787,171.015
sunlamp/images/img001744.jpg,sunlamp,0,46375,3,07707,-0.150824,-0.150824,-0.150824,0.965275,121.68
sunlamp/images/img001754.jpg,sunlamp,0,40410,1,26165,-0.471108,0.717879,0.471108,-0.201903,32.3978
sunlamp/images/img001755.jpg,sunlamp,0,57153,1,56065,0.0731272,0.780024,-0.268133,0.560642,70.146
sunlamp/images/img001760.jpg,sunlamp,2,34400,2,17663,0.508706,-0.026774,0.856767,-0.0803219,62.0659
sunlamp/images/img001763.jpg,sunlamp,0,65763,2,07761,-0.153069,-0.0918415,0.979643,-0.0918415,162.056
sunlamp/images/img001764.jpg,sunlamp,1,42727,1,64371,-0.387667,0.729727,0.296452,0.478883,48.337
sunlamp/images/img001767.jpg,sunlamp,1,63444,2,53241,0.497423,-0.183261,0.837765,0.130901,172.746
sunlamp/images/img001769.jpg,sunlamp,1,35414,1,17463,0.494718,0.833209,-0.23434,-0.0781133,32.3383
sunlamp/images/img001770.jpg,sunlamp,3,56066,2,53266,0.46047,-0.0270864,0.866766,0.189605,99.6364
sunlamp/images/img001771.jpg,sunlamp,3,26553,1,07661,-0.373569,0.919555,-0.0862083,-0.0862083,118.433
sunlamp/images/img001781.jpg,sunlamp,2,53521,0,17466,0.856767,0.455158,-0.240966,-0.026774,152.869
sunlamp/images/img001785.jpg,sunlamp,2,74342,2,74124,0.233079,0.129488,0.828726,0.492056,18.2006
sunlamp/images/img001787.jpg,sunlamp,1,30742,2,16225,0.0862083,-0.0862083,0.919555,-0.373569,133.405
sunlamp/images/img001796.jpg,sunlamp,1,14664,1,16564,0.256933,0.91354,-0.314029,-0.0285481,39.1745
sunlamp/images/img001802.jpg,sunlamp,2,11102,1,17464,0.448769,0.844742,-0.29038,-0.0263982,137.768
sunlamp/images/img001804.jpg,sunlamp,3,16546,3,50302,0.228822,-0.533917,0.0254246,0.813589,21.5813
sunlamp/images/img001806.jpg,sunlamp,2,70710,2,70117,0.421408,0.0842816,0.899004,0.0842816,29.8619
sunlamp/images/img001807.jpg,sunlamp,1,44325,3,40331,-0.415376,-0.464244,0.0244339,0.781884,158.696
sunlamp/images/img001813.jpg,sunlamp,2,65311,1,63071,-0.227067,0.80735,0.529823,0.126148,88.6839
sunlamp/images/img001816.jpg,sunlamp,1,52663,1,43717,-0.0292228,0.935129,-0.146114,0.321451,20.3578
sunlamp/images/img001819.jpg,sunlamp,3,35473,3,07367,-0.148675,-0.0297351,-0.267615,0.951522,91.341
sunlamp/images/img001830.jpg,sunlamp,3,41372,1,14727,0.287982,0.837765,-0.445063,-0.130901,107.761
sunlamp/images/img001832.jpg,sunlamp,2,36673,2,16727,0.321451,-0.0292228,0.935129,-0.146114,91.8719
sunlamp/images/img001835.jpg,sunlamp,1,34465,1,14470,0.118279,0.756986,-0.638707,-0.0709674,99.504
sunlamp/images/img001837.jpg,sunlamp,0,67253,0,62163,0.712167,-0.46736,0.51187,0.111276,50.2067
sunlamp/images/img001838.jpg,sunlamp,2,70174,2,70141,0.321451,0.0292228,0.935129,0.146114,17.7465
sunlamp/images/img001839.jpg,sunlamp,3,56201,3,56211,0.186352,-0.186352,0.45257,0.851896,13.1839
sunlamp/images/img001842.jpg,sunlamp,3,21245,3,21635,-0.217325,0.313914,-0.507093,0.772712,16.7162
sunlamp/images/img001843.jpg,sunlamp,1,33456,1,32401,0.0697297,0.743784,0.395135,-0.534595,48.6898
sunlamp/images/img001847.jpg,sunlamp,0,07023,3,07237,-0.25205,-0.0280056,-0.364073,0.896179,127.192
sunlamp/images/img001851.jpg,sunlamp,2,06560,2,06533,-0.447523,-0.236924,0.842397,-0.184274,19.1055
sunlamp/images/img001852.jpg,sunlamp,3,41241,1,41607,-0.310316,0.763856,-0.50128,0.262575,158.008
sunlamp/images/img001853.jpg,sunlamp,1,11643,1,26157,-0.405798,0.763856,0.453539,-0.214834,151.445
sunlamp/images/img001856.jpg,sunlamp,3,34251,3,06277,-0.600885,-0.0240354,-0.216319,0.769133,103.354
sunlamp/images/img001858.jpg,sunlamp,1,47145,1,47161,-0.124573,0.797264,-0.27406,0.523205,12.0283
sunlamp/images/img001859.jpg,sunlamp,3,21470,3,23635,-0.184211,0.59357,-0.429826,0.654974,57.3215
sunlamp/images/img001860.jpg,sunlamp,2,12777,1,71166,0.598127,0.765603,0.167476,0.167476,146.859
sunlamp/images/img001862.jpg,sunlamp,0,07747,3,07741,-0.150278,-0.21039,-0.090167,0.961781,167.108
sunlamp/images/img001864.jpg,sunlamp,1,52102,1,56213,0.187958,0.859235,-0.134255,0.456468,56.2712
sunlamp/images/img001867.jpg,sunlamp,3,52070,2,16563,0.313011,-0.2561,0.910577,-0.0853666,160.841
sunlamp/images/img001871.jpg,sunlamp,3,37751,1,57243,0.441622,0.743784,-0.116216,0.488108,39.0842
sunlamp/images/img001873.jpg,sunlamp,2,63011,2,27542,-0.184274,0.500173,0.842397,-0.0789747,17.4851
sunlamp/images/img001877.jpg,sunlamp,2,04656,0,16167,0.88514,0.304267,-0.248946,-0.248946,71.9203
sunlamp/images/img001879.jpg,sunlamp,0,32151,3,03227,-0.288178,-0.0221676,-0.642859,0.709362,67.5134
sunlamp/images/img001880.jpg,sunlamp,1,04777,2,53205,0.500173,-0.184274,0.842397,0.0789747,87.0271
sunlamp/images/img001881.jpg,sunlamp,1,73262,2,72134,0.320719,0.518084,0.789462,0.0740121,22.8802
sunlamp/images/img001885.jpg,sunlamp,1,07534,2,61304,-0.205262,0.263908,0.93834,0.0879694,172.476
sunlamp/images/img001886.jpg,sunlamp,0,63614,0,16361,0.896179,0.308062,-0.0840168,-0.308062,125.249
sunlamp/images/img001893.jpg,sunlamp,3,24445,3,16261,0.0879694,-0.0879694,-0.322554,0.93834,99.5331
sunlamp/images/img001896.jpg,sunlamp,2,60046,1,16226,0.0289278,0.925691,-0.0289278,-0.376062,174.815
sunlamp/images/img001898.jpg,sunlamp,1,62230,1,07266,-0.411152,0.877124,-0.0274101,-0.246691,84.8366
sunlamp/images/img001901.jpg,sunlamp,0,36606,1,16661,0.092538,0.987072,-0.092538,-0.092538,175.207
sunlamp/images/img001912.jpg,sunlamp,0,61315,2,16231,0.193624,-0.0829819,0.88514,-0.41491,134.629
sunlamp/images/img001916.jpg,sunlamp,1,74324,1,16467,0.0898429,0.958324,-0.269529,-0.0299476,94.4089
sunlamp/images/img001918.jpg,sunlamp,3,24505,3,06371,-0.447523,-0.0789747,-0.289574,0.842397,25.2513
sunlamp/images/img001919.jpg,sunlamp,2,46332,1,26161,-0.466436,0.71076,0.466436,-0.244324,123.666
sunlamp/images/img001920.jpg,sunlamp,3,15226,2,12507,0.262575,-0.310316,0.763856,-0.50128,132.321
sunlamp/images/img001921.jpg,sunlamp,0,34445,3,16611,0.204559,-0.204559,-0.204559,0.935129,159.624
sunlamp/images/img001924.jpg,sunlamp,3,52253,3,52702,0.258625,-0.143681,0.258625,0.919555,12.9131
sunlamp/images/img001929.jpg,sunlamp,2,01422,2,03535,-0.0251022,-0.276124,0.80327,-0.527146,44.7719
sunlamp/images/img001932.jpg,sunlamp,3,34105,3,16363,0.309033,-0.0280939,-0.309033,0.899004,11.3324
sunlamp/images/img001937.jpg,sunlamp,0,71220,0,70233,0.887862,0.19422,0.416185,0.0277457,30.6886
sunlamp/images/img001938.jpg,sunlamp,1,63565,1,63071,-0.227067,0.80735,0.529823,0.126148,28.9931
sunlamp/images/img001943.jpg,sunlamp,2,13421,1,16226,0.0289278,0.925691,-0.0289278,-0.376062,174.229
sunlamp/images/img001946.jpg,sunlamp,3,51442,1,07541,-0.139591,0.893381,-0.418772,-0.0837545,81.4959
sunlamp/images/img001947.jpg,sunlamp,1,01674,1,16641,0.0908257,0.968808,-0.211927,-0.0908257,68.1247
sunlamp/images/img001950.jpg,sunlamp,0,21077,0,67031,0.74702,-0.210099,0.490232,0.396854,124.939
sunlamp/images/img001952.jpg,sunlamp,2,61157,2,25171,-0.0292228,0.146114,0.935129,-0.321451,61.5828
sunlamp/images/img001955.jpg,sunlamp,2,06700,0,16265,0.954905,0.0895223,-0.0895223,-0.268567,110.084
sunlamp/images/img001957.jpg,sunlamp,2,47345,2,43261,-0.371126,-0.0856444,0.91354,0.142741,58.3992
sunlamp/images/img001959.jpg,sunlamp,1,33145,1,30467,0.0810219,0.864234,0.189051,-0.459124,59.0493
sunlamp/images/img001960.jpg,sunlamp,0,04107,1,06271,-0.592723,0.758686,-0.0711268,-0.260798,108.265
sunlamp/images/img001965.jpg,sunlamp,2,40351,2,25065,-0.360694,0.138728,0.887862,-0.249711,93.1407
sunlamp/images/img001968.jpg,sunlamp,3,21054,1,71060,0.46047,0.866766,0.135432,0.135432,170.119
sunlamp/images/img001970.jpg,sunlamp,1,71736,1,17246,0.451292,0.849491,-0.132733,-0.238919,80.197
sunlamp/images/img001974.jpg,sunlamp,0,06310,0,02726,0.716438,-0.51494,-0.0223887,-0.470162,22.1174
sunlamp/images/img001976.jpg,sunlamp,0,02554,3,60305,-0.532542,0.228232,0.0760775,0.811493,64.9721
sunlamp/images/img001981.jpg,sunlamp,3,43526,3,43521,-0.141365,-0.311003,0.254457,0.904735,12.2221
sunlamp/images/img001987.jpg,sunlamp,1,65327,1,70124,0.266674,0.948174,0.148152,0.0888913,72.373
sunlamp/images/img001993.jpg,sunlamp,0,06226,3,56016,0.125828,-0.327154,0.478148,0.805302,170.311
sunlamp/images/img001994.jpg,sunlamp,0,61611,0,61065,0.899004,-0.36522,0.140469,0.196657,19.1329
sunlamp/images/img001999.jpg,sunlamp,1,72766,1,76004,0.0244339,0.781884,0.415376,0.464244,39.1114
sunlamp/images/img002002.jpg,sunlamp,0,47317,0,07705,0.954905,-0.149204,-0.208885,-0.149204,79.6365
sunlamp/images/img002006.jpg,sunlamp,3,51250,3,03261,-0.295837,-0.06827,-0.61443,0.728214,137.996
sunlamp/images/img002007.jpg,sunlamp,1,73042,1,70124,0.266674,0.948174,0.148152,0.0888913,44.7533
sunlamp/images/img002012.jpg,sunlamp,0,15222,3,16177,0.399326,-0.239596,-0.239596,0.851896,178.921
sunlamp/images/img002013.jpg,sunlamp,1,16015,1,16061,0.0840168,0.896179,-0.308062,-0.308062,16.8231
sunlamp/images/img002014.jpg,sunlamp,0,60062,2,52566,0.239596,-0.239596,0.851896,0.399326,119.903
sunlamp/images/img002018.jpg,sunlamp,3,47213,3,43521,-0.141365,-0.311003,0.254457,0.904735,34.1403
sunlamp/images/img002023.jpg,sunlamp,2,04707,2,07507,-0.141819,-0.368729,0.907642,-0.141819,46.439
sunlamp/images/img002026.jpg,sunlamp,0,53166,1,06361,-0.525822,0.801253,-0.0751175,-0.275431,174.536
sunlamp/images/img002027.jpg,sunlamp,0,27100,0,26560,0.715006,-0.51391,0.469222,-0.0670318,57.6429
sunlamp/images/img002028.jpg,sunlamp,0,23050,0,70027,0.968808,0.0908257,0.211927,0.0908257,95.3544
sunlamp/images/img002031.jpg,sunlamp,1,07264,1,07277,-0.261226,0.928805,-0.0290252,-0.261226,20.4995
sunlamp/images/img002034.jpg,sunlamp,2,77403,3,74434,0.117753,0.117753,0.635866,0.753619,51.5586
sunlamp/images/img002035.jpg,sunlamp,3,13365,3,12247,0.0731272,-0.121879,-0.609394,0.780024,58.1313
sunlamp/images/img002036.jpg,sunlamp,3,36020,3,36000,0.0254906,0.433341,-0.38236,0.8157,12.8876
sunlamp/images/img002042.jpg,sunlamp,1,01726,1,07211,-0.24236,0.861723,-0.188502,-0.403933,31.5583
sunlamp/images/img002043.jpg,sunlamp,3,52114,3,07341,-0.143208,-0.200492,-0.315058,0.916533,74.1697
sunlamp/images/img002046.jpg,sunlamp,2,50422,2,52702,0.258625,-0.143681,0.919555,0.258625,62.052
sunlamp/images/img002047.jpg,sunlamp,2,07762,2,07762,-0.212708,-0.0303869,0.972379,-0.0911606,4.08134
sunlamp/images/img002050.jpg,sunlamp,2,60106,2,22171,-0.341162,0.421435,0.642187,-0.541845,90.5263
sunlamp/images/img002051.jpg,sunlamp,0,03755,0,07767,0.987072,-0.15423,-0.030846,-0.030846,59.1316
sunlamp/images/img002052.jpg,sunlamp,1,70375,1,70475,0.19245,0.879772,0.137464,0.412393,42.92
sunlamp/images/img002057.jpg,sunlamp,2,67636,2,53243,0.501565,-0.131991,0.844742,0.131991,132.544
sunlamp/images/img002059.jpg,sunlamp,2,41217,2,16641,0.0908257,-0.211927,0.968808,-0.0908257,58.8117
sunlamp/images/img002060.jpg,sunlamp,1,42416,3,16563,0.313011,-0.2561,-0.0853666,0.910577,165.103
sunlamp/images/img002064.jpg,sunlamp,3,36052,3,36001,0.0762739,0.432219,-0.38137,0.813589,13.9588
sunlamp/images/img002068.jpg,sunlamp,0,27725,1,16167,0.304267,0.88514,-0.248946,-0.248946,179.933
sunlamp/images/img002073.jpg,sunlamp,0,72064,1,16621,0.0908257,0.968808,-0.0908257,-0.211927,178.525
sunlamp/images/img002074.jpg,sunlamp,1,60377,1,60345,-0.525822,0.801253,0.225352,0.175274,18.418
sunlamp/images/img002075.jpg,sunlamp,3,76124,1,17267,0.496065,0.835478,-0.0261087,-0.234978,145.217
sunlamp/images/img002080.jpg,sunlamp,2,63227,1,26777,-0.356417,0.670902,0.649937,-0.0209657,13.7569
sunlamp/images/img002083.jpg,sunlamp,3,16460,3,16221,0.0842816,-0.0842816,-0.421408,0.899004,46.3227
sunlamp/images/img002084.jpg,sunlamp,1,54524,2,52170,0.355266,-0.300609,0.8745,0.136641,115.1
sunlamp/images/img002086.jpg,sunlamp,3,72037,3,60021,-0.666887,0.114981,0.0229961,0.735875,113.907
sunlamp/images/img002089.jpg,sunlamp,0,61324,0,61261,0.859235,-0.349064,0.349064,0.134255,20.5074
sunlamp/images/img002093.jpg,sunlamp,1,24723,1,24521,-0.535303,0.8157,0.127453,-0.178434,26.6617
sunlamp/images/img002099.jpg,sunlamp,3,27502,3,07237,-0.25205,-0.0280056,-0.364073,0.896179,63.4839
sunlamp/images/img002100.jpg,sunlamp,1,70475,2,74123,0.285642,0.181772,0.830959,0.441447,118.396
sunlamp/images/img002105.jpg,sunlamp,3,50350,3,16177,0.399326,-0.239596,-0.239596,0.851896,57.1218
sunlamp/images/img002113.jpg,sunlamp,3,35753,1,17463,0.494718,0.833209,-0.23434,-0.0781133,121.443
sunlamp/images/img002114.jpg,sunlamp,2,62341,2,27261,-0.28004,0.624704,0.689329,-0.236957,44.4119
sunlamp/images/img002116.jpg,sunlamp,2,42032,2,16067,0.0867835,-0.260351,0.925691,-0.260351,91.3757
sunlamp/images/img002117.jpg,sunlamp,1,45026,1,14464,0.0238705,0.763856,-0.644503,-0.0238705,64.7129
sunlamp/images/img002120.jpg,sunlamp,2,37721,2,16323,0.29708,-0.0270073,0.864234,-0.40511,84.3931
sunlamp/images/img002121.jpg,sunlamp,1,50303,1,16437,0.203864,0.931951,-0.262111,-0.145617,41.1809
sunlamp/images/img002126.jpg,sunlamp,1,70005,1,70007,0.092538,0.987072,0.092538,0.092538,9.80756
sunlamp/images/img002128.jpg,sunlamp,1,57632,3,12267,0.0736543,-0.0245514,-0.613786,0.785646,127.146
sunlamp/images/img002132.jpg,sunlamp,1,03744,1,07261,-0.357407,0.879772,-0.0824786,-0.302422,30.8345
sunlamp/images/img002136.jpg,sunlamp,1,77742,1,17626,0.464578,0.8745,-0.0273281,-0.136641,104.07
sunlamp/images/img002138.jpg,sunlamp,2,47374,2,07645,-0.368729,-0.198547,0.907642,-0.0283638,83.1961
sunlamp/images/img002141.jpg,sunlamp,3,74032,3,74005,0.0803219,0.026774,0.508706,0.856767,21.4771
sunlamp/images/img002142.jpg,sunlamp,1,12541,1,16227,0.0864945,0.922608,-0.0288315,-0.374809,47.3258
sunlamp/images/img002146.jpg,sunlamp,2,25310,2,25132,-0.0829819,0.193624,0.88514,-0.41491,5.86044
sunlamp/images/img002149.jpg,sunlamp,0,43412,3,11336,0.529907,-0.310635,-0.529907,0.584725,58.4248
sunlamp/images/img002151.jpg,sunlamp,2,70753,2,70615,0.196039,0.25205,0.896179,0.308062,23.6124
sunlamp/images/img002159.jpg,sunlamp,3,06377,1,07641,-0.367549,0.904735,-0.197911,-0.0848189,169.277
sunlamp/images/img002162.jpg,sunlamp,3,72150,3,07767,-0.15423,-0.030846,-0.030846,0.987072,83.0116
sunlamp/images/img002163.jpg,sunlamp,2,30760,1,32565,0.254034,0.739008,0.484974,-0.392598,61.4547
sunlamp/images/img002166.jpg,sunlamp,0,52322,1,16647,0.0921878,0.983336,-0.153646,-0.0307293,135.81
sunlamp/images/img002168.jpg,sunlamp,3,47034,3,47271,-0.228232,-0.0760775,0.532542,0.811493,22.8449
sunlamp/images/img002169.jpg,sunlamp,1,65107,1,17467,0.496065,0.835478,-0.234978,-0.0261087,105.475
sunlamp/images/img002171.jpg,sunlamp,3,45152,1,12626,0.0261087,0.835478,-0.0261087,-0.548282,55.4205
sunlamp/images/img002173.jpg,sunlamp,2,76226,1,16261,0.0879694,0.93834,-0.0879694,-0.322554,130.868
sunlamp/images/img002177.jpg,sunlamp,0,07645,3,07741,-0.150278,-0.21039,-0.090167,0.961781,171.341
sunlamp/images/img002181.jpg,sunlamp,1,10072,1,14267,0.0800926,0.854321,-0.453858,-0.240278,42.074
sunlamp/images/img002184.jpg,sunlamp,0,63016,0,16765,0.941584,0.323669,-0.0882735,-0.0294245,100.54
sunlamp/images/img002185.jpg,sunlamp,0,54017,2,07047,-0.342224,-0.342224,0.842397,-0.236924,56.1985
sunlamp/images/img002188.jpg,sunlamp,0,12527,3,60531,-0.451292,0.132733,0.238919,0.849491,71.7473
sunlamp/images/img002192.jpg,sunlamp,3,12436,3,12212,0.110838,-0.110838,-0.687194,0.709362,24.0637
sunlamp/images/img002193.jpg,sunlamp,2,74157,2,57066,0.387667,-0.205236,0.729727,0.524491,32.719
sunlamp/images/img002194.jpg,sunlamp,3,31173,2,12566,0.23434,-0.23434,0.833209,-0.442642,106.834
sunlamp/images/img002195.jpg,sunlamp,2,74174,2,17361,0.622212,-0.0691347,0.737437,-0.253494,105.285
sunlamp/images/img002198.jpg,sunlamp,3,70473,3,70405,0.0882735,0.0294245,0.323669,0.941584,22.7238
sunlamp/images/img002201.jpg,sunlamp,0,42117,3,07223,-0.345106,-0.0265466,-0.398199,0.849491,173.086
sunlamp/images/img002208.jpg,sunlamp,2,40011,2,17264,0.453858,-0.0800926,0.854321,-0.240278,137.91
sunlamp/images/img002210.jpg,sunlamp,3,52163,3,56001,0.0762739,-0.38137,0.432219,0.813589,45.7739
sunlamp/images/img002212.jpg,sunlamp,1,63321,1,36622,0.0221676,0.709362,0.687194,-0.155173,23.3701
sunlamp/images/img002213.jpg,sunlamp,1,12646,2,16045,0.0819844,-0.409922,0.8745,-0.245953,139.015
sunlamp/images/img002218.jpg,sunlamp,3,07772,3,07533,-0.0294245,-0.26482,-0.205971,0.941584,36.017
sunlamp/images/img002220.jpg,sunlamp,2,47026,1,07267,-0.364073,0.896179,-0.0280056,-0.25205,156.473
sunlamp/images/img002225.jpg,sunlamp,2,74266,1,67111,-0.0249766,0.799251,0.424602,0.424602,66.3379
sunlamp/images/img002226.jpg,sunlamp,2,47121,2,43166,-0.20182,-0.259483,0.922608,0.20182,30.1602
sunlamp/images/img002227.jpg,sunlamp,1,06505,1,17647,0.505813,0.851896,-0.133109,-0.0266217,123.941
sunlamp/images/img002228.jpg,sunlamp,1,76431,1,16647,0.0921878,0.983336,-0.153646,-0.0307293,106.454
sunlamp/images/img002229.jpg,sunlamp,3,50312,3,16106,0.236924,-0.342224,-0.342224,0.842397,47.9821
sunlamp/images/img002231.jpg,sunlamp,0,22500,0,22431,0.625291,-0.488509,0.410347,-0.449428,9.9813
sunlamp/images/img002232.jpg,sunlamp,3,54231,0,06721,0.819974,-0.538108,-0.0768726,-0.179369,153.914
sunlamp/images/img002237.jpg,sunlamp,3,56400,2,17566,0.600885,-0.216319,0.769133,-0.0240354,118.298
sunlamp/images/img002240.jpg,sunlamp,1,27040,1,27065,-0.313914,0.772712,0.507093,-0.217325,13.4954
sunlamp/images/img002243.jpg,sunlamp,1,25017,1,16066,0.0290252,0.928805,-0.261226,-0.261226,49.0117
sunlamp/images/img002244.jpg,sunlamp,3,36501,3,07617,-0.26482,-0.147122,-0.147122,0.941584,95.5361
sunlamp/images/img002246.jpg,sunlamp,0,25155,0,07272,0.899004,-0.309033,-0.0280939,-0.309033,34.5796
sunlamp/images/img002249.jpg,sunlamp,2,60441,1,60221,-0.642859,0.709362,0.288178,0.0221676,101.606
sunlamp/images/img002251.jpg,sunlamp,0,61115,2,52255,0.204559,-0.204559,0.935129,0.204559,147.379
sunlamp/images/img002253.jpg,sunlamp,2,25527,2,36401,0.0810219,0.459124,0.864234,-0.189051,37.6597
sunlamp/images/img002255.jpg,sunlamp,1,52776,2,56213,0.187958,-0.134255,0.859235,0.456468,168.314
sunlamp/images/img002258.jpg,sunlamp,0,25451,0,60265,0.701141,-0.635409,0.284839,0.153375,67.2939
sunlamp/images/img002263.jpg,sunlamp,3,32661,1,16565,0.309033,0.899004,-0.309033,-0.0280939,93.1306
sunlamp/images/img002265.jpg,sunlamp,2,57443,2,56015,0.17186,-0.368271,0.785646,0.466477,34.6516
sunlamp/images/img002267.jpg,sunlamp,2,76036,2,76011,0.172276,0.418384,0.787547,0.418384,16.1299
sunlamp/images/img002277.jpg,sunlamp,3,17320,3,17247,0.492056,-0.129488,-0.233079,0.828726,20.5943
sunlamp/images/img002280.jpg,sunlamp,3,74030,3,70565,0.294514,0.13387,0.40161,0.856767,18.63
sunlamp/images/img002286.jpg,sunlamp,2,25146,2,16661,0.092538,-0.092538,0.987072,-0.092538,46.3864
sunlamp/images/img002289.jpg,sunlamp,1,23672,1,26161,-0.466436,0.71076,0.466436,-0.244324,36.8568
sunlamp/images/img002294.jpg,sunlamp,3,66423,2,06565,-0.527146,-0.276124,0.80327,-0.0251022,116.819
sunlamp/images/img002298.jpg,sunlamp,0,52346,2,53066,0.447523,-0.236924,0.842397,0.184274,145.969
sunlamp/images/img002299.jpg,sunlamp,3,07142,3,07601,-0.36181,-0.194821,-0.194821,0.890609,26.3946
sunlamp/images/img002303.jpg,sunlamp,1,40275,2,57226,0.415376,-0.0244339,0.781884,0.464244,121.335
sunlamp/images/img002307.jpg,sunlamp,0,11700,1,12246,0.0244339,0.781884,-0.122169,-0.610847,89.5596
sunlamp/images/img002310.jpg,sunlamp,3,65713,3,64111,-0.424602,0.0249766,0.424602,0.799251,57.906
sunlamp/images/img002315.jpg,sunlamp,0,61222,0,60761,0.753619,-0.494563,0.306158,0.306158,38.036
sunlamp/images/img002317.jpg,sunlamp,2,10472,2,17560,0.592723,-0.260798,0.758686,-0.0711268,79.2993
sunlamp/images/img002318.jpg,sunlamp,3,25255,3,07741,-0.150278,-0.21039,-0.090167,0.961781,56.4591
sunlamp/images/img002321.jpg,sunlamp,1,16530,1,16431,0.198547,0.907642,-0.312002,-0.198547,18.9166
sunlamp/images/img002324.jpg,sunlamp,0,45573,0,43563,0.887862,-0.138728,-0.249711,0.360694,48.6203
sunlamp/images/img002325.jpg,sunlamp,0,16032,1,16076,0.143681,0.919555,-0.258625,-0.258625,132.262
sunlamp/images/img002332.jpg,sunlamp,1,42106,3,56213,0.187958,-0.134255,0.456468,0.859235,147.408
sunlamp/images/img002338.jpg,sunlamp,2,30142,1,35060,0.445063,0.837765,0.130901,-0.287982,130.044
sunlamp/images/img002341.jpg,sunlamp,1,43300,1,16614,0.149204,0.954905,-0.208885,-0.149204,47.0123
sunlamp/images/img002343.jpg,sunlamp,0,01270,0,07266,0.877124,-0.411152,-0.0274101,-0.246691,65.2436
sunlamp/images/img002344.jpg,sunlamp,2,27650,2,27761,-0.114738,0.665481,0.734324,-0.0688428,18.0824
sunlamp/images/img002347.jpg,sunlamp,0,60545,3,02733,-0.395992,-0.0232936,-0.535754,0.745396,176.008
sunlamp/images/img002352.jpg,sunlamp,3,13443,2,15267,0.453539,-0.405798,0.763856,-0.214834,158.492
sunlamp/images/img002353.jpg,sunlamp,3,24100,3,06367,-0.533917,-0.0254246,-0.228822,0.813589,16.3139
sunlamp/images/img002359.jpg,sunlamp,3,30603,2,02116,-0.388241,-0.265638,0.653879,-0.592578,44.4835
sunlamp/images/img002361.jpg,sunlamp,1,74027,2,43575,-0.0270073,-0.29708,0.864234,0.40511,168.991
sunlamp/images/img002364.jpg,sunlamp,1,01356,1,05327,-0.128799,0.824315,-0.437917,-0.334878,28.0711
sunlamp/images/img002367.jpg,sunlamp,0,65237,0,60761,0.753619,-0.494563,0.306158,0.306158,36.635
sunlamp/images/img002368.jpg,sunlamp,1,63662,1,62737,-0.347373,0.653879,0.633445,0.224771,5.18969
sunlamp/images/img002375.jpg,sunlamp,2,34746,2,16747,0.321451,-0.146114,0.935129,-0.0292228,56.1531
sunlamp/images/img002377.jpg,sunlamp,3,61416,3,61003,-0.374809,0.0864945,0.0288315,0.922608,31.2289
sunlamp/images/img002379.jpg,sunlamp,0,72054,0,07667,0.925691,-0.376062,-0.0289278,-0.0289278,89.7428
sunlamp/images/img002380.jpg,sunlamp,0,42134,0,42271,0.780024,-0.609394,-0.0731272,0.121879,29.6457
sunlamp/images/img002384.jpg,sunlamp,2,65332,1,61505,-0.146114,0.935129,0.0292228,0.321451,113.764
sunlamp/images/img002385.jpg,sunlamp,0,47221,2,47502,-0.162004,-0.300865,0.74059,0.578586,160.188
sunlamp/images/img002386.jpg,sunlamp,0,71302,1,31646,0.409549,0.770916,0.265003,-0.409549,69.3652
sunlamp/images/img002389.jpg,sunlamp,3,62101,3,24375,-0.430001,0.328824,-0.227648,0.809414,31.7152
sunlamp/images/img002395.jpg,sunlamp,1,20564,1,06565,-0.527146,0.80327,-0.276124,-0.0251022,62.4359
sunlamp/images/img002399.jpg,sunlamp,2,06723,2,21471,-0.233079,0.129488,0.828726,-0.492056,54.8869
sunlamp/images/img002403.jpg,sunlamp,2,15376,2,17717,0.687194,-0.110838,0.709362,-0.110838,30.7515
sunlamp/images/img002404.jpg,sunlamp,2,73245,2,73021,0.444513,0.491304,0.748653,0.0233954,18.8096
sunlamp/images/img002408.jpg,sunlamp,3,61210,3,13226,0.366206,-0.0215415,-0.624704,0.689329,121.923
sunlamp/images/img002410.jpg,sunlamp,0,62121,3,06363,-0.527146,-0.0251022,-0.276124,0.80327,123.209
sunlamp/images/img002412.jpg,sunlamp,1,42564,3,76431,0.151354,0.454061,0.540548,0.691902,138.266
sunlamp/images/img002414.jpg,sunlamp,0,74272,0,70160,0.941584,0.26482,0.147122,0.147122,53.6182
sunlamp/images/img002415.jpg,sunlamp,2,55641,2,52166,0.2561,-0.2561,0.910577,0.199189,57.3076
sunlamp/images/img002416.jpg,sunlamp,0,22233,0,22664,0.573351,-0.555434,0.5196,-0.304593,29.3107
sunlamp/images/img002417.jpg,sunlamp,1,41546,1,41573,-0.0234468,0.750298,-0.58617,0.304808,14.9906
sunlamp/images/img002418.jpg,sunlamp,3,70331,3,12617,0.178434,-0.127453,-0.535303,0.8157,90.2211
sunlamp/images/img002420.jpg,sunlamp,0,21272,3,70145,0.318206,0.0289278,0.202495,0.925691,147.591
sunlamp/images/img002421.jpg,sunlamp,2,70300,2,70160,0.26482,0.147122,0.941584,0.147122,18.4185
sunlamp/images/img002422.jpg,sunlamp,3,22727,1,16066,0.0290252,0.928805,-0.261226,-0.261226,123.321
sunlamp/images/img002423.jpg,sunlamp,2,55234,3,16265,0.0895223,-0.0895223,-0.268567,0.954905,147.893
sunlamp/images/img002425.jpg,sunlamp,3,34443,3,07277,-0.261226,-0.0290252,-0.261226,0.928805,47.9157
sunlamp/images/img002431.jpg,sunlamp,0,56641,3,60545,-0.510678,0.024318,0.36477,0.778177,170.909
sunlamp/images/img002432.jpg,sunlamp,1,61150,1,70201,0.0898429,0.958324,0.269529,0.0299476,36.2436
sunlamp/images/img002434.jpg,sunlamp,1,71343,1,71160,0.606517,0.776342,0.121303,0.121303,15.1912
sunlamp/images/img002435.jpg,sunlamp,0,04575,3,43224,-0.421408,-0.0842816,0.0842816,0.899004,142.594
sunlamp/images/img002444.jpg,sunlamp,3,44225,1,40575,-0.357045,0.672085,-0.567072,0.31504,171.185
sunlamp/images/img002447.jpg,sunlamp,2,52422,2,52163,0.311003,-0.254457,0.904735,0.141365,34.8844
sunlamp/images/img002454.jpg,sunlamp,1,71650,1,43573,-0.0280056,0.896179,-0.25205,0.364073,86.97
sunlamp/images/img002458.jpg,sunlamp,0,21465,0,07272,0.899004,-0.309033,-0.0280939,-0.309033,24.7318
sunlamp/images/img002459.jpg,sunlamp,3,14366,3,16241,0.0864945,-0.20182,-0.317146,0.922608,33.3529
sunlamp/images/img002464.jpg,sunlamp,0,47026,0,16441,0.899004,0.0842816,-0.421408,-0.0842816,86.8801
sunlamp/images/img002472.jpg,sunlamp,3,62702,1,62165,-0.474948,0.72373,0.474948,0.158316,70.0041
sunlamp/images/img002475.jpg,sunlamp,2,56304,2,47711,-0.0242607,-0.169825,0.776342,0.606517,32.6416
sunlamp/images/img002477.jpg,sunlamp,2,50206,2,52250,0.149204,-0.208885,0.954905,0.149204,45.896
sunlamp/images/img002478.jpg,sunlamp,2,25034,2,25015,-0.25205,0.0280056,0.896179,-0.364073,11.9663
sunlamp/images/img002480.jpg,sunlamp,0,25052,3,60311,-0.455158,0.240966,0.026774,0.856767,84.9672
sunlamp/images/img002481.jpg,sunlamp,1,04512,2,61167,-0.147635,0.206689,0.944862,0.206689,133.039
sunlamp/images/img002482.jpg,sunlamp,2,36065,2,36411,0.186352,0.45257,0.851896,-0.186352,17.0533
sunlamp/images/img002485.jpg,sunlamp,3,04706,3,46035,-0.541562,-0.238287,0.411587,0.6932,67.9754
sunlamp/images/img002486.jpg,sunlamp,0,52235,0,52245,0.951522,0.0892052,-0.208145,0.208145,21.4045
sunlamp/images/img002487.jpg,sunlamp,1,04312,1,06567,-0.533917,0.813589,-0.228822,-0.0254246,49.362
sunlamp/images/img002488.jpg,sunlamp,1,66361,1,66147,-0.432737,0.659408,0.391524,0.47395,21.0315
sunlamp/images/img002491.jpg,sunlamp,1,36075,1,36500,0.236924,0.842397,0.447523,-0.184274,13.5777
sunlamp/images/img002493.jpg,sunlamp,3,31402,1,16164,0.248946,0.88514,-0.304267,-0.248946,166.039
sunlamp/images/img002496.jpg,sunlamp,2,17120,1,17447,0.481824,0.811493,-0.329669,-0.0253592,162.749
sunlamp/images/img002497.jpg,sunlamp,0,67137,0,60267,0.691902,-0.627036,0.324329,0.151354,83.2659
sunlamp/images/img002498.jpg,sunlamp,1,14024,1,05563,-0.121879,0.780024,-0.609394,-0.0731272,30.5198
sunlamp/images/img002502.jpg,sunlamp,2,65133,1,67101,-0.123958,0.793334,0.421459,0.421459,87.9103
sunlamp/images/img002504.jpg,sunlamp,2,40301,2,16261,0.0879694,-0.0879694,0.93834,-0.322554,96.1976
sunlamp/images/img002508.jpg,sunlamp,2,32636,2,53363,0.640141,-0.0237089,0.758686,0.118545,121.046
sunlamp/images/img002510.jpg,sunlamp,3,43164,1,07747,-0.152499,0.975991,-0.152499,-0.0304997,144.59
sunlamp/images/img002513.jpg,sunlamp,1,56063,1,76201,0.0679889,0.725215,0.566575,0.385271,94.0987
sunlamp/images/img002515.jpg,sunlamp,3,07550,3,43147,-0.140469,-0.36522,0.196657,0.899004,31.7968
sunlamp/images/img002524.jpg,sunlamp,3,43574,1,70141,0.321451,0.935129,0.0292228,0.146114,162.664
sunlamp/images/img002525.jpg,sunlamp,3,36545,1,57263,0.444513,0.748653,-0.0233954,0.491304,53.4875
sunlamp/images/img002528.jpg,sunlamp,1,25305,1,16064,0.0285481,0.91354,-0.314029,-0.256933,72.3272
sunlamp/images/img002529.jpg,sunlamp,1,27205,1,27065,-0.313914,0.772712,0.507093,-0.217325,10.5579
sunlamp/images/img002530.jpg,sunlamp,1,70006,1,70027,0.0908257,0.968808,0.211927,0.0908257,13.2156
sunlamp/images/img002538.jpg,sunlamp,1,12633,2,16063,0.0853666,-0.2561,0.910577,-0.313011,178.343
sunlamp/images/img002540.jpg,sunlamp,0,55033,1,17063,0.476942,0.80327,-0.22592,-0.276124,92.917
sunlamp/images/img002542.jpg,sunlamp,3,07772,3,43341,-0.149204,-0.208885,0.149204,0.954905,35.4374
sunlamp/images/img002546.jpg,sunlamp,0,65537,3,60375,-0.434472,0.332243,0.1789,0.817829,154.316
sunlamp/images/img002548.jpg,sunlamp,2,17274,1,17466,0.455158,0.856767,-0.240966,-0.026774,179.747
sunlamp/images/img002550.jpg,sunlamp,2,77031,1,74174,0.311026,0.765603,0.119625,0.550277,82.5177
sunlamp/images/img002551.jpg,sunlamp,0,61461,0,60665,0.673274,-0.610155,0.273518,0.315597,41.7481
sunlamp/images/img002552.jpg,sunlamp,3,15644,3,07527,-0.147122,-0.26482,-0.147122,0.941584,75.2434
sunlamp/images/img002553.jpg,sunlamp,0,16206,1,61253,-0.254457,0.904735,0.311003,0.141365,142.584
sunlamp/images/img002555.jpg,sunlamp,3,77306,3,27145,-0.132733,0.451292,-0.238919,0.849491,105.904
sunlamp/images/img002559.jpg,sunlamp,0,13072,3,13222,0.356417,-0.0209657,-0.649937,0.670902,179.179
sunlamp/images/img002561.jpg,sunlamp,3,26151,3,26363,-0.416107,0.614253,-0.217961,0.634068,30.2616
sunlamp/images/img002562.jpg,sunlamp,2,06531,2,07361,-0.145617,-0.0873704,0.931951,-0.320358,46.5501
sunlamp/images/img002563.jpg,sunlamp,1,05573,1,56023,0.0800926,0.854321,-0.240278,0.453858,77.633
sunlamp/images/img002566.jpg,sunlamp,1,70032,1,34427,0.090167,0.961781,0.21039,-0.150278,19.1697
sunlamp/images/img002569.jpg,sunlamp,1,07326,1,27065,-0.313914,0.772712,0.507093,-0.217325,68.8581
sunlamp/images/img002577.jpg,sunlamp,0,14305,0,24264,0.676879,-0.655727,0.274982,-0.190372,152.509
sunlamp/images/img002579.jpg,sunlamp,0,05731,1,16247,0.0888913,0.948174,-0.148152,-0.266674,160.384
sunlamp/images/img002581.jpg,sunlamp,3,70537,3,56131,0.368271,-0.270066,0.417374,0.785646,52.3436
sunlamp/images/img002584.jpg,sunlamp,3,26477,3,61167,-0.147635,0.206689,0.206689,0.944862,69.4052
sunlamp/images/img002587.jpg,sunlamp,3,61467,3,70605,0.0853666,0.2561,0.313011,0.910577,49.6718
sunlamp/images/img002589.jpg,sunlamp,1,25313,2,25235,-0.236924,0.342224,0.842397,-0.342224,92.745
sunlamp/images/img002592.jpg,sunlamp,0,36115,3,36001,0.0762739,0.432219,-0.38137,0.813589,153.623
sunlamp/images/img002593.jpg,sunlamp,1,23703,1,17066,0.442642,0.833209,-0.23434,-0.23434,121.063
sunlamp/images/img002596.jpg,sunlamp,0,67524,1,61261,-0.349064,0.859235,0.349064,0.134255,165.484
sunlamp/images/img002597.jpg,sunlamp,0,03213,0,52247,0.961781,0.090167,-0.150278,0.21039,117.549
sunlamp/images/img002598.jpg,sunlamp,0,40031,1,07227,-0.352124,0.866766,-0.0270864,-0.352124,95.9233
sunlamp/images/img002599.jpg,sunlamp,0,50625,0,12247,0.780024,0.0731272,-0.121879,-0.609394,114.265
sunlamp/images/img002600.jpg,sunlamp,2,24560,2,26054,-0.585988,0.368955,0.694504,-0.195329,34.3975
sunlamp/images/img002602.jpg,sunlamp,3,42330,3,07645,-0.368729,-0.198547,-0.0283638,0.907642,20.8665
sunlamp/images/img002606.jpg,sunlamp,3,21451,0,07663,0.922608,-0.374809,-0.0288315,-0.0864945,144.265
sunlamp/images/img002612.jpg,sunlamp,0,27557,0,07275,0.925691,-0.260351,-0.0867835,-0.260351,80.1874
sunlamp/images/img002613.jpg,sunlamp,3,61207,3,60371,-0.437917,0.334878,0.128799,0.824315,11.5625
sunlamp/images/img002623.jpg,sunlamp,2,61756,1,07366,-0.205971,0.941584,-0.0294245,-0.26482,160.176
sunlamp/images/img002630.jpg,sunlamp,3,70425,3,70161,0.318206,0.144639,0.144639,0.925691,30.0254
sunlamp/images/img002631.jpg,sunlamp,0,24165,3,65001,-0.337577,0.0259675,0.441447,0.830959,129.026
sunlamp/images/img002632.jpg,sunlamp,1,34532,1,35060,0.445063,0.837765,0.130901,-0.287982,17.7246
sunlamp/images/img002636.jpg,sunlamp,0,40706,1,14267,0.0800926,0.854321,-0.453858,-0.240278,156.938
sunlamp/images/img002641.jpg,sunlamp,2,63442,2,62117,-0.414388,0.463139,0.780024,0.0731272,26.3503
sunlamp/images/img002649.jpg,sunlamp,3,34544,3,56001,0.0762739,-0.38137,0.432219,0.813589,79.2286
sunlamp/images/img002652.jpg,sunlamp,3,47000,1,06167,-0.520626,0.793334,-0.223125,-0.223125,139.642
sunlamp/images/img002655.jpg,sunlamp,0,05355,0,16066,0.928805,0.0290252,-0.261226,-0.261226,40.6682
sunlamp/images/img002656.jpg,sunlamp,1,56162,2,15266,0.414388,-0.414388,0.780024,-0.219382,117.266
sunlamp/images/img002668.jpg,sunlamp,0,23577,3,07561,-0.145617,-0.320358,-0.0873704,0.931951,118.368
sunlamp/images/img002669.jpg,sunlamp,2,06174,2,15560,0.511698,-0.552634,0.654974,-0.0614038,125.418
sunlamp/images/img002670.jpg,sunlamp,3,00234,3,03226,-0.328031,-0.0218687,-0.634192,0.699798,46.9056
sunlamp/images/img002673.jpg,sunlamp,2,34521,2,14567,0.261387,-0.594061,0.760398,-0.0237624,92.9766
sunlamp/images/img002674.jpg,sunlamp,2,52542,2,52015,0.193624,-0.41491,0.88514,0.0829819,32.9312
sunlamp/images/img002675.jpg,sunlamp,2,45262,2,46116,-0.434179,-0.29707,0.73125,0.434179,15.3842
sunlamp/images/img002676.jpg,sunlamp,1,61365,1,61431,-0.258625,0.919555,0.143681,0.258625,30.8615
sunlamp/images/img002678.jpg,sunlamp,1,52642,1,43711,-0.0294245,0.941584,-0.205971,0.26482,12.4773
sunlamp/images/img002681.jpg,sunlamp,0,12344,0,07231,0.8745,-0.245953,-0.0819844,-0.409922,60.8392
sunlamp/images/img002685.jpg,sunlamp,3,55231,3,50365,0.278951,-0.481824,0.177514,0.811493,36.4158
sunlamp/images/img002686.jpg,sunlamp,0,34563,1,06371,-0.447523,0.842397,-0.0789747,-0.289574,163.721
sunlamp/images/img002687.jpg,sunlamp,1,60142,1,60015,-0.613786,0.785646,0.0245514,0.0736543,8.87192
sunlamp/images/img002688.jpg,sunlamp,2,45352,1,07251,-0.25205,0.896179,-0.196039,-0.308062,88.8957
sunlamp/images/img002689.jpg,sunlamp,3,77107,3,70147,0.317146,0.0864945,0.20182,0.922608,58.6822
sunlamp/images/img002691.jpg,sunlamp,1,20144,3,40323,-0.50128,-0.405798,0.0238705,0.763856,125.261
sunlamp/images/img002692.jpg,sunlamp,3,23413,1,12566,0.23434,0.833209,-0.23434,-0.442642,167.415
sunlamp/images/img002695.jpg,sunlamp,1,34435,1,70033,0.208885,0.954905,0.208885,0.0298408,20.5502
sunlamp/images/img002698.jpg,sunlamp,0,21260,0,62161,0.728214,-0.47789,0.47789,0.113783,87.237
sunlamp/images/img002702.jpg,sunlamp,2,02320,3,03267,-0.304808,-0.0234468,-0.58617,0.750298,90.1162
sunlamp/images/img002704.jpg,sunlamp,2,53361,1,14463,0.0734773,0.783758,-0.612311,-0.0734773,123.536
sunlamp/images/img002705.jpg,sunlamp,1,14706,1,14421,0.0704956,0.751953,-0.63446,-0.16449,21.9163
sunlamp/images/img002706.jpg,sunlamp,2,46576,2,17266,0.455158,-0.026774,0.856767,-0.240966,152.009
sunlamp/images/img002707.jpg,sunlamp,0,61133,2,61161,-0.150824,0.150824,0.965275,0.150824,173.641
sunlamp/images/img002712.jpg,sunlamp,3,43104,3,43745,-0.137464,-0.19245,0.412393,0.879772,46.4682
sunlamp/images/img002716.jpg,sunlamp,3,25067,1,61261,-0.349064,0.859235,0.349064,0.134255,142.845
sunlamp/images/img002717.jpg,sunlamp,1,16466,1,52615,0.198547,0.907642,-0.198547,0.312002,43.2671
sunlamp/images/img002718.jpg,sunlamp,1,32541,0,16263,0.941584,0.0882735,-0.0294245,-0.323669,125.942
sunlamp/images/img002719.jpg,sunlamp,2,30704,1,37666,0.356417,0.670902,0.649937,-0.0209657,81.4901
sunlamp/images/img002720.jpg,sunlamp,0,47161,3,47111,-0.0254906,-0.38236,0.433341,0.8157,141.604
sunlamp/images/img002721.jpg,sunlamp,2,25057,2,25415,-0.267615,0.0297351,0.951522,-0.148675,13.8906
sunlamp/images/img002722.jpg,sunlamp,1,16111,1,17062,0.43676,0.822136,-0.231226,-0.282609,20.6558
sunlamp/images/img002724.jpg,sunlamp,0,56404,0,46722,0.685522,-0.492719,-0.0214226,0.535564,72.4632
sunlamp/images/img002725.jpg,sunlamp,1,07477,1,16654,0.150824,0.965275,-0.211154,-0.0301648,46.9462
sunlamp/images/img002732.jpg,sunlamp,1,52640,1,56203,0.0817405,0.871899,-0.136234,0.463196,16.147
sunlamp/images/img002733.jpg,sunlamp,3,56430,2,56201,0.0810219,-0.189051,0.864234,0.459124,47.043
sunlamp/images/img002736.jpg,sunlamp,2,30524,1,37065,0.435089,0.732782,0.480888,-0.206095,92.1893
sunlamp/images/img002737.jpg,sunlamp,2,12001,3,13266,0.386065,-0.0227097,-0.567742,0.72671,68.3617
sunlamp/images/img002739.jpg,sunlamp,2,74016,2,52703,0.311003,-0.141365,0.904735,0.254457,42.9292
sunlamp/images/img002740.jpg,sunlamp,1,20023,3,12223,0.067166,-0.0223887,-0.694049,0.716438,110.922
sunlamp/images/img002741.jpg,sunlamp,0,11743,3,10267,0.0679889,-0.385271,-0.566575,0.725215,156.975
sunlamp/images/img002743.jpg,sunlamp,0,52503,0,16567,0.91354,0.314029,-0.256933,-0.0285481,34.5287
sunlamp/images/img002746.jpg,sunlamp,1,47243,1,46133,-0.414388,0.780024,-0.219382,0.414388,18.2698
sunlamp/images/img002749.jpg,sunlamp,1,14676,1,16417,0.196657,0.899004,-0.36522,-0.140469,20.2306
sunlamp/images/img002750.jpg,sunlamp,2,05172,2,52033,0.205971,-0.26482,0.941584,0.0294245,65.8522
sunlamp/images/img002756.jpg,sunlamp,1,33451,3,30227,0.065481,0.327405,-0.632983,0.698464,150.281
sunlamp/images/img002762.jpg,sunlamp,1,15626,1,17615,0.570209,0.793334,-0.173542,-0.123958,33.3009
sunlamp/images/img002765.jpg,sunlamp,2,71242,2,16727,0.321451,-0.0292228,0.935129,-0.146114,52.3254
sunlamp/images/img002767.jpg,sunlamp,2,36502,2,07575,-0.0295269,-0.324796,0.944862,-0.0295269,103.494
sunlamp/images/img002768.jpg,sunlamp,2,17346,1,16627,0.0921878,0.983336,-0.0307293,-0.153646,172.397
sunlamp/images/img002769.jpg,sunlamp,3,27203,1,17067,0.483068,0.813589,-0.228822,-0.228822,152.491
sunlamp/images/img002773.jpg,sunlamp,3,45203,3,25266,-0.380387,0.380387,-0.228232,0.811493,128.014
sunlamp/images/img002774.jpg,sunlamp,1,64103,1,46331,-0.423547,0.797264,-0.0747435,0.423547,21.299
sunlamp/images/img002776.jpg,sunlamp,0,37067,2,31164,0.521399,0.10428,0.667391,-0.521399,57.8228
sunlamp/images/img002777.jpg,sunlamp,1,23600,1,17665,0.508706,0.856767,-0.0803219,-0.026774,135.63
sunlamp/images/img002778.jpg,sunlamp,3,01277,3,03261,-0.295837,-0.06827,-0.61443,0.728214,38.8657
sunlamp/images/img002780.jpg,sunlamp,0,00772,3,60025,-0.665481,0.114738,0.0688428,0.734324,62.7331
sunlamp/images/img002781.jpg,sunlamp,3,43735,3,43573,-0.0280056,-0.25205,0.364073,0.896179,18.2029
sunlamp/images/img002782.jpg,sunlamp,3,02755,3,06507,-0.51558,-0.319169,-0.122757,0.785646,36.7606
sunlamp/images/img002783.jpg,sunlamp,1,52474,1,52424,0.0280939,0.899004,-0.309033,0.309033,17.3317
sunlamp/images/img002787.jpg,sunlamp,0,07771,0,07761,0.979643,-0.153069,-0.0918415,-0.0918415,12.6689
sunlamp/images/img002788.jpg,sunlamp,1,41117,1,50423,0.0719402,0.767362,-0.599501,0.215821,23.0426
