image_relpath,group,err_deg,leaf_err_deg,q_pred_w,q_pred_x,q_pred_y,q_pred_z
synthetic/images/img000014.jpg,synthetic_val,12.1674,4.32489,0.49912,-0.701006,0.165469,-0.481758
synthetic/images/img000021.jpg,synthetic_val,10.0029,11.4981,0.463986,0.352246,0.396437,-0.709561
synthetic/images/img000022.jpg,synthetic_val,4.84692,5.06078,0.183324,0.107647,0.820085,-0.531287
synthetic/images/img000025.jpg,synthetic_val,5.56915,5.0472,0.437302,-0.82549,0.0169323,-0.356435
synthetic/images/img000026.jpg,synthetic_val,3.59638,4.14351,0.786793,0.0682055,-0.0398233,0.612143
synthetic/images/img000030.jpg,synthetic_val,2.47706,7.53244,0.71076,-0.12326,-0.692226,0.0212428
synthetic/images/img000033.jpg,synthetic_val,2.68655,3.38395,0.361923,-0.0724984,-0.329614,-0.868971
synthetic/images/img000038.jpg,synthetic_val,5.00742,2.99324,0.394095,0.354724,-0.213448,0.820549
synthetic/images/img000041.jpg,synthetic_val,6.40253,3.41939,0.845654,-0.19859,-0.486388,0.0941136
synthetic/images/img000047.jpg,synthetic_val,9.61261,6.4911,0.986941,0.00684113,-0.0824676,0.1382
synthetic/images/img000069.jpg,synthetic_val,9.78506,4.93336,0.857501,0.257537,0.366908,-0.252477
synthetic/images/img000071.jpg,synthetic_val,6.96268,2.84788,0.282479,0.457445,-0.162354,-0.8274
synthetic/images/img000074.jpg,synthetic_val,26.5279,29.6393,0.548657,0.707874,-0.187363,-0.403466
synthetic/images/img000077.jpg,synthetic_val,9.36523,4.49266,0.0389701,0.386423,-0.277232,0.878807
synthetic/images/img000081.jpg,synthetic_val,8.20252,6.35252,0.491771,0.579604,-0.385365,-0.523177
synthetic/images/img000086.jpg,synthetic_val,10.9367,10.1355,0.475659,-0.796628,-0.0267287,0.372046
synthetic/images/img000088.jpg,synthetic_val,11.3503,4.83806,0.564314,0.760375,0.321518,0.00245599
synthetic/images/img000092.jpg,synthetic_val,92.3106,95.5497,0.293495,0.854439,0.0760387,0.421916
synthetic/images/img000097.jpg,synthetic_val,5.67345,3.57475,0.177635,0.951791,-0.239907,0.0706038
synthetic/images/img000103.jpg,synthetic_val,12.4216,9.6231,0.579156,-0.430114,0.420915,-0.549918
synthetic/images/img000105.jpg,synthetic_val,9.29173,3.39711,0.048609,0.431998,-0.270985,-0.858826
synthetic/images/img000108.jpg,synthetic_val,6.7525,2.50061,0.745891,0.0757328,0.294252,-0.592728
synthetic/images/img000110.jpg,synthetic_val,8.88895,3.96217,0.847296,-0.0269587,-0.5176,0.115986
synthetic/images/img000113.jpg,synthetic_val,8.04804,7.03898,0.0870547,-0.774139,-0.58336,-0.22983
synthetic/images/img000118.jpg,synthetic_val,11.7516,8.85821,0.502505,-0.117765,-0.822984,0.237314
synthetic/images/img000125.jpg,synthetic_val,10.1433,7.17952,0.107584,-0.0631021,0.0421801,0.991295
synthetic/images/img000128.jpg,synthetic_val,3.4534,2.63997,0.105457,-0.26301,-0.946689,0.153248
synthetic/images/img000132.jpg,synthetic_val,11.177,7.44173,0.637801,0.745055,-0.193797,0.0233656
synthetic/images/img000135.jpg,synthetic_val,164.91,178.439,0.394479,-0.619665,-0.147166,0.662378
synthetic/images/img000137.jpg,synthetic_val,5.79196,8.86147,0.110653,-0.110874,0.704261,0.692445
synthetic/images/img000139.jpg,synthetic_val,1.83762,4.78678,0.204421,-0.757993,0.528768,0.32259
synthetic/images/img000152.jpg,synthetic_val,13.0891,9.93436,0.179896,0.155759,0.335406,0.911526
synthetic/images/img000159.jpg,synthetic_val,14.8572,9.99608,0.474065,0.569977,-0.429078,0.516024
synthetic/images/img000160.jpg,synthetic_val,98.1303,90.9782,0.0781946,0.289937,0.831869,-0.466708
synthetic/images/img000164.jpg,synthetic_val,12.3361,7.52429,0.0716743,0.752351,0.0890127,-0.648775
synthetic/images/img000172.jpg,synthetic_val,9.81422,11.498,0.817897,-0.180463,0.512771,0.188529
synthetic/images/img000190.jpg,synthetic_val,71.9599,59.7169,0.084018,-0.339165,-0.520873,-0.778845
synthetic/images/img000195.jpg,synthetic_val,8.50875,7.58246,0.0831074,-0.441372,0.891903,0.0528512
synthetic/images/img000196.jpg,synthetic_val,6.32958,3.19967,0.00561921,0.981115,-0.165414,-0.100104
synthetic/images/img000200.jpg,synthetic_val,3.80095,0.884908,0.510536,0.822802,0.0154852,-0.249219
synthetic/images/img000201.jpg,synthetic_val,51.9606,48.8583,0.361672,-0.200297,0.312567,-0.855206
synthetic/images/img000203.jpg,synthetic_val,10.615,8.10647,0.486208,-0.392605,0.653913,0.426452
synthetic/images/img000209.jpg,synthetic_val,9.61529,4.97464,0.85464,-0.0475706,0.234186,0.46096
synthetic/images/img000210.jpg,synthetic_val,11.343,8.33574,0.302811,0.246417,-0.514582,0.763406
synthetic/images/img000212.jpg,synthetic_val,11.1618,9.14932,0.674088,-0.18471,0.663156,0.26779
synthetic/images/img000218.jpg,synthetic_val,8.5196,7.14413,0.13321,0.325697,-0.929687,-0.108898
synthetic/images/img000219.jpg,synthetic_val,11.0337,5.89502,0.511489,-0.049671,-0.774093,0.369719
synthetic/images/img000224.jpg,synthetic_val,11.7291,5.26108,0.386426,-0.235586,0.818381,-0.354156
synthetic/images/img000226.jpg,synthetic_val,9.78404,3.95355,0.563481,0.0460601,-0.736191,-0.372009
synthetic/images/img000228.jpg,synthetic_val,8.06547,9.56046,0.765238,0.153878,-0.430502,-0.453212
synthetic/images/img000229.jpg,synthetic_val,14.1116,7.32112,0.23073,-0.0850378,-0.217744,-0.944521
synthetic/images/img000230.jpg,synthetic_val,9.92896,8.39474,0.0379451,0.569094,0.0474592,-0.820025
synthetic/images/img000240.jpg,synthetic_val,7.87693,8.15021,0.517141,0.00185451,0.749093,-0.414031
synthetic/images/img000242.jpg,synthetic_val,2.05447,4.25447,0.804259,-0.21611,0.262549,0.487372
synthetic/images/img000250.jpg,synthetic_val,6.80957,3.76562,0.549012,-0.814906,-0.111851,-0.148334
synthetic/images/img000252.jpg,synthetic_val,8.01309,8.6035,0.0188258,-0.693088,-0.552425,-0.462711
synthetic/images/img000254.jpg,synthetic_val,19.2845,10.7366,0.517222,0.521257,0.596286,0.324371
synthetic/images/img000256.jpg,synthetic_val,16.9038,12.2884,0.0853595,-0.623094,-0.405413,-0.663407
synthetic/images/img000262.jpg,synthetic_val,2.92347,8.83116,0.513988,0.360616,0.753651,-0.194378
synthetic/images/img000265.jpg,synthetic_val,5.32797,0.717286,0.0912119,-0.431882,-0.428962,-0.788131
synthetic/images/img000275.jpg,synthetic_val,5.81177,2.14288,0.772771,0.292367,0.393773,-0.402851
synthetic/images/img000281.jpg,synthetic_val,9.48787,4.17185,0.253701,0.0672395,0.67992,-0.684707
synthetic/images/img000282.jpg,synthetic_val,13.5554,2.33283,0.637859,0.531985,0.531686,-0.165642
synthetic/images/img000286.jpg,synthetic_val,8.48828,3.35369,0.427671,-0.16716,-0.775035,0.434138
synthetic/images/img000288.jpg,synthetic_val,15.8047,10.5703,0.684415,-0.354072,-0.614705,0.168365
synthetic/images/img000299.jpg,synthetic_val,6.51021,3.51388,0.461683,0.757518,0.046711,0.459165
synthetic/images/img000301.jpg,synthetic_val,7.67736,0.964936,0.347778,-0.797585,-0.48102,-0.107367
synthetic/images/img000302.jpg,synthetic_val,8.57575,3.65927,0.333236,0.84631,-0.103501,0.402494
synthetic/images/img000311.jpg,synthetic_val,6.59161,4.22292,0.101584,0.856478,0.41561,0.28878
synthetic/images/img000312.jpg,synthetic_val,8.42811,7.44228,0.177504,0.437435,0.779153,0.412387
synthetic/images/img000320.jpg,synthetic_val,1.89958,4.23367,0.405126,-0.547126,0.417726,0.60169
synthetic/images/img000338.jpg,synthetic_val,3.7383,3.57311,0.11477,-0.241303,-0.897032,0.352043
synthetic/images/img000339.jpg,synthetic_val,14.2177,5.22883,0.629474,-0.358847,-0.0258211,-0.688712
synthetic/images/img000341.jpg,synthetic_val,8.03926,3.63862,0.0625446,0.844017,0.353676,0.398294
synthetic/images/img000342.jpg,synthetic_val,12.3996,4.41515,0.198677,-0.770475,0.113929,-0.594908
synthetic/images/img000343.jpg,synthetic_val,8.12491,3.58778,0.0351808,0.891332,0.448498,-0.0560297
synthetic/images/img000344.jpg,synthetic_val,8.71368,4.87434,0.109858,-0.130728,-0.681239,-0.711867
synthetic/images/img000360.jpg,synthetic_val,10.3897,2.1605,0.609936,-0.321192,-0.32382,-0.648039
synthetic/images/img000363.jpg,synthetic_val,5.08778,3.24834,0.657363,-0.416265,-0.420614,0.466564
synthetic/images/img000365.jpg,synthetic_val,9.74557,7.10758,0.110055,-0.730813,-0.398381,0.543224
synthetic/images/img000367.jpg,synthetic_val,5.72914,1.31464,0.228269,-0.616513,0.0574915,0.751332
synthetic/images/img000377.jpg,synthetic_val,10.3327,5.35786,0.0918927,0.121848,-0.336107,-0.929376
synthetic/images/img000383.jpg,synthetic_val,3.41436,3.8004,0.136629,0.364019,-0.263302,0.88289
synthetic/images/img000396.jpg,synthetic_val,12.4071,6.13296,0.434295,0.619268,-0.34194,-0.557648
synthetic/images/img000401.jpg,synthetic_val,4.49248,2.8377,0.232455,-0.203395,0.950332,-0.0382641
synthetic/images/img000402.jpg,synthetic_val,12.9847,4.85918,0.688783,0.100358,-0.484655,-0.529731
synthetic/images/img000406.jpg,synthetic_val,9.7783,4.85554,0.17337,0.132404,0.243645,0.945013
synthetic/images/img000413.jpg,synthetic_val,4.01888,9.97137,0.553027,0.442512,0.622899,0.332176
synthetic/images/img000417.jpg,synthetic_val,3.84641,4.2176,0.305567,-0.425214,-0.838906,0.148518
synthetic/images/img000419.jpg,synthetic_val,5.93073,11.3299,0.196913,-0.154255,-0.0971593,-0.963323
synthetic/images/img000435.jpg,synthetic_val,13.9756,4.73263,0.748863,-0.1385,-0.22743,-0.606876
synthetic/images/img000437.jpg,synthetic_val,13.7844,5.94529,0.450487,-0.677176,0.418621,0.404042
synthetic/images/img000445.jpg,synthetic_val,9.94693,5.09968,0.779624,0.465846,-0.198931,-0.36824
synthetic/images/img000446.jpg,synthetic_val,6.60181,5.53991,0.611944,-0.67063,0.419199,-0.00721701
synthetic/images/img000448.jpg,synthetic_val,6.49344,4.82285,0.0818529,0.134844,0.955429,-0.249543
synthetic/images/img000453.jpg,synthetic_val,4.55853,5.70369,0.619651,0.216766,0.676323,0.334115
synthetic/images/img000454.jpg,synthetic_val,10.3306,12.1037,0.287245,-0.546245,0.222989,-0.754574
synthetic/images/img000457.jpg,synthetic_val,10.4624,8.76675,0.347918,0.359735,-0.614856,0.609505
synthetic/images/img000462.jpg,synthetic_val,4.39238,5.03256,0.287501,-0.540671,0.753211,-0.240191
synthetic/images/img000465.jpg,synthetic_val,5.84131,7.51982,0.578328,0.398278,-0.64903,0.292697
synthetic/images/img000467.jpg,synthetic_val,7.88495,6.10171,0.431742,0.716952,0.218003,0.502049
synthetic/images/img000471.jpg,synthetic_val,6.53059,7.73865,0.856056,-0.0914429,-0.0216306,-0.50827
synthetic/images/img000475.jpg,synthetic_val,8.95531,4.57082,0.856434,0.0737109,0.282066,-0.426059
synthetic/images/img000478.jpg,synthetic_val,14.0991,9.32839,0.661374,-0.0299715,-0.649845,0.373346
synthetic/images/img000482.jpg,synthetic_val,12.1241,5.00138,0.4691,0.150274,0.811754,-0.313716
synthetic/images/img000492.jpg,synthetic_val,6.0739,5.39775,0.0531593,0.742128,-0.079539,-0.663396
synthetic/images/img000496.jpg,synthetic_val,1.83495,2.26834,0.260135,-0.220134,-0.0753992,-0.937116
synthetic/images/img000497.jpg,synthetic_val,13.105,4.24943,0.723068,-0.620703,-0.243781,-0.180199
synthetic/images/img000498.jpg,synthetic_val,10.2861,13.3543,0.110505,-0.91428,0.38458,0.0630704
synthetic/images/img000499.jpg,synthetic_val,10.9458,3.52625,0.362544,0.760982,0.527376,-0.106506
synthetic/images/img000507.jpg,synthetic_val,5.92883,6.12282,0.202186,-0.377564,-0.899935,0.0817549
synthetic/images/img000520.jpg,synthetic_val,15.631,5.67404,0.4622,-0.765787,-0.0755491,0.440719
synthetic/images/img000521.jpg,synthetic_val,9.10785,6.62318,0.371453,-0.23814,-0.0629139,-0.895184
synthetic/images/img000523.jpg,synthetic_val,7.00883,3.72726,0.556429,0.78919,0.0602218,0.252861
synthetic/images/img000524.jpg,synthetic_val,10.5043,8.61055,0.494897,0.14129,-0.0535311,-0.855716
synthetic/images/img000531.jpg,synthetic_val,7.05643,4.14633,0.399289,0.405056,-0.0439737,0.821319
synthetic/images/img000533.jpg,synthetic_val,16.09,5.54724,0.298037,-0.133501,-0.741086,0.586638
synthetic/images/img000535.jpg,synthetic_val,7.26237,7.40202,0.297822,0.06151,-0.0818109,-0.949118
synthetic/images/img000549.jpg,synthetic_val,6.09844,7.11732,0.801968,0.419026,-0.090779,0.415961
synthetic/images/img000563.jpg,synthetic_val,7.01557,4.46693,0.248341,0.132021,0.954592,0.0982438
synthetic/images/img000568.jpg,synthetic_val,7.87916,5.48442,0.109099,0.944029,0.0641577,-0.304614
synthetic/images/img000572.jpg,synthetic_val,12.46,4.44501,0.794846,0.243404,0.381985,0.40381
synthetic/images/img000573.jpg,synthetic_val,6.91527,3.81397,0.704262,-0.460595,-0.158711,0.51641
synthetic/images/img000581.jpg,synthetic_val,12.5705,5.84542,0.491648,-0.742612,-0.048411,-0.452179
synthetic/images/img000587.jpg,synthetic_val,12.5831,3.76522,0.181667,-0.396629,-0.206828,0.875731
synthetic/images/img000606.jpg,synthetic_val,9.84892,3.09491,0.438672,-0.490311,0.572646,0.48912
synthetic/images/img000610.jpg,synthetic_val,4.038,3.00133,0.11269,0.877354,-0.068259,-0.461403
synthetic/images/img000612.jpg,synthetic_val,15.4006,5.76165,0.131994,-0.431961,0.482633,0.750369
synthetic/images/img000616.jpg,synthetic_val,7.33168,1.55698,0.666569,-0.256082,-0.0625692,-0.697276
synthetic/images/img000633.jpg,synthetic_val,10.8875,5.60268,0.621875,0.26675,-0.094651,-0.730176
synthetic/images/img000637.jpg,synthetic_val,2.82998,0.904633,0.789813,0.0710325,-0.5845,-0.171783
synthetic/images/img000642.jpg,synthetic_val,5.82706,4.09183,0.135113,-0.283582,0.0981167,0.944298
synthetic/images/img000655.jpg,synthetic_val,8.94534,2.81894,0.248094,0.176508,-0.905895,-0.29436
synthetic/images/img000669.jpg,synthetic_val,5.54261,4.23172,0.0285982,0.56315,-0.577446,0.590423
synthetic/images/img000671.jpg,synthetic_val,12.0233,4.64942,0.795715,-0.0957346,-0.357178,-0.479685
synthetic/images/img000676.jpg,synthetic_val,9.15555,6.09272,0.653986,0.594184,0.395437,0.250754
synthetic/images/img000679.jpg,synthetic_val,6.69972,3.52968,0.00412483,0.434098,-0.841132,0.322552
synthetic/images/img000680.jpg,synthetic_val,3.79305,6.4096,0.0337396,-0.333884,0.535574,0.774948
synthetic/images/img000693.jpg,synthetic_val,11.627,6.25517,0.228915,-0.293439,-0.109316,-0.921706
synthetic/images/img000698.jpg,synthetic_val,114.5,117.364,0.28534,0.70844,0.123787,-0.633538
synthetic/images/img000707.jpg,synthetic_val,100.78,97.8683,0.507325,0.655622,0.2714,0.489003
synthetic/images/img000715.jpg,synthetic_val,6.79764,4.86883,0.259992,-0.697981,-0.439074,0.502435
synthetic/images/img000722.jpg,synthetic_val,10.7331,7.76161,0.627625,0.411272,-0.490842,-0.442738
synthetic/images/img000727.jpg,synthetic_val,9.54268,3.12633,0.433946,-0.228823,-0.215542,-0.844318
synthetic/images/img000730.jpg,synthetic_val,6.88141,4.31484,0.628476,-0.171113,0.424206,0.629117
synthetic/images/img000733.jpg,synthetic_val,5.83652,1.22977,0.832872,-0.533769,-0.0887536,-0.116349
synthetic/images/img000737.jpg,synthetic_val,8.20187,4.64031,0.165192,0.657203,0.246729,0.692763
synthetic/images/img000739.jpg,synthetic_val,6.31471,2.10261,0.0955656,-0.298721,-0.280669,-0.907115
synthetic/images/img000741.jpg,synthetic_val,12.2375,9.47638,0.0746651,0.108487,-0.237289,-0.962471
synthetic/images/img000744.jpg,synthetic_val,6.82646,5.48261,0.772916,-0.0714007,-0.235557,0.584821
synthetic/images/img000746.jpg,synthetic_val,5.69095,3.88174,0.190168,0.803684,0.301693,0.476351
synthetic/images/img000747.jpg,synthetic_val,13.5042,8.05646,0.36736,0.266465,-0.248839,-0.855642
synthetic/images/img000750.jpg,synthetic_val,3.89113,2.69897,0.662457,-0.6245,0.0219188,0.413121
synthetic/images/img000753.jpg,synthetic_val,9.94595,8.01611,0.00348453,0.453455,0.104791,-0.88509
synthetic/images/img000754.jpg,synthetic_val,11.6898,3.14175,0.324564,0.334006,0.263297,-0.844851
synthetic/images/img000756.jpg,synthetic_val,14.7721,3.04554,0.284851,0.926117,-0.240303,0.058497
synthetic/images/img000762.jpg,synthetic_val,24.62,13.7773,0.669945,0.183074,-0.461245,-0.552188
synthetic/images/img000782.jpg,synthetic_val,6.80216,2.32562,0.590682,0.708639,0.273635,-0.27212
synthetic/images/img000784.jpg,synthetic_val,10.0539,3.90742,0.286573,-0.827343,-0.123612,-0.467012
synthetic/images/img000787.jpg,synthetic_val,9.02893,3.19885,0.229489,-0.0772402,0.546311,-0.801819
synthetic/images/img000796.jpg,synthetic_val,12.2215,7.07993,0.63404,-0.510296,-0.47321,-0.337141
synthetic/images/img000800.jpg,synthetic_val,14.6509,3.4069,0.0320221,0.0417457,-0.937087,-0.345108
synthetic/images/img000801.jpg,synthetic_val,6.19286,5.56242,0.795138,0.414177,-0.427819,-0.114819
synthetic/images/img000804.jpg,synthetic_val,6.18006,5.9965,0.900465,-0.0543759,0.396162,-0.171061
synthetic/images/img000806.jpg,synthetic_val,6.43525,1.54851,0.0147997,-0.342555,0.726749,-0.595208
synthetic/images/img000813.jpg,synthetic_val,8.19817,3.56368,0.433912,-0.298867,0.493466,0.692019
synthetic/images/img000836.jpg,synthetic_val,11.9579,3.66327,0.747806,-0.104962,0.564136,-0.333946
synthetic/images/img000844.jpg,synthetic_val,81.9397,89.2481,0.502441,0.0304792,0.761658,-0.408046
synthetic/images/img000845.jpg,synthetic_val,3.23373,2.42588,0.459671,-0.0409543,-0.0977833,-0.881739
synthetic/images/img000851.jpg,synthetic_val,2.26643,4.86597,0.979438,0.191123,-0.056175,-0.0319114
synthetic/images/img000856.jpg,synthetic_val,8.61509,8.72754,0.0637713,0.0929338,0.609015,0.785109
synthetic/images/img000857.jpg,synthetic_val,4.76999,0.952411,0.123791,0.344804,0.913009,-0.179446
synthetic/images/img000865.jpg,synthetic_val,11.7605,5.36209,0.487013,-0.0259744,-0.20064,-0.84964
synthetic/images/img000868.jpg,synthetic_val,12.1195,3.25893,0.587398,0.177151,-0.785868,0.0774172
synthetic/images/img000870.jpg,synthetic_val,16.7818,4.62565,0.910128,-0.186244,0.248827,0.273982
synthetic/images/img000895.jpg,synthetic_val,11.0679,3.28942,0.856355,0.396447,-0.0625369,-0.324923
synthetic/images/img000899.jpg,synthetic_val,13.3894,4.2135,0.599886,0.690098,0.266522,0.30474
synthetic/images/img000902.jpg,synthetic_val,12.8173,7.8857,0.597589,0.675022,-0.389514,-0.188446
synthetic/images/img000904.jpg,synthetic_val,6.27743,2.52598,0.29372,0.716755,0.134884,0.617898
synthetic/images/img000907.jpg,synthetic_val,36.9698,40.7852,0.665158,-0.355114,0.0648139,0.65365
synthetic/images/img000914.jpg,synthetic_val,2.72943,3.52449,0.454457,-0.867547,-0.122824,0.160456
synthetic/images/img000915.jpg,synthetic_val,6.15966,5.18617,0.532469,-0.231375,0.0575652,0.812175
synthetic/images/img000927.jpg,synthetic_val,7.25382,7.45242,0.508797,-0.757854,0.401814,0.0729962
synthetic/images/img000936.jpg,synthetic_val,124.704,120.794,0.401615,-0.181323,0.893992,-0.0812744
synthetic/images/img000961.jpg,synthetic_val,11.1824,4.73026,0.840383,0.205704,-0.41094,-0.28735
synthetic/images/img000962.jpg,synthetic_val,3.65534,4.39217,0.10543,0.992657,-0.0592995,-0.000467881
synthetic/images/img000964.jpg,synthetic_val,10.0424,1.67598,0.613013,-0.240945,-0.531895,-0.532211
synthetic/images/img000969.jpg,synthetic_val,2.58149,3.71658,0.279998,0.300912,0.574315,-0.707966
synthetic/images/img000972.jpg,synthetic_val,70.3944,71.5988,0.802944,-0.202766,-0.53923,-0.152963
synthetic/images/img000974.jpg,synthetic_val,8.77612,2.94057,0.179085,-0.585521,-0.755124,-0.234266
synthetic/images/img000983.jpg,synthetic_val,6.35221,5.8307,0.297397,0.619755,0.595814,0.415289
synthetic/images/img000989.jpg,synthetic_val,4.69867,2.361,0.348825,0.218732,-0.611654,-0.675542
synthetic/images/img000990.jpg,synthetic_val,19.3703,8.7491,0.288096,-0.0502703,-0.318961,0.90152
synthetic/images/img000991.jpg,synthetic_val,18.0424,4.78327,0.272114,-0.202413,0.940551,0.0186416
synthetic/images/img000996.jpg,synthetic_val,11.6818,5.73391,0.367012,-0.484451,0.687719,0.397053
synthetic/images/img001002.jpg,synthetic_val,7.07411,5.20171,0.370135,-0.0960981,0.923913,0.0122575
synthetic/images/img001024.jpg,synthetic_val,14.7121,10.0175,0.0175875,0.172827,-0.0204323,0.984583
synthetic/images/img001027.jpg,synthetic_val,16.0656,7.06585,0.80701,0.490353,0.106065,0.311511
synthetic/images/img001029.jpg,synthetic_val,11.0991,3.80732,0.480995,0.123541,0.540122,-0.679448
synthetic/images/img001030.jpg,synthetic_val,7.57745,2.65283,0.0595217,-0.784002,0.615025,0.0595198
synthetic/images/img001035.jpg,synthetic_val,14.9411,17.7911,0.0707359,0.525754,0.464153,0.709325
synthetic/images/img001040.jpg,synthetic_val,11.1972,5.61473,0.25843,0.0228144,0.303382,-0.916871
synthetic/images/img001044.jpg,synthetic_val,12.221,5.52842,0.190423,-0.224156,-0.536373,-0.791073
synthetic/images/img001045.jpg,synthetic_val,12.676,2.04991,0.356247,0.256487,-0.80293,-0.403244
synthetic/images/img001047.jpg,synthetic_val,12.7297,6.6333,0.842453,0.479329,0.130691,0.208415
synthetic/images/img001049.jpg,synthetic_val,16.5792,8.16203,0.654396,0.160605,-0.696795,-0.245864
synthetic/images/img001052.jpg,synthetic_val,8.82915,6.20155,0.757542,-0.160789,-0.220518,0.593
synthetic/images/img001055.jpg,synthetic_val,85.0282,89.4912,0.019077,0.369511,0.165342,0.914199
synthetic/images/img001061.jpg,synthetic_val,14.0135,7.27894,0.73847,0.259418,0.52159,-0.339571
synthetic/images/img001064.jpg,synthetic_val,19.3036,19.8853,0.431824,-0.450781,0.692437,0.361739
synthetic/images/img001069.jpg,synthetic_val,7.01392,2.23606,0.85973,0.356092,0.341367,0.132407
synthetic/images/img001072.jpg,synthetic_val,9.94522,4.42991,0.904116,-0.202498,0.329562,-0.181543
synthetic/images/img001074.jpg,synthetic_val,7.68623,3.82815,0.791458,0.0107087,-0.545123,0.276261
synthetic/images/img001075.jpg,synthetic_val,7.36882,1.51988,0.0541149,0.0490898,0.973696,0.215818
synthetic/images/img001080.jpg,synthetic_val,13.6664,5.09093,0.17891,-0.293546,-0.896041,-0.28095
synthetic/images/img001082.jpg,synthetic_val,2.36891,5.76863,0.714629,0.374768,0.344033,0.480099
synthetic/images/img001090.jpg,synthetic_val,7.06155,2.22538,0.606523,-0.655998,-0.444532,0.0647167
synthetic/images/img001092.jpg,synthetic_val,5.97779,3.033,0.0928082,0.94417,0.252596,0.190065
synthetic/images/img001099.jpg,synthetic_val,6.52978,7.75469,0.414449,-0.803394,0.424636,0.0497356
synthetic/images/img001105.jpg,synthetic_val,5.63663,2.45224,0.417271,-0.583337,-0.273485,-0.640943
synthetic/images/img001107.jpg,synthetic_val,16.6196,15.8641,0.59603,-0.344953,0.722285,-0.0637153
synthetic/images/img001109.jpg,synthetic_val,4.91702,3.31462,0.213572,-0.667964,0.689384,-0.181554
synthetic/images/img001110.jpg,synthetic_val,12.9068,7.92401,0.407549,-0.0874923,-0.637511,-0.647942
synthetic/images/img001123.jpg,synthetic_val,84.1662,80.5636,0.722449,-0.541326,0.417627,0.103062
synthetic/images/img001126.jpg,synthetic_val,9.58783,7.26005,0.739417,0.142111,0.331941,0.568227
synthetic/images/img001137.jpg,synthetic_val,5.77085,2.65817,0.11901,0.539321,-0.288914,0.781983
synthetic/images/img001139.jpg,synthetic_val,6.06224,2.18126,0.0215884,-0.471208,0.156539,0.867751
synthetic/images/img001153.jpg,synthetic_val,13.6012,9.00889,0.701502,0.402047,0.0887922,0.581695
synthetic/images/img001158.jpg,synthetic_val,9.65836,4.95956,0.147709,0.108414,-0.824754,-0.534986
synthetic/images/img001166.jpg,synthetic_val,22.8607,13.3515,0.298441,0.223674,-0.927756,-0.0131239
synthetic/images/img001178.jpg,synthetic_val,7.33098,8.95729,0.727879,-0.263133,0.609902,0.170214
synthetic/images/img001180.jpg,synthetic_val,6.42207,8.84758,0.460448,0.303587,0.414812,-0.723708
synthetic/images/img001185.jpg,synthetic_val,12.8382,3.6569,0.442758,0.0654422,-0.248477,0.859035
synthetic/images/img001187.jpg,synthetic_val,10.236,9.45967,0.442217,-0.408022,-0.481331,0.637403
synthetic/images/img001188.jpg,synthetic_val,16.8619,11.5179,0.645301,0.176005,0.598118,-0.441434
synthetic/images/img001191.jpg,synthetic_val,8.51485,8.44472,0.604026,0.318591,0.618909,-0.388077
synthetic/images/img001193.jpg,synthetic_val,8.37545,5.38073,0.677676,0.252488,0.578772,-0.376868
synthetic/images/img001195.jpg,synthetic_val,95.7196,94.5848,0.104059,-0.774373,-0.167953,-0.601091
synthetic/images/img001200.jpg,synthetic_val,6.57666,4.64003,0.573368,0.137063,-0.475962,-0.652628
synthetic/images/img001201.jpg,synthetic_val,9.11083,3.12583,0.879724,0.24536,-0.250286,0.321312
synthetic/images/img001203.jpg,synthetic_val,5.40723,3.95683,0.525532,0.625237,0.550417,-0.173023
synthetic/images/img001208.jpg,synthetic_val,7.83662,7.71846,0.465829,0.879618,0.0614128,-0.0741901
synthetic/images/img001210.jpg,synthetic_val,7.65962,9.1197,0.788802,-0.492944,0.112556,-0.34947
synthetic/images/img001218.jpg,synthetic_val,6.96664,1.90079,0.445349,0.865666,-0.217801,-0.0696357
synthetic/images/img001219.jpg,synthetic_val,4.57527,4.44721,0.0625148,0.85078,0.264372,0.449859
synthetic/images/img001228.jpg,synthetic_val,13.4279,12.7606,0.592424,-0.671744,-0.339276,0.287552
synthetic/images/img001230.jpg,synthetic_val,11.2558,2.13727,0.242374,0.676019,-0.689777,0.0919807
synthetic/images/img001234.jpg,synthetic_val,13.533,1.62366,0.316923,-0.267741,-0.775034,-0.476651
synthetic/images/img001237.jpg,synthetic_val,8.99786,4.88507,0.067361,0.39001,-0.84946,-0.348959
synthetic/images/img001244.jpg,synthetic_val,109.863,106.589,0.582771,-0.538924,-0.237552,0.559917
synthetic/images/img001245.jpg,synthetic_val,11.4865,3.32204,0.433028,0.850531,-0.267018,-0.133359
synthetic/images/img001248.jpg,synthetic_val,15.1926,10.6077,0.0926228,0.20395,0.96792,-0.113823
synthetic/images/img001252.jpg,synthetic_val,7.61522,1.84366,0.579332,0.206412,-0.176852,0.768435
synthetic/images/img001256.jpg,synthetic_val,13.73,4.48612,0.591128,0.729859,0.0802417,0.33382
synthetic/images/img001262.jpg,synthetic_val,8.79309,6.06488,0.456062,-0.824565,-0.244623,0.228605
synthetic/images/img001270.jpg,synthetic_val,4.80538,7.12681,0.264097,0.365257,0.673307,-0.586087
synthetic/images/img001290.jpg,synthetic_val,9.29795,5.06189,0.154455,0.847017,0.508443,0.0138404
synthetic/images/img001291.jpg,synthetic_val,10.018,7.68348,0.448907,0.267495,0.142777,-0.840562
synthetic/images/img001292.jpg,synthetic_val,11.9956,4.85908,0.811667,-0.480678,-0.206807,-0.259569
synthetic/images/img001296.jpg,synthetic_val,8.1797,4.04438,0.551232,0.486249,0.628395,-0.254607
synthetic/images/img001304.jpg,synthetic_val,4.28455,5.08074,0.105905,0.701334,0.612252,0.349374
synthetic/images/img001316.jpg,synthetic_val,10.1585,7.50358,0.59059,0.253599,0.646498,-0.411012
synthetic/images/img001322.jpg,synthetic_val,9.97765,5.67881,0.501397,0.461063,-0.198133,0.704816
synthetic/images/img001323.jpg,synthetic_val,6.36707,5.08059,0.795885,-0.528634,-0.0179296,0.294605
synthetic/images/img001327.jpg,synthetic_val,7.39264,5.15847,0.313397,0.114588,0.203416,-0.920475
synthetic/images/img001346.jpg,synthetic_val,14.3397,2.18701,0.106202,0.798809,0.511589,0.298165
synthetic/images/img001348.jpg,synthetic_val,4.8465,5.77911,0.49779,0.439051,0.664778,-0.342796
synthetic/images/img001360.jpg,synthetic_val,9.9715,9.28711,0.0312328,-0.0691863,-0.974155,-0.212744
synthetic/images/img001362.jpg,synthetic_val,13.7041,7.14873,0.131396,-0.940102,-0.090028,0.301394
synthetic/images/img001365.jpg,synthetic_val,11.1692,5.18312,0.743653,-0.502187,0.43165,-0.0920161
synthetic/images/img001368.jpg,synthetic_val,12.8273,7.87166,0.52268,0.100343,-0.0838573,-0.84244
synthetic/images/img001369.jpg,synthetic_val,8.69442,7.37627,0.921648,-0.0540024,-0.36332,-0.125088
synthetic/images/img001370.jpg,synthetic_val,6.61273,3.83895,0.113421,0.543213,0.824662,-0.109492
synthetic/images/img001371.jpg,synthetic_val,8.68081,4.05408,0.356448,-0.0515316,-0.0367186,0.93217
synthetic/images/img001376.jpg,synthetic_val,8.42445,4.49994,0.89544,0.315088,0.285665,0.131536
synthetic/images/img001378.jpg,synthetic_val,15.9474,8.89193,0.0660484,-0.112372,-0.0698177,-0.989007
synthetic/images/img001384.jpg,synthetic_val,9.73365,5.36904,0.229523,0.48671,-0.193392,0.820386
synthetic/images/img001390.jpg,synthetic_val,7.00387,2.96725,0.377598,0.488517,0.784467,0.0581553
synthetic/images/img001396.jpg,synthetic_val,8.51955,2.84504,0.742055,-0.378344,0.270457,-0.482766
synthetic/images/img001397.jpg,synthetic_val,102.681,98.0492,0.291079,0.514401,-0.487048,0.643
synthetic/images/img001399.jpg,synthetic_val,6.69021,3.80728,0.19375,0.14048,0.212294,0.947448
synthetic/images/img001400.jpg,synthetic_val,10.0052,2.53068,0.792953,0.118681,0.100836,0.589043
synthetic/images/img001406.jpg,synthetic_val,15.4134,9.16955,0.377662,-0.684993,0.314179,-0.538003
synthetic/images/img001413.jpg,synthetic_val,15.828,6.20436,0.194835,0.55366,0.679251,0.440588
synthetic/images/img001414.jpg,synthetic_val,1.68458,3.63718,0.520663,0.807345,-0.00806136,-0.277558
synthetic/images/img001416.jpg,synthetic_val,8.64961,7.27043,0.474809,0.86213,-0.0451454,0.171027
synthetic/images/img001417.jpg,synthetic_val,8.41445,2.97271,0.316683,-0.652817,-0.255081,-0.639121
synthetic/images/img001418.jpg,synthetic_val,11.6811,6.11747,0.765647,-0.173272,-0.591486,0.184139
synthetic/images/img001426.jpg,synthetic_val,127.254,128.509,0.667188,-0.180354,-0.720361,-0.0584268
synthetic/images/img001433.jpg,synthetic_val,3.71395,11.4359,0.703653,-0.283212,0.622927,0.191376
synthetic/images/img001434.jpg,synthetic_val,9.52836,3.52288,0.402527,0.693526,0.571166,0.175391
synthetic/images/img001435.jpg,synthetic_val,7.38922,3.05645,0.129849,0.0790756,-0.326361,-0.932939
synthetic/images/img001440.jpg,synthetic_val,11.621,7.93372,0.877153,0.313995,0.351852,0.0906054
synthetic/images/img001442.jpg,synthetic_val,4.25623,5.98753,0.806537,-0.308438,-0.466834,0.190867
synthetic/images/img001443.jpg,synthetic_val,9.42758,7.73258,0.244956,-0.362734,-0.718256,0.54086
synthetic/images/img001444.jpg,synthetic_val,23.1382,7.95055,0.0420463,0.625529,0.21296,0.749395
synthetic/images/img001446.jpg,synthetic_val,10.8991,3.09619,0.863616,-0.456077,-0.0341835,-0.212118
synthetic/images/img001457.jpg,synthetic_val,9.7508,5.70911,0.674729,-0.216315,0.392107,-0.586686
synthetic/images/img001462.jpg,synthetic_val,13.8964,5.68029,0.296664,0.83209,0.128962,0.450538
synthetic/images/img001463.jpg,synthetic_val,176.488,174.449,0.835742,0.161372,-0.524778,-0.0101119
lightbox/images/img000002.jpg,lightbox_val,5.38991,2.92791,0.594305,0.258744,-0.250546,0.719083
lightbox/images/img000015.jpg,lightbox_val,38.2278,39.148,0.785395,-0.116146,0.0384251,-0.606785
lightbox/images/img000018.jpg,lightbox_val,29.759,30.7329,0.933251,-0.211891,-0.0412891,0.287124
lightbox/images/img000022.jpg,lightbox_val,15.1268,9.83633,0.119767,0.802652,0.582349,-0.047692
lightbox/images/img000030.jpg,lightbox_val,10.0266,4.15023,0.0678298,-0.0458166,-0.994505,0.0652695
lightbox/images/img000031.jpg,lightbox_val,8.11608,4.34832,0.394399,-0.0535189,0.835667,-0.378479
lightbox/images/img000032.jpg,lightbox_val,5.97302,4.60723,0.55538,-0.407936,0.134241,0.712124
lightbox/images/img000038.jpg,lightbox_val,94.9627,91.2299,0.567719,-0.74793,0.286483,0.190323
lightbox/images/img000041.jpg,lightbox_val,5.70193,6.03658,0.342314,0.494822,0.792909,0.0962707
lightbox/images/img000044.jpg,lightbox_val,10.2545,4.67736,0.484623,0.752041,-0.396773,0.205294
lightbox/images/img000046.jpg,lightbox_val,11.4224,13.0233,0.113405,-0.832063,-0.481798,-0.250364
lightbox/images/img000051.jpg,lightbox_val,12.2624,19.1756,0.662625,-0.72694,-0.180235,-0.000832751
lightbox/images/img000057.jpg,lightbox_val,14.036,14.4662,0.473033,-0.0741108,-0.811177,-0.335767
lightbox/images/img000063.jpg,lightbox_val,9.7233,6.65954,0.249146,0.824584,0.155928,0.483398
lightbox/images/img000074.jpg,lightbox_val,39.3728,33.1712,0.567217,0.00610765,-0.0363122,-0.822745
lightbox/images/img000078.jpg,lightbox_val,16.1836,5.5433,0.369583,0.917228,-0.0315706,0.145272
lightbox/images/img000083.jpg,lightbox_val,162.184,176.764,0.290447,0.331412,0.830094,0.341688
lightbox/images/img000087.jpg,lightbox_val,158.604,156.892,0.0630793,-0.418336,-0.843233,0.331624
lightbox/images/img000089.jpg,lightbox_val,7.04992,5.07166,0.71197,-0.351469,-0.0108597,0.607824
lightbox/images/img000090.jpg,lightbox_val,13.1596,7.83716,0.756882,-0.0127278,0.65291,-0.0259961
lightbox/images/img000091.jpg,lightbox_val,6.92123,9.5132,0.437349,0.0748709,0.14275,-0.884727
lightbox/images/img000110.jpg,lightbox_val,6.09119,6.29933,0.811667,-0.509187,0.220916,-0.181993
lightbox/images/img000120.jpg,lightbox_val,75.6501,74.059,0.537943,0.344064,-0.0323903,0.768888
lightbox/images/img000125.jpg,lightbox_val,34.9373,39.9327,0.201491,-0.865695,0.458229,-0.000515722
lightbox/images/img000144.jpg,lightbox_val,107.678,104.205,0.298802,0.447492,0.577305,0.614156
lightbox/images/img000146.jpg,lightbox_val,15.0031,11.9556,0.371667,0.0377107,-0.179746,-0.910018
lightbox/images/img000148.jpg,lightbox_val,8.83186,4.98369,0.319816,0.214437,-0.0703939,-0.920206
lightbox/images/img000154.jpg,lightbox_val,11.5743,8.49638,0.24448,0.196094,-0.921514,-0.229323
lightbox/images/img000160.jpg,lightbox_val,92.2252,89.4436,0.0766024,-0.435734,0.293617,0.847382
lightbox/images/img000168.jpg,lightbox_val,93.2469,95.8755,0.293217,0.902518,0.303238,-0.0867801
lightbox/images/img000172.jpg,lightbox_val,12.168,9.93524,0.0708284,-0.184429,-0.880482,0.430952
lightbox/images/img000175.jpg,lightbox_val,8.85158,6.60323,0.349806,-0.294435,0.881535,0.117647
lightbox/images/img000183.jpg,lightbox_val,57.4789,60.6707,0.445118,0.225274,-0.681409,-0.535539
lightbox/images/img000206.jpg,lightbox_val,162.471,162.677,0.164834,-0.557491,0.795503,0.170905
lightbox/images/img000207.jpg,lightbox_val,19.0068,15.2318,0.702153,-0.33493,-0.591733,-0.211319
lightbox/images/img000208.jpg,lightbox_val,14.9223,11.9,0.854802,-0.0217853,0.218021,0.470432
lightbox/images/img000211.jpg,lightbox_val,9.80404,8.27244,0.380538,0.901825,-0.202157,-0.0321716
lightbox/images/img000222.jpg,lightbox_val,2.76862,4.82518,0.020076,-0.885545,0.311657,-0.343914
lightbox/images/img000228.jpg,lightbox_val,12.6353,3.00386,0.00988447,0.536762,0.810275,0.235041
lightbox/images/img000234.jpg,lightbox_val,7.51816,4.30542,0.0657486,-0.822751,0.501787,0.258782
lightbox/images/img000237.jpg,lightbox_val,88.7487,83.5965,0.309117,-0.863094,0.0189616,0.398944
lightbox/images/img000242.jpg,lightbox_val,12.5353,7.14861,0.427301,0.438703,-0.457271,-0.64487
lightbox/images/img000245.jpg,lightbox_val,12.4087,6.31064,0.924278,-0.0761184,0.0750539,-0.366447
lightbox/images/img000250.jpg,lightbox_val,12.0874,8.87554,0.818486,0.0494019,0.43451,-0.372615
lightbox/images/img000254.jpg,lightbox_val,13.8781,3.00628,0.900525,-0.219536,0.147469,-0.345125
lightbox/images/img000265.jpg,lightbox_val,12.0766,5.05141,0.756225,0.259967,0.586677,0.127872
lightbox/images/img000267.jpg,lightbox_val,134.53,138.545,0.391403,-0.469653,0.560159,-0.558974
lightbox/images/img000269.jpg,lightbox_val,11.398,8.4592,0.717867,-0.318216,-0.194027,-0.588013
lightbox/images/img000271.jpg,lightbox_val,16.0511,13.2034,0.919182,-0.0147446,0.185041,-0.347344
lightbox/images/img000274.jpg,lightbox_val,15.1051,1.34967,0.419739,0.358989,-0.762091,-0.337882
lightbox/images/img000277.jpg,lightbox_val,9.5398,7.69231,0.232994,0.594476,0.720405,-0.270792
lightbox/images/img000278.jpg,lightbox_val,7.93983,3.9267,0.342763,-0.668064,0.651592,0.107852
lightbox/images/img000281.jpg,lightbox_val,7.23042,6.41176,0.60511,0.156314,-0.373207,0.685657
lightbox/images/img000287.jpg,lightbox_val,179.815,179.76,0.552719,0.440886,0.434824,-0.557719
lightbox/images/img000305.jpg,lightbox_val,100.069,99.8528,0.742444,-0.281592,0.53105,0.295752
lightbox/images/img000321.jpg,lightbox_val,13.4784,9.52114,0.506201,-0.790055,-0.338327,-0.0714772
lightbox/images/img000323.jpg,lightbox_val,9.94954,9.86089,0.00912721,0.763408,0.0817305,0.64066
lightbox/images/img000331.jpg,lightbox_val,14.7198,7.68094,0.00983911,-0.850803,0.188877,0.490267
lightbox/images/img000336.jpg,lightbox_val,16.186,5.88243,0.375624,-0.331153,0.625263,0.598574
lightbox/images/img000340.jpg,lightbox_val,7.05233,7.28404,0.828692,0.317293,-0.0396987,0.459368
lightbox/images/img000346.jpg,lightbox_val,85.9074,83.6751,0.506809,-0.712391,0.0720595,0.480053
lightbox/images/img000349.jpg,lightbox_val,8.50992,7.48862,0.207965,-0.378162,-0.89817,-0.0838721
lightbox/images/img000350.jpg,lightbox_val,4.56629,2.28736,0.509513,0.195392,-0.831619,0.103099
lightbox/images/img000366.jpg,lightbox_val,13.5546,8.51134,0.680938,-0.403086,-0.000748967,-0.611428
lightbox/images/img000367.jpg,lightbox_val,19.4641,21.1492,0.111842,0.526215,0.824509,0.175429
lightbox/images/img000372.jpg,lightbox_val,14.4509,9.22619,0.196677,-0.708176,-0.0805036,0.673294
lightbox/images/img000376.jpg,lightbox_val,63.438,69.7051,0.637853,0.547746,0.487493,-0.235518
lightbox/images/img000378.jpg,lightbox_val,9.42351,4.96393,0.280076,0.824513,0.41549,0.262878
lightbox/images/img000382.jpg,lightbox_val,12.3608,4.48585,0.293708,-0.0919144,-0.896877,0.317646
lightbox/images/img000385.jpg,lightbox_val,5.75613,3.25117,0.135473,0.0872205,-0.315747,0.935063
lightbox/images/img000399.jpg,lightbox_val,108.92,106.323,0.10078,-0.987539,0.0482214,0.110841
lightbox/images/img000407.jpg,lightbox_val,12.3774,7.2822,0.00597655,-0.360429,-0.803375,-0.473966
lightbox/images/img000410.jpg,lightbox_val,14.1834,16.2186,0.931539,-0.00910599,0.279529,-0.232415
lightbox/images/img000411.jpg,lightbox_val,55.3153,52.2129,0.410924,0.430098,-0.54367,-0.592098
lightbox/images/img000414.jpg,lightbox_val,7.09019,4.06768,0.170961,-0.175522,-0.381963,-0.891105
lightbox/images/img000420.jpg,lightbox_val,16.9539,16.6291,0.404542,-0.438076,-0.655859,-0.462909
lightbox/images/img000428.jpg,lightbox_val,7.10924,7.10331,0.295677,-0.198035,0.12248,-0.926475
lightbox/images/img000430.jpg,lightbox_val,141.696,143.158,0.276542,-0.542476,-0.456065,-0.649037
lightbox/images/img000433.jpg,lightbox_val,15.2515,14.2564,0.789612,-0.154869,0.295088,0.515219
lightbox/images/img000437.jpg,lightbox_val,98.3984,94.6331,0.334546,-0.432256,0.441204,0.711739
lightbox/images/img000441.jpg,lightbox_val,41.2721,38.6058,0.93141,0.189112,-0.13958,-0.277903
lightbox/images/img000445.jpg,lightbox_val,13.651,10.2221,0.0784848,-0.931016,0.302883,-0.187913
lightbox/images/img000448.jpg,lightbox_val,8.25842,3.69844,0.468099,-0.624215,-0.491587,0.386758
lightbox/images/img000449.jpg,lightbox_val,5.11132,6.86731,0.236442,0.46372,0.246057,0.817628
lightbox/images/img000460.jpg,lightbox_val,20.7661,16.734,0.163631,0.769112,-0.102398,0.609267
lightbox/images/img000462.jpg,lightbox_val,20.3349,24.1042,0.286718,0.0755568,-0.0627147,0.95297
lightbox/images/img000466.jpg,lightbox_val,112.845,104.393,0.280512,0.534127,0.427222,-0.673426
lightbox/images/img000477.jpg,lightbox_val,10.5654,15.6277,0.40453,0.841515,-0.351998,-0.0656213
lightbox/images/img000478.jpg,lightbox_val,134.021,135.979,0.853889,-0.220772,-0.410424,-0.231701
lightbox/images/img000480.jpg,lightbox_val,8.66263,3.6041,0.562348,0.747215,-0.0928886,-0.341769
lightbox/images/img000485.jpg,lightbox_val,6.48324,8.14804,0.851786,-0.15749,0.295535,-0.402884
lightbox/images/img000498.jpg,lightbox_val,11.5493,4.1486,0.919644,0.182544,0.0820784,0.33793
lightbox/images/img000499.jpg,lightbox_val,6.69191,3.64688,0.0959211,-0.568448,-0.195423,0.793395
lightbox/images/img000501.jpg,lightbox_val,158.387,166.05,0.0352319,-0.177141,0.979463,0.0896192
lightbox/images/img000507.jpg,lightbox_val,133.881,128.042,0.534191,0.416421,-0.734836,0.0353505
lightbox/images/img000509.jpg,lightbox_val,55.0647,55.4784,0.517785,0.594704,0.32727,-0.520693
lightbox/images/img000511.jpg,lightbox_val,34.2783,36.7174,0.393858,0.178876,0.835969,-0.337691
lightbox/images/img000513.jpg,lightbox_val,3.95267,5.68035,0.149178,-0.873939,0.262329,-0.380999
lightbox/images/img000514.jpg,lightbox_val,15.1444,7.67119,0.190681,0.106271,0.140967,0.965648
lightbox/images/img000515.jpg,lightbox_val,9.34843,8.92552,0.537978,-0.14662,-0.34302,0.755923
lightbox/images/img000520.jpg,lightbox_val,19.3193,20.2791,0.605532,0.337285,-0.604804,-0.392151
lightbox/images/img000532.jpg,lightbox_val,106.73,104.141,0.651716,-0.046151,-0.305,0.692901
lightbox/images/img000537.jpg,lightbox_val,121.469,125.265,0.730475,-0.400155,-0.141918,-0.534922
lightbox/images/img000544.jpg,lightbox_val,18.322,12.8375,0.430067,-0.780787,-0.118122,-0.437562
lightbox/images/img000547.jpg,lightbox_val,7.69049,0.798682,0.185413,-0.147154,0.779278,-0.580253
lightbox/images/img000551.jpg,lightbox_val,21.8808,19.3114,0.402824,-0.371901,-0.708174,0.444874
lightbox/images/img000556.jpg,lightbox_val,5.90665,3.60256,0.660436,-0.201675,0.192552,-0.697191
lightbox/images/img000561.jpg,lightbox_val,8.95538,12.7234,0.106177,-0.600847,-0.00139106,-0.79228
lightbox/images/img000583.jpg,lightbox_val,3.9543,8.72738,0.363715,-0.915992,0.119002,-0.120449
lightbox/images/img000584.jpg,lightbox_val,6.55365,7.92867,0.0438272,-0.483355,0.488317,-0.725254
lightbox/images/img000588.jpg,lightbox_val,170.925,178.284,0.726169,0.645407,-0.194309,-0.135545
lightbox/images/img000598.jpg,lightbox_val,6.90511,6.82786,0.208234,0.974949,-0.0768079,-0.0145896
lightbox/images/img000605.jpg,lightbox_val,13.0602,4.13986,0.239047,0.709847,0.648816,0.13421
lightbox/images/img000625.jpg,lightbox_val,155.357,145.585,0.389112,-0.0695168,-0.157072,-0.905035
lightbox/images/img000636.jpg,lightbox_val,147.678,161.358,0.387419,0.253334,-0.431884,-0.774083
lightbox/images/img000641.jpg,lightbox_val,10.1138,5.50596,0.123394,-0.973492,0.0668782,0.180597
lightbox/images/img000646.jpg,lightbox_val,12.4376,4.80265,0.720562,0.522302,0.383117,0.247412
lightbox/images/img000657.jpg,lightbox_val,151.91,154.736,0.793367,-0.269464,0.524079,0.152641
lightbox/images/img000660.jpg,lightbox_val,13.593,11.2128,0.453613,0.0361419,-0.831649,0.318261
lightbox/images/img000666.jpg,lightbox_val,15.6549,8.18945,0.13866,-0.950039,-0.0747181,0.269475
lightbox/images/img000668.jpg,lightbox_val,3.34936,5.21066,0.183175,-0.416521,-0.292008,0.841242
lightbox/images/img000676.jpg,lightbox_val,101.177,121.24,0.51697,0.475368,-0.592404,0.394747
lightbox/images/img000687.jpg,lightbox_val,96.2604,99.1863,0.597588,-0.422195,0.152038,-0.664473
lightbox/images/img000692.jpg,lightbox_val,7.10366,7.87016,0.816988,-0.315055,0.477042,-0.0755092
lightbox/images/img000696.jpg,lightbox_val,8.50567,5.55952,0.533133,0.788477,0.244809,-0.184773
lightbox/images/img000702.jpg,lightbox_val,9.80688,6.40175,0.921544,-0.24291,-0.175555,0.246845
lightbox/images/img000704.jpg,lightbox_val,106.867,95.5192,0.552912,-0.73874,0.328576,0.20147
lightbox/images/img000709.jpg,lightbox_val,7.21403,6.97151,0.104411,-0.98389,-0.0183491,-0.143949
lightbox/images/img000724.jpg,lightbox_val,33.2894,23.8472,0.762033,0.581057,0.217766,0.185088
lightbox/images/img000728.jpg,lightbox_val,39.8772,38.9857,0.593106,-0.478123,-0.148521,-0.630528
lightbox/images/img000735.jpg,lightbox_val,11.569,5.80296,0.14598,0.019557,0.576659,0.803599
lightbox/images/img000737.jpg,lightbox_val,7.72202,10.3208,0.0332821,-0.45751,-0.264578,0.848278
lightbox/images/img000738.jpg,lightbox_val,12.6136,10.6111,0.368279,-0.226803,0.107652,0.895177
lightbox/images/img000744.jpg,lightbox_val,177.326,172.867,0.424446,0.287743,-0.85831,-0.0188019
lightbox/images/img000745.jpg,lightbox_val,11.2211,4.65277,0.159368,-0.37372,0.0207011,-0.913513
lightbox/images/img000758.jpg,lightbox_val,77.9864,79.5985,0.476013,0.637583,0.340327,-0.501076
lightbox/images/img000760.jpg,lightbox_val,15.2068,11.2622,0.715876,0.535714,-0.0991594,-0.436692
lightbox/images/img000762.jpg,lightbox_val,6.83143,12.5322,0.408539,0.720082,-0.456832,-0.325394
lightbox/images/img000768.jpg,lightbox_val,23.8848,16.4603,0.964151,0.230797,0.126581,0.0335175
lightbox/images/img000775.jpg,lightbox_val,11.3402,6.84012,0.45091,0.41989,-0.0755304,0.784008
lightbox/images/img000782.jpg,lightbox_val,95.8056,97.6229,0.566887,0.166833,-0.802569,0.0817887
lightbox/images/img000788.jpg,lightbox_val,84.6767,92.0319,0.247473,0.527676,-0.475396,0.659025
lightbox/images/img000796.jpg,lightbox_val,165.164,174.755,0.85266,-0.203681,-0.461683,0.135401
lightbox/images/img000814.jpg,lightbox_val,2.47289,5.75016,0.541129,-0.0172808,0.581335,-0.607397
lightbox/images/img000819.jpg,lightbox_val,13.27,9.60064,0.219383,0.769647,-0.182238,0.57123
lightbox/images/img000820.jpg,lightbox_val,15.2798,8.54558,0.0102621,0.13551,0.732166,-0.667432
lightbox/images/img000825.jpg,lightbox_val,38.7263,34.6601,0.211738,-0.190144,-0.798233,-0.530882
lightbox/images/img000827.jpg,lightbox_val,10.9192,5.45438,0.497026,0.510348,0.385761,-0.586258
lightbox/images/img000828.jpg,lightbox_val,120.43,118.325,0.712317,-0.4035,-0.213281,0.533201
lightbox/images/img000830.jpg,lightbox_val,67.3676,65.9378,0.481303,-0.411016,0.0365625,0.773354
lightbox/images/img000831.jpg,lightbox_val,88.852,88.5355,0.37098,0.00379877,-0.172293,-0.91251
lightbox/images/img000833.jpg,lightbox_val,172.723,175.035,0.0698065,-0.763999,-0.179802,0.615715
lightbox/images/img000834.jpg,lightbox_val,173.761,170.403,0.759885,0.590481,-0.0280502,0.270409
lightbox/images/img000835.jpg,lightbox_val,21.1544,9.59339,0.16361,-0.396866,-0.898171,0.0949634
lightbox/images/img000840.jpg,lightbox_val,6.73912,7.71557,0.576499,-0.635669,0.431017,0.278922
lightbox/images/img000844.jpg,lightbox_val,58.6993,54.972,0.663983,-0.304302,-0.507607,-0.457014
lightbox/images/img000858.jpg,lightbox_val,13.2621,6.21777,0.394172,0.886711,0.229522,-0.0754483
lightbox/images/img000859.jpg,lightbox_val,12.6201,11.8364,0.82424,-0.147707,0.326308,0.43856
lightbox/images/img000860.jpg,lightbox_val,8.69673,7.92286,0.429065,-0.62106,0.655717,-0.0149456
lightbox/images/img000874.jpg,lightbox_val,2.8014,3.36827,0.126061,-0.510676,0.848943,-0.0511345
lightbox/images/img000881.jpg,lightbox_val,9.08158,6.60752,0.250817,0.037789,-0.966979,0.0247882
lightbox/images/img000902.jpg,lightbox_val,6.3677,1.4015,0.348828,-0.425833,0.458061,0.697973
lightbox/images/img000908.jpg,lightbox_val,9.17142,3.01137,0.901969,-0.142856,0.388631,0.122513
lightbox/images/img000921.jpg,lightbox_val,7.95088,9.28697,0.249292,-0.787078,-0.540957,-0.160397
lightbox/images/img000922.jpg,lightbox_val,7.81349,4.70676,0.121479,-0.151476,-0.548385,-0.81337
lightbox/images/img000927.jpg,lightbox_val,134.899,133.054,0.143005,0.692399,0.287093,0.646306
lightbox/images/img000938.jpg,lightbox_val,10.8278,10.8495,0.954308,0.170719,0.21168,0.123868
lightbox/images/img000942.jpg,lightbox_val,9.28648,6.06646,0.133375,0.921924,0.256644,-0.257683
lightbox/images/img000943.jpg,lightbox_val,3.85105,2.76671,0.253421,-0.658585,0.670144,-0.23011
lightbox/images/img000947.jpg,lightbox_val,55.7366,57.8972,0.664915,-0.741372,-0.0827829,-0.0374408
lightbox/images/img000953.jpg,lightbox_val,9.09021,3.97758,0.313322,0.128885,-0.1778,0.923908
lightbox/images/img000954.jpg,lightbox_val,16.1996,2.81346,0.595004,0.523503,-0.266337,0.548616
lightbox/images/img000957.jpg,lightbox_val,14.803,10.6758,0.550157,0.548312,0.519722,-0.355768
lightbox/images/img000963.jpg,lightbox_val,22.5177,16.7182,0.261081,0.816827,-0.421281,0.295217
lightbox/images/img000977.jpg,lightbox_val,8.59028,8.05846,0.141407,-0.371177,0.514751,-0.759778
lightbox/images/img000978.jpg,lightbox_val,12.2852,9.95174,0.0359379,0.542692,0.796956,0.262782
lightbox/images/img000983.jpg,lightbox_val,3.97004,7.69981,0.0901036,-0.203469,0.316249,0.922209
lightbox/images/img000985.jpg,lightbox_val,12.2848,11.6974,0.443162,-0.577966,-0.374544,-0.573828
lightbox/images/img000991.jpg,lightbox_val,20.6634,9.72447,0.0112413,-0.51666,0.679337,0.520996
lightbox/images/img001002.jpg,lightbox_val,9.98816,2.85622,0.32396,0.791199,-0.223032,0.468307
lightbox/images/img001025.jpg,lightbox_val,7.57569,3.65578,0.649804,-0.316347,-0.11903,-0.680817
lightbox/images/img001029.jpg,lightbox_val,7.50937,8.15248,0.616335,0.588276,-0.508624,-0.123952
lightbox/images/img001031.jpg,lightbox_val,12.7879,10.839,0.397237,-0.366641,0.535989,0.648455
lightbox/images/img001040.jpg,lightbox_val,17.0191,6.53912,0.939985,0.269835,0.0861169,0.190268
lightbox/images/img001041.jpg,lightbox_val,52.227,54.1686,0.53378,-0.324512,-0.776619,-0.0814438
lightbox/images/img001047.jpg,lightbox_val,15.2576,7.7589,0.694873,0.526884,0.105751,0.477872
lightbox/images/img001049.jpg,lightbox_val,118.296,116.532,0.499261,-0.356794,-0.789541,-0.00782663
lightbox/images/img001061.jpg,lightbox_val,169.744,168.246,0.729409,-0.470787,-0.00981071,0.496212
lightbox/images/img001062.jpg,lightbox_val,5.63232,3.39082,0.13278,0.39684,0.459279,-0.78355
lightbox/images/img001073.jpg,lightbox_val,4.8682,4.39757,0.329453,-0.478111,0.335365,0.74189
lightbox/images/img001075.jpg,lightbox_val,6.01873,5.80035,0.590929,0.380207,-0.0656566,0.708474
lightbox/images/img001076.jpg,lightbox_val,70.7122,66.0715,0.450211,0.253803,-0.854403,0.0537625
lightbox/images/img001081.jpg,lightbox_val,9.64069,6.38438,0.148435,-0.382248,0.555632,0.723275
lightbox/images/img001082.jpg,lightbox_val,108.518,109.697,0.630335,0.550315,-0.486068,-0.25213
lightbox/images/img001085.jpg,lightbox_val,13.1016,3.89443,0.394964,-0.592683,-0.37595,-0.592783
lightbox/images/img001087.jpg,lightbox_val,178.439,179.815,0.340431,-0.741219,0.52769,0.237159
lightbox/images/img001090.jpg,lightbox_val,16.2258,10.8026,0.160391,0.954286,0.231692,-0.0996641
lightbox/images/img001091.jpg,lightbox_val,9.63113,6.59237,0.427307,-0.506421,-0.137003,0.736326
lightbox/images/img001094.jpg,lightbox_val,22.594,9.18848,0.573233,-0.123984,0.581291,0.564032
lightbox/images/img001095.jpg,lightbox_val,7.36679,9.2445,0.444953,0.796708,-0.135146,-0.386015
lightbox/images/img001103.jpg,lightbox_val,1.67489,8.48841,0.0434448,-0.055941,0.906451,-0.41633
lightbox/images/img001108.jpg,lightbox_val,10.0273,5.95675,0.914414,-0.156681,0.340278,0.153325
lightbox/images/img001121.jpg,lightbox_val,5.82427,1.1332,0.139575,-0.322187,0.899982,-0.258355
lightbox/images/img001126.jpg,lightbox_val,17.5591,11.1672,0.510032,0.517471,-0.0881847,0.681406
lightbox/images/img001132.jpg,lightbox_val,6.26336,3.94127,0.323829,0.55708,0.0395105,-0.763699
lightbox/images/img001144.jpg,lightbox_val,29.6194,25.9357,0.44965,-0.568373,-0.507218,-0.466365
lightbox/images/img001150.jpg,lightbox_val,169.354,169.789,0.272599,-0.546633,0.472716,-0.635155
lightbox/images/img001157.jpg,lightbox_val,159.791,161.726,0.14777,-0.949521,-0.232073,-0.150719
lightbox/images/img001161.jpg,lightbox_val,17.0379,2.59295,0.425692,0.212799,0.180789,0.860708
lightbox/images/img001171.jpg,lightbox_val,91.0438,86.2153,0.573837,0.758671,0.28338,0.121758
lightbox/images/img001172.jpg,lightbox_val,19.4229,15.1439,0.535736,-0.0526091,-0.345768,0.768546
lightbox/images/img001174.jpg,lightbox_val,162.543,164.583,0.20954,0.563714,0.456805,0.655476
lightbox/images/img001177.jpg,lightbox_val,165.723,163.383,0.505222,0.10497,-0.697635,-0.497029
lightbox/images/img001180.jpg,lightbox_val,17.497,8.55793,0.243219,-0.142309,0.590927,0.755909
lightbox/images/img001184.jpg,lightbox_val,87.2198,92.9153,0.792134,0.348874,-0.356801,0.351432
lightbox/images/img001185.jpg,lightbox_val,19.8072,17.9349,0.949054,0.172849,-0.14871,0.217496
lightbox/images/img001186.jpg,lightbox_val,174.539,176.706,0.002956,-0.156724,0.763379,0.626644
lightbox/images/img001195.jpg,lightbox_val,12.6154,6.88782,0.511834,-0.580862,-0.619085,-0.131755
lightbox/images/img001203.jpg,lightbox_val,79.8836,79.9389,0.148577,0.180548,0.50528,0.830674
lightbox/images/img001207.jpg,lightbox_val,20.0707,7.32759,0.692255,-0.327017,0.570371,-0.297522
lightbox/images/img001209.jpg,lightbox_val,130.627,126.719,0.43699,-0.860276,-0.140918,0.221602
lightbox/images/img001212.jpg,lightbox_val,15.4309,5.08045,0.754582,-0.0633136,-0.162439,-0.632622
lightbox/images/img001216.jpg,lightbox_val,31.9343,18.6657,0.0251552,0.807126,-0.0641356,-0.586347
lightbox/images/img001217.jpg,lightbox_val,15.2374,8.44001,0.953434,-0.0772109,-0.0215839,-0.290751
lightbox/images/img001227.jpg,lightbox_val,10.5765,7.41418,0.31563,0.0875415,-0.862454,-0.38586
lightbox/images/img001231.jpg,lightbox_val,167.072,171.883,0.188638,-0.386073,-0.340216,0.836431
lightbox/images/img001232.jpg,lightbox_val,5.72592,5.52226,0.851013,0.471165,0.169378,0.158401
lightbox/images/img001235.jpg,lightbox_val,18.3303,16.7789,0.134532,0.00257719,0.037783,0.990185
lightbox/images/img001246.jpg,lightbox_val,22.6725,10.6815,0.309846,-0.915924,0.138435,0.214277
lightbox/images/img001247.jpg,lightbox_val,173.118,161.418,0.226163,-0.425282,0.852643,-0.20245
lightbox/images/img001253.jpg,lightbox_val,6.66529,4.57845,0.0156008,0.677272,-0.73408,0.0467602
lightbox/images/img001254.jpg,lightbox_val,6.38413,2.51971,0.559917,-0.476219,0.661187,-0.150133
lightbox/images/img001260.jpg,lightbox_val,174.931,178.601,0.461067,-0.53697,-0.495342,-0.503703
lightbox/images/img001271.jpg,lightbox_val,6.6399,5.49088,0.347775,0.175314,0.914332,-0.110971
lightbox/images/img001275.jpg,lightbox_val,9.86079,6.26613,0.0419255,0.337198,0.205582,-0.917756
lightbox/images/img001276.jpg,lightbox_val,151.919,147.169,0.655834,-0.588597,0.320148,-0.347764
lightbox/images/img001280.jpg,lightbox_val,163.597,163.5,0.965652,-0.0867782,-0.0563991,-0.238339
lightbox/images/img001285.jpg,lightbox_val,20.5376,18.0583,0.108301,0.763192,-0.438187,0.462387
lightbox/images/img001289.jpg,lightbox_val,15.2172,8.6209,0.794031,-0.352508,0.369118,-0.330159
lightbox/images/img001301.jpg,lightbox_val,8.50604,7.16277,0.139314,0.819981,-0.519364,-0.196171
lightbox/images/img001314.jpg,lightbox_val,5.48844,2.94241,0.697033,0.477957,-0.0513843,0.532037
lightbox/images/img001316.jpg,lightbox_val,4.99746,10.0731,0.305636,0.646552,-0.580053,0.389995
lightbox/images/img001317.jpg,lightbox_val,3.09118,3.89023,0.139404,0.660782,0.25633,-0.691541
lightbox/images/img001319.jpg,lightbox_val,5.55192,5.16566,0.0596883,-0.989734,0.021355,-0.128097
lightbox/images/img001322.jpg,lightbox_val,5.67957,4.44884,0.283826,-0.311729,0.46787,0.776766
lightbox/images/img001334.jpg,lightbox_val,7.05337,4.84146,0.36075,0.874044,-0.177929,0.272484
lightbox/images/img001346.jpg,lightbox_val,13.1989,8.63177,0.0675161,-0.306914,0.909375,-0.272547
lightbox/images/img001347.jpg,lightbox_val,7.97861,4.5575,0.443499,0.510143,-0.736169,-0.0334439
lightbox/images/img001348.jpg,lightbox_val,21.6845,11.3176,0.435787,-0.466605,0.067261,-0.766711
lightbox/images/img001351.jpg,lightbox_val,113.539,104.233,0.551232,0.772048,-0.195726,-0.248547
lightbox/images/img001352.jpg,lightbox_val,21.6001,17.2517,0.614824,-0.404539,0.601379,0.310939
lightbox/images/img001365.jpg,lightbox_val,13.3901,16.9078,0.641585,-0.722231,-0.195728,0.168646
lightbox/images/img001368.jpg,lightbox_val,9.34437,7.77766,0.260496,-0.159325,-0.645396,-0.700158
lightbox/images/img001373.jpg,lightbox_val,10.303,5.62366,0.655735,-0.394818,0.420325,-0.487297
lightbox/images/img001375.jpg,lightbox_val,153.942,147.03,0.369516,0.814502,-0.102829,0.435283
lightbox/images/img001381.jpg,lightbox_val,19.6588,15.8758,0.106258,0.20288,-0.561802,0.794939
lightbox/images/img001383.jpg,lightbox_val,4.8622,2.5685,0.399074,-0.253526,0.555348,0.684144
lightbox/images/img001394.jpg,lightbox_val,4.02846,3.18133,0.270138,-0.64441,0.504312,0.507377
lightbox/images/img001400.jpg,lightbox_val,7.03255,3.79911,0.0843098,0.173339,-0.263858,-0.945105
lightbox/images/img001413.jpg,lightbox_val,14.3614,5.29057,0.41714,-0.832482,-0.0750631,-0.356838
lightbox/images/img001416.jpg,lightbox_val,81.9901,81.3928,0.620792,0.453083,-0.636929,-0.0604603
lightbox/images/img001423.jpg,lightbox_val,13.527,10.3691,0.905102,0.113982,-0.304475,0.274031
lightbox/images/img001426.jpg,lightbox_val,7.60547,5.03204,0.535531,-0.226812,-0.0553311,0.811604
lightbox/images/img001437.jpg,lightbox_val,26.9403,25.2557,0.186138,0.144612,0.605206,0.760372
lightbox/images/img001448.jpg,lightbox_val,16.7995,14.5249,0.829934,0.0119804,-0.126713,-0.543148
lightbox/images/img001456.jpg,lightbox_val,77.5285,80.0795,0.80581,-0.098383,-0.555384,0.180389
lightbox/images/img001458.jpg,lightbox_val,21.3419,24.5757,0.436907,0.594145,-0.154668,-0.657406
lightbox/images/img001461.jpg,lightbox_val,13.9973,6.91635,0.653747,0.438892,0.48642,-0.378661
lightbox/images/img001471.jpg,lightbox_val,13.2677,6.10585,0.940337,0.250281,0.0276189,0.228828
lightbox/images/img001475.jpg,lightbox_val,6.42643,1.51745,0.626699,0.769108,0.0891859,-0.0881315
lightbox/images/img001485.jpg,lightbox_val,3.85593,3.87745,0.868127,-0.124635,0.223536,0.425268
lightbox/images/img001491.jpg,lightbox_val,13.059,3.18935,0.547383,-0.163273,0.380751,0.727147
lightbox/images/img001500.jpg,lightbox_val,51.1929,51.0983,0.524499,0.465997,-0.500259,0.507434
lightbox/images/img001502.jpg,lightbox_val,3.85053,12.6052,0.582716,0.396663,-0.684211,-0.186966
lightbox/images/img001503.jpg,lightbox_val,22.6015,14.7881,0.043502,-0.254672,-0.96075,0.101038
lightbox/images/img001504.jpg,lightbox_val,15.4291,16.0688,0.737003,-0.0831514,0.657791,-0.131239
lightbox/images/img001508.jpg,lightbox_val,57.8239,62.5302,0.533757,-0.141681,0.759984,-0.342716
lightbox/images/img001523.jpg,lightbox_val,90.5184,87.6423,0.631409,0.715652,0.240581,-0.176878
lightbox/images/img001524.jpg,lightbox_val,99.6923,105.347,0.231136,-0.376945,-0.874436,-0.199627
lightbox/images/img001528.jpg,lightbox_val,12.1962,11.3047,0.0584838,-0.598639,0.122777,-0.78939
lightbox/images/img001531.jpg,lightbox_val,146.49,153.691,0.771294,0.591268,-0.185959,-0.144658
lightbox/images/img001539.jpg,lightbox_val,19.1004,18.9394,0.331134,-0.203029,0.186496,0.902413
lightbox/images/img001541.jpg,lightbox_val,7.44333,6.57589,0.78119,0.319695,0.409148,0.346605
lightbox/images/img001546.jpg,lightbox_val,10.9401,5.48,0.286469,0.346523,0.254734,-0.856136
lightbox/images/img001549.jpg,lightbox_val,30.1254,29.4798,0.466396,-0.645653,0.212466,-0.566097
lightbox/images/img001557.jpg,lightbox_val,82.3879,81.764,0.488284,0.741459,0.256208,-0.382328
lightbox/images/img001562.jpg,lightbox_val,12.2581,9.78043,0.13363,-0.163219,-0.900801,0.379553
lightbox/images/img001568.jpg,lightbox_val,134.189,131.892,0.988784,-0.0953908,-0.0959762,0.0632046
lightbox/images/img001574.jpg,lightbox_val,7.90042,1.82798,0.460014,0.440151,0.520929,0.568583
lightbox/images/img001578.jpg,lightbox_val,83.9127,79.5663,0.539751,0.415986,-0.307973,0.66391
lightbox/images/img001594.jpg,lightbox_val,92.4958,85.929,0.455429,-0.571587,-0.326583,0.599347
lightbox/images/img001597.jpg,lightbox_val,83.395,83.7741,0.348079,-0.681947,0.331438,0.551306
lightbox/images/img001612.jpg,lightbox_val,4.29091,6.91485,0.526409,-0.743341,-0.412669,0.00645072
lightbox/images/img001614.jpg,lightbox_val,12.8261,9.35781,0.160216,0.439005,0.312362,0.827064
lightbox/images/img001617.jpg,lightbox_val,94.4427,99.5687,0.733217,-0.418109,-0.446456,0.297076
lightbox/images/img001625.jpg,lightbox_val,9.45535,9.42204,0.397873,0.226595,0.816908,0.350732
lightbox/images/img001628.jpg,lightbox_val,95.8512,90.5206,0.66934,-0.608031,0.158556,0.396412
lightbox/images/img001630.jpg,lightbox_val,175.074,179.222,0.382118,0.133246,-0.779423,-0.478258
lightbox/images/img001632.jpg,lightbox_val,5.60643,6.36655,0.115714,0.0776319,-0.951845,-0.273083
lightbox/images/img001634.jpg,lightbox_val,11.1575,5.68564,0.483065,0.21442,-0.0637152,-0.84653
lightbox/images/img000001.jpg,lightbox_test,124.549,125.407,0.398903,-0.900223,-0.149934,0.0894125
lightbox/images/img000003.jpg,lightbox_test,147.139,142.581,0.195744,0.0846556,-0.0446855,0.975972
lightbox/images/img000004.jpg,lightbox_test,8.11101,3.06928,0.884813,0.383773,-0.263069,-0.0248849
lightbox/images/img000005.jpg,lightbox_test,9.14701,5.48485,0.142035,0.824502,-0.274888,0.473772
lightbox/images/img000006.jpg,lightbox_test,15.2093,3.23222,0.306517,-0.267355,-0.855328,0.32091
lightbox/images/img000007.jpg,lightbox_test,8.21225,3.86539,0.246268,-0.643585,0.376882,-0.618959
lightbox/images/img000008.jpg,lightbox_test,13.1018,14.1297,0.00851709,0.938026,-0.118534,-0.325554
lightbox/images/img000009.jpg,lightbox_test,159.737,165.664,0.417403,0.608509,-0.294638,0.60719
lightbox/images/img000010.jpg,lightbox_test,10.4358,1.25075,0.159442,-0.379566,0.71543,-0.564506
lightbox/images/img000011.jpg,lightbox_test,140.856,147.578,0.300017,0.371575,-0.724693,-0.496732
lightbox/images/img000012.jpg,lightbox_test,177.785,176.739,0.909858,-0.114546,-0.0288523,-0.397751
lightbox/images/img000013.jpg,lightbox_test,21.6615,20.6569,0.627202,-0.0447416,0.0845047,-0.772965
lightbox/images/img000014.jpg,lightbox_test,100.535,94.5353,0.570666,-0.453931,0.405545,-0.551199
lightbox/images/img000016.jpg,lightbox_test,6.872,3.35367,0.840968,-0.170311,0.489912,0.154121
lightbox/images/img000017.jpg,lightbox_test,166.923,169.069,0.289849,0.541737,0.0953907,-0.783204
lightbox/images/img000019.jpg,lightbox_test,80.0037,80.063,0.156363,0.183016,0.0928804,-0.966141
lightbox/images/img000020.jpg,lightbox_test,143.998,146.997,0.706699,-0.0506632,0.176577,-0.68325
lightbox/images/img000021.jpg,lightbox_test,160.868,165.303,0.74989,-0.320475,0.234836,0.528973
lightbox/images/img000023.jpg,lightbox_test,161.171,155.162,0.467019,-0.86033,0.0989885,0.178683
lightbox/images/img000024.jpg,lightbox_test,2.39966,5.118,0.424241,-0.529976,0.714573,0.168912
lightbox/images/img000025.jpg,lightbox_test,17.7879,12.2558,0.236856,-0.80924,0.490407,0.220297
lightbox/images/img000026.jpg,lightbox_test,10.7063,9.01699,0.352872,0.0257082,-0.430686,0.830259
lightbox/images/img000027.jpg,lightbox_test,9.89525,5.26528,0.341206,-0.896539,-0.0370125,0.280046
lightbox/images/img000028.jpg,lightbox_test,8.48449,4.5516,0.605347,0.519848,0.106114,0.59334
lightbox/images/img000029.jpg,lightbox_test,16.8329,19.0445,0.238446,-0.650232,0.461166,-0.554679
lightbox/images/img000033.jpg,lightbox_test,12.6116,9.73534,0.561747,0.386288,0.681318,-0.26651
lightbox/images/img000034.jpg,lightbox_test,15.943,6.78371,0.629174,0.438333,-0.446308,-0.461317
lightbox/images/img000035.jpg,lightbox_test,32.7057,25.6231,0.712722,-0.205624,-0.583536,-0.330503
lightbox/images/img000036.jpg,lightbox_test,172.963,178.84,0.677556,-0.540382,-0.232071,0.441642
lightbox/images/img000037.jpg,lightbox_test,17.7094,19.148,0.795903,0.523613,0.0781285,0.293707
lightbox/images/img000039.jpg,lightbox_test,13.4911,15.7301,0.78887,0.126082,0.46905,0.376536
lightbox/images/img000040.jpg,lightbox_test,9.86546,0.534978,0.456921,0.81431,0.223195,-0.279833
lightbox/images/img000042.jpg,lightbox_test,10.0026,5.42822,0.437855,-0.0155738,0.145599,0.887041
lightbox/images/img000043.jpg,lightbox_test,13.0451,7.17007,0.424358,0.198429,0.845904,-0.254937
lightbox/images/img000045.jpg,lightbox_test,122.712,115.646,0.833108,-0.144859,-0.29047,0.447854
lightbox/images/img000047.jpg,lightbox_test,91.185,94.0419,0.672992,-0.118875,0.500318,0.531632
lightbox/images/img000048.jpg,lightbox_test,2.75101,6.08819,0.796878,0.187588,-0.539609,0.196514
lightbox/images/img000049.jpg,lightbox_test,155.193,157.69,0.0520029,-0.979659,0.187412,-0.0494128
lightbox/images/img000050.jpg,lightbox_test,121.652,118.964,0.401047,-0.0349925,0.257306,0.878482
lightbox/images/img000052.jpg,lightbox_test,175.436,179.873,0.949325,-0.0476128,0.279658,0.135305
lightbox/images/img000053.jpg,lightbox_test,7.82838,7.43305,0.43528,0.87682,0.180579,0.0954404
lightbox/images/img000054.jpg,lightbox_test,70.3757,66.2068,0.0870523,-0.09139,-0.926333,-0.354932
lightbox/images/img000055.jpg,lightbox_test,7.28176,13.4187,0.148476,0.649202,0.738262,-0.107057
lightbox/images/img000056.jpg,lightbox_test,12.9475,9.72471,0.396472,0.480375,-0.47648,-0.620497
lightbox/images/img000058.jpg,lightbox_test,166.642,166.81,0.287866,0.402771,0.488977,-0.718199
lightbox/images/img000059.jpg,lightbox_test,11.3346,10.8258,0.127108,-0.862025,-0.489616,-0.0321415
lightbox/images/img000060.jpg,lightbox_test,13.2601,4.01126,0.0431207,0.194862,0.937564,0.284857
lightbox/images/img000061.jpg,lightbox_test,4.49153,2.90905,0.745033,0.578983,-0.0680185,-0.324157
lightbox/images/img000062.jpg,lightbox_test,11.4859,9.72274,0.104649,-0.452692,-0.859492,0.213053
lightbox/images/img000064.jpg,lightbox_test,15.5837,6.20675,0.246911,0.643481,0.692293,0.21377
lightbox/images/img000065.jpg,lightbox_test,14.5098,10.1085,0.0415099,-0.739232,0.463371,-0.486929
lightbox/images/img000066.jpg,lightbox_test,15.2944,10.2986,0.0310744,0.485456,0.840376,0.239027
lightbox/images/img000067.jpg,lightbox_test,97.1785,94.5735,0.917571,-0.170156,0.217934,-0.285683
lightbox/images/img000068.jpg,lightbox_test,13.2679,13.7276,0.784087,-0.391003,-0.281552,0.391219
lightbox/images/img000069.jpg,lightbox_test,24.0512,22.3796,0.7196,-0.593615,-0.275308,-0.232386
lightbox/images/img000070.jpg,lightbox_test,15.4721,10.609,0.0602313,0.645984,-0.681677,0.33822
lightbox/images/img000071.jpg,lightbox_test,8.74688,3.72702,0.972012,0.127677,-0.18729,-0.0617494
lightbox/images/img000072.jpg,lightbox_test,5.34837,9.81754,0.0564046,0.829252,0.542159,-0.123386
lightbox/images/img000073.jpg,lightbox_test,5.561,4.99624,0.266454,0.0786462,-0.381043,0.88183
lightbox/images/img000075.jpg,lightbox_test,69.9467,72.0751,0.54719,-0.445965,-0.509229,0.492325
lightbox/images/img000076.jpg,lightbox_test,116.937,122.349,0.15045,0.0596732,-0.504831,0.847909
lightbox/images/img000077.jpg,lightbox_test,144.498,142.927,0.288932,0.813069,0.106457,0.494069
lightbox/images/img000079.jpg,lightbox_test,7.9006,4.70122,0.504091,-0.776519,0.00777067,-0.377955
lightbox/images/img000080.jpg,lightbox_test,10.7423,12.3427,0.489315,-0.0462587,0.0645654,-0.868483
lightbox/images/img000081.jpg,lightbox_test,17.9195,10.0591,0.432622,0.655156,-0.21598,0.580484
lightbox/images/img000082.jpg,lightbox_test,14.1811,6.98128,0.57051,0.502888,0.259727,-0.595117
lightbox/images/img000084.jpg,lightbox_test,16.7628,5.019,0.385504,-0.826045,0.0545671,-0.407504
lightbox/images/img000085.jpg,lightbox_test,25.4684,21.7528,0.13302,-0.975796,0.124737,0.120702
lightbox/images/img000086.jpg,lightbox_test,100.518,94.0003,0.772319,0.0546026,0.502967,0.384143
lightbox/images/img000088.jpg,lightbox_test,8.47308,7.88456,0.602126,-0.483445,-0.143064,-0.619079
lightbox/images/img000092.jpg,lightbox_test,19.8583,11.5145,0.762916,0.448026,-0.322486,-0.336503
lightbox/images/img000093.jpg,lightbox_test,6.2248,3.63798,0.745952,-0.10356,-0.279724,0.595471
lightbox/images/img000094.jpg,lightbox_test,20.7142,15.6518,0.661656,-0.167029,-0.678773,-0.271256
lightbox/images/img000095.jpg,lightbox_test,5.47787,4.70568,0.245482,-0.659342,0.53656,-0.465951
lightbox/images/img000096.jpg,lightbox_test,11.6497,8.46548,0.83161,0.360359,0.126933,-0.403057
lightbox/images/img000097.jpg,lightbox_test,6.85041,5.40972,0.317627,-0.298239,0.335013,-0.835424
lightbox/images/img000098.jpg,lightbox_test,11.5483,10.4785,0.430786,-0.673123,0.257027,-0.543384
lightbox/images/img000099.jpg,lightbox_test,23.6983,19.4816,0.933711,0.167507,0.149299,0.278989
lightbox/images/img000100.jpg,lightbox_test,129.103,133.078,0.640299,0.385415,0.569948,-0.341514
lightbox/images/img000101.jpg,lightbox_test,13.3014,8.96913,0.266092,-0.793616,-0.101274,-0.537692
lightbox/images/img000102.jpg,lightbox_test,9.24013,3.84941,0.399974,0.0152255,0.244898,-0.883071
lightbox/images/img000103.jpg,lightbox_test,12.235,13.2161,0.89218,0.283399,0.199614,-0.289577
lightbox/images/img000104.jpg,lightbox_test,16.1674,8.73862,0.0742919,-0.657605,0.634964,0.39857
lightbox/images/img000105.jpg,lightbox_test,14.601,12.0036,0.511756,0.590274,0.484931,0.393095
lightbox/images/img000106.jpg,lightbox_test,13.4547,10.2332,0.451206,0.081056,0.877624,-0.140072
lightbox/images/img000107.jpg,lightbox_test,93.8999,99.3572,0.19601,-0.410073,-0.687233,-0.566684
lightbox/images/img000108.jpg,lightbox_test,11.8521,11.7108,0.554408,-0.163707,-0.340195,-0.741687
lightbox/images/img000109.jpg,lightbox_test,5.93375,7.01562,0.630324,0.497928,-0.448382,-0.392061
lightbox/images/img000111.jpg,lightbox_test,10.2304,3.1868,0.227179,-0.143994,-0.788658,-0.552878
lightbox/images/img000112.jpg,lightbox_test,9.45144,4.31587,0.36679,-0.88747,0.272421,-0.0604096
lightbox/images/img000113.jpg,lightbox_test,7.39669,4.29487,0.87569,0.260042,-0.314987,-0.257545
lightbox/images/img000114.jpg,lightbox_test,7.63649,11.9263,0.397016,-0.848273,0.0590899,0.345428
lightbox/images/img000115.jpg,lightbox_test,10.8561,6.52433,0.311771,-0.822513,0.0289732,-0.474797
lightbox/images/img000116.jpg,lightbox_test,109.533,106.349,0.156125,-0.340251,-0.909809,-0.17917
lightbox/images/img000117.jpg,lightbox_test,4.9177,4.24022,0.0697746,-0.0062268,0.282516,0.956701
lightbox/images/img000118.jpg,lightbox_test,14.0993,7.93265,0.0705926,-0.514538,0.221347,-0.825392
lightbox/images/img000119.jpg,lightbox_test,88.2528,92.4082,0.470855,-0.759686,0.111997,0.434314
lightbox/images/img000121.jpg,lightbox_test,8.77667,8.05977,0.721601,0.643669,-0.0732614,-0.244161
lightbox/images/img000122.jpg,lightbox_test,4.24227,4.52188,0.797876,0.0870787,0.521748,0.289121
lightbox/images/img000123.jpg,lightbox_test,10.2961,9.24112,0.807924,0.486852,0.06923,0.324717
lightbox/images/img000124.jpg,lightbox_test,2.87776,3.31456,0.748157,0.628684,-0.209867,0.0312158
lightbox/images/img000126.jpg,lightbox_test,6.38235,4.08879,0.748262,-0.272142,0.383512,-0.467932
lightbox/images/img000127.jpg,lightbox_test,3.71902,3.10187,0.846106,-0.285312,0.0698223,0.444778
lightbox/images/img000128.jpg,lightbox_test,9.97514,11.5355,0.755464,0.581745,0.163483,-0.253218
lightbox/images/img000129.jpg,lightbox_test,4.89928,7.64376,0.478804,-0.205145,-0.851765,-0.0562085
lightbox/images/img000130.jpg,lightbox_test,11.8657,3.69777,0.452846,-0.543604,-0.675817,0.20663
lightbox/images/img000131.jpg,lightbox_test,143.704,146.823,0.674407,-0.607606,0.39228,-0.148682
lightbox/images/img000132.jpg,lightbox_test,3.35361,3.08966,0.0780505,0.279967,-0.919096,-0.266062
lightbox/images/img000133.jpg,lightbox_test,13.7948,16.5614,0.0634039,0.224392,0.965656,-0.114613
lightbox/images/img000134.jpg,lightbox_test,18.7892,11.5294,0.149845,-0.233574,0.637671,0.718586
lightbox/images/img000135.jpg,lightbox_test,16.572,10.0092,0.661281,-0.215684,0.235011,-0.678939
lightbox/images/img000136.jpg,lightbox_test,11.6454,9.37554,0.28229,-0.867333,-0.307277,0.271344
lightbox/images/img000137.jpg,lightbox_test,5.5657,3.77386,0.441344,0.595519,0.239213,-0.627176
lightbox/images/img000138.jpg,lightbox_test,9.3891,2.77509,0.470374,-0.226289,-0.843556,-0.126313
lightbox/images/img000139.jpg,lightbox_test,94.0117,102.194,0.0707507,0.821237,-0.280944,-0.491564
lightbox/images/img000140.jpg,lightbox_test,89.6925,91.6855,0.240147,-0.797371,-0.353333,-0.426245
lightbox/images/img000141.jpg,lightbox_test,15.69,8.28872,0.164079,-0.347728,-0.1037,-0.917284
lightbox/images/img000142.jpg,lightbox_test,78.349,82.5729,0.46748,0.119653,0.844038,0.233979
lightbox/images/img000143.jpg,lightbox_test,31.5578,28.1543,0.0118477,0.093808,0.942602,-0.320252
lightbox/images/img000145.jpg,lightbox_test,16.289,6.81145,0.224804,0.209078,0.409627,0.859043
lightbox/images/img000147.jpg,lightbox_test,24.4995,17.9451,0.16862,0.708531,0.20462,0.653973
lightbox/images/img000149.jpg,lightbox_test,14.9935,19.7299,0.155677,-0.851275,0.405514,0.29437
lightbox/images/img000150.jpg,lightbox_test,79.7252,75.553,0.270479,0.545111,-0.235195,0.757877
lightbox/images/img000151.jpg,lightbox_test,6.97479,3.17098,0.0421975,-0.220031,0.848564,-0.479318
lightbox/images/img000152.jpg,lightbox_test,39.5382,38.4942,0.630707,0.337221,-0.698716,-0.0169434
lightbox/images/img000153.jpg,lightbox_test,21.6789,15.1825,0.555275,-0.330314,-0.624241,0.439187
lightbox/images/img000155.jpg,lightbox_test,10.913,2.39682,0.135567,-0.157078,-0.62915,-0.749079
lightbox/images/img000156.jpg,lightbox_test,7.26418,2.1217,0.0993179,0.333566,0.471332,-0.81038
lightbox/images/img000157.jpg,lightbox_test,83.7083,89.1724,0.723685,0.581167,0.306142,-0.211667
lightbox/images/img000158.jpg,lightbox_test,8.51865,8.17527,0.558205,0.130742,-0.451563,-0.68367
lightbox/images/img000159.jpg,lightbox_test,10.9687,4.86079,0.866657,-0.376711,-0.324824,-0.0385272
lightbox/images/img000161.jpg,lightbox_test,173.634,179.98,0.682808,0.183113,0.707056,-0.0177451
lightbox/images/img000162.jpg,lightbox_test,3.91187,9.27747,0.651142,0.62703,-0.334957,0.265801
lightbox/images/img000163.jpg,lightbox_test,11.8253,6.01541,0.626824,-0.0604243,-0.737229,-0.244815
lightbox/images/img000164.jpg,lightbox_test,14.4124,12.2193,0.112864,-0.866115,-0.423892,0.239629
lightbox/images/img000165.jpg,lightbox_test,7.93708,4.84032,0.930022,-0.0577358,0.359787,-0.0477359
lightbox/images/img000166.jpg,lightbox_test,9.42237,5.92866,0.586183,-0.780385,0.130278,0.174402
lightbox/images/img000167.jpg,lightbox_test,156.93,158.461,0.646323,-0.459412,-0.383946,-0.473067
lightbox/images/img000169.jpg,lightbox_test,24.5032,27.7239,0.427782,-0.611374,0.403466,-0.529565
lightbox/images/img000170.jpg,lightbox_test,33.7931,22.2274,0.110504,0.555743,0.7887,0.238519
lightbox/images/img000171.jpg,lightbox_test,11.3213,12.2032,0.427247,0.334562,-0.475261,0.692571
lightbox/images/img000173.jpg,lightbox_test,31.3106,33.1655,0.358166,-0.0527496,0.671039,0.647024
lightbox/images/img000174.jpg,lightbox_test,30.5548,17.1948,0.512134,-0.189761,0.663324,0.511578
lightbox/images/img000176.jpg,lightbox_test,138.28,145.219,0.41601,-0.390329,0.37819,-0.729076
lightbox/images/img000177.jpg,lightbox_test,10.3359,3.32549,0.227682,0.95009,0.142117,0.159034
lightbox/images/img000178.jpg,lightbox_test,12.9713,9.14696,0.402544,0.614347,0.678208,0.023881
lightbox/images/img000179.jpg,lightbox_test,16.5749,12.0172,0.329583,0.939203,0.0560713,-0.0782894
lightbox/images/img000180.jpg,lightbox_test,177.772,178.538,0.70632,0.338583,-0.616931,-0.076608
lightbox/images/img000181.jpg,lightbox_test,8.23954,2.45659,0.834792,0.261455,0.48447,0.0072807
lightbox/images/img000182.jpg,lightbox_test,8.88481,8.26876,0.0533302,-0.811143,-0.508643,0.283697
lightbox/images/img000184.jpg,lightbox_test,9.32594,8.83941,0.906273,0.317179,-0.209111,0.185309
lightbox/images/img000185.jpg,lightbox_test,11.622,13.7129,0.868392,0.0949919,-0.163774,-0.458313
lightbox/images/img000186.jpg,lightbox_test,3.36089,3.62949,0.119584,0.0831927,0.940338,-0.307479
lightbox/images/img000187.jpg,lightbox_test,4.79153,6.12156,0.350945,0.160961,0.468637,-0.794549
lightbox/images/img000188.jpg,lightbox_test,131.986,133.092,0.518401,0.329649,0.436632,0.657225
lightbox/images/img000189.jpg,lightbox_test,9.8208,7.98933,0.238312,0.0991082,-0.51453,0.817706
lightbox/images/img000190.jpg,lightbox_test,140.275,141.582,0.776481,0.211432,-0.231541,0.546591
lightbox/images/img000191.jpg,lightbox_test,10.3707,12.4159,0.0521306,0.245444,-0.95838,-0.13619
lightbox/images/img000192.jpg,lightbox_test,15.6992,13.6095,0.236622,0.459298,-0.59126,-0.619247
lightbox/images/img000193.jpg,lightbox_test,133.183,140.151,0.0404272,-0.989825,-0.108799,-0.082311
lightbox/images/img000194.jpg,lightbox_test,7.82553,7.11767,0.657732,-0.68174,-0.317835,-0.0400024
lightbox/images/img000195.jpg,lightbox_test,18.9871,8.42476,0.754361,-0.403479,0.511081,0.0833109
lightbox/images/img000196.jpg,lightbox_test,7.44179,4.31884,0.423906,-0.498912,-0.722151,-0.223359
lightbox/images/img000197.jpg,lightbox_test,3.74872,3.15245,0.477689,0.0953642,0.244826,-0.838319
lightbox/images/img000198.jpg,lightbox_test,156.524,158.342,0.648448,-0.281247,0.673261,-0.217107
lightbox/images/img000199.jpg,lightbox_test,133.41,128.963,0.201992,0.797447,-0.183129,-0.538276
lightbox/images/img000200.jpg,lightbox_test,140.775,132.922,0.137051,0.901857,-0.32529,-0.249114
lightbox/images/img000201.jpg,lightbox_test,14.7848,6.01482,0.160377,-0.475532,0.327954,-0.800371
lightbox/images/img000202.jpg,lightbox_test,11.4965,4.70354,0.0713502,0.151904,-0.985703,0.0149581
lightbox/images/img000203.jpg,lightbox_test,6.71879,3.67748,0.810539,-0.312946,-0.349232,-0.350896
lightbox/images/img000204.jpg,lightbox_test,15.5672,14.1439,0.873841,0.262572,-0.105324,0.395431
lightbox/images/img000205.jpg,lightbox_test,70.9285,70.5517,0.573715,0.475085,0.527714,-0.408244
lightbox/images/img000209.jpg,lightbox_test,4.37248,3.63311,0.457464,-0.654378,0.466726,0.380372
lightbox/images/img000210.jpg,lightbox_test,7.22283,2.56514,0.317299,-0.141239,0.482829,-0.803896
lightbox/images/img000212.jpg,lightbox_test,71.8845,73.9915,0.233356,0.386747,-0.541043,0.709397
lightbox/images/img000213.jpg,lightbox_test,10.313,9.71246,0.151837,-0.74412,-0.390215,0.520542
lightbox/images/img000214.jpg,lightbox_test,96.463,90.9382,0.761629,-0.35453,0.540243,-0.0486612
lightbox/images/img000215.jpg,lightbox_test,167.203,166.355,0.062223,0.574337,-0.811764,0.0854639
lightbox/images/img000216.jpg,lightbox_test,19.2301,10.8625,0.32435,0.732973,-0.396719,-0.447395
lightbox/images/img000217.jpg,lightbox_test,8.65548,6.55059,0.372267,0.553467,-0.203613,-0.716682
lightbox/images/img000218.jpg,lightbox_test,96.0144,95.5451,0.384411,0.357805,0.566798,0.634779
lightbox/images/img000219.jpg,lightbox_test,95.9389,90.6048,0.230273,0.706313,-0.229931,-0.628671
lightbox/images/img000220.jpg,lightbox_test,7.31271,2.34983,0.387199,-0.112831,0.575099,-0.711764
lightbox/images/img000221.jpg,lightbox_test,175.366,179.066,0.0515412,-0.0990358,-0.789385,-0.603661
lightbox/images/img000223.jpg,lightbox_test,13.6941,7.13263,0.542386,0.216016,-0.104232,-0.805165
lightbox/images/img000224.jpg,lightbox_test,157.982,158.967,0.703139,0.459481,0.3543,-0.411029
lightbox/images/img000225.jpg,lightbox_test,168.27,163.885,0.496839,0.259171,-0.183767,-0.807596
lightbox/images/img000226.jpg,lightbox_test,100.6,100.209,0.150064,-0.196292,0.476684,-0.843637
lightbox/images/img000227.jpg,lightbox_test,107.776,105.864,0.269051,0.345149,-0.561855,0.701999
lightbox/images/img000229.jpg,lightbox_test,12.1031,11.2242,0.346336,0.225874,-0.016105,0.91037
lightbox/images/img000230.jpg,lightbox_test,17.0332,15.1923,0.403327,-0.459929,-0.322229,-0.722469
lightbox/images/img000231.jpg,lightbox_test,9.58302,7.0941,0.353502,-0.431934,0.412881,0.719721
lightbox/images/img000232.jpg,lightbox_test,5.48058,3.42306,0.573905,-0.31919,-0.747077,0.103086
lightbox/images/img000233.jpg,lightbox_test,12.2662,14.0185,0.0879961,-0.762832,0.545487,0.33584
lightbox/images/img000235.jpg,lightbox_test,8.46954,5.12155,0.31848,-0.693138,-0.645001,-0.0458655
lightbox/images/img000236.jpg,lightbox_test,13.4087,11.3189,0.134078,-0.595929,0.118424,-0.782859
lightbox/images/img000238.jpg,lightbox_test,4.78548,4.46802,0.520689,-0.363293,0.369538,0.678486
lightbox/images/img000239.jpg,lightbox_test,136.314,142.648,0.700711,0.524436,0.111792,-0.47061
lightbox/images/img000240.jpg,lightbox_test,3.94299,3.85421,0.800678,0.346285,-0.0356198,-0.487579
lightbox/images/img000241.jpg,lightbox_test,149.144,151.751,0.33109,-0.562607,0.456231,0.604737
lightbox/images/img000243.jpg,lightbox_test,5.00825,10.9594,0.265365,0.619767,-0.713156,0.192038
lightbox/images/img000244.jpg,lightbox_test,7.3212,2.76424,0.263605,-0.0650137,0.314273,-0.90968
lightbox/images/img000246.jpg,lightbox_test,7.4947,9.4169,0.516794,-0.18685,-0.835261,0.0187004
lightbox/images/img000247.jpg,lightbox_test,17.6636,10.4557,0.110571,0.898619,-0.0335759,0.423238
lightbox/images/img000248.jpg,lightbox_test,12.8104,8.83177,0.465176,0.703374,-0.328398,-0.425478
lightbox/images/img000249.jpg,lightbox_test,4.49788,4.63865,0.524176,0.0209774,0.831295,0.183708
lightbox/images/img000251.jpg,lightbox_test,14.8388,10.2329,0.241046,-0.279336,0.38804,-0.844567
lightbox/images/img000252.jpg,lightbox_test,16.4646,7.60029,0.313312,-0.100706,-0.879878,0.342795
lightbox/images/img000253.jpg,lightbox_test,9.65458,9.84561,0.580045,0.325266,-0.74246,0.0806437
lightbox/images/img000255.jpg,lightbox_test,6.44448,6.11244,0.513263,0.101491,0.58893,-0.615973
lightbox/images/img000256.jpg,lightbox_test,164.515,167.968,0.439282,0.447745,0.734821,-0.258057
lightbox/images/img000257.jpg,lightbox_test,18.7175,24.5709,0.86254,0.423053,-0.264566,-0.0840009
lightbox/images/img000258.jpg,lightbox_test,20.5847,13.764,0.291189,0.128787,0.899624,0.298832
lightbox/images/img000259.jpg,lightbox_test,54.433,60.1648,0.304692,-0.605081,0.26745,0.685209
lightbox/images/img000260.jpg,lightbox_test,111.245,115.34,0.174249,-0.197427,0.740507,0.618311
lightbox/images/img000261.jpg,lightbox_test,33.8041,25.7675,0.0810074,0.349125,0.61354,-0.703646
lightbox/images/img000262.jpg,lightbox_test,9.98124,4.7499,0.252395,0.925689,0.256573,0.116477
lightbox/images/img000263.jpg,lightbox_test,160.275,160.853,0.081068,-0.331138,0.935294,0.09487
lightbox/images/img000264.jpg,lightbox_test,9.89546,11.9826,0.193237,-0.381417,0.889136,-0.163147
lightbox/images/img000266.jpg,lightbox_test,9.42938,1.64147,0.449708,-0.354529,0.396322,0.717636
lightbox/images/img000268.jpg,lightbox_test,11.1659,14.2331,0.229271,0.937018,0.210867,-0.158012
lightbox/images/img000270.jpg,lightbox_test,15.7214,7.82434,0.138134,-0.676815,-0.261302,-0.674212
lightbox/images/img000272.jpg,lightbox_test,19.134,15.1908,0.704682,0.206043,-0.511687,0.446258
lightbox/images/img000273.jpg,lightbox_test,5.51966,4.9549,0.512204,-0.84999,-0.103046,-0.0674151
lightbox/images/img000275.jpg,lightbox_test,91.6738,85.3747,0.25879,0.174128,-0.610418,-0.728078
lightbox/images/img000276.jpg,lightbox_test,12.3912,18.934,0.678294,-0.351668,0.42036,0.489433
lightbox/images/img000279.jpg,lightbox_test,178.545,177.33,0.500423,-0.665567,0.383471,-0.399434
lightbox/images/img000280.jpg,lightbox_test,8.5029,4.91079,0.29796,-0.141777,0.903687,-0.27289
lightbox/images/img000282.jpg,lightbox_test,7.21792,3.94388,0.780379,0.533042,0.256678,0.202462
lightbox/images/img000283.jpg,lightbox_test,10.0727,5.73513,0.259922,-0.23717,0.261493,-0.898784
lightbox/images/img000284.jpg,lightbox_test,10.4711,2.88919,0.475256,0.870569,0.117742,-0.0487676
lightbox/images/img000285.jpg,lightbox_test,21.3793,7.4159,0.343804,0.359824,0.795662,0.345322
lightbox/images/img000286.jpg,lightbox_test,89.9498,93.0551,0.385543,-0.72822,0.508388,-0.250189
lightbox/images/img000288.jpg,lightbox_test,13.4869,7.64193,0.84658,-0.168937,-0.00240967,-0.504735
lightbox/images/img000289.jpg,lightbox_test,10.8371,10.0042,0.039635,0.859504,-0.37029,-0.350097
lightbox/images/img000290.jpg,lightbox_test,7.65686,1.8086,0.329077,-0.702791,-0.257293,-0.575841
lightbox/images/img000291.jpg,lightbox_test,6.16659,10.9243,0.694874,-0.301069,0.444995,0.478003
lightbox/images/img000292.jpg,lightbox_test,12.8965,3.19498,0.087009,-0.761754,0.032373,-0.64118
lightbox/images/img000293.jpg,lightbox_test,4.59638,4.70408,0.314216,-0.0318119,-0.843591,0.434293
lightbox/images/img000294.jpg,lightbox_test,84.1603,83.6026,0.336804,-0.652834,-0.294209,-0.611402
lightbox/images/img000295.jpg,lightbox_test,9.72363,5.64426,0.174856,-0.747918,-0.578673,-0.274192
lightbox/images/img000296.jpg,lightbox_test,45.4709,45.8512,0.373079,0.502088,-0.282915,0.727103
lightbox/images/img000297.jpg,lightbox_test,175.235,172.108,0.516517,0.679017,-0.491146,0.175845
lightbox/images/img000298.jpg,lightbox_test,159.807,158.076,0.0590113,0.915752,0.34834,0.191244
lightbox/images/img000299.jpg,lightbox_test,18.0391,19.2084,0.555772,-0.597825,0.368594,-0.444816
lightbox/images/img000300.jpg,lightbox_test,10.3933,4.76208,0.74865,-0.546546,0.257896,-0.272581
lightbox/images/img000301.jpg,lightbox_test,5.09677,4.40375,0.461978,-0.840576,0.10532,-0.262518
lightbox/images/img000302.jpg,lightbox_test,5.91563,4.51017,0.628961,-0.188376,-0.0990684,-0.747736
lightbox/images/img000303.jpg,lightbox_test,179.657,173.477,0.362214,0.665443,-0.417229,0.501903
lightbox/images/img000304.jpg,lightbox_test,8.97566,8.09886,0.312354,-0.568599,-0.744485,0.15771
lightbox/images/img000306.jpg,lightbox_test,3.65084,6.25907,0.125886,0.363427,0.893819,-0.230569
lightbox/images/img000307.jpg,lightbox_test,15.5595,15.6304,0.108116,0.677797,-0.650155,0.325885
lightbox/images/img000308.jpg,lightbox_test,174.34,179.828,0.634182,0.105827,-0.70624,-0.296378
lightbox/images/img000309.jpg,lightbox_test,12.8666,6.62692,0.549588,0.200218,-0.169922,-0.79309
lightbox/images/img000310.jpg,lightbox_test,88.4261,89.0427,0.599134,0.469777,-0.542512,-0.355004
lightbox/images/img000311.jpg,lightbox_test,5.8003,6.29218,0.56684,-0.572308,-0.565287,0.17778
lightbox/images/img000312.jpg,lightbox_test,72.9076,72.4884,0.0818108,-0.0715623,0.114606,0.987447
lightbox/images/img000313.jpg,lightbox_test,12.9969,10.0907,0.0598949,-0.199398,0.976931,-0.0475177
lightbox/images/img000314.jpg,lightbox_test,29.0268,27.8662,0.0630575,-0.00430058,-0.232101,-0.970636
lightbox/images/img000315.jpg,lightbox_test,13.3391,11.7713,0.941162,0.224542,-0.145536,-0.206434
lightbox/images/img000316.jpg,lightbox_test,52.1825,57.7924,0.761623,-0.262703,-0.577796,-0.13065
lightbox/images/img000317.jpg,lightbox_test,22.6101,16.399,0.33229,-0.567491,-0.690247,0.301822
lightbox/images/img000318.jpg,lightbox_test,13.0033,5.12599,0.694681,-0.140304,-0.425174,0.562993
lightbox/images/img000319.jpg,lightbox_test,87.7296,95.6433,0.691276,-0.0692832,-0.709982,0.11516
lightbox/images/img000320.jpg,lightbox_test,7.97297,4.0451,0.895078,-0.377105,0.214704,0.102614
lightbox/images/img000322.jpg,lightbox_test,30.4915,32.7889,0.750334,-0.234591,0.618027,0.00286912
lightbox/images/img000324.jpg,lightbox_test,9.54563,6.64819,0.463054,0.419956,0.778617,0.0545264
lightbox/images/img000325.jpg,lightbox_test,97.6508,92.4042,0.446998,-0.127839,0.289832,-0.836569
lightbox/images/img000326.jpg,lightbox_test,43.5821,45.2028,0.844795,0.437405,-0.245921,0.185797
lightbox/images/img000327.jpg,lightbox_test,94.1256,92.5782,0.647963,0.518486,0.23276,0.507089
lightbox/images/img000328.jpg,lightbox_test,24.1879,12.6093,0.576277,0.37799,0.649951,-0.320299
lightbox/images/img000329.jpg,lightbox_test,5.17246,6.38591,0.252543,0.841889,0.427523,0.211351
lightbox/images/img000330.jpg,lightbox_test,6.26951,5.70516,0.0381379,-0.603068,-0.663292,0.441472
lightbox/images/img000332.jpg,lightbox_test,169.727,162.934,0.386026,-0.471211,-0.440003,-0.659804
lightbox/images/img000333.jpg,lightbox_test,40.5802,47.0563,0.377856,-0.311814,-0.731359,-0.474458
lightbox/images/img000334.jpg,lightbox_test,10.9452,4.51277,0.92549,-0.00589637,-0.241302,0.291902
lightbox/images/img000335.jpg,lightbox_test,23.8869,22.5939,0.810626,0.154754,0.230122,0.515733
lightbox/images/img000337.jpg,lightbox_test,6.23476,3.48271,0.341555,0.370566,-0.646963,0.572241
lightbox/images/img000338.jpg,lightbox_test,11.9379,10.9046,0.534276,-0.0828008,0.0649788,-0.838732
lightbox/images/img000339.jpg,lightbox_test,145.234,151.575,0.0684295,-0.908765,-0.392128,0.1253
lightbox/images/img000341.jpg,lightbox_test,177.312,177.241,0.220665,0.632428,0.244445,-0.701134
lightbox/images/img000342.jpg,lightbox_test,106.63,112.875,0.449609,0.597835,0.464859,-0.473657
lightbox/images/img000343.jpg,lightbox_test,164.658,164.771,0.509584,-0.314727,-0.605938,0.523556
lightbox/images/img000344.jpg,lightbox_test,5.04355,5.2344,0.287717,0.516246,0.632216,0.501011
lightbox/images/img000345.jpg,lightbox_test,121.234,125.131,0.307464,0.586636,0.33382,0.670737
lightbox/images/img000347.jpg,lightbox_test,5.43871,10.1359,0.578036,0.156791,-0.753872,0.270127
lightbox/images/img000348.jpg,lightbox_test,5.51706,8.23658,0.715448,-0.351085,0.0722076,-0.599717
lightbox/images/img000351.jpg,lightbox_test,105.234,105.048,0.0322715,0.261061,-0.930302,0.255626
lightbox/images/img000352.jpg,lightbox_test,10.9927,19.0715,0.714951,0.0121526,0.218088,0.66418
lightbox/images/img000353.jpg,lightbox_test,69.8451,61.7954,0.376864,0.306109,-0.433753,0.759032
lightbox/images/img000354.jpg,lightbox_test,138.47,143.646,0.439984,-0.893787,-0.0828306,-0.0264264
lightbox/images/img000355.jpg,lightbox_test,4.48495,7.30169,0.610506,-0.378462,0.684098,0.126728
lightbox/images/img000356.jpg,lightbox_test,12.7147,5.94672,0.397189,-0.245318,0.235931,0.852289
lightbox/images/img000357.jpg,lightbox_test,7.62785,7.48599,0.375313,-0.164727,-0.262242,0.873633
lightbox/images/img000358.jpg,lightbox_test,164.624,172.105,0.657189,0.41585,-0.403913,0.48169
lightbox/images/img000359.jpg,lightbox_test,10.74,5.94031,0.793392,-0.25802,0.0685932,-0.547037
lightbox/images/img000360.jpg,lightbox_test,50.6513,60.0007,0.51549,-0.61063,-0.358609,-0.482494
lightbox/images/img000361.jpg,lightbox_test,19.8275,19.3124,0.476681,0.328737,-0.800013,0.15712
lightbox/images/img000362.jpg,lightbox_test,77.2001,74.5667,0.462265,-0.19669,0.698393,-0.509776
lightbox/images/img000363.jpg,lightbox_test,10.1657,5.9616,0.435746,0.117983,0.460943,0.764026
lightbox/images/img000001.jpg,lightbox,128.451,125.407,0.370988,-0.918413,-0.114902,0.0753797
lightbox/images/img000002.jpg,lightbox,5.32072,2.92791,0.544163,0.219781,-0.270355,0.763211
lightbox/images/img000003.jpg,lightbox,147.922,142.581,0.246019,0.008079,-0.100705,0.963986
lightbox/images/img000004.jpg,lightbox,6.1066,3.06928,0.884749,0.353497,-0.303702,-0.00487458
lightbox/images/img000005.jpg,lightbox,10.9432,5.48485,0.174988,0.799395,-0.324603,0.47432
lightbox/images/img000006.jpg,lightbox,5.09029,3.23222,0.225173,-0.304055,-0.882921,0.278024
lightbox/images/img000007.jpg,lightbox,3.45152,3.86539,0.197108,-0.672468,0.321865,-0.636662
lightbox/images/img000008.jpg,lightbox,13.8892,14.1297,0.0174381,-0.947227,0.138874,0.288395
lightbox/images/img000009.jpg,lightbox,160.217,165.664,0.427582,0.631618,-0.20455,0.613508
lightbox/images/img000010.jpg,lightbox,14.3315,1.25075,0.221536,-0.48603,0.670684,-0.514664
lightbox/images/img000011.jpg,lightbox,144.056,147.578,0.350694,0.366084,-0.708059,-0.491579
lightbox/images/img000012.jpg,lightbox,178.746,176.739,0.915323,-0.112825,-0.0364418,-0.384873
lightbox/images/img000013.jpg,lightbox,20.6853,20.6569,0.592566,-0.0581218,0.0812641,-0.799302
lightbox/images/img000014.jpg,lightbox,98.1497,94.5353,0.604121,-0.476799,0.383395,-0.510596
lightbox/images/img000015.jpg,lightbox,36.6562,39.148,0.791713,-0.103543,0.0704715,-0.597916
lightbox/images/img000016.jpg,lightbox,10.4155,3.35367,0.832703,-0.240866,0.44792,0.218991
lightbox/images/img000017.jpg,lightbox,176.648,169.069,0.265767,0.464636,0.163515,-0.828701
lightbox/images/img000018.jpg,lightbox,37.2616,30.7329,0.929079,-0.26323,-0.0788297,0.247604
lightbox/images/img000019.jpg,lightbox,85.0782,80.063,0.126387,0.127356,0.0802917,-0.98049
lightbox/images/img000020.jpg,lightbox,141.697,146.997,0.745095,-0.0463989,0.187054,-0.638507
lightbox/images/img000021.jpg,lightbox,162.245,165.303,0.751555,-0.297365,0.25668,0.529957
lightbox/images/img000022.jpg,lightbox,3.78681,9.83633,0.0548057,0.772477,0.631821,0.0328345
lightbox/images/img000023.jpg,lightbox,161.921,155.162,0.442376,-0.872169,0.0985972,0.184127
lightbox/images/img000024.jpg,lightbox,4.07406,5.118,0.43014,-0.527243,0.717049,0.151116
lightbox/images/img000025.jpg,lightbox,14.544,12.2558,0.194848,-0.81925,0.459755,0.281937
lightbox/images/img000026.jpg,lightbox,3.40306,9.01699,0.308651,0.112704,-0.414223,0.848794
lightbox/images/img000027.jpg,lightbox,10.9049,5.26528,0.309793,-0.913452,-0.054309,0.258234
lightbox/images/img000028.jpg,lightbox,11.951,4.5516,0.614533,0.436336,0.166251,0.635863
lightbox/images/img000029.jpg,lightbox,24.5463,19.0445,0.286124,-0.591095,0.49727,-0.566976
lightbox/images/img000030.jpg,lightbox,1.69476,4.15023,0.107525,-0.11955,-0.985036,0.0620549
lightbox/images/img000031.jpg,lightbox,6.23822,4.34832,0.419416,-0.137908,0.823761,-0.355653
lightbox/images/img000032.jpg,lightbox,12.267,4.60723,0.606346,-0.422018,0.124415,0.662394
lightbox/images/img000033.jpg,lightbox,10.8315,9.73534,0.553281,0.392404,0.698128,-0.229166
lightbox/images/img000034.jpg,lightbox,12.8692,6.78371,0.613466,0.392622,-0.534548,-0.42868
lightbox/images/img000035.jpg,lightbox,31.5994,25.6231,0.73424,-0.182505,-0.547378,-0.357715
lightbox/images/img000036.jpg,lightbox,176.521,178.84,0.624291,-0.593669,-0.177319,0.47579
lightbox/images/img000037.jpg,lightbox,20.8832,19.148,0.811192,0.503012,0.0923897,0.283568
lightbox/images/img000038.jpg,lightbox,93.1562,91.2299,0.53503,-0.765215,0.308452,0.181786
lightbox/images/img000039.jpg,lightbox,15.6692,15.7301,0.789241,0.161759,0.435054,0.40207
lightbox/images/img000040.jpg,lightbox,7.48917,0.534978,0.529645,0.763914,0.221869,-0.294424
lightbox/images/img000041.jpg,lightbox,8.31091,6.03658,0.326585,0.483438,0.806193,0.0984016
lightbox/images/img000042.jpg,lightbox,9.98471,5.42822,0.496894,-0.0205001,0.0994881,0.861846
lightbox/images/img000043.jpg,lightbox,14.8022,7.17007,0.330101,0.159387,0.887115,-0.280456
lightbox/images/img000044.jpg,lightbox,8.19374,4.67736,0.508874,0.744666,-0.354281,0.246992
lightbox/images/img000045.jpg,lightbox,118.875,115.646,0.867322,-0.180197,-0.163253,0.434315
lightbox/images/img000046.jpg,lightbox,20.187,13.0233,0.167663,-0.784161,-0.52355,-0.287881
lightbox/images/img000047.jpg,lightbox,88.6354,94.0419,0.653528,-0.162145,0.528168,0.517348
lightbox/images/img000048.jpg,lightbox,6.48579,6.08819,0.832557,0.165972,-0.49601,0.182416
lightbox/images/img000049.jpg,lightbox,160.747,157.69,0.0460657,-0.978604,0.164454,-0.114744
lightbox/images/img000050.jpg,lightbox,121.505,118.964,0.402651,0.0144235,0.266626,0.875543
lightbox/images/img000051.jpg,lightbox,11.4191,19.1756,0.714587,-0.67574,-0.180945,-0.000136076
lightbox/images/img000052.jpg,lightbox,173.971,179.873,0.952126,-0.0146952,0.273537,0.135714
lightbox/images/img000053.jpg,lightbox,3.66635,7.43305,0.375067,0.898237,0.176721,0.145823
lightbox/images/img000054.jpg,lightbox,70.5614,66.2068,0.0866504,-0.11335,-0.927933,-0.34436
lightbox/images/img000055.jpg,lightbox,10.8635,13.4187,0.1849,0.614172,0.758342,-0.116282
lightbox/images/img000056.jpg,lightbox,10.7703,9.72471,0.33226,0.510753,-0.542151,-0.578625
lightbox/images/img000057.jpg,lightbox,14.3594,14.4662,0.457684,-0.0496452,-0.828873,-0.317852
lightbox/images/img000058.jpg,lightbox,170.463,166.81,0.288825,0.356541,0.506199,-0.73022
lightbox/images/img000059.jpg,lightbox,11.6098,10.8258,0.127509,-0.857532,-0.49639,-0.0444551
lightbox/images/img000060.jpg,lightbox,7.49824,4.01126,0.0533854,0.246354,0.928084,0.27408
lightbox/images/img000061.jpg,lightbox,3.26449,2.90905,0.752211,0.580883,-0.0666958,-0.303818
lightbox/images/img000062.jpg,lightbox,13.1189,9.72274,0.104318,-0.428775,-0.871098,0.215542
lightbox/images/img000063.jpg,lightbox,8.02426,6.65954,0.24085,0.842027,0.119092,0.46776
lightbox/images/img000064.jpg,lightbox,12.8971,6.20675,0.294008,0.644018,0.65761,0.257585
lightbox/images/img000065.jpg,lightbox,13.4081,10.1085,0.0294723,-0.703756,0.497949,-0.505872
lightbox/images/img000066.jpg,lightbox,12.4663,10.2986,0.0632367,0.473088,0.845908,0.237969
lightbox/images/img000067.jpg,lightbox,93.0497,94.5735,0.940085,-0.137023,0.192187,-0.246028
lightbox/images/img000068.jpg,lightbox,12.6788,13.7276,0.789586,-0.388213,-0.289832,0.37662
lightbox/images/img000069.jpg,lightbox,18.45,22.3796,0.689009,-0.625564,-0.294692,-0.21701
lightbox/images/img000070.jpg,lightbox,15.8344,10.609,0.0512776,0.637282,-0.681188,0.356685
lightbox/images/img000071.jpg,lightbox,9.32328,3.72702,0.973302,0.139654,-0.172717,-0.0578621
lightbox/images/img000072.jpg,lightbox,6.44405,9.81754,0.0787389,0.84603,0.513652,-0.119141
lightbox/images/img000073.jpg,lightbox,5.46929,4.99624,0.242662,0.0688113,-0.382902,0.888688
lightbox/images/img000074.jpg,lightbox,34.0593,33.1712,0.526221,0.00103737,-0.0949916,-0.845025
lightbox/images/img000075.jpg,lightbox,70.6683,72.0751,0.560801,-0.503379,-0.474545,0.454884
lightbox/images/img000076.jpg,lightbox,121.544,122.349,0.174081,0.0931788,-0.491693,0.848087
lightbox/images/img000077.jpg,lightbox,141.469,142.927,0.289977,0.837992,0.106165,0.449902
lightbox/images/img000078.jpg,lightbox,18.4798,5.5433,0.380492,0.870606,-0.121889,0.287078
lightbox/images/img000079.jpg,lightbox,6.62143,4.70122,0.514085,-0.783873,0.0519094,-0.344333
lightbox/images/img000080.jpg,lightbox,13.9472,12.3427,0.458034,-0.040337,0.0963506,-0.882776
lightbox/images/img000081.jpg,lightbox,8.59776,10.0591,0.341346,0.661602,-0.239275,0.623309
lightbox/images/img000082.jpg,lightbox,14.4735,6.98128,0.546033,0.516228,0.212336,-0.624716
lightbox/images/img000083.jpg,lightbox,167.295,176.764,0.33377,0.342065,0.798657,0.3657
lightbox/images/img000084.jpg,lightbox,10.3765,5.019,0.38173,-0.849366,0.0278894,-0.363431
lightbox/images/img000085.jpg,lightbox,29.2725,21.7528,0.0867591,-0.9956,0.0270506,0.0228229
lightbox/images/img000086.jpg,lightbox,97.6099,94.0003,0.782669,0.057578,0.508857,0.353806
lightbox/images/img000087.jpg,lightbox,157.037,156.892,0.0559157,-0.389932,-0.851033,0.347231
lightbox/images/img000088.jpg,lightbox,6.42512,7.88456,0.637536,-0.47226,-0.146886,-0.590714
lightbox/images/img000089.jpg,lightbox,5.8054,5.07166,0.716492,-0.316729,0.00193417,0.621545
lightbox/images/img000090.jpg,lightbox,8.01123,7.83716,0.758878,-0.0688515,0.637903,-0.111553
lightbox/images/img000091.jpg,lightbox,7.55398,9.5132,0.387033,0.0722175,0.200523,-0.897096
lightbox/images/img000092.jpg,lightbox,18.51,11.5145,0.734599,0.44732,-0.349182,-0.371942
lightbox/images/img000093.jpg,lightbox,10.5145,3.63798,0.683783,-0.0749985,-0.25881,0.67811
lightbox/images/img000094.jpg,lightbox,19.5096,15.6518,0.637451,-0.0829923,-0.719908,-0.261728
lightbox/images/img000095.jpg,lightbox,5.2888,4.70568,0.25987,-0.635681,0.562778,-0.460064
lightbox/images/img000096.jpg,lightbox,4.21409,8.46548,0.864836,0.298724,0.158785,-0.370959
lightbox/images/img000097.jpg,lightbox,12.1149,5.40972,0.358435,-0.232342,0.358092,-0.830248
lightbox/images/img000098.jpg,lightbox,18.0469,10.4785,0.461291,-0.628573,0.232046,-0.581602
lightbox/images/img000099.jpg,lightbox,26.7705,19.4816,0.924213,0.200161,0.142151,0.292504
lightbox/images/img000100.jpg,lightbox,133.705,133.078,0.688595,0.29292,0.592113,-0.299061
lightbox/images/img000101.jpg,lightbox,8.86045,8.96913,0.282483,-0.817753,-0.0963666,-0.492135
lightbox/images/img000102.jpg,lightbox,8.97803,3.84941,0.455653,-0.0172544,0.133171,-0.879971
lightbox/images/img000103.jpg,lightbox,16.7918,13.2161,0.883265,0.295436,0.146438,-0.333341
lightbox/images/img000104.jpg,lightbox,13.86,8.73862,0.110333,-0.590369,0.684656,0.412961
lightbox/images/img000105.jpg,lightbox,14.3034,12.0036,0.535371,0.622336,0.407594,0.399929
lightbox/images/img000106.jpg,lightbox,11.964,10.2332,0.460749,0.0646888,0.877111,-0.119168
lightbox/images/img000107.jpg,lightbox,98.6848,99.3572,0.207644,-0.347675,-0.69667,-0.592162
lightbox/images/img000108.jpg,lightbox,12.5054,11.7108,0.53589,-0.156028,-0.362764,-0.746244
lightbox/images/img000109.jpg,lightbox,9.31228,7.01562,0.656183,0.526518,-0.443318,-0.309308
lightbox/images/img000110.jpg,lightbox,7.04557,6.29933,0.805112,-0.50651,0.240512,-0.193384
lightbox/images/img000111.jpg,lightbox,9.84246,3.1868,0.33438,-0.075599,-0.755867,-0.5578
lightbox/images/img000112.jpg,lightbox,2.64187,4.31587,0.406744,-0.878203,0.236513,-0.0859132
lightbox/images/img000113.jpg,lightbox,13.2089,4.29487,0.845745,0.284373,-0.305749,-0.332212
lightbox/images/img000114.jpg,lightbox,8.92076,11.9263,0.413527,-0.857897,0.0389613,0.302473
lightbox/images/img000115.jpg,lightbox,9.95395,6.52433,0.318298,-0.828376,0.0640368,-0.456485
lightbox/images/img000116.jpg,lightbox,109.976,106.349,0.161557,-0.353553,-0.898802,-0.202622
lightbox/images/img000117.jpg,lightbox,9.19559,4.24022,0.0248874,-0.0323323,0.275242,0.960509
lightbox/images/img000118.jpg,lightbox,11.5531,7.93265,0.0807763,-0.553492,0.198941,-0.804702
lightbox/images/img000119.jpg,lightbox,90.3934,92.4082,0.466022,-0.796568,0.13215,0.361717
lightbox/images/img000120.jpg,lightbox,74.6007,74.059,0.541999,0.367049,-0.091257,0.750457
lightbox/images/img000121.jpg,lightbox,7.4442,8.05977,0.734332,0.638157,-0.0782131,-0.217702
lightbox/images/img000122.jpg,lightbox,10.2309,4.52188,0.84903,0.0772122,0.443918,0.275904
lightbox/images/img000123.jpg,lightbox,9.77675,9.24112,0.781353,0.5357,0.137991,0.288916
lightbox/images/img000124.jpg,lightbox,8.39706,3.31456,0.7426,0.64512,-0.177205,-0.0310576
lightbox/images/img000125.jpg,lightbox,39.5408,39.9327,0.226516,-0.827205,0.51327,-0.031259
lightbox/images/img000126.jpg,lightbox,6.57064,4.08879,0.743474,-0.275393,0.393761,-0.465142
lightbox/images/img000127.jpg,lightbox,5.84097,3.10187,0.857268,-0.289347,0.0414792,0.42385
lightbox/images/img000128.jpg,lightbox,8.94941,11.5355,0.74246,0.589834,0.160946,-0.273761
lightbox/images/img000129.jpg,lightbox,7.054,7.64376,0.452335,-0.227428,-0.858921,-0.0769709
lightbox/images/img000130.jpg,lightbox,5.07243,3.69777,0.389924,-0.572911,-0.689698,0.209879
lightbox/images/img000131.jpg,lightbox,141.015,146.823,0.648959,-0.636426,0.386117,-0.157252
lightbox/images/img000132.jpg,lightbox,1.08693,3.08966,0.0835508,0.263768,-0.914823,-0.294185
lightbox/images/img000133.jpg,lightbox,19.6655,16.5614,0.0278552,0.241967,0.967913,-0.0618157
lightbox/images/img000134.jpg,lightbox,12.6557,11.5294,0.129622,-0.277841,0.72006,0.622508
lightbox/images/img000135.jpg,lightbox,16.1755,10.0092,0.691239,-0.144133,0.228256,-0.670309
lightbox/images/img000136.jpg,lightbox,11.2983,9.37554,0.286574,-0.871646,-0.29882,0.262328
lightbox/images/img000137.jpg,lightbox,8.24044,3.77386,0.445299,0.607405,0.250772,-0.608179
lightbox/images/img000138.jpg,lightbox,9.29845,2.77509,0.506022,-0.258271,-0.813635,-0.123435
lightbox/images/img000139.jpg,lightbox,106.654,102.194,0.161926,0.813168,-0.350504,-0.435527
lightbox/images/img000140.jpg,lightbox,95.5655,91.6855,0.248478,-0.819497,-0.305911,-0.416055
lightbox/images/img000141.jpg,lightbox,5.59041,8.28872,0.102775,-0.363884,-0.0317455,-0.925212
lightbox/images/img000142.jpg,lightbox,66.3574,82.5729,0.488728,0.0204559,0.848844,0.200477
lightbox/images/img000143.jpg,lightbox,39.7949,28.1543,0.0660763,-0.0835879,-0.922123,0.371936
lightbox/images/img000144.jpg,lightbox,110.808,104.205,0.298597,0.448664,0.613317,0.577393
lightbox/images/img000145.jpg,lightbox,2.33041,6.81145,0.301951,0.152171,0.473669,0.813208
lightbox/images/img000146.jpg,lightbox,15.6215,11.9556,0.337659,-0.0358444,-0.203249,-0.918363
lightbox/images/img000147.jpg,lightbox,24.7916,17.9451,0.174257,0.678732,0.206081,0.683
lightbox/images/img000148.jpg,lightbox,8.44192,4.98369,0.318622,0.206899,-0.0676888,-0.922546
lightbox/images/img000149.jpg,lightbox,17.8545,19.7299,0.139726,-0.859661,0.37917,0.312555
lightbox/images/img000150.jpg,lightbox,75.3647,75.553,0.218952,0.543379,-0.230303,0.77702
lightbox/images/img000151.jpg,lightbox,5.77738,3.17098,0.0373079,-0.230684,0.847616,-0.476383
lightbox/images/img000152.jpg,lightbox,47.7315,38.4942,0.64981,0.383536,-0.65453,0.0473044
lightbox/images/img000153.jpg,lightbox,19.8098,15.1825,0.557226,-0.384704,-0.633338,0.37468
lightbox/images/img000154.jpg,lightbox,17.1313,8.49638,0.153716,0.143272,-0.936433,-0.280959
lightbox/images/img000155.jpg,lightbox,8.7941,2.39682,0.115056,-0.196791,-0.58435,-0.778827
lightbox/images/img000156.jpg,lightbox,6.46945,2.1217,0.0249732,0.299319,0.453541,-0.839098
lightbox/images/img000157.jpg,lightbox,87.3517,89.1724,0.742653,0.555032,0.253834,-0.275632
lightbox/images/img000158.jpg,lightbox,13.6682,8.17527,0.633468,0.151407,-0.422057,-0.630604
lightbox/images/img000159.jpg,lightbox,8.12519,4.86079,0.868081,-0.360788,-0.340582,-0.0164495
lightbox/images/img000160.jpg,lightbox,85.7712,89.4436,0.123482,-0.476744,0.283077,0.823004
lightbox/images/img000161.jpg,lightbox,176.959,179.98,0.673091,0.215073,0.705819,0.050125
lightbox/images/img000162.jpg,lightbox,9.72275,9.27747,0.709286,0.587011,-0.322295,0.220128
lightbox/images/img000163.jpg,lightbox,4.91723,6.01541,0.636692,-0.163742,-0.710039,-0.252302
lightbox/images/img000164.jpg,lightbox,16.0665,12.2193,0.040106,-0.868033,-0.453534,0.198032
lightbox/images/img000165.jpg,lightbox,6.93719,4.84032,0.928872,-0.034986,0.367556,-0.0295768
lightbox/images/img000166.jpg,lightbox,8.2948,5.92866,0.590215,-0.772037,0.142972,0.187521
lightbox/images/img000167.jpg,lightbox,165.982,158.461,0.58925,-0.51483,-0.391951,-0.483848
lightbox/images/img000168.jpg,lightbox,95.601,95.8755,0.306644,0.907705,0.249152,-0.141294
lightbox/images/img000169.jpg,lightbox,28.1295,27.7239,0.494011,-0.601538,0.394957,-0.487968
lightbox/images/img000170.jpg,lightbox,30.9498,22.2274,0.139697,0.541906,0.796092,0.230346
lightbox/images/img000171.jpg,lightbox,17.6191,12.2032,0.487809,0.325238,-0.449791,0.673759
lightbox/images/img000172.jpg,lightbox,11.79,9.93524,0.126389,-0.12924,-0.890312,0.417932
lightbox/images/img000173.jpg,lightbox,32.1539,33.1655,0.370233,-0.0466849,0.673849,0.637711
lightbox/images/img000174.jpg,lightbox,22.4674,17.1948,0.415291,-0.110867,0.730902,0.530117
lightbox/images/img000175.jpg,lightbox,8.80319,6.60323,0.354014,-0.300796,0.880604,0.0934507
lightbox/images/img000176.jpg,lightbox,138.919,145.219,0.399572,-0.3585,0.423541,-0.72968
lightbox/images/img000177.jpg,lightbox,8.86398,3.32549,0.239699,0.948837,0.0760715,0.19096
lightbox/images/img000178.jpg,lightbox,8.92022,9.14696,0.416789,0.587371,0.693683,0.00925793
lightbox/images/img000179.jpg,lightbox,9.79112,12.0172,0.313463,0.936247,0.119075,-0.104898
lightbox/images/img000180.jpg,lightbox,177.282,178.538,0.711613,0.319288,-0.617625,-0.101007
lightbox/images/img000181.jpg,lightbox,8.03533,2.45659,0.876028,0.266175,0.399333,-0.0475327
lightbox/images/img000182.jpg,lightbox,10.4625,8.26876,0.0176172,-0.799081,-0.55305,0.235148
lightbox/images/img000183.jpg,lightbox,59.4497,60.6707,0.431127,0.250385,-0.695984,-0.516763
lightbox/images/img000184.jpg,lightbox,11.5209,8.83941,0.911908,0.299288,-0.216292,0.179076
lightbox/images/img000185.jpg,lightbox,9.62884,13.7129,0.875295,0.117007,-0.190349,-0.428878
lightbox/images/img000186.jpg,lightbox,7.15509,3.62949,0.12217,0.0478508,0.941429,-0.310639
lightbox/images/img000187.jpg,lightbox,7.85253,6.12156,0.349332,0.221925,0.50138,-0.759825
lightbox/images/img000188.jpg,lightbox,127.05,133.092,0.485513,0.340318,0.394406,0.702072
lightbox/images/img000189.jpg,lightbox,7.85741,7.98933,0.231844,0.0683006,-0.537484,0.807895
lightbox/images/img000190.jpg,lightbox,139.92,141.582,0.771324,0.20721,-0.232409,0.555076
lightbox/images/img000191.jpg,lightbox,10.3766,12.4159,0.0720229,0.311441,-0.93434,-0.157563
lightbox/images/img000192.jpg,lightbox,19.3896,13.6095,0.204339,0.427208,-0.560632,-0.679287
lightbox/images/img000193.jpg,lightbox,140.899,140.151,0.103056,-0.988111,-0.106702,-0.0403772
lightbox/images/img000194.jpg,lightbox,6.47177,7.11767,0.616436,-0.706392,-0.346474,-0.0311865
lightbox/images/img000195.jpg,lightbox,10.6125,8.42476,0.754352,-0.34175,0.546797,0.123179
lightbox/images/img000196.jpg,lightbox,8.84267,4.31884,0.43371,-0.491592,-0.717408,-0.235709
lightbox/images/img000197.jpg,lightbox,12.3252,3.15245,0.499428,0.129922,0.170774,-0.839362
lightbox/images/img000198.jpg,lightbox,156.762,158.342,0.613671,-0.271204,0.703976,-0.232968
lightbox/images/img000199.jpg,lightbox,135.394,128.963,0.116122,0.815875,-0.212604,-0.525037
lightbox/images/img000200.jpg,lightbox,137.028,132.922,0.149534,0.917645,-0.287712,-0.229759
lightbox/images/img000201.jpg,lightbox,4.58098,6.01482,0.0710703,-0.481811,0.345725,-0.802049
lightbox/images/img000202.jpg,lightbox,2.12963,4.70354,0.169195,0.127557,-0.976918,0.0270941
lightbox/images/img000203.jpg,lightbox,12.4663,3.67748,0.7749,-0.323704,-0.427137,-0.33511
lightbox/images/img000204.jpg,lightbox,18.0454,14.1439,0.849488,0.238735,-0.0556114,0.467207
lightbox/images/img000205.jpg,lightbox,71.6902,70.5517,0.596876,0.445119,0.532242,-0.402898
lightbox/images/img000206.jpg,lightbox,163.732,162.677,0.160133,-0.565466,0.793248,0.159261
lightbox/images/img000207.jpg,lightbox,14.7595,15.2318,0.67655,-0.324932,-0.600025,-0.27689
lightbox/images/img000208.jpg,lightbox,12.7585,11.9,0.848494,-0.0241474,0.246166,0.467843
lightbox/images/img000209.jpg,lightbox,4.03868,3.63311,0.491514,-0.619227,0.491986,0.364585
lightbox/images/img000210.jpg,lightbox,3.85406,2.56514,0.287443,-0.161367,0.499877,-0.800912
lightbox/images/img000211.jpg,lightbox,9.41164,8.27244,0.383921,0.896636,-0.220213,0.0124351
lightbox/images/img000212.jpg,lightbox,72.4853,73.9915,0.21284,0.411518,-0.546454,0.697668
lightbox/images/img000213.jpg,lightbox,9.68229,9.71246,0.206017,-0.720415,-0.39423,0.532111
lightbox/images/img000214.jpg,lightbox,87.4413,90.9382,0.787917,-0.31929,0.522384,0.0659962
lightbox/images/img000215.jpg,lightbox,163.622,166.355,0.0264663,0.510902,-0.845954,0.150469
lightbox/images/img000216.jpg,lightbox,17.9198,10.8625,0.358995,0.712743,-0.405322,-0.445908
lightbox/images/img000217.jpg,lightbox,12.2672,6.55059,0.405813,0.435025,-0.158007,-0.788101
lightbox/images/img000218.jpg,lightbox,89.9161,95.5451,0.334713,0.374071,0.562235,0.657213
lightbox/images/img000219.jpg,lightbox,93.7523,90.6048,0.310491,0.76209,-0.137355,-0.551315
lightbox/images/img000220.jpg,lightbox,7.73379,2.34983,0.398153,-0.133138,0.473295,-0.774429
lightbox/images/img000221.jpg,lightbox,177.213,179.066,0.0580173,-0.080906,-0.793779,-0.600002
lightbox/images/img000222.jpg,lightbox,4.71091,4.82518,0.00557067,0.891951,-0.298627,0.339432
lightbox/images/img000223.jpg,lightbox,8.6409,7.13263,0.588,0.322528,-0.0212089,-0.741473
lightbox/images/img000224.jpg,lightbox,151.449,158.967,0.679702,0.512983,0.356372,-0.384516
lightbox/images/img000225.jpg,lightbox,157.426,163.885,0.563289,0.179929,-0.131744,-0.795597
lightbox/images/img000226.jpg,lightbox,100.391,100.209,0.172852,-0.230556,0.464139,-0.837581
lightbox/images/img000227.jpg,lightbox,106.991,105.864,0.265537,0.354087,-0.568242,0.693695
lightbox/images/img000228.jpg,lightbox,9.45097,3.00386,0.0364069,0.506629,0.833575,0.21715
lightbox/images/img000229.jpg,lightbox,17.4642,11.2242,0.414459,0.139233,0.0143157,0.89924
lightbox/images/img000230.jpg,lightbox,16.1482,15.1923,0.399787,-0.450334,-0.305282,-0.737681
lightbox/images/img000231.jpg,lightbox,4.45627,7.0941,0.383951,-0.398516,0.452327,0.699404
lightbox/images/img000232.jpg,lightbox,10.119,3.42306,0.624134,-0.26877,-0.729472,0.0780383
lightbox/images/img000233.jpg,lightbox,17.2784,14.0185,0.151295,-0.73773,0.561514,0.342878
lightbox/images/img000234.jpg,lightbox,4.81608,4.30542,0.0903688,-0.836615,0.448891,0.300676
lightbox/images/img000235.jpg,lightbox,10.2475,5.12155,0.348326,-0.709342,-0.61278,-0.00175686
lightbox/images/img000236.jpg,lightbox,9.76426,11.3189,0.122035,-0.594116,0.184094,-0.773462
lightbox/images/img000237.jpg,lightbox,86.5196,83.5965,0.308629,-0.842664,0.0246349,0.440521
lightbox/images/img000238.jpg,lightbox,6.33651,4.46802,0.503028,-0.369377,0.380952,0.682202
lightbox/images/img000239.jpg,lightbox,145.741,142.648,0.749132,0.423949,0.153768,-0.485205
lightbox/images/img000240.jpg,lightbox,9.83014,3.85421,0.821552,0.347872,-0.0850338,-0.443628
lightbox/images/img000241.jpg,lightbox,144.306,151.751,0.235249,-0.5895,0.433101,0.639978
lightbox/images/img000242.jpg,lightbox,8.85904,7.14861,0.422924,0.406595,-0.488182,-0.646138
lightbox/images/img000243.jpg,lightbox,7.23898,10.9594,0.253876,0.622412,-0.722991,0.159481
lightbox/images/img000244.jpg,lightbox,12.451,2.76424,0.326453,-0.0668227,0.376961,-0.864213
lightbox/images/img000245.jpg,lightbox,9.85806,6.31064,0.928004,-0.102656,0.047047,-0.355046
lightbox/images/img000246.jpg,lightbox,8.67026,9.4169,0.52355,-0.23271,-0.819254,-0.0237819
lightbox/images/img000247.jpg,lightbox,23.9227,10.4557,0.112965,0.870912,-0.0940653,0.468938
lightbox/images/img000248.jpg,lightbox,4.88826,8.83177,0.369182,0.726029,-0.346506,-0.465317
lightbox/images/img000249.jpg,lightbox,11.0059,4.63865,0.548201,0.0216071,0.826755,0.12444
lightbox/images/img000250.jpg,lightbox,15.0325,8.87554,0.85735,0.0499826,0.391518,-0.330405
lightbox/images/img000251.jpg,lightbox,10.4872,10.2329,0.347214,-0.362748,0.360412,-0.786104
lightbox/images/img000252.jpg,lightbox,16.8845,7.60029,0.271359,-0.135522,-0.890328,0.339579
lightbox/images/img000253.jpg,lightbox,5.11262,9.84561,0.582566,0.339411,-0.738407,-0.0131125
lightbox/images/img000254.jpg,lightbox,11.8924,3.00628,0.881868,-0.209554,0.166554,-0.388143
lightbox/images/img000255.jpg,lightbox,7.86689,6.11244,0.53193,0.0988249,0.576994,-0.611851
lightbox/images/img000256.jpg,lightbox,168.05,167.968,0.483249,0.398471,0.73118,-0.27031
lightbox/images/img000257.jpg,lightbox,21.1636,24.5709,0.889173,0.383898,-0.243969,-0.0497247
lightbox/images/img000258.jpg,lightbox,16.9035,13.764,0.262746,0.152205,0.884094,0.355214
lightbox/images/img000259.jpg,lightbox,60.4985,60.1648,0.2788,-0.584537,0.318079,0.692396
lightbox/images/img000260.jpg,lightbox,107.158,115.34,0.141016,-0.278452,0.7414,0.594058
lightbox/images/img000261.jpg,lightbox,29.3286,25.7675,0.0878598,0.344773,0.584425,-0.729287
lightbox/images/img000262.jpg,lightbox,11.193,4.7499,0.276815,0.943436,0.165314,0.077284
lightbox/images/img000263.jpg,lightbox,152.911,160.853,0.142479,-0.329066,0.923359,0.137196
lightbox/images/img000264.jpg,lightbox,10.9684,11.9826,0.23213,-0.376577,0.88867,-0.120711
lightbox/images/img000265.jpg,lightbox,8.50715,5.05141,0.778299,0.264188,0.552217,0.139686
lightbox/images/img000266.jpg,lightbox,8.37863,1.64147,0.370016,-0.344754,0.43835,0.743022
lightbox/images/img000267.jpg,lightbox,130.156,138.545,0.437653,-0.453914,0.552453,-0.545177
lightbox/images/img000268.jpg,lightbox,12.3149,14.2331,0.239007,0.936924,0.191007,-0.169013
lightbox/images/img000269.jpg,lightbox,9.10732,8.4592,0.721128,-0.334998,-0.158563,-0.585327
lightbox/images/img000270.jpg,lightbox,11.0177,7.82434,0.0726681,-0.717029,-0.258581,-0.643214
lightbox/images/img000271.jpg,lightbox,15.1897,13.2034,0.925194,-0.0234571,0.183215,-0.331508
lightbox/images/img000272.jpg,lightbox,14.0896,15.1908,0.745696,0.145938,-0.48677,0.430923
lightbox/images/img000273.jpg,lightbox,7.30319,4.9549,0.51185,-0.846074,-0.093113,-0.116183
lightbox/images/img000274.jpg,lightbox,6.16288,1.34967,0.401404,0.4336,-0.740131,-0.321046
lightbox/images/img000275.jpg,lightbox,93.9132,85.3747,0.276572,0.172739,-0.61606,-0.717035
lightbox/images/img000276.jpg,lightbox,16.0797,18.934,0.680105,-0.322852,0.445336,0.484664
lightbox/images/img000277.jpg,lightbox,4.44694,7.69231,0.290567,0.603069,0.712525,-0.210205
lightbox/images/img000278.jpg,lightbox,11.3552,3.9267,0.338262,-0.663482,0.66383,0.0685549
lightbox/images/img000279.jpg,lightbox,174.348,177.33,0.46631,-0.716858,0.307504,-0.417266
lightbox/images/img000280.jpg,lightbox,9.15033,4.91079,0.273717,-0.0785046,0.932694,-0.221353
lightbox/images/img000281.jpg,lightbox,9.21838,6.41176,0.566074,0.170589,-0.362942,0.720231
lightbox/images/img000282.jpg,lightbox,10.8668,3.94388,0.747321,0.575341,0.272779,0.189961
lightbox/images/img000283.jpg,lightbox,8.16044,5.73513,0.279615,-0.22656,0.256052,-0.897175
lightbox/images/img000284.jpg,lightbox,3.30038,2.88919,0.462283,0.861202,0.18521,-0.101604
lightbox/images/img000285.jpg,lightbox,21.196,7.4159,0.325588,0.378142,0.801026,0.330694
lightbox/images/img000286.jpg,lightbox,89.219,93.0551,0.379045,-0.709596,0.524712,-0.278345
lightbox/images/img000287.jpg,lightbox,179.409,179.76,0.487408,0.394115,0.480063,-0.613715
lightbox/images/img000288.jpg,lightbox,11.0041,7.64193,0.842512,-0.192735,-0.0666035,-0.498589
lightbox/images/img000289.jpg,lightbox,14.8137,10.0042,0.032084,0.858076,-0.403878,-0.31553
lightbox/images/img000290.jpg,lightbox,10.9021,1.8086,0.308188,-0.739355,-0.287616,-0.525025
lightbox/images/img000291.jpg,lightbox,10.0276,10.9243,0.715351,-0.273921,0.432589,0.475508
lightbox/images/img000292.jpg,lightbox,4.68858,3.19498,0.139757,-0.768988,0.12723,-0.610687
lightbox/images/img000293.jpg,lightbox,7.38278,4.70408,0.283599,0.0141835,-0.845912,0.451445
lightbox/images/img000294.jpg,lightbox,80.768,83.6026,0.35887,-0.645622,-0.265325,-0.619667
lightbox/images/img000295.jpg,lightbox,7.64612,5.64426,0.210598,-0.756116,-0.584397,-0.205956
lightbox/images/img000296.jpg,lightbox,52.477,45.8512,0.403245,0.4209,-0.341156,0.737462
lightbox/images/img000297.jpg,lightbox,171.952,172.108,0.497555,0.708946,-0.474522,0.15705
lightbox/images/img000298.jpg,lightbox,151.29,158.076,0.148784,0.939753,0.272085,0.143866
lightbox/images/img000299.jpg,lightbox,17.5014,19.2084,0.510932,-0.629934,0.41597,-0.411217
lightbox/images/img000300.jpg,lightbox,10.9279,4.76208,0.734689,-0.555424,0.27136,-0.279466
sunlamp/images/img000001.jpg,sunlamp,15.7851,15.5151,0.938588,-0.0307009,0.310502,0.147301
sunlamp/images/img000002.jpg,sunlamp,165.375,169.141,0.676115,0.0656163,0.0638773,0.731083
sunlamp/images/img000003.jpg,sunlamp,3.85142,6.34838,0.542031,0.783069,0.205062,0.225734
sunlamp/images/img000004.jpg,sunlamp,149.121,147.534,0.510398,0.607178,0.497495,0.35118
sunlamp/images/img000005.jpg,sunlamp,162.738,165.895,0.564854,0.594038,-0.492008,0.293236
sunlamp/images/img000006.jpg,sunlamp,8.42685,13.2711,0.375191,0.869638,0.115462,-0.299382
sunlamp/images/img000007.jpg,sunlamp,145.226,156.235,0.630204,0.268984,0.685008,-0.247499
sunlamp/images/img000008.jpg,sunlamp,4.49974,5.86315,0.274291,-0.808776,-0.315849,0.413384
sunlamp/images/img000009.jpg,sunlamp,172.856,171.137,0.483615,0.220847,-0.846889,0.0110558
sunlamp/images/img000010.jpg,sunlamp,74.3029,75.499,0.501413,-0.513423,-0.473207,-0.510938
sunlamp/images/img000011.jpg,sunlamp,21.0346,21.0066,0.935046,-0.1939,-0.0996862,0.279561
sunlamp/images/img000012.jpg,sunlamp,10.4561,8.95765,0.126046,0.640812,0.668068,-0.356591
sunlamp/images/img000013.jpg,sunlamp,80.505,74.8471,0.214998,-0.696685,0.558459,0.395638
sunlamp/images/img000014.jpg,sunlamp,171.302,172.412,0.432746,0.667488,0.392243,0.461884
sunlamp/images/img000015.jpg,sunlamp,74.233,66.1985,0.624914,-0.183338,-0.315715,-0.690068
sunlamp/images/img000016.jpg,sunlamp,95.3604,93.3997,0.272981,0.150716,-0.0980271,0.94507
sunlamp/images/img000017.jpg,sunlamp,9.09323,10.1287,0.47767,-0.712406,-0.511302,-0.0536519
sunlamp/images/img000018.jpg,sunlamp,94.0038,84.8167,0.488596,-0.827421,-0.269129,0.0649485
sunlamp/images/img000019.jpg,sunlamp,9.47258,9.38049,0.825707,0.413172,0.382638,-0.032934
sunlamp/images/img000020.jpg,sunlamp,154.837,150.6,0.0323165,0.924443,-0.301754,-0.230882
sunlamp/images/img000021.jpg,sunlamp,15.0944,6.12959,0.152531,-0.399483,0.896611,-0.115051
sunlamp/images/img000022.jpg,sunlamp,3.84635,5.08462,0.218674,0.20162,0.232303,0.926049
sunlamp/images/img000023.jpg,sunlamp,6.82681,2.80935,0.269115,0.415142,-0.800845,-0.337464
sunlamp/images/img000024.jpg,sunlamp,165.702,164.363,0.427219,0.812952,-0.315269,0.239164
sunlamp/images/img000025.jpg,sunlamp,117.372,109.616,0.315218,-0.313754,0.0254062,0.895294
sunlamp/images/img000026.jpg,sunlamp,171.569,154.628,0.551508,-0.780233,-0.197865,-0.218919
sunlamp/images/img000027.jpg,sunlamp,61.751,65.736,0.588023,-0.497834,-0.43888,0.462358
sunlamp/images/img000028.jpg,sunlamp,6.52547,8.3924,0.375332,0.915135,0.132911,0.0631539
sunlamp/images/img000029.jpg,sunlamp,31.5001,35.075,0.866419,-0.159069,0.162842,0.444408
sunlamp/images/img000030.jpg,sunlamp,27.8534,22.259,0.696718,-0.672165,-0.178635,0.175692
sunlamp/images/img000031.jpg,sunlamp,13.77,6.44894,0.193078,0.0572695,0.894444,0.399264
sunlamp/images/img000032.jpg,sunlamp,4.39461,6.66858,0.0799709,-0.943239,0.14536,-0.287706
sunlamp/images/img000033.jpg,sunlamp,21.4147,20.7702,0.411318,0.156664,0.125566,-0.889105
sunlamp/images/img000034.jpg,sunlamp,14.5093,10.0278,0.418749,-0.905562,0.0494021,0.0465512
sunlamp/images/img000035.jpg,sunlamp,4.16959,7.83643,0.937081,0.0238877,-0.348265,-0.00436667
sunlamp/images/img000036.jpg,sunlamp,19.7116,17.3048,0.984751,0.0757745,0.103886,-0.117185
sunlamp/images/img000037.jpg,sunlamp,156.451,156.778,0.529976,-0.804842,0.190842,-0.186909
sunlamp/images/img000038.jpg,sunlamp,115.366,112.588,0.675211,-0.325668,-0.606514,0.264897
sunlamp/images/img000039.jpg,sunlamp,172.655,167.33,0.446353,-0.637626,0.0719447,0.623719
sunlamp/images/img000040.jpg,sunlamp,19.5788,15.1041,0.445889,-0.791889,-0.161288,0.384812
sunlamp/images/img000041.jpg,sunlamp,14.633,4.16405,0.367486,0.514191,-0.0235641,-0.774601
sunlamp/images/img000042.jpg,sunlamp,64.4794,66.3457,0.133004,-0.414487,-0.654028,-0.618675
sunlamp/images/img000043.jpg,sunlamp,9.25525,15.0375,0.944133,-0.284305,0.160129,-0.0462898
sunlamp/images/img000044.jpg,sunlamp,165.871,158.976,0.354357,-0.407834,-0.572491,0.61673
sunlamp/images/img000045.jpg,sunlamp,85.0827,90.1221,0.26588,-0.174798,0.88492,0.340104
sunlamp/images/img000046.jpg,sunlamp,7.2282,5.76635,0.0388675,0.137055,-0.985205,-0.0952744
sunlamp/images/img000047.jpg,sunlamp,70.9958,70.8494,0.682742,-0.656753,-0.319684,-0.0184903
sunlamp/images/img000048.jpg,sunlamp,54.4481,45.0473,0.319353,0.339289,0.117648,-0.876958
sunlamp/images/img000049.jpg,sunlamp,26.8907,14.9022,0.689261,-0.661018,0.246663,-0.16472
sunlamp/images/img000050.jpg,sunlamp,164.465,160.054,0.0801107,0.456933,-0.115188,-0.878366
sunlamp/images/img000051.jpg,sunlamp,14.8584,9.72538,0.766191,0.458907,0.445964,-0.0589255
sunlamp/images/img000052.jpg,sunlamp,155.127,154.561,0.205403,-0.403296,0.828653,0.329389
sunlamp/images/img000053.jpg,sunlamp,169.915,167.91,0.055086,0.250931,-0.235015,0.937426
sunlamp/images/img000054.jpg,sunlamp,178.115,176.676,0.122623,-0.660409,0.738811,-0.0546034
sunlamp/images/img000055.jpg,sunlamp,20.128,26.8269,0.972103,-0.12265,0.187782,-0.0686343
sunlamp/images/img000056.jpg,sunlamp,4.53268,7.28051,0.117716,-0.337545,0.70263,-0.615238
sunlamp/images/img000057.jpg,sunlamp,12.7521,5.20298,0.533626,0.800146,0.178836,-0.207429
sunlamp/images/img000058.jpg,sunlamp,81.8969,89.1462,0.353928,0.905494,-0.036495,-0.231268
sunlamp/images/img000059.jpg,sunlamp,14.8455,7.81877,0.322944,0.0753774,-0.586453,0.738985
sunlamp/images/img000060.jpg,sunlamp,3.93772,0.564552,0.524929,-0.250163,-0.320456,0.747781
sunlamp/images/img000061.jpg,sunlamp,93.8777,96.3922,0.165929,-0.737591,0.2137,0.618675
sunlamp/images/img000062.jpg,sunlamp,9.04389,10.8819,0.331237,0.451936,-0.602846,-0.56799
sunlamp/images/img000063.jpg,sunlamp,102.693,105.735,0.768723,-0.290199,0.46128,0.334769
sunlamp/images/img000064.jpg,sunlamp,146.025,151.631,0.464268,-0.527959,0.25508,0.663814
sunlamp/images/img000065.jpg,sunlamp,170.876,172.554,0.172094,0.32376,0.930342,-0.00521048
sunlamp/images/img000066.jpg,sunlamp,22.6284,17.1893,0.217721,-0.034505,0.419377,0.880642
sunlamp/images/img000067.jpg,sunlamp,13.7418,8.71992,0.199813,-0.656252,0.594554,-0.419421
sunlamp/images/img000068.jpg,sunlamp,24.641,23.5396,0.847491,-0.315781,0.292666,-0.310464
sunlamp/images/img000069.jpg,sunlamp,93.3092,91.3401,0.759644,-0.495585,0.378963,0.183641
sunlamp/images/img000070.jpg,sunlamp,3.71591,3.92506,0.913988,0.388101,-0.0440302,0.109841
sunlamp/images/img000071.jpg,sunlamp,106.153,101.564,0.825538,0.467065,0.169252,0.267753
sunlamp/images/img000072.jpg,sunlamp,16.1516,6.91161,0.324655,-0.411695,-0.0404423,-0.850571
sunlamp/images/img000073.jpg,sunlamp,18.1811,4.34327,0.747773,0.233912,0.569874,0.247718
sunlamp/images/img000074.jpg,sunlamp,12.8342,5.69671,0.193716,0.307159,0.860777,0.356637
sunlamp/images/img000075.jpg,sunlamp,32.6767,30.0317,0.666256,-0.618319,0.416167,0.0242681
sunlamp/images/img000076.jpg,sunlamp,16.1425,14.5823,0.518511,0.121486,-0.142392,-0.834333
sunlamp/images/img000077.jpg,sunlamp,103.583,101.954,0.562631,-0.274074,0.575303,0.526646
sunlamp/images/img000078.jpg,sunlamp,9.44139,7.75683,0.651946,-0.43316,-0.356318,-0.510271
sunlamp/images/img000079.jpg,sunlamp,8.2177,9.838,0.118354,-0.510167,0.850529,-0.0481949
sunlamp/images/img000080.jpg,sunlamp,15.9119,21.8808,0.487602,0.688616,0.476008,-0.247928
sunlamp/images/img000081.jpg,sunlamp,178.536,172.701,0.136475,0.376559,-0.757713,-0.515217
sunlamp/images/img000082.jpg,sunlamp,74.7409,83.2311,0.440838,-0.683485,-0.184835,-0.551675
sunlamp/images/img000083.jpg,sunlamp,17.01,10.3966,0.196097,0.769848,0.169748,-0.583151
sunlamp/images/img000084.jpg,sunlamp,17.9694,15.88,0.279839,-0.719246,0.262187,0.579338
sunlamp/images/img000085.jpg,sunlamp,16.3418,14.5262,0.877595,0.0369522,0.233907,-0.416832
sunlamp/images/img000086.jpg,sunlamp,176.254,172.732,0.634137,-0.0192264,0.109492,-0.765188
sunlamp/images/img000087.jpg,sunlamp,162.326,169.08,0.214319,0.726077,-0.593292,0.27365
sunlamp/images/img000088.jpg,sunlamp,90.5823,88.4933,0.386986,0.214519,0.80405,0.397148
sunlamp/images/img000089.jpg,sunlamp,130.328,124.051,0.290126,-0.589388,0.319733,0.682803
sunlamp/images/img000090.jpg,sunlamp,168.96,169.125,0.0582084,0.841228,0.434691,0.316214
sunlamp/images/img000091.jpg,sunlamp,120.315,122.034,0.125855,-0.224757,-0.668299,0.697869
sunlamp/images/img000092.jpg,sunlamp,150.171,148.082,0.26082,-0.497779,-0.784031,-0.263599
sunlamp/images/img000093.jpg,sunlamp,130.995,127.944,0.554181,-0.537041,0.587148,-0.244393
sunlamp/images/img000094.jpg,sunlamp,15.0421,14.0988,0.0555933,0.868362,-0.379554,-0.314317
sunlamp/images/img000095.jpg,sunlamp,103.367,109.089,0.350074,0.346076,0.751112,0.439898
sunlamp/images/img000096.jpg,sunlamp,19.1463,18.23,0.389376,0.236546,-0.889609,-0.0320703
sunlamp/images/img000097.jpg,sunlamp,88.8127,89.4331,0.0445743,0.919858,0.0978289,-0.377231
sunlamp/images/img000098.jpg,sunlamp,138.048,135.842,0.592557,0.231778,0.732556,-0.241901
sunlamp/images/img000099.jpg,sunlamp,97.1814,106.612,0.762058,-0.368896,0.171117,0.503887
sunlamp/images/img000100.jpg,sunlamp,89.862,83.8741,0.568131,0.593957,0.376321,-0.42758
sunlamp/images/img000101.jpg,sunlamp,11.9652,6.44716,0.725125,-0.167833,0.0308742,-0.667138
sunlamp/images/img000102.jpg,sunlamp,177.234,172.306,0.0958923,0.235763,-0.0702309,-0.964514
sunlamp/images/img000103.jpg,sunlamp,17.6317,16.155,0.761442,-0.178737,-0.489275,-0.385836
sunlamp/images/img000104.jpg,sunlamp,11.8883,9.18264,0.231365,-0.735113,0.588166,-0.245233
sunlamp/images/img000105.jpg,sunlamp,178.365,178.262,0.27734,0.336068,-0.539557,-0.72043
sunlamp/images/img000106.jpg,sunlamp,8.5961,7.56372,0.294933,0.817817,-0.435891,0.232787
sunlamp/images/img000107.jpg,sunlamp,92.8402,97.8684,0.922544,-0.2616,0.269289,-0.0892278
sunlamp/images/img000108.jpg,sunlamp,158.076,150.661,0.171682,0.441576,0.779567,0.409647
sunlamp/images/img000109.jpg,sunlamp,171.222,171.447,0.388982,0.906453,0.0739758,-0.146845
sunlamp/images/img000110.jpg,sunlamp,10.584,8.22767,0.11636,0.873825,0.469168,0.052652
sunlamp/images/img000111.jpg,sunlamp,170.969,179.068,0.327381,-0.738175,-0.589229,0.0269935
sunlamp/images/img000112.jpg,sunlamp,84.8342,85.4886,0.313661,0.0646757,-0.440938,0.838456
sunlamp/images/img000113.jpg,sunlamp,6.51366,13.6318,0.641166,0.112411,-0.600553,-0.464335
sunlamp/images/img000114.jpg,sunlamp,12.6332,14.8611,0.928321,-0.116117,0.345641,0.0725941
sunlamp/images/img000115.jpg,sunlamp,12.5436,9.71464,0.0393491,0.9606,0.213633,0.173378
sunlamp/images/img000116.jpg,sunlamp,11.7173,3.79962,0.0694508,-0.607459,-0.642905,-0.46135
sunlamp/images/img000117.jpg,sunlamp,14.1021,10.1341,0.466972,0.516258,-0.648254,0.308515
sunlamp/images/img000118.jpg,sunlamp,93.4144,89.2847,0.58553,0.644447,-0.487769,-0.0626496
sunlamp/images/img000119.jpg,sunlamp,2.9848,4.61905,0.23674,-0.668393,0.526528,-0.469012
sunlamp/images/img000120.jpg,sunlamp,12.7211,16.3721,0.987604,-0.0491101,0.13698,0.0588513
sunlamp/images/img000121.jpg,sunlamp,45.776,40.6975,0.157274,-0.763077,0.37844,0.499762
sunlamp/images/img000122.jpg,sunlamp,13.1701,4.63402,0.80839,-0.579486,-0.080789,0.0646096
sunlamp/images/img000123.jpg,sunlamp,177.958,174.476,0.193023,-0.851804,0.191755,0.447664
sunlamp/images/img000124.jpg,sunlamp,83.4278,85.3232,0.106404,0.455126,-0.214118,0.857725
sunlamp/images/img000125.jpg,sunlamp,3.37213,2.8864,0.866092,-0.0544219,-0.267712,0.418632
sunlamp/images/img000126.jpg,sunlamp,102.608,101.632,0.571655,0.180698,0.734445,-0.318038
sunlamp/images/img000127.jpg,sunlamp,10.4692,6.62803,0.0216136,0.904479,-0.309888,0.292266
sunlamp/images/img000128.jpg,sunlamp,179.916,179.187,0.163532,-0.381047,-0.826132,0.381531
sunlamp/images/img000129.jpg,sunlamp,11.506,6.18725,0.210335,-0.774113,-0.442891,0.400446
sunlamp/images/img000130.jpg,sunlamp,43.8757,49.665,0.649198,-0.217156,-0.717326,-0.129722
sunlamp/images/img000131.jpg,sunlamp,8.73885,5.15079,0.720075,-0.482768,-0.467498,0.172836
sunlamp/images/img000132.jpg,sunlamp,166.745,165.949,0.220765,-0.57708,-0.777544,0.116901
sunlamp/images/img000133.jpg,sunlamp,32.2171,32.5395,0.0155693,0.26718,-0.0881018,0.959485
sunlamp/images/img000134.jpg,sunlamp,93.6411,89.3762,0.63036,-0.701233,0.315836,-0.105672
sunlamp/images/img000135.jpg,sunlamp,115.466,113.194,0.738956,-0.262053,-0.353088,-0.510491
sunlamp/images/img000136.jpg,sunlamp,174.461,176.744,0.684138,-0.41159,-0.367024,-0.477328
sunlamp/images/img000137.jpg,sunlamp,16.3394,14.351,0.309718,0.138075,0.801472,-0.492598
sunlamp/images/img000138.jpg,sunlamp,28.7812,15.5713,0.0380156,-0.653025,-0.730902,-0.194667
sunlamp/images/img000139.jpg,sunlamp,12.2243,6.22792,0.227565,0.392021,0.889509,-0.057512
sunlamp/images/img000140.jpg,sunlamp,168.627,171.481,0.264904,-0.764842,-0.581249,-0.0836149
sunlamp/images/img000141.jpg,sunlamp,15.8777,13.3524,0.0782789,0.298253,-0.937106,-0.163552
sunlamp/images/img000142.jpg,sunlamp,146.614,149.106,0.0685197,0.695521,0.675908,0.233889
sunlamp/images/img000143.jpg,sunlamp,100.767,104.525,0.485691,-0.528774,-0.369215,-0.59007
sunlamp/images/img000144.jpg,sunlamp,9.26724,8.23029,0.116799,-0.197404,-0.949235,-0.215275
sunlamp/images/img000145.jpg,sunlamp,20.0557,16.2124,0.74711,0.00472876,-0.075236,-0.660412
sunlamp/images/img000146.jpg,sunlamp,66.7586,65.0287,0.578059,0.316804,-0.690552,0.297694
sunlamp/images/img000147.jpg,sunlamp,26.6182,16.993,0.570315,-0.452222,-0.0999443,0.678415
sunlamp/images/img000148.jpg,sunlamp,18.8813,13.0466,0.512254,-0.83825,-0.0181674,0.186018
sunlamp/images/img000149.jpg,sunlamp,11.6228,17.8218,0.307369,0.670276,-0.66187,-0.134845
sunlamp/images/img000150.jpg,sunlamp,157.376,156.678,0.12053,-0.991987,0.0378672,0.000577026
sunlamp/images/img000151.jpg,sunlamp,8.26097,11.9055,0.440879,0.411745,-0.671426,-0.430441
sunlamp/images/img000152.jpg,sunlamp,8.45202,13.4831,0.120252,0.925686,-0.308068,-0.183683
sunlamp/images/img000153.jpg,sunlamp,22.3008,18.7394,0.0410729,0.0533825,-0.703559,0.707437
sunlamp/images/img000154.jpg,sunlamp,24.9878,21.1894,0.839328,-0.509457,-0.0381688,-0.18581
sunlamp/images/img000155.jpg,sunlamp,19.1714,19.3761,0.620411,-0.736447,-0.0918731,-0.253566
sunlamp/images/img000156.jpg,sunlamp,13.6284,6.86392,0.190204,0.737531,-0.63029,-0.150351
sunlamp/images/img000157.jpg,sunlamp,31.803,26.6012,0.944871,-0.167688,0.167871,0.225652
sunlamp/images/img000158.jpg,sunlamp,160.942,168.404,0.749814,-0.156163,-0.610732,0.200995
sunlamp/images/img000159.jpg,sunlamp,8.62912,15.7709,0.87378,0.110373,0.372514,0.292506
sunlamp/images/img000160.jpg,sunlamp,15.129,12.8252,0.373714,0.911172,0.102055,-0.140315
sunlamp/images/img000161.jpg,sunlamp,155.447,155.11,0.357213,-0.864816,-0.334841,-0.111235
sunlamp/images/img000162.jpg,sunlamp,11.7983,7.14066,0.0576287,-0.867901,0.493379,0.00211143
sunlamp/images/img000163.jpg,sunlamp,16.8976,14.3411,0.375304,0.725166,0.426766,-0.388783
sunlamp/images/img000164.jpg,sunlamp,86.0767,80.16,0.664313,0.354956,0.22358,0.618632
sunlamp/images/img000165.jpg,sunlamp,20.9975,5.05758,0.0119813,-0.624815,-0.767927,-0.140537
sunlamp/images/img000166.jpg,sunlamp,173.224,166.601,0.330685,-0.690794,-0.525848,0.370046
sunlamp/images/img000167.jpg,sunlamp,147.999,151.938,0.129156,-0.161438,0.949611,-0.235576
sunlamp/images/img000168.jpg,sunlamp,26.3449,21.6424,0.0733745,-0.909975,-0.381651,-0.144583
sunlamp/images/img000169.jpg,sunlamp,20.158,15.3586,0.0460956,0.941512,0.151857,0.29727
sunlamp/images/img000170.jpg,sunlamp,88.3295,91.0725,0.312565,-0.0382665,0.940848,0.125074
sunlamp/images/img000171.jpg,sunlamp,12.9005,1.06249,0.0876975,0.648757,0.58856,-0.474364
sunlamp/images/img000172.jpg,sunlamp,159.014,158.195,0.00198812,0.875426,-0.463432,-0.137318
sunlamp/images/img000173.jpg,sunlamp,12.1956,8.23652,0.158376,-0.134712,0.95463,0.213195
sunlamp/images/img000174.jpg,sunlamp,15.5771,14.5594,0.208022,0.782867,0.373344,0.452173
sunlamp/images/img000175.jpg,sunlamp,18.781,22.9047,0.09847,-0.805792,-0.43014,0.394945
sunlamp/images/img000176.jpg,sunlamp,4.42774,7.78005,0.161451,-0.624073,-0.72619,-0.238988
sunlamp/images/img000177.jpg,sunlamp,115.578,118.423,0.212362,0.707876,-0.390503,0.548928
sunlamp/images/img000178.jpg,sunlamp,16.5541,20.5969,0.14894,-0.431625,0.43866,-0.774012
sunlamp/images/img000179.jpg,sunlamp,15.5264,11.0079,0.497861,-0.411875,0.763211,-0.00134684
sunlamp/images/img000180.jpg,sunlamp,88.2893,91.6559,0.115919,0.67333,-0.706172,-0.185772
sunlamp/images/img000181.jpg,sunlamp,13.6325,15.2242,0.126313,0.34327,0.156928,0.917379
sunlamp/images/img000182.jpg,sunlamp,164.557,162.079,0.0605941,0.387832,0.818537,0.419418
sunlamp/images/img000183.jpg,sunlamp,13.8772,7.76373,0.0436057,0.903871,0.400068,-0.145129
sunlamp/images/img000184.jpg,sunlamp,176.016,178.377,0.554727,-0.685122,-0.317965,0.348976
sunlamp/images/img000185.jpg,sunlamp,38.5614,33.3047,0.461177,-0.0448756,0.0821502,-0.882357
sunlamp/images/img000186.jpg,sunlamp,175.303,178.051,0.856608,-0.157443,-0.0623564,-0.487387
sunlamp/images/img000187.jpg,sunlamp,176.258,175.4,0.256656,-5.35607e-05,0.287795,-0.92266
sunlamp/images/img000188.jpg,sunlamp,10.085,8.84787,0.195705,0.576666,0.682055,-0.404917
sunlamp/images/img000189.jpg,sunlamp,82.3044,90.453,0.637975,-0.512335,-0.418892,0.393739
sunlamp/images/img000190.jpg,sunlamp,26.7536,27.7431,0.780111,0.420687,0.122083,-0.446704
sunlamp/images/img000191.jpg,sunlamp,11.4085,17.1694,0.0410514,0.308048,0.935246,0.169515
sunlamp/images/img000192.jpg,sunlamp,14.6426,2.72657,0.164979,-0.807704,-0.563827,0.0499538
sunlamp/images/img000193.jpg,sunlamp,7.39441,6.34056,0.48627,0.709897,-0.500063,-0.097596
sunlamp/images/img000194.jpg,sunlamp,9.79864,1.34413,0.337498,0.524843,0.585363,0.517673
sunlamp/images/img000195.jpg,sunlamp,5.57871,2.27736,0.563103,0.198369,-0.796478,0.0958513
sunlamp/images/img000196.jpg,sunlamp,86.96,89.4212,0.521087,0.848294,0.0585285,-0.0737533
sunlamp/images/img000197.jpg,sunlamp,6.58686,1.24278,0.352967,0.767113,0.491089,0.213971
sunlamp/images/img000198.jpg,sunlamp,4.40502,6.25299,0.389913,-0.606747,0.355917,-0.594264
sunlamp/images/img000199.jpg,sunlamp,98.6779,88.2123,0.396581,-0.871805,0.0422087,0.284427
sunlamp/images/img000200.jpg,sunlamp,74.7153,74.0582,0.321653,0.0524478,0.815641,-0.478036
sunlamp/images/img000201.jpg,sunlamp,12.3199,7.06879,0.663593,-0.209859,-0.260159,-0.669269
sunlamp/images/img000202.jpg,sunlamp,166.854,168.108,0.732873,-0.291183,-0.175696,0.589271
sunlamp/images/img000203.jpg,sunlamp,7.01465,6.51242,0.0539066,0.333682,-0.91442,0.222678
sunlamp/images/img000204.jpg,sunlamp,107.946,102.307,0.632906,-0.24967,-0.689422,-0.248581
sunlamp/images/img000205.jpg,sunlamp,105.085,105.107,0.175903,-0.717363,0.40431,-0.539427
sunlamp/images/img000206.jpg,sunlamp,90.5763,86.222,0.833461,0.230926,0.422813,-0.270638
sunlamp/images/img000207.jpg,sunlamp,120.917,121.674,0.0570177,0.247931,-0.961257,-0.10613
sunlamp/images/img000208.jpg,sunlamp,10.9678,6.14051,0.345583,-0.0437114,0.904545,0.245887
sunlamp/images/img000209.jpg,sunlamp,12.1609,8.8301,0.285209,0.792723,0.322369,0.431652
sunlamp/images/img000210.jpg,sunlamp,22.1471,16.8936,0.749988,-0.596412,-0.162881,0.23512
sunlamp/images/img000211.jpg,sunlamp,174.582,176.96,0.00981719,-0.0770583,0.797123,-0.5988
sunlamp/images/img000212.jpg,sunlamp,23.4599,18.5281,0.735691,-0.0496095,-0.600371,-0.3096
sunlamp/images/img000213.jpg,sunlamp,65.0436,63.4968,0.174122,-0.51582,-0.168503,-0.821717
sunlamp/images/img000214.jpg,sunlamp,20.4201,21.3054,0.235921,-0.950376,0.141509,0.145263
sunlamp/images/img000215.jpg,sunlamp,24.654,21.795,0.306132,0.372257,-0.874371,-0.0564236
sunlamp/images/img000216.jpg,sunlamp,12.68,3.18593,0.0271577,0.635362,0.766598,0.0889141
sunlamp/images/img000217.jpg,sunlamp,16.1052,15.5496,0.499704,0.115832,-0.858096,-0.0234596
sunlamp/images/img000218.jpg,sunlamp,37.4018,37.022,0.774862,0.354574,-0.0538262,0.520546
sunlamp/images/img000219.jpg,sunlamp,8.50572,9.29027,0.400321,0.262114,0.856748,-0.192412
sunlamp/images/img000220.jpg,sunlamp,23.3962,17.8389,0.168572,-0.0788235,0.908862,-0.373283
sunlamp/images/img000221.jpg,sunlamp,133.758,137.384,0.193078,0.761351,-0.0641951,0.615584
sunlamp/images/img000222.jpg,sunlamp,174.387,175.017,0.264374,-0.962707,0.0493339,-0.0294758
sunlamp/images/img000223.jpg,sunlamp,178.638,178.631,0.859596,0.106533,0.499629,0.0107661
sunlamp/images/img000224.jpg,sunlamp,5.35843,8.15113,0.286573,-0.628218,0.69776,0.190658
sunlamp/images/img000225.jpg,sunlamp,9.51974,12.5976,0.442895,-0.446615,-0.298089,-0.717998
sunlamp/images/img000226.jpg,sunlamp,14.5381,14.6873,0.186429,-0.974605,-0.0163779,-0.122967
sunlamp/images/img000227.jpg,sunlamp,177.906,178.801,0.0792368,-0.900895,0.370318,0.212073
sunlamp/images/img000228.jpg,sunlamp,8.98301,8.18075,0.0779165,-0.184585,0.974851,0.0975901
sunlamp/images/img000229.jpg,sunlamp,146.542,138.235,0.247902,-0.405323,-0.694314,0.540542
sunlamp/images/img000230.jpg,sunlamp,8.44558,8.21837,0.448784,0.283884,-0.846432,0.0394387
sunlamp/images/img000231.jpg,sunlamp,13.9781,9.71533,0.0255469,-0.5332,-0.768515,0.352747
sunlamp/images/img000232.jpg,sunlamp,175.7,168.044,0.859134,0.0275299,0.510225,-0.0283017
sunlamp/images/img000233.jpg,sunlamp,25.4951,15.6172,0.820809,0.125865,-0.30094,0.468898
sunlamp/images/img000234.jpg,sunlamp,22.7192,17.4992,0.925752,0.253208,0.0815862,-0.268724
sunlamp/images/img000235.jpg,sunlamp,100.589,97.8572,0.465876,-0.482552,-0.632989,-0.386558
sunlamp/images/img000236.jpg,sunlamp,93.5252,90.3996,0.446618,0.577275,0.559877,-0.392204
sunlamp/images/img000237.jpg,sunlamp,3.55502,3.37489,0.0119822,0.758508,-0.536825,-0.369245
sunlamp/images/img000238.jpg,sunlamp,175.545,174.763,0.690662,0.229657,0.684366,-0.0434386
sunlamp/images/img000239.jpg,sunlamp,13.4456,13.8718,0.704446,-0.27446,0.118215,0.64378
sunlamp/images/img000240.jpg,sunlamp,8.33481,3.15855,0.30333,0.672445,0.631016,0.240058
sunlamp/images/img000241.jpg,sunlamp,9.99279,3.6394,0.368999,0.376186,0.565518,0.634439
sunlamp/images/img000242.jpg,sunlamp,172.653,179.039,0.491844,0.0907542,-0.634102,0.589719
sunlamp/images/img000243.jpg,sunlamp,16.3109,6.0575,0.390799,0.320775,0.804162,0.312575
sunlamp/images/img000244.jpg,sunlamp,14.7196,3.94506,0.557964,0.537518,0.528247,0.347429
sunlamp/images/img000245.jpg,sunlamp,9.18618,14.1756,0.0973811,-0.0816089,0.323313,-0.937724
sunlamp/images/img000246.jpg,sunlamp,13.9012,17.358,0.135374,-0.309175,-0.935755,0.10221
sunlamp/images/img000247.jpg,sunlamp,162.661,158.395,0.0963847,-0.1098,0.964777,0.218769
sunlamp/images/img000248.jpg,sunlamp,9.3414,5.04464,0.0578765,-0.090594,0.878337,0.465798
sunlamp/images/img000249.jpg,sunlamp,11.6319,4.00704,0.723736,0.462383,-0.473056,0.196532
sunlamp/images/img000250.jpg,sunlamp,8.70433,10.2915,0.287584,0.323762,0.643768,0.630902
sunlamp/images/img000251.jpg,sunlamp,21.5628,6.68941,0.829309,-0.20143,-0.209018,0.477477
sunlamp/images/img000252.jpg,sunlamp,171.912,175.993,0.83124,0.376195,-0.115323,-0.392707
sunlamp/images/img000253.jpg,sunlamp,14.4346,13.5417,0.2488,-0.353189,0.888702,0.153508
sunlamp/images/img000254.jpg,sunlamp,24.6349,21.9247,0.973814,0.180896,-0.085016,-0.108327
sunlamp/images/img000255.jpg,sunlamp,133.013,127.608,0.425184,0.0956981,-0.734854,-0.519663
sunlamp/images/img000256.jpg,sunlamp,17.2102,11.9289,0.882724,-0.0814415,0.1985,-0.418047
sunlamp/images/img000257.jpg,sunlamp,147.1,152.933,0.0512626,-0.939324,0.324427,-0.0989434
sunlamp/images/img000258.jpg,sunlamp,63.1886,59.2576,0.665116,-0.50383,0.467677,-0.291642
sunlamp/images/img000259.jpg,sunlamp,38.9241,36.5353,0.336638,-0.273705,-0.177778,-0.883264
sunlamp/images/img000260.jpg,sunlamp,31.2114,25.2481,0.471988,-0.123661,0.801863,0.344894
sunlamp/images/img000261.jpg,sunlamp,161.127,171.752,0.810306,0.211118,0.542859,0.0643294
sunlamp/images/img000262.jpg,sunlamp,158.331,170.407,0.442566,-0.848065,-0.224496,0.185801
sunlamp/images/img000263.jpg,sunlamp,12.5768,11.5299,0.308472,-0.367863,-0.773432,0.413915
sunlamp/images/img000264.jpg,sunlamp,173.63,176.316,0.748369,0.576045,0.20977,0.253203
sunlamp/images/img000265.jpg,sunlamp,5.68221,9.55282,0.14397,0.0948529,0.169075,-0.970407
sunlamp/images/img000266.jpg,sunlamp,22.6224,14.6984,0.644825,0.304443,0.681032,-0.166466
sunlamp/images/img000267.jpg,sunlamp,9.15769,1.10592,0.509647,-0.770312,-0.171828,-0.342571
sunlamp/images/img000268.jpg,sunlamp,156.08,158.029,0.597282,0.568847,0.475731,0.305528
sunlamp/images/img000269.jpg,sunlamp,93.8204,94.6828,0.549784,-0.294067,0.343313,-0.702423
sunlamp/images/img000270.jpg,sunlamp,95.3449,95.8558,0.0703468,-0.777215,-0.596127,0.188734
sunlamp/images/img000271.jpg,sunlamp,13.0057,7.51264,0.319051,-0.0816964,0.580815,0.744437
sunlamp/images/img000272.jpg,sunlamp,13.8922,11.5841,0.597835,0.134373,-0.129698,-0.779561
sunlamp/images/img000273.jpg,sunlamp,62.2879,71.997,0.8094,-0.173705,-0.526601,-0.193364
sunlamp/images/img000274.jpg,sunlamp,174.327,174.45,0.971099,0.187099,0.125192,0.0792918
sunlamp/images/img000275.jpg,sunlamp,153.352,153.386,0.347536,0.511696,0.239728,-0.748276
sunlamp/images/img000276.jpg,sunlamp,153.546,152.409,0.527201,-0.666907,0.52654,-0.00700134
sunlamp/images/img000277.jpg,sunlamp,154.007,159.96,0.555963,0.163811,0.406536,-0.706258
sunlamp/images/img000278.jpg,sunlamp,126.752,120.08,0.143827,-0.414572,0.502326,0.745059
sunlamp/images/img000279.jpg,sunlamp,8.85245,3.85572,0.315538,-0.916781,0.0645767,0.236172
sunlamp/images/img000280.jpg,sunlamp,14.8514,13.6772,0.480039,0.0826501,-0.870315,0.0726849
sunlamp/images/img000281.jpg,sunlamp,175.152,175.727,0.45339,-0.694639,-0.549005,0.102508
sunlamp/images/img000282.jpg,sunlamp,10.4793,2.45355,0.491549,0.145494,-0.852787,0.099824
sunlamp/images/img000283.jpg,sunlamp,31.5877,26.8053,0.457155,0.169631,-0.0654338,-0.870605
sunlamp/images/img000284.jpg,sunlamp,18.2498,12.9564,0.126957,-0.778748,-0.614216,-0.0131136
sunlamp/images/img000285.jpg,sunlamp,13.6884,4.90901,0.26062,0.335073,-0.327529,0.844114
sunlamp/images/img000286.jpg,sunlamp,18.9629,14.801,0.638578,0.340021,0.548128,0.419714
sunlamp/images/img000287.jpg,sunlamp,168.009,169.588,0.236632,0.612208,-0.623382,0.424973
sunlamp/images/img000288.jpg,sunlamp,9.12976,3.27823,0.0497977,0.942032,0.248523,0.219846
sunlamp/images/img000289.jpg,sunlamp,158.392,158.827,0.554281,-0.272911,-0.499262,-0.607478
sunlamp/images/img000290.jpg,sunlamp,174.017,179.47,0.527785,0.244661,0.286372,0.761298
sunlamp/images/img000291.jpg,sunlamp,6.39114,5.9472,0.397648,0.447701,-0.769265,-0.222874
sunlamp/images/img000292.jpg,sunlamp,18.1608,16.411,0.715641,0.697861,0.00453258,-0.0287701
sunlamp/images/img000293.jpg,sunlamp,24.5198,19.2476,0.0107376,0.986055,0.165824,-0.00910242
sunlamp/images/img000294.jpg,sunlamp,133.713,130.12,0.306777,0.769624,0.369613,-0.420658
sunlamp/images/img000295.jpg,sunlamp,29.398,35.8592,0.0288909,-0.766395,0.0771283,-0.637068
sunlamp/images/img000296.jpg,sunlamp,162.551,175.77,0.242314,0.745058,0.610122,-0.118003
sunlamp/images/img000297.jpg,sunlamp,144.72,135.169,0.526486,0.50548,0.581773,0.358946
sunlamp/images/img000298.jpg,sunlamp,12.4946,17.3331,0.79613,0.0125257,0.5986,-0.0877419
sunlamp/images/img000299.jpg,sunlamp,9.35148,7.40329,0.452327,0.752596,0.117145,-0.46398
sunlamp/images/img000300.jpg,sunlamp,8.65249,5.56934,0.390365,-0.332776,0.574482,-0.637845
